t,event,seq,cwnd,srtt_ms,rto_ms,bytes_acked,info
0.000988,SEND,0,4.000,,200.000,0,
0.001077,SEND,1,4.000,,200.000,0,
0.001155,SEND,2,4.000,,200.000,0,
0.001228,SEND,3,4.000,,200.000,0,
0.001233,STATS,-1,4.000,,200.000,0,base=0 next=4
0.041557,ACK,1,4.250,,,1024,"cum ack, base->1"
0.044023,SEND,4,4.250,,200.000,1024,
0.050415,ACK,2,4.485,,,2048,"cum ack, base->2"
0.050438,ACK,3,4.708,,,3072,"cum ack, base->3"
0.050453,ACK,4,4.921,,,4096,"cum ack, base->4"
0.051669,SEND,5,4.921,,200.000,4096,
0.051767,SEND,6,4.921,,200.000,4096,
0.051863,SEND,7,4.921,,200.000,4096,
0.098500,ACK,5,5.124,,,5120,"cum ack, base->5"
0.098527,ACK,6,5.319,,,6144,"cum ack, base->6"
0.098546,ACK,7,5.507,,,7168,"cum ack, base->7"
0.098567,ACK,8,5.689,,,8192,"cum ack, base->8"
0.099685,SEND,8,5.689,,200.000,8192,
0.099815,SEND,9,5.689,,200.000,8192,
0.099940,SEND,10,5.689,,200.000,8192,
0.100065,SEND,11,5.689,,200.000,8192,
0.100190,SEND,12,5.689,,200.000,8192,
0.102713,STATS,-1,5.689,,200.000,8192,base=8 next=13
0.135565,ACK,9,5.864,,,9216,"cum ack, base->9"
0.138039,SEND,13,5.864,,200.000,9216,
0.148323,ACK,10,6.035,,,10240,"cum ack, base->10"
0.148354,ACK,11,6.201,,,11264,"cum ack, base->11"
0.148382,ACK,12,6.362,,,12288,"cum ack, base->12"
0.148406,ACK,13,6.519,,,13312,"cum ack, base->13"
0.150794,SEND,14,6.519,,200.000,13312,
0.150974,SEND,15,6.519,,200.000,13312,
0.151150,SEND,16,6.519,,200.000,13312,
0.151326,SEND,17,6.519,,200.000,13312,
0.151501,SEND,18,6.519,,200.000,13312,
0.192520,ACK,14,6.672,,,14336,"cum ack, base->14"
0.192689,ACK,15,6.822,,,15360,"cum ack, base->15"
0.192732,ACK,16,6.969,,,16384,"cum ack, base->16"
0.193539,SEND,19,6.969,,200.000,16384,
0.193887,SEND,20,6.969,,200.000,16384,
0.194096,SEND,21,6.969,,200.000,16384,
0.194590,ACK,17,7.112,,,17408,"cum ack, base->17"
0.196976,SEND,22,7.112,,200.000,17408,
0.197241,SEND,23,7.112,,200.000,17408,
0.200430,ACK,18,7.253,,,18432,"cum ack, base->18"
0.200492,ACK,19,7.391,,,19456,"cum ack, base->19"
0.202395,SEND,24,7.391,,200.000,19456,
0.202883,SEND,25,7.391,,200.000,19456,
0.202907,STATS,-1,7.391,,200.000,19456,base=19 next=26
0.260193,ACK,20,7.526,,,20480,"cum ack, base->20"
0.260685,SEND,26,7.526,,200.000,20480,
0.263299,ACK,21,7.659,,,21504,"cum ack, base->21"
0.263315,ACK,22,7.790,,,22528,"cum ack, base->22"
0.263330,ACK,23,7.918,,,23552,"cum ack, base->23"
0.263342,ACK,24,8.044,,,24576,"cum ack, base->24"
0.263353,ACK,25,8.169,,,25600,"cum ack, base->25"
0.263364,ACK,26,8.291,,,26624,"cum ack, base->26"
0.265792,SEND,27,8.291,,200.000,26624,
0.265879,SEND,28,8.291,,200.000,26624,
0.265964,SEND,29,8.291,,200.000,26624,
0.266048,SEND,30,8.291,,200.000,26624,
0.266134,SEND,31,8.291,,200.000,26624,
0.266219,SEND,32,8.291,,200.000,26624,
0.266304,SEND,33,8.291,,200.000,26624,
0.302516,ACK,27,8.412,,,27648,"cum ack, base->27"
0.303985,SEND,34,8.412,,200.000,27648,
0.304015,STATS,-1,8.412,,200.000,27648,base=27 next=35
0.318364,ACK,28,8.531,,,28672,"cum ack, base->28"
0.318428,ACK,29,8.648,,,29696,"cum ack, base->29"
0.318465,ACK,30,8.763,,,30720,"cum ack, base->30"
0.318589,ACK,31,8.878,,,31744,"cum ack, base->31"
0.318621,ACK,32,8.990,,,32768,"cum ack, base->32"
0.320437,SEND,35,8.990,,200.000,32768,
0.321488,SEND,36,8.990,,200.000,32768,
0.321684,SEND,37,8.990,,200.000,32768,
0.321855,SEND,38,8.990,,200.000,32768,
0.322023,SEND,39,8.990,,200.000,32768,
0.322551,ACK,33,9.101,,,33792,"cum ack, base->33"
0.322726,ACK,34,9.211,,,34816,"cum ack, base->34"
0.324691,SEND,40,9.211,,200.000,34816,
0.324946,SEND,41,9.211,,200.000,34816,
0.325160,SEND,42,9.211,,200.000,34816,
0.377226,NAK,34,9.211,,,34816,
0.377286,FASTRETX,34,8.188,,200.000,34816,nak
0.377335,DUPACK,34,8.188,,,34816,
0.377373,NAK,34,8.188,,,34816,
0.377402,DUPACK,34,8.188,,,34816,
0.377431,NAK,34,8.188,,,34816,
0.377457,DUPACK,34,8.188,,,34816,
0.377481,NAK,34,8.188,,,34816,
0.377776,RETX,34,8.188,,200.000,34816,
0.377950,RETX,35,8.188,,200.000,34816,
0.378118,RETX,36,8.188,,200.000,34816,
0.378292,RETX,37,8.188,,200.000,34816,
0.378458,RETX,38,8.188,,200.000,34816,
0.378625,RETX,39,8.188,,200.000,34816,
0.378791,RETX,40,8.188,,200.000,34816,
0.378958,RETX,41,8.188,,200.000,34816,
0.379954,DUPACK,34,8.188,,,34816,
0.380009,NAK,34,8.188,,,34816,
0.380044,DUPACK,34,8.188,,,34816,
0.380069,NAK,34,8.188,,,34816,
0.380097,DUPACK,34,8.188,,,34816,
0.380123,NAK,34,8.188,,,34816,
0.380148,DUPACK,34,8.188,,,34816,
0.380172,NAK,34,8.188,,,34816,
0.380196,DUPACK,34,8.188,,,34816,
0.404517,STATS,-1,8.188,,200.000,34816,base=34 next=42
0.419547,ACK,35,8.310,,,35840,"cum ack, base->35"
0.421522,RETX,42,8.310,,200.000,35840,
0.424082,ACK,36,8.430,,,36864,"cum ack, base->36"
0.424188,ACK,37,8.549,,,37888,"cum ack, base->37"
0.424369,ACK,38,8.666,,,38912,"cum ack, base->38"
0.424566,SEND,43,8.666,,200.000,38912,
0.424851,SEND,44,8.666,,200.000,38912,
0.425025,SEND,45,8.666,,200.000,38912,
0.438133,NAK,38,8.666,,,38912,
0.438174,FASTRETX,38,8.666,,200.000,38912,nak
0.438216,DUPACK,38,8.666,,,38912,
0.438245,NAK,38,8.666,,,38912,
0.438273,DUPACK,38,8.666,,,38912,
0.438301,NAK,38,8.666,,,38912,
0.438327,DUPACK,38,8.666,,,38912,
0.441031,RETX,38,8.666,,200.000,38912,
0.441218,RETX,39,8.666,,200.000,38912,
0.441428,RETX,40,8.666,,200.000,38912,
0.441605,RETX,41,8.666,,200.000,38912,
0.441772,RETX,42,8.666,,200.000,38912,
0.441939,RETX,43,8.666,,200.000,38912,
0.442114,RETX,44,8.666,,200.000,38912,
0.442282,RETX,45,8.666,,200.000,38912,
0.470168,NAK,38,8.666,,,38912,
0.471000,DUPACK,38,8.666,,,38912,
0.473171,NAK,38,8.666,,,38912,
0.473230,DUPACK,38,8.666,,,38912,
0.473258,NAK,38,8.666,,,38912,
0.473285,DUPACK,38,8.666,,,38912,
0.506506,STATS,-1,8.666,,200.000,38912,base=38 next=46
0.507477,ACK,39,8.781,,,39936,"cum ack, base->39"
0.507553,ACK,40,8.895,,,40960,"cum ack, base->40"
0.507592,ACK,41,9.008,,,41984,"cum ack, base->41"
0.507656,ACK,43,9.228,,,44032,"cum ack, base->43"
0.507738,ACK,44,9.337,,,45056,"cum ack, base->44"
0.507779,ACK,45,9.444,,,46080,"cum ack, base->45"
0.507813,ACK,46,9.550,,,47104,"cum ack, base->46"
0.509221,SEND,46,9.550,,200.000,47104,
0.509310,SEND,47,9.550,,200.000,47104,
0.509394,SEND,48,9.550,,200.000,47104,
0.509480,SEND,49,9.550,,200.000,47104,
0.509568,SEND,50,9.550,,200.000,47104,
0.509654,SEND,51,9.550,,200.000,47104,
0.509739,SEND,52,9.550,,200.000,47104,
0.509823,SEND,53,9.550,,200.000,47104,
0.509908,SEND,54,9.550,,200.000,47104,
0.560710,ACK,47,9.654,,,48128,"cum ack, base->47"
0.560766,ACK,48,9.758,,,49152,"cum ack, base->48"
0.560794,NAK,48,9.758,,,49152,
0.560811,FASTRETX,48,8.674,,200.000,49152,nak
0.560837,DUPACK,48,8.674,,,49152,
0.560859,NAK,48,8.674,,,49152,
0.560881,DUPACK,48,8.674,,,49152,
0.560900,NAK,48,8.674,,,49152,
0.560921,DUPACK,48,8.674,,,49152,
0.562784,RETX,48,8.674,,200.000,49152,
0.562979,RETX,49,8.674,,200.000,49152,
0.563158,RETX,50,8.674,,200.000,49152,
0.563347,RETX,51,8.674,,200.000,49152,
0.563524,RETX,52,8.674,,200.000,49152,
0.563702,RETX,53,8.674,,200.000,49152,
0.563877,RETX,54,8.674,,200.000,49152,
0.564056,SEND,55,8.674,,200.000,49152,
0.564117,NAK,48,8.674,,,49152,
0.564143,DUPACK,48,8.674,,,49152,
0.564168,NAK,48,8.674,,,49152,
0.564187,DUPACK,48,8.674,,,49152,
0.606822,ACK,49,8.789,,,50176,"cum ack, base->49"
0.607272,SEND,56,8.789,,200.000,50176,
0.607289,STATS,-1,8.789,,200.000,50176,base=49 next=57
0.615460,ACK,50,8.903,,,51200,"cum ack, base->50"
0.615531,ACK,51,9.015,,,52224,"cum ack, base->51"
0.615567,ACK,52,9.126,,,53248,"cum ack, base->52"
0.615807,ACK,53,9.236,,,54272,"cum ack, base->53"
0.615841,ACK,54,9.344,,,55296,"cum ack, base->54"
0.616468,ACK,55,9.451,,,56320,"cum ack, base->55"
0.616527,ACK,56,9.557,,,57344,"cum ack, base->56"
0.618805,SEND,57,9.557,,200.000,57344,
0.619111,SEND,58,9.557,,200.000,57344,
0.619528,SEND,59,9.557,,200.000,57344,
0.619766,SEND,60,9.557,,200.000,57344,
0.619937,SEND,61,9.557,,200.000,57344,
0.620146,SEND,62,9.557,,200.000,57344,
0.620392,SEND,63,9.557,,200.000,57344,
0.620902,SEND,64,9.557,,200.000,57344,
0.645802,ACK,57,9.661,,,58368,"cum ack, base->57"
0.649517,SEND,65,9.661,,200.000,58368,
0.668888,ACK,58,9.765,,,59392,"cum ack, base->58"
0.668952,ACK,59,9.867,,,60416,"cum ack, base->59"
0.668987,ACK,60,9.969,,,61440,"cum ack, base->60"
0.669020,ACK,62,10.168,,,63488,"cum ack, base->62"
0.669056,ACK,63,10.267,,,64512,"cum ack, base->63"
0.671526,SEND,66,10.267,,200.000,64512,
0.672087,SEND,67,10.267,,200.000,64512,
0.672396,SEND,68,10.267,,200.000,64512,
0.672694,SEND,69,10.267,,200.000,64512,
0.672926,SEND,70,10.267,,200.000,64512,
0.673185,SEND,71,10.267,,200.000,64512,
0.673426,SEND,72,10.267,,200.000,64512,
0.673619,ACK,64,10.364,,,65536,"cum ack, base->64"
0.673671,ACK,65,10.460,,,66560,"cum ack, base->65"
0.676358,SEND,73,10.460,,200.000,66560,
0.676547,SEND,74,10.460,,200.000,66560,
0.708474,STATS,-1,10.460,,200.000,66560,base=65 next=75
0.726773,DUPACK,65,10.460,,,66560,
0.727014,NAK,65,10.460,,,66560,
0.727039,FASTRETX,65,9.298,,200.000,66560,nak
0.727075,DUPACK,65,9.298,,,66560,
0.727107,NAK,65,9.298,,,66560,
0.727230,DUPACK,65,9.298,,,66560,
0.727276,NAK,65,9.298,,,66560,
0.727308,DUPACK,65,9.298,,,66560,
0.727334,NAK,65,9.298,,,66560,
0.727360,DUPACK,65,9.298,,,66560,
0.727385,NAK,65,9.298,,,66560,
0.727412,DUPACK,65,9.298,,,66560,
0.727436,NAK,65,9.298,,,66560,
0.727463,DUPACK,65,9.298,,,66560,
0.727488,NAK,65,9.298,,,66560,
0.727513,DUPACK,65,9.298,,,66560,
0.727537,NAK,65,9.298,,,66560,
0.727562,DUPACK,65,9.298,,,66560,
0.730573,RETX,65,9.298,,200.000,66560,
0.737911,RETX,66,9.298,,200.000,66560,
0.738109,RETX,67,9.298,,200.000,66560,
0.738278,RETX,68,9.298,,200.000,66560,
0.738449,RETX,69,9.298,,200.000,66560,
0.738618,RETX,70,9.298,,200.000,66560,
0.738782,RETX,71,9.298,,200.000,66560,
0.738948,RETX,72,9.298,,200.000,66560,
0.739114,RETX,73,9.298,,200.000,66560,
0.775547,ACK,66,9.406,,,67584,"cum ack, base->66"
0.775820,RETX,74,9.406,,200.000,67584,
0.775927,ACK,67,9.512,,,68608,"cum ack, base->67"
0.779151,SEND,75,9.512,,200.000,68608,
0.794152,ACK,68,9.617,,,69632,"cum ack, base->68"
0.794219,ACK,69,9.721,,,70656,"cum ack, base->69"
0.794253,ACK,70,9.824,,,71680,"cum ack, base->70"
0.794288,ACK,71,9.926,,,72704,"cum ack, base->71"
0.794315,DUPACK,71,9.926,,,72704,
0.794340,NAK,71,9.926,,,72704,
0.794350,FASTRETX,71,9.926,,200.000,72704,nak
0.794376,DUPACK,71,9.926,,,72704,
0.796271,RETX,71,9.926,,200.000,72704,
0.796505,RETX,72,9.926,,200.000,72704,
0.796682,RETX,73,9.926,,200.000,72704,
0.796888,RETX,74,9.926,,200.000,72704,
0.797058,RETX,75,9.926,,200.000,72704,
0.797221,SEND,76,9.926,,200.000,72704,
0.797398,SEND,77,9.926,,200.000,72704,
0.797576,SEND,78,9.926,,200.000,72704,
0.797746,SEND,79,9.926,,200.000,72704,
0.810921,STATS,-1,9.926,,200.000,72704,base=71 next=80
0.818476,NAK,71,9.926,,,72704,
0.825333,DUPACK,71,9.926,,,72704,
0.825390,NAK,71,9.926,,,72704,
0.825423,DUPACK,71,9.926,,,72704,
0.844997,ACK,72,10.027,,,73728,"cum ack, base->72"
0.845302,SEND,80,10.027,,200.000,73728,
0.845532,SEND,81,10.027,,200.000,73728,
0.845620,ACK,73,10.126,,,74752,"cum ack, base->73"
0.845671,ACK,74,10.225,,,75776,"cum ack, base->74"
0.845706,ACK,75,10.323,,,76800,"cum ack, base->75"
0.845734,NAK,75,10.323,,,76800,
0.845745,FASTRETX,75,9.176,,200.000,76800,nak
0.848346,RETX,75,9.176,,200.000,76800,
0.848725,RETX,76,9.176,,200.000,76800,
0.849014,RETX,77,9.176,,200.000,76800,
0.849318,RETX,78,9.176,,200.000,76800,
0.849571,RETX,79,9.176,,200.000,76800,
0.849843,RETX,80,9.176,,200.000,76800,
0.850147,RETX,81,9.176,,200.000,76800,
0.850591,SEND,82,9.176,,200.000,76800,
0.852048,SEND,83,9.176,,200.000,76800,
0.852247,DUPACK,75,9.176,,,76800,
0.852306,NAK,75,9.176,,,76800,
0.852384,DUPACK,75,9.176,,,76800,
0.852471,NAK,75,9.176,,,76800,
0.852513,DUPACK,75,9.176,,,76800,
0.893738,NAK,75,9.176,,,76800,
0.893810,DUPACK,75,9.176,,,76800,
0.897282,NAK,75,9.176,,,76800,
0.897382,DUPACK,75,9.176,,,76800,
0.897447,ACK,76,9.285,,,77824,"cum ack, base->76"
0.897481,ACK,77,9.393,,,78848,"cum ack, base->77"
0.897511,ACK,78,9.499,,,79872,"cum ack, base->78"
0.898485,SEND,84,9.499,,200.000,79872,
0.898893,SEND,85,9.499,,200.000,79872,
0.899939,SEND,86,9.499,,200.000,79872,
0.900622,ACK,79,9.604,,,80896,"cum ack, base->79"
0.900680,ACK,80,9.708,,,81920,"cum ack, base->80"
0.900719,ACK,81,9.811,,,82944,"cum ack, base->81"
0.900752,ACK,82,9.913,,,83968,"cum ack, base->82"
0.900783,ACK,83,10.014,,,84992,"cum ack, base->83"
0.900815,ACK,84,10.114,,,86016,"cum ack, base->84"
0.903024,SEND,87,10.114,,200.000,86016,
0.903355,SEND,88,10.114,,200.000,86016,
0.903627,SEND,89,10.114,,200.000,86016,
0.903812,SEND,90,10.114,,200.000,86016,
0.903980,SEND,91,10.114,,200.000,86016,
0.904143,SEND,92,10.114,,200.000,86016,
0.904314,SEND,93,10.114,,200.000,86016,
0.912053,STATS,-1,10.114,,200.000,86016,base=84 next=94
0.948811,ACK,85,10.213,,,87040,"cum ack, base->85"
0.948863,ACK,86,10.311,,,88064,"cum ack, base->86"
0.948889,ACK,87,10.408,,,89088,"cum ack, base->87"
0.950072,SEND,94,10.408,,200.000,89088,
0.950225,SEND,95,10.408,,200.000,89088,
0.950370,SEND,96,10.408,,200.000,89088,
0.950436,ACK,88,10.504,,,90112,"cum ack, base->88"
0.950470,ACK,89,10.599,,,91136,"cum ack, base->89"
0.950493,ACK,90,10.693,,,92160,"cum ack, base->90"
0.952148,ACK,91,10.787,,,93184,"cum ack, base->91"
0.952170,ACK,92,10.880,,,94208,"cum ack, base->92"
0.952188,NAK,92,10.880,,,94208,
0.952196,FASTRETX,92,9.671,,200.000,94208,nak
0.952215,DUPACK,92,9.671,,,94208,
0.953039,RETX,92,9.671,,200.000,94208,
0.953185,RETX,93,9.671,,200.000,94208,
0.953331,RETX,94,9.671,,200.000,94208,
0.953476,RETX,95,9.671,,200.000,94208,
0.953622,RETX,96,9.671,,200.000,94208,
0.953768,SEND,97,9.671,,200.000,94208,
0.953914,SEND,98,9.671,,200.000,94208,
0.954058,SEND,99,9.671,,200.000,94208,
0.954202,SEND,100,9.671,,200.000,94208,
0.988811,NAK,92,9.671,,,94208,
0.988850,DUPACK,92,9.671,,,94208,
0.994797,NAK,92,9.671,,,94208,
0.994828,DUPACK,92,9.671,,,94208,
0.997914,NAK,92,9.671,,,94208,
1.000647,DUPACK,92,9.671,,,94208,
1.001814,ACK,93,9.774,,,95232,"cum ack, base->93"
1.002390,SEND,101,9.774,,200.000,95232,
1.002608,NAK,93,9.774,,,95232,
1.002625,FASTRETX,93,9.774,,200.000,95232,nak
1.002667,DUPACK,93,9.774,,,95232,
1.002696,NAK,93,9.774,,,95232,
1.002735,DUPACK,93,9.774,,,95232,
1.002761,NAK,93,9.774,,,95232,
1.002787,DUPACK,93,9.774,,,95232,
1.002811,NAK,93,9.774,,,95232,
1.002838,NAK,93,9.774,,,95232,
1.002862,DUPACK,93,9.774,,,95232,
1.005163,RETX,93,9.774,,200.000,95232,
1.005394,RETX,94,9.774,,200.000,95232,
1.005620,RETX,95,9.774,,200.000,95232,
1.005845,RETX,96,9.774,,200.000,95232,
1.006068,RETX,97,9.774,,200.000,95232,
1.006292,RETX,98,9.774,,200.000,95232,
1.006515,RETX,99,9.774,,200.000,95232,
1.006740,RETX,100,9.774,,200.000,95232,
1.006966,RETX,101,9.774,,200.000,95232,
1.008121,NAK,93,9.774,,,95232,
1.008152,DUPACK,93,9.774,,,95232,
1.008178,NAK,93,9.774,,,95232,
1.008203,DUPACK,93,9.774,,,95232,
1.012126,STATS,-1,9.774,,200.000,95232,base=93 next=102
1.044750,NAK,93,9.774,,,95232,
1.046263,DUPACK,93,9.774,,,95232,
1.046993,ACK,94,9.877,,,96256,"cum ack, base->94"
1.048987,SEND,102,9.877,,200.000,96256,
1.054506,ACK,95,9.978,,,97280,"cum ack, base->95"
1.054612,ACK,96,10.078,,,98304,"cum ack, base->96"
1.054667,ACK,97,10.177,,,99328,"cum ack, base->97"
1.057132,SEND,103,10.177,,200.000,99328,
1.057424,SEND,104,10.177,,200.000,99328,
1.057688,SEND,105,10.177,,200.000,99328,
1.057950,SEND,106,10.177,,200.000,99328,
1.058573,NAK,97,10.177,,,99328,
1.058648,FASTRETX,97,9.046,,200.000,99328,nak
1.058720,DUPACK,97,9.046,,,99328,
1.058759,NAK,97,9.046,,,99328,
1.058799,DUPACK,97,9.046,,,99328,
1.058832,NAK,97,9.046,,,99328,
1.058863,DUPACK,97,9.046,,,99328,
1.058891,NAK,97,9.046,,,99328,
1.058921,DUPACK,97,9.046,,,99328,
1.060769,RETX,97,9.046,,200.000,99328,
1.061057,RETX,98,9.046,,200.000,99328,
1.061355,RETX,99,9.046,,200.000,99328,
1.061657,RETX,100,9.046,,200.000,99328,
1.061965,RETX,101,9.046,,200.000,99328,
1.062164,RETX,102,9.046,,200.000,99328,
1.062343,RETX,103,9.046,,200.000,99328,
1.062526,RETX,104,9.046,,200.000,99328,
1.062767,RETX,105,9.046,,200.000,99328,
1.088017,NAK,97,9.046,,,99328,
1.098031,DUPACK,97,9.046,,,99328,
1.102251,NAK,97,9.046,,,99328,
1.102725,DUPACK,97,9.046,,,99328,
1.102775,NAK,97,9.046,,,99328,
1.105052,DUPACK,97,9.046,,,99328,
1.105297,NAK,97,9.046,,,99328,
1.105344,DUPACK,97,9.046,,,99328,
1.105378,NAK,97,9.046,,,99328,
1.105414,DUPACK,97,9.046,,,99328,
1.105466,ACK,98,9.157,,,100352,"cum ack, base->98"
1.105520,ACK,99,9.266,,,101376,"cum ack, base->99"
1.106669,RETX,106,9.266,,200.000,101376,
1.106907,SEND,107,9.266,,200.000,101376,
1.107066,ACK,100,9.374,,,102400,"cum ack, base->100"
1.109318,SEND,108,9.374,,200.000,102400,
1.113455,ACK,101,9.481,,,103424,"cum ack, base->101"
1.113553,ACK,102,9.586,,,104448,"cum ack, base->102"
1.113607,ACK,103,9.691,,,105472,"cum ack, base->103"
1.113659,ACK,104,9.794,,,106496,"cum ack, base->104"
1.113718,ACK,105,9.896,,,107520,"cum ack, base->105"
1.113765,ACK,106,9.997,,,108544,"cum ack, base->106"
1.114958,SEND,109,9.997,,200.000,108544,
1.115455,SEND,110,9.997,,200.000,108544,
1.116262,SEND,111,9.997,,200.000,108544,
1.116584,SEND,112,9.997,,200.000,108544,
1.117387,SEND,113,9.997,,200.000,108544,
1.117692,SEND,114,9.997,,200.000,108544,
1.117711,STATS,-1,9.997,,200.000,108544,base=106 next=115
1.151381,ACK,107,10.097,,,109568,"cum ack, base->107"
1.153752,SEND,115,10.097,,200.000,109568,
1.154045,SEND,116,10.097,,200.000,109568,
1.162093,ACK,108,10.196,,,110592,"cum ack, base->108"
1.162178,ACK,109,10.294,,,111616,"cum ack, base->109"
1.162233,ACK,110,10.391,,,112640,"cum ack, base->110"
1.164911,SEND,117,10.391,,200.000,112640,
1.165579,SEND,118,10.391,,200.000,112640,
1.165869,SEND,119,10.391,,200.000,112640,
1.167050,ACK,111,10.487,,,113664,"cum ack, base->111"
1.167251,ACK,112,10.583,,,114688,"cum ack, base->112"
1.167351,ACK,113,10.677,,,115712,"cum ack, base->113"
1.167389,ACK,114,10.771,,,116736,"cum ack, base->114"
1.169333,SEND,120,10.771,,200.000,116736,
1.169718,SEND,121,10.771,,200.000,116736,
1.170032,SEND,122,10.771,,200.000,116736,
1.170251,SEND,123,10.771,,200.000,116736,
1.194697,DUPACK,114,10.771,,,116736,
1.195015,NAK,114,10.771,,,116736,
1.195042,FASTRETX,114,9.574,,200.000,116736,nak
1.195095,DUPACK,114,9.574,,,116736,
1.195515,RETX,114,9.574,,200.000,116736,
1.195805,RETX,115,9.574,,200.000,116736,
1.196174,RETX,116,9.574,,200.000,116736,
1.196654,RETX,117,9.574,,200.000,116736,
1.196904,RETX,118,9.574,,200.000,116736,
1.197117,RETX,119,9.574,,200.000,116736,
1.197320,RETX,120,9.574,,200.000,116736,
1.197535,RETX,121,9.574,,200.000,116736,
1.197740,RETX,122,9.574,,200.000,116736,
1.218056,STATS,-1,9.574,,200.000,116736,base=114 next=123
1.219837,NAK,114,9.574,,,116736,
1.219906,DUPACK,114,9.574,,,116736,
1.219942,NAK,114,9.574,,,116736,
1.219976,DUPACK,114,9.574,,,116736,
1.220010,NAK,114,9.574,,,116736,
1.220042,DUPACK,114,9.574,,,116736,
1.220071,NAK,114,9.574,,,116736,
1.220103,DUPACK,114,9.574,,,116736,
1.220132,NAK,114,9.574,,,116736,
1.220162,DUPACK,114,9.574,,,116736,
1.220191,NAK,114,9.574,,,116736,
1.220222,DUPACK,114,9.574,,,116736,
1.239034,ACK,115,9.679,,,117760,"cum ack, base->115"
1.241620,RETX,123,9.679,,200.000,117760,
1.243507,ACK,116,9.782,,,118784,"cum ack, base->116"
1.244038,ACK,117,9.884,,,119808,"cum ack, base->117"
1.244379,SEND,124,9.884,,200.000,119808,
1.244562,SEND,125,9.884,,200.000,119808,
1.245695,ACK,118,9.985,,,120832,"cum ack, base->118"
1.245759,ACK,119,10.085,,,121856,"cum ack, base->119"
1.245795,ACK,120,10.185,,,122880,"cum ack, base->120"
1.245832,ACK,121,10.283,,,123904,"cum ack, base->121"
1.245868,ACK,122,10.380,,,124928,"cum ack, base->122"
1.247126,SEND,126,10.380,,200.000,124928,
1.247309,SEND,127,10.380,,200.000,124928,
1.247543,SEND,128,10.380,,200.000,124928,
1.247787,SEND,129,10.380,,200.000,124928,
1.248226,SEND,130,10.380,,200.000,124928,
1.248572,SEND,131,10.380,,200.000,124928,
1.251460,ACK,123,10.476,,,125952,"cum ack, base->123"
1.251812,SEND,132,10.476,,200.000,125952,
1.297483,ACK,124,10.572,,,126976,"cum ack, base->124"
1.297570,ACK,125,10.666,,,128000,"cum ack, base->125"
1.297608,ACK,126,10.760,,,129024,"cum ack, base->126"
1.297641,ACK,127,10.853,,,130048,"cum ack, base->127"
1.297667,NAK,127,10.853,,,130048,
1.297679,FASTRETX,127,9.647,,200.000,130048,nak
1.297709,DUPACK,127,9.647,,,130048,
1.301454,RETX,127,9.647,,200.000,130048,
1.301754,RETX,128,9.647,,200.000,130048,
1.302340,RETX,129,9.647,,200.000,130048,
1.303119,RETX,130,9.647,,200.000,130048,
1.303300,RETX,131,9.647,,200.000,130048,
1.303800,RETX,132,9.647,,200.000,130048,
1.303984,SEND,133,9.647,,200.000,130048,
1.304154,SEND,134,9.647,,200.000,130048,
1.304323,SEND,135,9.647,,200.000,130048,
1.304467,NAK,127,9.647,,,130048,
1.304516,DUPACK,127,9.647,,,130048,
1.304544,NAK,127,9.647,,,130048,
1.304571,DUPACK,127,9.647,,,130048,
1.304597,NAK,127,9.647,,,130048,
1.304623,DUPACK,127,9.647,,,130048,
1.304648,NAK,127,9.647,,,130048,
1.304674,DUPACK,127,9.647,,,130048,
1.319869,STATS,-1,9.647,,200.000,130048,base=127 next=136
1.340367,ACK,128,9.751,,,131072,"cum ack, base->128"
1.341013,SEND,136,9.751,,200.000,131072,
1.352279,ACK,129,9.853,,,132096,"cum ack, base->129"
1.352354,ACK,130,9.955,,,133120,"cum ack, base->130"
1.352393,ACK,131,10.055,,,134144,"cum ack, base->131"
1.352445,ACK,132,10.155,,,135168,"cum ack, base->132"
1.352484,ACK,133,10.253,,,136192,"cum ack, base->133"
1.352516,ACK,134,10.351,,,137216,"cum ack, base->134"
1.352547,ACK,135,10.447,,,138240,"cum ack, base->135"
1.353403,SEND,137,10.447,,200.000,138240,
1.353669,SEND,138,10.447,,200.000,138240,
1.353849,SEND,139,10.447,,200.000,138240,
1.354020,SEND,140,10.447,,200.000,138240,
1.354188,SEND,141,10.447,,200.000,138240,
1.354355,SEND,142,10.447,,200.000,138240,
1.354523,SEND,143,10.447,,200.000,138240,
1.354690,SEND,144,10.447,,200.000,138240,
1.356237,ACK,136,10.543,,,139264,"cum ack, base->136"
1.357536,SEND,145,10.543,,200.000,139264,
1.392654,ACK,137,10.638,,,140288,"cum ack, base->137"
1.392727,ACK,138,10.732,,,141312,"cum ack, base->138"
1.395174,SEND,146,10.732,,200.000,141312,
1.395379,SEND,147,10.732,,200.000,141312,
1.403748,ACK,139,10.825,,,142336,"cum ack, base->139"
1.403808,NAK,139,10.825,,,142336,
1.403821,FASTRETX,139,9.622,,200.000,142336,nak
1.403853,DUPACK,139,9.622,,,142336,
1.403883,NAK,139,9.622,,,142336,
1.403973,DUPACK,139,9.622,,,142336,
1.403998,NAK,139,9.622,,,142336,
1.404029,DUPACK,139,9.622,,,142336,
1.404099,NAK,139,9.622,,,142336,
1.404144,DUPACK,139,9.622,,,142336,
1.404173,NAK,139,9.622,,,142336,
1.404200,DUPACK,139,9.622,,,142336,
1.405514,RETX,139,9.622,,200.000,142336,
1.405819,RETX,140,9.622,,200.000,142336,
1.406001,RETX,141,9.622,,200.000,142336,
1.406169,RETX,142,9.622,,200.000,142336,
1.406346,RETX,143,9.622,,200.000,142336,
1.406514,RETX,144,9.622,,200.000,142336,
1.406683,RETX,145,9.622,,200.000,142336,
1.406855,RETX,146,9.622,,200.000,142336,
1.407024,RETX,147,9.622,,200.000,142336,
1.407167,NAK,139,9.622,,,142336,
1.407240,DUPACK,139,9.622,,,142336,
1.421845,STATS,-1,9.622,,200.000,142336,base=139 next=148
1.443069,NAK,139,9.622,,,142336,
1.443234,NAK,139,9.622,,,142336,
1.443307,DUPACK,139,9.622,,,142336,
1.444324,ACK,140,9.726,,,143360,"cum ack, base->140"
1.445041,SEND,148,9.726,,200.000,143360,
1.450579,ACK,141,9.829,,,144384,"cum ack, base->141"
1.453472,SEND,149,9.829,,200.000,144384,
1.457242,ACK,142,9.931,,,145408,"cum ack, base->142"
1.457306,ACK,143,10.032,,,146432,"cum ack, base->143"
1.457342,ACK,144,10.131,,,147456,"cum ack, base->144"
1.457513,ACK,145,10.230,,,148480,"cum ack, base->145"
1.457548,ACK,146,10.328,,,149504,"cum ack, base->146"
1.457617,ACK,147,10.425,,,150528,"cum ack, base->147"
1.459501,SEND,150,10.425,,200.000,150528,
1.459692,SEND,151,10.425,,200.000,150528,
1.459932,SEND,152,10.425,,200.000,150528,
1.460181,SEND,153,10.425,,200.000,150528,
1.460460,SEND,154,10.425,,200.000,150528,
1.460634,SEND,155,10.425,,200.000,150528,
1.460802,SEND,156,10.425,,200.000,150528,
1.460926,ACK,148,10.520,,,151552,"cum ack, base->148"
1.464014,SEND,157,10.520,,200.000,151552,
1.499594,ACK,149,10.616,,,152576,"cum ack, base->149"
1.499679,ACK,150,10.710,,,153600,"cum ack, base->150"
1.500013,SEND,158,10.710,,200.000,153600,
1.500231,SEND,159,10.710,,200.000,153600,
1.513114,ACK,151,10.803,,,154624,"cum ack, base->151"
1.513219,ACK,152,10.896,,,155648,"cum ack, base->152"
1.513474,SEND,160,10.896,,200.000,155648,
1.513800,SEND,161,10.896,,200.000,155648,
1.513895,ACK,153,10.987,,,156672,"cum ack, base->153"
1.513949,ACK,154,11.078,,,157696,"cum ack, base->154"
1.513989,ACK,155,11.169,,,158720,"cum ack, base->155"
1.514027,ACK,156,11.258,,,159744,"cum ack, base->156"
1.514065,ACK,157,11.347,,,160768,"cum ack, base->157"
1.514103,ACK,158,11.435,,,161792,"cum ack, base->158"
1.516623,SEND,162,11.435,,200.000,161792,
1.517039,SEND,163,11.435,,200.000,161792,
1.517243,SEND,164,11.435,,200.000,161792,
1.517439,SEND,165,11.435,,200.000,161792,
1.518261,SEND,166,11.435,,200.000,161792,
1.518479,SEND,167,11.435,,200.000,161792,
1.518701,SEND,168,11.435,,200.000,161792,
1.524021,STATS,-1,11.435,,200.000,161792,base=158 next=169
1.625629,STATS,-1,11.435,,200.000,161792,base=158 next=169
1.716096,TIMEOUT,158,10.165,,200.000,161792,timeout
1.718966,RETX,158,10.165,,200.000,161792,
1.719581,RETX,159,10.165,,200.000,161792,
1.720394,RETX,160,10.165,,200.000,161792,
1.720919,RETX,161,10.165,,200.000,161792,
1.721400,RETX,162,10.165,,200.000,161792,
1.721815,RETX,163,10.165,,200.000,161792,
1.722206,RETX,164,10.165,,200.000,161792,
1.722495,RETX,165,10.165,,200.000,161792,
1.722842,RETX,166,10.165,,200.000,161792,
1.723104,RETX,167,10.165,,200.000,161792,
1.725696,STATS,-1,10.165,,200.000,161792,base=158 next=168
1.827328,STATS,-1,10.165,,200.000,161792,base=158 next=168
1.917964,TIMEOUT,158,10.165,,200.000,161792,timeout
1.921140,RETX,158,10.165,,200.000,161792,
1.921644,RETX,159,10.165,,200.000,161792,
1.921968,RETX,160,10.165,,200.000,161792,
1.922244,RETX,161,10.165,,200.000,161792,
1.922729,RETX,162,10.165,,200.000,161792,
1.923085,RETX,163,10.165,,200.000,161792,
1.923357,RETX,164,10.165,,200.000,161792,
1.923608,RETX,165,10.165,,200.000,161792,
1.923858,RETX,166,10.165,,200.000,161792,
1.924109,RETX,167,10.165,,200.000,161792,
1.928893,STATS,-1,10.165,,200.000,161792,base=158 next=168
2.030222,STATS,-1,10.165,,200.000,161792,base=158 next=168
2.118908,TIMEOUT,158,10.165,,200.000,161792,timeout
2.121652,RETX,158,10.165,,200.000,161792,
2.121836,RETX,159,10.165,,200.000,161792,
2.122011,RETX,160,10.165,,200.000,161792,
2.122187,RETX,161,10.165,,200.000,161792,
2.122362,RETX,162,10.165,,200.000,161792,
2.122537,RETX,163,10.165,,200.000,161792,
2.122710,RETX,164,10.165,,200.000,161792,
2.122855,RETX,165,10.165,,200.000,161792,
2.122998,RETX,166,10.165,,200.000,161792,
2.123142,RETX,167,10.165,,200.000,161792,
2.130693,STATS,-1,10.165,,200.000,161792,base=158 next=168
2.232771,STATS,-1,10.165,,200.000,161792,base=158 next=168
2.321659,TIMEOUT,158,10.165,,200.000,161792,timeout
2.324372,RETX,158,10.165,,200.000,161792,
2.324614,RETX,159,10.165,,200.000,161792,
2.324789,RETX,160,10.165,,200.000,161792,
2.324998,RETX,161,10.165,,200.000,161792,
2.325202,RETX,162,10.165,,200.000,161792,
2.325379,RETX,163,10.165,,200.000,161792,
2.325548,RETX,164,10.165,,200.000,161792,
2.325717,RETX,165,10.165,,200.000,161792,
2.325889,RETX,166,10.165,,200.000,161792,
2.326057,RETX,167,10.165,,200.000,161792,
2.334298,STATS,-1,10.165,,200.000,161792,base=158 next=168
2.364653,ACK,159,10.263,,,162816,"cum ack, base->159"
2.367131,RETX,168,10.263,,200.000,162816,
2.375699,ACK,160,10.360,,,163840,"cum ack, base->160"
2.375773,ACK,161,10.457,,,164864,"cum ack, base->161"
2.375809,ACK,162,10.553,,,165888,"cum ack, base->162"
2.377591,SEND,169,10.553,,200.000,165888,
2.377829,SEND,170,10.553,,200.000,165888,
2.378004,SEND,171,10.553,,200.000,165888,
2.378123,ACK,163,10.647,,,166912,"cum ack, base->163"
2.378175,ACK,164,10.741,,,167936,"cum ack, base->164"
2.378210,ACK,165,10.834,,,168960,"cum ack, base->165"
2.380770,SEND,172,10.834,,200.000,168960,
2.380994,SEND,173,10.834,,200.000,168960,
2.381670,SEND,174,10.834,,200.000,168960,
2.381918,ACK,166,10.927,,,169984,"cum ack, base->166"
2.382038,ACK,167,11.018,,,171008,"cum ack, base->167"
2.382091,ACK,168,11.109,,,172032,"cum ack, base->168"
2.384710,SEND,175,11.109,,200.000,172032,
2.385096,SEND,176,11.109,,200.000,172032,
2.385284,SEND,177,11.109,,200.000,172032,
2.385455,SEND,178,11.109,,200.000,172032,
2.405691,ACK,169,11.199,,,173056,"cum ack, base->169"
2.408224,SEND,179,11.199,,200.000,173056,
2.420418,ACK,170,11.288,,,174080,"cum ack, base->170"
2.420484,ACK,171,11.377,,,175104,"cum ack, base->171"
2.420517,ACK,172,11.465,,,176128,"cum ack, base->172"
2.421465,SEND,180,11.465,,200.000,176128,
2.421644,SEND,181,11.465,,200.000,176128,
2.421808,SEND,182,11.465,,200.000,176128,
2.429877,ACK,173,11.552,,,177152,"cum ack, base->173"
2.429944,ACK,174,11.639,,,178176,"cum ack, base->174"
2.429977,ACK,175,11.724,,,179200,"cum ack, base->175"
2.432098,SEND,183,11.724,,200.000,179200,
2.432375,SEND,184,11.724,,200.000,179200,
2.432567,SEND,185,11.724,,200.000,179200,
2.433031,ACK,176,11.810,,,180224,"cum ack, base->176"
2.433083,ACK,177,11.894,,,181248,"cum ack, base->177"
2.436534,SEND,186,11.894,,200.000,181248,
2.436758,SEND,187,11.894,,200.000,181248,
2.436776,STATS,-1,11.894,,200.000,181248,base=177 next=188
2.436881,ACK,178,11.979,,,182272,"cum ack, base->178"
2.436961,ACK,179,12.062,,,183296,"cum ack, base->179"
2.439562,SEND,188,12.062,,200.000,183296,
2.439755,SEND,189,12.062,,200.000,183296,
2.439925,SEND,190,12.062,,200.000,183296,
2.452293,ACK,180,12.145,,,184320,"cum ack, base->180"
2.452618,SEND,191,12.145,,200.000,184320,
2.468760,ACK,181,12.227,,,185344,"cum ack, base->181"
2.469310,ACK,182,12.309,,,186368,"cum ack, base->182"
2.470302,SEND,192,12.309,,200.000,186368,
2.470580,SEND,193,12.309,,200.000,186368,
2.472586,NAK,182,12.309,,,186368,
2.472631,FASTRETX,182,10.941,,200.000,186368,nak
2.472677,DUPACK,182,10.941,,,186368,
2.472705,NAK,182,10.941,,,186368,
2.473398,RETX,182,10.941,,200.000,186368,
2.473582,RETX,183,10.941,,200.000,186368,
2.473752,RETX,184,10.941,,200.000,186368,
2.473919,RETX,185,10.941,,200.000,186368,
2.474088,RETX,186,10.941,,200.000,186368,
2.474255,RETX,187,10.941,,200.000,186368,
2.474424,RETX,188,10.941,,200.000,186368,
2.474605,RETX,189,10.941,,200.000,186368,
2.474855,RETX,190,10.941,,200.000,186368,
2.475061,RETX,191,10.941,,200.000,186368,
2.476583,DUPACK,182,10.941,,,186368,
2.476641,NAK,182,10.941,,,186368,
2.479576,DUPACK,182,10.941,,,186368,
2.487347,NAK,182,10.941,,,186368,
2.488727,DUPACK,182,10.941,,,186368,
2.488788,NAK,182,10.941,,,186368,
2.488818,DUPACK,182,10.941,,,186368,
2.488843,NAK,182,10.941,,,186368,
2.488869,DUPACK,182,10.941,,,186368,
2.488893,NAK,182,10.941,,,186368,
2.489264,DUPACK,182,10.941,,,186368,
2.489309,NAK,182,10.941,,,186368,
2.491524,DUPACK,182,10.941,,,186368,
2.495063,NAK,182,10.941,,,186368,
2.495181,DUPACK,182,10.941,,,186368,
2.513223,NAK,182,10.941,,,186368,
2.514232,NAK,182,10.941,,,186368,
2.516537,DUPACK,182,10.941,,,186368,
2.523499,ACK,183,11.033,,,187392,"cum ack, base->183"
2.523565,ACK,184,11.123,,,188416,"cum ack, base->184"
2.523598,ACK,185,11.213,,,189440,"cum ack, base->185"
2.523630,ACK,186,11.302,,,190464,"cum ack, base->186"
2.524166,ACK,187,11.391,,,191488,"cum ack, base->187"
2.524209,ACK,188,11.479,,,192512,"cum ack, base->188"
2.524239,ACK,189,11.566,,,193536,"cum ack, base->189"
2.524270,ACK,190,11.652,,,194560,"cum ack, base->190"
2.525130,ACK,191,11.738,,,195584,"cum ack, base->191"
2.525176,ACK,192,11.823,,,196608,"cum ack, base->192"
2.525904,RETX,192,11.823,,200.000,196608,
2.526097,RETX,193,11.823,,200.000,196608,
2.526276,SEND,194,11.823,,200.000,196608,
2.526448,SEND,195,11.823,,200.000,196608,
2.526617,SEND,196,11.823,,200.000,196608,
2.526783,SEND,197,11.823,,200.000,196608,
2.526952,SEND,198,11.823,,200.000,196608,
2.527120,SEND,199,11.823,,200.000,196608,
2.527285,SEND,200,11.823,,200.000,196608,
2.527451,SEND,201,11.823,,200.000,196608,
2.527633,SEND,202,11.823,,200.000,196608,
2.537959,STATS,-1,11.823,,200.000,196608,base=192 next=203
2.564842,ACK,193,11.908,,,197632,"cum ack, base->193"
2.567665,SEND,203,11.908,,200.000,197632,
2.577636,ACK,194,11.992,,,198656,"cum ack, base->194"
2.577714,ACK,195,12.075,,,199680,"cum ack, base->195"
2.577750,ACK,197,12.240,,,201728,"cum ack, base->197"
2.577783,ACK,198,12.322,,,202752,"cum ack, base->198"
2.580085,SEND,204,12.322,,200.000,202752,
2.580270,SEND,205,12.322,,200.000,202752,
2.580439,SEND,206,12.322,,200.000,202752,
2.580606,SEND,207,12.322,,200.000,202752,
2.580773,SEND,208,12.322,,200.000,202752,
2.580942,SEND,209,12.322,,200.000,202752,
2.582169,ACK,199,12.403,,,203776,"cum ack, base->199"
2.582375,ACK,200,12.484,,,204800,"cum ack, base->200"
2.582447,NAK,200,12.484,,,204800,
2.582474,FASTRETX,200,11.097,,200.000,204800,nak
2.582537,DUPACK,200,11.097,,,204800,
2.583508,NAK,200,11.097,,,204800,
2.584050,RETX,200,11.097,,200.000,204800,
2.584360,RETX,201,11.097,,200.000,204800,
2.584668,RETX,202,11.097,,200.000,204800,
2.585018,RETX,203,11.097,,200.000,204800,
2.585566,RETX,204,11.097,,200.000,204800,
2.585846,RETX,205,11.097,,200.000,204800,
2.586305,RETX,206,11.097,,200.000,204800,
2.586514,RETX,207,11.097,,200.000,204800,
2.586760,RETX,208,11.097,,200.000,204800,
2.587161,RETX,209,11.097,,200.000,204800,
2.587483,SEND,210,11.097,,200.000,204800,
2.587622,DUPACK,200,11.097,,,204800,
2.605782,NAK,200,11.097,,,204800,
2.613554,DUPACK,200,11.097,,,204800,
2.625750,NAK,200,11.097,,,204800,
2.626036,DUPACK,200,11.097,,,204800,
2.626070,NAK,200,11.097,,,204800,
2.626099,DUPACK,200,11.097,,,204800,
2.629442,DUPACK,200,11.097,,,204800,
2.629504,NAK,200,11.097,,,204800,
2.629536,DUPACK,200,11.097,,,204800,
2.629561,NAK,200,11.097,,,204800,
2.633998,DUPACK,200,11.097,,,204800,
2.634094,NAK,200,11.097,,,204800,
2.634351,DUPACK,200,11.097,,,204800,
2.634769,ACK,201,11.187,,,205824,"cum ack, base->201"
2.634932,ACK,202,11.276,,,206848,"cum ack, base->202"
2.635548,NAK,202,11.276,,,206848,
2.635572,FASTRETX,202,11.276,,200.000,206848,nak
2.635653,DUPACK,202,11.276,,,206848,
2.635690,NAK,202,11.276,,,206848,
2.635728,DUPACK,202,11.276,,,206848,
2.635759,NAK,202,11.276,,,206848,
2.635791,DUPACK,202,11.276,,,206848,
2.635820,NAK,202,11.276,,,206848,
2.635851,DUPACK,202,11.276,,,206848,
2.635880,NAK,202,11.276,,,206848,
2.635910,DUPACK,202,11.276,,,206848,
2.635942,NAK,202,11.276,,,206848,
2.635971,DUPACK,202,11.276,,,206848,
2.636000,NAK,202,11.276,,,206848,
2.636395,DUPACK,202,11.276,,,206848,
2.637213,RETX,202,11.276,,200.000,206848,
2.637447,RETX,203,11.276,,200.000,206848,
2.637674,RETX,204,11.276,,200.000,206848,
2.637902,RETX,205,11.276,,200.000,206848,
2.638131,RETX,206,11.276,,200.000,206848,
2.638384,RETX,207,11.276,,200.000,206848,
2.638649,RETX,208,11.276,,200.000,206848,
2.638835,RETX,209,11.276,,200.000,206848,
2.639009,RETX,210,11.276,,200.000,206848,
2.639177,SEND,211,11.276,,200.000,206848,
2.639371,SEND,212,11.276,,200.000,206848,
2.639390,STATS,-1,11.276,,200.000,206848,base=202 next=213
2.687648,ACK,203,11.365,,,207872,"cum ack, base->203"
2.687740,ACK,204,11.453,,,208896,"cum ack, base->204"
2.689370,SEND,213,11.453,,200.000,208896,
2.689567,SEND,214,11.453,,200.000,208896,
2.689683,ACK,205,11.540,,,209920,"cum ack, base->205"
2.689759,ACK,206,11.627,,,210944,"cum ack, base->206"
2.691063,ACK,207,11.713,,,211968,"cum ack, base->207"
2.691127,ACK,208,11.798,,,212992,"cum ack, base->208"
2.691162,ACK,210,11.967,,,215040,"cum ack, base->210"
2.691196,ACK,211,12.051,,,216064,"cum ack, base->211"
2.691228,ACK,212,12.134,,,217088,"cum ack, base->212"
2.691322,ACK,213,12.216,,,218112,"cum ack, base->213"
2.692359,SEND,215,12.216,,200.000,218112,
2.692547,SEND,216,12.216,,200.000,218112,
2.692717,SEND,217,12.216,,200.000,218112,
2.692885,SEND,218,12.216,,200.000,218112,
2.693054,SEND,219,12.216,,200.000,218112,
2.693287,SEND,220,12.216,,200.000,218112,
2.693480,SEND,221,12.216,,200.000,218112,
2.693651,SEND,222,12.216,,200.000,218112,
2.693820,SEND,223,12.216,,200.000,218112,
2.693989,SEND,224,12.216,,200.000,218112,
2.730469,ACK,214,12.298,,,219136,"cum ack, base->214"
2.731193,SEND,225,12.298,,200.000,219136,
2.738525,ACK,215,12.379,,,220160,"cum ack, base->215"
2.738587,ACK,216,12.460,,,221184,"cum ack, base->216"
2.739079,SEND,226,12.460,,200.000,221184,
2.739271,SEND,227,12.460,,200.000,221184,
2.741837,STATS,-1,12.460,,200.000,221184,base=216 next=228
2.741955,ACK,217,12.540,,,222208,"cum ack, base->217"
2.742006,ACK,218,12.620,,,223232,"cum ack, base->218"
2.742039,ACK,219,12.699,,,224256,"cum ack, base->219"
2.742071,ACK,220,12.778,,,225280,"cum ack, base->220"
2.742101,ACK,221,12.856,,,226304,"cum ack, base->221"
2.744200,SEND,228,12.856,,200.000,226304,
2.744388,SEND,229,12.856,,200.000,226304,
2.744559,SEND,230,12.856,,200.000,226304,
2.744738,SEND,231,12.856,,200.000,226304,
2.744908,SEND,232,12.856,,200.000,226304,
2.745073,ACK,222,12.934,,,227328,"cum ack, base->222"
2.745123,ACK,223,13.011,,,228352,"cum ack, base->223"
2.745155,ACK,224,13.088,,,229376,"cum ack, base->224"
2.745186,ACK,225,13.165,,,230400,"cum ack, base->225"
2.747645,SEND,233,13.165,,200.000,230400,
2.747954,SEND,234,13.165,,200.000,230400,
2.748285,SEND,235,13.165,,200.000,230400,
2.748476,SEND,236,13.165,,200.000,230400,
2.748652,SEND,237,13.165,,200.000,230400,
2.762643,ACK,226,13.241,,,231424,"cum ack, base->226"
2.764964,SEND,238,13.241,,200.000,231424,
2.791930,ACK,227,13.316,,,232448,"cum ack, base->227"
2.792208,ACK,228,13.391,,,233472,"cum ack, base->228"
2.792245,ACK,229,13.466,,,234496,"cum ack, base->229"
2.792280,ACK,230,13.540,,,235520,"cum ack, base->230"
2.792312,ACK,231,13.614,,,236544,"cum ack, base->231"
2.792343,ACK,232,13.688,,,237568,"cum ack, base->232"
2.794413,SEND,239,13.688,,200.000,237568,
2.794600,SEND,240,13.688,,200.000,237568,
2.794768,SEND,241,13.688,,200.000,237568,
2.794936,SEND,242,13.688,,200.000,237568,
2.795112,SEND,243,13.688,,200.000,237568,
2.795281,SEND,244,13.688,,200.000,237568,
2.795396,ACK,233,13.761,,,238592,"cum ack, base->233"
2.795736,NAK,233,13.761,,,238592,
2.795753,FASTRETX,233,12.232,,200.000,238592,nak
2.795790,DUPACK,233,12.232,,,238592,
2.795837,NAK,233,12.232,,,238592,
2.795872,DUPACK,233,12.232,,,238592,
2.795898,DUPACK,233,12.232,,,238592,
2.798038,RETX,233,12.232,,200.000,238592,
2.798224,RETX,234,12.232,,200.000,238592,
2.798460,RETX,235,12.232,,200.000,238592,
2.798715,RETX,236,12.232,,200.000,238592,
2.798887,RETX,237,12.232,,200.000,238592,
2.799120,RETX,238,12.232,,200.000,238592,
2.799291,RETX,239,12.232,,200.000,238592,
2.799491,RETX,240,12.232,,200.000,238592,
2.799801,RETX,241,12.232,,200.000,238592,
2.800029,RETX,242,12.232,,200.000,238592,
2.800283,RETX,243,12.232,,200.000,238592,
2.800457,RETX,244,12.232,,200.000,238592,
2.814674,NAK,233,12.232,,,238592,
2.816916,DUPACK,233,12.232,,,238592,
2.839953,NAK,233,12.232,,,238592,
2.840011,DUPACK,233,12.232,,,238592,
2.840043,NAK,233,12.232,,,238592,
2.840070,DUPACK,233,12.232,,,238592,
2.840095,NAK,233,12.232,,,238592,
2.840120,DUPACK,233,12.232,,,238592,
2.841849,NAK,233,12.232,,,238592,
2.841902,DUPACK,233,12.232,,,238592,
2.841933,NAK,233,12.232,,,238592,
2.841960,DUPACK,233,12.232,,,238592,
2.841985,NAK,233,12.232,,,238592,
2.842010,DUPACK,233,12.232,,,238592,
2.842695,STATS,-1,12.232,,200.000,238592,base=233 next=245
2.843857,ACK,234,12.313,,,239616,"cum ack, base->234"
2.845442,SEND,245,12.313,,200.000,239616,
2.846620,ACK,235,12.395,,,240640,"cum ack, base->235"
2.848240,SEND,246,12.395,,200.000,240640,
2.848318,NAK,235,12.395,,,240640,
2.848328,FASTRETX,235,12.395,,200.000,240640,nak
2.848397,DUPACK,235,12.395,,,240640,
2.848431,NAK,235,12.395,,,240640,
2.848481,DUPACK,235,12.395,,,240640,
2.848951,NAK,235,12.395,,,240640,
2.849036,DUPACK,235,12.395,,,240640,
2.849071,NAK,235,12.395,,,240640,
2.849100,DUPACK,235,12.395,,,240640,
2.850861,RETX,235,12.395,,200.000,240640,
2.851413,RETX,236,12.395,,200.000,240640,
2.851678,RETX,237,12.395,,200.000,240640,
2.851851,RETX,238,12.395,,200.000,240640,
2.852020,RETX,239,12.395,,200.000,240640,
2.852185,RETX,240,12.395,,200.000,240640,
2.852349,RETX,241,12.395,,200.000,240640,
2.852517,RETX,242,12.395,,200.000,240640,
2.852685,RETX,243,12.395,,200.000,240640,
2.852855,RETX,244,12.395,,200.000,240640,
2.853025,RETX,245,12.395,,200.000,240640,
2.853191,RETX,246,12.395,,200.000,240640,
2.853311,NAK,235,12.395,,,240640,
2.853366,DUPACK,235,12.395,,,240640,
2.853394,NAK,235,12.395,,,240640,
2.853421,DUPACK,235,12.395,,,240640,
2.853446,NAK,235,12.395,,,240640,
2.853472,DUPACK,235,12.395,,,240640,
2.853496,NAK,235,12.395,,,240640,
2.853521,DUPACK,235,12.395,,,240640,
2.853544,NAK,235,12.395,,,240640,
2.853569,DUPACK,235,12.395,,,240640,
2.885313,NAK,235,12.395,,,240640,
2.885472,DUPACK,235,12.395,,,240640,
2.885556,NAK,235,12.395,,,240640,
2.887393,DUPACK,235,12.395,,,240640,
2.898734,ACK,236,12.475,,,241664,"cum ack, base->236"
2.898795,ACK,237,12.555,,,242688,"cum ack, base->237"
2.898829,ACK,238,12.635,,,243712,"cum ack, base->238"
2.898861,ACK,239,12.714,,,244736,"cum ack, base->239"
2.901179,SEND,247,12.714,,200.000,244736,
2.901397,SEND,248,12.714,,200.000,244736,
2.901803,SEND,249,12.714,,200.000,244736,
2.902004,SEND,250,12.714,,200.000,244736,
2.902116,ACK,240,12.793,,,245760,"cum ack, base->240"
2.902317,ACK,241,12.871,,,246784,"cum ack, base->241"
2.902354,NAK,241,12.871,,,246784,
2.902364,FASTRETX,241,12.871,,200.000,246784,nak
2.902393,DUPACK,241,12.871,,,246784,
2.902419,NAK,241,12.871,,,246784,
2.902446,DUPACK,241,12.871,,,246784,
2.902471,DUPACK,241,12.871,,,246784,
2.905006,RETX,241,12.871,,200.000,246784,
2.905460,RETX,242,12.871,,200.000,246784,
2.905963,RETX,243,12.871,,200.000,246784,
2.906454,RETX,244,12.871,,200.000,246784,
2.907040,RETX,245,12.871,,200.000,246784,
2.907611,RETX,246,12.871,,200.000,246784,
2.907940,RETX,247,12.871,,200.000,246784,
2.908244,RETX,248,12.871,,200.000,246784,
2.908514,RETX,249,12.871,,200.000,246784,
2.908830,RETX,250,12.871,,200.000,246784,
2.909103,SEND,251,12.871,,200.000,246784,
2.909433,SEND,252,12.871,,200.000,246784,
2.909558,NAK,241,12.871,,,246784,
2.909646,DUPACK,241,12.871,,,246784,
2.909687,NAK,241,12.871,,,246784,
2.944317,STATS,-1,12.871,,200.000,246784,base=241 next=253
2.949046,NAK,241,12.871,,,246784,
2.949110,DUPACK,241,12.871,,,246784,
2.949139,NAK,241,12.871,,,246784,
2.949265,DUPACK,241,12.871,,,246784,
2.949292,NAK,241,12.871,,,246784,
2.949318,DUPACK,241,12.871,,,246784,
2.949362,ACK,242,12.949,,,247808,"cum ack, base->242"
2.949395,ACK,243,13.026,,,248832,"cum ack, base->243"
2.949694,SEND,253,13.026,,200.000,248832,
2.949873,SEND,254,13.026,,200.000,248832,
2.950040,SEND,255,13.026,,200.000,248832,
2.954596,ACK,245,13.179,,,250880,"cum ack, base->245"
2.954657,ACK,246,13.255,,,251904,"cum ack, base->246"
2.955524,SEND,256,13.255,,200.000,251904,
2.955715,SEND,257,13.255,,200.000,251904,
2.955891,SEND,258,13.255,,200.000,251904,
2.956001,ACK,247,13.330,,,252928,"cum ack, base->247"
2.956057,ACK,249,13.480,,,254976,"cum ack, base->249"
2.956165,ACK,250,13.554,,,256000,"cum ack, base->250"
2.956206,ACK,251,13.628,,,257024,"cum ack, base->251"
2.956241,ACK,252,13.701,,,258048,"cum ack, base->252"
2.956272,ACK,253,13.774,,,259072,"cum ack, base->253"
2.958909,SEND,259,13.774,,200.000,259072,
2.959293,SEND,260,13.774,,200.000,259072,
2.959652,SEND,261,13.774,,200.000,259072,
2.960007,SEND,262,13.774,,200.000,259072,
2.960362,SEND,263,13.774,,200.000,259072,
2.960690,SEND,264,13.774,,200.000,259072,
2.961013,SEND,265,13.774,,200.000,259072,
2.995946,ACK,254,13.847,,,260096,"cum ack, base->254"
2.996801,SEND,266,13.847,,200.000,260096,
3.000419,ACK,256,13.991,,,262144,"cum ack, base->256"
3.000656,ACK,257,14.062,,,263168,"cum ack, base->257"
3.000935,ACK,258,14.134,,,264192,"cum ack, base->258"
3.001908,SEND,267,14.134,,200.000,264192,
3.002152,SEND,268,14.134,,200.000,264192,
3.002332,SEND,269,14.134,,200.000,264192,
3.003056,SEND,270,14.134,,200.000,264192,
3.003247,SEND,271,14.134,,200.000,264192,
3.003385,ACK,259,14.204,,,265216,"cum ack, base->259"
3.003437,ACK,260,14.275,,,266240,"cum ack, base->260"
3.003470,ACK,261,14.345,,,267264,"cum ack, base->261"
3.006049,SEND,272,14.345,,200.000,267264,
3.006235,SEND,273,14.345,,200.000,267264,
3.006435,SEND,274,14.345,,200.000,267264,
3.011987,ACK,262,14.414,,,268288,"cum ack, base->262"
3.012058,ACK,263,14.484,,,269312,"cum ack, base->263"
3.012095,ACK,264,14.553,,,270336,"cum ack, base->264"
3.012128,ACK,265,14.622,,,271360,"cum ack, base->265"
3.012165,ACK,266,14.690,,,272384,"cum ack, base->266"
3.014346,SEND,275,14.690,,200.000,272384,
3.014606,SEND,276,14.690,,200.000,272384,
3.014843,SEND,277,14.690,,200.000,272384,
3.015086,SEND,278,14.690,,200.000,272384,
3.015263,SEND,279,14.690,,200.000,272384,
3.036892,ACK,267,14.758,,,273408,"cum ack, base->267"
3.038102,SEND,280,14.758,,200.000,273408,
3.039682,ACK,268,14.826,,,274432,"cum ack, base->268"
3.040984,SEND,281,14.826,,200.000,274432,
3.043086,ACK,269,14.893,,,275456,"cum ack, base->269"
3.043748,SEND,282,14.893,,200.000,275456,
3.046428,STATS,-1,14.893,,200.000,275456,base=269 next=283
3.049837,ACK,270,14.960,,,276480,"cum ack, base->270"
3.049919,ACK,271,15.027,,,277504,"cum ack, base->271"
3.051860,SEND,283,15.027,,200.000,277504,
3.052113,SEND,284,15.027,,200.000,277504,
3.052319,SEND,285,15.027,,200.000,277504,
3.052440,ACK,272,15.094,,,278528,"cum ack, base->272"
3.052509,ACK,273,15.160,,,279552,"cum ack, base->273"
3.055094,SEND,286,15.160,,200.000,279552,
3.055278,SEND,287,15.160,,200.000,279552,
3.056771,ACK,274,15.226,,,280576,"cum ack, base->274"
3.056833,ACK,275,15.292,,,281600,"cum ack, base->275"
3.056869,ACK,276,15.357,,,282624,"cum ack, base->276"
3.057425,ACK,277,15.422,,,283648,"cum ack, base->277"
3.057939,SEND,288,15.422,,200.000,283648,
3.058121,SEND,289,15.422,,200.000,283648,
3.058330,SEND,290,15.422,,200.000,283648,
3.058511,SEND,291,15.422,,200.000,283648,
3.064259,ACK,278,15.487,,,284672,"cum ack, base->278"
3.066544,SEND,292,15.487,,200.000,284672,
3.067592,ACK,279,15.552,,,285696,"cum ack, base->279"
3.067776,ACK,280,15.616,,,286720,"cum ack, base->280"
3.069425,SEND,293,15.616,,200.000,286720,
3.069614,SEND,294,15.616,,200.000,286720,
3.077803,ACK,281,15.680,,,287744,"cum ack, base->281"
3.079802,SEND,295,15.680,,200.000,287744,
3.088750,ACK,282,15.744,,,288768,"cum ack, base->282"
3.088813,ACK,283,15.807,,,289792,"cum ack, base->283"
3.090377,SEND,296,15.807,,200.000,289792,
3.090586,SEND,297,15.807,,200.000,289792,
3.101591,ACK,284,15.871,,,290816,"cum ack, base->284"
3.101713,ACK,285,15.934,,,291840,"cum ack, base->285"
3.101763,ACK,286,15.996,,,292864,"cum ack, base->286"
3.103417,SEND,298,15.996,,200.000,292864,
3.103608,SEND,299,15.996,,200.000,292864,
3.103781,SEND,300,15.996,,200.000,292864,
3.106132,ACK,287,16.059,,,293888,"cum ack, base->287"
3.106193,ACK,288,16.121,,,294912,"cum ack, base->288"
3.106512,SEND,301,16.121,,200.000,294912,
3.106686,SEND,302,16.121,,200.000,294912,
3.106855,SEND,303,16.121,,200.000,294912,
3.109692,ACK,289,16.183,,,295936,"cum ack, base->289"
3.109770,ACK,290,16.245,,,296960,"cum ack, base->290"
3.109808,ACK,291,16.306,,,297984,"cum ack, base->291"
3.109841,ACK,292,16.368,,,299008,"cum ack, base->292"
3.112208,SEND,304,16.368,,200.000,299008,
3.112398,SEND,305,16.368,,200.000,299008,
3.112601,SEND,306,16.368,,200.000,299008,
3.112779,SEND,307,16.368,,200.000,299008,
3.112901,ACK,293,16.429,,,300032,"cum ack, base->293"
3.112955,ACK,294,16.490,,,301056,"cum ack, base->294"
3.112995,ACK,295,16.550,,,302080,"cum ack, base->295"
3.115613,SEND,308,16.550,,200.000,302080,
3.115895,SEND,309,16.550,,200.000,302080,
3.116077,SEND,310,16.550,,200.000,302080,
3.132658,ACK,296,16.611,,,303104,"cum ack, base->296"
3.132756,ACK,297,16.671,,,304128,"cum ack, base->297"
3.132802,ACK,298,16.731,,,305152,"cum ack, base->298"
3.133498,SEND,311,16.731,,200.000,305152,
3.133730,SEND,312,16.731,,200.000,305152,
3.133974,SEND,313,16.731,,200.000,305152,
3.146898,STATS,-1,16.731,,200.000,305152,base=298 next=314
3.148354,ACK,299,16.791,,,306176,"cum ack, base->299"
3.148484,ACK,300,16.850,,,307200,"cum ack, base->300"
3.148537,ACK,301,16.910,,,308224,"cum ack, base->301"
3.149748,SEND,314,16.910,,200.000,308224,
3.150043,SEND,315,16.910,,200.000,308224,
3.150235,SEND,316,16.910,,200.000,308224,
3.155460,ACK,302,16.969,,,309248,"cum ack, base->302"
3.157325,ACK,305,17.145,,,312320,"cum ack, base->305"
3.157399,ACK,306,17.203,,,313344,"cum ack, base->306"
3.157799,SEND,317,17.203,,200.000,313344,
3.157977,SEND,318,17.203,,200.000,313344,
3.158275,SEND,319,17.203,,200.000,313344,
3.158456,SEND,320,17.203,,200.000,313344,
3.158631,SEND,321,17.203,,200.000,313344,
3.158802,SEND,322,17.203,,200.000,313344,
3.161094,ACK,308,17.319,,,315392,"cum ack, base->308"
3.161161,ACK,309,17.377,,,316416,"cum ack, base->309"
3.161548,SEND,323,17.377,,200.000,316416,
3.161724,SEND,324,17.377,,200.000,316416,
3.161889,SEND,325,17.377,,200.000,316416,
3.163556,ACK,310,17.435,,,317440,"cum ack, base->310"
3.163636,ACK,311,17.492,,,318464,"cum ack, base->311"
3.164632,SEND,326,17.492,,200.000,318464,
3.164963,SEND,327,17.492,,200.000,318464,
3.176768,ACK,312,17.549,,,319488,"cum ack, base->312"
3.178146,SEND,328,17.549,,200.000,319488,
3.180242,ACK,313,17.606,,,320512,"cum ack, base->313"
3.180350,ACK,314,17.663,,,321536,"cum ack, base->314"
3.181124,SEND,329,17.663,,200.000,321536,
3.181783,SEND,330,17.663,,200.000,321536,
3.197595,ACK,315,17.720,,,322560,"cum ack, base->315"
3.197669,ACK,316,17.776,,,323584,"cum ack, base->316"
3.197700,NAK,316,17.776,,,323584,
3.197716,FASTRETX,316,15.801,,200.000,323584,nak
3.197743,DUPACK,316,15.801,,,323584,
3.200331,RETX,316,15.801,,200.000,323584,
3.200522,RETX,317,15.801,,200.000,323584,
3.200713,RETX,318,15.801,,200.000,323584,
3.200971,RETX,319,15.801,,200.000,323584,
3.201251,RETX,320,15.801,,200.000,323584,
3.201435,RETX,321,15.801,,200.000,323584,
3.201754,RETX,322,15.801,,200.000,323584,
3.202022,RETX,323,15.801,,200.000,323584,
3.202214,RETX,324,15.801,,200.000,323584,
3.202388,RETX,325,15.801,,200.000,323584,
3.202654,RETX,326,15.801,,200.000,323584,
3.202976,RETX,327,15.801,,200.000,323584,
3.203148,RETX,328,15.801,,200.000,323584,
3.203370,RETX,329,15.801,,200.000,323584,
3.203574,RETX,330,15.801,,200.000,323584,
3.204454,NAK,316,15.801,,,323584,
3.204949,DUPACK,316,15.801,,,323584,
3.205006,NAK,316,15.801,,,323584,
3.206204,DUPACK,316,15.801,,,323584,
3.210983,NAK,316,15.801,,,323584,
3.212005,DUPACK,316,15.801,,,323584,
3.212063,NAK,316,15.801,,,323584,
3.212108,DUPACK,316,15.801,,,323584,
3.212146,NAK,316,15.801,,,323584,
3.212178,DUPACK,316,15.801,,,323584,
3.212217,NAK,316,15.801,,,323584,
3.212252,DUPACK,316,15.801,,,323584,
3.212281,NAK,316,15.801,,,323584,
3.212311,DUPACK,316,15.801,,,323584,
3.212341,DUPACK,316,15.801,,,323584,
3.212370,NAK,316,15.801,,,323584,
3.213317,DUPACK,316,15.801,,,323584,
3.221358,NAK,316,15.801,,,323584,
3.224034,DUPACK,316,15.801,,,323584,
3.226680,NAK,316,15.801,,,323584,
3.227083,DUPACK,316,15.801,,,323584,
3.244219,ACK,317,15.864,,,324608,"cum ack, base->317"
3.245915,SEND,331,15.864,,200.000,324608,
3.248140,STATS,-1,15.864,,200.000,324608,base=317 next=332
3.251075,ACK,318,15.927,,,325632,"cum ack, base->318"
3.251194,ACK,319,15.990,,,326656,"cum ack, base->319"
3.252496,ACK,320,16.053,,,327680,"cum ack, base->320"
3.252562,ACK,321,16.115,,,328704,"cum ack, base->321"
3.252596,ACK,322,16.177,,,329728,"cum ack, base->322"
3.253758,SEND,332,16.177,,200.000,329728,
3.254231,SEND,333,16.177,,200.000,329728,
3.255150,SEND,334,16.177,,200.000,329728,
3.255373,SEND,335,16.177,,200.000,329728,
3.255623,SEND,336,16.177,,200.000,329728,
3.255870,SEND,337,16.177,,200.000,329728,
3.256004,ACK,323,16.239,,,330752,"cum ack, base->323"
3.256067,ACK,324,16.300,,,331776,"cum ack, base->324"
3.256106,ACK,325,16.362,,,332800,"cum ack, base->325"
3.256147,ACK,326,16.423,,,333824,"cum ack, base->326"
3.256184,ACK,327,16.484,,,334848,"cum ack, base->327"
3.256221,ACK,328,16.544,,,335872,"cum ack, base->328"
3.256258,ACK,329,16.605,,,336896,"cum ack, base->329"
3.256295,ACK,330,16.665,,,337920,"cum ack, base->330"
3.256331,ACK,331,16.725,,,338944,"cum ack, base->331"
3.258671,SEND,338,16.725,,200.000,338944,
3.258861,SEND,339,16.725,,200.000,338944,
3.259036,SEND,340,16.725,,200.000,338944,
3.259212,SEND,341,16.725,,200.000,338944,
3.259386,SEND,342,16.725,,200.000,338944,
3.259565,SEND,343,16.725,,200.000,338944,
3.259736,SEND,344,16.725,,200.000,338944,
3.259904,SEND,345,16.725,,200.000,338944,
3.260072,SEND,346,16.725,,200.000,338944,
3.280405,ACK,332,16.785,,,339968,"cum ack, base->332"
3.280748,SEND,347,16.785,,200.000,339968,
3.291618,ACK,333,16.844,,,340992,"cum ack, base->333"
3.292842,SEND,348,16.844,,200.000,340992,
3.306883,ACK,334,16.904,,,342016,"cum ack, base->334"
3.306975,ACK,335,16.963,,,343040,"cum ack, base->335"
3.307029,ACK,336,17.022,,,344064,"cum ack, base->336"
3.307093,ACK,337,17.081,,,345088,"cum ack, base->337"
3.307156,ACK,338,17.139,,,346112,"cum ack, base->338"
3.307206,ACK,339,17.197,,,347136,"cum ack, base->339"
3.307255,ACK,340,17.256,,,348160,"cum ack, base->340"
3.308033,SEND,349,17.256,,200.000,348160,
3.308342,SEND,350,17.256,,200.000,348160,
3.308724,SEND,351,17.256,,200.000,348160,
3.309503,SEND,352,17.256,,200.000,348160,
3.309951,SEND,353,17.256,,200.000,348160,
3.310238,SEND,354,17.256,,200.000,348160,
3.310710,SEND,355,17.256,,200.000,348160,
3.310962,SEND,356,17.256,,200.000,348160,
3.311232,ACK,341,17.314,,,349184,"cum ack, base->341"
3.311296,ACK,342,17.371,,,350208,"cum ack, base->342"
3.311363,ACK,343,17.429,,,351232,"cum ack, base->343"
3.311404,ACK,345,17.543,,,353280,"cum ack, base->345"
3.311444,ACK,346,17.600,,,354304,"cum ack, base->346"
3.311722,ACK,347,17.657,,,355328,"cum ack, base->347"
3.313970,SEND,357,17.657,,200.000,355328,
3.314244,SEND,358,17.657,,200.000,355328,
3.314488,SEND,359,17.657,,200.000,355328,
3.314678,SEND,360,17.657,,200.000,355328,
3.314854,SEND,361,17.657,,200.000,355328,
3.315121,SEND,362,17.657,,200.000,355328,
3.315302,SEND,363,17.657,,200.000,355328,
3.326807,ACK,348,17.714,,,356352,"cum ack, base->348"
3.326954,ACK,349,17.770,,,357376,"cum ack, base->349"
3.328491,SEND,364,17.770,,200.000,357376,
3.328752,SEND,365,17.770,,200.000,357376,
3.348813,STATS,-1,17.770,,200.000,357376,base=349 next=366
3.352168,NAK,349,17.770,,,357376,
3.352208,FASTRETX,349,15.796,,200.000,357376,nak
3.352264,DUPACK,349,15.796,,,357376,
3.352298,NAK,349,15.796,,,357376,
3.352344,DUPACK,349,15.796,,,357376,
3.352448,NAK,349,15.796,,,357376,
3.352480,DUPACK,349,15.796,,,357376,
3.354911,RETX,349,15.796,,200.000,357376,
3.355210,RETX,350,15.796,,200.000,357376,
3.355522,RETX,351,15.796,,200.000,357376,
3.356089,RETX,352,15.796,,200.000,357376,
3.356443,RETX,353,15.796,,200.000,357376,
3.356653,RETX,354,15.796,,200.000,357376,
3.356866,RETX,355,15.796,,200.000,357376,
3.357123,RETX,356,15.796,,200.000,357376,
3.357379,RETX,357,15.796,,200.000,357376,
3.357586,RETX,358,15.796,,200.000,357376,
3.357869,RETX,359,15.796,,200.000,357376,
3.358090,RETX,360,15.796,,200.000,357376,
3.358341,RETX,361,15.796,,200.000,357376,
3.358514,RETX,362,15.796,,200.000,357376,
3.358682,RETX,363,15.796,,200.000,357376,
3.358809,NAK,349,15.796,,,357376,
3.358863,DUPACK,349,15.796,,,357376,
3.358891,NAK,349,15.796,,,357376,
3.358919,DUPACK,349,15.796,,,357376,
3.358944,NAK,349,15.796,,,357376,
3.358971,DUPACK,349,15.796,,,357376,
3.363437,NAK,349,15.796,,,357376,
3.363514,DUPACK,349,15.796,,,357376,
3.363551,NAK,349,15.796,,,357376,
3.363611,DUPACK,349,15.796,,,357376,
3.363643,NAK,349,15.796,,,357376,
3.365004,DUPACK,349,15.796,,,357376,
3.365059,NAK,349,15.796,,,357376,
3.365093,DUPACK,349,15.796,,,357376,
3.365124,NAK,349,15.796,,,357376,
3.365888,DUPACK,349,15.796,,,357376,
3.365975,NAK,349,15.796,,,357376,
3.366013,DUPACK,349,15.796,,,357376,
3.366045,NAK,349,15.796,,,357376,
3.366076,DUPACK,349,15.796,,,357376,
3.366106,NAK,349,15.796,,,357376,
3.367171,DUPACK,349,15.796,,,357376,
3.374908,NAK,349,15.796,,,357376,
3.374995,DUPACK,349,15.796,,,357376,
3.399450,ACK,350,15.859,,,358400,"cum ack, base->350"
3.399919,ACK,352,15.985,,,360448,"cum ack, base->352"
3.399994,ACK,353,16.048,,,361472,"cum ack, base->353"
3.400302,RETX,364,16.048,,200.000,361472,
3.400597,RETX,365,16.048,,200.000,361472,
3.400863,SEND,366,16.048,,200.000,361472,
3.401082,SEND,367,16.048,,200.000,361472,
3.401334,SEND,368,16.048,,200.000,361472,
3.401429,ACK,354,16.110,,,362496,"cum ack, base->354"
3.401479,ACK,355,16.172,,,363520,"cum ack, base->355"
3.401523,ACK,357,16.295,,,365568,"cum ack, base->357"
3.401638,ACK,358,16.357,,,366592,"cum ack, base->358"
3.401683,NAK,358,16.357,,,366592,
3.401695,FASTRETX,358,16.357,,200.000,366592,nak
3.404189,RETX,358,16.357,,200.000,366592,
3.404448,RETX,359,16.357,,200.000,366592,
3.404658,RETX,360,16.357,,200.000,366592,
3.404839,RETX,361,16.357,,200.000,366592,
3.405203,RETX,362,16.357,,200.000,366592,
3.405389,RETX,363,16.357,,200.000,366592,
3.405674,RETX,364,16.357,,200.000,366592,
3.405874,RETX,365,16.357,,200.000,366592,
3.406062,RETX,366,16.357,,200.000,366592,
3.406290,RETX,367,16.357,,200.000,366592,
3.406469,RETX,368,16.357,,200.000,366592,
3.406638,SEND,369,16.357,,200.000,366592,
3.406913,SEND,370,16.357,,200.000,366592,
3.407196,SEND,371,16.357,,200.000,366592,
3.407368,SEND,372,16.357,,200.000,366592,
3.407536,SEND,373,16.357,,200.000,366592,
3.407817,DUPACK,358,16.357,,,366592,
3.407862,NAK,358,16.357,,,366592,
3.407894,DUPACK,358,16.357,,,366592,
3.407921,NAK,358,16.357,,,366592,
3.407946,DUPACK,358,16.357,,,366592,
3.407970,NAK,358,16.357,,,366592,
3.407997,DUPACK,358,16.357,,,366592,
3.409354,NAK,358,16.357,,,366592,
3.409421,DUPACK,358,16.357,,,366592,
3.448263,NAK,358,16.357,,,366592,
3.448311,DUPACK,358,16.357,,,366592,
3.448333,NAK,358,16.357,,,366592,
3.448353,DUPACK,358,16.357,,,366592,
3.448373,NAK,358,16.357,,,366592,
3.450571,STATS,-1,16.357,,200.000,366592,base=358 next=374
3.452097,DUPACK,358,16.357,,,366592,
3.452146,NAK,358,16.357,,,366592,
3.452175,DUPACK,358,16.357,,,366592,
3.452214,ACK,359,16.418,,,367616,"cum ack, base->359"
3.452244,ACK,360,16.479,,,368640,"cum ack, base->360"
3.453305,SEND,374,16.479,,200.000,368640,
3.453489,SEND,375,16.479,,200.000,368640,
3.457629,ACK,361,16.540,,,369664,"cum ack, base->361"
3.457692,ACK,362,16.600,,,370688,"cum ack, base->362"
3.457733,ACK,363,16.660,,,371712,"cum ack, base->363"
3.457765,ACK,364,16.720,,,372736,"cum ack, base->364"
3.457797,ACK,365,16.780,,,373760,"cum ack, base->365"
3.457822,ACK,366,16.840,,,374784,"cum ack, base->366"
3.457847,ACK,367,16.899,,,375808,"cum ack, base->367"
3.457871,ACK,368,16.958,,,376832,"cum ack, base->368"
3.457894,ACK,369,17.017,,,377856,"cum ack, base->369"
3.457917,ACK,370,17.076,,,378880,"cum ack, base->370"
3.457941,ACK,371,17.135,,,379904,"cum ack, base->371"
3.457964,ACK,372,17.193,,,380928,"cum ack, base->372"
3.457989,ACK,373,17.251,,,381952,"cum ack, base->373"
3.458013,ACK,374,17.309,,,382976,"cum ack, base->374"
3.458768,SEND,376,17.309,,200.000,382976,
3.458961,SEND,377,17.309,,200.000,382976,
3.459142,SEND,378,17.309,,200.000,382976,
3.459317,SEND,379,17.309,,200.000,382976,
3.459494,SEND,380,17.309,,200.000,382976,
3.459673,SEND,381,17.309,,200.000,382976,
3.459850,SEND,382,17.309,,200.000,382976,
3.460028,SEND,383,17.309,,200.000,382976,
3.460204,SEND,384,17.309,,200.000,382976,
3.460382,SEND,385,17.309,,200.000,382976,
3.460560,SEND,386,17.309,,200.000,382976,
3.460759,SEND,387,17.309,,200.000,382976,
3.460936,SEND,388,17.309,,200.000,382976,
3.461112,SEND,389,17.309,,200.000,382976,
3.461289,SEND,390,17.309,,200.000,382976,
3.496461,ACK,375,17.367,,,384000,"cum ack, base->375"
3.496780,SEND,391,17.367,,200.000,384000,
3.498996,ACK,376,17.424,,,385024,"cum ack, base->376"
3.499037,ACK,377,17.482,,,386048,"cum ack, base->377"
3.499541,SEND,392,17.482,,200.000,386048,
3.499772,SEND,393,17.482,,200.000,386048,
3.506797,ACK,378,17.539,,,387072,"cum ack, base->378"
3.507619,SEND,394,17.539,,200.000,387072,
3.511981,ACK,379,17.596,,,388096,"cum ack, base->379"
3.512051,NAK,379,17.596,,,388096,
3.512088,FASTRETX,379,15.641,,200.000,388096,nak
3.512140,DUPACK,379,15.641,,,388096,
3.512173,NAK,379,15.641,,,388096,
3.512342,DUPACK,379,15.641,,,388096,
3.512375,NAK,379,15.641,,,388096,
3.512407,DUPACK,379,15.641,,,388096,
3.512665,RETX,379,15.641,,200.000,388096,
3.512916,RETX,380,15.641,,200.000,388096,
3.513215,RETX,381,15.641,,200.000,388096,
3.513641,RETX,382,15.641,,200.000,388096,
3.513883,RETX,383,15.641,,200.000,388096,
3.514096,RETX,384,15.641,,200.000,388096,
3.514305,RETX,385,15.641,,200.000,388096,
3.514515,RETX,386,15.641,,200.000,388096,
3.514852,RETX,387,15.641,,200.000,388096,
3.515167,RETX,388,15.641,,200.000,388096,
3.515410,RETX,389,15.641,,200.000,388096,
3.515637,RETX,390,15.641,,200.000,388096,
3.515863,RETX,391,15.641,,200.000,388096,
3.516089,RETX,392,15.641,,200.000,388096,
3.516317,RETX,393,15.641,,200.000,388096,
3.516365,NAK,379,15.641,,,388096,
3.516438,DUPACK,379,15.641,,,388096,
3.516471,DUPACK,379,15.641,,,388096,
3.516498,NAK,379,15.641,,,388096,
3.516524,DUPACK,379,15.641,,,388096,
3.516550,NAK,379,15.641,,,388096,
3.516575,DUPACK,379,15.641,,,388096,
3.516600,NAK,379,15.641,,,388096,
3.516625,DUPACK,379,15.641,,,388096,
3.516648,NAK,379,15.641,,,388096,
3.516676,DUPACK,379,15.641,,,388096,
3.516700,NAK,379,15.641,,,388096,
3.516724,DUPACK,379,15.641,,,388096,
3.516747,NAK,379,15.641,,,388096,
3.516772,DUPACK,379,15.641,,,388096,
3.546849,NAK,379,15.641,,,388096,
3.546916,DUPACK,379,15.641,,,388096,
3.546945,NAK,379,15.641,,,388096,
3.546975,DUPACK,379,15.641,,,388096,
3.547000,NAK,379,15.641,,,388096,
3.547025,DUPACK,379,15.641,,,388096,
3.550567,NAK,379,15.641,,,388096,
3.551704,STATS,-1,15.641,,200.000,388096,base=379 next=394
3.559338,DUPACK,379,15.641,,,388096,
3.562365,ACK,380,15.705,,,389120,"cum ack, base->380"
3.562440,ACK,381,15.768,,,390144,"cum ack, base->381"
3.562480,ACK,382,15.832,,,391168,"cum ack, base->382"
3.562519,ACK,383,15.895,,,392192,"cum ack, base->383"
3.562557,ACK,384,15.958,,,393216,"cum ack, base->384"
3.562593,ACK,385,16.021,,,394240,"cum ack, base->385"
3.562630,ACK,386,16.083,,,395264,"cum ack, base->386"
3.562666,ACK,387,16.145,,,396288,"cum ack, base->387"
3.564426,RETX,394,16.145,,200.000,396288,
3.564769,SEND,395,16.145,,200.000,396288,
3.565001,SEND,396,16.145,,200.000,396288,
3.565223,SEND,397,16.145,,200.000,396288,
3.565400,SEND,398,16.145,,200.000,396288,
3.565607,SEND,399,16.145,,200.000,396288,
3.565778,SEND,400,16.145,,200.000,396288,
3.565995,SEND,401,16.145,,200.000,396288,
3.566255,SEND,402,16.145,,200.000,396288,
3.566507,ACK,388,16.207,,,397312,"cum ack, base->388"
3.566560,ACK,389,16.269,,,398336,"cum ack, base->389"
3.566595,ACK,390,16.330,,,399360,"cum ack, base->390"
3.566700,ACK,391,16.392,,,400384,"cum ack, base->391"
3.566789,ACK,392,16.453,,,401408,"cum ack, base->392"
3.566828,ACK,393,16.513,,,402432,"cum ack, base->393"
3.566862,ACK,394,16.574,,,403456,"cum ack, base->394"
3.569030,SEND,403,16.574,,200.000,403456,
3.569268,SEND,404,16.574,,200.000,403456,
3.569454,SEND,405,16.574,,200.000,403456,
3.569705,SEND,406,16.574,,200.000,403456,
3.569938,SEND,407,16.574,,200.000,403456,
3.570148,SEND,408,16.574,,200.000,403456,
3.570444,SEND,409,16.574,,200.000,403456,
3.606371,ACK,395,16.634,,,404480,"cum ack, base->395"
3.608878,SEND,410,16.634,,200.000,404480,
3.619650,ACK,396,16.694,,,405504,"cum ack, base->396"
3.619861,ACK,397,16.754,,,406528,"cum ack, base->397"
3.619952,ACK,398,16.814,,,407552,"cum ack, base->398"
3.620000,NAK,398,16.814,,,407552,
3.620021,FASTRETX,398,14.946,,200.000,407552,nak
3.620119,DUPACK,398,14.946,,,407552,
3.620170,NAK,398,14.946,,,407552,
3.620356,DUPACK,398,14.946,,,407552,
3.620524,NAK,398,14.946,,,407552,
3.620568,DUPACK,398,14.946,,,407552,
3.620607,NAK,398,14.946,,,407552,
3.620646,DUPACK,398,14.946,,,407552,
3.620684,NAK,398,14.946,,,407552,
3.620723,DUPACK,398,14.946,,,407552,
3.620760,NAK,398,14.946,,,407552,
3.620798,DUPACK,398,14.946,,,407552,
3.620836,NAK,398,14.946,,,407552,
3.620874,DUPACK,398,14.946,,,407552,
3.620977,NAK,398,14.946,,,407552,
3.621321,RETX,398,14.946,,200.000,407552,
3.621534,RETX,399,14.946,,200.000,407552,
3.621751,RETX,400,14.946,,200.000,407552,
3.621956,RETX,401,14.946,,200.000,407552,
3.622160,RETX,402,14.946,,200.000,407552,
3.622373,RETX,403,14.946,,200.000,407552,
3.622591,RETX,404,14.946,,200.000,407552,
3.622802,RETX,405,14.946,,200.000,407552,
3.623008,RETX,406,14.946,,200.000,407552,
3.623210,RETX,407,14.946,,200.000,407552,
3.623378,RETX,408,14.946,,200.000,407552,
3.623547,RETX,409,14.946,,200.000,407552,
3.623713,RETX,410,14.946,,200.000,407552,
3.623883,SEND,411,14.946,,200.000,407552,
3.623999,DUPACK,398,14.946,,,407552,
3.624062,NAK,398,14.946,,,407552,
3.624098,DUPACK,398,14.946,,,407552,
3.645012,NAK,398,14.946,,,407552,
3.651797,DUPACK,398,14.946,,,407552,
3.654140,STATS,-1,14.946,,200.000,407552,base=398 next=412
3.666890,ACK,399,15.013,,,408576,"cum ack, base->399"
3.667099,ACK,400,15.079,,,409600,"cum ack, base->400"
3.667575,SEND,412,15.079,,200.000,409600,
3.668539,SEND,413,15.079,,200.000,409600,
3.669841,SEND,414,15.079,,200.000,409600,
3.671680,ACK,401,15.146,,,410624,"cum ack, base->401"
3.671744,ACK,402,15.212,,,411648,"cum ack, base->402"
3.671782,ACK,403,15.277,,,412672,"cum ack, base->403"
3.671814,ACK,404,15.343,,,413696,"cum ack, base->404"
3.671849,ACK,405,15.408,,,414720,"cum ack, base->405"
3.671885,ACK,406,15.473,,,415744,"cum ack, base->406"
3.671917,ACK,407,15.538,,,416768,"cum ack, base->407"
3.671947,ACK,408,15.602,,,417792,"cum ack, base->408"
3.671978,ACK,409,15.666,,,418816,"cum ack, base->409"
3.672008,ACK,410,15.730,,,419840,"cum ack, base->410"
3.672690,SEND,415,15.730,,200.000,419840,
3.672890,SEND,416,15.730,,200.000,419840,
3.673133,SEND,417,15.730,,200.000,419840,
3.673317,SEND,418,15.730,,200.000,419840,
3.673487,SEND,419,15.730,,200.000,419840,
3.673657,SEND,420,15.730,,200.000,419840,
3.673826,SEND,421,15.730,,200.000,419840,
3.674114,SEND,422,15.730,,200.000,419840,
3.674350,SEND,423,15.730,,200.000,419840,
3.674577,SEND,424,15.730,,200.000,419840,
3.674982,NAK,410,15.730,,,419840,
3.674995,FASTRETX,410,15.730,,200.000,419840,nak
3.675028,DUPACK,410,15.730,,,419840,
3.677347,RETX,410,15.730,,200.000,419840,
3.677581,RETX,411,15.730,,200.000,419840,
3.677808,RETX,412,15.730,,200.000,419840,
3.678035,RETX,413,15.730,,200.000,419840,
3.678257,RETX,414,15.730,,200.000,419840,
3.678481,RETX,415,15.730,,200.000,419840,
3.678705,RETX,416,15.730,,200.000,419840,
3.678931,RETX,417,15.730,,200.000,419840,
3.679159,RETX,418,15.730,,200.000,419840,
3.679384,RETX,419,15.730,,200.000,419840,
3.679609,RETX,420,15.730,,200.000,419840,
3.679834,RETX,421,15.730,,200.000,419840,
3.680061,RETX,422,15.730,,200.000,419840,
3.680304,RETX,423,15.730,,200.000,419840,
3.680531,RETX,424,15.730,,200.000,419840,
3.710225,NAK,410,15.730,,,419840,
3.710255,DUPACK,410,15.730,,,419840,
3.716121,NAK,410,15.730,,,419840,
3.716652,DUPACK,410,15.730,,,419840,
3.716682,NAK,410,15.730,,,419840,
3.716708,DUPACK,410,15.730,,,419840,
3.724636,NAK,410,15.730,,,419840,
3.724706,DUPACK,410,15.730,,,419840,
3.725561,NAK,410,15.730,,,419840,
3.725618,DUPACK,410,15.730,,,419840,
3.725647,NAK,410,15.730,,,419840,
3.725676,DUPACK,410,15.730,,,419840,
3.725702,DUPACK,410,15.730,,,419840,
3.725727,NAK,410,15.730,,,419840,
3.725751,DUPACK,410,15.730,,,419840,
3.725778,NAK,410,15.730,,,419840,
3.725806,DUPACK,410,15.730,,,419840,
3.725830,NAK,410,15.730,,,419840,
3.725854,NAK,410,15.730,,,419840,
3.725879,DUPACK,410,15.730,,,419840,
3.727763,NAK,410,15.730,,,419840,
3.727827,DUPACK,410,15.730,,,419840,
3.727858,NAK,410,15.730,,,419840,
3.727888,DUPACK,410,15.730,,,419840,
3.727935,ACK,411,15.793,,,420864,"cum ack, base->411"
3.727971,ACK,412,15.857,,,421888,"cum ack, base->412"
3.728006,ACK,413,15.920,,,422912,"cum ack, base->413"
3.728036,ACK,414,15.983,,,423936,"cum ack, base->414"
3.728062,NAK,414,15.983,,,423936,
3.728073,FASTRETX,414,14.207,,200.000,423936,nak
3.728101,DUPACK,414,14.207,,,423936,
3.728128,NAK,414,14.207,,,423936,
3.728156,DUPACK,414,14.207,,,423936,
3.728181,NAK,414,14.207,,,423936,
3.728206,DUPACK,414,14.207,,,423936,
3.728253,NAK,414,14.207,,,423936,
3.728278,DUPACK,414,14.207,,,423936,
3.728301,NAK,414,14.207,,,423936,
3.728326,DUPACK,414,14.207,,,423936,
3.728352,NAK,414,14.207,,,423936,
3.728377,DUPACK,414,14.207,,,423936,
3.728437,NAK,414,14.207,,,423936,
3.728500,DUPACK,414,14.207,,,423936,
3.728638,DUPACK,414,14.207,,,423936,
3.728667,NAK,414,14.207,,,423936,
3.728694,DUPACK,414,14.207,,,423936,
3.728719,NAK,414,14.207,,,423936,
3.729509,RETX,414,14.207,,200.000,423936,
3.729694,RETX,415,14.207,,200.000,423936,
3.729863,RETX,416,14.207,,200.000,423936,
3.730031,RETX,417,14.207,,200.000,423936,
3.730209,RETX,418,14.207,,200.000,423936,
3.730382,RETX,419,14.207,,200.000,423936,
3.730549,RETX,420,14.207,,200.000,423936,
3.730717,RETX,421,14.207,,200.000,423936,
3.730883,RETX,422,14.207,,200.000,423936,
3.731098,RETX,423,14.207,,200.000,423936,
3.731302,RETX,424,14.207,,200.000,423936,
3.731589,SEND,425,14.207,,200.000,423936,
3.731772,SEND,426,14.207,,200.000,423936,
3.731945,SEND,427,14.207,,200.000,423936,
3.732064,DUPACK,414,14.207,,,423936,
3.754806,STATS,-1,14.207,,200.000,423936,base=414 next=428
3.780467,ACK,415,14.277,,,424960,"cum ack, base->415"
3.780538,ACK,416,14.347,,,425984,"cum ack, base->416"
3.780642,ACK,417,14.417,,,427008,"cum ack, base->417"
3.780697,ACK,418,14.486,,,428032,"cum ack, base->418"
3.780734,ACK,419,14.555,,,429056,"cum ack, base->419"
3.780770,ACK,420,14.624,,,430080,"cum ack, base->420"
3.780803,ACK,421,14.692,,,431104,"cum ack, base->421"
3.780835,ACK,422,14.760,,,432128,"cum ack, base->422"
3.780934,ACK,423,14.828,,,433152,"cum ack, base->423"
3.781610,SEND,428,14.828,,200.000,433152,
3.781790,SEND,429,14.828,,200.000,433152,
3.782159,SEND,430,14.828,,200.000,433152,
3.782412,SEND,431,14.828,,200.000,433152,
3.782777,SEND,432,14.828,,200.000,433152,
3.783014,SEND,433,14.828,,200.000,433152,
3.783363,SEND,434,14.828,,200.000,433152,
3.783651,SEND,435,14.828,,200.000,433152,
3.784013,SEND,436,14.828,,200.000,433152,
3.784157,ACK,424,14.896,,,434176,"cum ack, base->424"
3.784207,ACK,425,14.963,,,435200,"cum ack, base->425"
3.784242,ACK,426,15.030,,,436224,"cum ack, base->426"
3.784936,ACK,427,15.096,,,437248,"cum ack, base->427"
3.785395,ACK,428,15.162,,,438272,"cum ack, base->428"
3.786729,SEND,437,15.162,,200.000,438272,
3.786940,SEND,438,15.162,,200.000,438272,
3.787160,SEND,439,15.162,,200.000,438272,
3.787370,SEND,440,15.162,,200.000,438272,
3.787546,SEND,441,15.162,,200.000,438272,
3.787788,SEND,442,15.162,,200.000,438272,
3.818266,ACK,429,15.228,,,439296,"cum ack, base->429"
3.820204,SEND,443,15.228,,200.000,439296,
3.831750,ACK,430,15.294,,,440320,"cum ack, base->430"
3.831839,ACK,431,15.359,,,441344,"cum ack, base->431"
3.831877,ACK,432,15.424,,,442368,"cum ack, base->432"
3.831906,NAK,432,15.424,,,442368,
3.831919,FASTRETX,432,13.711,,200.000,442368,nak
3.831948,DUPACK,432,13.711,,,442368,
3.831974,NAK,432,13.711,,,442368,
3.832005,DUPACK,432,13.711,,,442368,
3.832062,NAK,432,13.711,,,442368,
3.833428,RETX,432,13.711,,200.000,442368,
3.833640,RETX,433,13.711,,200.000,442368,
3.833813,RETX,434,13.711,,200.000,442368,
3.833983,RETX,435,13.711,,200.000,442368,
3.834152,RETX,436,13.711,,200.000,442368,
3.834329,RETX,437,13.711,,200.000,442368,
3.834758,RETX,438,13.711,,200.000,442368,
3.835064,RETX,439,13.711,,200.000,442368,
3.835520,RETX,440,13.711,,200.000,442368,
3.835818,RETX,441,13.711,,200.000,442368,
3.835992,RETX,442,13.711,,200.000,442368,
3.836199,RETX,443,13.711,,200.000,442368,
3.836453,SEND,444,13.711,,200.000,442368,
3.836583,DUPACK,432,13.711,,,442368,
3.837404,NAK,432,13.711,,,442368,
3.837556,DUPACK,432,13.711,,,442368,
3.837624,NAK,432,13.711,,,442368,
3.837663,DUPACK,432,13.711,,,442368,
3.837690,NAK,432,13.711,,,442368,
3.837721,DUPACK,432,13.711,,,442368,
3.837746,NAK,432,13.711,,,442368,
3.837793,DUPACK,432,13.711,,,442368,
3.837818,NAK,432,13.711,,,442368,
3.837843,DUPACK,432,13.711,,,442368,
3.838885,NAK,432,13.711,,,442368,
3.838937,DUPACK,432,13.711,,,442368,
3.838964,NAK,432,13.711,,,442368,
3.838990,DUPACK,432,13.711,,,442368,
3.856508,STATS,-1,13.711,,200.000,442368,base=432 next=445
3.861754,DUPACK,432,13.711,,,442368,
3.867263,ACK,433,13.784,,,443392,"cum ack, base->433"
3.869707,SEND,445,13.784,,200.000,443392,
3.872965,ACK,434,13.856,,,444416,"cum ack, base->434"
3.874626,SEND,446,13.856,,200.000,444416,
3.876617,ACK,435,13.928,,,445440,"cum ack, base->435"
3.877392,SEND,447,13.928,,200.000,445440,
3.884479,ACK,436,14.000,,,446464,"cum ack, base->436"
3.884686,ACK,437,14.071,,,447488,"cum ack, base->437"
3.884728,ACK,438,14.143,,,448512,"cum ack, base->438"
3.884767,ACK,441,14.354,,,451584,"cum ack, base->441"
3.885082,SEND,448,14.354,,200.000,451584,
3.885264,SEND,449,14.354,,200.000,451584,
3.885558,SEND,450,14.354,,200.000,451584,
3.885757,SEND,451,14.354,,200.000,451584,
3.885925,SEND,452,14.354,,200.000,451584,
3.886181,SEND,453,14.354,,200.000,451584,
3.886577,SEND,454,14.354,,200.000,451584,
3.887981,ACK,442,14.423,,,452608,"cum ack, base->442"
3.888178,ACK,443,14.493,,,453632,"cum ack, base->443"
3.888229,ACK,445,14.630,,,455680,"cum ack, base->445"
3.889410,SEND,455,14.630,,200.000,455680,
3.889628,SEND,456,14.630,,200.000,455680,
3.889836,SEND,457,14.630,,200.000,455680,
3.890042,SEND,458,14.630,,200.000,455680,
3.909417,ACK,446,14.699,,,456704,"cum ack, base->446"
3.910635,SEND,459,14.699,,200.000,456704,
3.925086,ACK,447,14.767,,,457728,"cum ack, base->447"
3.925468,SEND,460,14.767,,200.000,457728,
3.925552,ACK,448,14.834,,,458752,"cum ack, base->448"
3.927769,ACK,449,14.902,,,459776,"cum ack, base->449"
3.927895,ACK,450,14.969,,,460800,"cum ack, base->450"
3.927954,ACK,451,15.036,,,461824,"cum ack, base->451"
3.928006,ACK,452,15.102,,,462848,"cum ack, base->452"
3.928334,SEND,461,15.102,,200.000,462848,
3.928609,SEND,462,15.102,,200.000,462848,
3.928960,SEND,463,15.102,,200.000,462848,
3.929236,SEND,464,15.102,,200.000,462848,
3.929461,SEND,465,15.102,,200.000,462848,
3.929665,SEND,466,15.102,,200.000,462848,
3.935718,ACK,453,15.168,,,463872,"cum ack, base->453"
3.937690,SEND,467,15.168,,200.000,463872,
3.939420,ACK,454,15.234,,,464896,"cum ack, base->454"
3.939520,ACK,455,15.300,,,465920,"cum ack, base->455"
3.939577,ACK,456,15.365,,,466944,"cum ack, base->456"
3.939685,ACK,457,15.430,,,467968,"cum ack, base->457"
3.940384,ACK,458,15.495,,,468992,"cum ack, base->458"
3.940987,SEND,468,15.495,,200.000,468992,
3.941266,SEND,469,15.495,,200.000,468992,
3.941528,SEND,470,15.495,,200.000,468992,
3.941792,SEND,471,15.495,,200.000,468992,
3.942146,SEND,472,15.495,,200.000,468992,
3.942277,ACK,459,15.560,,,470016,"cum ack, base->459"
3.945067,SEND,473,15.560,,200.000,470016,
3.951135,ACK,460,15.624,,,471040,"cum ack, base->460"
3.952692,SEND,474,15.624,,200.000,471040,
3.957887,STATS,-1,15.624,,200.000,471040,base=460 next=475
3.971632,ACK,461,15.688,,,472064,"cum ack, base->461"
3.973437,SEND,475,15.688,,200.000,472064,
3.980857,ACK,462,15.752,,,473088,"cum ack, base->462"
3.981314,SEND,476,15.752,,200.000,473088,
3.981871,ACK,463,15.815,,,474112,"cum ack, base->463"
3.981931,ACK,464,15.879,,,475136,"cum ack, base->464"
3.982064,ACK,465,15.942,,,476160,"cum ack, base->465"
3.983924,ACK,466,16.004,,,477184,"cum ack, base->466"
3.984032,ACK,467,16.067,,,478208,"cum ack, base->467"
3.984272,SEND,477,16.067,,200.000,478208,
3.984716,SEND,478,16.067,,200.000,478208,
3.985032,SEND,479,16.067,,200.000,478208,
3.985494,SEND,480,16.067,,200.000,478208,
3.985868,SEND,481,16.067,,200.000,478208,
3.986194,SEND,482,16.067,,200.000,478208,
3.986485,ACK,468,16.129,,,479232,"cum ack, base->468"
3.988933,SEND,483,16.129,,200.000,479232,
3.990764,ACK,469,16.191,,,480256,"cum ack, base->469"
3.990854,ACK,470,16.253,,,481280,"cum ack, base->470"
3.990907,ACK,471,16.314,,,482304,"cum ack, base->471"
3.990960,ACK,472,16.376,,,483328,"cum ack, base->472"
3.991008,ACK,473,16.437,,,484352,"cum ack, base->473"
3.991055,ACK,474,16.497,,,485376,"cum ack, base->474"
3.991850,SEND,484,16.497,,200.000,485376,
3.992127,SEND,485,16.497,,200.000,485376,
3.992452,SEND,486,16.497,,200.000,485376,
3.992742,SEND,487,16.497,,200.000,485376,
3.993053,SEND,488,16.497,,200.000,485376,
3.993324,SEND,489,16.497,,200.000,485376,
3.993727,ACK,475,16.558,,,486400,"cum ack, base->475"
3.995831,SEND,490,16.558,,200.000,486400,
4.016626,ACK,476,16.618,,,487424,"cum ack, base->476"
4.019520,SEND,491,16.618,,200.000,487424,
4.028026,ACK,477,16.679,,,488448,"cum ack, base->477"
4.028094,NAK,477,16.679,,,488448,
4.028110,FASTRETX,477,14.825,,200.000,488448,nak
4.029006,RETX,477,14.825,,200.000,488448,
4.029229,RETX,478,14.825,,200.000,488448,
4.029430,RETX,479,14.825,,200.000,488448,
4.029633,RETX,480,14.825,,200.000,488448,
4.029831,RETX,481,14.825,,200.000,488448,
4.030034,RETX,482,14.825,,200.000,488448,
4.030237,RETX,483,14.825,,200.000,488448,
4.030471,RETX,484,14.825,,200.000,488448,
4.030683,RETX,485,14.825,,200.000,488448,
4.030888,RETX,486,14.825,,200.000,488448,
4.031093,RETX,487,14.825,,200.000,488448,
4.031295,RETX,488,14.825,,200.000,488448,
4.031617,RETX,489,14.825,,200.000,488448,
4.031828,RETX,490,14.825,,200.000,488448,
4.036280,DUPACK,477,14.825,,,488448,
4.036429,DUPACK,477,14.825,,,488448,
4.036466,NAK,477,14.825,,,488448,
4.036502,DUPACK,477,14.825,,,488448,
4.036764,NAK,477,14.825,,,488448,
4.036807,DUPACK,477,14.825,,,488448,
4.036840,NAK,477,14.825,,,488448,
4.036872,DUPACK,477,14.825,,,488448,
4.036902,NAK,477,14.825,,,488448,
4.036973,DUPACK,477,14.825,,,488448,
4.040985,NAK,477,14.825,,,488448,
4.041048,DUPACK,477,14.825,,,488448,
4.046605,NAK,477,14.825,,,488448,
4.047262,DUPACK,477,14.825,,,488448,
4.047328,NAK,477,14.825,,,488448,
4.047903,DUPACK,477,14.825,,,488448,
4.048244,NAK,477,14.825,,,488448,
4.048312,DUPACK,477,14.825,,,488448,
4.048345,NAK,477,14.825,,,488448,
4.048430,DUPACK,477,14.825,,,488448,
4.048467,DUPACK,477,14.825,,,488448,
4.060069,STATS,-1,14.825,,200.000,488448,base=477 next=491
4.063612,NAK,477,14.825,,,488448,
4.069222,DUPACK,477,14.825,,,488448,
4.078343,ACK,478,14.893,,,489472,"cum ack, base->478"
4.078432,ACK,479,14.960,,,490496,"cum ack, base->479"
4.078482,NAK,479,14.960,,,490496,
4.078497,FASTRETX,479,14.960,,200.000,490496,nak
4.078854,DUPACK,479,14.960,,,490496,
4.078918,NAK,479,14.960,,,490496,
4.080041,DUPACK,479,14.960,,,490496,
4.080112,NAK,479,14.960,,,490496,
4.080184,DUPACK,479,14.960,,,490496,
4.080286,NAK,479,14.960,,,490496,
4.080334,DUPACK,479,14.960,,,490496,
4.080375,NAK,479,14.960,,,490496,
4.080484,DUPACK,479,14.960,,,490496,
4.080599,NAK,479,14.960,,,490496,
4.080663,DUPACK,479,14.960,,,490496,
4.081113,RETX,479,14.960,,200.000,490496,
4.081728,RETX,480,14.960,,200.000,490496,
4.082417,RETX,481,14.960,,200.000,490496,
4.082689,RETX,482,14.960,,200.000,490496,
4.083174,RETX,483,14.960,,200.000,490496,
4.083392,RETX,484,14.960,,200.000,490496,
4.083603,RETX,485,14.960,,200.000,490496,
4.083805,RETX,486,14.960,,200.000,490496,
4.084010,RETX,487,14.960,,200.000,490496,
4.084868,RETX,488,14.960,,200.000,490496,
4.085126,RETX,489,14.960,,200.000,490496,
4.085412,RETX,490,14.960,,200.000,490496,
4.086541,RETX,491,14.960,,200.000,490496,
4.087103,SEND,492,14.960,,200.000,490496,
4.087181,NAK,479,14.960,,,490496,
4.087275,DUPACK,479,14.960,,,490496,
4.087331,NAK,479,14.960,,,490496,
4.087367,DUPACK,479,14.960,,,490496,
4.087395,NAK,479,14.960,,,490496,
4.087423,DUPACK,479,14.960,,,490496,
4.123379,ACK,480,15.027,,,491520,"cum ack, base->480"
4.123462,ACK,481,15.093,,,492544,"cum ack, base->481"
4.123505,ACK,482,15.160,,,493568,"cum ack, base->482"
4.124619,SEND,493,15.160,,200.000,493568,
4.124848,SEND,494,15.160,,200.000,493568,
4.125053,SEND,495,15.160,,200.000,493568,
4.125258,SEND,496,15.160,,200.000,493568,
4.125970,ACK,483,15.226,,,494592,"cum ack, base->483"
4.126030,ACK,485,15.357,,,496640,"cum ack, base->485"
4.127673,SEND,497,15.357,,200.000,496640,
4.127974,SEND,498,15.357,,200.000,496640,
4.128378,SEND,499,15.357,,200.000,496640,
4.134983,ACK,486,15.422,,,497664,"cum ack, base->486"
4.135074,ACK,487,15.487,,,498688,"cum ack, base->487"
4.136259,ACK,488,15.551,,,499712,"cum ack, base->488"
4.136383,NAK,488,15.551,,,499712,
4.136401,FASTRETX,488,15.551,,200.000,499712,nak
4.137445,RETX,488,15.551,,200.000,499712,
4.137781,RETX,489,15.551,,200.000,499712,
4.138054,RETX,490,15.551,,200.000,499712,
4.138287,RETX,491,15.551,,200.000,499712,
4.138486,RETX,492,15.551,,200.000,499712,
4.138694,RETX,493,15.551,,200.000,499712,
4.138978,RETX,494,15.551,,200.000,499712,
4.139207,RETX,495,15.551,,200.000,499712,
4.139421,RETX,496,15.551,,200.000,499712,
4.139628,RETX,497,15.551,,200.000,499712,
4.139835,RETX,498,15.551,,200.000,499712,
4.140047,RETX,499,15.551,,200.000,499712,
4.140305,SEND,500,15.551,,200.000,499712,
4.140486,SEND,501,15.551,,200.000,499712,
4.140651,SEND,502,15.551,,200.000,499712,
4.140787,DUPACK,488,15.551,,,499712,
4.140839,NAK,488,15.551,,,499712,
4.140874,DUPACK,488,15.551,,,499712,
4.140902,NAK,488,15.551,,,499712,
4.140930,DUPACK,488,15.551,,,499712,
4.140961,NAK,488,15.551,,,499712,
4.161832,STATS,-1,15.551,,200.000,499712,base=488 next=503
4.167745,NAK,488,15.551,,,499712,
4.171610,DUPACK,488,15.551,,,499712,
4.172600,NAK,488,15.551,,,499712,
4.172639,DUPACK,488,15.551,,,499712,
4.172669,NAK,488,15.551,,,499712,
4.176562,DUPACK,488,15.551,,,499712,
4.176623,NAK,488,15.551,,,499712,
4.176661,DUPACK,488,15.551,,,499712,
4.176690,NAK,488,15.551,,,499712,
4.178386,DUPACK,488,15.551,,,499712,
4.178985,DUPACK,488,15.551,,,499712,
4.179040,NAK,488,15.551,,,499712,
4.179122,DUPACK,488,15.551,,,499712,
4.180148,ACK,490,15.680,,,501760,"cum ack, base->490"
4.181967,SEND,503,15.680,,200.000,501760,
4.182223,SEND,504,15.680,,200.000,501760,
4.191380,ACK,491,15.743,,,502784,"cum ack, base->491"
4.191462,ACK,492,15.807,,,503808,"cum ack, base->492"
4.192937,SEND,505,15.807,,200.000,503808,
4.193166,SEND,506,15.807,,200.000,503808,
4.193278,NAK,492,15.807,,,503808,
4.193301,FASTRETX,492,14.051,,200.000,503808,nak
4.193386,DUPACK,492,14.051,,,503808,
4.193425,NAK,492,14.051,,,503808,
4.193463,DUPACK,492,14.051,,,503808,
4.193494,NAK,492,14.051,,,503808,
4.193525,DUPACK,492,14.051,,,503808,
4.193677,NAK,492,14.051,,,503808,
4.193714,NAK,492,14.051,,,503808,
4.193745,DUPACK,492,14.051,,,503808,
4.194926,NAK,492,14.051,,,503808,
4.195012,DUPACK,492,14.051,,,503808,
4.195050,NAK,492,14.051,,,503808,
4.195085,DUPACK,492,14.051,,,503808,
4.195116,NAK,492,14.051,,,503808,
4.195773,DUPACK,492,14.051,,,503808,
4.196089,RETX,492,14.051,,200.000,503808,
4.196302,RETX,493,14.051,,200.000,503808,
4.196506,RETX,494,14.051,,200.000,503808,
4.196717,RETX,495,14.051,,200.000,503808,
4.196922,RETX,496,14.051,,200.000,503808,
4.197130,RETX,497,14.051,,200.000,503808,
4.197333,RETX,498,14.051,,200.000,503808,
4.197513,RETX,499,14.051,,200.000,503808,
4.197682,RETX,500,14.051,,200.000,503808,
4.197936,RETX,501,14.051,,200.000,503808,
4.198312,RETX,502,14.051,,200.000,503808,
4.198509,RETX,503,14.051,,200.000,503808,
4.198812,RETX,504,14.051,,200.000,503808,
4.198985,RETX,505,14.051,,200.000,503808,
4.199061,NAK,492,14.051,,,503808,
4.199146,DUPACK,492,14.051,,,503808,
4.223448,NAK,492,14.051,,,503808,
4.223816,DUPACK,492,14.051,,,503808,
4.225164,NAK,492,14.051,,,503808,
4.225431,DUPACK,492,14.051,,,503808,
4.248405,NAK,492,14.051,,,503808,
4.249087,DUPACK,492,14.051,,,503808,
4.250686,NAK,492,14.051,,,503808,
4.250793,DUPACK,492,14.051,,,503808,
4.250849,ACK,493,14.122,,,504832,"cum ack, base->493"
4.250886,ACK,494,14.193,,,505856,"cum ack, base->494"
4.250919,ACK,495,14.263,,,506880,"cum ack, base->495"
4.252144,RETX,506,14.263,,200.000,506880,
4.252344,SEND,507,14.263,,200.000,506880,
4.252545,SEND,508,14.263,,200.000,506880,
4.252684,ACK,496,14.333,,,507904,"cum ack, base->496"
4.253171,ACK,497,14.403,,,508928,"cum ack, base->497"
4.253242,ACK,498,14.472,,,509952,"cum ack, base->498"
4.253279,ACK,499,14.541,,,510976,"cum ack, base->499"
4.253312,ACK,500,14.610,,,512000,"cum ack, base->500"
4.253343,ACK,501,14.679,,,513024,"cum ack, base->501"
4.253373,ACK,502,14.747,,,514048,"cum ack, base->502"
4.253403,ACK,503,14.815,,,515072,"cum ack, base->503"
4.253434,ACK,504,14.882,,,516096,"cum ack, base->504"
4.253464,ACK,505,14.949,,,517120,"cum ack, base->505"
4.253494,ACK,506,15.016,,,518144,"cum ack, base->506"
4.255327,SEND,509,15.016,,200.000,518144,
4.255516,SEND,510,15.016,,200.000,518144,
4.255688,SEND,511,15.016,,200.000,518144,
4.255871,SEND,512,15.016,,200.000,518144,
4.256058,SEND,513,15.016,,200.000,518144,
4.256315,SEND,514,15.016,,200.000,518144,
4.256534,SEND,515,15.016,,200.000,518144,
4.256740,SEND,516,15.016,,200.000,518144,
4.257009,SEND,517,15.016,,200.000,518144,
4.257228,SEND,518,15.016,,200.000,518144,
4.257436,SEND,519,15.016,,200.000,518144,
4.257647,SEND,520,15.016,,200.000,518144,
4.262773,STATS,-1,15.016,,200.000,518144,base=506 next=521
4.293254,ACK,508,15.149,,,520192,"cum ack, base->508"
4.293768,SEND,521,15.149,,200.000,520192,
4.294079,SEND,522,15.149,,200.000,520192,
4.297067,ACK,509,15.215,,,521216,"cum ack, base->509"
4.297167,ACK,510,15.281,,,522240,"cum ack, base->510"
4.297222,ACK,511,15.346,,,523264,"cum ack, base->511"
4.300050,SEND,523,15.346,,200.000,523264,
4.300328,SEND,524,15.346,,200.000,523264,
4.300642,SEND,525,15.346,,200.000,523264,
4.303679,ACK,512,15.411,,,524288,"cum ack, base->512"
4.306261,SEND,526,15.411,,200.000,524288,
4.309614,ACK,514,15.541,,,526336,"cum ack, base->514"
4.309709,ACK,515,15.605,,,527360,"cum ack, base->515"
4.309777,ACK,516,15.669,,,528384,"cum ack, base->516"
4.309830,ACK,517,15.733,,,529408,"cum ack, base->517"
4.309882,ACK,518,15.797,,,530432,"cum ack, base->518"
4.311250,ACK,520,15.923,,,532480,"cum ack, base->520"
4.311394,ACK,521,15.986,,,533504,"cum ack, base->521"
4.311961,SEND,527,15.986,,200.000,533504,
4.312302,SEND,528,15.986,,200.000,533504,
4.312575,SEND,529,15.986,,200.000,533504,
4.312838,SEND,530,15.986,,200.000,533504,
4.313099,SEND,531,15.986,,200.000,533504,
4.313364,SEND,532,15.986,,200.000,533504,
4.313623,SEND,533,15.986,,200.000,533504,
4.313882,SEND,534,15.986,,200.000,533504,
4.314139,SEND,535,15.986,,200.000,533504,
4.333642,ACK,522,16.048,,,534528,"cum ack, base->522"
4.335795,SEND,536,16.048,,200.000,534528,
4.336394,SEND,537,16.048,,200.000,534528,
4.336760,ACK,523,16.111,,,535552,"cum ack, base->523"
4.339438,SEND,538,16.111,,200.000,535552,
4.343485,ACK,524,16.173,,,536576,"cum ack, base->524"
4.343558,ACK,525,16.235,,,537600,"cum ack, base->525"
4.343594,ACK,526,16.296,,,538624,"cum ack, base->526"
4.343627,ACK,527,16.358,,,539648,"cum ack, base->527"
4.344854,SEND,539,16.358,,200.000,539648,
4.345062,SEND,540,16.358,,200.000,539648,
4.345233,SEND,541,16.358,,200.000,539648,
4.345410,SEND,542,16.358,,200.000,539648,
4.359868,ACK,528,16.419,,,540672,"cum ack, base->528"
4.359941,ACK,529,16.480,,,541696,"cum ack, base->529"
4.360974,ACK,530,16.540,,,542720,"cum ack, base->530"
4.361319,SEND,543,16.540,,200.000,542720,
4.361561,SEND,544,16.540,,200.000,542720,
4.361779,SEND,545,16.540,,200.000,542720,
4.361992,ACK,531,16.601,,,543744,"cum ack, base->531"
4.362155,ACK,532,16.661,,,544768,"cum ack, base->532"
4.362283,ACK,533,16.721,,,545792,"cum ack, base->533"
4.362434,ACK,534,16.781,,,546816,"cum ack, base->534"
4.362559,ACK,535,16.840,,,547840,"cum ack, base->535"
4.362652,ACK,536,16.900,,,548864,"cum ack, base->536"
4.364877,SEND,546,16.900,,200.000,548864,
4.365233,SEND,547,16.900,,200.000,548864,
4.365625,SEND,548,16.900,,200.000,548864,
4.366140,SEND,549,16.900,,200.000,548864,
4.366469,SEND,550,16.900,,200.000,548864,
4.366912,SEND,551,16.900,,200.000,548864,
4.366938,STATS,-1,16.900,,200.000,548864,base=536 next=552
4.381462,ACK,537,16.959,,,549888,"cum ack, base->537"
4.381565,ACK,538,17.018,,,550912,"cum ack, base->538"
4.383752,SEND,552,17.018,,200.000,550912,
4.384087,SEND,553,17.018,,200.000,550912,
4.384363,SEND,554,17.018,,200.000,550912,
4.386990,ACK,539,17.077,,,551936,"cum ack, base->539"
4.387303,SEND,555,17.077,,200.000,551936,
4.387388,ACK,540,17.135,,,552960,"cum ack, base->540"
4.389989,SEND,556,17.135,,200.000,552960,
4.394455,ACK,541,17.194,,,553984,"cum ack, base->541"
4.395139,SEND,557,17.194,,200.000,553984,
4.399737,ACK,542,17.252,,,555008,"cum ack, base->542"
4.399850,ACK,543,17.310,,,556032,"cum ack, base->543"
4.400512,SEND,558,17.310,,200.000,556032,
4.400907,SEND,559,17.310,,200.000,556032,
4.401024,ACK,544,17.368,,,557056,"cum ack, base->544"
4.403894,SEND,560,17.368,,200.000,557056,
4.409072,ACK,545,17.425,,,558080,"cum ack, base->545"
4.409178,ACK,546,17.483,,,559104,"cum ack, base->546"
4.409228,ACK,547,17.540,,,560128,"cum ack, base->547"
4.411029,SEND,561,17.540,,200.000,560128,
4.411247,SEND,562,17.540,,200.000,560128,
4.411453,SEND,563,17.540,,200.000,560128,
4.412216,ACK,548,17.597,,,561152,"cum ack, base->548"
4.412277,ACK,549,17.654,,,562176,"cum ack, base->549"
4.414089,SEND,564,17.654,,200.000,562176,
4.414597,SEND,565,17.654,,200.000,562176,
4.414963,ACK,550,17.710,,,563200,"cum ack, base->550"
4.415081,ACK,551,17.767,,,564224,"cum ack, base->551"
4.415145,ACK,552,17.823,,,565248,"cum ack, base->552"
4.417555,SEND,566,17.823,,200.000,565248,
4.418183,SEND,567,17.823,,200.000,565248,
4.418683,SEND,568,17.823,,200.000,565248,
4.421703,ACK,553,17.879,,,566272,"cum ack, base->553"
4.423771,SEND,569,17.879,,200.000,566272,
4.432020,NAK,553,17.879,,,566272,
4.432065,FASTRETX,553,15.892,,200.000,566272,nak
4.435057,RETX,553,15.892,,200.000,566272,
4.435828,RETX,554,15.892,,200.000,566272,
4.437654,RETX,555,15.892,,200.000,566272,
4.438009,RETX,556,15.892,,200.000,566272,
4.438492,RETX,557,15.892,,200.000,566272,
4.438950,RETX,558,15.892,,200.000,566272,
4.439225,RETX,559,15.892,,200.000,566272,
4.439737,RETX,560,15.892,,200.000,566272,
4.439998,RETX,561,15.892,,200.000,566272,
4.440252,RETX,562,15.892,,200.000,566272,
4.440462,RETX,563,15.892,,200.000,566272,
4.440678,RETX,564,15.892,,200.000,566272,
4.440882,RETX,565,15.892,,200.000,566272,
4.441096,RETX,566,15.892,,200.000,566272,
4.441299,RETX,567,15.892,,200.000,566272,
4.441491,DUPACK,553,15.892,,,566272,
4.441595,NAK,553,15.892,,,566272,
4.441712,DUPACK,553,15.892,,,566272,
4.441787,NAK,553,15.892,,,566272,
4.441824,NAK,553,15.892,,,566272,
4.441858,NAK,553,15.892,,,566272,
4.444056,DUPACK,553,15.892,,,566272,
4.444084,NAK,553,15.892,,,566272,
4.444108,DUPACK,553,15.892,,,566272,
4.455377,NAK,553,15.892,,,566272,
4.455447,DUPACK,553,15.892,,,566272,
4.464797,NAK,553,15.892,,,566272,
4.464986,DUPACK,553,15.892,,,566272,
4.465023,NAK,553,15.892,,,566272,
4.465058,DUPACK,553,15.892,,,566272,
4.465088,NAK,553,15.892,,,566272,
4.465453,DUPACK,553,15.892,,,566272,
4.468654,NAK,553,15.892,,,566272,
4.468694,DUPACK,553,15.892,,,566272,
4.468723,NAK,553,15.892,,,566272,
4.468750,STATS,-1,15.892,,200.000,566272,base=553 next=568
4.468814,DUPACK,553,15.892,,,566272,
4.468846,NAK,553,15.892,,,566272,
4.468874,DUPACK,553,15.892,,,566272,
4.468899,NAK,553,15.892,,,566272,
4.468925,DUPACK,553,15.892,,,566272,
4.469625,NAK,553,15.892,,,566272,
4.469649,DUPACK,553,15.892,,,566272,
4.475556,NAK,553,15.892,,,566272,
4.475586,DUPACK,553,15.892,,,566272,
4.479717,ACK,555,16.018,,,568320,"cum ack, base->555"
4.481714,RETX,568,16.018,,200.000,568320,
4.481976,RETX,569,16.018,,200.000,568320,
4.482184,SEND,570,16.018,,200.000,568320,
4.486199,ACK,556,16.081,,,569344,"cum ack, base->556"
4.486275,ACK,557,16.143,,,570368,"cum ack, base->557"
4.486313,ACK,558,16.205,,,571392,"cum ack, base->558"
4.488018,SEND,571,16.205,,200.000,571392,
4.488473,SEND,572,16.205,,200.000,571392,
4.488701,SEND,573,16.205,,200.000,571392,
4.488830,ACK,560,16.328,,,573440,"cum ack, base->560"
4.490716,ACK,561,16.389,,,574464,"cum ack, base->561"
4.490774,ACK,562,16.450,,,575488,"cum ack, base->562"
4.490808,ACK,563,16.511,,,576512,"cum ack, base->563"
4.490840,ACK,564,16.571,,,577536,"cum ack, base->564"
4.490871,ACK,565,16.632,,,578560,"cum ack, base->565"
4.490901,ACK,566,16.692,,,579584,"cum ack, base->566"
4.490932,ACK,568,16.812,,,581632,"cum ack, base->568"
4.491472,SEND,574,16.812,,200.000,581632,
4.491659,SEND,575,16.812,,200.000,581632,
4.491831,SEND,576,16.812,,200.000,581632,
4.492010,SEND,577,16.812,,200.000,581632,
4.492181,SEND,578,16.812,,200.000,581632,
4.492353,SEND,579,16.812,,200.000,581632,
4.492523,SEND,580,16.812,,200.000,581632,
4.492860,SEND,581,16.812,,200.000,581632,
4.493089,SEND,582,16.812,,200.000,581632,
4.493298,SEND,583,16.812,,200.000,581632,
4.531429,ACK,569,16.871,,,582656,"cum ack, base->569"
4.531833,SEND,584,16.871,,200.000,582656,
4.533522,ACK,570,16.930,,,583680,"cum ack, base->570"
4.533593,ACK,571,16.989,,,584704,"cum ack, base->571"
4.534317,SEND,585,16.989,,200.000,584704,
4.534678,SEND,586,16.989,,200.000,584704,
4.536816,ACK,572,17.048,,,585728,"cum ack, base->572"
4.536891,ACK,573,17.107,,,586752,"cum ack, base->573"
4.536932,ACK,574,17.165,,,587776,"cum ack, base->574"
4.536970,ACK,575,17.224,,,588800,"cum ack, base->575"
4.537555,SEND,587,17.224,,200.000,588800,
4.537848,SEND,588,17.224,,200.000,588800,
4.538069,SEND,589,17.224,,200.000,588800,
4.538383,SEND,590,17.224,,200.000,588800,
4.538605,SEND,591,17.224,,200.000,588800,
4.540851,ACK,576,17.282,,,589824,"cum ack, base->576"
4.541176,SEND,592,17.282,,200.000,589824,
4.541235,ACK,577,17.340,,,590848,"cum ack, base->577"
4.542593,ACK,578,17.397,,,591872,"cum ack, base->578"
4.542661,ACK,579,17.455,,,592896,"cum ack, base->579"
4.544081,SEND,593,17.455,,200.000,592896,
4.544321,SEND,594,17.455,,200.000,592896,
4.544608,SEND,595,17.455,,200.000,592896,
4.544751,ACK,580,17.512,,,593920,"cum ack, base->580"
4.544814,ACK,581,17.569,,,594944,"cum ack, base->581"
4.544914,ACK,582,17.626,,,595968,"cum ack, base->582"
4.546528,ACK,583,17.683,,,596992,"cum ack, base->583"
4.546597,ACK,584,17.739,,,598016,"cum ack, base->584"
4.547427,SEND,596,17.739,,200.000,598016,
4.547647,SEND,597,17.739,,200.000,598016,
4.548001,SEND,598,17.739,,200.000,598016,
4.548444,SEND,599,17.739,,200.000,598016,
4.548956,SEND,600,17.739,,200.000,598016,
4.569283,STATS,-1,17.739,,200.000,598016,base=584 next=601
4.582383,ACK,585,17.796,,,599040,"cum ack, base->585"
4.582621,ACK,586,17.852,,,600064,"cum ack, base->586"
4.583382,ACK,587,17.908,,,601088,"cum ack, base->587"
4.583462,ACK,588,17.964,,,602112,"cum ack, base->588"
4.583515,ACK,589,18.019,,,603136,"cum ack, base->589"
4.584688,SEND,601,18.019,,200.000,603136,
4.585257,SEND,602,18.019,,200.000,603136,
4.585824,SEND,603,18.019,,200.000,603136,
4.586198,SEND,604,18.019,,200.000,603136,
4.586888,SEND,605,18.019,,200.000,603136,
4.587221,SEND,606,18.019,,200.000,603136,
4.587529,NAK,589,18.019,,,603136,
4.587556,FASTRETX,589,16.017,,200.000,603136,nak
4.588065,DUPACK,589,16.017,,,603136,
4.589852,RETX,589,16.017,,200.000,603136,
4.590097,RETX,590,16.017,,200.000,603136,
4.590321,RETX,591,16.017,,200.000,603136,
4.590530,RETX,592,16.017,,200.000,603136,
4.590729,RETX,593,16.017,,200.000,603136,
4.590947,RETX,594,16.017,,200.000,603136,
4.591150,RETX,595,16.017,,200.000,603136,
4.591352,RETX,596,16.017,,200.000,603136,
4.591556,RETX,597,16.017,,200.000,603136,
4.591757,RETX,598,16.017,,200.000,603136,
4.591959,RETX,599,16.017,,200.000,603136,
4.592162,RETX,600,16.017,,200.000,603136,
4.592368,RETX,601,16.017,,200.000,603136,
4.592572,RETX,602,16.017,,200.000,603136,
4.592776,RETX,603,16.017,,200.000,603136,
4.593059,RETX,604,16.017,,200.000,603136,
4.593137,DUPACK,589,16.017,,,603136,
4.593172,NAK,589,16.017,,,603136,
4.593200,DUPACK,589,16.017,,,603136,
4.593225,NAK,589,16.017,,,603136,
4.593250,DUPACK,589,16.017,,,603136,
4.593274,NAK,589,16.017,,,603136,
4.593300,DUPACK,589,16.017,,,603136,
4.595500,NAK,589,16.017,,,603136,
4.595532,DUPACK,589,16.017,,,603136,
4.595557,NAK,589,16.017,,,603136,
4.595582,DUPACK,589,16.017,,,603136,
4.597151,NAK,589,16.017,,,603136,
4.599900,DUPACK,589,16.017,,,603136,
4.599955,NAK,589,16.017,,,603136,
4.599987,DUPACK,589,16.017,,,603136,
4.600013,NAK,589,16.017,,,603136,
4.600947,DUPACK,589,16.017,,,603136,
4.600999,NAK,589,16.017,,,603136,
4.601030,DUPACK,589,16.017,,,603136,
4.626138,NAK,589,16.017,,,603136,
4.626178,DUPACK,589,16.017,,,603136,
4.630808,NAK,589,16.017,,,603136,
4.635774,DUPACK,589,16.017,,,603136,
4.635862,NAK,589,16.017,,,603136,
4.635904,DUPACK,589,16.017,,,603136,
4.636040,NAK,589,16.017,,,603136,
4.636123,DUPACK,589,16.017,,,603136,
4.638451,NAK,589,16.017,,,603136,
4.638513,DUPACK,589,16.017,,,603136,
4.638591,ACK,590,16.080,,,604160,"cum ack, base->590"
4.638637,ACK,591,16.142,,,605184,"cum ack, base->591"
4.638680,ACK,592,16.204,,,606208,"cum ack, base->592"
4.638717,ACK,593,16.265,,,607232,"cum ack, base->593"
4.638748,NAK,593,16.265,,,607232,
4.638759,FASTRETX,593,16.265,,200.000,607232,nak
4.641571,RETX,593,16.265,,200.000,607232,
4.641804,RETX,594,16.265,,200.000,607232,
4.642014,RETX,595,16.265,,200.000,607232,
4.642221,RETX,596,16.265,,200.000,607232,
4.642424,RETX,597,16.265,,200.000,607232,
4.642629,RETX,598,16.265,,200.000,607232,
4.642830,RETX,599,16.265,,200.000,607232,
4.643085,RETX,600,16.265,,200.000,607232,
4.643298,RETX,601,16.265,,200.000,607232,
4.643503,RETX,602,16.265,,200.000,607232,
4.643710,RETX,603,16.265,,200.000,607232,
4.643913,RETX,604,16.265,,200.000,607232,
4.644170,RETX,605,16.265,,200.000,607232,
4.644384,RETX,606,16.265,,200.000,607232,
4.644562,SEND,607,16.265,,200.000,607232,
4.644735,SEND,608,16.265,,200.000,607232,
4.644846,DUPACK,593,16.265,,,607232,
4.644899,NAK,593,16.265,,,607232,
4.644934,DUPACK,593,16.265,,,607232,
4.644981,NAK,593,16.265,,,607232,
4.645009,DUPACK,593,16.265,,,607232,
4.645035,NAK,593,16.265,,,607232,
4.645062,DUPACK,593,16.265,,,607232,
4.645087,NAK,593,16.265,,,607232,
4.645119,DUPACK,593,16.265,,,607232,
4.645147,NAK,593,16.265,,,607232,
4.645176,DUPACK,593,16.265,,,607232,
4.645201,NAK,593,16.265,,,607232,
4.645226,DUPACK,593,16.265,,,607232,
4.645252,NAK,593,16.265,,,607232,
4.645276,DUPACK,593,16.265,,,607232,
4.645305,NAK,593,16.265,,,607232,
4.645453,DUPACK,593,16.265,,,607232,
4.670178,STATS,-1,16.265,,200.000,607232,base=593 next=609
4.677946,ACK,594,16.327,,,608256,"cum ack, base->594"
4.680534,SEND,609,16.327,,200.000,608256,
4.680688,ACK,595,16.388,,,609280,"cum ack, base->595"
4.683302,SEND,610,16.388,,200.000,609280,
4.685414,ACK,596,16.449,,,610304,"cum ack, base->596"
4.686389,SEND,611,16.449,,200.000,610304,
4.693384,ACK,597,16.510,,,611328,"cum ack, base->597"
4.693465,ACK,599,16.631,,,613376,"cum ack, base->599"
4.693510,ACK,600,16.691,,,614400,"cum ack, base->600"
4.694182,SEND,612,16.691,,200.000,614400,
4.694401,SEND,613,16.691,,200.000,614400,
4.694611,SEND,614,16.691,,200.000,614400,
4.694817,SEND,615,16.691,,200.000,614400,
4.695486,ACK,601,16.751,,,615424,"cum ack, base->601"
4.696411,ACK,602,16.811,,,616448,"cum ack, base->602"
4.696472,ACK,603,16.870,,,617472,"cum ack, base->603"
4.696517,ACK,605,16.989,,,619520,"cum ack, base->605"
4.697659,SEND,616,16.989,,200.000,619520,
4.697936,SEND,617,16.989,,200.000,619520,
4.698303,SEND,618,16.989,,200.000,619520,
4.698582,SEND,619,16.989,,200.000,619520,
4.699346,SEND,620,16.989,,200.000,619520,
4.699703,ACK,606,17.047,,,620544,"cum ack, base->606"
4.699763,ACK,607,17.106,,,621568,"cum ack, base->607"
4.699798,ACK,608,17.165,,,622592,"cum ack, base->608"
4.699833,ACK,609,17.223,,,623616,"cum ack, base->609"
4.702490,SEND,621,17.223,,200.000,623616,
4.702679,SEND,622,17.223,,200.000,623616,
4.702848,SEND,623,17.223,,200.000,623616,
4.703260,SEND,624,17.223,,200.000,623616,
4.703528,SEND,625,17.223,,200.000,623616,
4.722884,ACK,610,17.281,,,624640,"cum ack, base->610"
4.722961,ACK,611,17.339,,,625664,"cum ack, base->611"
4.723237,ACK,612,17.396,,,626688,"cum ack, base->612"
4.723501,SEND,626,17.396,,200.000,626688,
4.723741,SEND,627,17.396,,200.000,626688,
4.723950,SEND,628,17.396,,200.000,626688,
4.743094,ACK,613,17.454,,,627712,"cum ack, base->613"
4.743166,ACK,614,17.511,,,628736,"cum ack, base->614"
4.743209,ACK,615,17.568,,,629760,"cum ack, base->615"
4.743250,ACK,616,17.625,,,630784,"cum ack, base->616"
4.743289,ACK,617,17.682,,,631808,"cum ack, base->617"
4.744453,SEND,629,17.682,,200.000,631808,
4.744810,SEND,630,17.682,,200.000,631808,
4.745021,SEND,631,17.682,,200.000,631808,
4.745228,SEND,632,17.682,,200.000,631808,
4.745432,SEND,633,17.682,,200.000,631808,
4.745566,ACK,618,17.738,,,632832,"cum ack, base->618"
4.745629,ACK,619,17.795,,,633856,"cum ack, base->619"
4.745678,ACK,620,17.851,,,634880,"cum ack, base->620"
4.745722,ACK,621,17.907,,,635904,"cum ack, base->621"
4.745764,ACK,622,17.963,,,636928,"cum ack, base->622"
4.748489,SEND,634,17.963,,200.000,636928,
4.748682,SEND,635,17.963,,200.000,636928,
4.750836,SEND,636,17.963,,200.000,636928,
4.751275,SEND,637,17.963,,200.000,636928,
4.751650,SEND,638,17.963,,200.000,636928,
4.752576,ACK,623,18.019,,,637952,"cum ack, base->623"
4.752806,ACK,624,18.074,,,638976,"cum ack, base->624"
4.753529,ACK,625,18.129,,,640000,"cum ack, base->625"
4.753610,ACK,626,18.185,,,641024,"cum ack, base->626"
4.754233,SEND,639,18.185,,200.000,641024,
4.754444,SEND,640,18.185,,200.000,641024,
4.754629,SEND,641,18.185,,200.000,641024,
4.754803,SEND,642,18.185,,200.000,641024,
4.754980,SEND,643,18.185,,200.000,641024,
4.769382,ACK,627,18.240,,,642048,"cum ack, base->627"
4.770274,SEND,644,18.240,,200.000,642048,
4.770303,STATS,-1,18.240,,200.000,642048,base=627 next=645
4.772170,ACK,628,18.294,,,643072,"cum ack, base->628"
4.772561,ACK,629,18.349,,,644096,"cum ack, base->629"
4.773176,SEND,645,18.349,,200.000,644096,
4.773389,SEND,646,18.349,,200.000,644096,
4.786492,ACK,630,18.404,,,645120,"cum ack, base->630"
4.788574,SEND,647,18.404,,200.000,645120,
4.794428,ACK,631,18.458,,,646144,"cum ack, base->631"
4.794504,ACK,632,18.512,,,647168,"cum ack, base->632"
4.794549,ACK,633,18.566,,,648192,"cum ack, base->633"
4.795903,ACK,634,18.620,,,649216,"cum ack, base->634"
4.795972,ACK,635,18.674,,,650240,"cum ack, base->635"
4.796598,SEND,648,18.674,,200.000,650240,
4.796853,SEND,649,18.674,,200.000,650240,
4.797106,SEND,650,18.674,,200.000,650240,
4.797323,SEND,651,18.674,,200.000,650240,
4.797538,SEND,652,18.674,,200.000,650240,
4.800927,ACK,636,18.727,,,651264,"cum ack, base->636"
4.801145,ACK,637,18.781,,,652288,"cum ack, base->637"
4.801278,ACK,638,18.834,,,653312,"cum ack, base->638"
4.801326,ACK,639,18.887,,,654336,"cum ack, base->639"
4.801410,ACK,640,18.940,,,655360,"cum ack, base->640"
4.802227,ACK,641,18.993,,,656384,"cum ack, base->641"
4.802465,ACK,642,19.045,,,657408,"cum ack, base->642"
4.802507,ACK,644,19.150,,,659456,"cum ack, base->644"
4.803009,SEND,653,19.150,,200.000,659456,
4.803299,SEND,654,19.150,,200.000,659456,
4.803531,SEND,655,19.150,,200.000,659456,
4.803755,SEND,656,19.150,,200.000,659456,
4.803999,SEND,657,19.150,,200.000,659456,
4.804224,SEND,658,19.150,,200.000,659456,
4.804448,SEND,659,19.150,,200.000,659456,
4.804674,SEND,660,19.150,,200.000,659456,
4.804900,SEND,661,19.150,,200.000,659456,
4.805099,SEND,662,19.150,,200.000,659456,
4.815038,ACK,645,19.202,,,660480,"cum ack, base->645"
4.815079,ACK,646,19.254,,,661504,"cum ack, base->646"
4.815409,SEND,663,19.254,,200.000,661504,
4.815639,SEND,664,19.254,,200.000,661504,
4.816351,ACK,647,19.306,,,662528,"cum ack, base->647"
4.818398,SEND,665,19.306,,200.000,662528,
4.842318,ACK,649,19.410,,,664576,"cum ack, base->649"
4.842520,ACK,650,19.461,,,665600,"cum ack, base->650"
4.844535,SEND,666,19.461,,200.000,665600,
4.844763,SEND,667,19.461,,200.000,665600,
4.844975,SEND,668,19.461,,200.000,665600,
4.850239,ACK,651,19.513,,,666624,"cum ack, base->651"
4.850629,SEND,669,19.513,,200.000,666624,
4.850695,ACK,652,19.564,,,667648,"cum ack, base->652"
4.850752,ACK,653,19.615,,,668672,"cum ack, base->653"
4.850885,ACK,654,19.666,,,669696,"cum ack, base->654"
4.850960,ACK,655,19.717,,,670720,"cum ack, base->655"
4.853994,SEND,670,19.717,,200.000,670720,
4.854282,SEND,671,19.717,,200.000,670720,
4.854501,SEND,672,19.717,,200.000,670720,
4.854752,SEND,673,19.717,,200.000,670720,
4.856226,ACK,657,19.818,,,672768,"cum ack, base->657"
4.856311,ACK,658,19.869,,,673792,"cum ack, base->658"
4.856362,NAK,658,19.869,,,673792,
4.856379,FASTRETX,658,17.661,,200.000,673792,nak
4.856423,DUPACK,658,17.661,,,673792,
4.856470,NAK,658,17.661,,,673792,
4.856510,DUPACK,658,17.661,,,673792,
4.856548,NAK,658,17.661,,,673792,
4.856587,DUPACK,658,17.661,,,673792,
4.856623,NAK,658,17.661,,,673792,
4.856662,DUPACK,658,17.661,,,673792,
4.857652,RETX,658,17.661,,200.000,673792,
4.857938,RETX,659,17.661,,200.000,673792,
4.858202,RETX,660,17.661,,200.000,673792,
4.858461,RETX,661,17.661,,200.000,673792,
4.858722,RETX,662,17.661,,200.000,673792,
4.859077,RETX,663,17.661,,200.000,673792,
4.859348,RETX,664,17.661,,200.000,673792,
4.859610,RETX,665,17.661,,200.000,673792,
4.859972,RETX,666,17.661,,200.000,673792,
4.860316,RETX,667,17.661,,200.000,673792,
4.860598,RETX,668,17.661,,200.000,673792,
4.860807,RETX,669,17.661,,200.000,673792,
4.861021,RETX,670,17.661,,200.000,673792,
4.861224,RETX,671,17.661,,200.000,673792,
4.861428,RETX,672,17.661,,200.000,673792,
4.861630,RETX,673,17.661,,200.000,673792,
4.861831,SEND,674,17.661,,200.000,673792,
4.867183,NAK,658,17.661,,,673792,
4.867259,NAK,658,17.661,,,673792,
4.867293,DUPACK,658,17.661,,,673792,
4.871679,STATS,-1,17.661,,200.000,673792,base=658 next=675
4.887473,NAK,658,17.661,,,673792,
4.887715,DUPACK,658,17.661,,,673792,
4.895046,NAK,658,17.661,,,673792,
4.895125,DUPACK,658,17.661,,,673792,
4.895160,NAK,658,17.661,,,673792,
4.895233,DUPACK,658,17.661,,,673792,
4.898020,NAK,658,17.661,,,673792,
4.900278,DUPACK,658,17.661,,,673792,
4.900415,NAK,658,17.661,,,673792,
4.900486,DUPACK,658,17.661,,,673792,
4.900528,NAK,658,17.661,,,673792,
4.900589,DUPACK,658,17.661,,,673792,
4.900620,NAK,658,17.661,,,673792,
4.900651,DUPACK,658,17.661,,,673792,
4.902429,NAK,658,17.661,,,673792,
4.902512,DUPACK,658,17.661,,,673792,
4.902567,ACK,659,17.718,,,674816,"cum ack, base->659"
4.902608,ACK,660,17.774,,,675840,"cum ack, base->660"
4.903662,SEND,675,17.774,,200.000,675840,
4.903959,SEND,676,17.774,,200.000,675840,
4.906954,ACK,663,17.942,,,678912,"cum ack, base->663"
4.907017,ACK,664,17.998,,,679936,"cum ack, base->664"
4.907058,ACK,665,18.054,,,680960,"cum ack, base->665"
4.907098,ACK,666,18.109,,,681984,"cum ack, base->666"
4.907134,ACK,667,18.164,,,683008,"cum ack, base->667"
4.908931,SEND,677,18.164,,200.000,683008,
4.909191,SEND,678,18.164,,200.000,683008,
4.909405,SEND,679,18.164,,200.000,683008,
4.909611,SEND,680,18.164,,200.000,683008,
4.909822,SEND,681,18.164,,200.000,683008,
4.910147,SEND,682,18.164,,200.000,683008,
4.910430,SEND,683,18.164,,200.000,683008,
4.910832,SEND,684,18.164,,200.000,683008,
4.910996,NAK,667,18.164,,,683008,
4.911015,FASTRETX,667,18.164,,200.000,683008,nak
4.911086,DUPACK,667,18.164,,,683008,
4.911130,NAK,667,18.164,,,683008,
4.911173,DUPACK,667,18.164,,,683008,
4.911216,NAK,667,18.164,,,683008,
4.912416,DUPACK,667,18.164,,,683008,
4.912483,NAK,667,18.164,,,683008,
4.912528,NAK,667,18.164,,,683008,
4.912567,DUPACK,667,18.164,,,683008,
4.912606,NAK,667,18.164,,,683008,
4.912645,DUPACK,667,18.164,,,683008,
4.913224,NAK,667,18.164,,,683008,
4.913276,DUPACK,667,18.164,,,683008,
4.913709,RETX,667,18.164,,200.000,683008,
4.914006,RETX,668,18.164,,200.000,683008,
4.914269,RETX,669,18.164,,200.000,683008,
4.914621,RETX,670,18.164,,200.000,683008,
4.914957,RETX,671,18.164,,200.000,683008,
4.915278,RETX,672,18.164,,200.000,683008,
4.915674,RETX,673,18.164,,200.000,683008,
4.915938,RETX,674,18.164,,200.000,683008,
4.916959,RETX,675,18.164,,200.000,683008,
4.917239,RETX,676,18.164,,200.000,683008,
4.917443,RETX,677,18.164,,200.000,683008,
4.917677,RETX,678,18.164,,200.000,683008,
4.918025,RETX,679,18.164,,200.000,683008,
4.918264,RETX,680,18.164,,200.000,683008,
4.918491,RETX,681,18.164,,200.000,683008,
4.918714,RETX,682,18.164,,200.000,683008,
4.918940,RETX,683,18.164,,200.000,683008,
4.919165,RETX,684,18.164,,200.000,683008,
4.936153,NAK,667,18.164,,,683008,
4.945587,DUPACK,667,18.164,,,683008,
4.945623,NAK,667,18.164,,,683008,
4.953877,NAK,667,18.164,,,683008,
4.953913,NAK,667,18.164,,,683008,
4.953942,DUPACK,667,18.164,,,683008,
4.959263,NAK,667,18.164,,,683008,
4.959332,DUPACK,667,18.164,,,683008,
4.959365,DUPACK,667,18.164,,,683008,
4.959391,NAK,667,18.164,,,683008,
4.959419,DUPACK,667,18.164,,,683008,
4.959443,NAK,667,18.164,,,683008,
4.959469,DUPACK,667,18.164,,,683008,
4.959494,NAK,667,18.164,,,683008,
4.959586,DUPACK,667,18.164,,,683008,
4.959620,NAK,667,18.164,,,683008,
4.961083,DUPACK,667,18.164,,,683008,
4.961150,ACK,668,18.219,,,684032,"cum ack, base->668"
4.961316,ACK,669,18.274,,,685056,"cum ack, base->669"
4.961361,ACK,670,18.329,,,686080,"cum ack, base->670"
4.962854,ACK,671,18.384,,,687104,"cum ack, base->671"
4.962892,ACK,672,18.438,,,688128,"cum ack, base->672"
4.962931,ACK,673,18.492,,,689152,"cum ack, base->673"
4.962961,ACK,674,18.546,,,690176,"cum ack, base->674"
4.962996,ACK,675,18.600,,,691200,"cum ack, base->675"
4.963032,ACK,676,18.654,,,692224,"cum ack, base->676"
4.963305,SEND,685,18.654,,200.000,692224,
4.963542,SEND,686,18.654,,200.000,692224,
4.963768,SEND,687,18.654,,200.000,692224,
4.963996,SEND,688,18.654,,200.000,692224,
4.964222,SEND,689,18.654,,200.000,692224,
4.964448,SEND,690,18.654,,200.000,692224,
4.964673,SEND,691,18.654,,200.000,692224,
4.964899,SEND,692,18.654,,200.000,692224,
4.965117,SEND,693,18.654,,200.000,692224,
4.965165,ACK,677,18.708,,,693248,"cum ack, base->677"
4.965192,ACK,679,18.814,,,695296,"cum ack, base->679"
4.965212,NAK,679,18.814,,,695296,
4.965222,FASTRETX,679,16.724,,200.000,695296,nak
4.967822,RETX,679,16.724,,200.000,695296,
4.968002,RETX,680,16.724,,200.000,695296,
4.968179,RETX,681,16.724,,200.000,695296,
4.968356,RETX,682,16.724,,200.000,695296,
4.968533,RETX,683,16.724,,200.000,695296,
4.968709,RETX,684,16.724,,200.000,695296,
4.968884,RETX,685,16.724,,200.000,695296,
4.969061,RETX,686,16.724,,200.000,695296,
4.969285,RETX,687,16.724,,200.000,695296,
4.969509,RETX,688,16.724,,200.000,695296,
4.969732,RETX,689,16.724,,200.000,695296,
4.969955,RETX,690,16.724,,200.000,695296,
4.970179,RETX,691,16.724,,200.000,695296,
4.970401,RETX,692,16.724,,200.000,695296,
4.970624,RETX,693,16.724,,200.000,695296,
4.970848,SEND,694,16.724,,200.000,695296,
4.970911,DUPACK,679,16.724,,,695296,
4.970942,NAK,679,16.724,,,695296,
4.970972,DUPACK,679,16.724,,,695296,
4.970996,NAK,679,16.724,,,695296,
4.971016,DUPACK,679,16.724,,,695296,
4.971035,NAK,679,16.724,,,695296,
4.971054,DUPACK,679,16.724,,,695296,
4.971072,NAK,679,16.724,,,695296,
4.973383,STATS,-1,16.724,,200.000,695296,base=679 next=695
5.005149,NAK,679,16.724,,,695296,
5.012705,DUPACK,679,16.724,,,695296,
5.013834,NAK,679,16.724,,,695296,
5.013889,DUPACK,679,16.724,,,695296,
5.013922,NAK,679,16.724,,,695296,
5.013949,DUPACK,679,16.724,,,695296,
5.013974,NAK,679,16.724,,,695296,
5.014001,DUPACK,679,16.724,,,695296,
5.014025,NAK,679,16.724,,,695296,
5.014050,DUPACK,679,16.724,,,695296,
5.014074,NAK,679,16.724,,,695296,
5.016312,DUPACK,679,16.724,,,695296,
5.016375,NAK,679,16.724,,,695296,
5.016409,DUPACK,679,16.724,,,695296,
5.016435,NAK,679,16.724,,,695296,
5.016465,DUPACK,679,16.724,,,695296,
5.017277,NAK,679,16.724,,,695296,
5.017336,DUPACK,679,16.724,,,695296,
5.017457,ACK,680,16.784,,,696320,"cum ack, base->680"
5.017504,ACK,681,16.843,,,697344,"cum ack, base->681"
5.017543,ACK,682,16.903,,,698368,"cum ack, base->682"
5.017581,ACK,683,16.962,,,699392,"cum ack, base->683"
5.018809,SEND,695,16.962,,200.000,699392,
5.019086,SEND,696,16.962,,200.000,699392,
5.019289,SEND,697,16.962,,200.000,699392,
5.019647,SEND,698,16.962,,200.000,699392,
5.020743,ACK,684,17.021,,,700416,"cum ack, base->684"
5.020818,ACK,685,17.079,,,701440,"cum ack, base->685"
5.020862,ACK,686,17.138,,,702464,"cum ack, base->686"
5.021023,ACK,687,17.196,,,703488,"cum ack, base->687"
5.021066,ACK,688,17.254,,,704512,"cum ack, base->688"
5.021106,ACK,689,17.312,,,705536,"cum ack, base->689"
5.021143,ACK,690,17.370,,,706560,"cum ack, base->690"
5.022522,SEND,699,17.370,,200.000,706560,
5.022761,SEND,700,17.370,,200.000,706560,
5.022977,SEND,701,17.370,,200.000,706560,
5.023186,SEND,702,17.370,,200.000,706560,
5.023389,SEND,703,17.370,,200.000,706560,
5.023598,SEND,704,17.370,,200.000,706560,
5.023804,SEND,705,17.370,,200.000,706560,
5.024002,SEND,706,17.370,,200.000,706560,
5.024187,ACK,691,17.428,,,707584,"cum ack, base->691"
5.024256,ACK,692,17.485,,,708608,"cum ack, base->692"
5.024301,ACK,693,17.542,,,709632,"cum ack, base->693"
5.024409,ACK,694,17.599,,,710656,"cum ack, base->694"
5.026796,SEND,707,17.599,,200.000,710656,
5.027028,SEND,708,17.599,,200.000,710656,
5.027207,SEND,709,17.599,,200.000,710656,
5.027379,SEND,710,17.599,,200.000,710656,
5.057552,ACK,696,17.713,,,712704,"cum ack, base->696"
5.058505,SEND,711,17.713,,200.000,712704,
5.058729,SEND,712,17.713,,200.000,712704,
5.066828,NAK,697,17.713,,,712704,
5.066894,FASTRETX,696,15.745,,200.000,712704,nak
5.067030,ACK,697,15.808,,,713728,"cum ack, base->697"
5.067107,NAK,697,15.808,,,713728,
5.067126,FASTRETX,697,15.808,,200.000,713728,nak
5.067181,DUPACK,697,15.808,,,713728,
5.067325,NAK,697,15.808,,,713728,
5.067360,DUPACK,697,15.808,,,713728,
5.069298,RETX,697,15.808,,200.000,713728,
5.069573,RETX,698,15.808,,200.000,713728,
5.069765,RETX,699,15.808,,200.000,713728,
5.069938,RETX,700,15.808,,200.000,713728,
5.070152,RETX,701,15.808,,200.000,713728,
5.070341,RETX,702,15.808,,200.000,713728,
5.070519,RETX,703,15.808,,200.000,713728,
5.070693,RETX,704,15.808,,200.000,713728,
5.071008,RETX,705,15.808,,200.000,713728,
5.071239,RETX,706,15.808,,200.000,713728,
5.071417,RETX,707,15.808,,200.000,713728,
5.071588,RETX,708,15.808,,200.000,713728,
5.071758,RETX,709,15.808,,200.000,713728,
5.071928,RETX,710,15.808,,200.000,713728,
5.072099,RETX,711,15.808,,200.000,713728,
5.072247,NAK,697,15.808,,,713728,
5.074674,STATS,-1,15.808,,200.000,713728,base=697 next=712
5.074980,DUPACK,697,15.808,,,713728,
5.075024,NAK,697,15.808,,,713728,
5.075472,DUPACK,697,15.808,,,713728,
5.076003,NAK,697,15.808,,,713728,
5.076050,DUPACK,697,15.808,,,713728,
5.076084,NAK,697,15.808,,,713728,
5.076113,DUPACK,697,15.808,,,713728,
5.076139,NAK,697,15.808,,,713728,
5.076168,DUPACK,697,15.808,,,713728,
5.076193,NAK,697,15.808,,,713728,
5.076218,DUPACK,697,15.808,,,713728,
5.076242,NAK,697,15.808,,,713728,
5.076266,DUPACK,697,15.808,,,713728,
5.096320,NAK,697,15.808,,,713728,
5.096648,DUPACK,697,15.808,,,713728,
5.100136,NAK,697,15.808,,,713728,
5.105656,DUPACK,697,15.808,,,713728,
5.110851,ACK,698,15.871,,,714752,"cum ack, base->698"
5.112650,RETX,712,15.871,,200.000,714752,
5.117373,NAK,698,15.871,,,714752,
5.117413,FASTRETX,698,15.871,,200.000,714752,nak
5.117875,RETX,698,15.871,,200.000,714752,
5.118152,RETX,699,15.871,,200.000,714752,
5.118476,RETX,700,15.871,,200.000,714752,
5.118749,RETX,701,15.871,,200.000,714752,
5.118961,RETX,702,15.871,,200.000,714752,
5.119163,RETX,703,15.871,,200.000,714752,
5.119365,RETX,704,15.871,,200.000,714752,
5.119670,RETX,705,15.871,,200.000,714752,
5.119905,RETX,706,15.871,,200.000,714752,
5.120111,RETX,707,15.871,,200.000,714752,
5.120367,RETX,708,15.871,,200.000,714752,
5.120752,RETX,709,15.871,,200.000,714752,
5.120986,RETX,710,15.871,,200.000,714752,
5.121212,RETX,711,15.871,,200.000,714752,
5.121437,RETX,712,15.871,,200.000,714752,
5.122200,DUPACK,698,15.871,,,714752,
5.122236,NAK,698,15.871,,,714752,
5.122265,DUPACK,698,15.871,,,714752,
5.122291,NAK,698,15.871,,,714752,
5.122317,DUPACK,698,15.871,,,714752,
5.122344,NAK,698,15.871,,,714752,
5.122369,DUPACK,698,15.871,,,714752,
5.122394,NAK,698,15.871,,,714752,
5.122424,DUPACK,698,15.871,,,714752,
5.122456,NAK,698,15.871,,,714752,
5.122481,DUPACK,698,15.871,,,714752,
5.122507,NAK,698,15.871,,,714752,
5.122532,DUPACK,698,15.871,,,714752,
5.122555,NAK,698,15.871,,,714752,
5.122579,DUPACK,698,15.871,,,714752,
5.122602,NAK,698,15.871,,,714752,
5.122626,DUPACK,698,15.871,,,714752,
5.124962,NAK,698,15.871,,,714752,
5.125004,DUPACK,698,15.871,,,714752,
5.125033,NAK,698,15.871,,,714752,
5.125121,DUPACK,698,15.871,,,714752,
5.125391,NAK,698,15.871,,,714752,
5.125422,DUPACK,698,15.871,,,714752,
5.125447,NAK,698,15.871,,,714752,
5.125472,DUPACK,698,15.871,,,714752,
5.155118,NAK,698,15.871,,,714752,
5.155178,DUPACK,698,15.871,,,714752,
5.158538,ACK,699,15.934,,,715776,"cum ack, base->699"
5.159174,ACK,700,15.997,,,716800,"cum ack, base->700"
5.159918,SEND,713,15.997,,200.000,716800,
5.160168,SEND,714,15.997,,200.000,716800,
5.167810,ACK,701,16.060,,,717824,"cum ack, base->701"
5.168197,SEND,715,16.060,,200.000,717824,
5.168415,SEND,716,16.060,,200.000,717824,
5.168545,ACK,702,16.122,,,718848,"cum ack, base->702"
5.168597,ACK,703,16.184,,,719872,"cum ack, base->703"
5.168637,ACK,704,16.246,,,720896,"cum ack, base->704"
5.171070,SEND,717,16.246,,200.000,720896,
5.171295,SEND,718,16.246,,200.000,720896,
5.171501,SEND,719,16.246,,200.000,720896,
5.172240,ACK,705,16.307,,,721920,"cum ack, base->705"
5.172356,ACK,706,16.369,,,722944,"cum ack, base->706"
5.172414,ACK,707,16.430,,,723968,"cum ack, base->707"
5.173236,ACK,708,16.491,,,724992,"cum ack, base->708"
5.173298,ACK,709,16.551,,,726016,"cum ack, base->709"
5.173479,ACK,710,16.612,,,727040,"cum ack, base->710"
5.173545,ACK,711,16.672,,,728064,"cum ack, base->711"
5.173590,ACK,712,16.732,,,729088,"cum ack, base->712"
5.173633,ACK,713,16.792,,,730112,"cum ack, base->713"
5.174417,SEND,720,16.792,,200.000,730112,
5.174720,SEND,721,16.792,,200.000,730112,
5.174943,SEND,722,16.792,,200.000,730112,
5.175148,SEND,723,16.792,,200.000,730112,
5.175350,SEND,724,16.792,,200.000,730112,
5.175556,SEND,725,16.792,,200.000,730112,
5.175759,SEND,726,16.792,,200.000,730112,
5.176044,SEND,727,16.792,,200.000,730112,
5.176268,SEND,728,16.792,,200.000,730112,
5.176283,STATS,-1,16.792,,200.000,730112,base=713 next=729
5.201034,NAK,713,16.792,,,730112,
5.201065,FASTRETX,713,14.926,,200.000,730112,nak
5.202404,RETX,713,14.926,,200.000,730112,
5.202656,RETX,714,14.926,,200.000,730112,
5.203206,RETX,715,14.926,,200.000,730112,
5.203388,RETX,716,14.926,,200.000,730112,
5.203623,RETX,717,14.926,,200.000,730112,
5.203809,RETX,718,14.926,,200.000,730112,
5.203989,RETX,719,14.926,,200.000,730112,
5.204162,RETX,720,14.926,,200.000,730112,
5.204397,RETX,721,14.926,,200.000,730112,
5.204651,RETX,722,14.926,,200.000,730112,
5.204835,RETX,723,14.926,,200.000,730112,
5.205035,RETX,724,14.926,,200.000,730112,
5.205213,RETX,725,14.926,,200.000,730112,
5.205383,RETX,726,14.926,,200.000,730112,
5.205497,DUPACK,713,14.926,,,730112,
5.213525,NAK,713,14.926,,,730112,
5.213612,DUPACK,713,14.926,,,730112,
5.213655,NAK,713,14.926,,,730112,
5.213696,DUPACK,713,14.926,,,730112,
5.214169,NAK,713,14.926,,,730112,
5.214238,DUPACK,713,14.926,,,730112,
5.214282,NAK,713,14.926,,,730112,
5.214323,DUPACK,713,14.926,,,730112,
5.218825,NAK,713,14.926,,,730112,
5.219278,DUPACK,713,14.926,,,730112,
5.219550,NAK,713,14.926,,,730112,
5.219609,DUPACK,713,14.926,,,730112,
5.223396,NAK,713,14.926,,,730112,
5.223468,DUPACK,713,14.926,,,730112,
5.223502,DUPACK,713,14.926,,,730112,
5.223532,NAK,713,14.926,,,730112,
5.228222,DUPACK,713,14.926,,,730112,
5.228300,NAK,713,14.926,,,730112,
5.228341,DUPACK,713,14.926,,,730112,
5.229111,NAK,713,14.926,,,730112,
5.229165,DUPACK,713,14.926,,,730112,
5.229198,NAK,713,14.926,,,730112,
5.229231,DUPACK,713,14.926,,,730112,
5.229263,NAK,713,14.926,,,730112,
5.229300,DUPACK,713,14.926,,,730112,
5.229331,NAK,713,14.926,,,730112,
5.229364,DUPACK,713,14.926,,,730112,
5.237365,ACK,714,14.993,,,731136,"cum ack, base->714"
5.239768,RETX,727,14.993,,200.000,731136,
5.242618,ACK,715,15.060,,,732160,"cum ack, base->715"
5.242682,ACK,716,15.126,,,733184,"cum ack, base->716"
5.245144,RETX,728,15.126,,200.000,733184,
5.245335,SEND,729,15.126,,200.000,733184,
5.245504,SEND,730,15.126,,200.000,733184,
5.253355,ACK,717,15.192,,,734208,"cum ack, base->717"
5.253417,ACK,718,15.258,,,735232,"cum ack, base->718"
5.255842,SEND,731,15.258,,200.000,735232,
5.256110,SEND,732,15.258,,200.000,735232,
5.256276,ACK,719,15.324,,,736256,"cum ack, base->719"
5.256363,ACK,720,15.389,,,737280,"cum ack, base->720"
5.256546,ACK,721,15.454,,,738304,"cum ack, base->721"
5.256582,ACK,722,15.518,,,739328,"cum ack, base->722"
5.259314,SEND,733,15.518,,200.000,739328,
5.259510,SEND,734,15.518,,200.000,739328,
5.259710,SEND,735,15.518,,200.000,739328,
5.259942,SEND,736,15.518,,200.000,739328,
5.260063,ACK,723,15.583,,,740352,"cum ack, base->723"
5.260127,ACK,724,15.647,,,741376,"cum ack, base->724"
5.260165,ACK,725,15.711,,,742400,"cum ack, base->725"
5.260208,ACK,726,15.775,,,743424,"cum ack, base->726"
5.260315,ACK,727,15.838,,,744448,"cum ack, base->727"
5.262595,SEND,737,15.838,,200.000,744448,
5.262677,SEND,738,15.838,,200.000,744448,
5.262755,SEND,739,15.838,,200.000,744448,
5.262834,SEND,740,15.838,,200.000,744448,
5.262913,SEND,741,15.838,,200.000,744448,
5.278589,STATS,-1,15.838,,200.000,744448,base=727 next=742
5.280368,ACK,728,15.901,,,745472,"cum ack, base->728"
5.281172,SEND,742,15.901,,200.000,745472,
5.288692,ACK,729,15.964,,,746496,"cum ack, base->729"
5.288799,ACK,730,16.027,,,747520,"cum ack, base->730"
5.289085,SEND,743,16.027,,200.000,747520,
5.289757,SEND,744,16.027,,200.000,747520,
5.290006,SEND,745,16.027,,200.000,747520,
5.290114,ACK,731,16.089,,,748544,"cum ack, base->731"
5.290441,ACK,732,16.151,,,749568,"cum ack, base->732"
5.292825,SEND,746,16.151,,200.000,749568,
5.293007,SEND,747,16.151,,200.000,749568,
5.298899,NAK,732,16.151,,,749568,
5.298947,FASTRETX,732,14.357,,200.000,749568,nak
5.299001,DUPACK,732,14.357,,,749568,
5.300500,RETX,732,14.357,,200.000,749568,
5.300689,RETX,733,14.357,,200.000,749568,
5.300888,RETX,734,14.357,,200.000,749568,
5.301975,RETX,735,14.357,,200.000,749568,
5.302459,RETX,736,14.357,,200.000,749568,
5.302644,RETX,737,14.357,,200.000,749568,
5.302817,RETX,738,14.357,,200.000,749568,
5.303276,RETX,739,14.357,,200.000,749568,
5.303500,RETX,740,14.357,,200.000,749568,
5.303764,RETX,741,14.357,,200.000,749568,
5.303942,RETX,742,14.357,,200.000,749568,
5.304114,RETX,743,14.357,,200.000,749568,
5.304291,RETX,744,14.357,,200.000,749568,
5.304539,RETX,745,14.357,,200.000,749568,
5.307274,NAK,732,14.357,,,749568,
5.308017,DUPACK,732,14.357,,,749568,
5.308066,NAK,732,14.357,,,749568,
5.308118,NAK,732,14.357,,,749568,
5.308150,DUPACK,732,14.357,,,749568,
5.308178,NAK,732,14.357,,,749568,
5.308205,DUPACK,732,14.357,,,749568,
5.308250,NAK,732,14.357,,,749568,
5.308281,DUPACK,732,14.357,,,749568,
5.308308,NAK,732,14.357,,,749568,
5.308333,DUPACK,732,14.357,,,749568,
5.308357,NAK,732,14.357,,,749568,
5.308382,DUPACK,732,14.357,,,749568,
5.308406,NAK,732,14.357,,,749568,
5.308431,DUPACK,732,14.357,,,749568,
5.328850,NAK,732,14.357,,,749568,
5.330959,DUPACK,732,14.357,,,749568,
5.333623,NAK,732,14.357,,,749568,
5.333657,DUPACK,732,14.357,,,749568,
5.333684,NAK,732,14.357,,,749568,
5.335074,DUPACK,732,14.357,,,749568,
5.335105,NAK,732,14.357,,,749568,
5.335454,DUPACK,732,14.357,,,749568,
5.338713,NAK,732,14.357,,,749568,
5.338750,DUPACK,732,14.357,,,749568,
5.338778,NAK,732,14.357,,,749568,
5.338804,DUPACK,732,14.357,,,749568,
5.338844,ACK,733,14.426,,,750592,"cum ack, base->733"
5.340320,RETX,746,14.426,,200.000,750592,
5.349564,ACK,734,14.496,,,751616,"cum ack, base->734"
5.349828,ACK,735,14.565,,,752640,"cum ack, base->735"
5.350887,RETX,747,14.565,,200.000,752640,
5.351090,SEND,748,14.565,,200.000,752640,
5.354555,ACK,736,14.633,,,753664,"cum ack, base->736"
5.354770,ACK,738,14.770,,,755712,"cum ack, base->738"
5.354817,ACK,739,14.837,,,756736,"cum ack, base->739"
5.354852,ACK,740,14.905,,,757760,"cum ack, base->740"
5.354888,ACK,741,14.972,,,758784,"cum ack, base->741"
5.355079,ACK,742,15.039,,,759808,"cum ack, base->742"
5.355133,ACK,743,15.105,,,760832,"cum ack, base->743"
5.355168,ACK,744,15.171,,,761856,"cum ack, base->744"
5.355204,ACK,745,15.237,,,762880,"cum ack, base->745"
5.355237,ACK,746,15.303,,,763904,"cum ack, base->746"
5.356518,SEND,749,15.303,,200.000,763904,
5.356711,SEND,750,15.303,,200.000,763904,
5.356884,SEND,751,15.303,,200.000,763904,
5.357056,SEND,752,15.303,,200.000,763904,
5.357224,SEND,753,15.303,,200.000,763904,
5.357489,SEND,754,15.303,,200.000,763904,
5.357673,SEND,755,15.303,,200.000,763904,
5.357889,SEND,756,15.303,,200.000,763904,
5.358069,SEND,757,15.303,,200.000,763904,
5.358282,SEND,758,15.303,,200.000,763904,
5.358464,SEND,759,15.303,,200.000,763904,
5.358689,SEND,760,15.303,,200.000,763904,
5.386148,STATS,-1,15.303,,200.000,763904,base=746 next=761
5.386383,ACK,747,15.368,,,764928,"cum ack, base->747"
5.387688,ACK,748,15.433,,,765952,"cum ack, base->748"
5.388897,SEND,761,15.433,,200.000,765952,
5.389082,SEND,762,15.433,,200.000,765952,
5.389148,ACK,749,15.498,,,766976,"cum ack, base->749"
5.391732,SEND,763,15.498,,200.000,766976,
5.403716,ACK,750,15.563,,,768000,"cum ack, base->750"
5.404092,ACK,751,15.627,,,769024,"cum ack, base->751"
5.404487,SEND,764,15.627,,200.000,769024,
5.404667,SEND,765,15.627,,200.000,769024,
5.405193,ACK,752,15.691,,,770048,"cum ack, base->752"
5.407423,SEND,766,15.691,,200.000,770048,
5.409718,ACK,753,15.755,,,771072,"cum ack, base->753"
5.409758,ACK,754,15.818,,,772096,"cum ack, base->754"
5.410259,SEND,767,15.818,,200.000,772096,
5.410683,SEND,768,15.818,,200.000,772096,
5.410858,ACK,755,15.881,,,773120,"cum ack, base->755"
5.411076,ACK,756,15.944,,,774144,"cum ack, base->756"
5.413294,ACK,757,16.007,,,775168,"cum ack, base->757"
5.413543,SEND,769,16.007,,200.000,775168,
5.414062,SEND,770,16.007,,200.000,775168,
5.414303,SEND,771,16.007,,200.000,775168,
5.420253,SEND,772,16.007,,200.000,775168,
5.420404,ACK,758,16.069,,,776192,"cum ack, base->758"
5.420463,ACK,759,16.132,,,777216,"cum ack, base->759"
5.420505,ACK,761,16.255,,,779264,"cum ack, base->761"
5.420538,ACK,762,16.317,,,780288,"cum ack, base->762"
5.423101,SEND,773,16.317,,200.000,780288,
5.423319,SEND,774,16.317,,200.000,780288,
5.423639,SEND,775,16.317,,200.000,780288,
5.423818,SEND,776,16.317,,200.000,780288,
5.423983,SEND,777,16.317,,200.000,780288,
5.428638,ACK,763,16.378,,,781312,"cum ack, base->763"
5.437066,SEND,778,16.378,,200.000,781312,
5.437829,ACK,764,16.439,,,782336,"cum ack, base->764"
5.439886,SEND,779,16.439,,200.000,782336,
5.445088,ACK,765,16.500,,,783360,"cum ack, base->765"
5.447926,SEND,780,16.500,,200.000,783360,
5.452142,ACK,767,16.621,,,785408,"cum ack, base->767"
5.454849,SEND,781,16.621,,200.000,785408,
5.455142,SEND,782,16.621,,200.000,785408,
5.457477,ACK,768,16.681,,,786432,"cum ack, base->768"
5.457922,SEND,783,16.681,,200.000,786432,
5.462049,NAK,768,16.681,,,786432,
5.462088,FASTRETX,768,14.828,,200.000,786432,nak
5.462136,DUPACK,768,14.828,,,786432,
5.462164,NAK,768,14.828,,,786432,
5.462191,DUPACK,768,14.828,,,786432,
5.462220,NAK,768,14.828,,,786432,
5.462247,DUPACK,768,14.828,,,786432,
5.462274,NAK,768,14.828,,,786432,
5.463178,RETX,768,14.828,,200.000,786432,
5.463461,RETX,769,14.828,,200.000,786432,
5.463690,RETX,770,14.828,,200.000,786432,
5.463886,RETX,771,14.828,,200.000,786432,
5.464073,RETX,772,14.828,,200.000,786432,
5.464482,RETX,773,14.828,,200.000,786432,
5.472023,RETX,774,14.828,,200.000,786432,
5.472219,RETX,775,14.828,,200.000,786432,
5.472441,RETX,776,14.828,,200.000,786432,
5.472658,RETX,777,14.828,,200.000,786432,
5.473042,RETX,778,14.828,,200.000,786432,
5.473289,RETX,779,14.828,,200.000,786432,
5.473519,RETX,780,14.828,,200.000,786432,
5.473748,RETX,781,14.828,,200.000,786432,
5.473802,DUPACK,768,14.828,,,786432,
5.473858,NAK,768,14.828,,,786432,
5.473891,DUPACK,768,14.828,,,786432,
5.473919,NAK,768,14.828,,,786432,
5.473947,DUPACK,768,14.828,,,786432,
5.473971,NAK,768,14.828,,,786432,
5.473997,DUPACK,768,14.828,,,786432,
5.489621,STATS,-1,14.828,,200.000,786432,base=768 next=782
5.490470,NAK,768,14.828,,,786432,
5.490545,DUPACK,768,14.828,,,786432,
5.490654,NAK,768,14.828,,,786432,
5.490696,DUPACK,768,14.828,,,786432,
5.491206,NAK,768,14.828,,,786432,
5.491471,DUPACK,768,14.828,,,786432,
5.491662,NAK,768,14.828,,,786432,
5.519251,NAK,768,14.828,,,786432,
5.519280,DUPACK,768,14.828,,,786432,
5.519300,NAK,768,14.828,,,786432,
5.519318,NAK,768,14.828,,,786432,
5.519351,DUPACK,768,14.828,,,786432,
5.519382,ACK,769,14.895,,,787456,"cum ack, base->769"
5.519409,ACK,770,14.962,,,788480,"cum ack, base->770"
5.519429,ACK,771,15.029,,,789504,"cum ack, base->771"
5.519449,ACK,772,15.096,,,790528,"cum ack, base->772"
5.519469,ACK,774,15.228,,,792576,"cum ack, base->774"
5.519487,ACK,775,15.294,,,793600,"cum ack, base->775"
5.519506,ACK,776,15.359,,,794624,"cum ack, base->776"
5.520009,RETX,782,15.359,,200.000,794624,
5.520159,RETX,783,15.359,,200.000,794624,
5.520304,SEND,784,15.359,,200.000,794624,
5.520475,SEND,785,15.359,,200.000,794624,
5.520651,SEND,786,15.359,,200.000,794624,
5.520826,SEND,787,15.359,,200.000,794624,
5.521002,SEND,788,15.359,,200.000,794624,
5.521225,SEND,789,15.359,,200.000,794624,
5.521403,SEND,790,15.359,,200.000,794624,
5.521445,ACK,777,15.424,,,795648,"cum ack, base->777"
5.521477,ACK,778,15.489,,,796672,"cum ack, base->778"
5.521556,ACK,779,15.553,,,797696,"cum ack, base->779"
5.524106,SEND,791,15.553,,200.000,797696,
5.524446,SEND,792,15.553,,200.000,797696,
5.524650,SEND,793,15.553,,200.000,797696,
5.525006,ACK,780,15.618,,,798720,"cum ack, base->780"
5.525058,ACK,781,15.682,,,799744,"cum ack, base->781"
5.525093,ACK,782,15.746,,,800768,"cum ack, base->782"
5.527100,SEND,794,15.746,,200.000,800768,
5.527285,SEND,795,15.746,,200.000,800768,
5.527486,SEND,796,15.746,,200.000,800768,
5.565115,ACK,783,15.809,,,801792,"cum ack, base->783"
5.565166,ACK,784,15.872,,,802816,"cum ack, base->784"
5.565432,SEND,797,15.872,,200.000,802816,
5.565662,SEND,798,15.872,,200.000,802816,
5.577553,ACK,785,15.935,,,803840,"cum ack, base->785"
5.577625,ACK,786,15.998,,,804864,"cum ack, base->786"
5.577664,ACK,787,16.061,,,805888,"cum ack, base->787"
5.577696,ACK,788,16.123,,,806912,"cum ack, base->788"
5.579053,NAK,788,16.123,,,806912,
5.579084,FASTRETX,788,14.331,,200.000,806912,nak
5.579160,NAK,788,14.331,,,806912,
5.579188,DUPACK,788,14.331,,,806912,
5.579969,RETX,788,14.331,,200.000,806912,
5.580079,RETX,789,14.331,,200.000,806912,
5.580188,RETX,790,14.331,,200.000,806912,
5.580296,RETX,791,14.331,,200.000,806912,
5.580405,RETX,792,14.331,,200.000,806912,
5.580512,RETX,793,14.331,,200.000,806912,
5.580620,RETX,794,14.331,,200.000,806912,
5.580728,RETX,795,14.331,,200.000,806912,
5.580836,RETX,796,14.331,,200.000,806912,
5.580944,RETX,797,14.331,,200.000,806912,
5.581051,RETX,798,14.331,,200.000,806912,
5.581159,SEND,799,14.331,,200.000,806912,
5.581268,SEND,800,14.331,,200.000,806912,
5.581375,SEND,801,14.331,,200.000,806912,
5.581427,NAK,788,14.331,,,806912,
5.581452,DUPACK,788,14.331,,,806912,
5.581520,NAK,788,14.331,,,806912,
5.581536,DUPACK,788,14.331,,,806912,
5.581553,NAK,788,14.331,,,806912,
5.581570,DUPACK,788,14.331,,,806912,
5.581583,NAK,788,14.331,,,806912,
5.581595,DUPACK,788,14.331,,,806912,
5.581607,NAK,788,14.331,,,806912,
5.581619,DUPACK,788,14.331,,,806912,
5.583816,NAK,788,14.331,,,806912,
5.583835,DUPACK,788,14.331,,,806912,
5.591145,STATS,-1,14.331,,200.000,806912,base=788 next=802
5.608483,NAK,788,14.331,,,806912,
5.614308,DUPACK,788,14.331,,,806912,
5.614371,NAK,788,14.331,,,806912,
5.614405,DUPACK,788,14.331,,,806912,
5.623194,ACK,789,14.401,,,807936,"cum ack, base->789"
5.623348,ACK,790,14.471,,,808960,"cum ack, base->790"
5.623388,ACK,791,14.540,,,809984,"cum ack, base->791"
5.625590,SEND,802,14.540,,200.000,809984,
5.626233,SEND,803,14.540,,200.000,809984,
5.626466,SEND,804,14.540,,200.000,809984,
5.626909,ACK,792,14.609,,,811008,"cum ack, base->792"
5.626958,ACK,793,14.677,,,812032,"cum ack, base->793"
5.629308,SEND,805,14.677,,200.000,812032,
5.629530,SEND,806,14.677,,200.000,812032,
5.630698,ACK,794,14.745,,,813056,"cum ack, base->794"
5.630792,ACK,795,14.813,,,814080,"cum ack, base->795"
5.630940,ACK,796,14.880,,,815104,"cum ack, base->796"
5.634938,SEND,807,14.880,,200.000,815104,
5.635894,SEND,808,14.880,,200.000,815104,
5.636616,SEND,809,14.880,,200.000,815104,
5.636751,ACK,797,14.948,,,816128,"cum ack, base->797"
5.636833,ACK,798,15.015,,,817152,"cum ack, base->798"
5.636877,ACK,800,15.147,,,819200,"cum ack, base->800"
5.636911,ACK,801,15.213,,,820224,"cum ack, base->801"
5.639658,SEND,810,15.213,,200.000,820224,
5.639926,SEND,811,15.213,,200.000,820224,
5.640236,SEND,812,15.213,,200.000,820224,
5.640472,SEND,813,15.213,,200.000,820224,
5.640697,SEND,814,15.213,,200.000,820224,
5.640923,SEND,815,15.213,,200.000,820224,
5.660777,NAK,801,15.213,,,820224,
5.660803,FASTRETX,801,13.523,,200.000,820224,nak
5.660877,DUPACK,801,13.523,,,820224,
5.662917,RETX,801,13.523,,200.000,820224,
5.663100,RETX,802,13.523,,200.000,820224,
5.663268,RETX,803,13.523,,200.000,820224,
5.663437,RETX,804,13.523,,200.000,820224,
5.663609,RETX,805,13.523,,200.000,820224,
5.663776,RETX,806,13.523,,200.000,820224,
5.663947,RETX,807,13.523,,200.000,820224,
5.664120,RETX,808,13.523,,200.000,820224,
5.664291,RETX,809,13.523,,200.000,820224,
5.664461,RETX,810,13.523,,200.000,820224,
5.664651,RETX,811,13.523,,200.000,820224,
5.665251,RETX,812,13.523,,200.000,820224,
5.665439,RETX,813,13.523,,200.000,820224,
5.672611,NAK,801,13.523,,,820224,
5.687584,DUPACK,801,13.523,,,820224,
5.687666,NAK,801,13.523,,,820224,
5.687711,DUPACK,801,13.523,,,820224,
5.687744,NAK,801,13.523,,,820224,
5.687818,DUPACK,801,13.523,,,820224,
5.687862,NAK,801,13.523,,,820224,
5.688085,DUPACK,801,13.523,,,820224,
5.688398,NAK,801,13.523,,,820224,
5.689474,DUPACK,801,13.523,,,820224,
5.690103,NAK,801,13.523,,,820224,
5.690873,DUPACK,801,13.523,,,820224,
5.690900,NAK,801,13.523,,,820224,
5.690925,DUPACK,801,13.523,,,820224,
5.690953,NAK,801,13.523,,,820224,
5.690975,DUPACK,801,13.523,,,820224,
5.690998,NAK,801,13.523,,,820224,
5.691024,DUPACK,801,13.523,,,820224,
5.691044,NAK,801,13.523,,,820224,
5.691063,DUPACK,801,13.523,,,820224,
5.691081,NAK,801,13.523,,,820224,
5.691100,DUPACK,801,13.523,,,820224,
5.692312,STATS,-1,13.523,,200.000,820224,base=801 next=814
5.692514,NAK,801,13.523,,,820224,
5.692541,DUPACK,801,13.523,,,820224,
5.692562,NAK,801,13.523,,,820224,
5.692582,DUPACK,801,13.523,,,820224,
5.705389,ACK,802,13.597,,,821248,"cum ack, base->802"
5.705429,ACK,803,13.671,,,822272,"cum ack, base->803"
5.705461,ACK,804,13.744,,,823296,"cum ack, base->804"
5.707751,RETX,814,13.744,,200.000,823296,
5.707998,RETX,815,13.744,,200.000,823296,
5.708281,SEND,816,13.744,,200.000,823296,
5.718442,ACK,805,13.817,,,824320,"cum ack, base->805"
5.718573,ACK,806,13.889,,,825344,"cum ack, base->806"
5.718610,ACK,807,13.961,,,826368,"cum ack, base->807"
5.718645,ACK,808,14.033,,,827392,"cum ack, base->808"
5.718676,ACK,809,14.104,,,828416,"cum ack, base->809"
5.718804,ACK,810,14.175,,,829440,"cum ack, base->810"
5.718826,ACK,811,14.245,,,830464,"cum ack, base->811"
5.718842,ACK,812,14.315,,,831488,"cum ack, base->812"
5.718857,ACK,814,14.455,,,833536,"cum ack, base->814"
5.720241,SEND,817,14.455,,200.000,833536,
5.720369,SEND,818,14.455,,200.000,833536,
5.720478,SEND,819,14.455,,200.000,833536,
5.720586,SEND,820,14.455,,200.000,833536,
5.720693,SEND,821,14.455,,200.000,833536,
5.720966,SEND,822,14.455,,200.000,833536,
5.721173,SEND,823,14.455,,200.000,833536,
5.721358,SEND,824,14.455,,200.000,833536,
5.721530,SEND,825,14.455,,200.000,833536,
5.721699,SEND,826,14.455,,200.000,833536,
5.721923,SEND,827,14.455,,200.000,833536,
5.742925,DUPACK,814,14.455,,,833536,
5.754331,NAK,814,14.455,,,833536,
5.754367,FASTRETX,814,14.455,,200.000,833536,nak
5.754411,DUPACK,814,14.455,,,833536,
5.756840,RETX,814,14.455,,200.000,833536,
5.757065,RETX,815,14.455,,200.000,833536,
5.757237,RETX,816,14.455,,200.000,833536,
5.757407,RETX,817,14.455,,200.000,833536,
5.757573,RETX,818,14.455,,200.000,833536,
5.757740,RETX,819,14.455,,200.000,833536,
5.757907,RETX,820,14.455,,200.000,833536,
5.758130,RETX,821,14.455,,200.000,833536,
5.758318,RETX,822,14.455,,200.000,833536,
5.758487,RETX,823,14.455,,200.000,833536,
5.758654,RETX,824,14.455,,200.000,833536,
5.758824,RETX,825,14.455,,200.000,833536,
5.758990,RETX,826,14.455,,200.000,833536,
5.759202,RETX,827,14.455,,200.000,833536,
5.759379,NAK,814,14.455,,,833536,
5.764449,DUPACK,814,14.455,,,833536,
5.764545,NAK,814,14.455,,,833536,
5.764811,DUPACK,814,14.455,,,833536,
5.770764,NAK,814,14.455,,,833536,
5.770956,DUPACK,814,14.455,,,833536,
5.770997,NAK,814,14.455,,,833536,
5.771026,DUPACK,814,14.455,,,833536,
5.771051,NAK,814,14.455,,,833536,
5.771077,DUPACK,814,14.455,,,833536,
5.771102,NAK,814,14.455,,,833536,
5.771131,DUPACK,814,14.455,,,833536,
5.771155,NAK,814,14.455,,,833536,
5.771179,DUPACK,814,14.455,,,833536,
5.771203,NAK,814,14.455,,,833536,
5.771228,DUPACK,814,14.455,,,833536,
5.771251,NAK,814,14.455,,,833536,
5.771279,DUPACK,814,14.455,,,833536,
5.771303,NAK,814,14.455,,,833536,
5.771629,DUPACK,814,14.455,,,833536,
5.793185,STATS,-1,14.455,,200.000,833536,base=814 next=828
5.806430,ACK,815,14.524,,,834560,"cum ack, base->815"
5.808562,SEND,828,14.524,,200.000,834560,
5.811313,ACK,816,14.593,,,835584,"cum ack, base->816"
5.811385,ACK,817,14.661,,,836608,"cum ack, base->817"
5.811422,ACK,818,14.730,,,837632,"cum ack, base->818"
5.811455,ACK,819,14.797,,,838656,"cum ack, base->819"
5.811609,ACK,820,14.865,,,839680,"cum ack, base->820"
5.812683,ACK,821,14.932,,,840704,"cum ack, base->821"
5.812739,NAK,821,14.932,,,840704,
5.812855,FASTRETX,821,13.273,,200.000,840704,nak
5.812889,DUPACK,821,13.273,,,840704,
5.812921,NAK,821,13.273,,,840704,
5.812947,DUPACK,821,13.273,,,840704,
5.812972,NAK,821,13.273,,,840704,
5.812997,NAK,821,13.273,,,840704,
5.813021,DUPACK,821,13.273,,,840704,
5.813045,NAK,821,13.273,,,840704,
5.813979,RETX,821,13.273,,200.000,840704,
5.814428,RETX,822,13.273,,200.000,840704,
5.814978,RETX,823,13.273,,200.000,840704,
5.815159,RETX,824,13.273,,200.000,840704,
5.815328,RETX,825,13.273,,200.000,840704,
5.815651,RETX,826,13.273,,200.000,840704,
5.815829,RETX,827,13.273,,200.000,840704,
5.815997,RETX,828,13.273,,200.000,840704,
5.816200,SEND,829,13.273,,200.000,840704,
5.816413,SEND,830,13.273,,200.000,840704,
5.817070,SEND,831,13.273,,200.000,840704,
5.817258,SEND,832,13.273,,200.000,840704,
5.817429,SEND,833,13.273,,200.000,840704,
5.818190,DUPACK,821,13.273,,,840704,
5.818262,NAK,821,13.273,,,840704,
5.818296,DUPACK,821,13.273,,,840704,
5.862319,NAK,821,13.273,,,840704,
5.862401,DUPACK,821,13.273,,,840704,
5.862463,ACK,822,13.348,,,841728,"cum ack, base->822"
5.862503,ACK,823,13.423,,,842752,"cum ack, base->823"
5.862535,ACK,824,13.498,,,843776,"cum ack, base->824"
5.862565,ACK,825,13.572,,,844800,"cum ack, base->825"
5.864012,SEND,834,13.572,,200.000,844800,
5.864209,SEND,835,13.572,,200.000,844800,
5.866028,SEND,836,13.572,,200.000,844800,
5.866294,SEND,837,13.572,,200.000,844800,
5.867692,ACK,827,13.719,,,846848,"cum ack, base->827"
5.867751,ACK,828,13.792,,,847872,"cum ack, base->828"
5.868815,ACK,829,13.864,,,848896,"cum ack, base->829"
5.868873,ACK,830,13.936,,,849920,"cum ack, base->830"
5.869126,SEND,838,13.936,,200.000,849920,
5.869433,SEND,839,13.936,,200.000,849920,
5.870200,SEND,840,13.936,,200.000,849920,
5.870387,SEND,841,13.936,,200.000,849920,
5.870644,SEND,842,13.936,,200.000,849920,
5.870728,ACK,831,14.008,,,850944,"cum ack, base->831"
5.871535,ACK,832,14.080,,,851968,"cum ack, base->832"
5.871668,ACK,833,14.151,,,852992,"cum ack, base->833"
5.871787,ACK,834,14.221,,,854016,"cum ack, base->834"
5.872965,SEND,843,14.221,,200.000,854016,
5.873197,SEND,844,14.221,,200.000,854016,
5.873422,SEND,845,14.221,,200.000,854016,
5.873651,SEND,846,14.221,,200.000,854016,
5.874342,SEND,847,14.221,,200.000,854016,
5.893316,STATS,-1,14.221,,200.000,854016,base=834 next=848
5.905523,ACK,835,14.292,,,855040,"cum ack, base->835"
5.905910,SEND,848,14.292,,200.000,855040,
5.916223,ACK,836,14.362,,,856064,"cum ack, base->836"
5.916586,SEND,849,14.362,,200.000,856064,
5.916668,ACK,837,14.431,,,857088,"cum ack, base->837"
5.916734,ACK,838,14.501,,,858112,"cum ack, base->838"
5.916768,ACK,839,14.569,,,859136,"cum ack, base->839"
5.916800,ACK,840,14.638,,,860160,"cum ack, base->840"
5.916832,ACK,841,14.706,,,861184,"cum ack, base->841"
5.916904,ACK,842,14.774,,,862208,"cum ack, base->842"
5.919443,SEND,850,14.774,,200.000,862208,
5.919813,SEND,851,14.774,,200.000,862208,
5.920170,SEND,852,14.774,,200.000,862208,
5.920385,SEND,853,14.774,,200.000,862208,
5.920562,SEND,854,14.774,,200.000,862208,
5.920736,SEND,855,14.774,,200.000,862208,
5.921045,ACK,843,14.842,,,863232,"cum ack, base->843"
5.923012,ACK,844,14.909,,,864256,"cum ack, base->844"
5.923075,ACK,845,14.977,,,865280,"cum ack, base->845"
5.923112,ACK,847,15.110,,,867328,"cum ack, base->847"
5.923146,ACK,848,15.176,,,868352,"cum ack, base->848"
5.923509,SEND,856,15.176,,200.000,868352,
5.923834,SEND,857,15.176,,200.000,868352,
5.924017,SEND,858,15.176,,200.000,868352,
5.924196,SEND,859,15.176,,200.000,868352,
5.924429,SEND,860,15.176,,200.000,868352,
5.924763,SEND,861,15.176,,200.000,868352,
5.925009,SEND,862,15.176,,200.000,868352,
5.952555,ACK,849,15.242,,,869376,"cum ack, base->849"
5.954769,SEND,863,15.242,,200.000,869376,
5.964099,ACK,850,15.308,,,870400,"cum ack, base->850"
5.964170,ACK,851,15.373,,,871424,"cum ack, base->851"
5.966586,SEND,864,15.373,,200.000,871424,
5.966785,SEND,865,15.373,,200.000,871424,
5.968659,ACK,852,15.438,,,872448,"cum ack, base->852"
5.970170,SEND,866,15.438,,200.000,872448,
5.974542,ACK,853,15.503,,,873472,"cum ack, base->853"
5.974652,ACK,854,15.567,,,874496,"cum ack, base->854"
5.975543,SEND,867,15.567,,200.000,874496,
5.975762,SEND,868,15.567,,200.000,874496,
5.978233,ACK,855,15.631,,,875520,"cum ack, base->855"
5.978294,ACK,856,15.695,,,876544,"cum ack, base->856"
5.978536,SEND,869,15.695,,200.000,876544,
5.978710,SEND,870,15.695,,200.000,876544,
5.978772,ACK,857,15.759,,,877568,"cum ack, base->857"
5.978854,ACK,858,15.823,,,878592,"cum ack, base->858"
5.978918,ACK,859,15.886,,,879616,"cum ack, base->859"
5.978958,ACK,860,15.949,,,880640,"cum ack, base->860"
5.978992,ACK,862,16.074,,,882688,"cum ack, base->862"
5.980446,ACK,863,16.136,,,883712,"cum ack, base->863"
5.981425,SEND,871,16.136,,200.000,883712,
5.981813,SEND,872,16.136,,200.000,883712,
5.982214,SEND,873,16.136,,200.000,883712,
5.982395,SEND,874,16.136,,200.000,883712,
5.982565,SEND,875,16.136,,200.000,883712,
5.982773,SEND,876,16.136,,200.000,883712,
5.982951,SEND,877,16.136,,200.000,883712,
5.983117,SEND,878,16.136,,200.000,883712,
5.993292,STATS,-1,16.136,,200.000,883712,base=863 next=879
6.003579,ACK,864,16.198,,,884736,"cum ack, base->864"
6.004595,SEND,879,16.198,,200.000,884736,
6.020320,ACK,865,16.260,,,885760,"cum ack, base->865"
6.020394,ACK,866,16.321,,,886784,"cum ack, base->866"
6.020429,ACK,867,16.383,,,887808,"cum ack, base->867"
6.020543,ACK,868,16.444,,,888832,"cum ack, base->868"
6.020579,ACK,869,16.504,,,889856,"cum ack, base->869"
6.022580,SEND,880,16.504,,200.000,889856,
6.022765,SEND,881,16.504,,200.000,889856,
6.022933,SEND,882,16.504,,200.000,889856,
6.023101,SEND,883,16.504,,200.000,889856,
6.023276,SEND,884,16.504,,200.000,889856,
6.028244,ACK,870,16.565,,,890880,"cum ack, base->870"
6.028300,ACK,871,16.625,,,891904,"cum ack, base->871"
6.028336,ACK,872,16.686,,,892928,"cum ack, base->872"
6.028370,ACK,873,16.745,,,893952,"cum ack, base->873"
6.028404,ACK,874,16.805,,,894976,"cum ack, base->874"
6.028635,SEND,885,16.805,,200.000,894976,
6.028808,SEND,886,16.805,,200.000,894976,
6.028981,SEND,887,16.805,,200.000,894976,
6.029150,SEND,888,16.805,,200.000,894976,
6.029314,SEND,889,16.805,,200.000,894976,
6.032838,ACK,875,16.865,,,896000,"cum ack, base->875"
6.032908,ACK,876,16.924,,,897024,"cum ack, base->876"
6.032942,ACK,877,16.983,,,898048,"cum ack, base->877"
6.032974,ACK,878,17.042,,,899072,"cum ack, base->878"
6.033005,ACK,879,17.101,,,900096,"cum ack, base->879"
6.034982,SEND,890,17.101,,200.000,900096,
6.035176,SEND,891,17.101,,200.000,900096,
6.035446,SEND,892,17.101,,200.000,900096,
6.035683,SEND,893,17.101,,200.000,900096,
6.036347,SEND,894,17.101,,200.000,900096,
6.036610,SEND,895,17.101,,200.000,900096,
6.046395,ACK,880,17.159,,,901120,"cum ack, base->880"
6.047020,SEND,896,17.159,,200.000,901120,
6.060765,ACK,881,17.217,,,902144,"cum ack, base->881"
6.061201,ACK,882,17.275,,,903168,"cum ack, base->882"
6.062540,SEND,897,17.275,,200.000,903168,
6.062723,SEND,898,17.275,,200.000,903168,
6.067482,ACK,883,17.333,,,904192,"cum ack, base->883"
6.070185,SEND,899,17.333,,200.000,904192,
6.073483,ACK,884,17.391,,,905216,"cum ack, base->884"
6.075839,SEND,900,17.391,,200.000,905216,
6.077983,NAK,884,17.391,,,905216,
6.078027,FASTRETX,884,15.459,,200.000,905216,nak
6.078092,DUPACK,884,15.459,,,905216,
6.078741,RETX,884,15.459,,200.000,905216,
6.079048,RETX,885,15.459,,200.000,905216,
6.079392,RETX,886,15.459,,200.000,905216,
6.079883,RETX,887,15.459,,200.000,905216,
6.080150,RETX,888,15.459,,200.000,905216,
6.080409,RETX,889,15.459,,200.000,905216,
6.080769,RETX,890,15.459,,200.000,905216,
6.081043,RETX,891,15.459,,200.000,905216,
6.081308,RETX,892,15.459,,200.000,905216,
6.081707,RETX,893,15.459,,200.000,905216,
6.082075,RETX,894,15.459,,200.000,905216,
6.082382,RETX,895,15.459,,200.000,905216,
6.082588,RETX,896,15.459,,200.000,905216,
6.082836,RETX,897,15.459,,200.000,905216,
6.083099,RETX,898,15.459,,200.000,905216,
6.083229,NAK,884,15.459,,,905216,
6.083331,DUPACK,884,15.459,,,905216,
6.083368,NAK,884,15.459,,,905216,
6.083433,DUPACK,884,15.459,,,905216,
6.083465,NAK,884,15.459,,,905216,
6.083496,DUPACK,884,15.459,,,905216,
6.084430,NAK,884,15.459,,,905216,
6.084491,DUPACK,884,15.459,,,905216,
6.084524,NAK,884,15.459,,,905216,
6.084556,DUPACK,884,15.459,,,905216,
6.084586,NAK,884,15.459,,,905216,
6.084618,DUPACK,884,15.459,,,905216,
6.087071,NAK,884,15.459,,,905216,
6.087135,DUPACK,884,15.459,,,905216,
6.087163,NAK,884,15.459,,,905216,
6.087333,DUPACK,884,15.459,,,905216,
6.089026,NAK,884,15.459,,,905216,
6.089113,DUPACK,884,15.459,,,905216,
6.095519,STATS,-1,15.459,,200.000,905216,base=884 next=899
6.106895,NAK,884,15.459,,,905216,
6.107159,DUPACK,884,15.459,,,905216,
6.107411,NAK,884,15.459,,,905216,
6.112415,DUPACK,884,15.459,,,905216,
6.120187,NAK,884,15.459,,,905216,
6.120277,DUPACK,884,15.459,,,905216,
6.126335,NAK,884,15.459,,,905216,
6.126427,DUPACK,884,15.459,,,905216,
6.126588,ACK,885,15.523,,,906240,"cum ack, base->885"
6.126632,ACK,886,15.588,,,907264,"cum ack, base->886"
6.126705,ACK,887,15.652,,,908288,"cum ack, base->887"
6.128178,RETX,899,15.652,,200.000,908288,
6.128402,RETX,900,15.652,,200.000,908288,
6.128663,SEND,901,15.652,,200.000,908288,
6.130561,ACK,888,15.716,,,909312,"cum ack, base->888"
6.130643,ACK,889,15.779,,,910336,"cum ack, base->889"
6.130706,ACK,890,15.843,,,911360,"cum ack, base->890"
6.130845,ACK,891,15.906,,,912384,"cum ack, base->891"
6.130966,ACK,892,15.969,,,913408,"cum ack, base->892"
6.131692,SEND,902,15.969,,200.000,913408,
6.132193,SEND,903,15.969,,200.000,913408,
6.132588,SEND,904,15.969,,200.000,913408,
6.132871,SEND,905,15.969,,200.000,913408,
6.133208,SEND,906,15.969,,200.000,913408,
6.134295,ACK,893,16.031,,,914432,"cum ack, base->893"
6.134447,ACK,894,16.094,,,915456,"cum ack, base->894"
6.134512,ACK,895,16.156,,,916480,"cum ack, base->895"
6.134566,ACK,896,16.218,,,917504,"cum ack, base->896"
6.134614,ACK,897,16.280,,,918528,"cum ack, base->897"
6.135238,NAK,897,16.280,,,918528,
6.135264,FASTRETX,897,16.280,,200.000,918528,nak
6.135317,DUPACK,897,16.280,,,918528,
6.136860,RETX,897,16.280,,200.000,918528,
6.137221,RETX,898,16.280,,200.000,918528,
6.137883,RETX,899,16.280,,200.000,918528,
6.138208,RETX,900,16.280,,200.000,918528,
6.138518,RETX,901,16.280,,200.000,918528,
6.138866,RETX,902,16.280,,200.000,918528,
6.139291,RETX,903,16.280,,200.000,918528,
6.140438,RETX,904,16.280,,200.000,918528,
6.140767,RETX,905,16.280,,200.000,918528,
6.140989,RETX,906,16.280,,200.000,918528,
6.141196,SEND,907,16.280,,200.000,918528,
6.141479,SEND,908,16.280,,200.000,918528,
6.141719,SEND,909,16.280,,200.000,918528,
6.141948,SEND,910,16.280,,200.000,918528,
6.142175,SEND,911,16.280,,200.000,918528,
6.142402,SEND,912,16.280,,200.000,918528,
6.160669,NAK,897,16.280,,,918528,
6.166905,DUPACK,897,16.280,,,918528,
6.170354,NAK,897,16.280,,,918528,
6.172222,DUPACK,897,16.280,,,918528,
6.175829,NAK,897,16.280,,,918528,
6.180797,DUPACK,897,16.280,,,918528,
6.180871,NAK,897,16.280,,,918528,
6.180914,DUPACK,897,16.280,,,918528,
6.180947,NAK,897,16.280,,,918528,
6.180979,DUPACK,897,16.280,,,918528,
6.185460,NAK,897,16.280,,,918528,
6.185574,DUPACK,897,16.280,,,918528,
6.185612,NAK,897,16.280,,,918528,
6.185651,DUPACK,897,16.280,,,918528,
6.185683,NAK,897,16.280,,,918528,
6.185714,DUPACK,897,16.280,,,918528,
6.185768,ACK,898,16.341,,,919552,"cum ack, base->898"
6.186224,ACK,899,16.402,,,920576,"cum ack, base->899"
6.186284,ACK,900,16.463,,,921600,"cum ack, base->900"
6.188458,SEND,913,16.463,,200.000,921600,
6.188685,SEND,914,16.463,,200.000,921600,
6.188892,SEND,915,16.463,,200.000,921600,
6.191663,ACK,903,16.645,,,924672,"cum ack, base->903"
6.191735,ACK,904,16.705,,,925696,"cum ack, base->904"
6.191778,ACK,905,16.765,,,926720,"cum ack, base->905"
6.191818,ACK,906,16.824,,,927744,"cum ack, base->906"
6.191857,ACK,907,16.884,,,928768,"cum ack, base->907"
6.191894,ACK,908,16.943,,,929792,"cum ack, base->908"
6.191934,ACK,909,17.002,,,930816,"cum ack, base->909"
6.191972,ACK,910,17.061,,,931840,"cum ack, base->910"
6.192008,ACK,911,17.119,,,932864,"cum ack, base->911"
6.192047,ACK,912,17.178,,,933888,"cum ack, base->912"
6.192082,ACK,913,17.236,,,934912,"cum ack, base->913"
6.194092,SEND,916,17.236,,200.000,934912,
6.194315,SEND,917,17.236,,200.000,934912,
6.194531,SEND,918,17.236,,200.000,934912,
6.194740,SEND,919,17.236,,200.000,934912,
6.194949,SEND,920,17.236,,200.000,934912,
6.195151,SEND,921,17.236,,200.000,934912,
6.195355,SEND,922,17.236,,200.000,934912,
6.195557,SEND,923,17.236,,200.000,934912,
6.195831,SEND,924,17.236,,200.000,934912,
6.196051,SEND,925,17.236,,200.000,934912,
6.196254,SEND,926,17.236,,200.000,934912,
6.196460,SEND,927,17.236,,200.000,934912,
6.196663,SEND,928,17.236,,200.000,934912,
6.196874,SEND,929,17.236,,200.000,934912,
6.196893,STATS,-1,17.236,,200.000,934912,base=913 next=930
6.228503,ACK,914,17.294,,,935936,"cum ack, base->914"
6.229609,SEND,930,17.294,,200.000,935936,
6.239685,ACK,915,17.352,,,936960,"cum ack, base->915"
6.239760,ACK,916,17.409,,,937984,"cum ack, base->916"
6.239796,ACK,917,17.467,,,939008,"cum ack, base->917"
6.239831,ACK,918,17.524,,,940032,"cum ack, base->918"
6.239871,ACK,919,17.581,,,941056,"cum ack, base->919"
6.240721,SEND,931,17.581,,200.000,941056,
6.240919,SEND,932,17.581,,200.000,941056,
6.241092,SEND,933,17.581,,200.000,941056,
6.241261,SEND,934,17.581,,200.000,941056,
6.241428,SEND,935,17.581,,200.000,941056,
6.241545,ACK,920,17.638,,,942080,"cum ack, base->920"
6.243745,ACK,921,17.695,,,943104,"cum ack, base->921"
6.244527,SEND,936,17.695,,200.000,943104,
6.244726,SEND,937,17.695,,200.000,943104,
6.244836,ACK,922,17.751,,,944128,"cum ack, base->922"
6.244881,ACK,923,17.808,,,945152,"cum ack, base->923"
6.244914,ACK,924,17.864,,,946176,"cum ack, base->924"
6.244945,ACK,925,17.920,,,947200,"cum ack, base->925"
6.244975,ACK,926,17.976,,,948224,"cum ack, base->926"
6.245008,ACK,927,18.031,,,949248,"cum ack, base->927"
6.245037,ACK,928,18.087,,,950272,"cum ack, base->928"
6.245067,ACK,929,18.142,,,951296,"cum ack, base->929"
6.245411,ACK,930,18.197,,,952320,"cum ack, base->930"
6.247493,SEND,938,18.197,,200.000,952320,
6.247676,SEND,939,18.197,,200.000,952320,
6.247923,SEND,940,18.197,,200.000,952320,
6.248177,SEND,941,18.197,,200.000,952320,
6.248483,SEND,942,18.197,,200.000,952320,
6.248709,SEND,943,18.197,,200.000,952320,
6.248928,SEND,944,18.197,,200.000,952320,
6.249099,SEND,945,18.197,,200.000,952320,
6.249436,SEND,946,18.197,,200.000,952320,
6.249616,SEND,947,18.197,,200.000,952320,
6.273007,ACK,931,18.252,,,953344,"cum ack, base->931"
6.275288,SEND,948,18.252,,200.000,953344,
6.287465,DUPACK,931,18.252,,,953344,
6.295048,NAK,931,18.252,,,953344,
6.295087,FASTRETX,931,16.224,,200.000,953344,nak
6.295395,RETX,931,16.224,,200.000,953344,
6.295588,RETX,932,16.224,,200.000,953344,
6.295757,RETX,933,16.224,,200.000,953344,
6.295984,RETX,934,16.224,,200.000,953344,
6.296172,RETX,935,16.224,,200.000,953344,
6.296344,RETX,936,16.224,,200.000,953344,
6.296516,RETX,937,16.224,,200.000,953344,
6.296685,RETX,938,16.224,,200.000,953344,
6.296853,RETX,939,16.224,,200.000,953344,
6.297032,RETX,940,16.224,,200.000,953344,
6.297205,RETX,941,16.224,,200.000,953344,
6.297372,RETX,942,16.224,,200.000,953344,
6.297549,RETX,943,16.224,,200.000,953344,
6.297721,RETX,944,16.224,,200.000,953344,
6.298061,RETX,945,16.224,,200.000,953344,
6.298344,RETX,946,16.224,,200.000,953344,
6.298382,STATS,-1,16.224,,200.000,953344,base=931 next=947
6.298639,DUPACK,931,16.224,,,953344,
6.298680,NAK,931,16.224,,,953344,
6.298711,DUPACK,931,16.224,,,953344,
6.298738,NAK,931,16.224,,,953344,
6.298770,DUPACK,931,16.224,,,953344,
6.298796,NAK,931,16.224,,,953344,
6.298822,DUPACK,931,16.224,,,953344,
6.298846,NAK,931,16.224,,,953344,
6.298929,DUPACK,931,16.224,,,953344,
6.298965,NAK,931,16.224,,,953344,
6.298998,DUPACK,931,16.224,,,953344,
6.299030,NAK,931,16.224,,,953344,
6.299111,DUPACK,931,16.224,,,953344,
6.299143,NAK,931,16.224,,,953344,
6.299173,DUPACK,931,16.224,,,953344,
6.299203,DUPACK,931,16.224,,,953344,
6.299232,NAK,931,16.224,,,953344,
6.299262,DUPACK,931,16.224,,,953344,
6.299290,NAK,931,16.224,,,953344,
6.302500,DUPACK,931,16.224,,,953344,
6.302580,NAK,931,16.224,,,953344,
6.302618,DUPACK,931,16.224,,,953344,
6.302647,NAK,931,16.224,,,953344,
6.302674,DUPACK,931,16.224,,,953344,
6.302749,NAK,931,16.224,,,953344,
6.302805,DUPACK,931,16.224,,,953344,
6.317195,NAK,931,16.224,,,953344,
6.321282,DUPACK,931,16.224,,,953344,
6.337382,ACK,932,16.286,,,954368,"cum ack, base->932"
6.337453,ACK,933,16.347,,,955392,"cum ack, base->933"
6.337762,RETX,947,16.347,,200.000,955392,
6.337949,RETX,948,16.347,,200.000,955392,
6.340216,ACK,934,16.408,,,956416,"cum ack, base->934"
6.340781,SEND,949,16.408,,200.000,956416,
6.342294,ACK,936,16.530,,,958464,"cum ack, base->936"
6.342422,ACK,937,16.590,,,959488,"cum ack, base->937"
6.343572,SEND,950,16.590,,200.000,959488,
6.343817,SEND,951,16.590,,200.000,959488,
6.344070,SEND,952,16.590,,200.000,959488,
6.344183,ACK,938,16.651,,,960512,"cum ack, base->938"
6.344234,ACK,939,16.711,,,961536,"cum ack, base->939"
6.346450,SEND,953,16.711,,200.000,961536,
6.346716,SEND,954,16.711,,200.000,961536,
6.352445,ACK,940,16.771,,,962560,"cum ack, base->940"
6.352564,ACK,941,16.830,,,963584,"cum ack, base->941"
6.352603,ACK,942,16.890,,,964608,"cum ack, base->942"
6.352639,ACK,943,16.949,,,965632,"cum ack, base->943"
6.352674,ACK,944,17.008,,,966656,"cum ack, base->944"
6.352704,ACK,945,17.067,,,967680,"cum ack, base->945"
6.352734,ACK,946,17.125,,,968704,"cum ack, base->946"
6.352776,ACK,947,17.184,,,969728,"cum ack, base->947"
6.354725,SEND,955,17.184,,200.000,969728,
6.355486,SEND,956,17.184,,200.000,969728,
6.355686,SEND,957,17.184,,200.000,969728,
6.355856,SEND,958,17.184,,200.000,969728,
6.356502,SEND,959,17.184,,200.000,969728,
6.356686,SEND,960,17.184,,200.000,969728,
6.356854,SEND,961,17.184,,200.000,969728,
6.357022,SEND,962,17.184,,200.000,969728,
6.357246,SEND,963,17.184,,200.000,969728,
6.379926,ACK,948,17.242,,,970752,"cum ack, base->948"
6.380427,ACK,949,17.300,,,971776,"cum ack, base->949"
6.380616,ACK,950,17.358,,,972800,"cum ack, base->950"
6.381275,SEND,964,17.358,,200.000,972800,
6.381954,SEND,965,17.358,,200.000,972800,
6.382292,SEND,966,17.358,,200.000,972800,
6.382686,ACK,951,17.415,,,973824,"cum ack, base->951"
6.385120,SEND,967,17.415,,200.000,973824,
6.395179,ACK,952,17.473,,,974848,"cum ack, base->952"
6.395248,NAK,952,17.473,,,974848,
6.395261,FASTRETX,952,15.531,,200.000,974848,nak
6.395293,DUPACK,952,15.531,,,974848,
6.395323,NAK,952,15.531,,,974848,
6.395377,DUPACK,952,15.531,,,974848,
6.395646,RETX,952,15.531,,200.000,974848,
6.395920,RETX,953,15.531,,200.000,974848,
6.396213,RETX,954,15.531,,200.000,974848,
6.396396,RETX,955,15.531,,200.000,974848,
6.396602,RETX,956,15.531,,200.000,974848,
6.396800,RETX,957,15.531,,200.000,974848,
6.397002,RETX,958,15.531,,200.000,974848,
6.397175,RETX,959,15.531,,200.000,974848,
6.397345,RETX,960,15.531,,200.000,974848,
6.397514,RETX,961,15.531,,200.000,974848,
6.397682,RETX,962,15.531,,200.000,974848,
6.397865,RETX,963,15.531,,200.000,974848,
6.398148,RETX,964,15.531,,200.000,974848,
6.398345,RETX,965,15.531,,200.000,974848,
6.398594,RETX,966,15.531,,200.000,974848,
6.398610,STATS,-1,15.531,,200.000,974848,base=952 next=967
6.401318,NAK,952,15.531,,,974848,
6.401358,NAK,952,15.531,,,974848,
6.407381,DUPACK,952,15.531,,,974848,
6.407437,NAK,952,15.531,,,974848,
6.407471,DUPACK,952,15.531,,,974848,
6.407974,NAK,952,15.531,,,974848,
6.408189,DUPACK,952,15.531,,,974848,
6.408562,NAK,952,15.531,,,974848,
6.408647,DUPACK,952,15.531,,,974848,
6.408684,NAK,952,15.531,,,974848,
6.408713,DUPACK,952,15.531,,,974848,
6.408760,NAK,952,15.531,,,974848,
6.408793,DUPACK,952,15.531,,,974848,
6.408819,DUPACK,952,15.531,,,974848,
6.408844,NAK,952,15.531,,,974848,
6.408869,DUPACK,952,15.531,,,974848,
6.418239,NAK,952,15.531,,,974848,
6.418288,DUPACK,952,15.531,,,974848,
6.429708,NAK,952,15.531,,,974848,
6.429775,DUPACK,952,15.531,,,974848,
6.429803,NAK,952,15.531,,,974848,
6.429839,DUPACK,952,15.531,,,974848,
6.434846,NAK,952,15.531,,,974848,
6.434941,DUPACK,952,15.531,,,974848,
6.435115,ACK,953,15.596,,,975872,"cum ack, base->953"
6.435872,RETX,967,15.596,,200.000,975872,
6.442517,ACK,954,15.660,,,976896,"cum ack, base->954"
6.443462,SEND,968,15.660,,200.000,976896,
6.445195,ACK,955,15.724,,,977920,"cum ack, base->955"
6.445257,ACK,956,15.787,,,978944,"cum ack, base->956"
6.445292,ACK,957,15.851,,,979968,"cum ack, base->957"
6.445325,ACK,958,15.914,,,980992,"cum ack, base->958"
6.445355,ACK,959,15.976,,,982016,"cum ack, base->959"
6.445790,SEND,969,15.976,,200.000,982016,
6.445970,SEND,970,15.976,,200.000,982016,
6.446209,SEND,971,15.976,,200.000,982016,
6.446436,SEND,972,15.976,,200.000,982016,
6.446606,SEND,973,15.976,,200.000,982016,
6.446707,ACK,960,16.039,,,983040,"cum ack, base->960"
6.446752,ACK,961,16.101,,,984064,"cum ack, base->961"
6.446785,ACK,962,16.164,,,985088,"cum ack, base->962"
6.446817,ACK,963,16.225,,,986112,"cum ack, base->963"
6.446858,ACK,964,16.287,,,987136,"cum ack, base->964"
6.446963,ACK,965,16.348,,,988160,"cum ack, base->965"
6.449393,SEND,974,16.348,,200.000,988160,
6.449581,SEND,975,16.348,,200.000,988160,
6.449849,SEND,976,16.348,,200.000,988160,
6.450065,SEND,977,16.348,,200.000,988160,
6.450305,SEND,978,16.348,,200.000,988160,
6.450485,SEND,979,16.348,,200.000,988160,
6.450682,SEND,980,16.348,,200.000,988160,
6.450870,ACK,966,16.410,,,989184,"cum ack, base->966"
6.451053,ACK,967,16.471,,,990208,"cum ack, base->967"
6.453475,SEND,981,16.471,,200.000,990208,
6.453750,SEND,982,16.471,,200.000,990208,
6.474929,ACK,968,16.531,,,991232,"cum ack, base->968"
6.476531,SEND,983,16.531,,200.000,991232,
6.489833,ACK,969,16.592,,,992256,"cum ack, base->969"
6.490330,SEND,984,16.592,,200.000,992256,
6.498658,ACK,970,16.652,,,993280,"cum ack, base->970"
6.498728,ACK,971,16.712,,,994304,"cum ack, base->971"
6.498763,ACK,972,16.772,,,995328,"cum ack, base->972"
6.498795,ACK,973,16.832,,,996352,"cum ack, base->973"
6.498862,ACK,974,16.891,,,997376,"cum ack, base->974"
6.498893,ACK,975,16.950,,,998400,"cum ack, base->975"
6.498923,ACK,976,17.009,,,999424,"cum ack, base->976"
6.498953,ACK,977,17.068,,,1000448,"cum ack, base->977"
6.499025,ACK,978,17.127,,,1001472,"cum ack, base->978"
6.499057,ACK,979,17.185,,,1002496,"cum ack, base->979"
6.500697,SEND,985,17.185,,200.000,1002496,
6.501066,SEND,986,17.185,,200.000,1002496,
6.501726,SEND,987,17.185,,200.000,1002496,
6.501945,SEND,988,17.185,,200.000,1002496,
6.502338,SEND,989,17.185,,200.000,1002496,
6.502521,SEND,990,17.185,,200.000,1002496,
6.502769,SEND,991,17.185,,200.000,1002496,
6.502948,SEND,992,17.185,,200.000,1002496,
6.503119,SEND,993,17.185,,200.000,1002496,
6.503291,SEND,994,17.185,,200.000,1002496,
6.503478,SEND,995,17.185,,200.000,1002496,
6.503497,STATS,-1,17.185,,200.000,1002496,base=979 next=996
6.503638,ACK,980,17.243,,,1003520,"cum ack, base->980"
6.503701,ACK,981,17.301,,,1004544,"cum ack, base->981"
6.503763,ACK,982,17.359,,,1005568,"cum ack, base->982"
6.503802,ACK,983,17.417,,,1006592,"cum ack, base->983"
6.506162,SEND,996,17.417,,200.000,1006592,
6.506354,SEND,997,17.417,,200.000,1006592,
6.506558,SEND,998,17.417,,200.000,1006592,
6.506729,SEND,999,17.417,,200.000,1006592,
6.528982,ACK,984,17.474,,,1007616,"cum ack, base->984"
6.529295,SEND,1000,17.474,,200.000,1007616,
6.529364,ACK,985,17.531,,,1008640,"cum ack, base->985"
6.532149,SEND,1001,17.531,,200.000,1008640,
6.545315,ACK,986,17.588,,,1009664,"cum ack, base->986"
6.545379,ACK,987,17.645,,,1010688,"cum ack, base->987"
6.547637,ACK,988,17.702,,,1011712,"cum ack, base->988"
6.547866,SEND,1002,17.702,,200.000,1011712,
6.548042,SEND,1003,17.702,,200.000,1011712,
6.548212,SEND,1004,17.702,,200.000,1011712,
6.548300,ACK,989,17.758,,,1012736,"cum ack, base->989"
6.548928,ACK,990,17.815,,,1013760,"cum ack, base->990"
6.551163,SEND,1005,17.815,,200.000,1013760,
6.551358,SEND,1006,17.815,,200.000,1013760,
6.554941,ACK,991,17.871,,,1014784,"cum ack, base->991"
6.556376,ACK,992,17.927,,,1015808,"cum ack, base->992"
6.556442,ACK,995,18.093,,,1018880,"cum ack, base->995"
6.556697,SEND,1007,18.093,,200.000,1018880,
6.556886,SEND,1008,18.093,,200.000,1018880,
6.557057,SEND,1009,18.093,,200.000,1018880,
6.557234,SEND,1010,18.093,,200.000,1018880,
6.557403,SEND,1011,18.093,,200.000,1018880,
6.557573,SEND,1012,18.093,,200.000,1018880,
6.557659,ACK,996,18.149,,,1019904,"cum ack, base->996"
6.557735,ACK,997,18.204,,,1020928,"cum ack, base->997"
6.557770,NAK,997,18.204,,,1020928,
6.557783,FASTRETX,997,16.181,,200.000,1020928,nak
6.557841,DUPACK,997,16.181,,,1020928,
6.557876,NAK,997,16.181,,,1020928,
6.557906,DUPACK,997,16.181,,,1020928,
6.560338,RETX,997,16.181,,200.000,1020928,
6.560559,RETX,998,16.181,,200.000,1020928,
6.560738,RETX,999,16.181,,200.000,1020928,
6.561040,RETX,1000,16.181,,200.000,1020928,
6.561242,RETX,1001,16.181,,200.000,1020928,
6.561476,RETX,1002,16.181,,200.000,1020928,
6.561645,RETX,1003,16.181,,200.000,1020928,
6.561816,RETX,1004,16.181,,200.000,1020928,
6.562094,RETX,1005,16.181,,200.000,1020928,
6.562291,RETX,1006,16.181,,200.000,1020928,
6.562464,RETX,1007,16.181,,200.000,1020928,
6.562862,RETX,1008,16.181,,200.000,1020928,
6.563041,RETX,1009,16.181,,200.000,1020928,
6.563238,RETX,1010,16.181,,200.000,1020928,
6.563442,RETX,1011,16.181,,200.000,1020928,
6.563742,RETX,1012,16.181,,200.000,1020928,
6.571172,NAK,997,16.181,,,1020928,
6.571386,DUPACK,997,16.181,,,1020928,
6.577615,NAK,997,16.181,,,1020928,
6.577832,DUPACK,997,16.181,,,1020928,
6.593420,NAK,997,16.181,,,1020928,
6.593487,DUPACK,997,16.181,,,1020928,
6.593517,NAK,997,16.181,,,1020928,
6.593545,DUPACK,997,16.181,,,1020928,
6.593570,NAK,997,16.181,,,1020928,
6.593597,DUPACK,997,16.181,,,1020928,
6.603858,STATS,-1,16.181,,200.000,1020928,base=997 next=1013
6.604356,NAK,997,16.181,,,1020928,
6.604435,DUPACK,997,16.181,,,1020928,
6.604484,NAK,997,16.181,,,1020928,
6.604518,DUPACK,997,16.181,,,1020928,
6.604546,NAK,997,16.181,,,1020928,
6.604573,DUPACK,997,16.181,,,1020928,
6.604598,NAK,997,16.181,,,1020928,
6.604624,DUPACK,997,16.181,,,1020928,
6.609947,NAK,997,16.181,,,1020928,
6.610026,DUPACK,997,16.181,,,1020928,
6.610065,NAK,997,16.181,,,1020928,
6.610095,DUPACK,997,16.181,,,1020928,
6.610124,NAK,997,16.181,,,1020928,
6.610152,DUPACK,997,16.181,,,1020928,
6.610179,NAK,997,16.181,,,1020928,
6.610208,DUPACK,997,16.181,,,1020928,
6.610234,NAK,997,16.181,,,1020928,
6.610261,DUPACK,997,16.181,,,1020928,
6.610285,NAK,997,16.181,,,1020928,
6.610369,DUPACK,997,16.181,,,1020928,
6.610443,NAK,997,16.181,,,1020928,
6.611556,DUPACK,997,16.181,,,1020928,
6.611594,NAK,997,16.181,,,1020928,
6.611646,DUPACK,997,16.181,,,1020928,
6.611674,NAK,997,16.181,,,1020928,
6.611699,DUPACK,997,16.181,,,1020928,
6.611723,NAK,997,16.181,,,1020928,
6.611749,DUPACK,997,16.181,,,1020928,
6.612804,NAK,997,16.181,,,1020928,
6.612848,DUPACK,997,16.181,,,1020928,
6.612875,NAK,997,16.181,,,1020928,
6.612901,DUPACK,997,16.181,,,1020928,
6.612926,DUPACK,997,16.181,,,1020928,
6.612950,NAK,997,16.181,,,1020928,
6.612975,DUPACK,997,16.181,,,1020928,
6.612999,NAK,997,16.181,,,1020928,
6.613025,DUPACK,997,16.181,,,1020928,
6.613049,NAK,997,16.181,,,1020928,
6.614255,DUPACK,997,16.181,,,1020928,
6.614303,NAK,997,16.181,,,1020928,
6.614334,DUPACK,997,16.181,,,1020928,
6.614362,NAK,997,16.181,,,1020928,
6.614387,NAK,997,16.181,,,1020928,
6.614412,DUPACK,997,16.181,,,1020928,
6.705234,STATS,-1,16.181,,200.000,1020928,base=997 next=1013
6.758045,TIMEOUT,997,16.181,,200.000,1020928,timeout
6.760762,RETX,997,16.181,,200.000,1020928,
6.761017,RETX,998,16.181,,200.000,1020928,
6.761228,RETX,999,16.181,,200.000,1020928,
6.761435,RETX,1000,16.181,,200.000,1020928,
6.761643,RETX,1001,16.181,,200.000,1020928,
6.761847,RETX,1002,16.181,,200.000,1020928,
6.762133,RETX,1003,16.181,,200.000,1020928,
6.762362,RETX,1004,16.181,,200.000,1020928,
6.762578,RETX,1005,16.181,,200.000,1020928,
6.762808,RETX,1006,16.181,,200.000,1020928,
6.763017,RETX,1007,16.181,,200.000,1020928,
6.763221,RETX,1008,16.181,,200.000,1020928,
6.763435,RETX,1009,16.181,,200.000,1020928,
6.763641,RETX,1010,16.181,,200.000,1020928,
6.763882,RETX,1011,16.181,,200.000,1020928,
6.764091,RETX,1012,16.181,,200.000,1020928,
6.805881,STATS,-1,16.181,,200.000,1020928,base=997 next=1013
6.816220,ACK,998,16.243,,,1021952,"cum ack, base->998"
6.816290,ACK,999,16.305,,,1022976,"cum ack, base->999"
6.816325,ACK,1000,16.366,,,1024000,"cum ack, base->1000"
6.816364,ACK,1001,16.427,,,1025024,"cum ack, base->1001"
6.816458,ACK,1002,16.488,,,1026048,"cum ack, base->1002"
6.816503,ACK,1003,16.548,,,1027072,"cum ack, base->1003"
6.816537,ACK,1004,16.609,,,1028096,"cum ack, base->1004"
6.816600,ACK,1005,16.669,,,1029120,"cum ack, base->1005"
6.816647,ACK,1006,16.729,,,1030144,"cum ack, base->1006"
6.816675,NAK,1006,16.729,,,1030144,
6.816739,FASTRETX,1006,16.729,,200.000,1030144,nak
6.816775,DUPACK,1006,16.729,,,1030144,
6.816800,NAK,1006,16.729,,,1030144,
6.816825,NAK,1006,16.729,,,1030144,
6.816854,DUPACK,1006,16.729,,,1030144,
6.816879,NAK,1006,16.729,,,1030144,
6.816905,DUPACK,1006,16.729,,,1030144,
6.816930,NAK,1006,16.729,,,1030144,
6.816955,DUPACK,1006,16.729,,,1030144,
6.816979,NAK,1006,16.729,,,1030144,
6.817004,DUPACK,1006,16.729,,,1030144,
6.818992,RETX,1006,16.729,,200.000,1030144,
6.819589,RETX,1007,16.729,,200.000,1030144,
6.820095,RETX,1008,16.729,,200.000,1030144,
6.820472,RETX,1009,16.729,,200.000,1030144,
6.820871,RETX,1010,16.729,,200.000,1030144,
6.821183,RETX,1011,16.729,,200.000,1030144,
6.821472,RETX,1012,16.729,,200.000,1030144,
6.821734,SEND,1013,16.729,,200.000,1030144,
6.821972,SEND,1014,16.729,,200.000,1030144,
6.822182,SEND,1015,16.729,,200.000,1030144,
6.822387,SEND,1016,16.729,,200.000,1030144,
6.822593,SEND,1017,16.729,,200.000,1030144,
6.822872,SEND,1018,16.729,,200.000,1030144,
6.823088,SEND,1019,16.729,,200.000,1030144,
6.823389,SEND,1020,16.729,,200.000,1030144,
6.823911,SEND,1021,16.729,,200.000,1030144,
6.873144,ACK,1007,16.789,,,1031168,"cum ack, base->1007"
6.873306,ACK,1008,16.848,,,1032192,"cum ack, base->1008"
6.873368,ACK,1009,16.908,,,1033216,"cum ack, base->1009"
6.873417,ACK,1010,16.967,,,1034240,"cum ack, base->1010"
6.873464,ACK,1011,17.026,,,1035264,"cum ack, base->1011"
6.873514,ACK,1012,17.085,,,1036288,"cum ack, base->1012"
6.873560,ACK,1013,17.143,,,1037312,"cum ack, base->1013"
6.873609,ACK,1014,17.201,,,1038336,"cum ack, base->1014"
6.873655,ACK,1015,17.260,,,1039360,"cum ack, base->1015"
6.873704,ACK,1017,17.375,,,1041408,"cum ack, base->1017"
6.874286,SEND,1022,17.375,,200.000,1041408,
6.874578,SEND,1023,17.375,,200.000,1041408,
6.874835,SEND,1024,17.375,,200.000,1041408,
6.875039,SEND,1025,17.375,,200.000,1041408,
6.875250,SEND,1026,17.375,,200.000,1041408,
6.875547,SEND,1027,17.375,,200.000,1041408,
6.875755,SEND,1028,17.375,,200.000,1041408,
6.875959,SEND,1029,17.375,,200.000,1041408,
6.876165,SEND,1030,17.375,,200.000,1041408,
6.876368,SEND,1031,17.375,,200.000,1041408,
6.876641,SEND,1032,17.375,,200.000,1041408,
6.876864,SEND,1033,17.375,,200.000,1041408,
6.877023,ACK,1018,17.433,,,1042432,"cum ack, base->1018"
6.877086,ACK,1019,17.490,,,1043456,"cum ack, base->1019"
6.877127,ACK,1020,17.547,,,1044480,"cum ack, base->1020"
6.877165,ACK,1021,17.604,,,1045504,"cum ack, base->1021"
6.877204,ACK,1022,17.661,,,1046528,"cum ack, base->1022"
6.879859,SEND,1034,17.661,,200.000,1046528,
6.880092,SEND,1035,17.661,,200.000,1046528,
6.880297,SEND,1036,17.661,,200.000,1046528,
6.880499,SEND,1037,17.661,,200.000,1046528,
6.880749,SEND,1038,17.661,,200.000,1046528,
6.905885,STATS,-1,17.661,,200.000,1046528,base=1022 next=1039
6.923805,ACK,1023,17.718,,,1047552,"cum ack, base->1023"
6.924537,SEND,1039,17.718,,200.000,1047552,
6.925669,ACK,1024,17.774,,,1048576,"cum ack, base->1024"
6.925735,ACK,1026,17.887,,,1050624,"cum ack, base->1026"
6.925777,ACK,1028,17.998,,,1052672,"cum ack, base->1028"
6.925808,NAK,1028,17.998,,,1052672,
6.925822,FASTRETX,1028,15.998,,200.000,1052672,nak
6.925854,DUPACK,1028,15.998,,,1052672,
6.925881,NAK,1028,15.998,,,1052672,
6.925909,DUPACK,1028,15.998,,,1052672,
6.927328,RETX,1028,15.998,,200.000,1052672,
6.927554,RETX,1029,15.998,,200.000,1052672,
6.927745,RETX,1030,15.998,,200.000,1052672,
6.927925,RETX,1031,15.998,,200.000,1052672,
6.928103,RETX,1032,15.998,,200.000,1052672,
6.928282,RETX,1033,15.998,,200.000,1052672,
6.928458,RETX,1034,15.998,,200.000,1052672,
6.928634,RETX,1035,15.998,,200.000,1052672,
6.928811,RETX,1036,15.998,,200.000,1052672,
6.928987,RETX,1037,15.998,,200.000,1052672,
6.929164,RETX,1038,15.998,,200.000,1052672,
6.929440,RETX,1039,15.998,,200.000,1052672,
6.929623,SEND,1040,15.998,,200.000,1052672,
6.929863,SEND,1041,15.998,,200.000,1052672,
6.930051,SEND,1042,15.998,,200.000,1052672,
6.930142,NAK,1028,15.998,,,1052672,
6.930182,DUPACK,1028,15.998,,,1052672,
6.930208,NAK,1028,15.998,,,1052672,
6.930231,DUPACK,1028,15.998,,,1052672,
6.931778,NAK,1028,15.998,,,1052672,
6.931804,DUPACK,1028,15.998,,,1052672,
6.931824,NAK,1028,15.998,,,1052672,
6.931845,DUPACK,1028,15.998,,,1052672,
6.934374,NAK,1028,15.998,,,1052672,
6.934400,DUPACK,1028,15.998,,,1052672,
6.934423,NAK,1028,15.998,,,1052672,
6.934443,DUPACK,1028,15.998,,,1052672,
6.934462,NAK,1028,15.998,,,1052672,
6.934482,DUPACK,1028,15.998,,,1052672,
6.934501,NAK,1028,15.998,,,1052672,
6.934522,DUPACK,1028,15.998,,,1052672,
6.976721,ACK,1029,16.061,,,1053696,"cum ack, base->1029"
6.976765,ACK,1030,16.123,,,1054720,"cum ack, base->1030"
6.976795,ACK,1031,16.185,,,1055744,"cum ack, base->1031"
6.976827,ACK,1032,16.247,,,1056768,"cum ack, base->1032"
6.976852,ACK,1033,16.309,,,1057792,"cum ack, base->1033"
6.976881,ACK,1034,16.370,,,1058816,"cum ack, base->1034"
6.976905,ACK,1035,16.431,,,1059840,"cum ack, base->1035"
6.976928,ACK,1036,16.492,,,1060864,"cum ack, base->1036"
6.976952,ACK,1037,16.552,,,1061888,"cum ack, base->1037"
6.976975,ACK,1038,16.613,,,1062912,"cum ack, base->1038"
6.976998,ACK,1039,16.673,,,1063936,"cum ack, base->1039"
6.977020,ACK,1040,16.733,,,1064960,"cum ack, base->1040"
6.977044,ACK,1041,16.793,,,1065984,"cum ack, base->1041"
6.977067,ACK,1042,16.852,,,1067008,"cum ack, base->1042"
6.977651,ACK,1043,16.912,,,1068032,"cum ack, base->1043"
6.978072,SEND,1043,16.912,,200.000,1068032,
6.978258,SEND,1044,16.912,,200.000,1068032,
6.978438,SEND,1045,16.912,,200.000,1068032,
6.978620,SEND,1046,16.912,,200.000,1068032,
6.978797,SEND,1047,16.912,,200.000,1068032,
6.978974,SEND,1048,16.912,,200.000,1068032,
6.979150,SEND,1049,16.912,,200.000,1068032,
6.979343,SEND,1050,16.912,,200.000,1068032,
6.979519,SEND,1051,16.912,,200.000,1068032,
6.979695,SEND,1052,16.912,,200.000,1068032,
6.979871,SEND,1053,16.912,,200.000,1068032,
6.980049,SEND,1054,16.912,,200.000,1068032,
6.980226,SEND,1055,16.912,,200.000,1068032,
6.980402,SEND,1056,16.912,,200.000,1068032,
6.980581,SEND,1057,16.912,,200.000,1068032,
6.980758,SEND,1058,16.912,,200.000,1068032,
7.006729,STATS,-1,16.912,,200.000,1068032,base=1043 next=1059
7.023033,ACK,1045,17.030,,,1070080,"cum ack, base->1045"
7.023107,ACK,1046,17.088,,,1071104,"cum ack, base->1046"
7.023148,ACK,1047,17.147,,,1072128,"cum ack, base->1047"
7.025573,SEND,1059,17.147,,200.000,1072128,
7.025857,SEND,1060,17.147,,200.000,1072128,
7.026076,SEND,1061,17.147,,200.000,1072128,
7.026284,SEND,1062,17.147,,200.000,1072128,
7.026543,SEND,1063,17.147,,200.000,1072128,
7.029768,ACK,1048,17.205,,,1073152,"cum ack, base->1048"
7.029873,ACK,1049,17.263,,,1074176,"cum ack, base->1049"
7.029920,ACK,1050,17.321,,,1075200,"cum ack, base->1050"
7.029962,ACK,1051,17.379,,,1076224,"cum ack, base->1051"
7.030005,ACK,1052,17.437,,,1077248,"cum ack, base->1052"
7.030225,ACK,1053,17.494,,,1078272,"cum ack, base->1053"
7.030379,ACK,1054,17.551,,,1079296,"cum ack, base->1054"
7.030511,ACK,1055,17.608,,,1080320,"cum ack, base->1055"
7.030557,ACK,1056,17.665,,,1081344,"cum ack, base->1056"
7.030598,ACK,1057,17.722,,,1082368,"cum ack, base->1057"
7.030637,ACK,1058,17.778,,,1083392,"cum ack, base->1058"
7.030698,ACK,1059,17.834,,,1084416,"cum ack, base->1059"
7.031914,SEND,1064,17.834,,200.000,1084416,
7.032225,SEND,1065,17.834,,200.000,1084416,
7.032478,SEND,1066,17.834,,200.000,1084416,
7.032697,SEND,1067,17.834,,200.000,1084416,
7.032903,SEND,1068,17.834,,200.000,1084416,
7.033105,SEND,1069,17.834,,200.000,1084416,
7.033406,SEND,1070,17.834,,200.000,1084416,
7.033839,SEND,1071,17.834,,200.000,1084416,
7.034056,SEND,1072,17.834,,200.000,1084416,
7.034271,SEND,1073,17.834,,200.000,1084416,
7.034721,SEND,1074,17.834,,200.000,1084416,
7.034937,SEND,1075,17.834,,200.000,1084416,
7.072922,ACK,1060,17.890,,,1085440,"cum ack, base->1060"
7.073000,NAK,1060,17.890,,,1085440,
7.073016,FASTRETX,1060,15.902,,200.000,1085440,nak
7.074037,RETX,1060,15.902,,200.000,1085440,
7.074248,RETX,1061,15.902,,200.000,1085440,
7.074426,RETX,1062,15.902,,200.000,1085440,
7.074595,RETX,1063,15.902,,200.000,1085440,
7.074767,RETX,1064,15.902,,200.000,1085440,
7.074934,RETX,1065,15.902,,200.000,1085440,
7.075109,RETX,1066,15.902,,200.000,1085440,
7.075280,RETX,1067,15.902,,200.000,1085440,
7.075445,RETX,1068,15.902,,200.000,1085440,
7.075613,RETX,1069,15.902,,200.000,1085440,
7.075783,RETX,1070,15.902,,200.000,1085440,
7.076035,RETX,1071,15.902,,200.000,1085440,
7.076225,RETX,1072,15.902,,200.000,1085440,
7.076408,RETX,1073,15.902,,200.000,1085440,
7.076586,RETX,1074,15.902,,200.000,1085440,
7.081973,DUPACK,1060,15.902,,,1085440,
7.082093,NAK,1060,15.902,,,1085440,
7.082203,DUPACK,1060,15.902,,,1085440,
7.082232,NAK,1060,15.902,,,1085440,
7.082260,DUPACK,1060,15.902,,,1085440,
7.082285,NAK,1060,15.902,,,1085440,
7.082312,DUPACK,1060,15.902,,,1085440,
7.082340,NAK,1060,15.902,,,1085440,
7.082367,DUPACK,1060,15.902,,,1085440,
7.082398,NAK,1060,15.902,,,1085440,
7.082423,DUPACK,1060,15.902,,,1085440,
7.082447,NAK,1060,15.902,,,1085440,
7.082609,DUPACK,1060,15.902,,,1085440,
7.082665,NAK,1060,15.902,,,1085440,
7.082702,DUPACK,1060,15.902,,,1085440,
7.082759,NAK,1060,15.902,,,1085440,
7.082786,DUPACK,1060,15.902,,,1085440,
7.082814,NAK,1060,15.902,,,1085440,
7.082840,DUPACK,1060,15.902,,,1085440,
7.082864,NAK,1060,15.902,,,1085440,
7.082889,DUPACK,1060,15.902,,,1085440,
7.082920,NAK,1060,15.902,,,1085440,
7.082947,DUPACK,1060,15.902,,,1085440,
7.082976,NAK,1060,15.902,,,1085440,
7.083002,DUPACK,1060,15.902,,,1085440,
7.083029,DUPACK,1060,15.902,,,1085440,
7.106955,STATS,-1,15.902,,200.000,1085440,base=1060 next=1075
7.111702,NAK,1060,15.902,,,1085440,
7.111745,DUPACK,1060,15.902,,,1085440,
7.127348,NAK,1060,15.902,,,1085440,
7.127429,NAK,1060,15.902,,,1085440,
7.127471,DUPACK,1060,15.902,,,1085440,
7.127507,NAK,1060,15.902,,,1085440,
7.127543,DUPACK,1060,15.902,,,1085440,
7.127577,NAK,1060,15.902,,,1085440,
7.127609,DUPACK,1060,15.902,,,1085440,
7.127706,NAK,1060,15.902,,,1085440,
7.127740,DUPACK,1060,15.902,,,1085440,
7.127773,NAK,1060,15.902,,,1085440,
7.127804,DUPACK,1060,15.902,,,1085440,
7.127837,NAK,1060,15.902,,,1085440,
7.127867,DUPACK,1060,15.902,,,1085440,
7.127896,NAK,1060,15.902,,,1085440,
7.127929,NAK,1060,15.902,,,1085440,
7.127959,DUPACK,1060,15.902,,,1085440,
7.127988,NAK,1060,15.902,,,1085440,
7.128020,DUPACK,1060,15.902,,,1085440,
7.128050,NAK,1060,15.902,,,1085440,
7.128080,DUPACK,1060,15.902,,,1085440,
7.130196,NAK,1060,15.902,,,1085440,
7.130257,DUPACK,1060,15.902,,,1085440,
7.130287,NAK,1060,15.902,,,1085440,
7.130316,DUPACK,1060,15.902,,,1085440,
7.209206,STATS,-1,15.902,,200.000,1085440,base=1060 next=1075
7.274040,TIMEOUT,1060,15.902,,200.000,1085440,timeout
7.276871,RETX,1060,15.902,,200.000,1085440,
7.277103,RETX,1061,15.902,,200.000,1085440,
7.277312,RETX,1062,15.902,,200.000,1085440,
7.277489,RETX,1063,15.902,,200.000,1085440,
7.277656,RETX,1064,15.902,,200.000,1085440,
7.277826,RETX,1065,15.902,,200.000,1085440,
7.277994,RETX,1066,15.902,,200.000,1085440,
7.278163,RETX,1067,15.902,,200.000,1085440,
7.278385,RETX,1068,15.902,,200.000,1085440,
7.278572,RETX,1069,15.902,,200.000,1085440,
7.278776,RETX,1070,15.902,,200.000,1085440,
7.278954,RETX,1071,15.902,,200.000,1085440,
7.279125,RETX,1072,15.902,,200.000,1085440,
7.279298,RETX,1073,15.902,,200.000,1085440,
7.279468,RETX,1074,15.902,,200.000,1085440,
7.309762,STATS,-1,15.902,,200.000,1085440,base=1060 next=1075
7.323283,NAK,1061,15.902,,,1085440,
7.323376,ACK,1061,15.965,,,1086464,"cum ack, base->1061"
7.325078,RETX,1075,15.965,,200.000,1086464,
7.328515,NAK,1061,15.965,,,1086464,
7.328560,FASTRETX,1061,15.965,,200.000,1086464,nak
7.328757,NAK,1061,15.965,,,1086464,
7.328838,DUPACK,1061,15.965,,,1086464,
7.328942,NAK,1061,15.965,,,1086464,
7.329054,DUPACK,1061,15.965,,,1086464,
7.329113,NAK,1061,15.965,,,1086464,
7.330281,RETX,1061,15.965,,200.000,1086464,
7.330763,RETX,1062,15.965,,200.000,1086464,
7.331694,RETX,1063,15.965,,200.000,1086464,
7.332110,RETX,1064,15.965,,200.000,1086464,
7.332566,RETX,1065,15.965,,200.000,1086464,
7.332972,RETX,1066,15.965,,200.000,1086464,
7.333178,RETX,1067,15.965,,200.000,1086464,
7.334023,RETX,1068,15.965,,200.000,1086464,
7.334230,RETX,1069,15.965,,200.000,1086464,
7.334436,RETX,1070,15.965,,200.000,1086464,
7.334641,RETX,1071,15.965,,200.000,1086464,
7.334901,RETX,1072,15.965,,200.000,1086464,
7.335123,RETX,1073,15.965,,200.000,1086464,
7.335329,RETX,1074,15.965,,200.000,1086464,
7.335532,RETX,1075,15.965,,200.000,1086464,
7.335701,DUPACK,1061,15.965,,,1086464,
7.335788,NAK,1061,15.965,,,1086464,
7.335850,DUPACK,1061,15.965,,,1086464,
7.335905,NAK,1061,15.965,,,1086464,
7.335945,DUPACK,1061,15.965,,,1086464,
7.335979,NAK,1061,15.965,,,1086464,
7.336014,DUPACK,1061,15.965,,,1086464,
7.336046,DUPACK,1061,15.965,,,1086464,
7.336077,NAK,1061,15.965,,,1086464,
7.336109,DUPACK,1061,15.965,,,1086464,
7.336141,NAK,1061,15.965,,,1086464,
7.336246,DUPACK,1061,15.965,,,1086464,
7.368728,NAK,1061,15.965,,,1086464,
7.368859,DUPACK,1061,15.965,,,1086464,
7.371076,ACK,1062,16.028,,,1087488,"cum ack, base->1062"
7.373377,SEND,1076,16.028,,200.000,1087488,
7.373610,SEND,1077,16.028,,200.000,1087488,
7.385623,ACK,1063,16.090,,,1088512,"cum ack, base->1063"
7.386213,SEND,1078,16.090,,200.000,1088512,
7.386537,ACK,1064,16.153,,,1089536,"cum ack, base->1064"
7.386613,ACK,1065,16.214,,,1090560,"cum ack, base->1065"
7.386667,ACK,1066,16.276,,,1091584,"cum ack, base->1066"
7.387119,ACK,1067,16.338,,,1092608,"cum ack, base->1067"
7.387436,ACK,1069,16.460,,,1094656,"cum ack, base->1069"
7.387542,ACK,1070,16.520,,,1095680,"cum ack, base->1070"
7.387595,ACK,1071,16.581,,,1096704,"cum ack, base->1071"
7.387646,ACK,1072,16.641,,,1097728,"cum ack, base->1072"
7.387695,ACK,1073,16.701,,,1098752,"cum ack, base->1073"
7.387853,ACK,1074,16.761,,,1099776,"cum ack, base->1074"
7.387916,ACK,1075,16.821,,,1100800,"cum ack, base->1075"
7.388017,ACK,1076,16.880,,,1101824,"cum ack, base->1076"
7.389092,SEND,1079,16.880,,200.000,1101824,
7.389365,SEND,1080,16.880,,200.000,1101824,
7.389706,SEND,1081,16.880,,200.000,1101824,
7.389977,SEND,1082,16.880,,200.000,1101824,
7.390236,SEND,1083,16.880,,200.000,1101824,
7.390506,SEND,1084,16.880,,200.000,1101824,
7.390767,SEND,1085,16.880,,200.000,1101824,
7.391028,SEND,1086,16.880,,200.000,1101824,
7.391291,SEND,1087,16.880,,200.000,1101824,
7.391526,SEND,1088,16.880,,200.000,1101824,
7.391732,SEND,1089,16.880,,200.000,1101824,
7.391939,SEND,1090,16.880,,200.000,1101824,
7.392136,SEND,1091,16.880,,200.000,1101824,
7.411259,STATS,-1,16.880,,200.000,1101824,base=1076 next=1092
7.419707,ACK,1077,16.940,,,1102848,"cum ack, base->1077"
7.421484,SEND,1092,16.940,,200.000,1102848,
7.421558,ACK,1078,16.999,,,1103872,"cum ack, base->1078"
7.424206,SEND,1093,16.999,,200.000,1103872,
7.425517,ACK,1079,17.058,,,1104896,"cum ack, base->1079"
7.426976,SEND,1094,17.058,,200.000,1104896,
7.427229,SEND,1095,17.058,,200.000,1104896,
7.432513,ACK,1080,17.116,,,1105920,"cum ack, base->1080"
7.432562,ACK,1082,17.233,,,1107968,"cum ack, base->1082"
7.435354,SEND,1096,17.233,,200.000,1107968,
7.435575,SEND,1097,17.233,,200.000,1107968,
7.435747,SEND,1098,17.233,,200.000,1107968,
7.436783,ACK,1083,17.291,,,1108992,"cum ack, base->1083"
7.436844,ACK,1084,17.349,,,1110016,"cum ack, base->1084"
7.438528,SEND,1099,17.349,,200.000,1110016,
7.438717,SEND,1100,17.349,,200.000,1110016,
7.442635,ACK,1085,17.406,,,1111040,"cum ack, base->1085"
7.444306,SEND,1101,17.406,,200.000,1111040,
7.445999,ACK,1086,17.464,,,1112064,"cum ack, base->1086"
7.446050,ACK,1088,17.578,,,1114112,"cum ack, base->1088"
7.446619,SEND,1102,17.578,,200.000,1114112,
7.446879,SEND,1103,17.578,,200.000,1114112,
7.447227,SEND,1104,17.578,,200.000,1114112,
7.447320,ACK,1089,17.635,,,1115136,"cum ack, base->1089"
7.447371,ACK,1090,17.692,,,1116160,"cum ack, base->1090"
7.450237,SEND,1105,17.692,,200.000,1116160,
7.450697,SEND,1106,17.692,,200.000,1116160,
7.465826,NAK,1091,17.692,,,1116160,
7.465861,FASTRETX,1090,15.726,,200.000,1116160,nak
7.466010,ACK,1091,15.790,,,1117184,"cum ack, base->1091"
7.467165,RETX,1090,15.790,,200.000,1117184,
7.467504,RETX,1091,15.790,,200.000,1117184,
7.467909,RETX,1092,15.790,,200.000,1117184,
7.468015,RETX,1093,15.790,,200.000,1117184,
7.468112,RETX,1094,15.790,,200.000,1117184,
7.468208,RETX,1095,15.790,,200.000,1117184,
7.468304,RETX,1096,15.790,,200.000,1117184,
7.468399,RETX,1097,15.790,,200.000,1117184,
7.468494,RETX,1098,15.790,,200.000,1117184,
7.468593,RETX,1099,15.790,,200.000,1117184,
7.468688,RETX,1100,15.790,,200.000,1117184,
7.468784,RETX,1101,15.790,,200.000,1117184,
7.468881,RETX,1102,15.790,,200.000,1117184,
7.468977,RETX,1103,15.790,,200.000,1117184,
7.469073,RETX,1104,15.790,,200.000,1117184,
7.469168,RETX,1105,15.790,,200.000,1117184,
7.469239,NAK,1091,15.790,,,1117184,
7.469250,FASTRETX,1091,15.790,,200.000,1117184,nak
7.469274,DUPACK,1091,15.790,,,1117184,
7.469294,NAK,1091,15.790,,,1117184,
7.471792,RETX,1091,15.790,,200.000,1117184,
7.472156,RETX,1092,15.790,,200.000,1117184,
7.472471,RETX,1093,15.790,,200.000,1117184,
7.472891,RETX,1094,15.790,,200.000,1117184,
7.473146,RETX,1095,15.790,,200.000,1117184,
7.473660,RETX,1096,15.790,,200.000,1117184,
7.473897,RETX,1097,15.790,,200.000,1117184,
7.473996,RETX,1098,15.790,,200.000,1117184,
7.474092,RETX,1099,15.790,,200.000,1117184,
7.474186,RETX,1100,15.790,,200.000,1117184,
7.474282,RETX,1101,15.790,,200.000,1117184,
7.474378,RETX,1102,15.790,,200.000,1117184,
7.474473,RETX,1103,15.790,,200.000,1117184,
7.474569,RETX,1104,15.790,,200.000,1117184,
7.474665,RETX,1105,15.790,,200.000,1117184,
7.475780,DUPACK,1091,15.790,,,1117184,
7.475797,NAK,1091,15.790,,,1117184,
7.475811,DUPACK,1091,15.790,,,1117184,
7.483216,NAK,1091,15.790,,,1117184,
7.483235,DUPACK,1091,15.790,,,1117184,
7.485814,NAK,1091,15.790,,,1117184,
7.485906,DUPACK,1091,15.790,,,1117184,
7.485942,NAK,1091,15.790,,,1117184,
7.486003,DUPACK,1091,15.790,,,1117184,
7.486034,NAK,1091,15.790,,,1117184,
7.486063,DUPACK,1091,15.790,,,1117184,
7.486092,NAK,1091,15.790,,,1117184,
7.487150,DUPACK,1091,15.790,,,1117184,
7.487199,NAK,1091,15.790,,,1117184,
7.487268,DUPACK,1091,15.790,,,1117184,
7.487308,NAK,1091,15.790,,,1117184,
7.488599,DUPACK,1091,15.790,,,1117184,
7.499595,NAK,1091,15.790,,,1117184,
7.499703,DUPACK,1091,15.790,,,1117184,
7.500256,NAK,1091,15.790,,,1117184,
7.500274,DUPACK,1091,15.790,,,1117184,
7.501024,NAK,1091,15.790,,,1117184,
7.501036,DUPACK,1091,15.790,,,1117184,
7.501045,NAK,1091,15.790,,,1117184,
7.501053,DUPACK,1091,15.790,,,1117184,
7.501060,DUPACK,1091,15.790,,,1117184,
7.512072,STATS,-1,15.790,,200.000,1117184,base=1091 next=1106
7.523692,ACK,1092,15.853,,,1118208,"cum ack, base->1092"
7.523840,ACK,1093,15.916,,,1119232,"cum ack, base->1093"
7.523897,ACK,1094,15.979,,,1120256,"cum ack, base->1094"
7.523949,ACK,1095,16.041,,,1121280,"cum ack, base->1095"
7.523991,ACK,1096,16.104,,,1122304,"cum ack, base->1096"
7.524051,ACK,1097,16.166,,,1123328,"cum ack, base->1097"
7.524104,ACK,1098,16.228,,,1124352,"cum ack, base->1098"
7.524190,ACK,1099,16.289,,,1125376,"cum ack, base->1099"
7.524231,ACK,1100,16.351,,,1126400,"cum ack, base->1100"
7.524272,ACK,1101,16.412,,,1127424,"cum ack, base->1101"
7.524309,ACK,1102,16.473,,,1128448,"cum ack, base->1102"
7.524346,ACK,1103,16.533,,,1129472,"cum ack, base->1103"
7.524383,ACK,1104,16.594,,,1130496,"cum ack, base->1104"
7.524420,ACK,1105,16.654,,,1131520,"cum ack, base->1105"
7.524469,ACK,1106,16.714,,,1132544,"cum ack, base->1106"
7.524515,DUPACK,1106,16.714,,,1132544,
7.524687,DUPACK,1106,16.714,,,1132544,
7.524761,DUPACK,1106,16.714,,,1132544,
7.525040,RETX,1106,16.714,,200.000,1132544,
7.525367,SEND,1107,16.714,,200.000,1132544,
7.525545,SEND,1108,16.714,,200.000,1132544,
7.525715,SEND,1109,16.714,,200.000,1132544,
7.525882,SEND,1110,16.714,,200.000,1132544,
7.526084,SEND,1111,16.714,,200.000,1132544,
7.526263,SEND,1112,16.714,,200.000,1132544,
7.526470,SEND,1113,16.714,,200.000,1132544,
7.526644,SEND,1114,16.714,,200.000,1132544,
7.526813,SEND,1115,16.714,,200.000,1132544,
7.526998,SEND,1116,16.714,,200.000,1132544,
7.527167,SEND,1117,16.714,,200.000,1132544,
7.527464,SEND,1118,16.714,,200.000,1132544,
7.527714,SEND,1119,16.714,,200.000,1132544,
7.527943,SEND,1120,16.714,,200.000,1132544,
7.528169,SEND,1121,16.714,,200.000,1132544,
7.528279,DUPACK,1106,16.714,,,1132544,
7.528333,DUPACK,1106,16.714,,,1132544,
7.528364,DUPACK,1106,16.714,,,1132544,
7.528390,DUPACK,1106,16.714,,,1132544,
7.528415,DUPACK,1106,16.714,,,1132544,
7.528443,DUPACK,1106,16.714,,,1132544,
7.528468,DUPACK,1106,16.714,,,1132544,
7.528493,DUPACK,1106,16.714,,,1132544,
7.575791,ACK,1107,16.774,,,1133568,"cum ack, base->1107"
7.575890,ACK,1108,16.834,,,1134592,"cum ack, base->1108"
7.575947,ACK,1109,16.893,,,1135616,"cum ack, base->1109"
7.576003,ACK,1110,16.952,,,1136640,"cum ack, base->1110"
7.576052,ACK,1111,17.011,,,1137664,"cum ack, base->1111"
7.576192,ACK,1112,17.070,,,1138688,"cum ack, base->1112"
7.576257,ACK,1113,17.129,,,1139712,"cum ack, base->1113"
7.576338,ACK,1114,17.187,,,1140736,"cum ack, base->1114"
7.576404,ACK,1115,17.245,,,1141760,"cum ack, base->1115"
7.576457,ACK,1116,17.303,,,1142784,"cum ack, base->1116"
7.577300,SEND,1122,17.303,,200.000,1142784,
7.577666,SEND,1123,17.303,,200.000,1142784,
7.577947,SEND,1124,17.303,,200.000,1142784,
7.578212,SEND,1125,17.303,,200.000,1142784,
7.578462,SEND,1126,17.303,,200.000,1142784,
7.578728,SEND,1127,17.303,,200.000,1142784,
7.578956,SEND,1128,17.303,,200.000,1142784,
7.579171,SEND,1129,17.303,,200.000,1142784,
7.579378,SEND,1130,17.303,,200.000,1142784,
7.579580,SEND,1131,17.303,,200.000,1142784,
7.579782,SEND,1132,17.303,,200.000,1142784,
7.579931,ACK,1118,17.419,,,1144832,"cum ack, base->1118"
7.580004,ACK,1119,17.476,,,1145856,"cum ack, base->1119"
7.583441,SEND,1133,17.476,,200.000,1145856,
7.583694,SEND,1134,17.476,,200.000,1145856,
7.583969,SEND,1135,17.476,,200.000,1145856,
7.584129,ACK,1120,17.533,,,1146880,"cum ack, base->1120"
7.584189,ACK,1121,17.590,,,1147904,"cum ack, base->1121"
7.584232,ACK,1122,17.647,,,1148928,"cum ack, base->1122"
7.586647,SEND,1136,17.647,,200.000,1148928,
7.586918,SEND,1137,17.647,,200.000,1148928,
7.587092,SEND,1138,17.647,,200.000,1148928,
7.610454,ACK,1123,17.704,,,1149952,"cum ack, base->1123"
7.612402,SEND,1139,17.704,,200.000,1149952,
7.612428,STATS,-1,17.704,,200.000,1149952,base=1123 next=1140
7.623345,ACK,1124,17.760,,,1150976,"cum ack, base->1124"
7.623727,ACK,1125,17.817,,,1152000,"cum ack, base->1125"
7.623841,ACK,1126,17.873,,,1153024,"cum ack, base->1126"
7.623891,ACK,1127,17.929,,,1154048,"cum ack, base->1127"
7.625665,SEND,1140,17.929,,200.000,1154048,
7.626210,SEND,1141,17.929,,200.000,1154048,
7.626432,SEND,1142,17.929,,200.000,1154048,
7.626637,SEND,1143,17.929,,200.000,1154048,
7.631569,ACK,1128,17.984,,,1155072,"cum ack, base->1128"
7.631643,ACK,1129,18.040,,,1156096,"cum ack, base->1129"
7.631688,ACK,1130,18.095,,,1157120,"cum ack, base->1130"
7.631734,ACK,1131,18.151,,,1158144,"cum ack, base->1131"
7.631768,NAK,1131,18.151,,,1158144,
7.631782,FASTRETX,1131,16.134,,200.000,1158144,nak
7.631815,DUPACK,1131,16.134,,,1158144,
7.632202,RETX,1131,16.134,,200.000,1158144,
7.632418,RETX,1132,16.134,,200.000,1158144,
7.632656,RETX,1133,16.134,,200.000,1158144,
7.632833,RETX,1134,16.134,,200.000,1158144,
7.633005,RETX,1135,16.134,,200.000,1158144,
7.633173,RETX,1136,16.134,,200.000,1158144,
7.633341,RETX,1137,16.134,,200.000,1158144,
7.633740,RETX,1138,16.134,,200.000,1158144,
7.633992,RETX,1139,16.134,,200.000,1158144,
7.634219,RETX,1140,16.134,,200.000,1158144,
7.634700,RETX,1141,16.134,,200.000,1158144,
7.635089,RETX,1142,16.134,,200.000,1158144,
7.635229,RETX,1143,16.134,,200.000,1158144,
7.635367,SEND,1144,16.134,,200.000,1158144,
7.635493,SEND,1145,16.134,,200.000,1158144,
7.635619,SEND,1146,16.134,,200.000,1158144,
7.635690,NAK,1131,16.134,,,1158144,
7.635714,DUPACK,1131,16.134,,,1158144,
7.635748,NAK,1131,16.134,,,1158144,
7.635764,DUPACK,1131,16.134,,,1158144,
7.635807,NAK,1131,16.134,,,1158144,
7.635822,DUPACK,1131,16.134,,,1158144,
7.635838,NAK,1131,16.134,,,1158144,
7.636059,DUPACK,1131,16.134,,,1158144,
7.636083,NAK,1131,16.134,,,1158144,
7.636099,DUPACK,1131,16.134,,,1158144,
7.636113,NAK,1131,16.134,,,1158144,
7.636127,DUPACK,1131,16.134,,,1158144,
7.660530,NAK,1131,16.134,,,1158144,
7.660598,DUPACK,1131,16.134,,,1158144,
7.682310,NAK,1131,16.134,,,1158144,
7.682389,DUPACK,1131,16.134,,,1158144,
7.682433,NAK,1131,16.134,,,1158144,
7.682476,DUPACK,1131,16.134,,,1158144,
7.682600,DUPACK,1131,16.134,,,1158144,
7.682653,ACK,1132,16.196,,,1159168,"cum ack, base->1132"
7.682686,ACK,1133,16.258,,,1160192,"cum ack, base->1133"
7.682719,ACK,1134,16.319,,,1161216,"cum ack, base->1134"
7.682851,ACK,1135,16.380,,,1162240,"cum ack, base->1135"
7.682883,ACK,1136,16.442,,,1163264,"cum ack, base->1136"
7.682915,ACK,1137,16.502,,,1164288,"cum ack, base->1137"
7.682947,ACK,1139,16.623,,,1166336,"cum ack, base->1139"
7.682978,ACK,1140,16.683,,,1167360,"cum ack, base->1140"
7.683008,ACK,1141,16.743,,,1168384,"cum ack, base->1141"
7.683038,ACK,1142,16.803,,,1169408,"cum ack, base->1142"
7.683068,ACK,1143,16.863,,,1170432,"cum ack, base->1143"
7.684666,SEND,1147,16.863,,200.000,1170432,
7.684866,SEND,1148,16.863,,200.000,1170432,
7.685094,SEND,1149,16.863,,200.000,1170432,
7.685267,SEND,1150,16.863,,200.000,1170432,
7.685438,SEND,1151,16.863,,200.000,1170432,
7.685609,SEND,1152,16.863,,200.000,1170432,
7.685783,SEND,1153,16.863,,200.000,1170432,
7.686012,SEND,1154,16.863,,200.000,1170432,
7.686191,SEND,1155,16.863,,200.000,1170432,
7.686358,SEND,1156,16.863,,200.000,1170432,
7.686530,SEND,1157,16.863,,200.000,1170432,
7.686696,SEND,1158,16.863,,200.000,1170432,
7.686867,ACK,1144,16.922,,,1171456,"cum ack, base->1144"
7.686928,ACK,1145,16.981,,,1172480,"cum ack, base->1145"
7.686964,ACK,1146,17.040,,,1173504,"cum ack, base->1146"
7.686998,ACK,1147,17.099,,,1174528,"cum ack, base->1147"
7.689675,SEND,1159,17.099,,200.000,1174528,
7.689980,SEND,1160,17.099,,200.000,1174528,
7.690259,SEND,1161,17.099,,200.000,1174528,
7.690538,SEND,1162,17.099,,200.000,1174528,
7.690822,SEND,1163,17.099,,200.000,1174528,
7.713768,STATS,-1,17.099,,200.000,1174528,base=1147 next=1164
7.724720,ACK,1148,17.157,,,1175552,"cum ack, base->1148"
7.726643,SEND,1164,17.157,,200.000,1175552,
7.732562,ACK,1149,17.215,,,1176576,"cum ack, base->1149"
7.732648,ACK,1150,17.273,,,1177600,"cum ack, base->1150"
7.732700,ACK,1151,17.331,,,1178624,"cum ack, base->1151"
7.734553,SEND,1165,17.331,,200.000,1178624,
7.734768,SEND,1166,17.331,,200.000,1178624,
7.734938,SEND,1167,17.331,,200.000,1178624,
7.738405,ACK,1152,17.389,,,1179648,"cum ack, base->1152"
7.738717,ACK,1153,17.447,,,1180672,"cum ack, base->1153"
7.738767,ACK,1155,17.561,,,1182720,"cum ack, base->1155"
7.738804,ACK,1156,17.618,,,1183744,"cum ack, base->1156"
7.738836,ACK,1157,17.675,,,1184768,"cum ack, base->1157"
7.738869,ACK,1158,17.731,,,1185792,"cum ack, base->1158"
7.738900,ACK,1159,17.788,,,1186816,"cum ack, base->1159"
7.738932,ACK,1161,17.900,,,1188864,"cum ack, base->1161"
7.738962,ACK,1162,17.956,,,1189888,"cum ack, base->1162"
7.739052,ACK,1163,18.012,,,1190912,"cum ack, base->1163"
7.740922,SEND,1168,18.012,,200.000,1190912,
7.741616,SEND,1169,18.012,,200.000,1190912,
7.742308,SEND,1170,18.012,,200.000,1190912,
7.742813,SEND,1171,18.012,,200.000,1190912,
7.743200,SEND,1172,18.012,,200.000,1190912,
7.743888,SEND,1173,18.012,,200.000,1190912,
7.744277,SEND,1174,18.012,,200.000,1190912,
7.744682,SEND,1175,18.012,,200.000,1190912,
7.745003,SEND,1176,18.012,,200.000,1190912,
7.745794,SEND,1177,18.012,,200.000,1190912,
7.746042,SEND,1178,18.012,,200.000,1190912,
7.746712,SEND,1179,18.012,,200.000,1190912,
7.746934,SEND,1180,18.012,,200.000,1190912,
7.769351,ACK,1165,18.122,,,1192960,"cum ack, base->1165"
7.770219,ACK,1166,18.178,,,1193984,"cum ack, base->1166"
7.771712,SEND,1181,18.178,,200.000,1193984,
7.771903,SEND,1182,18.178,,200.000,1193984,
7.772083,SEND,1183,18.178,,200.000,1193984,
7.782370,ACK,1167,18.233,,,1195008,"cum ack, base->1167"
7.782496,ACK,1168,18.287,,,1196032,"cum ack, base->1168"
7.782578,ACK,1169,18.342,,,1197056,"cum ack, base->1169"
7.783017,SEND,1184,18.342,,200.000,1197056,
7.783296,SEND,1185,18.342,,200.000,1197056,
7.783497,SEND,1186,18.342,,200.000,1197056,
7.789139,ACK,1170,18.397,,,1198080,"cum ack, base->1170"
7.789262,ACK,1171,18.451,,,1199104,"cum ack, base->1171"
7.791500,SEND,1187,18.451,,200.000,1199104,
7.791747,SEND,1188,18.451,,200.000,1199104,
7.791861,NAK,1171,18.451,,,1199104,
7.791885,FASTRETX,1171,16.401,,200.000,1199104,nak
7.793433,DUPACK,1171,16.401,,,1199104,
7.793826,NAK,1171,16.401,,,1199104,
7.794112,DUPACK,1171,16.401,,,1199104,
7.794376,RETX,1171,16.401,,200.000,1199104,
7.794600,RETX,1172,16.401,,200.000,1199104,
7.794841,RETX,1173,16.401,,200.000,1199104,
7.795102,RETX,1174,16.401,,200.000,1199104,
7.795363,RETX,1175,16.401,,200.000,1199104,
7.795756,RETX,1176,16.401,,200.000,1199104,
7.796049,RETX,1177,16.401,,200.000,1199104,
7.796395,RETX,1178,16.401,,200.000,1199104,
7.796904,RETX,1179,16.401,,200.000,1199104,
7.797164,RETX,1180,16.401,,200.000,1199104,
7.797371,RETX,1181,16.401,,200.000,1199104,
7.797573,RETX,1182,16.401,,200.000,1199104,
7.797784,RETX,1183,16.401,,200.000,1199104,
7.798062,RETX,1184,16.401,,200.000,1199104,
7.798408,RETX,1185,16.401,,200.000,1199104,
7.798760,RETX,1186,16.401,,200.000,1199104,
7.798886,NAK,1171,16.401,,,1199104,
7.798988,DUPACK,1171,16.401,,,1199104,
7.799045,NAK,1171,16.401,,,1199104,
7.799081,DUPACK,1171,16.401,,,1199104,
7.799110,NAK,1171,16.401,,,1199104,
7.799138,DUPACK,1171,16.401,,,1199104,
7.799163,NAK,1171,16.401,,,1199104,
7.799189,DUPACK,1171,16.401,,,1199104,
7.799213,NAK,1171,16.401,,,1199104,
7.799239,DUPACK,1171,16.401,,,1199104,
7.799263,NAK,1171,16.401,,,1199104,
7.799287,DUPACK,1171,16.401,,,1199104,
7.799316,NAK,1171,16.401,,,1199104,
7.799339,DUPACK,1171,16.401,,,1199104,
7.813769,STATS,-1,16.401,,200.000,1199104,base=1171 next=1187
7.819565,NAK,1171,16.401,,,1199104,
7.819846,DUPACK,1171,16.401,,,1199104,
7.820116,NAK,1171,16.401,,,1199104,
7.820376,NAK,1171,16.401,,,1199104,
7.820445,DUPACK,1171,16.401,,,1199104,
7.824423,NAK,1171,16.401,,,1199104,
7.824707,DUPACK,1171,16.401,,,1199104,
7.826866,NAK,1171,16.401,,,1199104,
7.834915,DUPACK,1171,16.401,,,1199104,
7.834980,NAK,1171,16.401,,,1199104,
7.835024,DUPACK,1171,16.401,,,1199104,
7.845284,NAK,1171,16.401,,,1199104,
7.845372,DUPACK,1171,16.401,,,1199104,
7.845440,ACK,1172,16.462,,,1200128,"cum ack, base->1172"
7.845487,ACK,1173,16.523,,,1201152,"cum ack, base->1173"
7.846689,ACK,1174,16.583,,,1202176,"cum ack, base->1174"
7.846748,ACK,1175,16.643,,,1203200,"cum ack, base->1175"
7.846800,ACK,1176,16.704,,,1204224,"cum ack, base->1176"
7.846839,ACK,1177,16.763,,,1205248,"cum ack, base->1177"
7.846876,ACK,1178,16.823,,,1206272,"cum ack, base->1178"
7.846913,ACK,1179,16.882,,,1207296,"cum ack, base->1179"
7.846949,ACK,1180,16.942,,,1208320,"cum ack, base->1180"
7.846986,ACK,1181,17.001,,,1209344,"cum ack, base->1181"
7.847023,ACK,1183,17.118,,,1211392,"cum ack, base->1183"
7.847389,RETX,1187,17.118,,200.000,1211392,
7.847683,RETX,1188,17.118,,200.000,1211392,
7.847924,SEND,1189,17.118,,200.000,1211392,
7.848368,SEND,1190,17.118,,200.000,1211392,
7.849025,SEND,1191,17.118,,200.000,1211392,
7.849299,SEND,1192,17.118,,200.000,1211392,
7.849504,SEND,1193,17.118,,200.000,1211392,
7.849740,SEND,1194,17.118,,200.000,1211392,
7.849908,SEND,1195,17.118,,200.000,1211392,
7.850075,SEND,1196,17.118,,200.000,1211392,
7.850346,SEND,1197,17.118,,200.000,1211392,
7.850525,SEND,1198,17.118,,200.000,1211392,
7.850693,SEND,1199,17.118,,200.000,1211392,
7.850835,ACK,1184,17.177,,,1212416,"cum ack, base->1184"
7.850888,ACK,1185,17.235,,,1213440,"cum ack, base->1185"
7.850924,ACK,1186,17.293,,,1214464,"cum ack, base->1186"
7.850956,ACK,1187,17.351,,,1215488,"cum ack, base->1187"
7.853529,SEND,1200,17.351,,200.000,1215488,
7.853789,SEND,1201,17.351,,200.000,1215488,
7.854001,SEND,1202,17.351,,200.000,1215488,
7.854219,SEND,1203,17.351,,200.000,1215488,
7.880597,ACK,1188,17.408,,,1216512,"cum ack, base->1188"
7.880668,ACK,1189,17.466,,,1217536,"cum ack, base->1189"
7.883633,SEND,1204,17.466,,200.000,1217536,
7.883992,SEND,1205,17.466,,200.000,1217536,
7.890003,ACK,1190,17.523,,,1218560,"cum ack, base->1190"
7.891589,SEND,1206,17.523,,200.000,1218560,
7.892873,ACK,1191,17.580,,,1219584,"cum ack, base->1191"
7.892937,ACK,1192,17.637,,,1220608,"cum ack, base->1192"
7.892971,ACK,1193,17.694,,,1221632,"cum ack, base->1193"
7.893004,ACK,1194,17.750,,,1222656,"cum ack, base->1194"
7.894369,SEND,1207,17.750,,200.000,1222656,
7.894616,SEND,1208,17.750,,200.000,1222656,
7.894795,SEND,1209,17.750,,200.000,1222656,
7.894991,SEND,1210,17.750,,200.000,1222656,
7.899889,ACK,1195,17.807,,,1223680,"cum ack, base->1195"
7.900274,NAK,1195,17.807,,,1223680,
7.900475,FASTRETX,1195,15.828,,200.000,1223680,nak
7.900526,DUPACK,1195,15.828,,,1223680,
7.900556,NAK,1195,15.828,,,1223680,
7.900583,DUPACK,1195,15.828,,,1223680,
7.900673,NAK,1195,15.828,,,1223680,
7.900705,DUPACK,1195,15.828,,,1223680,
7.900730,NAK,1195,15.828,,,1223680,
7.902738,RETX,1195,15.828,,200.000,1223680,
7.902930,RETX,1196,15.828,,200.000,1223680,
7.903102,RETX,1197,15.828,,200.000,1223680,
7.903274,RETX,1198,15.828,,200.000,1223680,
7.903447,RETX,1199,15.828,,200.000,1223680,
7.903618,RETX,1200,15.828,,200.000,1223680,
7.903794,RETX,1201,15.828,,200.000,1223680,
7.903965,RETX,1202,15.828,,200.000,1223680,
7.904134,RETX,1203,15.828,,200.000,1223680,
7.904422,RETX,1204,15.828,,200.000,1223680,
7.904630,RETX,1205,15.828,,200.000,1223680,
7.904809,RETX,1206,15.828,,200.000,1223680,
7.904990,RETX,1207,15.828,,200.000,1223680,
7.905161,RETX,1208,15.828,,200.000,1223680,
7.905334,RETX,1209,15.828,,200.000,1223680,
7.905551,DUPACK,1195,15.828,,,1223680,
7.905649,NAK,1195,15.828,,,1223680,
7.905686,DUPACK,1195,15.828,,,1223680,
7.905713,NAK,1195,15.828,,,1223680,
7.905739,NAK,1195,15.828,,,1223680,
7.905865,DUPACK,1195,15.828,,,1223680,
7.905891,NAK,1195,15.828,,,1223680,
7.905916,DUPACK,1195,15.828,,,1223680,
7.915422,STATS,-1,15.828,,200.000,1223680,base=1195 next=1210
7.916797,NAK,1195,15.828,,,1223680,
7.916864,DUPACK,1195,15.828,,,1223680,
7.925178,NAK,1195,15.828,,,1223680,
7.925356,DUPACK,1195,15.828,,,1223680,
7.928380,DUPACK,1195,15.828,,,1223680,
7.936350,DUPACK,1195,15.828,,,1223680,
7.938244,NAK,1195,15.828,,,1223680,
7.938365,DUPACK,1195,15.828,,,1223680,
7.938403,NAK,1195,15.828,,,1223680,
7.938436,DUPACK,1195,15.828,,,1223680,
7.939043,NAK,1195,15.828,,,1223680,
7.939095,DUPACK,1195,15.828,,,1223680,
7.950021,ACK,1196,15.891,,,1224704,"cum ack, base->1196"
7.950594,RETX,1210,15.891,,200.000,1224704,
7.952746,ACK,1197,15.954,,,1225728,"cum ack, base->1197"
7.952822,ACK,1199,16.079,,,1227776,"cum ack, base->1199"
7.953189,ACK,1200,16.141,,,1228800,"cum ack, base->1200"
7.953642,SEND,1211,16.141,,200.000,1228800,
7.953911,SEND,1212,16.141,,200.000,1228800,
7.954124,SEND,1213,16.141,,200.000,1228800,
7.954329,SEND,1214,16.141,,200.000,1228800,
7.954536,SEND,1215,16.141,,200.000,1228800,
7.954621,ACK,1201,16.203,,,1229824,"cum ack, base->1201"
7.954749,ACK,1202,16.265,,,1230848,"cum ack, base->1202"
7.954792,ACK,1203,16.327,,,1231872,"cum ack, base->1203"
7.954832,ACK,1204,16.388,,,1232896,"cum ack, base->1204"
7.954869,ACK,1205,16.449,,,1233920,"cum ack, base->1205"
7.954907,ACK,1206,16.510,,,1234944,"cum ack, base->1206"
7.954944,ACK,1207,16.570,,,1235968,"cum ack, base->1207"
7.954986,ACK,1208,16.631,,,1236992,"cum ack, base->1208"
7.955026,ACK,1210,16.751,,,1239040,"cum ack, base->1210"
7.957397,SEND,1216,16.751,,200.000,1239040,
7.957628,SEND,1217,16.751,,200.000,1239040,
7.957888,SEND,1218,16.751,,200.000,1239040,
7.958106,SEND,1219,16.751,,200.000,1239040,
7.958312,SEND,1220,16.751,,200.000,1239040,
7.958516,SEND,1221,16.751,,200.000,1239040,
7.958739,SEND,1222,16.751,,200.000,1239040,
7.959003,SEND,1223,16.751,,200.000,1239040,
7.959240,SEND,1224,16.751,,200.000,1239040,
7.959451,SEND,1225,16.751,,200.000,1239040,
8.005185,ACK,1212,16.870,,,1241088,"cum ack, base->1212"
8.005278,ACK,1213,16.929,,,1242112,"cum ack, base->1213"
8.005337,ACK,1214,16.988,,,1243136,"cum ack, base->1214"
8.005379,NAK,1214,16.988,,,1243136,
8.005396,FASTRETX,1214,15.101,,200.000,1243136,nak
8.005439,DUPACK,1214,15.101,,,1243136,
8.005478,NAK,1214,15.101,,,1243136,
8.005534,DUPACK,1214,15.101,,,1243136,
8.005576,NAK,1214,15.101,,,1243136,
8.005654,DUPACK,1214,15.101,,,1243136,
8.005782,NAK,1214,15.101,,,1243136,
8.005838,DUPACK,1214,15.101,,,1243136,
8.005884,NAK,1214,15.101,,,1243136,
8.005923,DUPACK,1214,15.101,,,1243136,
8.005961,NAK,1214,15.101,,,1243136,
8.005999,DUPACK,1214,15.101,,,1243136,
8.007461,RETX,1214,15.101,,200.000,1243136,
8.007879,RETX,1215,15.101,,200.000,1243136,
8.008433,RETX,1216,15.101,,200.000,1243136,
8.008873,RETX,1217,15.101,,200.000,1243136,
8.009136,RETX,1218,15.101,,200.000,1243136,
8.009586,RETX,1219,15.101,,200.000,1243136,
8.009828,RETX,1220,15.101,,200.000,1243136,
8.010034,RETX,1221,15.101,,200.000,1243136,
8.010238,RETX,1222,15.101,,200.000,1243136,
8.010441,RETX,1223,15.101,,200.000,1243136,
8.010643,RETX,1224,15.101,,200.000,1243136,
8.010818,RETX,1225,15.101,,200.000,1243136,
8.010989,SEND,1226,15.101,,200.000,1243136,
8.011163,SEND,1227,15.101,,200.000,1243136,
8.011336,SEND,1228,15.101,,200.000,1243136,
8.011474,DUPACK,1214,15.101,,,1243136,
8.011529,NAK,1214,15.101,,,1243136,
8.011560,DUPACK,1214,15.101,,,1243136,
8.011588,NAK,1214,15.101,,,1243136,
8.011615,DUPACK,1214,15.101,,,1243136,
8.011642,NAK,1214,15.101,,,1243136,
8.011668,DUPACK,1214,15.101,,,1243136,
8.016526,STATS,-1,15.101,,200.000,1243136,base=1214 next=1229
8.055583,ACK,1215,15.167,,,1244160,"cum ack, base->1215"
8.055694,ACK,1216,15.233,,,1245184,"cum ack, base->1216"
8.056425,ACK,1217,15.298,,,1246208,"cum ack, base->1217"
8.056498,ACK,1218,15.364,,,1247232,"cum ack, base->1218"
8.056592,ACK,1219,15.429,,,1248256,"cum ack, base->1219"
8.057284,SEND,1229,15.429,,200.000,1248256,
8.057601,SEND,1230,15.429,,200.000,1248256,
8.057838,SEND,1231,15.429,,200.000,1248256,
8.058127,SEND,1232,15.429,,200.000,1248256,
8.058370,SEND,1233,15.429,,200.000,1248256,
8.059114,ACK,1220,15.494,,,1249280,"cum ack, base->1220"
8.059174,NAK,1220,15.494,,,1249280,
8.059187,FASTRETX,1220,15.494,,200.000,1249280,nak
8.059225,DUPACK,1220,15.494,,,1249280,
8.059258,NAK,1220,15.494,,,1249280,
8.059289,DUPACK,1220,15.494,,,1249280,
8.061201,RETX,1220,15.494,,200.000,1249280,
8.061421,RETX,1221,15.494,,200.000,1249280,
8.061677,RETX,1222,15.494,,200.000,1249280,
8.061900,RETX,1223,15.494,,200.000,1249280,
8.062109,RETX,1224,15.494,,200.000,1249280,
8.062313,RETX,1225,15.494,,200.000,1249280,
8.062517,RETX,1226,15.494,,200.000,1249280,
8.062728,RETX,1227,15.494,,200.000,1249280,
8.062933,RETX,1228,15.494,,200.000,1249280,
8.063149,RETX,1229,15.494,,200.000,1249280,
8.063426,RETX,1230,15.494,,200.000,1249280,
8.063605,RETX,1231,15.494,,200.000,1249280,
8.063779,RETX,1232,15.494,,200.000,1249280,
8.064032,RETX,1233,15.494,,200.000,1249280,
8.064262,SEND,1234,15.494,,200.000,1249280,
8.064488,NAK,1220,15.494,,,1249280,
8.064653,NAK,1220,15.494,,,1249280,
8.064736,DUPACK,1220,15.494,,,1249280,
8.064768,DUPACK,1220,15.494,,,1249280,
8.064795,NAK,1220,15.494,,,1249280,
8.064822,DUPACK,1220,15.494,,,1249280,
8.064916,NAK,1220,15.494,,,1249280,
8.064956,DUPACK,1220,15.494,,,1249280,
8.064985,NAK,1220,15.494,,,1249280,
8.065013,DUPACK,1220,15.494,,,1249280,
8.101678,NAK,1220,15.494,,,1249280,
8.104065,DUPACK,1220,15.494,,,1249280,
8.104119,NAK,1220,15.494,,,1249280,
8.110661,DUPACK,1220,15.494,,,1249280,
8.110768,NAK,1220,15.494,,,1249280,
8.110832,DUPACK,1220,15.494,,,1249280,
8.110871,NAK,1220,15.494,,,1249280,
8.110905,DUPACK,1220,15.494,,,1249280,
8.110963,ACK,1221,15.558,,,1250304,"cum ack, base->1221"
8.111003,ACK,1222,15.622,,,1251328,"cum ack, base->1222"
8.111041,ACK,1223,15.686,,,1252352,"cum ack, base->1223"
8.111077,ACK,1224,15.750,,,1253376,"cum ack, base->1224"
8.111118,ACK,1225,15.814,,,1254400,"cum ack, base->1225"
8.111161,ACK,1227,15.940,,,1256448,"cum ack, base->1227"
8.111198,ACK,1228,16.003,,,1257472,"cum ack, base->1228"
8.111235,ACK,1229,16.065,,,1258496,"cum ack, base->1229"
8.111272,ACK,1230,16.127,,,1259520,"cum ack, base->1230"
8.113092,SEND,1235,16.127,,200.000,1259520,
8.113376,SEND,1236,16.127,,200.000,1259520,
8.113619,SEND,1237,16.127,,200.000,1259520,
8.113851,SEND,1238,16.127,,200.000,1259520,
8.114090,SEND,1239,16.127,,200.000,1259520,
8.114315,SEND,1240,16.127,,200.000,1259520,
8.114570,SEND,1241,16.127,,200.000,1259520,
8.117894,SEND,1242,16.127,,200.000,1259520,
8.118195,SEND,1243,16.127,,200.000,1259520,
8.119147,SEND,1244,16.127,,200.000,1259520,
8.119415,SEND,1245,16.127,,200.000,1259520,
8.119430,STATS,-1,16.127,,200.000,1259520,base=1230 next=1246
8.119523,ACK,1231,16.189,,,1260544,"cum ack, base->1231"
8.119589,ACK,1232,16.251,,,1261568,"cum ack, base->1232"
8.119661,ACK,1233,16.313,,,1262592,"cum ack, base->1233"
8.119694,ACK,1234,16.374,,,1263616,"cum ack, base->1234"
8.119730,ACK,1235,16.435,,,1264640,"cum ack, base->1235"
8.122315,SEND,1246,16.435,,200.000,1264640,
8.122510,SEND,1247,16.435,,200.000,1264640,
8.122704,SEND,1248,16.435,,200.000,1264640,
8.122952,SEND,1249,16.435,,200.000,1264640,
8.123255,SEND,1250,16.435,,200.000,1264640,
8.155388,ACK,1236,16.496,,,1265664,"cum ack, base->1236"
8.155430,ACK,1237,16.557,,,1266688,"cum ack, base->1237"
8.155459,ACK,1238,16.617,,,1267712,"cum ack, base->1238"
8.156830,SEND,1251,16.617,,200.000,1267712,
8.157073,SEND,1252,16.617,,200.000,1267712,
8.157303,SEND,1253,16.617,,200.000,1267712,
8.157577,ACK,1239,16.677,,,1268736,"cum ack, base->1239"
8.159283,ACK,1240,16.737,,,1269760,"cum ack, base->1240"
8.159323,ACK,1241,16.797,,,1270784,"cum ack, base->1241"
8.159360,ACK,1242,16.856,,,1271808,"cum ack, base->1242"
8.160067,SEND,1254,16.856,,200.000,1271808,
8.160296,SEND,1255,16.856,,200.000,1271808,
8.160523,SEND,1256,16.856,,200.000,1271808,
8.160766,SEND,1257,16.856,,200.000,1271808,
8.164042,ACK,1243,16.916,,,1272832,"cum ack, base->1243"
8.164081,ACK,1244,16.975,,,1273856,"cum ack, base->1244"
8.166045,SEND,1258,16.975,,200.000,1273856,
8.166273,SEND,1259,16.975,,200.000,1273856,
8.170955,ACK,1245,17.034,,,1274880,"cum ack, base->1245"
8.171014,ACK,1246,17.092,,,1275904,"cum ack, base->1246"
8.171544,SEND,1260,17.092,,200.000,1275904,
8.171742,SEND,1261,17.092,,200.000,1275904,
8.171915,SEND,1262,17.092,,200.000,1275904,
8.172011,ACK,1247,17.151,,,1276928,"cum ack, base->1247"
8.172060,ACK,1248,17.209,,,1277952,"cum ack, base->1248"
8.172100,ACK,1249,17.267,,,1278976,"cum ack, base->1249"
8.172132,ACK,1250,17.325,,,1280000,"cum ack, base->1250"
8.174686,SEND,1263,17.325,,200.000,1280000,
8.174873,SEND,1264,17.325,,200.000,1280000,
8.175046,SEND,1265,17.325,,200.000,1280000,
8.175220,SEND,1266,17.325,,200.000,1280000,
8.199070,ACK,1252,17.441,,,1282048,"cum ack, base->1252"
8.201099,SEND,1267,17.441,,200.000,1282048,
8.201456,SEND,1268,17.441,,200.000,1282048,
8.207678,ACK,1253,17.498,,,1283072,"cum ack, base->1253"
8.207762,ACK,1254,17.555,,,1284096,"cum ack, base->1254"
8.207885,ACK,1255,17.612,,,1285120,"cum ack, base->1255"
8.207922,ACK,1256,17.669,,,1286144,"cum ack, base->1256"
8.207953,ACK,1257,17.725,,,1287168,"cum ack, base->1257"
8.209479,SEND,1269,17.725,,200.000,1287168,
8.209753,SEND,1270,17.725,,200.000,1287168,
8.209928,SEND,1271,17.725,,200.000,1287168,
8.210106,SEND,1272,17.725,,200.000,1287168,
8.210276,SEND,1273,17.725,,200.000,1287168,
8.212432,ACK,1258,17.782,,,1288192,"cum ack, base->1258"
8.212525,ACK,1259,17.838,,,1289216,"cum ack, base->1259"
8.212626,ACK,1260,17.894,,,1290240,"cum ack, base->1260"
8.213196,SEND,1274,17.894,,200.000,1290240,
8.213372,SEND,1275,17.894,,200.000,1290240,
8.213542,SEND,1276,17.894,,200.000,1290240,
8.216330,NAK,1260,17.894,,,1290240,
8.216363,FASTRETX,1260,15.906,,200.000,1290240,nak
8.218915,RETX,1260,15.906,,200.000,1290240,
8.219200,RETX,1261,15.906,,200.000,1290240,
8.219632,RETX,1262,15.906,,200.000,1290240,
8.220190,RETX,1263,15.906,,200.000,1290240,
8.220362,RETX,1264,15.906,,200.000,1290240,
8.220531,RETX,1265,15.906,,200.000,1290240,
8.220695,RETX,1266,15.906,,200.000,1290240,
8.220872,RETX,1267,15.906,,200.000,1290240,
8.221072,RETX,1268,15.906,,200.000,1290240,
8.221285,RETX,1269,15.906,,200.000,1290240,
8.221461,RETX,1270,15.906,,200.000,1290240,
8.221640,RETX,1271,15.906,,200.000,1290240,
8.221933,RETX,1272,15.906,,200.000,1290240,
8.222133,RETX,1273,15.906,,200.000,1290240,
8.222304,RETX,1274,15.906,,200.000,1290240,
8.222317,STATS,-1,15.906,,200.000,1290240,base=1260 next=1275
8.222440,DUPACK,1260,15.906,,,1290240,
8.222492,NAK,1260,15.906,,,1290240,
8.222523,DUPACK,1260,15.906,,,1290240,
8.224615,NAK,1260,15.906,,,1290240,
8.224705,DUPACK,1260,15.906,,,1290240,
8.224751,NAK,1260,15.906,,,1290240,
8.224787,DUPACK,1260,15.906,,,1290240,
8.224819,DUPACK,1260,15.906,,,1290240,
8.227947,NAK,1260,15.906,,,1290240,
8.228012,DUPACK,1260,15.906,,,1290240,
8.240597,NAK,1260,15.906,,,1290240,
8.240665,DUPACK,1260,15.906,,,1290240,
8.240696,NAK,1260,15.906,,,1290240,
8.241229,DUPACK,1260,15.906,,,1290240,
8.254104,NAK,1260,15.906,,,1290240,
8.254193,DUPACK,1260,15.906,,,1290240,
8.257367,NAK,1260,15.906,,,1290240,
8.257432,DUPACK,1260,15.906,,,1290240,
8.263007,NAK,1260,15.906,,,1290240,
8.264489,DUPACK,1260,15.906,,,1290240,
8.264556,NAK,1260,15.906,,,1290240,
8.264681,DUPACK,1260,15.906,,,1290240,
8.264821,DUPACK,1260,15.906,,,1290240,
8.265151,NAK,1260,15.906,,,1290240,
8.265184,DUPACK,1260,15.906,,,1290240,
8.265210,NAK,1260,15.906,,,1290240,
8.265237,DUPACK,1260,15.906,,,1290240,
8.265283,ACK,1261,15.969,,,1291264,"cum ack, base->1261"
8.265362,ACK,1262,16.031,,,1292288,"cum ack, base->1262"
8.265634,ACK,1263,16.094,,,1293312,"cum ack, base->1263"
8.265865,RETX,1275,16.094,,200.000,1293312,
8.266272,RETX,1276,16.094,,200.000,1293312,
8.266718,SEND,1277,16.094,,200.000,1293312,
8.266959,SEND,1278,16.094,,200.000,1293312,
8.270688,ACK,1264,16.156,,,1294336,"cum ack, base->1264"
8.270745,NAK,1264,16.156,,,1294336,
8.270757,FASTRETX,1264,16.156,,200.000,1294336,nak
8.272280,RETX,1264,16.156,,200.000,1294336,
8.272482,RETX,1265,16.156,,200.000,1294336,
8.272656,RETX,1266,16.156,,200.000,1294336,
8.272915,RETX,1267,16.156,,200.000,1294336,
8.273156,RETX,1268,16.156,,200.000,1294336,
8.273333,RETX,1269,16.156,,200.000,1294336,
8.273515,RETX,1270,16.156,,200.000,1294336,
8.273743,RETX,1271,16.156,,200.000,1294336,
8.273924,RETX,1272,16.156,,200.000,1294336,
8.274129,RETX,1273,16.156,,200.000,1294336,
8.274418,RETX,1274,16.156,,200.000,1294336,
8.274597,RETX,1275,16.156,,200.000,1294336,
8.274766,RETX,1276,16.156,,200.000,1294336,
8.274934,RETX,1277,16.156,,200.000,1294336,
8.275102,RETX,1278,16.156,,200.000,1294336,
8.275274,SEND,1279,16.156,,200.000,1294336,
8.275388,DUPACK,1264,16.156,,,1294336,
8.275434,NAK,1264,16.156,,,1294336,
8.275469,DUPACK,1264,16.156,,,1294336,
8.275499,NAK,1264,16.156,,,1294336,
8.275528,DUPACK,1264,16.156,,,1294336,
8.275554,NAK,1264,16.156,,,1294336,
8.275580,DUPACK,1264,16.156,,,1294336,
8.275604,NAK,1264,16.156,,,1294336,
8.275631,DUPACK,1264,16.156,,,1294336,
8.275655,NAK,1264,16.156,,,1294336,
8.275681,DUPACK,1264,16.156,,,1294336,
8.275706,NAK,1264,16.156,,,1294336,
8.275730,DUPACK,1264,16.156,,,1294336,
8.275755,NAK,1264,16.156,,,1294336,
8.275780,DUPACK,1264,16.156,,,1294336,
8.275804,NAK,1264,16.156,,,1294336,
8.275829,DUPACK,1264,16.156,,,1294336,
8.306382,NAK,1264,16.156,,,1294336,
8.309108,DUPACK,1264,16.156,,,1294336,
8.312024,DUPACK,1264,16.156,,,1294336,
8.312163,NAK,1264,16.156,,,1294336,
8.312257,DUPACK,1264,16.156,,,1294336,
8.312334,NAK,1264,16.156,,,1294336,
8.314416,DUPACK,1264,16.156,,,1294336,
8.314569,ACK,1265,16.218,,,1295360,"cum ack, base->1265"
8.314614,ACK,1266,16.279,,,1296384,"cum ack, base->1266"
8.314656,NAK,1266,16.279,,,1296384,
8.314667,FASTRETX,1266,16.279,,200.000,1296384,nak
8.314697,DUPACK,1266,16.279,,,1296384,
8.314723,NAK,1266,16.279,,,1296384,
8.316713,RETX,1266,16.279,,200.000,1296384,
8.316923,RETX,1267,16.279,,200.000,1296384,
8.317102,RETX,1268,16.279,,200.000,1296384,
8.317275,RETX,1269,16.279,,200.000,1296384,
8.317567,RETX,1270,16.279,,200.000,1296384,
8.317808,RETX,1271,16.279,,200.000,1296384,
8.318036,RETX,1272,16.279,,200.000,1296384,
8.318262,RETX,1273,16.279,,200.000,1296384,
8.318488,RETX,1274,16.279,,200.000,1296384,
8.318712,RETX,1275,16.279,,200.000,1296384,
8.318941,RETX,1276,16.279,,200.000,1296384,
8.319168,RETX,1277,16.279,,200.000,1296384,
8.319384,RETX,1278,16.279,,200.000,1296384,
8.319561,RETX,1279,16.279,,200.000,1296384,
8.319739,SEND,1280,16.279,,200.000,1296384,
8.319916,SEND,1281,16.279,,200.000,1296384,
8.322449,STATS,-1,16.279,,200.000,1296384,base=1266 next=1282
8.323219,DUPACK,1266,16.279,,,1296384,
8.324252,NAK,1266,16.279,,,1296384,
8.324294,NAK,1266,16.279,,,1296384,
8.324320,DUPACK,1266,16.279,,,1296384,
8.324343,NAK,1266,16.279,,,1296384,
8.324365,DUPACK,1266,16.279,,,1296384,
8.327637,NAK,1266,16.279,,,1296384,
8.327674,DUPACK,1266,16.279,,,1296384,
8.327703,NAK,1266,16.279,,,1296384,
8.327730,DUPACK,1266,16.279,,,1296384,
8.327759,NAK,1266,16.279,,,1296384,
8.327790,DUPACK,1266,16.279,,,1296384,
8.327817,NAK,1266,16.279,,,1296384,
8.327844,DUPACK,1266,16.279,,,1296384,
8.327870,NAK,1266,16.279,,,1296384,
8.327896,DUPACK,1266,16.279,,,1296384,
8.327919,NAK,1266,16.279,,,1296384,
8.330457,DUPACK,1266,16.279,,,1296384,
8.330487,NAK,1266,16.279,,,1296384,
8.330512,DUPACK,1266,16.279,,,1296384,
8.330537,NAK,1266,16.279,,,1296384,
8.330561,DUPACK,1266,16.279,,,1296384,
8.370425,ACK,1268,16.402,,,1298432,"cum ack, base->1268"
8.370737,ACK,1269,16.463,,,1299456,"cum ack, base->1269"
8.370998,ACK,1270,16.524,,,1300480,"cum ack, base->1270"
8.371045,ACK,1272,16.645,,,1302528,"cum ack, base->1272"
8.371081,ACK,1273,16.705,,,1303552,"cum ack, base->1273"
8.371238,ACK,1274,16.764,,,1304576,"cum ack, base->1274"
8.371369,ACK,1275,16.824,,,1305600,"cum ack, base->1275"
8.371422,ACK,1276,16.884,,,1306624,"cum ack, base->1276"
8.371470,ACK,1277,16.943,,,1307648,"cum ack, base->1277"
8.371503,ACK,1278,17.002,,,1308672,"cum ack, base->1278"
8.371563,ACK,1279,17.061,,,1309696,"cum ack, base->1279"
8.371600,ACK,1280,17.119,,,1310720,"cum ack, base->1280"
8.371633,ACK,1281,17.178,,,1311744,"cum ack, base->1281"
8.371664,ACK,1282,17.236,,,1312768,"cum ack, base->1282"
8.372156,SEND,1282,17.236,,200.000,1312768,
8.372335,SEND,1283,17.236,,200.000,1312768,
8.372636,SEND,1284,17.236,,200.000,1312768,
8.373013,SEND,1285,17.236,,200.000,1312768,
8.373241,SEND,1286,17.236,,200.000,1312768,
8.373656,SEND,1287,17.236,,200.000,1312768,
8.374047,SEND,1288,17.236,,200.000,1312768,
8.374276,SEND,1289,17.236,,200.000,1312768,
8.374516,SEND,1290,17.236,,200.000,1312768,
8.374731,SEND,1291,17.236,,200.000,1312768,
8.374942,SEND,1292,17.236,,200.000,1312768,
8.375245,SEND,1293,17.236,,200.000,1312768,
8.375493,SEND,1294,17.236,,200.000,1312768,
8.375714,SEND,1295,17.236,,200.000,1312768,
8.375919,SEND,1296,17.236,,200.000,1312768,
8.376120,SEND,1297,17.236,,200.000,1312768,
8.376423,SEND,1298,17.236,,200.000,1312768,
8.406652,ACK,1283,17.294,,,1313792,"cum ack, base->1283"
8.409060,SEND,1299,17.294,,200.000,1313792,
8.422855,STATS,-1,17.294,,200.000,1313792,base=1283 next=1300
8.427625,ACK,1284,17.352,,,1314816,"cum ack, base->1284"
8.427738,ACK,1285,17.409,,,1315840,"cum ack, base->1285"
8.427798,ACK,1286,17.467,,,1316864,"cum ack, base->1286"
8.427843,ACK,1287,17.524,,,1317888,"cum ack, base->1287"
8.427883,ACK,1288,17.581,,,1318912,"cum ack, base->1288"
8.427924,ACK,1289,17.638,,,1319936,"cum ack, base->1289"
8.427962,ACK,1290,17.695,,,1320960,"cum ack, base->1290"
8.427998,ACK,1291,17.751,,,1321984,"cum ack, base->1291"
8.428037,ACK,1292,17.808,,,1323008,"cum ack, base->1292"
8.428092,ACK,1293,17.864,,,1324032,"cum ack, base->1293"
8.429329,ACK,1294,17.920,,,1325056,"cum ack, base->1294"
8.429448,ACK,1295,17.975,,,1326080,"cum ack, base->1295"
8.430079,SEND,1300,17.975,,200.000,1326080,
8.430291,SEND,1301,17.975,,200.000,1326080,
8.430497,SEND,1302,17.975,,200.000,1326080,
8.430751,SEND,1303,17.975,,200.000,1326080,
8.430978,SEND,1304,17.975,,200.000,1326080,
8.431234,SEND,1305,17.975,,200.000,1326080,
8.431472,SEND,1306,17.975,,200.000,1326080,
8.431840,SEND,1307,17.975,,200.000,1326080,
8.432015,SEND,1308,17.975,,200.000,1326080,
8.432217,SEND,1309,17.975,,200.000,1326080,
8.432445,SEND,1310,17.975,,200.000,1326080,
8.432620,SEND,1311,17.975,,200.000,1326080,
8.432698,ACK,1296,18.031,,,1327104,"cum ack, base->1296"
8.432994,ACK,1297,18.087,,,1328128,"cum ack, base->1297"
8.433043,ACK,1299,18.197,,,1330176,"cum ack, base->1299"
8.435410,SEND,1312,18.197,,200.000,1330176,
8.435644,SEND,1313,18.197,,200.000,1330176,
8.435871,SEND,1314,18.197,,200.000,1330176,
8.436098,SEND,1315,18.197,,200.000,1330176,
8.436323,SEND,1316,18.197,,200.000,1330176,
8.456568,ACK,1300,18.252,,,1331200,"cum ack, base->1300"
8.458150,SEND,1317,18.252,,200.000,1331200,
8.469436,ACK,1301,18.307,,,1332224,"cum ack, base->1301"
8.472109,SEND,1318,18.307,,200.000,1332224,
8.478738,ACK,1302,18.361,,,1333248,"cum ack, base->1302"
8.478821,ACK,1304,18.470,,,1335296,"cum ack, base->1304"
8.478870,ACK,1305,18.524,,,1336320,"cum ack, base->1305"
8.479715,SEND,1319,18.524,,200.000,1336320,
8.479976,SEND,1320,18.524,,200.000,1336320,
8.480198,SEND,1321,18.524,,200.000,1336320,
8.480484,SEND,1322,18.524,,200.000,1336320,
8.480747,ACK,1306,18.578,,,1337344,"cum ack, base->1306"
8.480877,ACK,1307,18.632,,,1338368,"cum ack, base->1307"
8.480976,ACK,1308,18.686,,,1339392,"cum ack, base->1308"
8.481024,ACK,1309,18.739,,,1340416,"cum ack, base->1309"
8.483547,SEND,1323,18.739,,200.000,1340416,
8.483805,SEND,1324,18.739,,200.000,1340416,
8.485225,SEND,1325,18.739,,200.000,1340416,
8.485625,SEND,1326,18.739,,200.000,1340416,
8.485763,ACK,1310,18.793,,,1341440,"cum ack, base->1310"
8.485821,ACK,1311,18.846,,,1342464,"cum ack, base->1311"
8.485863,ACK,1312,18.899,,,1343488,"cum ack, base->1312"
8.485901,ACK,1313,18.952,,,1344512,"cum ack, base->1313"
8.485939,ACK,1314,19.005,,,1345536,"cum ack, base->1314"
8.485976,ACK,1315,19.057,,,1346560,"cum ack, base->1315"
8.486619,ACK,1316,19.110,,,1347584,"cum ack, base->1316"
8.486841,ACK,1317,19.162,,,1348608,"cum ack, base->1317"
8.488647,SEND,1327,19.162,,200.000,1348608,
8.488950,SEND,1328,19.162,,200.000,1348608,
8.489166,SEND,1329,19.162,,200.000,1348608,
8.489375,SEND,1330,19.162,,200.000,1348608,
8.489588,SEND,1331,19.162,,200.000,1348608,
8.489794,SEND,1332,19.162,,200.000,1348608,
8.490000,SEND,1333,19.162,,200.000,1348608,
8.490266,SEND,1334,19.162,,200.000,1348608,
8.490485,SEND,1335,19.162,,200.000,1348608,
8.497056,ACK,1318,19.214,,,1349632,"cum ack, base->1318"
8.498033,SEND,1336,19.214,,200.000,1349632,
8.523984,ACK,1319,19.266,,,1350656,"cum ack, base->1319"
8.524072,NAK,1319,19.266,,,1350656,
8.524089,FASTRETX,1319,17.126,,200.000,1350656,nak
8.524129,DUPACK,1319,17.126,,,1350656,
8.524162,DUPACK,1319,17.126,,,1350656,
8.524194,NAK,1319,17.126,,,1350656,
8.524561,RETX,1319,17.126,,200.000,1350656,
8.524910,RETX,1320,17.126,,200.000,1350656,
8.525143,RETX,1321,17.126,,200.000,1350656,
8.525351,RETX,1322,17.126,,200.000,1350656,
8.525554,RETX,1323,17.126,,200.000,1350656,
8.525844,RETX,1324,17.126,,200.000,1350656,
8.526085,RETX,1325,17.126,,200.000,1350656,
8.526312,RETX,1326,17.126,,200.000,1350656,
8.526539,RETX,1327,17.126,,200.000,1350656,
8.526763,RETX,1328,17.126,,200.000,1350656,
8.526990,RETX,1329,17.126,,200.000,1350656,
8.527217,RETX,1330,17.126,,200.000,1350656,
8.527444,RETX,1331,17.126,,200.000,1350656,
8.527672,RETX,1332,17.126,,200.000,1350656,
8.527897,RETX,1333,17.126,,200.000,1350656,
8.528121,RETX,1334,17.126,,200.000,1350656,
8.528345,RETX,1335,17.126,,200.000,1350656,
8.528357,STATS,-1,17.126,,200.000,1350656,base=1319 next=1336
8.528431,DUPACK,1319,17.126,,,1350656,
8.529917,NAK,1319,17.126,,,1350656,
8.529956,DUPACK,1319,17.126,,,1350656,
8.529985,NAK,1319,17.126,,,1350656,
8.530014,DUPACK,1319,17.126,,,1350656,
8.530040,NAK,1319,17.126,,,1350656,
8.535650,DUPACK,1319,17.126,,,1350656,
8.535683,NAK,1319,17.126,,,1350656,
8.536296,DUPACK,1319,17.126,,,1350656,
8.538159,NAK,1319,17.126,,,1350656,
8.538189,DUPACK,1319,17.126,,,1350656,
8.539765,NAK,1319,17.126,,,1350656,
8.539869,DUPACK,1319,17.126,,,1350656,
8.539908,NAK,1319,17.126,,,1350656,
8.539939,DUPACK,1319,17.126,,,1350656,
8.539971,NAK,1319,17.126,,,1350656,
8.539998,DUPACK,1319,17.126,,,1350656,
8.540023,DUPACK,1319,17.126,,,1350656,
8.540051,NAK,1319,17.126,,,1350656,
8.540076,DUPACK,1319,17.126,,,1350656,
8.543920,DUPACK,1319,17.126,,,1350656,
8.543984,NAK,1319,17.126,,,1350656,
8.544020,DUPACK,1319,17.126,,,1350656,
8.587735,ACK,1321,17.242,,,1352704,"cum ack, base->1321"
8.587835,ACK,1322,17.300,,,1353728,"cum ack, base->1322"
8.587893,ACK,1323,17.358,,,1354752,"cum ack, base->1323"
8.587946,ACK,1324,17.416,,,1355776,"cum ack, base->1324"
8.588048,ACK,1325,17.473,,,1356800,"cum ack, base->1325"
8.588160,ACK,1326,17.530,,,1357824,"cum ack, base->1326"
8.588228,ACK,1327,17.587,,,1358848,"cum ack, base->1327"
8.588286,ACK,1328,17.644,,,1359872,"cum ack, base->1328"
8.588330,NAK,1328,17.644,,,1359872,
8.588346,FASTRETX,1328,17.644,,200.000,1359872,nak
8.588393,DUPACK,1328,17.644,,,1359872,
8.588437,NAK,1328,17.644,,,1359872,
8.588489,DUPACK,1328,17.644,,,1359872,
8.588581,NAK,1328,17.644,,,1359872,
8.588613,DUPACK,1328,17.644,,,1359872,
8.588643,NAK,1328,17.644,,,1359872,
8.588673,DUPACK,1328,17.644,,,1359872,
8.588702,NAK,1328,17.644,,,1359872,
8.588732,DUPACK,1328,17.644,,,1359872,
8.588762,NAK,1328,17.644,,,1359872,
8.588791,DUPACK,1328,17.644,,,1359872,
8.588956,NAK,1328,17.644,,,1359872,
8.588991,DUPACK,1328,17.644,,,1359872,
8.589575,RETX,1328,17.644,,200.000,1359872,
8.589794,RETX,1329,17.644,,200.000,1359872,
8.590001,RETX,1330,17.644,,200.000,1359872,
8.590205,RETX,1331,17.644,,200.000,1359872,
8.590412,RETX,1332,17.644,,200.000,1359872,
8.590615,RETX,1333,17.644,,200.000,1359872,
8.590819,RETX,1334,17.644,,200.000,1359872,
8.591026,RETX,1335,17.644,,200.000,1359872,
8.591235,RETX,1336,17.644,,200.000,1359872,
8.591444,SEND,1337,17.644,,200.000,1359872,
8.591649,SEND,1338,17.644,,200.000,1359872,
8.591852,SEND,1339,17.644,,200.000,1359872,
8.592054,SEND,1340,17.644,,200.000,1359872,
8.592468,SEND,1341,17.644,,200.000,1359872,
8.592650,SEND,1342,17.644,,200.000,1359872,
8.592820,SEND,1343,17.644,,200.000,1359872,
8.592988,SEND,1344,17.644,,200.000,1359872,
8.628029,ACK,1329,17.701,,,1360896,"cum ack, base->1329"
8.628510,SEND,1345,17.701,,200.000,1360896,
8.628524,STATS,-1,17.701,,200.000,1360896,base=1329 next=1346
8.638747,ACK,1330,17.757,,,1361920,"cum ack, base->1330"
8.638785,ACK,1331,17.814,,,1362944,"cum ack, base->1331"
8.641279,SEND,1346,17.814,,200.000,1362944,
8.641460,SEND,1347,17.814,,200.000,1362944,
8.643779,NAK,1331,17.814,,,1362944,
8.643790,FASTRETX,1331,17.814,,200.000,1362944,nak
8.643823,NAK,1331,17.814,,,1362944,
8.643847,DUPACK,1331,17.814,,,1362944,
8.643874,NAK,1331,17.814,,,1362944,
8.643896,DUPACK,1331,17.814,,,1362944,
8.643922,NAK,1331,17.814,,,1362944,
8.643944,DUPACK,1331,17.814,,,1362944,
8.643965,NAK,1331,17.814,,,1362944,
8.643994,DUPACK,1331,17.814,,,1362944,
8.644213,RETX,1331,17.814,,200.000,1362944,
8.644404,RETX,1332,17.814,,200.000,1362944,
8.644583,RETX,1333,17.814,,200.000,1362944,
8.644761,RETX,1334,17.814,,200.000,1362944,
8.644937,RETX,1335,17.814,,200.000,1362944,
8.645117,RETX,1336,17.814,,200.000,1362944,
8.645294,RETX,1337,17.814,,200.000,1362944,
8.645469,RETX,1338,17.814,,200.000,1362944,
8.645654,RETX,1339,17.814,,200.000,1362944,
8.645832,RETX,1340,17.814,,200.000,1362944,
8.646009,RETX,1341,17.814,,200.000,1362944,
8.646189,RETX,1342,17.814,,200.000,1362944,
8.646366,RETX,1343,17.814,,200.000,1362944,
8.646542,RETX,1344,17.814,,200.000,1362944,
8.646719,RETX,1345,17.814,,200.000,1362944,
8.646895,RETX,1346,17.814,,200.000,1362944,
8.647072,RETX,1347,17.814,,200.000,1362944,
8.647125,NAK,1331,17.814,,,1362944,
8.647188,DUPACK,1331,17.814,,,1362944,
8.647219,NAK,1331,17.814,,,1362944,
8.647243,DUPACK,1331,17.814,,,1362944,
8.647263,NAK,1331,17.814,,,1362944,
8.647283,DUPACK,1331,17.814,,,1362944,
8.647303,NAK,1331,17.814,,,1362944,
8.647322,DUPACK,1331,17.814,,,1362944,
8.647341,NAK,1331,17.814,,,1362944,
8.647360,DUPACK,1331,17.814,,,1362944,
8.647379,NAK,1331,17.814,,,1362944,
8.647398,DUPACK,1331,17.814,,,1362944,
8.647416,NAK,1331,17.814,,,1362944,
8.647435,DUPACK,1331,17.814,,,1362944,
8.663795,NAK,1331,17.814,,,1362944,
8.667636,DUPACK,1331,17.814,,,1362944,
8.691449,NAK,1331,17.814,,,1362944,
8.691525,DUPACK,1331,17.814,,,1362944,
8.691562,NAK,1331,17.814,,,1362944,
8.691596,DUPACK,1331,17.814,,,1362944,
8.691652,ACK,1332,17.870,,,1363968,"cum ack, base->1332"
8.691933,ACK,1333,17.926,,,1364992,"cum ack, base->1333"
8.691988,ACK,1334,17.981,,,1366016,"cum ack, base->1334"
8.692026,ACK,1335,18.037,,,1367040,"cum ack, base->1335"
8.693311,SEND,1348,18.037,,200.000,1367040,
8.693530,SEND,1349,18.037,,200.000,1367040,
8.693736,SEND,1350,18.037,,200.000,1367040,
8.693991,SEND,1351,18.037,,200.000,1367040,
8.694215,SEND,1352,18.037,,200.000,1367040,
8.694875,ACK,1336,18.093,,,1368064,"cum ack, base->1336"
8.694946,ACK,1337,18.148,,,1369088,"cum ack, base->1337"
8.695027,ACK,1338,18.203,,,1370112,"cum ack, base->1338"
8.695086,ACK,1340,18.313,,,1372160,"cum ack, base->1340"
8.695133,ACK,1342,18.422,,,1374208,"cum ack, base->1342"
8.695935,ACK,1343,18.476,,,1375232,"cum ack, base->1343"
8.696565,ACK,1344,18.530,,,1376256,"cum ack, base->1344"
8.696632,ACK,1345,18.584,,,1377280,"cum ack, base->1345"
8.696672,ACK,1346,18.638,,,1378304,"cum ack, base->1346"
8.697003,SEND,1353,18.638,,200.000,1378304,
8.697260,SEND,1354,18.638,,200.000,1378304,
8.697476,SEND,1355,18.638,,200.000,1378304,
8.697682,SEND,1356,18.638,,200.000,1378304,
8.697950,SEND,1357,18.638,,200.000,1378304,
8.698480,SEND,1358,18.638,,200.000,1378304,
8.698991,SEND,1359,18.638,,200.000,1378304,
8.699224,SEND,1360,18.638,,200.000,1378304,
8.699451,SEND,1361,18.638,,200.000,1378304,
8.699676,SEND,1362,18.638,,200.000,1378304,
8.699901,SEND,1363,18.638,,200.000,1378304,
8.699991,ACK,1347,18.691,,,1379328,"cum ack, base->1347"
8.700035,ACK,1348,18.745,,,1380352,"cum ack, base->1348"
8.702668,SEND,1364,18.745,,200.000,1380352,
8.702895,SEND,1365,18.745,,200.000,1380352,
8.729637,STATS,-1,18.745,,200.000,1380352,base=1348 next=1366
8.740158,ACK,1349,18.798,,,1381376,"cum ack, base->1349"
8.740233,NAK,1349,18.798,,,1381376,
8.740249,FASTRETX,1349,16.710,,200.000,1381376,nak
8.740521,RETX,1349,16.710,,200.000,1381376,
8.740773,RETX,1350,16.710,,200.000,1381376,
8.741047,RETX,1351,16.710,,200.000,1381376,
8.741260,RETX,1352,16.710,,200.000,1381376,
8.741466,RETX,1353,16.710,,200.000,1381376,
8.741672,RETX,1354,16.710,,200.000,1381376,
8.741887,RETX,1355,16.710,,200.000,1381376,
8.742059,RETX,1356,16.710,,200.000,1381376,
8.742300,RETX,1357,16.710,,200.000,1381376,
8.742507,RETX,1358,16.710,,200.000,1381376,
8.742682,RETX,1359,16.710,,200.000,1381376,
8.742858,RETX,1360,16.710,,200.000,1381376,
8.743033,RETX,1361,16.710,,200.000,1381376,
8.743306,RETX,1362,16.710,,200.000,1381376,
8.743505,RETX,1363,16.710,,200.000,1381376,
8.743682,RETX,1364,16.710,,200.000,1381376,
8.743845,DUPACK,1349,16.710,,,1381376,
8.743885,NAK,1349,16.710,,,1381376,
8.743914,DUPACK,1349,16.710,,,1381376,
8.744958,NAK,1349,16.710,,,1381376,
8.744990,DUPACK,1349,16.710,,,1381376,
8.745017,NAK,1349,16.710,,,1381376,
8.745047,DUPACK,1349,16.710,,,1381376,
8.745071,NAK,1349,16.710,,,1381376,
8.745096,DUPACK,1349,16.710,,,1381376,
8.748113,NAK,1349,16.710,,,1381376,
8.748144,DUPACK,1349,16.710,,,1381376,
8.748169,NAK,1349,16.710,,,1381376,
8.748194,DUPACK,1349,16.710,,,1381376,
8.748219,NAK,1349,16.710,,,1381376,
8.748951,DUPACK,1349,16.710,,,1381376,
8.748983,NAK,1349,16.710,,,1381376,
8.749014,DUPACK,1349,16.710,,,1381376,
8.749039,NAK,1349,16.710,,,1381376,
8.749065,DUPACK,1349,16.710,,,1381376,
8.749092,NAK,1349,16.710,,,1381376,
8.749117,NAK,1349,16.710,,,1381376,
8.749143,DUPACK,1349,16.710,,,1381376,
8.749166,NAK,1349,16.710,,,1381376,
8.749190,DUPACK,1349,16.710,,,1381376,
8.749288,NAK,1349,16.710,,,1381376,
8.749526,DUPACK,1349,16.710,,,1381376,
8.749554,NAK,1349,16.710,,,1381376,
8.749578,DUPACK,1349,16.710,,,1381376,
8.790697,ACK,1350,16.769,,,1382400,"cum ack, base->1350"
8.790780,ACK,1351,16.829,,,1383424,"cum ack, base->1351"
8.790915,ACK,1352,16.889,,,1384448,"cum ack, base->1352"
8.791072,ACK,1353,16.948,,,1385472,"cum ack, base->1353"
8.793393,RETX,1365,16.948,,200.000,1385472,
8.793592,SEND,1366,16.948,,200.000,1385472,
8.793762,SEND,1367,16.948,,200.000,1385472,
8.793931,SEND,1368,16.948,,200.000,1385472,
8.795838,ACK,1354,17.007,,,1386496,"cum ack, base->1354"
8.795906,ACK,1355,17.066,,,1387520,"cum ack, base->1355"
8.795944,ACK,1356,17.124,,,1388544,"cum ack, base->1356"
8.795977,ACK,1357,17.183,,,1389568,"cum ack, base->1357"
8.796008,ACK,1358,17.241,,,1390592,"cum ack, base->1358"
8.796041,ACK,1359,17.299,,,1391616,"cum ack, base->1359"
8.796072,ACK,1360,17.357,,,1392640,"cum ack, base->1360"
8.796104,ACK,1361,17.414,,,1393664,"cum ack, base->1361"
8.796757,SEND,1369,17.414,,200.000,1393664,
8.796942,SEND,1370,17.414,,200.000,1393664,
8.797119,SEND,1371,17.414,,200.000,1393664,
8.797320,SEND,1372,17.414,,200.000,1393664,
8.797531,SEND,1373,17.414,,200.000,1393664,
8.797704,SEND,1374,17.414,,200.000,1393664,
8.797945,SEND,1375,17.414,,200.000,1393664,
8.798147,SEND,1376,17.414,,200.000,1393664,
8.798791,SEND,1377,17.414,,200.000,1393664,
8.799275,ACK,1362,17.472,,,1394688,"cum ack, base->1362"
8.799341,ACK,1363,17.529,,,1395712,"cum ack, base->1363"
8.799454,ACK,1364,17.586,,,1396736,"cum ack, base->1364"
8.799492,ACK,1365,17.643,,,1397760,"cum ack, base->1365"
8.802021,SEND,1378,17.643,,200.000,1397760,
8.802280,SEND,1379,17.643,,200.000,1397760,
8.802672,SEND,1380,17.643,,200.000,1397760,
8.803049,SEND,1381,17.643,,200.000,1397760,
8.830018,STATS,-1,17.643,,200.000,1397760,base=1365 next=1382
8.843139,ACK,1366,17.699,,,1398784,"cum ack, base->1366"
8.844608,SEND,1382,17.699,,200.000,1398784,
8.846141,ACK,1367,17.756,,,1399808,"cum ack, base->1367"
8.846240,ACK,1368,17.812,,,1400832,"cum ack, base->1368"
8.846288,ACK,1369,17.868,,,1401856,"cum ack, base->1369"
8.846328,ACK,1370,17.924,,,1402880,"cum ack, base->1370"
8.846367,ACK,1371,17.980,,,1403904,"cum ack, base->1371"
8.846407,ACK,1372,18.036,,,1404928,"cum ack, base->1372"
8.846438,NAK,1372,18.036,,,1404928,
8.846457,FASTRETX,1372,16.032,,200.000,1404928,nak
8.847426,RETX,1372,16.032,,200.000,1404928,
8.847639,RETX,1373,16.032,,200.000,1404928,
8.847844,RETX,1374,16.032,,200.000,1404928,
8.848079,RETX,1375,16.032,,200.000,1404928,
8.848627,RETX,1376,16.032,,200.000,1404928,
8.849019,RETX,1377,16.032,,200.000,1404928,
8.849233,RETX,1378,16.032,,200.000,1404928,
8.849439,RETX,1379,16.032,,200.000,1404928,
8.849769,RETX,1380,16.032,,200.000,1404928,
8.849982,RETX,1381,16.032,,200.000,1404928,
8.850471,RETX,1382,16.032,,200.000,1404928,
8.852051,SEND,1383,16.032,,200.000,1404928,
8.852406,SEND,1384,16.032,,200.000,1404928,
8.852677,SEND,1385,16.032,,200.000,1404928,
8.852907,SEND,1386,16.032,,200.000,1404928,
8.853134,SEND,1387,16.032,,200.000,1404928,
8.853210,DUPACK,1372,16.032,,,1404928,
8.853246,NAK,1372,16.032,,,1404928,
8.853276,DUPACK,1372,16.032,,,1404928,
8.853302,NAK,1372,16.032,,,1404928,
8.853328,DUPACK,1372,16.032,,,1404928,
8.853352,NAK,1372,16.032,,,1404928,
8.853376,DUPACK,1372,16.032,,,1404928,
8.853401,DUPACK,1372,16.032,,,1404928,
8.853424,NAK,1372,16.032,,,1404928,
8.853450,DUPACK,1372,16.032,,,1404928,
8.853474,NAK,1372,16.032,,,1404928,
8.853498,DUPACK,1372,16.032,,,1404928,
8.853521,NAK,1372,16.032,,,1404928,
8.853545,DUPACK,1372,16.032,,,1404928,
8.853568,NAK,1372,16.032,,,1404928,
8.853592,DUPACK,1372,16.032,,,1404928,
8.885864,DUPACK,1372,16.032,,,1404928,
8.890607,ACK,1373,16.094,,,1405952,"cum ack, base->1373"
8.891048,SEND,1388,16.094,,200.000,1405952,
8.891496,ACK,1374,16.156,,,1406976,"cum ack, base->1374"
8.891552,ACK,1375,16.218,,,1408000,"cum ack, base->1375"
8.893781,SEND,1389,16.218,,200.000,1408000,
8.894095,SEND,1390,16.218,,200.000,1408000,
8.894457,ACK,1376,16.280,,,1409024,"cum ack, base->1376"
8.896992,SEND,1391,16.280,,200.000,1409024,
8.902657,ACK,1377,16.341,,,1410048,"cum ack, base->1377"
8.903853,ACK,1378,16.402,,,1411072,"cum ack, base->1378"
8.903923,ACK,1380,16.524,,,1413120,"cum ack, base->1380"
8.903960,ACK,1381,16.585,,,1414144,"cum ack, base->1381"
8.903994,ACK,1382,16.645,,,1415168,"cum ack, base->1382"
8.904027,ACK,1383,16.705,,,1416192,"cum ack, base->1383"
8.904055,NAK,1383,16.705,,,1416192,
8.904069,FASTRETX,1383,14.849,,200.000,1416192,nak
8.904106,DUPACK,1383,14.849,,,1416192,
8.904153,NAK,1383,14.849,,,1416192,
8.904179,DUPACK,1383,14.849,,,1416192,
8.904205,NAK,1383,14.849,,,1416192,
8.904230,DUPACK,1383,14.849,,,1416192,
8.904254,NAK,1383,14.849,,,1416192,
8.904279,DUPACK,1383,14.849,,,1416192,
8.905194,RETX,1383,14.849,,200.000,1416192,
8.905392,RETX,1384,14.849,,200.000,1416192,
8.905615,RETX,1385,14.849,,200.000,1416192,
8.905844,RETX,1386,14.849,,200.000,1416192,
8.906022,RETX,1387,14.849,,200.000,1416192,
8.906194,RETX,1388,14.849,,200.000,1416192,
8.906363,RETX,1389,14.849,,200.000,1416192,
8.906533,RETX,1390,14.849,,200.000,1416192,
8.906708,RETX,1391,14.849,,200.000,1416192,
8.906938,SEND,1392,14.849,,200.000,1416192,
8.907116,SEND,1393,14.849,,200.000,1416192,
8.907291,SEND,1394,14.849,,200.000,1416192,
8.907493,SEND,1395,14.849,,200.000,1416192,
8.907579,SEND,1396,14.849,,200.000,1416192,
8.932295,STATS,-1,14.849,,200.000,1416192,base=1383 next=1397
8.935520,NAK,1383,14.849,,,1416192,
8.935680,DUPACK,1383,14.849,,,1416192,
8.947315,NAK,1383,14.849,,,1416192,
8.947377,DUPACK,1383,14.849,,,1416192,
8.947407,NAK,1383,14.849,,,1416192,
8.947520,DUPACK,1383,14.849,,,1416192,
8.947546,NAK,1383,14.849,,,1416192,
8.947572,DUPACK,1383,14.849,,,1416192,
8.947620,ACK,1384,14.916,,,1417216,"cum ack, base->1384"
8.950180,SEND,1397,14.916,,200.000,1417216,
8.950485,ACK,1385,14.983,,,1418240,"cum ack, base->1385"
8.952139,ACK,1386,15.050,,,1419264,"cum ack, base->1386"
8.952250,ACK,1387,15.117,,,1420288,"cum ack, base->1387"
8.952672,SEND,1398,15.117,,200.000,1420288,
8.952934,SEND,1399,15.117,,200.000,1420288,
8.953116,SEND,1400,15.117,,200.000,1420288,
8.953380,SEND,1401,15.117,,200.000,1420288,
8.953490,ACK,1388,15.183,,,1421312,"cum ack, base->1388"
8.956318,SEND,1402,15.183,,200.000,1421312,
8.956459,ACK,1389,15.249,,,1422336,"cum ack, base->1389"
8.956513,ACK,1390,15.314,,,1423360,"cum ack, base->1390"
8.956548,ACK,1392,15.444,,,1425408,"cum ack, base->1392"
8.957953,ACK,1393,15.509,,,1426432,"cum ack, base->1393"
8.958013,ACK,1394,15.574,,,1427456,"cum ack, base->1394"
8.958047,ACK,1395,15.638,,,1428480,"cum ack, base->1395"
8.958076,NAK,1395,15.638,,,1428480,
8.958090,FASTRETX,1395,13.900,,200.000,1428480,nak
8.958118,DUPACK,1395,13.900,,,1428480,
8.959113,RETX,1395,13.900,,200.000,1428480,
8.959297,RETX,1396,13.900,,200.000,1428480,
8.959469,RETX,1397,13.900,,200.000,1428480,
8.959707,RETX,1398,13.900,,200.000,1428480,
8.959891,RETX,1399,13.900,,200.000,1428480,
8.960064,RETX,1400,13.900,,200.000,1428480,
8.960231,RETX,1401,13.900,,200.000,1428480,
8.960400,RETX,1402,13.900,,200.000,1428480,
8.960568,SEND,1403,13.900,,200.000,1428480,
8.960736,SEND,1404,13.900,,200.000,1428480,
8.960923,SEND,1405,13.900,,200.000,1428480,
8.961105,SEND,1406,13.900,,200.000,1428480,
8.961275,SEND,1407,13.900,,200.000,1428480,
8.986695,NAK,1395,13.900,,,1428480,
8.987204,DUPACK,1395,13.900,,,1428480,
8.988838,DUPACK,1395,13.900,,,1428480,
9.003391,NAK,1395,13.900,,,1428480,
9.005210,DUPACK,1395,13.900,,,1428480,
9.006390,NAK,1395,13.900,,,1428480,
9.006513,DUPACK,1395,13.900,,,1428480,
9.006637,NAK,1395,13.900,,,1428480,
9.006675,DUPACK,1395,13.900,,,1428480,
9.010675,NAK,1395,13.900,,,1428480,
9.010773,DUPACK,1395,13.900,,,1428480,
9.010912,ACK,1396,13.972,,,1429504,"cum ack, base->1396"
9.010970,ACK,1397,14.044,,,1430528,"cum ack, base->1397"
9.011018,ACK,1398,14.115,,,1431552,"cum ack, base->1398"
9.011055,ACK,1399,14.186,,,1432576,"cum ack, base->1399"
9.011089,ACK,1400,14.256,,,1433600,"cum ack, base->1400"
9.011120,ACK,1401,14.327,,,1434624,"cum ack, base->1401"
9.012726,SEND,1408,14.327,,200.000,1434624,
9.013730,SEND,1409,14.327,,200.000,1434624,
9.014141,SEND,1410,14.327,,200.000,1434624,
9.014317,SEND,1411,14.327,,200.000,1434624,
9.014488,SEND,1412,14.327,,200.000,1434624,
9.014656,SEND,1413,14.327,,200.000,1434624,
9.014960,SEND,1414,14.327,,200.000,1434624,
9.015097,ACK,1402,14.396,,,1435648,"cum ack, base->1402"
9.015149,ACK,1403,14.466,,,1436672,"cum ack, base->1403"
9.015184,ACK,1404,14.535,,,1437696,"cum ack, base->1404"
9.015216,ACK,1405,14.604,,,1438720,"cum ack, base->1405"
9.015247,ACK,1406,14.672,,,1439744,"cum ack, base->1406"
9.015279,ACK,1407,14.740,,,1440768,"cum ack, base->1407"
9.015310,ACK,1408,14.808,,,1441792,"cum ack, base->1408"
9.017855,SEND,1415,14.808,,200.000,1441792,
9.018073,SEND,1416,14.808,,200.000,1441792,
9.018277,SEND,1417,14.808,,200.000,1441792,
9.018450,SEND,1418,14.808,,200.000,1441792,
9.018642,SEND,1419,14.808,,200.000,1441792,
9.018819,SEND,1420,14.808,,200.000,1441792,
9.018989,SEND,1421,14.808,,200.000,1441792,
9.033721,STATS,-1,14.808,,200.000,1441792,base=1408 next=1422
9.062864,ACK,1409,14.876,,,1442816,"cum ack, base->1409"
9.063797,SEND,1422,14.876,,200.000,1442816,
9.063985,ACK,1410,14.943,,,1443840,"cum ack, base->1410"
9.064085,ACK,1411,15.010,,,1444864,"cum ack, base->1411"
9.064133,ACK,1412,15.076,,,1445888,"cum ack, base->1412"
9.064174,ACK,1413,15.143,,,1446912,"cum ack, base->1413"
9.064213,ACK,1414,15.209,,,1447936,"cum ack, base->1414"
9.067497,SEND,1423,15.209,,200.000,1447936,
9.067939,SEND,1424,15.209,,200.000,1447936,
9.068408,SEND,1425,15.209,,200.000,1447936,
9.068873,SEND,1426,15.209,,200.000,1447936,
9.069359,SEND,1427,15.209,,200.000,1447936,
9.069628,SEND,1428,15.209,,200.000,1447936,
9.069764,ACK,1415,15.275,,,1448960,"cum ack, base->1415"
9.069899,ACK,1416,15.340,,,1449984,"cum ack, base->1416"
9.070706,ACK,1417,15.405,,,1451008,"cum ack, base->1417"
9.070819,ACK,1418,15.470,,,1452032,"cum ack, base->1418"
9.070864,ACK,1419,15.535,,,1453056,"cum ack, base->1419"
9.072759,ACK,1420,15.599,,,1454080,"cum ack, base->1420"
9.072884,ACK,1421,15.663,,,1455104,"cum ack, base->1421"
9.072927,ACK,1422,15.727,,,1456128,"cum ack, base->1422"
9.073194,SEND,1429,15.727,,200.000,1456128,
9.073457,SEND,1430,15.727,,200.000,1456128,
9.073670,SEND,1431,15.727,,200.000,1456128,
9.073949,SEND,1432,15.727,,200.000,1456128,
9.074175,SEND,1433,15.727,,200.000,1456128,
9.074490,SEND,1434,15.727,,200.000,1456128,
9.074733,SEND,1435,15.727,,200.000,1456128,
9.074961,SEND,1436,15.727,,200.000,1456128,
9.106207,NAK,1422,15.727,,,1456128,
9.106245,FASTRETX,1422,13.980,,200.000,1456128,nak
9.108227,RETX,1422,13.980,,200.000,1456128,
9.108467,RETX,1423,13.980,,200.000,1456128,
9.108682,RETX,1424,13.980,,200.000,1456128,
9.108898,RETX,1425,13.980,,200.000,1456128,
9.109104,RETX,1426,13.980,,200.000,1456128,
9.109309,RETX,1427,13.980,,200.000,1456128,
9.109519,RETX,1428,13.980,,200.000,1456128,
9.109722,RETX,1429,13.980,,200.000,1456128,
9.109892,RETX,1430,13.980,,200.000,1456128,
9.110060,RETX,1431,13.980,,200.000,1456128,
9.110229,RETX,1432,13.980,,200.000,1456128,
9.110394,RETX,1433,13.980,,200.000,1456128,
9.110564,RETX,1434,13.980,,200.000,1456128,
9.115336,DUPACK,1422,13.980,,,1456128,
9.115499,NAK,1422,13.980,,,1456128,
9.115747,DUPACK,1422,13.980,,,1456128,
9.116467,NAK,1422,13.980,,,1456128,
9.116522,DUPACK,1422,13.980,,,1456128,
9.116549,NAK,1422,13.980,,,1456128,
9.116576,DUPACK,1422,13.980,,,1456128,
9.116601,NAK,1422,13.980,,,1456128,
9.116625,DUPACK,1422,13.980,,,1456128,
9.116685,NAK,1422,13.980,,,1456128,
9.116714,DUPACK,1422,13.980,,,1456128,
9.116743,NAK,1422,13.980,,,1456128,
9.121966,DUPACK,1422,13.980,,,1456128,
9.122047,NAK,1422,13.980,,,1456128,
9.122087,DUPACK,1422,13.980,,,1456128,
9.122123,NAK,1422,13.980,,,1456128,
9.122155,DUPACK,1422,13.980,,,1456128,
9.122237,NAK,1422,13.980,,,1456128,
9.122332,DUPACK,1422,13.980,,,1456128,
9.122375,NAK,1422,13.980,,,1456128,
9.122410,DUPACK,1422,13.980,,,1456128,
9.122442,NAK,1422,13.980,,,1456128,
9.125624,DUPACK,1422,13.980,,,1456128,
9.133994,STATS,-1,13.980,,200.000,1456128,base=1422 next=1435
9.152608,ACK,1423,14.051,,,1457152,"cum ack, base->1423"
9.152980,ACK,1424,14.122,,,1458176,"cum ack, base->1424"
9.153486,RETX,1435,14.122,,200.000,1458176,
9.154406,RETX,1436,14.122,,200.000,1458176,
9.154737,SEND,1437,14.122,,200.000,1458176,
9.154943,ACK,1425,14.193,,,1459200,"cum ack, base->1425"
9.155072,ACK,1426,14.264,,,1460224,"cum ack, base->1426"
9.155381,ACK,1427,14.334,,,1461248,"cum ack, base->1427"
9.155431,ACK,1428,14.404,,,1462272,"cum ack, base->1428"
9.155471,ACK,1429,14.473,,,1463296,"cum ack, base->1429"
9.155510,ACK,1430,14.542,,,1464320,"cum ack, base->1430"
9.157651,SEND,1438,14.542,,200.000,1464320,
9.157880,SEND,1439,14.542,,200.000,1464320,
9.158085,SEND,1440,14.542,,200.000,1464320,
9.158288,SEND,1441,14.542,,200.000,1464320,
9.158491,SEND,1442,14.542,,200.000,1464320,
9.158694,SEND,1443,14.542,,200.000,1464320,
9.160973,ACK,1431,14.611,,,1465344,"cum ack, base->1431"
9.161062,ACK,1432,14.679,,,1466368,"cum ack, base->1432"
9.161109,ACK,1433,14.747,,,1467392,"cum ack, base->1433"
9.161143,NAK,1433,14.747,,,1467392,
9.161158,FASTRETX,1433,14.747,,200.000,1467392,nak
9.161195,DUPACK,1433,14.747,,,1467392,
9.161562,RETX,1433,14.747,,200.000,1467392,
9.161787,RETX,1434,14.747,,200.000,1467392,
9.161997,RETX,1435,14.747,,200.000,1467392,
9.162202,RETX,1436,14.747,,200.000,1467392,
9.162412,RETX,1437,14.747,,200.000,1467392,
9.162615,RETX,1438,14.747,,200.000,1467392,
9.162819,RETX,1439,14.747,,200.000,1467392,
9.163145,RETX,1440,14.747,,200.000,1467392,
9.163388,RETX,1441,14.747,,200.000,1467392,
9.163620,RETX,1442,14.747,,200.000,1467392,
9.163846,RETX,1443,14.747,,200.000,1467392,
9.164072,SEND,1444,14.747,,200.000,1467392,
9.164300,SEND,1445,14.747,,200.000,1467392,
9.164526,SEND,1446,14.747,,200.000,1467392,
9.191428,NAK,1433,14.747,,,1467392,
9.191469,DUPACK,1433,14.747,,,1467392,
9.193623,NAK,1433,14.747,,,1467392,
9.193934,DUPACK,1433,14.747,,,1467392,
9.197347,NAK,1433,14.747,,,1467392,
9.197409,DUPACK,1433,14.747,,,1467392,
9.198779,NAK,1433,14.747,,,1467392,
9.198827,DUPACK,1433,14.747,,,1467392,
9.209016,NAK,1433,14.747,,,1467392,
9.209107,NAK,1433,14.747,,,1467392,
9.209152,DUPACK,1433,14.747,,,1467392,
9.209188,NAK,1433,14.747,,,1467392,
9.209228,DUPACK,1433,14.747,,,1467392,
9.209260,NAK,1433,14.747,,,1467392,
9.209294,DUPACK,1433,14.747,,,1467392,
9.209351,ACK,1434,14.815,,,1468416,"cum ack, base->1434"
9.209396,ACK,1435,14.883,,,1469440,"cum ack, base->1435"
9.209435,ACK,1436,14.950,,,1470464,"cum ack, base->1436"
9.209475,ACK,1437,15.017,,,1471488,"cum ack, base->1437"
9.210348,SEND,1447,15.017,,200.000,1471488,
9.210824,SEND,1448,15.017,,200.000,1471488,
9.211054,SEND,1449,15.017,,200.000,1471488,
9.211421,SEND,1450,15.017,,200.000,1471488,
9.211647,SEND,1451,15.017,,200.000,1471488,
9.211783,ACK,1438,15.083,,,1472512,"cum ack, base->1438"
9.211844,ACK,1439,15.150,,,1473536,"cum ack, base->1439"
9.211888,ACK,1440,15.216,,,1474560,"cum ack, base->1440"
9.211928,ACK,1441,15.281,,,1475584,"cum ack, base->1441"
9.211966,ACK,1442,15.347,,,1476608,"cum ack, base->1442"
9.212005,ACK,1443,15.412,,,1477632,"cum ack, base->1443"
9.214103,ACK,1444,15.477,,,1478656,"cum ack, base->1444"
9.214164,NAK,1444,15.477,,,1478656,
9.214185,FASTRETX,1444,13.757,,200.000,1478656,nak
9.214226,DUPACK,1444,13.757,,,1478656,
9.214558,RETX,1444,13.757,,200.000,1478656,
9.215166,RETX,1445,13.757,,200.000,1478656,
9.216016,RETX,1446,13.757,,200.000,1478656,
9.216249,RETX,1447,13.757,,200.000,1478656,
9.216475,RETX,1448,13.757,,200.000,1478656,
9.216700,RETX,1449,13.757,,200.000,1478656,
9.216926,RETX,1450,13.757,,200.000,1478656,
9.217151,RETX,1451,13.757,,200.000,1478656,
9.217375,SEND,1452,13.757,,200.000,1478656,
9.217601,SEND,1453,13.757,,200.000,1478656,
9.217826,SEND,1454,13.757,,200.000,1478656,
9.218033,SEND,1455,13.757,,200.000,1478656,
9.218209,SEND,1456,13.757,,200.000,1478656,
9.218289,NAK,1444,13.757,,,1478656,
9.218328,DUPACK,1444,13.757,,,1478656,
9.236339,STATS,-1,13.757,,200.000,1478656,base=1444 next=1457
9.247296,NAK,1444,13.757,,,1478656,
9.247422,DUPACK,1444,13.757,,,1478656,
9.252043,NAK,1444,13.757,,,1478656,
9.252116,DUPACK,1444,13.757,,,1478656,
9.253659,NAK,1444,13.757,,,1478656,
9.253726,DUPACK,1444,13.757,,,1478656,
9.258533,NAK,1444,13.757,,,1478656,
9.258674,DUPACK,1444,13.757,,,1478656,
9.258717,NAK,1444,13.757,,,1478656,
9.258750,DUPACK,1444,13.757,,,1478656,
9.258800,ACK,1445,13.830,,,1479680,"cum ack, base->1445"
9.259664,SEND,1457,13.830,,200.000,1479680,
9.262970,ACK,1446,13.902,,,1480704,"cum ack, base->1446"
9.263039,ACK,1447,13.974,,,1481728,"cum ack, base->1447"
9.263084,ACK,1448,14.046,,,1482752,"cum ack, base->1448"
9.263125,ACK,1449,14.117,,,1483776,"cum ack, base->1449"
9.263164,ACK,1450,14.188,,,1484800,"cum ack, base->1450"
9.263200,ACK,1451,14.258,,,1485824,"cum ack, base->1451"
9.264070,ACK,1452,14.328,,,1486848,"cum ack, base->1452"
9.266127,SEND,1458,14.328,,200.000,1486848,
9.266511,SEND,1459,14.328,,200.000,1486848,
9.266720,SEND,1460,14.328,,200.000,1486848,
9.266889,SEND,1461,14.328,,200.000,1486848,
9.267509,SEND,1462,14.328,,200.000,1486848,
9.267696,SEND,1463,14.328,,200.000,1486848,
9.268043,SEND,1464,14.328,,200.000,1486848,
9.268399,SEND,1465,14.328,,200.000,1486848,
9.268671,ACK,1453,14.398,,,1487872,"cum ack, base->1453"
9.268725,ACK,1454,14.468,,,1488896,"cum ack, base->1454"
9.268760,ACK,1455,14.537,,,1489920,"cum ack, base->1455"
9.268792,ACK,1456,14.606,,,1490944,"cum ack, base->1456"
9.268822,ACK,1457,14.674,,,1491968,"cum ack, base->1457"
9.271213,SEND,1466,14.674,,200.000,1491968,
9.271409,SEND,1467,14.674,,200.000,1491968,
9.271588,SEND,1468,14.674,,200.000,1491968,
9.271759,SEND,1469,14.674,,200.000,1491968,
9.271927,SEND,1470,14.674,,200.000,1491968,
9.294714,ACK,1458,14.742,,,1492992,"cum ack, base->1458"
9.295390,SEND,1471,14.742,,200.000,1492992,
9.310979,ACK,1459,14.810,,,1494016,"cum ack, base->1459"
9.313515,SEND,1472,14.810,,200.000,1494016,
9.314942,ACK,1460,14.877,,,1495040,"cum ack, base->1460"
9.315014,ACK,1461,14.945,,,1496064,"cum ack, base->1461"
9.316715,SEND,1473,14.945,,200.000,1496064,
9.317040,SEND,1474,14.945,,200.000,1496064,
9.317443,ACK,1462,15.012,,,1497088,"cum ack, base->1462"
9.317509,ACK,1463,15.078,,,1498112,"cum ack, base->1463"
9.317552,ACK,1464,15.145,,,1499136,"cum ack, base->1464"
9.317593,ACK,1465,15.211,,,1500160,"cum ack, base->1465"
9.317632,ACK,1466,15.276,,,1501184,"cum ack, base->1466"
9.317669,ACK,1467,15.342,,,1502208,"cum ack, base->1467"
9.317750,ACK,1468,15.407,,,1503232,"cum ack, base->1468"
9.319546,ACK,1469,15.472,,,1504256,"cum ack, base->1469"
9.319861,SEND,1475,15.472,,200.000,1504256,
9.320825,SEND,1476,15.472,,200.000,1504256,
9.321287,SEND,1477,15.472,,200.000,1504256,
9.321566,SEND,1478,15.472,,200.000,1504256,
9.321838,SEND,1479,15.472,,200.000,1504256,
9.322090,SEND,1480,15.472,,200.000,1504256,
9.322299,SEND,1481,15.472,,200.000,1504256,
9.322626,SEND,1482,15.472,,200.000,1504256,
9.322859,SEND,1483,15.472,,200.000,1504256,
9.322961,ACK,1470,15.536,,,1505280,"cum ack, base->1470"
9.323012,ACK,1471,15.601,,,1506304,"cum ack, base->1471"
9.325628,SEND,1484,15.601,,200.000,1506304,
9.325856,SEND,1485,15.601,,200.000,1506304,
9.332564,ACK,1472,15.665,,,1507328,"cum ack, base->1472"
9.333462,SEND,1486,15.665,,200.000,1507328,
9.338635,STATS,-1,15.665,,200.000,1507328,base=1472 next=1487
9.351691,ACK,1473,15.729,,,1508352,"cum ack, base->1473"
9.352107,SEND,1487,15.729,,200.000,1508352,
9.368119,ACK,1474,15.792,,,1509376,"cum ack, base->1474"
9.368256,ACK,1475,15.856,,,1510400,"cum ack, base->1475"
9.368312,ACK,1476,15.919,,,1511424,"cum ack, base->1476"
9.368363,ACK,1477,15.982,,,1512448,"cum ack, base->1477"
9.368413,ACK,1478,16.044,,,1513472,"cum ack, base->1478"
9.368465,ACK,1479,16.106,,,1514496,"cum ack, base->1479"
9.368513,ACK,1480,16.169,,,1515520,"cum ack, base->1480"
9.368560,ACK,1481,16.230,,,1516544,"cum ack, base->1481"
9.368615,ACK,1482,16.292,,,1517568,"cum ack, base->1482"
9.368662,ACK,1483,16.353,,,1518592,"cum ack, base->1483"
9.370651,SEND,1488,16.353,,200.000,1518592,
9.370940,SEND,1489,16.353,,200.000,1518592,
9.371217,SEND,1490,16.353,,200.000,1518592,
9.371478,SEND,1491,16.353,,200.000,1518592,
9.371940,SEND,1492,16.353,,200.000,1518592,
9.372220,SEND,1493,16.353,,200.000,1518592,
9.372484,SEND,1494,16.353,,200.000,1518592,
9.372746,SEND,1495,16.353,,200.000,1518592,
9.373030,SEND,1496,16.353,,200.000,1518592,
9.373441,SEND,1497,16.353,,200.000,1518592,
9.373677,SEND,1498,16.353,,200.000,1518592,
9.373867,NAK,1483,16.353,,,1518592,
9.373910,FASTRETX,1483,14.536,,200.000,1518592,nak
9.374001,DUPACK,1483,14.536,,,1518592,
9.374070,NAK,1483,14.536,,,1518592,
9.374105,NAK,1483,14.536,,,1518592,
9.374139,DUPACK,1483,14.536,,,1518592,
9.376496,RETX,1483,14.536,,200.000,1518592,
9.376728,RETX,1484,14.536,,200.000,1518592,
9.376933,RETX,1485,14.536,,200.000,1518592,
9.377148,RETX,1486,14.536,,200.000,1518592,
9.377352,RETX,1487,14.536,,200.000,1518592,
9.377555,RETX,1488,14.536,,200.000,1518592,
9.377758,RETX,1489,14.536,,200.000,1518592,
9.377969,RETX,1490,14.536,,200.000,1518592,
9.378176,RETX,1491,14.536,,200.000,1518592,
9.378377,RETX,1492,14.536,,200.000,1518592,
9.378641,RETX,1493,14.536,,200.000,1518592,
9.378871,RETX,1494,14.536,,200.000,1518592,
9.379242,RETX,1495,14.536,,200.000,1518592,
9.379466,RETX,1496,14.536,,200.000,1518592,
9.395476,NAK,1483,14.536,,,1518592,
9.395632,DUPACK,1483,14.536,,,1518592,
9.421174,NAK,1483,14.536,,,1518592,
9.423345,DUPACK,1483,14.536,,,1518592,
9.423461,NAK,1483,14.536,,,1518592,
9.423531,DUPACK,1483,14.536,,,1518592,
9.423597,NAK,1483,14.536,,,1518592,
9.423638,DUPACK,1483,14.536,,,1518592,
9.423668,NAK,1483,14.536,,,1518592,
9.423695,DUPACK,1483,14.536,,,1518592,
9.423720,NAK,1483,14.536,,,1518592,
9.423746,DUPACK,1483,14.536,,,1518592,
9.423776,NAK,1483,14.536,,,1518592,
9.423801,DUPACK,1483,14.536,,,1518592,
9.423826,NAK,1483,14.536,,,1518592,
9.423851,DUPACK,1483,14.536,,,1518592,
9.424496,NAK,1483,14.536,,,1518592,
9.424541,DUPACK,1483,14.536,,,1518592,
9.424594,NAK,1483,14.536,,,1518592,
9.424638,DUPACK,1483,14.536,,,1518592,
9.424667,NAK,1483,14.536,,,1518592,
9.424693,DUPACK,1483,14.536,,,1518592,
9.424737,ACK,1484,14.605,,,1519616,"cum ack, base->1484"
9.426362,RETX,1497,14.605,,200.000,1519616,
9.426670,ACK,1485,14.674,,,1520640,"cum ack, base->1485"
9.427367,ACK,1486,14.742,,,1521664,"cum ack, base->1486"
9.427424,ACK,1488,14.877,,,1523712,"cum ack, base->1488"
9.427460,ACK,1489,14.944,,,1524736,"cum ack, base->1489"
9.427493,ACK,1490,15.011,,,1525760,"cum ack, base->1490"
9.427525,ACK,1491,15.078,,,1526784,"cum ack, base->1491"
9.427585,ACK,1493,15.210,,,1528832,"cum ack, base->1493"
9.429147,RETX,1498,15.210,,200.000,1528832,
9.429412,SEND,1499,15.210,,200.000,1528832,
9.429622,SEND,1500,15.210,,200.000,1528832,
9.429844,SEND,1501,15.210,,200.000,1528832,
9.430022,SEND,1502,15.210,,200.000,1528832,
9.430194,SEND,1503,15.210,,200.000,1528832,
9.430362,SEND,1504,15.210,,200.000,1528832,
9.430535,SEND,1505,15.210,,200.000,1528832,
9.430703,SEND,1506,15.210,,200.000,1528832,
9.430872,SEND,1507,15.210,,200.000,1528832,
9.433592,ACK,1494,15.276,,,1529856,"cum ack, base->1494"
9.433719,ACK,1495,15.341,,,1530880,"cum ack, base->1495"
9.434150,SEND,1508,15.341,,200.000,1530880,
9.434570,SEND,1509,15.341,,200.000,1530880,
9.434748,ACK,1496,15.407,,,1531904,"cum ack, base->1496"
9.434802,ACK,1497,15.472,,,1532928,"cum ack, base->1497"
9.437432,SEND,1510,15.472,,200.000,1532928,
9.437810,SEND,1511,15.472,,200.000,1532928,
9.440117,STATS,-1,15.472,,200.000,1532928,base=1497 next=1512
9.478399,ACK,1498,15.536,,,1533952,"cum ack, base->1498"
9.478469,ACK,1500,15.665,,,1536000,"cum ack, base->1500"
9.478504,ACK,1501,15.728,,,1537024,"cum ack, base->1501"
9.478536,ACK,1502,15.792,,,1538048,"cum ack, base->1502"
9.478568,ACK,1503,15.855,,,1539072,"cum ack, base->1503"
9.479235,SEND,1512,15.855,,200.000,1539072,
9.479415,SEND,1513,15.855,,200.000,1539072,
9.479588,SEND,1514,15.855,,200.000,1539072,
9.479887,SEND,1515,15.855,,200.000,1539072,
9.480121,SEND,1516,15.855,,200.000,1539072,
9.480291,SEND,1517,15.855,,200.000,1539072,
9.480363,ACK,1504,15.918,,,1540096,"cum ack, base->1504"
9.480450,ACK,1505,15.981,,,1541120,"cum ack, base->1505"
9.480504,ACK,1506,16.044,,,1542144,"cum ack, base->1506"
9.483428,SEND,1518,16.044,,200.000,1542144,
9.483621,SEND,1519,16.044,,200.000,1542144,
9.483790,SEND,1520,16.044,,200.000,1542144,
9.484421,SEND,1521,16.044,,200.000,1542144,
9.484634,ACK,1507,16.106,,,1543168,"cum ack, base->1507"
9.484733,ACK,1508,16.168,,,1544192,"cum ack, base->1508"
9.484770,ACK,1509,16.230,,,1545216,"cum ack, base->1509"
9.484804,ACK,1510,16.292,,,1546240,"cum ack, base->1510"
9.486748,ACK,1511,16.353,,,1547264,"cum ack, base->1511"
9.487458,SEND,1522,16.353,,200.000,1547264,
9.487642,SEND,1523,16.353,,200.000,1547264,
9.487812,SEND,1524,16.353,,200.000,1547264,
9.487985,SEND,1525,16.353,,200.000,1547264,
9.488154,SEND,1526,16.353,,200.000,1547264,
9.488314,ACK,1512,16.414,,,1548288,"cum ack, base->1512"
9.490985,SEND,1527,16.414,,200.000,1548288,
9.524432,ACK,1513,16.475,,,1549312,"cum ack, base->1513"
9.524558,ACK,1514,16.536,,,1550336,"cum ack, base->1514"
9.524622,ACK,1515,16.596,,,1551360,"cum ack, base->1515"
9.524673,ACK,1516,16.657,,,1552384,"cum ack, base->1516"
9.526437,SEND,1528,16.657,,200.000,1552384,
9.526672,SEND,1529,16.657,,200.000,1552384,
9.526878,SEND,1530,16.657,,200.000,1552384,
9.527176,SEND,1531,16.657,,200.000,1552384,
9.532222,ACK,1517,16.717,,,1553408,"cum ack, base->1517"
9.532474,ACK,1518,16.776,,,1554432,"cum ack, base->1518"
9.532722,SEND,1532,16.776,,200.000,1554432,
9.532899,SEND,1533,16.776,,200.000,1554432,
9.532955,ACK,1519,16.836,,,1555456,"cum ack, base->1519"
9.533018,ACK,1520,16.895,,,1556480,"cum ack, base->1520"
9.533052,ACK,1521,16.955,,,1557504,"cum ack, base->1521"
9.533085,ACK,1523,17.072,,,1559552,"cum ack, base->1523"
9.536149,SEND,1534,17.072,,200.000,1559552,
9.536555,SEND,1535,17.072,,200.000,1559552,
9.537045,SEND,1536,17.072,,200.000,1559552,
9.537280,SEND,1537,17.072,,200.000,1559552,
9.537457,SEND,1538,17.072,,200.000,1559552,
9.537636,SEND,1539,17.072,,200.000,1559552,
9.537765,ACK,1524,17.131,,,1560576,"cum ack, base->1524"
9.537818,ACK,1525,17.189,,,1561600,"cum ack, base->1525"
9.538328,ACK,1526,17.248,,,1562624,"cum ack, base->1526"
9.538422,ACK,1527,17.306,,,1563648,"cum ack, base->1527"
9.538454,ACK,1528,17.363,,,1564672,"cum ack, base->1528"
9.540601,SEND,1540,17.363,,200.000,1564672,
9.540950,SEND,1541,17.363,,200.000,1564672,
9.541179,SEND,1542,17.363,,200.000,1564672,
9.541467,SEND,1543,17.363,,200.000,1564672,
9.541678,SEND,1544,17.363,,200.000,1564672,
9.541692,STATS,-1,17.363,,200.000,1564672,base=1528 next=1545
9.567873,ACK,1529,17.421,,,1565696,"cum ack, base->1529"
9.568496,ACK,1530,17.478,,,1566720,"cum ack, base->1530"
9.569227,SEND,1545,17.478,,200.000,1566720,
9.569754,SEND,1546,17.478,,200.000,1566720,
9.575891,ACK,1531,17.536,,,1567744,"cum ack, base->1531"
9.577016,SEND,1547,17.536,,200.000,1567744,
9.577146,ACK,1532,17.593,,,1568768,"cum ack, base->1532"
9.577219,ACK,1533,17.649,,,1569792,"cum ack, base->1533"
9.579631,SEND,1548,17.649,,200.000,1569792,
9.579818,SEND,1549,17.649,,200.000,1569792,
9.581526,ACK,1534,17.706,,,1570816,"cum ack, base->1534"
9.581639,ACK,1535,17.763,,,1571840,"cum ack, base->1535"
9.581677,ACK,1536,17.819,,,1572864,"cum ack, base->1536"
9.581709,ACK,1537,17.875,,,1573888,"cum ack, base->1537"
9.581802,ACK,1538,17.931,,,1574912,"cum ack, base->1538"
9.582671,SEND,1550,17.931,,200.000,1574912,
9.582975,SEND,1551,17.931,,200.000,1574912,
9.583273,SEND,1552,17.931,,200.000,1574912,
9.583449,SEND,1553,17.931,,200.000,1574912,
9.583619,SEND,1554,17.931,,200.000,1574912,
9.586714,ACK,1539,17.987,,,1575936,"cum ack, base->1539"
9.586781,ACK,1540,18.042,,,1576960,"cum ack, base->1540"
9.586819,ACK,1541,18.098,,,1577984,"cum ack, base->1541"
9.589285,SEND,1555,18.098,,200.000,1577984,
9.589582,SEND,1556,18.098,,200.000,1577984,
9.589846,SEND,1557,18.098,,200.000,1577984,
9.590109,SEND,1558,18.098,,200.000,1577984,
9.592047,ACK,1542,18.153,,,1579008,"cum ack, base->1542"
9.592113,ACK,1543,18.208,,,1580032,"cum ack, base->1543"
9.592150,ACK,1544,18.263,,,1581056,"cum ack, base->1544"
9.592183,ACK,1545,18.318,,,1582080,"cum ack, base->1545"
9.592932,SEND,1559,18.318,,200.000,1582080,
9.593151,SEND,1560,18.318,,200.000,1582080,
9.593332,SEND,1561,18.318,,200.000,1582080,
9.593501,SEND,1562,18.318,,200.000,1582080,
9.620219,ACK,1546,18.372,,,1583104,"cum ack, base->1546"
9.622950,SEND,1563,18.372,,200.000,1583104,
9.623271,ACK,1548,18.481,,,1585152,"cum ack, base->1548"
9.625449,SEND,1564,18.481,,200.000,1585152,
9.625678,SEND,1565,18.481,,200.000,1585152,
9.630147,ACK,1549,18.535,,,1586176,"cum ack, base->1549"
9.630236,ACK,1550,18.589,,,1587200,"cum ack, base->1550"
9.630956,SEND,1566,18.589,,200.000,1587200,
9.631810,SEND,1567,18.589,,200.000,1587200,
9.634703,ACK,1551,18.643,,,1588224,"cum ack, base->1551"
9.634795,ACK,1552,18.696,,,1589248,"cum ack, base->1552"
9.634849,ACK,1553,18.750,,,1590272,"cum ack, base->1553"
9.634908,ACK,1555,18.856,,,1592320,"cum ack, base->1555"
9.634956,ACK,1556,18.910,,,1593344,"cum ack, base->1556"
9.635004,ACK,1557,18.962,,,1594368,"cum ack, base->1557"
9.635052,ACK,1558,19.015,,,1595392,"cum ack, base->1558"
9.635105,ACK,1559,19.068,,,1596416,"cum ack, base->1559"
9.636973,SEND,1568,19.068,,200.000,1596416,
9.637782,SEND,1569,19.068,,200.000,1596416,
9.638434,SEND,1570,19.068,,200.000,1596416,
9.638696,SEND,1571,19.068,,200.000,1596416,
9.638956,SEND,1572,19.068,,200.000,1596416,
9.639243,SEND,1573,19.068,,200.000,1596416,
9.639616,SEND,1574,19.068,,200.000,1596416,
9.639893,SEND,1575,19.068,,200.000,1596416,
9.640217,SEND,1576,19.068,,200.000,1596416,
9.640430,SEND,1577,19.068,,200.000,1596416,
9.643005,STATS,-1,19.068,,200.000,1596416,base=1559 next=1578
9.646893,ACK,1560,19.120,,,1597440,"cum ack, base->1560"
9.646966,ACK,1561,19.172,,,1598464,"cum ack, base->1561"
9.647229,ACK,1562,19.225,,,1599488,"cum ack, base->1562"
9.647285,ACK,1563,19.277,,,1600512,"cum ack, base->1563"
9.648593,SEND,1578,19.277,,200.000,1600512,
9.649362,SEND,1579,19.277,,200.000,1600512,
9.649639,SEND,1580,19.277,,200.000,1600512,
9.649978,SEND,1581,19.277,,200.000,1600512,
9.663398,ACK,1564,19.329,,,1601536,"cum ack, base->1564"
9.663628,ACK,1565,19.380,,,1602560,"cum ack, base->1565"
9.665419,SEND,1582,19.380,,200.000,1602560,
9.665727,SEND,1583,19.380,,200.000,1602560,
9.672549,ACK,1566,19.432,,,1603584,"cum ack, base->1566"
9.672598,NAK,1566,19.432,,,1603584,
9.672613,FASTRETX,1566,17.273,,200.000,1603584,nak
9.672646,DUPACK,1566,17.273,,,1603584,
9.675000,RETX,1566,17.273,,200.000,1603584,
9.675245,RETX,1567,17.273,,200.000,1603584,
9.675474,RETX,1568,17.273,,200.000,1603584,
9.675700,RETX,1569,17.273,,200.000,1603584,
9.675925,RETX,1570,17.273,,200.000,1603584,
9.676153,RETX,1571,17.273,,200.000,1603584,
9.676379,RETX,1572,17.273,,200.000,1603584,
9.676605,RETX,1573,17.273,,200.000,1603584,
9.676831,RETX,1574,17.273,,200.000,1603584,
9.677060,RETX,1575,17.273,,200.000,1603584,
9.677288,RETX,1576,17.273,,200.000,1603584,
9.677514,RETX,1577,17.273,,200.000,1603584,
9.677738,RETX,1578,17.273,,200.000,1603584,
9.677962,RETX,1579,17.273,,200.000,1603584,
9.678187,RETX,1580,17.273,,200.000,1603584,
9.678414,RETX,1581,17.273,,200.000,1603584,
9.678637,RETX,1582,17.273,,200.000,1603584,
9.690441,NAK,1566,17.273,,,1603584,
9.690777,DUPACK,1566,17.273,,,1603584,
9.691356,NAK,1566,17.273,,,1603584,
9.691402,DUPACK,1566,17.273,,,1603584,
9.691439,NAK,1566,17.273,,,1603584,
9.691473,DUPACK,1566,17.273,,,1603584,
9.691500,NAK,1566,17.273,,,1603584,
9.691527,DUPACK,1566,17.273,,,1603584,
9.691562,NAK,1566,17.273,,,1603584,
9.691588,DUPACK,1566,17.273,,,1603584,
9.691612,NAK,1566,17.273,,,1603584,
9.691637,DUPACK,1566,17.273,,,1603584,
9.691716,NAK,1566,17.273,,,1603584,
9.691748,NAK,1566,17.273,,,1603584,
9.691779,DUPACK,1566,17.273,,,1603584,
9.691803,NAK,1566,17.273,,,1603584,
9.691845,DUPACK,1566,17.273,,,1603584,
9.696331,NAK,1566,17.273,,,1603584,
9.696363,DUPACK,1566,17.273,,,1603584,
9.696392,NAK,1566,17.273,,,1603584,
9.696418,DUPACK,1566,17.273,,,1603584,
9.696443,NAK,1566,17.273,,,1603584,
9.696469,DUPACK,1566,17.273,,,1603584,
9.696495,NAK,1566,17.273,,,1603584,
9.696520,DUPACK,1566,17.273,,,1603584,
9.696544,NAK,1566,17.273,,,1603584,
9.698093,DUPACK,1566,17.273,,,1603584,
9.711982,NAK,1566,17.273,,,1603584,
9.712016,DUPACK,1566,17.273,,,1603584,
9.715563,DUPACK,1566,17.273,,,1603584,
9.718853,ACK,1567,17.331,,,1604608,"cum ack, base->1567"
9.719185,RETX,1583,17.331,,200.000,1604608,
9.723096,ACK,1568,17.388,,,1605632,"cum ack, base->1568"
9.723174,ACK,1569,17.446,,,1606656,"cum ack, base->1569"
9.723435,ACK,1570,17.503,,,1607680,"cum ack, base->1570"
9.724559,SEND,1584,17.503,,200.000,1607680,
9.724787,SEND,1585,17.503,,200.000,1607680,
9.725002,SEND,1586,17.503,,200.000,1607680,
9.726321,ACK,1571,17.560,,,1608704,"cum ack, base->1571"
9.726384,ACK,1572,17.617,,,1609728,"cum ack, base->1572"
9.726424,ACK,1573,17.674,,,1610752,"cum ack, base->1573"
9.726463,ACK,1574,17.731,,,1611776,"cum ack, base->1574"
9.726500,ACK,1575,17.787,,,1612800,"cum ack, base->1575"
9.726539,ACK,1576,17.843,,,1613824,"cum ack, base->1576"
9.726824,ACK,1577,17.899,,,1614848,"cum ack, base->1577"
9.726878,ACK,1578,17.955,,,1615872,"cum ack, base->1578"
9.726919,ACK,1579,18.011,,,1616896,"cum ack, base->1579"
9.727841,SEND,1587,18.011,,200.000,1616896,
9.728062,SEND,1588,18.011,,200.000,1616896,
9.728446,SEND,1589,18.011,,200.000,1616896,
9.728702,SEND,1590,18.011,,200.000,1616896,
9.728960,SEND,1591,18.011,,200.000,1616896,
9.729228,SEND,1592,18.011,,200.000,1616896,
9.729444,SEND,1593,18.011,,200.000,1616896,
9.729711,SEND,1594,18.011,,200.000,1616896,
9.729921,SEND,1595,18.011,,200.000,1616896,
9.730306,SEND,1596,18.011,,200.000,1616896,
9.731453,ACK,1580,18.066,,,1617920,"cum ack, base->1580"
9.731514,ACK,1581,18.122,,,1618944,"cum ack, base->1581"
9.731552,ACK,1582,18.177,,,1619968,"cum ack, base->1582"
9.731681,ACK,1583,18.232,,,1620992,"cum ack, base->1583"
9.733156,SEND,1597,18.232,,200.000,1620992,
9.733622,SEND,1598,18.232,,200.000,1620992,
9.733800,SEND,1599,18.232,,200.000,1620992,
9.734088,SEND,1600,18.232,,200.000,1620992,
9.743725,STATS,-1,18.232,,200.000,1620992,base=1583 next=1601
9.772818,NAK,1583,18.232,,,1620992,
9.772827,FASTRETX,1583,18.232,,200.000,1620992,nak
9.772844,DUPACK,1583,18.232,,,1620992,
9.775495,RETX,1583,18.232,,200.000,1620992,
9.775686,RETX,1584,18.232,,200.000,1620992,
9.775858,RETX,1585,18.232,,200.000,1620992,
9.776028,RETX,1586,18.232,,200.000,1620992,
9.776198,RETX,1587,18.232,,200.000,1620992,
9.776368,RETX,1588,18.232,,200.000,1620992,
9.776535,RETX,1589,18.232,,200.000,1620992,
9.776704,RETX,1590,18.232,,200.000,1620992,
9.776879,RETX,1591,18.232,,200.000,1620992,
9.777051,RETX,1592,18.232,,200.000,1620992,
9.777225,RETX,1593,18.232,,200.000,1620992,
9.777397,RETX,1594,18.232,,200.000,1620992,
9.777566,RETX,1595,18.232,,200.000,1620992,
9.777759,RETX,1596,18.232,,200.000,1620992,
9.777875,RETX,1597,18.232,,200.000,1620992,
9.777984,RETX,1598,18.232,,200.000,1620992,
9.778092,RETX,1599,18.232,,200.000,1620992,
9.778201,RETX,1600,18.232,,200.000,1620992,
9.781023,NAK,1583,18.232,,,1620992,
9.781042,DUPACK,1583,18.232,,,1620992,
9.781061,NAK,1583,18.232,,,1620992,
9.781076,DUPACK,1583,18.232,,,1620992,
9.781092,NAK,1583,18.232,,,1620992,
9.781105,DUPACK,1583,18.232,,,1620992,
9.781117,DUPACK,1583,18.232,,,1620992,
9.781129,NAK,1583,18.232,,,1620992,
9.781141,DUPACK,1583,18.232,,,1620992,
9.781154,NAK,1583,18.232,,,1620992,
9.781409,DUPACK,1583,18.232,,,1620992,
9.781423,NAK,1583,18.232,,,1620992,
9.781435,DUPACK,1583,18.232,,,1620992,
9.781448,NAK,1583,18.232,,,1620992,
9.781460,DUPACK,1583,18.232,,,1620992,
9.781472,NAK,1583,18.232,,,1620992,
9.782103,DUPACK,1583,18.232,,,1620992,
9.782127,NAK,1583,18.232,,,1620992,
9.782148,DUPACK,1583,18.232,,,1620992,
9.782163,NAK,1583,18.232,,,1620992,
9.782177,DUPACK,1583,18.232,,,1620992,
9.782190,NAK,1583,18.232,,,1620992,
9.782203,DUPACK,1583,18.232,,,1620992,
9.782215,DUPACK,1583,18.232,,,1620992,
9.782228,NAK,1583,18.232,,,1620992,
9.782240,DUPACK,1583,18.232,,,1620992,
9.782251,DUPACK,1583,18.232,,,1620992,
9.782265,NAK,1583,18.232,,,1620992,
9.785585,DUPACK,1583,18.232,,,1620992,
9.817732,ACK,1584,18.287,,,1622016,"cum ack, base->1584"
9.821778,SEND,1601,18.287,,200.000,1622016,
9.827529,ACK,1585,18.341,,,1623040,"cum ack, base->1585"
9.827615,ACK,1586,18.396,,,1624064,"cum ack, base->1586"
9.827659,ACK,1587,18.450,,,1625088,"cum ack, base->1587"
9.827700,ACK,1588,18.505,,,1626112,"cum ack, base->1588"
9.827739,ACK,1589,18.559,,,1627136,"cum ack, base->1589"
9.827778,ACK,1590,18.612,,,1628160,"cum ack, base->1590"
9.827817,ACK,1591,18.666,,,1629184,"cum ack, base->1591"
9.828022,ACK,1592,18.720,,,1630208,"cum ack, base->1592"
9.828728,ACK,1593,18.773,,,1631232,"cum ack, base->1593"
9.828820,ACK,1594,18.826,,,1632256,"cum ack, base->1594"
9.828929,ACK,1595,18.880,,,1633280,"cum ack, base->1595"
9.828979,ACK,1596,18.933,,,1634304,"cum ack, base->1596"
9.829020,ACK,1597,18.985,,,1635328,"cum ack, base->1597"
9.829302,SEND,1602,18.985,,200.000,1635328,
9.829513,SEND,1603,18.985,,200.000,1635328,
9.829718,SEND,1604,18.985,,200.000,1635328,
9.829932,SEND,1605,18.985,,200.000,1635328,
9.830135,SEND,1606,18.985,,200.000,1635328,
9.830462,SEND,1607,18.985,,200.000,1635328,
9.830698,SEND,1608,18.985,,200.000,1635328,
9.830927,SEND,1609,18.985,,200.000,1635328,
9.831154,SEND,1610,18.985,,200.000,1635328,
9.831380,SEND,1611,18.985,,200.000,1635328,
9.831606,SEND,1612,18.985,,200.000,1635328,
9.831831,SEND,1613,18.985,,200.000,1635328,
9.832055,SEND,1614,18.985,,200.000,1635328,
9.832156,ACK,1599,19.091,,,1637376,"cum ack, base->1599"
9.832205,ACK,1600,19.143,,,1638400,"cum ack, base->1600"
9.832240,ACK,1601,19.195,,,1639424,"cum ack, base->1601"
9.834821,SEND,1615,19.195,,200.000,1639424,
9.835049,SEND,1616,19.195,,200.000,1639424,
9.835273,SEND,1617,19.195,,200.000,1639424,
9.835496,SEND,1618,19.195,,200.000,1639424,
9.835719,SEND,1619,19.195,,200.000,1639424,
9.845515,STATS,-1,19.195,,200.000,1639424,base=1601 next=1620
9.854853,ACK,1602,19.247,,,1640448,"cum ack, base->1602"
9.855873,SEND,1620,19.247,,200.000,1640448,
9.873992,ACK,1603,19.299,,,1641472,"cum ack, base->1603"
9.875998,SEND,1621,19.299,,200.000,1641472,
9.879583,ACK,1604,19.351,,,1642496,"cum ack, base->1604"
9.879691,ACK,1606,19.454,,,1644544,"cum ack, base->1606"
9.879738,ACK,1607,19.506,,,1645568,"cum ack, base->1607"
9.879777,ACK,1608,19.557,,,1646592,"cum ack, base->1608"
9.879815,ACK,1609,19.608,,,1647616,"cum ack, base->1609"
9.879853,ACK,1611,19.710,,,1649664,"cum ack, base->1611"
9.881439,SEND,1622,19.710,,200.000,1649664,
9.881800,SEND,1623,19.710,,200.000,1649664,
9.882064,SEND,1624,19.710,,200.000,1649664,
9.882302,SEND,1625,19.710,,200.000,1649664,
9.882558,SEND,1626,19.710,,200.000,1649664,
9.883022,SEND,1627,19.710,,200.000,1649664,
9.883336,SEND,1628,19.710,,200.000,1649664,
9.883613,SEND,1629,19.710,,200.000,1649664,
9.885784,ACK,1612,19.761,,,1650688,"cum ack, base->1612"
9.885928,ACK,1613,19.811,,,1651712,"cum ack, base->1613"
9.885983,ACK,1614,19.862,,,1652736,"cum ack, base->1614"
9.886022,ACK,1616,19.962,,,1654784,"cum ack, base->1616"
9.886058,ACK,1617,20.012,,,1655808,"cum ack, base->1617"
9.886860,SEND,1630,20.012,,200.000,1655808,
9.887059,SEND,1631,20.012,,200.000,1655808,
9.887327,SEND,1632,20.012,,200.000,1655808,
9.887625,SEND,1633,20.012,,200.000,1655808,
9.887858,SEND,1634,20.012,,200.000,1655808,
9.888085,SEND,1635,20.012,,200.000,1655808,
9.888309,SEND,1636,20.012,,200.000,1655808,
9.888385,ACK,1618,20.062,,,1656832,"cum ack, base->1618"
9.888426,ACK,1619,20.112,,,1657856,"cum ack, base->1619"
9.888458,ACK,1620,20.162,,,1658880,"cum ack, base->1620"
9.891073,SEND,1637,20.162,,200.000,1658880,
9.891303,SEND,1638,20.162,,200.000,1658880,
9.891536,SEND,1639,20.162,,200.000,1658880,
9.904803,ACK,1621,20.212,,,1659904,"cum ack, base->1621"
9.906796,SEND,1640,20.212,,200.000,1659904,
9.919634,ACK,1622,20.261,,,1660928,"cum ack, base->1622"
9.922229,SEND,1641,20.261,,200.000,1660928,
9.924658,ACK,1623,20.310,,,1661952,"cum ack, base->1623"
9.924695,ACK,1624,20.360,,,1662976,"cum ack, base->1624"
9.924729,ACK,1626,20.458,,,1665024,"cum ack, base->1626"
9.925093,SEND,1642,20.458,,200.000,1665024,
9.925301,SEND,1643,20.458,,200.000,1665024,
9.925477,SEND,1644,20.458,,200.000,1665024,
9.925646,SEND,1645,20.458,,200.000,1665024,
9.931931,ACK,1627,20.507,,,1666048,"cum ack, base->1627"
9.931995,ACK,1629,20.604,,,1668096,"cum ack, base->1629"
9.932095,ACK,1630,20.653,,,1669120,"cum ack, base->1630"
9.935646,SEND,1646,20.653,,200.000,1669120,
9.935887,SEND,1647,20.653,,200.000,1669120,
9.936121,SEND,1648,20.653,,200.000,1669120,
9.936395,SEND,1649,20.653,,200.000,1669120,
9.936533,ACK,1632,20.749,,,1671168,"cum ack, base->1632"
9.936638,ACK,1633,20.797,,,1672192,"cum ack, base->1633"
9.936689,ACK,1634,20.846,,,1673216,"cum ack, base->1634"
9.938586,ACK,1635,20.894,,,1674240,"cum ack, base->1635"
9.938637,ACK,1636,20.941,,,1675264,"cum ack, base->1636"
9.938675,ACK,1637,20.989,,,1676288,"cum ack, base->1637"
9.938712,ACK,1638,21.037,,,1677312,"cum ack, base->1638"
9.938987,SEND,1650,21.037,,200.000,1677312,
9.939223,SEND,1651,21.037,,200.000,1677312,
9.939450,SEND,1652,21.037,,200.000,1677312,
9.939677,SEND,1653,21.037,,200.000,1677312,
9.939907,SEND,1654,21.037,,200.000,1677312,
9.940135,SEND,1655,21.037,,200.000,1677312,
9.940380,SEND,1656,21.037,,200.000,1677312,
9.940606,SEND,1657,21.037,,200.000,1677312,
9.940833,SEND,1658,21.037,,200.000,1677312,
9.940895,ACK,1640,21.132,,,1679360,"cum ack, base->1640"
9.943594,SEND,1659,21.132,,200.000,1679360,
9.943821,SEND,1660,21.132,,200.000,1679360,
9.945623,ACK,1641,21.179,,,1680384,"cum ack, base->1641"
9.946094,SEND,1661,21.179,,200.000,1680384,
9.946110,STATS,-1,21.179,,200.000,1680384,base=1641 next=1662
9.969122,ACK,1642,21.226,,,1681408,"cum ack, base->1642"
9.969271,ACK,1643,21.273,,,1682432,"cum ack, base->1643"
9.969310,ACK,1644,21.320,,,1683456,"cum ack, base->1644"
9.969342,ACK,1645,21.367,,,1684480,"cum ack, base->1645"
9.971414,SEND,1662,21.367,,200.000,1684480,
9.971600,SEND,1663,21.367,,200.000,1684480,
9.971771,SEND,1664,21.367,,200.000,1684480,
9.971940,SEND,1665,21.367,,200.000,1684480,
9.983970,NAK,1645,21.367,,,1684480,
9.984019,FASTRETX,1645,18.993,,200.000,1684480,nak
9.984177,NAK,1645,18.993,,,1684480,
9.985623,RETX,1645,18.993,,200.000,1684480,
9.985876,RETX,1646,18.993,,200.000,1684480,
9.986130,RETX,1647,18.993,,200.000,1684480,
9.986612,RETX,1648,18.993,,200.000,1684480,
9.987126,RETX,1649,18.993,,200.000,1684480,
9.987468,RETX,1650,18.993,,200.000,1684480,
9.987979,RETX,1651,18.993,,200.000,1684480,
9.988189,RETX,1652,18.993,,200.000,1684480,
9.988384,RETX,1653,18.993,,200.000,1684480,
9.988695,RETX,1654,18.993,,200.000,1684480,
9.988871,RETX,1655,18.993,,200.000,1684480,
9.989041,RETX,1656,18.993,,200.000,1684480,
9.989264,RETX,1657,18.993,,200.000,1684480,
9.989573,RETX,1658,18.993,,200.000,1684480,
9.989826,RETX,1659,18.993,,200.000,1684480,
9.990076,RETX,1660,18.993,,200.000,1684480,
9.990324,RETX,1661,18.993,,200.000,1684480,
9.990551,RETX,1662,18.993,,200.000,1684480,
9.990578,DUPACK,1645,18.993,,,1684480,
9.990647,NAK,1645,18.993,,,1684480,
9.990686,DUPACK,1645,18.993,,,1684480,
9.990713,NAK,1645,18.993,,,1684480,
9.990740,DUPACK,1645,18.993,,,1684480,
9.990767,NAK,1645,18.993,,,1684480,
9.990793,DUPACK,1645,18.993,,,1684480,
9.990819,NAK,1645,18.993,,,1684480,
9.990850,DUPACK,1645,18.993,,,1684480,
9.990882,NAK,1645,18.993,,,1684480,
9.990910,DUPACK,1645,18.993,,,1684480,
9.990935,NAK,1645,18.993,,,1684480,
9.990960,DUPACK,1645,18.993,,,1684480,
9.990985,NAK,1645,18.993,,,1684480,
9.991010,DUPACK,1645,18.993,,,1684480,
9.991034,NAK,1645,18.993,,,1684480,
9.991059,DUPACK,1645,18.993,,,1684480,
9.991084,NAK,1645,18.993,,,1684480,
9.991108,DUPACK,1645,18.993,,,1684480,
9.991133,NAK,1645,18.993,,,1684480,
9.991156,DUPACK,1645,18.993,,,1684480,
9.991180,NAK,1645,18.993,,,1684480,
9.991204,NAK,1645,18.993,,,1684480,
9.991228,DUPACK,1645,18.993,,,1684480,
9.991251,NAK,1645,18.993,,,1684480,
9.991270,DUPACK,1645,18.993,,,1684480,
9.997377,NAK,1645,18.993,,,1684480,
9.997412,DUPACK,1645,18.993,,,1684480,
10.020584,NAK,1645,18.993,,,1684480,
10.020619,DUPACK,1645,18.993,,,1684480,
10.020651,NAK,1645,18.993,,,1684480,
10.020700,DUPACK,1645,18.993,,,1684480,
10.020727,NAK,1645,18.993,,,1684480,
10.022051,DUPACK,1645,18.993,,,1684480,
10.024700,ACK,1646,19.046,,,1685504,"cum ack, base->1646"
10.026056,RETX,1663,19.046,,200.000,1685504,
10.026243,RETX,1664,19.046,,200.000,1685504,
10.028103,ACK,1647,19.098,,,1686528,"cum ack, base->1647"
10.028880,RETX,1665,19.098,,200.000,1686528,
10.031501,ACK,1649,19.203,,,1688576,"cum ack, base->1649"
10.031617,ACK,1650,19.255,,,1689600,"cum ack, base->1650"
10.031707,ACK,1651,19.307,,,1690624,"cum ack, base->1651"
10.031763,ACK,1652,19.359,,,1691648,"cum ack, base->1652"
10.034116,SEND,1666,19.359,,200.000,1691648,
10.034745,SEND,1667,19.359,,200.000,1691648,
10.034988,SEND,1668,19.359,,200.000,1691648,
10.035216,SEND,1669,19.359,,200.000,1691648,
10.035441,SEND,1670,19.359,,200.000,1691648,
10.035525,ACK,1653,19.410,,,1692672,"cum ack, base->1653"
10.035559,NAK,1653,19.410,,,1692672,
10.035569,FASTRETX,1653,19.410,,200.000,1692672,nak
10.035598,DUPACK,1653,19.410,,,1692672,
10.036791,NAK,1653,19.410,,,1692672,
10.038208,RETX,1653,19.410,,200.000,1692672,
10.038445,RETX,1654,19.410,,200.000,1692672,
10.038731,RETX,1655,19.410,,200.000,1692672,
10.039039,RETX,1656,19.410,,200.000,1692672,
10.039214,RETX,1657,19.410,,200.000,1692672,
10.039385,RETX,1658,19.410,,200.000,1692672,
10.039649,RETX,1659,19.410,,200.000,1692672,
10.039955,RETX,1660,19.410,,200.000,1692672,
10.040240,RETX,1661,19.410,,200.000,1692672,
10.040414,RETX,1662,19.410,,200.000,1692672,
10.040678,RETX,1663,19.410,,200.000,1692672,
10.040875,RETX,1664,19.410,,200.000,1692672,
10.041062,RETX,1665,19.410,,200.000,1692672,
10.041240,RETX,1666,19.410,,200.000,1692672,
10.041419,RETX,1667,19.410,,200.000,1692672,
10.041602,RETX,1668,19.410,,200.000,1692672,
10.041783,RETX,1669,19.410,,200.000,1692672,
10.041959,RETX,1670,19.410,,200.000,1692672,
10.042141,SEND,1671,19.410,,200.000,1692672,
10.042212,DUPACK,1653,19.410,,,1692672,
10.042245,NAK,1653,19.410,,,1692672,
10.042268,DUPACK,1653,19.410,,,1692672,
10.042288,NAK,1653,19.410,,,1692672,
10.042309,DUPACK,1653,19.410,,,1692672,
10.042331,NAK,1653,19.410,,,1692672,
10.042350,DUPACK,1653,19.410,,,1692672,
10.042710,NAK,1653,19.410,,,1692672,
10.043536,DUPACK,1653,19.410,,,1692672,
10.043558,NAK,1653,19.410,,,1692672,
10.043578,DUPACK,1653,19.410,,,1692672,
10.043597,NAK,1653,19.410,,,1692672,
10.043617,DUPACK,1653,19.410,,,1692672,
10.047198,STATS,-1,19.410,,200.000,1692672,base=1653 next=1672
10.075023,NAK,1653,19.410,,,1692672,
10.075062,DUPACK,1653,19.410,,,1692672,
10.075090,DUPACK,1653,19.410,,,1692672,
10.075115,NAK,1653,19.410,,,1692672,
10.075140,DUPACK,1653,19.410,,,1692672,
10.075786,NAK,1653,19.410,,,1692672,
10.082248,DUPACK,1653,19.410,,,1692672,
10.084743,NAK,1653,19.410,,,1692672,
10.084776,DUPACK,1653,19.410,,,1692672,
10.084801,NAK,1653,19.410,,,1692672,
10.084826,DUPACK,1653,19.410,,,1692672,
10.088341,NAK,1653,19.410,,,1692672,
10.088416,DUPACK,1653,19.410,,,1692672,
10.088450,NAK,1653,19.410,,,1692672,
10.088486,DUPACK,1653,19.410,,,1692672,
10.088530,ACK,1654,19.462,,,1693696,"cum ack, base->1654"
10.088566,ACK,1655,19.513,,,1694720,"cum ack, base->1655"
10.088597,ACK,1656,19.564,,,1695744,"cum ack, base->1656"
10.090341,SEND,1672,19.564,,200.000,1695744,
10.090532,SEND,1673,19.564,,200.000,1695744,
10.090702,SEND,1674,19.564,,200.000,1695744,
10.092508,ACK,1657,19.616,,,1696768,"cum ack, base->1657"
10.092683,ACK,1658,19.667,,,1697792,"cum ack, base->1658"
10.092740,ACK,1659,19.717,,,1698816,"cum ack, base->1659"
10.092778,ACK,1660,19.768,,,1699840,"cum ack, base->1660"
10.092817,ACK,1661,19.819,,,1700864,"cum ack, base->1661"
10.093427,SEND,1675,19.819,,200.000,1700864,
10.093685,SEND,1676,19.819,,200.000,1700864,
10.093894,SEND,1677,19.819,,200.000,1700864,
10.094144,SEND,1678,19.819,,200.000,1700864,
10.094369,SEND,1679,19.819,,200.000,1700864,
10.094492,ACK,1662,19.869,,,1701888,"cum ack, base->1662"
10.094625,ACK,1663,19.920,,,1702912,"cum ack, base->1663"
10.094669,ACK,1664,19.970,,,1703936,"cum ack, base->1664"
10.094716,ACK,1665,20.020,,,1704960,"cum ack, base->1665"
10.094870,ACK,1666,20.070,,,1705984,"cum ack, base->1666"
10.094910,ACK,1667,20.120,,,1707008,"cum ack, base->1667"
10.094950,ACK,1668,20.169,,,1708032,"cum ack, base->1668"
10.094986,ACK,1669,20.219,,,1709056,"cum ack, base->1669"
10.095025,ACK,1670,20.268,,,1710080,"cum ack, base->1670"
10.096145,NAK,1670,20.268,,,1710080,
10.096161,FASTRETX,1670,18.016,,200.000,1710080,nak
10.096191,DUPACK,1670,18.016,,,1710080,
10.097173,RETX,1670,18.016,,200.000,1710080,
10.097404,RETX,1671,18.016,,200.000,1710080,
10.097631,RETX,1672,18.016,,200.000,1710080,
10.097857,RETX,1673,18.016,,200.000,1710080,
10.098085,RETX,1674,18.016,,200.000,1710080,
10.098310,RETX,1675,18.016,,200.000,1710080,
10.098534,RETX,1676,18.016,,200.000,1710080,
10.098758,RETX,1677,18.016,,200.000,1710080,
10.098985,RETX,1678,18.016,,200.000,1710080,
10.099209,RETX,1679,18.016,,200.000,1710080,
10.099434,SEND,1680,18.016,,200.000,1710080,
10.099661,SEND,1681,18.016,,200.000,1710080,
10.099886,SEND,1682,18.016,,200.000,1710080,
10.100112,SEND,1683,18.016,,200.000,1710080,
10.100335,SEND,1684,18.016,,200.000,1710080,
10.100559,SEND,1685,18.016,,200.000,1710080,
10.100783,SEND,1686,18.016,,200.000,1710080,
10.101008,SEND,1687,18.016,,200.000,1710080,
10.136551,NAK,1670,18.016,,,1710080,
10.136588,NAK,1670,18.016,,,1710080,
10.137636,DUPACK,1670,18.016,,,1710080,
10.137665,NAK,1670,18.016,,,1710080,
10.145006,NAK,1670,18.016,,,1710080,
10.145065,DUPACK,1670,18.016,,,1710080,
10.145097,NAK,1670,18.016,,,1710080,
10.145128,DUPACK,1670,18.016,,,1710080,
10.145158,NAK,1670,18.016,,,1710080,
10.145194,DUPACK,1670,18.016,,,1710080,
10.145220,NAK,1670,18.016,,,1710080,
10.145246,DUPACK,1670,18.016,,,1710080,
10.145274,NAK,1670,18.016,,,1710080,
10.145300,DUPACK,1670,18.016,,,1710080,
10.146661,ACK,1671,18.072,,,1711104,"cum ack, base->1671"
10.146718,ACK,1672,18.127,,,1712128,"cum ack, base->1672"
10.146756,ACK,1673,18.182,,,1713152,"cum ack, base->1673"
10.148784,SEND,1688,18.182,,200.000,1713152,
10.149870,SEND,1689,18.182,,200.000,1713152,
10.150165,SEND,1690,18.182,,200.000,1713152,
10.150263,STATS,-1,18.182,,200.000,1713152,base=1673 next=1691
10.150448,ACK,1674,18.237,,,1714176,"cum ack, base->1674"
10.150487,ACK,1675,18.292,,,1715200,"cum ack, base->1675"
10.150520,ACK,1676,18.347,,,1716224,"cum ack, base->1676"
10.150888,ACK,1677,18.401,,,1717248,"cum ack, base->1677"
10.151119,ACK,1678,18.456,,,1718272,"cum ack, base->1678"
10.151162,ACK,1679,18.510,,,1719296,"cum ack, base->1679"
10.151195,ACK,1680,18.564,,,1720320,"cum ack, base->1680"
10.151227,ACK,1681,18.618,,,1721344,"cum ack, base->1681"
10.151548,ACK,1682,18.671,,,1722368,"cum ack, base->1682"
10.151582,ACK,1683,18.725,,,1723392,"cum ack, base->1683"
10.151613,ACK,1684,18.778,,,1724416,"cum ack, base->1684"
10.151639,NAK,1684,18.778,,,1724416,
10.151652,FASTRETX,1684,16.692,,200.000,1724416,nak
10.151681,DUPACK,1684,16.692,,,1724416,
10.152831,NAK,1684,16.692,,,1724416,
10.153102,RETX,1684,16.692,,200.000,1724416,
10.153334,RETX,1685,16.692,,200.000,1724416,
10.153558,RETX,1686,16.692,,200.000,1724416,
10.153784,RETX,1687,16.692,,200.000,1724416,
10.154012,RETX,1688,16.692,,200.000,1724416,
10.154238,RETX,1689,16.692,,200.000,1724416,
10.154464,RETX,1690,16.692,,200.000,1724416,
10.154689,SEND,1691,16.692,,200.000,1724416,
10.154961,SEND,1692,16.692,,200.000,1724416,
10.155188,SEND,1693,16.692,,200.000,1724416,
10.155414,SEND,1694,16.692,,200.000,1724416,
10.155638,SEND,1695,16.692,,200.000,1724416,
10.155861,SEND,1696,16.692,,200.000,1724416,
10.156088,SEND,1697,16.692,,200.000,1724416,
10.156304,SEND,1698,16.692,,200.000,1724416,
10.156480,SEND,1699,16.692,,200.000,1724416,
10.156510,DUPACK,1684,16.692,,,1724416,
10.156538,NAK,1684,16.692,,,1724416,
10.156564,DUPACK,1684,16.692,,,1724416,
10.193091,NAK,1684,16.692,,,1724416,
10.193162,DUPACK,1684,16.692,,,1724416,
10.200162,NAK,1684,16.692,,,1724416,
10.200265,DUPACK,1684,16.692,,,1724416,
10.200305,NAK,1684,16.692,,,1724416,
10.200338,DUPACK,1684,16.692,,,1724416,
10.200391,ACK,1685,16.752,,,1725440,"cum ack, base->1685"
10.200432,ACK,1686,16.812,,,1726464,"cum ack, base->1686"
10.202506,SEND,1700,16.812,,200.000,1726464,
10.202795,SEND,1701,16.812,,200.000,1726464,
10.204322,ACK,1687,16.871,,,1727488,"cum ack, base->1687"
10.204417,ACK,1688,16.930,,,1728512,"cum ack, base->1688"
10.204551,ACK,1689,16.989,,,1729536,"cum ack, base->1689"
10.204616,ACK,1690,17.048,,,1730560,"cum ack, base->1690"
10.204676,ACK,1691,17.107,,,1731584,"cum ack, base->1691"
10.204889,ACK,1692,17.165,,,1732608,"cum ack, base->1692"
10.204961,ACK,1693,17.224,,,1733632,"cum ack, base->1693"
10.205019,ACK,1694,17.282,,,1734656,"cum ack, base->1694"
10.205072,ACK,1696,17.397,,,1736704,"cum ack, base->1696"
10.205120,ACK,1697,17.455,,,1737728,"cum ack, base->1697"
10.205653,SEND,1702,17.455,,200.000,1737728,
10.205863,SEND,1703,17.455,,200.000,1737728,
10.206067,SEND,1704,17.455,,200.000,1737728,
10.206269,SEND,1705,17.455,,200.000,1737728,
10.206484,SEND,1706,17.455,,200.000,1737728,
10.206746,SEND,1707,17.455,,200.000,1737728,
10.206992,SEND,1708,17.455,,200.000,1737728,
10.207198,SEND,1709,17.455,,200.000,1737728,
10.207410,SEND,1710,17.455,,200.000,1737728,
10.207760,SEND,1711,17.455,,200.000,1737728,
10.207998,SEND,1712,17.455,,200.000,1737728,
10.208226,SEND,1713,17.455,,200.000,1737728,
10.208300,ACK,1698,17.512,,,1738752,"cum ack, base->1698"
10.208339,ACK,1699,17.569,,,1739776,"cum ack, base->1699"
10.208371,ACK,1700,17.626,,,1740800,"cum ack, base->1700"
10.210989,SEND,1714,17.626,,200.000,1740800,
10.211217,SEND,1715,17.626,,200.000,1740800,
10.211444,SEND,1716,17.626,,200.000,1740800,
10.244406,ACK,1701,17.683,,,1741824,"cum ack, base->1701"
10.246942,SEND,1717,17.683,,200.000,1741824,
10.251687,ACK,1702,17.739,,,1742848,"cum ack, base->1702"
10.251870,ACK,1703,17.796,,,1743872,"cum ack, base->1703"
10.252141,ACK,1704,17.852,,,1744896,"cum ack, base->1704"
10.252634,SEND,1718,17.852,,200.000,1744896,
10.252979,SEND,1719,17.852,,200.000,1744896,
10.253236,SEND,1720,17.852,,200.000,1744896,
10.253255,STATS,-1,17.852,,200.000,1744896,base=1704 next=1721
10.253771,ACK,1705,17.908,,,1745920,"cum ack, base->1705"
10.253894,ACK,1706,17.964,,,1746944,"cum ack, base->1706"
10.256466,SEND,1721,17.964,,200.000,1746944,
10.256783,SEND,1722,17.964,,200.000,1746944,
10.257872,ACK,1707,18.019,,,1747968,"cum ack, base->1707"
10.257942,ACK,1708,18.075,,,1748992,"cum ack, base->1708"
10.257984,ACK,1709,18.130,,,1750016,"cum ack, base->1709"
10.258194,ACK,1710,18.185,,,1751040,"cum ack, base->1710"
10.258247,ACK,1711,18.240,,,1752064,"cum ack, base->1711"
10.259456,SEND,1723,18.240,,200.000,1752064,
10.259674,SEND,1724,18.240,,200.000,1752064,
10.259916,SEND,1725,18.240,,200.000,1752064,
10.260129,SEND,1726,18.240,,200.000,1752064,
10.260333,SEND,1727,18.240,,200.000,1752064,
10.260580,SEND,1728,18.240,,200.000,1752064,
10.260985,ACK,1712,18.295,,,1753088,"cum ack, base->1712"
10.261054,ACK,1714,18.404,,,1755136,"cum ack, base->1714"
10.261098,ACK,1715,18.459,,,1756160,"cum ack, base->1715"
10.261136,ACK,1716,18.513,,,1757184,"cum ack, base->1716"
10.261180,ACK,1717,18.567,,,1758208,"cum ack, base->1717"
10.263478,SEND,1729,18.567,,200.000,1758208,
10.263761,SEND,1730,18.567,,200.000,1758208,
10.264033,SEND,1731,18.567,,200.000,1758208,
10.264268,SEND,1732,18.567,,200.000,1758208,
10.264595,SEND,1733,18.567,,200.000,1758208,
10.265030,SEND,1734,18.567,,200.000,1758208,
10.290343,ACK,1718,18.621,,,1759232,"cum ack, base->1718"
10.292341,SEND,1735,18.621,,200.000,1759232,
10.297246,ACK,1719,18.674,,,1760256,"cum ack, base->1719"
10.300737,SEND,1736,18.674,,200.000,1760256,
10.303321,ACK,1720,18.728,,,1761280,"cum ack, base->1720"
10.304128,ACK,1721,18.781,,,1762304,"cum ack, base->1721"
10.304630,SEND,1737,18.781,,200.000,1762304,
10.304854,SEND,1738,18.781,,200.000,1762304,
10.305109,ACK,1722,18.835,,,1763328,"cum ack, base->1722"
10.305310,ACK,1723,18.888,,,1764352,"cum ack, base->1723"
10.305356,ACK,1724,18.941,,,1765376,"cum ack, base->1724"
10.306427,ACK,1726,19.046,,,1767424,"cum ack, base->1726"
10.306496,ACK,1727,19.099,,,1768448,"cum ack, base->1727"
10.306538,ACK,1728,19.151,,,1769472,"cum ack, base->1728"
10.306579,ACK,1729,19.203,,,1770496,"cum ack, base->1729"
10.308228,SEND,1739,19.203,,200.000,1770496,
10.308474,SEND,1740,19.203,,200.000,1770496,
10.308680,SEND,1741,19.203,,200.000,1770496,
10.308884,SEND,1742,19.203,,200.000,1770496,
10.309088,SEND,1743,19.203,,200.000,1770496,
10.309291,SEND,1744,19.203,,200.000,1770496,
10.309498,SEND,1745,19.203,,200.000,1770496,
10.309702,SEND,1746,19.203,,200.000,1770496,
10.309972,SEND,1747,19.203,,200.000,1770496,
10.311409,ACK,1730,19.255,,,1771520,"cum ack, base->1730"
10.311458,ACK,1731,19.307,,,1772544,"cum ack, base->1731"
10.312353,SEND,1748,19.307,,200.000,1772544,
10.312584,SEND,1749,19.307,,200.000,1772544,
10.313876,ACK,1732,19.359,,,1773568,"cum ack, base->1732"
10.313912,ACK,1733,19.411,,,1774592,"cum ack, base->1733"
10.314090,ACK,1734,19.462,,,1775616,"cum ack, base->1734"
10.314251,ACK,1735,19.513,,,1776640,"cum ack, base->1735"
10.315569,SEND,1750,19.513,,200.000,1776640,
10.315908,SEND,1751,19.513,,200.000,1776640,
10.316168,SEND,1752,19.513,,200.000,1776640,
10.316403,SEND,1753,19.513,,200.000,1776640,
10.341086,ACK,1736,19.565,,,1777664,"cum ack, base->1736"
10.341778,SEND,1754,19.565,,200.000,1777664,
10.344667,ACK,1737,19.616,,,1778688,"cum ack, base->1737"
10.346868,SEND,1755,19.616,,200.000,1778688,
10.349738,ACK,1738,19.667,,,1779712,"cum ack, base->1738"
10.352049,SEND,1756,19.667,,200.000,1779712,
10.354165,ACK,1739,19.718,,,1780736,"cum ack, base->1739"
10.355864,SEND,1757,19.718,,200.000,1780736,
10.355895,STATS,-1,19.718,,200.000,1780736,base=1739 next=1758
10.356004,ACK,1740,19.768,,,1781760,"cum ack, base->1740"
10.356208,ACK,1741,19.819,,,1782784,"cum ack, base->1741"
10.356261,ACK,1742,19.869,,,1783808,"cum ack, base->1742"
10.356302,ACK,1743,19.920,,,1784832,"cum ack, base->1743"
10.358775,SEND,1758,19.920,,200.000,1784832,
10.358972,SEND,1759,19.920,,200.000,1784832,
10.359228,SEND,1760,19.920,,200.000,1784832,
10.359422,SEND,1761,19.920,,200.000,1784832,
10.359570,ACK,1744,19.970,,,1785856,"cum ack, base->1744"
10.359621,ACK,1745,20.020,,,1786880,"cum ack, base->1745"
10.359687,ACK,1746,20.070,,,1787904,"cum ack, base->1746"
10.359731,ACK,1747,20.120,,,1788928,"cum ack, base->1747"
10.360327,ACK,1748,20.170,,,1789952,"cum ack, base->1748"
10.360882,ACK,1749,20.219,,,1790976,"cum ack, base->1749"
10.360925,ACK,1750,20.269,,,1792000,"cum ack, base->1750"
10.360957,ACK,1751,20.318,,,1793024,"cum ack, base->1751"
10.360989,ACK,1752,20.367,,,1794048,"cum ack, base->1752"
10.361715,SEND,1762,20.367,,200.000,1794048,
10.361911,SEND,1763,20.367,,200.000,1794048,
10.362145,SEND,1764,20.367,,200.000,1794048,
10.362326,SEND,1765,20.367,,200.000,1794048,
10.362532,SEND,1766,20.367,,200.000,1794048,
10.362712,SEND,1767,20.367,,200.000,1794048,
10.362883,SEND,1768,20.367,,200.000,1794048,
10.363052,SEND,1769,20.367,,200.000,1794048,
10.363298,SEND,1770,20.367,,200.000,1794048,
10.363495,SEND,1771,20.367,,200.000,1794048,
10.363599,NAK,1752,20.367,,,1794048,
10.363618,FASTRETX,1752,18.104,,200.000,1794048,nak
10.363659,DUPACK,1752,18.104,,,1794048,
10.366770,RETX,1752,18.104,,200.000,1794048,
10.367330,RETX,1753,18.104,,200.000,1794048,
10.367784,RETX,1754,18.104,,200.000,1794048,
10.368011,RETX,1755,18.104,,200.000,1794048,
10.368250,RETX,1756,18.104,,200.000,1794048,
10.368603,RETX,1757,18.104,,200.000,1794048,
10.369143,RETX,1758,18.104,,200.000,1794048,
10.369502,RETX,1759,18.104,,200.000,1794048,
10.369732,RETX,1760,18.104,,200.000,1794048,
10.369957,RETX,1761,18.104,,200.000,1794048,
10.370182,RETX,1762,18.104,,200.000,1794048,
10.370408,RETX,1763,18.104,,200.000,1794048,
10.370635,RETX,1764,18.104,,200.000,1794048,
10.370861,RETX,1765,18.104,,200.000,1794048,
10.371088,RETX,1766,18.104,,200.000,1794048,
10.371312,RETX,1767,18.104,,200.000,1794048,
10.371541,RETX,1768,18.104,,200.000,1794048,
10.371768,RETX,1769,18.104,,200.000,1794048,
10.375339,NAK,1752,18.104,,,1794048,
10.375976,DUPACK,1752,18.104,,,1794048,
10.398065,NAK,1752,18.104,,,1794048,
10.398810,DUPACK,1752,18.104,,,1794048,
10.398842,NAK,1752,18.104,,,1794048,
10.403565,DUPACK,1752,18.104,,,1794048,
10.404894,NAK,1752,18.104,,,1794048,
10.404924,DUPACK,1752,18.104,,,1794048,
10.407350,NAK,1752,18.104,,,1794048,
10.407383,NAK,1752,18.104,,,1794048,
10.407417,DUPACK,1752,18.104,,,1794048,
10.407442,DUPACK,1752,18.104,,,1794048,
10.407478,NAK,1752,18.104,,,1794048,
10.407502,DUPACK,1752,18.104,,,1794048,
10.407527,NAK,1752,18.104,,,1794048,
10.407551,DUPACK,1752,18.104,,,1794048,
10.418227,NAK,1752,18.104,,,1794048,
10.418358,DUPACK,1752,18.104,,,1794048,
10.418398,NAK,1752,18.104,,,1794048,
10.418428,DUPACK,1752,18.104,,,1794048,
10.418454,NAK,1752,18.104,,,1794048,
10.418487,DUPACK,1752,18.104,,,1794048,
10.418513,NAK,1752,18.104,,,1794048,
10.418595,DUPACK,1752,18.104,,,1794048,
10.418622,NAK,1752,18.104,,,1794048,
10.418648,DUPACK,1752,18.104,,,1794048,
10.418674,NAK,1752,18.104,,,1794048,
10.418700,DUPACK,1752,18.104,,,1794048,
10.418726,NAK,1752,18.104,,,1794048,
10.418751,DUPACK,1752,18.104,,,1794048,
10.418777,NAK,1752,18.104,,,1794048,
10.418803,DUPACK,1752,18.104,,,1794048,
10.418834,NAK,1752,18.104,,,1794048,
10.418863,DUPACK,1752,18.104,,,1794048,
10.418911,ACK,1753,18.159,,,1795072,"cum ack, base->1753"
10.418940,NAK,1753,18.159,,,1795072,
10.418950,FASTRETX,1753,18.159,,200.000,1795072,nak
10.418986,DUPACK,1753,18.159,,,1795072,
10.419010,NAK,1753,18.159,,,1795072,
10.419037,DUPACK,1753,18.159,,,1795072,
10.419062,NAK,1753,18.159,,,1795072,
10.419087,DUPACK,1753,18.159,,,1795072,
10.419114,NAK,1753,18.159,,,1795072,
10.419138,DUPACK,1753,18.159,,,1795072,
10.419161,NAK,1753,18.159,,,1795072,
10.419185,DUPACK,1753,18.159,,,1795072,
10.419208,NAK,1753,18.159,,,1795072,
10.419232,DUPACK,1753,18.159,,,1795072,
10.419256,NAK,1753,18.159,,,1795072,
10.419458,DUPACK,1753,18.159,,,1795072,
10.419490,NAK,1753,18.159,,,1795072,
10.419515,DUPACK,1753,18.159,,,1795072,
10.419540,NAK,1753,18.159,,,1795072,
10.419568,DUPACK,1753,18.159,,,1795072,
10.419592,NAK,1753,18.159,,,1795072,
10.420422,DUPACK,1753,18.159,,,1795072,
10.420442,NAK,1753,18.159,,,1795072,
10.420458,DUPACK,1753,18.159,,,1795072,
10.420471,NAK,1753,18.159,,,1795072,
10.420713,RETX,1753,18.159,,200.000,1795072,
10.420812,RETX,1754,18.159,,200.000,1795072,
10.420910,RETX,1755,18.159,,200.000,1795072,
10.421004,RETX,1756,18.159,,200.000,1795072,
10.421099,RETX,1757,18.159,,200.000,1795072,
10.421197,RETX,1758,18.159,,200.000,1795072,
10.421292,RETX,1759,18.159,,200.000,1795072,
10.421388,RETX,1760,18.159,,200.000,1795072,
10.421483,RETX,1761,18.159,,200.000,1795072,
10.421589,RETX,1762,18.159,,200.000,1795072,
10.421697,RETX,1763,18.159,,200.000,1795072,
10.421812,RETX,1764,18.159,,200.000,1795072,
10.421908,RETX,1765,18.159,,200.000,1795072,
10.422004,RETX,1766,18.159,,200.000,1795072,
10.422099,RETX,1767,18.159,,200.000,1795072,
10.422194,RETX,1768,18.159,,200.000,1795072,
10.422290,RETX,1769,18.159,,200.000,1795072,
10.422386,RETX,1770,18.159,,200.000,1795072,
10.422425,NAK,1753,18.159,,,1795072,
10.422440,DUPACK,1753,18.159,,,1795072,
10.422451,DUPACK,1753,18.159,,,1795072,
10.422461,NAK,1753,18.159,,,1795072,
10.422472,DUPACK,1753,18.159,,,1795072,
10.422483,NAK,1753,18.159,,,1795072,
10.422494,DUPACK,1753,18.159,,,1795072,
10.457598,STATS,-1,18.159,,200.000,1795072,base=1753 next=1771
10.464770,ACK,1754,18.214,,,1796096,"cum ack, base->1754"
10.465347,RETX,1771,18.214,,200.000,1796096,
10.470167,ACK,1756,18.324,,,1798144,"cum ack, base->1756"
10.470200,NAK,1756,18.324,,,1798144,
10.470208,FASTRETX,1756,18.324,,200.000,1798144,nak
10.470231,NAK,1756,18.324,,,1798144,
10.470253,DUPACK,1756,18.324,,,1798144,
10.470272,NAK,1756,18.324,,,1798144,
10.470574,RETX,1756,18.324,,200.000,1798144,
10.470753,RETX,1757,18.324,,200.000,1798144,
10.470929,RETX,1758,18.324,,200.000,1798144,
10.471105,RETX,1759,18.324,,200.000,1798144,
10.471281,RETX,1760,18.324,,200.000,1798144,
10.471457,RETX,1761,18.324,,200.000,1798144,
10.471633,RETX,1762,18.324,,200.000,1798144,
10.471812,RETX,1763,18.324,,200.000,1798144,
10.471988,RETX,1764,18.324,,200.000,1798144,
10.472164,RETX,1765,18.324,,200.000,1798144,
10.472341,RETX,1766,18.324,,200.000,1798144,
10.472517,RETX,1767,18.324,,200.000,1798144,
10.472695,RETX,1768,18.324,,200.000,1798144,
10.472871,RETX,1769,18.324,,200.000,1798144,
10.473048,RETX,1770,18.324,,200.000,1798144,
10.473223,RETX,1771,18.324,,200.000,1798144,
10.473400,SEND,1772,18.324,,200.000,1798144,
10.473557,SEND,1773,18.324,,200.000,1798144,
10.473599,DUPACK,1756,18.324,,,1798144,
10.473618,NAK,1756,18.324,,,1798144,
10.473635,DUPACK,1756,18.324,,,1798144,
10.473651,NAK,1756,18.324,,,1798144,
10.473667,DUPACK,1756,18.324,,,1798144,
10.473684,NAK,1756,18.324,,,1798144,
10.474130,DUPACK,1756,18.324,,,1798144,
10.475686,NAK,1756,18.324,,,1798144,
10.475707,DUPACK,1756,18.324,,,1798144,
10.475724,NAK,1756,18.324,,,1798144,
10.475746,DUPACK,1756,18.324,,,1798144,
10.475762,DUPACK,1756,18.324,,,1798144,
10.475777,NAK,1756,18.324,,,1798144,
10.475795,DUPACK,1756,18.324,,,1798144,
10.475860,NAK,1756,18.324,,,1798144,
10.475879,DUPACK,1756,18.324,,,1798144,
10.475895,NAK,1756,18.324,,,1798144,
10.475910,DUPACK,1756,18.324,,,1798144,
10.475925,NAK,1756,18.324,,,1798144,
10.475940,DUPACK,1756,18.324,,,1798144,
10.475955,DUPACK,1756,18.324,,,1798144,
10.517566,NAK,1756,18.324,,,1798144,
10.517607,DUPACK,1756,18.324,,,1798144,
10.518565,ACK,1757,18.379,,,1799168,"cum ack, base->1757"
10.519061,SEND,1774,18.379,,200.000,1799168,
10.523357,ACK,1758,18.433,,,1800192,"cum ack, base->1758"
10.523623,ACK,1759,18.487,,,1801216,"cum ack, base->1759"
10.523674,ACK,1760,18.541,,,1802240,"cum ack, base->1760"
10.523708,ACK,1761,18.595,,,1803264,"cum ack, base->1761"
10.523740,ACK,1762,18.649,,,1804288,"cum ack, base->1762"
10.523770,ACK,1763,18.703,,,1805312,"cum ack, base->1763"
10.523801,ACK,1764,18.756,,,1806336,"cum ack, base->1764"
10.524060,ACK,1765,18.809,,,1807360,"cum ack, base->1765"
10.524094,ACK,1766,18.863,,,1808384,"cum ack, base->1766"
10.524172,ACK,1767,18.916,,,1809408,"cum ack, base->1767"
10.524450,SEND,1775,18.916,,200.000,1809408,
10.524687,SEND,1776,18.916,,200.000,1809408,
10.524915,SEND,1777,18.916,,200.000,1809408,
10.525140,SEND,1778,18.916,,200.000,1809408,
10.525364,SEND,1779,18.916,,200.000,1809408,
10.525589,SEND,1780,18.916,,200.000,1809408,
10.525816,SEND,1781,18.916,,200.000,1809408,
10.526041,SEND,1782,18.916,,200.000,1809408,
10.526265,SEND,1783,18.916,,200.000,1809408,
10.526490,SEND,1784,18.916,,200.000,1809408,
10.526529,ACK,1768,18.969,,,1810432,"cum ack, base->1768"
10.526568,ACK,1770,19.074,,,1812480,"cum ack, base->1770"
10.526602,ACK,1771,19.126,,,1813504,"cum ack, base->1771"
10.526630,ACK,1772,19.179,,,1814528,"cum ack, base->1772"
10.526659,ACK,1773,19.231,,,1815552,"cum ack, base->1773"
10.526688,ACK,1774,19.283,,,1816576,"cum ack, base->1774"
10.529201,SEND,1785,19.283,,200.000,1816576,
10.529381,SEND,1786,19.283,,200.000,1816576,
10.529557,SEND,1787,19.283,,200.000,1816576,
10.529736,SEND,1788,19.283,,200.000,1816576,
10.529913,SEND,1789,19.283,,200.000,1816576,
10.530088,SEND,1790,19.283,,200.000,1816576,
10.530263,SEND,1791,19.283,,200.000,1816576,
10.530453,SEND,1792,19.283,,200.000,1816576,
10.560039,STATS,-1,19.283,,200.000,1816576,base=1774 next=1793
10.564294,ACK,1775,19.335,,,1817600,"cum ack, base->1775"
10.565266,SEND,1793,19.335,,200.000,1817600,
10.566937,ACK,1776,19.386,,,1818624,"cum ack, base->1776"
10.568020,SEND,1794,19.386,,200.000,1818624,
10.573669,ACK,1777,19.438,,,1819648,"cum ack, base->1777"
10.573739,ACK,1778,19.489,,,1820672,"cum ack, base->1778"
10.575827,SEND,1795,19.489,,200.000,1820672,
10.576014,SEND,1796,19.489,,200.000,1820672,
10.580228,ACK,1779,19.541,,,1821696,"cum ack, base->1779"
10.580304,ACK,1780,19.592,,,1822720,"cum ack, base->1780"
10.580344,ACK,1781,19.643,,,1823744,"cum ack, base->1781"
10.580380,ACK,1782,19.694,,,1824768,"cum ack, base->1782"
10.580418,ACK,1783,19.744,,,1825792,"cum ack, base->1783"
10.580450,ACK,1784,19.795,,,1826816,"cum ack, base->1784"
10.580483,ACK,1785,19.846,,,1827840,"cum ack, base->1785"
10.580515,ACK,1786,19.896,,,1828864,"cum ack, base->1786"
10.580547,ACK,1787,19.946,,,1829888,"cum ack, base->1787"
10.580587,ACK,1788,19.996,,,1830912,"cum ack, base->1788"
10.580618,ACK,1789,20.046,,,1831936,"cum ack, base->1789"
10.580650,ACK,1790,20.096,,,1832960,"cum ack, base->1790"
10.580681,ACK,1791,20.146,,,1833984,"cum ack, base->1791"
10.580713,ACK,1792,20.196,,,1835008,"cum ack, base->1792"
10.580748,ACK,1793,20.245,,,1836032,"cum ack, base->1793"
10.581060,SEND,1797,20.245,,200.000,1836032,
10.581252,SEND,1798,20.245,,200.000,1836032,
10.581541,SEND,1799,20.245,,200.000,1836032,
10.581921,SEND,1800,20.245,,200.000,1836032,
10.582345,SEND,1801,20.245,,200.000,1836032,
10.582604,SEND,1802,20.245,,200.000,1836032,
10.582884,SEND,1803,20.245,,200.000,1836032,
10.583177,SEND,1804,20.245,,200.000,1836032,
10.583465,SEND,1805,20.245,,200.000,1836032,
10.583699,SEND,1806,20.245,,200.000,1836032,
10.583924,SEND,1807,20.245,,200.000,1836032,
10.584148,SEND,1808,20.245,,200.000,1836032,
10.584375,SEND,1809,20.245,,200.000,1836032,
10.584599,SEND,1810,20.245,,200.000,1836032,
10.584824,SEND,1811,20.245,,200.000,1836032,
10.585045,SEND,1812,20.245,,200.000,1836032,
10.609450,ACK,1794,20.295,,,1837056,"cum ack, base->1794"
10.609777,ACK,1795,20.344,,,1838080,"cum ack, base->1795"
10.610821,SEND,1813,20.344,,200.000,1838080,
10.611082,SEND,1814,20.344,,200.000,1838080,
10.613209,ACK,1796,20.393,,,1839104,"cum ack, base->1796"
10.613879,SEND,1815,20.393,,200.000,1839104,
10.630838,ACK,1797,20.442,,,1840128,"cum ack, base->1797"
10.630966,ACK,1798,20.491,,,1841152,"cum ack, base->1798"
10.632494,SEND,1816,20.491,,200.000,1841152,
10.632886,SEND,1817,20.491,,200.000,1841152,
10.634560,ACK,1799,20.540,,,1842176,"cum ack, base->1799"
10.634608,ACK,1800,20.589,,,1843200,"cum ack, base->1800"
10.634642,ACK,1801,20.637,,,1844224,"cum ack, base->1801"
10.634713,ACK,1803,20.734,,,1846272,"cum ack, base->1803"
10.634745,ACK,1804,20.782,,,1847296,"cum ack, base->1804"
10.634775,ACK,1805,20.830,,,1848320,"cum ack, base->1805"
10.634806,ACK,1806,20.878,,,1849344,"cum ack, base->1806"
10.635681,SEND,1818,20.878,,200.000,1849344,
10.635915,SEND,1819,20.878,,200.000,1849344,
10.636140,SEND,1820,20.878,,200.000,1849344,
10.636365,SEND,1821,20.878,,200.000,1849344,
10.636590,SEND,1822,20.878,,200.000,1849344,
10.636815,SEND,1823,20.878,,200.000,1849344,
10.637042,SEND,1824,20.878,,200.000,1849344,
10.637265,SEND,1825,20.878,,200.000,1849344,
10.637348,ACK,1807,20.926,,,1850368,"cum ack, base->1807"
10.637387,ACK,1808,20.974,,,1851392,"cum ack, base->1808"
10.637420,ACK,1809,21.022,,,1852416,"cum ack, base->1809"
10.637454,ACK,1810,21.069,,,1853440,"cum ack, base->1810"
10.637487,ACK,1811,21.117,,,1854464,"cum ack, base->1811"
10.637519,ACK,1812,21.164,,,1855488,"cum ack, base->1812"
10.640093,SEND,1826,21.164,,200.000,1855488,
10.640382,SEND,1827,21.164,,200.000,1855488,
10.640566,SEND,1828,21.164,,200.000,1855488,
10.640897,SEND,1829,21.164,,200.000,1855488,
10.641084,SEND,1830,21.164,,200.000,1855488,
10.641258,SEND,1831,21.164,,200.000,1855488,
10.641430,SEND,1832,21.164,,200.000,1855488,
10.659061,NAK,1812,21.164,,,1855488,
10.659096,FASTRETX,1812,18.812,,200.000,1855488,nak
10.659808,DUPACK,1812,18.812,,,1855488,
10.659887,NAK,1812,18.812,,,1855488,
10.660079,DUPACK,1812,18.812,,,1855488,
10.660638,RETX,1812,18.812,,200.000,1855488,
10.660924,RETX,1813,18.812,,200.000,1855488,
10.661395,RETX,1814,18.812,,200.000,1855488,
10.661810,RETX,1815,18.812,,200.000,1855488,
10.662052,RETX,1816,18.812,,200.000,1855488,
10.662276,RETX,1817,18.812,,200.000,1855488,
10.662502,RETX,1818,18.812,,200.000,1855488,
10.662728,RETX,1819,18.812,,200.000,1855488,
10.662953,RETX,1820,18.812,,200.000,1855488,
10.663178,RETX,1821,18.812,,200.000,1855488,
10.663403,RETX,1822,18.812,,200.000,1855488,
10.663628,RETX,1823,18.812,,200.000,1855488,
10.663828,RETX,1824,18.812,,200.000,1855488,
10.664005,RETX,1825,18.812,,200.000,1855488,
10.664181,RETX,1826,18.812,,200.000,1855488,
10.664358,RETX,1827,18.812,,200.000,1855488,
10.664533,RETX,1828,18.812,,200.000,1855488,
10.664707,RETX,1829,18.812,,200.000,1855488,
10.664717,STATS,-1,18.812,,200.000,1855488,base=1812 next=1830
10.664752,NAK,1812,18.812,,,1855488,
10.664785,DUPACK,1812,18.812,,,1855488,
10.680017,NAK,1812,18.812,,,1855488,
10.680054,NAK,1812,18.812,,,1855488,
10.680078,DUPACK,1812,18.812,,,1855488,
10.682060,NAK,1812,18.812,,,1855488,
10.682095,DUPACK,1812,18.812,,,1855488,
10.682382,NAK,1812,18.812,,,1855488,
10.692062,NAK,1812,18.812,,,1855488,
10.692102,DUPACK,1812,18.812,,,1855488,
10.692137,NAK,1812,18.812,,,1855488,
10.692170,DUPACK,1812,18.812,,,1855488,
10.692200,NAK,1812,18.812,,,1855488,
10.692228,DUPACK,1812,18.812,,,1855488,
10.692267,NAK,1812,18.812,,,1855488,
10.692292,DUPACK,1812,18.812,,,1855488,
10.692321,NAK,1812,18.812,,,1855488,
10.692346,NAK,1812,18.812,,,1855488,
10.692379,DUPACK,1812,18.812,,,1855488,
10.692405,NAK,1812,18.812,,,1855488,
10.692439,DUPACK,1812,18.812,,,1855488,
10.692473,NAK,1812,18.812,,,1855488,
10.692506,DUPACK,1812,18.812,,,1855488,
10.692566,NAK,1812,18.812,,,1855488,
10.692595,DUPACK,1812,18.812,,,1855488,
10.692619,NAK,1812,18.812,,,1855488,
10.692644,NAK,1812,18.812,,,1855488,
10.692668,DUPACK,1812,18.812,,,1855488,
10.692694,NAK,1812,18.812,,,1855488,
10.692718,DUPACK,1812,18.812,,,1855488,
10.698923,ACK,1813,18.866,,,1856512,"cum ack, base->1813"
10.699877,RETX,1830,18.866,,200.000,1856512,
10.717773,ACK,1814,18.919,,,1857536,"cum ack, base->1814"
10.717846,ACK,1815,18.971,,,1858560,"cum ack, base->1815"
10.717889,ACK,1816,19.024,,,1859584,"cum ack, base->1816"
10.718111,ACK,1817,19.077,,,1860608,"cum ack, base->1817"
10.718175,NAK,1817,19.077,,,1860608,
10.718192,FASTRETX,1817,19.077,,200.000,1860608,nak
10.718231,DUPACK,1817,19.077,,,1860608,
10.718335,NAK,1817,19.077,,,1860608,
10.718371,DUPACK,1817,19.077,,,1860608,
10.718402,NAK,1817,19.077,,,1860608,
10.718433,DUPACK,1817,19.077,,,1860608,
10.719169,RETX,1817,19.077,,200.000,1860608,
10.719359,RETX,1818,19.077,,200.000,1860608,
10.719807,RETX,1819,19.077,,200.000,1860608,
10.720120,RETX,1820,19.077,,200.000,1860608,
10.720307,RETX,1821,19.077,,200.000,1860608,
10.720478,RETX,1822,19.077,,200.000,1860608,
10.720648,RETX,1823,19.077,,200.000,1860608,
10.720825,RETX,1824,19.077,,200.000,1860608,
10.720997,RETX,1825,19.077,,200.000,1860608,
10.721276,RETX,1826,19.077,,200.000,1860608,
10.721514,RETX,1827,19.077,,200.000,1860608,
10.721742,RETX,1828,19.077,,200.000,1860608,
10.721968,RETX,1829,19.077,,200.000,1860608,
10.722193,RETX,1830,19.077,,200.000,1860608,
10.722418,RETX,1831,19.077,,200.000,1860608,
10.722644,RETX,1832,19.077,,200.000,1860608,
10.722870,SEND,1833,19.077,,200.000,1860608,
10.723097,SEND,1834,19.077,,200.000,1860608,
10.723275,SEND,1835,19.077,,200.000,1860608,
10.723344,NAK,1817,19.077,,,1860608,
10.723379,DUPACK,1817,19.077,,,1860608,
10.723401,NAK,1817,19.077,,,1860608,
10.723426,DUPACK,1817,19.077,,,1860608,
10.723481,NAK,1817,19.077,,,1860608,
10.723508,DUPACK,1817,19.077,,,1860608,
10.723531,NAK,1817,19.077,,,1860608,
10.723555,DUPACK,1817,19.077,,,1860608,
10.723577,NAK,1817,19.077,,,1860608,
10.723599,DUPACK,1817,19.077,,,1860608,
10.723620,NAK,1817,19.077,,,1860608,
10.723642,DUPACK,1817,19.077,,,1860608,
10.723663,NAK,1817,19.077,,,1860608,
10.723715,DUPACK,1817,19.077,,,1860608,
10.723756,NAK,1817,19.077,,,1860608,
10.723777,DUPACK,1817,19.077,,,1860608,
10.723796,NAK,1817,19.077,,,1860608,
10.723815,DUPACK,1817,19.077,,,1860608,
10.742478,NAK,1817,19.077,,,1860608,
10.742673,DUPACK,1817,19.077,,,1860608,
10.767274,STATS,-1,19.077,,200.000,1860608,base=1817 next=1836
10.769529,ACK,1818,19.129,,,1861632,"cum ack, base->1818"
10.769605,ACK,1819,19.181,,,1862656,"cum ack, base->1819"
10.769652,ACK,1820,19.234,,,1863680,"cum ack, base->1820"
10.769695,ACK,1821,19.286,,,1864704,"cum ack, base->1821"
10.770477,SEND,1836,19.286,,200.000,1864704,
10.770737,SEND,1837,19.286,,200.000,1864704,
10.771085,SEND,1838,19.286,,200.000,1864704,
10.771501,SEND,1839,19.286,,200.000,1864704,
10.771691,ACK,1822,19.337,,,1865728,"cum ack, base->1822"
10.771737,ACK,1823,19.389,,,1866752,"cum ack, base->1823"
10.771776,ACK,1824,19.441,,,1867776,"cum ack, base->1824"
10.771861,ACK,1825,19.492,,,1868800,"cum ack, base->1825"
10.771902,ACK,1826,19.543,,,1869824,"cum ack, base->1826"
10.771937,ACK,1827,19.595,,,1870848,"cum ack, base->1827"
10.771969,ACK,1828,19.646,,,1871872,"cum ack, base->1828"
10.772001,ACK,1830,19.747,,,1873920,"cum ack, base->1830"
10.772209,ACK,1831,19.798,,,1874944,"cum ack, base->1831"
10.774368,SEND,1840,19.798,,200.000,1874944,
10.774600,SEND,1841,19.798,,200.000,1874944,
10.774826,SEND,1842,19.798,,200.000,1874944,
10.775058,SEND,1843,19.798,,200.000,1874944,
10.775283,SEND,1844,19.798,,200.000,1874944,
10.775507,SEND,1845,19.798,,200.000,1874944,
10.775731,SEND,1846,19.798,,200.000,1874944,
10.775957,SEND,1847,19.798,,200.000,1874944,
10.776166,SEND,1848,19.798,,200.000,1874944,
10.776343,SEND,1849,19.798,,200.000,1874944,
10.776409,ACK,1832,19.848,,,1875968,"cum ack, base->1832"
10.776442,ACK,1834,19.949,,,1878016,"cum ack, base->1834"
10.776468,ACK,1835,19.999,,,1879040,"cum ack, base->1835"
10.776493,ACK,1836,20.049,,,1880064,"cum ack, base->1836"
10.779099,SEND,1850,20.049,,200.000,1880064,
10.779329,SEND,1851,20.049,,200.000,1880064,
10.779555,SEND,1852,20.049,,200.000,1880064,
10.779780,SEND,1853,20.049,,200.000,1880064,
10.780006,SEND,1854,20.049,,200.000,1880064,
10.780231,SEND,1855,20.049,,200.000,1880064,
10.819275,ACK,1837,20.099,,,1881088,"cum ack, base->1837"
10.821222,SEND,1856,20.099,,200.000,1881088,
10.821368,ACK,1838,20.149,,,1882112,"cum ack, base->1838"
10.821430,ACK,1839,20.198,,,1883136,"cum ack, base->1839"
10.824295,SEND,1857,20.198,,200.000,1883136,
10.824802,SEND,1858,20.198,,200.000,1883136,
10.825000,ACK,1840,20.248,,,1884160,"cum ack, base->1840"
10.825089,ACK,1841,20.297,,,1885184,"cum ack, base->1841"
10.825130,ACK,1842,20.347,,,1886208,"cum ack, base->1842"
10.825170,ACK,1843,20.396,,,1887232,"cum ack, base->1843"
10.825207,ACK,1844,20.445,,,1888256,"cum ack, base->1844"
10.825244,ACK,1845,20.494,,,1889280,"cum ack, base->1845"
10.825282,ACK,1846,20.543,,,1890304,"cum ack, base->1846"
10.825318,ACK,1847,20.591,,,1891328,"cum ack, base->1847"
10.827636,SEND,1859,20.591,,200.000,1891328,
10.827861,SEND,1860,20.591,,200.000,1891328,
10.828066,SEND,1861,20.591,,200.000,1891328,
10.828270,SEND,1862,20.591,,200.000,1891328,
10.828692,SEND,1863,20.591,,200.000,1891328,
10.828925,SEND,1864,20.591,,200.000,1891328,
10.829132,SEND,1865,20.591,,200.000,1891328,
10.829334,SEND,1866,20.591,,200.000,1891328,
10.829482,ACK,1848,20.640,,,1892352,"cum ack, base->1848"
10.829557,ACK,1849,20.688,,,1893376,"cum ack, base->1849"
10.829604,ACK,1850,20.737,,,1894400,"cum ack, base->1850"
10.829645,ACK,1851,20.785,,,1895424,"cum ack, base->1851"
10.829684,ACK,1852,20.833,,,1896448,"cum ack, base->1852"
10.831160,ACK,1853,20.881,,,1897472,"cum ack, base->1853"
10.831214,ACK,1854,20.929,,,1898496,"cum ack, base->1854"
10.831242,NAK,1854,20.929,,,1898496,
10.831255,FASTRETX,1854,18.603,,200.000,1898496,nak
10.831602,DUPACK,1854,18.603,,,1898496,
10.832098,RETX,1854,18.603,,200.000,1898496,
10.832277,RETX,1855,18.603,,200.000,1898496,
10.832452,RETX,1856,18.603,,200.000,1898496,
10.832620,RETX,1857,18.603,,200.000,1898496,
10.832785,RETX,1858,18.603,,200.000,1898496,
10.832997,RETX,1859,18.603,,200.000,1898496,
10.833178,RETX,1860,18.603,,200.000,1898496,
10.833348,RETX,1861,18.603,,200.000,1898496,
10.833515,RETX,1862,18.603,,200.000,1898496,
10.833794,RETX,1863,18.603,,200.000,1898496,
10.834023,RETX,1864,18.603,,200.000,1898496,
10.834247,RETX,1865,18.603,,200.000,1898496,
10.834472,RETX,1866,18.603,,200.000,1898496,
10.834697,SEND,1867,18.603,,200.000,1898496,
10.834922,SEND,1868,18.603,,200.000,1898496,
10.835147,SEND,1869,18.603,,200.000,1898496,
10.835375,SEND,1870,18.603,,200.000,1898496,
10.835582,SEND,1871,18.603,,200.000,1898496,
10.858939,NAK,1854,18.603,,,1898496,
10.867360,DUPACK,1854,18.603,,,1898496,
10.867831,STATS,-1,18.603,,200.000,1898496,base=1854 next=1872
10.875671,NAK,1854,18.603,,,1898496,
10.875732,DUPACK,1854,18.603,,,1898496,
10.875765,NAK,1854,18.603,,,1898496,
10.875794,DUPACK,1854,18.603,,,1898496,
10.875876,NAK,1854,18.603,,,1898496,
10.875917,NAK,1854,18.603,,,1898496,
10.875951,DUPACK,1854,18.603,,,1898496,
10.875978,NAK,1854,18.603,,,1898496,
10.877124,DUPACK,1854,18.603,,,1898496,
10.877181,NAK,1854,18.603,,,1898496,
10.879595,DUPACK,1854,18.603,,,1898496,
10.879648,NAK,1854,18.603,,,1898496,
10.879680,DUPACK,1854,18.603,,,1898496,
10.879706,NAK,1854,18.603,,,1898496,
10.880764,DUPACK,1854,18.603,,,1898496,
10.880819,NAK,1854,18.603,,,1898496,
10.881242,DUPACK,1854,18.603,,,1898496,
10.881335,ACK,1855,18.657,,,1899520,"cum ack, base->1855"
10.881397,ACK,1856,18.711,,,1900544,"cum ack, base->1856"
10.883091,ACK,1857,18.764,,,1901568,"cum ack, base->1857"
10.883311,ACK,1858,18.817,,,1902592,"cum ack, base->1858"
10.883585,SEND,1872,18.817,,200.000,1902592,
10.883796,SEND,1873,18.817,,200.000,1902592,
10.884025,SEND,1874,18.817,,200.000,1902592,
10.884236,SEND,1875,18.817,,200.000,1902592,
10.884328,NAK,1858,18.817,,,1902592,
10.884342,FASTRETX,1858,18.817,,200.000,1902592,nak
10.884389,DUPACK,1858,18.817,,,1902592,
10.884423,NAK,1858,18.817,,,1902592,
10.884687,DUPACK,1858,18.817,,,1902592,
10.884727,NAK,1858,18.817,,,1902592,
10.884762,DUPACK,1858,18.817,,,1902592,
10.886282,NAK,1858,18.817,,,1902592,
10.886318,DUPACK,1858,18.817,,,1902592,
10.886345,NAK,1858,18.817,,,1902592,
10.886371,DUPACK,1858,18.817,,,1902592,
10.887021,RETX,1858,18.817,,200.000,1902592,
10.887249,RETX,1859,18.817,,200.000,1902592,
10.887487,RETX,1860,18.817,,200.000,1902592,
10.887714,RETX,1861,18.817,,200.000,1902592,
10.887940,RETX,1862,18.817,,200.000,1902592,
10.888165,RETX,1863,18.817,,200.000,1902592,
10.888391,RETX,1864,18.817,,200.000,1902592,
10.888616,RETX,1865,18.817,,200.000,1902592,
10.888848,RETX,1866,18.817,,200.000,1902592,
10.889073,RETX,1867,18.817,,200.000,1902592,
10.889297,RETX,1868,18.817,,200.000,1902592,
10.889523,RETX,1869,18.817,,200.000,1902592,
10.889748,RETX,1870,18.817,,200.000,1902592,
10.889971,RETX,1871,18.817,,200.000,1902592,
10.890196,RETX,1872,18.817,,200.000,1902592,
10.890422,RETX,1873,18.817,,200.000,1902592,
10.890647,RETX,1874,18.817,,200.000,1902592,
10.890863,RETX,1875,18.817,,200.000,1902592,
10.890925,NAK,1858,18.817,,,1902592,
10.890952,DUPACK,1858,18.817,,,1902592,
10.890973,NAK,1858,18.817,,,1902592,
10.890993,DUPACK,1858,18.817,,,1902592,
10.891013,NAK,1858,18.817,,,1902592,
10.891033,DUPACK,1858,18.817,,,1902592,
10.891052,NAK,1858,18.817,,,1902592,
10.891071,DUPACK,1858,18.817,,,1902592,
10.891089,NAK,1858,18.817,,,1902592,
10.891109,DUPACK,1858,18.817,,,1902592,
10.891127,NAK,1858,18.817,,,1902592,
10.891146,DUPACK,1858,18.817,,,1902592,
10.891164,NAK,1858,18.817,,,1902592,
10.891183,DUPACK,1858,18.817,,,1902592,
10.917024,NAK,1858,18.817,,,1902592,
10.920440,DUPACK,1858,18.817,,,1902592,
10.922225,NAK,1858,18.817,,,1902592,
10.926355,DUPACK,1858,18.817,,,1902592,
10.927721,NAK,1858,18.817,,,1902592,
10.927765,DUPACK,1858,18.817,,,1902592,
10.927791,NAK,1858,18.817,,,1902592,
10.933920,DUPACK,1858,18.817,,,1902592,
10.933950,NAK,1858,18.817,,,1902592,
10.933973,DUPACK,1858,18.817,,,1902592,
10.936772,NAK,1858,18.817,,,1902592,
10.936813,DUPACK,1858,18.817,,,1902592,
10.936842,NAK,1858,18.817,,,1902592,
10.936869,DUPACK,1858,18.817,,,1902592,
10.936894,NAK,1858,18.817,,,1902592,
10.936920,DUPACK,1858,18.817,,,1902592,
10.945510,NAK,1858,18.817,,,1902592,
10.945595,DUPACK,1858,18.817,,,1902592,
10.945632,NAK,1858,18.817,,,1902592,
10.945676,DUPACK,1858,18.817,,,1902592,
10.945708,NAK,1858,18.817,,,1902592,
10.945769,DUPACK,1858,18.817,,,1902592,
10.945816,NAK,1858,18.817,,,1902592,
10.945854,DUPACK,1858,18.817,,,1902592,
10.945887,NAK,1858,18.817,,,1902592,
10.945918,DUPACK,1858,18.817,,,1902592,
10.945949,NAK,1858,18.817,,,1902592,
10.945982,DUPACK,1858,18.817,,,1902592,
10.946011,NAK,1858,18.817,,,1902592,
10.946059,DUPACK,1858,18.817,,,1902592,
10.946137,NAK,1858,18.817,,,1902592,
10.946183,DUPACK,1858,18.817,,,1902592,
10.946219,NAK,1858,18.817,,,1902592,
10.946253,DUPACK,1858,18.817,,,1902592,
10.946295,NAK,1858,18.817,,,1902592,
10.946326,DUPACK,1858,18.817,,,1902592,
10.946355,NAK,1858,18.817,,,1902592,
10.946414,DUPACK,1858,18.817,,,1902592,
10.946455,NAK,1858,18.817,,,1902592,
10.946492,DUPACK,1858,18.817,,,1902592,
10.968960,STATS,-1,18.817,,200.000,1902592,base=1858 next=1876
11.069225,STATS,-1,18.817,,200.000,1902592,base=1858 next=1876
11.086882,TIMEOUT,1858,18.817,,200.000,1902592,timeout
11.089947,RETX,1858,18.817,,200.000,1902592,
11.090271,RETX,1859,18.817,,200.000,1902592,
11.090544,RETX,1860,18.817,,200.000,1902592,
11.090882,RETX,1861,18.817,,200.000,1902592,
11.091167,RETX,1862,18.817,,200.000,1902592,
11.091431,RETX,1863,18.817,,200.000,1902592,
11.091708,RETX,1864,18.817,,200.000,1902592,
11.091966,RETX,1865,18.817,,200.000,1902592,
11.092229,RETX,1866,18.817,,200.000,1902592,
11.092491,RETX,1867,18.817,,200.000,1902592,
11.092756,RETX,1868,18.817,,200.000,1902592,
11.093022,RETX,1869,18.817,,200.000,1902592,
11.093281,RETX,1870,18.817,,200.000,1902592,
11.093538,RETX,1871,18.817,,200.000,1902592,
11.093793,RETX,1872,18.817,,200.000,1902592,
11.093995,RETX,1873,18.817,,200.000,1902592,
11.094204,RETX,1874,18.817,,200.000,1902592,
11.094411,RETX,1875,18.817,,200.000,1902592,
11.122820,ACK,1859,18.871,,,1903616,"cum ack, base->1859"
11.124800,SEND,1876,18.871,,200.000,1903616,
11.137296,ACK,1860,18.924,,,1904640,"cum ack, base->1860"
11.137414,ACK,1861,18.976,,,1905664,"cum ack, base->1861"
11.137457,ACK,1862,19.029,,,1906688,"cum ack, base->1862"
11.137514,ACK,1863,19.082,,,1907712,"cum ack, base->1863"
11.137547,ACK,1864,19.134,,,1908736,"cum ack, base->1864"
11.137579,ACK,1866,19.238,,,1910784,"cum ack, base->1866"
11.137609,ACK,1867,19.290,,,1911808,"cum ack, base->1867"
11.137640,ACK,1868,19.342,,,1912832,"cum ack, base->1868"
11.137747,ACK,1870,19.446,,,1914880,"cum ack, base->1870"
11.137991,SEND,1877,19.446,,200.000,1914880,
11.138210,SEND,1878,19.446,,200.000,1914880,
11.138385,SEND,1879,19.446,,200.000,1914880,
11.138555,SEND,1880,19.446,,200.000,1914880,
11.138724,SEND,1881,19.446,,200.000,1914880,
11.138891,SEND,1882,19.446,,200.000,1914880,
11.139057,SEND,1883,19.446,,200.000,1914880,
11.139279,SEND,1884,19.446,,200.000,1914880,
11.139458,SEND,1885,19.446,,200.000,1914880,
11.139626,SEND,1886,19.446,,200.000,1914880,
11.139823,SEND,1887,19.446,,200.000,1914880,
11.140003,SEND,1888,19.446,,200.000,1914880,
11.141440,ACK,1871,19.497,,,1915904,"cum ack, base->1871"
11.141544,ACK,1872,19.548,,,1916928,"cum ack, base->1872"
11.143256,SEND,1889,19.548,,200.000,1916928,
11.143543,SEND,1890,19.548,,200.000,1916928,
11.144517,ACK,1873,19.599,,,1917952,"cum ack, base->1873"
11.144587,ACK,1874,19.650,,,1918976,"cum ack, base->1874"
11.144628,ACK,1875,19.701,,,1920000,"cum ack, base->1875"
11.144788,ACK,1876,19.752,,,1921024,"cum ack, base->1876"
11.146380,SEND,1891,19.752,,200.000,1921024,
11.146604,SEND,1892,19.752,,200.000,1921024,
11.146851,SEND,1893,19.752,,200.000,1921024,
11.147030,SEND,1894,19.752,,200.000,1921024,
11.167451,ACK,1877,19.803,,,1922048,"cum ack, base->1877"
11.169592,SEND,1895,19.803,,200.000,1922048,
11.169623,STATS,-1,19.803,,200.000,1922048,base=1877 next=1896
11.185395,ACK,1878,19.853,,,1923072,"cum ack, base->1878"
11.185501,ACK,1879,19.904,,,1924096,"cum ack, base->1879"
11.185547,ACK,1880,19.954,,,1925120,"cum ack, base->1880"
11.185588,ACK,1881,20.004,,,1926144,"cum ack, base->1881"
11.185627,ACK,1882,20.054,,,1927168,"cum ack, base->1882"
11.185665,ACK,1883,20.104,,,1928192,"cum ack, base->1883"
11.188003,SEND,1896,20.104,,200.000,1928192,
11.188339,SEND,1897,20.104,,200.000,1928192,
11.188558,SEND,1898,20.104,,200.000,1928192,
11.188799,SEND,1899,20.104,,200.000,1928192,
11.189045,SEND,1900,20.104,,200.000,1928192,
11.189362,SEND,1901,20.104,,200.000,1928192,
11.189570,SEND,1902,20.104,,200.000,1928192,
11.189906,ACK,1884,20.154,,,1929216,"cum ack, base->1884"
11.189964,ACK,1885,20.203,,,1930240,"cum ack, base->1885"
11.190006,ACK,1886,20.253,,,1931264,"cum ack, base->1886"
11.190045,ACK,1887,20.302,,,1932288,"cum ack, base->1887"
11.190085,ACK,1888,20.351,,,1933312,"cum ack, base->1888"
11.192271,SEND,1903,20.351,,200.000,1933312,
11.192575,SEND,1904,20.351,,200.000,1933312,
11.192797,SEND,1905,20.351,,200.000,1933312,
11.193014,SEND,1906,20.351,,200.000,1933312,
11.193461,SEND,1907,20.351,,200.000,1933312,
11.193666,ACK,1889,20.400,,,1934336,"cum ack, base->1889"
11.193786,ACK,1890,20.449,,,1935360,"cum ack, base->1890"
11.193828,ACK,1891,20.498,,,1936384,"cum ack, base->1891"
11.193866,ACK,1892,20.547,,,1937408,"cum ack, base->1892"
11.193898,ACK,1893,20.596,,,1938432,"cum ack, base->1893"
11.196175,SEND,1908,20.596,,200.000,1938432,
11.196441,SEND,1909,20.596,,200.000,1938432,
11.196763,SEND,1910,20.596,,200.000,1938432,
11.196984,SEND,1911,20.596,,200.000,1938432,
11.197196,SEND,1912,20.596,,200.000,1938432,
11.197374,ACK,1894,20.644,,,1939456,"cum ack, base->1894"
11.197492,ACK,1895,20.693,,,1940480,"cum ack, base->1895"
11.200336,SEND,1913,20.693,,200.000,1940480,
11.200751,SEND,1914,20.693,,200.000,1940480,
11.205131,ACK,1896,20.741,,,1941504,"cum ack, base->1896"
11.206257,SEND,1915,20.741,,200.000,1941504,
11.230758,ACK,1897,20.789,,,1942528,"cum ack, base->1897"
11.231898,SEND,1916,20.789,,200.000,1942528,
11.239985,ACK,1898,20.837,,,1943552,"cum ack, base->1898"
11.240081,ACK,1899,20.885,,,1944576,"cum ack, base->1899"
11.240137,ACK,1900,20.933,,,1945600,"cum ack, base->1900"
11.240239,ACK,1901,20.981,,,1946624,"cum ack, base->1901"
11.240305,ACK,1902,21.029,,,1947648,"cum ack, base->1902"
11.240352,NAK,1902,21.029,,,1947648,
11.240370,FASTRETX,1902,18.692,,200.000,1947648,nak
11.240415,DUPACK,1902,18.692,,,1947648,
11.240455,NAK,1902,18.692,,,1947648,
11.242040,RETX,1902,18.692,,200.000,1947648,
11.242465,RETX,1903,18.692,,200.000,1947648,
11.242834,RETX,1904,18.692,,200.000,1947648,
11.243116,RETX,1905,18.692,,200.000,1947648,
11.243529,RETX,1906,18.692,,200.000,1947648,
11.243955,RETX,1907,18.692,,200.000,1947648,
11.244281,RETX,1908,18.692,,200.000,1947648,
11.244548,RETX,1909,18.692,,200.000,1947648,
11.244807,RETX,1910,18.692,,200.000,1947648,
11.245111,RETX,1911,18.692,,200.000,1947648,
11.245329,RETX,1912,18.692,,200.000,1947648,
11.245533,RETX,1913,18.692,,200.000,1947648,
11.245737,RETX,1914,18.692,,200.000,1947648,
11.245957,RETX,1915,18.692,,200.000,1947648,
11.246170,RETX,1916,18.692,,200.000,1947648,
11.246426,SEND,1917,18.692,,200.000,1947648,
11.246646,SEND,1918,18.692,,200.000,1947648,
11.246897,SEND,1919,18.692,,200.000,1947648,
11.247055,DUPACK,1902,18.692,,,1947648,
11.247086,NAK,1902,18.692,,,1947648,
11.247114,DUPACK,1902,18.692,,,1947648,
11.247140,NAK,1902,18.692,,,1947648,
11.247167,DUPACK,1902,18.692,,,1947648,
11.247191,NAK,1902,18.692,,,1947648,
11.247216,DUPACK,1902,18.692,,,1947648,
11.247240,NAK,1902,18.692,,,1947648,
11.247266,DUPACK,1902,18.692,,,1947648,
11.247920,NAK,1902,18.692,,,1947648,
11.247958,DUPACK,1902,18.692,,,1947648,
11.248173,NAK,1902,18.692,,,1947648,
11.248204,DUPACK,1902,18.692,,,1947648,
11.248228,NAK,1902,18.692,,,1947648,
11.248255,DUPACK,1902,18.692,,,1947648,
11.248280,NAK,1902,18.692,,,1947648,
11.248306,DUPACK,1902,18.692,,,1947648,
11.248332,NAK,1902,18.692,,,1947648,
11.248358,DUPACK,1902,18.692,,,1947648,
11.248382,NAK,1902,18.692,,,1947648,
11.248408,DUPACK,1902,18.692,,,1947648,
11.270277,STATS,-1,18.692,,200.000,1947648,base=1902 next=1920
11.285857,NAK,1902,18.692,,,1947648,
11.285892,DUPACK,1902,18.692,,,1947648,
11.285934,ACK,1903,18.746,,,1948672,"cum ack, base->1903"
11.286549,ACK,1905,18.852,,,1950720,"cum ack, base->1905"
11.287844,SEND,1920,18.852,,200.000,1950720,
11.288077,SEND,1921,18.852,,200.000,1950720,
11.288363,SEND,1922,18.852,,200.000,1950720,
11.294590,ACK,1906,18.905,,,1951744,"cum ack, base->1906"
11.294690,ACK,1908,19.011,,,1953792,"cum ack, base->1908"
11.294853,ACK,1909,19.064,,,1954816,"cum ack, base->1909"
11.294901,ACK,1910,19.116,,,1955840,"cum ack, base->1910"
11.294933,ACK,1911,19.168,,,1956864,"cum ack, base->1911"
11.296002,SEND,1923,19.168,,200.000,1956864,
11.296183,SEND,1924,19.168,,200.000,1956864,
11.296358,SEND,1925,19.168,,200.000,1956864,
11.296564,SEND,1926,19.168,,200.000,1956864,
11.296747,SEND,1927,19.168,,200.000,1956864,
11.296916,SEND,1928,19.168,,200.000,1956864,
11.297086,SEND,1929,19.168,,200.000,1956864,
11.297218,ACK,1912,19.220,,,1957888,"cum ack, base->1912"
11.297278,ACK,1913,19.273,,,1958912,"cum ack, base->1913"
11.297312,ACK,1914,19.324,,,1959936,"cum ack, base->1914"
11.299984,SEND,1930,19.324,,200.000,1959936,
11.300211,SEND,1931,19.324,,200.000,1959936,
11.300573,SEND,1932,19.324,,200.000,1959936,
11.300717,ACK,1915,19.376,,,1960960,"cum ack, base->1915"
11.301065,ACK,1916,19.428,,,1961984,"cum ack, base->1916"
11.301133,ACK,1917,19.479,,,1963008,"cum ack, base->1917"
11.301174,ACK,1918,19.531,,,1964032,"cum ack, base->1918"
11.301287,ACK,1919,19.582,,,1965056,"cum ack, base->1919"
11.301336,ACK,1920,19.633,,,1966080,"cum ack, base->1920"
11.303951,SEND,1933,19.633,,200.000,1966080,
11.304141,SEND,1934,19.633,,200.000,1966080,
11.304313,SEND,1935,19.633,,200.000,1966080,
11.304526,SEND,1936,19.633,,200.000,1966080,
11.304718,SEND,1937,19.633,,200.000,1966080,
11.304911,SEND,1938,19.633,,200.000,1966080,
11.324651,ACK,1921,19.684,,,1967104,"cum ack, base->1921"
11.327050,SEND,1939,19.684,,200.000,1967104,
11.331122,ACK,1922,19.735,,,1968128,"cum ack, base->1922"
11.331746,ACK,1923,19.785,,,1969152,"cum ack, base->1923"
11.332046,SEND,1940,19.785,,200.000,1969152,
11.332229,SEND,1941,19.785,,200.000,1969152,
11.336535,ACK,1924,19.836,,,1970176,"cum ack, base->1924"
11.336571,ACK,1925,19.886,,,1971200,"cum ack, base->1925"
11.337468,SEND,1942,19.886,,200.000,1971200,
11.337650,SEND,1943,19.886,,200.000,1971200,
11.342005,ACK,1926,19.936,,,1972224,"cum ack, base->1926"
11.342035,ACK,1927,19.987,,,1973248,"cum ack, base->1927"
11.342061,ACK,1928,20.037,,,1974272,"cum ack, base->1928"
11.342841,SEND,1944,20.037,,200.000,1974272,
11.342990,SEND,1945,20.037,,200.000,1974272,
11.343135,SEND,1946,20.037,,200.000,1974272,
11.343281,SEND,1947,20.037,,200.000,1974272,
11.345051,ACK,1929,20.087,,,1975296,"cum ack, base->1929"
11.345078,ACK,1930,20.136,,,1976320,"cum ack, base->1930"
11.345949,SEND,1948,20.136,,200.000,1976320,
11.346095,SEND,1949,20.136,,200.000,1976320,
11.348111,ACK,1931,20.186,,,1977344,"cum ack, base->1931"
11.348762,SEND,1950,20.186,,200.000,1977344,
11.352302,ACK,1934,20.334,,,1980416,"cum ack, base->1934"
11.352332,ACK,1935,20.383,,,1981440,"cum ack, base->1935"
11.352357,ACK,1936,20.433,,,1982464,"cum ack, base->1936"
11.352381,ACK,1937,20.481,,,1983488,"cum ack, base->1937"
11.352405,ACK,1938,20.530,,,1984512,"cum ack, base->1938"
11.352428,ACK,1939,20.579,,,1985536,"cum ack, base->1939"
11.353976,SEND,1951,20.579,,200.000,1985536,
11.354157,SEND,1952,20.579,,200.000,1985536,
11.354333,SEND,1953,20.579,,200.000,1985536,
11.354512,SEND,1954,20.579,,200.000,1985536,
11.354690,SEND,1955,20.579,,200.000,1985536,
11.354866,SEND,1956,20.579,,200.000,1985536,
11.355042,SEND,1957,20.579,,200.000,1985536,
11.355219,SEND,1958,20.579,,200.000,1985536,
11.370319,STATS,-1,20.579,,200.000,1985536,base=1939 next=1959
11.372455,ACK,1941,20.676,,,1987584,"cum ack, base->1941"
11.373031,SEND,1959,20.676,,200.000,1987584,
11.373212,SEND,1960,20.676,,200.000,1987584,
11.375731,ACK,1943,20.773,,,1989632,"cum ack, base->1943"
11.375937,SEND,1961,20.773,,200.000,1989632,
11.376117,SEND,1962,20.773,,200.000,1989632,
11.378710,ACK,1944,20.821,,,1990656,"cum ack, base->1944"
11.380922,SEND,1963,20.821,,200.000,1990656,
11.387015,ACK,1945,20.869,,,1991680,"cum ack, base->1945"
11.388705,SEND,1964,20.869,,200.000,1991680,
11.394269,ACK,1946,20.917,,,1992704,"cum ack, base->1946"
11.394326,ACK,1947,20.965,,,1993728,"cum ack, base->1947"
11.394359,ACK,1948,21.012,,,1994752,"cum ack, base->1948"
11.394390,ACK,1949,21.060,,,1995776,"cum ack, base->1949"
11.396621,SEND,1965,21.060,,200.000,1995776,
11.396885,SEND,1966,21.060,,200.000,1995776,
11.397072,SEND,1967,21.060,,200.000,1995776,
11.397248,SEND,1968,21.060,,200.000,1995776,
11.397418,SEND,1969,21.060,,200.000,1995776,
11.397532,NAK,1949,21.060,,,1995776,
11.397558,FASTRETX,1949,18.720,,200.000,1995776,nak
11.397603,DUPACK,1949,18.720,,,1995776,
11.397633,NAK,1949,18.720,,,1995776,
11.397660,DUPACK,1949,18.720,,,1995776,
11.400267,RETX,1949,18.720,,200.000,1995776,
11.400591,RETX,1950,18.720,,200.000,1995776,
11.400817,RETX,1951,18.720,,200.000,1995776,
11.401225,RETX,1952,18.720,,200.000,1995776,
11.401989,RETX,1953,18.720,,200.000,1995776,
11.402220,RETX,1954,18.720,,200.000,1995776,
11.402403,RETX,1955,18.720,,200.000,1995776,
11.402645,RETX,1956,18.720,,200.000,1995776,
11.402928,RETX,1957,18.720,,200.000,1995776,
11.403102,RETX,1958,18.720,,200.000,1995776,
11.403485,RETX,1959,18.720,,200.000,1995776,
11.403721,RETX,1960,18.720,,200.000,1995776,
11.403948,RETX,1961,18.720,,200.000,1995776,
11.404175,RETX,1962,18.720,,200.000,1995776,
11.404400,RETX,1963,18.720,,200.000,1995776,
11.404624,RETX,1964,18.720,,200.000,1995776,
11.404847,RETX,1965,18.720,,200.000,1995776,
11.405075,RETX,1966,18.720,,200.000,1995776,
11.405174,NAK,1949,18.720,,,1995776,
11.405238,DUPACK,1949,18.720,,,1995776,
11.405308,NAK,1949,18.720,,,1995776,
11.405339,DUPACK,1949,18.720,,,1995776,
11.405445,NAK,1949,18.720,,,1995776,
11.405466,DUPACK,1949,18.720,,,1995776,
11.405485,NAK,1949,18.720,,,1995776,
11.405506,DUPACK,1949,18.720,,,1995776,
11.405525,NAK,1949,18.720,,,1995776,
11.405545,DUPACK,1949,18.720,,,1995776,
11.405563,NAK,1949,18.720,,,1995776,
11.406038,DUPACK,1949,18.720,,,1995776,
11.406061,NAK,1949,18.720,,,1995776,
11.406081,DUPACK,1949,18.720,,,1995776,
11.406376,NAK,1949,18.720,,,1995776,
11.419798,DUPACK,1949,18.720,,,1995776,
11.419863,NAK,1949,18.720,,,1995776,
11.419899,DUPACK,1949,18.720,,,1995776,
11.426246,NAK,1949,18.720,,,1995776,
11.426310,DUPACK,1949,18.720,,,1995776,
11.427495,NAK,1949,18.720,,,1995776,
11.427716,DUPACK,1949,18.720,,,1995776,
11.427961,NAK,1949,18.720,,,1995776,
11.428214,DUPACK,1949,18.720,,,1995776,
11.450940,DUPACK,1949,18.720,,,1995776,
11.451100,NAK,1949,18.720,,,1995776,
11.451182,DUPACK,1949,18.720,,,1995776,
11.451268,NAK,1949,18.720,,,1995776,
11.451310,DUPACK,1949,18.720,,,1995776,
11.451348,NAK,1949,18.720,,,1995776,
11.451382,DUPACK,1949,18.720,,,1995776,
11.451413,NAK,1949,18.720,,,1995776,
11.451468,ACK,1950,18.773,,,1996800,"cum ack, base->1950"
11.451510,ACK,1951,18.827,,,1997824,"cum ack, base->1951"
11.451551,ACK,1952,18.880,,,1998848,"cum ack, base->1952"
11.451639,ACK,1953,18.933,,,1999872,"cum ack, base->1953"
11.452488,NAK,1953,18.933,,,1999872,
11.452581,FASTRETX,1953,18.933,,200.000,1999872,nak
11.452644,DUPACK,1953,18.933,,,1999872,
11.452681,DUPACK,1953,18.933,,,1999872,
11.452716,NAK,1953,18.933,,,1999872,
11.452755,DUPACK,1953,18.933,,,1999872,
11.452787,NAK,1953,18.933,,,1999872,
11.452818,DUPACK,1953,18.933,,,1999872,
11.453584,RETX,1953,18.933,,200.000,1999872,
11.453804,RETX,1954,18.933,,200.000,1999872,
11.454056,RETX,1955,18.933,,200.000,1999872,
11.454272,RETX,1956,18.933,,200.000,1999872,
11.454563,RETX,1957,18.933,,200.000,1999872,
11.454816,RETX,1958,18.933,,200.000,1999872,
11.455036,RETX,1959,18.933,,200.000,1999872,
11.455301,RETX,1960,18.933,,200.000,1999872,
11.455513,RETX,1961,18.933,,200.000,1999872,
11.455723,RETX,1962,18.933,,200.000,1999872,
11.455924,RETX,1963,18.933,,200.000,1999872,
11.456127,RETX,1964,18.933,,200.000,1999872,
11.456335,RETX,1965,18.933,,200.000,1999872,
11.456544,RETX,1966,18.933,,200.000,1999872,
11.456729,RETX,1967,18.933,,200.000,1999872,
11.456928,RETX,1968,18.933,,200.000,1999872,
11.457099,RETX,1969,18.933,,200.000,1999872,
11.457268,SEND,1970,18.933,,200.000,1999872,
11.457393,NAK,1953,18.933,,,1999872,
11.457450,DUPACK,1953,18.933,,,1999872,
11.457480,NAK,1953,18.933,,,1999872,
11.457509,DUPACK,1953,18.933,,,1999872,
11.457537,NAK,1953,18.933,,,1999872,
11.457563,DUPACK,1953,18.933,,,1999872,
11.457590,NAK,1953,18.933,,,1999872,
11.457621,DUPACK,1953,18.933,,,1999872,
11.457649,NAK,1953,18.933,,,1999872,
11.457735,DUPACK,1953,18.933,,,1999872,
11.457787,NAK,1953,18.933,,,1999872,
11.457949,DUPACK,1953,18.933,,,1999872,
11.457982,NAK,1953,18.933,,,1999872,
11.458016,DUPACK,1953,18.933,,,1999872,
11.458043,NAK,1953,18.933,,,1999872,
11.458071,DUPACK,1953,18.933,,,1999872,
11.458096,NAK,1953,18.933,,,1999872,
11.458239,DUPACK,1953,18.933,,,1999872,
11.472188,STATS,-1,18.933,,200.000,1999872,base=1953 next=1971
11.485207,ACK,1954,18.985,,,2000896,"cum ack, base->1954"
11.487615,SEND,1971,18.985,,200.000,2000896,
11.501697,ACK,1955,19.038,,,2001920,"cum ack, base->1955"
11.503609,SEND,1972,19.038,,200.000,2001920,
11.504070,SEND,1973,19.038,,200.000,2001920,
11.506173,ACK,1956,19.091,,,2002944,"cum ack, base->1956"
11.506255,ACK,1957,19.143,,,2003968,"cum ack, base->1957"
11.506964,SEND,1974,19.143,,200.000,2003968,
11.507263,SEND,1975,19.143,,200.000,2003968,
11.508907,ACK,1958,19.195,,,2004992,"cum ack, base->1958"
11.509192,ACK,1959,19.247,,,2006016,"cum ack, base->1959"
11.509293,ACK,1960,19.299,,,2007040,"cum ack, base->1960"
11.509346,ACK,1961,19.351,,,2008064,"cum ack, base->1961"
11.509395,ACK,1962,19.403,,,2009088,"cum ack, base->1962"
11.509443,ACK,1963,19.454,,,2010112,"cum ack, base->1963"
11.509528,NAK,1963,19.454,,,2010112,
11.509552,FASTRETX,1963,19.454,,200.000,2010112,nak
11.509706,DUPACK,1963,19.454,,,2010112,
11.510084,RETX,1963,19.454,,200.000,2010112,
11.510356,RETX,1964,19.454,,200.000,2010112,
11.510616,RETX,1965,19.454,,200.000,2010112,
11.510877,RETX,1966,19.454,,200.000,2010112,
11.511176,RETX,1967,19.454,,200.000,2010112,
11.511583,RETX,1968,19.454,,200.000,2010112,
11.511799,RETX,1969,19.454,,200.000,2010112,
11.512062,RETX,1970,19.454,,200.000,2010112,
11.512299,RETX,1971,19.454,,200.000,2010112,
11.512507,RETX,1972,19.454,,200.000,2010112,
11.512710,RETX,1973,19.454,,200.000,2010112,
11.512911,RETX,1974,19.454,,200.000,2010112,
11.513208,RETX,1975,19.454,,200.000,2010112,
11.513437,SEND,1976,19.454,,200.000,2010112,
11.513619,SEND,1977,19.454,,200.000,2010112,
11.513795,SEND,1978,19.454,,200.000,2010112,
11.513966,SEND,1979,19.454,,200.000,2010112,
11.514222,SEND,1980,19.454,,200.000,2010112,
11.514404,SEND,1981,19.454,,200.000,2010112,
11.514471,DUPACK,1963,19.454,,,2010112,
11.514611,NAK,1963,19.454,,,2010112,
11.514678,DUPACK,1963,19.454,,,2010112,
11.514893,NAK,1963,19.454,,,2010112,
11.515251,NAK,1963,19.454,,,2010112,
11.515296,DUPACK,1963,19.454,,,2010112,
11.515439,NAK,1963,19.454,,,2010112,
11.515474,NAK,1963,19.454,,,2010112,
11.515501,DUPACK,1963,19.454,,,2010112,
11.536809,NAK,1963,19.454,,,2010112,
11.541028,DUPACK,1963,19.454,,,2010112,
11.541054,NAK,1963,19.454,,,2010112,
11.544446,DUPACK,1963,19.454,,,2010112,
11.546435,DUPACK,1963,19.454,,,2010112,
11.550287,DUPACK,1963,19.454,,,2010112,
11.551910,ACK,1964,19.506,,,2011136,"cum ack, base->1964"
11.551939,ACK,1965,19.557,,,2012160,"cum ack, base->1965"
11.552735,SEND,1982,19.557,,200.000,2012160,
11.552967,SEND,1983,19.557,,200.000,2012160,
11.563217,ACK,1966,19.608,,,2013184,"cum ack, base->1966"
11.563296,ACK,1967,19.659,,,2014208,"cum ack, base->1967"
11.563335,ACK,1968,19.710,,,2015232,"cum ack, base->1968"
11.563367,ACK,1969,19.761,,,2016256,"cum ack, base->1969"
11.563400,ACK,1970,19.811,,,2017280,"cum ack, base->1970"
11.563433,ACK,1971,19.862,,,2018304,"cum ack, base->1971"
11.563466,ACK,1972,19.912,,,2019328,"cum ack, base->1972"
11.563497,ACK,1973,19.962,,,2020352,"cum ack, base->1973"
11.566715,NAK,1973,19.962,,,2020352,
11.566760,FASTRETX,1973,17.744,,200.000,2020352,nak
11.566864,DUPACK,1973,17.744,,,2020352,
11.567296,RETX,1973,17.744,,200.000,2020352,
11.567482,RETX,1974,17.744,,200.000,2020352,
11.567703,RETX,1975,17.744,,200.000,2020352,
11.567997,RETX,1976,17.744,,200.000,2020352,
11.568231,RETX,1977,17.744,,200.000,2020352,
11.568458,RETX,1978,17.744,,200.000,2020352,
11.568683,RETX,1979,17.744,,200.000,2020352,
11.568908,RETX,1980,17.744,,200.000,2020352,
11.569135,RETX,1981,17.744,,200.000,2020352,
11.569362,RETX,1982,17.744,,200.000,2020352,
11.569586,RETX,1983,17.744,,200.000,2020352,
11.569813,SEND,1984,17.744,,200.000,2020352,
11.570010,SEND,1985,17.744,,200.000,2020352,
11.570185,SEND,1986,17.744,,200.000,2020352,
11.570361,SEND,1987,17.744,,200.000,2020352,
11.570537,SEND,1988,17.744,,200.000,2020352,
11.570713,SEND,1989,17.744,,200.000,2020352,
11.570744,NAK,1973,17.744,,,2020352,
11.570776,DUPACK,1973,17.744,,,2020352,
11.570801,NAK,1973,17.744,,,2020352,
11.570824,DUPACK,1973,17.744,,,2020352,
11.570846,NAK,1973,17.744,,,2020352,
11.570868,DUPACK,1973,17.744,,,2020352,
11.570890,NAK,1973,17.744,,,2020352,
11.570915,DUPACK,1973,17.744,,,2020352,
11.570953,NAK,1973,17.744,,,2020352,
11.570975,DUPACK,1973,17.744,,,2020352,
11.570993,NAK,1973,17.744,,,2020352,
11.571012,DUPACK,1973,17.744,,,2020352,
11.571032,NAK,1973,17.744,,,2020352,
11.571050,DUPACK,1973,17.744,,,2020352,
11.573153,STATS,-1,17.744,,200.000,2020352,base=1973 next=1990
11.602230,NAK,1973,17.744,,,2020352,
11.603277,DUPACK,1973,17.744,,,2020352,
11.605317,NAK,1973,17.744,,,2020352,
11.605351,DUPACK,1973,17.744,,,2020352,
11.628676,ACK,1974,17.801,,,2021376,"cum ack, base->1974"
11.628827,ACK,1975,17.857,,,2022400,"cum ack, base->1975"
11.628912,ACK,1976,17.913,,,2023424,"cum ack, base->1976"
11.628995,ACK,1977,17.969,,,2024448,"cum ack, base->1977"
11.629038,ACK,1978,18.024,,,2025472,"cum ack, base->1978"
11.629078,ACK,1979,18.080,,,2026496,"cum ack, base->1979"
11.629117,ACK,1980,18.135,,,2027520,"cum ack, base->1980"
11.629157,ACK,1981,18.190,,,2028544,"cum ack, base->1981"
11.629195,ACK,1982,18.245,,,2029568,"cum ack, base->1982"
11.629231,ACK,1983,18.300,,,2030592,"cum ack, base->1983"
11.629318,ACK,1984,18.355,,,2031616,"cum ack, base->1984"
11.629367,ACK,1985,18.409,,,2032640,"cum ack, base->1985"
11.629407,ACK,1986,18.464,,,2033664,"cum ack, base->1986"
11.629445,ACK,1988,18.572,,,2035712,"cum ack, base->1988"
11.629485,ACK,1989,18.626,,,2036736,"cum ack, base->1989"
11.629524,ACK,1990,18.679,,,2037760,"cum ack, base->1990"
11.629846,SEND,1990,18.679,,200.000,2037760,
11.630112,SEND,1991,18.679,,200.000,2037760,
11.630408,SEND,1992,18.679,,200.000,2037760,
11.630669,SEND,1993,18.679,,200.000,2037760,
11.631008,SEND,1994,18.679,,200.000,2037760,
11.631216,SEND,1995,18.679,,200.000,2037760,
11.631407,SEND,1996,18.679,,200.000,2037760,
11.631799,SEND,1997,18.679,,200.000,2037760,
11.631978,SEND,1998,18.679,,200.000,2037760,
11.632263,SEND,1999,18.679,,200.000,2037760,
11.632533,SEND,2000,18.679,,200.000,2037760,
11.632706,SEND,2001,18.679,,200.000,2037760,
11.632948,SEND,2002,18.679,,200.000,2037760,
11.633249,SEND,2003,18.679,,200.000,2037760,
11.633481,SEND,2004,18.679,,200.000,2037760,
11.633706,SEND,2005,18.679,,200.000,2037760,
11.633931,SEND,2006,18.679,,200.000,2037760,
11.634156,SEND,2007,18.679,,200.000,2037760,
11.673051,ACK,1991,18.733,,,2038784,"cum ack, base->1991"
11.673115,ACK,1992,18.786,,,2039808,"cum ack, base->1992"
11.673149,ACK,1993,18.839,,,2040832,"cum ack, base->1993"
11.674217,SEND,2008,18.839,,200.000,2040832,
11.674514,SEND,2009,18.839,,200.000,2040832,
11.674733,SEND,2010,18.839,,200.000,2040832,
11.674752,STATS,-1,18.839,,200.000,2040832,base=1993 next=2011
11.679451,ACK,1994,18.892,,,2041856,"cum ack, base->1994"
11.679528,ACK,1995,18.945,,,2042880,"cum ack, base->1995"
11.679623,ACK,1996,18.998,,,2043904,"cum ack, base->1996"
11.680144,SEND,2011,18.998,,200.000,2043904,
11.680359,SEND,2012,18.998,,200.000,2043904,
11.680599,SEND,2013,18.998,,200.000,2043904,
11.681944,ACK,1997,19.051,,,2044928,"cum ack, base->1997"
11.682006,ACK,1998,19.103,,,2045952,"cum ack, base->1998"
11.682243,ACK,1999,19.156,,,2046976,"cum ack, base->1999"
11.682391,ACK,2000,19.208,,,2048000,"cum ack, base->2000"
11.682428,NAK,2000,19.208,,,2048000,
11.682443,FASTRETX,2000,17.074,,200.000,2048000,nak
11.682481,DUPACK,2000,17.074,,,2048000,
11.682514,NAK,2000,17.074,,,2048000,
11.682545,DUPACK,2000,17.074,,,2048000,
11.682574,NAK,2000,17.074,,,2048000,
11.682604,DUPACK,2000,17.074,,,2048000,
11.682633,NAK,2000,17.074,,,2048000,
11.683520,RETX,2000,17.074,,200.000,2048000,
11.683750,RETX,2001,17.074,,200.000,2048000,
11.683962,RETX,2002,17.074,,200.000,2048000,
11.684165,RETX,2003,17.074,,200.000,2048000,
11.684374,RETX,2004,17.074,,200.000,2048000,
11.684778,RETX,2005,17.074,,200.000,2048000,
11.685005,RETX,2006,17.074,,200.000,2048000,
11.685210,RETX,2007,17.074,,200.000,2048000,
11.685437,RETX,2008,17.074,,200.000,2048000,
11.686172,RETX,2009,17.074,,200.000,2048000,
11.686352,RETX,2010,17.074,,200.000,2048000,
11.686520,RETX,2011,17.074,,200.000,2048000,
11.686687,RETX,2012,17.074,,200.000,2048000,
11.687282,RETX,2013,17.074,,200.000,2048000,
11.687468,SEND,2014,17.074,,200.000,2048000,
11.687638,SEND,2015,17.074,,200.000,2048000,
11.687809,SEND,2016,17.074,,200.000,2048000,
11.687939,DUPACK,2000,17.074,,,2048000,
11.687984,NAK,2000,17.074,,,2048000,
11.688103,DUPACK,2000,17.074,,,2048000,
11.688134,NAK,2000,17.074,,,2048000,
11.688162,DUPACK,2000,17.074,,,2048000,
11.688186,NAK,2000,17.074,,,2048000,
11.688211,DUPACK,2000,17.074,,,2048000,
11.721854,NAK,2000,17.074,,,2048000,
11.721888,DUPACK,2000,17.074,,,2048000,
11.721914,NAK,2000,17.074,,,2048000,
11.721939,DUPACK,2000,17.074,,,2048000,
11.722397,NAK,2000,17.074,,,2048000,
11.722426,DUPACK,2000,17.074,,,2048000,
11.722451,NAK,2000,17.074,,,2048000,
11.722478,DUPACK,2000,17.074,,,2048000,
11.726352,NAK,2000,17.074,,,2048000,
11.728832,DUPACK,2000,17.074,,,2048000,
11.728888,NAK,2000,17.074,,,2048000,
11.728924,DUPACK,2000,17.074,,,2048000,
11.728968,ACK,2001,17.132,,,2049024,"cum ack, base->2001"
11.730624,SEND,2017,17.132,,200.000,2049024,
11.735587,ACK,2003,17.249,,,2051072,"cum ack, base->2003"
11.735756,ACK,2004,17.307,,,2052096,"cum ack, base->2004"
11.736073,SEND,2018,17.307,,200.000,2052096,
11.736253,SEND,2019,17.307,,200.000,2052096,
11.736548,SEND,2020,17.307,,200.000,2052096,
11.736666,ACK,2005,17.365,,,2053120,"cum ack, base->2005"
11.736714,ACK,2006,17.422,,,2054144,"cum ack, base->2006"
11.736749,ACK,2007,17.480,,,2055168,"cum ack, base->2007"
11.736781,ACK,2008,17.537,,,2056192,"cum ack, base->2008"
11.737874,ACK,2009,17.594,,,2057216,"cum ack, base->2009"
11.737923,ACK,2010,17.651,,,2058240,"cum ack, base->2010"
11.737995,ACK,2011,17.707,,,2059264,"cum ack, base->2011"
11.738028,ACK,2012,17.764,,,2060288,"cum ack, base->2012"
11.738059,ACK,2013,17.820,,,2061312,"cum ack, base->2013"
11.738089,ACK,2014,17.876,,,2062336,"cum ack, base->2014"
11.738120,ACK,2015,17.932,,,2063360,"cum ack, base->2015"
11.738152,ACK,2016,17.988,,,2064384,"cum ack, base->2016"
11.739413,SEND,2021,17.988,,200.000,2064384,
11.739672,SEND,2022,17.988,,200.000,2064384,
11.739849,SEND,2023,17.988,,200.000,2064384,
11.740022,SEND,2024,17.988,,200.000,2064384,
11.740191,SEND,2025,17.988,,200.000,2064384,
11.740419,SEND,2026,17.988,,200.000,2064384,
11.740620,SEND,2027,17.988,,200.000,2064384,
11.740797,SEND,2028,17.988,,200.000,2064384,
11.740973,SEND,2029,17.988,,200.000,2064384,
11.741145,SEND,2030,17.988,,200.000,2064384,
11.741312,SEND,2031,17.988,,200.000,2064384,
11.741480,SEND,2032,17.988,,200.000,2064384,
11.765931,ACK,2018,18.099,,,2066432,"cum ack, base->2018"
11.766505,SEND,2033,18.099,,200.000,2066432,
11.766895,SEND,2034,18.099,,200.000,2066432,
11.767087,SEND,2035,18.099,,200.000,2066432,
11.774780,STATS,-1,18.099,,200.000,2066432,base=2018 next=2036
11.780624,ACK,2019,18.154,,,2067456,"cum ack, base->2019"
11.783680,SEND,2036,18.154,,200.000,2067456,
11.790136,ACK,2020,18.209,,,2068480,"cum ack, base->2020"
11.790404,ACK,2021,18.264,,,2069504,"cum ack, base->2021"
11.790529,ACK,2022,18.319,,,2070528,"cum ack, base->2022"
11.790569,ACK,2023,18.373,,,2071552,"cum ack, base->2023"
11.790861,ACK,2024,18.428,,,2072576,"cum ack, base->2024"
11.790946,ACK,2025,18.482,,,2073600,"cum ack, base->2025"
11.790985,ACK,2026,18.536,,,2074624,"cum ack, base->2026"
11.791147,ACK,2027,18.590,,,2075648,"cum ack, base->2027"
11.791202,ACK,2028,18.644,,,2076672,"cum ack, base->2028"
11.791252,ACK,2029,18.698,,,2077696,"cum ack, base->2029"
11.791358,ACK,2030,18.751,,,2078720,"cum ack, base->2030"
11.791401,ACK,2031,18.804,,,2079744,"cum ack, base->2031"
11.791433,ACK,2032,18.858,,,2080768,"cum ack, base->2032"
11.791785,SEND,2037,18.858,,200.000,2080768,
11.791962,SEND,2038,18.858,,200.000,2080768,
11.792133,SEND,2039,18.858,,200.000,2080768,
11.792314,SEND,2040,18.858,,200.000,2080768,
11.792488,SEND,2041,18.858,,200.000,2080768,
11.792656,SEND,2042,18.858,,200.000,2080768,
11.792871,SEND,2043,18.858,,200.000,2080768,
11.793097,SEND,2044,18.858,,200.000,2080768,
11.793276,SEND,2045,18.858,,200.000,2080768,
11.793447,SEND,2046,18.858,,200.000,2080768,
11.793619,SEND,2047,18.858,,200.000,2080768,
11.794164,ACK,2033,18.911,,,2081792,"cum ack, base->2033"
11.807818,NAK,2033,18.911,,,2081792,
11.807858,FASTRETX,2033,16.809,,200.000,2081792,nak
11.807900,DUPACK,2033,16.809,,,2081792,
11.808331,RETX,2033,16.809,,200.000,2081792,
11.808509,RETX,2034,16.809,,200.000,2081792,
11.808679,RETX,2035,16.809,,200.000,2081792,
11.808848,RETX,2036,16.809,,200.000,2081792,
11.809018,RETX,2037,16.809,,200.000,2081792,
11.809188,RETX,2038,16.809,,200.000,2081792,
11.809411,RETX,2039,16.809,,200.000,2081792,
11.809664,RETX,2040,16.809,,200.000,2081792,
11.809878,RETX,2041,16.809,,200.000,2081792,
11.810056,RETX,2042,16.809,,200.000,2081792,
11.810226,RETX,2043,16.809,,200.000,2081792,
11.810457,RETX,2044,16.809,,200.000,2081792,
11.810638,RETX,2045,16.809,,200.000,2081792,
11.810808,RETX,2046,16.809,,200.000,2081792,
11.810978,RETX,2047,16.809,,200.000,2081792,
11.812681,NAK,2033,16.809,,,2081792,
11.812738,DUPACK,2033,16.809,,,2081792,
11.821721,NAK,2033,16.809,,,2081792,
11.821778,DUPACK,2033,16.809,,,2081792,
11.839496,NAK,2033,16.809,,,2081792,
11.839527,DUPACK,2033,16.809,,,2081792,
11.841226,NAK,2033,16.809,,,2081792,
11.841254,NAK,2033,16.809,,,2081792,
11.843528,DUPACK,2033,16.809,,,2081792,
11.843566,NAK,2033,16.809,,,2081792,
11.843595,DUPACK,2033,16.809,,,2081792,
11.843622,NAK,2033,16.809,,,2081792,
11.845743,DUPACK,2033,16.809,,,2081792,
11.845773,NAK,2033,16.809,,,2081792,
11.845801,DUPACK,2033,16.809,,,2081792,
11.845827,NAK,2033,16.809,,,2081792,
11.845876,DUPACK,2033,16.809,,,2081792,
11.845902,NAK,2033,16.809,,,2081792,
11.845928,DUPACK,2033,16.809,,,2081792,
11.845955,NAK,2033,16.809,,,2081792,
11.845980,DUPACK,2033,16.809,,,2081792,
11.846004,NAK,2033,16.809,,,2081792,
11.846029,DUPACK,2033,16.809,,,2081792,
11.848633,ACK,2034,16.869,,,2082816,"cum ack, base->2034"
11.848670,ACK,2035,16.928,,,2083840,"cum ack, base->2035"
11.848701,ACK,2036,16.987,,,2084864,"cum ack, base->2036"
11.850868,ACK,2037,17.046,,,2085888,"cum ack, base->2037"
11.853507,ACK,2038,17.105,,,2086912,"cum ack, base->2038"
11.853586,ACK,2039,17.163,,,2087936,"cum ack, base->2039"
11.855998,ACK,2040,17.222,,,2088960,"cum ack, base->2040"
11.856056,NAK,2040,17.222,,,2088960,
11.856068,FASTRETX,2040,17.222,,200.000,2088960,nak
11.857204,RETX,2040,17.222,,200.000,2088960,
11.857391,RETX,2041,17.222,,200.000,2088960,
11.857565,RETX,2042,17.222,,200.000,2088960,
11.857733,RETX,2043,17.222,,200.000,2088960,
11.857907,RETX,2044,17.222,,200.000,2088960,
11.858081,RETX,2045,17.222,,200.000,2088960,
11.858292,RETX,2046,17.222,,200.000,2088960,
11.858493,RETX,2047,17.222,,200.000,2088960,
11.858674,DUPACK,2040,17.222,,,2088960,
11.858718,NAK,2040,17.222,,,2088960,
11.858750,DUPACK,2040,17.222,,,2088960,
11.858779,NAK,2040,17.222,,,2088960,
11.861993,DUPACK,2040,17.222,,,2088960,
11.862021,NAK,2040,17.222,,,2088960,
11.862048,DUPACK,2040,17.222,,,2088960,
11.862073,NAK,2040,17.222,,,2088960,
11.862102,DUPACK,2040,17.222,,,2088960,
11.862125,NAK,2040,17.222,,,2088960,
11.862149,DUPACK,2040,17.222,,,2088960,
11.864447,NAK,2040,17.222,,,2088960,
11.865614,DUPACK,2040,17.222,,,2088960,
11.876075,STATS,-1,17.222,,200.000,2088960,base=2040 next=2048
11.904010,ACK,2042,17.338,,,2091008,"cum ack, base->2042"
11.908038,ACK,2043,17.395,,,2092032,"cum ack, base->2043"
11.909639,ACK,2044,17.453,,,2093056,"cum ack, base->2044"
11.909664,ACK,2045,17.510,,,2094080,"cum ack, base->2045"
11.909685,ACK,2046,17.567,,,2095104,"cum ack, base->2046"
11.909705,ACK,2047,17.624,,,2096128,"cum ack, base->2047"
11.909725,ACK,2048,17.681,,,2097152,"cum ack, base->2048"
11.911364,FIN,2048,,,,2097152,attempt 1
11.953093,ACK,-1,17.681,,,2097152,FIN acked
