t,event,seq,cwnd,srtt_ms,rto_ms,bytes_acked,info
0.000909,SEND,0,4.000,,200.000,0,
0.000994,SEND,1,4.000,,200.000,0,
0.001071,SEND,2,4.000,,200.000,0,
0.001144,SEND,3,4.000,,200.000,0,
0.001149,STATS,-1,4.000,,200.000,0,base=0 next=4
0.041313,ACK,1,4.250,,,1024,"cum ack, base->1"
0.043866,SEND,4,4.250,,200.000,1024,
0.051096,ACK,2,4.485,,,2048,"cum ack, base->2"
0.051119,ACK,3,4.708,,,3072,"cum ack, base->3"
0.051135,ACK,4,4.921,,,4096,"cum ack, base->4"
0.051495,SEND,5,4.921,,200.000,4096,
0.051593,SEND,6,4.921,,200.000,4096,
0.051688,SEND,7,4.921,,200.000,4096,
0.097044,NAK,4,4.921,,,4096,
0.097068,FASTRETX,4,4.374,,200.000,4096,nak
0.097093,DUPACK,4,4.374,,,4096,
0.097113,NAK,4,4.374,,,4096,
0.099569,RETX,4,4.374,,200.000,4096,
0.099706,RETX,5,4.374,,200.000,4096,
0.099832,RETX,6,4.374,,200.000,4096,
0.099957,RETX,7,4.374,,200.000,4096,
0.102483,STATS,-1,4.374,,200.000,4096,base=4 next=8
0.102861,DUPACK,4,4.374,,,4096,
0.102883,NAK,4,4.374,,,4096,
0.102901,DUPACK,4,4.374,,,4096,
0.145891,ACK,5,4.603,,,5120,"cum ack, base->5"
0.145925,ACK,6,4.820,,,6144,"cum ack, base->6"
0.145952,ACK,8,5.226,,,8192,"cum ack, base->8"
0.147886,SEND,8,5.226,,200.000,8192,
0.148070,SEND,9,5.226,,200.000,8192,
0.148246,SEND,10,5.226,,200.000,8192,
0.148422,SEND,11,5.226,,200.000,8192,
0.148599,SEND,12,5.226,,200.000,8192,
0.184140,ACK,9,5.418,,,9216,"cum ack, base->9"
0.188015,SEND,13,5.418,,200.000,9216,
0.192216,ACK,10,5.602,,,10240,"cum ack, base->10"
0.193346,SEND,14,5.602,,200.000,10240,
0.193444,ACK,11,5.781,,,11264,"cum ack, base->11"
0.193494,ACK,12,5.954,,,12288,"cum ack, base->12"
0.193557,ACK,13,6.122,,,13312,"cum ack, base->13"
0.196200,SEND,15,6.122,,200.000,13312,
0.196504,SEND,16,6.122,,200.000,13312,
0.196750,SEND,17,6.122,,200.000,13312,
0.196955,SEND,18,6.122,,200.000,13312,
0.202667,STATS,-1,6.122,,200.000,13312,base=13 next=19
0.238115,ACK,14,6.285,,,14336,"cum ack, base->14"
0.240366,ACK,15,6.444,,,15360,"cum ack, base->15"
0.240440,ACK,17,6.751,,,17408,"cum ack, base->17"
0.241173,SEND,19,6.751,,200.000,17408,
0.241583,SEND,20,6.751,,200.000,17408,
0.241764,SEND,21,6.751,,200.000,17408,
0.242135,SEND,22,6.751,,200.000,17408,
0.247189,ACK,18,6.899,,,18432,"cum ack, base->18"
0.247484,SEND,23,6.899,,200.000,18432,
0.247628,ACK,19,7.044,,,19456,"cum ack, base->19"
0.253917,SEND,24,7.044,,200.000,19456,
0.254133,SEND,25,7.044,,200.000,19456,
0.297879,ACK,20,7.186,,,20480,"cum ack, base->20"
0.298173,SEND,26,7.186,,200.000,20480,
0.298222,ACK,21,7.325,,,21504,"cum ack, base->21"
0.298289,ACK,22,7.461,,,22528,"cum ack, base->22"
0.298326,ACK,23,7.596,,,23552,"cum ack, base->23"
0.298407,ACK,24,7.727,,,24576,"cum ack, base->24"
0.302689,SEND,27,7.727,,200.000,24576,
0.302892,SEND,28,7.727,,200.000,24576,
0.303960,SEND,29,7.727,,200.000,24576,
0.304147,SEND,30,7.727,,200.000,24576,
0.304159,STATS,-1,7.727,,200.000,24576,base=24 next=31
0.304263,ACK,25,7.857,,,25600,"cum ack, base->25"
0.304373,ACK,26,7.984,,,26624,"cum ack, base->26"
0.307306,SEND,31,7.984,,200.000,26624,
0.307502,SEND,32,7.984,,200.000,26624,
0.362536,ACK,27,8.109,,,27648,"cum ack, base->27"
0.362574,ACK,28,8.232,,,28672,"cum ack, base->28"
0.362601,ACK,29,8.354,,,29696,"cum ack, base->29"
0.362621,ACK,30,8.474,,,30720,"cum ack, base->30"
0.362642,ACK,31,8.592,,,31744,"cum ack, base->31"
0.363647,SEND,33,8.592,,200.000,31744,
0.363783,SEND,34,8.592,,200.000,31744,
0.363908,SEND,35,8.592,,200.000,31744,
0.364033,SEND,36,8.592,,200.000,31744,
0.364158,SEND,37,8.592,,200.000,31744,
0.364301,SEND,38,8.592,,200.000,31744,
0.365651,ACK,32,8.708,,,32768,"cum ack, base->32"
0.365689,ACK,33,8.823,,,33792,"cum ack, base->33"
0.366973,SEND,39,8.823,,200.000,33792,
0.367120,SEND,40,8.823,,200.000,33792,
0.406716,STATS,-1,8.823,,200.000,33792,base=33 next=41
0.411250,ACK,34,8.936,,,34816,"cum ack, base->34"
0.411612,ACK,35,9.048,,,35840,"cum ack, base->35"
0.411669,ACK,36,9.159,,,36864,"cum ack, base->36"
0.411922,ACK,37,9.268,,,37888,"cum ack, base->37"
0.411975,ACK,38,9.376,,,38912,"cum ack, base->38"
0.412007,ACK,39,9.482,,,39936,"cum ack, base->39"
0.428410,SEND,41,9.482,,200.000,39936,
0.429626,SEND,42,9.482,,200.000,39936,
0.430012,SEND,43,9.482,,200.000,39936,
0.430484,SEND,44,9.482,,200.000,39936,
0.430857,SEND,45,9.482,,200.000,39936,
0.431073,SEND,46,9.482,,200.000,39936,
0.431171,SEND,47,9.482,,200.000,39936,
0.431253,ACK,40,9.588,,,40960,"cum ack, base->40"
0.431280,ACK,41,9.692,,,41984,"cum ack, base->41"
0.433777,SEND,48,9.692,,200.000,41984,
0.433858,SEND,49,9.692,,200.000,41984,
0.470670,ACK,42,9.795,,,43008,"cum ack, base->42"
0.470712,ACK,43,9.897,,,44032,"cum ack, base->43"
0.470735,ACK,44,9.998,,,45056,"cum ack, base->44"
0.471682,SEND,50,9.998,,200.000,45056,
0.471832,SEND,51,9.998,,200.000,45056,
0.471977,SEND,52,9.998,,200.000,45056,
0.481759,ACK,45,10.098,,,46080,"cum ack, base->45"
0.481796,ACK,46,10.197,,,47104,"cum ack, base->46"
0.481821,ACK,47,10.296,,,48128,"cum ack, base->47"
0.481847,ACK,48,10.393,,,49152,"cum ack, base->48"
0.481870,ACK,49,10.489,,,50176,"cum ack, base->49"
0.481894,ACK,50,10.584,,,51200,"cum ack, base->50"
0.482235,SEND,53,10.584,,200.000,51200,
0.482422,SEND,54,10.584,,200.000,51200,
0.482599,SEND,55,10.584,,200.000,51200,
0.482775,SEND,56,10.584,,200.000,51200,
0.482953,SEND,57,10.584,,200.000,51200,
0.483129,SEND,58,10.584,,200.000,51200,
0.483305,SEND,59,10.584,,200.000,51200,
0.508612,STATS,-1,10.584,,200.000,51200,base=50 next=60
0.527209,ACK,51,10.679,,,52224,"cum ack, base->51"
0.527406,ACK,52,10.772,,,53248,"cum ack, base->52"
0.527458,ACK,53,10.865,,,54272,"cum ack, base->53"
0.527543,ACK,54,10.957,,,55296,"cum ack, base->54"
0.527596,ACK,55,11.048,,,56320,"cum ack, base->55"
0.530008,SEND,60,11.048,,200.000,56320,
0.530199,SEND,61,11.048,,200.000,56320,
0.530413,SEND,62,11.048,,200.000,56320,
0.530593,SEND,63,11.048,,200.000,56320,
0.531219,SEND,64,11.048,,200.000,56320,
0.531497,SEND,65,11.048,,200.000,56320,
0.537065,ACK,56,11.139,,,57344,"cum ack, base->56"
0.537140,ACK,57,11.229,,,58368,"cum ack, base->57"
0.537178,ACK,58,11.318,,,59392,"cum ack, base->58"
0.537212,ACK,59,11.406,,,60416,"cum ack, base->59"
0.537250,ACK,60,11.494,,,61440,"cum ack, base->60"
0.538848,SEND,66,11.494,,200.000,61440,
0.539043,SEND,67,11.494,,200.000,61440,
0.539218,SEND,68,11.494,,200.000,61440,
0.539521,SEND,69,11.494,,200.000,61440,
0.539710,SEND,70,11.494,,200.000,61440,
0.564773,ACK,61,11.581,,,62464,"cum ack, base->61"
0.565375,SEND,71,11.581,,200.000,62464,
0.581570,ACK,62,11.667,,,63488,"cum ack, base->62"
0.581644,ACK,63,11.753,,,64512,"cum ack, base->63"
0.581693,ACK,64,11.838,,,65536,"cum ack, base->64"
0.581725,ACK,65,11.922,,,66560,"cum ack, base->65"
0.581756,ACK,66,12.006,,,67584,"cum ack, base->66"
0.581786,ACK,67,12.090,,,68608,"cum ack, base->67"
0.581816,ACK,68,12.172,,,69632,"cum ack, base->68"
0.585999,SEND,72,12.172,,200.000,69632,
0.586226,SEND,73,12.172,,200.000,69632,
0.586395,SEND,74,12.172,,200.000,69632,
0.587005,SEND,75,12.172,,200.000,69632,
0.587194,SEND,76,12.172,,200.000,69632,
0.587624,SEND,77,12.172,,200.000,69632,
0.587805,SEND,78,12.172,,200.000,69632,
0.588245,SEND,79,12.172,,200.000,69632,
0.592649,ACK,69,12.255,,,70656,"cum ack, base->69"
0.594943,SEND,80,12.255,,200.000,70656,
0.609756,STATS,-1,12.255,,200.000,70656,base=69 next=81
0.626775,NAK,72,12.255,,,70656,
0.626826,FASTRETX,69,10.893,,200.000,70656,nak
0.627704,RETX,69,10.893,,200.000,70656,
0.627897,RETX,70,10.893,,200.000,70656,
0.628129,RETX,71,10.893,,200.000,70656,
0.628302,RETX,72,10.893,,200.000,70656,
0.628522,RETX,73,10.893,,200.000,70656,
0.628736,RETX,74,10.893,,200.000,70656,
0.628913,RETX,75,10.893,,200.000,70656,
0.629085,RETX,76,10.893,,200.000,70656,
0.629346,RETX,77,10.893,,200.000,70656,
0.629528,RETX,78,10.893,,200.000,70656,
0.636312,ACK,72,11.166,,,73728,"cum ack, base->72"
0.636368,NAK,72,11.166,,,73728,
0.636381,FASTRETX,72,11.166,,200.000,73728,nak
0.636409,DUPACK,72,11.166,,,73728,
0.636438,DUPACK,72,11.166,,,73728,
0.637429,DUPACK,72,11.166,,,73728,
0.637516,NAK,72,11.166,,,73728,
0.637547,DUPACK,72,11.166,,,73728,
0.637576,NAK,72,11.166,,,73728,
0.637601,DUPACK,72,11.166,,,73728,
0.638562,RETX,72,11.166,,200.000,73728,
0.638748,RETX,73,11.166,,200.000,73728,
0.638970,RETX,74,11.166,,200.000,73728,
0.639149,RETX,75,11.166,,200.000,73728,
0.639322,RETX,76,11.166,,200.000,73728,
0.639493,RETX,77,11.166,,200.000,73728,
0.639663,RETX,78,11.166,,200.000,73728,
0.640000,RETX,79,11.166,,200.000,73728,
0.640186,RETX,80,11.166,,200.000,73728,
0.640454,SEND,81,11.166,,200.000,73728,
0.640690,SEND,82,11.166,,200.000,73728,
0.640761,NAK,72,11.166,,,73728,
0.640914,DUPACK,72,11.166,,,73728,
0.640945,NAK,72,11.166,,,73728,
0.668128,DUPACK,72,11.166,,,73728,
0.673971,DUPACK,72,11.166,,,73728,
0.674445,DUPACK,72,11.166,,,73728,
0.677284,ACK,73,11.256,,,74752,"cum ack, base->73"
0.677321,ACK,74,11.344,,,75776,"cum ack, base->74"
0.679125,ACK,75,11.433,,,76800,"cum ack, base->75"
0.679982,SEND,83,11.433,,200.000,76800,
0.680166,SEND,84,11.433,,200.000,76800,
0.680337,SEND,85,11.433,,200.000,76800,
0.684250,ACK,76,11.520,,,77824,"cum ack, base->76"
0.684383,ACK,77,11.607,,,78848,"cum ack, base->77"
0.684423,ACK,78,11.693,,,79872,"cum ack, base->78"
0.686215,SEND,86,11.693,,200.000,79872,
0.686531,SEND,87,11.693,,200.000,79872,
0.686743,SEND,88,11.693,,200.000,79872,
0.686873,ACK,79,11.779,,,80896,"cum ack, base->79"
0.686928,DUPACK,79,11.779,,,80896,
0.689666,SEND,89,11.779,,200.000,80896,
0.691916,DUPACK,79,11.779,,,80896,
0.691982,DUPACK,79,11.779,,,80896,
0.692022,DUPACK,79,11.779,,,80896,
0.692053,DUPACK,79,11.779,,,80896,
0.692083,DUPACK,79,11.779,,,80896,
0.692140,ACK,82,12.031,,,83968,"cum ack, base->82"
0.692180,ACK,83,12.115,,,84992,"cum ack, base->83"
0.692540,SEND,90,12.115,,200.000,84992,
0.692756,SEND,91,12.115,,200.000,84992,
0.692966,SEND,92,12.115,,200.000,84992,
0.693181,SEND,93,12.115,,200.000,84992,
0.693408,SEND,94,12.115,,200.000,84992,
0.712079,STATS,-1,12.115,,200.000,84992,base=83 next=95
0.729015,ACK,84,12.197,,,86016,"cum ack, base->84"
0.729089,ACK,85,12.279,,,87040,"cum ack, base->85"
0.730105,SEND,95,12.279,,200.000,87040,
0.730326,SEND,96,12.279,,200.000,87040,
0.730795,ACK,86,12.361,,,88064,"cum ack, base->86"
0.732772,ACK,87,12.441,,,89088,"cum ack, base->87"
0.733121,SEND,97,12.441,,200.000,89088,
0.733331,SEND,98,12.441,,200.000,89088,
0.736893,ACK,88,12.522,,,90112,"cum ack, base->88"
0.736966,ACK,89,12.602,,,91136,"cum ack, base->89"
0.738655,SEND,99,12.602,,200.000,91136,
0.739175,SEND,100,12.602,,200.000,91136,
0.741734,ACK,90,12.681,,,92160,"cum ack, base->90"
0.742108,SEND,101,12.681,,200.000,92160,
0.742180,ACK,91,12.760,,,93184,"cum ack, base->91"
0.742300,ACK,92,12.838,,,94208,"cum ack, base->92"
0.742372,ACK,93,12.916,,,95232,"cum ack, base->93"
0.742431,ACK,94,12.994,,,96256,"cum ack, base->94"
0.742479,ACK,95,13.071,,,97280,"cum ack, base->95"
0.744976,SEND,102,13.071,,200.000,97280,
0.745255,SEND,103,13.071,,200.000,97280,
0.745516,SEND,104,13.071,,200.000,97280,
0.745781,SEND,105,13.071,,200.000,97280,
0.746040,SEND,106,13.071,,200.000,97280,
0.746315,SEND,107,13.071,,200.000,97280,
0.773992,ACK,96,13.147,,,98304,"cum ack, base->96"
0.775789,SEND,108,13.147,,200.000,98304,
0.776797,ACK,97,13.223,,,99328,"cum ack, base->97"
0.776859,ACK,98,13.299,,,100352,"cum ack, base->98"
0.777213,NAK,99,13.299,,,100352,
0.777256,FASTRETX,98,11.821,,200.000,100352,nak
0.778501,RETX,98,11.821,,200.000,100352,
0.778745,RETX,99,11.821,,200.000,100352,
0.778949,RETX,100,11.821,,200.000,100352,
0.779191,RETX,101,11.821,,200.000,100352,
0.779437,RETX,102,11.821,,200.000,100352,
0.779641,RETX,103,11.821,,200.000,100352,
0.779847,RETX,104,11.821,,200.000,100352,
0.780053,RETX,105,11.821,,200.000,100352,
0.780307,RETX,106,11.821,,200.000,100352,
0.780623,RETX,107,11.821,,200.000,100352,
0.780899,RETX,108,11.821,,200.000,100352,
0.781062,ACK,99,11.906,,,101376,"cum ack, base->99"
0.781118,NAK,99,11.906,,,101376,
0.781139,FASTRETX,99,11.906,,200.000,101376,nak
0.781181,DUPACK,99,11.906,,,101376,
0.784584,RETX,99,11.906,,200.000,101376,
0.784912,RETX,100,11.906,,200.000,101376,
0.785298,RETX,101,11.906,,200.000,101376,
0.786544,RETX,102,11.906,,200.000,101376,
0.786987,RETX,103,11.906,,200.000,101376,
0.787383,RETX,104,11.906,,200.000,101376,
0.787934,RETX,105,11.906,,200.000,101376,
0.788171,RETX,106,11.906,,200.000,101376,
0.788398,RETX,107,11.906,,200.000,101376,
0.788623,RETX,108,11.906,,200.000,101376,
0.788848,SEND,109,11.906,,200.000,101376,
0.788918,NAK,99,11.906,,,101376,
0.788954,DUPACK,99,11.906,,,101376,
0.788982,NAK,99,11.906,,,101376,
0.789010,DUPACK,99,11.906,,,101376,
0.792296,NAK,99,11.906,,,101376,
0.792404,DUPACK,99,11.906,,,101376,
0.792447,NAK,99,11.906,,,101376,
0.792477,DUPACK,99,11.906,,,101376,
0.792507,NAK,99,11.906,,,101376,
0.792533,DUPACK,99,11.906,,,101376,
0.800706,DUPACK,99,11.906,,,101376,
0.814281,STATS,-1,11.906,,200.000,101376,base=99 next=110
0.814381,DUPACK,99,11.906,,,101376,
0.820297,DUPACK,99,11.906,,,101376,
0.827438,ACK,100,11.990,,,102400,"cum ack, base->100"
0.827475,ACK,101,12.073,,,103424,"cum ack, base->101"
0.827507,ACK,102,12.156,,,104448,"cum ack, base->102"
0.829634,SEND,110,12.156,,200.000,104448,
0.829871,SEND,111,12.156,,200.000,104448,
0.830100,SEND,112,12.156,,200.000,104448,
0.830327,SEND,113,12.156,,200.000,104448,
0.831804,ACK,103,12.238,,,105472,"cum ack, base->103"
0.831838,ACK,104,12.320,,,106496,"cum ack, base->104"
0.831869,ACK,105,12.401,,,107520,"cum ack, base->105"
0.831900,ACK,106,12.482,,,108544,"cum ack, base->106"
0.831931,NAK,106,12.482,,,108544,
0.831941,FASTRETX,106,12.482,,200.000,108544,nak
0.831972,DUPACK,106,12.482,,,108544,
0.831997,NAK,106,12.482,,,108544,
0.832021,DUPACK,106,12.482,,,108544,
0.832044,DUPACK,106,12.482,,,108544,
0.832066,DUPACK,106,12.482,,,108544,
0.833363,RETX,106,12.482,,200.000,108544,
0.833632,RETX,107,12.482,,200.000,108544,
0.833859,RETX,108,12.482,,200.000,108544,
0.834236,RETX,109,12.482,,200.000,108544,
0.834448,RETX,110,12.482,,200.000,108544,
0.834872,RETX,111,12.482,,200.000,108544,
0.835103,RETX,112,12.482,,200.000,108544,
0.835331,RETX,113,12.482,,200.000,108544,
0.835556,SEND,114,12.482,,200.000,108544,
0.835779,SEND,115,12.482,,200.000,108544,
0.836005,SEND,116,12.482,,200.000,108544,
0.836232,SEND,117,12.482,,200.000,108544,
0.836292,DUPACK,106,12.482,,,108544,
0.836320,DUPACK,106,12.482,,,108544,
0.836344,DUPACK,106,12.482,,,108544,
0.836367,DUPACK,106,12.482,,,108544,
0.836397,ACK,107,12.562,,,109568,"cum ack, base->107"
0.836427,ACK,108,12.641,,,110592,"cum ack, base->108"
0.836455,ACK,109,12.721,,,111616,"cum ack, base->109"
0.836484,ACK,110,12.799,,,112640,"cum ack, base->110"
0.838944,SEND,118,12.799,,200.000,112640,
0.839123,SEND,119,12.799,,200.000,112640,
0.839298,SEND,120,12.799,,200.000,112640,
0.839474,SEND,121,12.799,,200.000,112640,
0.882211,ACK,111,12.877,,,113664,"cum ack, base->111"
0.882403,ACK,112,12.955,,,114688,"cum ack, base->112"
0.882571,ACK,113,13.032,,,115712,"cum ack, base->113"
0.882622,ACK,114,13.109,,,116736,"cum ack, base->114"
0.882653,DUPACK,114,13.109,,,116736,
0.882682,DUPACK,114,13.109,,,116736,
0.882713,DUPACK,114,13.109,,,116736,
0.884406,SEND,122,13.109,,200.000,116736,
0.884649,SEND,123,13.109,,200.000,116736,
0.885318,SEND,124,13.109,,200.000,116736,
0.885846,SEND,125,13.109,,200.000,116736,
0.886087,SEND,126,13.109,,200.000,116736,
0.888320,DUPACK,114,13.109,,,116736,
0.888387,DUPACK,114,13.109,,,116736,
0.888422,DUPACK,114,13.109,,,116736,
0.888448,DUPACK,114,13.109,,,116736,
0.888501,ACK,115,13.185,,,117760,"cum ack, base->115"
0.888535,ACK,116,13.261,,,118784,"cum ack, base->116"
0.888566,ACK,117,13.336,,,119808,"cum ack, base->117"
0.888597,ACK,118,13.411,,,120832,"cum ack, base->118"
0.888630,ACK,120,13.560,,,122880,"cum ack, base->120"
0.888882,SEND,127,13.560,,200.000,122880,
0.889096,SEND,128,13.560,,200.000,122880,
0.889297,SEND,129,13.560,,200.000,122880,
0.889533,SEND,130,13.560,,200.000,122880,
0.889865,SEND,131,13.560,,200.000,122880,
0.890169,SEND,132,13.560,,200.000,122880,
0.890299,ACK,121,13.634,,,123904,"cum ack, base->121"
0.890356,ACK,122,13.707,,,124928,"cum ack, base->122"
0.892949,SEND,133,13.707,,200.000,124928,
0.893181,SEND,134,13.707,,200.000,124928,
0.915561,STATS,-1,13.707,,200.000,124928,base=122 next=135
0.936366,ACK,123,13.780,,,125952,"cum ack, base->123"
0.938115,ACK,124,13.853,,,126976,"cum ack, base->124"
0.938278,ACK,125,13.925,,,128000,"cum ack, base->125"
0.938356,ACK,126,13.997,,,129024,"cum ack, base->126"
0.938553,ACK,127,14.068,,,130048,"cum ack, base->127"
0.938650,ACK,128,14.139,,,131072,"cum ack, base->128"
0.939199,SEND,135,14.139,,200.000,131072,
0.939474,SEND,136,14.139,,200.000,131072,
0.939682,SEND,137,14.139,,200.000,131072,
0.939885,SEND,138,14.139,,200.000,131072,
0.940177,SEND,139,14.139,,200.000,131072,
0.940392,SEND,140,14.139,,200.000,131072,
0.940599,SEND,141,14.139,,200.000,131072,
0.940674,ACK,129,14.210,,,132096,"cum ack, base->129"
0.940754,ACK,130,14.280,,,133120,"cum ack, base->130"
0.940800,ACK,131,14.350,,,134144,"cum ack, base->131"
0.940843,ACK,132,14.420,,,135168,"cum ack, base->132"
0.940911,ACK,133,14.489,,,136192,"cum ack, base->133"
0.940948,ACK,134,14.558,,,137216,"cum ack, base->134"
0.940985,ACK,135,14.627,,,138240,"cum ack, base->135"
0.943434,SEND,142,14.627,,200.000,138240,
0.943677,SEND,143,14.627,,200.000,138240,
0.944041,SEND,144,14.627,,200.000,138240,
0.944242,SEND,145,14.627,,200.000,138240,
0.944409,SEND,146,14.627,,200.000,138240,
0.944577,SEND,147,14.627,,200.000,138240,
0.944744,SEND,148,14.627,,200.000,138240,
0.981205,ACK,136,14.695,,,139264,"cum ack, base->136"
0.982462,SEND,149,14.695,,200.000,139264,
0.988045,ACK,137,14.763,,,140288,"cum ack, base->137"
0.988107,ACK,138,14.831,,,141312,"cum ack, base->138"
0.988143,ACK,139,14.899,,,142336,"cum ack, base->139"
0.989717,ACK,140,14.966,,,143360,"cum ack, base->140"
0.989775,ACK,141,15.033,,,144384,"cum ack, base->141"
0.990608,SEND,150,15.033,,200.000,144384,
0.990786,SEND,151,15.033,,200.000,144384,
0.990954,SEND,152,15.033,,200.000,144384,
0.991126,SEND,153,15.033,,200.000,144384,
0.991293,SEND,154,15.033,,200.000,144384,
0.991463,SEND,155,15.033,,200.000,144384,
0.991570,ACK,142,15.099,,,145408,"cum ack, base->142"
0.991621,ACK,143,15.165,,,146432,"cum ack, base->143"
0.992013,ACK,144,15.231,,,147456,"cum ack, base->144"
0.992053,ACK,145,15.297,,,148480,"cum ack, base->145"
0.993506,ACK,146,15.362,,,149504,"cum ack, base->146"
0.993598,ACK,147,15.427,,,150528,"cum ack, base->147"
0.993673,ACK,148,15.492,,,151552,"cum ack, base->148"
0.994394,SEND,156,15.492,,200.000,151552,
0.994835,SEND,157,15.492,,200.000,151552,
0.995206,SEND,158,15.492,,200.000,151552,
0.995591,SEND,159,15.492,,200.000,151552,
0.995974,SEND,160,15.492,,200.000,151552,
0.996331,SEND,161,15.492,,200.000,151552,
0.996693,SEND,162,15.492,,200.000,151552,
0.997931,ACK,149,15.557,,,152576,"cum ack, base->149"
0.999769,SEND,163,15.557,,200.000,152576,
1.016364,STATS,-1,15.557,,200.000,152576,base=149 next=164
1.021727,ACK,150,15.621,,,153600,"cum ack, base->150"
1.024417,SEND,164,15.621,,200.000,153600,
1.042281,ACK,151,15.685,,,154624,"cum ack, base->151"
1.042456,ACK,152,15.749,,,155648,"cum ack, base->152"
1.042671,ACK,153,15.812,,,156672,"cum ack, base->153"
1.042767,ACK,154,15.876,,,157696,"cum ack, base->154"
1.044533,SEND,165,15.876,,200.000,157696,
1.044923,SEND,166,15.876,,200.000,157696,
1.045255,SEND,167,15.876,,200.000,157696,
1.045522,SEND,168,15.876,,200.000,157696,
1.045685,ACK,155,15.939,,,158720,"cum ack, base->155"
1.045756,ACK,156,16.001,,,159744,"cum ack, base->156"
1.045811,ACK,157,16.064,,,160768,"cum ack, base->157"
1.045860,ACK,158,16.126,,,161792,"cum ack, base->158"
1.045908,ACK,159,16.188,,,162816,"cum ack, base->159"
1.045955,ACK,160,16.250,,,163840,"cum ack, base->160"
1.046007,ACK,162,16.373,,,165888,"cum ack, base->162"
1.046057,ACK,163,16.434,,,166912,"cum ack, base->163"
1.046477,ACK,164,16.495,,,167936,"cum ack, base->164"
1.048325,SEND,169,16.495,,200.000,167936,
1.048595,SEND,170,16.495,,200.000,167936,
1.049120,SEND,171,16.495,,200.000,167936,
1.049445,SEND,172,16.495,,200.000,167936,
1.049986,SEND,173,16.495,,200.000,167936,
1.050576,SEND,174,16.495,,200.000,167936,
1.051132,SEND,175,16.495,,200.000,167936,
1.051701,SEND,176,16.495,,200.000,167936,
1.051934,SEND,177,16.495,,200.000,167936,
1.052274,SEND,178,16.495,,200.000,167936,
1.052513,SEND,179,16.495,,200.000,167936,
1.060605,ACK,165,16.555,,,168960,"cum ack, base->165"
1.062825,SEND,180,16.555,,200.000,168960,
1.093701,ACK,166,16.616,,,169984,"cum ack, base->166"
1.093911,ACK,167,16.676,,,171008,"cum ack, base->167"
1.093987,ACK,168,16.736,,,172032,"cum ack, base->168"
1.094041,ACK,169,16.796,,,173056,"cum ack, base->169"
1.094117,ACK,170,16.855,,,174080,"cum ack, base->170"
1.094160,NAK,170,16.855,,,174080,
1.094217,FASTRETX,170,14.982,,200.000,174080,nak
1.094346,DUPACK,170,14.982,,,174080,
1.095064,RETX,170,14.982,,200.000,174080,
1.095372,RETX,171,14.982,,200.000,174080,
1.095659,RETX,172,14.982,,200.000,174080,
1.095921,RETX,173,14.982,,200.000,174080,
1.096179,RETX,174,14.982,,200.000,174080,
1.096531,RETX,175,14.982,,200.000,174080,
1.096811,RETX,176,14.982,,200.000,174080,
1.097111,RETX,177,14.982,,200.000,174080,
1.097390,RETX,178,14.982,,200.000,174080,
1.097678,RETX,179,14.982,,200.000,174080,
1.097929,RETX,180,14.982,,200.000,174080,
1.098195,SEND,181,14.982,,200.000,174080,
1.098418,SEND,182,14.982,,200.000,174080,
1.098694,SEND,183,14.982,,200.000,174080,
1.098953,NAK,170,14.982,,,174080,
1.099005,DUPACK,170,14.982,,,174080,
1.099040,NAK,170,14.982,,,174080,
1.099621,DUPACK,170,14.982,,,174080,
1.099668,NAK,170,14.982,,,174080,
1.099701,NAK,170,14.982,,,174080,
1.099866,DUPACK,170,14.982,,,174080,
1.100019,NAK,170,14.982,,,174080,
1.100153,DUPACK,170,14.982,,,174080,
1.100199,NAK,170,14.982,,,174080,
1.100231,DUPACK,170,14.982,,,174080,
1.100261,NAK,170,14.982,,,174080,
1.103628,DUPACK,170,14.982,,,174080,
1.103700,NAK,170,14.982,,,174080,
1.103777,DUPACK,170,14.982,,,174080,
1.108333,NAK,170,14.982,,,174080,
1.109510,DUPACK,170,14.982,,,174080,
1.116482,STATS,-1,14.982,,200.000,174080,base=170 next=184
1.140455,ACK,171,15.049,,,175104,"cum ack, base->171"
1.142006,SEND,184,15.049,,200.000,175104,
1.142230,SEND,185,15.049,,200.000,175104,
1.143640,ACK,172,15.115,,,176128,"cum ack, base->172"
1.145130,SEND,186,15.115,,200.000,176128,
1.153197,ACK,173,15.182,,,177152,"cum ack, base->173"
1.153285,ACK,174,15.248,,,178176,"cum ack, base->174"
1.153340,ACK,175,15.313,,,179200,"cum ack, base->175"
1.153397,ACK,177,15.443,,,181248,"cum ack, base->177"
1.153556,ACK,178,15.508,,,182272,"cum ack, base->178"
1.153611,ACK,179,15.573,,,183296,"cum ack, base->179"
1.153659,ACK,180,15.637,,,184320,"cum ack, base->180"
1.153704,ACK,181,15.701,,,185344,"cum ack, base->181"
1.153750,ACK,182,15.765,,,186368,"cum ack, base->182"
1.153917,ACK,183,15.828,,,187392,"cum ack, base->183"
1.154029,ACK,184,15.891,,,188416,"cum ack, base->184"
1.155563,SEND,187,15.891,,200.000,188416,
1.155884,SEND,188,15.891,,200.000,188416,
1.156434,SEND,189,15.891,,200.000,188416,
1.156714,SEND,190,15.891,,200.000,188416,
1.157128,SEND,191,15.891,,200.000,188416,
1.157827,SEND,192,15.891,,200.000,188416,
1.158168,SEND,193,15.891,,200.000,188416,
1.158409,SEND,194,15.891,,200.000,188416,
1.158627,SEND,195,15.891,,200.000,188416,
1.158835,SEND,196,15.891,,200.000,188416,
1.159103,SEND,197,15.891,,200.000,188416,
1.159355,SEND,198,15.891,,200.000,188416,
1.183213,ACK,185,15.954,,,189440,"cum ack, base->185"
1.184916,ACK,186,16.017,,,190464,"cum ack, base->186"
1.185729,SEND,199,16.017,,200.000,190464,
1.185959,SEND,200,16.017,,200.000,190464,
1.186190,SEND,201,16.017,,200.000,190464,
1.194320,ACK,187,16.079,,,191488,"cum ack, base->187"
1.196322,SEND,202,16.079,,200.000,191488,
1.207145,ACK,188,16.141,,,192512,"cum ack, base->188"
1.207224,ACK,190,16.265,,,194560,"cum ack, base->190"
1.207274,ACK,191,16.327,,,195584,"cum ack, base->191"
1.207924,ACK,192,16.388,,,196608,"cum ack, base->192"
1.207982,ACK,193,16.449,,,197632,"cum ack, base->193"
1.208026,ACK,194,16.510,,,198656,"cum ack, base->194"
1.208065,ACK,195,16.570,,,199680,"cum ack, base->195"
1.209657,SEND,203,16.570,,200.000,199680,
1.209887,SEND,204,16.570,,200.000,199680,
1.210093,SEND,205,16.570,,200.000,199680,
1.210311,SEND,206,16.570,,200.000,199680,
1.210621,SEND,207,16.570,,200.000,199680,
1.210849,SEND,208,16.570,,200.000,199680,
1.211058,SEND,209,16.570,,200.000,199680,
1.211263,SEND,210,16.570,,200.000,199680,
1.212180,ACK,196,16.630,,,200704,"cum ack, base->196"
1.212302,ACK,197,16.691,,,201728,"cum ack, base->197"
1.212350,ACK,199,16.810,,,203776,"cum ack, base->199"
1.214096,SEND,211,16.810,,200.000,203776,
1.214317,SEND,212,16.810,,200.000,203776,
1.214924,SEND,213,16.810,,200.000,203776,
1.215227,SEND,214,16.810,,200.000,203776,
1.220775,STATS,-1,16.810,,200.000,203776,base=199 next=215
1.226416,ACK,200,16.870,,,204800,"cum ack, base->200"
1.228617,SEND,215,16.870,,200.000,204800,
1.229442,ACK,201,16.929,,,205824,"cum ack, base->201"
1.231028,SEND,216,16.929,,200.000,205824,
1.237609,ACK,202,16.988,,,206848,"cum ack, base->202"
1.237874,SEND,217,16.988,,200.000,206848,
1.247780,ACK,203,17.047,,,207872,"cum ack, base->203"
1.248109,SEND,218,17.047,,200.000,207872,
1.248337,SEND,219,17.047,,200.000,207872,
1.248468,ACK,204,17.106,,,208896,"cum ack, base->204"
1.248574,ACK,205,17.164,,,209920,"cum ack, base->205"
1.252061,SEND,220,17.164,,200.000,209920,
1.252607,SEND,221,17.164,,200.000,209920,
1.255001,ACK,206,17.222,,,210944,"cum ack, base->206"
1.257494,SEND,222,17.222,,200.000,210944,
1.264176,ACK,207,17.280,,,211968,"cum ack, base->207"
1.264420,ACK,208,17.338,,,212992,"cum ack, base->208"
1.264636,ACK,209,17.396,,,214016,"cum ack, base->209"
1.264951,ACK,210,17.453,,,215040,"cum ack, base->210"
1.265042,ACK,211,17.511,,,216064,"cum ack, base->211"
1.265079,ACK,212,17.568,,,217088,"cum ack, base->212"
1.265111,ACK,213,17.625,,,218112,"cum ack, base->213"
1.265147,ACK,214,17.681,,,219136,"cum ack, base->214"
1.265181,ACK,215,17.738,,,220160,"cum ack, base->215"
1.265943,SEND,223,17.738,,200.000,220160,
1.266184,SEND,224,17.738,,200.000,220160,
1.266417,SEND,225,17.738,,200.000,220160,
1.266643,SEND,226,17.738,,200.000,220160,
1.266867,SEND,227,17.738,,200.000,220160,
1.267092,SEND,228,17.738,,200.000,220160,
1.267317,SEND,229,17.738,,200.000,220160,
1.267542,SEND,230,17.738,,200.000,220160,
1.267766,SEND,231,17.738,,200.000,220160,
1.271107,ACK,216,17.794,,,221184,"cum ack, base->216"
1.271142,ACK,217,17.851,,,222208,"cum ack, base->217"
1.273001,SEND,232,17.851,,200.000,222208,
1.273185,SEND,233,17.851,,200.000,222208,
1.275871,ACK,218,17.907,,,223232,"cum ack, base->218"
1.278457,SEND,234,17.907,,200.000,223232,
1.287017,ACK,219,17.962,,,224256,"cum ack, base->219"
1.287290,ACK,220,18.018,,,225280,"cum ack, base->220"
1.287330,ACK,221,18.074,,,226304,"cum ack, base->221"
1.288873,SEND,235,18.074,,200.000,226304,
1.289059,SEND,236,18.074,,200.000,226304,
1.289229,SEND,237,18.074,,200.000,226304,
1.289426,SEND,238,18.074,,200.000,226304,
1.292437,ACK,222,18.129,,,227328,"cum ack, base->222"
1.294721,SEND,239,18.129,,200.000,227328,
1.305458,ACK,223,18.184,,,228352,"cum ack, base->223"
1.307656,SEND,240,18.184,,200.000,228352,
1.314524,ACK,224,18.239,,,229376,"cum ack, base->224"
1.314604,ACK,226,18.349,,,231424,"cum ack, base->226"
1.314901,ACK,227,18.403,,,232448,"cum ack, base->227"
1.317197,SEND,241,18.403,,200.000,232448,
1.317516,SEND,242,18.403,,200.000,232448,
1.317693,SEND,243,18.403,,200.000,232448,
1.317860,SEND,244,18.403,,200.000,232448,
1.318135,ACK,228,18.457,,,233472,"cum ack, base->228"
1.318247,ACK,229,18.512,,,234496,"cum ack, base->229"
1.319512,ACK,230,18.566,,,235520,"cum ack, base->230"
1.319571,ACK,231,18.620,,,236544,"cum ack, base->231"
1.319606,ACK,232,18.673,,,237568,"cum ack, base->232"
1.319639,ACK,233,18.727,,,238592,"cum ack, base->233"
1.319727,ACK,234,18.780,,,239616,"cum ack, base->234"
1.320562,SEND,245,18.780,,200.000,239616,
1.320742,SEND,246,18.780,,200.000,239616,
1.320918,SEND,247,18.780,,200.000,239616,
1.321150,SEND,248,18.780,,200.000,239616,
1.321338,SEND,249,18.780,,200.000,239616,
1.321507,SEND,250,18.780,,200.000,239616,
1.321762,SEND,251,18.780,,200.000,239616,
1.321785,STATS,-1,18.780,,200.000,239616,base=234 next=252
1.332004,NAK,234,18.780,,,239616,
1.332040,FASTRETX,234,16.693,,200.000,239616,nak
1.332125,DUPACK,234,16.693,,,239616,
1.334611,RETX,234,16.693,,200.000,239616,
1.334966,RETX,235,16.693,,200.000,239616,
1.335213,RETX,236,16.693,,200.000,239616,
1.335923,RETX,237,16.693,,200.000,239616,
1.336221,RETX,238,16.693,,200.000,239616,
1.336407,RETX,239,16.693,,200.000,239616,
1.336951,RETX,240,16.693,,200.000,239616,
1.337405,RETX,241,16.693,,200.000,239616,
1.337597,RETX,242,16.693,,200.000,239616,
1.337764,RETX,243,16.693,,200.000,239616,
1.337933,RETX,244,16.693,,200.000,239616,
1.338099,RETX,245,16.693,,200.000,239616,
1.338270,RETX,246,16.693,,200.000,239616,
1.338441,RETX,247,16.693,,200.000,239616,
1.338606,RETX,248,16.693,,200.000,239616,
1.338920,RETX,249,16.693,,200.000,239616,
1.341995,NAK,234,16.693,,,239616,
1.342032,NAK,234,16.693,,,239616,
1.342061,DUPACK,234,16.693,,,239616,
1.342087,NAK,234,16.693,,,239616,
1.342113,DUPACK,234,16.693,,,239616,
1.342138,NAK,234,16.693,,,239616,
1.342163,DUPACK,234,16.693,,,239616,
1.365381,NAK,234,16.693,,,239616,
1.365424,DUPACK,234,16.693,,,239616,
1.365455,NAK,234,16.693,,,239616,
1.365482,DUPACK,234,16.693,,,239616,
1.369805,NAK,234,16.693,,,239616,
1.369840,DUPACK,234,16.693,,,239616,
1.369866,NAK,234,16.693,,,239616,
1.371831,DUPACK,234,16.693,,,239616,
1.371903,NAK,234,16.693,,,239616,
1.371939,DUPACK,234,16.693,,,239616,
1.371968,NAK,234,16.693,,,239616,
1.371994,DUPACK,234,16.693,,,239616,
1.372019,NAK,234,16.693,,,239616,
1.372044,NAK,234,16.693,,,239616,
1.372071,DUPACK,234,16.693,,,239616,
1.372095,NAK,234,16.693,,,239616,
1.372125,DUPACK,234,16.693,,,239616,
1.372149,NAK,234,16.693,,,239616,
1.372173,DUPACK,234,16.693,,,239616,
1.372198,DUPACK,234,16.693,,,239616,
1.376058,ACK,235,16.753,,,240640,"cum ack, base->235"
1.376975,RETX,250,16.753,,200.000,240640,
1.379495,NAK,235,16.753,,,240640,
1.379524,FASTRETX,235,16.753,,200.000,240640,nak
1.379606,DUPACK,235,16.753,,,240640,
1.379644,NAK,235,16.753,,,240640,
1.379674,DUPACK,235,16.753,,,240640,
1.382397,RETX,235,16.753,,200.000,240640,
1.382998,RETX,236,16.753,,200.000,240640,
1.383430,RETX,237,16.753,,200.000,240640,
1.383805,RETX,238,16.753,,200.000,240640,
1.384019,RETX,239,16.753,,200.000,240640,
1.384374,RETX,240,16.753,,200.000,240640,
1.384605,RETX,241,16.753,,200.000,240640,
1.384830,RETX,242,16.753,,200.000,240640,
1.385052,RETX,243,16.753,,200.000,240640,
1.385278,RETX,244,16.753,,200.000,240640,
1.385503,RETX,245,16.753,,200.000,240640,
1.385727,RETX,246,16.753,,200.000,240640,
1.385952,RETX,247,16.753,,200.000,240640,
1.386178,RETX,248,16.753,,200.000,240640,
1.386402,RETX,249,16.753,,200.000,240640,
1.386625,RETX,250,16.753,,200.000,240640,
1.386689,NAK,235,16.753,,,240640,
1.386721,DUPACK,235,16.753,,,240640,
1.386746,NAK,235,16.753,,,240640,
1.386772,DUPACK,235,16.753,,,240640,
1.386796,NAK,235,16.753,,,240640,
1.386820,DUPACK,235,16.753,,,240640,
1.386842,NAK,235,16.753,,,240640,
1.386866,DUPACK,235,16.753,,,240640,
1.386889,NAK,235,16.753,,,240640,
1.386912,DUPACK,235,16.753,,,240640,
1.386934,NAK,235,16.753,,,240640,
1.386957,DUPACK,235,16.753,,,240640,
1.386979,NAK,235,16.753,,,240640,
1.387001,DUPACK,235,16.753,,,240640,
1.387023,NAK,235,16.753,,,240640,
1.387045,DUPACK,235,16.753,,,240640,
1.387068,NAK,235,16.753,,,240640,
1.389788,DUPACK,235,16.753,,,240640,
1.389817,NAK,235,16.753,,,240640,
1.389842,DUPACK,235,16.753,,,240640,
1.389864,NAK,235,16.753,,,240640,
1.389888,DUPACK,235,16.753,,,240640,
1.413628,NAK,235,16.753,,,240640,
1.413672,DUPACK,235,16.753,,,240640,
1.423376,STATS,-1,16.753,,200.000,240640,base=235 next=251
1.424852,ACK,236,16.813,,,241664,"cum ack, base->236"
1.424911,ACK,237,16.873,,,242688,"cum ack, base->237"
1.425974,RETX,251,16.873,,200.000,242688,
1.426163,SEND,252,16.873,,200.000,242688,
1.428848,ACK,238,16.932,,,243712,"cum ack, base->238"
1.428916,ACK,239,16.991,,,244736,"cum ack, base->239"
1.428958,ACK,240,17.050,,,245760,"cum ack, base->240"
1.431311,SEND,253,17.050,,200.000,245760,
1.431559,SEND,254,17.050,,200.000,245760,
1.431765,SEND,255,17.050,,200.000,245760,
1.432403,SEND,256,17.050,,200.000,245760,
1.432594,ACK,241,17.108,,,246784,"cum ack, base->241"
1.432720,ACK,242,17.167,,,247808,"cum ack, base->242"
1.434848,ACK,243,17.225,,,248832,"cum ack, base->243"
1.434919,NAK,243,17.225,,,248832,
1.434932,FASTRETX,243,17.225,,200.000,248832,nak
1.434972,DUPACK,243,17.225,,,248832,
1.435008,NAK,243,17.225,,,248832,
1.435227,DUPACK,243,17.225,,,248832,
1.435277,NAK,243,17.225,,,248832,
1.435313,DUPACK,243,17.225,,,248832,
1.436696,RETX,243,17.225,,200.000,248832,
1.436929,RETX,244,17.225,,200.000,248832,
1.437108,RETX,245,17.225,,200.000,248832,
1.437308,RETX,246,17.225,,200.000,248832,
1.437673,RETX,247,17.225,,200.000,248832,
1.437874,RETX,248,17.225,,200.000,248832,
1.438047,RETX,249,17.225,,200.000,248832,
1.438247,RETX,250,17.225,,200.000,248832,
1.438423,RETX,251,17.225,,200.000,248832,
1.438591,RETX,252,17.225,,200.000,248832,
1.438760,RETX,253,17.225,,200.000,248832,
1.438988,RETX,254,17.225,,200.000,248832,
1.439224,RETX,255,17.225,,200.000,248832,
1.439453,RETX,256,17.225,,200.000,248832,
1.439682,SEND,257,17.225,,200.000,248832,
1.439909,SEND,258,17.225,,200.000,248832,
1.440134,SEND,259,17.225,,200.000,248832,
1.440212,NAK,243,17.225,,,248832,
1.440253,DUPACK,243,17.225,,,248832,
1.440281,NAK,243,17.225,,,248832,
1.440307,DUPACK,243,17.225,,,248832,
1.440333,DUPACK,243,17.225,,,248832,
1.461999,NAK,243,17.225,,,248832,
1.462075,DUPACK,243,17.225,,,248832,
1.462113,DUPACK,243,17.225,,,248832,
1.477225,NAK,243,17.225,,,248832,
1.481942,DUPACK,243,17.225,,,248832,
1.481977,DUPACK,243,17.225,,,248832,
1.482002,NAK,243,17.225,,,248832,
1.482028,DUPACK,243,17.225,,,248832,
1.482062,ACK,244,17.283,,,249856,"cum ack, base->244"
1.482972,SEND,260,17.283,,200.000,249856,
1.486708,ACK,245,17.341,,,250880,"cum ack, base->245"
1.486768,ACK,246,17.399,,,251904,"cum ack, base->246"
1.486803,ACK,247,17.456,,,252928,"cum ack, base->247"
1.489155,SEND,261,17.456,,200.000,252928,
1.489418,SEND,262,17.456,,200.000,252928,
1.489635,SEND,263,17.456,,200.000,252928,
1.489781,ACK,248,17.513,,,253952,"cum ack, base->248"
1.489828,ACK,250,17.627,,,256000,"cum ack, base->250"
1.489884,ACK,251,17.684,,,257024,"cum ack, base->251"
1.492028,SEND,264,17.684,,200.000,257024,
1.492211,SEND,265,17.684,,200.000,257024,
1.492388,SEND,266,17.684,,200.000,257024,
1.492573,SEND,267,17.684,,200.000,257024,
1.492691,ACK,252,17.741,,,258048,"cum ack, base->252"
1.492757,ACK,253,17.797,,,259072,"cum ack, base->253"
1.492793,ACK,254,17.853,,,260096,"cum ack, base->254"
1.492964,ACK,255,17.909,,,261120,"cum ack, base->255"
1.492997,ACK,256,17.965,,,262144,"cum ack, base->256"
1.493030,ACK,257,18.021,,,263168,"cum ack, base->257"
1.493065,ACK,258,18.076,,,264192,"cum ack, base->258"
1.493095,ACK,259,18.132,,,265216,"cum ack, base->259"
1.493126,ACK,260,18.187,,,266240,"cum ack, base->260"
1.494967,SEND,268,18.187,,200.000,266240,
1.495269,SEND,269,18.187,,200.000,266240,
1.495485,SEND,270,18.187,,200.000,266240,
1.495691,SEND,271,18.187,,200.000,266240,
1.495898,SEND,272,18.187,,200.000,266240,
1.496110,SEND,273,18.187,,200.000,266240,
1.496311,SEND,274,18.187,,200.000,266240,
1.496571,SEND,275,18.187,,200.000,266240,
1.496797,SEND,276,18.187,,200.000,266240,
1.497048,SEND,277,18.187,,200.000,266240,
1.514471,ACK,261,18.242,,,267264,"cum ack, base->261"
1.515265,SEND,278,18.242,,200.000,267264,
1.525885,ACK,262,18.297,,,268288,"cum ack, base->262"
1.525947,ACK,263,18.351,,,269312,"cum ack, base->263"
1.526155,SEND,279,18.351,,200.000,269312,
1.526326,SEND,280,18.351,,200.000,269312,
1.526343,STATS,-1,18.351,,200.000,269312,base=263 next=281
1.538758,ACK,264,18.406,,,270336,"cum ack, base->264"
1.539398,SEND,281,18.406,,200.000,270336,
1.545732,ACK,265,18.460,,,271360,"cum ack, base->265"
1.545807,ACK,266,18.514,,,272384,"cum ack, base->266"
1.545857,ACK,267,18.568,,,273408,"cum ack, base->267"
1.545915,ACK,268,18.622,,,274432,"cum ack, base->268"
1.545954,ACK,269,18.676,,,275456,"cum ack, base->269"
1.546028,ACK,270,18.729,,,276480,"cum ack, base->270"
1.547293,SEND,282,18.729,,200.000,276480,
1.547505,SEND,283,18.729,,200.000,276480,
1.547739,SEND,284,18.729,,200.000,276480,
1.547958,SEND,285,18.729,,200.000,276480,
1.548157,SEND,286,18.729,,200.000,276480,
1.548352,SEND,287,18.729,,200.000,276480,
1.548467,ACK,271,18.783,,,277504,"cum ack, base->271"
1.548526,ACK,273,18.889,,,279552,"cum ack, base->273"
1.549958,ACK,274,18.942,,,280576,"cum ack, base->274"
1.550082,ACK,275,18.995,,,281600,"cum ack, base->275"
1.550130,ACK,276,19.047,,,282624,"cum ack, base->276"
1.550177,ACK,277,19.100,,,283648,"cum ack, base->277"
1.550218,ACK,278,19.152,,,284672,"cum ack, base->278"
1.551216,SEND,288,19.152,,200.000,284672,
1.551429,SEND,289,19.152,,200.000,284672,
1.551811,SEND,290,19.152,,200.000,284672,
1.552021,SEND,291,19.152,,200.000,284672,
1.552217,SEND,292,19.152,,200.000,284672,
1.552415,SEND,293,19.152,,200.000,284672,
1.553491,SEND,294,19.152,,200.000,284672,
1.553723,SEND,295,19.152,,200.000,284672,
1.554007,SEND,296,19.152,,200.000,284672,
1.628101,STATS,-1,19.152,,200.000,284672,base=278 next=297
1.729709,STATS,-1,19.152,,200.000,284672,base=278 next=297
1.751295,TIMEOUT,278,17.024,,200.000,284672,timeout
1.754800,RETX,278,17.024,,200.000,284672,
1.755334,RETX,279,17.024,,200.000,284672,
1.755629,RETX,280,17.024,,200.000,284672,
1.755886,RETX,281,17.024,,200.000,284672,
1.756205,RETX,282,17.024,,200.000,284672,
1.756508,RETX,283,17.024,,200.000,284672,
1.756836,RETX,284,17.024,,200.000,284672,
1.757097,RETX,285,17.024,,200.000,284672,
1.757352,RETX,286,17.024,,200.000,284672,
1.757665,RETX,287,17.024,,200.000,284672,
1.758052,RETX,288,17.024,,200.000,284672,
1.758288,RETX,289,17.024,,200.000,284672,
1.758488,RETX,290,17.024,,200.000,284672,
1.758751,RETX,291,17.024,,200.000,284672,
1.758968,RETX,292,17.024,,200.000,284672,
1.759165,RETX,293,17.024,,200.000,284672,
1.759366,RETX,294,17.024,,200.000,284672,
1.830833,STATS,-1,17.024,,200.000,284672,base=278 next=295
1.931400,STATS,-1,17.024,,200.000,284672,base=278 next=295
1.952224,TIMEOUT,278,17.024,,200.000,284672,timeout
1.955019,RETX,278,17.024,,200.000,284672,
1.955220,RETX,279,17.024,,200.000,284672,
1.955409,RETX,280,17.024,,200.000,284672,
1.955614,RETX,281,17.024,,200.000,284672,
1.955884,RETX,282,17.024,,200.000,284672,
1.956135,RETX,283,17.024,,200.000,284672,
1.956306,RETX,284,17.024,,200.000,284672,
1.956497,RETX,285,17.024,,200.000,284672,
1.956671,RETX,286,17.024,,200.000,284672,
1.956834,RETX,287,17.024,,200.000,284672,
1.956996,RETX,288,17.024,,200.000,284672,
1.957162,RETX,289,17.024,,200.000,284672,
1.957323,RETX,290,17.024,,200.000,284672,
1.957521,RETX,291,17.024,,200.000,284672,
1.957767,RETX,292,17.024,,200.000,284672,
1.957933,RETX,293,17.024,,200.000,284672,
1.958096,RETX,294,17.024,,200.000,284672,
2.032044,STATS,-1,17.024,,200.000,284672,base=278 next=295
2.133013,STATS,-1,17.024,,200.000,284672,base=278 next=295
2.153445,TIMEOUT,278,17.024,,200.000,284672,timeout
2.156288,RETX,278,17.024,,200.000,284672,
2.156480,RETX,279,17.024,,200.000,284672,
2.156652,RETX,280,17.024,,200.000,284672,
2.157015,RETX,281,17.024,,200.000,284672,
2.157204,RETX,282,17.024,,200.000,284672,
2.157367,RETX,283,17.024,,200.000,284672,
2.157529,RETX,284,17.024,,200.000,284672,
2.157691,RETX,285,17.024,,200.000,284672,
2.157854,RETX,286,17.024,,200.000,284672,
2.158077,RETX,287,17.024,,200.000,284672,
2.158257,RETX,288,17.024,,200.000,284672,
2.158419,RETX,289,17.024,,200.000,284672,
2.158581,RETX,290,17.024,,200.000,284672,
2.158746,RETX,291,17.024,,200.000,284672,
2.158909,RETX,292,17.024,,200.000,284672,
2.159070,RETX,293,17.024,,200.000,284672,
2.159269,RETX,294,17.024,,200.000,284672,
2.234640,STATS,-1,17.024,,200.000,284672,base=278 next=295
2.335453,STATS,-1,17.024,,200.000,284672,base=278 next=295
2.353462,TIMEOUT,278,17.024,,200.000,284672,timeout
2.356285,RETX,278,17.024,,200.000,284672,
2.356734,RETX,279,17.024,,200.000,284672,
2.357150,RETX,280,17.024,,200.000,284672,
2.357510,RETX,281,17.024,,200.000,284672,
2.357942,RETX,282,17.024,,200.000,284672,
2.358274,RETX,283,17.024,,200.000,284672,
2.358452,RETX,284,17.024,,200.000,284672,
2.358649,RETX,285,17.024,,200.000,284672,
2.358891,RETX,286,17.024,,200.000,284672,
2.359175,RETX,287,17.024,,200.000,284672,
2.359365,RETX,288,17.024,,200.000,284672,
2.359788,RETX,289,17.024,,200.000,284672,
2.360112,RETX,290,17.024,,200.000,284672,
2.360309,RETX,291,17.024,,200.000,284672,
2.360508,RETX,292,17.024,,200.000,284672,
2.360764,RETX,293,17.024,,200.000,284672,
2.360962,RETX,294,17.024,,200.000,284672,
2.406022,ACK,279,17.083,,,285696,"cum ack, base->279"
2.406087,ACK,280,17.142,,,286720,"cum ack, base->280"
2.406123,ACK,281,17.200,,,287744,"cum ack, base->281"
2.406155,ACK,282,17.258,,,288768,"cum ack, base->282"
2.406186,ACK,283,17.316,,,289792,"cum ack, base->283"
2.408718,RETX,295,17.316,,200.000,289792,
2.408911,RETX,296,17.316,,200.000,289792,
2.409135,SEND,297,17.316,,200.000,289792,
2.409383,SEND,298,17.316,,200.000,289792,
2.409559,SEND,299,17.316,,200.000,289792,
2.409675,ACK,284,17.374,,,290816,"cum ack, base->284"
2.409725,ACK,285,17.431,,,291840,"cum ack, base->285"
2.409754,NAK,285,17.431,,,291840,
2.409765,FASTRETX,285,17.431,,200.000,291840,nak
2.409793,DUPACK,285,17.431,,,291840,
2.409822,NAK,285,17.431,,,291840,
2.409851,DUPACK,285,17.431,,,291840,
2.409877,NAK,285,17.431,,,291840,
2.411582,DUPACK,285,17.431,,,291840,
2.411646,NAK,285,17.431,,,291840,
2.411680,DUPACK,285,17.431,,,291840,
2.411708,NAK,285,17.431,,,291840,
2.411736,NAK,285,17.431,,,291840,
2.412029,RETX,285,17.431,,200.000,291840,
2.412210,RETX,286,17.431,,200.000,291840,
2.412421,RETX,287,17.431,,200.000,291840,
2.412600,RETX,288,17.431,,200.000,291840,
2.412770,RETX,289,17.431,,200.000,291840,
2.412964,RETX,290,17.431,,200.000,291840,
2.413135,RETX,291,17.431,,200.000,291840,
2.413303,RETX,292,17.431,,200.000,291840,
2.413472,RETX,293,17.431,,200.000,291840,
2.413680,RETX,294,17.431,,200.000,291840,
2.413877,RETX,295,17.431,,200.000,291840,
2.414067,RETX,296,17.431,,200.000,291840,
2.414243,RETX,297,17.431,,200.000,291840,
2.414412,RETX,298,17.431,,200.000,291840,
2.414580,RETX,299,17.431,,200.000,291840,
2.414749,SEND,300,17.431,,200.000,291840,
2.414919,SEND,301,17.431,,200.000,291840,
2.415044,DUPACK,285,17.431,,,291840,
2.415326,NAK,285,17.431,,,291840,
2.415373,DUPACK,285,17.431,,,291840,
2.415399,NAK,285,17.431,,,291840,
2.415421,NAK,285,17.431,,,291840,
2.415442,DUPACK,285,17.431,,,291840,
2.436995,STATS,-1,17.431,,200.000,291840,base=285 next=302
2.442152,NAK,285,17.431,,,291840,
2.451541,DUPACK,285,17.431,,,291840,
2.451602,NAK,285,17.431,,,291840,
2.451635,DUPACK,285,17.431,,,291840,
2.451685,NAK,285,17.431,,,291840,
2.454922,DUPACK,285,17.431,,,291840,
2.454982,NAK,285,17.431,,,291840,
2.455017,DUPACK,285,17.431,,,291840,
2.455044,NAK,285,17.431,,,291840,
2.455073,DUPACK,285,17.431,,,291840,
2.458173,ACK,286,17.489,,,292864,"cum ack, base->286"
2.458249,ACK,287,17.546,,,293888,"cum ack, base->287"
2.458287,ACK,288,17.603,,,294912,"cum ack, base->288"
2.458321,ACK,289,17.660,,,295936,"cum ack, base->289"
2.458380,ACK,290,17.716,,,296960,"cum ack, base->290"
2.459367,SEND,302,17.716,,200.000,296960,
2.459591,SEND,303,17.716,,200.000,296960,
2.459773,SEND,304,17.716,,200.000,296960,
2.459942,SEND,305,17.716,,200.000,296960,
2.460154,SEND,306,17.716,,200.000,296960,
2.467137,ACK,291,17.773,,,297984,"cum ack, base->291"
2.467269,NAK,291,17.773,,,297984,
2.467283,FASTRETX,291,17.773,,200.000,297984,nak
2.467318,DUPACK,291,17.773,,,297984,
2.467346,NAK,291,17.773,,,297984,
2.467374,DUPACK,291,17.773,,,297984,
2.467399,NAK,291,17.773,,,297984,
2.467425,DUPACK,291,17.773,,,297984,
2.467451,NAK,291,17.773,,,297984,
2.467539,DUPACK,291,17.773,,,297984,
2.467593,NAK,291,17.773,,,297984,
2.467626,DUPACK,291,17.773,,,297984,
2.467700,NAK,291,17.773,,,297984,
2.467735,DUPACK,291,17.773,,,297984,
2.467998,RETX,291,17.773,,200.000,297984,
2.468175,RETX,292,17.773,,200.000,297984,
2.468343,RETX,293,17.773,,200.000,297984,
2.468596,RETX,294,17.773,,200.000,297984,
2.468911,RETX,295,17.773,,200.000,297984,
2.469090,RETX,296,17.773,,200.000,297984,
2.469261,RETX,297,17.773,,200.000,297984,
2.469518,RETX,298,17.773,,200.000,297984,
2.469693,RETX,299,17.773,,200.000,297984,
2.469861,RETX,300,17.773,,200.000,297984,
2.470028,RETX,301,17.773,,200.000,297984,
2.470276,RETX,302,17.773,,200.000,297984,
2.470470,RETX,303,17.773,,200.000,297984,
2.470564,RETX,304,17.773,,200.000,297984,
2.470644,RETX,305,17.773,,200.000,297984,
2.470724,RETX,306,17.773,,200.000,297984,
2.470804,SEND,307,17.773,,200.000,297984,
2.470909,NAK,291,17.773,,,297984,
2.470938,DUPACK,291,17.773,,,297984,
2.470952,NAK,291,17.773,,,297984,
2.470963,DUPACK,291,17.773,,,297984,
2.470973,NAK,291,17.773,,,297984,
2.470984,DUPACK,291,17.773,,,297984,
2.470994,DUPACK,291,17.773,,,297984,
2.502483,NAK,291,17.773,,,297984,
2.502542,DUPACK,291,17.773,,,297984,
2.502577,NAK,291,17.773,,,297984,
2.502636,DUPACK,291,17.773,,,297984,
2.507713,NAK,291,17.773,,,297984,
2.507767,DUPACK,291,17.773,,,297984,
2.507796,NAK,291,17.773,,,297984,
2.508826,DUPACK,291,17.773,,,297984,
2.508871,NAK,291,17.773,,,297984,
2.512903,DUPACK,291,17.773,,,297984,
2.512971,ACK,292,17.829,,,299008,"cum ack, base->292"
2.514229,ACK,293,17.885,,,300032,"cum ack, base->293"
2.515293,SEND,308,17.885,,200.000,300032,
2.515579,SEND,309,17.885,,200.000,300032,
2.520649,ACK,294,17.941,,,301056,"cum ack, base->294"
2.520709,ACK,295,17.997,,,302080,"cum ack, base->295"
2.520745,ACK,296,18.052,,,303104,"cum ack, base->296"
2.520778,ACK,297,18.108,,,304128,"cum ack, base->297"
2.520810,ACK,298,18.163,,,305152,"cum ack, base->298"
2.520840,ACK,299,18.218,,,306176,"cum ack, base->299"
2.520871,ACK,300,18.273,,,307200,"cum ack, base->300"
2.520900,ACK,301,18.328,,,308224,"cum ack, base->301"
2.520930,ACK,302,18.382,,,309248,"cum ack, base->302"
2.520959,ACK,303,18.437,,,310272,"cum ack, base->303"
2.522351,ACK,304,18.491,,,311296,"cum ack, base->304"
2.522402,ACK,305,18.545,,,312320,"cum ack, base->305"
2.522438,ACK,306,18.599,,,313344,"cum ack, base->306"
2.522473,ACK,307,18.653,,,314368,"cum ack, base->307"
2.522507,ACK,308,18.706,,,315392,"cum ack, base->308"
2.523186,SEND,310,18.706,,200.000,315392,
2.523361,SEND,311,18.706,,200.000,315392,
2.523535,SEND,312,18.706,,200.000,315392,
2.523702,SEND,313,18.706,,200.000,315392,
2.523871,SEND,314,18.706,,200.000,315392,
2.524037,SEND,315,18.706,,200.000,315392,
2.524205,SEND,316,18.706,,200.000,315392,
2.524436,SEND,317,18.706,,200.000,315392,
2.524617,SEND,318,18.706,,200.000,315392,
2.524840,SEND,319,18.706,,200.000,315392,
2.525019,SEND,320,18.706,,200.000,315392,
2.525233,SEND,321,18.706,,200.000,315392,
2.525405,SEND,322,18.706,,200.000,315392,
2.525571,SEND,323,18.706,,200.000,315392,
2.525738,SEND,324,18.706,,200.000,315392,
2.525903,SEND,325,18.706,,200.000,315392,
2.537787,STATS,-1,18.706,,200.000,315392,base=308 next=326
2.554402,ACK,309,18.760,,,316416,"cum ack, base->309"
2.554557,ACK,310,18.813,,,317440,"cum ack, base->310"
2.555613,SEND,326,18.813,,200.000,317440,
2.555787,SEND,327,18.813,,200.000,317440,
2.570910,ACK,311,18.866,,,318464,"cum ack, base->311"
2.570977,ACK,313,18.972,,,320512,"cum ack, base->313"
2.571012,ACK,314,19.025,,,321536,"cum ack, base->314"
2.571826,ACK,315,19.077,,,322560,"cum ack, base->315"
2.571905,ACK,316,19.130,,,323584,"cum ack, base->316"
2.573327,SEND,328,19.130,,200.000,323584,
2.573560,SEND,329,19.130,,200.000,323584,
2.573759,SEND,330,19.130,,200.000,323584,
2.573931,SEND,331,19.130,,200.000,323584,
2.574123,SEND,332,19.130,,200.000,323584,
2.574302,SEND,333,19.130,,200.000,323584,
2.574470,SEND,334,19.130,,200.000,323584,
2.575122,ACK,317,19.182,,,324608,"cum ack, base->317"
2.575204,ACK,318,19.234,,,325632,"cum ack, base->318"
2.575249,ACK,319,19.286,,,326656,"cum ack, base->319"
2.577176,SEND,335,19.286,,200.000,326656,
2.577359,SEND,336,19.286,,200.000,326656,
2.577527,SEND,337,19.286,,200.000,326656,
2.579253,ACK,320,19.338,,,327680,"cum ack, base->320"
2.579305,ACK,321,19.390,,,328704,"cum ack, base->321"
2.579340,ACK,322,19.441,,,329728,"cum ack, base->322"
2.579413,ACK,323,19.493,,,330752,"cum ack, base->323"
2.579456,ACK,324,19.544,,,331776,"cum ack, base->324"
2.579491,ACK,325,19.595,,,332800,"cum ack, base->325"
2.580154,SEND,338,19.595,,200.000,332800,
2.580357,SEND,339,19.595,,200.000,332800,
2.580565,SEND,340,19.595,,200.000,332800,
2.580752,SEND,341,19.595,,200.000,332800,
2.580970,SEND,342,19.595,,200.000,332800,
2.581141,SEND,343,19.595,,200.000,332800,
2.594385,NAK,325,19.595,,,332800,
2.594430,FASTRETX,325,17.418,,200.000,332800,nak
2.594554,DUPACK,325,17.418,,,332800,
2.596826,RETX,325,17.418,,200.000,332800,
2.597100,RETX,326,17.418,,200.000,332800,
2.597486,RETX,327,17.418,,200.000,332800,
2.597787,RETX,328,17.418,,200.000,332800,
2.598050,RETX,329,17.418,,200.000,332800,
2.598318,RETX,330,17.418,,200.000,332800,
2.598714,RETX,331,17.418,,200.000,332800,
2.598936,RETX,332,17.418,,200.000,332800,
2.599219,RETX,333,17.418,,200.000,332800,
2.599459,RETX,334,17.418,,200.000,332800,
2.599762,RETX,335,17.418,,200.000,332800,
2.599940,RETX,336,17.418,,200.000,332800,
2.600188,RETX,337,17.418,,200.000,332800,
2.600574,RETX,338,17.418,,200.000,332800,
2.600759,RETX,339,17.418,,200.000,332800,
2.601195,RETX,340,17.418,,200.000,332800,
2.601521,RETX,341,17.418,,200.000,332800,
2.618679,NAK,325,17.418,,,332800,
2.619223,DUPACK,325,17.418,,,332800,
2.620718,NAK,325,17.418,,,332800,
2.620953,DUPACK,325,17.418,,,332800,
2.620997,NAK,325,17.418,,,332800,
2.621030,DUPACK,325,17.418,,,332800,
2.621060,NAK,325,17.418,,,332800,
2.621091,DUPACK,325,17.418,,,332800,
2.621120,DUPACK,325,17.418,,,332800,
2.621148,NAK,325,17.418,,,332800,
2.627300,NAK,325,17.418,,,332800,
2.627694,DUPACK,325,17.418,,,332800,
2.629538,NAK,325,17.418,,,332800,
2.629596,DUPACK,325,17.418,,,332800,
2.629629,NAK,325,17.418,,,332800,
2.629658,DUPACK,325,17.418,,,332800,
2.629684,NAK,325,17.418,,,332800,
2.629709,DUPACK,325,17.418,,,332800,
2.629732,NAK,325,17.418,,,332800,
2.629757,DUPACK,325,17.418,,,332800,
2.633526,NAK,325,17.418,,,332800,
2.633561,DUPACK,325,17.418,,,332800,
2.633580,NAK,325,17.418,,,332800,
2.633597,DUPACK,325,17.418,,,332800,
2.633612,NAK,325,17.418,,,332800,
2.633626,DUPACK,325,17.418,,,332800,
2.633640,NAK,325,17.418,,,332800,
2.633654,DUPACK,325,17.418,,,332800,
2.638415,STATS,-1,17.418,,200.000,332800,base=325 next=342
2.650301,ACK,326,17.475,,,333824,"cum ack, base->326"
2.650366,ACK,327,17.532,,,334848,"cum ack, base->327"
2.650401,ACK,328,17.590,,,335872,"cum ack, base->328"
2.650430,NAK,328,17.590,,,335872,
2.650440,FASTRETX,328,17.590,,200.000,335872,nak
2.650470,DUPACK,328,17.590,,,335872,
2.650557,DUPACK,328,17.590,,,335872,
2.650607,NAK,328,17.590,,,335872,
2.650640,DUPACK,328,17.590,,,335872,
2.650671,NAK,328,17.590,,,335872,
2.650788,DUPACK,328,17.590,,,335872,
2.651067,RETX,328,17.590,,200.000,335872,
2.651241,RETX,329,17.590,,200.000,335872,
2.651512,RETX,330,17.590,,200.000,335872,
2.651877,RETX,331,17.590,,200.000,335872,
2.652297,RETX,332,17.590,,200.000,335872,
2.652719,RETX,333,17.590,,200.000,335872,
2.652908,RETX,334,17.590,,200.000,335872,
2.653334,RETX,335,17.590,,200.000,335872,
2.653542,RETX,336,17.590,,200.000,335872,
2.653713,RETX,337,17.590,,200.000,335872,
2.653880,RETX,338,17.590,,200.000,335872,
2.654071,RETX,339,17.590,,200.000,335872,
2.654238,RETX,340,17.590,,200.000,335872,
2.654508,RETX,341,17.590,,200.000,335872,
2.654687,RETX,342,17.590,,200.000,335872,
2.654895,RETX,343,17.590,,200.000,335872,
2.655057,SEND,344,17.590,,200.000,335872,
2.655121,NAK,328,17.590,,,335872,
2.655149,DUPACK,328,17.590,,,335872,
2.655170,NAK,328,17.590,,,335872,
2.655189,DUPACK,328,17.590,,,335872,
2.655206,NAK,328,17.590,,,335872,
2.655280,DUPACK,328,17.590,,,335872,
2.655297,NAK,328,17.590,,,335872,
2.655314,NAK,328,17.590,,,335872,
2.655330,DUPACK,328,17.590,,,335872,
2.655345,NAK,328,17.590,,,335872,
2.655361,DUPACK,328,17.590,,,335872,
2.655377,NAK,328,17.590,,,335872,
2.655392,DUPACK,328,17.590,,,335872,
2.655407,DUPACK,328,17.590,,,335872,
2.655422,NAK,328,17.590,,,335872,
2.655437,DUPACK,328,17.590,,,335872,
2.694101,ACK,329,17.646,,,336896,"cum ack, base->329"
2.695313,SEND,345,17.646,,200.000,336896,
2.701724,ACK,330,17.703,,,337920,"cum ack, base->330"
2.701797,NAK,330,17.703,,,337920,
2.701809,FASTRETX,330,17.703,,200.000,337920,nak
2.701842,DUPACK,330,17.703,,,337920,
2.701872,NAK,330,17.703,,,337920,
2.701909,DUPACK,330,17.703,,,337920,
2.701940,NAK,330,17.703,,,337920,
2.701965,DUPACK,330,17.703,,,337920,
2.702135,NAK,330,17.703,,,337920,
2.702585,RETX,330,17.703,,200.000,337920,
2.702855,RETX,331,17.703,,200.000,337920,
2.703034,RETX,332,17.703,,200.000,337920,
2.703205,RETX,333,17.703,,200.000,337920,
2.703426,RETX,334,17.703,,200.000,337920,
2.703817,RETX,335,17.703,,200.000,337920,
2.704047,RETX,336,17.703,,200.000,337920,
2.704215,RETX,337,17.703,,200.000,337920,
2.704383,RETX,338,17.703,,200.000,337920,
2.704578,RETX,339,17.703,,200.000,337920,
2.704765,RETX,340,17.703,,200.000,337920,
2.704949,RETX,341,17.703,,200.000,337920,
2.705365,RETX,342,17.703,,200.000,337920,
2.705601,RETX,343,17.703,,200.000,337920,
2.705771,RETX,344,17.703,,200.000,337920,
2.706042,RETX,345,17.703,,200.000,337920,
2.706294,SEND,346,17.703,,200.000,337920,
2.706394,DUPACK,330,17.703,,,337920,
2.706441,NAK,330,17.703,,,337920,
2.706473,DUPACK,330,17.703,,,337920,
2.706499,NAK,330,17.703,,,337920,
2.706524,DUPACK,330,17.703,,,337920,
2.706548,NAK,330,17.703,,,337920,
2.706573,DUPACK,330,17.703,,,337920,
2.706596,NAK,330,17.703,,,337920,
2.706619,DUPACK,330,17.703,,,337920,
2.706643,NAK,330,17.703,,,337920,
2.706666,DUPACK,330,17.703,,,337920,
2.706688,NAK,330,17.703,,,337920,
2.706712,DUPACK,330,17.703,,,337920,
2.706734,NAK,330,17.703,,,337920,
2.706757,DUPACK,330,17.703,,,337920,
2.706779,NAK,330,17.703,,,337920,
2.706802,DUPACK,330,17.703,,,337920,
2.706825,NAK,330,17.703,,,337920,
2.706848,DUPACK,330,17.703,,,337920,
2.706871,NAK,330,17.703,,,337920,
2.706895,DUPACK,330,17.703,,,337920,
2.737847,NAK,330,17.703,,,337920,
2.740199,STATS,-1,17.703,,200.000,337920,base=330 next=347
2.751010,DUPACK,330,17.703,,,337920,
2.751161,ACK,331,17.760,,,338944,"cum ack, base->331"
2.751215,ACK,332,17.816,,,339968,"cum ack, base->332"
2.751265,ACK,333,17.872,,,340992,"cum ack, base->333"
2.751306,ACK,334,17.928,,,342016,"cum ack, base->334"
2.751342,NAK,334,17.928,,,342016,
2.751354,FASTRETX,334,17.928,,200.000,342016,nak
2.752591,RETX,334,17.928,,200.000,342016,
2.752814,RETX,335,17.928,,200.000,342016,
2.753232,RETX,336,17.928,,200.000,342016,
2.753926,RETX,337,17.928,,200.000,342016,
2.754150,RETX,338,17.928,,200.000,342016,
2.754354,RETX,339,17.928,,200.000,342016,
2.754561,RETX,340,17.928,,200.000,342016,
2.754870,RETX,341,17.928,,200.000,342016,
2.755067,RETX,342,17.928,,200.000,342016,
2.755241,RETX,343,17.928,,200.000,342016,
2.755419,RETX,344,17.928,,200.000,342016,
2.755594,RETX,345,17.928,,200.000,342016,
2.755792,RETX,346,17.928,,200.000,342016,
2.755967,SEND,347,17.928,,200.000,342016,
2.756132,SEND,348,17.928,,200.000,342016,
2.756385,SEND,349,17.928,,200.000,342016,
2.756572,SEND,350,17.928,,200.000,342016,
2.756703,DUPACK,334,17.928,,,342016,
2.756739,NAK,334,17.928,,,342016,
2.756767,DUPACK,334,17.928,,,342016,
2.756793,NAK,334,17.928,,,342016,
2.756818,DUPACK,334,17.928,,,342016,
2.756841,NAK,334,17.928,,,342016,
2.756865,DUPACK,334,17.928,,,342016,
2.756891,NAK,334,17.928,,,342016,
2.756915,DUPACK,334,17.928,,,342016,
2.756937,NAK,334,17.928,,,342016,
2.756961,DUPACK,334,17.928,,,342016,
2.756984,NAK,334,17.928,,,342016,
2.757007,DUPACK,334,17.928,,,342016,
2.757029,NAK,334,17.928,,,342016,
2.757053,DUPACK,334,17.928,,,342016,
2.758946,NAK,334,17.928,,,342016,
2.758987,DUPACK,334,17.928,,,342016,
2.759019,NAK,334,17.928,,,342016,
2.759048,DUPACK,334,17.928,,,342016,
2.759075,NAK,334,17.928,,,342016,
2.759102,DUPACK,334,17.928,,,342016,
2.759475,NAK,334,17.928,,,342016,
2.759616,DUPACK,334,17.928,,,342016,
2.800617,ACK,335,17.984,,,343040,"cum ack, base->335"
2.800902,ACK,337,18.095,,,345088,"cum ack, base->337"
2.800956,ACK,338,18.150,,,346112,"cum ack, base->338"
2.800998,ACK,339,18.205,,,347136,"cum ack, base->339"
2.802268,SEND,351,18.205,,200.000,347136,
2.802916,SEND,352,18.205,,200.000,347136,
2.803217,SEND,353,18.205,,200.000,347136,
2.803426,SEND,354,18.205,,200.000,347136,
2.803630,SEND,355,18.205,,200.000,347136,
2.804257,SEND,356,18.205,,200.000,347136,
2.804755,ACK,340,18.260,,,348160,"cum ack, base->340"
2.804804,ACK,341,18.315,,,349184,"cum ack, base->341"
2.804837,ACK,342,18.369,,,350208,"cum ack, base->342"
2.806871,ACK,343,18.424,,,351232,"cum ack, base->343"
2.807131,SEND,357,18.424,,200.000,351232,
2.807302,SEND,358,18.424,,200.000,351232,
2.807471,SEND,359,18.424,,200.000,351232,
2.807637,SEND,360,18.424,,200.000,351232,
2.807707,ACK,344,18.478,,,352256,"cum ack, base->344"
2.807804,ACK,345,18.532,,,353280,"cum ack, base->345"
2.807866,ACK,346,18.586,,,354304,"cum ack, base->346"
2.807906,ACK,347,18.640,,,355328,"cum ack, base->347"
2.807940,ACK,348,18.694,,,356352,"cum ack, base->348"
2.807973,NAK,348,18.694,,,356352,
2.807988,FASTRETX,348,16.617,,200.000,356352,nak
2.808019,DUPACK,348,16.617,,,356352,
2.808044,NAK,348,16.617,,,356352,
2.808072,DUPACK,348,16.617,,,356352,
2.810412,RETX,348,16.617,,200.000,356352,
2.810868,RETX,349,16.617,,200.000,356352,
2.811079,RETX,350,16.617,,200.000,356352,
2.811338,RETX,351,16.617,,200.000,356352,
2.811554,RETX,352,16.617,,200.000,356352,
2.811807,RETX,353,16.617,,200.000,356352,
2.812088,RETX,354,16.617,,200.000,356352,
2.812322,RETX,355,16.617,,200.000,356352,
2.812551,RETX,356,16.617,,200.000,356352,
2.812776,RETX,357,16.617,,200.000,356352,
2.813001,RETX,358,16.617,,200.000,356352,
2.813226,RETX,359,16.617,,200.000,356352,
2.813452,RETX,360,16.617,,200.000,356352,
2.813676,SEND,361,16.617,,200.000,356352,
2.813900,SEND,362,16.617,,200.000,356352,
2.814101,SEND,363,16.617,,200.000,356352,
2.841032,STATS,-1,16.617,,200.000,356352,base=348 next=364
2.843433,NAK,348,16.617,,,356352,
2.844148,DUPACK,348,16.617,,,356352,
2.844359,NAK,348,16.617,,,356352,
2.844393,DUPACK,348,16.617,,,356352,
2.847451,NAK,348,16.617,,,356352,
2.850455,DUPACK,348,16.617,,,356352,
2.855027,NAK,348,16.617,,,356352,
2.855148,DUPACK,348,16.617,,,356352,
2.855186,NAK,348,16.617,,,356352,
2.855214,DUPACK,348,16.617,,,356352,
2.855240,NAK,348,16.617,,,356352,
2.855266,DUPACK,348,16.617,,,356352,
2.855291,NAK,348,16.617,,,356352,
2.855316,DUPACK,348,16.617,,,356352,
2.860376,NAK,348,16.617,,,356352,
2.860445,DUPACK,348,16.617,,,356352,
2.860474,NAK,348,16.617,,,356352,
2.860501,DUPACK,348,16.617,,,356352,
2.860528,NAK,348,16.617,,,356352,
2.860557,DUPACK,348,16.617,,,356352,
2.860620,ACK,349,16.677,,,357376,"cum ack, base->349"
2.860994,SEND,364,16.677,,200.000,357376,
2.861150,ACK,350,16.737,,,358400,"cum ack, base->350"
2.861270,ACK,351,16.796,,,359424,"cum ack, base->351"
2.861319,ACK,352,16.856,,,360448,"cum ack, base->352"
2.861349,NAK,352,16.856,,,360448,
2.861363,FASTRETX,352,16.856,,200.000,360448,nak
2.861392,NAK,352,16.856,,,360448,
2.863757,RETX,352,16.856,,200.000,360448,
2.863944,RETX,353,16.856,,200.000,360448,
2.864117,RETX,354,16.856,,200.000,360448,
2.864287,RETX,355,16.856,,200.000,360448,
2.864456,RETX,356,16.856,,200.000,360448,
2.864629,RETX,357,16.856,,200.000,360448,
2.865039,RETX,358,16.856,,200.000,360448,
2.865324,RETX,359,16.856,,200.000,360448,
2.865517,RETX,360,16.856,,200.000,360448,
2.865693,RETX,361,16.856,,200.000,360448,
2.865862,RETX,362,16.856,,200.000,360448,
2.866228,RETX,363,16.856,,200.000,360448,
2.866407,RETX,364,16.856,,200.000,360448,
2.866624,SEND,365,16.856,,200.000,360448,
2.866916,SEND,366,16.856,,200.000,360448,
2.867168,SEND,367,16.856,,200.000,360448,
2.867231,DUPACK,352,16.856,,,360448,
2.867261,NAK,352,16.856,,,360448,
2.867358,DUPACK,352,16.856,,,360448,
2.867383,NAK,352,16.856,,,360448,
2.867409,DUPACK,352,16.856,,,360448,
2.867433,NAK,352,16.856,,,360448,
2.867457,DUPACK,352,16.856,,,360448,
2.867480,NAK,352,16.856,,,360448,
2.867504,DUPACK,352,16.856,,,360448,
2.867526,NAK,352,16.856,,,360448,
2.867550,DUPACK,352,16.856,,,360448,
2.867573,NAK,352,16.856,,,360448,
2.867596,DUPACK,352,16.856,,,360448,
2.867618,NAK,352,16.856,,,360448,
2.867641,DUPACK,352,16.856,,,360448,
2.867663,NAK,352,16.856,,,360448,
2.867686,DUPACK,352,16.856,,,360448,
2.906759,DUPACK,352,16.856,,,360448,
2.906843,ACK,353,16.915,,,361472,"cum ack, base->353"
2.908299,SEND,368,16.915,,200.000,361472,
2.910512,ACK,354,16.974,,,362496,"cum ack, base->354"
2.910579,ACK,355,17.033,,,363520,"cum ack, base->355"
2.910617,ACK,356,17.092,,,364544,"cum ack, base->356"
2.910651,ACK,357,17.151,,,365568,"cum ack, base->357"
2.910684,ACK,358,17.209,,,366592,"cum ack, base->358"
2.910714,ACK,359,17.267,,,367616,"cum ack, base->359"
2.910744,ACK,360,17.325,,,368640,"cum ack, base->360"
2.911090,SEND,369,17.325,,200.000,368640,
2.911276,SEND,370,17.325,,200.000,368640,
2.911447,SEND,371,17.325,,200.000,368640,
2.911659,SEND,372,17.325,,200.000,368640,
2.911837,SEND,373,17.325,,200.000,368640,
2.912006,SEND,374,17.325,,200.000,368640,
2.912175,SEND,375,17.325,,200.000,368640,
2.912344,SEND,376,17.325,,200.000,368640,
2.914114,ACK,361,17.383,,,369664,"cum ack, base->361"
2.914168,ACK,362,17.440,,,370688,"cum ack, base->362"
2.914231,ACK,363,17.497,,,371712,"cum ack, base->363"
2.914293,ACK,364,17.555,,,372736,"cum ack, base->364"
2.914584,SEND,377,17.555,,200.000,372736,
2.914763,SEND,378,17.555,,200.000,372736,
2.914944,SEND,379,17.555,,200.000,372736,
2.915115,SEND,380,17.555,,200.000,372736,
2.915223,ACK,365,17.612,,,373760,"cum ack, base->365"
2.915583,ACK,366,17.668,,,374784,"cum ack, base->366"
2.917178,ACK,367,17.725,,,375808,"cum ack, base->367"
2.917240,ACK,368,17.781,,,376832,"cum ack, base->368"
2.917920,SEND,381,17.781,,200.000,376832,
2.918112,SEND,382,17.781,,200.000,376832,
2.918448,SEND,383,17.781,,200.000,376832,
2.918632,SEND,384,17.781,,200.000,376832,
2.943102,STATS,-1,17.781,,200.000,376832,base=368 next=385
2.952860,ACK,369,17.838,,,377856,"cum ack, base->369"
2.952927,ACK,370,17.894,,,378880,"cum ack, base->370"
2.955582,SEND,385,17.894,,200.000,378880,
2.955777,SEND,386,17.894,,200.000,378880,
2.955905,ACK,371,17.950,,,379904,"cum ack, base->371"
2.956397,ACK,372,18.005,,,380928,"cum ack, base->372"
2.958572,SEND,387,18.005,,200.000,380928,
2.958807,SEND,388,18.005,,200.000,380928,
2.959029,SEND,389,18.005,,200.000,380928,
2.964757,ACK,374,18.116,,,382976,"cum ack, base->374"
2.964902,ACK,375,18.171,,,384000,"cum ack, base->375"
2.964955,ACK,376,18.226,,,385024,"cum ack, base->376"
2.964993,ACK,377,18.281,,,386048,"cum ack, base->377"
2.965026,ACK,379,18.391,,,388096,"cum ack, base->379"
2.965068,ACK,380,18.445,,,389120,"cum ack, base->380"
2.965147,ACK,381,18.499,,,390144,"cum ack, base->381"
2.965181,ACK,382,18.553,,,391168,"cum ack, base->382"
2.965212,ACK,383,18.607,,,392192,"cum ack, base->383"
2.966680,SEND,390,18.607,,200.000,392192,
2.966857,SEND,391,18.607,,200.000,392192,
2.968440,SEND,392,18.607,,200.000,392192,
2.968758,SEND,393,18.607,,200.000,392192,
2.968985,SEND,394,18.607,,200.000,392192,
2.969163,SEND,395,18.607,,200.000,392192,
2.969401,SEND,396,18.607,,200.000,392192,
2.969602,SEND,397,18.607,,200.000,392192,
2.969819,SEND,398,18.607,,200.000,392192,
2.970008,SEND,399,18.607,,200.000,392192,
2.970259,SEND,400,18.607,,200.000,392192,
2.971004,ACK,384,18.661,,,393216,"cum ack, base->384"
2.971116,ACK,385,18.714,,,394240,"cum ack, base->385"
2.973143,SEND,401,18.714,,200.000,394240,
2.973363,SEND,402,18.714,,200.000,394240,
3.007623,ACK,386,18.768,,,395264,"cum ack, base->386"
3.009119,SEND,403,18.768,,200.000,395264,
3.009532,ACK,387,18.821,,,396288,"cum ack, base->387"
3.009600,ACK,388,18.874,,,397312,"cum ack, base->388"
3.009644,ACK,389,18.927,,,398336,"cum ack, base->389"
3.009685,ACK,390,18.980,,,399360,"cum ack, base->390"
3.009739,ACK,391,19.033,,,400384,"cum ack, base->391"
3.009773,NAK,391,19.033,,,400384,
3.009788,FASTRETX,391,16.918,,200.000,400384,nak
3.011806,RETX,391,16.918,,200.000,400384,
3.012253,RETX,392,16.918,,200.000,400384,
3.012682,RETX,393,16.918,,200.000,400384,
3.012944,RETX,394,16.918,,200.000,400384,
3.013184,RETX,395,16.918,,200.000,400384,
3.013433,RETX,396,16.918,,200.000,400384,
3.013679,RETX,397,16.918,,200.000,400384,
3.013892,RETX,398,16.918,,200.000,400384,
3.014185,RETX,399,16.918,,200.000,400384,
3.014397,RETX,400,16.918,,200.000,400384,
3.014599,RETX,401,16.918,,200.000,400384,
3.014801,RETX,402,16.918,,200.000,400384,
3.015006,RETX,403,16.918,,200.000,400384,
3.015211,SEND,404,16.918,,200.000,400384,
3.015654,SEND,405,16.918,,200.000,400384,
3.015977,SEND,406,16.918,,200.000,400384,
3.016113,DUPACK,391,16.918,,,400384,
3.016154,NAK,391,16.918,,,400384,
3.016181,DUPACK,391,16.918,,,400384,
3.019093,NAK,391,16.918,,,400384,
3.019122,DUPACK,391,16.918,,,400384,
3.019146,NAK,391,16.918,,,400384,
3.019525,DUPACK,391,16.918,,,400384,
3.019556,NAK,391,16.918,,,400384,
3.022513,DUPACK,391,16.918,,,400384,
3.022574,NAK,391,16.918,,,400384,
3.022605,DUPACK,391,16.918,,,400384,
3.022636,NAK,391,16.918,,,400384,
3.022663,DUPACK,391,16.918,,,400384,
3.022688,NAK,391,16.918,,,400384,
3.022714,DUPACK,391,16.918,,,400384,
3.022738,NAK,391,16.918,,,400384,
3.022763,DUPACK,391,16.918,,,400384,
3.043337,STATS,-1,16.918,,200.000,400384,base=391 next=407
3.053873,NAK,391,16.918,,,400384,
3.053950,DUPACK,391,16.918,,,400384,
3.058591,ACK,392,16.977,,,401408,"cum ack, base->392"
3.058849,SEND,407,16.977,,200.000,401408,
3.058973,ACK,393,17.036,,,402432,"cum ack, base->393"
3.061622,SEND,408,17.036,,200.000,402432,
3.061921,SEND,409,17.036,,200.000,402432,
3.066111,ACK,394,17.095,,,403456,"cum ack, base->394"
3.066187,ACK,395,17.153,,,404480,"cum ack, base->395"
3.066227,ACK,396,17.212,,,405504,"cum ack, base->396"
3.066310,ACK,397,17.270,,,406528,"cum ack, base->397"
3.066593,SEND,410,17.270,,200.000,406528,
3.066766,SEND,411,17.270,,200.000,406528,
3.066935,SEND,412,17.270,,200.000,406528,
3.067103,SEND,413,17.270,,200.000,406528,
3.067196,ACK,398,17.328,,,407552,"cum ack, base->398"
3.067254,ACK,399,17.385,,,408576,"cum ack, base->399"
3.067596,ACK,400,17.443,,,409600,"cum ack, base->400"
3.067668,ACK,401,17.500,,,410624,"cum ack, base->401"
3.067702,NAK,401,17.500,,,410624,
3.067713,FASTRETX,401,17.500,,200.000,410624,nak
3.067741,DUPACK,401,17.500,,,410624,
3.067767,NAK,401,17.500,,,410624,
3.067797,DUPACK,401,17.500,,,410624,
3.067822,NAK,401,17.500,,,410624,
3.067938,DUPACK,401,17.500,,,410624,
3.067967,NAK,401,17.500,,,410624,
3.067995,DUPACK,401,17.500,,,410624,
3.068020,NAK,401,17.500,,,410624,
3.068074,DUPACK,401,17.500,,,410624,
3.069540,RETX,401,17.500,,200.000,410624,
3.069727,RETX,402,17.500,,200.000,410624,
3.069895,RETX,403,17.500,,200.000,410624,
3.070083,RETX,404,17.500,,200.000,410624,
3.070363,RETX,405,17.500,,200.000,410624,
3.070539,RETX,406,17.500,,200.000,410624,
3.070708,RETX,407,17.500,,200.000,410624,
3.070930,RETX,408,17.500,,200.000,410624,
3.071110,RETX,409,17.500,,200.000,410624,
3.071328,RETX,410,17.500,,200.000,410624,
3.071503,RETX,411,17.500,,200.000,410624,
3.071709,RETX,412,17.500,,200.000,410624,
3.071898,RETX,413,17.500,,200.000,410624,
3.072068,SEND,414,17.500,,200.000,410624,
3.072236,SEND,415,17.500,,200.000,410624,
3.072444,SEND,416,17.500,,200.000,410624,
3.072632,SEND,417,17.500,,200.000,410624,
3.107686,DUPACK,401,17.500,,,410624,
3.112907,NAK,401,17.500,,,410624,
3.113093,DUPACK,401,17.500,,,410624,
3.114198,NAK,401,17.500,,,410624,
3.114255,DUPACK,401,17.500,,,410624,
3.114327,NAK,401,17.500,,,410624,
3.114368,DUPACK,401,17.500,,,410624,
3.114406,NAK,401,17.500,,,410624,
3.114440,DUPACK,401,17.500,,,410624,
3.114474,NAK,401,17.500,,,410624,
3.114504,DUPACK,401,17.500,,,410624,
3.114533,NAK,401,17.500,,,410624,
3.114612,DUPACK,401,17.500,,,410624,
3.114664,ACK,402,17.557,,,411648,"cum ack, base->402"
3.114702,ACK,403,17.614,,,412672,"cum ack, base->403"
3.115248,SEND,418,17.614,,200.000,412672,
3.115462,SEND,419,17.614,,200.000,412672,
3.118785,ACK,404,17.671,,,413696,"cum ack, base->404"
3.120411,ACK,405,17.728,,,414720,"cum ack, base->405"
3.120490,ACK,406,17.784,,,415744,"cum ack, base->406"
3.120574,ACK,407,17.840,,,416768,"cum ack, base->407"
3.120639,ACK,408,17.896,,,417792,"cum ack, base->408"
3.121088,SEND,420,17.896,,200.000,417792,
3.121389,SEND,421,17.896,,200.000,417792,
3.121604,SEND,422,17.896,,200.000,417792,
3.122418,SEND,423,17.896,,200.000,417792,
3.122643,SEND,424,17.896,,200.000,417792,
3.123052,ACK,409,17.952,,,418816,"cum ack, base->409"
3.123160,ACK,410,18.008,,,419840,"cum ack, base->410"
3.123204,ACK,411,18.063,,,420864,"cum ack, base->411"
3.123243,ACK,412,18.119,,,421888,"cum ack, base->412"
3.123282,ACK,413,18.174,,,422912,"cum ack, base->413"
3.123320,ACK,414,18.229,,,423936,"cum ack, base->414"
3.123358,ACK,416,18.338,,,425984,"cum ack, base->416"
3.123390,NAK,416,18.338,,,425984,
3.123405,FASTRETX,416,16.301,,200.000,425984,nak
3.123443,DUPACK,416,16.301,,,425984,
3.125796,RETX,416,16.301,,200.000,425984,
3.126033,RETX,417,16.301,,200.000,425984,
3.126254,RETX,418,16.301,,200.000,425984,
3.126477,RETX,419,16.301,,200.000,425984,
3.126677,RETX,420,16.301,,200.000,425984,
3.126875,RETX,421,16.301,,200.000,425984,
3.127082,RETX,422,16.301,,200.000,425984,
3.127295,RETX,423,16.301,,200.000,425984,
3.127633,RETX,424,16.301,,200.000,425984,
3.127941,SEND,425,16.301,,200.000,425984,
3.128233,SEND,426,16.301,,200.000,425984,
3.128416,SEND,427,16.301,,200.000,425984,
3.128585,SEND,428,16.301,,200.000,425984,
3.128790,SEND,429,16.301,,200.000,425984,
3.128988,SEND,430,16.301,,200.000,425984,
3.129158,SEND,431,16.301,,200.000,425984,
3.143528,STATS,-1,16.301,,200.000,425984,base=416 next=432
3.165402,NAK,416,16.301,,,425984,
3.165451,NAK,416,16.301,,,425984,
3.165484,DUPACK,416,16.301,,,425984,
3.173067,NAK,416,16.301,,,425984,
3.173195,DUPACK,416,16.301,,,425984,
3.173642,NAK,416,16.301,,,425984,
3.173698,DUPACK,416,16.301,,,425984,
3.173734,NAK,416,16.301,,,425984,
3.173768,DUPACK,416,16.301,,,425984,
3.176134,NAK,416,16.301,,,425984,
3.176853,DUPACK,416,16.301,,,425984,
3.176903,NAK,416,16.301,,,425984,
3.176938,DUPACK,416,16.301,,,425984,
3.177005,ACK,417,16.362,,,427008,"cum ack, base->417"
3.177056,NAK,417,16.362,,,427008,
3.177067,FASTRETX,417,16.362,,200.000,427008,nak
3.177109,DUPACK,417,16.362,,,427008,
3.177139,DUPACK,417,16.362,,,427008,
3.177168,NAK,417,16.362,,,427008,
3.177198,DUPACK,417,16.362,,,427008,
3.177227,NAK,417,16.362,,,427008,
3.177259,DUPACK,417,16.362,,,427008,
3.177287,NAK,417,16.362,,,427008,
3.177317,DUPACK,417,16.362,,,427008,
3.178069,RETX,417,16.362,,200.000,427008,
3.178438,RETX,418,16.362,,200.000,427008,
3.178883,RETX,419,16.362,,200.000,427008,
3.179112,RETX,420,16.362,,200.000,427008,
3.179389,RETX,421,16.362,,200.000,427008,
3.179615,RETX,422,16.362,,200.000,427008,
3.179871,RETX,423,16.362,,200.000,427008,
3.180126,RETX,424,16.362,,200.000,427008,
3.180329,RETX,425,16.362,,200.000,427008,
3.180538,RETX,426,16.362,,200.000,427008,
3.180745,RETX,427,16.362,,200.000,427008,
3.180960,RETX,428,16.362,,200.000,427008,
3.181220,RETX,429,16.362,,200.000,427008,
3.181442,RETX,430,16.362,,200.000,427008,
3.181616,RETX,431,16.362,,200.000,427008,
3.181783,SEND,432,16.362,,200.000,427008,
3.181958,NAK,417,16.362,,,427008,
3.182074,DUPACK,417,16.362,,,427008,
3.182127,NAK,417,16.362,,,427008,
3.182223,DUPACK,417,16.362,,,427008,
3.182252,NAK,417,16.362,,,427008,
3.182280,DUPACK,417,16.362,,,427008,
3.182306,NAK,417,16.362,,,427008,
3.182395,DUPACK,417,16.362,,,427008,
3.182849,NAK,417,16.362,,,427008,
3.182944,DUPACK,417,16.362,,,427008,
3.183008,NAK,417,16.362,,,427008,
3.183037,DUPACK,417,16.362,,,427008,
3.183063,NAK,417,16.362,,,427008,
3.183088,DUPACK,417,16.362,,,427008,
3.224678,ACK,418,16.423,,,428032,"cum ack, base->418"
3.227175,SEND,433,16.423,,200.000,428032,
3.230199,ACK,419,16.484,,,429056,"cum ack, base->419"
3.230245,ACK,420,16.545,,,430080,"cum ack, base->420"
3.232465,SEND,434,16.545,,200.000,430080,
3.232968,SEND,435,16.545,,200.000,430080,
3.233173,ACK,421,16.605,,,431104,"cum ack, base->421"
3.233230,NAK,421,16.605,,,431104,
3.233245,FASTRETX,421,16.605,,200.000,431104,nak
3.233277,DUPACK,421,16.605,,,431104,
3.233304,NAK,421,16.605,,,431104,
3.233330,NAK,421,16.605,,,431104,
3.233886,DUPACK,421,16.605,,,431104,
3.233937,NAK,421,16.605,,,431104,
3.233967,DUPACK,421,16.605,,,431104,
3.233998,NAK,421,16.605,,,431104,
3.234126,DUPACK,421,16.605,,,431104,
3.234200,NAK,421,16.605,,,431104,
3.234233,DUPACK,421,16.605,,,431104,
3.234259,NAK,421,16.605,,,431104,
3.234285,DUPACK,421,16.605,,,431104,
3.234357,NAK,421,16.605,,,431104,
3.236315,RETX,421,16.605,,200.000,431104,
3.236711,RETX,422,16.605,,200.000,431104,
3.237169,RETX,423,16.605,,200.000,431104,
3.237636,RETX,424,16.605,,200.000,431104,
3.237923,RETX,425,16.605,,200.000,431104,
3.238096,RETX,426,16.605,,200.000,431104,
3.238272,RETX,427,16.605,,200.000,431104,
3.238509,RETX,428,16.605,,200.000,431104,
3.238752,RETX,429,16.605,,200.000,431104,
3.238981,RETX,430,16.605,,200.000,431104,
3.239206,RETX,431,16.605,,200.000,431104,
3.239430,RETX,432,16.605,,200.000,431104,
3.239656,RETX,433,16.605,,200.000,431104,
3.239881,RETX,434,16.605,,200.000,431104,
3.240105,RETX,435,16.605,,200.000,431104,
3.240331,SEND,436,16.605,,200.000,431104,
3.240410,DUPACK,421,16.605,,,431104,
3.240448,NAK,421,16.605,,,431104,
3.240473,DUPACK,421,16.605,,,431104,
3.245163,STATS,-1,16.605,,200.000,431104,base=421 next=437
3.273565,DUPACK,421,16.605,,,431104,
3.283661,NAK,421,16.605,,,431104,
3.283893,DUPACK,421,16.605,,,431104,
3.283934,NAK,421,16.605,,,431104,
3.283962,DUPACK,421,16.605,,,431104,
3.284679,ACK,422,16.666,,,432128,"cum ack, base->422"
3.284743,ACK,424,16.785,,,434176,"cum ack, base->424"
3.285671,SEND,437,16.785,,200.000,434176,
3.286234,SEND,438,16.785,,200.000,434176,
3.286661,SEND,439,16.785,,200.000,434176,
3.286802,ACK,425,16.845,,,435200,"cum ack, base->425"
3.288345,ACK,426,16.904,,,436224,"cum ack, base->426"
3.288425,ACK,427,16.963,,,437248,"cum ack, base->427"
3.288624,ACK,428,17.022,,,438272,"cum ack, base->428"
3.288697,ACK,429,17.081,,,439296,"cum ack, base->429"
3.288737,ACK,430,17.140,,,440320,"cum ack, base->430"
3.288774,ACK,431,17.198,,,441344,"cum ack, base->431"
3.289163,SEND,440,17.198,,200.000,441344,
3.289379,SEND,441,17.198,,200.000,441344,
3.289582,SEND,442,17.198,,200.000,441344,
3.289908,SEND,443,17.198,,200.000,441344,
3.290151,SEND,444,17.198,,200.000,441344,
3.290378,SEND,445,17.198,,200.000,441344,
3.290604,SEND,446,17.198,,200.000,441344,
3.290828,SEND,447,17.198,,200.000,441344,
3.290913,ACK,432,17.256,,,442368,"cum ack, base->432"
3.290957,ACK,434,17.372,,,444416,"cum ack, base->434"
3.292148,ACK,435,17.429,,,445440,"cum ack, base->435"
3.292188,ACK,436,17.487,,,446464,"cum ack, base->436"
3.292221,ACK,437,17.544,,,447488,"cum ack, base->437"
3.293600,SEND,448,17.544,,200.000,447488,
3.293832,SEND,449,17.544,,200.000,447488,
3.294055,SEND,450,17.544,,200.000,447488,
3.294282,SEND,451,17.544,,200.000,447488,
3.294509,SEND,452,17.544,,200.000,447488,
3.294739,SEND,453,17.544,,200.000,447488,
3.332192,ACK,438,17.601,,,448512,"cum ack, base->438"
3.334888,SEND,454,17.601,,200.000,448512,
3.337556,ACK,439,17.658,,,449536,"cum ack, base->439"
3.337642,ACK,440,17.714,,,450560,"cum ack, base->440"
3.337690,ACK,441,17.771,,,451584,"cum ack, base->441"
3.338034,ACK,442,17.827,,,452608,"cum ack, base->442"
3.338222,ACK,443,17.883,,,453632,"cum ack, base->443"
3.340084,SEND,455,17.883,,200.000,453632,
3.340312,SEND,456,17.883,,200.000,453632,
3.340565,SEND,457,17.883,,200.000,453632,
3.340855,SEND,458,17.883,,200.000,453632,
3.341063,SEND,459,17.883,,200.000,453632,
3.345389,ACK,444,17.939,,,454656,"cum ack, base->444"
3.345465,ACK,445,17.995,,,455680,"cum ack, base->445"
3.345510,ACK,446,18.050,,,456704,"cum ack, base->446"
3.345549,ACK,447,18.106,,,457728,"cum ack, base->447"
3.345587,NAK,447,18.106,,,457728,
3.345601,FASTRETX,447,16.094,,200.000,457728,nak
3.345728,DUPACK,447,16.094,,,457728,
3.346079,RETX,447,16.094,,200.000,457728,
3.346288,RETX,448,16.094,,200.000,457728,
3.346495,RETX,449,16.094,,200.000,457728,
3.346746,RETX,450,16.094,,200.000,457728,
3.346964,RETX,451,16.094,,200.000,457728,
3.347193,RETX,452,16.094,,200.000,457728,
3.347450,RETX,453,16.094,,200.000,457728,
3.347632,RETX,454,16.094,,200.000,457728,
3.347880,RETX,455,16.094,,200.000,457728,
3.348060,RETX,456,16.094,,200.000,457728,
3.348228,RETX,457,16.094,,200.000,457728,
3.348497,RETX,458,16.094,,200.000,457728,
3.348974,RETX,459,16.094,,200.000,457728,
3.349206,SEND,460,16.094,,200.000,457728,
3.349431,SEND,461,16.094,,200.000,457728,
3.349655,SEND,462,16.094,,200.000,457728,
3.349666,STATS,-1,16.094,,200.000,457728,base=447 next=463
3.349741,NAK,447,16.094,,,457728,
3.349778,DUPACK,447,16.094,,,457728,
3.349806,NAK,447,16.094,,,457728,
3.349832,DUPACK,447,16.094,,,457728,
3.349857,NAK,447,16.094,,,457728,
3.349955,DUPACK,447,16.094,,,457728,
3.349981,NAK,447,16.094,,,457728,
3.350007,DUPACK,447,16.094,,,457728,
3.376368,NAK,447,16.094,,,457728,
3.376404,DUPACK,447,16.094,,,457728,
3.389868,NAK,447,16.094,,,457728,
3.389905,DUPACK,447,16.094,,,457728,
3.397768,NAK,447,16.094,,,457728,
3.397842,DUPACK,447,16.094,,,457728,
3.397874,NAK,447,16.094,,,457728,
3.397908,DUPACK,447,16.094,,,457728,
3.397966,ACK,448,16.156,,,458752,"cum ack, base->448"
3.397995,NAK,448,16.156,,,458752,
3.398005,FASTRETX,448,16.156,,200.000,458752,nak
3.398032,DUPACK,448,16.156,,,458752,
3.398056,NAK,448,16.156,,,458752,
3.398082,DUPACK,448,16.156,,,458752,
3.398107,NAK,448,16.156,,,458752,
3.398993,DUPACK,448,16.156,,,458752,
3.399042,NAK,448,16.156,,,458752,
3.399072,DUPACK,448,16.156,,,458752,
3.399097,NAK,448,16.156,,,458752,
3.399124,DUPACK,448,16.156,,,458752,
3.399210,NAK,448,16.156,,,458752,
3.399238,DUPACK,448,16.156,,,458752,
3.399346,NAK,448,16.156,,,458752,
3.400425,RETX,448,16.156,,200.000,458752,
3.400787,RETX,449,16.156,,200.000,458752,
3.401015,RETX,450,16.156,,200.000,458752,
3.401278,RETX,451,16.156,,200.000,458752,
3.401450,RETX,452,16.156,,200.000,458752,
3.401620,RETX,453,16.156,,200.000,458752,
3.401793,RETX,454,16.156,,200.000,458752,
3.402144,RETX,455,16.156,,200.000,458752,
3.402249,RETX,456,16.156,,200.000,458752,
3.402346,RETX,457,16.156,,200.000,458752,
3.402442,RETX,458,16.156,,200.000,458752,
3.402539,RETX,459,16.156,,200.000,458752,
3.402635,RETX,460,16.156,,200.000,458752,
3.402730,RETX,461,16.156,,200.000,458752,
3.402827,RETX,462,16.156,,200.000,458752,
3.402923,SEND,463,16.156,,200.000,458752,
3.402980,DUPACK,448,16.156,,,458752,
3.403002,NAK,448,16.156,,,458752,
3.403017,DUPACK,448,16.156,,,458752,
3.403030,NAK,448,16.156,,,458752,
3.403043,DUPACK,448,16.156,,,458752,
3.403054,NAK,448,16.156,,,458752,
3.403065,DUPACK,448,16.156,,,458752,
3.403075,NAK,448,16.156,,,458752,
3.403086,NAK,448,16.156,,,458752,
3.403096,DUPACK,448,16.156,,,458752,
3.403107,NAK,448,16.156,,,458752,
3.403117,DUPACK,448,16.156,,,458752,
3.448443,ACK,449,16.218,,,459776,"cum ack, base->449"
3.449390,ACK,450,16.280,,,460800,"cum ack, base->450"
3.449647,ACK,451,16.341,,,461824,"cum ack, base->451"
3.449703,ACK,452,16.402,,,462848,"cum ack, base->452"
3.449741,ACK,453,16.463,,,463872,"cum ack, base->453"
3.449796,ACK,454,16.524,,,464896,"cum ack, base->454"
3.449876,ACK,455,16.585,,,465920,"cum ack, base->455"
3.451200,SEND,464,16.585,,200.000,465920,
3.451448,SEND,465,16.585,,200.000,465920,
3.451619,SEND,466,16.585,,200.000,465920,
3.451786,SEND,467,16.585,,200.000,465920,
3.452141,SEND,468,16.585,,200.000,465920,
3.452321,SEND,469,16.585,,200.000,465920,
3.452624,SEND,470,16.585,,200.000,465920,
3.452640,STATS,-1,16.585,,200.000,465920,base=455 next=471
3.452796,ACK,456,16.645,,,466944,"cum ack, base->456"
3.452888,ACK,457,16.705,,,467968,"cum ack, base->457"
3.454908,ACK,459,16.825,,,470016,"cum ack, base->459"
3.454968,ACK,460,16.884,,,471040,"cum ack, base->460"
3.455001,ACK,461,16.943,,,472064,"cum ack, base->461"
3.455036,ACK,462,17.002,,,473088,"cum ack, base->462"
3.455067,ACK,463,17.061,,,474112,"cum ack, base->463"
3.455364,SEND,471,17.061,,200.000,474112,
3.455625,SEND,472,17.061,,200.000,474112,
3.455804,SEND,473,17.061,,200.000,474112,
3.455972,SEND,474,17.061,,200.000,474112,
3.456140,SEND,475,17.061,,200.000,474112,
3.456409,SEND,476,17.061,,200.000,474112,
3.456608,SEND,477,17.061,,200.000,474112,
3.456863,SEND,478,17.061,,200.000,474112,
3.457046,SEND,479,17.061,,200.000,474112,
3.457398,ACK,464,17.120,,,475136,"cum ack, base->464"
3.459591,SEND,480,17.120,,200.000,475136,
3.494631,ACK,465,17.178,,,476160,"cum ack, base->465"
3.494692,ACK,466,17.236,,,477184,"cum ack, base->466"
3.497241,SEND,481,17.236,,200.000,477184,
3.497438,SEND,482,17.236,,200.000,477184,
3.498060,ACK,467,17.294,,,478208,"cum ack, base->467"
3.502631,ACK,468,17.352,,,479232,"cum ack, base->468"
3.502916,ACK,469,17.410,,,480256,"cum ack, base->469"
3.503842,SEND,483,17.410,,200.000,480256,
3.504193,SEND,484,17.410,,200.000,480256,
3.504381,SEND,485,17.410,,200.000,480256,
3.504470,ACK,470,17.467,,,481280,"cum ack, base->470"
3.504518,ACK,471,17.524,,,482304,"cum ack, base->471"
3.504551,NAK,471,17.524,,,482304,
3.504565,FASTRETX,471,15.577,,200.000,482304,nak
3.504592,DUPACK,471,15.577,,,482304,
3.504618,NAK,471,15.577,,,482304,
3.504644,DUPACK,471,15.577,,,482304,
3.504669,NAK,471,15.577,,,482304,
3.504695,DUPACK,471,15.577,,,482304,
3.504719,NAK,471,15.577,,,482304,
3.504744,DUPACK,471,15.577,,,482304,
3.504768,NAK,471,15.577,,,482304,
3.504795,DUPACK,471,15.577,,,482304,
3.504819,NAK,471,15.577,,,482304,
3.504844,DUPACK,471,15.577,,,482304,
3.504870,NAK,471,15.577,,,482304,
3.504894,DUPACK,471,15.577,,,482304,
3.504918,NAK,471,15.577,,,482304,
3.504978,DUPACK,471,15.577,,,482304,
3.507220,RETX,471,15.577,,200.000,482304,
3.507434,RETX,472,15.577,,200.000,482304,
3.507611,RETX,473,15.577,,200.000,482304,
3.507782,RETX,474,15.577,,200.000,482304,
3.507950,RETX,475,15.577,,200.000,482304,
3.508383,RETX,476,15.577,,200.000,482304,
3.508585,RETX,477,15.577,,200.000,482304,
3.508761,RETX,478,15.577,,200.000,482304,
3.508931,RETX,479,15.577,,200.000,482304,
3.509107,RETX,480,15.577,,200.000,482304,
3.509275,RETX,481,15.577,,200.000,482304,
3.509444,RETX,482,15.577,,200.000,482304,
3.509699,RETX,483,15.577,,200.000,482304,
3.509884,RETX,484,15.577,,200.000,482304,
3.510053,RETX,485,15.577,,200.000,482304,
3.541472,NAK,471,15.577,,,482304,
3.547370,DUPACK,471,15.577,,,482304,
3.547433,NAK,471,15.577,,,482304,
3.547467,DUPACK,471,15.577,,,482304,
3.547499,NAK,471,15.577,,,482304,
3.551887,DUPACK,471,15.577,,,482304,
3.551999,NAK,471,15.577,,,482304,
3.552051,DUPACK,471,15.577,,,482304,
3.552078,DUPACK,471,15.577,,,482304,
3.552129,ACK,472,15.641,,,483328,"cum ack, base->472"
3.552161,ACK,473,15.705,,,484352,"cum ack, base->473"
3.554827,SEND,486,15.705,,200.000,484352,
3.555019,SEND,487,15.705,,200.000,484352,
3.555035,STATS,-1,15.705,,200.000,484352,base=473 next=488
3.556891,ACK,475,15.833,,,486400,"cum ack, base->475"
3.556964,ACK,476,15.896,,,487424,"cum ack, base->476"
3.556999,ACK,477,15.959,,,488448,"cum ack, base->477"
3.557032,ACK,478,16.021,,,489472,"cum ack, base->478"
3.557916,SEND,488,16.021,,200.000,489472,
3.558337,SEND,489,16.021,,200.000,489472,
3.558541,SEND,490,16.021,,200.000,489472,
3.558820,SEND,491,16.021,,200.000,489472,
3.559012,SEND,492,16.021,,200.000,489472,
3.559184,SEND,493,16.021,,200.000,489472,
3.561681,ACK,479,16.084,,,490496,"cum ack, base->479"
3.561738,NAK,479,16.084,,,490496,
3.561749,FASTRETX,479,16.084,,200.000,490496,nak
3.561778,NAK,479,16.084,,,490496,
3.561805,DUPACK,479,16.084,,,490496,
3.561830,NAK,479,16.084,,,490496,
3.561856,DUPACK,479,16.084,,,490496,
3.561880,NAK,479,16.084,,,490496,
3.561905,DUPACK,479,16.084,,,490496,
3.561931,NAK,479,16.084,,,490496,
3.561956,DUPACK,479,16.084,,,490496,
3.562562,NAK,479,16.084,,,490496,
3.562616,DUPACK,479,16.084,,,490496,
3.564214,RETX,479,16.084,,200.000,490496,
3.564426,RETX,480,16.084,,200.000,490496,
3.564599,RETX,481,16.084,,200.000,490496,
3.564771,RETX,482,16.084,,200.000,490496,
3.564947,RETX,483,16.084,,200.000,490496,
3.565186,RETX,484,16.084,,200.000,490496,
3.565627,RETX,485,16.084,,200.000,490496,
3.565814,RETX,486,16.084,,200.000,490496,
3.566044,RETX,487,16.084,,200.000,490496,
3.566955,RETX,488,16.084,,200.000,490496,
3.567230,RETX,489,16.084,,200.000,490496,
3.567882,RETX,490,16.084,,200.000,490496,
3.568130,RETX,491,16.084,,200.000,490496,
3.568358,RETX,492,16.084,,200.000,490496,
3.568549,RETX,493,16.084,,200.000,490496,
3.568766,SEND,494,16.084,,200.000,490496,
3.610051,NAK,479,16.084,,,490496,
3.610112,DUPACK,479,16.084,,,490496,
3.610142,NAK,479,16.084,,,490496,
3.610173,DUPACK,479,16.084,,,490496,
3.610198,DUPACK,479,16.084,,,490496,
3.610223,NAK,479,16.084,,,490496,
3.610248,DUPACK,479,16.084,,,490496,
3.610325,NAK,479,16.084,,,490496,
3.610388,DUPACK,479,16.084,,,490496,
3.610452,NAK,479,16.084,,,490496,
3.610560,DUPACK,479,16.084,,,490496,
3.610611,NAK,479,16.084,,,490496,
3.610639,DUPACK,479,16.084,,,490496,
3.610663,NAK,479,16.084,,,490496,
3.610691,DUPACK,479,16.084,,,490496,
3.610715,NAK,479,16.084,,,490496,
3.618308,DUPACK,479,16.084,,,490496,
3.618358,NAK,479,16.084,,,490496,
3.618392,DUPACK,479,16.084,,,490496,
3.618420,NAK,479,16.084,,,490496,
3.618447,DUPACK,479,16.084,,,490496,
3.618471,NAK,479,16.084,,,490496,
3.618496,NAK,479,16.084,,,490496,
3.618520,DUPACK,479,16.084,,,490496,
3.618544,NAK,479,16.084,,,490496,
3.618568,DUPACK,479,16.084,,,490496,
3.618591,NAK,479,16.084,,,490496,
3.618724,DUPACK,479,16.084,,,490496,
3.618753,NAK,479,16.084,,,490496,
3.618779,DUPACK,479,16.084,,,490496,
3.618803,NAK,479,16.084,,,490496,
3.618834,DUPACK,479,16.084,,,490496,
3.618865,DUPACK,479,16.084,,,490496,
3.618895,NAK,479,16.084,,,490496,
3.618941,DUPACK,479,16.084,,,490496,
3.619427,NAK,479,16.084,,,490496,
3.619455,DUPACK,479,16.084,,,490496,
3.621376,NAK,479,16.084,,,490496,
3.621435,DUPACK,479,16.084,,,490496,
3.621464,NAK,479,16.084,,,490496,
3.621497,DUPACK,479,16.084,,,490496,
3.657086,STATS,-1,16.084,,200.000,490496,base=479 next=495
3.759069,STATS,-1,16.084,,200.000,490496,base=479 next=495
3.761785,TIMEOUT,479,16.084,,200.000,490496,timeout
3.764238,RETX,479,16.084,,200.000,490496,
3.764436,RETX,480,16.084,,200.000,490496,
3.764615,RETX,481,16.084,,200.000,490496,
3.764791,RETX,482,16.084,,200.000,490496,
3.764967,RETX,483,16.084,,200.000,490496,
3.765143,RETX,484,16.084,,200.000,490496,
3.765319,RETX,485,16.084,,200.000,490496,
3.765495,RETX,486,16.084,,200.000,490496,
3.765672,RETX,487,16.084,,200.000,490496,
3.765847,RETX,488,16.084,,200.000,490496,
3.766024,RETX,489,16.084,,200.000,490496,
3.767441,RETX,490,16.084,,200.000,490496,
3.767832,RETX,491,16.084,,200.000,490496,
3.768100,RETX,492,16.084,,200.000,490496,
3.769324,RETX,493,16.084,,200.000,490496,
3.769510,RETX,494,16.084,,200.000,490496,
3.819280,ACK,480,16.146,,,491520,"cum ack, base->480"
3.819369,ACK,481,16.208,,,492544,"cum ack, base->481"
3.819405,ACK,482,16.269,,,493568,"cum ack, base->482"
3.819438,ACK,483,16.331,,,494592,"cum ack, base->483"
3.819469,ACK,484,16.392,,,495616,"cum ack, base->484"
3.819500,ACK,485,16.453,,,496640,"cum ack, base->485"
3.819531,ACK,486,16.514,,,497664,"cum ack, base->486"
3.819657,ACK,487,16.575,,,498688,"cum ack, base->487"
3.819704,ACK,488,16.635,,,499712,"cum ack, base->488"
3.819740,ACK,489,16.695,,,500736,"cum ack, base->489"
3.819772,ACK,490,16.755,,,501760,"cum ack, base->490"
3.821007,SEND,495,16.755,,200.000,501760,
3.821766,SEND,496,16.755,,200.000,501760,
3.822048,SEND,497,16.755,,200.000,501760,
3.822272,SEND,498,16.755,,200.000,501760,
3.822448,SEND,499,16.755,,200.000,501760,
3.822619,SEND,500,16.755,,200.000,501760,
3.822899,SEND,501,16.755,,200.000,501760,
3.823187,SEND,502,16.755,,200.000,501760,
3.823427,SEND,503,16.755,,200.000,501760,
3.823669,SEND,504,16.755,,200.000,501760,
3.823899,SEND,505,16.755,,200.000,501760,
3.824025,ACK,491,16.815,,,502784,"cum ack, base->491"
3.824085,ACK,492,16.874,,,503808,"cum ack, base->492"
3.824125,ACK,494,16.992,,,505856,"cum ack, base->494"
3.826675,SEND,506,16.992,,200.000,505856,
3.826907,SEND,507,16.992,,200.000,505856,
3.827132,SEND,508,16.992,,200.000,505856,
3.827358,SEND,509,16.992,,200.000,505856,
3.857095,NAK,494,16.992,,,505856,
3.857119,FASTRETX,494,15.104,,200.000,505856,nak
3.858076,RETX,494,15.104,,200.000,505856,
3.858272,RETX,495,15.104,,200.000,505856,
3.858458,RETX,496,15.104,,200.000,505856,
3.858641,RETX,497,15.104,,200.000,505856,
3.858825,RETX,498,15.104,,200.000,505856,
3.859008,RETX,499,15.104,,200.000,505856,
3.859189,RETX,500,15.104,,200.000,505856,
3.859371,RETX,501,15.104,,200.000,505856,
3.859553,RETX,502,15.104,,200.000,505856,
3.859733,RETX,503,15.104,,200.000,505856,
3.859915,RETX,504,15.104,,200.000,505856,
3.860096,RETX,505,15.104,,200.000,505856,
3.860275,RETX,506,15.104,,200.000,505856,
3.860455,RETX,507,15.104,,200.000,505856,
3.860636,RETX,508,15.104,,200.000,505856,
3.860646,STATS,-1,15.104,,200.000,505856,base=494 next=509
3.868362,DUPACK,494,15.104,,,505856,
3.868394,NAK,494,15.104,,,505856,
3.868417,DUPACK,494,15.104,,,505856,
3.868434,NAK,494,15.104,,,505856,
3.868451,DUPACK,494,15.104,,,505856,
3.869181,NAK,494,15.104,,,505856,
3.872649,DUPACK,494,15.104,,,505856,
3.872673,NAK,494,15.104,,,505856,
3.872691,DUPACK,494,15.104,,,505856,
3.872709,NAK,494,15.104,,,505856,
3.872726,DUPACK,494,15.104,,,505856,
3.872747,NAK,494,15.104,,,505856,
3.872763,DUPACK,494,15.104,,,505856,
3.872779,NAK,494,15.104,,,505856,
3.872798,DUPACK,494,15.104,,,505856,
3.872813,NAK,494,15.104,,,505856,
3.872828,DUPACK,494,15.104,,,505856,
3.874607,NAK,494,15.104,,,505856,
3.874634,DUPACK,494,15.104,,,505856,
3.877503,NAK,494,15.104,,,505856,
3.877525,DUPACK,494,15.104,,,505856,
3.877542,NAK,494,15.104,,,505856,
3.877559,DUPACK,494,15.104,,,505856,
3.877582,NAK,494,15.104,,,505856,
3.877598,DUPACK,494,15.104,,,505856,
3.877613,NAK,494,15.104,,,505856,
3.877628,DUPACK,494,15.104,,,505856,
3.905438,ACK,495,15.170,,,506880,"cum ack, base->495"
3.905467,ACK,496,15.236,,,507904,"cum ack, base->496"
3.905484,ACK,497,15.302,,,508928,"cum ack, base->497"
3.907753,ACK,498,15.367,,,509952,"cum ack, base->498"
3.907773,ACK,499,15.432,,,510976,"cum ack, base->499"
3.907791,ACK,501,15.562,,,513024,"cum ack, base->501"
3.907931,RETX,509,15.562,,200.000,513024,
3.908045,SEND,510,15.562,,200.000,513024,
3.908154,SEND,511,15.562,,200.000,513024,
3.908261,SEND,512,15.562,,200.000,513024,
3.908373,SEND,513,15.562,,200.000,513024,
3.908482,SEND,514,15.562,,200.000,513024,
3.908590,SEND,515,15.562,,200.000,513024,
3.908623,ACK,502,15.626,,,514048,"cum ack, base->502"
3.911229,SEND,516,15.626,,200.000,514048,
3.912785,ACK,503,15.690,,,515072,"cum ack, base->503"
3.912818,ACK,505,15.817,,,517120,"cum ack, base->505"
3.912839,ACK,506,15.880,,,518144,"cum ack, base->506"
3.912858,ACK,507,15.943,,,519168,"cum ack, base->507"
3.912875,ACK,508,16.006,,,520192,"cum ack, base->508"
3.912892,ACK,509,16.069,,,521216,"cum ack, base->509"
3.913873,SEND,517,16.069,,200.000,521216,
3.914007,SEND,518,16.069,,200.000,521216,
3.914134,SEND,519,16.069,,200.000,521216,
3.914257,SEND,520,16.069,,200.000,521216,
3.914382,SEND,521,16.069,,200.000,521216,
3.914506,SEND,522,16.069,,200.000,521216,
3.914630,SEND,523,16.069,,200.000,521216,
3.914754,SEND,524,16.069,,200.000,521216,
3.939304,ACK,510,16.131,,,522240,"cum ack, base->510"
3.940772,SEND,525,16.131,,200.000,522240,
3.963082,STATS,-1,16.131,,200.000,522240,base=510 next=526
3.965950,ACK,511,16.193,,,523264,"cum ack, base->511"
3.966010,ACK,512,16.255,,,524288,"cum ack, base->512"
3.969619,SEND,526,16.255,,200.000,524288,
3.969855,SEND,527,16.255,,200.000,524288,
3.969969,ACK,514,16.377,,,526336,"cum ack, base->514"
3.970055,ACK,515,16.439,,,527360,"cum ack, base->515"
3.970103,ACK,516,16.499,,,528384,"cum ack, base->516"
3.970344,ACK,517,16.560,,,529408,"cum ack, base->517"
3.970439,NAK,517,16.560,,,529408,
3.970456,FASTRETX,517,14.720,,200.000,529408,nak
3.970490,DUPACK,517,14.720,,,529408,
3.970523,NAK,517,14.720,,,529408,
3.970609,DUPACK,517,14.720,,,529408,
3.970676,NAK,517,14.720,,,529408,
3.970713,DUPACK,517,14.720,,,529408,
3.970741,NAK,517,14.720,,,529408,
3.970768,DUPACK,517,14.720,,,529408,
3.970794,NAK,517,14.720,,,529408,
3.970823,DUPACK,517,14.720,,,529408,
3.970847,NAK,517,14.720,,,529408,
3.970875,DUPACK,517,14.720,,,529408,
3.972676,RETX,517,14.720,,200.000,529408,
3.972906,RETX,518,14.720,,200.000,529408,
3.973131,RETX,519,14.720,,200.000,529408,
3.973356,RETX,520,14.720,,200.000,529408,
3.973581,RETX,521,14.720,,200.000,529408,
3.973806,RETX,522,14.720,,200.000,529408,
3.974030,RETX,523,14.720,,200.000,529408,
3.974255,RETX,524,14.720,,200.000,529408,
3.974478,RETX,525,14.720,,200.000,529408,
3.974703,RETX,526,14.720,,200.000,529408,
3.974927,RETX,527,14.720,,200.000,529408,
3.975140,SEND,528,14.720,,200.000,529408,
3.975317,SEND,529,14.720,,200.000,529408,
3.975492,SEND,530,14.720,,200.000,529408,
3.986354,NAK,517,14.720,,,529408,
3.986394,DUPACK,517,14.720,,,529408,
4.013217,NAK,517,14.720,,,529408,
4.013255,DUPACK,517,14.720,,,529408,
4.013282,NAK,517,14.720,,,529408,
4.013330,DUPACK,517,14.720,,,529408,
4.013369,ACK,518,14.788,,,530432,"cum ack, base->518"
4.015714,SEND,531,14.788,,200.000,530432,
4.015902,ACK,519,14.856,,,531456,"cum ack, base->519"
4.018589,SEND,532,14.856,,200.000,531456,
4.027783,ACK,520,14.923,,,532480,"cum ack, base->520"
4.027884,ACK,521,14.990,,,533504,"cum ack, base->521"
4.027924,ACK,522,15.057,,,534528,"cum ack, base->522"
4.027957,ACK,523,15.123,,,535552,"cum ack, base->523"
4.027990,ACK,524,15.189,,,536576,"cum ack, base->524"
4.028122,ACK,525,15.255,,,537600,"cum ack, base->525"
4.028153,ACK,526,15.320,,,538624,"cum ack, base->526"
4.028186,ACK,527,15.386,,,539648,"cum ack, base->527"
4.028450,ACK,528,15.451,,,540672,"cum ack, base->528"
4.028780,SEND,533,15.451,,200.000,540672,
4.029002,SEND,534,15.451,,200.000,540672,
4.029174,SEND,535,15.451,,200.000,540672,
4.029345,SEND,536,15.451,,200.000,540672,
4.029533,SEND,537,15.451,,200.000,540672,
4.029703,SEND,538,15.451,,200.000,540672,
4.029869,SEND,539,15.451,,200.000,540672,
4.030035,SEND,540,15.451,,200.000,540672,
4.030466,SEND,541,15.451,,200.000,540672,
4.030694,SEND,542,15.451,,200.000,540672,
4.031144,ACK,529,15.515,,,541696,"cum ack, base->529"
4.031214,ACK,530,15.580,,,542720,"cum ack, base->530"
4.031578,ACK,531,15.644,,,543744,"cum ack, base->531"
4.033683,SEND,543,15.644,,200.000,543744,
4.033919,SEND,544,15.644,,200.000,543744,
4.034143,SEND,545,15.644,,200.000,543744,
4.057594,ACK,532,15.708,,,544768,"cum ack, base->532"
4.057866,ACK,533,15.772,,,545792,"cum ack, base->533"
4.059756,SEND,546,15.772,,200.000,545792,
4.059991,SEND,547,15.772,,200.000,545792,
4.065051,STATS,-1,15.772,,200.000,545792,base=533 next=548
4.081384,ACK,534,15.835,,,546816,"cum ack, base->534"
4.082482,NAK,534,15.835,,,546816,
4.082498,FASTRETX,534,14.076,,200.000,546816,nak
4.082534,DUPACK,534,14.076,,,546816,
4.082561,NAK,534,14.076,,,546816,
4.082590,DUPACK,534,14.076,,,546816,
4.082617,NAK,534,14.076,,,546816,
4.082642,DUPACK,534,14.076,,,546816,
4.082665,NAK,534,14.076,,,546816,
4.082689,DUPACK,534,14.076,,,546816,
4.083422,RETX,534,14.076,,200.000,546816,
4.083652,RETX,535,14.076,,200.000,546816,
4.083876,RETX,536,14.076,,200.000,546816,
4.084101,RETX,537,14.076,,200.000,546816,
4.084327,RETX,538,14.076,,200.000,546816,
4.084550,RETX,539,14.076,,200.000,546816,
4.084777,RETX,540,14.076,,200.000,546816,
4.085007,RETX,541,14.076,,200.000,546816,
4.085230,RETX,542,14.076,,200.000,546816,
4.085456,RETX,543,14.076,,200.000,546816,
4.085639,RETX,544,14.076,,200.000,546816,
4.085766,RETX,545,14.076,,200.000,546816,
4.085891,RETX,546,14.076,,200.000,546816,
4.086015,RETX,547,14.076,,200.000,546816,
4.086057,NAK,534,14.076,,,546816,
4.086601,DUPACK,534,14.076,,,546816,
4.086625,NAK,534,14.076,,,546816,
4.086641,DUPACK,534,14.076,,,546816,
4.086660,NAK,534,14.076,,,546816,
4.086679,DUPACK,534,14.076,,,546816,
4.086693,NAK,534,14.076,,,546816,
4.086713,DUPACK,534,14.076,,,546816,
4.086727,NAK,534,14.076,,,546816,
4.086761,DUPACK,534,14.076,,,546816,
4.086776,NAK,534,14.076,,,546816,
4.086791,DUPACK,534,14.076,,,546816,
4.086804,NAK,534,14.076,,,546816,
4.086818,DUPACK,534,14.076,,,546816,
4.112965,NAK,534,14.076,,,546816,
4.113006,DUPACK,534,14.076,,,546816,
4.113035,NAK,534,14.076,,,546816,
4.113061,DUPACK,534,14.076,,,546816,
4.135760,ACK,535,14.147,,,547840,"cum ack, base->535"
4.136566,SEND,548,14.147,,200.000,547840,
4.137924,ACK,536,14.217,,,548864,"cum ack, base->536"
4.138340,ACK,537,14.288,,,549888,"cum ack, base->537"
4.138733,ACK,538,14.358,,,550912,"cum ack, base->538"
4.138783,ACK,539,14.427,,,551936,"cum ack, base->539"
4.138820,ACK,540,14.497,,,552960,"cum ack, base->540"
4.139899,SEND,549,14.497,,200.000,552960,
4.140181,SEND,550,14.497,,200.000,552960,
4.140380,SEND,551,14.497,,200.000,552960,
4.140555,SEND,552,14.497,,200.000,552960,
4.140820,SEND,553,14.497,,200.000,552960,
4.140946,ACK,541,14.566,,,553984,"cum ack, base->541"
4.141047,ACK,542,14.634,,,555008,"cum ack, base->542"
4.141084,ACK,543,14.703,,,556032,"cum ack, base->543"
4.141116,ACK,544,14.771,,,557056,"cum ack, base->544"
4.141801,ACK,545,14.838,,,558080,"cum ack, base->545"
4.141847,ACK,546,14.906,,,559104,"cum ack, base->546"
4.141904,ACK,547,14.973,,,560128,"cum ack, base->547"
4.141953,ACK,548,15.040,,,561152,"cum ack, base->548"
4.143314,SEND,554,15.040,,200.000,561152,
4.143535,SEND,555,15.040,,200.000,561152,
4.143792,SEND,556,15.040,,200.000,561152,
4.143963,SEND,557,15.040,,200.000,561152,
4.144161,SEND,558,15.040,,200.000,561152,
4.144348,SEND,559,15.040,,200.000,561152,
4.144624,SEND,560,15.040,,200.000,561152,
4.144820,SEND,561,15.040,,200.000,561152,
4.145127,SEND,562,15.040,,200.000,561152,
4.167065,STATS,-1,15.040,,200.000,561152,base=548 next=563
4.181543,ACK,549,15.106,,,562176,"cum ack, base->549"
4.181639,ACK,550,15.172,,,563200,"cum ack, base->550"
4.181678,ACK,551,15.238,,,564224,"cum ack, base->551"
4.182905,SEND,563,15.238,,200.000,564224,
4.183250,SEND,564,15.238,,200.000,564224,
4.183486,SEND,565,15.238,,200.000,564224,
4.192516,ACK,552,15.304,,,565248,"cum ack, base->552"
4.192589,ACK,553,15.369,,,566272,"cum ack, base->553"
4.192628,ACK,554,15.434,,,567296,"cum ack, base->554"
4.192664,ACK,555,15.499,,,568320,"cum ack, base->555"
4.192698,ACK,556,15.564,,,569344,"cum ack, base->556"
4.192732,ACK,557,15.628,,,570368,"cum ack, base->557"
4.192767,ACK,558,15.692,,,571392,"cum ack, base->558"
4.192806,ACK,559,15.756,,,572416,"cum ack, base->559"
4.192837,ACK,560,15.819,,,573440,"cum ack, base->560"
4.192921,ACK,561,15.882,,,574464,"cum ack, base->561"
4.193078,ACK,562,15.945,,,575488,"cum ack, base->562"
4.193112,ACK,563,16.008,,,576512,"cum ack, base->563"
4.193856,SEND,566,16.008,,200.000,576512,
4.194046,SEND,567,16.008,,200.000,576512,
4.194226,SEND,568,16.008,,200.000,576512,
4.194443,SEND,569,16.008,,200.000,576512,
4.194621,SEND,570,16.008,,200.000,576512,
4.194790,SEND,571,16.008,,200.000,576512,
4.194958,SEND,572,16.008,,200.000,576512,
4.195224,SEND,573,16.008,,200.000,576512,
4.195437,SEND,574,16.008,,200.000,576512,
4.195643,SEND,575,16.008,,200.000,576512,
4.195855,SEND,576,16.008,,200.000,576512,
4.196285,SEND,577,16.008,,200.000,576512,
4.196747,SEND,578,16.008,,200.000,576512,
4.239911,ACK,564,16.070,,,577536,"cum ack, base->564"
4.240202,ACK,566,16.195,,,579584,"cum ack, base->566"
4.240681,SEND,579,16.195,,200.000,579584,
4.240912,SEND,580,16.195,,200.000,579584,
4.241135,SEND,581,16.195,,200.000,579584,
4.241190,ACK,567,16.256,,,580608,"cum ack, base->567"
4.241276,ACK,568,16.318,,,581632,"cum ack, base->568"
4.243896,SEND,582,16.318,,200.000,581632,
4.244124,SEND,583,16.318,,200.000,581632,
4.246513,ACK,569,16.379,,,582656,"cum ack, base->569"
4.246884,SEND,584,16.379,,200.000,582656,
4.247747,ACK,570,16.440,,,583680,"cum ack, base->570"
4.247794,ACK,571,16.501,,,584704,"cum ack, base->571"
4.247834,ACK,572,16.562,,,585728,"cum ack, base->572"
4.247867,ACK,573,16.622,,,586752,"cum ack, base->573"
4.247900,ACK,574,16.682,,,587776,"cum ack, base->574"
4.247929,ACK,575,16.742,,,588800,"cum ack, base->575"
4.247959,ACK,576,16.802,,,589824,"cum ack, base->576"
4.247987,ACK,577,16.861,,,590848,"cum ack, base->577"
4.248015,ACK,578,16.921,,,591872,"cum ack, base->578"
4.249647,SEND,585,16.921,,200.000,591872,
4.249876,SEND,586,16.921,,200.000,591872,
4.250101,SEND,587,16.921,,200.000,591872,
4.250496,SEND,588,16.921,,200.000,591872,
4.250731,SEND,589,16.921,,200.000,591872,
4.251106,SEND,590,16.921,,200.000,591872,
4.251299,SEND,591,16.921,,200.000,591872,
4.251475,SEND,592,16.921,,200.000,591872,
4.251719,SEND,593,16.921,,200.000,591872,
4.251861,ACK,579,16.980,,,592896,"cum ack, base->579"
4.254487,SEND,594,16.980,,200.000,592896,
4.269728,STATS,-1,16.980,,200.000,592896,base=579 next=595
4.288898,ACK,582,17.156,,,595968,"cum ack, base->582"
4.288990,ACK,583,17.214,,,596992,"cum ack, base->583"
4.289029,ACK,584,17.272,,,598016,"cum ack, base->584"
4.289062,ACK,585,17.330,,,599040,"cum ack, base->585"
4.290027,SEND,595,17.330,,200.000,599040,
4.290211,SEND,596,17.330,,200.000,599040,
4.290385,SEND,597,17.330,,200.000,599040,
4.290552,SEND,598,17.330,,200.000,599040,
4.290720,SEND,599,17.330,,200.000,599040,
4.290891,SEND,600,17.330,,200.000,599040,
4.291058,SEND,601,17.330,,200.000,599040,
4.291187,ACK,586,17.388,,,600064,"cum ack, base->586"
4.293833,SEND,602,17.388,,200.000,600064,
4.299185,ACK,587,17.445,,,601088,"cum ack, base->587"
4.299247,ACK,588,17.503,,,602112,"cum ack, base->588"
4.301680,SEND,603,17.503,,200.000,602112,
4.302572,SEND,604,17.503,,200.000,602112,
4.302731,ACK,589,17.560,,,603136,"cum ack, base->589"
4.302784,ACK,590,17.617,,,604160,"cum ack, base->590"
4.302817,ACK,591,17.673,,,605184,"cum ack, base->591"
4.303643,ACK,592,17.730,,,606208,"cum ack, base->592"
4.303703,ACK,593,17.786,,,607232,"cum ack, base->593"
4.303738,ACK,594,17.843,,,608256,"cum ack, base->594"
4.303769,ACK,595,17.899,,,609280,"cum ack, base->595"
4.305371,SEND,605,17.899,,200.000,609280,
4.305551,SEND,606,17.899,,200.000,609280,
4.305720,SEND,607,17.899,,200.000,609280,
4.305893,SEND,608,17.899,,200.000,609280,
4.306069,SEND,609,17.899,,200.000,609280,
4.306235,SEND,610,17.899,,200.000,609280,
4.306404,SEND,611,17.899,,200.000,609280,
4.336211,ACK,597,18.010,,,611328,"cum ack, base->597"
4.336307,ACK,598,18.066,,,612352,"cum ack, base->598"
4.336645,SEND,612,18.066,,200.000,612352,
4.336976,SEND,613,18.066,,200.000,612352,
4.337285,SEND,614,18.066,,200.000,612352,
4.337559,SEND,615,18.066,,200.000,612352,
4.337879,ACK,599,18.121,,,613376,"cum ack, base->599"
4.337954,ACK,600,18.176,,,614400,"cum ack, base->600"
4.338009,ACK,601,18.231,,,615424,"cum ack, base->601"
4.338223,ACK,602,18.286,,,616448,"cum ack, base->602"
4.338274,ACK,603,18.341,,,617472,"cum ack, base->603"
4.340501,SEND,616,18.341,,200.000,617472,
4.340787,SEND,617,18.341,,200.000,617472,
4.341045,SEND,618,18.341,,200.000,617472,
4.341302,SEND,619,18.341,,200.000,617472,
4.341560,SEND,620,18.341,,200.000,617472,
4.346365,ACK,604,18.395,,,618496,"cum ack, base->604"
4.346463,ACK,605,18.450,,,619520,"cum ack, base->605"
4.346872,SEND,621,18.450,,200.000,619520,
4.347157,SEND,622,18.450,,200.000,619520,
4.352450,ACK,606,18.504,,,620544,"cum ack, base->606"
4.353067,SEND,623,18.504,,200.000,620544,
4.354514,NAK,606,18.504,,,620544,
4.354546,FASTRETX,606,16.448,,200.000,620544,nak
4.354608,DUPACK,606,16.448,,,620544,
4.354650,NAK,606,16.448,,,620544,
4.354692,DUPACK,606,16.448,,,620544,
4.354730,NAK,606,16.448,,,620544,
4.354769,DUPACK,606,16.448,,,620544,
4.354806,NAK,606,16.448,,,620544,
4.354844,DUPACK,606,16.448,,,620544,
4.355859,RETX,606,16.448,,200.000,620544,
4.356127,RETX,607,16.448,,200.000,620544,
4.356389,RETX,608,16.448,,200.000,620544,
4.356653,RETX,609,16.448,,200.000,620544,
4.356911,RETX,610,16.448,,200.000,620544,
4.357171,RETX,611,16.448,,200.000,620544,
4.357430,RETX,612,16.448,,200.000,620544,
4.357693,RETX,613,16.448,,200.000,620544,
4.357948,RETX,614,16.448,,200.000,620544,
4.358149,RETX,615,16.448,,200.000,620544,
4.358351,RETX,616,16.448,,200.000,620544,
4.358554,RETX,617,16.448,,200.000,620544,
4.358755,RETX,618,16.448,,200.000,620544,
4.358959,RETX,619,16.448,,200.000,620544,
4.359160,RETX,620,16.448,,200.000,620544,
4.359367,RETX,621,16.448,,200.000,620544,
4.359527,NAK,606,16.448,,,620544,
4.359615,DUPACK,606,16.448,,,620544,
4.371977,STATS,-1,16.448,,200.000,620544,base=606 next=622
4.376873,NAK,606,16.448,,,620544,
4.379918,DUPACK,606,16.448,,,620544,
4.380092,NAK,606,16.448,,,620544,
4.381775,DUPACK,606,16.448,,,620544,
4.382291,NAK,606,16.448,,,620544,
4.383663,DUPACK,606,16.448,,,620544,
4.389040,NAK,606,16.448,,,620544,
4.389080,DUPACK,606,16.448,,,620544,
4.389110,NAK,606,16.448,,,620544,
4.389137,DUPACK,606,16.448,,,620544,
4.393843,NAK,606,16.448,,,620544,
4.393926,DUPACK,606,16.448,,,620544,
4.393963,NAK,606,16.448,,,620544,
4.393996,DUPACK,606,16.448,,,620544,
4.394029,NAK,606,16.448,,,620544,
4.394060,DUPACK,606,16.448,,,620544,
4.394090,NAK,606,16.448,,,620544,
4.394123,DUPACK,606,16.448,,,620544,
4.395727,NAK,606,16.448,,,620544,
4.395790,DUPACK,606,16.448,,,620544,
4.405219,NAK,606,16.448,,,620544,
4.405298,DUPACK,606,16.448,,,620544,
4.405350,ACK,607,16.509,,,621568,"cum ack, base->607"
4.405392,ACK,608,16.569,,,622592,"cum ack, base->608"
4.405433,ACK,609,16.630,,,623616,"cum ack, base->609"
4.405471,ACK,610,16.690,,,624640,"cum ack, base->610"
4.405509,ACK,611,16.750,,,625664,"cum ack, base->611"
4.405547,ACK,612,16.809,,,626688,"cum ack, base->612"
4.406850,ACK,613,16.869,,,627712,"cum ack, base->613"
4.406915,ACK,614,16.928,,,628736,"cum ack, base->614"
4.406960,ACK,615,16.987,,,629760,"cum ack, base->615"
4.407001,ACK,616,17.046,,,630784,"cum ack, base->616"
4.407038,ACK,617,17.105,,,631808,"cum ack, base->617"
4.407660,RETX,622,17.105,,200.000,631808,
4.407877,RETX,623,17.105,,200.000,631808,
4.408084,SEND,624,17.105,,200.000,631808,
4.408294,SEND,625,17.105,,200.000,631808,
4.408499,SEND,626,17.105,,200.000,631808,
4.408703,SEND,627,17.105,,200.000,631808,
4.408913,SEND,628,17.105,,200.000,631808,
4.409172,SEND,629,17.105,,200.000,631808,
4.409431,SEND,630,17.105,,200.000,631808,
4.409696,SEND,631,17.105,,200.000,631808,
4.409956,SEND,632,17.105,,200.000,631808,
4.410225,SEND,633,17.105,,200.000,631808,
4.410395,ACK,618,17.163,,,632832,"cum ack, base->618"
4.410477,ACK,619,17.222,,,633856,"cum ack, base->619"
4.410530,ACK,620,17.280,,,634880,"cum ack, base->620"
4.410580,ACK,621,17.338,,,635904,"cum ack, base->621"
4.410627,ACK,622,17.395,,,636928,"cum ack, base->622"
4.413126,SEND,634,17.395,,200.000,636928,
4.413365,SEND,635,17.395,,200.000,636928,
4.413578,SEND,636,17.395,,200.000,636928,
4.413866,SEND,637,17.395,,200.000,636928,
4.414085,SEND,638,17.395,,200.000,636928,
4.454704,ACK,623,17.453,,,637952,"cum ack, base->623"
4.457048,SEND,639,17.453,,200.000,637952,
4.459280,ACK,624,17.510,,,638976,"cum ack, base->624"
4.459830,SEND,640,17.510,,200.000,638976,
4.464713,ACK,625,17.567,,,640000,"cum ack, base->625"
4.464782,ACK,628,17.737,,,643072,"cum ack, base->628"
4.464826,ACK,629,17.794,,,644096,"cum ack, base->629"
4.464868,ACK,630,17.850,,,645120,"cum ack, base->630"
4.465898,ACK,631,17.906,,,646144,"cum ack, base->631"
4.467295,SEND,641,17.906,,200.000,646144,
4.467524,SEND,642,17.906,,200.000,646144,
4.467828,SEND,643,17.906,,200.000,646144,
4.468072,SEND,644,17.906,,200.000,646144,
4.468346,SEND,645,17.906,,200.000,646144,
4.468585,SEND,646,17.906,,200.000,646144,
4.468791,SEND,647,17.906,,200.000,646144,
4.468992,ACK,632,17.962,,,647168,"cum ack, base->632"
4.469057,ACK,633,18.017,,,648192,"cum ack, base->633"
4.469096,ACK,634,18.073,,,649216,"cum ack, base->634"
4.469135,ACK,635,18.128,,,650240,"cum ack, base->635"
4.469174,ACK,636,18.183,,,651264,"cum ack, base->636"
4.469639,ACK,637,18.238,,,652288,"cum ack, base->637"
4.469696,ACK,638,18.293,,,653312,"cum ack, base->638"
4.469813,ACK,639,18.348,,,654336,"cum ack, base->639"
4.471609,SEND,648,18.348,,200.000,654336,
4.471831,SEND,649,18.348,,200.000,654336,
4.472037,SEND,650,18.348,,200.000,654336,
4.472242,SEND,651,18.348,,200.000,654336,
4.472465,SEND,652,18.348,,200.000,654336,
4.472740,SEND,653,18.348,,200.000,654336,
4.473088,SEND,654,18.348,,200.000,654336,
4.473370,SEND,655,18.348,,200.000,654336,
4.473639,SEND,656,18.348,,200.000,654336,
4.473664,STATS,-1,18.348,,200.000,654336,base=639 next=657
4.502638,ACK,640,18.402,,,655360,"cum ack, base->640"
4.502718,ACK,641,18.457,,,656384,"cum ack, base->641"
4.504241,SEND,657,18.457,,200.000,656384,
4.504423,SEND,658,18.457,,200.000,656384,
4.521678,ACK,642,18.511,,,657408,"cum ack, base->642"
4.521778,ACK,643,18.565,,,658432,"cum ack, base->643"
4.521834,ACK,644,18.619,,,659456,"cum ack, base->644"
4.522153,ACK,645,18.673,,,660480,"cum ack, base->645"
4.522203,ACK,646,18.726,,,661504,"cum ack, base->646"
4.522304,ACK,647,18.779,,,662528,"cum ack, base->647"
4.522356,ACK,648,18.833,,,663552,"cum ack, base->648"
4.522397,ACK,649,18.886,,,664576,"cum ack, base->649"
4.522435,ACK,650,18.939,,,665600,"cum ack, base->650"
4.522472,ACK,651,18.992,,,666624,"cum ack, base->651"
4.522568,ACK,652,19.044,,,667648,"cum ack, base->652"
4.523839,SEND,659,19.044,,200.000,667648,
4.524054,SEND,660,19.044,,200.000,667648,
4.524257,SEND,661,19.044,,200.000,667648,
4.524459,SEND,662,19.044,,200.000,667648,
4.524673,SEND,663,19.044,,200.000,667648,
4.525034,SEND,664,19.044,,200.000,667648,
4.525287,SEND,665,19.044,,200.000,667648,
4.525621,SEND,666,19.044,,200.000,667648,
4.525952,SEND,667,19.044,,200.000,667648,
4.526188,SEND,668,19.044,,200.000,667648,
4.526422,SEND,669,19.044,,200.000,667648,
4.526647,SEND,670,19.044,,200.000,667648,
4.526760,ACK,653,19.097,,,668672,"cum ack, base->653"
4.526807,ACK,654,19.149,,,669696,"cum ack, base->654"
4.526846,ACK,655,19.201,,,670720,"cum ack, base->655"
4.526883,ACK,656,19.253,,,671744,"cum ack, base->656"
4.526918,ACK,657,19.305,,,672768,"cum ack, base->657"
4.529419,SEND,671,19.305,,200.000,672768,
4.529751,SEND,672,19.305,,200.000,672768,
4.529950,SEND,673,19.305,,200.000,672768,
4.530125,SEND,674,19.305,,200.000,672768,
4.530296,SEND,675,19.305,,200.000,672768,
4.549251,ACK,658,19.357,,,673792,"cum ack, base->658"
4.549494,ACK,659,19.409,,,674816,"cum ack, base->659"
4.550175,SEND,676,19.409,,200.000,674816,
4.550569,SEND,677,19.409,,200.000,674816,
4.567706,ACK,660,19.460,,,675840,"cum ack, base->660"
4.568931,SEND,678,19.460,,200.000,675840,
4.574100,STATS,-1,19.460,,200.000,675840,base=660 next=679
4.576779,ACK,661,19.512,,,676864,"cum ack, base->661"
4.577134,SEND,679,19.512,,200.000,676864,
4.577280,ACK,662,19.563,,,677888,"cum ack, base->662"
4.577468,ACK,663,19.614,,,678912,"cum ack, base->663"
4.577564,ACK,664,19.665,,,679936,"cum ack, base->664"
4.577609,NAK,664,19.665,,,679936,
4.577715,FASTRETX,664,17.480,,200.000,679936,nak
4.577857,DUPACK,664,17.480,,,679936,
4.579610,RETX,664,17.480,,200.000,679936,
4.579889,RETX,665,17.480,,200.000,679936,
4.580159,RETX,666,17.480,,200.000,679936,
4.580384,RETX,667,17.480,,200.000,679936,
4.580662,RETX,668,17.480,,200.000,679936,
4.580881,RETX,669,17.480,,200.000,679936,
4.581151,RETX,670,17.480,,200.000,679936,
4.581407,RETX,671,17.480,,200.000,679936,
4.581647,RETX,672,17.480,,200.000,679936,
4.581916,RETX,673,17.480,,200.000,679936,
4.582403,RETX,674,17.480,,200.000,679936,
4.582651,RETX,675,17.480,,200.000,679936,
4.582853,RETX,676,17.480,,200.000,679936,
4.583044,RETX,677,17.480,,200.000,679936,
4.583213,RETX,678,17.480,,200.000,679936,
4.583384,RETX,679,17.480,,200.000,679936,
4.583664,SEND,680,17.480,,200.000,679936,
4.583768,NAK,664,17.480,,,679936,
4.583966,DUPACK,664,17.480,,,679936,
4.584001,NAK,664,17.480,,,679936,
4.584029,DUPACK,664,17.480,,,679936,
4.584058,NAK,664,17.480,,,679936,
4.584085,DUPACK,664,17.480,,,679936,
4.584110,NAK,664,17.480,,,679936,
4.584136,DUPACK,664,17.480,,,679936,
4.584161,NAK,664,17.480,,,679936,
4.584187,DUPACK,664,17.480,,,679936,
4.584212,NAK,664,17.480,,,679936,
4.584243,DUPACK,664,17.480,,,679936,
4.584269,NAK,664,17.480,,,679936,
4.584345,DUPACK,664,17.480,,,679936,
4.584379,NAK,664,17.480,,,679936,
4.584409,DUPACK,664,17.480,,,679936,
4.584439,NAK,664,17.480,,,679936,
4.584466,DUPACK,664,17.480,,,679936,
4.584596,NAK,664,17.480,,,679936,
4.584636,DUPACK,664,17.480,,,679936,
4.590105,NAK,664,17.480,,,679936,
4.600350,DUPACK,664,17.480,,,679936,
4.600415,NAK,664,17.480,,,679936,
4.600518,DUPACK,664,17.480,,,679936,
4.607582,NAK,664,17.480,,,679936,
4.610069,DUPACK,664,17.480,,,679936,
4.619028,NAK,664,17.480,,,679936,
4.624641,DUPACK,664,17.480,,,679936,
4.632273,ACK,665,17.537,,,680960,"cum ack, base->665"
4.632360,ACK,666,17.594,,,681984,"cum ack, base->666"
4.632405,ACK,667,17.651,,,683008,"cum ack, base->667"
4.632449,ACK,668,17.708,,,684032,"cum ack, base->668"
4.632578,ACK,669,17.764,,,685056,"cum ack, base->669"
4.632902,ACK,670,17.821,,,686080,"cum ack, base->670"
4.633157,ACK,671,17.877,,,687104,"cum ack, base->671"
4.634359,SEND,681,17.877,,200.000,687104,
4.634589,SEND,682,17.877,,200.000,687104,
4.634811,SEND,683,17.877,,200.000,687104,
4.635292,SEND,684,17.877,,200.000,687104,
4.635593,SEND,685,17.877,,200.000,687104,
4.636163,SEND,686,17.877,,200.000,687104,
4.636480,SEND,687,17.877,,200.000,687104,
4.636620,ACK,672,17.933,,,688128,"cum ack, base->672"
4.636676,ACK,673,17.988,,,689152,"cum ack, base->673"
4.636714,ACK,674,18.044,,,690176,"cum ack, base->674"
4.636754,ACK,675,18.099,,,691200,"cum ack, base->675"
4.636803,ACK,676,18.155,,,692224,"cum ack, base->676"
4.636841,ACK,677,18.210,,,693248,"cum ack, base->677"
4.636921,ACK,678,18.265,,,694272,"cum ack, base->678"
4.637111,ACK,679,18.319,,,695296,"cum ack, base->679"
4.637150,ACK,680,18.374,,,696320,"cum ack, base->680"
4.637188,ACK,681,18.428,,,697344,"cum ack, base->681"
4.639057,SEND,688,18.428,,200.000,697344,
4.639292,SEND,689,18.428,,200.000,697344,
4.639501,SEND,690,18.428,,200.000,697344,
4.639751,SEND,691,18.428,,200.000,697344,
4.640016,SEND,692,18.428,,200.000,697344,
4.640354,SEND,693,18.428,,200.000,697344,
4.640565,SEND,694,18.428,,200.000,697344,
4.640808,SEND,695,18.428,,200.000,697344,
4.641026,SEND,696,18.428,,200.000,697344,
4.641266,SEND,697,18.428,,200.000,697344,
4.641515,SEND,698,18.428,,200.000,697344,
4.676489,STATS,-1,18.428,,200.000,697344,base=681 next=699
4.690865,ACK,682,18.483,,,698368,"cum ack, base->682"
4.690928,ACK,683,18.537,,,699392,"cum ack, base->683"
4.690969,ACK,684,18.591,,,700416,"cum ack, base->684"
4.691005,ACK,685,18.645,,,701440,"cum ack, base->685"
4.691036,ACK,686,18.698,,,702464,"cum ack, base->686"
4.691066,ACK,687,18.752,,,703488,"cum ack, base->687"
4.691104,ACK,688,18.805,,,704512,"cum ack, base->688"
4.691347,SEND,699,18.805,,200.000,704512,
4.691523,SEND,700,18.805,,200.000,704512,
4.691692,SEND,701,18.805,,200.000,704512,
4.691921,SEND,702,18.805,,200.000,704512,
4.692160,SEND,703,18.805,,200.000,704512,
4.692334,SEND,704,18.805,,200.000,704512,
4.692507,SEND,705,18.805,,200.000,704512,
4.692638,ACK,689,18.858,,,705536,"cum ack, base->689"
4.692689,ACK,690,18.911,,,706560,"cum ack, base->690"
4.692728,ACK,691,18.964,,,707584,"cum ack, base->691"
4.692765,ACK,692,19.017,,,708608,"cum ack, base->692"
4.692860,ACK,693,19.069,,,709632,"cum ack, base->693"
4.692912,ACK,694,19.122,,,710656,"cum ack, base->694"
4.692953,ACK,695,19.174,,,711680,"cum ack, base->695"
4.692992,ACK,696,19.226,,,712704,"cum ack, base->696"
4.693029,ACK,697,19.278,,,713728,"cum ack, base->697"
4.693068,ACK,698,19.330,,,714752,"cum ack, base->698"
4.695284,SEND,706,19.330,,200.000,714752,
4.695520,SEND,707,19.330,,200.000,714752,
4.695785,SEND,708,19.330,,200.000,714752,
4.696168,SEND,709,19.330,,200.000,714752,
4.696414,SEND,710,19.330,,200.000,714752,
4.696597,SEND,711,19.330,,200.000,714752,
4.696859,SEND,712,19.330,,200.000,714752,
4.697157,SEND,713,19.330,,200.000,714752,
4.697376,SEND,714,19.330,,200.000,714752,
4.697608,SEND,715,19.330,,200.000,714752,
4.697779,SEND,716,19.330,,200.000,714752,
4.736585,NAK,698,19.330,,,714752,
4.736625,FASTRETX,698,17.182,,200.000,714752,nak
4.736678,DUPACK,698,17.182,,,714752,
4.736715,NAK,698,17.182,,,714752,
4.736749,NAK,698,17.182,,,714752,
4.736797,DUPACK,698,17.182,,,714752,
4.738128,RETX,698,17.182,,200.000,714752,
4.738352,RETX,699,17.182,,200.000,714752,
4.738620,RETX,700,17.182,,200.000,714752,
4.738902,RETX,701,17.182,,200.000,714752,
4.739297,RETX,702,17.182,,200.000,714752,
4.740103,RETX,703,17.182,,200.000,714752,
4.740323,RETX,704,17.182,,200.000,714752,
4.740527,RETX,705,17.182,,200.000,714752,
4.740732,RETX,706,17.182,,200.000,714752,
4.740998,RETX,707,17.182,,200.000,714752,
4.741229,RETX,708,17.182,,200.000,714752,
4.741493,RETX,709,17.182,,200.000,714752,
4.741771,RETX,710,17.182,,200.000,714752,
4.742018,RETX,711,17.182,,200.000,714752,
4.742246,RETX,712,17.182,,200.000,714752,
4.742473,RETX,713,17.182,,200.000,714752,
4.742698,RETX,714,17.182,,200.000,714752,
4.742763,NAK,698,17.182,,,714752,
4.742800,DUPACK,698,17.182,,,714752,
4.742827,NAK,698,17.182,,,714752,
4.742852,DUPACK,698,17.182,,,714752,
4.742876,NAK,698,17.182,,,714752,
4.742902,DUPACK,698,17.182,,,714752,
4.742927,NAK,698,17.182,,,714752,
4.743041,DUPACK,698,17.182,,,714752,
4.743075,DUPACK,698,17.182,,,714752,
4.746836,NAK,698,17.182,,,714752,
4.746918,DUPACK,698,17.182,,,714752,
4.746951,NAK,698,17.182,,,714752,
4.746980,DUPACK,698,17.182,,,714752,
4.748160,NAK,698,17.182,,,714752,
4.748240,DUPACK,698,17.182,,,714752,
4.748270,NAK,698,17.182,,,714752,
4.748301,DUPACK,698,17.182,,,714752,
4.748330,NAK,698,17.182,,,714752,
4.748356,DUPACK,698,17.182,,,714752,
4.748380,NAK,698,17.182,,,714752,
4.748406,DUPACK,698,17.182,,,714752,
4.748430,NAK,698,17.182,,,714752,
4.748455,DUPACK,698,17.182,,,714752,
4.748479,NAK,698,17.182,,,714752,
4.748503,DUPACK,698,17.182,,,714752,
4.748528,NAK,698,17.182,,,714752,
4.748553,DUPACK,698,17.182,,,714752,
4.748582,NAK,698,17.182,,,714752,
4.748608,DUPACK,698,17.182,,,714752,
4.777496,ACK,699,17.241,,,715776,"cum ack, base->699"
4.777872,RETX,715,17.241,,200.000,715776,
4.777899,STATS,-1,17.241,,200.000,715776,base=699 next=716
4.784240,ACK,700,17.299,,,716800,"cum ack, base->700"
4.784312,ACK,701,17.356,,,717824,"cum ack, base->701"
4.784356,ACK,702,17.414,,,718848,"cum ack, base->702"
4.787608,NAK,702,17.414,,,718848,
4.787639,FASTRETX,702,17.414,,200.000,718848,nak
4.787695,DUPACK,702,17.414,,,718848,
4.787727,DUPACK,702,17.414,,,718848,
4.787960,RETX,702,17.414,,200.000,718848,
4.788295,RETX,703,17.414,,200.000,718848,
4.788551,RETX,704,17.414,,200.000,718848,
4.788768,RETX,705,17.414,,200.000,718848,
4.789015,RETX,706,17.414,,200.000,718848,
4.789245,RETX,707,17.414,,200.000,718848,
4.789471,RETX,708,17.414,,200.000,718848,
4.789697,RETX,709,17.414,,200.000,718848,
4.789920,RETX,710,17.414,,200.000,718848,
4.790144,RETX,711,17.414,,200.000,718848,
4.790368,RETX,712,17.414,,200.000,718848,
4.790593,RETX,713,17.414,,200.000,718848,
4.790819,RETX,714,17.414,,200.000,718848,
4.791047,RETX,715,17.414,,200.000,718848,
4.791272,RETX,716,17.414,,200.000,718848,
4.791501,SEND,717,17.414,,200.000,718848,
4.791730,SEND,718,17.414,,200.000,718848,
4.791804,NAK,702,17.414,,,718848,
4.791839,DUPACK,702,17.414,,,718848,
4.794378,NAK,702,17.414,,,718848,
4.794408,DUPACK,702,17.414,,,718848,
4.794432,NAK,702,17.414,,,718848,
4.794459,DUPACK,702,17.414,,,718848,
4.794482,NAK,702,17.414,,,718848,
4.794507,DUPACK,702,17.414,,,718848,
4.794531,NAK,702,17.414,,,718848,
4.794560,DUPACK,702,17.414,,,718848,
4.794584,NAK,702,17.414,,,718848,
4.794609,DUPACK,702,17.414,,,718848,
4.794635,NAK,702,17.414,,,718848,
4.794708,DUPACK,702,17.414,,,718848,
4.794758,DUPACK,702,17.414,,,718848,
4.816316,NAK,702,17.414,,,718848,
4.826423,DUPACK,702,17.414,,,718848,
4.830427,ACK,703,17.471,,,719872,"cum ack, base->703"
4.831405,SEND,719,17.471,,200.000,719872,
4.839281,ACK,704,17.529,,,720896,"cum ack, base->704"
4.839408,NAK,704,17.529,,,720896,
4.839431,FASTRETX,704,17.529,,200.000,720896,nak
4.839488,DUPACK,704,17.529,,,720896,
4.839624,NAK,704,17.529,,,720896,
4.839665,DUPACK,704,17.529,,,720896,
4.839706,NAK,704,17.529,,,720896,
4.839745,DUPACK,704,17.529,,,720896,
4.839783,NAK,704,17.529,,,720896,
4.839822,DUPACK,704,17.529,,,720896,
4.839859,NAK,704,17.529,,,720896,
4.839911,DUPACK,704,17.529,,,720896,
4.841919,RETX,704,17.529,,200.000,720896,
4.842209,RETX,705,17.529,,200.000,720896,
4.842490,RETX,706,17.529,,200.000,720896,
4.842751,RETX,707,17.529,,200.000,720896,
4.843010,RETX,708,17.529,,200.000,720896,
4.843366,RETX,709,17.529,,200.000,720896,
4.843723,RETX,710,17.529,,200.000,720896,
4.843942,RETX,711,17.529,,200.000,720896,
4.844146,RETX,712,17.529,,200.000,720896,
4.844349,RETX,713,17.529,,200.000,720896,
4.844554,RETX,714,17.529,,200.000,720896,
4.844756,RETX,715,17.529,,200.000,720896,
4.844957,RETX,716,17.529,,200.000,720896,
4.845163,RETX,717,17.529,,200.000,720896,
4.845368,RETX,718,17.529,,200.000,720896,
4.845627,RETX,719,17.529,,200.000,720896,
4.845837,SEND,720,17.529,,200.000,720896,
4.845976,NAK,704,17.529,,,720896,
4.846028,DUPACK,704,17.529,,,720896,
4.846059,NAK,704,17.529,,,720896,
4.846088,DUPACK,704,17.529,,,720896,
4.846114,NAK,704,17.529,,,720896,
4.846140,DUPACK,704,17.529,,,720896,
4.846166,NAK,704,17.529,,,720896,
4.846193,DUPACK,704,17.529,,,720896,
4.846219,NAK,704,17.529,,,720896,
4.846245,DUPACK,704,17.529,,,720896,
4.846270,NAK,704,17.529,,,720896,
4.846295,DUPACK,704,17.529,,,720896,
4.846321,NAK,704,17.529,,,720896,
4.846347,DUPACK,704,17.529,,,720896,
4.846375,NAK,704,17.529,,,720896,
4.846401,DUPACK,704,17.529,,,720896,
4.874733,NAK,704,17.529,,,720896,
4.874774,DUPACK,704,17.529,,,720896,
4.880171,STATS,-1,17.529,,200.000,720896,base=704 next=721
4.891065,ACK,705,17.586,,,721920,"cum ack, base->705"
4.891447,SEND,721,17.586,,200.000,721920,
4.891547,ACK,706,17.643,,,722944,"cum ack, base->706"
4.891601,ACK,707,17.699,,,723968,"cum ack, base->707"
4.894669,SEND,722,17.699,,200.000,723968,
4.895215,SEND,723,17.699,,200.000,723968,
4.895401,ACK,708,17.756,,,724992,"cum ack, base->708"
4.895458,ACK,709,17.812,,,726016,"cum ack, base->709"
4.895499,ACK,710,17.868,,,727040,"cum ack, base->710"
4.895538,ACK,711,17.924,,,728064,"cum ack, base->711"
4.895660,ACK,713,18.036,,,730112,"cum ack, base->713"
4.895820,ACK,714,18.091,,,731136,"cum ack, base->714"
4.897270,ACK,716,18.201,,,733184,"cum ack, base->716"
4.897331,ACK,717,18.256,,,734208,"cum ack, base->717"
4.897372,ACK,718,18.311,,,735232,"cum ack, base->718"
4.897409,ACK,719,18.366,,,736256,"cum ack, base->719"
4.897440,NAK,719,18.366,,,736256,
4.897457,FASTRETX,719,16.325,,200.000,736256,nak
4.897897,RETX,719,16.325,,200.000,736256,
4.898127,RETX,720,16.325,,200.000,736256,
4.898337,RETX,721,16.325,,200.000,736256,
4.898573,RETX,722,16.325,,200.000,736256,
4.898772,RETX,723,16.325,,200.000,736256,
4.899134,SEND,724,16.325,,200.000,736256,
4.899352,SEND,725,16.325,,200.000,736256,
4.899674,SEND,726,16.325,,200.000,736256,
4.899967,SEND,727,16.325,,200.000,736256,
4.900339,SEND,728,16.325,,200.000,736256,
4.900659,SEND,729,16.325,,200.000,736256,
4.900971,SEND,730,16.325,,200.000,736256,
4.901179,SEND,731,16.325,,200.000,736256,
4.901624,SEND,732,16.325,,200.000,736256,
4.901864,SEND,733,16.325,,200.000,736256,
4.902092,SEND,734,16.325,,200.000,736256,
4.902161,DUPACK,719,16.325,,,736256,
4.936950,NAK,719,16.325,,,736256,
4.937029,DUPACK,719,16.325,,,736256,
4.937093,DUPACK,719,16.325,,,736256,
4.937122,NAK,719,16.325,,,736256,
4.937149,DUPACK,719,16.325,,,736256,
4.937194,ACK,720,16.386,,,737280,"cum ack, base->720"
4.937229,ACK,721,16.447,,,738304,"cum ack, base->721"
4.937263,ACK,722,16.508,,,739328,"cum ack, base->722"
4.939845,SEND,735,16.508,,200.000,739328,
4.940061,SEND,736,16.508,,200.000,739328,
4.940239,SEND,737,16.508,,200.000,739328,
4.941344,ACK,723,16.569,,,740352,"cum ack, base->723"
4.943096,SEND,738,16.569,,200.000,740352,
4.945270,NAK,723,16.569,,,740352,
4.945312,FASTRETX,723,16.569,,200.000,740352,nak
4.945381,DUPACK,723,16.569,,,740352,
4.945428,NAK,723,16.569,,,740352,
4.945470,DUPACK,723,16.569,,,740352,
4.945988,RETX,723,16.569,,200.000,740352,
4.946394,RETX,724,16.569,,200.000,740352,
4.946776,RETX,725,16.569,,200.000,740352,
4.947193,RETX,726,16.569,,200.000,740352,
4.947416,RETX,727,16.569,,200.000,740352,
4.947621,RETX,728,16.569,,200.000,740352,
4.947890,RETX,729,16.569,,200.000,740352,
4.948110,RETX,730,16.569,,200.000,740352,
4.948351,RETX,731,16.569,,200.000,740352,
4.948632,RETX,732,16.569,,200.000,740352,
4.948837,RETX,733,16.569,,200.000,740352,
4.949052,RETX,734,16.569,,200.000,740352,
4.949224,RETX,735,16.569,,200.000,740352,
4.949656,RETX,736,16.569,,200.000,740352,
4.949840,RETX,737,16.569,,200.000,740352,
4.950009,RETX,738,16.569,,200.000,740352,
4.950171,NAK,723,16.569,,,740352,
4.952711,DUPACK,723,16.569,,,740352,
4.952765,NAK,723,16.569,,,740352,
4.952796,DUPACK,723,16.569,,,740352,
4.952822,NAK,723,16.569,,,740352,
4.952848,DUPACK,723,16.569,,,740352,
4.952874,NAK,723,16.569,,,740352,
4.952901,DUPACK,723,16.569,,,740352,
4.952925,NAK,723,16.569,,,740352,
4.952950,DUPACK,723,16.569,,,740352,
4.952974,NAK,723,16.569,,,740352,
4.952999,DUPACK,723,16.569,,,740352,
4.953817,NAK,723,16.569,,,740352,
4.953870,NAK,723,16.569,,,740352,
4.953898,DUPACK,723,16.569,,,740352,
4.974876,NAK,723,16.569,,,740352,
4.980571,STATS,-1,16.569,,200.000,740352,base=723 next=739
4.983336,DUPACK,723,16.569,,,740352,
4.983462,NAK,723,16.569,,,740352,
4.983504,DUPACK,723,16.569,,,740352,
4.992381,NAK,723,16.569,,,740352,
4.993594,DUPACK,723,16.569,,,740352,
4.993654,NAK,723,16.569,,,740352,
4.993695,DUPACK,723,16.569,,,740352,
4.994420,ACK,724,16.629,,,741376,"cum ack, base->724"
4.994492,ACK,725,16.689,,,742400,"cum ack, base->725"
4.994534,ACK,726,16.749,,,743424,"cum ack, base->726"
4.995183,SEND,739,16.749,,200.000,743424,
4.995399,SEND,740,16.749,,200.000,743424,
4.995608,SEND,741,16.749,,200.000,743424,
4.997986,ACK,727,16.809,,,744448,"cum ack, base->727"
4.998259,ACK,728,16.868,,,745472,"cum ack, base->728"
4.999005,SEND,742,16.868,,200.000,745472,
4.999552,SEND,743,16.868,,200.000,745472,
4.999778,ACK,729,16.928,,,746496,"cum ack, base->729"
4.999881,ACK,730,16.987,,,747520,"cum ack, base->730"
4.999981,ACK,731,17.046,,,748544,"cum ack, base->731"
5.000022,ACK,732,17.104,,,749568,"cum ack, base->732"
5.000059,ACK,733,17.163,,,750592,"cum ack, base->733"
5.001150,ACK,734,17.221,,,751616,"cum ack, base->734"
5.001210,ACK,735,17.279,,,752640,"cum ack, base->735"
5.001244,ACK,736,17.337,,,753664,"cum ack, base->736"
5.001734,ACK,737,17.395,,,754688,"cum ack, base->737"
5.001783,ACK,738,17.452,,,755712,"cum ack, base->738"
5.002331,SEND,744,17.452,,200.000,755712,
5.002698,SEND,745,17.452,,200.000,755712,
5.002915,SEND,746,17.452,,200.000,755712,
5.003107,SEND,747,17.452,,200.000,755712,
5.003279,SEND,748,17.452,,200.000,755712,
5.003519,SEND,749,17.452,,200.000,755712,
5.003732,SEND,750,17.452,,200.000,755712,
5.004080,SEND,751,17.452,,200.000,755712,
5.004253,SEND,752,17.452,,200.000,755712,
5.004438,SEND,753,17.452,,200.000,755712,
5.004605,SEND,754,17.452,,200.000,755712,
5.004742,ACK,739,17.509,,,756736,"cum ack, base->739"
5.007075,SEND,755,17.509,,200.000,756736,
5.041952,ACK,740,17.566,,,757760,"cum ack, base->740"
5.042279,SEND,756,17.566,,200.000,757760,
5.042342,ACK,742,17.680,,,759808,"cum ack, base->742"
5.042424,ACK,743,17.737,,,760832,"cum ack, base->743"
5.045127,SEND,757,17.737,,200.000,760832,
5.045381,SEND,758,17.737,,200.000,760832,
5.045591,SEND,759,17.737,,200.000,760832,
5.048742,ACK,744,17.793,,,761856,"cum ack, base->744"
5.049641,ACK,745,17.849,,,762880,"cum ack, base->745"
5.050135,ACK,746,17.905,,,763904,"cum ack, base->746"
5.050194,ACK,747,17.961,,,764928,"cum ack, base->747"
5.050241,ACK,748,18.017,,,765952,"cum ack, base->748"
5.050283,ACK,749,18.072,,,766976,"cum ack, base->749"
5.050323,ACK,750,18.128,,,768000,"cum ack, base->750"
5.050361,ACK,751,18.183,,,769024,"cum ack, base->751"
5.050401,ACK,752,18.238,,,770048,"cum ack, base->752"
5.050469,ACK,753,18.293,,,771072,"cum ack, base->753"
5.050507,ACK,754,18.347,,,772096,"cum ack, base->754"
5.051155,SEND,760,18.347,,200.000,772096,
5.051339,SEND,761,18.347,,200.000,772096,
5.051507,SEND,762,18.347,,200.000,772096,
5.051675,SEND,763,18.347,,200.000,772096,
5.051917,SEND,764,18.347,,200.000,772096,
5.052362,SEND,765,18.347,,200.000,772096,
5.052958,SEND,766,18.347,,200.000,772096,
5.053196,SEND,767,18.347,,200.000,772096,
5.053423,SEND,768,18.347,,200.000,772096,
5.053647,SEND,769,18.347,,200.000,772096,
5.053870,SEND,770,18.347,,200.000,772096,
5.054095,SEND,771,18.347,,200.000,772096,
5.054217,ACK,755,18.402,,,773120,"cum ack, base->755"
5.054258,ACK,756,18.456,,,774144,"cum ack, base->756"
5.056915,SEND,772,18.456,,200.000,774144,
5.057143,SEND,773,18.456,,200.000,774144,
5.081828,STATS,-1,18.456,,200.000,774144,base=756 next=774
5.092268,ACK,757,18.510,,,775168,"cum ack, base->757"
5.092886,ACK,758,18.564,,,776192,"cum ack, base->758"
5.094882,SEND,774,18.564,,200.000,776192,
5.095189,SEND,775,18.564,,200.000,776192,
5.098571,ACK,759,18.618,,,777216,"cum ack, base->759"
5.098649,ACK,760,18.672,,,778240,"cum ack, base->760"
5.098694,ACK,761,18.726,,,779264,"cum ack, base->761"
5.098741,ACK,762,18.779,,,780288,"cum ack, base->762"
5.098784,ACK,763,18.832,,,781312,"cum ack, base->763"
5.098822,ACK,764,18.885,,,782336,"cum ack, base->764"
5.100965,SEND,776,18.885,,200.000,782336,
5.101362,SEND,777,18.885,,200.000,782336,
5.101699,SEND,778,18.885,,200.000,782336,
5.102035,SEND,779,18.885,,200.000,782336,
5.102329,SEND,780,18.885,,200.000,782336,
5.103238,SEND,781,18.885,,200.000,782336,
5.103440,ACK,765,18.938,,,783360,"cum ack, base->765"
5.103522,ACK,766,18.991,,,784384,"cum ack, base->766"
5.103566,ACK,767,19.044,,,785408,"cum ack, base->767"
5.103599,ACK,768,19.096,,,786432,"cum ack, base->768"
5.103632,ACK,769,19.149,,,787456,"cum ack, base->769"
5.103666,ACK,770,19.201,,,788480,"cum ack, base->770"
5.103701,ACK,771,19.253,,,789504,"cum ack, base->771"
5.103731,ACK,772,19.305,,,790528,"cum ack, base->772"
5.103760,ACK,773,19.357,,,791552,"cum ack, base->773"
5.103791,ACK,774,19.408,,,792576,"cum ack, base->774"
5.106036,SEND,782,19.408,,200.000,792576,
5.106227,SEND,783,19.408,,200.000,792576,
5.106401,SEND,784,19.408,,200.000,792576,
5.106570,SEND,785,19.408,,200.000,792576,
5.106785,SEND,786,19.408,,200.000,792576,
5.106975,SEND,787,19.408,,200.000,792576,
5.107221,SEND,788,19.408,,200.000,792576,
5.107396,SEND,789,19.408,,200.000,792576,
5.107644,SEND,790,19.408,,200.000,792576,
5.107996,SEND,791,19.408,,200.000,792576,
5.108240,SEND,792,19.408,,200.000,792576,
5.140957,ACK,775,19.460,,,793600,"cum ack, base->775"
5.143616,SEND,793,19.460,,200.000,793600,
5.148335,NAK,775,19.460,,,793600,
5.148370,FASTRETX,775,17.298,,200.000,793600,nak
5.149125,RETX,775,17.298,,200.000,793600,
5.149463,RETX,776,17.298,,200.000,793600,
5.149706,RETX,777,17.298,,200.000,793600,
5.150122,RETX,778,17.298,,200.000,793600,
5.150393,RETX,779,17.298,,200.000,793600,
5.151030,RETX,780,17.298,,200.000,793600,
5.151388,RETX,781,17.298,,200.000,793600,
5.151647,RETX,782,17.298,,200.000,793600,
5.151873,RETX,783,17.298,,200.000,793600,
5.152097,RETX,784,17.298,,200.000,793600,
5.152323,RETX,785,17.298,,200.000,793600,
5.152546,RETX,786,17.298,,200.000,793600,
5.152770,RETX,787,17.298,,200.000,793600,
5.152995,RETX,788,17.298,,200.000,793600,
5.153219,RETX,789,17.298,,200.000,793600,
5.153442,RETX,790,17.298,,200.000,793600,
5.153666,RETX,791,17.298,,200.000,793600,
5.153738,DUPACK,775,17.298,,,793600,
5.153773,NAK,775,17.298,,,793600,
5.153802,DUPACK,775,17.298,,,793600,
5.153829,NAK,775,17.298,,,793600,
5.153854,DUPACK,775,17.298,,,793600,
5.153878,NAK,775,17.298,,,793600,
5.153901,DUPACK,775,17.298,,,793600,
5.153925,NAK,775,17.298,,,793600,
5.153948,DUPACK,775,17.298,,,793600,
5.153972,NAK,775,17.298,,,793600,
5.153996,DUPACK,775,17.298,,,793600,
5.154019,NAK,775,17.298,,,793600,
5.154042,DUPACK,775,17.298,,,793600,
5.154065,NAK,775,17.298,,,793600,
5.154089,DUPACK,775,17.298,,,793600,
5.154111,DUPACK,775,17.298,,,793600,
5.156261,NAK,775,17.298,,,793600,
5.156291,DUPACK,775,17.298,,,793600,
5.156319,NAK,775,17.298,,,793600,
5.156346,DUPACK,775,17.298,,,793600,
5.156370,NAK,775,17.298,,,793600,
5.156394,DUPACK,775,17.298,,,793600,
5.157359,NAK,775,17.298,,,793600,
5.157387,DUPACK,775,17.298,,,793600,
5.157412,NAK,775,17.298,,,793600,
5.157435,DUPACK,775,17.298,,,793600,
5.157458,NAK,775,17.298,,,793600,
5.157641,DUPACK,775,17.298,,,793600,
5.183818,STATS,-1,17.298,,200.000,793600,base=775 next=792
5.189617,NAK,775,17.298,,,793600,
5.189683,DUPACK,775,17.298,,,793600,
5.194866,ACK,776,17.355,,,794624,"cum ack, base->776"
5.195001,ACK,777,17.413,,,795648,"cum ack, base->777"
5.195046,ACK,778,17.470,,,796672,"cum ack, base->778"
5.195082,ACK,779,17.528,,,797696,"cum ack, base->779"
5.196630,RETX,792,17.528,,200.000,797696,
5.196874,RETX,793,17.528,,200.000,797696,
5.197083,SEND,794,17.528,,200.000,797696,
5.197351,SEND,795,17.528,,200.000,797696,
5.197473,ACK,780,17.585,,,798720,"cum ack, base->780"
5.197561,ACK,781,17.642,,,799744,"cum ack, base->781"
5.197609,ACK,782,17.698,,,800768,"cum ack, base->782"
5.197651,ACK,783,17.755,,,801792,"cum ack, base->783"
5.198924,ACK,784,17.811,,,802816,"cum ack, base->784"
5.198993,ACK,785,17.867,,,803840,"cum ack, base->785"
5.199035,ACK,786,17.923,,,804864,"cum ack, base->786"
5.199077,ACK,787,17.979,,,805888,"cum ack, base->787"
5.199115,ACK,788,18.035,,,806912,"cum ack, base->788"
5.200188,SEND,796,18.035,,200.000,806912,
5.200491,SEND,797,18.035,,200.000,806912,
5.200969,SEND,798,18.035,,200.000,806912,
5.201179,SEND,799,18.035,,200.000,806912,
5.201740,SEND,800,18.035,,200.000,806912,
5.202123,SEND,801,18.035,,200.000,806912,
5.202356,SEND,802,18.035,,200.000,806912,
5.202581,SEND,803,18.035,,200.000,806912,
5.202805,SEND,804,18.035,,200.000,806912,
5.203029,SEND,805,18.035,,200.000,806912,
5.203101,ACK,789,18.090,,,807936,"cum ack, base->789"
5.203139,ACK,790,18.145,,,808960,"cum ack, base->790"
5.203171,ACK,791,18.200,,,809984,"cum ack, base->791"
5.203200,ACK,792,18.255,,,811008,"cum ack, base->792"
5.205819,SEND,806,18.255,,200.000,811008,
5.206042,SEND,807,18.255,,200.000,811008,
5.206216,SEND,808,18.255,,200.000,811008,
5.206393,SEND,809,18.255,,200.000,811008,
5.242924,ACK,793,18.310,,,812032,"cum ack, base->793"
5.245411,SEND,810,18.310,,200.000,812032,
5.248228,ACK,794,18.365,,,813056,"cum ack, base->794"
5.250769,SEND,811,18.365,,200.000,813056,
5.253201,ACK,795,18.419,,,814080,"cum ack, base->795"
5.253273,ACK,796,18.474,,,815104,"cum ack, base->796"
5.253378,ACK,797,18.528,,,816128,"cum ack, base->797"
5.253422,ACK,798,18.582,,,817152,"cum ack, base->798"
5.253520,ACK,799,18.635,,,818176,"cum ack, base->799"
5.254926,SEND,812,18.635,,200.000,818176,
5.255119,SEND,813,18.635,,200.000,818176,
5.255394,SEND,814,18.635,,200.000,818176,
5.255626,SEND,815,18.635,,200.000,818176,
5.255850,SEND,816,18.635,,200.000,818176,
5.255895,ACK,800,18.689,,,819200,"cum ack, base->800"
5.255938,ACK,801,18.743,,,820224,"cum ack, base->801"
5.255974,ACK,802,18.796,,,821248,"cum ack, base->802"
5.256007,ACK,803,18.849,,,822272,"cum ack, base->803"
5.256039,ACK,804,18.902,,,823296,"cum ack, base->804"
5.256071,ACK,805,18.955,,,824320,"cum ack, base->805"
5.256103,ACK,806,19.008,,,825344,"cum ack, base->806"
5.256135,ACK,807,19.061,,,826368,"cum ack, base->807"
5.256544,ACK,808,19.113,,,827392,"cum ack, base->808"
5.256675,ACK,809,19.165,,,828416,"cum ack, base->809"
5.256709,ACK,810,19.218,,,829440,"cum ack, base->810"
5.258618,SEND,817,19.218,,200.000,829440,
5.258849,SEND,818,19.218,,200.000,829440,
5.259078,SEND,819,19.218,,200.000,829440,
5.259305,SEND,820,19.218,,200.000,829440,
5.259530,SEND,821,19.218,,200.000,829440,
5.259758,SEND,822,19.218,,200.000,829440,
5.259982,SEND,823,19.218,,200.000,829440,
5.260209,SEND,824,19.218,,200.000,829440,
5.260439,SEND,825,19.218,,200.000,829440,
5.260665,SEND,826,19.218,,200.000,829440,
5.260890,SEND,827,19.218,,200.000,829440,
5.261115,SEND,828,19.218,,200.000,829440,
5.284213,STATS,-1,19.218,,200.000,829440,base=810 next=829
5.293269,ACK,811,19.270,,,830464,"cum ack, base->811"
5.295611,SEND,829,19.270,,200.000,830464,
5.296962,ACK,812,19.321,,,831488,"cum ack, base->812"
5.297005,ACK,813,19.373,,,832512,"cum ack, base->813"
5.298410,SEND,830,19.373,,200.000,832512,
5.299039,SEND,831,19.373,,200.000,832512,
5.307921,ACK,814,19.425,,,833536,"cum ack, base->814"
5.308381,ACK,815,19.476,,,834560,"cum ack, base->815"
5.308454,ACK,816,19.528,,,835584,"cum ack, base->816"
5.308676,ACK,817,19.579,,,836608,"cum ack, base->817"
5.308786,ACK,818,19.630,,,837632,"cum ack, base->818"
5.308825,ACK,819,19.681,,,838656,"cum ack, base->819"
5.309416,SEND,832,19.681,,200.000,838656,
5.309596,SEND,833,19.681,,200.000,838656,
5.309815,SEND,834,19.681,,200.000,838656,
5.309999,SEND,835,19.681,,200.000,838656,
5.310171,SEND,836,19.681,,200.000,838656,
5.310350,SEND,837,19.681,,200.000,838656,
5.311162,ACK,820,19.732,,,839680,"cum ack, base->820"
5.311220,ACK,821,19.782,,,840704,"cum ack, base->821"
5.313181,SEND,838,19.782,,200.000,840704,
5.313363,SEND,839,19.782,,200.000,840704,
5.314798,ACK,822,19.833,,,841728,"cum ack, base->822"
5.314876,ACK,823,19.883,,,842752,"cum ack, base->823"
5.314911,ACK,824,19.934,,,843776,"cum ack, base->824"
5.314943,ACK,825,19.984,,,844800,"cum ack, base->825"
5.314974,ACK,826,20.034,,,845824,"cum ack, base->826"
5.315006,NAK,826,20.034,,,845824,
5.315018,FASTRETX,826,17.808,,200.000,845824,nak
5.317206,RETX,826,17.808,,200.000,845824,
5.317693,RETX,827,17.808,,200.000,845824,
5.317873,RETX,828,17.808,,200.000,845824,
5.318041,RETX,829,17.808,,200.000,845824,
5.319163,RETX,830,17.808,,200.000,845824,
5.319391,RETX,831,17.808,,200.000,845824,
5.319636,RETX,832,17.808,,200.000,845824,
5.319974,RETX,833,17.808,,200.000,845824,
5.320239,RETX,834,17.808,,200.000,845824,
5.320472,RETX,835,17.808,,200.000,845824,
5.320700,RETX,836,17.808,,200.000,845824,
5.320926,RETX,837,17.808,,200.000,845824,
5.321151,RETX,838,17.808,,200.000,845824,
5.321377,RETX,839,17.808,,200.000,845824,
5.321604,SEND,840,17.808,,200.000,845824,
5.321830,SEND,841,17.808,,200.000,845824,
5.322055,SEND,842,17.808,,200.000,845824,
5.322090,DUPACK,826,17.808,,,845824,
5.322147,NAK,826,17.808,,,845824,
5.322222,DUPACK,826,17.808,,,845824,
5.339285,NAK,826,17.808,,,845824,
5.339361,DUPACK,826,17.808,,,845824,
5.341683,NAK,826,17.808,,,845824,
5.341833,DUPACK,826,17.808,,,845824,
5.342225,NAK,826,17.808,,,845824,
5.343293,DUPACK,826,17.808,,,845824,
5.359785,NAK,826,17.808,,,845824,
5.361243,DUPACK,826,17.808,,,845824,
5.361304,NAK,826,17.808,,,845824,
5.361386,DUPACK,826,17.808,,,845824,
5.361425,NAK,826,17.808,,,845824,
5.361456,DUPACK,826,17.808,,,845824,
5.364830,NAK,826,17.808,,,845824,
5.364890,DUPACK,826,17.808,,,845824,
5.364919,NAK,826,17.808,,,845824,
5.365019,DUPACK,826,17.808,,,845824,
5.368204,NAK,826,17.808,,,845824,
5.369081,DUPACK,826,17.808,,,845824,
5.369188,NAK,826,17.808,,,845824,
5.369223,DUPACK,826,17.808,,,845824,
5.369251,NAK,826,17.808,,,845824,
5.369279,DUPACK,826,17.808,,,845824,
5.369320,ACK,827,17.864,,,846848,"cum ack, base->827"
5.369362,ACK,828,17.920,,,847872,"cum ack, base->828"
5.369394,ACK,829,17.976,,,848896,"cum ack, base->829"
5.369422,NAK,829,17.976,,,848896,
5.369431,FASTRETX,829,17.976,,200.000,848896,nak
5.369463,DUPACK,829,17.976,,,848896,
5.369488,NAK,829,17.976,,,848896,
5.369515,DUPACK,829,17.976,,,848896,
5.369543,NAK,829,17.976,,,848896,
5.369571,DUPACK,829,17.976,,,848896,
5.369601,NAK,829,17.976,,,848896,
5.369626,DUPACK,829,17.976,,,848896,
5.369649,NAK,829,17.976,,,848896,
5.369673,DUPACK,829,17.976,,,848896,
5.369697,NAK,829,17.976,,,848896,
5.369723,DUPACK,829,17.976,,,848896,
5.369746,NAK,829,17.976,,,848896,
5.369770,DUPACK,829,17.976,,,848896,
5.369794,NAK,829,17.976,,,848896,
5.369818,DUPACK,829,17.976,,,848896,
5.369842,NAK,829,17.976,,,848896,
5.369866,DUPACK,829,17.976,,,848896,
5.370627,RETX,829,17.976,,200.000,848896,
5.370915,RETX,830,17.976,,200.000,848896,
5.371140,RETX,831,17.976,,200.000,848896,
5.371318,RETX,832,17.976,,200.000,848896,
5.371494,RETX,833,17.976,,200.000,848896,
5.371671,RETX,834,17.976,,200.000,848896,
5.371847,RETX,835,17.976,,200.000,848896,
5.372026,RETX,836,17.976,,200.000,848896,
5.372200,RETX,837,17.976,,200.000,848896,
5.372496,RETX,838,17.976,,200.000,848896,
5.372686,RETX,839,17.976,,200.000,848896,
5.372866,RETX,840,17.976,,200.000,848896,
5.373043,RETX,841,17.976,,200.000,848896,
5.373221,RETX,842,17.976,,200.000,848896,
5.373399,SEND,843,17.976,,200.000,848896,
5.373579,SEND,844,17.976,,200.000,848896,
5.373830,SEND,845,17.976,,200.000,848896,
5.373923,NAK,829,17.976,,,848896,
5.373958,DUPACK,829,17.976,,,848896,
5.373982,DUPACK,829,17.976,,,848896,
5.374002,NAK,829,17.976,,,848896,
5.374023,DUPACK,829,17.976,,,848896,
5.374043,NAK,829,17.976,,,848896,
5.374063,DUPACK,829,17.976,,,848896,
5.386509,STATS,-1,17.976,,200.000,848896,base=829 next=846
5.414021,ACK,830,18.031,,,849920,"cum ack, base->830"
5.414613,SEND,846,18.031,,200.000,849920,
5.414787,SEND,847,18.031,,200.000,849920,
5.424654,ACK,831,18.087,,,850944,"cum ack, base->831"
5.424722,ACK,832,18.142,,,851968,"cum ack, base->832"
5.424755,ACK,833,18.197,,,852992,"cum ack, base->833"
5.424788,ACK,834,18.252,,,854016,"cum ack, base->834"
5.424820,ACK,835,18.307,,,855040,"cum ack, base->835"
5.424855,ACK,836,18.362,,,856064,"cum ack, base->836"
5.424885,ACK,837,18.416,,,857088,"cum ack, base->837"
5.424911,NAK,837,18.416,,,857088,
5.424923,FASTRETX,837,18.416,,200.000,857088,nak
5.424950,DUPACK,837,18.416,,,857088,
5.424976,NAK,837,18.416,,,857088,
5.425002,DUPACK,837,18.416,,,857088,
5.425027,NAK,837,18.416,,,857088,
5.425052,NAK,837,18.416,,,857088,
5.425078,DUPACK,837,18.416,,,857088,
5.425103,NAK,837,18.416,,,857088,
5.425127,DUPACK,837,18.416,,,857088,
5.425151,NAK,837,18.416,,,857088,
5.425176,DUPACK,837,18.416,,,857088,
5.425200,NAK,837,18.416,,,857088,
5.425225,DUPACK,837,18.416,,,857088,
5.425251,NAK,837,18.416,,,857088,
5.425276,DUPACK,837,18.416,,,857088,
5.426774,RETX,837,18.416,,200.000,857088,
5.427014,RETX,838,18.416,,200.000,857088,
5.427194,RETX,839,18.416,,200.000,857088,
5.427387,RETX,840,18.416,,200.000,857088,
5.427719,RETX,841,18.416,,200.000,857088,
5.427901,RETX,842,18.416,,200.000,857088,
5.428074,RETX,843,18.416,,200.000,857088,
5.428243,RETX,844,18.416,,200.000,857088,
5.428410,RETX,845,18.416,,200.000,857088,
5.428634,RETX,846,18.416,,200.000,857088,
5.428881,RETX,847,18.416,,200.000,857088,
5.429077,SEND,848,18.416,,200.000,857088,
5.429251,SEND,849,18.416,,200.000,857088,
5.429499,SEND,850,18.416,,200.000,857088,
5.429677,SEND,851,18.416,,200.000,857088,
5.429830,SEND,852,18.416,,200.000,857088,
5.429982,SEND,853,18.416,,200.000,857088,
5.430134,SEND,854,18.416,,200.000,857088,
5.462312,NAK,837,18.416,,,857088,
5.462355,DUPACK,837,18.416,,,857088,
5.462390,ACK,838,18.470,,,858112,"cum ack, base->838"
5.462920,SEND,855,18.470,,200.000,858112,
5.470365,ACK,839,18.525,,,859136,"cum ack, base->839"
5.470685,SEND,856,18.525,,200.000,859136,
5.472174,ACK,840,18.579,,,860160,"cum ack, base->840"
5.472201,ACK,841,18.632,,,861184,"cum ack, base->841"
5.473368,SEND,857,18.632,,200.000,861184,
5.473503,SEND,858,18.632,,200.000,861184,
5.475442,ACK,842,18.686,,,862208,"cum ack, base->842"
5.475519,ACK,843,18.740,,,863232,"cum ack, base->843"
5.475557,ACK,845,18.846,,,865280,"cum ack, base->845"
5.476256,SEND,859,18.846,,200.000,865280,
5.476451,SEND,860,18.846,,200.000,865280,
5.476622,SEND,861,18.846,,200.000,865280,
5.476788,SEND,862,18.846,,200.000,865280,
5.481393,ACK,846,18.899,,,866304,"cum ack, base->846"
5.481459,ACK,847,18.952,,,867328,"cum ack, base->847"
5.481495,ACK,848,19.005,,,868352,"cum ack, base->848"
5.481991,SEND,863,19.005,,200.000,868352,
5.482201,SEND,864,19.005,,200.000,868352,
5.483624,SEND,865,19.005,,200.000,868352,
5.483814,SEND,866,19.005,,200.000,868352,
5.483948,ACK,849,19.057,,,869376,"cum ack, base->849"
5.484003,ACK,850,19.110,,,870400,"cum ack, base->850"
5.484038,ACK,851,19.162,,,871424,"cum ack, base->851"
5.484070,ACK,852,19.214,,,872448,"cum ack, base->852"
5.484102,ACK,853,19.267,,,873472,"cum ack, base->853"
5.484143,ACK,854,19.318,,,874496,"cum ack, base->854"
5.484253,ACK,855,19.370,,,875520,"cum ack, base->855"
5.486524,SEND,867,19.370,,200.000,875520,
5.486661,SEND,868,19.370,,200.000,875520,
5.486787,SEND,869,19.370,,200.000,875520,
5.486912,SEND,870,19.370,,200.000,875520,
5.487036,SEND,871,19.370,,200.000,875520,
5.487165,SEND,872,19.370,,200.000,875520,
5.487329,SEND,873,19.370,,200.000,875520,
5.487341,STATS,-1,19.370,,200.000,875520,base=855 next=874
5.504864,ACK,856,19.422,,,876544,"cum ack, base->856"
5.505289,SEND,874,19.422,,200.000,876544,
5.513388,ACK,857,19.473,,,877568,"cum ack, base->857"
5.515609,SEND,875,19.473,,200.000,877568,
5.520829,ACK,858,19.525,,,878592,"cum ack, base->858"
5.520900,ACK,859,19.576,,,879616,"cum ack, base->859"
5.520934,ACK,860,19.627,,,880640,"cum ack, base->860"
5.520966,ACK,861,19.678,,,881664,"cum ack, base->861"
5.523305,SEND,876,19.678,,200.000,881664,
5.523496,SEND,877,19.678,,200.000,881664,
5.523667,SEND,878,19.678,,200.000,881664,
5.523838,SEND,879,19.678,,200.000,881664,
5.524931,ACK,862,19.729,,,882688,"cum ack, base->862"
5.524992,ACK,863,19.779,,,883712,"cum ack, base->863"
5.525028,ACK,864,19.830,,,884736,"cum ack, base->864"
5.525077,ACK,865,19.880,,,885760,"cum ack, base->865"
5.526615,SEND,880,19.880,,200.000,885760,
5.526793,SEND,881,19.880,,200.000,885760,
5.526960,SEND,882,19.880,,200.000,885760,
5.527164,SEND,883,19.880,,200.000,885760,
5.530109,ACK,866,19.931,,,886784,"cum ack, base->866"
5.530205,ACK,867,19.981,,,887808,"cum ack, base->867"
5.530239,ACK,868,20.031,,,888832,"cum ack, base->868"
5.533659,SEND,884,20.031,,200.000,888832,
5.533841,SEND,885,20.031,,200.000,888832,
5.533989,SEND,886,20.031,,200.000,888832,
5.534136,SEND,887,20.031,,200.000,888832,
5.534215,ACK,869,20.081,,,889856,"cum ack, base->869"
5.536802,SEND,888,20.081,,200.000,889856,
5.540107,ACK,870,20.131,,,890880,"cum ack, base->870"
5.540169,ACK,871,20.180,,,891904,"cum ack, base->871"
5.540286,ACK,872,20.230,,,892928,"cum ack, base->872"
5.541140,ACK,873,20.279,,,893952,"cum ack, base->873"
5.541184,ACK,874,20.329,,,894976,"cum ack, base->874"
5.542084,SEND,889,20.329,,200.000,894976,
5.542257,SEND,890,20.329,,200.000,894976,
5.542416,SEND,891,20.329,,200.000,894976,
5.542562,SEND,892,20.329,,200.000,894976,
5.542707,SEND,893,20.329,,200.000,894976,
5.549879,ACK,875,20.378,,,896000,"cum ack, base->875"
5.550411,SEND,894,20.378,,200.000,896000,
5.564491,ACK,876,20.427,,,897024,"cum ack, base->876"
5.565053,ACK,877,20.476,,,898048,"cum ack, base->877"
5.565095,ACK,878,20.525,,,899072,"cum ack, base->878"
5.569051,SEND,895,20.525,,200.000,899072,
5.569311,SEND,896,20.525,,200.000,899072,
5.569574,SEND,897,20.525,,200.000,899072,
5.569728,ACK,879,20.573,,,900096,"cum ack, base->879"
5.569761,ACK,880,20.622,,,901120,"cum ack, base->880"
5.571861,SEND,898,20.622,,200.000,901120,
5.572010,SEND,899,20.622,,200.000,901120,
5.573653,ACK,881,20.670,,,902144,"cum ack, base->881"
5.573678,ACK,882,20.719,,,903168,"cum ack, base->882"
5.573700,ACK,883,20.767,,,904192,"cum ack, base->883"
5.574592,SEND,900,20.767,,200.000,904192,
5.574778,SEND,901,20.767,,200.000,904192,
5.574963,SEND,902,20.767,,200.000,904192,
5.575007,ACK,884,20.815,,,905216,"cum ack, base->884"
5.577936,SEND,903,20.815,,200.000,905216,
5.587516,ACK,885,20.863,,,906240,"cum ack, base->885"
5.587586,ACK,886,20.911,,,907264,"cum ack, base->886"
5.587619,ACK,887,20.959,,,908288,"cum ack, base->887"
5.587651,ACK,888,21.007,,,909312,"cum ack, base->888"
5.589070,ACK,889,21.054,,,910336,"cum ack, base->889"
5.589118,ACK,890,21.102,,,911360,"cum ack, base->890"
5.589150,ACK,891,21.149,,,912384,"cum ack, base->891"
5.589185,ACK,892,21.197,,,913408,"cum ack, base->892"
5.590434,SEND,904,21.197,,200.000,913408,
5.590735,SEND,905,21.197,,200.000,913408,
5.590875,SEND,906,21.197,,200.000,913408,
5.591003,SEND,907,21.197,,200.000,913408,
5.591129,SEND,908,21.197,,200.000,913408,
5.591259,SEND,909,21.197,,200.000,913408,
5.591385,SEND,910,21.197,,200.000,913408,
5.591510,SEND,911,21.197,,200.000,913408,
5.591635,SEND,912,21.197,,200.000,913408,
5.591643,STATS,-1,21.197,,200.000,913408,base=892 next=913
5.594596,ACK,893,21.244,,,914432,"cum ack, base->893"
5.595098,ACK,894,21.291,,,915456,"cum ack, base->894"
5.597440,SEND,913,21.291,,200.000,915456,
5.597636,SEND,914,21.291,,200.000,915456,
5.620910,NAK,894,21.291,,,915456,
5.620924,FASTRETX,894,18.925,,200.000,915456,nak
5.620957,DUPACK,894,18.925,,,915456,
5.620976,NAK,894,18.925,,,915456,
5.620995,DUPACK,894,18.925,,,915456,
5.621009,NAK,894,18.925,,,915456,
5.621024,DUPACK,894,18.925,,,915456,
5.621037,NAK,894,18.925,,,915456,
5.621051,DUPACK,894,18.925,,,915456,
5.622325,RETX,894,18.925,,200.000,915456,
5.622457,RETX,895,18.925,,200.000,915456,
5.622582,RETX,896,18.925,,200.000,915456,
5.622707,RETX,897,18.925,,200.000,915456,
5.622832,RETX,898,18.925,,200.000,915456,
5.622957,RETX,899,18.925,,200.000,915456,
5.623082,RETX,900,18.925,,200.000,915456,
5.623208,RETX,901,18.925,,200.000,915456,
5.623332,RETX,902,18.925,,200.000,915456,
5.623458,RETX,903,18.925,,200.000,915456,
5.623584,RETX,904,18.925,,200.000,915456,
5.623709,RETX,905,18.925,,200.000,915456,
5.623834,RETX,906,18.925,,200.000,915456,
5.623959,RETX,907,18.925,,200.000,915456,
5.624084,RETX,908,18.925,,200.000,915456,
5.624212,RETX,909,18.925,,200.000,915456,
5.624336,RETX,910,18.925,,200.000,915456,
5.624461,RETX,911,18.925,,200.000,915456,
5.624508,DUPACK,894,18.925,,,915456,
5.624533,NAK,894,18.925,,,915456,
5.624554,DUPACK,894,18.925,,,915456,
5.624570,DUPACK,894,18.925,,,915456,
5.627356,NAK,894,18.925,,,915456,
5.627385,DUPACK,894,18.925,,,915456,
5.627403,NAK,894,18.925,,,915456,
5.627419,DUPACK,894,18.925,,,915456,
5.627434,NAK,894,18.925,,,915456,
5.627449,DUPACK,894,18.925,,,915456,
5.631816,NAK,894,18.925,,,915456,
5.631837,DUPACK,894,18.925,,,915456,
5.631853,NAK,894,18.925,,,915456,
5.631869,DUPACK,894,18.925,,,915456,
5.634354,NAK,894,18.925,,,915456,
5.634880,DUPACK,894,18.925,,,915456,
5.634900,NAK,894,18.925,,,915456,
5.641391,DUPACK,894,18.925,,,915456,
5.641417,NAK,894,18.925,,,915456,
5.641431,NAK,894,18.925,,,915456,
5.641443,DUPACK,894,18.925,,,915456,
5.641941,NAK,894,18.925,,,915456,
5.641961,DUPACK,894,18.925,,,915456,
5.641973,NAK,894,18.925,,,915456,
5.641985,DUPACK,894,18.925,,,915456,
5.677773,ACK,895,18.978,,,916480,"cum ack, base->895"
5.677946,ACK,896,19.031,,,917504,"cum ack, base->896"
5.677990,ACK,897,19.083,,,918528,"cum ack, base->897"
5.678014,ACK,898,19.136,,,919552,"cum ack, base->898"
5.678034,ACK,899,19.188,,,920576,"cum ack, base->899"
5.678052,ACK,900,19.240,,,921600,"cum ack, base->900"
5.678099,ACK,902,19.344,,,923648,"cum ack, base->902"
5.678124,ACK,903,19.396,,,924672,"cum ack, base->903"
5.678146,ACK,904,19.447,,,925696,"cum ack, base->904"
5.678164,ACK,905,19.498,,,926720,"cum ack, base->905"
5.678178,NAK,905,19.498,,,926720,
5.678186,FASTRETX,905,19.498,,200.000,926720,nak
5.678202,DUPACK,905,19.498,,,926720,
5.678216,NAK,905,19.498,,,926720,
5.678230,NAK,905,19.498,,,926720,
5.678244,DUPACK,905,19.498,,,926720,
5.678258,NAK,905,19.498,,,926720,
5.678272,DUPACK,905,19.498,,,926720,
5.678286,NAK,905,19.498,,,926720,
5.678300,DUPACK,905,19.498,,,926720,
5.678312,NAK,905,19.498,,,926720,
5.678326,DUPACK,905,19.498,,,926720,
5.679668,RETX,905,19.498,,200.000,926720,
5.679840,RETX,906,19.498,,200.000,926720,
5.679989,RETX,907,19.498,,200.000,926720,
5.680134,RETX,908,19.498,,200.000,926720,
5.680280,RETX,909,19.498,,200.000,926720,
5.680425,RETX,910,19.498,,200.000,926720,
5.680571,RETX,911,19.498,,200.000,926720,
5.680714,RETX,912,19.498,,200.000,926720,
5.680859,RETX,913,19.498,,200.000,926720,
5.681003,RETX,914,19.498,,200.000,926720,
5.681149,SEND,915,19.498,,200.000,926720,
5.681298,SEND,916,19.498,,200.000,926720,
5.681444,SEND,917,19.498,,200.000,926720,
5.681591,SEND,918,19.498,,200.000,926720,
5.681736,SEND,919,19.498,,200.000,926720,
5.681882,SEND,920,19.498,,200.000,926720,
5.682031,SEND,921,19.498,,200.000,926720,
5.682177,SEND,922,19.498,,200.000,926720,
5.682322,SEND,923,19.498,,200.000,926720,
5.692461,STATS,-1,19.498,,200.000,926720,base=905 next=924
5.721689,NAK,905,19.498,,,926720,
5.721923,DUPACK,905,19.498,,,926720,
5.727354,NAK,905,19.498,,,926720,
5.727383,DUPACK,905,19.498,,,926720,
5.729706,NAK,905,19.498,,,926720,
5.729739,NAK,905,19.498,,,926720,
5.729759,DUPACK,905,19.498,,,926720,
5.729945,NAK,905,19.498,,,926720,
5.729963,DUPACK,905,19.498,,,926720,
5.729979,NAK,905,19.498,,,926720,
5.731268,DUPACK,905,19.498,,,926720,
5.731290,NAK,905,19.498,,,926720,
5.731306,DUPACK,905,19.498,,,926720,
5.731321,NAK,905,19.498,,,926720,
5.731336,DUPACK,905,19.498,,,926720,
5.731354,NAK,905,19.498,,,926720,
5.731369,DUPACK,905,19.498,,,926720,
5.731387,NAK,905,19.498,,,926720,
5.731401,DUPACK,905,19.498,,,926720,
5.731414,NAK,905,19.498,,,926720,
5.731427,DUPACK,905,19.498,,,926720,
5.732586,NAK,905,19.498,,,926720,
5.732607,NAK,905,19.498,,,926720,
5.732622,DUPACK,905,19.498,,,926720,
5.732787,NAK,905,19.498,,,926720,
5.732804,DUPACK,905,19.498,,,926720,
5.732818,NAK,905,19.498,,,926720,
5.732832,DUPACK,905,19.498,,,926720,
5.793446,STATS,-1,19.498,,200.000,926720,base=905 next=924
5.880869,TIMEOUT,905,19.498,,200.000,926720,timeout
5.884398,RETX,905,19.498,,200.000,926720,
5.884587,RETX,906,19.498,,200.000,926720,
5.885232,RETX,907,19.498,,200.000,926720,
5.885456,RETX,908,19.498,,200.000,926720,
5.885665,RETX,909,19.498,,200.000,926720,
5.885842,RETX,910,19.498,,200.000,926720,
5.886170,RETX,911,19.498,,200.000,926720,
5.886550,RETX,912,19.498,,200.000,926720,
5.886723,RETX,913,19.498,,200.000,926720,
5.886892,RETX,914,19.498,,200.000,926720,
5.887214,RETX,915,19.498,,200.000,926720,
5.887396,RETX,916,19.498,,200.000,926720,
5.887568,RETX,917,19.498,,200.000,926720,
5.887736,RETX,918,19.498,,200.000,926720,
5.888690,RETX,919,19.498,,200.000,926720,
5.888941,RETX,920,19.498,,200.000,926720,
5.889120,RETX,921,19.498,,200.000,926720,
5.889406,RETX,922,19.498,,200.000,926720,
5.889606,RETX,923,19.498,,200.000,926720,
5.894694,STATS,-1,19.498,,200.000,926720,base=905 next=924
5.934225,ACK,907,19.601,,,928768,"cum ack, base->907"
5.934292,ACK,908,19.652,,,929792,"cum ack, base->908"
5.936628,SEND,924,19.652,,200.000,929792,
5.936902,SEND,925,19.652,,200.000,929792,
5.937081,SEND,926,19.652,,200.000,929792,
5.937189,ACK,909,19.703,,,930816,"cum ack, base->909"
5.937237,ACK,910,19.754,,,931840,"cum ack, base->910"
5.937390,ACK,911,19.804,,,932864,"cum ack, base->911"
5.937431,ACK,912,19.855,,,933888,"cum ack, base->912"
5.937513,ACK,913,19.905,,,934912,"cum ack, base->913"
5.937547,ACK,914,19.955,,,935936,"cum ack, base->914"
5.937578,ACK,915,20.005,,,936960,"cum ack, base->915"
5.937610,ACK,916,20.055,,,937984,"cum ack, base->916"
5.937640,ACK,917,20.105,,,939008,"cum ack, base->917"
5.937674,ACK,919,20.205,,,941056,"cum ack, base->919"
5.938783,ACK,920,20.254,,,942080,"cum ack, base->920"
5.938864,ACK,921,20.303,,,943104,"cum ack, base->921"
5.938900,ACK,922,20.353,,,944128,"cum ack, base->922"
5.938931,ACK,923,20.402,,,945152,"cum ack, base->923"
5.938962,ACK,924,20.451,,,946176,"cum ack, base->924"
5.939841,SEND,927,20.451,,200.000,946176,
5.940047,SEND,928,20.451,,200.000,946176,
5.940258,SEND,929,20.451,,200.000,946176,
5.940434,SEND,930,20.451,,200.000,946176,
5.940644,SEND,931,20.451,,200.000,946176,
5.940829,SEND,932,20.451,,200.000,946176,
5.941000,SEND,933,20.451,,200.000,946176,
5.941167,SEND,934,20.451,,200.000,946176,
5.941333,SEND,935,20.451,,200.000,946176,
5.941578,SEND,936,20.451,,200.000,946176,
5.941752,SEND,937,20.451,,200.000,946176,
5.941918,SEND,938,20.451,,200.000,946176,
5.942085,SEND,939,20.451,,200.000,946176,
5.942252,SEND,940,20.451,,200.000,946176,
5.942417,SEND,941,20.451,,200.000,946176,
5.942683,SEND,942,20.451,,200.000,946176,
5.942862,SEND,943,20.451,,200.000,946176,
5.989898,ACK,925,20.500,,,947200,"cum ack, base->925"
5.989939,ACK,926,20.549,,,948224,"cum ack, base->926"
5.990353,ACK,927,20.597,,,949248,"cum ack, base->927"
5.990380,ACK,928,20.646,,,950272,"cum ack, base->928"
5.992209,SEND,944,20.646,,200.000,950272,
5.992313,SEND,945,20.646,,200.000,950272,
5.992409,SEND,946,20.646,,200.000,950272,
5.992504,SEND,947,20.646,,200.000,950272,
5.994329,ACK,929,20.694,,,951296,"cum ack, base->929"
5.994352,ACK,930,20.743,,,952320,"cum ack, base->930"
5.994373,ACK,931,20.791,,,953344,"cum ack, base->931"
5.994390,ACK,932,20.839,,,954368,"cum ack, base->932"
5.994409,ACK,933,20.887,,,955392,"cum ack, base->933"
5.994422,NAK,933,20.887,,,955392,
5.994429,FASTRETX,933,18.566,,200.000,955392,nak
5.994446,DUPACK,933,18.566,,,955392,
5.994460,NAK,933,18.566,,,955392,
5.994477,DUPACK,933,18.566,,,955392,
5.994493,NAK,933,18.566,,,955392,
5.994505,DUPACK,933,18.566,,,955392,
5.994519,NAK,933,18.566,,,955392,
5.994532,DUPACK,933,18.566,,,955392,
5.994543,NAK,933,18.566,,,955392,
5.994560,DUPACK,933,18.566,,,955392,
5.994571,NAK,933,18.566,,,955392,
5.994583,DUPACK,933,18.566,,,955392,
5.994594,NAK,933,18.566,,,955392,
5.994606,DUPACK,933,18.566,,,955392,
5.994616,NAK,933,18.566,,,955392,
5.994628,DUPACK,933,18.566,,,955392,
5.994638,NAK,933,18.566,,,955392,
5.994650,DUPACK,933,18.566,,,955392,
5.995145,RETX,933,18.566,,200.000,955392,
5.995262,RETX,934,18.566,,200.000,955392,
5.995372,RETX,935,18.566,,200.000,955392,
5.995482,RETX,936,18.566,,200.000,955392,
5.995590,RETX,937,18.566,,200.000,955392,
5.995698,RETX,938,18.566,,200.000,955392,
5.995806,RETX,939,18.566,,200.000,955392,
5.995913,RETX,940,18.566,,200.000,955392,
5.996020,RETX,941,18.566,,200.000,955392,
5.996128,RETX,942,18.566,,200.000,955392,
5.996236,RETX,943,18.566,,200.000,955392,
5.996343,RETX,944,18.566,,200.000,955392,
5.996450,RETX,945,18.566,,200.000,955392,
5.996557,RETX,946,18.566,,200.000,955392,
5.996664,RETX,947,18.566,,200.000,955392,
5.996773,SEND,948,18.566,,200.000,955392,
5.996882,SEND,949,18.566,,200.000,955392,
5.996989,SEND,950,18.566,,200.000,955392,
5.996995,STATS,-1,18.566,,200.000,955392,base=933 next=951
6.045223,DUPACK,933,18.566,,,955392,
6.045286,NAK,933,18.566,,,955392,
6.045318,DUPACK,933,18.566,,,955392,
6.045346,NAK,933,18.566,,,955392,
6.045372,DUPACK,933,18.566,,,955392,
6.045415,ACK,934,18.620,,,956416,"cum ack, base->934"
6.045448,ACK,935,18.674,,,957440,"cum ack, base->935"
6.045525,ACK,936,18.727,,,958464,"cum ack, base->936"
6.047282,SEND,951,18.727,,200.000,958464,
6.047467,SEND,952,18.727,,200.000,958464,
6.047635,SEND,953,18.727,,200.000,958464,
6.047951,ACK,937,18.781,,,959488,"cum ack, base->937"
6.048006,ACK,938,18.834,,,960512,"cum ack, base->938"
6.048039,ACK,939,18.887,,,961536,"cum ack, base->939"
6.048070,ACK,940,18.940,,,962560,"cum ack, base->940"
6.048101,ACK,941,18.993,,,963584,"cum ack, base->941"
6.048132,ACK,942,19.045,,,964608,"cum ack, base->942"
6.048157,NAK,942,19.045,,,964608,
6.048182,FASTRETX,942,19.045,,200.000,964608,nak
6.048229,DUPACK,942,19.045,,,964608,
6.048261,NAK,942,19.045,,,964608,
6.048320,DUPACK,942,19.045,,,964608,
6.048362,NAK,942,19.045,,,964608,
6.048392,DUPACK,942,19.045,,,964608,
6.048451,NAK,942,19.045,,,964608,
6.048478,DUPACK,942,19.045,,,964608,
6.048502,NAK,942,19.045,,,964608,
6.048527,DUPACK,942,19.045,,,964608,
6.048553,NAK,942,19.045,,,964608,
6.048579,DUPACK,942,19.045,,,964608,
6.048602,NAK,942,19.045,,,964608,
6.048627,DUPACK,942,19.045,,,964608,
6.050562,RETX,942,19.045,,200.000,964608,
6.050808,RETX,943,19.045,,200.000,964608,
6.050981,RETX,944,19.045,,200.000,964608,
6.051149,RETX,945,19.045,,200.000,964608,
6.051321,RETX,946,19.045,,200.000,964608,
6.051488,RETX,947,19.045,,200.000,964608,
6.051656,RETX,948,19.045,,200.000,964608,
6.052456,RETX,949,19.045,,200.000,964608,
6.052596,RETX,950,19.045,,200.000,964608,
6.052696,RETX,951,19.045,,200.000,964608,
6.052792,RETX,952,19.045,,200.000,964608,
6.052887,RETX,953,19.045,,200.000,964608,
6.052986,SEND,954,19.045,,200.000,964608,
6.053080,SEND,955,19.045,,200.000,964608,
6.053176,SEND,956,19.045,,200.000,964608,
6.053274,SEND,957,19.045,,200.000,964608,
6.053371,SEND,958,19.045,,200.000,964608,
6.053465,SEND,959,19.045,,200.000,964608,
6.053561,SEND,960,19.045,,200.000,964608,
6.084983,NAK,942,19.045,,,964608,
6.085119,DUPACK,942,19.045,,,964608,
6.088844,NAK,942,19.045,,,964608,
6.090638,DUPACK,942,19.045,,,964608,
6.097176,NAK,942,19.045,,,964608,
6.097240,DUPACK,942,19.045,,,964608,
6.097288,ACK,943,19.098,,,965632,"cum ack, base->943"
6.097322,ACK,944,19.150,,,966656,"cum ack, base->944"
6.097354,ACK,945,19.202,,,967680,"cum ack, base->945"
6.097385,ACK,946,19.255,,,968704,"cum ack, base->946"
6.097416,ACK,947,19.306,,,969728,"cum ack, base->947"
6.097446,ACK,948,19.358,,,970752,"cum ack, base->948"
6.097477,ACK,949,19.410,,,971776,"cum ack, base->949"
6.097923,SEND,961,19.410,,200.000,971776,
6.098109,SEND,962,19.410,,200.000,971776,
6.098279,SEND,963,19.410,,200.000,971776,
6.098445,SEND,964,19.410,,200.000,971776,
6.098613,SEND,965,19.410,,200.000,971776,
6.100727,SEND,966,19.410,,200.000,971776,
6.100960,SEND,967,19.410,,200.000,971776,
6.101033,STATS,-1,19.410,,200.000,971776,base=949 next=968
6.102954,ACK,951,19.513,,,973824,"cum ack, base->951"
6.103019,ACK,952,19.564,,,974848,"cum ack, base->952"
6.103053,ACK,953,19.615,,,975872,"cum ack, base->953"
6.103829,SEND,968,19.615,,200.000,975872,
6.104016,SEND,969,19.615,,200.000,975872,
6.104184,SEND,970,19.615,,200.000,975872,
6.104350,SEND,971,19.615,,200.000,975872,
6.104672,ACK,954,19.666,,,976896,"cum ack, base->954"
6.104741,ACK,955,19.717,,,977920,"cum ack, base->955"
6.104808,NAK,955,19.717,,,977920,
6.104834,FASTRETX,955,17.526,,200.000,977920,nak
6.104894,DUPACK,955,17.526,,,977920,
6.104923,NAK,955,17.526,,,977920,
6.104950,DUPACK,955,17.526,,,977920,
6.104980,NAK,955,17.526,,,977920,
6.105005,NAK,955,17.526,,,977920,
6.105029,DUPACK,955,17.526,,,977920,
6.105053,NAK,955,17.526,,,977920,
6.105078,DUPACK,955,17.526,,,977920,
6.107146,RETX,955,17.526,,200.000,977920,
6.107343,RETX,956,17.526,,200.000,977920,
6.107667,RETX,957,17.526,,200.000,977920,
6.107838,RETX,958,17.526,,200.000,977920,
6.108010,RETX,959,17.526,,200.000,977920,
6.108179,RETX,960,17.526,,200.000,977920,
6.108345,RETX,961,17.526,,200.000,977920,
6.108515,RETX,962,17.526,,200.000,977920,
6.108684,RETX,963,17.526,,200.000,977920,
6.108907,RETX,964,17.526,,200.000,977920,
6.109128,RETX,965,17.526,,200.000,977920,
6.109663,RETX,966,17.526,,200.000,977920,
6.109838,RETX,967,17.526,,200.000,977920,
6.110044,RETX,968,17.526,,200.000,977920,
6.110245,RETX,969,17.526,,200.000,977920,
6.110439,RETX,970,17.526,,200.000,977920,
6.110613,RETX,971,17.526,,200.000,977920,
6.147114,NAK,955,17.526,,,977920,
6.147156,DUPACK,955,17.526,,,977920,
6.147175,NAK,955,17.526,,,977920,
6.147193,DUPACK,955,17.526,,,977920,
6.147208,NAK,955,17.526,,,977920,
6.147223,DUPACK,955,17.526,,,977920,
6.147238,DUPACK,955,17.526,,,977920,
6.147251,NAK,955,17.526,,,977920,
6.147265,DUPACK,955,17.526,,,977920,
6.147279,NAK,955,17.526,,,977920,
6.148522,DUPACK,955,17.526,,,977920,
6.148592,NAK,955,17.526,,,977920,
6.148615,DUPACK,955,17.526,,,977920,
6.148631,NAK,955,17.526,,,977920,
6.148648,DUPACK,955,17.526,,,977920,
6.148663,NAK,955,17.526,,,977920,
6.149208,DUPACK,955,17.526,,,977920,
6.149235,NAK,955,17.526,,,977920,
6.153835,DUPACK,955,17.526,,,977920,
6.154604,NAK,955,17.526,,,977920,
6.154682,ACK,956,17.583,,,978944,"cum ack, base->956"
6.154720,ACK,958,17.697,,,980992,"cum ack, base->958"
6.155615,NAK,958,17.697,,,980992,
6.155638,FASTRETX,958,17.697,,200.000,980992,nak
6.155718,DUPACK,958,17.697,,,980992,
6.155754,NAK,958,17.697,,,980992,
6.156435,RETX,958,17.697,,200.000,980992,
6.156616,RETX,959,17.697,,200.000,980992,
6.156828,RETX,960,17.697,,200.000,980992,
6.157006,RETX,961,17.697,,200.000,980992,
6.157676,RETX,962,17.697,,200.000,980992,
6.157858,RETX,963,17.697,,200.000,980992,
6.158027,RETX,964,17.697,,200.000,980992,
6.158196,RETX,965,17.697,,200.000,980992,
6.158427,RETX,966,17.697,,200.000,980992,
6.158605,RETX,967,17.697,,200.000,980992,
6.158741,RETX,968,17.697,,200.000,980992,
6.158869,RETX,969,17.697,,200.000,980992,
6.158994,RETX,970,17.697,,200.000,980992,
6.159118,RETX,971,17.697,,200.000,980992,
6.159242,SEND,972,17.697,,200.000,980992,
6.159368,SEND,973,17.697,,200.000,980992,
6.159493,SEND,974,17.697,,200.000,980992,
6.159562,DUPACK,958,17.697,,,980992,
6.159591,NAK,958,17.697,,,980992,
6.159611,DUPACK,958,17.697,,,980992,
6.159628,NAK,958,17.697,,,980992,
6.159643,DUPACK,958,17.697,,,980992,
6.159658,NAK,958,17.697,,,980992,
6.159672,NAK,958,17.697,,,980992,
6.159686,DUPACK,958,17.697,,,980992,
6.159699,NAK,958,17.697,,,980992,
6.159713,DUPACK,958,17.697,,,980992,
6.162160,NAK,958,17.697,,,980992,
6.162186,DUPACK,958,17.697,,,980992,
6.162207,DUPACK,958,17.697,,,980992,
6.162225,DUPACK,958,17.697,,,980992,
6.162241,NAK,958,17.697,,,980992,
6.162255,DUPACK,958,17.697,,,980992,
6.162269,NAK,958,17.697,,,980992,
6.162283,DUPACK,958,17.697,,,980992,
6.162296,NAK,958,17.697,,,980992,
6.162309,DUPACK,958,17.697,,,980992,
6.201593,ACK,959,17.753,,,982016,"cum ack, base->959"
6.202633,SEND,975,17.753,,200.000,982016,
6.202656,STATS,-1,17.753,,200.000,982016,base=959 next=976
6.211189,ACK,960,17.810,,,983040,"cum ack, base->960"
6.211221,ACK,961,17.866,,,984064,"cum ack, base->961"
6.211239,ACK,962,17.922,,,985088,"cum ack, base->962"
6.211255,ACK,963,17.978,,,986112,"cum ack, base->963"
6.211271,ACK,965,18.089,,,988160,"cum ack, base->965"
6.211286,ACK,966,18.144,,,989184,"cum ack, base->966"
6.211301,ACK,967,18.199,,,990208,"cum ack, base->967"
6.212235,NAK,967,18.199,,,990208,
6.212243,FASTRETX,967,18.199,,200.000,990208,nak
6.212259,DUPACK,967,18.199,,,990208,
6.212855,RETX,967,18.199,,200.000,990208,
6.212968,RETX,968,18.199,,200.000,990208,
6.213077,RETX,969,18.199,,200.000,990208,
6.213186,RETX,970,18.199,,200.000,990208,
6.213293,RETX,971,18.199,,200.000,990208,
6.213401,RETX,972,18.199,,200.000,990208,
6.213508,RETX,973,18.199,,200.000,990208,
6.213616,RETX,974,18.199,,200.000,990208,
6.213723,RETX,975,18.199,,200.000,990208,
6.213831,SEND,976,18.199,,200.000,990208,
6.213939,SEND,977,18.199,,200.000,990208,
6.214048,SEND,978,18.199,,200.000,990208,
6.214158,SEND,979,18.199,,200.000,990208,
6.214266,SEND,980,18.199,,200.000,990208,
6.214377,SEND,981,18.199,,200.000,990208,
6.214486,SEND,982,18.199,,200.000,990208,
6.214593,SEND,983,18.199,,200.000,990208,
6.214701,SEND,984,18.199,,200.000,990208,
6.214728,NAK,967,18.199,,,990208,
6.214747,DUPACK,967,18.199,,,990208,
6.214762,NAK,967,18.199,,,990208,
6.214805,DUPACK,967,18.199,,,990208,
6.214833,NAK,967,18.199,,,990208,
6.214851,DUPACK,967,18.199,,,990208,
6.214864,NAK,967,18.199,,,990208,
6.214877,DUPACK,967,18.199,,,990208,
6.214889,NAK,967,18.199,,,990208,
6.214901,DUPACK,967,18.199,,,990208,
6.214915,NAK,967,18.199,,,990208,
6.214927,DUPACK,967,18.199,,,990208,
6.243207,NAK,967,18.199,,,990208,
6.245423,ACK,968,18.254,,,991232,"cum ack, base->968"
6.246052,SEND,985,18.254,,200.000,991232,
6.250124,ACK,970,18.363,,,993280,"cum ack, base->970"
6.251500,SEND,986,18.363,,200.000,993280,
6.251624,SEND,987,18.363,,200.000,993280,
6.259192,ACK,971,18.418,,,994304,"cum ack, base->971"
6.259348,SEND,988,18.418,,200.000,994304,
6.259400,ACK,972,18.472,,,995328,"cum ack, base->972"
6.259428,ACK,973,18.526,,,996352,"cum ack, base->973"
6.259447,ACK,974,18.580,,,997376,"cum ack, base->974"
6.259803,ACK,975,18.634,,,998400,"cum ack, base->975"
6.262132,SEND,989,18.634,,200.000,998400,
6.262345,SEND,990,18.634,,200.000,998400,
6.262520,SEND,991,18.634,,200.000,998400,
6.262759,SEND,992,18.634,,200.000,998400,
6.267384,ACK,976,18.688,,,999424,"cum ack, base->976"
6.267458,ACK,977,18.741,,,1000448,"cum ack, base->977"
6.267592,ACK,978,18.795,,,1001472,"cum ack, base->978"
6.267848,SEND,993,18.795,,200.000,1001472,
6.268028,SEND,994,18.795,,200.000,1001472,
6.268163,SEND,995,18.795,,200.000,1001472,
6.268247,ACK,979,18.848,,,1002496,"cum ack, base->979"
6.268284,ACK,980,18.901,,,1003520,"cum ack, base->980"
6.268305,ACK,981,18.954,,,1004544,"cum ack, base->981"
6.268323,ACK,982,19.007,,,1005568,"cum ack, base->982"
6.268339,ACK,983,19.059,,,1006592,"cum ack, base->983"
6.268354,ACK,984,19.112,,,1007616,"cum ack, base->984"
6.268369,ACK,985,19.164,,,1008640,"cum ack, base->985"
6.270833,SEND,996,19.164,,200.000,1008640,
6.270951,SEND,997,19.164,,200.000,1008640,
6.271059,SEND,998,19.164,,200.000,1008640,
6.271168,SEND,999,19.164,,200.000,1008640,
6.271275,SEND,1000,19.164,,200.000,1008640,
6.271385,SEND,1001,19.164,,200.000,1008640,
6.271490,SEND,1002,19.164,,200.000,1008640,
6.271598,SEND,1003,19.164,,200.000,1008640,
6.290562,ACK,986,19.216,,,1009664,"cum ack, base->986"
6.292099,SEND,1004,19.216,,200.000,1009664,
6.295563,ACK,987,19.268,,,1010688,"cum ack, base->987"
6.296663,ACK,988,19.320,,,1011712,"cum ack, base->988"
6.296896,SEND,1005,19.320,,200.000,1011712,
6.297069,SEND,1006,19.320,,200.000,1011712,
6.298954,ACK,989,19.372,,,1012736,"cum ack, base->989"
6.299686,SEND,1007,19.372,,200.000,1012736,
6.304766,STATS,-1,19.372,,200.000,1012736,base=989 next=1008
6.309704,ACK,990,19.423,,,1013760,"cum ack, base->990"
6.309979,SEND,1008,19.423,,200.000,1013760,
6.310077,ACK,991,19.475,,,1014784,"cum ack, base->991"
6.311077,ACK,992,19.526,,,1015808,"cum ack, base->992"
6.311901,ACK,993,19.578,,,1016832,"cum ack, base->993"
6.311956,ACK,995,19.680,,,1018880,"cum ack, base->995"
6.311990,ACK,996,19.730,,,1019904,"cum ack, base->996"
6.312469,SEND,1009,19.730,,200.000,1019904,
6.312721,SEND,1010,19.730,,200.000,1019904,
6.312895,SEND,1011,19.730,,200.000,1019904,
6.313084,SEND,1012,19.730,,200.000,1019904,
6.313250,SEND,1013,19.730,,200.000,1019904,
6.313422,SEND,1014,19.730,,200.000,1019904,
6.318959,ACK,997,19.781,,,1020928,"cum ack, base->997"
6.319042,ACK,998,19.832,,,1021952,"cum ack, base->998"
6.319681,SEND,1015,19.832,,200.000,1021952,
6.319905,SEND,1016,19.832,,200.000,1021952,
6.320162,ACK,999,19.882,,,1022976,"cum ack, base->999"
6.320209,ACK,1000,19.932,,,1024000,"cum ack, base->1000"
6.320242,ACK,1001,19.982,,,1025024,"cum ack, base->1001"
6.320274,ACK,1002,20.033,,,1026048,"cum ack, base->1002"
6.320301,NAK,1002,20.033,,,1026048,
6.320314,FASTRETX,1002,17.807,,200.000,1026048,nak
6.322688,RETX,1002,17.807,,200.000,1026048,
6.322882,RETX,1003,17.807,,200.000,1026048,
6.323049,RETX,1004,17.807,,200.000,1026048,
6.323247,RETX,1005,17.807,,200.000,1026048,
6.323414,RETX,1006,17.807,,200.000,1026048,
6.323582,RETX,1007,17.807,,200.000,1026048,
6.323751,RETX,1008,17.807,,200.000,1026048,
6.323917,RETX,1009,17.807,,200.000,1026048,
6.324086,RETX,1010,17.807,,200.000,1026048,
6.324256,RETX,1011,17.807,,200.000,1026048,
6.324424,RETX,1012,17.807,,200.000,1026048,
6.324590,RETX,1013,17.807,,200.000,1026048,
6.324758,RETX,1014,17.807,,200.000,1026048,
6.324925,RETX,1015,17.807,,200.000,1026048,
6.325115,RETX,1016,17.807,,200.000,1026048,
6.325242,SEND,1017,17.807,,200.000,1026048,
6.325351,SEND,1018,17.807,,200.000,1026048,
6.325430,DUPACK,1002,17.807,,,1026048,
6.327409,NAK,1002,17.807,,,1026048,
6.327449,DUPACK,1002,17.807,,,1026048,
6.334876,NAK,1002,17.807,,,1026048,
6.337992,DUPACK,1002,17.807,,,1026048,
6.340112,NAK,1002,17.807,,,1026048,
6.340802,NAK,1002,17.807,,,1026048,
6.342767,DUPACK,1002,17.807,,,1026048,
6.351453,NAK,1002,17.807,,,1026048,
6.351480,DUPACK,1002,17.807,,,1026048,
6.351495,NAK,1002,17.807,,,1026048,
6.351510,DUPACK,1002,17.807,,,1026048,
6.353277,NAK,1002,17.807,,,1026048,
6.353301,DUPACK,1002,17.807,,,1026048,
6.353316,NAK,1002,17.807,,,1026048,
6.354418,DUPACK,1002,17.807,,,1026048,
6.356319,NAK,1002,17.807,,,1026048,
6.356342,DUPACK,1002,17.807,,,1026048,
6.356357,NAK,1002,17.807,,,1026048,
6.356433,DUPACK,1002,17.807,,,1026048,
6.356450,DUPACK,1002,17.807,,,1026048,
6.363214,NAK,1002,17.807,,,1026048,
6.367844,ACK,1003,17.863,,,1027072,"cum ack, base->1003"
6.369373,ACK,1004,17.919,,,1028096,"cum ack, base->1004"
6.369644,SEND,1019,17.919,,200.000,1028096,
6.369835,SEND,1020,17.919,,200.000,1028096,
6.369892,ACK,1005,17.975,,,1029120,"cum ack, base->1005"
6.369984,ACK,1006,18.030,,,1030144,"cum ack, base->1006"
6.370032,ACK,1007,18.086,,,1031168,"cum ack, base->1007"
6.370068,ACK,1008,18.141,,,1032192,"cum ack, base->1008"
6.370100,ACK,1009,18.196,,,1033216,"cum ack, base->1009"
6.370132,ACK,1010,18.251,,,1034240,"cum ack, base->1010"
6.370162,ACK,1011,18.306,,,1035264,"cum ack, base->1011"
6.372628,SEND,1021,18.306,,200.000,1035264,
6.372816,SEND,1022,18.306,,200.000,1035264,
6.372988,SEND,1023,18.306,,200.000,1035264,
6.373157,SEND,1024,18.306,,200.000,1035264,
6.373327,SEND,1025,18.306,,200.000,1035264,
6.373563,SEND,1026,18.306,,200.000,1035264,
6.373780,SEND,1027,18.306,,200.000,1035264,
6.373950,SEND,1028,18.306,,200.000,1035264,
6.375061,ACK,1012,18.361,,,1036288,"cum ack, base->1012"
6.375120,ACK,1013,18.415,,,1037312,"cum ack, base->1013"
6.375157,ACK,1014,18.469,,,1038336,"cum ack, base->1014"
6.375192,ACK,1015,18.523,,,1039360,"cum ack, base->1015"
6.375223,ACK,1016,18.577,,,1040384,"cum ack, base->1016"
6.375262,ACK,1017,18.631,,,1041408,"cum ack, base->1017"
6.375296,ACK,1018,18.685,,,1042432,"cum ack, base->1018"
6.375327,ACK,1019,18.738,,,1043456,"cum ack, base->1019"
6.376728,SEND,1029,18.738,,200.000,1043456,
6.376912,SEND,1030,18.738,,200.000,1043456,
6.377085,SEND,1031,18.738,,200.000,1043456,
6.377264,SEND,1032,18.738,,200.000,1043456,
6.377479,SEND,1033,18.738,,200.000,1043456,
6.377658,SEND,1034,18.738,,200.000,1043456,
6.377829,SEND,1035,18.738,,200.000,1043456,
6.377999,SEND,1036,18.738,,200.000,1043456,
6.405307,STATS,-1,18.738,,200.000,1043456,base=1019 next=1037
6.410684,ACK,1020,18.792,,,1044480,"cum ack, base->1020"
6.412506,ACK,1021,18.845,,,1045504,"cum ack, base->1021"
6.413102,SEND,1037,18.845,,200.000,1045504,
6.413286,SEND,1038,18.845,,200.000,1045504,
6.422956,ACK,1022,18.898,,,1046528,"cum ack, base->1022"
6.423521,SEND,1039,18.898,,200.000,1046528,
6.426522,ACK,1023,18.951,,,1047552,"cum ack, base->1023"
6.426637,ACK,1024,19.004,,,1048576,"cum ack, base->1024"
6.426676,ACK,1025,19.056,,,1049600,"cum ack, base->1025"
6.426708,ACK,1026,19.109,,,1050624,"cum ack, base->1026"
6.426739,ACK,1027,19.161,,,1051648,"cum ack, base->1027"
6.426770,ACK,1028,19.213,,,1052672,"cum ack, base->1028"
6.426801,ACK,1029,19.265,,,1053696,"cum ack, base->1029"
6.426831,ACK,1030,19.317,,,1054720,"cum ack, base->1030"
6.426864,ACK,1033,19.472,,,1057792,"cum ack, base->1033"
6.427284,ACK,1034,19.524,,,1058816,"cum ack, base->1034"
6.427332,ACK,1035,19.575,,,1059840,"cum ack, base->1035"
6.427367,ACK,1036,19.626,,,1060864,"cum ack, base->1036"
6.428852,SEND,1040,19.626,,200.000,1060864,
6.429042,SEND,1041,19.626,,200.000,1060864,
6.429211,SEND,1042,19.626,,200.000,1060864,
6.429379,SEND,1043,19.626,,200.000,1060864,
6.429551,SEND,1044,19.626,,200.000,1060864,
6.429762,SEND,1045,19.626,,200.000,1060864,
6.430012,SEND,1046,19.626,,200.000,1060864,
6.430196,SEND,1047,19.626,,200.000,1060864,
6.430363,SEND,1048,19.626,,200.000,1060864,
6.430530,SEND,1049,19.626,,200.000,1060864,
6.430698,SEND,1050,19.626,,200.000,1060864,
6.430865,SEND,1051,19.626,,200.000,1060864,
6.431033,SEND,1052,19.626,,200.000,1060864,
6.431214,SEND,1053,19.626,,200.000,1060864,
6.431384,SEND,1054,19.626,,200.000,1060864,
6.431526,ACK,1037,19.677,,,1061888,"cum ack, base->1037"
6.434123,SEND,1055,19.677,,200.000,1061888,
6.450314,ACK,1038,19.728,,,1062912,"cum ack, base->1038"
6.452809,SEND,1056,19.728,,200.000,1062912,
6.458262,ACK,1039,19.778,,,1063936,"cum ack, base->1039"
6.458321,ACK,1040,19.829,,,1064960,"cum ack, base->1040"
6.460176,SEND,1057,19.829,,200.000,1064960,
6.460363,SEND,1058,19.829,,200.000,1064960,
6.473730,ACK,1041,19.879,,,1065984,"cum ack, base->1041"
6.473810,ACK,1042,19.930,,,1067008,"cum ack, base->1042"
6.473858,ACK,1043,19.980,,,1068032,"cum ack, base->1043"
6.473894,ACK,1044,20.030,,,1069056,"cum ack, base->1044"
6.475837,SEND,1059,20.030,,200.000,1069056,
6.476033,SEND,1060,20.030,,200.000,1069056,
6.476223,SEND,1061,20.030,,200.000,1069056,
6.476389,SEND,1062,20.030,,200.000,1069056,
6.476556,SEND,1063,20.030,,200.000,1069056,
6.477478,ACK,1045,20.080,,,1070080,"cum ack, base->1045"
6.477531,ACK,1046,20.130,,,1071104,"cum ack, base->1046"
6.477565,ACK,1047,20.179,,,1072128,"cum ack, base->1047"
6.479006,SEND,1064,20.179,,200.000,1072128,
6.479196,SEND,1065,20.179,,200.000,1072128,
6.479372,SEND,1066,20.179,,200.000,1072128,
6.479552,ACK,1048,20.229,,,1073152,"cum ack, base->1048"
6.479812,NAK,1048,20.229,,,1073152,
6.479829,FASTRETX,1048,17.981,,200.000,1073152,nak
6.479864,DUPACK,1048,17.981,,,1073152,
6.479890,NAK,1048,17.981,,,1073152,
6.480172,DUPACK,1048,17.981,,,1073152,
6.480203,NAK,1048,17.981,,,1073152,
6.480229,DUPACK,1048,17.981,,,1073152,
6.480254,NAK,1048,17.981,,,1073152,
6.480280,DUPACK,1048,17.981,,,1073152,
6.480304,NAK,1048,17.981,,,1073152,
6.480329,DUPACK,1048,17.981,,,1073152,
6.480354,NAK,1048,17.981,,,1073152,
6.482166,RETX,1048,17.981,,200.000,1073152,
6.482352,RETX,1049,17.981,,200.000,1073152,
6.482523,RETX,1050,17.981,,200.000,1073152,
6.482690,RETX,1051,17.981,,200.000,1073152,
6.482896,RETX,1052,17.981,,200.000,1073152,
6.483078,RETX,1053,17.981,,200.000,1073152,
6.483292,RETX,1054,17.981,,200.000,1073152,
6.483462,RETX,1055,17.981,,200.000,1073152,
6.483628,RETX,1056,17.981,,200.000,1073152,
6.483847,RETX,1057,17.981,,200.000,1073152,
6.484048,RETX,1058,17.981,,200.000,1073152,
6.484215,RETX,1059,17.981,,200.000,1073152,
6.484383,RETX,1060,17.981,,200.000,1073152,
6.484616,RETX,1061,17.981,,200.000,1073152,
6.484867,RETX,1062,17.981,,200.000,1073152,
6.485044,RETX,1063,17.981,,200.000,1073152,
6.485443,RETX,1064,17.981,,200.000,1073152,
6.485543,NAK,1048,17.981,,,1073152,
6.485583,DUPACK,1048,17.981,,,1073152,
6.502649,NAK,1048,17.981,,,1073152,
6.502730,DUPACK,1048,17.981,,,1073152,
6.505973,NAK,1048,17.981,,,1073152,
6.507191,STATS,-1,17.981,,200.000,1073152,base=1048 next=1065
6.509367,DUPACK,1048,17.981,,,1073152,
6.512786,NAK,1048,17.981,,,1073152,
6.516897,NAK,1048,17.981,,,1073152,
6.526954,NAK,1048,17.981,,,1073152,
6.527012,DUPACK,1048,17.981,,,1073152,
6.527039,NAK,1048,17.981,,,1073152,
6.527065,DUPACK,1048,17.981,,,1073152,
6.528650,NAK,1048,17.981,,,1073152,
6.528677,DUPACK,1048,17.981,,,1073152,
6.528688,NAK,1048,17.981,,,1073152,
6.528698,DUPACK,1048,17.981,,,1073152,
6.528706,NAK,1048,17.981,,,1073152,
6.529385,DUPACK,1048,17.981,,,1073152,
6.529398,NAK,1048,17.981,,,1073152,
6.529410,DUPACK,1048,17.981,,,1073152,
6.529426,ACK,1049,18.037,,,1074176,"cum ack, base->1049"
6.529438,ACK,1050,18.092,,,1075200,"cum ack, base->1050"
6.529448,ACK,1051,18.148,,,1076224,"cum ack, base->1051"
6.529459,ACK,1052,18.203,,,1077248,"cum ack, base->1052"
6.529468,ACK,1053,18.258,,,1078272,"cum ack, base->1053"
6.529919,RETX,1065,18.258,,200.000,1078272,
6.530146,RETX,1066,18.258,,200.000,1078272,
6.530318,SEND,1067,18.258,,200.000,1078272,
6.530505,SEND,1068,18.258,,200.000,1078272,
6.530669,SEND,1069,18.258,,200.000,1078272,
6.530840,SEND,1070,18.258,,200.000,1078272,
6.533813,ACK,1054,18.312,,,1079296,"cum ack, base->1054"
6.533881,ACK,1055,18.367,,,1080320,"cum ack, base->1055"
6.533917,ACK,1056,18.421,,,1081344,"cum ack, base->1056"
6.533950,ACK,1057,18.476,,,1082368,"cum ack, base->1057"
6.533981,ACK,1058,18.530,,,1083392,"cum ack, base->1058"
6.534072,ACK,1059,18.584,,,1084416,"cum ack, base->1059"
6.536369,SEND,1071,18.584,,200.000,1084416,
6.536587,SEND,1072,18.584,,200.000,1084416,
6.536799,SEND,1073,18.584,,200.000,1084416,
6.536978,SEND,1074,18.584,,200.000,1084416,
6.537146,SEND,1075,18.584,,200.000,1084416,
6.537343,SEND,1076,18.584,,200.000,1084416,
6.537442,ACK,1060,18.638,,,1085440,"cum ack, base->1060"
6.537505,ACK,1061,18.691,,,1086464,"cum ack, base->1061"
6.537537,ACK,1062,18.745,,,1087488,"cum ack, base->1062"
6.537568,ACK,1063,18.798,,,1088512,"cum ack, base->1063"
6.537601,ACK,1064,18.851,,,1089536,"cum ack, base->1064"
6.537631,ACK,1065,18.904,,,1090560,"cum ack, base->1065"
6.540096,SEND,1077,18.904,,200.000,1090560,
6.540306,SEND,1078,18.904,,200.000,1090560,
6.540500,SEND,1079,18.904,,200.000,1090560,
6.540687,SEND,1080,18.904,,200.000,1090560,
6.541017,SEND,1081,18.904,,200.000,1090560,
6.541232,SEND,1082,18.904,,200.000,1090560,
6.576869,ACK,1066,18.957,,,1091584,"cum ack, base->1066"
6.577125,SEND,1083,18.957,,200.000,1091584,
6.579945,ACK,1067,19.010,,,1092608,"cum ack, base->1067"
6.580944,ACK,1068,19.063,,,1093632,"cum ack, base->1068"
6.580997,ACK,1069,19.115,,,1094656,"cum ack, base->1069"
6.581027,NAK,1069,19.115,,,1094656,
6.581040,FASTRETX,1069,16.991,,200.000,1094656,nak
6.581072,DUPACK,1069,16.991,,,1094656,
6.581098,NAK,1069,16.991,,,1094656,
6.581124,DUPACK,1069,16.991,,,1094656,
6.581148,NAK,1069,16.991,,,1094656,
6.581174,DUPACK,1069,16.991,,,1094656,
6.581555,NAK,1069,16.991,,,1094656,
6.583566,RETX,1069,16.991,,200.000,1094656,
6.583756,RETX,1070,16.991,,200.000,1094656,
6.583925,RETX,1071,16.991,,200.000,1094656,
6.584092,RETX,1072,16.991,,200.000,1094656,
6.584279,RETX,1073,16.991,,200.000,1094656,
6.584450,RETX,1074,16.991,,200.000,1094656,
6.584802,RETX,1075,16.991,,200.000,1094656,
6.584905,RETX,1076,16.991,,200.000,1094656,
6.584993,RETX,1077,16.991,,200.000,1094656,
6.585079,RETX,1078,16.991,,200.000,1094656,
6.585438,RETX,1079,16.991,,200.000,1094656,
6.585612,RETX,1080,16.991,,200.000,1094656,
6.585763,RETX,1081,16.991,,200.000,1094656,
6.586044,RETX,1082,16.991,,200.000,1094656,
6.586137,RETX,1083,16.991,,200.000,1094656,
6.586223,SEND,1084,16.991,,200.000,1094656,
6.586258,DUPACK,1069,16.991,,,1094656,
6.586303,NAK,1069,16.991,,,1094656,
6.586320,DUPACK,1069,16.991,,,1094656,
6.588209,NAK,1069,16.991,,,1094656,
6.588234,DUPACK,1069,16.991,,,1094656,
6.588247,NAK,1069,16.991,,,1094656,
6.588259,DUPACK,1069,16.991,,,1094656,
6.588269,NAK,1069,16.991,,,1094656,
6.588280,DUPACK,1069,16.991,,,1094656,
6.588290,NAK,1069,16.991,,,1094656,
6.588299,DUPACK,1069,16.991,,,1094656,
6.588309,NAK,1069,16.991,,,1094656,
6.588318,DUPACK,1069,16.991,,,1094656,
6.593716,NAK,1069,16.991,,,1094656,
6.593737,DUPACK,1069,16.991,,,1094656,
6.593750,NAK,1069,16.991,,,1094656,
6.593761,DUPACK,1069,16.991,,,1094656,
6.593771,NAK,1069,16.991,,,1094656,
6.593781,DUPACK,1069,16.991,,,1094656,
6.608787,STATS,-1,16.991,,200.000,1094656,base=1069 next=1085
6.620366,NAK,1069,16.991,,,1094656,
6.620995,DUPACK,1069,16.991,,,1094656,
6.630305,ACK,1070,17.050,,,1095680,"cum ack, base->1070"
6.631096,SEND,1085,17.050,,200.000,1095680,
6.631333,SEND,1086,17.050,,200.000,1095680,
6.634216,ACK,1071,17.109,,,1096704,"cum ack, base->1071"
6.634281,ACK,1072,17.167,,,1097728,"cum ack, base->1072"
6.634318,ACK,1073,17.225,,,1098752,"cum ack, base->1073"
6.634350,ACK,1074,17.283,,,1099776,"cum ack, base->1074"
6.634381,ACK,1075,17.341,,,1100800,"cum ack, base->1075"
6.634412,ACK,1076,17.399,,,1101824,"cum ack, base->1076"
6.634443,ACK,1077,17.456,,,1102848,"cum ack, base->1077"
6.634474,ACK,1078,17.514,,,1103872,"cum ack, base->1078"
6.634504,ACK,1079,17.571,,,1104896,"cum ack, base->1079"
6.634533,ACK,1080,17.628,,,1105920,"cum ack, base->1080"
6.635281,ACK,1081,17.684,,,1106944,"cum ack, base->1081"
6.635371,ACK,1082,17.741,,,1107968,"cum ack, base->1082"
6.635488,ACK,1083,17.797,,,1108992,"cum ack, base->1083"
6.635549,ACK,1084,17.854,,,1110016,"cum ack, base->1084"
6.635604,ACK,1085,17.910,,,1111040,"cum ack, base->1085"
6.636631,SEND,1087,17.910,,200.000,1111040,
6.636816,SEND,1088,17.910,,200.000,1111040,
6.636992,SEND,1089,17.910,,200.000,1111040,
6.637163,SEND,1090,17.910,,200.000,1111040,
6.637330,SEND,1091,17.910,,200.000,1111040,
6.637499,SEND,1092,17.910,,200.000,1111040,
6.637694,SEND,1093,17.910,,200.000,1111040,
6.637907,SEND,1094,17.910,,200.000,1111040,
6.638084,SEND,1095,17.910,,200.000,1111040,
6.638252,SEND,1096,17.910,,200.000,1111040,
6.638416,SEND,1097,17.910,,200.000,1111040,
6.638582,SEND,1098,17.910,,200.000,1111040,
6.638754,SEND,1099,17.910,,200.000,1111040,
6.638924,SEND,1100,17.910,,200.000,1111040,
6.639096,SEND,1101,17.910,,200.000,1111040,
6.673017,ACK,1086,17.965,,,1112064,"cum ack, base->1086"
6.674520,SEND,1102,17.965,,200.000,1112064,
6.674631,ACK,1087,18.021,,,1113088,"cum ack, base->1087"
6.677129,SEND,1103,18.021,,200.000,1113088,
6.677218,SEND,1104,18.021,,200.000,1113088,
6.683292,ACK,1088,18.077,,,1114112,"cum ack, base->1088"
6.683764,ACK,1089,18.132,,,1115136,"cum ack, base->1089"
6.685863,SEND,1105,18.132,,200.000,1115136,
6.685963,SEND,1106,18.132,,200.000,1115136,
6.686858,ACK,1090,18.187,,,1116160,"cum ack, base->1090"
6.686886,ACK,1091,18.242,,,1117184,"cum ack, base->1091"
6.687441,ACK,1092,18.297,,,1118208,"cum ack, base->1092"
6.688572,SEND,1107,18.297,,200.000,1118208,
6.688660,SEND,1108,18.297,,200.000,1118208,
6.688745,SEND,1109,18.297,,200.000,1118208,
6.688776,ACK,1093,18.351,,,1119232,"cum ack, base->1093"
6.688790,NAK,1093,18.351,,,1119232,
6.688796,FASTRETX,1093,16.312,,200.000,1119232,nak
6.688808,DUPACK,1093,16.312,,,1119232,
6.688819,NAK,1093,16.312,,,1119232,
6.688829,DUPACK,1093,16.312,,,1119232,
6.688839,NAK,1093,16.312,,,1119232,
6.688849,DUPACK,1093,16.312,,,1119232,
6.688859,NAK,1093,16.312,,,1119232,
6.688868,DUPACK,1093,16.312,,,1119232,
6.690925,NAK,1093,16.312,,,1119232,
6.690940,DUPACK,1093,16.312,,,1119232,
6.691349,RETX,1093,16.312,,200.000,1119232,
6.691439,RETX,1094,16.312,,200.000,1119232,
6.691524,RETX,1095,16.312,,200.000,1119232,
6.691611,RETX,1096,16.312,,200.000,1119232,
6.691697,RETX,1097,16.312,,200.000,1119232,
6.691783,RETX,1098,16.312,,200.000,1119232,
6.691868,RETX,1099,16.312,,200.000,1119232,
6.691954,RETX,1100,16.312,,200.000,1119232,
6.692039,RETX,1101,16.312,,200.000,1119232,
6.692125,RETX,1102,16.312,,200.000,1119232,
6.692211,RETX,1103,16.312,,200.000,1119232,
6.692295,RETX,1104,16.312,,200.000,1119232,
6.692381,RETX,1105,16.312,,200.000,1119232,
6.692466,RETX,1106,16.312,,200.000,1119232,
6.692552,RETX,1107,16.312,,200.000,1119232,
6.692637,RETX,1108,16.312,,200.000,1119232,
6.692919,NAK,1093,16.312,,,1119232,
6.692936,DUPACK,1093,16.312,,,1119232,
6.692946,NAK,1093,16.312,,,1119232,
6.692956,DUPACK,1093,16.312,,,1119232,
6.709755,STATS,-1,16.312,,200.000,1119232,base=1093 next=1109
6.709987,NAK,1093,16.312,,,1119232,
6.717032,DUPACK,1093,16.312,,,1119232,
6.717939,NAK,1093,16.312,,,1119232,
6.717981,DUPACK,1093,16.312,,,1119232,
6.721317,NAK,1093,16.312,,,1119232,
6.721338,DUPACK,1093,16.312,,,1119232,
6.721349,NAK,1093,16.312,,,1119232,
6.726046,DUPACK,1093,16.312,,,1119232,
6.730411,NAK,1093,16.312,,,1119232,
6.730496,DUPACK,1093,16.312,,,1119232,
6.739824,NAK,1093,16.312,,,1119232,
6.739857,DUPACK,1093,16.312,,,1119232,
6.739870,DUPACK,1093,16.312,,,1119232,
6.739882,NAK,1093,16.312,,,1119232,
6.739893,DUPACK,1093,16.312,,,1119232,
6.739913,ACK,1094,16.374,,,1120256,"cum ack, base->1094"
6.741023,RETX,1109,16.374,,200.000,1120256,
6.743756,ACK,1095,16.435,,,1121280,"cum ack, base->1095"
6.743839,ACK,1096,16.496,,,1122304,"cum ack, base->1096"
6.743884,ACK,1097,16.556,,,1123328,"cum ack, base->1097"
6.746408,SEND,1110,16.556,,200.000,1123328,
6.746630,SEND,1111,16.556,,200.000,1123328,
6.746875,SEND,1112,16.556,,200.000,1123328,
6.746987,ACK,1099,16.677,,,1125376,"cum ack, base->1099"
6.747035,ACK,1100,16.737,,,1126400,"cum ack, base->1100"
6.747129,ACK,1101,16.797,,,1127424,"cum ack, base->1101"
6.747165,ACK,1102,16.856,,,1128448,"cum ack, base->1102"
6.747197,ACK,1103,16.915,,,1129472,"cum ack, base->1103"
6.747727,ACK,1104,16.975,,,1130496,"cum ack, base->1104"
6.747818,ACK,1105,17.033,,,1131520,"cum ack, base->1105"
6.747856,ACK,1106,17.092,,,1132544,"cum ack, base->1106"
6.747890,ACK,1107,17.151,,,1133568,"cum ack, base->1107"
6.747922,ACK,1108,17.209,,,1134592,"cum ack, base->1108"
6.750559,SEND,1113,17.209,,200.000,1134592,
6.750747,SEND,1114,17.209,,200.000,1134592,
6.750994,SEND,1115,17.209,,200.000,1134592,
6.751219,SEND,1116,17.209,,200.000,1134592,
6.751595,SEND,1117,17.209,,200.000,1134592,
6.751694,SEND,1118,17.209,,200.000,1134592,
6.751781,SEND,1119,17.209,,200.000,1134592,
6.752183,SEND,1120,17.209,,200.000,1134592,
6.752305,SEND,1121,17.209,,200.000,1134592,
6.752450,SEND,1122,17.209,,200.000,1134592,
6.752569,SEND,1123,17.209,,200.000,1134592,
6.752653,SEND,1124,17.209,,200.000,1134592,
6.783493,ACK,1110,17.325,,,1136640,"cum ack, base->1110"
6.785093,SEND,1125,17.325,,200.000,1136640,
6.785185,SEND,1126,17.325,,200.000,1136640,
6.800448,ACK,1112,17.440,,,1138688,"cum ack, base->1112"
6.800812,SEND,1127,17.440,,200.000,1138688,
6.800988,SEND,1128,17.440,,200.000,1138688,
6.801050,ACK,1113,17.498,,,1139712,"cum ack, base->1113"
6.801132,ACK,1115,17.612,,,1141760,"cum ack, base->1115"
6.801170,ACK,1116,17.668,,,1142784,"cum ack, base->1116"
6.801203,ACK,1117,17.725,,,1143808,"cum ack, base->1117"
6.801235,ACK,1118,17.781,,,1144832,"cum ack, base->1118"
6.801266,ACK,1119,17.838,,,1145856,"cum ack, base->1119"
6.801426,ACK,1120,17.894,,,1146880,"cum ack, base->1120"
6.801466,ACK,1121,17.950,,,1147904,"cum ack, base->1121"
6.803479,SEND,1129,17.950,,200.000,1147904,
6.803672,SEND,1130,17.950,,200.000,1147904,
6.803875,SEND,1131,17.950,,200.000,1147904,
6.804076,SEND,1132,17.950,,200.000,1147904,
6.804257,SEND,1133,17.950,,200.000,1147904,
6.804828,SEND,1134,17.950,,200.000,1147904,
6.805029,SEND,1135,17.950,,200.000,1147904,
6.805203,SEND,1136,17.950,,200.000,1147904,
6.805377,SEND,1137,17.950,,200.000,1147904,
6.805505,ACK,1122,18.005,,,1148928,"cum ack, base->1122"
6.805568,ACK,1123,18.061,,,1149952,"cum ack, base->1123"
6.805606,ACK,1124,18.116,,,1150976,"cum ack, base->1124"
6.808169,SEND,1138,18.116,,200.000,1150976,
6.808421,SEND,1139,18.116,,200.000,1150976,
6.808633,SEND,1140,18.116,,200.000,1150976,
6.808841,SEND,1141,18.116,,200.000,1150976,
6.811424,STATS,-1,18.116,,200.000,1150976,base=1124 next=1142
6.834120,NAK,1124,18.116,,,1150976,
6.834133,FASTRETX,1124,16.103,,200.000,1150976,nak
6.834154,DUPACK,1124,16.103,,,1150976,
6.834170,NAK,1124,16.103,,,1150976,
6.834184,DUPACK,1124,16.103,,,1150976,
6.834454,RETX,1124,16.103,,200.000,1150976,
6.834556,RETX,1125,16.103,,200.000,1150976,
6.834654,RETX,1126,16.103,,200.000,1150976,
6.834769,RETX,1127,16.103,,200.000,1150976,
6.834870,RETX,1128,16.103,,200.000,1150976,
6.834967,RETX,1129,16.103,,200.000,1150976,
6.835105,RETX,1130,16.103,,200.000,1150976,
6.835202,RETX,1131,16.103,,200.000,1150976,
6.835355,RETX,1132,16.103,,200.000,1150976,
6.835557,RETX,1133,16.103,,200.000,1150976,
6.835734,RETX,1134,16.103,,200.000,1150976,
6.835832,RETX,1135,16.103,,200.000,1150976,
6.835929,RETX,1136,16.103,,200.000,1150976,
6.836026,RETX,1137,16.103,,200.000,1150976,
6.836121,RETX,1138,16.103,,200.000,1150976,
6.836216,RETX,1139,16.103,,200.000,1150976,
6.844811,NAK,1124,16.103,,,1150976,
6.845728,DUPACK,1124,16.103,,,1150976,
6.845782,NAK,1124,16.103,,,1150976,
6.845801,DUPACK,1124,16.103,,,1150976,
6.847473,NAK,1124,16.103,,,1150976,
6.847500,DUPACK,1124,16.103,,,1150976,
6.847516,NAK,1124,16.103,,,1150976,
6.847529,DUPACK,1124,16.103,,,1150976,
6.847541,NAK,1124,16.103,,,1150976,
6.847553,DUPACK,1124,16.103,,,1150976,
6.852195,NAK,1124,16.103,,,1150976,
6.852233,DUPACK,1124,16.103,,,1150976,
6.852248,NAK,1124,16.103,,,1150976,
6.852668,DUPACK,1124,16.103,,,1150976,
6.852690,NAK,1124,16.103,,,1150976,
6.852706,DUPACK,1124,16.103,,,1150976,
6.852718,NAK,1124,16.103,,,1150976,
6.857595,DUPACK,1124,16.103,,,1150976,
6.857669,NAK,1124,16.103,,,1150976,
6.857703,DUPACK,1124,16.103,,,1150976,
6.857733,NAK,1124,16.103,,,1150976,
6.857760,DUPACK,1124,16.103,,,1150976,
6.857785,NAK,1124,16.103,,,1150976,
6.857812,DUPACK,1124,16.103,,,1150976,
6.857837,NAK,1124,16.103,,,1150976,
6.857863,DUPACK,1124,16.103,,,1150976,
6.857890,NAK,1124,16.103,,,1150976,
6.857916,DUPACK,1124,16.103,,,1150976,
6.883038,ACK,1125,16.165,,,1152000,"cum ack, base->1125"
6.883103,NAK,1125,16.165,,,1152000,
6.883115,FASTRETX,1125,16.165,,200.000,1152000,nak
6.884091,RETX,1125,16.165,,200.000,1152000,
6.884342,RETX,1126,16.165,,200.000,1152000,
6.884538,RETX,1127,16.165,,200.000,1152000,
6.884718,RETX,1128,16.165,,200.000,1152000,
6.885013,RETX,1129,16.165,,200.000,1152000,
6.885185,RETX,1130,16.165,,200.000,1152000,
6.885377,RETX,1131,16.165,,200.000,1152000,
6.885615,RETX,1132,16.165,,200.000,1152000,
6.885827,RETX,1133,16.165,,200.000,1152000,
6.886001,RETX,1134,16.165,,200.000,1152000,
6.886180,RETX,1135,16.165,,200.000,1152000,
6.886389,RETX,1136,16.165,,200.000,1152000,
6.886584,RETX,1137,16.165,,200.000,1152000,
6.886877,RETX,1138,16.165,,200.000,1152000,
6.887051,RETX,1139,16.165,,200.000,1152000,
6.887219,RETX,1140,16.165,,200.000,1152000,
6.889037,DUPACK,1125,16.165,,,1152000,
6.889089,NAK,1125,16.165,,,1152000,
6.889120,DUPACK,1125,16.165,,,1152000,
6.889145,NAK,1125,16.165,,,1152000,
6.889172,DUPACK,1125,16.165,,,1152000,
6.889196,NAK,1125,16.165,,,1152000,
6.890585,DUPACK,1125,16.165,,,1152000,
6.890637,NAK,1125,16.165,,,1152000,
6.890668,DUPACK,1125,16.165,,,1152000,
6.890694,DUPACK,1125,16.165,,,1152000,
6.890724,NAK,1125,16.165,,,1152000,
6.890754,DUPACK,1125,16.165,,,1152000,
6.890779,NAK,1125,16.165,,,1152000,
6.890805,DUPACK,1125,16.165,,,1152000,
6.890829,NAK,1125,16.165,,,1152000,
6.890856,DUPACK,1125,16.165,,,1152000,
6.890880,NAK,1125,16.165,,,1152000,
6.890905,DUPACK,1125,16.165,,,1152000,
6.890930,NAK,1125,16.165,,,1152000,
6.890954,DUPACK,1125,16.165,,,1152000,
6.890980,NAK,1125,16.165,,,1152000,
6.891007,NAK,1125,16.165,,,1152000,
6.891032,DUPACK,1125,16.165,,,1152000,
6.891629,DUPACK,1125,16.165,,,1152000,
6.912959,STATS,-1,16.165,,200.000,1152000,base=1125 next=1141
6.932097,ACK,1126,16.227,,,1153024,"cum ack, base->1126"
6.932213,ACK,1127,16.289,,,1154048,"cum ack, base->1127"
6.933188,RETX,1141,16.289,,200.000,1154048,
6.933411,SEND,1142,16.289,,200.000,1154048,
6.937960,NAK,1127,16.289,,,1154048,
6.937995,FASTRETX,1127,16.289,,200.000,1154048,nak
6.938040,DUPACK,1127,16.289,,,1154048,
6.938071,NAK,1127,16.289,,,1154048,
6.938102,DUPACK,1127,16.289,,,1154048,
6.938128,NAK,1127,16.289,,,1154048,
6.938656,RETX,1127,16.289,,200.000,1154048,
6.939166,RETX,1128,16.289,,200.000,1154048,
6.939365,RETX,1129,16.289,,200.000,1154048,
6.939542,RETX,1130,16.289,,200.000,1154048,
6.939716,RETX,1131,16.289,,200.000,1154048,
6.939885,RETX,1132,16.289,,200.000,1154048,
6.940091,RETX,1133,16.289,,200.000,1154048,
6.940501,RETX,1134,16.289,,200.000,1154048,
6.940681,RETX,1135,16.289,,200.000,1154048,
6.940850,RETX,1136,16.289,,200.000,1154048,
6.941019,RETX,1137,16.289,,200.000,1154048,
6.941188,RETX,1138,16.289,,200.000,1154048,
6.941357,RETX,1139,16.289,,200.000,1154048,
6.941593,RETX,1140,16.289,,200.000,1154048,
6.941782,RETX,1141,16.289,,200.000,1154048,
6.941952,RETX,1142,16.289,,200.000,1154048,
6.942083,DUPACK,1127,16.289,,,1154048,
6.942132,DUPACK,1127,16.289,,,1154048,
6.942160,NAK,1127,16.289,,,1154048,
6.942188,DUPACK,1127,16.289,,,1154048,
6.942214,DUPACK,1127,16.289,,,1154048,
6.942255,NAK,1127,16.289,,,1154048,
6.942283,DUPACK,1127,16.289,,,1154048,
6.942308,NAK,1127,16.289,,,1154048,
6.942334,DUPACK,1127,16.289,,,1154048,
6.942359,NAK,1127,16.289,,,1154048,
6.942386,DUPACK,1127,16.289,,,1154048,
6.942410,NAK,1127,16.289,,,1154048,
6.942438,DUPACK,1127,16.289,,,1154048,
6.942462,NAK,1127,16.289,,,1154048,
6.942494,DUPACK,1127,16.289,,,1154048,
6.942518,NAK,1127,16.289,,,1154048,
6.942544,DUPACK,1127,16.289,,,1154048,
6.982544,NAK,1127,16.289,,,1154048,
6.982581,DUPACK,1127,16.289,,,1154048,
6.982601,NAK,1127,16.289,,,1154048,
6.982619,DUPACK,1127,16.289,,,1154048,
6.982651,ACK,1128,16.350,,,1155072,"cum ack, base->1128"
6.982675,ACK,1129,16.411,,,1156096,"cum ack, base->1129"
6.985001,SEND,1143,16.411,,200.000,1156096,
6.985153,SEND,1144,16.411,,200.000,1156096,
6.987568,ACK,1131,16.533,,,1158144,"cum ack, base->1131"
6.987829,SEND,1145,16.533,,200.000,1158144,
6.987977,SEND,1146,16.533,,200.000,1158144,
6.989577,NAK,1131,16.533,,,1158144,
6.989592,FASTRETX,1131,16.533,,200.000,1158144,nak
6.989623,DUPACK,1131,16.533,,,1158144,
6.989645,DUPACK,1131,16.533,,,1158144,
6.990653,RETX,1131,16.533,,200.000,1158144,
6.990804,RETX,1132,16.533,,200.000,1158144,
6.990951,RETX,1133,16.533,,200.000,1158144,
6.991097,RETX,1134,16.533,,200.000,1158144,
6.991243,RETX,1135,16.533,,200.000,1158144,
6.991388,RETX,1136,16.533,,200.000,1158144,
6.991536,RETX,1137,16.533,,200.000,1158144,
6.991681,RETX,1138,16.533,,200.000,1158144,
6.991827,RETX,1139,16.533,,200.000,1158144,
6.991973,RETX,1140,16.533,,200.000,1158144,
6.992118,RETX,1141,16.533,,200.000,1158144,
6.992262,RETX,1142,16.533,,200.000,1158144,
6.992407,RETX,1143,16.533,,200.000,1158144,
6.992551,RETX,1144,16.533,,200.000,1158144,
6.992695,RETX,1145,16.533,,200.000,1158144,
6.992840,RETX,1146,16.533,,200.000,1158144,
6.992890,DUPACK,1131,16.533,,,1158144,
6.992913,NAK,1131,16.533,,,1158144,
6.993295,DUPACK,1131,16.533,,,1158144,
6.993319,DUPACK,1131,16.533,,,1158144,
6.993338,NAK,1131,16.533,,,1158144,
6.993362,DUPACK,1131,16.533,,,1158144,
6.993380,NAK,1131,16.533,,,1158144,
6.993398,DUPACK,1131,16.533,,,1158144,
6.993415,NAK,1131,16.533,,,1158144,
6.993434,DUPACK,1131,16.533,,,1158144,
6.993450,NAK,1131,16.533,,,1158144,
6.993471,NAK,1131,16.533,,,1158144,
6.993487,DUPACK,1131,16.533,,,1158144,
6.993502,NAK,1131,16.533,,,1158144,
6.993517,DUPACK,1131,16.533,,,1158144,
7.012990,STATS,-1,16.533,,200.000,1158144,base=1131 next=1147
7.028411,NAK,1131,16.533,,,1158144,
7.028463,DUPACK,1131,16.533,,,1158144,
7.028489,NAK,1131,16.533,,,1158144,
7.028511,DUPACK,1131,16.533,,,1158144,
7.032880,NAK,1131,16.533,,,1158144,
7.032915,DUPACK,1131,16.533,,,1158144,
7.032937,NAK,1131,16.533,,,1158144,
7.032959,DUPACK,1131,16.533,,,1158144,
7.037137,ACK,1132,16.594,,,1159168,"cum ack, base->1132"
7.038454,SEND,1147,16.594,,200.000,1159168,
7.039265,ACK,1133,16.654,,,1160192,"cum ack, base->1133"
7.039354,ACK,1134,16.714,,,1161216,"cum ack, base->1134"
7.039391,ACK,1136,16.833,,,1163264,"cum ack, base->1136"
7.041237,SEND,1148,16.833,,200.000,1163264,
7.041427,SEND,1149,16.833,,200.000,1163264,
7.041596,SEND,1150,16.833,,200.000,1163264,
7.041842,SEND,1151,16.833,,200.000,1163264,
7.044058,ACK,1137,16.893,,,1164288,"cum ack, base->1137"
7.044127,ACK,1138,16.952,,,1165312,"cum ack, base->1138"
7.044161,ACK,1139,17.011,,,1166336,"cum ack, base->1139"
7.044194,ACK,1140,17.070,,,1167360,"cum ack, base->1140"
7.044262,ACK,1141,17.128,,,1168384,"cum ack, base->1141"
7.044292,ACK,1142,17.187,,,1169408,"cum ack, base->1142"
7.044321,ACK,1143,17.245,,,1170432,"cum ack, base->1143"
7.044557,SEND,1152,17.245,,200.000,1170432,
7.044804,SEND,1153,17.245,,200.000,1170432,
7.044983,SEND,1154,17.245,,200.000,1170432,
7.045152,SEND,1155,17.245,,200.000,1170432,
7.045457,SEND,1156,17.245,,200.000,1170432,
7.045702,SEND,1157,17.245,,200.000,1170432,
7.045949,SEND,1158,17.245,,200.000,1170432,
7.046183,SEND,1159,17.245,,200.000,1170432,
7.046255,ACK,1144,17.303,,,1171456,"cum ack, base->1144"
7.046319,ACK,1145,17.361,,,1172480,"cum ack, base->1145"
7.046356,ACK,1146,17.418,,,1173504,"cum ack, base->1146"
7.046389,ACK,1147,17.476,,,1174528,"cum ack, base->1147"
7.048964,SEND,1160,17.476,,200.000,1174528,
7.049199,SEND,1161,17.476,,200.000,1174528,
7.049424,SEND,1162,17.476,,200.000,1174528,
7.049651,SEND,1163,17.476,,200.000,1174528,
7.086237,ACK,1148,17.533,,,1175552,"cum ack, base->1148"
7.087801,SEND,1164,17.533,,200.000,1175552,
7.093456,ACK,1149,17.590,,,1176576,"cum ack, base->1149"
7.093535,ACK,1150,17.647,,,1177600,"cum ack, base->1150"
7.093578,ACK,1151,17.703,,,1178624,"cum ack, base->1151"
7.093618,ACK,1152,17.760,,,1179648,"cum ack, base->1152"
7.093651,NAK,1152,17.760,,,1179648,
7.093668,FASTRETX,1152,15.787,,200.000,1179648,nak
7.095645,RETX,1152,15.787,,200.000,1179648,
7.095875,RETX,1153,15.787,,200.000,1179648,
7.096078,RETX,1154,15.787,,200.000,1179648,
7.096282,RETX,1155,15.787,,200.000,1179648,
7.096528,RETX,1156,15.787,,200.000,1179648,
7.096757,RETX,1157,15.787,,200.000,1179648,
7.096966,RETX,1158,15.787,,200.000,1179648,
7.097173,RETX,1159,15.787,,200.000,1179648,
7.097412,RETX,1160,15.787,,200.000,1179648,
7.097632,RETX,1161,15.787,,200.000,1179648,
7.097837,RETX,1162,15.787,,200.000,1179648,
7.098048,RETX,1163,15.787,,200.000,1179648,
7.098254,RETX,1164,15.787,,200.000,1179648,
7.098461,SEND,1165,15.787,,200.000,1179648,
7.098726,SEND,1166,15.787,,200.000,1179648,
7.098888,DUPACK,1152,15.787,,,1179648,
7.098944,NAK,1152,15.787,,,1179648,
7.098982,DUPACK,1152,15.787,,,1179648,
7.099100,NAK,1152,15.787,,,1179648,
7.099166,NAK,1152,15.787,,,1179648,
7.099251,DUPACK,1152,15.787,,,1179648,
7.099349,NAK,1152,15.787,,,1179648,
7.099390,DUPACK,1152,15.787,,,1179648,
7.099419,NAK,1152,15.787,,,1179648,
7.099447,DUPACK,1152,15.787,,,1179648,
7.099473,NAK,1152,15.787,,,1179648,
7.099499,DUPACK,1152,15.787,,,1179648,
7.099524,NAK,1152,15.787,,,1179648,
7.099550,DUPACK,1152,15.787,,,1179648,
7.099604,NAK,1152,15.787,,,1179648,
7.099633,DUPACK,1152,15.787,,,1179648,
7.099659,DUPACK,1152,15.787,,,1179648,
7.099685,NAK,1152,15.787,,,1179648,
7.113516,STATS,-1,15.787,,200.000,1179648,base=1152 next=1167
7.138978,NAK,1152,15.787,,,1179648,
7.139032,DUPACK,1152,15.787,,,1179648,
7.141397,ACK,1153,15.850,,,1180672,"cum ack, base->1153"
7.141437,ACK,1154,15.913,,,1181696,"cum ack, base->1154"
7.141462,NAK,1154,15.913,,,1181696,
7.141470,FASTRETX,1154,15.913,,200.000,1181696,nak
7.141495,DUPACK,1154,15.913,,,1181696,
7.143653,NAK,1154,15.913,,,1181696,
7.143680,DUPACK,1154,15.913,,,1181696,
7.143956,RETX,1154,15.913,,200.000,1181696,
7.144146,RETX,1155,15.913,,200.000,1181696,
7.144324,RETX,1156,15.913,,200.000,1181696,
7.144502,RETX,1157,15.913,,200.000,1181696,
7.144678,RETX,1158,15.913,,200.000,1181696,
7.144855,RETX,1159,15.913,,200.000,1181696,
7.145033,RETX,1160,15.913,,200.000,1181696,
7.145209,RETX,1161,15.913,,200.000,1181696,
7.145385,RETX,1162,15.913,,200.000,1181696,
7.145561,RETX,1163,15.913,,200.000,1181696,
7.145739,RETX,1164,15.913,,200.000,1181696,
7.145915,RETX,1165,15.913,,200.000,1181696,
7.146091,RETX,1166,15.913,,200.000,1181696,
7.146268,SEND,1167,15.913,,200.000,1181696,
7.146447,SEND,1168,15.913,,200.000,1181696,
7.149839,NAK,1154,15.913,,,1181696,
7.149877,DUPACK,1154,15.913,,,1181696,
7.149900,NAK,1154,15.913,,,1181696,
7.149923,DUPACK,1154,15.913,,,1181696,
7.149943,NAK,1154,15.913,,,1181696,
7.149964,DUPACK,1154,15.913,,,1181696,
7.149985,NAK,1154,15.913,,,1181696,
7.150005,DUPACK,1154,15.913,,,1181696,
7.150024,NAK,1154,15.913,,,1181696,
7.150043,DUPACK,1154,15.913,,,1181696,
7.150062,NAK,1154,15.913,,,1181696,
7.150082,DUPACK,1154,15.913,,,1181696,
7.152081,DUPACK,1154,15.913,,,1181696,
7.152132,NAK,1154,15.913,,,1181696,
7.152161,DUPACK,1154,15.913,,,1181696,
7.152185,NAK,1154,15.913,,,1181696,
7.152207,DUPACK,1154,15.913,,,1181696,
7.152226,DUPACK,1154,15.913,,,1181696,
7.184548,ACK,1155,15.976,,,1182720,"cum ack, base->1155"
7.187097,SEND,1169,15.976,,200.000,1182720,
7.191003,ACK,1156,16.039,,,1183744,"cum ack, base->1156"
7.192084,SEND,1170,16.039,,200.000,1183744,
7.192267,SEND,1171,16.039,,200.000,1183744,
7.193282,ACK,1157,16.101,,,1184768,"cum ack, base->1157"
7.193341,ACK,1158,16.163,,,1185792,"cum ack, base->1158"
7.195079,SEND,1172,16.163,,200.000,1185792,
7.195302,SEND,1173,16.163,,200.000,1185792,
7.195516,ACK,1159,16.225,,,1186816,"cum ack, base->1159"
7.195578,ACK,1160,16.286,,,1187840,"cum ack, base->1160"
7.198206,ACK,1161,16.348,,,1188864,"cum ack, base->1161"
7.198346,ACK,1163,16.470,,,1190912,"cum ack, base->1163"
7.198627,SEND,1174,16.470,,200.000,1190912,
7.198843,SEND,1175,16.470,,200.000,1190912,
7.200363,SEND,1176,16.470,,200.000,1190912,
7.200565,SEND,1177,16.470,,200.000,1190912,
7.200745,SEND,1178,16.470,,200.000,1190912,
7.200853,ACK,1164,16.531,,,1191936,"cum ack, base->1164"
7.200911,ACK,1165,16.591,,,1192960,"cum ack, base->1165"
7.200943,ACK,1166,16.651,,,1193984,"cum ack, base->1166"
7.200971,ACK,1167,16.712,,,1195008,"cum ack, base->1167"
7.200997,ACK,1168,16.771,,,1196032,"cum ack, base->1168"
7.201023,ACK,1169,16.831,,,1197056,"cum ack, base->1169"
7.203553,SEND,1179,16.831,,200.000,1197056,
7.203747,SEND,1180,16.831,,200.000,1197056,
7.203926,SEND,1181,16.831,,200.000,1197056,
7.204094,SEND,1182,16.831,,200.000,1197056,
7.204310,SEND,1183,16.831,,200.000,1197056,
7.204497,SEND,1184,16.831,,200.000,1197056,
7.214436,STATS,-1,16.831,,200.000,1197056,base=1169 next=1185
7.229356,ACK,1170,16.890,,,1198080,"cum ack, base->1170"
7.230723,SEND,1185,16.890,,200.000,1198080,
7.230827,ACK,1171,16.950,,,1199104,"cum ack, base->1171"
7.233949,SEND,1186,16.950,,200.000,1199104,
7.244380,ACK,1172,17.009,,,1200128,"cum ack, base->1172"
7.244453,ACK,1173,17.067,,,1201152,"cum ack, base->1173"
7.244491,ACK,1174,17.126,,,1202176,"cum ack, base->1174"
7.244522,ACK,1175,17.184,,,1203200,"cum ack, base->1175"
7.244554,ACK,1177,17.301,,,1205248,"cum ack, base->1177"
7.247266,SEND,1187,17.301,,200.000,1205248,
7.247462,SEND,1188,17.301,,200.000,1205248,
7.247631,SEND,1189,17.301,,200.000,1205248,
7.247799,SEND,1190,17.301,,200.000,1205248,
7.247966,SEND,1191,17.301,,200.000,1205248,
7.248136,SEND,1192,17.301,,200.000,1205248,
7.248306,SEND,1193,17.301,,200.000,1205248,
7.249978,ACK,1179,17.416,,,1207296,"cum ack, base->1179"
7.251081,SEND,1194,17.416,,200.000,1207296,
7.251269,SEND,1195,17.416,,200.000,1207296,
7.251620,ACK,1180,17.473,,,1208320,"cum ack, base->1180"
7.251675,ACK,1181,17.531,,,1209344,"cum ack, base->1181"
7.251711,ACK,1182,17.588,,,1210368,"cum ack, base->1182"
7.254097,SEND,1196,17.588,,200.000,1210368,
7.254289,SEND,1197,17.588,,200.000,1210368,
7.254459,SEND,1198,17.588,,200.000,1210368,
7.255347,ACK,1183,17.645,,,1211392,"cum ack, base->1183"
7.255393,ACK,1184,17.701,,,1212416,"cum ack, base->1184"
7.255428,ACK,1185,17.758,,,1213440,"cum ack, base->1185"
7.257141,SEND,1199,17.758,,200.000,1213440,
7.257339,SEND,1200,17.758,,200.000,1213440,
7.257514,SEND,1201,17.758,,200.000,1213440,
7.276446,ACK,1186,17.814,,,1214464,"cum ack, base->1186"
7.276687,ACK,1187,17.870,,,1215488,"cum ack, base->1187"
7.277318,SEND,1202,17.870,,200.000,1215488,
7.277495,SEND,1203,17.870,,200.000,1215488,
7.292249,ACK,1188,17.926,,,1216512,"cum ack, base->1188"
7.292316,ACK,1189,17.982,,,1217536,"cum ack, base->1189"
7.292871,SEND,1204,17.982,,200.000,1217536,
7.293048,SEND,1205,17.982,,200.000,1217536,
7.300663,ACK,1190,18.037,,,1218560,"cum ack, base->1190"
7.300858,ACK,1191,18.093,,,1219584,"cum ack, base->1191"
7.300952,ACK,1192,18.148,,,1220608,"cum ack, base->1192"
7.301070,ACK,1193,18.203,,,1221632,"cum ack, base->1193"
7.301848,SEND,1206,18.203,,200.000,1221632,
7.302401,SEND,1207,18.203,,200.000,1221632,
7.302662,SEND,1208,18.203,,200.000,1221632,
7.302918,SEND,1209,18.203,,200.000,1221632,
7.303565,SEND,1210,18.203,,200.000,1221632,
7.303652,ACK,1194,18.258,,,1222656,"cum ack, base->1194"
7.303754,ACK,1195,18.313,,,1223680,"cum ack, base->1195"
7.303819,ACK,1196,18.368,,,1224704,"cum ack, base->1196"
7.303853,ACK,1197,18.422,,,1225728,"cum ack, base->1197"
7.303885,ACK,1198,18.476,,,1226752,"cum ack, base->1198"
7.303916,ACK,1199,18.530,,,1227776,"cum ack, base->1199"
7.304125,ACK,1200,18.584,,,1228800,"cum ack, base->1200"
7.304173,ACK,1201,18.638,,,1229824,"cum ack, base->1201"
7.304188,ACK,1202,18.692,,,1230848,"cum ack, base->1202"
7.306573,SEND,1211,18.692,,200.000,1230848,
7.307002,SEND,1212,18.692,,200.000,1230848,
7.307181,SEND,1213,18.692,,200.000,1230848,
7.307356,SEND,1214,18.692,,200.000,1230848,
7.307542,SEND,1215,18.692,,200.000,1230848,
7.307716,SEND,1216,18.692,,200.000,1230848,
7.307888,SEND,1217,18.692,,200.000,1230848,
7.308082,SEND,1218,18.692,,200.000,1230848,
7.308159,SEND,1219,18.692,,200.000,1230848,
7.315731,STATS,-1,18.692,,200.000,1230848,base=1202 next=1220
7.324737,ACK,1204,18.799,,,1232896,"cum ack, base->1204"
7.326012,SEND,1220,18.799,,200.000,1232896,
7.326218,SEND,1221,18.799,,200.000,1232896,
7.332162,ACK,1205,18.852,,,1233920,"cum ack, base->1205"
7.333969,SEND,1222,18.852,,200.000,1233920,
7.349065,ACK,1207,18.958,,,1235968,"cum ack, base->1207"
7.349549,SEND,1223,18.958,,200.000,1235968,
7.349911,SEND,1224,18.958,,200.000,1235968,
7.350031,ACK,1209,19.063,,,1238016,"cum ack, base->1209"
7.350096,ACK,1210,19.116,,,1239040,"cum ack, base->1210"
7.350131,ACK,1211,19.168,,,1240064,"cum ack, base->1211"
7.352813,SEND,1225,19.168,,200.000,1240064,
7.353235,SEND,1226,19.168,,200.000,1240064,
7.353579,SEND,1227,19.168,,200.000,1240064,
7.353987,SEND,1228,19.168,,200.000,1240064,
7.354241,SEND,1229,19.168,,200.000,1240064,
7.354414,ACK,1212,19.220,,,1241088,"cum ack, base->1212"
7.354482,ACK,1213,19.272,,,1242112,"cum ack, base->1213"
7.354524,ACK,1214,19.324,,,1243136,"cum ack, base->1214"
7.354576,ACK,1215,19.376,,,1244160,"cum ack, base->1215"
7.357123,SEND,1230,19.376,,200.000,1244160,
7.357365,SEND,1231,19.376,,200.000,1244160,
7.357588,SEND,1232,19.376,,200.000,1244160,
7.357850,SEND,1233,19.376,,200.000,1244160,
7.358067,ACK,1216,19.427,,,1245184,"cum ack, base->1216"
7.358120,ACK,1217,19.479,,,1246208,"cum ack, base->1217"
7.358161,ACK,1218,19.530,,,1247232,"cum ack, base->1218"
7.358201,ACK,1219,19.581,,,1248256,"cum ack, base->1219"
7.360642,SEND,1234,19.581,,200.000,1248256,
7.360870,SEND,1235,19.581,,200.000,1248256,
7.361113,SEND,1236,19.581,,200.000,1248256,
7.361343,SEND,1237,19.581,,200.000,1248256,
7.361464,ACK,1220,19.633,,,1249280,"cum ack, base->1220"
7.364247,SEND,1238,19.633,,200.000,1249280,
7.374584,ACK,1221,19.683,,,1250304,"cum ack, base->1221"
7.375343,ACK,1222,19.734,,,1251328,"cum ack, base->1222"
7.375739,ACK,1223,19.785,,,1252352,"cum ack, base->1223"
7.376891,SEND,1239,19.785,,200.000,1252352,
7.377217,SEND,1240,19.785,,200.000,1252352,
7.377444,SEND,1241,19.785,,200.000,1252352,
7.392883,ACK,1224,19.835,,,1253376,"cum ack, base->1224"
7.394158,SEND,1242,19.835,,200.000,1253376,
7.395586,NAK,1224,19.835,,,1253376,
7.395625,FASTRETX,1224,17.632,,200.000,1253376,nak
7.397077,RETX,1224,17.632,,200.000,1253376,
7.397303,RETX,1225,17.632,,200.000,1253376,
7.397506,RETX,1226,17.632,,200.000,1253376,
7.397753,RETX,1227,17.632,,200.000,1253376,
7.397971,RETX,1228,17.632,,200.000,1253376,
7.398171,RETX,1229,17.632,,200.000,1253376,
7.398373,RETX,1230,17.632,,200.000,1253376,
7.398642,RETX,1231,17.632,,200.000,1253376,
7.399034,RETX,1232,17.632,,200.000,1253376,
7.399228,RETX,1233,17.632,,200.000,1253376,
7.399458,RETX,1234,17.632,,200.000,1253376,
7.399750,RETX,1235,17.632,,200.000,1253376,
7.399924,RETX,1236,17.632,,200.000,1253376,
7.400093,RETX,1237,17.632,,200.000,1253376,
7.400423,RETX,1238,17.632,,200.000,1253376,
7.400599,RETX,1239,17.632,,200.000,1253376,
7.400750,RETX,1240,17.632,,200.000,1253376,
7.401357,DUPACK,1224,17.632,,,1253376,
7.401457,NAK,1224,17.632,,,1253376,
7.401479,DUPACK,1224,17.632,,,1253376,
7.401496,NAK,1224,17.632,,,1253376,
7.401509,DUPACK,1224,17.632,,,1253376,
7.401522,NAK,1224,17.632,,,1253376,
7.401536,DUPACK,1224,17.632,,,1253376,
7.401547,NAK,1224,17.632,,,1253376,
7.401558,DUPACK,1224,17.632,,,1253376,
7.401568,NAK,1224,17.632,,,1253376,
7.401580,DUPACK,1224,17.632,,,1253376,
7.407247,NAK,1224,17.632,,,1253376,
7.407313,DUPACK,1224,17.632,,,1253376,
7.407348,NAK,1224,17.632,,,1253376,
7.408238,DUPACK,1224,17.632,,,1253376,
7.408349,NAK,1224,17.632,,,1253376,
7.408410,DUPACK,1224,17.632,,,1253376,
7.408446,NAK,1224,17.632,,,1253376,
7.408474,DUPACK,1224,17.632,,,1253376,
7.408499,NAK,1224,17.632,,,1253376,
7.408525,DUPACK,1224,17.632,,,1253376,
7.408552,NAK,1224,17.632,,,1253376,
7.408602,DUPACK,1224,17.632,,,1253376,
7.408631,NAK,1224,17.632,,,1253376,
7.408659,DUPACK,1224,17.632,,,1253376,
7.408685,NAK,1224,17.632,,,1253376,
7.408711,DUPACK,1224,17.632,,,1253376,
7.416015,STATS,-1,17.632,,200.000,1253376,base=1224 next=1241
7.417734,NAK,1224,17.632,,,1253376,
7.422122,DUPACK,1224,17.632,,,1253376,
7.423373,NAK,1224,17.632,,,1253376,
7.423631,DUPACK,1224,17.632,,,1253376,
7.423947,NAK,1224,17.632,,,1253376,
7.423992,DUPACK,1224,17.632,,,1253376,
7.440760,NAK,1224,17.632,,,1253376,
7.440842,DUPACK,1224,17.632,,,1253376,
7.441348,ACK,1225,17.688,,,1254400,"cum ack, base->1225"
7.441413,ACK,1227,17.801,,,1256448,"cum ack, base->1227"
7.441461,ACK,1228,17.857,,,1257472,"cum ack, base->1228"
7.441501,ACK,1229,17.913,,,1258496,"cum ack, base->1229"
7.442983,NAK,1229,17.913,,,1258496,
7.443024,FASTRETX,1229,17.913,,200.000,1258496,nak
7.443085,DUPACK,1229,17.913,,,1258496,
7.443128,NAK,1229,17.913,,,1258496,
7.443175,DUPACK,1229,17.913,,,1258496,
7.443218,NAK,1229,17.913,,,1258496,
7.443257,DUPACK,1229,17.913,,,1258496,
7.443806,RETX,1229,17.913,,200.000,1258496,
7.444083,RETX,1230,17.913,,200.000,1258496,
7.444350,RETX,1231,17.913,,200.000,1258496,
7.444603,RETX,1232,17.913,,200.000,1258496,
7.444867,RETX,1233,17.913,,200.000,1258496,
7.445125,RETX,1234,17.913,,200.000,1258496,
7.445387,RETX,1235,17.913,,200.000,1258496,
7.445653,RETX,1236,17.913,,200.000,1258496,
7.445888,RETX,1237,17.913,,200.000,1258496,
7.446093,RETX,1238,17.913,,200.000,1258496,
7.446297,RETX,1239,17.913,,200.000,1258496,
7.446542,RETX,1240,17.913,,200.000,1258496,
7.446765,RETX,1241,17.913,,200.000,1258496,
7.446979,RETX,1242,17.913,,200.000,1258496,
7.447188,SEND,1243,17.913,,200.000,1258496,
7.447641,SEND,1244,17.913,,200.000,1258496,
7.447960,SEND,1245,17.913,,200.000,1258496,
7.448055,NAK,1229,17.913,,,1258496,
7.448099,DUPACK,1229,17.913,,,1258496,
7.448129,NAK,1229,17.913,,,1258496,
7.448156,DUPACK,1229,17.913,,,1258496,
7.448182,NAK,1229,17.913,,,1258496,
7.448208,DUPACK,1229,17.913,,,1258496,
7.448234,NAK,1229,17.913,,,1258496,
7.448259,DUPACK,1229,17.913,,,1258496,
7.448283,NAK,1229,17.913,,,1258496,
7.448308,DUPACK,1229,17.913,,,1258496,
7.448333,NAK,1229,17.913,,,1258496,
7.448357,NAK,1229,17.913,,,1258496,
7.453931,DUPACK,1229,17.913,,,1258496,
7.454024,NAK,1229,17.913,,,1258496,
7.454066,DUPACK,1229,17.913,,,1258496,
7.505468,ACK,1230,17.969,,,1259520,"cum ack, base->1230"
7.505566,ACK,1232,18.080,,,1261568,"cum ack, base->1232"
7.505606,NAK,1232,18.080,,,1261568,
7.505618,FASTRETX,1232,18.080,,200.000,1261568,nak
7.505654,DUPACK,1232,18.080,,,1261568,
7.505689,NAK,1232,18.080,,,1261568,
7.505721,DUPACK,1232,18.080,,,1261568,
7.505820,NAK,1232,18.080,,,1261568,
7.505893,NAK,1232,18.080,,,1261568,
7.505952,DUPACK,1232,18.080,,,1261568,
7.506019,NAK,1232,18.080,,,1261568,
7.506127,DUPACK,1232,18.080,,,1261568,
7.506405,RETX,1232,18.080,,200.000,1261568,
7.506701,RETX,1233,18.080,,200.000,1261568,
7.507042,RETX,1234,18.080,,200.000,1261568,
7.507398,RETX,1235,18.080,,200.000,1261568,
7.507578,RETX,1236,18.080,,200.000,1261568,
7.507760,RETX,1237,18.080,,200.000,1261568,
7.507957,RETX,1238,18.080,,200.000,1261568,
7.508167,RETX,1239,18.080,,200.000,1261568,
7.508340,RETX,1240,18.080,,200.000,1261568,
7.508535,RETX,1241,18.080,,200.000,1261568,
7.508716,RETX,1242,18.080,,200.000,1261568,
7.508903,RETX,1243,18.080,,200.000,1261568,
7.509071,RETX,1244,18.080,,200.000,1261568,
7.509299,RETX,1245,18.080,,200.000,1261568,
7.509555,SEND,1246,18.080,,200.000,1261568,
7.509785,SEND,1247,18.080,,200.000,1261568,
7.510011,SEND,1248,18.080,,200.000,1261568,
7.510238,SEND,1249,18.080,,200.000,1261568,
7.510340,NAK,1232,18.080,,,1261568,
7.510395,DUPACK,1232,18.080,,,1261568,
7.510428,NAK,1232,18.080,,,1261568,
7.510457,DUPACK,1232,18.080,,,1261568,
7.510484,NAK,1232,18.080,,,1261568,
7.510512,DUPACK,1232,18.080,,,1261568,
7.510538,NAK,1232,18.080,,,1261568,
7.510563,DUPACK,1232,18.080,,,1261568,
7.510587,NAK,1232,18.080,,,1261568,
7.510613,DUPACK,1232,18.080,,,1261568,
7.510637,NAK,1232,18.080,,,1261568,
7.510661,DUPACK,1232,18.080,,,1261568,
7.510684,NAK,1232,18.080,,,1261568,
7.510709,DUPACK,1232,18.080,,,1261568,
7.510733,NAK,1232,18.080,,,1261568,
7.510757,DUPACK,1232,18.080,,,1261568,
7.517892,STATS,-1,18.080,,200.000,1261568,base=1232 next=1250
7.552740,ACK,1233,18.136,,,1262592,"cum ack, base->1233"
7.554168,SEND,1250,18.136,,200.000,1262592,
7.556796,ACK,1234,18.191,,,1263616,"cum ack, base->1234"
7.557210,SEND,1251,18.191,,200.000,1263616,
7.557284,ACK,1235,18.246,,,1264640,"cum ack, base->1235"
7.557407,ACK,1236,18.301,,,1265664,"cum ack, base->1236"
7.557463,ACK,1237,18.355,,,1266688,"cum ack, base->1237"
7.557497,ACK,1238,18.410,,,1267712,"cum ack, base->1238"
7.560000,SEND,1252,18.410,,200.000,1267712,
7.560189,SEND,1253,18.410,,200.000,1267712,
7.560357,SEND,1254,18.410,,200.000,1267712,
7.560534,SEND,1255,18.410,,200.000,1267712,
7.561609,ACK,1239,18.464,,,1268736,"cum ack, base->1239"
7.561745,ACK,1240,18.518,,,1269760,"cum ack, base->1240"
7.561823,ACK,1241,18.572,,,1270784,"cum ack, base->1241"
7.561880,ACK,1242,18.626,,,1271808,"cum ack, base->1242"
7.561921,ACK,1243,18.680,,,1272832,"cum ack, base->1243"
7.561960,ACK,1244,18.733,,,1273856,"cum ack, base->1244"
7.561999,ACK,1245,18.787,,,1274880,"cum ack, base->1245"
7.562114,NAK,1245,18.787,,,1274880,
7.562128,FASTRETX,1245,16.699,,200.000,1274880,nak
7.562163,DUPACK,1245,16.699,,,1274880,
7.562591,NAK,1245,16.699,,,1274880,
7.563374,RETX,1245,16.699,,200.000,1274880,
7.563591,RETX,1246,16.699,,200.000,1274880,
7.563800,RETX,1247,16.699,,200.000,1274880,
7.564012,RETX,1248,16.699,,200.000,1274880,
7.564221,RETX,1249,16.699,,200.000,1274880,
7.564498,RETX,1250,16.699,,200.000,1274880,
7.564757,RETX,1251,16.699,,200.000,1274880,
7.565174,RETX,1252,16.699,,200.000,1274880,
7.565422,RETX,1253,16.699,,200.000,1274880,
7.566025,RETX,1254,16.699,,200.000,1274880,
7.566473,RETX,1255,16.699,,200.000,1274880,
7.566732,SEND,1256,16.699,,200.000,1274880,
7.567037,SEND,1257,16.699,,200.000,1274880,
7.567318,SEND,1258,16.699,,200.000,1274880,
7.567602,SEND,1259,16.699,,200.000,1274880,
7.567779,SEND,1260,16.699,,200.000,1274880,
7.567948,DUPACK,1245,16.699,,,1274880,
7.568010,NAK,1245,16.699,,,1274880,
7.568043,DUPACK,1245,16.699,,,1274880,
7.568071,NAK,1245,16.699,,,1274880,
7.568098,DUPACK,1245,16.699,,,1274880,
7.601278,NAK,1245,16.699,,,1274880,
7.601473,DUPACK,1245,16.699,,,1274880,
7.607468,NAK,1245,16.699,,,1274880,
7.607536,DUPACK,1245,16.699,,,1274880,
7.607568,NAK,1245,16.699,,,1274880,
7.607605,DUPACK,1245,16.699,,,1274880,
7.607644,DUPACK,1245,16.699,,,1274880,
7.610684,NAK,1245,16.699,,,1274880,
7.610898,DUPACK,1245,16.699,,,1274880,
7.610980,NAK,1245,16.699,,,1274880,
7.611025,DUPACK,1245,16.699,,,1274880,
7.611090,ACK,1246,16.759,,,1275904,"cum ack, base->1246"
7.611142,ACK,1247,16.819,,,1276928,"cum ack, base->1247"
7.611217,ACK,1248,16.878,,,1277952,"cum ack, base->1248"
7.612497,ACK,1249,16.937,,,1278976,"cum ack, base->1249"
7.612569,ACK,1250,16.996,,,1280000,"cum ack, base->1250"
7.613828,SEND,1261,16.996,,200.000,1280000,
7.614109,SEND,1262,16.996,,200.000,1280000,
7.614424,SEND,1263,16.996,,200.000,1280000,
7.614706,SEND,1264,16.996,,200.000,1280000,
7.615134,SEND,1265,16.996,,200.000,1280000,
7.616811,ACK,1251,17.055,,,1281024,"cum ack, base->1251"
7.616899,ACK,1252,17.114,,,1282048,"cum ack, base->1252"
7.616929,NAK,1252,17.114,,,1282048,
7.616941,FASTRETX,1252,17.114,,200.000,1282048,nak
7.616972,DUPACK,1252,17.114,,,1282048,
7.616999,NAK,1252,17.114,,,1282048,
7.617025,DUPACK,1252,17.114,,,1282048,
7.617051,DUPACK,1252,17.114,,,1282048,
7.617076,NAK,1252,17.114,,,1282048,
7.617102,DUPACK,1252,17.114,,,1282048,
7.617963,RETX,1252,17.114,,200.000,1282048,
7.618168,RETX,1253,17.114,,200.000,1282048,
7.618634,RETX,1254,17.114,,200.000,1282048,
7.618879,RETX,1255,17.114,,200.000,1282048,
7.619071,RETX,1256,17.114,,200.000,1282048,
7.619409,RETX,1257,17.114,,200.000,1282048,
7.619693,RETX,1258,17.114,,200.000,1282048,
7.619959,RETX,1259,17.114,,200.000,1282048,
7.620227,RETX,1260,17.114,,200.000,1282048,
7.620450,RETX,1261,17.114,,200.000,1282048,
7.620701,RETX,1262,17.114,,200.000,1282048,
7.621287,RETX,1263,17.114,,200.000,1282048,
7.621501,RETX,1264,17.114,,200.000,1282048,
7.621676,RETX,1265,17.114,,200.000,1282048,
7.621845,SEND,1266,17.114,,200.000,1282048,
7.622098,SEND,1267,17.114,,200.000,1282048,
7.622731,SEND,1268,17.114,,200.000,1282048,
7.622752,STATS,-1,17.114,,200.000,1282048,base=1252 next=1269
7.622992,NAK,1252,17.114,,,1282048,
7.623047,DUPACK,1252,17.114,,,1282048,
7.623078,NAK,1252,17.114,,,1282048,
7.623107,DUPACK,1252,17.114,,,1282048,
7.623134,NAK,1252,17.114,,,1282048,
7.623161,DUPACK,1252,17.114,,,1282048,
7.623253,NAK,1252,17.114,,,1282048,
7.623305,DUPACK,1252,17.114,,,1282048,
7.648113,NAK,1252,17.114,,,1282048,
7.648302,DUPACK,1252,17.114,,,1282048,
7.654381,NAK,1252,17.114,,,1282048,
7.654643,DUPACK,1252,17.114,,,1282048,
7.654680,NAK,1252,17.114,,,1282048,
7.657674,DUPACK,1252,17.114,,,1282048,
7.659812,NAK,1252,17.114,,,1282048,
7.659882,DUPACK,1252,17.114,,,1282048,
7.666943,NAK,1252,17.114,,,1282048,
7.667014,DUPACK,1252,17.114,,,1282048,
7.667068,ACK,1253,17.172,,,1283072,"cum ack, base->1253"
7.667144,ACK,1254,17.231,,,1284096,"cum ack, base->1254"
7.667183,ACK,1255,17.289,,,1285120,"cum ack, base->1255"
7.667221,ACK,1256,17.346,,,1286144,"cum ack, base->1256"
7.667414,ACK,1257,17.404,,,1287168,"cum ack, base->1257"
7.667493,ACK,1258,17.462,,,1288192,"cum ack, base->1258"
7.669582,SEND,1269,17.462,,200.000,1288192,
7.670008,SEND,1270,17.462,,200.000,1288192,
7.670592,SEND,1271,17.462,,200.000,1288192,
7.671161,SEND,1272,17.462,,200.000,1288192,
7.671466,SEND,1273,17.462,,200.000,1288192,
7.671835,SEND,1274,17.462,,200.000,1288192,
7.672007,ACK,1259,17.519,,,1289216,"cum ack, base->1259"
7.674263,ACK,1260,17.576,,,1290240,"cum ack, base->1260"
7.674552,SEND,1275,17.576,,200.000,1290240,
7.674785,SEND,1276,17.576,,200.000,1290240,
7.674835,ACK,1261,17.633,,,1291264,"cum ack, base->1261"
7.674919,ACK,1262,17.690,,,1292288,"cum ack, base->1262"
7.674958,ACK,1263,17.746,,,1293312,"cum ack, base->1263"
7.674990,ACK,1264,17.802,,,1294336,"cum ack, base->1264"
7.675020,ACK,1265,17.859,,,1295360,"cum ack, base->1265"
7.675050,ACK,1266,17.915,,,1296384,"cum ack, base->1266"
7.675080,ACK,1268,18.026,,,1298432,"cum ack, base->1268"
7.675108,ACK,1269,18.082,,,1299456,"cum ack, base->1269"
7.677549,SEND,1277,18.082,,200.000,1299456,
7.677777,SEND,1278,18.082,,200.000,1299456,
7.678001,SEND,1279,18.082,,200.000,1299456,
7.678206,SEND,1280,18.082,,200.000,1299456,
7.678385,SEND,1281,18.082,,200.000,1299456,
7.678562,SEND,1282,18.082,,200.000,1299456,
7.678738,SEND,1283,18.082,,200.000,1299456,
7.678913,SEND,1284,18.082,,200.000,1299456,
7.679090,SEND,1285,18.082,,200.000,1299456,
7.679266,SEND,1286,18.082,,200.000,1299456,
7.722808,ACK,1270,18.137,,,1300480,"cum ack, base->1270"
7.724669,SEND,1287,18.137,,200.000,1300480,
7.724699,STATS,-1,18.137,,200.000,1300480,base=1270 next=1288
7.727639,ACK,1271,18.192,,,1301504,"cum ack, base->1271"
7.727837,ACK,1272,18.247,,,1302528,"cum ack, base->1272"
7.727890,ACK,1273,18.302,,,1303552,"cum ack, base->1273"
7.727931,ACK,1274,18.356,,,1304576,"cum ack, base->1274"
7.727973,ACK,1276,18.465,,,1306624,"cum ack, base->1276"
7.728011,ACK,1277,18.519,,,1307648,"cum ack, base->1277"
7.728075,ACK,1278,18.573,,,1308672,"cum ack, base->1278"
7.728165,ACK,1279,18.627,,,1309696,"cum ack, base->1279"
7.728223,ACK,1280,18.681,,,1310720,"cum ack, base->1280"
7.730248,SEND,1288,18.681,,200.000,1310720,
7.730596,SEND,1289,18.681,,200.000,1310720,
7.730824,SEND,1290,18.681,,200.000,1310720,
7.731030,SEND,1291,18.681,,200.000,1310720,
7.731261,SEND,1292,18.681,,200.000,1310720,
7.731476,SEND,1293,18.681,,200.000,1310720,
7.731644,SEND,1294,18.681,,200.000,1310720,
7.731811,SEND,1295,18.681,,200.000,1310720,
7.732022,SEND,1296,18.681,,200.000,1310720,
7.732200,SEND,1297,18.681,,200.000,1310720,
7.733302,NAK,1280,18.681,,,1310720,
7.733464,FASTRETX,1280,16.605,,200.000,1310720,nak
7.733563,DUPACK,1280,16.605,,,1310720,
7.733595,NAK,1280,16.605,,,1310720,
7.733621,DUPACK,1280,16.605,,,1310720,
7.733643,NAK,1280,16.605,,,1310720,
7.733664,DUPACK,1280,16.605,,,1310720,
7.733684,NAK,1280,16.605,,,1310720,
7.733704,DUPACK,1280,16.605,,,1310720,
7.733723,NAK,1280,16.605,,,1310720,
7.733743,DUPACK,1280,16.605,,,1310720,
7.733762,NAK,1280,16.605,,,1310720,
7.733781,DUPACK,1280,16.605,,,1310720,
7.734961,RETX,1280,16.605,,200.000,1310720,
7.735169,RETX,1281,16.605,,200.000,1310720,
7.735352,RETX,1282,16.605,,200.000,1310720,
7.735530,RETX,1283,16.605,,200.000,1310720,
7.735708,RETX,1284,16.605,,200.000,1310720,
7.735902,RETX,1285,16.605,,200.000,1310720,
7.736205,RETX,1286,16.605,,200.000,1310720,
7.736509,RETX,1287,16.605,,200.000,1310720,
7.736803,RETX,1288,16.605,,200.000,1310720,
7.737262,RETX,1289,16.605,,200.000,1310720,
7.737495,RETX,1290,16.605,,200.000,1310720,
7.739345,RETX,1291,16.605,,200.000,1310720,
7.739518,RETX,1292,16.605,,200.000,1310720,
7.739710,RETX,1293,16.605,,200.000,1310720,
7.739871,RETX,1294,16.605,,200.000,1310720,
7.740032,RETX,1295,16.605,,200.000,1310720,
7.763681,NAK,1280,16.605,,,1310720,
7.763714,DUPACK,1280,16.605,,,1310720,
7.777938,NAK,1280,16.605,,,1310720,
7.778000,DUPACK,1280,16.605,,,1310720,
7.778020,NAK,1280,16.605,,,1310720,
7.778039,DUPACK,1280,16.605,,,1310720,
7.778057,NAK,1280,16.605,,,1310720,
7.778074,DUPACK,1280,16.605,,,1310720,
7.778090,NAK,1280,16.605,,,1310720,
7.778107,DUPACK,1280,16.605,,,1310720,
7.779567,NAK,1280,16.605,,,1310720,
7.779598,DUPACK,1280,16.605,,,1310720,
7.779618,NAK,1280,16.605,,,1310720,
7.779638,DUPACK,1280,16.605,,,1310720,
7.779655,NAK,1280,16.605,,,1310720,
7.779672,DUPACK,1280,16.605,,,1310720,
7.781511,NAK,1280,16.605,,,1310720,
7.781533,DUPACK,1280,16.605,,,1310720,
7.781936,NAK,1280,16.605,,,1310720,
7.781958,DUPACK,1280,16.605,,,1310720,
7.781975,NAK,1280,16.605,,,1310720,
7.781992,DUPACK,1280,16.605,,,1310720,
7.786551,NAK,1280,16.605,,,1310720,
7.786660,DUPACK,1280,16.605,,,1310720,
7.786681,NAK,1280,16.605,,,1310720,
7.786699,DUPACK,1280,16.605,,,1310720,
7.786722,NAK,1280,16.605,,,1310720,
7.786739,DUPACK,1280,16.605,,,1310720,
7.786763,NAK,1280,16.605,,,1310720,
7.786780,DUPACK,1280,16.605,,,1310720,
7.786796,NAK,1280,16.605,,,1310720,
7.786812,DUPACK,1280,16.605,,,1310720,
7.787538,NAK,1280,16.605,,,1310720,
7.787574,DUPACK,1280,16.605,,,1310720,
7.787596,NAK,1280,16.605,,,1310720,
7.789740,DUPACK,1280,16.605,,,1310720,
7.789774,NAK,1280,16.605,,,1310720,
7.789796,DUPACK,1280,16.605,,,1310720,
7.789814,NAK,1280,16.605,,,1310720,
7.789832,DUPACK,1280,16.605,,,1310720,
7.789849,NAK,1280,16.605,,,1310720,
7.789865,NAK,1280,16.605,,,1310720,
7.790937,DUPACK,1280,16.605,,,1310720,
7.790958,NAK,1280,16.605,,,1310720,
7.790976,DUPACK,1280,16.605,,,1310720,
7.825415,STATS,-1,16.605,,200.000,1310720,base=1280 next=1296
7.927143,STATS,-1,16.605,,200.000,1310720,base=1280 next=1296
7.934557,TIMEOUT,1280,16.605,,200.000,1310720,timeout
7.937548,RETX,1280,16.605,,200.000,1310720,
7.937943,RETX,1281,16.605,,200.000,1310720,
7.938319,RETX,1282,16.605,,200.000,1310720,
7.938678,RETX,1283,16.605,,200.000,1310720,
7.939036,RETX,1284,16.605,,200.000,1310720,
7.939387,RETX,1285,16.605,,200.000,1310720,
7.939750,RETX,1286,16.605,,200.000,1310720,
7.940017,RETX,1287,16.605,,200.000,1310720,
7.940389,RETX,1288,16.605,,200.000,1310720,
7.940702,RETX,1289,16.605,,200.000,1310720,
7.940961,RETX,1290,16.605,,200.000,1310720,
7.941237,RETX,1291,16.605,,200.000,1310720,
7.941503,RETX,1292,16.605,,200.000,1310720,
7.941766,RETX,1293,16.605,,200.000,1310720,
7.942108,RETX,1294,16.605,,200.000,1310720,
7.942393,RETX,1295,16.605,,200.000,1310720,
7.984876,ACK,1281,16.665,,,1311744,"cum ack, base->1281"
7.986610,RETX,1296,16.665,,200.000,1311744,
7.990763,ACK,1282,16.725,,,1312768,"cum ack, base->1282"
7.991597,RETX,1297,16.725,,200.000,1312768,
7.991765,ACK,1283,16.785,,,1313792,"cum ack, base->1283"
7.994420,SEND,1298,16.785,,200.000,1313792,
7.997348,ACK,1284,16.845,,,1314816,"cum ack, base->1284"
7.997557,ACK,1285,16.904,,,1315840,"cum ack, base->1285"
7.997637,ACK,1286,16.963,,,1316864,"cum ack, base->1286"
7.997819,ACK,1287,17.022,,,1317888,"cum ack, base->1287"
7.997891,ACK,1288,17.081,,,1318912,"cum ack, base->1288"
7.998291,ACK,1289,17.140,,,1319936,"cum ack, base->1289"
7.998365,ACK,1290,17.198,,,1320960,"cum ack, base->1290"
7.998427,NAK,1290,17.198,,,1320960,
7.998446,FASTRETX,1290,17.198,,200.000,1320960,nak
7.998505,DUPACK,1290,17.198,,,1320960,
7.998559,NAK,1290,17.198,,,1320960,
7.998639,DUPACK,1290,17.198,,,1320960,
7.998674,NAK,1290,17.198,,,1320960,
7.998707,DUPACK,1290,17.198,,,1320960,
7.998904,NAK,1290,17.198,,,1320960,
7.999073,DUPACK,1290,17.198,,,1320960,
8.000016,RETX,1290,17.198,,200.000,1320960,
8.000446,RETX,1291,17.198,,200.000,1320960,
8.000824,RETX,1292,17.198,,200.000,1320960,
8.001141,RETX,1293,17.198,,200.000,1320960,
8.001353,RETX,1294,17.198,,200.000,1320960,
8.001750,RETX,1295,17.198,,200.000,1320960,
8.002294,RETX,1296,17.198,,200.000,1320960,
8.002597,RETX,1297,17.198,,200.000,1320960,
8.002948,RETX,1298,17.198,,200.000,1320960,
8.003320,SEND,1299,17.198,,200.000,1320960,
8.003540,SEND,1300,17.198,,200.000,1320960,
8.004061,SEND,1301,17.198,,200.000,1320960,
8.004355,SEND,1302,17.198,,200.000,1320960,
8.004566,SEND,1303,17.198,,200.000,1320960,
8.004773,SEND,1304,17.198,,200.000,1320960,
8.004982,SEND,1305,17.198,,200.000,1320960,
8.005221,SEND,1306,17.198,,200.000,1320960,
8.025000,NAK,1290,17.198,,,1320960,
8.029115,STATS,-1,17.198,,200.000,1320960,base=1290 next=1307
8.031809,DUPACK,1290,17.198,,,1320960,
8.032434,NAK,1290,17.198,,,1320960,
8.034747,DUPACK,1290,17.198,,,1320960,
8.036415,NAK,1290,17.198,,,1320960,
8.036482,DUPACK,1290,17.198,,,1320960,
8.059854,ACK,1291,17.256,,,1321984,"cum ack, base->1291"
8.059963,ACK,1292,17.314,,,1323008,"cum ack, base->1292"
8.060245,SEND,1307,17.314,,200.000,1323008,
8.060458,SEND,1308,17.314,,200.000,1323008,
8.060543,ACK,1294,17.429,,,1325056,"cum ack, base->1294"
8.060640,ACK,1295,17.487,,,1326080,"cum ack, base->1295"
8.060683,ACK,1296,17.544,,,1327104,"cum ack, base->1296"
8.060722,ACK,1297,17.601,,,1328128,"cum ack, base->1297"
8.060766,ACK,1298,17.658,,,1329152,"cum ack, base->1298"
8.060814,ACK,1299,17.714,,,1330176,"cum ack, base->1299"
8.060854,ACK,1300,17.771,,,1331200,"cum ack, base->1300"
8.060891,ACK,1301,17.827,,,1332224,"cum ack, base->1301"
8.060927,ACK,1302,17.883,,,1333248,"cum ack, base->1302"
8.060969,ACK,1303,17.939,,,1334272,"cum ack, base->1303"
8.061005,ACK,1304,17.995,,,1335296,"cum ack, base->1304"
8.061041,ACK,1305,18.050,,,1336320,"cum ack, base->1305"
8.061079,ACK,1306,18.106,,,1337344,"cum ack, base->1306"
8.061115,ACK,1307,18.161,,,1338368,"cum ack, base->1307"
8.062780,SEND,1309,18.161,,200.000,1338368,
8.063010,SEND,1310,18.161,,200.000,1338368,
8.063220,SEND,1311,18.161,,200.000,1338368,
8.063534,SEND,1312,18.161,,200.000,1338368,
8.063782,SEND,1313,18.161,,200.000,1338368,
8.064095,SEND,1314,18.161,,200.000,1338368,
8.064421,SEND,1315,18.161,,200.000,1338368,
8.064764,SEND,1316,18.161,,200.000,1338368,
8.064977,SEND,1317,18.161,,200.000,1338368,
8.065181,SEND,1318,18.161,,200.000,1338368,
8.065386,SEND,1319,18.161,,200.000,1338368,
8.065650,SEND,1320,18.161,,200.000,1338368,
8.065870,SEND,1321,18.161,,200.000,1338368,
8.066361,SEND,1322,18.161,,200.000,1338368,
8.066681,SEND,1323,18.161,,200.000,1338368,
8.066937,SEND,1324,18.161,,200.000,1338368,
8.098319,ACK,1308,18.216,,,1339392,"cum ack, base->1308"
8.100656,SEND,1325,18.216,,200.000,1339392,
8.100778,ACK,1309,18.271,,,1340416,"cum ack, base->1309"
8.103479,SEND,1326,18.271,,200.000,1340416,
8.109960,ACK,1310,18.326,,,1341440,"cum ack, base->1310"
8.110034,ACK,1311,18.380,,,1342464,"cum ack, base->1311"
8.110068,ACK,1312,18.435,,,1343488,"cum ack, base->1312"
8.110844,NAK,1312,18.435,,,1343488,
8.110876,FASTRETX,1312,16.386,,200.000,1343488,nak
8.110915,DUPACK,1312,16.386,,,1343488,
8.111213,RETX,1312,16.386,,200.000,1343488,
8.111425,RETX,1313,16.386,,200.000,1343488,
8.111637,RETX,1314,16.386,,200.000,1343488,
8.111814,RETX,1315,16.386,,200.000,1343488,
8.112012,RETX,1316,16.386,,200.000,1343488,
8.112238,RETX,1317,16.386,,200.000,1343488,
8.112418,RETX,1318,16.386,,200.000,1343488,
8.112624,RETX,1319,16.386,,200.000,1343488,
8.112797,RETX,1320,16.386,,200.000,1343488,
8.112969,RETX,1321,16.386,,200.000,1343488,
8.113178,RETX,1322,16.386,,200.000,1343488,
8.113355,RETX,1323,16.386,,200.000,1343488,
8.113557,RETX,1324,16.386,,200.000,1343488,
8.113858,RETX,1325,16.386,,200.000,1343488,
8.114048,RETX,1326,16.386,,200.000,1343488,
8.114226,SEND,1327,16.386,,200.000,1343488,
8.114385,NAK,1312,16.386,,,1343488,
8.114440,DUPACK,1312,16.386,,,1343488,
8.114488,NAK,1312,16.386,,,1343488,
8.114517,DUPACK,1312,16.386,,,1343488,
8.114552,NAK,1312,16.386,,,1343488,
8.114580,DUPACK,1312,16.386,,,1343488,
8.114607,NAK,1312,16.386,,,1343488,
8.114638,DUPACK,1312,16.386,,,1343488,
8.114664,NAK,1312,16.386,,,1343488,
8.114690,DUPACK,1312,16.386,,,1343488,
8.116486,NAK,1312,16.386,,,1343488,
8.116551,DUPACK,1312,16.386,,,1343488,
8.118056,NAK,1312,16.386,,,1343488,
8.118115,DUPACK,1312,16.386,,,1343488,
8.118144,DUPACK,1312,16.386,,,1343488,
8.120049,NAK,1312,16.386,,,1343488,
8.120144,DUPACK,1312,16.386,,,1343488,
8.120174,NAK,1312,16.386,,,1343488,
8.120321,NAK,1312,16.386,,,1343488,
8.120386,DUPACK,1312,16.386,,,1343488,
8.131618,STATS,-1,16.386,,200.000,1343488,base=1312 next=1328
8.139355,NAK,1312,16.386,,,1343488,
8.150794,DUPACK,1312,16.386,,,1343488,
8.150846,NAK,1312,16.386,,,1343488,
8.150881,DUPACK,1312,16.386,,,1343488,
8.160620,ACK,1313,16.447,,,1344512,"cum ack, base->1313"
8.160817,ACK,1314,16.508,,,1345536,"cum ack, base->1314"
8.162662,SEND,1328,16.508,,200.000,1345536,
8.162905,SEND,1329,16.508,,200.000,1345536,
8.166860,ACK,1315,16.569,,,1346560,"cum ack, base->1315"
8.167132,ACK,1316,16.629,,,1347584,"cum ack, base->1316"
8.167183,ACK,1317,16.689,,,1348608,"cum ack, base->1317"
8.167239,ACK,1318,16.749,,,1349632,"cum ack, base->1318"
8.167271,ACK,1319,16.809,,,1350656,"cum ack, base->1319"
8.167303,ACK,1320,16.868,,,1351680,"cum ack, base->1320"
8.167333,ACK,1321,16.928,,,1352704,"cum ack, base->1321"
8.167363,ACK,1322,16.987,,,1353728,"cum ack, base->1322"
8.167392,ACK,1323,17.046,,,1354752,"cum ack, base->1323"
8.167421,ACK,1324,17.104,,,1355776,"cum ack, base->1324"
8.167450,ACK,1325,17.163,,,1356800,"cum ack, base->1325"
8.167479,ACK,1326,17.221,,,1357824,"cum ack, base->1326"
8.167508,ACK,1327,17.279,,,1358848,"cum ack, base->1327"
8.167537,ACK,1328,17.337,,,1359872,"cum ack, base->1328"
8.170034,SEND,1330,17.337,,200.000,1359872,
8.170253,SEND,1331,17.337,,200.000,1359872,
8.170528,SEND,1332,17.337,,200.000,1359872,
8.170751,SEND,1333,17.337,,200.000,1359872,
8.171127,SEND,1334,17.337,,200.000,1359872,
8.171358,SEND,1335,17.337,,200.000,1359872,
8.171586,SEND,1336,17.337,,200.000,1359872,
8.171813,SEND,1337,17.337,,200.000,1359872,
8.172039,SEND,1338,17.337,,200.000,1359872,
8.172263,SEND,1339,17.337,,200.000,1359872,
8.172563,SEND,1340,17.337,,200.000,1359872,
8.172800,SEND,1341,17.337,,200.000,1359872,
8.173013,SEND,1342,17.337,,200.000,1359872,
8.173190,SEND,1343,17.337,,200.000,1359872,
8.173366,SEND,1344,17.337,,200.000,1359872,
8.202189,ACK,1329,17.395,,,1360896,"cum ack, base->1329"
8.203451,SEND,1345,17.395,,200.000,1360896,
8.205673,ACK,1330,17.452,,,1361920,"cum ack, base->1330"
8.208265,SEND,1346,17.452,,200.000,1361920,
8.216565,ACK,1331,17.509,,,1362944,"cum ack, base->1331"
8.216646,ACK,1332,17.567,,,1363968,"cum ack, base->1332"
8.216693,ACK,1333,17.623,,,1364992,"cum ack, base->1333"
8.216735,ACK,1334,17.680,,,1366016,"cum ack, base->1334"
8.218958,SEND,1347,17.680,,200.000,1366016,
8.219218,SEND,1348,17.680,,200.000,1366016,
8.219425,SEND,1349,17.680,,200.000,1366016,
8.220283,SEND,1350,17.680,,200.000,1366016,
8.222363,ACK,1335,17.737,,,1367040,"cum ack, base->1335"
8.222496,NAK,1335,17.737,,,1367040,
8.222529,FASTRETX,1335,15.766,,200.000,1367040,nak
8.222597,DUPACK,1335,15.766,,,1367040,
8.222651,NAK,1335,15.766,,,1367040,
8.222689,DUPACK,1335,15.766,,,1367040,
8.222721,NAK,1335,15.766,,,1367040,
8.222752,DUPACK,1335,15.766,,,1367040,
8.222784,NAK,1335,15.766,,,1367040,
8.222814,DUPACK,1335,15.766,,,1367040,
8.222844,NAK,1335,15.766,,,1367040,
8.223100,RETX,1335,15.766,,200.000,1367040,
8.223392,RETX,1336,15.766,,200.000,1367040,
8.223611,RETX,1337,15.766,,200.000,1367040,
8.223818,RETX,1338,15.766,,200.000,1367040,
8.224058,RETX,1339,15.766,,200.000,1367040,
8.224270,RETX,1340,15.766,,200.000,1367040,
8.224474,RETX,1341,15.766,,200.000,1367040,
8.224681,RETX,1342,15.766,,200.000,1367040,
8.224888,RETX,1343,15.766,,200.000,1367040,
8.225098,RETX,1344,15.766,,200.000,1367040,
8.225369,RETX,1345,15.766,,200.000,1367040,
8.225681,RETX,1346,15.766,,200.000,1367040,
8.225914,RETX,1347,15.766,,200.000,1367040,
8.226141,RETX,1348,15.766,,200.000,1367040,
8.226365,RETX,1349,15.766,,200.000,1367040,
8.226457,DUPACK,1335,15.766,,,1367040,
8.226526,NAK,1335,15.766,,,1367040,
8.226559,DUPACK,1335,15.766,,,1367040,
8.226586,DUPACK,1335,15.766,,,1367040,
8.226612,NAK,1335,15.766,,,1367040,
8.226638,DUPACK,1335,15.766,,,1367040,
8.226662,NAK,1335,15.766,,,1367040,
8.226687,DUPACK,1335,15.766,,,1367040,
8.234027,STATS,-1,15.766,,200.000,1367040,base=1335 next=1350
8.245179,NAK,1335,15.766,,,1367040,
8.253260,DUPACK,1335,15.766,,,1367040,
8.254870,NAK,1335,15.766,,,1367040,
8.262326,DUPACK,1335,15.766,,,1367040,
8.265348,DUPACK,1335,15.766,,,1367040,
8.265390,NAK,1335,15.766,,,1367040,
8.265422,DUPACK,1335,15.766,,,1367040,
8.265450,NAK,1335,15.766,,,1367040,
8.265478,DUPACK,1335,15.766,,,1367040,
8.265694,ACK,1336,15.829,,,1368064,"cum ack, base->1336"
8.266358,RETX,1350,15.829,,200.000,1368064,
8.269065,ACK,1337,15.893,,,1369088,"cum ack, base->1337"
8.271599,SEND,1351,15.893,,200.000,1369088,
8.272923,ACK,1338,15.956,,,1370112,"cum ack, base->1338"
8.272953,ACK,1340,16.081,,,1372160,"cum ack, base->1340"
8.274312,SEND,1352,16.081,,200.000,1372160,
8.274500,SEND,1353,16.081,,200.000,1372160,
8.274679,SEND,1354,16.081,,200.000,1372160,
8.274860,SEND,1355,16.081,,200.000,1372160,
8.275358,NAK,1340,16.081,,,1372160,
8.275368,FASTRETX,1340,16.081,,200.000,1372160,nak
8.275393,DUPACK,1340,16.081,,,1372160,
8.277572,RETX,1340,16.081,,200.000,1372160,
8.277760,RETX,1341,16.081,,200.000,1372160,
8.277947,RETX,1342,16.081,,200.000,1372160,
8.278135,RETX,1343,16.081,,200.000,1372160,
8.278320,RETX,1344,16.081,,200.000,1372160,
8.278507,RETX,1345,16.081,,200.000,1372160,
8.278694,RETX,1346,16.081,,200.000,1372160,
8.278865,RETX,1347,16.081,,200.000,1372160,
8.279020,RETX,1348,16.081,,200.000,1372160,
8.279175,RETX,1349,16.081,,200.000,1372160,
8.279332,RETX,1350,16.081,,200.000,1372160,
8.279485,RETX,1351,16.081,,200.000,1372160,
8.279641,RETX,1352,16.081,,200.000,1372160,
8.279800,RETX,1353,16.081,,200.000,1372160,
8.279958,RETX,1354,16.081,,200.000,1372160,
8.280119,RETX,1355,16.081,,200.000,1372160,
8.280167,NAK,1340,16.081,,,1372160,
8.280191,DUPACK,1340,16.081,,,1372160,
8.280208,NAK,1340,16.081,,,1372160,
8.280226,DUPACK,1340,16.081,,,1372160,
8.280243,NAK,1340,16.081,,,1372160,
8.280259,DUPACK,1340,16.081,,,1372160,
8.280274,NAK,1340,16.081,,,1372160,
8.280290,DUPACK,1340,16.081,,,1372160,
8.280305,NAK,1340,16.081,,,1372160,
8.280321,DUPACK,1340,16.081,,,1372160,
8.280336,NAK,1340,16.081,,,1372160,
8.280351,DUPACK,1340,16.081,,,1372160,
8.280366,NAK,1340,16.081,,,1372160,
8.280381,DUPACK,1340,16.081,,,1372160,
8.280396,NAK,1340,16.081,,,1372160,
8.315434,NAK,1340,16.081,,,1372160,
8.315464,DUPACK,1340,16.081,,,1372160,
8.322690,NAK,1340,16.081,,,1372160,
8.322721,DUPACK,1340,16.081,,,1372160,
8.322741,DUPACK,1340,16.081,,,1372160,
8.322758,NAK,1340,16.081,,,1372160,
8.322775,DUPACK,1340,16.081,,,1372160,
8.322791,NAK,1340,16.081,,,1372160,
8.322807,DUPACK,1340,16.081,,,1372160,
8.324882,DUPACK,1340,16.081,,,1372160,
8.324917,ACK,1341,16.143,,,1373184,"cum ack, base->1341"
8.324941,ACK,1342,16.205,,,1374208,"cum ack, base->1342"
8.324962,ACK,1343,16.266,,,1375232,"cum ack, base->1343"
8.325523,SEND,1356,16.266,,200.000,1375232,
8.325676,SEND,1357,16.266,,200.000,1375232,
8.325836,SEND,1358,16.266,,200.000,1375232,
8.331950,ACK,1344,16.328,,,1376256,"cum ack, base->1344"
8.331994,ACK,1345,16.389,,,1377280,"cum ack, base->1345"
8.332026,ACK,1346,16.450,,,1378304,"cum ack, base->1346"
8.332060,ACK,1347,16.511,,,1379328,"cum ack, base->1347"
8.332089,ACK,1348,16.572,,,1380352,"cum ack, base->1348"
8.332120,ACK,1350,16.692,,,1382400,"cum ack, base->1350"
8.332158,ACK,1351,16.752,,,1383424,"cum ack, base->1351"
8.332185,NAK,1351,16.752,,,1383424,
8.332199,FASTRETX,1351,14.891,,200.000,1383424,nak
8.332228,DUPACK,1351,14.891,,,1383424,
8.332264,NAK,1351,14.891,,,1383424,
8.332289,DUPACK,1351,14.891,,,1383424,
8.332312,NAK,1351,14.891,,,1383424,
8.332337,DUPACK,1351,14.891,,,1383424,
8.332360,NAK,1351,14.891,,,1383424,
8.332384,DUPACK,1351,14.891,,,1383424,
8.333630,RETX,1351,14.891,,200.000,1383424,
8.333859,RETX,1352,14.891,,200.000,1383424,
8.334084,RETX,1353,14.891,,200.000,1383424,
8.334310,RETX,1354,14.891,,200.000,1383424,
8.334533,RETX,1355,14.891,,200.000,1383424,
8.334758,RETX,1356,14.891,,200.000,1383424,
8.334982,RETX,1357,14.891,,200.000,1383424,
8.335207,RETX,1358,14.891,,200.000,1383424,
8.335432,SEND,1359,14.891,,200.000,1383424,
8.335658,SEND,1360,14.891,,200.000,1383424,
8.335883,SEND,1361,14.891,,200.000,1383424,
8.336082,SEND,1362,14.891,,200.000,1383424,
8.336260,SEND,1363,14.891,,200.000,1383424,
8.336436,SEND,1364,14.891,,200.000,1383424,
8.336445,STATS,-1,14.891,,200.000,1383424,base=1351 next=1365
8.380891,NAK,1351,14.891,,,1383424,
8.381023,DUPACK,1351,14.891,,,1383424,
8.381169,ACK,1352,14.958,,,1384448,"cum ack, base->1352"
8.381228,ACK,1353,15.025,,,1385472,"cum ack, base->1353"
8.381576,SEND,1365,15.025,,200.000,1385472,
8.381819,SEND,1366,15.025,,200.000,1385472,
8.382084,SEND,1367,15.025,,200.000,1385472,
8.382160,ACK,1354,15.091,,,1386496,"cum ack, base->1354"
8.382425,ACK,1355,15.157,,,1387520,"cum ack, base->1355"
8.382479,ACK,1356,15.223,,,1388544,"cum ack, base->1356"
8.382522,ACK,1357,15.289,,,1389568,"cum ack, base->1357"
8.382601,ACK,1358,15.355,,,1390592,"cum ack, base->1358"
8.384702,SEND,1368,15.355,,200.000,1390592,
8.385146,SEND,1369,15.355,,200.000,1390592,
8.385363,SEND,1370,15.355,,200.000,1390592,
8.385787,SEND,1371,15.355,,200.000,1390592,
8.386202,SEND,1372,15.355,,200.000,1390592,
8.386464,ACK,1359,15.420,,,1391616,"cum ack, base->1359"
8.386592,ACK,1361,15.549,,,1393664,"cum ack, base->1361"
8.386637,ACK,1362,15.613,,,1394688,"cum ack, base->1362"
8.388248,ACK,1363,15.677,,,1395712,"cum ack, base->1363"
8.388323,ACK,1364,15.741,,,1396736,"cum ack, base->1364"
8.388359,ACK,1365,15.805,,,1397760,"cum ack, base->1365"
8.389274,SEND,1373,15.805,,200.000,1397760,
8.389497,SEND,1374,15.805,,200.000,1397760,
8.389699,SEND,1375,15.805,,200.000,1397760,
8.389907,SEND,1376,15.805,,200.000,1397760,
8.390122,SEND,1377,15.805,,200.000,1397760,
8.390513,SEND,1378,15.805,,200.000,1397760,
8.390735,SEND,1379,15.805,,200.000,1397760,
8.424352,ACK,1366,15.868,,,1398784,"cum ack, base->1366"
8.425798,SEND,1380,15.868,,200.000,1398784,
8.427085,ACK,1367,15.931,,,1399808,"cum ack, base->1367"
8.427177,ACK,1368,15.994,,,1400832,"cum ack, base->1368"
8.427216,NAK,1368,15.994,,,1400832,
8.427231,FASTRETX,1368,14.217,,200.000,1400832,nak
8.428241,RETX,1368,14.217,,200.000,1400832,
8.428465,RETX,1369,14.217,,200.000,1400832,
8.428669,RETX,1370,14.217,,200.000,1400832,
8.428982,RETX,1371,14.217,,200.000,1400832,
8.429213,RETX,1372,14.217,,200.000,1400832,
8.429501,RETX,1373,14.217,,200.000,1400832,
8.429717,RETX,1374,14.217,,200.000,1400832,
8.429946,RETX,1375,14.217,,200.000,1400832,
8.430206,RETX,1376,14.217,,200.000,1400832,
8.430407,RETX,1377,14.217,,200.000,1400832,
8.430633,RETX,1378,14.217,,200.000,1400832,
8.430809,RETX,1379,14.217,,200.000,1400832,
8.431210,RETX,1380,14.217,,200.000,1400832,
8.431400,SEND,1381,14.217,,200.000,1400832,
8.433220,DUPACK,1368,14.217,,,1400832,
8.433277,NAK,1368,14.217,,,1400832,
8.433309,DUPACK,1368,14.217,,,1400832,
8.433335,DUPACK,1368,14.217,,,1400832,
8.433360,NAK,1368,14.217,,,1400832,
8.433386,DUPACK,1368,14.217,,,1400832,
8.437841,NAK,1368,14.217,,,1400832,
8.438473,DUPACK,1368,14.217,,,1400832,
8.438524,STATS,-1,14.217,,200.000,1400832,base=1368 next=1382
8.438601,NAK,1368,14.217,,,1400832,
8.438641,DUPACK,1368,14.217,,,1400832,
8.438703,NAK,1368,14.217,,,1400832,
8.439696,NAK,1368,14.217,,,1400832,
8.439769,DUPACK,1368,14.217,,,1400832,
8.442224,NAK,1368,14.217,,,1400832,
8.442310,DUPACK,1368,14.217,,,1400832,
8.442345,DUPACK,1368,14.217,,,1400832,
8.445348,NAK,1368,14.217,,,1400832,
8.445402,DUPACK,1368,14.217,,,1400832,
8.484515,NAK,1368,14.217,,,1400832,
8.484661,DUPACK,1368,14.217,,,1400832,
8.484792,ACK,1369,14.287,,,1401856,"cum ack, base->1369"
8.484852,ACK,1370,14.357,,,1402880,"cum ack, base->1370"
8.484893,ACK,1371,14.427,,,1403904,"cum ack, base->1371"
8.484925,ACK,1372,14.496,,,1404928,"cum ack, base->1372"
8.484956,ACK,1373,14.565,,,1405952,"cum ack, base->1373"
8.484986,ACK,1374,14.634,,,1406976,"cum ack, base->1374"
8.485016,ACK,1375,14.702,,,1408000,"cum ack, base->1375"
8.485047,ACK,1376,14.770,,,1409024,"cum ack, base->1376"
8.485077,ACK,1377,14.838,,,1410048,"cum ack, base->1377"
8.485107,ACK,1378,14.905,,,1411072,"cum ack, base->1378"
8.485133,NAK,1378,14.905,,,1411072,
8.485143,FASTRETX,1378,14.905,,200.000,1411072,nak
8.485238,DUPACK,1378,14.905,,,1411072,
8.485269,NAK,1378,14.905,,,1411072,
8.485297,DUPACK,1378,14.905,,,1411072,
8.486999,RETX,1378,14.905,,200.000,1411072,
8.487337,RETX,1379,14.905,,200.000,1411072,
8.487535,RETX,1380,14.905,,200.000,1411072,
8.487747,RETX,1381,14.905,,200.000,1411072,
8.487948,SEND,1382,14.905,,200.000,1411072,
8.488122,SEND,1383,14.905,,200.000,1411072,
8.488383,SEND,1384,14.905,,200.000,1411072,
8.488565,SEND,1385,14.905,,200.000,1411072,
8.488853,SEND,1386,14.905,,200.000,1411072,
8.489060,SEND,1387,14.905,,200.000,1411072,
8.489249,SEND,1388,14.905,,200.000,1411072,
8.489436,SEND,1389,14.905,,200.000,1411072,
8.489618,SEND,1390,14.905,,200.000,1411072,
8.489798,SEND,1391,14.905,,200.000,1411072,
8.537091,ACK,1379,14.972,,,1412096,"cum ack, base->1379"
8.538276,NAK,1379,14.972,,,1412096,
8.538303,FASTRETX,1379,14.972,,200.000,1412096,nak
8.538370,DUPACK,1379,14.972,,,1412096,
8.538401,NAK,1379,14.972,,,1412096,
8.538429,DUPACK,1379,14.972,,,1412096,
8.538453,NAK,1379,14.972,,,1412096,
8.538479,DUPACK,1379,14.972,,,1412096,
8.539020,RETX,1379,14.972,,200.000,1412096,
8.539198,RETX,1380,14.972,,200.000,1412096,
8.539366,RETX,1381,14.972,,200.000,1412096,
8.539541,RETX,1382,14.972,,200.000,1412096,
8.539705,RETX,1383,14.972,,200.000,1412096,
8.539904,RETX,1384,14.972,,200.000,1412096,
8.540099,RETX,1385,14.972,,200.000,1412096,
8.540554,RETX,1386,14.972,,200.000,1412096,
8.540732,RETX,1387,14.972,,200.000,1412096,
8.541153,RETX,1388,14.972,,200.000,1412096,
8.541430,RETX,1389,14.972,,200.000,1412096,
8.541914,RETX,1390,14.972,,200.000,1412096,
8.542090,RETX,1391,14.972,,200.000,1412096,
8.542259,SEND,1392,14.972,,200.000,1412096,
8.542272,STATS,-1,14.972,,200.000,1412096,base=1379 next=1393
8.543543,NAK,1379,14.972,,,1412096,
8.543596,DUPACK,1379,14.972,,,1412096,
8.543626,NAK,1379,14.972,,,1412096,
8.543653,DUPACK,1379,14.972,,,1412096,
8.543680,NAK,1379,14.972,,,1412096,
8.543707,NAK,1379,14.972,,,1412096,
8.545568,DUPACK,1379,14.972,,,1412096,
8.545651,NAK,1379,14.972,,,1412096,
8.545742,DUPACK,1379,14.972,,,1412096,
8.545779,NAK,1379,14.972,,,1412096,
8.546299,DUPACK,1379,14.972,,,1412096,
8.546356,NAK,1379,14.972,,,1412096,
8.546397,DUPACK,1379,14.972,,,1412096,
8.546428,NAK,1379,14.972,,,1412096,
8.546459,DUPACK,1379,14.972,,,1412096,
8.546489,NAK,1379,14.972,,,1412096,
8.577912,ACK,1380,15.039,,,1413120,"cum ack, base->1380"
8.580430,SEND,1393,15.039,,200.000,1413120,
8.580620,SEND,1394,15.039,,200.000,1413120,
8.583597,ACK,1381,15.106,,,1414144,"cum ack, base->1381"
8.583847,SEND,1395,15.106,,200.000,1414144,
8.585584,ACK,1382,15.172,,,1415168,"cum ack, base->1382"
8.585685,ACK,1383,15.238,,,1416192,"cum ack, base->1383"
8.586593,SEND,1396,15.238,,200.000,1416192,
8.586971,SEND,1397,15.238,,200.000,1416192,
8.588377,NAK,1383,15.238,,,1416192,
8.588392,FASTRETX,1383,13.545,,200.000,1416192,nak
8.588425,DUPACK,1383,13.545,,,1416192,
8.589780,RETX,1383,13.545,,200.000,1416192,
8.590100,RETX,1384,13.545,,200.000,1416192,
8.590299,RETX,1385,13.545,,200.000,1416192,
8.590484,RETX,1386,13.545,,200.000,1416192,
8.590659,RETX,1387,13.545,,200.000,1416192,
8.590849,RETX,1388,13.545,,200.000,1416192,
8.591036,RETX,1389,13.545,,200.000,1416192,
8.591206,RETX,1390,13.545,,200.000,1416192,
8.591381,RETX,1391,13.545,,200.000,1416192,
8.591559,RETX,1392,13.545,,200.000,1416192,
8.591733,RETX,1393,13.545,,200.000,1416192,
8.591899,RETX,1394,13.545,,200.000,1416192,
8.592067,RETX,1395,13.545,,200.000,1416192,
8.592186,NAK,1383,13.545,,,1416192,
8.592238,DUPACK,1383,13.545,,,1416192,
8.593556,NAK,1383,13.545,,,1416192,
8.593613,DUPACK,1383,13.545,,,1416192,
8.593644,NAK,1383,13.545,,,1416192,
8.593670,NAK,1383,13.545,,,1416192,
8.593696,DUPACK,1383,13.545,,,1416192,
8.595168,NAK,1383,13.545,,,1416192,
8.595251,DUPACK,1383,13.545,,,1416192,
8.595287,NAK,1383,13.545,,,1416192,
8.595316,DUPACK,1383,13.545,,,1416192,
8.595344,NAK,1383,13.545,,,1416192,
8.595371,DUPACK,1383,13.545,,,1416192,
8.595397,NAK,1383,13.545,,,1416192,
8.595422,DUPACK,1383,13.545,,,1416192,
8.619266,NAK,1383,13.545,,,1416192,
8.620676,DUPACK,1383,13.545,,,1416192,
8.620698,NAK,1383,13.545,,,1416192,
8.620717,DUPACK,1383,13.545,,,1416192,
8.621272,NAK,1383,13.545,,,1416192,
8.621292,DUPACK,1383,13.545,,,1416192,
8.633686,NAK,1383,13.545,,,1416192,
8.633710,DUPACK,1383,13.545,,,1416192,
8.640215,ACK,1384,13.618,,,1417216,"cum ack, base->1384"
8.640247,ACK,1385,13.692,,,1418240,"cum ack, base->1385"
8.640269,NAK,1385,13.692,,,1418240,
8.640277,FASTRETX,1385,13.692,,200.000,1418240,nak
8.641274,DUPACK,1385,13.692,,,1418240,
8.641304,DUPACK,1385,13.692,,,1418240,
8.641324,NAK,1385,13.692,,,1418240,
8.641344,DUPACK,1385,13.692,,,1418240,
8.641362,NAK,1385,13.692,,,1418240,
8.641382,DUPACK,1385,13.692,,,1418240,
8.642718,RETX,1385,13.692,,200.000,1418240,
8.642901,RETX,1386,13.692,,200.000,1418240,
8.643078,RETX,1387,13.692,,200.000,1418240,
8.643253,RETX,1388,13.692,,200.000,1418240,
8.643428,RETX,1389,13.692,,200.000,1418240,
8.643603,RETX,1390,13.692,,200.000,1418240,
8.643778,RETX,1391,13.692,,200.000,1418240,
8.643953,RETX,1392,13.692,,200.000,1418240,
8.644129,RETX,1393,13.692,,200.000,1418240,
8.644303,RETX,1394,13.692,,200.000,1418240,
8.644480,RETX,1395,13.692,,200.000,1418240,
8.644656,RETX,1396,13.692,,200.000,1418240,
8.644832,RETX,1397,13.692,,200.000,1418240,
8.644841,STATS,-1,13.692,,200.000,1418240,base=1385 next=1398
8.644889,NAK,1385,13.692,,,1418240,
8.644912,DUPACK,1385,13.692,,,1418240,
8.644931,NAK,1385,13.692,,,1418240,
8.644951,DUPACK,1385,13.692,,,1418240,
8.644969,DUPACK,1385,13.692,,,1418240,
8.644987,DUPACK,1385,13.692,,,1418240,
8.645005,NAK,1385,13.692,,,1418240,
8.645024,DUPACK,1385,13.692,,,1418240,
8.645042,NAK,1385,13.692,,,1418240,
8.645060,DUPACK,1385,13.692,,,1418240,
8.694892,ACK,1386,13.765,,,1419264,"cum ack, base->1386"
8.695004,ACK,1387,13.837,,,1420288,"cum ack, base->1387"
8.695052,ACK,1388,13.910,,,1421312,"cum ack, base->1388"
8.695086,ACK,1389,13.982,,,1422336,"cum ack, base->1389"
8.695121,ACK,1390,14.053,,,1423360,"cum ack, base->1390"
8.695153,ACK,1391,14.124,,,1424384,"cum ack, base->1391"
8.695184,ACK,1392,14.195,,,1425408,"cum ack, base->1392"
8.695214,ACK,1393,14.266,,,1426432,"cum ack, base->1393"
8.695244,ACK,1394,14.336,,,1427456,"cum ack, base->1394"
8.695274,ACK,1395,14.405,,,1428480,"cum ack, base->1395"
8.695304,ACK,1396,14.475,,,1429504,"cum ack, base->1396"
8.695334,ACK,1397,14.544,,,1430528,"cum ack, base->1397"
8.695405,ACK,1398,14.613,,,1431552,"cum ack, base->1398"
8.697063,SEND,1398,14.613,,200.000,1431552,
8.697495,SEND,1399,14.613,,200.000,1431552,
8.697692,SEND,1400,14.613,,200.000,1431552,
8.697867,SEND,1401,14.613,,200.000,1431552,
8.698093,SEND,1402,14.613,,200.000,1431552,
8.698363,SEND,1403,14.613,,200.000,1431552,
8.698538,SEND,1404,14.613,,200.000,1431552,
8.698751,SEND,1405,14.613,,200.000,1431552,
8.698933,SEND,1406,14.613,,200.000,1431552,
8.701867,SEND,1407,14.613,,200.000,1431552,
8.702253,SEND,1408,14.613,,200.000,1431552,
8.702657,SEND,1409,14.613,,200.000,1431552,
8.702839,SEND,1410,14.613,,200.000,1431552,
8.703007,SEND,1411,14.613,,200.000,1431552,
8.744863,ACK,1399,14.681,,,1432576,"cum ack, base->1399"
8.745032,ACK,1400,14.749,,,1433600,"cum ack, base->1400"
8.745117,ACK,1401,14.817,,,1434624,"cum ack, base->1401"
8.745192,ACK,1402,14.885,,,1435648,"cum ack, base->1402"
8.745242,ACK,1403,14.952,,,1436672,"cum ack, base->1403"
8.745292,ACK,1404,15.019,,,1437696,"cum ack, base->1404"
8.745339,ACK,1405,15.085,,,1438720,"cum ack, base->1405"
8.745389,ACK,1406,15.151,,,1439744,"cum ack, base->1406"
8.747241,SEND,1412,15.151,,200.000,1439744,
8.747532,SEND,1413,15.151,,200.000,1439744,
8.747794,SEND,1414,15.151,,200.000,1439744,
8.748220,SEND,1415,15.151,,200.000,1439744,
8.748679,SEND,1416,15.151,,200.000,1439744,
8.749895,SEND,1417,15.151,,200.000,1439744,
8.750351,SEND,1418,15.151,,200.000,1439744,
8.750619,SEND,1419,15.151,,200.000,1439744,
8.750883,SEND,1420,15.151,,200.000,1439744,
8.750902,STATS,-1,15.151,,200.000,1439744,base=1406 next=1421
8.751100,ACK,1407,15.217,,,1440768,"cum ack, base->1407"
8.751303,ACK,1408,15.283,,,1441792,"cum ack, base->1408"
8.753487,SEND,1421,15.283,,200.000,1441792,
8.753713,SEND,1422,15.283,,200.000,1441792,
8.756140,ACK,1409,15.349,,,1442816,"cum ack, base->1409"
8.756226,ACK,1410,15.414,,,1443840,"cum ack, base->1410"
8.756277,ACK,1411,15.479,,,1444864,"cum ack, base->1411"
8.756328,ACK,1412,15.543,,,1445888,"cum ack, base->1412"
8.758700,SEND,1423,15.543,,200.000,1445888,
8.758987,SEND,1424,15.543,,200.000,1445888,
8.759429,SEND,1425,15.543,,200.000,1445888,
8.759800,SEND,1426,15.543,,200.000,1445888,
8.786665,ACK,1413,15.608,,,1446912,"cum ack, base->1413"
8.787638,SEND,1427,15.608,,200.000,1446912,
8.798023,ACK,1414,15.672,,,1447936,"cum ack, base->1414"
8.803899,SEND,1428,15.672,,200.000,1447936,
8.804177,ACK,1415,15.735,,,1448960,"cum ack, base->1415"
8.804272,ACK,1416,15.799,,,1449984,"cum ack, base->1416"
8.804308,ACK,1417,15.862,,,1451008,"cum ack, base->1417"
8.804340,ACK,1418,15.925,,,1452032,"cum ack, base->1418"
8.804371,ACK,1419,15.988,,,1453056,"cum ack, base->1419"
8.804403,ACK,1420,16.051,,,1454080,"cum ack, base->1420"
8.804433,ACK,1421,16.113,,,1455104,"cum ack, base->1421"
8.804464,ACK,1422,16.175,,,1456128,"cum ack, base->1422"
8.804494,ACK,1423,16.237,,,1457152,"cum ack, base->1423"
8.804524,ACK,1424,16.298,,,1458176,"cum ack, base->1424"
8.804554,ACK,1425,16.360,,,1459200,"cum ack, base->1425"
8.804790,ACK,1426,16.421,,,1460224,"cum ack, base->1426"
8.806892,SEND,1429,16.421,,200.000,1460224,
8.808060,SEND,1430,16.421,,200.000,1460224,
8.808374,SEND,1431,16.421,,200.000,1460224,
8.808555,SEND,1432,16.421,,200.000,1460224,
8.808722,SEND,1433,16.421,,200.000,1460224,
8.809202,SEND,1434,16.421,,200.000,1460224,
8.809436,SEND,1435,16.421,,200.000,1460224,
8.809663,SEND,1436,16.421,,200.000,1460224,
8.809894,SEND,1437,16.421,,200.000,1460224,
8.810121,SEND,1438,16.421,,200.000,1460224,
8.810349,SEND,1439,16.421,,200.000,1460224,
8.810577,SEND,1440,16.421,,200.000,1460224,
8.810813,SEND,1441,16.421,,200.000,1460224,
8.811397,ACK,1427,16.482,,,1461248,"cum ack, base->1427"
8.813581,SEND,1442,16.482,,200.000,1461248,
8.832714,ACK,1428,16.543,,,1462272,"cum ack, base->1428"
8.833680,SEND,1443,16.543,,200.000,1462272,
8.840611,ACK,1429,16.603,,,1463296,"cum ack, base->1429"
8.840661,ACK,1430,16.663,,,1464320,"cum ack, base->1430"
8.841430,SEND,1444,16.663,,200.000,1464320,
8.841620,SEND,1445,16.663,,200.000,1464320,
8.850814,ACK,1431,16.723,,,1465344,"cum ack, base->1431"
8.852058,SEND,1446,16.723,,200.000,1465344,
8.852118,STATS,-1,16.723,,200.000,1465344,base=1431 next=1447
8.858210,ACK,1432,16.783,,,1466368,"cum ack, base->1432"
8.858308,ACK,1433,16.843,,,1467392,"cum ack, base->1433"
8.858344,ACK,1434,16.902,,,1468416,"cum ack, base->1434"
8.859635,SEND,1447,16.902,,200.000,1468416,
8.859835,SEND,1448,16.902,,200.000,1468416,
8.860009,SEND,1449,16.902,,200.000,1468416,
8.861465,ACK,1435,16.961,,,1469440,"cum ack, base->1435"
8.861515,NAK,1435,16.961,,,1469440,
8.861532,FASTRETX,1435,15.077,,200.000,1469440,nak
8.861561,DUPACK,1435,15.077,,,1469440,
8.861587,NAK,1435,15.077,,,1469440,
8.861617,DUPACK,1435,15.077,,,1469440,
8.861811,NAK,1435,15.077,,,1469440,
8.862090,DUPACK,1435,15.077,,,1469440,
8.862333,RETX,1435,15.077,,200.000,1469440,
8.862559,RETX,1436,15.077,,200.000,1469440,
8.862820,RETX,1437,15.077,,200.000,1469440,
8.863035,RETX,1438,15.077,,200.000,1469440,
8.863242,RETX,1439,15.077,,200.000,1469440,
8.863455,RETX,1440,15.077,,200.000,1469440,
8.863661,RETX,1441,15.077,,200.000,1469440,
8.863868,RETX,1442,15.077,,200.000,1469440,
8.864078,RETX,1443,15.077,,200.000,1469440,
8.864394,RETX,1444,15.077,,200.000,1469440,
8.864636,RETX,1445,15.077,,200.000,1469440,
8.864864,RETX,1446,15.077,,200.000,1469440,
8.865089,RETX,1447,15.077,,200.000,1469440,
8.865314,RETX,1448,15.077,,200.000,1469440,
8.865539,RETX,1449,15.077,,200.000,1469440,
8.865642,NAK,1435,15.077,,,1469440,
8.865687,DUPACK,1435,15.077,,,1469440,
8.865724,NAK,1435,15.077,,,1469440,
8.865757,DUPACK,1435,15.077,,,1469440,
8.865786,NAK,1435,15.077,,,1469440,
8.865816,DUPACK,1435,15.077,,,1469440,
8.865844,NAK,1435,15.077,,,1469440,
8.877844,NAK,1435,15.077,,,1469440,
8.877885,DUPACK,1435,15.077,,,1469440,
8.881081,NAK,1435,15.077,,,1469440,
8.881163,DUPACK,1435,15.077,,,1469440,
8.888606,NAK,1435,15.077,,,1469440,
8.888641,DUPACK,1435,15.077,,,1469440,
8.892247,DUPACK,1435,15.077,,,1469440,
8.903216,NAK,1435,15.077,,,1469440,
8.903319,DUPACK,1435,15.077,,,1469440,
8.903356,NAK,1435,15.077,,,1469440,
8.910011,DUPACK,1435,15.077,,,1469440,
8.910064,NAK,1435,15.077,,,1469440,
8.910099,DUPACK,1435,15.077,,,1469440,
8.910127,NAK,1435,15.077,,,1469440,
8.910153,DUPACK,1435,15.077,,,1469440,
8.910178,NAK,1435,15.077,,,1469440,
8.910204,DUPACK,1435,15.077,,,1469440,
8.910228,NAK,1435,15.077,,,1469440,
8.910253,DUPACK,1435,15.077,,,1469440,
8.910277,NAK,1435,15.077,,,1469440,
8.910995,DUPACK,1435,15.077,,,1469440,
8.911053,NAK,1435,15.077,,,1469440,
8.911084,DUPACK,1435,15.077,,,1469440,
8.911112,NAK,1435,15.077,,,1469440,
8.911140,DUPACK,1435,15.077,,,1469440,
8.912439,DUPACK,1435,15.077,,,1469440,
8.912494,NAK,1435,15.077,,,1469440,
8.912525,DUPACK,1435,15.077,,,1469440,
8.912555,NAK,1435,15.077,,,1469440,
8.912581,DUPACK,1435,15.077,,,1469440,
8.913994,NAK,1435,15.077,,,1469440,
8.914053,DUPACK,1435,15.077,,,1469440,
8.914086,NAK,1435,15.077,,,1469440,
8.914118,DUPACK,1435,15.077,,,1469440,
8.914148,NAK,1435,15.077,,,1469440,
8.918033,NAK,1435,15.077,,,1469440,
8.918161,DUPACK,1435,15.077,,,1469440,
8.953075,STATS,-1,15.077,,200.000,1469440,base=1435 next=1450
9.053241,STATS,-1,15.077,,200.000,1469440,base=1435 next=1450
9.063660,TIMEOUT,1435,15.077,,200.000,1469440,timeout
9.066742,RETX,1435,15.077,,200.000,1469440,
9.067454,RETX,1436,15.077,,200.000,1469440,
9.067875,RETX,1437,15.077,,200.000,1469440,
9.068213,RETX,1438,15.077,,200.000,1469440,
9.068495,RETX,1439,15.077,,200.000,1469440,
9.068881,RETX,1440,15.077,,200.000,1469440,
9.070210,RETX,1441,15.077,,200.000,1469440,
9.070575,RETX,1442,15.077,,200.000,1469440,
9.070992,RETX,1443,15.077,,200.000,1469440,
9.071212,RETX,1444,15.077,,200.000,1469440,
9.071530,RETX,1445,15.077,,200.000,1469440,
9.071749,RETX,1446,15.077,,200.000,1469440,
9.072034,RETX,1447,15.077,,200.000,1469440,
9.072356,RETX,1448,15.077,,200.000,1469440,
9.072570,RETX,1449,15.077,,200.000,1469440,
9.118536,ACK,1436,15.143,,,1470464,"cum ack, base->1436"
9.121157,SEND,1450,15.143,,200.000,1470464,
9.121446,ACK,1437,15.209,,,1471488,"cum ack, base->1437"
9.121531,ACK,1438,15.275,,,1472512,"cum ack, base->1438"
9.121586,ACK,1439,15.340,,,1473536,"cum ack, base->1439"
9.121657,ACK,1441,15.470,,,1475584,"cum ack, base->1441"
9.122180,ACK,1442,15.535,,,1476608,"cum ack, base->1442"
9.122248,ACK,1443,15.599,,,1477632,"cum ack, base->1443"
9.122416,ACK,1444,15.663,,,1478656,"cum ack, base->1444"
9.122467,ACK,1445,15.727,,,1479680,"cum ack, base->1445"
9.122505,NAK,1445,15.727,,,1479680,
9.122520,FASTRETX,1445,15.727,,200.000,1479680,nak
9.122556,DUPACK,1445,15.727,,,1479680,
9.124084,RETX,1445,15.727,,200.000,1479680,
9.124457,RETX,1446,15.727,,200.000,1479680,
9.124669,RETX,1447,15.727,,200.000,1479680,
9.124874,RETX,1448,15.727,,200.000,1479680,
9.125081,RETX,1449,15.727,,200.000,1479680,
9.125360,RETX,1450,15.727,,200.000,1479680,
9.125615,SEND,1451,15.727,,200.000,1479680,
9.125821,SEND,1452,15.727,,200.000,1479680,
9.126023,SEND,1453,15.727,,200.000,1479680,
9.126227,SEND,1454,15.727,,200.000,1479680,
9.126540,SEND,1455,15.727,,200.000,1479680,
9.126778,SEND,1456,15.727,,200.000,1479680,
9.127007,SEND,1457,15.727,,200.000,1479680,
9.127238,SEND,1458,15.727,,200.000,1479680,
9.127463,SEND,1459,15.727,,200.000,1479680,
9.127555,NAK,1445,15.727,,,1479680,
9.127597,DUPACK,1445,15.727,,,1479680,
9.127627,NAK,1445,15.727,,,1479680,
9.127654,DUPACK,1445,15.727,,,1479680,
9.128034,DUPACK,1445,15.727,,,1479680,
9.155509,STATS,-1,15.727,,200.000,1479680,base=1445 next=1460
9.166537,NAK,1445,15.727,,,1479680,
9.168853,DUPACK,1445,15.727,,,1479680,
9.169261,ACK,1446,15.791,,,1480704,"cum ack, base->1446"
9.169307,ACK,1447,15.854,,,1481728,"cum ack, base->1447"
9.169518,ACK,1448,15.917,,,1482752,"cum ack, base->1448"
9.169701,ACK,1449,15.980,,,1483776,"cum ack, base->1449"
9.171555,SEND,1460,15.980,,200.000,1483776,
9.171813,SEND,1461,15.980,,200.000,1483776,
9.172043,SEND,1462,15.980,,200.000,1483776,
9.172269,SEND,1463,15.980,,200.000,1483776,
9.172363,ACK,1450,16.043,,,1484800,"cum ack, base->1450"
9.172408,ACK,1451,16.105,,,1485824,"cum ack, base->1451"
9.172442,ACK,1452,16.167,,,1486848,"cum ack, base->1452"
9.172756,ACK,1453,16.229,,,1487872,"cum ack, base->1453"
9.172802,ACK,1454,16.291,,,1488896,"cum ack, base->1454"
9.174234,NAK,1454,16.291,,,1488896,
9.174249,FASTRETX,1454,14.480,,200.000,1488896,nak
9.174281,DUPACK,1454,14.480,,,1488896,
9.174308,NAK,1454,14.480,,,1488896,
9.174335,DUPACK,1454,14.480,,,1488896,
9.175033,RETX,1454,14.480,,200.000,1488896,
9.175263,RETX,1455,14.480,,200.000,1488896,
9.175490,RETX,1456,14.480,,200.000,1488896,
9.175712,RETX,1457,14.480,,200.000,1488896,
9.175941,RETX,1458,14.480,,200.000,1488896,
9.176165,RETX,1459,14.480,,200.000,1488896,
9.176391,RETX,1460,14.480,,200.000,1488896,
9.176612,RETX,1461,14.480,,200.000,1488896,
9.176837,RETX,1462,14.480,,200.000,1488896,
9.177061,RETX,1463,14.480,,200.000,1488896,
9.177291,SEND,1464,14.480,,200.000,1488896,
9.177518,SEND,1465,14.480,,200.000,1488896,
9.177744,SEND,1466,14.480,,200.000,1488896,
9.177969,SEND,1467,14.480,,200.000,1488896,
9.178031,NAK,1454,14.480,,,1488896,
9.178061,DUPACK,1454,14.480,,,1488896,
9.178087,NAK,1454,14.480,,,1488896,
9.178112,DUPACK,1454,14.480,,,1488896,
9.178137,NAK,1454,14.480,,,1488896,
9.178162,DUPACK,1454,14.480,,,1488896,
9.221514,NAK,1454,14.480,,,1488896,
9.221596,DUPACK,1454,14.480,,,1488896,
9.221641,NAK,1454,14.480,,,1488896,
9.221681,DUPACK,1454,14.480,,,1488896,
9.222617,NAK,1454,14.480,,,1488896,
9.224477,DUPACK,1454,14.480,,,1488896,
9.224665,ACK,1455,14.550,,,1489920,"cum ack, base->1455"
9.224716,ACK,1456,14.618,,,1490944,"cum ack, base->1456"
9.224756,ACK,1457,14.687,,,1491968,"cum ack, base->1457"
9.224789,NAK,1457,14.687,,,1491968,
9.224802,FASTRETX,1457,14.687,,200.000,1491968,nak
9.224835,DUPACK,1457,14.687,,,1491968,
9.224866,NAK,1457,14.687,,,1491968,
9.224901,DUPACK,1457,14.687,,,1491968,
9.224932,NAK,1457,14.687,,,1491968,
9.226381,RETX,1457,14.687,,200.000,1491968,
9.226615,RETX,1458,14.687,,200.000,1491968,
9.226966,RETX,1459,14.687,,200.000,1491968,
9.227550,RETX,1460,14.687,,200.000,1491968,
9.228249,RETX,1461,14.687,,200.000,1491968,
9.228514,RETX,1462,14.687,,200.000,1491968,
9.228722,RETX,1463,14.687,,200.000,1491968,
9.228909,RETX,1464,14.687,,200.000,1491968,
9.229073,RETX,1465,14.687,,200.000,1491968,
9.229241,RETX,1466,14.687,,200.000,1491968,
9.229410,RETX,1467,14.687,,200.000,1491968,
9.229631,SEND,1468,14.687,,200.000,1491968,
9.229824,SEND,1469,14.687,,200.000,1491968,
9.230037,SEND,1470,14.687,,200.000,1491968,
9.230167,DUPACK,1457,14.687,,,1491968,
9.230220,DUPACK,1457,14.687,,,1491968,
9.230251,NAK,1457,14.687,,,1491968,
9.230285,DUPACK,1457,14.687,,,1491968,
9.230314,NAK,1457,14.687,,,1491968,
9.230342,DUPACK,1457,14.687,,,1491968,
9.230368,NAK,1457,14.687,,,1491968,
9.230395,DUPACK,1457,14.687,,,1491968,
9.230423,NAK,1457,14.687,,,1491968,
9.230449,DUPACK,1457,14.687,,,1491968,
9.230473,NAK,1457,14.687,,,1491968,
9.230499,DUPACK,1457,14.687,,,1491968,
9.255592,STATS,-1,14.687,,200.000,1491968,base=1457 next=1471
9.260118,ACK,1458,14.755,,,1492992,"cum ack, base->1458"
9.260646,SEND,1471,14.755,,200.000,1492992,
9.269157,ACK,1459,14.823,,,1494016,"cum ack, base->1459"
9.270584,ACK,1460,14.890,,,1495040,"cum ack, base->1460"
9.270847,ACK,1461,14.957,,,1496064,"cum ack, base->1461"
9.271012,ACK,1462,15.024,,,1497088,"cum ack, base->1462"
9.271113,ACK,1463,15.091,,,1498112,"cum ack, base->1463"
9.271662,SEND,1472,15.091,,200.000,1498112,
9.271972,SEND,1473,15.091,,200.000,1498112,
9.272238,SEND,1474,15.091,,200.000,1498112,
9.272483,SEND,1475,15.091,,200.000,1498112,
9.272690,SEND,1476,15.091,,200.000,1498112,
9.272969,SEND,1477,15.091,,200.000,1498112,
9.273937,ACK,1464,15.157,,,1499136,"cum ack, base->1464"
9.275781,SEND,1478,15.157,,200.000,1499136,
9.277114,ACK,1465,15.223,,,1500160,"cum ack, base->1465"
9.278880,SEND,1479,15.223,,200.000,1500160,
9.281189,NAK,1465,15.223,,,1500160,
9.281228,FASTRETX,1465,13.531,,200.000,1500160,nak
9.281278,DUPACK,1465,13.531,,,1500160,
9.281312,NAK,1465,13.531,,,1500160,
9.281344,DUPACK,1465,13.531,,,1500160,
9.281375,NAK,1465,13.531,,,1500160,
9.281664,RETX,1465,13.531,,200.000,1500160,
9.281879,RETX,1466,13.531,,200.000,1500160,
9.282086,RETX,1467,13.531,,200.000,1500160,
9.282532,RETX,1468,13.531,,200.000,1500160,
9.282761,RETX,1469,13.531,,200.000,1500160,
9.283013,RETX,1470,13.531,,200.000,1500160,
9.283279,RETX,1471,13.531,,200.000,1500160,
9.283493,RETX,1472,13.531,,200.000,1500160,
9.283761,RETX,1473,13.531,,200.000,1500160,
9.283976,RETX,1474,13.531,,200.000,1500160,
9.284188,RETX,1475,13.531,,200.000,1500160,
9.284369,RETX,1476,13.531,,200.000,1500160,
9.284600,RETX,1477,13.531,,200.000,1500160,
9.284716,DUPACK,1465,13.531,,,1500160,
9.284759,NAK,1465,13.531,,,1500160,
9.284790,DUPACK,1465,13.531,,,1500160,
9.284818,NAK,1465,13.531,,,1500160,
9.284849,DUPACK,1465,13.531,,,1500160,
9.303316,NAK,1465,13.531,,,1500160,
9.309241,DUPACK,1465,13.531,,,1500160,
9.326721,NAK,1465,13.531,,,1500160,
9.326798,DUPACK,1465,13.531,,,1500160,
9.326827,NAK,1465,13.531,,,1500160,
9.326857,DUPACK,1465,13.531,,,1500160,
9.326884,NAK,1465,13.531,,,1500160,
9.326910,DUPACK,1465,13.531,,,1500160,
9.326936,NAK,1465,13.531,,,1500160,
9.326963,DUPACK,1465,13.531,,,1500160,
9.326990,NAK,1465,13.531,,,1500160,
9.327019,DUPACK,1465,13.531,,,1500160,
9.327043,NAK,1465,13.531,,,1500160,
9.327068,DUPACK,1465,13.531,,,1500160,
9.327095,DUPACK,1465,13.531,,,1500160,
9.328515,ACK,1466,13.605,,,1501184,"cum ack, base->1466"
9.328597,ACK,1467,13.679,,,1502208,"cum ack, base->1467"
9.328647,ACK,1468,13.752,,,1503232,"cum ack, base->1468"
9.328688,NAK,1468,13.752,,,1503232,
9.328700,FASTRETX,1468,13.752,,200.000,1503232,nak
9.328802,DUPACK,1468,13.752,,,1503232,
9.331175,RETX,1468,13.752,,200.000,1503232,
9.331500,RETX,1469,13.752,,200.000,1503232,
9.331735,RETX,1470,13.752,,200.000,1503232,
9.331946,RETX,1471,13.752,,200.000,1503232,
9.332379,RETX,1472,13.752,,200.000,1503232,
9.332602,RETX,1473,13.752,,200.000,1503232,
9.334539,RETX,1474,13.752,,200.000,1503232,
9.334812,RETX,1475,13.752,,200.000,1503232,
9.335143,RETX,1476,13.752,,200.000,1503232,
9.335555,RETX,1477,13.752,,200.000,1503232,
9.335790,RETX,1478,13.752,,200.000,1503232,
9.336019,RETX,1479,13.752,,200.000,1503232,
9.336245,SEND,1480,13.752,,200.000,1503232,
9.336337,NAK,1468,13.752,,,1503232,
9.336394,DUPACK,1468,13.752,,,1503232,
9.336425,NAK,1468,13.752,,,1503232,
9.336453,DUPACK,1468,13.752,,,1503232,
9.336479,NAK,1468,13.752,,,1503232,
9.336505,DUPACK,1468,13.752,,,1503232,
9.336529,NAK,1468,13.752,,,1503232,
9.336553,DUPACK,1468,13.752,,,1503232,
9.336576,NAK,1468,13.752,,,1503232,
9.336599,DUPACK,1468,13.752,,,1503232,
9.336623,NAK,1468,13.752,,,1503232,
9.336646,NAK,1468,13.752,,,1503232,
9.336670,DUPACK,1468,13.752,,,1503232,
9.336692,NAK,1468,13.752,,,1503232,
9.336716,DUPACK,1468,13.752,,,1503232,
9.356453,STATS,-1,13.752,,200.000,1503232,base=1468 next=1481
9.367976,ACK,1469,13.825,,,1504256,"cum ack, base->1469"
9.369397,SEND,1481,13.825,,200.000,1504256,
9.373105,ACK,1470,13.897,,,1505280,"cum ack, base->1470"
9.374798,SEND,1482,13.897,,200.000,1505280,
9.377004,NAK,1470,13.897,,,1505280,
9.377040,FASTRETX,1470,13.897,,200.000,1505280,nak
9.377092,DUPACK,1470,13.897,,,1505280,
9.377128,NAK,1470,13.897,,,1505280,
9.377165,DUPACK,1470,13.897,,,1505280,
9.377195,NAK,1470,13.897,,,1505280,
9.377225,DUPACK,1470,13.897,,,1505280,
9.377544,RETX,1470,13.897,,200.000,1505280,
9.377761,RETX,1471,13.897,,200.000,1505280,
9.378154,RETX,1472,13.897,,200.000,1505280,
9.378374,RETX,1473,13.897,,200.000,1505280,
9.378593,RETX,1474,13.897,,200.000,1505280,
9.378833,RETX,1475,13.897,,200.000,1505280,
9.379175,RETX,1476,13.897,,200.000,1505280,
9.379439,RETX,1477,13.897,,200.000,1505280,
9.379659,RETX,1478,13.897,,200.000,1505280,
9.379865,RETX,1479,13.897,,200.000,1505280,
9.380069,RETX,1480,13.897,,200.000,1505280,
9.380275,RETX,1481,13.897,,200.000,1505280,
9.380533,RETX,1482,13.897,,200.000,1505280,
9.380707,NAK,1470,13.897,,,1505280,
9.384192,DUPACK,1470,13.897,,,1505280,
9.384233,NAK,1470,13.897,,,1505280,
9.384265,DUPACK,1470,13.897,,,1505280,
9.384291,NAK,1470,13.897,,,1505280,
9.385365,DUPACK,1470,13.897,,,1505280,
9.385716,NAK,1470,13.897,,,1505280,
9.387840,DUPACK,1470,13.897,,,1505280,
9.388254,NAK,1470,13.897,,,1505280,
9.388328,DUPACK,1470,13.897,,,1505280,
9.388360,NAK,1470,13.897,,,1505280,
9.389358,DUPACK,1470,13.897,,,1505280,
9.389409,NAK,1470,13.897,,,1505280,
9.389440,DUPACK,1470,13.897,,,1505280,
9.421526,NAK,1470,13.897,,,1505280,
9.421567,DUPACK,1470,13.897,,,1505280,
9.423879,NAK,1470,13.897,,,1505280,
9.428023,DUPACK,1470,13.897,,,1505280,
9.428071,ACK,1471,13.969,,,1506304,"cum ack, base->1471"
9.428104,ACK,1472,14.040,,,1507328,"cum ack, base->1472"
9.428131,ACK,1473,14.112,,,1508352,"cum ack, base->1473"
9.428156,ACK,1474,14.183,,,1509376,"cum ack, base->1474"
9.429074,SEND,1483,14.183,,200.000,1509376,
9.429261,SEND,1484,14.183,,200.000,1509376,
9.429444,SEND,1485,14.183,,200.000,1509376,
9.429621,SEND,1486,14.183,,200.000,1509376,
9.429797,SEND,1487,14.183,,200.000,1509376,
9.430181,ACK,1475,14.253,,,1510400,"cum ack, base->1475"
9.430215,ACK,1476,14.323,,,1511424,"cum ack, base->1476"
9.430242,ACK,1477,14.393,,,1512448,"cum ack, base->1477"
9.430266,ACK,1478,14.463,,,1513472,"cum ack, base->1478"
9.430289,ACK,1479,14.532,,,1514496,"cum ack, base->1479"
9.430312,ACK,1480,14.600,,,1515520,"cum ack, base->1480"
9.432502,SEND,1488,14.600,,200.000,1515520,
9.432681,SEND,1489,14.600,,200.000,1515520,
9.432857,SEND,1490,14.600,,200.000,1515520,
9.433036,SEND,1491,14.600,,200.000,1515520,
9.433212,SEND,1492,14.600,,200.000,1515520,
9.433388,SEND,1493,14.600,,200.000,1515520,
9.433930,ACK,1481,14.669,,,1516544,"cum ack, base->1481"
9.433952,NAK,1481,14.669,,,1516544,
9.433963,FASTRETX,1481,13.039,,200.000,1516544,nak
9.436094,RETX,1481,13.039,,200.000,1516544,
9.436275,RETX,1482,13.039,,200.000,1516544,
9.436451,RETX,1483,13.039,,200.000,1516544,
9.436628,RETX,1484,13.039,,200.000,1516544,
9.436805,RETX,1485,13.039,,200.000,1516544,
9.436980,RETX,1486,13.039,,200.000,1516544,
9.437157,RETX,1487,13.039,,200.000,1516544,
9.437333,RETX,1488,13.039,,200.000,1516544,
9.437509,RETX,1489,13.039,,200.000,1516544,
9.437684,RETX,1490,13.039,,200.000,1516544,
9.437860,RETX,1491,13.039,,200.000,1516544,
9.438036,RETX,1492,13.039,,200.000,1516544,
9.438213,RETX,1493,13.039,,200.000,1516544,
9.458406,STATS,-1,13.039,,200.000,1516544,base=1481 next=1494
9.473660,NAK,1481,13.039,,,1516544,
9.473734,DUPACK,1481,13.039,,,1516544,
9.473763,NAK,1481,13.039,,,1516544,
9.473792,DUPACK,1481,13.039,,,1516544,
9.473818,NAK,1481,13.039,,,1516544,
9.473844,DUPACK,1481,13.039,,,1516544,
9.477950,NAK,1481,13.039,,,1516544,
9.478857,DUPACK,1481,13.039,,,1516544,
9.478910,NAK,1481,13.039,,,1516544,
9.478940,DUPACK,1481,13.039,,,1516544,
9.478966,DUPACK,1481,13.039,,,1516544,
9.478994,NAK,1481,13.039,,,1516544,
9.479022,DUPACK,1481,13.039,,,1516544,
9.479072,NAK,1481,13.039,,,1516544,
9.479098,DUPACK,1481,13.039,,,1516544,
9.479123,NAK,1481,13.039,,,1516544,
9.479148,DUPACK,1481,13.039,,,1516544,
9.480888,NAK,1481,13.039,,,1516544,
9.483752,DUPACK,1481,13.039,,,1516544,
9.485180,NAK,1481,13.039,,,1516544,
9.485485,DUPACK,1481,13.039,,,1516544,
9.485569,ACK,1482,13.116,,,1517568,"cum ack, base->1482"
9.485607,ACK,1483,13.192,,,1518592,"cum ack, base->1483"
9.485646,ACK,1484,13.268,,,1519616,"cum ack, base->1484"
9.485678,ACK,1485,13.343,,,1520640,"cum ack, base->1485"
9.485709,ACK,1486,13.418,,,1521664,"cum ack, base->1486"
9.485793,ACK,1487,13.493,,,1522688,"cum ack, base->1487"
9.486929,SEND,1494,13.493,,200.000,1522688,
9.487156,SEND,1495,13.493,,200.000,1522688,
9.487644,SEND,1496,13.493,,200.000,1522688,
9.487983,SEND,1497,13.493,,200.000,1522688,
9.488285,SEND,1498,13.493,,200.000,1522688,
9.488532,SEND,1499,13.493,,200.000,1522688,
9.488676,ACK,1488,13.567,,,1523712,"cum ack, base->1488"
9.488730,NAK,1488,13.567,,,1523712,
9.488743,FASTRETX,1488,13.567,,200.000,1523712,nak
9.488864,DUPACK,1488,13.567,,,1523712,
9.489490,NAK,1488,13.567,,,1523712,
9.489603,DUPACK,1488,13.567,,,1523712,
9.489640,NAK,1488,13.567,,,1523712,
9.489668,DUPACK,1488,13.567,,,1523712,
9.489694,NAK,1488,13.567,,,1523712,
9.489720,DUPACK,1488,13.567,,,1523712,
9.489744,NAK,1488,13.567,,,1523712,
9.489770,DUPACK,1488,13.567,,,1523712,
9.491327,RETX,1488,13.567,,200.000,1523712,
9.491508,RETX,1489,13.567,,200.000,1523712,
9.491680,RETX,1490,13.567,,200.000,1523712,
9.491849,RETX,1491,13.567,,200.000,1523712,
9.492051,RETX,1492,13.567,,200.000,1523712,
9.492367,RETX,1493,13.567,,200.000,1523712,
9.492727,RETX,1494,13.567,,200.000,1523712,
9.493063,RETX,1495,13.567,,200.000,1523712,
9.493261,RETX,1496,13.567,,200.000,1523712,
9.493430,RETX,1497,13.567,,200.000,1523712,
9.493599,RETX,1498,13.567,,200.000,1523712,
9.493773,RETX,1499,13.567,,200.000,1523712,
9.493948,SEND,1500,13.567,,200.000,1523712,
9.534973,NAK,1488,13.567,,,1523712,
9.535090,DUPACK,1488,13.567,,,1523712,
9.535130,NAK,1488,13.567,,,1523712,
9.535169,DUPACK,1488,13.567,,,1523712,
9.535210,NAK,1488,13.567,,,1523712,
9.535243,DUPACK,1488,13.567,,,1523712,
9.535777,NAK,1488,13.567,,,1523712,
9.535936,DUPACK,1488,13.567,,,1523712,
9.535996,NAK,1488,13.567,,,1523712,
9.536032,DUPACK,1488,13.567,,,1523712,
9.536068,NAK,1488,13.567,,,1523712,
9.536105,DUPACK,1488,13.567,,,1523712,
9.537416,ACK,1489,13.640,,,1524736,"cum ack, base->1489"
9.538115,SEND,1501,13.640,,200.000,1524736,
9.538699,ACK,1490,13.714,,,1525760,"cum ack, base->1490"
9.540532,SEND,1502,13.714,,200.000,1525760,
9.541076,ACK,1491,13.787,,,1526784,"cum ack, base->1491"
9.542167,ACK,1492,13.859,,,1527808,"cum ack, base->1492"
9.542254,ACK,1493,13.931,,,1528832,"cum ack, base->1493"
9.542308,ACK,1494,14.003,,,1529856,"cum ack, base->1494"
9.542349,ACK,1495,14.075,,,1530880,"cum ack, base->1495"
9.542386,ACK,1496,14.146,,,1531904,"cum ack, base->1496"
9.542423,ACK,1497,14.216,,,1532928,"cum ack, base->1497"
9.542461,ACK,1498,14.287,,,1533952,"cum ack, base->1498"
9.543400,SEND,1503,14.287,,200.000,1533952,
9.543637,SEND,1504,14.287,,200.000,1533952,
9.543914,SEND,1505,14.287,,200.000,1533952,
9.544138,SEND,1506,14.287,,200.000,1533952,
9.544342,SEND,1507,14.287,,200.000,1533952,
9.544544,SEND,1508,14.287,,200.000,1533952,
9.544752,SEND,1509,14.287,,200.000,1533952,
9.544963,SEND,1510,14.287,,200.000,1533952,
9.545168,SEND,1511,14.287,,200.000,1533952,
9.545671,ACK,1499,14.357,,,1534976,"cum ack, base->1499"
9.545733,ACK,1500,14.426,,,1536000,"cum ack, base->1500"
9.545774,ACK,1501,14.496,,,1537024,"cum ack, base->1501"
9.547988,SEND,1512,14.496,,200.000,1537024,
9.548207,SEND,1513,14.496,,200.000,1537024,
9.548417,SEND,1514,14.496,,200.000,1537024,
9.560875,STATS,-1,14.496,,200.000,1537024,base=1501 next=1515
9.580139,ACK,1502,14.565,,,1538048,"cum ack, base->1502"
9.580187,ACK,1503,14.633,,,1539072,"cum ack, base->1503"
9.580998,SEND,1515,14.633,,200.000,1539072,
9.581234,SEND,1516,14.633,,200.000,1539072,
9.597385,ACK,1504,14.702,,,1540096,"cum ack, base->1504"
9.597449,ACK,1506,14.837,,,1542144,"cum ack, base->1506"
9.597484,ACK,1507,14.905,,,1543168,"cum ack, base->1507"
9.597516,ACK,1508,14.972,,,1544192,"cum ack, base->1508"
9.597546,ACK,1509,15.039,,,1545216,"cum ack, base->1509"
9.597577,ACK,1510,15.105,,,1546240,"cum ack, base->1510"
9.597607,ACK,1511,15.171,,,1547264,"cum ack, base->1511"
9.597638,ACK,1512,15.237,,,1548288,"cum ack, base->1512"
9.597670,ACK,1513,15.303,,,1549312,"cum ack, base->1513"
9.597695,NAK,1513,15.303,,,1549312,
9.597708,FASTRETX,1513,13.603,,200.000,1549312,nak
9.597920,RETX,1513,13.603,,200.000,1549312,
9.598100,RETX,1514,13.603,,200.000,1549312,
9.598313,RETX,1515,13.603,,200.000,1549312,
9.598512,RETX,1516,13.603,,200.000,1549312,
9.598723,SEND,1517,13.603,,200.000,1549312,
9.599184,SEND,1518,13.603,,200.000,1549312,
9.599529,SEND,1519,13.603,,200.000,1549312,
9.599725,SEND,1520,13.603,,200.000,1549312,
9.599959,SEND,1521,13.603,,200.000,1549312,
9.600133,SEND,1522,13.603,,200.000,1549312,
9.600340,SEND,1523,13.603,,200.000,1549312,
9.600515,SEND,1524,13.603,,200.000,1549312,
9.600692,SEND,1525,13.603,,200.000,1549312,
9.600847,DUPACK,1513,13.603,,,1549312,
9.620901,NAK,1513,13.603,,,1549312,
9.621022,DUPACK,1513,13.603,,,1549312,
9.626832,NAK,1513,13.603,,,1549312,
9.629060,DUPACK,1513,13.603,,,1549312,
9.629789,ACK,1514,13.676,,,1550336,"cum ack, base->1514"
9.630087,SEND,1526,13.676,,200.000,1550336,
9.643267,ACK,1515,13.749,,,1551360,"cum ack, base->1515"
9.644470,ACK,1516,13.822,,,1552384,"cum ack, base->1516"
9.645710,SEND,1527,13.822,,200.000,1552384,
9.646059,SEND,1528,13.822,,200.000,1552384,
9.647322,ACK,1517,13.894,,,1553408,"cum ack, base->1517"
9.647392,ACK,1518,13.966,,,1554432,"cum ack, base->1518"
9.647433,ACK,1519,14.038,,,1555456,"cum ack, base->1519"
9.647467,ACK,1520,14.109,,,1556480,"cum ack, base->1520"
9.647502,ACK,1521,14.180,,,1557504,"cum ack, base->1521"
9.647538,ACK,1522,14.250,,,1558528,"cum ack, base->1522"
9.648928,SEND,1529,14.250,,200.000,1558528,
9.649244,SEND,1530,14.250,,200.000,1558528,
9.649443,SEND,1531,14.250,,200.000,1558528,
9.649618,SEND,1532,14.250,,200.000,1558528,
9.649805,SEND,1533,14.250,,200.000,1558528,
9.650088,SEND,1534,14.250,,200.000,1558528,
9.650303,SEND,1535,14.250,,200.000,1558528,
9.650437,ACK,1523,14.321,,,1559552,"cum ack, base->1523"
9.650493,ACK,1524,14.390,,,1560576,"cum ack, base->1524"
9.650675,ACK,1525,14.460,,,1561600,"cum ack, base->1525"
9.652107,ACK,1526,14.529,,,1562624,"cum ack, base->1526"
9.653209,SEND,1536,14.529,,200.000,1562624,
9.653425,SEND,1537,14.529,,200.000,1562624,
9.653845,SEND,1538,14.529,,200.000,1562624,
9.654295,SEND,1539,14.529,,200.000,1562624,
9.662062,STATS,-1,14.529,,200.000,1562624,base=1526 next=1540
9.676313,ACK,1527,14.598,,,1563648,"cum ack, base->1527"
9.678921,SEND,1540,14.598,,200.000,1563648,
9.691927,ACK,1528,14.666,,,1564672,"cum ack, base->1528"
9.693207,SEND,1541,14.666,,200.000,1564672,
9.694629,ACK,1529,14.735,,,1565696,"cum ack, base->1529"
9.695972,SEND,1542,14.735,,200.000,1565696,
9.696085,ACK,1530,14.803,,,1566720,"cum ack, base->1530"
9.698788,SEND,1543,14.803,,200.000,1566720,
9.701033,ACK,1531,14.870,,,1567744,"cum ack, base->1531"
9.701078,ACK,1532,14.937,,,1568768,"cum ack, base->1532"
9.701113,ACK,1533,15.004,,,1569792,"cum ack, base->1533"
9.701140,ACK,1534,15.071,,,1570816,"cum ack, base->1534"
9.701165,ACK,1535,15.137,,,1571840,"cum ack, base->1535"
9.701190,ACK,1536,15.203,,,1572864,"cum ack, base->1536"
9.701212,NAK,1536,15.203,,,1572864,
9.701223,FASTRETX,1536,13.514,,200.000,1572864,nak
9.701246,DUPACK,1536,13.514,,,1572864,
9.701267,NAK,1536,13.514,,,1572864,
9.701525,RETX,1536,13.514,,200.000,1572864,
9.701709,RETX,1537,13.514,,200.000,1572864,
9.701888,RETX,1538,13.514,,200.000,1572864,
9.702070,RETX,1539,13.514,,200.000,1572864,
9.702254,RETX,1540,13.514,,200.000,1572864,
9.702437,RETX,1541,13.514,,200.000,1572864,
9.702618,RETX,1542,13.514,,200.000,1572864,
9.702796,RETX,1543,13.514,,200.000,1572864,
9.702974,SEND,1544,13.514,,200.000,1572864,
9.703156,SEND,1545,13.514,,200.000,1572864,
9.703333,SEND,1546,13.514,,200.000,1572864,
9.703511,SEND,1547,13.514,,200.000,1572864,
9.703688,SEND,1548,13.514,,200.000,1572864,
9.703737,DUPACK,1536,13.514,,,1572864,
9.705816,NAK,1536,13.514,,,1572864,
9.707915,DUPACK,1536,13.514,,,1572864,
9.727234,NAK,1536,13.514,,,1572864,
9.738097,DUPACK,1536,13.514,,,1572864,
9.738164,NAK,1536,13.514,,,1572864,
9.738476,DUPACK,1536,13.514,,,1572864,
9.742544,NAK,1536,13.514,,,1572864,
9.742947,DUPACK,1536,13.514,,,1572864,
9.743012,ACK,1537,13.588,,,1573888,"cum ack, base->1537"
9.743801,SEND,1549,13.588,,200.000,1573888,
9.748278,ACK,1538,13.662,,,1574912,"cum ack, base->1538"
9.749296,SEND,1550,13.662,,200.000,1574912,
9.750104,ACK,1539,13.735,,,1575936,"cum ack, base->1539"
9.750537,ACK,1540,13.808,,,1576960,"cum ack, base->1540"
9.750591,ACK,1541,13.880,,,1577984,"cum ack, base->1541"
9.750625,ACK,1542,13.952,,,1579008,"cum ack, base->1542"
9.750655,ACK,1543,14.024,,,1580032,"cum ack, base->1543"
9.752100,SEND,1551,14.024,,200.000,1580032,
9.752522,SEND,1552,14.024,,200.000,1580032,
9.752819,SEND,1553,14.024,,200.000,1580032,
9.752992,SEND,1554,14.024,,200.000,1580032,
9.753161,SEND,1555,14.024,,200.000,1580032,
9.753333,SEND,1556,14.024,,200.000,1580032,
9.754784,ACK,1544,14.095,,,1581056,"cum ack, base->1544"
9.756114,SEND,1557,14.095,,200.000,1581056,
9.756321,ACK,1546,14.237,,,1583104,"cum ack, base->1546"
9.756438,ACK,1547,14.307,,,1584128,"cum ack, base->1547"
9.756504,ACK,1548,14.377,,,1585152,"cum ack, base->1548"
9.756544,ACK,1549,14.446,,,1586176,"cum ack, base->1549"
9.758791,SEND,1558,14.446,,200.000,1586176,
9.758978,SEND,1559,14.446,,200.000,1586176,
9.759150,SEND,1560,14.446,,200.000,1586176,
9.759319,SEND,1561,14.446,,200.000,1586176,
9.759486,SEND,1562,14.446,,200.000,1586176,
9.762065,STATS,-1,14.446,,200.000,1586176,base=1549 next=1563
9.781181,ACK,1550,14.516,,,1587200,"cum ack, base->1550"
9.782107,SEND,1563,14.516,,200.000,1587200,
9.794771,ACK,1551,14.584,,,1588224,"cum ack, base->1551"
9.795630,SEND,1564,14.584,,200.000,1588224,
9.796272,ACK,1552,14.653,,,1589248,"cum ack, base->1552"
9.798492,SEND,1565,14.653,,200.000,1589248,
9.806270,ACK,1553,14.721,,,1590272,"cum ack, base->1553"
9.806365,ACK,1554,14.789,,,1591296,"cum ack, base->1554"
9.806421,ACK,1556,14.924,,,1593344,"cum ack, base->1556"
9.806603,ACK,1557,14.991,,,1594368,"cum ack, base->1557"
9.807867,SEND,1566,14.991,,200.000,1594368,
9.808153,SEND,1567,14.991,,200.000,1594368,
9.808415,SEND,1568,14.991,,200.000,1594368,
9.808718,SEND,1569,14.991,,200.000,1594368,
9.809009,SEND,1570,14.991,,200.000,1594368,
9.809201,ACK,1558,15.058,,,1595392,"cum ack, base->1558"
9.809269,ACK,1559,15.124,,,1596416,"cum ack, base->1559"
9.809319,ACK,1560,15.190,,,1597440,"cum ack, base->1560"
9.809367,ACK,1561,15.256,,,1598464,"cum ack, base->1561"
9.809418,ACK,1562,15.322,,,1599488,"cum ack, base->1562"
9.809466,ACK,1563,15.387,,,1600512,"cum ack, base->1563"
9.811805,SEND,1571,15.387,,200.000,1600512,
9.812031,SEND,1572,15.387,,200.000,1600512,
9.812247,SEND,1573,15.387,,200.000,1600512,
9.812453,SEND,1574,15.387,,200.000,1600512,
9.812656,SEND,1575,15.387,,200.000,1600512,
9.812872,SEND,1576,15.387,,200.000,1600512,
9.813078,SEND,1577,15.387,,200.000,1600512,
9.826921,ACK,1564,15.452,,,1601536,"cum ack, base->1564"
9.828351,SEND,1578,15.452,,200.000,1601536,
9.834187,ACK,1565,15.517,,,1602560,"cum ack, base->1565"
9.836780,SEND,1579,15.517,,200.000,1602560,
9.842541,ACK,1566,15.581,,,1603584,"cum ack, base->1566"
9.845076,SEND,1580,15.581,,200.000,1603584,
9.859732,ACK,1567,15.645,,,1604608,"cum ack, base->1567"
9.859808,ACK,1568,15.709,,,1605632,"cum ack, base->1568"
9.859846,ACK,1569,15.773,,,1606656,"cum ack, base->1569"
9.859875,NAK,1569,15.773,,,1606656,
9.859892,FASTRETX,1569,14.020,,200.000,1606656,nak
9.859920,DUPACK,1569,14.020,,,1606656,
9.859948,DUPACK,1569,14.020,,,1606656,
9.860891,RETX,1569,14.020,,200.000,1606656,
9.861156,RETX,1570,14.020,,200.000,1606656,
9.861420,RETX,1571,14.020,,200.000,1606656,
9.861686,RETX,1572,14.020,,200.000,1606656,
9.861894,RETX,1573,14.020,,200.000,1606656,
9.862099,RETX,1574,14.020,,200.000,1606656,
9.862310,RETX,1575,14.020,,200.000,1606656,
9.862561,RETX,1576,14.020,,200.000,1606656,
9.862824,RETX,1577,14.020,,200.000,1606656,
9.863083,RETX,1578,14.020,,200.000,1606656,
9.863384,RETX,1579,14.020,,200.000,1606656,
9.863594,RETX,1580,14.020,,200.000,1606656,
9.863806,SEND,1581,14.020,,200.000,1606656,
9.864011,SEND,1582,14.020,,200.000,1606656,
9.864029,STATS,-1,14.020,,200.000,1606656,base=1569 next=1583
9.864326,NAK,1569,14.020,,,1606656,
9.864412,DUPACK,1569,14.020,,,1606656,
9.864445,NAK,1569,14.020,,,1606656,
9.864477,DUPACK,1569,14.020,,,1606656,
9.864923,NAK,1569,14.020,,,1606656,
9.865018,DUPACK,1569,14.020,,,1606656,
9.865053,NAK,1569,14.020,,,1606656,
9.865083,DUPACK,1569,14.020,,,1606656,
9.865108,NAK,1569,14.020,,,1606656,
9.865287,DUPACK,1569,14.020,,,1606656,
9.865317,NAK,1569,14.020,,,1606656,
9.865343,DUPACK,1569,14.020,,,1606656,
9.873839,NAK,1569,14.020,,,1606656,
9.873950,DUPACK,1569,14.020,,,1606656,
9.881029,NAK,1569,14.020,,,1606656,
9.883363,DUPACK,1569,14.020,,,1606656,
9.887656,NAK,1569,14.020,,,1606656,
9.887716,DUPACK,1569,14.020,,,1606656,
9.894595,NAK,1569,14.020,,,1606656,
9.894660,DUPACK,1569,14.020,,,1606656,
9.907947,NAK,1569,14.020,,,1606656,
9.916258,DUPACK,1569,14.020,,,1606656,
9.916462,NAK,1569,14.020,,,1606656,
9.916595,NAK,1569,14.020,,,1606656,
9.916701,DUPACK,1569,14.020,,,1606656,
9.916809,NAK,1569,14.020,,,1606656,
9.916873,DUPACK,1569,14.020,,,1606656,
9.916912,NAK,1569,14.020,,,1606656,
9.917022,DUPACK,1569,14.020,,,1606656,
9.917125,NAK,1569,14.020,,,1606656,
9.917177,DUPACK,1569,14.020,,,1606656,
9.917271,NAK,1569,14.020,,,1606656,
9.917312,DUPACK,1569,14.020,,,1606656,
9.917351,NAK,1569,14.020,,,1606656,
9.917503,DUPACK,1569,14.020,,,1606656,
9.917561,NAK,1569,14.020,,,1606656,
9.917610,DUPACK,1569,14.020,,,1606656,
9.917650,NAK,1569,14.020,,,1606656,
9.917725,DUPACK,1569,14.020,,,1606656,
9.917769,NAK,1569,14.020,,,1606656,
9.917866,DUPACK,1569,14.020,,,1606656,
9.917906,NAK,1569,14.020,,,1606656,
9.917945,DUPACK,1569,14.020,,,1606656,
9.965123,STATS,-1,14.020,,200.000,1606656,base=1569 next=1583
10.060722,TIMEOUT,1569,14.020,,200.000,1606656,timeout
10.063592,RETX,1569,14.020,,200.000,1606656,
10.063922,RETX,1570,14.020,,200.000,1606656,
10.064193,RETX,1571,14.020,,200.000,1606656,
10.064453,RETX,1572,14.020,,200.000,1606656,
10.064722,RETX,1573,14.020,,200.000,1606656,
10.064998,RETX,1574,14.020,,200.000,1606656,
10.065259,RETX,1575,14.020,,200.000,1606656,
10.065551,RETX,1576,14.020,,200.000,1606656,
10.066048,RETX,1577,14.020,,200.000,1606656,
10.066470,RETX,1578,14.020,,200.000,1606656,
10.066991,RETX,1579,14.020,,200.000,1606656,
10.067328,RETX,1580,14.020,,200.000,1606656,
10.067696,RETX,1581,14.020,,200.000,1606656,
10.067977,RETX,1582,14.020,,200.000,1606656,
10.067998,STATS,-1,14.020,,200.000,1606656,base=1569 next=1583
10.118066,ACK,1570,14.092,,,1607680,"cum ack, base->1570"
10.118136,ACK,1571,14.163,,,1608704,"cum ack, base->1571"
10.118172,ACK,1572,14.233,,,1609728,"cum ack, base->1572"
10.118205,ACK,1573,14.304,,,1610752,"cum ack, base->1573"
10.118241,ACK,1574,14.373,,,1611776,"cum ack, base->1574"
10.120747,SEND,1583,14.373,,200.000,1611776,
10.121189,SEND,1584,14.373,,200.000,1611776,
10.121453,SEND,1585,14.373,,200.000,1611776,
10.121924,SEND,1586,14.373,,200.000,1611776,
10.122124,SEND,1587,14.373,,200.000,1611776,
10.122456,ACK,1575,14.443,,,1612800,"cum ack, base->1575"
10.122508,ACK,1576,14.512,,,1613824,"cum ack, base->1576"
10.122543,ACK,1577,14.581,,,1614848,"cum ack, base->1577"
10.122578,ACK,1578,14.650,,,1615872,"cum ack, base->1578"
10.122610,ACK,1580,14.786,,,1617920,"cum ack, base->1580"
10.124206,ACK,1581,14.854,,,1618944,"cum ack, base->1581"
10.124265,ACK,1582,14.921,,,1619968,"cum ack, base->1582"
10.125019,SEND,1588,14.921,,200.000,1619968,
10.125238,SEND,1589,14.921,,200.000,1619968,
10.125439,SEND,1590,14.921,,200.000,1619968,
10.125710,SEND,1591,14.921,,200.000,1619968,
10.125924,SEND,1592,14.921,,200.000,1619968,
10.126133,SEND,1593,14.921,,200.000,1619968,
10.126357,SEND,1594,14.921,,200.000,1619968,
10.126531,SEND,1595,14.921,,200.000,1619968,
10.155372,ACK,1584,15.055,,,1622016,"cum ack, base->1584"
10.158060,SEND,1596,15.055,,200.000,1622016,
10.158520,SEND,1597,15.055,,200.000,1622016,
10.158800,SEND,1598,15.055,,200.000,1622016,
10.164421,ACK,1585,15.121,,,1623040,"cum ack, base->1585"
10.164647,ACK,1586,15.187,,,1624064,"cum ack, base->1586"
10.167116,SEND,1599,15.187,,200.000,1624064,
10.167684,SEND,1600,15.187,,200.000,1624064,
10.169658,ACK,1588,15.319,,,1626112,"cum ack, base->1588"
10.170613,SEND,1601,15.319,,200.000,1626112,
10.171372,SEND,1602,15.319,,200.000,1626112,
10.171402,STATS,-1,15.319,,200.000,1626112,base=1588 next=1603
10.171597,ACK,1589,15.384,,,1627136,"cum ack, base->1589"
10.172611,ACK,1590,15.449,,,1628160,"cum ack, base->1590"
10.172711,DUPACK,1590,15.449,,,1628160,
10.172815,NAK,1590,15.449,,,1628160,
10.172836,FASTRETX,1590,13.732,,200.000,1628160,nak
10.173894,RETX,1590,13.732,,200.000,1628160,
10.174126,RETX,1591,13.732,,200.000,1628160,
10.174330,RETX,1592,13.732,,200.000,1628160,
10.174533,RETX,1593,13.732,,200.000,1628160,
10.174737,RETX,1594,13.732,,200.000,1628160,
10.174945,RETX,1595,13.732,,200.000,1628160,
10.175148,RETX,1596,13.732,,200.000,1628160,
10.175352,RETX,1597,13.732,,200.000,1628160,
10.175661,RETX,1598,13.732,,200.000,1628160,
10.176056,RETX,1599,13.732,,200.000,1628160,
10.176263,RETX,1600,13.732,,200.000,1628160,
10.176465,RETX,1601,13.732,,200.000,1628160,
10.176667,RETX,1602,13.732,,200.000,1628160,
10.176800,DUPACK,1590,13.732,,,1628160,
10.177737,NAK,1590,13.732,,,1628160,
10.177793,DUPACK,1590,13.732,,,1628160,
10.177825,NAK,1590,13.732,,,1628160,
10.178732,DUPACK,1590,13.732,,,1628160,
10.178764,NAK,1590,13.732,,,1628160,
10.178793,DUPACK,1590,13.732,,,1628160,
10.201239,NAK,1590,13.732,,,1628160,
10.202409,DUPACK,1590,13.732,,,1628160,
10.202664,DUPACK,1590,13.732,,,1628160,
10.203897,NAK,1590,13.732,,,1628160,
10.219626,NAK,1590,13.732,,,1628160,
10.219692,DUPACK,1590,13.732,,,1628160,
10.219725,NAK,1590,13.732,,,1628160,
10.219805,DUPACK,1590,13.732,,,1628160,
10.219887,NAK,1590,13.732,,,1628160,
10.219922,DUPACK,1590,13.732,,,1628160,
10.219951,NAK,1590,13.732,,,1628160,
10.219977,DUPACK,1590,13.732,,,1628160,
10.224095,ACK,1591,13.805,,,1629184,"cum ack, base->1591"
10.224161,ACK,1592,13.878,,,1630208,"cum ack, base->1592"
10.224195,ACK,1593,13.950,,,1631232,"cum ack, base->1593"
10.224228,ACK,1595,14.093,,,1633280,"cum ack, base->1595"
10.224259,ACK,1596,14.164,,,1634304,"cum ack, base->1596"
10.224656,SEND,1603,14.164,,200.000,1634304,
10.224836,SEND,1604,14.164,,200.000,1634304,
10.225010,SEND,1605,14.164,,200.000,1634304,
10.225226,SEND,1606,14.164,,200.000,1634304,
10.225438,SEND,1607,14.164,,200.000,1634304,
10.225609,SEND,1608,14.164,,200.000,1634304,
10.225777,SEND,1609,14.164,,200.000,1634304,
10.225905,ACK,1597,14.234,,,1635328,"cum ack, base->1597"
10.225965,ACK,1598,14.304,,,1636352,"cum ack, base->1598"
10.226257,ACK,1599,14.374,,,1637376,"cum ack, base->1599"
10.226853,ACK,1600,14.444,,,1638400,"cum ack, base->1600"
10.226902,ACK,1601,14.513,,,1639424,"cum ack, base->1601"
10.226938,ACK,1602,14.582,,,1640448,"cum ack, base->1602"
10.227489,ACK,1603,14.651,,,1641472,"cum ack, base->1603"
10.228583,SEND,1610,14.651,,200.000,1641472,
10.228822,SEND,1611,14.651,,200.000,1641472,
10.229050,SEND,1612,14.651,,200.000,1641472,
10.229277,SEND,1613,14.651,,200.000,1641472,
10.229503,SEND,1614,14.651,,200.000,1641472,
10.229728,SEND,1615,14.651,,200.000,1641472,
10.229953,SEND,1616,14.651,,200.000,1641472,
10.273513,STATS,-1,14.651,,200.000,1641472,base=1603 next=1617
10.279095,ACK,1604,14.719,,,1642496,"cum ack, base->1604"
10.279192,ACK,1605,14.787,,,1643520,"cum ack, base->1605"
10.279260,ACK,1606,14.854,,,1644544,"cum ack, base->1606"
10.279309,ACK,1607,14.922,,,1645568,"cum ack, base->1607"
10.279403,ACK,1609,15.056,,,1647616,"cum ack, base->1609"
10.279468,ACK,1610,15.122,,,1648640,"cum ack, base->1610"
10.279522,ACK,1611,15.188,,,1649664,"cum ack, base->1611"
10.279574,ACK,1612,15.254,,,1650688,"cum ack, base->1612"
10.279622,ACK,1613,15.319,,,1651712,"cum ack, base->1613"
10.279668,ACK,1614,15.385,,,1652736,"cum ack, base->1614"
10.279716,ACK,1615,15.450,,,1653760,"cum ack, base->1615"
10.281540,SEND,1617,15.450,,200.000,1653760,
10.282047,SEND,1618,15.450,,200.000,1653760,
10.282683,SEND,1619,15.450,,200.000,1653760,
10.283050,SEND,1620,15.450,,200.000,1653760,
10.283439,SEND,1621,15.450,,200.000,1653760,
10.283938,SEND,1622,15.450,,200.000,1653760,
10.284195,SEND,1623,15.450,,200.000,1653760,
10.284566,SEND,1624,15.450,,200.000,1653760,
10.284832,SEND,1625,15.450,,200.000,1653760,
10.285113,SEND,1626,15.450,,200.000,1653760,
10.285351,SEND,1627,15.450,,200.000,1653760,
10.285888,SEND,1628,15.450,,200.000,1653760,
10.286126,SEND,1629,15.450,,200.000,1653760,
10.286203,ACK,1616,15.514,,,1654784,"cum ack, base->1616"
10.286245,ACK,1617,15.579,,,1655808,"cum ack, base->1617"
10.288879,SEND,1630,15.579,,200.000,1655808,
10.289115,SEND,1631,15.579,,200.000,1655808,
10.331158,ACK,1618,15.643,,,1656832,"cum ack, base->1618"
10.331244,ACK,1619,15.707,,,1657856,"cum ack, base->1619"
10.333884,SEND,1632,15.707,,200.000,1657856,
10.334157,SEND,1633,15.707,,200.000,1657856,
10.337060,ACK,1621,15.834,,,1659904,"cum ack, base->1621"
10.337238,ACK,1622,15.897,,,1660928,"cum ack, base->1622"
10.339698,SEND,1634,15.897,,200.000,1660928,
10.339942,SEND,1635,15.897,,200.000,1660928,
10.340203,SEND,1636,15.897,,200.000,1660928,
10.340671,ACK,1623,15.960,,,1661952,"cum ack, base->1623"
10.340745,ACK,1624,16.023,,,1662976,"cum ack, base->1624"
10.340823,ACK,1625,16.085,,,1664000,"cum ack, base->1625"
10.340877,ACK,1626,16.147,,,1665024,"cum ack, base->1626"
10.340918,ACK,1627,16.209,,,1666048,"cum ack, base->1627"
10.340955,ACK,1628,16.271,,,1667072,"cum ack, base->1628"
10.340999,ACK,1629,16.333,,,1668096,"cum ack, base->1629"
10.341088,ACK,1630,16.394,,,1669120,"cum ack, base->1630"
10.343018,SEND,1637,16.394,,200.000,1669120,
10.343242,SEND,1638,16.394,,200.000,1669120,
10.343455,SEND,1639,16.394,,200.000,1669120,
10.343737,SEND,1640,16.394,,200.000,1669120,
10.344039,SEND,1641,16.394,,200.000,1669120,
10.344258,SEND,1642,16.394,,200.000,1669120,
10.344546,SEND,1643,16.394,,200.000,1669120,
10.344762,SEND,1644,16.394,,200.000,1669120,
10.344998,SEND,1645,16.394,,200.000,1669120,
10.345651,DUPACK,1630,16.394,,,1669120,
10.367475,NAK,1630,16.394,,,1669120,
10.367535,FASTRETX,1630,14.572,,200.000,1669120,nak
10.368825,RETX,1630,14.572,,200.000,1669120,
10.369137,RETX,1631,14.572,,200.000,1669120,
10.369446,RETX,1632,14.572,,200.000,1669120,
10.369716,RETX,1633,14.572,,200.000,1669120,
10.369977,RETX,1634,14.572,,200.000,1669120,
10.370498,RETX,1635,14.572,,200.000,1669120,
10.370715,RETX,1636,14.572,,200.000,1669120,
10.370933,RETX,1637,14.572,,200.000,1669120,
10.371154,RETX,1638,14.572,,200.000,1669120,
10.371361,RETX,1639,14.572,,200.000,1669120,
10.372099,RETX,1640,14.572,,200.000,1669120,
10.372326,RETX,1641,14.572,,200.000,1669120,
10.372595,RETX,1642,14.572,,200.000,1669120,
10.372870,RETX,1643,14.572,,200.000,1669120,
10.375528,STATS,-1,14.572,,200.000,1669120,base=1630 next=1644
10.377648,DUPACK,1630,14.572,,,1669120,
10.377716,NAK,1630,14.572,,,1669120,
10.381806,DUPACK,1630,14.572,,,1669120,
10.381906,NAK,1630,14.572,,,1669120,
10.381989,DUPACK,1630,14.572,,,1669120,
10.382021,NAK,1630,14.572,,,1669120,
10.382054,DUPACK,1630,14.572,,,1669120,
10.384351,NAK,1630,14.572,,,1669120,
10.386786,DUPACK,1630,14.572,,,1669120,
10.386852,NAK,1630,14.572,,,1669120,
10.387031,DUPACK,1630,14.572,,,1669120,
10.391196,NAK,1630,14.572,,,1669120,
10.391299,DUPACK,1630,14.572,,,1669120,
10.391498,NAK,1630,14.572,,,1669120,
10.392149,DUPACK,1630,14.572,,,1669120,
10.394706,NAK,1630,14.572,,,1669120,
10.394815,DUPACK,1630,14.572,,,1669120,
10.394874,NAK,1630,14.572,,,1669120,
10.394926,DUPACK,1630,14.572,,,1669120,
10.394961,DUPACK,1630,14.572,,,1669120,
10.394992,NAK,1630,14.572,,,1669120,
10.396469,DUPACK,1630,14.572,,,1669120,
10.397006,NAK,1630,14.572,,,1669120,
10.397229,DUPACK,1630,14.572,,,1669120,
10.397645,NAK,1630,14.572,,,1669120,
10.397726,DUPACK,1630,14.572,,,1669120,
10.408068,ACK,1631,14.641,,,1670144,"cum ack, base->1631"
10.409133,RETX,1644,14.641,,200.000,1670144,
10.409271,ACK,1632,14.709,,,1671168,"cum ack, base->1632"
10.409389,ACK,1633,14.777,,,1672192,"cum ack, base->1633"
10.411654,RETX,1645,14.777,,200.000,1672192,
10.411885,SEND,1646,14.777,,200.000,1672192,
10.418703,ACK,1634,14.845,,,1673216,"cum ack, base->1634"
10.418774,ACK,1635,14.912,,,1674240,"cum ack, base->1635"
10.419187,ACK,1636,14.979,,,1675264,"cum ack, base->1636"
10.419795,SEND,1647,14.979,,200.000,1675264,
10.420223,SEND,1648,14.979,,200.000,1675264,
10.420513,SEND,1649,14.979,,200.000,1675264,
10.421183,ACK,1637,15.046,,,1676288,"cum ack, base->1637"
10.421241,ACK,1639,15.179,,,1678336,"cum ack, base->1639"
10.421276,ACK,1640,15.245,,,1679360,"cum ack, base->1640"
10.421309,ACK,1642,15.375,,,1681408,"cum ack, base->1642"
10.422290,ACK,1644,15.505,,,1683456,"cum ack, base->1644"
10.423387,SEND,1650,15.505,,200.000,1683456,
10.423704,SEND,1651,15.505,,200.000,1683456,
10.423966,SEND,1652,15.505,,200.000,1683456,
10.424237,SEND,1653,15.505,,200.000,1683456,
10.424522,SEND,1654,15.505,,200.000,1683456,
10.424787,SEND,1655,15.505,,200.000,1683456,
10.425034,SEND,1656,15.505,,200.000,1683456,
10.425238,SEND,1657,15.505,,200.000,1683456,
10.425441,SEND,1658,15.505,,200.000,1683456,
10.445486,ACK,1645,15.570,,,1684480,"cum ack, base->1645"
10.447161,SEND,1659,15.570,,200.000,1684480,
10.451520,ACK,1646,15.634,,,1685504,"cum ack, base->1646"
10.453255,SEND,1660,15.634,,200.000,1685504,
10.453629,ACK,1647,15.698,,,1686528,"cum ack, base->1647"
10.456131,SEND,1661,15.698,,200.000,1686528,
10.459636,ACK,1648,15.762,,,1687552,"cum ack, base->1648"
10.461533,SEND,1662,15.762,,200.000,1687552,
10.463945,ACK,1649,15.825,,,1688576,"cum ack, base->1649"
10.464476,SEND,1663,15.825,,200.000,1688576,
10.466100,ACK,1650,15.888,,,1689600,"cum ack, base->1650"
10.467375,SEND,1664,15.888,,200.000,1689600,
10.468906,ACK,1651,15.951,,,1690624,"cum ack, base->1651"
10.468969,ACK,1652,16.014,,,1691648,"cum ack, base->1652"
10.469015,ACK,1654,16.139,,,1693696,"cum ack, base->1654"
10.470234,SEND,1665,16.139,,200.000,1693696,
10.470614,SEND,1666,16.139,,200.000,1693696,
10.470861,SEND,1667,16.139,,200.000,1693696,
10.471582,SEND,1668,16.139,,200.000,1693696,
10.471944,SEND,1669,16.139,,200.000,1693696,
10.472352,ACK,1656,16.262,,,1695744,"cum ack, base->1656"
10.473156,ACK,1657,16.324,,,1696768,"cum ack, base->1657"
10.473222,ACK,1658,16.385,,,1697792,"cum ack, base->1658"
10.473258,ACK,1659,16.446,,,1698816,"cum ack, base->1659"
10.474829,SEND,1670,16.446,,200.000,1698816,
10.475046,SEND,1671,16.446,,200.000,1698816,
10.475287,SEND,1672,16.446,,200.000,1698816,
10.475494,SEND,1673,16.446,,200.000,1698816,
10.475750,SEND,1674,16.446,,200.000,1698816,
10.475774,STATS,-1,16.446,,200.000,1698816,base=1659 next=1675
10.489516,ACK,1660,16.507,,,1699840,"cum ack, base->1660"
10.489593,ACK,1661,16.567,,,1700864,"cum ack, base->1661"
10.491971,SEND,1675,16.567,,200.000,1700864,
10.492175,SEND,1676,16.567,,200.000,1700864,
10.493589,ACK,1662,16.628,,,1701888,"cum ack, base->1662"
10.494959,SEND,1677,16.628,,200.000,1701888,
10.512232,ACK,1663,16.688,,,1702912,"cum ack, base->1663"
10.512325,ACK,1664,16.748,,,1703936,"cum ack, base->1664"
10.512366,ACK,1665,16.808,,,1704960,"cum ack, base->1665"
10.512917,SEND,1678,16.808,,200.000,1704960,
10.513105,SEND,1679,16.808,,200.000,1704960,
10.513278,SEND,1680,16.808,,200.000,1704960,
10.519719,ACK,1666,16.867,,,1705984,"cum ack, base->1666"
10.519815,ACK,1667,16.926,,,1707008,"cum ack, base->1667"
10.519870,ACK,1668,16.985,,,1708032,"cum ack, base->1668"
10.519921,ACK,1669,17.044,,,1709056,"cum ack, base->1669"
10.519974,ACK,1670,17.103,,,1710080,"cum ack, base->1670"
10.521229,SEND,1681,17.103,,200.000,1710080,
10.521557,SEND,1682,17.103,,200.000,1710080,
10.521998,SEND,1683,17.103,,200.000,1710080,
10.522386,SEND,1684,17.103,,200.000,1710080,
10.522805,SEND,1685,17.103,,200.000,1710080,
10.523164,SEND,1686,17.103,,200.000,1710080,
10.523341,ACK,1671,17.161,,,1711104,"cum ack, base->1671"
10.523423,ACK,1672,17.220,,,1712128,"cum ack, base->1672"
10.525424,ACK,1673,17.278,,,1713152,"cum ack, base->1673"
10.525488,ACK,1674,17.336,,,1714176,"cum ack, base->1674"
10.525529,ACK,1675,17.393,,,1715200,"cum ack, base->1675"
10.525966,SEND,1687,17.393,,200.000,1715200,
10.526177,SEND,1688,17.393,,200.000,1715200,
10.526390,SEND,1689,17.393,,200.000,1715200,
10.526593,SEND,1690,17.393,,200.000,1715200,
10.526800,SEND,1691,17.393,,200.000,1715200,
10.538446,ACK,1676,17.451,,,1716224,"cum ack, base->1676"
10.539269,ACK,1677,17.508,,,1717248,"cum ack, base->1677"
10.540464,SEND,1692,17.508,,200.000,1717248,
10.540736,SEND,1693,17.508,,200.000,1717248,
10.555222,ACK,1679,17.622,,,1719296,"cum ack, base->1679"
10.555474,ACK,1680,17.679,,,1720320,"cum ack, base->1680"
10.557036,SEND,1694,17.679,,200.000,1720320,
10.557272,SEND,1695,17.679,,200.000,1720320,
10.557478,SEND,1696,17.679,,200.000,1720320,
10.557637,ACK,1681,17.735,,,1721344,"cum ack, base->1681"
10.557913,ACK,1682,17.792,,,1722368,"cum ack, base->1682"
10.560116,SEND,1697,17.792,,200.000,1722368,
10.560348,SEND,1698,17.792,,200.000,1722368,
10.563473,ACK,1683,17.848,,,1723392,"cum ack, base->1683"
10.565193,SEND,1699,17.848,,200.000,1723392,
10.567433,ACK,1685,17.960,,,1725440,"cum ack, base->1685"
10.567511,ACK,1686,18.016,,,1726464,"cum ack, base->1686"
10.568293,SEND,1700,18.016,,200.000,1726464,
10.568557,SEND,1701,18.016,,200.000,1726464,
10.568900,SEND,1702,18.016,,200.000,1726464,
10.569086,SEND,1703,18.016,,200.000,1726464,
10.571858,ACK,1687,18.071,,,1727488,"cum ack, base->1687"
10.574023,SEND,1704,18.071,,200.000,1727488,
10.576622,STATS,-1,18.071,,200.000,1727488,base=1687 next=1705
10.577498,ACK,1688,18.126,,,1728512,"cum ack, base->1688"
10.577564,ACK,1689,18.182,,,1729536,"cum ack, base->1689"
10.577606,ACK,1690,18.237,,,1730560,"cum ack, base->1690"
10.577644,ACK,1691,18.291,,,1731584,"cum ack, base->1691"
10.577682,ACK,1692,18.346,,,1732608,"cum ack, base->1692"
10.579513,SEND,1705,18.346,,200.000,1732608,
10.579741,SEND,1706,18.346,,200.000,1732608,
10.580057,SEND,1707,18.346,,200.000,1732608,
10.580291,SEND,1708,18.346,,200.000,1732608,
10.580649,SEND,1709,18.346,,200.000,1732608,
10.584564,ACK,1693,18.401,,,1733632,"cum ack, base->1693"
10.584982,ACK,1694,18.455,,,1734656,"cum ack, base->1694"
10.586801,SEND,1710,18.455,,200.000,1734656,
10.587163,SEND,1711,18.455,,200.000,1734656,
10.607236,ACK,1695,18.509,,,1735680,"cum ack, base->1695"
10.607564,SEND,1712,18.509,,200.000,1735680,
10.609576,ACK,1697,18.617,,,1737728,"cum ack, base->1697"
10.609911,ACK,1698,18.671,,,1738752,"cum ack, base->1698"
10.609974,ACK,1699,18.724,,,1739776,"cum ack, base->1699"
10.610357,SEND,1713,18.724,,200.000,1739776,
10.610541,SEND,1714,18.724,,200.000,1739776,
10.610712,SEND,1715,18.724,,200.000,1739776,
10.610902,SEND,1716,18.724,,200.000,1739776,
10.612292,ACK,1700,18.778,,,1740800,"cum ack, base->1700"
10.613336,SEND,1717,18.778,,200.000,1740800,
10.614029,ACK,1701,18.831,,,1741824,"cum ack, base->1701"
10.614087,ACK,1702,18.884,,,1742848,"cum ack, base->1702"
10.616211,SEND,1718,18.884,,200.000,1742848,
10.616633,SEND,1719,18.884,,200.000,1742848,
10.622936,ACK,1703,18.937,,,1743872,"cum ack, base->1703"
10.623017,ACK,1704,18.990,,,1744896,"cum ack, base->1704"
10.623114,ACK,1705,19.043,,,1745920,"cum ack, base->1705"
10.624665,SEND,1720,19.043,,200.000,1745920,
10.624895,SEND,1721,19.043,,200.000,1745920,
10.625111,SEND,1722,19.043,,200.000,1745920,
10.625315,SEND,1723,19.043,,200.000,1745920,
10.627986,ACK,1706,19.095,,,1746944,"cum ack, base->1706"
10.628047,ACK,1707,19.147,,,1747968,"cum ack, base->1707"
10.628090,ACK,1708,19.200,,,1748992,"cum ack, base->1708"
10.628130,ACK,1709,19.252,,,1750016,"cum ack, base->1709"
10.630641,SEND,1724,19.252,,200.000,1750016,
10.631117,SEND,1725,19.252,,200.000,1750016,
10.631374,SEND,1726,19.252,,200.000,1750016,
10.631587,SEND,1727,19.252,,200.000,1750016,
10.632301,ACK,1710,19.304,,,1751040,"cum ack, base->1710"
10.634020,SEND,1728,19.304,,200.000,1751040,
10.634798,ACK,1711,19.355,,,1752064,"cum ack, base->1711"
10.634863,ACK,1712,19.407,,,1753088,"cum ack, base->1712"
10.636884,SEND,1729,19.407,,200.000,1753088,
10.637212,SEND,1730,19.407,,200.000,1753088,
10.647438,ACK,1713,19.459,,,1754112,"cum ack, base->1713"
10.649945,SEND,1731,19.459,,200.000,1754112,
10.652453,ACK,1714,19.510,,,1755136,"cum ack, base->1714"
10.653001,SEND,1732,19.510,,200.000,1755136,
10.653140,ACK,1715,19.561,,,1756160,"cum ack, base->1715"
10.655748,SEND,1733,19.561,,200.000,1756160,
10.657715,ACK,1716,19.612,,,1757184,"cum ack, base->1716"
10.658254,ACK,1717,19.663,,,1758208,"cum ack, base->1717"
10.658628,SEND,1734,19.663,,200.000,1758208,
10.658867,SEND,1735,19.663,,200.000,1758208,
10.658961,ACK,1718,19.714,,,1759232,"cum ack, base->1718"
10.659015,ACK,1719,19.765,,,1760256,"cum ack, base->1719"
10.661432,ACK,1720,19.816,,,1761280,"cum ack, base->1720"
10.661790,SEND,1736,19.816,,200.000,1761280,
10.662010,SEND,1737,19.816,,200.000,1761280,
10.662215,SEND,1738,19.816,,200.000,1761280,
10.662349,ACK,1721,19.866,,,1762304,"cum ack, base->1721"
10.665052,SEND,1739,19.866,,200.000,1762304,
10.667507,ACK,1722,19.916,,,1763328,"cum ack, base->1722"
10.668152,ACK,1723,19.967,,,1764352,"cum ack, base->1723"
10.668603,SEND,1740,19.967,,200.000,1764352,
10.669111,SEND,1741,19.967,,200.000,1764352,
10.673451,ACK,1724,20.017,,,1765376,"cum ack, base->1724"
10.674476,SEND,1742,20.017,,200.000,1765376,
10.674700,SEND,1743,20.017,,200.000,1765376,
10.676967,STATS,-1,20.017,,200.000,1765376,base=1724 next=1744
10.682938,ACK,1725,20.067,,,1766400,"cum ack, base->1725"
10.683019,ACK,1726,20.116,,,1767424,"cum ack, base->1726"
10.683061,ACK,1727,20.166,,,1768448,"cum ack, base->1727"
10.683155,ACK,1728,20.216,,,1769472,"cum ack, base->1728"
10.683406,ACK,1729,20.265,,,1770496,"cum ack, base->1729"
10.683470,ACK,1730,20.315,,,1771520,"cum ack, base->1730"
10.683519,ACK,1731,20.364,,,1772544,"cum ack, base->1731"
10.685081,SEND,1744,20.364,,200.000,1772544,
10.685365,SEND,1745,20.364,,200.000,1772544,
10.685690,SEND,1746,20.364,,200.000,1772544,
10.686410,SEND,1747,20.364,,200.000,1772544,
10.687069,SEND,1748,20.364,,200.000,1772544,
10.687410,SEND,1749,20.364,,200.000,1772544,
10.687658,SEND,1750,20.364,,200.000,1772544,
10.701623,ACK,1733,20.462,,,1774592,"cum ack, base->1733"
10.701681,ACK,1734,20.511,,,1775616,"cum ack, base->1734"
10.703312,SEND,1751,20.511,,200.000,1775616,
10.703534,SEND,1752,20.511,,200.000,1775616,
10.703741,SEND,1753,20.511,,200.000,1775616,
10.713484,ACK,1735,20.560,,,1776640,"cum ack, base->1735"
10.713547,ACK,1736,20.608,,,1777664,"cum ack, base->1736"
10.715633,ACK,1737,20.657,,,1778688,"cum ack, base->1737"
10.716004,ACK,1738,20.705,,,1779712,"cum ack, base->1738"
10.716052,ACK,1739,20.753,,,1780736,"cum ack, base->1739"
10.716355,ACK,1740,20.802,,,1781760,"cum ack, base->1740"
10.716418,ACK,1741,20.850,,,1782784,"cum ack, base->1741"
10.717688,SEND,1754,20.850,,200.000,1782784,
10.717878,SEND,1755,20.850,,200.000,1782784,
10.718047,SEND,1756,20.850,,200.000,1782784,
10.718533,SEND,1757,20.850,,200.000,1782784,
10.718903,SEND,1758,20.850,,200.000,1782784,
10.719149,SEND,1759,20.850,,200.000,1782784,
10.719378,SEND,1760,20.850,,200.000,1782784,
10.719489,ACK,1742,20.898,,,1783808,"cum ack, base->1742"
10.719540,ACK,1743,20.945,,,1784832,"cum ack, base->1743"
10.722151,SEND,1761,20.945,,200.000,1784832,
10.722383,SEND,1762,20.945,,200.000,1784832,
10.724932,ACK,1744,20.993,,,1785856,"cum ack, base->1744"
10.725214,SEND,1763,20.993,,200.000,1785856,
10.726538,ACK,1745,21.041,,,1786880,"cum ack, base->1745"
10.728032,SEND,1764,21.041,,200.000,1786880,
10.728231,SEND,1765,21.041,,200.000,1786880,
10.733842,ACK,1746,21.088,,,1787904,"cum ack, base->1746"
10.733987,ACK,1747,21.136,,,1788928,"cum ack, base->1747"
10.734053,ACK,1748,21.183,,,1789952,"cum ack, base->1748"
10.736462,ACK,1749,21.230,,,1790976,"cum ack, base->1749"
10.737089,SEND,1766,21.230,,200.000,1790976,
10.737349,SEND,1767,21.230,,200.000,1790976,
10.737720,SEND,1768,21.230,,200.000,1790976,
10.737968,SEND,1769,21.230,,200.000,1790976,
10.738105,ACK,1750,21.277,,,1792000,"cum ack, base->1750"
10.738166,ACK,1751,21.324,,,1793024,"cum ack, base->1751"
10.740570,SEND,1770,21.324,,200.000,1793024,
10.740807,SEND,1771,21.324,,200.000,1793024,
10.750300,ACK,1752,21.371,,,1794048,"cum ack, base->1752"
10.750378,ACK,1753,21.418,,,1795072,"cum ack, base->1753"
10.750415,ACK,1754,21.465,,,1796096,"cum ack, base->1754"
10.750660,SEND,1772,21.465,,200.000,1796096,
10.750941,SEND,1773,21.465,,200.000,1796096,
10.751116,SEND,1774,21.465,,200.000,1796096,
10.762091,ACK,1755,21.511,,,1797120,"cum ack, base->1755"
10.762723,ACK,1756,21.558,,,1798144,"cum ack, base->1756"
10.763736,SEND,1775,21.558,,200.000,1798144,
10.763920,SEND,1776,21.558,,200.000,1798144,
10.768406,ACK,1757,21.604,,,1799168,"cum ack, base->1757"
10.768471,ACK,1758,21.651,,,1800192,"cum ack, base->1758"
10.769023,SEND,1777,21.651,,200.000,1800192,
10.769196,SEND,1778,21.651,,200.000,1800192,
10.771784,ACK,1759,21.697,,,1801216,"cum ack, base->1759"
10.771886,ACK,1760,21.743,,,1802240,"cum ack, base->1760"
10.771927,ACK,1761,21.789,,,1803264,"cum ack, base->1761"
10.771967,ACK,1762,21.835,,,1804288,"cum ack, base->1762"
10.772164,ACK,1763,21.881,,,1805312,"cum ack, base->1763"
10.772315,ACK,1764,21.926,,,1806336,"cum ack, base->1764"
10.772518,ACK,1765,21.972,,,1807360,"cum ack, base->1765"
10.772616,ACK,1766,22.017,,,1808384,"cum ack, base->1766"
10.774274,SEND,1779,22.017,,200.000,1808384,
10.774461,SEND,1780,22.017,,200.000,1808384,
10.774641,SEND,1781,22.017,,200.000,1808384,
10.774811,SEND,1782,22.017,,200.000,1808384,
10.774980,SEND,1783,22.017,,200.000,1808384,
10.775147,SEND,1784,22.017,,200.000,1808384,
10.775322,SEND,1785,22.017,,200.000,1808384,
10.775491,SEND,1786,22.017,,200.000,1808384,
10.775661,SEND,1787,22.017,,200.000,1808384,
10.778232,STATS,-1,22.017,,200.000,1808384,base=1766 next=1788
10.780566,ACK,1767,22.063,,,1809408,"cum ack, base->1767"
10.780633,ACK,1768,22.108,,,1810432,"cum ack, base->1768"
10.780671,ACK,1769,22.153,,,1811456,"cum ack, base->1769"
10.781015,SEND,1788,22.153,,200.000,1811456,
10.781217,SEND,1789,22.153,,200.000,1811456,
10.781472,SEND,1790,22.153,,200.000,1811456,
10.788436,ACK,1770,22.198,,,1812480,"cum ack, base->1770"
10.788790,ACK,1771,22.243,,,1813504,"cum ack, base->1771"
10.789072,ACK,1772,22.288,,,1814528,"cum ack, base->1772"
10.789447,SEND,1791,22.288,,200.000,1814528,
10.789741,SEND,1792,22.288,,200.000,1814528,
10.789966,SEND,1793,22.288,,200.000,1814528,
10.795069,ACK,1773,22.333,,,1815552,"cum ack, base->1773"
10.795136,NAK,1773,22.333,,,1815552,
10.795155,FASTRETX,1773,19.852,,200.000,1815552,nak
10.795191,DUPACK,1773,19.852,,,1815552,
10.797362,RETX,1773,19.852,,200.000,1815552,
10.797577,RETX,1774,19.852,,200.000,1815552,
10.797836,RETX,1775,19.852,,200.000,1815552,
10.798104,RETX,1776,19.852,,200.000,1815552,
10.798472,RETX,1777,19.852,,200.000,1815552,
10.798692,RETX,1778,19.852,,200.000,1815552,
10.799107,RETX,1779,19.852,,200.000,1815552,
10.799597,RETX,1780,19.852,,200.000,1815552,
10.799890,RETX,1781,19.852,,200.000,1815552,
10.800106,RETX,1782,19.852,,200.000,1815552,
10.800379,RETX,1783,19.852,,200.000,1815552,
10.801123,RETX,1784,19.852,,200.000,1815552,
10.801343,RETX,1785,19.852,,200.000,1815552,
10.801770,RETX,1786,19.852,,200.000,1815552,
10.802147,RETX,1787,19.852,,200.000,1815552,
10.802405,RETX,1788,19.852,,200.000,1815552,
10.802594,RETX,1789,19.852,,200.000,1815552,
10.802869,RETX,1790,19.852,,200.000,1815552,
10.803106,RETX,1791,19.852,,200.000,1815552,
10.812239,NAK,1773,19.852,,,1815552,
10.812275,DUPACK,1773,19.852,,,1815552,
10.812298,NAK,1773,19.852,,,1815552,
10.812319,DUPACK,1773,19.852,,,1815552,
10.812338,NAK,1773,19.852,,,1815552,
10.815629,DUPACK,1773,19.852,,,1815552,
10.815673,NAK,1773,19.852,,,1815552,
10.815707,DUPACK,1773,19.852,,,1815552,
10.827702,NAK,1773,19.852,,,1815552,
10.827746,DUPACK,1773,19.852,,,1815552,
10.827783,NAK,1773,19.852,,,1815552,
10.829844,DUPACK,1773,19.852,,,1815552,
10.829878,NAK,1773,19.852,,,1815552,
10.829910,DUPACK,1773,19.852,,,1815552,
10.829936,NAK,1773,19.852,,,1815552,
10.829961,DUPACK,1773,19.852,,,1815552,
10.829985,DUPACK,1773,19.852,,,1815552,
10.830366,NAK,1773,19.852,,,1815552,
10.830396,DUPACK,1773,19.852,,,1815552,
10.830421,NAK,1773,19.852,,,1815552,
10.830447,DUPACK,1773,19.852,,,1815552,
10.830471,NAK,1773,19.852,,,1815552,
10.830496,DUPACK,1773,19.852,,,1815552,
10.830519,NAK,1773,19.852,,,1815552,
10.830543,DUPACK,1773,19.852,,,1815552,
10.830567,NAK,1773,19.852,,,1815552,
10.830845,NAK,1773,19.852,,,1815552,
10.830886,DUPACK,1773,19.852,,,1815552,
10.831581,NAK,1773,19.852,,,1815552,
10.835136,DUPACK,1773,19.852,,,1815552,
10.835167,NAK,1773,19.852,,,1815552,
10.837292,DUPACK,1773,19.852,,,1815552,
10.837333,ACK,1774,19.902,,,1816576,"cum ack, base->1774"
10.837361,NAK,1774,19.902,,,1816576,
10.837370,FASTRETX,1774,19.902,,200.000,1816576,nak
10.839603,RETX,1774,19.902,,200.000,1816576,
10.839879,RETX,1775,19.902,,200.000,1816576,
10.840089,RETX,1776,19.902,,200.000,1816576,
10.840274,RETX,1777,19.902,,200.000,1816576,
10.840529,RETX,1778,19.902,,200.000,1816576,
10.840771,RETX,1779,19.902,,200.000,1816576,
10.840999,RETX,1780,19.902,,200.000,1816576,
10.841227,RETX,1781,19.902,,200.000,1816576,
10.841453,RETX,1782,19.902,,200.000,1816576,
10.841679,RETX,1783,19.902,,200.000,1816576,
10.841905,RETX,1784,19.902,,200.000,1816576,
10.842133,RETX,1785,19.902,,200.000,1816576,
10.842351,RETX,1786,19.902,,200.000,1816576,
10.842527,RETX,1787,19.902,,200.000,1816576,
10.842703,RETX,1788,19.902,,200.000,1816576,
10.842881,RETX,1789,19.902,,200.000,1816576,
10.843058,RETX,1790,19.902,,200.000,1816576,
10.843235,RETX,1791,19.902,,200.000,1816576,
10.843412,RETX,1792,19.902,,200.000,1816576,
10.843459,DUPACK,1774,19.902,,,1816576,
10.843482,NAK,1774,19.902,,,1816576,
10.843504,DUPACK,1774,19.902,,,1816576,
10.843524,NAK,1774,19.902,,,1816576,
10.843544,DUPACK,1774,19.902,,,1816576,
10.843563,NAK,1774,19.902,,,1816576,
10.843584,DUPACK,1774,19.902,,,1816576,
10.843603,NAK,1774,19.902,,,1816576,
10.843622,DUPACK,1774,19.902,,,1816576,
10.843641,NAK,1774,19.902,,,1816576,
10.843659,DUPACK,1774,19.902,,,1816576,
10.843678,DUPACK,1774,19.902,,,1816576,
10.843784,NAK,1774,19.902,,,1816576,
10.843805,DUPACK,1774,19.902,,,1816576,
10.843824,NAK,1774,19.902,,,1816576,
10.845551,DUPACK,1774,19.902,,,1816576,
10.845580,NAK,1774,19.902,,,1816576,
10.845600,DUPACK,1774,19.902,,,1816576,
10.845619,NAK,1774,19.902,,,1816576,
10.845638,DUPACK,1774,19.902,,,1816576,
10.845657,NAK,1774,19.902,,,1816576,
10.845676,DUPACK,1774,19.902,,,1816576,
10.849578,NAK,1774,19.902,,,1816576,
10.849622,DUPACK,1774,19.902,,,1816576,
10.849652,NAK,1774,19.902,,,1816576,
10.852344,DUPACK,1774,19.902,,,1816576,
10.853193,NAK,1774,19.902,,,1816576,
10.853217,DUPACK,1774,19.902,,,1816576,
10.853236,NAK,1774,19.902,,,1816576,
10.853849,DUPACK,1774,19.902,,,1816576,
10.880539,STATS,-1,19.902,,200.000,1816576,base=1774 next=1793
10.884243,ACK,1775,19.952,,,1817600,"cum ack, base->1775"
10.886154,RETX,1793,19.952,,200.000,1817600,
10.888337,ACK,1776,20.003,,,1818624,"cum ack, base->1776"
10.888404,ACK,1777,20.053,,,1819648,"cum ack, base->1777"
10.888446,NAK,1778,20.053,,,1819648,
10.888457,FASTRETX,1777,20.053,,200.000,1819648,nak
10.888539,ACK,1778,20.102,,,1820672,"cum ack, base->1778"
10.888598,NAK,1778,20.102,,,1820672,
10.888611,FASTRETX,1778,20.102,,200.000,1820672,nak
10.888932,RETX,1778,20.102,,200.000,1820672,
10.889208,RETX,1779,20.102,,200.000,1820672,
10.889395,RETX,1780,20.102,,200.000,1820672,
10.889724,RETX,1781,20.102,,200.000,1820672,
10.889908,RETX,1782,20.102,,200.000,1820672,
10.890077,RETX,1783,20.102,,200.000,1820672,
10.890244,RETX,1784,20.102,,200.000,1820672,
10.890574,RETX,1785,20.102,,200.000,1820672,
10.890752,RETX,1786,20.102,,200.000,1820672,
10.890919,RETX,1787,20.102,,200.000,1820672,
10.891091,RETX,1788,20.102,,200.000,1820672,
10.891260,RETX,1789,20.102,,200.000,1820672,
10.891431,RETX,1790,20.102,,200.000,1820672,
10.891612,RETX,1791,20.102,,200.000,1820672,
10.891781,RETX,1792,20.102,,200.000,1820672,
10.891948,RETX,1793,20.102,,200.000,1820672,
10.892116,SEND,1794,20.102,,200.000,1820672,
10.892284,SEND,1795,20.102,,200.000,1820672,
10.892518,SEND,1796,20.102,,200.000,1820672,
10.892702,SEND,1797,20.102,,200.000,1820672,
10.892766,DUPACK,1778,20.102,,,1820672,
10.892856,NAK,1778,20.102,,,1820672,
10.892896,DUPACK,1778,20.102,,,1820672,
10.892929,NAK,1778,20.102,,,1820672,
10.894094,NAK,1778,20.102,,,1820672,
10.894161,DUPACK,1778,20.102,,,1820672,
10.894192,NAK,1778,20.102,,,1820672,
10.894218,DUPACK,1778,20.102,,,1820672,
10.894244,NAK,1778,20.102,,,1820672,
10.894270,DUPACK,1778,20.102,,,1820672,
10.894295,NAK,1778,20.102,,,1820672,
10.897578,DUPACK,1778,20.102,,,1820672,
10.897670,NAK,1778,20.102,,,1820672,
10.897706,DUPACK,1778,20.102,,,1820672,
10.897733,NAK,1778,20.102,,,1820672,
10.897759,DUPACK,1778,20.102,,,1820672,
10.897784,NAK,1778,20.102,,,1820672,
10.897812,DUPACK,1778,20.102,,,1820672,
10.897838,NAK,1778,20.102,,,1820672,
10.897866,DUPACK,1778,20.102,,,1820672,
10.897891,NAK,1778,20.102,,,1820672,
10.897923,DUPACK,1778,20.102,,,1820672,
10.923068,NAK,1778,20.102,,,1820672,
10.923780,DUPACK,1778,20.102,,,1820672,
10.926266,ACK,1779,20.152,,,1821696,"cum ack, base->1779"
10.928041,SEND,1798,20.152,,200.000,1821696,
10.930739,ACK,1780,20.202,,,1822720,"cum ack, base->1780"
10.930764,NAK,1780,20.202,,,1822720,
10.930772,FASTRETX,1780,20.202,,200.000,1822720,nak
10.936700,RETX,1780,20.202,,200.000,1822720,
10.936850,RETX,1781,20.202,,200.000,1822720,
10.936996,RETX,1782,20.202,,200.000,1822720,
10.937142,RETX,1783,20.202,,200.000,1822720,
10.937289,RETX,1784,20.202,,200.000,1822720,
10.937434,RETX,1785,20.202,,200.000,1822720,
10.937580,RETX,1786,20.202,,200.000,1822720,
10.937727,RETX,1787,20.202,,200.000,1822720,
10.937872,RETX,1788,20.202,,200.000,1822720,
10.938018,RETX,1789,20.202,,200.000,1822720,
10.938167,RETX,1790,20.202,,200.000,1822720,
10.938317,RETX,1791,20.202,,200.000,1822720,
10.938468,RETX,1792,20.202,,200.000,1822720,
10.938617,RETX,1793,20.202,,200.000,1822720,
10.938763,RETX,1794,20.202,,200.000,1822720,
10.938913,RETX,1795,20.202,,200.000,1822720,
10.939057,RETX,1796,20.202,,200.000,1822720,
10.939202,RETX,1797,20.202,,200.000,1822720,
10.939351,RETX,1798,20.202,,200.000,1822720,
10.939506,SEND,1799,20.202,,200.000,1822720,
10.939547,DUPACK,1780,20.202,,,1822720,
10.939568,NAK,1780,20.202,,,1822720,
10.939587,DUPACK,1780,20.202,,,1822720,
10.940030,NAK,1780,20.202,,,1822720,
10.944040,DUPACK,1780,20.202,,,1822720,
10.944069,NAK,1780,20.202,,,1822720,
10.944094,DUPACK,1780,20.202,,,1822720,
10.944112,NAK,1780,20.202,,,1822720,
10.944129,DUPACK,1780,20.202,,,1822720,
10.944146,NAK,1780,20.202,,,1822720,
10.944164,DUPACK,1780,20.202,,,1822720,
10.944337,NAK,1780,20.202,,,1822720,
10.944364,DUPACK,1780,20.202,,,1822720,
10.944380,NAK,1780,20.202,,,1822720,
10.944401,NAK,1780,20.202,,,1822720,
10.944419,DUPACK,1780,20.202,,,1822720,
10.944436,NAK,1780,20.202,,,1822720,
10.944452,DUPACK,1780,20.202,,,1822720,
10.947068,NAK,1780,20.202,,,1822720,
10.947089,DUPACK,1780,20.202,,,1822720,
10.947110,NAK,1780,20.202,,,1822720,
10.947128,DUPACK,1780,20.202,,,1822720,
10.947153,NAK,1780,20.202,,,1822720,
10.947170,DUPACK,1780,20.202,,,1822720,
10.947188,NAK,1780,20.202,,,1822720,
10.947205,DUPACK,1780,20.202,,,1822720,
10.947221,NAK,1780,20.202,,,1822720,
10.947238,DUPACK,1780,20.202,,,1822720,
10.947253,NAK,1780,20.202,,,1822720,
10.947269,DUPACK,1780,20.202,,,1822720,
10.971339,NAK,1780,20.202,,,1822720,
10.973076,DUPACK,1780,20.202,,,1822720,
10.982887,STATS,-1,20.202,,200.000,1822720,base=1780 next=1800
10.988392,ACK,1781,20.251,,,1823744,"cum ack, base->1781"
10.988467,ACK,1782,20.301,,,1824768,"cum ack, base->1782"
10.988503,ACK,1783,20.350,,,1825792,"cum ack, base->1783"
10.988536,ACK,1784,20.399,,,1826816,"cum ack, base->1784"
10.988567,ACK,1785,20.448,,,1827840,"cum ack, base->1785"
10.988631,ACK,1786,20.497,,,1828864,"cum ack, base->1786"
10.988683,ACK,1787,20.546,,,1829888,"cum ack, base->1787"
10.989533,SEND,1800,20.546,,200.000,1829888,
10.989733,SEND,1801,20.546,,200.000,1829888,
10.989904,SEND,1802,20.546,,200.000,1829888,
10.990073,SEND,1803,20.546,,200.000,1829888,
10.990240,SEND,1804,20.546,,200.000,1829888,
10.990409,SEND,1805,20.546,,200.000,1829888,
10.990576,SEND,1806,20.546,,200.000,1829888,
10.994068,ACK,1788,20.594,,,1830912,"cum ack, base->1788"
10.994133,ACK,1789,20.643,,,1831936,"cum ack, base->1789"
10.995533,SEND,1807,20.643,,200.000,1831936,
10.995724,SEND,1808,20.643,,200.000,1831936,
10.997148,ACK,1790,20.691,,,1832960,"cum ack, base->1790"
10.997219,ACK,1791,20.740,,,1833984,"cum ack, base->1791"
10.997259,ACK,1792,20.788,,,1835008,"cum ack, base->1792"
10.997298,ACK,1793,20.836,,,1836032,"cum ack, base->1793"
10.997340,ACK,1795,20.932,,,1838080,"cum ack, base->1795"
10.997377,ACK,1796,20.980,,,1839104,"cum ack, base->1796"
10.997414,ACK,1797,21.027,,,1840128,"cum ack, base->1797"
10.997452,ACK,1798,21.075,,,1841152,"cum ack, base->1798"
10.997488,ACK,1799,21.122,,,1842176,"cum ack, base->1799"
10.997525,ACK,1800,21.170,,,1843200,"cum ack, base->1800"
10.998683,SEND,1809,21.170,,200.000,1843200,
10.998942,SEND,1810,21.170,,200.000,1843200,
10.999298,SEND,1811,21.170,,200.000,1843200,
10.999514,SEND,1812,21.170,,200.000,1843200,
10.999874,SEND,1813,21.170,,200.000,1843200,
11.000117,SEND,1814,21.170,,200.000,1843200,
11.000432,SEND,1815,21.170,,200.000,1843200,
11.000722,SEND,1816,21.170,,200.000,1843200,
11.001062,SEND,1817,21.170,,200.000,1843200,
11.001317,SEND,1818,21.170,,200.000,1843200,
11.001488,SEND,1819,21.170,,200.000,1843200,
11.001657,SEND,1820,21.170,,200.000,1843200,
11.030004,ACK,1801,21.217,,,1844224,"cum ack, base->1801"
11.030208,SEND,1821,21.217,,200.000,1844224,
11.040490,ACK,1802,21.264,,,1845248,"cum ack, base->1802"
11.040807,SEND,1822,21.264,,200.000,1845248,
11.040878,ACK,1803,21.311,,,1846272,"cum ack, base->1803"
11.043258,ACK,1804,21.358,,,1847296,"cum ack, base->1804"
11.043381,ACK,1805,21.405,,,1848320,"cum ack, base->1805"
11.043665,SEND,1823,21.405,,200.000,1848320,
11.043878,SEND,1824,21.405,,200.000,1848320,
11.044085,SEND,1825,21.405,,200.000,1848320,
11.044206,ACK,1806,21.452,,,1849344,"cum ack, base->1806"
11.044268,ACK,1807,21.498,,,1850368,"cum ack, base->1807"
11.044312,ACK,1808,21.545,,,1851392,"cum ack, base->1808"
11.046759,SEND,1826,21.545,,200.000,1851392,
11.046987,SEND,1827,21.545,,200.000,1851392,
11.047192,SEND,1828,21.545,,200.000,1851392,
11.048178,ACK,1809,21.591,,,1852416,"cum ack, base->1809"
11.048233,ACK,1810,21.638,,,1853440,"cum ack, base->1810"
11.048275,ACK,1811,21.684,,,1854464,"cum ack, base->1811"
11.048314,ACK,1812,21.730,,,1855488,"cum ack, base->1812"
11.048353,ACK,1813,21.776,,,1856512,"cum ack, base->1813"
11.048450,ACK,1814,21.822,,,1857536,"cum ack, base->1814"
11.048518,ACK,1815,21.868,,,1858560,"cum ack, base->1815"
11.048574,ACK,1816,21.913,,,1859584,"cum ack, base->1816"
11.048615,ACK,1817,21.959,,,1860608,"cum ack, base->1817"
11.048660,ACK,1818,22.005,,,1861632,"cum ack, base->1818"
11.048697,ACK,1819,22.050,,,1862656,"cum ack, base->1819"
11.048734,ACK,1820,22.095,,,1863680,"cum ack, base->1820"
11.048771,ACK,1821,22.141,,,1864704,"cum ack, base->1821"
11.050025,SEND,1829,22.141,,200.000,1864704,
11.050340,SEND,1830,22.141,,200.000,1864704,
11.050868,SEND,1831,22.141,,200.000,1864704,
11.051080,SEND,1832,22.141,,200.000,1864704,
11.051400,SEND,1833,22.141,,200.000,1864704,
11.051886,SEND,1834,22.141,,200.000,1864704,
11.052194,SEND,1835,22.141,,200.000,1864704,
11.052507,SEND,1836,22.141,,200.000,1864704,
11.052841,SEND,1837,22.141,,200.000,1864704,
11.053209,SEND,1838,22.141,,200.000,1864704,
11.054010,SEND,1839,22.141,,200.000,1864704,
11.054198,SEND,1840,22.141,,200.000,1864704,
11.054377,SEND,1841,22.141,,200.000,1864704,
11.054555,SEND,1842,22.141,,200.000,1864704,
11.074499,ACK,1822,22.186,,,1865728,"cum ack, base->1822"
11.074900,SEND,1843,22.186,,200.000,1865728,
11.085157,STATS,-1,22.186,,200.000,1865728,base=1822 next=1844
11.088985,ACK,1823,22.231,,,1866752,"cum ack, base->1823"
11.090561,SEND,1844,22.231,,200.000,1866752,
11.094648,ACK,1824,22.276,,,1867776,"cum ack, base->1824"
11.094758,ACK,1825,22.321,,,1868800,"cum ack, base->1825"
11.094793,ACK,1826,22.365,,,1869824,"cum ack, base->1826"
11.094825,ACK,1827,22.410,,,1870848,"cum ack, base->1827"
11.095924,SEND,1845,22.410,,200.000,1870848,
11.096143,SEND,1846,22.410,,200.000,1870848,
11.096348,SEND,1847,22.410,,200.000,1870848,
11.096551,SEND,1848,22.410,,200.000,1870848,
11.098237,ACK,1828,22.455,,,1871872,"cum ack, base->1828"
11.098614,ACK,1829,22.499,,,1872896,"cum ack, base->1829"
11.098674,ACK,1830,22.544,,,1873920,"cum ack, base->1830"
11.098718,ACK,1831,22.588,,,1874944,"cum ack, base->1831"
11.101385,SEND,1849,22.588,,200.000,1874944,
11.101652,SEND,1850,22.588,,200.000,1874944,
11.101860,SEND,1851,22.588,,200.000,1874944,
11.102352,SEND,1852,22.588,,200.000,1874944,
11.103404,ACK,1832,22.632,,,1875968,"cum ack, base->1832"
11.103701,ACK,1835,22.765,,,1879040,"cum ack, base->1835"
11.103755,ACK,1836,22.809,,,1880064,"cum ack, base->1836"
11.103800,ACK,1837,22.852,,,1881088,"cum ack, base->1837"
11.103839,ACK,1838,22.896,,,1882112,"cum ack, base->1838"
11.104005,ACK,1839,22.940,,,1883136,"cum ack, base->1839"
11.104068,ACK,1840,22.984,,,1884160,"cum ack, base->1840"
11.104110,ACK,1841,23.027,,,1885184,"cum ack, base->1841"
11.104240,ACK,1842,23.070,,,1886208,"cum ack, base->1842"
11.105333,SEND,1853,23.070,,200.000,1886208,
11.105717,SEND,1854,23.070,,200.000,1886208,
11.106747,SEND,1855,23.070,,200.000,1886208,
11.106995,SEND,1856,23.070,,200.000,1886208,
11.107239,SEND,1857,23.070,,200.000,1886208,
11.107465,SEND,1858,23.070,,200.000,1886208,
11.107688,SEND,1859,23.070,,200.000,1886208,
11.107912,SEND,1860,23.070,,200.000,1886208,
11.108137,SEND,1861,23.070,,200.000,1886208,
11.108371,SEND,1862,23.070,,200.000,1886208,
11.108609,SEND,1863,23.070,,200.000,1886208,
11.108846,SEND,1864,23.070,,200.000,1886208,
11.108977,ACK,1843,23.114,,,1887232,"cum ack, base->1843"
11.111619,SEND,1865,23.114,,200.000,1887232,
11.125425,ACK,1845,23.200,,,1889280,"cum ack, base->1845"
11.126991,SEND,1866,23.200,,200.000,1889280,
11.127227,SEND,1867,23.200,,200.000,1889280,
11.133045,ACK,1846,23.243,,,1890304,"cum ack, base->1846"
11.134999,SEND,1868,23.243,,200.000,1890304,
11.144271,ACK,1847,23.286,,,1891328,"cum ack, base->1847"
11.144358,ACK,1848,23.329,,,1892352,"cum ack, base->1848"
11.144397,ACK,1849,23.372,,,1893376,"cum ack, base->1849"
11.145373,SEND,1869,23.372,,200.000,1893376,
11.145568,SEND,1870,23.372,,200.000,1893376,
11.145737,SEND,1871,23.372,,200.000,1893376,
11.146330,ACK,1850,23.415,,,1894400,"cum ack, base->1850"
11.146375,NAK,1850,23.415,,,1894400,
11.146393,FASTRETX,1850,20.813,,200.000,1894400,nak
11.146422,DUPACK,1850,20.813,,,1894400,
11.146447,NAK,1850,20.813,,,1894400,
11.147970,DUPACK,1850,20.813,,,1894400,
11.148027,NAK,1850,20.813,,,1894400,
11.148062,DUPACK,1850,20.813,,,1894400,
11.148091,NAK,1850,20.813,,,1894400,
11.148476,RETX,1850,20.813,,200.000,1894400,
11.148658,RETX,1851,20.813,,200.000,1894400,
11.148830,RETX,1852,20.813,,200.000,1894400,
11.149074,RETX,1853,20.813,,200.000,1894400,
11.149252,RETX,1854,20.813,,200.000,1894400,
11.149508,RETX,1855,20.813,,200.000,1894400,
11.149811,RETX,1856,20.813,,200.000,1894400,
11.150121,RETX,1857,20.813,,200.000,1894400,
11.150355,RETX,1858,20.813,,200.000,1894400,
11.150580,RETX,1859,20.813,,200.000,1894400,
11.150805,RETX,1860,20.813,,200.000,1894400,
11.151029,RETX,1861,20.813,,200.000,1894400,
11.151252,RETX,1862,20.813,,200.000,1894400,
11.151478,RETX,1863,20.813,,200.000,1894400,
11.151702,RETX,1864,20.813,,200.000,1894400,
11.151920,RETX,1865,20.813,,200.000,1894400,
11.152096,RETX,1866,20.813,,200.000,1894400,
11.152271,RETX,1867,20.813,,200.000,1894400,
11.152448,RETX,1868,20.813,,200.000,1894400,
11.152624,RETX,1869,20.813,,200.000,1894400,
11.152703,DUPACK,1850,20.813,,,1894400,
11.152740,NAK,1850,20.813,,,1894400,
11.152769,DUPACK,1850,20.813,,,1894400,
11.152795,NAK,1850,20.813,,,1894400,
11.152820,DUPACK,1850,20.813,,,1894400,
11.157122,NAK,1850,20.813,,,1894400,
11.157155,DUPACK,1850,20.813,,,1894400,
11.157177,NAK,1850,20.813,,,1894400,
11.157198,DUPACK,1850,20.813,,,1894400,
11.157218,NAK,1850,20.813,,,1894400,
11.158769,DUPACK,1850,20.813,,,1894400,
11.158800,NAK,1850,20.813,,,1894400,
11.158830,DUPACK,1850,20.813,,,1894400,
11.158855,NAK,1850,20.813,,,1894400,
11.158880,DUPACK,1850,20.813,,,1894400,
11.159224,NAK,1850,20.813,,,1894400,
11.159254,DUPACK,1850,20.813,,,1894400,
11.159279,DUPACK,1850,20.813,,,1894400,
11.159305,NAK,1850,20.813,,,1894400,
11.159330,DUPACK,1850,20.813,,,1894400,
11.159357,NAK,1850,20.813,,,1894400,
11.159381,DUPACK,1850,20.813,,,1894400,
11.172997,NAK,1850,20.813,,,1894400,
11.177988,DUPACK,1850,20.813,,,1894400,
11.178311,NAK,1850,20.813,,,1894400,
11.178593,DUPACK,1850,20.813,,,1894400,
11.178974,NAK,1850,20.813,,,1894400,
11.179284,DUPACK,1850,20.813,,,1894400,
11.179692,NAK,1850,20.813,,,1894400,
11.180695,DUPACK,1850,20.813,,,1894400,
11.185178,STATS,-1,20.813,,200.000,1894400,base=1850 next=1870
11.186882,NAK,1850,20.813,,,1894400,
11.189488,DUPACK,1850,20.813,,,1894400,
11.189565,NAK,1850,20.813,,,1894400,
11.199828,DUPACK,1850,20.813,,,1894400,
11.200024,ACK,1851,20.861,,,1895424,"cum ack, base->1851"
11.200142,ACK,1852,20.909,,,1896448,"cum ack, base->1852"
11.200204,ACK,1853,20.957,,,1897472,"cum ack, base->1853"
11.200244,NAK,1853,20.957,,,1897472,
11.200261,FASTRETX,1853,20.957,,200.000,1897472,nak
11.200326,DUPACK,1853,20.957,,,1897472,
11.200605,RETX,1853,20.957,,200.000,1897472,
11.201011,RETX,1854,20.957,,200.000,1897472,
11.201200,RETX,1855,20.957,,200.000,1897472,
11.201450,RETX,1856,20.957,,200.000,1897472,
11.201733,RETX,1857,20.957,,200.000,1897472,
11.201969,RETX,1858,20.957,,200.000,1897472,
11.202284,RETX,1859,20.957,,200.000,1897472,
11.202578,RETX,1860,20.957,,200.000,1897472,
11.202964,RETX,1861,20.957,,200.000,1897472,
11.203196,RETX,1862,20.957,,200.000,1897472,
11.203423,RETX,1863,20.957,,200.000,1897472,
11.203649,RETX,1864,20.957,,200.000,1897472,
11.203875,RETX,1865,20.957,,200.000,1897472,
11.204099,RETX,1866,20.957,,200.000,1897472,
11.204326,RETX,1867,20.957,,200.000,1897472,
11.204552,RETX,1868,20.957,,200.000,1897472,
11.204775,RETX,1869,20.957,,200.000,1897472,
11.204980,RETX,1870,20.957,,200.000,1897472,
11.205155,RETX,1871,20.957,,200.000,1897472,
11.205331,SEND,1872,20.957,,200.000,1897472,
11.205385,NAK,1853,20.957,,,1897472,
11.205410,DUPACK,1853,20.957,,,1897472,
11.205430,NAK,1853,20.957,,,1897472,
11.205450,DUPACK,1853,20.957,,,1897472,
11.205469,NAK,1853,20.957,,,1897472,
11.205488,DUPACK,1853,20.957,,,1897472,
11.205507,NAK,1853,20.957,,,1897472,
11.205527,DUPACK,1853,20.957,,,1897472,
11.205545,NAK,1853,20.957,,,1897472,
11.205563,DUPACK,1853,20.957,,,1897472,
11.205581,NAK,1853,20.957,,,1897472,
11.205599,DUPACK,1853,20.957,,,1897472,
11.205617,NAK,1853,20.957,,,1897472,
11.205635,DUPACK,1853,20.957,,,1897472,
11.205653,NAK,1853,20.957,,,1897472,
11.205672,DUPACK,1853,20.957,,,1897472,
11.205689,NAK,1853,20.957,,,1897472,
11.205708,DUPACK,1853,20.957,,,1897472,
11.205725,NAK,1853,20.957,,,1897472,
11.205744,DUPACK,1853,20.957,,,1897472,
11.205761,DUPACK,1853,20.957,,,1897472,
11.205779,NAK,1853,20.957,,,1897472,
11.205797,DUPACK,1853,20.957,,,1897472,
11.205816,NAK,1853,20.957,,,1897472,
11.205834,DUPACK,1853,20.957,,,1897472,
11.205851,NAK,1853,20.957,,,1897472,
11.236652,ACK,1854,21.005,,,1898496,"cum ack, base->1854"
11.238465,SEND,1873,21.005,,200.000,1898496,
11.238780,SEND,1874,21.005,,200.000,1898496,
11.249209,ACK,1855,21.052,,,1899520,"cum ack, base->1855"
11.249305,ACK,1858,21.195,,,1902592,"cum ack, base->1858"
11.251681,SEND,1875,21.195,,200.000,1902592,
11.252130,SEND,1876,21.195,,200.000,1902592,
11.252387,SEND,1877,21.195,,200.000,1902592,
11.252709,SEND,1878,21.195,,200.000,1902592,
11.253818,ACK,1859,21.242,,,1903616,"cum ack, base->1859"
11.254688,NAK,1859,21.242,,,1903616,
11.254722,FASTRETX,1859,21.242,,200.000,1903616,nak
11.254782,DUPACK,1859,21.242,,,1903616,
11.254812,NAK,1859,21.242,,,1903616,
11.254840,DUPACK,1859,21.242,,,1903616,
11.254869,NAK,1859,21.242,,,1903616,
11.256111,RETX,1859,21.242,,200.000,1903616,
11.256395,RETX,1860,21.242,,200.000,1903616,
11.256611,RETX,1861,21.242,,200.000,1903616,
11.256997,RETX,1862,21.242,,200.000,1903616,
11.257198,RETX,1863,21.242,,200.000,1903616,
11.257372,RETX,1864,21.242,,200.000,1903616,
11.257546,RETX,1865,21.242,,200.000,1903616,
11.257718,RETX,1866,21.242,,200.000,1903616,
11.257960,RETX,1867,21.242,,200.000,1903616,
11.258191,RETX,1868,21.242,,200.000,1903616,
11.258417,RETX,1869,21.242,,200.000,1903616,
11.258643,RETX,1870,21.242,,200.000,1903616,
11.258869,RETX,1871,21.242,,200.000,1903616,
11.259095,RETX,1872,21.242,,200.000,1903616,
11.259320,RETX,1873,21.242,,200.000,1903616,
11.259541,RETX,1874,21.242,,200.000,1903616,
11.259765,RETX,1875,21.242,,200.000,1903616,
11.259997,RETX,1876,21.242,,200.000,1903616,
11.260172,RETX,1877,21.242,,200.000,1903616,
11.260349,RETX,1878,21.242,,200.000,1903616,
11.260526,SEND,1879,21.242,,200.000,1903616,
11.260598,NAK,1859,21.242,,,1903616,
11.260630,DUPACK,1859,21.242,,,1903616,
11.260654,NAK,1859,21.242,,,1903616,
11.260695,DUPACK,1859,21.242,,,1903616,
11.260717,NAK,1859,21.242,,,1903616,
11.260737,DUPACK,1859,21.242,,,1903616,
11.260756,NAK,1859,21.242,,,1903616,
11.260776,DUPACK,1859,21.242,,,1903616,
11.260795,NAK,1859,21.242,,,1903616,
11.260813,DUPACK,1859,21.242,,,1903616,
11.260831,NAK,1859,21.242,,,1903616,
11.260850,DUPACK,1859,21.242,,,1903616,
11.260868,NAK,1859,21.242,,,1903616,
11.260887,DUPACK,1859,21.242,,,1903616,
11.260970,NAK,1859,21.242,,,1903616,
11.260990,DUPACK,1859,21.242,,,1903616,
11.282213,NAK,1859,21.242,,,1903616,
11.282251,DUPACK,1859,21.242,,,1903616,
11.282278,NAK,1859,21.242,,,1903616,
11.285367,STATS,-1,21.242,,200.000,1903616,base=1859 next=1880
11.288252,DUPACK,1859,21.242,,,1903616,
11.293484,NAK,1859,21.242,,,1903616,
11.296313,DUPACK,1859,21.242,,,1903616,
11.296344,NAK,1859,21.242,,,1903616,
11.305234,DUPACK,1859,21.242,,,1903616,
11.305325,NAK,1859,21.242,,,1903616,
11.305364,DUPACK,1859,21.242,,,1903616,
11.305392,NAK,1859,21.242,,,1903616,
11.305458,DUPACK,1859,21.242,,,1903616,
11.305502,ACK,1860,21.289,,,1904640,"cum ack, base->1860"
11.305539,ACK,1861,21.336,,,1905664,"cum ack, base->1861"
11.305597,ACK,1862,21.383,,,1906688,"cum ack, base->1862"
11.305643,ACK,1863,21.429,,,1907712,"cum ack, base->1863"
11.305678,ACK,1864,21.476,,,1908736,"cum ack, base->1864"
11.305711,ACK,1865,21.523,,,1909760,"cum ack, base->1865"
11.305741,ACK,1866,21.569,,,1910784,"cum ack, base->1866"
11.305780,ACK,1867,21.616,,,1911808,"cum ack, base->1867"
11.306040,SEND,1880,21.616,,200.000,1911808,
11.306292,SEND,1881,21.616,,200.000,1911808,
11.306649,SEND,1882,21.616,,200.000,1911808,
11.306869,SEND,1883,21.616,,200.000,1911808,
11.307185,SEND,1884,21.616,,200.000,1911808,
11.307404,SEND,1885,21.616,,200.000,1911808,
11.307619,SEND,1886,21.616,,200.000,1911808,
11.307843,SEND,1887,21.616,,200.000,1911808,
11.308742,ACK,1868,21.662,,,1912832,"cum ack, base->1868"
11.308800,ACK,1869,21.708,,,1913856,"cum ack, base->1869"
11.308839,ACK,1870,21.754,,,1914880,"cum ack, base->1870"
11.308872,ACK,1871,21.800,,,1915904,"cum ack, base->1871"
11.308903,ACK,1872,21.846,,,1916928,"cum ack, base->1872"
11.308934,ACK,1873,21.892,,,1917952,"cum ack, base->1873"
11.308964,ACK,1874,21.937,,,1918976,"cum ack, base->1874"
11.308991,NAK,1874,21.937,,,1918976,
11.309005,FASTRETX,1874,19.500,,200.000,1918976,nak
11.309035,DUPACK,1874,19.500,,,1918976,
11.310663,RETX,1874,19.500,,200.000,1918976,
11.310901,RETX,1875,19.500,,200.000,1918976,
11.311129,RETX,1876,19.500,,200.000,1918976,
11.311355,RETX,1877,19.500,,200.000,1918976,
11.311580,RETX,1878,19.500,,200.000,1918976,
11.311805,RETX,1879,19.500,,200.000,1918976,
11.312029,RETX,1880,19.500,,200.000,1918976,
11.312252,RETX,1881,19.500,,200.000,1918976,
11.312477,RETX,1882,19.500,,200.000,1918976,
11.312703,RETX,1883,19.500,,200.000,1918976,
11.312927,RETX,1884,19.500,,200.000,1918976,
11.313150,RETX,1885,19.500,,200.000,1918976,
11.313375,RETX,1886,19.500,,200.000,1918976,
11.313600,RETX,1887,19.500,,200.000,1918976,
11.313824,SEND,1888,19.500,,200.000,1918976,
11.314051,SEND,1889,19.500,,200.000,1918976,
11.314274,SEND,1890,19.500,,200.000,1918976,
11.314500,SEND,1891,19.500,,200.000,1918976,
11.314681,SEND,1892,19.500,,200.000,1918976,
11.314731,NAK,1874,19.500,,,1918976,
11.314756,DUPACK,1874,19.500,,,1918976,
11.314776,NAK,1874,19.500,,,1918976,
11.314797,DUPACK,1874,19.500,,,1918976,
11.314816,NAK,1874,19.500,,,1918976,
11.314838,DUPACK,1874,19.500,,,1918976,
11.314857,NAK,1874,19.500,,,1918976,
11.314876,DUPACK,1874,19.500,,,1918976,
11.352218,NAK,1874,19.500,,,1918976,
11.352257,DUPACK,1874,19.500,,,1918976,
11.352286,NAK,1874,19.500,,,1918976,
11.352313,DUPACK,1874,19.500,,,1918976,
11.352345,NAK,1874,19.500,,,1918976,
11.352369,DUPACK,1874,19.500,,,1918976,
11.352393,NAK,1874,19.500,,,1918976,
11.352417,DUPACK,1874,19.500,,,1918976,
11.352575,NAK,1874,19.500,,,1918976,
11.352612,DUPACK,1874,19.500,,,1918976,
11.353527,NAK,1874,19.500,,,1918976,
11.353556,DUPACK,1874,19.500,,,1918976,
11.353580,NAK,1874,19.500,,,1918976,
11.354018,DUPACK,1874,19.500,,,1918976,
11.354045,NAK,1874,19.500,,,1918976,
11.354069,DUPACK,1874,19.500,,,1918976,
11.354299,ACK,1875,19.551,,,1920000,"cum ack, base->1875"
11.354335,ACK,1876,19.602,,,1921024,"cum ack, base->1876"
11.354366,ACK,1877,19.653,,,1922048,"cum ack, base->1877"
11.355279,SEND,1893,19.653,,200.000,1922048,
11.355511,SEND,1894,19.653,,200.000,1922048,
11.355736,SEND,1895,19.653,,200.000,1922048,
11.360229,ACK,1878,19.704,,,1923072,"cum ack, base->1878"
11.360294,ACK,1880,19.806,,,1925120,"cum ack, base->1880"
11.361090,SEND,1896,19.806,,200.000,1925120,
11.361277,SEND,1897,19.806,,200.000,1925120,
11.361450,SEND,1898,19.806,,200.000,1925120,
11.361573,ACK,1881,19.856,,,1926144,"cum ack, base->1881"
11.361625,ACK,1882,19.906,,,1927168,"cum ack, base->1882"
11.361662,ACK,1883,19.957,,,1928192,"cum ack, base->1883"
11.361700,ACK,1884,20.007,,,1929216,"cum ack, base->1884"
11.362788,ACK,1885,20.057,,,1930240,"cum ack, base->1885"
11.362841,ACK,1886,20.107,,,1931264,"cum ack, base->1886"
11.362877,ACK,1887,20.156,,,1932288,"cum ack, base->1887"
11.362913,ACK,1888,20.206,,,1933312,"cum ack, base->1888"
11.362944,ACK,1889,20.255,,,1934336,"cum ack, base->1889"
11.364200,SEND,1899,20.255,,200.000,1934336,
11.364394,SEND,1900,20.255,,200.000,1934336,
11.364573,SEND,1901,20.255,,200.000,1934336,
11.364743,SEND,1902,20.255,,200.000,1934336,
11.364910,SEND,1903,20.255,,200.000,1934336,
11.365082,SEND,1904,20.255,,200.000,1934336,
11.365284,SEND,1905,20.255,,200.000,1934336,
11.365457,SEND,1906,20.255,,200.000,1934336,
11.366074,SEND,1907,20.255,,200.000,1934336,
11.366304,SEND,1908,20.255,,200.000,1934336,
11.366666,NAK,1890,20.255,,,1934336,
11.366680,FASTRETX,1889,18.005,,200.000,1934336,nak
11.366722,ACK,1890,18.060,,,1935360,"cum ack, base->1890"
11.369063,RETX,1889,18.060,,200.000,1935360,
11.369291,RETX,1890,18.060,,200.000,1935360,
11.369517,RETX,1891,18.060,,200.000,1935360,
11.369742,RETX,1892,18.060,,200.000,1935360,
11.369968,RETX,1893,18.060,,200.000,1935360,
11.370191,RETX,1894,18.060,,200.000,1935360,
11.370415,RETX,1895,18.060,,200.000,1935360,
11.370639,RETX,1896,18.060,,200.000,1935360,
11.370863,RETX,1897,18.060,,200.000,1935360,
11.371088,RETX,1898,18.060,,200.000,1935360,
11.371313,RETX,1899,18.060,,200.000,1935360,
11.371535,RETX,1900,18.060,,200.000,1935360,
11.371761,RETX,1901,18.060,,200.000,1935360,
11.371985,RETX,1902,18.060,,200.000,1935360,
11.372209,RETX,1903,18.060,,200.000,1935360,
11.372433,RETX,1904,18.060,,200.000,1935360,
11.372658,RETX,1905,18.060,,200.000,1935360,
11.372882,RETX,1906,18.060,,200.000,1935360,
11.373106,RETX,1907,18.060,,200.000,1935360,
11.387842,STATS,-1,18.060,,200.000,1935360,base=1890 next=1908
11.392052,NAK,1890,18.060,,,1935360,
11.392068,FASTRETX,1890,18.060,,200.000,1935360,nak
11.393160,RETX,1890,18.060,,200.000,1935360,
11.393498,RETX,1891,18.060,,200.000,1935360,
11.393684,RETX,1892,18.060,,200.000,1935360,
11.393872,RETX,1893,18.060,,200.000,1935360,
11.394041,RETX,1894,18.060,,200.000,1935360,
11.394211,RETX,1895,18.060,,200.000,1935360,
11.394379,RETX,1896,18.060,,200.000,1935360,
11.394548,RETX,1897,18.060,,200.000,1935360,
11.394713,RETX,1898,18.060,,200.000,1935360,
11.394908,RETX,1899,18.060,,200.000,1935360,
11.395085,RETX,1900,18.060,,200.000,1935360,
11.395257,RETX,1901,18.060,,200.000,1935360,
11.395474,RETX,1902,18.060,,200.000,1935360,
11.395659,RETX,1903,18.060,,200.000,1935360,
11.395836,RETX,1904,18.060,,200.000,1935360,
11.396013,RETX,1905,18.060,,200.000,1935360,
11.396195,RETX,1906,18.060,,200.000,1935360,
11.396372,RETX,1907,18.060,,200.000,1935360,
11.399942,DUPACK,1890,18.060,,,1935360,
11.401722,NAK,1890,18.060,,,1935360,
11.401759,DUPACK,1890,18.060,,,1935360,
11.401781,NAK,1890,18.060,,,1935360,
11.401801,NAK,1890,18.060,,,1935360,
11.401821,DUPACK,1890,18.060,,,1935360,
11.411066,NAK,1890,18.060,,,1935360,
11.411095,DUPACK,1890,18.060,,,1935360,
11.411122,NAK,1890,18.060,,,1935360,
11.411143,DUPACK,1890,18.060,,,1935360,
11.411168,NAK,1890,18.060,,,1935360,
11.411187,DUPACK,1890,18.060,,,1935360,
11.411205,NAK,1890,18.060,,,1935360,
11.411224,DUPACK,1890,18.060,,,1935360,
11.411243,NAK,1890,18.060,,,1935360,
11.411261,DUPACK,1890,18.060,,,1935360,
11.415235,NAK,1890,18.060,,,1935360,
11.415276,DUPACK,1890,18.060,,,1935360,
11.415308,NAK,1890,18.060,,,1935360,
11.415334,DUPACK,1890,18.060,,,1935360,
11.415360,NAK,1890,18.060,,,1935360,
11.415406,DUPACK,1890,18.060,,,1935360,
11.415431,NAK,1890,18.060,,,1935360,
11.415455,DUPACK,1890,18.060,,,1935360,
11.415479,DUPACK,1890,18.060,,,1935360,
11.417234,NAK,1890,18.060,,,1935360,
11.417280,DUPACK,1890,18.060,,,1935360,
11.417312,DUPACK,1890,18.060,,,1935360,
11.417358,ACK,1891,18.116,,,1936384,"cum ack, base->1891"
11.417397,ACK,1892,18.171,,,1937408,"cum ack, base->1892"
11.418809,ACK,1893,18.226,,,1938432,"cum ack, base->1893"
11.419292,RETX,1908,18.226,,200.000,1938432,
11.419526,SEND,1909,18.226,,200.000,1938432,
11.419753,SEND,1910,18.226,,200.000,1938432,
11.422437,ACK,1894,18.281,,,1939456,"cum ack, base->1894"
11.423464,ACK,1895,18.336,,,1940480,"cum ack, base->1895"
11.423494,ACK,1896,18.390,,,1941504,"cum ack, base->1896"
11.423521,ACK,1897,18.444,,,1942528,"cum ack, base->1897"
11.423550,ACK,1898,18.499,,,1943552,"cum ack, base->1898"
11.423576,ACK,1899,18.553,,,1944576,"cum ack, base->1899"
11.423600,ACK,1900,18.607,,,1945600,"cum ack, base->1900"
11.423625,NAK,1900,18.607,,,1945600,
11.423634,FASTRETX,1900,18.607,,200.000,1945600,nak
11.423695,DUPACK,1900,18.607,,,1945600,
11.423716,NAK,1900,18.607,,,1945600,
11.423738,DUPACK,1900,18.607,,,1945600,
11.423757,NAK,1900,18.607,,,1945600,
11.423776,DUPACK,1900,18.607,,,1945600,
11.423795,NAK,1900,18.607,,,1945600,
11.423814,DUPACK,1900,18.607,,,1945600,
11.423832,NAK,1900,18.607,,,1945600,
11.425014,RETX,1900,18.607,,200.000,1945600,
11.425198,RETX,1901,18.607,,200.000,1945600,
11.425376,RETX,1902,18.607,,200.000,1945600,
11.425552,RETX,1903,18.607,,200.000,1945600,
11.425729,RETX,1904,18.607,,200.000,1945600,
11.425906,RETX,1905,18.607,,200.000,1945600,
11.426084,RETX,1906,18.607,,200.000,1945600,
11.426260,RETX,1907,18.607,,200.000,1945600,
11.426439,RETX,1908,18.607,,200.000,1945600,
11.426616,RETX,1909,18.607,,200.000,1945600,
11.426793,RETX,1910,18.607,,200.000,1945600,
11.426970,SEND,1911,18.607,,200.000,1945600,
11.427147,SEND,1912,18.607,,200.000,1945600,
11.427323,SEND,1913,18.607,,200.000,1945600,
11.427498,SEND,1914,18.607,,200.000,1945600,
11.427674,SEND,1915,18.607,,200.000,1945600,
11.427849,SEND,1916,18.607,,200.000,1945600,
11.428051,SEND,1917,18.607,,200.000,1945600,
11.428113,DUPACK,1900,18.607,,,1945600,
11.428140,NAK,1900,18.607,,,1945600,
11.428160,DUPACK,1900,18.607,,,1945600,
11.428180,NAK,1900,18.607,,,1945600,
11.428199,DUPACK,1900,18.607,,,1945600,
11.443846,DUPACK,1900,18.607,,,1945600,
11.443884,DUPACK,1900,18.607,,,1945600,
11.443911,DUPACK,1900,18.607,,,1945600,
11.443937,DUPACK,1900,18.607,,,1945600,
11.443962,DUPACK,1900,18.607,,,1945600,
11.444480,DUPACK,1900,18.607,,,1945600,
11.446803,DUPACK,1900,18.607,,,1945600,
11.446845,ACK,1901,18.660,,,1946624,"cum ack, base->1901"
11.446881,ACK,1902,18.714,,,1947648,"cum ack, base->1902"
11.446912,ACK,1903,18.767,,,1948672,"cum ack, base->1903"
11.446944,ACK,1904,18.821,,,1949696,"cum ack, base->1904"
11.446974,ACK,1905,18.874,,,1950720,"cum ack, base->1905"
11.447003,ACK,1906,18.927,,,1951744,"cum ack, base->1906"
11.447032,ACK,1907,18.980,,,1952768,"cum ack, base->1907"
11.447061,ACK,1908,19.032,,,1953792,"cum ack, base->1908"
11.448429,SEND,1918,19.032,,200.000,1953792,
11.448661,SEND,1919,19.032,,200.000,1953792,
11.448886,SEND,1920,19.032,,200.000,1953792,
11.449111,SEND,1921,19.032,,200.000,1953792,
11.449335,SEND,1922,19.032,,200.000,1953792,
11.449560,SEND,1923,19.032,,200.000,1953792,
11.449784,SEND,1924,19.032,,200.000,1953792,
11.450009,SEND,1925,19.032,,200.000,1953792,
11.450233,SEND,1926,19.032,,200.000,1953792,
11.455098,ACK,1910,19.137,,,1955840,"cum ack, base->1910"
11.455307,SEND,1927,19.137,,200.000,1955840,
11.455491,SEND,1928,19.137,,200.000,1955840,
11.464154,ACK,1911,19.190,,,1956864,"cum ack, base->1911"
11.465810,SEND,1929,19.190,,200.000,1956864,
11.469042,DUPACK,1911,19.190,,,1956864,
11.470559,DUPACK,1911,19.190,,,1956864,
11.473872,DUPACK,1911,19.190,,,1956864,
11.474082,DUPACK,1911,19.190,,,1956864,
11.478259,DUPACK,1911,19.190,,,1956864,
11.478366,DUPACK,1911,19.190,,,1956864,
11.478437,DUPACK,1911,19.190,,,1956864,
11.478524,DUPACK,1911,19.190,,,1956864,
11.478564,DUPACK,1911,19.190,,,1956864,
11.478596,DUPACK,1911,19.190,,,1956864,
11.478641,ACK,1912,19.242,,,1957888,"cum ack, base->1912"
11.478724,ACK,1913,19.294,,,1958912,"cum ack, base->1913"
11.478777,ACK,1914,19.345,,,1959936,"cum ack, base->1914"
11.479108,ACK,1915,19.397,,,1960960,"cum ack, base->1915"
11.479152,ACK,1916,19.449,,,1961984,"cum ack, base->1916"
11.479267,ACK,1917,19.500,,,1963008,"cum ack, base->1917"
11.479317,ACK,1918,19.551,,,1964032,"cum ack, base->1918"
11.480536,SEND,1930,19.551,,200.000,1964032,
11.480720,SEND,1931,19.551,,200.000,1964032,
11.480933,SEND,1932,19.551,,200.000,1964032,
11.481111,SEND,1933,19.551,,200.000,1964032,
11.481282,SEND,1934,19.551,,200.000,1964032,
11.481448,SEND,1935,19.551,,200.000,1964032,
11.481622,SEND,1936,19.551,,200.000,1964032,
11.489316,STATS,-1,19.551,,200.000,1964032,base=1918 next=1937
11.493002,ACK,1919,19.603,,,1965056,"cum ack, base->1919"
11.494214,ACK,1920,19.654,,,1966080,"cum ack, base->1920"
11.494271,ACK,1921,19.704,,,1967104,"cum ack, base->1921"
11.494310,ACK,1922,19.755,,,1968128,"cum ack, base->1922"
11.494346,ACK,1923,19.806,,,1969152,"cum ack, base->1923"
11.494818,SEND,1937,19.806,,200.000,1969152,
11.495003,SEND,1938,19.806,,200.000,1969152,
11.495412,SEND,1939,19.806,,200.000,1969152,
11.495678,SEND,1940,19.806,,200.000,1969152,
11.495946,SEND,1941,19.806,,200.000,1969152,
11.496069,ACK,1924,19.856,,,1970176,"cum ack, base->1924"
11.496118,ACK,1925,19.907,,,1971200,"cum ack, base->1925"
11.496206,ACK,1926,19.957,,,1972224,"cum ack, base->1926"
11.496266,ACK,1927,20.007,,,1973248,"cum ack, base->1927"
11.496297,ACK,1928,20.057,,,1974272,"cum ack, base->1928"
11.498660,SEND,1942,20.057,,200.000,1974272,
11.498891,SEND,1943,20.057,,200.000,1974272,
11.499116,SEND,1944,20.057,,200.000,1974272,
11.499340,SEND,1945,20.057,,200.000,1974272,
11.499565,SEND,1946,20.057,,200.000,1974272,
11.499789,SEND,1947,20.057,,200.000,1974272,
11.508460,ACK,1929,20.107,,,1975296,"cum ack, base->1929"
11.509003,ACK,1930,20.157,,,1976320,"cum ack, base->1930"
11.510406,SEND,1948,20.157,,200.000,1976320,
11.510593,SEND,1949,20.157,,200.000,1976320,
11.521480,ACK,1931,20.206,,,1977344,"cum ack, base->1931"
11.523872,SEND,1950,20.206,,200.000,1977344,
11.532139,ACK,1932,20.256,,,1978368,"cum ack, base->1932"
11.532970,ACK,1933,20.305,,,1979392,"cum ack, base->1933"
11.533028,ACK,1934,20.354,,,1980416,"cum ack, base->1934"
11.534492,ACK,1935,20.403,,,1981440,"cum ack, base->1935"
11.534559,NAK,1935,20.403,,,1981440,
11.534572,FASTRETX,1935,18.136,,200.000,1981440,nak
11.535019,RETX,1935,18.136,,200.000,1981440,
11.535241,RETX,1936,18.136,,200.000,1981440,
11.535525,RETX,1937,18.136,,200.000,1981440,
11.535759,RETX,1938,18.136,,200.000,1981440,
11.535990,RETX,1939,18.136,,200.000,1981440,
11.536213,RETX,1940,18.136,,200.000,1981440,
11.536438,RETX,1941,18.136,,200.000,1981440,
11.536661,RETX,1942,18.136,,200.000,1981440,
11.536882,RETX,1943,18.136,,200.000,1981440,
11.537106,RETX,1944,18.136,,200.000,1981440,
11.537331,RETX,1945,18.136,,200.000,1981440,
11.537560,RETX,1946,18.136,,200.000,1981440,
11.537784,RETX,1947,18.136,,200.000,1981440,
11.538008,RETX,1948,18.136,,200.000,1981440,
11.538232,RETX,1949,18.136,,200.000,1981440,
11.538455,RETX,1950,18.136,,200.000,1981440,
11.538681,SEND,1951,18.136,,200.000,1981440,
11.538908,SEND,1952,18.136,,200.000,1981440,
11.539002,DUPACK,1935,18.136,,,1981440,
11.540510,NAK,1935,18.136,,,1981440,
11.544994,DUPACK,1935,18.136,,,1981440,
11.545030,NAK,1935,18.136,,,1981440,
11.545057,DUPACK,1935,18.136,,,1981440,
11.545081,NAK,1935,18.136,,,1981440,
11.547724,DUPACK,1935,18.136,,,1981440,
11.547753,NAK,1935,18.136,,,1981440,
11.547778,DUPACK,1935,18.136,,,1981440,
11.549153,NAK,1935,18.136,,,1981440,
11.549193,DUPACK,1935,18.136,,,1981440,
11.549222,DUPACK,1935,18.136,,,1981440,
11.549252,NAK,1935,18.136,,,1981440,
11.549281,DUPACK,1935,18.136,,,1981440,
11.549306,NAK,1935,18.136,,,1981440,
11.549332,DUPACK,1935,18.136,,,1981440,
11.549359,NAK,1935,18.136,,,1981440,
11.549390,DUPACK,1935,18.136,,,1981440,
11.549416,NAK,1935,18.136,,,1981440,
11.549440,DUPACK,1935,18.136,,,1981440,
11.549463,NAK,1935,18.136,,,1981440,
11.549487,DUPACK,1935,18.136,,,1981440,
11.549510,NAK,1935,18.136,,,1981440,
11.556771,DUPACK,1935,18.136,,,1981440,
11.556827,NAK,1935,18.136,,,1981440,
11.556863,DUPACK,1935,18.136,,,1981440,
11.565687,NAK,1935,18.136,,,1981440,
11.566674,DUPACK,1935,18.136,,,1981440,
11.585789,ACK,1936,18.191,,,1982464,"cum ack, base->1936"
11.585862,ACK,1937,18.246,,,1983488,"cum ack, base->1937"
11.585904,ACK,1938,18.301,,,1984512,"cum ack, base->1938"
11.585938,NAK,1938,18.301,,,1984512,
11.585953,FASTRETX,1938,18.301,,200.000,1984512,nak
11.585989,DUPACK,1938,18.301,,,1984512,
11.586636,RETX,1938,18.301,,200.000,1984512,
11.586860,RETX,1939,18.301,,200.000,1984512,
11.587171,RETX,1940,18.301,,200.000,1984512,
11.587881,RETX,1941,18.301,,200.000,1984512,
11.588106,RETX,1942,18.301,,200.000,1984512,
11.588342,RETX,1943,18.301,,200.000,1984512,
11.588545,RETX,1944,18.301,,200.000,1984512,
11.588767,RETX,1945,18.301,,200.000,1984512,
11.589004,RETX,1946,18.301,,200.000,1984512,
11.589176,RETX,1947,18.301,,200.000,1984512,
11.589348,RETX,1948,18.301,,200.000,1984512,
11.589532,RETX,1949,18.301,,200.000,1984512,
11.589706,RETX,1950,18.301,,200.000,1984512,
11.589916,RETX,1951,18.301,,200.000,1984512,
11.590119,RETX,1952,18.301,,200.000,1984512,
11.590339,SEND,1953,18.301,,200.000,1984512,
11.590556,SEND,1954,18.301,,200.000,1984512,
11.590882,SEND,1955,18.301,,200.000,1984512,
11.590900,STATS,-1,18.301,,200.000,1984512,base=1938 next=1956
11.590970,NAK,1938,18.301,,,1984512,
11.591002,DUPACK,1938,18.301,,,1984512,
11.591029,NAK,1938,18.301,,,1984512,
11.591054,DUPACK,1938,18.301,,,1984512,
11.591078,NAK,1938,18.301,,,1984512,
11.591103,DUPACK,1938,18.301,,,1984512,
11.591127,NAK,1938,18.301,,,1984512,
11.591152,DUPACK,1938,18.301,,,1984512,
11.591176,NAK,1938,18.301,,,1984512,
11.591201,DUPACK,1938,18.301,,,1984512,
11.591224,NAK,1938,18.301,,,1984512,
11.591302,NAK,1938,18.301,,,1984512,
11.591328,DUPACK,1938,18.301,,,1984512,
11.591353,NAK,1938,18.301,,,1984512,
11.591377,DUPACK,1938,18.301,,,1984512,
11.591401,NAK,1938,18.301,,,1984512,
11.591424,DUPACK,1938,18.301,,,1984512,
11.591448,NAK,1938,18.301,,,1984512,
11.591471,DUPACK,1938,18.301,,,1984512,
11.591494,NAK,1938,18.301,,,1984512,
11.591518,DUPACK,1938,18.301,,,1984512,
11.591541,NAK,1938,18.301,,,1984512,
11.591564,DUPACK,1938,18.301,,,1984512,
11.631067,ACK,1939,18.356,,,1985536,"cum ack, base->1939"
11.633202,SEND,1956,18.356,,200.000,1985536,
11.637149,ACK,1940,18.410,,,1986560,"cum ack, base->1940"
11.637884,ACK,1941,18.465,,,1987584,"cum ack, base->1941"
11.638819,SEND,1957,18.465,,200.000,1987584,
11.639051,SEND,1958,18.465,,200.000,1987584,
11.641974,ACK,1942,18.519,,,1988608,"cum ack, base->1942"
11.642025,ACK,1944,18.627,,,1990656,"cum ack, base->1944"
11.642069,ACK,1945,18.680,,,1991680,"cum ack, base->1945"
11.642103,ACK,1946,18.734,,,1992704,"cum ack, base->1946"
11.642135,ACK,1947,18.787,,,1993728,"cum ack, base->1947"
11.642167,ACK,1948,18.841,,,1994752,"cum ack, base->1948"
11.642197,ACK,1949,18.894,,,1995776,"cum ack, base->1949"
11.642228,ACK,1950,18.947,,,1996800,"cum ack, base->1950"
11.642257,ACK,1951,18.999,,,1997824,"cum ack, base->1951"
11.642288,ACK,1952,19.052,,,1998848,"cum ack, base->1952"
11.642323,ACK,1953,19.104,,,1999872,"cum ack, base->1953"
11.642353,ACK,1954,19.157,,,2000896,"cum ack, base->1954"
11.642378,NAK,1954,19.157,,,2000896,
11.642392,FASTRETX,1954,17.028,,200.000,2000896,nak
11.644332,RETX,1954,17.028,,200.000,2000896,
11.644563,RETX,1955,17.028,,200.000,2000896,
11.644788,RETX,1956,17.028,,200.000,2000896,
11.645012,RETX,1957,17.028,,200.000,2000896,
11.645237,RETX,1958,17.028,,200.000,2000896,
11.645463,SEND,1959,17.028,,200.000,2000896,
11.645692,SEND,1960,17.028,,200.000,2000896,
11.645899,SEND,1961,17.028,,200.000,2000896,
11.646075,SEND,1962,17.028,,200.000,2000896,
11.646253,SEND,1963,17.028,,200.000,2000896,
11.646426,SEND,1964,17.028,,200.000,2000896,
11.646602,SEND,1965,17.028,,200.000,2000896,
11.646778,SEND,1966,17.028,,200.000,2000896,
11.646954,SEND,1967,17.028,,200.000,2000896,
11.647127,SEND,1968,17.028,,200.000,2000896,
11.647302,SEND,1969,17.028,,200.000,2000896,
11.647477,SEND,1970,17.028,,200.000,2000896,
11.647544,DUPACK,1954,17.028,,,2000896,
11.676840,NAK,1954,17.028,,,2000896,
11.676880,DUPACK,1954,17.028,,,2000896,
11.685000,NAK,1954,17.028,,,2000896,
11.685818,DUPACK,1954,17.028,,,2000896,
11.685939,NAK,1954,17.028,,,2000896,
11.685979,DUPACK,1954,17.028,,,2000896,
11.686032,ACK,1955,17.087,,,2001920,"cum ack, base->1955"
11.686069,ACK,1956,17.145,,,2002944,"cum ack, base->1956"
11.686713,SEND,1971,17.145,,200.000,2002944,
11.687346,SEND,1972,17.145,,200.000,2002944,
11.692479,STATS,-1,17.145,,200.000,2002944,base=1956 next=1973
11.695599,ACK,1957,17.204,,,2003968,"cum ack, base->1957"
11.695683,ACK,1958,17.262,,,2004992,"cum ack, base->1958"
11.695731,ACK,1959,17.320,,,2006016,"cum ack, base->1959"
11.695772,ACK,1960,17.378,,,2007040,"cum ack, base->1960"
11.697873,SEND,1973,17.378,,200.000,2007040,
11.698102,SEND,1974,17.378,,200.000,2007040,
11.698310,SEND,1975,17.378,,200.000,2007040,
11.698519,SEND,1976,17.378,,200.000,2007040,
11.698670,ACK,1961,17.435,,,2008064,"cum ack, base->1961"
11.698725,NAK,1961,17.435,,,2008064,
11.698743,FASTRETX,1961,15.498,,200.000,2008064,nak
11.698780,DUPACK,1961,15.498,,,2008064,
11.699560,NAK,1961,15.498,,,2008064,
11.699640,DUPACK,1961,15.498,,,2008064,
11.699678,NAK,1961,15.498,,,2008064,
11.699712,DUPACK,1961,15.498,,,2008064,
11.699767,NAK,1961,15.498,,,2008064,
11.701621,RETX,1961,15.498,,200.000,2008064,
11.702247,RETX,1962,15.498,,200.000,2008064,
11.702583,RETX,1963,15.498,,200.000,2008064,
11.703379,RETX,1964,15.498,,200.000,2008064,
11.704262,RETX,1965,15.498,,200.000,2008064,
11.704548,RETX,1966,15.498,,200.000,2008064,
11.704786,RETX,1967,15.498,,200.000,2008064,
11.705167,RETX,1968,15.498,,200.000,2008064,
11.705567,RETX,1969,15.498,,200.000,2008064,
11.705792,RETX,1970,15.498,,200.000,2008064,
11.706011,RETX,1971,15.498,,200.000,2008064,
11.706226,RETX,1972,15.498,,200.000,2008064,
11.706426,RETX,1973,15.498,,200.000,2008064,
11.706711,RETX,1974,15.498,,200.000,2008064,
11.706956,RETX,1975,15.498,,200.000,2008064,
11.707027,DUPACK,1961,15.498,,,2008064,
11.707060,NAK,1961,15.498,,,2008064,
11.707089,DUPACK,1961,15.498,,,2008064,
11.707115,NAK,1961,15.498,,,2008064,
11.707141,DUPACK,1961,15.498,,,2008064,
11.707165,NAK,1961,15.498,,,2008064,
11.707190,DUPACK,1961,15.498,,,2008064,
11.726237,NAK,1961,15.498,,,2008064,
11.726576,DUPACK,1961,15.498,,,2008064,
11.731256,NAK,1961,15.498,,,2008064,
11.731335,DUPACK,1961,15.498,,,2008064,
11.731371,NAK,1961,15.498,,,2008064,
11.737199,DUPACK,1961,15.498,,,2008064,
11.745189,NAK,1961,15.498,,,2008064,
11.745262,DUPACK,1961,15.498,,,2008064,
11.745301,NAK,1961,15.498,,,2008064,
11.747392,DUPACK,1961,15.498,,,2008064,
11.747464,NAK,1961,15.498,,,2008064,
11.747502,DUPACK,1961,15.498,,,2008064,
11.747558,ACK,1963,15.627,,,2010112,"cum ack, base->1963"
11.747605,ACK,1964,15.691,,,2011136,"cum ack, base->1964"
11.749150,RETX,1976,15.691,,200.000,2011136,
11.749433,SEND,1977,15.691,,200.000,2011136,
11.749708,SEND,1978,15.691,,200.000,2011136,
11.754135,ACK,1965,15.754,,,2012160,"cum ack, base->1965"
11.754255,ACK,1966,15.818,,,2013184,"cum ack, base->1966"
11.754355,ACK,1967,15.881,,,2014208,"cum ack, base->1967"
11.754535,ACK,1968,15.944,,,2015232,"cum ack, base->1968"
11.754601,ACK,1969,16.007,,,2016256,"cum ack, base->1969"
11.754739,ACK,1970,16.069,,,2017280,"cum ack, base->1970"
11.754872,ACK,1971,16.132,,,2018304,"cum ack, base->1971"
11.754925,ACK,1972,16.194,,,2019328,"cum ack, base->1972"
11.755203,ACK,1973,16.255,,,2020352,"cum ack, base->1973"
11.755259,NAK,1973,16.255,,,2020352,
11.755274,FASTRETX,1973,16.255,,200.000,2020352,nak
11.756163,RETX,1973,16.255,,200.000,2020352,
11.756521,RETX,1974,16.255,,200.000,2020352,
11.756783,RETX,1975,16.255,,200.000,2020352,
11.757044,RETX,1976,16.255,,200.000,2020352,
11.757308,RETX,1977,16.255,,200.000,2020352,
11.757570,RETX,1978,16.255,,200.000,2020352,
11.757819,SEND,1979,16.255,,200.000,2020352,
11.758030,SEND,1980,16.255,,200.000,2020352,
11.758311,SEND,1981,16.255,,200.000,2020352,
11.758549,SEND,1982,16.255,,200.000,2020352,
11.758764,SEND,1983,16.255,,200.000,2020352,
11.759022,SEND,1984,16.255,,200.000,2020352,
11.759250,SEND,1985,16.255,,200.000,2020352,
11.759460,SEND,1986,16.255,,200.000,2020352,
11.759666,SEND,1987,16.255,,200.000,2020352,
11.760021,SEND,1988,16.255,,200.000,2020352,
11.760087,DUPACK,1973,16.255,,,2020352,
11.760117,NAK,1973,16.255,,,2020352,
11.760143,DUPACK,1973,16.255,,,2020352,
11.782739,NAK,1973,16.255,,,2020352,
11.784575,DUPACK,1973,16.255,,,2020352,
11.792623,STATS,-1,16.255,,200.000,2020352,base=1973 next=1989
11.792841,NAK,1973,16.255,,,2020352,
11.792897,DUPACK,1973,16.255,,,2020352,
11.792928,NAK,1973,16.255,,,2020352,
11.792955,DUPACK,1973,16.255,,,2020352,
11.801172,ACK,1974,16.317,,,2021376,"cum ack, base->1974"
11.801277,ACK,1975,16.378,,,2022400,"cum ack, base->1975"
11.803631,SEND,1989,16.378,,200.000,2022400,
11.803934,SEND,1990,16.378,,200.000,2022400,
11.808255,ACK,1976,16.439,,,2023424,"cum ack, base->1976"
11.808321,ACK,1977,16.500,,,2024448,"cum ack, base->1977"
11.808516,ACK,1978,16.561,,,2025472,"cum ack, base->1978"
11.808569,ACK,1979,16.621,,,2026496,"cum ack, base->1979"
11.808627,ACK,1980,16.681,,,2027520,"cum ack, base->1980"
11.808678,ACK,1981,16.741,,,2028544,"cum ack, base->1981"
11.808713,NAK,1981,16.741,,,2028544,
11.808727,FASTRETX,1981,14.881,,200.000,2028544,nak
11.808761,DUPACK,1981,14.881,,,2028544,
11.808830,NAK,1981,14.881,,,2028544,
11.809062,RETX,1981,14.881,,200.000,2028544,
11.809240,RETX,1982,14.881,,200.000,2028544,
11.809409,RETX,1983,14.881,,200.000,2028544,
11.809577,RETX,1984,14.881,,200.000,2028544,
11.809744,RETX,1985,14.881,,200.000,2028544,
11.809966,RETX,1986,14.881,,200.000,2028544,
11.810193,RETX,1987,14.881,,200.000,2028544,
11.810370,RETX,1988,14.881,,200.000,2028544,
11.810599,RETX,1989,14.881,,200.000,2028544,
11.810967,RETX,1990,14.881,,200.000,2028544,
11.811202,SEND,1991,14.881,,200.000,2028544,
11.811428,SEND,1992,14.881,,200.000,2028544,
11.811653,SEND,1993,14.881,,200.000,2028544,
11.811878,SEND,1994,14.881,,200.000,2028544,
11.811934,DUPACK,1981,14.881,,,2028544,
11.811970,NAK,1981,14.881,,,2028544,
11.812001,DUPACK,1981,14.881,,,2028544,
11.812030,NAK,1981,14.881,,,2028544,
11.812058,DUPACK,1981,14.881,,,2028544,
11.812122,NAK,1981,14.881,,,2028544,
11.812161,DUPACK,1981,14.881,,,2028544,
11.840602,NAK,1981,14.881,,,2028544,
11.843174,DUPACK,1981,14.881,,,2028544,
11.854017,NAK,1981,14.881,,,2028544,
11.854097,DUPACK,1981,14.881,,,2028544,
11.854155,ACK,1982,14.948,,,2029568,"cum ack, base->1982"
11.854196,ACK,1983,15.015,,,2030592,"cum ack, base->1983"
11.856453,SEND,1995,15.015,,200.000,2030592,
11.856707,SEND,1996,15.015,,200.000,2030592,
11.857121,SEND,1997,15.015,,200.000,2030592,
11.860168,ACK,1984,15.082,,,2031616,"cum ack, base->1984"
11.860267,ACK,1985,15.148,,,2032640,"cum ack, base->1985"
11.860438,ACK,1986,15.214,,,2033664,"cum ack, base->1986"
11.860491,ACK,1987,15.280,,,2034688,"cum ack, base->1987"
11.862456,SEND,1998,15.280,,200.000,2034688,
11.862744,SEND,1999,15.280,,200.000,2034688,
11.863008,SEND,2000,15.280,,200.000,2034688,
11.863318,SEND,2001,15.280,,200.000,2034688,
11.863743,ACK,1988,15.345,,,2035712,"cum ack, base->1988"
11.863819,ACK,1989,15.410,,,2036736,"cum ack, base->1989"
11.863871,ACK,1990,15.475,,,2037760,"cum ack, base->1990"
11.863923,ACK,1991,15.540,,,2038784,"cum ack, base->1991"
11.863988,ACK,1992,15.604,,,2039808,"cum ack, base->1992"
11.864041,ACK,1993,15.668,,,2040832,"cum ack, base->1993"
11.864090,ACK,1994,15.732,,,2041856,"cum ack, base->1994"
11.864136,ACK,1995,15.796,,,2042880,"cum ack, base->1995"
11.867979,SEND,2002,15.796,,200.000,2042880,
11.868284,SEND,2003,15.796,,200.000,2042880,
11.868498,SEND,2004,15.796,,200.000,2042880,
11.868706,SEND,2005,15.796,,200.000,2042880,
11.868924,SEND,2006,15.796,,200.000,2042880,
11.869278,SEND,2007,15.796,,200.000,2042880,
11.869489,SEND,2008,15.796,,200.000,2042880,
11.869694,SEND,2009,15.796,,200.000,2042880,
11.892931,STATS,-1,15.796,,200.000,2042880,base=1995 next=2010
11.896959,ACK,1996,15.859,,,2043904,"cum ack, base->1996"
11.897028,ACK,1997,15.922,,,2044928,"cum ack, base->1997"
11.898012,SEND,2010,15.922,,200.000,2044928,
11.898196,SEND,2011,15.922,,200.000,2044928,
11.904627,ACK,1998,15.985,,,2045952,"cum ack, base->1998"
11.904688,ACK,1999,16.047,,,2046976,"cum ack, base->1999"
11.904723,ACK,2000,16.110,,,2048000,"cum ack, base->2000"
11.904755,ACK,2001,16.172,,,2049024,"cum ack, base->2001"
11.904787,NAK,2001,16.172,,,2049024,
11.904803,FASTRETX,2001,14.375,,200.000,2049024,nak
11.906101,RETX,2001,14.375,,200.000,2049024,
11.906293,RETX,2002,14.375,,200.000,2049024,
11.906482,RETX,2003,14.375,,200.000,2049024,
11.906664,RETX,2004,14.375,,200.000,2049024,
11.906835,RETX,2005,14.375,,200.000,2049024,
11.907007,RETX,2006,14.375,,200.000,2049024,
11.907175,RETX,2007,14.375,,200.000,2049024,
11.907346,RETX,2008,14.375,,200.000,2049024,
11.907591,RETX,2009,14.375,,200.000,2049024,
11.907777,RETX,2010,14.375,,200.000,2049024,
11.907954,RETX,2011,14.375,,200.000,2049024,
11.908123,SEND,2012,14.375,,200.000,2049024,
11.908292,SEND,2013,14.375,,200.000,2049024,
11.908500,SEND,2014,14.375,,200.000,2049024,
11.908609,DUPACK,2001,14.375,,,2049024,
11.908649,NAK,2001,14.375,,,2049024,
11.911631,DUPACK,2001,14.375,,,2049024,
11.918240,NAK,2001,14.375,,,2049024,
11.918349,DUPACK,2001,14.375,,,2049024,
11.918422,NAK,2001,14.375,,,2049024,
11.918458,DUPACK,2001,14.375,,,2049024,
11.918486,NAK,2001,14.375,,,2049024,
11.920178,DUPACK,2001,14.375,,,2049024,
11.920413,NAK,2001,14.375,,,2049024,
11.920477,DUPACK,2001,14.375,,,2049024,
11.920572,NAK,2001,14.375,,,2049024,
11.920606,DUPACK,2001,14.375,,,2049024,
11.920633,NAK,2001,14.375,,,2049024,
11.920680,DUPACK,2001,14.375,,,2049024,
11.946358,NAK,2001,14.375,,,2049024,
11.946444,DUPACK,2001,14.375,,,2049024,
11.946478,NAK,2001,14.375,,,2049024,
11.946508,DUPACK,2001,14.375,,,2049024,
11.951899,ACK,2002,14.444,,,2050048,"cum ack, base->2002"
11.953555,SEND,2015,14.444,,200.000,2050048,
11.954106,ACK,2003,14.514,,,2051072,"cum ack, base->2003"
11.956027,SEND,2016,14.514,,200.000,2051072,
11.957100,NAK,2003,14.514,,,2051072,
11.957129,FASTRETX,2003,14.514,,200.000,2051072,nak
11.957185,DUPACK,2003,14.514,,,2051072,
11.957584,NAK,2003,14.514,,,2051072,
11.957629,DUPACK,2003,14.514,,,2051072,
11.957657,NAK,2003,14.514,,,2051072,
11.957998,DUPACK,2003,14.514,,,2051072,
11.958035,DUPACK,2003,14.514,,,2051072,
11.958794,RETX,2003,14.514,,200.000,2051072,
11.959039,RETX,2004,14.514,,200.000,2051072,
11.959245,RETX,2005,14.514,,200.000,2051072,
11.959451,RETX,2006,14.514,,200.000,2051072,
11.959649,RETX,2007,14.514,,200.000,2051072,
11.959856,RETX,2008,14.514,,200.000,2051072,
11.960038,RETX,2009,14.514,,200.000,2051072,
11.960213,RETX,2010,14.514,,200.000,2051072,
11.960386,RETX,2011,14.514,,200.000,2051072,
11.960588,RETX,2012,14.514,,200.000,2051072,
11.960773,RETX,2013,14.514,,200.000,2051072,
11.960942,RETX,2014,14.514,,200.000,2051072,
11.961115,RETX,2015,14.514,,200.000,2051072,
11.961295,RETX,2016,14.514,,200.000,2051072,
11.961616,NAK,2003,14.514,,,2051072,
11.961669,DUPACK,2003,14.514,,,2051072,
11.961722,NAK,2003,14.514,,,2051072,
11.961794,DUPACK,2003,14.514,,,2051072,
11.961832,NAK,2003,14.514,,,2051072,
11.961866,DUPACK,2003,14.514,,,2051072,
11.961910,NAK,2003,14.514,,,2051072,
11.961938,DUPACK,2003,14.514,,,2051072,
11.961963,NAK,2003,14.514,,,2051072,
11.961991,DUPACK,2003,14.514,,,2051072,
11.962017,NAK,2003,14.514,,,2051072,
11.993252,STATS,-1,14.514,,200.000,2051072,base=2003 next=2017
12.010001,NAK,2003,14.514,,,2051072,
12.010082,DUPACK,2003,14.514,,,2051072,
12.010147,NAK,2003,14.514,,,2051072,
12.010187,DUPACK,2003,14.514,,,2051072,
12.010231,ACK,2004,14.583,,,2052096,"cum ack, base->2004"
12.010306,ACK,2005,14.651,,,2053120,"cum ack, base->2005"
12.010343,ACK,2006,14.719,,,2054144,"cum ack, base->2006"
12.010371,NAK,2006,14.719,,,2054144,
12.010380,FASTRETX,2006,14.719,,200.000,2054144,nak
12.010407,DUPACK,2006,14.719,,,2054144,
12.010432,NAK,2006,14.719,,,2054144,
12.011805,RETX,2006,14.719,,200.000,2054144,
12.012008,RETX,2007,14.719,,200.000,2054144,
12.012292,RETX,2008,14.719,,200.000,2054144,
12.012515,RETX,2009,14.719,,200.000,2054144,
12.012689,RETX,2010,14.719,,200.000,2054144,
12.012859,RETX,2011,14.719,,200.000,2054144,
12.013084,RETX,2012,14.719,,200.000,2054144,
12.013266,RETX,2013,14.719,,200.000,2054144,
12.013434,RETX,2014,14.719,,200.000,2054144,
12.013598,RETX,2015,14.719,,200.000,2054144,
12.013765,RETX,2016,14.719,,200.000,2054144,
12.013974,SEND,2017,14.719,,200.000,2054144,
12.014178,SEND,2018,14.719,,200.000,2054144,
12.014349,SEND,2019,14.719,,200.000,2054144,
12.014463,DUPACK,2006,14.719,,,2054144,
12.014505,NAK,2006,14.719,,,2054144,
12.014536,DUPACK,2006,14.719,,,2054144,
12.014562,NAK,2006,14.719,,,2054144,
12.014588,DUPACK,2006,14.719,,,2054144,
12.014613,NAK,2006,14.719,,,2054144,
12.014639,DUPACK,2006,14.719,,,2054144,
12.014664,NAK,2006,14.719,,,2054144,
12.014689,DUPACK,2006,14.719,,,2054144,
12.014714,NAK,2006,14.719,,,2054144,
12.014740,DUPACK,2006,14.719,,,2054144,
12.014778,NAK,2006,14.719,,,2054144,
12.014803,DUPACK,2006,14.719,,,2054144,
12.014828,NAK,2006,14.719,,,2054144,
12.014853,DUPACK,2006,14.719,,,2054144,
12.014878,NAK,2006,14.719,,,2054144,
12.014905,DUPACK,2006,14.719,,,2054144,
12.042674,ACK,2007,14.787,,,2055168,"cum ack, base->2007"
12.044752,SEND,2020,14.787,,200.000,2055168,
12.063128,ACK,2008,14.855,,,2056192,"cum ack, base->2008"
12.063199,ACK,2009,14.922,,,2057216,"cum ack, base->2009"
12.064760,SEND,2021,14.922,,200.000,2057216,
12.065008,SEND,2022,14.922,,200.000,2057216,
12.066378,NAK,2009,14.922,,,2057216,
12.066431,FASTRETX,2009,14.922,,200.000,2057216,nak
12.066508,DUPACK,2009,14.922,,,2057216,
12.066586,NAK,2009,14.922,,,2057216,
12.066614,DUPACK,2009,14.922,,,2057216,
12.066639,NAK,2009,14.922,,,2057216,
12.066666,DUPACK,2009,14.922,,,2057216,
12.066869,NAK,2009,14.922,,,2057216,
12.066957,NAK,2009,14.922,,,2057216,
12.067039,DUPACK,2009,14.922,,,2057216,
12.067083,NAK,2009,14.922,,,2057216,
12.067124,DUPACK,2009,14.922,,,2057216,
12.067162,NAK,2009,14.922,,,2057216,
12.067201,DUPACK,2009,14.922,,,2057216,
12.067239,NAK,2009,14.922,,,2057216,
12.067278,DUPACK,2009,14.922,,,2057216,
12.068091,RETX,2009,14.922,,200.000,2057216,
12.068355,RETX,2010,14.922,,200.000,2057216,
12.068531,RETX,2011,14.922,,200.000,2057216,
12.068920,RETX,2012,14.922,,200.000,2057216,
12.069239,RETX,2013,14.922,,200.000,2057216,
12.069426,RETX,2014,14.922,,200.000,2057216,
12.069647,RETX,2015,14.922,,200.000,2057216,
12.069840,RETX,2016,14.922,,200.000,2057216,
12.070141,RETX,2017,14.922,,200.000,2057216,
12.070316,RETX,2018,14.922,,200.000,2057216,
12.070484,RETX,2019,14.922,,200.000,2057216,
12.070652,RETX,2020,14.922,,200.000,2057216,
12.070940,RETX,2021,14.922,,200.000,2057216,
12.071667,RETX,2022,14.922,,200.000,2057216,
12.088483,NAK,2009,14.922,,,2057216,
12.093766,STATS,-1,14.922,,200.000,2057216,base=2009 next=2023
12.117929,NAK,2009,14.922,,,2057216,
12.117976,DUPACK,2009,14.922,,,2057216,
12.118016,NAK,2009,14.922,,,2057216,
12.118044,DUPACK,2009,14.922,,,2057216,
12.118094,ACK,2011,15.056,,,2059264,"cum ack, base->2011"
12.118134,ACK,2012,15.122,,,2060288,"cum ack, base->2012"
12.118167,ACK,2013,15.189,,,2061312,"cum ack, base->2013"
12.118197,ACK,2014,15.254,,,2062336,"cum ack, base->2014"
12.118227,ACK,2015,15.320,,,2063360,"cum ack, base->2015"
12.118256,ACK,2016,15.385,,,2064384,"cum ack, base->2016"
12.118285,ACK,2017,15.450,,,2065408,"cum ack, base->2017"
12.118313,ACK,2018,15.515,,,2066432,"cum ack, base->2018"
12.119184,SEND,2023,15.515,,200.000,2066432,
12.119418,SEND,2024,15.515,,200.000,2066432,
12.119645,SEND,2025,15.515,,200.000,2066432,
12.119870,SEND,2026,15.515,,200.000,2066432,
12.120150,SEND,2027,15.515,,200.000,2066432,
12.120376,SEND,2028,15.515,,200.000,2066432,
12.120600,SEND,2029,15.515,,200.000,2066432,
12.120825,SEND,2030,15.515,,200.000,2066432,
12.121049,SEND,2031,15.515,,200.000,2066432,
12.121272,SEND,2032,15.515,,200.000,2066432,
12.121339,ACK,2019,15.579,,,2067456,"cum ack, base->2019"
12.121374,ACK,2020,15.644,,,2068480,"cum ack, base->2020"
12.121404,ACK,2021,15.708,,,2069504,"cum ack, base->2021"
12.123408,ACK,2022,15.771,,,2070528,"cum ack, base->2022"
12.123454,ACK,2023,15.835,,,2071552,"cum ack, base->2023"
12.124059,SEND,2033,15.835,,200.000,2071552,
12.124254,SEND,2034,15.835,,200.000,2071552,
12.124427,SEND,2035,15.835,,200.000,2071552,
12.124671,SEND,2036,15.835,,200.000,2071552,
12.124888,SEND,2037,15.835,,200.000,2071552,
12.178820,ACK,2024,15.898,,,2072576,"cum ack, base->2024"
12.178883,ACK,2025,15.961,,,2073600,"cum ack, base->2025"
12.179440,SEND,2038,15.961,,200.000,2073600,
12.179625,SEND,2039,15.961,,200.000,2073600,
12.179717,ACK,2026,16.023,,,2074624,"cum ack, base->2026"
12.179762,ACK,2027,16.086,,,2075648,"cum ack, base->2027"
12.179964,ACK,2028,16.148,,,2076672,"cum ack, base->2028"
12.179999,ACK,2029,16.210,,,2077696,"cum ack, base->2029"
12.182417,SEND,2040,16.210,,200.000,2077696,
12.182612,SEND,2041,16.210,,200.000,2077696,
12.183016,SEND,2042,16.210,,200.000,2077696,
12.183392,SEND,2043,16.210,,200.000,2077696,
12.183569,SEND,2044,16.210,,200.000,2077696,
12.183768,ACK,2030,16.272,,,2078720,"cum ack, base->2030"
12.183827,ACK,2031,16.333,,,2079744,"cum ack, base->2031"
12.183863,ACK,2032,16.394,,,2080768,"cum ack, base->2032"
12.183897,ACK,2033,16.455,,,2081792,"cum ack, base->2033"
12.183931,ACK,2034,16.516,,,2082816,"cum ack, base->2034"
12.183962,ACK,2035,16.577,,,2083840,"cum ack, base->2035"
12.183994,ACK,2036,16.637,,,2084864,"cum ack, base->2036"
12.184020,NAK,2036,16.637,,,2084864,
12.184035,FASTRETX,2036,14.788,,200.000,2084864,nak
12.184063,DUPACK,2036,14.788,,,2084864,
12.186560,RETX,2036,14.788,,200.000,2084864,
12.187546,RETX,2037,14.788,,200.000,2084864,
12.188078,RETX,2038,14.788,,200.000,2084864,
12.188465,RETX,2039,14.788,,200.000,2084864,
12.188688,RETX,2040,14.788,,200.000,2084864,
12.188894,RETX,2041,14.788,,200.000,2084864,
12.189101,RETX,2042,14.788,,200.000,2084864,
12.189302,RETX,2043,14.788,,200.000,2084864,
12.189500,RETX,2044,14.788,,200.000,2084864,
12.189702,SEND,2045,14.788,,200.000,2084864,
12.189986,SEND,2046,14.788,,200.000,2084864,
12.190204,SEND,2047,14.788,,200.000,2084864,
12.194702,STATS,-1,14.788,,200.000,2084864,base=2036 next=2048
12.230912,NAK,2036,14.788,,,2084864,
12.230981,DUPACK,2036,14.788,,,2084864,
12.231014,NAK,2036,14.788,,,2084864,
12.231046,DUPACK,2036,14.788,,,2084864,
12.231076,NAK,2036,14.788,,,2084864,
12.231102,DUPACK,2036,14.788,,,2084864,
12.231131,NAK,2036,14.788,,,2084864,
12.231157,DUPACK,2036,14.788,,,2084864,
12.231181,NAK,2036,14.788,,,2084864,
12.231206,DUPACK,2036,14.788,,,2084864,
12.231230,NAK,2036,14.788,,,2084864,
12.233270,DUPACK,2036,14.788,,,2084864,
12.234969,NAK,2036,14.788,,,2084864,
12.236122,DUPACK,2036,14.788,,,2084864,
12.236250,ACK,2037,14.856,,,2085888,"cum ack, base->2037"
12.237225,ACK,2038,14.923,,,2086912,"cum ack, base->2038"
12.237333,ACK,2039,14.990,,,2087936,"cum ack, base->2039"
12.237380,ACK,2040,15.057,,,2088960,"cum ack, base->2040"
12.237415,ACK,2041,15.123,,,2089984,"cum ack, base->2041"
12.237451,ACK,2042,15.189,,,2091008,"cum ack, base->2042"
12.237482,ACK,2043,15.255,,,2092032,"cum ack, base->2043"
12.237515,ACK,2044,15.321,,,2093056,"cum ack, base->2044"
12.241797,DUPACK,2044,15.321,,,2093056,
12.241875,NAK,2044,15.321,,,2093056,
12.241889,FASTRETX,2044,15.321,,200.000,2093056,nak
12.241924,DUPACK,2044,15.321,,,2093056,
12.241949,NAK,2044,15.321,,,2093056,
12.241975,DUPACK,2044,15.321,,,2093056,
12.242645,RETX,2044,15.321,,200.000,2093056,
12.242847,RETX,2045,15.321,,200.000,2093056,
12.243022,RETX,2046,15.321,,200.000,2093056,
12.243282,RETX,2047,15.321,,200.000,2093056,
12.281678,ACK,2045,15.386,,,2094080,"cum ack, base->2045"
12.289447,ACK,2046,15.451,,,2095104,"cum ack, base->2046"
12.289524,ACK,2047,15.516,,,2096128,"cum ack, base->2047"
12.289560,ACK,2048,15.580,,,2097152,"cum ack, base->2048"
12.291616,FIN,2048,,,,2097152,attempt 1
12.331984,ACK,-1,15.580,,,2097152,FIN acked
