t,event,seq,cwnd,srtt_ms,rto_ms,bytes_acked,info
0.001003,SEND,0,4.000,,200.000,0,
0.001086,SEND,1,4.000,,200.000,0,
0.001159,SEND,2,4.000,,200.000,0,
0.001227,SEND,3,4.000,,200.000,0,
0.001233,STATS,-1,4.000,,200.000,0,base=0 next=4
0.046483,ACK,1,4.250,,,1024,"cum ack, base->1"
0.046515,ACK,2,4.485,,,2048,"cum ack, base->2"
0.046534,ACK,3,4.708,,,3072,"cum ack, base->3"
0.046549,ACK,4,4.921,,,4096,"cum ack, base->4"
0.048971,SEND,4,4.921,,200.000,4096,
0.049060,SEND,5,4.921,,200.000,4096,
0.049146,SEND,6,4.921,,200.000,4096,
0.049232,SEND,7,4.921,,200.000,4096,
0.092080,ACK,5,5.124,,,5120,"cum ack, base->5"
0.094547,SEND,8,5.124,,200.000,5120,
0.094663,SEND,9,5.124,,200.000,5120,
0.101505,NAK,5,5.124,,,5120,
0.101519,FASTRETX,5,4.555,,200.000,5120,nak
0.101540,DUPACK,5,4.555,,,5120,
0.101556,NAK,5,4.555,,,5120,
0.102311,RETX,5,4.555,,200.000,5120,
0.102423,RETX,6,4.555,,200.000,5120,
0.102532,RETX,7,4.555,,200.000,5120,
0.102639,RETX,8,4.555,,200.000,5120,
0.102649,STATS,-1,4.555,,200.000,5120,base=5 next=9
0.131876,NAK,5,4.555,,,5120,
0.137507,DUPACK,5,4.555,,,5120,
0.137525,NAK,5,4.555,,,5120,
0.138352,DUPACK,5,4.555,,,5120,
0.145935,ACK,6,4.774,,,6144,"cum ack, base->6"
0.147586,RETX,9,4.774,,200.000,6144,
0.148706,ACK,7,4.984,,,7168,"cum ack, base->7"
0.148730,ACK,8,5.184,,,8192,"cum ack, base->8"
0.150267,SEND,10,5.184,,200.000,8192,
0.150416,SEND,11,5.184,,200.000,8192,
0.150561,SEND,12,5.184,,200.000,8192,
0.197867,ACK,10,5.563,,,10240,"cum ack, base->10"
0.197909,ACK,11,5.743,,,11264,"cum ack, base->11"
0.198605,SEND,13,5.743,,200.000,11264,
0.198853,SEND,14,5.743,,200.000,11264,
0.199083,SEND,15,5.743,,200.000,11264,
0.201279,ACK,12,5.917,,,12288,"cum ack, base->12"
0.201314,ACK,13,6.086,,,13312,"cum ack, base->13"
0.201843,SEND,16,6.086,,200.000,13312,
0.202072,SEND,17,6.086,,200.000,13312,
0.202297,SEND,18,6.086,,200.000,13312,
0.205363,STATS,-1,6.086,,200.000,13312,base=13 next=19
0.254306,ACK,14,6.250,,,14336,"cum ack, base->14"
0.255046,SEND,19,6.250,,200.000,14336,
0.255201,ACK,15,6.410,,,15360,"cum ack, base->15"
0.255252,ACK,16,6.566,,,16384,"cum ack, base->16"
0.255288,ACK,17,6.719,,,17408,"cum ack, base->17"
0.255326,ACK,18,6.867,,,18432,"cum ack, base->18"
0.255356,ACK,19,7.013,,,19456,"cum ack, base->19"
0.257805,SEND,20,7.013,,200.000,19456,
0.258044,SEND,21,7.013,,200.000,19456,
0.258275,SEND,22,7.013,,200.000,19456,
0.258505,SEND,23,7.013,,200.000,19456,
0.258730,SEND,24,7.013,,200.000,19456,
0.258956,SEND,25,7.013,,200.000,19456,
0.312107,STATS,-1,7.013,,200.000,19456,base=19 next=26
0.313279,ACK,20,7.156,,,20480,"cum ack, base->20"
0.313344,ACK,21,7.295,,,21504,"cum ack, base->21"
0.313379,ACK,22,7.432,,,22528,"cum ack, base->22"
0.313412,ACK,23,7.567,,,23552,"cum ack, base->23"
0.313443,ACK,24,7.699,,,24576,"cum ack, base->24"
0.313472,ACK,25,7.829,,,25600,"cum ack, base->25"
0.313531,ACK,26,7.957,,,26624,"cum ack, base->26"
0.314809,SEND,26,7.957,,200.000,26624,
0.314898,SEND,27,7.957,,200.000,26624,
0.314978,SEND,28,7.957,,200.000,26624,
0.315055,SEND,29,7.957,,200.000,26624,
0.315134,SEND,30,7.957,,200.000,26624,
0.315211,SEND,31,7.957,,200.000,26624,
0.315289,SEND,32,7.957,,200.000,26624,
0.373024,ACK,27,8.082,,,27648,"cum ack, base->27"
0.373284,SEND,33,8.082,,200.000,27648,
0.373462,SEND,34,8.082,,200.000,27648,
0.373565,ACK,28,8.206,,,28672,"cum ack, base->28"
0.373607,ACK,29,8.328,,,29696,"cum ack, base->29"
0.373661,ACK,30,8.448,,,30720,"cum ack, base->30"
0.373800,ACK,31,8.566,,,31744,"cum ack, base->31"
0.373835,ACK,32,8.683,,,32768,"cum ack, base->32"
0.373867,ACK,33,8.798,,,33792,"cum ack, base->33"
0.376291,SEND,35,8.798,,200.000,33792,
0.376513,SEND,36,8.798,,200.000,33792,
0.376710,SEND,37,8.798,,200.000,33792,
0.376877,SEND,38,8.798,,200.000,33792,
0.377079,SEND,39,8.798,,200.000,33792,
0.377299,SEND,40,8.798,,200.000,33792,
0.406986,ACK,34,8.912,,,34816,"cum ack, base->34"
0.409052,SEND,41,8.912,,200.000,34816,
0.414110,STATS,-1,8.912,,200.000,34816,base=34 next=42
0.420920,ACK,35,9.024,,,35840,"cum ack, base->35"
0.422320,SEND,42,9.024,,200.000,35840,
0.422552,SEND,43,9.024,,200.000,35840,
0.423362,ACK,36,9.135,,,36864,"cum ack, base->36"
0.423505,ACK,37,9.245,,,37888,"cum ack, base->37"
0.423539,NAK,37,9.245,,,37888,
0.423562,FASTRETX,37,8.217,,200.000,37888,nak
0.423590,DUPACK,37,8.217,,,37888,
0.423616,NAK,37,8.217,,,37888,
0.423641,DUPACK,37,8.217,,,37888,
0.425335,RETX,37,8.217,,200.000,37888,
0.425534,RETX,38,8.217,,200.000,37888,
0.425704,RETX,39,8.217,,200.000,37888,
0.425976,RETX,40,8.217,,200.000,37888,
0.426154,RETX,41,8.217,,200.000,37888,
0.426419,RETX,42,8.217,,200.000,37888,
0.426790,RETX,43,8.217,,200.000,37888,
0.427699,SEND,44,8.217,,200.000,37888,
0.455407,NAK,37,8.217,,,37888,
0.455463,DUPACK,37,8.217,,,37888,
0.475265,NAK,37,8.217,,,37888,
0.475313,DUPACK,37,8.217,,,37888,
0.475338,NAK,37,8.217,,,37888,
0.475361,DUPACK,37,8.217,,,37888,
0.477169,ACK,38,8.339,,,38912,"cum ack, base->38"
0.477213,ACK,39,8.459,,,39936,"cum ack, base->39"
0.477766,SEND,45,8.459,,200.000,39936,
0.477953,SEND,46,8.459,,200.000,39936,
0.478489,ACK,40,8.577,,,40960,"cum ack, base->40"
0.479737,ACK,41,8.694,,,41984,"cum ack, base->41"
0.480661,SEND,47,8.694,,200.000,41984,
0.480841,SEND,48,8.694,,200.000,41984,
0.482419,ACK,42,8.809,,,43008,"cum ack, base->42"
0.482451,ACK,43,8.922,,,44032,"cum ack, base->43"
0.482476,ACK,44,9.034,,,45056,"cum ack, base->44"
0.482500,ACK,45,9.145,,,46080,"cum ack, base->45"
0.483546,SEND,49,9.145,,200.000,46080,
0.483725,SEND,50,9.145,,200.000,46080,
0.483902,SEND,51,9.145,,200.000,46080,
0.484078,SEND,52,9.145,,200.000,46080,
0.484255,SEND,53,9.145,,200.000,46080,
0.524142,STATS,-1,9.145,,200.000,46080,base=45 next=54
0.556700,ACK,46,9.254,,,47104,"cum ack, base->46"
0.556720,ACK,47,9.362,,,48128,"cum ack, base->47"
0.556734,ACK,48,9.469,,,49152,"cum ack, base->48"
0.556746,ACK,49,9.575,,,50176,"cum ack, base->49"
0.556758,ACK,50,9.679,,,51200,"cum ack, base->50"
0.556770,ACK,51,9.783,,,52224,"cum ack, base->51"
0.556782,ACK,52,9.885,,,53248,"cum ack, base->52"
0.556794,ACK,53,9.986,,,54272,"cum ack, base->53"
0.556804,ACK,54,10.086,,,55296,"cum ack, base->54"
0.557845,SEND,54,10.086,,200.000,55296,
0.557935,SEND,55,10.086,,200.000,55296,
0.558021,SEND,56,10.086,,200.000,55296,
0.558110,SEND,57,10.086,,200.000,55296,
0.558206,SEND,58,10.086,,200.000,55296,
0.558301,SEND,59,10.086,,200.000,55296,
0.558396,SEND,60,10.086,,200.000,55296,
0.558491,SEND,61,10.086,,200.000,55296,
0.558592,SEND,62,10.086,,200.000,55296,
0.558687,SEND,63,10.086,,200.000,55296,
0.606257,ACK,56,10.284,,,57344,"cum ack, base->56"
0.608367,SEND,64,10.284,,200.000,57344,
0.608589,SEND,65,10.284,,200.000,57344,
0.614968,ACK,57,10.381,,,58368,"cum ack, base->57"
0.615048,ACK,58,10.477,,,59392,"cum ack, base->58"
0.615081,ACK,59,10.573,,,60416,"cum ack, base->59"
0.615117,ACK,61,10.761,,,62464,"cum ack, base->61"
0.615147,ACK,62,10.854,,,63488,"cum ack, base->62"
0.615176,ACK,63,10.946,,,64512,"cum ack, base->63"
0.615206,ACK,64,11.037,,,65536,"cum ack, base->64"
0.616310,SEND,66,11.037,,200.000,65536,
0.616531,SEND,67,11.037,,200.000,65536,
0.616767,SEND,68,11.037,,200.000,65536,
0.616943,SEND,69,11.037,,200.000,65536,
0.617349,SEND,70,11.037,,200.000,65536,
0.617574,SEND,71,11.037,,200.000,65536,
0.617740,SEND,72,11.037,,200.000,65536,
0.618060,SEND,73,11.037,,200.000,65536,
0.618257,SEND,74,11.037,,200.000,65536,
0.626058,STATS,-1,11.037,,200.000,65536,base=64 next=75
0.648147,NAK,64,11.037,,,65536,
0.648169,FASTRETX,64,9.811,,200.000,65536,nak
0.649111,RETX,64,9.811,,200.000,65536,
0.649344,RETX,65,9.811,,200.000,65536,
0.649571,RETX,66,9.811,,200.000,65536,
0.649795,RETX,67,9.811,,200.000,65536,
0.650020,RETX,68,9.811,,200.000,65536,
0.650244,RETX,69,9.811,,200.000,65536,
0.650467,RETX,70,9.811,,200.000,65536,
0.650690,RETX,71,9.811,,200.000,65536,
0.650913,RETX,72,9.811,,200.000,65536,
0.653115,DUPACK,64,9.811,,,65536,
0.654981,NAK,64,9.811,,,65536,
0.665420,DUPACK,64,9.811,,,65536,
0.665485,NAK,64,9.811,,,65536,
0.665593,DUPACK,64,9.811,,,65536,
0.665635,NAK,64,9.811,,,65536,
0.665665,DUPACK,64,9.811,,,65536,
0.665691,NAK,64,9.811,,,65536,
0.665716,DUPACK,64,9.811,,,65536,
0.665742,NAK,64,9.811,,,65536,
0.665766,DUPACK,64,9.811,,,65536,
0.668474,DUPACK,64,9.811,,,65536,
0.668568,NAK,64,9.811,,,65536,
0.668654,DUPACK,64,9.811,,,65536,
0.668728,NAK,64,9.811,,,65536,
0.668915,DUPACK,64,9.811,,,65536,
0.668951,NAK,64,9.811,,,65536,
0.668980,DUPACK,64,9.811,,,65536,
0.691077,ACK,65,9.913,,,66560,"cum ack, base->65"
0.691947,RETX,73,9.913,,200.000,66560,
0.697094,ACK,66,10.014,,,67584,"cum ack, base->66"
0.697159,ACK,67,10.114,,,68608,"cum ack, base->67"
0.697192,ACK,68,10.212,,,69632,"cum ack, base->68"
0.697222,ACK,69,10.310,,,70656,"cum ack, base->69"
0.697255,ACK,70,10.407,,,71680,"cum ack, base->70"
0.697857,NAK,70,10.407,,,71680,
0.697877,FASTRETX,70,10.407,,200.000,71680,nak
0.697918,DUPACK,70,10.407,,,71680,
0.699745,RETX,70,10.407,,200.000,71680,
0.703590,RETX,71,10.407,,200.000,71680,
0.704042,RETX,72,10.407,,200.000,71680,
0.704222,RETX,73,10.407,,200.000,71680,
0.704533,RETX,74,10.407,,200.000,71680,
0.704711,SEND,75,10.407,,200.000,71680,
0.704880,SEND,76,10.407,,200.000,71680,
0.705046,SEND,77,10.407,,200.000,71680,
0.705213,SEND,78,10.407,,200.000,71680,
0.705543,SEND,79,10.407,,200.000,71680,
0.705718,NAK,70,10.407,,,71680,
0.705766,DUPACK,70,10.407,,,71680,
0.727688,STATS,-1,10.407,,200.000,71680,base=70 next=80
0.731327,NAK,70,10.407,,,71680,
0.738621,DUPACK,70,10.407,,,71680,
0.741926,ACK,71,10.503,,,72704,"cum ack, base->71"
0.741996,ACK,72,10.599,,,73728,"cum ack, base->72"
0.743682,SEND,80,10.599,,200.000,73728,
0.743873,SEND,81,10.599,,200.000,73728,
0.745983,ACK,73,10.693,,,74752,"cum ack, base->73"
0.746648,SEND,82,10.693,,200.000,74752,
0.754694,ACK,74,10.787,,,75776,"cum ack, base->74"
0.754773,ACK,75,10.879,,,76800,"cum ack, base->75"
0.754811,ACK,76,10.971,,,77824,"cum ack, base->76"
0.754842,ACK,77,11.062,,,78848,"cum ack, base->77"
0.755108,SEND,83,11.062,,200.000,78848,
0.755285,SEND,84,11.062,,200.000,78848,
0.755455,SEND,85,11.062,,200.000,78848,
0.755621,SEND,86,11.062,,200.000,78848,
0.755812,SEND,87,11.062,,200.000,78848,
0.755972,ACK,78,11.153,,,79872,"cum ack, base->78"
0.756016,ACK,79,11.242,,,80896,"cum ack, base->79"
0.758596,SEND,88,11.242,,200.000,80896,
0.758785,SEND,89,11.242,,200.000,80896,
0.760317,ACK,80,11.331,,,81920,"cum ack, base->80"
0.761735,SEND,90,11.331,,200.000,81920,
0.787940,ACK,81,11.420,,,82944,"cum ack, base->81"
0.789155,SEND,91,11.420,,200.000,82944,
0.796610,NAK,81,11.420,,,82944,
0.796648,FASTRETX,81,10.151,,200.000,82944,nak
0.797038,RETX,81,10.151,,200.000,82944,
0.797388,RETX,82,10.151,,200.000,82944,
0.797567,RETX,83,10.151,,200.000,82944,
0.797735,RETX,84,10.151,,200.000,82944,
0.797902,RETX,85,10.151,,200.000,82944,
0.798072,RETX,86,10.151,,200.000,82944,
0.798238,RETX,87,10.151,,200.000,82944,
0.798407,RETX,88,10.151,,200.000,82944,
0.798575,RETX,89,10.151,,200.000,82944,
0.798751,RETX,90,10.151,,200.000,82944,
0.799220,DUPACK,81,10.151,,,82944,
0.803477,NAK,81,10.151,,,82944,
0.803547,DUPACK,81,10.151,,,82944,
0.803576,NAK,81,10.151,,,82944,
0.803677,DUPACK,81,10.151,,,82944,
0.803712,NAK,81,10.151,,,82944,
0.803741,DUPACK,81,10.151,,,82944,
0.806518,DUPACK,81,10.151,,,82944,
0.806573,NAK,81,10.151,,,82944,
0.812258,DUPACK,81,10.151,,,82944,
0.813644,NAK,81,10.151,,,82944,
0.813696,DUPACK,81,10.151,,,82944,
0.829238,STATS,-1,10.151,,200.000,82944,base=81 next=91
0.835288,NAK,81,10.151,,,82944,
0.836146,DUPACK,81,10.151,,,82944,
0.836370,NAK,81,10.151,,,82944,
0.838273,DUPACK,81,10.151,,,82944,
0.838330,NAK,81,10.151,,,82944,
0.838360,DUPACK,81,10.151,,,82944,
0.844390,NAK,81,10.151,,,82944,
0.844453,DUPACK,81,10.151,,,82944,
0.846309,NAK,81,10.151,,,82944,
0.846368,DUPACK,81,10.151,,,82944,
0.846396,NAK,81,10.151,,,82944,
0.846422,DUPACK,81,10.151,,,82944,
0.846499,NAK,81,10.151,,,82944,
0.847753,DUPACK,81,10.151,,,82944,
0.847845,NAK,81,10.151,,,82944,
0.847877,DUPACK,81,10.151,,,82944,
0.847906,NAK,81,10.151,,,82944,
0.847936,DUPACK,81,10.151,,,82944,
0.847961,NAK,81,10.151,,,82944,
0.847986,DUPACK,81,10.151,,,82944,
0.931050,STATS,-1,10.151,,200.000,82944,base=81 next=91
0.998735,TIMEOUT,81,10.151,,200.000,82944,timeout
1.001640,RETX,81,10.151,,200.000,82944,
1.001974,RETX,82,10.151,,200.000,82944,
1.002161,RETX,83,10.151,,200.000,82944,
1.002332,RETX,84,10.151,,200.000,82944,
1.002528,RETX,85,10.151,,200.000,82944,
1.002772,RETX,86,10.151,,200.000,82944,
1.002944,RETX,87,10.151,,200.000,82944,
1.003137,RETX,88,10.151,,200.000,82944,
1.003366,RETX,89,10.151,,200.000,82944,
1.003535,RETX,90,10.151,,200.000,82944,
1.034216,STATS,-1,10.151,,200.000,82944,base=81 next=91
1.035257,ACK,82,10.249,,,83968,"cum ack, base->82"
1.036841,RETX,91,10.249,,200.000,83968,
1.039537,ACK,83,10.347,,,84992,"cum ack, base->83"
1.040026,SEND,92,10.347,,200.000,84992,
1.048584,ACK,84,10.443,,,86016,"cum ack, base->84"
1.048644,ACK,85,10.539,,,87040,"cum ack, base->85"
1.048674,NAK,85,10.539,,,87040,
1.048688,FASTRETX,85,10.539,,200.000,87040,nak
1.048807,DUPACK,85,10.539,,,87040,
1.048843,NAK,85,10.539,,,87040,
1.048889,DUPACK,85,10.539,,,87040,
1.048915,NAK,85,10.539,,,87040,
1.050755,RETX,85,10.539,,200.000,87040,
1.051068,RETX,86,10.539,,200.000,87040,
1.051240,RETX,87,10.539,,200.000,87040,
1.051464,RETX,88,10.539,,200.000,87040,
1.051666,RETX,89,10.539,,200.000,87040,
1.052056,RETX,90,10.539,,200.000,87040,
1.052241,RETX,91,10.539,,200.000,87040,
1.052408,RETX,92,10.539,,200.000,87040,
1.052684,SEND,93,10.539,,200.000,87040,
1.053318,SEND,94,10.539,,200.000,87040,
1.058113,DUPACK,85,10.539,,,87040,
1.079241,NAK,85,10.539,,,87040,
1.082493,DUPACK,85,10.539,,,87040,
1.083967,DUPACK,85,10.539,,,87040,
1.087885,ACK,86,10.634,,,88064,"cum ack, base->86"
1.088032,ACK,87,10.728,,,89088,"cum ack, base->87"
1.089226,SEND,95,10.728,,200.000,89088,
1.089501,SEND,96,10.728,,200.000,89088,
1.098374,ACK,88,10.821,,,90112,"cum ack, base->88"
1.098538,ACK,89,10.914,,,91136,"cum ack, base->89"
1.104684,SEND,97,10.914,,200.000,91136,
1.104870,SEND,98,10.914,,200.000,91136,
1.105624,ACK,90,11.005,,,92160,"cum ack, base->90"
1.106653,ACK,91,11.096,,,93184,"cum ack, base->91"
1.109092,ACK,92,11.186,,,94208,"cum ack, base->92"
1.109184,ACK,93,11.276,,,95232,"cum ack, base->93"
1.109755,SEND,99,11.276,,200.000,95232,
1.110235,SEND,100,11.276,,200.000,95232,
1.110609,SEND,101,11.276,,200.000,95232,
1.111236,SEND,102,11.276,,200.000,95232,
1.111472,SEND,103,11.276,,200.000,95232,
1.111558,ACK,94,11.364,,,96256,"cum ack, base->94"
1.114238,SEND,104,11.364,,200.000,96256,
1.134472,STATS,-1,11.364,,200.000,96256,base=94 next=105
1.135146,NAK,95,11.364,,,96256,
1.135163,FASTRETX,94,10.102,,200.000,96256,nak
1.136790,ACK,95,10.201,,,97280,"cum ack, base->95"
1.137238,RETX,94,10.201,,200.000,97280,
1.137471,RETX,95,10.201,,200.000,97280,
1.137698,RETX,96,10.201,,200.000,97280,
1.137923,RETX,97,10.201,,200.000,97280,
1.138148,RETX,98,10.201,,200.000,97280,
1.138374,RETX,99,10.201,,200.000,97280,
1.138600,RETX,100,10.201,,200.000,97280,
1.138817,RETX,101,10.201,,200.000,97280,
1.138993,RETX,102,10.201,,200.000,97280,
1.139175,RETX,103,10.201,,200.000,97280,
1.139352,RETX,104,10.201,,200.000,97280,
1.155987,NAK,95,10.201,,,97280,
1.156014,FASTRETX,95,10.201,,200.000,97280,nak
1.156053,DUPACK,95,10.201,,,97280,
1.156081,NAK,95,10.201,,,97280,
1.156108,DUPACK,95,10.201,,,97280,
1.157312,RETX,95,10.201,,200.000,97280,
1.157543,RETX,96,10.201,,200.000,97280,
1.157770,RETX,97,10.201,,200.000,97280,
1.157995,RETX,98,10.201,,200.000,97280,
1.158219,RETX,99,10.201,,200.000,97280,
1.158444,RETX,100,10.201,,200.000,97280,
1.158669,RETX,101,10.201,,200.000,97280,
1.158894,RETX,102,10.201,,200.000,97280,
1.159118,RETX,103,10.201,,200.000,97280,
1.159341,RETX,104,10.201,,200.000,97280,
1.161842,NAK,95,10.201,,,97280,
1.161877,DUPACK,95,10.201,,,97280,
1.161911,NAK,95,10.201,,,97280,
1.161934,DUPACK,95,10.201,,,97280,
1.161954,NAK,95,10.201,,,97280,
1.161974,DUPACK,95,10.201,,,97280,
1.161993,NAK,95,10.201,,,97280,
1.162012,DUPACK,95,10.201,,,97280,
1.162030,NAK,95,10.201,,,97280,
1.163904,NAK,95,10.201,,,97280,
1.163942,DUPACK,95,10.201,,,97280,
1.180880,DUPACK,95,10.201,,,97280,
1.180955,ACK,96,10.299,,,98304,"cum ack, base->96"
1.181000,ACK,97,10.396,,,99328,"cum ack, base->97"
1.185228,SEND,105,10.396,,200.000,99328,
1.185442,SEND,106,10.396,,200.000,99328,
1.186018,ACK,98,10.492,,,100352,"cum ack, base->98"
1.186059,ACK,99,10.587,,,101376,"cum ack, base->99"
1.188466,SEND,107,10.587,,200.000,101376,
1.188697,SEND,108,10.587,,200.000,101376,
1.190333,ACK,100,10.682,,,102400,"cum ack, base->100"
1.190374,ACK,101,10.775,,,103424,"cum ack, base->101"
1.190417,ACK,102,10.868,,,104448,"cum ack, base->102"
1.190447,ACK,103,10.960,,,105472,"cum ack, base->103"
1.190477,ACK,104,11.051,,,106496,"cum ack, base->104"
1.190505,ACK,105,11.142,,,107520,"cum ack, base->105"
1.191467,SEND,109,11.142,,200.000,107520,
1.191704,SEND,110,11.142,,200.000,107520,
1.191934,SEND,111,11.142,,200.000,107520,
1.192160,SEND,112,11.142,,200.000,107520,
1.192388,SEND,113,11.142,,200.000,107520,
1.192613,SEND,114,11.142,,200.000,107520,
1.192845,SEND,115,11.142,,200.000,107520,
1.206017,DUPACK,105,11.142,,,107520,
1.206050,DUPACK,105,11.142,,,107520,
1.206076,DUPACK,105,11.142,,,107520,
1.210505,DUPACK,105,11.142,,,107520,
1.210545,DUPACK,105,11.142,,,107520,
1.210579,DUPACK,105,11.142,,,107520,
1.210606,DUPACK,105,11.142,,,107520,
1.210631,DUPACK,105,11.142,,,107520,
1.236438,STATS,-1,11.142,,200.000,107520,base=105 next=116
1.237355,ACK,106,11.232,,,108544,"cum ack, base->106"
1.237405,ACK,107,11.321,,,109568,"cum ack, base->107"
1.237431,ACK,108,11.409,,,110592,"cum ack, base->108"
1.238584,ACK,109,11.497,,,111616,"cum ack, base->109"
1.239149,SEND,116,11.497,,200.000,111616,
1.239317,SEND,117,11.497,,200.000,111616,
1.239464,SEND,118,11.497,,200.000,111616,
1.239609,SEND,119,11.497,,200.000,111616,
1.240911,ACK,110,11.584,,,112640,"cum ack, base->110"
1.240952,ACK,111,11.670,,,113664,"cum ack, base->111"
1.242280,SEND,120,11.670,,200.000,113664,
1.242464,SEND,121,11.670,,200.000,113664,
1.242539,ACK,112,11.756,,,114688,"cum ack, base->112"
1.242578,ACK,113,11.841,,,115712,"cum ack, base->113"
1.242605,ACK,114,11.925,,,116736,"cum ack, base->114"
1.242631,ACK,115,12.009,,,117760,"cum ack, base->115"
1.242655,ACK,116,12.092,,,118784,"cum ack, base->116"
1.245212,SEND,122,12.092,,200.000,118784,
1.245417,SEND,123,12.092,,200.000,118784,
1.245604,SEND,124,12.092,,200.000,118784,
1.245793,SEND,125,12.092,,200.000,118784,
1.245980,SEND,126,12.092,,200.000,118784,
1.246162,SEND,127,12.092,,200.000,118784,
1.283428,NAK,116,12.092,,,118784,
1.283445,FASTRETX,116,10.749,,200.000,118784,nak
1.285135,RETX,116,10.749,,200.000,118784,
1.285243,RETX,117,10.749,,200.000,118784,
1.285346,RETX,118,10.749,,200.000,118784,
1.285449,RETX,119,10.749,,200.000,118784,
1.285552,RETX,120,10.749,,200.000,118784,
1.285655,RETX,121,10.749,,200.000,118784,
1.285757,RETX,122,10.749,,200.000,118784,
1.285857,RETX,123,10.749,,200.000,118784,
1.285957,RETX,124,10.749,,200.000,118784,
1.286055,RETX,125,10.749,,200.000,118784,
1.293826,DUPACK,116,10.749,,,118784,
1.293850,NAK,116,10.749,,,118784,
1.293869,DUPACK,116,10.749,,,118784,
1.293883,NAK,116,10.749,,,118784,
1.293903,DUPACK,116,10.749,,,118784,
1.293917,NAK,116,10.749,,,118784,
1.293931,DUPACK,116,10.749,,,118784,
1.293944,NAK,116,10.749,,,118784,
1.293961,DUPACK,116,10.749,,,118784,
1.293974,NAK,116,10.749,,,118784,
1.293989,DUPACK,116,10.749,,,118784,
1.294002,NAK,116,10.749,,,118784,
1.294014,DUPACK,116,10.749,,,118784,
1.294026,NAK,116,10.749,,,118784,
1.294038,DUPACK,116,10.749,,,118784,
1.294050,NAK,116,10.749,,,118784,
1.294063,DUPACK,116,10.749,,,118784,
1.294074,NAK,116,10.749,,,118784,
1.294086,DUPACK,116,10.749,,,118784,
1.297634,NAK,116,10.749,,,118784,
1.297678,DUPACK,116,10.749,,,118784,
1.329095,ACK,117,10.842,,,119808,"cum ack, base->117"
1.329175,ACK,118,10.934,,,120832,"cum ack, base->118"
1.331173,RETX,126,10.934,,200.000,120832,
1.331403,RETX,127,10.934,,200.000,120832,
1.331523,ACK,119,11.026,,,121856,"cum ack, base->119"
1.331754,ACK,120,11.116,,,122880,"cum ack, base->120"
1.331792,ACK,121,11.206,,,123904,"cum ack, base->121"
1.331825,ACK,122,11.295,,,124928,"cum ack, base->122"
1.332093,ACK,123,11.384,,,125952,"cum ack, base->123"
1.338429,SEND,128,11.384,,200.000,125952,
1.338790,SEND,129,11.384,,200.000,125952,
1.339111,SEND,130,11.384,,200.000,125952,
1.339286,SEND,131,11.384,,200.000,125952,
1.339455,SEND,132,11.384,,200.000,125952,
1.339742,SEND,133,11.384,,200.000,125952,
1.339762,STATS,-1,11.384,,200.000,125952,base=123 next=134
1.339906,ACK,124,11.472,,,126976,"cum ack, base->124"
1.339954,ACK,125,11.559,,,128000,"cum ack, base->125"
1.342741,SEND,134,11.559,,200.000,128000,
1.342942,SEND,135,11.559,,200.000,128000,
1.378601,NAK,125,11.559,,,128000,
1.378613,FASTRETX,125,11.559,,200.000,128000,nak
1.380376,RETX,125,11.559,,200.000,128000,
1.380489,RETX,126,11.559,,200.000,128000,
1.380598,RETX,127,11.559,,200.000,128000,
1.380707,RETX,128,11.559,,200.000,128000,
1.380816,RETX,129,11.559,,200.000,128000,
1.380929,RETX,130,11.559,,200.000,128000,
1.381040,RETX,131,11.559,,200.000,128000,
1.381188,RETX,132,11.559,,200.000,128000,
1.381526,RETX,133,11.559,,200.000,128000,
1.381652,RETX,134,11.559,,200.000,128000,
1.381765,RETX,135,11.559,,200.000,128000,
1.382589,DUPACK,125,11.559,,,128000,
1.382614,NAK,125,11.559,,,128000,
1.382630,DUPACK,125,11.559,,,128000,
1.382644,NAK,125,11.559,,,128000,
1.382657,DUPACK,125,11.559,,,128000,
1.384580,NAK,125,11.559,,,128000,
1.384596,DUPACK,125,11.559,,,128000,
1.402536,NAK,125,11.559,,,128000,
1.402571,DUPACK,125,11.559,,,128000,
1.403805,NAK,125,11.559,,,128000,
1.403838,DUPACK,125,11.559,,,128000,
1.403862,NAK,125,11.559,,,128000,
1.403885,DUPACK,125,11.559,,,128000,
1.403905,NAK,125,11.559,,,128000,
1.403928,DUPACK,125,11.559,,,128000,
1.403947,NAK,125,11.559,,,128000,
1.403966,DUPACK,125,11.559,,,128000,
1.403985,NAK,125,11.559,,,128000,
1.404004,DUPACK,125,11.559,,,128000,
1.433714,ACK,126,11.645,,,129024,"cum ack, base->126"
1.434557,SEND,136,11.645,,200.000,129024,
1.442093,STATS,-1,11.645,,200.000,129024,base=126 next=137
1.449698,ACK,127,11.731,,,130048,"cum ack, base->127"
1.452232,SEND,137,11.731,,200.000,130048,
1.461019,ACK,128,11.817,,,131072,"cum ack, base->128"
1.461043,ACK,129,11.901,,,132096,"cum ack, base->129"
1.461057,ACK,130,11.985,,,133120,"cum ack, base->130"
1.461072,ACK,131,12.069,,,134144,"cum ack, base->131"
1.461113,ACK,132,12.152,,,135168,"cum ack, base->132"
1.461128,ACK,133,12.234,,,136192,"cum ack, base->133"
1.461142,ACK,134,12.316,,,137216,"cum ack, base->134"
1.461176,ACK,135,12.397,,,138240,"cum ack, base->135"
1.461196,ACK,136,12.477,,,139264,"cum ack, base->136"
1.462392,SEND,138,12.477,,200.000,139264,
1.462492,SEND,139,12.477,,200.000,139264,
1.462589,SEND,140,12.477,,200.000,139264,
1.462687,SEND,141,12.477,,200.000,139264,
1.462782,SEND,142,12.477,,200.000,139264,
1.462877,SEND,143,12.477,,200.000,139264,
1.462972,SEND,144,12.477,,200.000,139264,
1.463067,SEND,145,12.477,,200.000,139264,
1.463161,SEND,146,12.477,,200.000,139264,
1.463258,SEND,147,12.477,,200.000,139264,
1.492401,ACK,137,12.558,,,140288,"cum ack, base->137"
1.494003,SEND,148,12.558,,200.000,140288,
1.496602,ACK,138,12.637,,,141312,"cum ack, base->138"
1.497114,SEND,149,12.637,,200.000,141312,
1.511063,ACK,139,12.716,,,142336,"cum ack, base->139"
1.513151,SEND,150,12.716,,200.000,142336,
1.517582,ACK,140,12.795,,,143360,"cum ack, base->140"
1.517651,ACK,141,12.873,,,144384,"cum ack, base->141"
1.517686,ACK,142,12.951,,,145408,"cum ack, base->142"
1.519843,ACK,143,13.028,,,146432,"cum ack, base->143"
1.520103,ACK,144,13.105,,,147456,"cum ack, base->144"
1.520592,SEND,151,13.105,,200.000,147456,
1.520955,SEND,152,13.105,,200.000,147456,
1.521131,SEND,153,13.105,,200.000,147456,
1.521339,SEND,154,13.105,,200.000,147456,
1.521512,SEND,155,13.105,,200.000,147456,
1.521677,SEND,156,13.105,,200.000,147456,
1.521877,ACK,145,13.181,,,148480,"cum ack, base->145"
1.521951,ACK,146,13.257,,,149504,"cum ack, base->146"
1.522045,ACK,147,13.332,,,150528,"cum ack, base->147"
1.522078,ACK,148,13.407,,,151552,"cum ack, base->148"
1.523991,SEND,157,13.407,,200.000,151552,
1.524227,SEND,158,13.407,,200.000,151552,
1.524450,SEND,159,13.407,,200.000,151552,
1.524671,SEND,160,13.407,,200.000,151552,
1.538238,ACK,149,13.482,,,152576,"cum ack, base->149"
1.538282,ACK,150,13.556,,,153600,"cum ack, base->150"
1.540605,SEND,161,13.556,,200.000,153600,
1.540683,SEND,162,13.556,,200.000,153600,
1.543363,STATS,-1,13.556,,200.000,153600,base=150 next=163
1.645164,STATS,-1,13.556,,200.000,153600,base=150 next=163
1.739353,TIMEOUT,150,12.050,,200.000,153600,timeout
1.742134,RETX,150,12.050,,200.000,153600,
1.742384,RETX,151,12.050,,200.000,153600,
1.742560,RETX,152,12.050,,200.000,153600,
1.742725,RETX,153,12.050,,200.000,153600,
1.742887,RETX,154,12.050,,200.000,153600,
1.743053,RETX,155,12.050,,200.000,153600,
1.743215,RETX,156,12.050,,200.000,153600,
1.743378,RETX,157,12.050,,200.000,153600,
1.743540,RETX,158,12.050,,200.000,153600,
1.743703,RETX,159,12.050,,200.000,153600,
1.743955,RETX,160,12.050,,200.000,153600,
1.744124,RETX,161,12.050,,200.000,153600,
1.746725,STATS,-1,12.050,,200.000,153600,base=150 next=162
1.847980,STATS,-1,12.050,,200.000,153600,base=150 next=162
1.939452,TIMEOUT,150,12.050,,200.000,153600,timeout
1.954345,RETX,150,12.050,,200.000,153600,
1.954498,RETX,151,12.050,,200.000,153600,
1.954598,RETX,152,12.050,,200.000,153600,
1.954692,RETX,153,12.050,,200.000,153600,
1.954786,RETX,154,12.050,,200.000,153600,
1.954880,RETX,155,12.050,,200.000,153600,
1.954974,RETX,156,12.050,,200.000,153600,
1.955066,RETX,157,12.050,,200.000,153600,
1.955160,RETX,158,12.050,,200.000,153600,
1.955253,RETX,159,12.050,,200.000,153600,
1.955346,RETX,160,12.050,,200.000,153600,
1.955439,RETX,161,12.050,,200.000,153600,
1.955445,STATS,-1,12.050,,200.000,153600,base=150 next=162
2.056560,STATS,-1,12.050,,200.000,153600,base=150 next=162
2.142125,TIMEOUT,150,12.050,,200.000,153600,timeout
2.144626,RETX,150,12.050,,200.000,153600,
2.145507,RETX,151,12.050,,200.000,153600,
2.145691,RETX,152,12.050,,200.000,153600,
2.145853,RETX,153,12.050,,200.000,153600,
2.146046,RETX,154,12.050,,200.000,153600,
2.146270,RETX,155,12.050,,200.000,153600,
2.146641,RETX,156,12.050,,200.000,153600,
2.146844,RETX,157,12.050,,200.000,153600,
2.147098,RETX,158,12.050,,200.000,153600,
2.147335,RETX,159,12.050,,200.000,153600,
2.147544,RETX,160,12.050,,200.000,153600,
2.147715,RETX,161,12.050,,200.000,153600,
2.156881,STATS,-1,12.050,,200.000,153600,base=150 next=162
2.257962,STATS,-1,12.050,,200.000,153600,base=150 next=162
2.344319,TIMEOUT,150,12.050,,200.000,153600,timeout
2.347275,RETX,150,12.050,,200.000,153600,
2.347616,RETX,151,12.050,,200.000,153600,
2.347788,RETX,152,12.050,,200.000,153600,
2.348053,RETX,153,12.050,,200.000,153600,
2.348233,RETX,154,12.050,,200.000,153600,
2.348400,RETX,155,12.050,,200.000,153600,
2.348570,RETX,156,12.050,,200.000,153600,
2.348737,RETX,157,12.050,,200.000,153600,
2.353195,RETX,158,12.050,,200.000,153600,
2.353516,RETX,159,12.050,,200.000,153600,
2.354355,RETX,160,12.050,,200.000,153600,
2.354543,RETX,161,12.050,,200.000,153600,
2.359731,STATS,-1,12.050,,200.000,153600,base=150 next=162
2.400792,ACK,151,12.133,,,154624,"cum ack, base->151"
2.403338,RETX,162,12.133,,200.000,154624,
2.404923,ACK,152,12.215,,,155648,"cum ack, base->152"
2.405119,ACK,153,12.297,,,156672,"cum ack, base->153"
2.405783,ACK,154,12.379,,,157696,"cum ack, base->154"
2.406213,SEND,163,12.379,,200.000,157696,
2.406511,SEND,164,12.379,,200.000,157696,
2.406744,SEND,165,12.379,,200.000,157696,
2.410685,ACK,155,12.459,,,158720,"cum ack, base->155"
2.410849,ACK,156,12.540,,,159744,"cum ack, base->156"
2.410908,ACK,157,12.619,,,160768,"cum ack, base->157"
2.410945,ACK,158,12.699,,,161792,"cum ack, base->158"
2.410977,ACK,160,12.856,,,163840,"cum ack, base->160"
2.411025,ACK,161,12.933,,,164864,"cum ack, base->161"
2.411058,ACK,162,13.011,,,165888,"cum ack, base->162"
2.412105,SEND,166,13.011,,200.000,165888,
2.412292,SEND,167,13.011,,200.000,165888,
2.412590,SEND,168,13.011,,200.000,165888,
2.412799,SEND,169,13.011,,200.000,165888,
2.413032,SEND,170,13.011,,200.000,165888,
2.413204,SEND,171,13.011,,200.000,165888,
2.413576,SEND,172,13.011,,200.000,165888,
2.413767,SEND,173,13.011,,200.000,165888,
2.415233,SEND,174,13.011,,200.000,165888,
2.444576,ACK,163,13.088,,,166912,"cum ack, base->163"
2.446806,SEND,175,13.088,,200.000,166912,
2.450827,ACK,164,13.164,,,167936,"cum ack, base->164"
2.450852,ACK,165,13.240,,,168960,"cum ack, base->165"
2.450867,ACK,166,13.315,,,169984,"cum ack, base->166"
2.451947,SEND,176,13.315,,200.000,169984,
2.452059,SEND,177,13.315,,200.000,169984,
2.452156,SEND,178,13.315,,200.000,169984,
2.456202,ACK,167,13.391,,,171008,"cum ack, base->167"
2.456223,ACK,168,13.465,,,172032,"cum ack, base->168"
2.456239,ACK,170,13.613,,,174080,"cum ack, base->170"
2.457298,SEND,179,13.613,,200.000,174080,
2.457408,SEND,180,13.613,,200.000,174080,
2.457516,SEND,181,13.613,,200.000,174080,
2.457625,SEND,182,13.613,,200.000,174080,
2.457858,ACK,171,13.687,,,175104,"cum ack, base->171"
2.457876,ACK,172,13.760,,,176128,"cum ack, base->172"
2.457892,ACK,173,13.833,,,177152,"cum ack, base->173"
2.459839,ACK,175,13.977,,,179200,"cum ack, base->175"
2.460249,SEND,183,13.977,,200.000,179200,
2.460359,SEND,184,13.977,,200.000,179200,
2.460469,SEND,185,13.977,,200.000,179200,
2.460577,SEND,186,13.977,,200.000,179200,
2.460685,SEND,187,13.977,,200.000,179200,
2.460691,STATS,-1,13.977,,200.000,179200,base=175 next=188
2.507368,NAK,175,13.977,,,179200,
2.507388,FASTRETX,175,12.424,,200.000,179200,nak
2.507431,DUPACK,175,12.424,,,179200,
2.507459,NAK,175,12.424,,,179200,
2.507487,DUPACK,175,12.424,,,179200,
2.507513,NAK,175,12.424,,,179200,
2.507543,DUPACK,175,12.424,,,179200,
2.507568,NAK,175,12.424,,,179200,
2.507593,DUPACK,175,12.424,,,179200,
2.507618,NAK,175,12.424,,,179200,
2.507642,DUPACK,175,12.424,,,179200,
2.507664,NAK,175,12.424,,,179200,
2.507691,DUPACK,175,12.424,,,179200,
2.507714,NAK,175,12.424,,,179200,
2.507913,NAK,175,12.424,,,179200,
2.507943,DUPACK,175,12.424,,,179200,
2.507967,NAK,175,12.424,,,179200,
2.507992,DUPACK,175,12.424,,,179200,
2.508020,NAK,175,12.424,,,179200,
2.508045,DUPACK,175,12.424,,,179200,
2.508071,NAK,175,12.424,,,179200,
2.508095,DUPACK,175,12.424,,,179200,
2.508948,RETX,175,12.424,,200.000,179200,
2.509139,RETX,176,12.424,,200.000,179200,
2.509362,RETX,177,12.424,,200.000,179200,
2.509597,RETX,178,12.424,,200.000,179200,
2.509766,RETX,179,12.424,,200.000,179200,
2.509962,RETX,180,12.424,,200.000,179200,
2.510159,RETX,181,12.424,,200.000,179200,
2.510334,RETX,182,12.424,,200.000,179200,
2.510698,RETX,183,12.424,,200.000,179200,
2.510947,RETX,184,12.424,,200.000,179200,
2.511192,RETX,185,12.424,,200.000,179200,
2.511417,RETX,186,12.424,,200.000,179200,
2.561143,STATS,-1,12.424,,200.000,179200,base=175 next=187
2.564232,ACK,176,12.504,,,180224,"cum ack, base->176"
2.564306,ACK,177,12.584,,,181248,"cum ack, base->177"
2.564343,ACK,178,12.664,,,182272,"cum ack, base->178"
2.564376,ACK,179,12.743,,,183296,"cum ack, base->179"
2.564407,ACK,180,12.821,,,184320,"cum ack, base->180"
2.564439,ACK,181,12.899,,,185344,"cum ack, base->181"
2.564469,ACK,182,12.977,,,186368,"cum ack, base->182"
2.564499,ACK,183,13.054,,,187392,"cum ack, base->183"
2.564624,ACK,184,13.130,,,188416,"cum ack, base->184"
2.564670,ACK,185,13.206,,,189440,"cum ack, base->185"
2.564705,ACK,186,13.282,,,190464,"cum ack, base->186"
2.564737,ACK,187,13.357,,,191488,"cum ack, base->187"
2.572400,RETX,187,13.357,,200.000,191488,
2.572597,SEND,188,13.357,,200.000,191488,
2.572776,SEND,189,13.357,,200.000,191488,
2.579638,SEND,190,13.357,,200.000,191488,
2.579849,SEND,191,13.357,,200.000,191488,
2.580035,SEND,192,13.357,,200.000,191488,
2.580213,SEND,193,13.357,,200.000,191488,
2.580389,SEND,194,13.357,,200.000,191488,
2.580568,SEND,195,13.357,,200.000,191488,
2.580747,SEND,196,13.357,,200.000,191488,
2.580926,SEND,197,13.357,,200.000,191488,
2.581104,SEND,198,13.357,,200.000,191488,
2.581284,SEND,199,13.357,,200.000,191488,
2.629076,ACK,189,13.507,,,193536,"cum ack, base->189"
2.629149,ACK,190,13.581,,,194560,"cum ack, base->190"
2.629184,ACK,191,13.654,,,195584,"cum ack, base->191"
2.629215,ACK,192,13.728,,,196608,"cum ack, base->192"
2.629357,ACK,193,13.801,,,197632,"cum ack, base->193"
2.629427,ACK,194,13.873,,,198656,"cum ack, base->194"
2.630307,ACK,195,13.945,,,199680,"cum ack, base->195"
2.630361,ACK,196,14.017,,,200704,"cum ack, base->196"
2.630426,ACK,197,14.088,,,201728,"cum ack, base->197"
2.630527,ACK,198,14.159,,,202752,"cum ack, base->198"
2.630565,ACK,199,14.230,,,203776,"cum ack, base->199"
2.630598,ACK,200,14.300,,,204800,"cum ack, base->200"
2.631068,SEND,200,14.300,,200.000,204800,
2.631258,SEND,201,14.300,,200.000,204800,
2.631436,SEND,202,14.300,,200.000,204800,
2.631660,SEND,203,14.300,,200.000,204800,
2.631871,SEND,204,14.300,,200.000,204800,
2.632045,SEND,205,14.300,,200.000,204800,
2.632476,SEND,206,14.300,,200.000,204800,
2.636665,SEND,207,14.300,,200.000,204800,
2.636898,SEND,208,14.300,,200.000,204800,
2.637079,SEND,209,14.300,,200.000,204800,
2.637256,SEND,210,14.300,,200.000,204800,
2.637497,SEND,211,14.300,,200.000,204800,
2.637691,SEND,212,14.300,,200.000,204800,
2.637877,SEND,213,14.300,,200.000,204800,
2.663763,STATS,-1,14.300,,200.000,204800,base=200 next=214
2.672789,ACK,201,14.370,,,205824,"cum ack, base->201"
2.674964,SEND,214,14.370,,200.000,205824,
2.680396,ACK,202,14.440,,,206848,"cum ack, base->202"
2.680478,NAK,202,14.440,,,206848,
2.680492,FASTRETX,202,12.835,,200.000,206848,nak
2.680523,DUPACK,202,12.835,,,206848,
2.680549,NAK,202,12.835,,,206848,
2.680574,DUPACK,202,12.835,,,206848,
2.680696,NAK,202,12.835,,,206848,
2.680724,DUPACK,202,12.835,,,206848,
2.680748,NAK,202,12.835,,,206848,
2.680773,DUPACK,202,12.835,,,206848,
2.680825,NAK,202,12.835,,,206848,
2.680879,DUPACK,202,12.835,,,206848,
2.680985,NAK,202,12.835,,,206848,
2.681019,DUPACK,202,12.835,,,206848,
2.682444,RETX,202,12.835,,200.000,206848,
2.682654,RETX,203,12.835,,200.000,206848,
2.682908,RETX,204,12.835,,200.000,206848,
2.683083,RETX,205,12.835,,200.000,206848,
2.683365,RETX,206,12.835,,200.000,206848,
2.683673,RETX,207,12.835,,200.000,206848,
2.683904,RETX,208,12.835,,200.000,206848,
2.684148,RETX,209,12.835,,200.000,206848,
2.684320,RETX,210,12.835,,200.000,206848,
2.684486,RETX,211,12.835,,200.000,206848,
2.684791,RETX,212,12.835,,200.000,206848,
2.684986,RETX,213,12.835,,200.000,206848,
2.686324,NAK,202,12.835,,,206848,
2.686386,DUPACK,202,12.835,,,206848,
2.686415,NAK,202,12.835,,,206848,
2.689872,DUPACK,202,12.835,,,206848,
2.689947,NAK,202,12.835,,,206848,
2.689977,DUPACK,202,12.835,,,206848,
2.690002,NAK,202,12.835,,,206848,
2.690027,DUPACK,202,12.835,,,206848,
2.690052,NAK,202,12.835,,,206848,
2.690076,DUPACK,202,12.835,,,206848,
2.721216,NAK,202,12.835,,,206848,
2.722042,DUPACK,202,12.835,,,206848,
2.733761,ACK,203,12.913,,,207872,"cum ack, base->203"
2.733837,NAK,203,12.913,,,207872,
2.733850,FASTRETX,203,12.913,,200.000,207872,nak
2.733914,DUPACK,203,12.913,,,207872,
2.734896,RETX,203,12.913,,200.000,207872,
2.735114,RETX,204,12.913,,200.000,207872,
2.735282,RETX,205,12.913,,200.000,207872,
2.736609,RETX,206,12.913,,200.000,207872,
2.736906,RETX,207,12.913,,200.000,207872,
2.737321,RETX,208,12.913,,200.000,207872,
2.737809,RETX,209,12.913,,200.000,207872,
2.738213,RETX,210,12.913,,200.000,207872,
2.738662,RETX,211,12.913,,200.000,207872,
2.738846,RETX,212,12.913,,200.000,207872,
2.739028,RETX,213,12.913,,200.000,207872,
2.739317,RETX,214,12.913,,200.000,207872,
2.739619,NAK,203,12.913,,,207872,
2.739669,DUPACK,203,12.913,,,207872,
2.739697,NAK,203,12.913,,,207872,
2.739724,DUPACK,203,12.913,,,207872,
2.739749,NAK,203,12.913,,,207872,
2.739774,DUPACK,203,12.913,,,207872,
2.739799,NAK,203,12.913,,,207872,
2.739825,DUPACK,203,12.913,,,207872,
2.739893,NAK,203,12.913,,,207872,
2.740068,DUPACK,203,12.913,,,207872,
2.740100,NAK,203,12.913,,,207872,
2.740128,DUPACK,203,12.913,,,207872,
2.740213,NAK,203,12.913,,,207872,
2.740375,DUPACK,203,12.913,,,207872,
2.740484,NAK,203,12.913,,,207872,
2.740564,DUPACK,203,12.913,,,207872,
2.740707,NAK,203,12.913,,,207872,
2.740754,DUPACK,203,12.913,,,207872,
2.764455,STATS,-1,12.913,,200.000,207872,base=203 next=215
2.785212,ACK,204,12.991,,,208896,"cum ack, base->204"
2.787967,SEND,215,12.991,,200.000,208896,
2.788103,ACK,205,13.067,,,209920,"cum ack, base->205"
2.788164,ACK,206,13.144,,,210944,"cum ack, base->206"
2.788201,ACK,207,13.220,,,211968,"cum ack, base->207"
2.788231,NAK,207,13.220,,,211968,
2.788243,FASTRETX,207,13.220,,200.000,211968,nak
2.788273,DUPACK,207,13.220,,,211968,
2.788300,NAK,207,13.220,,,211968,
2.788326,DUPACK,207,13.220,,,211968,
2.788351,NAK,207,13.220,,,211968,
2.788376,DUPACK,207,13.220,,,211968,
2.789397,NAK,207,13.220,,,211968,
2.789438,DUPACK,207,13.220,,,211968,
2.789465,NAK,207,13.220,,,211968,
2.789493,DUPACK,207,13.220,,,211968,
2.789517,NAK,207,13.220,,,211968,
2.789543,DUPACK,207,13.220,,,211968,
2.789569,NAK,207,13.220,,,211968,
2.790781,RETX,207,13.220,,200.000,211968,
2.791019,RETX,208,13.220,,200.000,211968,
2.791246,RETX,209,13.220,,200.000,211968,
2.791468,RETX,210,13.220,,200.000,211968,
2.791693,RETX,211,13.220,,200.000,211968,
2.791917,RETX,212,13.220,,200.000,211968,
2.792143,RETX,213,13.220,,200.000,211968,
2.792368,RETX,214,13.220,,200.000,211968,
2.792593,RETX,215,13.220,,200.000,211968,
2.792815,SEND,216,13.220,,200.000,211968,
2.793041,SEND,217,13.220,,200.000,211968,
2.793266,SEND,218,13.220,,200.000,211968,
2.793499,SEND,219,13.220,,200.000,211968,
2.842637,NAK,207,13.220,,,211968,
2.842702,DUPACK,207,13.220,,,211968,
2.842754,ACK,208,13.296,,,212992,"cum ack, base->208"
2.842789,ACK,209,13.371,,,214016,"cum ack, base->209"
2.842844,ACK,210,13.446,,,215040,"cum ack, base->210"
2.842894,NAK,210,13.446,,,215040,
2.842942,FASTRETX,210,13.446,,200.000,215040,nak
2.842991,DUPACK,210,13.446,,,215040,
2.843046,NAK,210,13.446,,,215040,
2.843117,DUPACK,210,13.446,,,215040,
2.843143,NAK,210,13.446,,,215040,
2.843169,DUPACK,210,13.446,,,215040,
2.843193,NAK,210,13.446,,,215040,
2.843218,DUPACK,210,13.446,,,215040,
2.843242,NAK,210,13.446,,,215040,
2.843266,DUPACK,210,13.446,,,215040,
2.843290,NAK,210,13.446,,,215040,
2.844052,RETX,210,13.446,,200.000,215040,
2.844239,RETX,211,13.446,,200.000,215040,
2.844444,RETX,212,13.446,,200.000,215040,
2.844622,RETX,213,13.446,,200.000,215040,
2.844790,RETX,214,13.446,,200.000,215040,
2.845043,RETX,215,13.446,,200.000,215040,
2.845222,RETX,216,13.446,,200.000,215040,
2.845390,RETX,217,13.446,,200.000,215040,
2.845588,RETX,218,13.446,,200.000,215040,
2.845769,RETX,219,13.446,,200.000,215040,
2.845941,SEND,220,13.446,,200.000,215040,
2.846127,SEND,221,13.446,,200.000,215040,
2.846297,SEND,222,13.446,,200.000,215040,
2.846436,DUPACK,210,13.446,,,215040,
2.846492,NAK,210,13.446,,,215040,
2.846525,DUPACK,210,13.446,,,215040,
2.846574,NAK,210,13.446,,,215040,
2.866116,STATS,-1,13.446,,200.000,215040,base=210 next=223
2.889561,ACK,211,13.520,,,216064,"cum ack, base->211"
2.889663,ACK,212,13.594,,,217088,"cum ack, base->212"
2.889723,ACK,213,13.668,,,218112,"cum ack, base->213"
2.891529,SEND,223,13.668,,200.000,218112,
2.891786,SEND,224,13.668,,200.000,218112,
2.891968,SEND,225,13.668,,200.000,218112,
2.893949,ACK,214,13.741,,,219136,"cum ack, base->214"
2.894749,SEND,226,13.741,,200.000,219136,
2.897286,ACK,215,13.814,,,220160,"cum ack, base->215"
2.897426,ACK,216,13.886,,,221184,"cum ack, base->216"
2.897812,SEND,227,13.886,,200.000,221184,
2.898022,SEND,228,13.886,,200.000,221184,
2.898118,ACK,217,13.958,,,222208,"cum ack, base->217"
2.898172,ACK,218,14.030,,,223232,"cum ack, base->218"
2.898212,ACK,219,14.101,,,224256,"cum ack, base->219"
2.898251,ACK,220,14.172,,,225280,"cum ack, base->220"
2.898288,ACK,221,14.242,,,226304,"cum ack, base->221"
2.898326,ACK,222,14.313,,,227328,"cum ack, base->222"
2.898362,ACK,223,14.382,,,228352,"cum ack, base->223"
2.902128,SEND,229,14.382,,200.000,228352,
2.902396,SEND,230,14.382,,200.000,228352,
2.902647,SEND,231,14.382,,200.000,228352,
2.903006,SEND,232,14.382,,200.000,228352,
2.903213,SEND,233,14.382,,200.000,228352,
2.903490,SEND,234,14.382,,200.000,228352,
2.903705,SEND,235,14.382,,200.000,228352,
2.903909,SEND,236,14.382,,200.000,228352,
2.938715,ACK,224,14.452,,,229376,"cum ack, base->224"
2.938762,ACK,225,14.521,,,230400,"cum ack, base->225"
2.938789,ACK,226,14.590,,,231424,"cum ack, base->226"
2.939632,SEND,237,14.590,,200.000,231424,
2.939831,SEND,238,14.590,,200.000,231424,
2.940011,SEND,239,14.590,,200.000,231424,
2.946064,ACK,227,14.659,,,232448,"cum ack, base->227"
2.946101,ACK,228,14.727,,,233472,"cum ack, base->228"
2.947053,ACK,229,14.795,,,234496,"cum ack, base->229"
2.947101,ACK,231,14.930,,,236544,"cum ack, base->231"
2.947133,ACK,232,14.997,,,237568,"cum ack, base->232"
2.947154,ACK,233,15.063,,,238592,"cum ack, base->233"
2.947727,SEND,240,15.063,,200.000,238592,
2.947877,SEND,241,15.063,,200.000,238592,
2.948022,SEND,242,15.063,,200.000,238592,
2.948167,SEND,243,15.063,,200.000,238592,
2.948312,SEND,244,15.063,,200.000,238592,
2.948540,SEND,245,15.063,,200.000,238592,
2.948730,SEND,246,15.063,,200.000,238592,
2.948885,SEND,247,15.063,,200.000,238592,
2.948944,ACK,234,15.130,,,239616,"cum ack, base->234"
2.951569,SEND,248,15.130,,200.000,239616,
2.956964,ACK,236,15.262,,,241664,"cum ack, base->236"
2.956989,ACK,237,15.327,,,242688,"cum ack, base->237"
2.959265,SEND,249,15.327,,200.000,242688,
2.959413,SEND,250,15.327,,200.000,242688,
2.959558,SEND,251,15.327,,200.000,242688,
2.967105,STATS,-1,15.327,,200.000,242688,base=237 next=252
2.991781,ACK,238,15.392,,,243712,"cum ack, base->238"
2.991825,ACK,239,15.457,,,244736,"cum ack, base->239"
2.991854,ACK,240,15.522,,,245760,"cum ack, base->240"
2.992075,SEND,252,15.522,,200.000,245760,
2.992255,SEND,253,15.522,,200.000,245760,
2.992432,SEND,254,15.522,,200.000,245760,
2.994162,ACK,241,15.586,,,246784,"cum ack, base->241"
2.995135,SEND,255,15.586,,200.000,246784,
2.997799,ACK,242,15.651,,,247808,"cum ack, base->242"
2.997830,ACK,243,15.714,,,248832,"cum ack, base->243"
2.997855,ACK,244,15.778,,,249856,"cum ack, base->244"
2.997879,ACK,245,15.841,,,250880,"cum ack, base->245"
2.997902,ACK,246,15.905,,,251904,"cum ack, base->246"
2.997926,ACK,247,15.967,,,252928,"cum ack, base->247"
2.997949,ACK,248,16.030,,,253952,"cum ack, base->248"
3.000011,SEND,256,16.030,,200.000,253952,
3.000226,SEND,257,16.030,,200.000,253952,
3.000454,SEND,258,16.030,,200.000,253952,
3.000679,SEND,259,16.030,,200.000,253952,
3.001012,SEND,260,16.030,,200.000,253952,
3.001247,SEND,261,16.030,,200.000,253952,
3.001471,SEND,262,16.030,,200.000,253952,
3.001698,SEND,263,16.030,,200.000,253952,
3.001729,ACK,249,16.092,,,254976,"cum ack, base->249"
3.004465,SEND,264,16.092,,200.000,254976,
3.004664,ACK,250,16.155,,,256000,"cum ack, base->250"
3.007225,SEND,265,16.155,,200.000,256000,
3.008117,ACK,251,16.217,,,257024,"cum ack, base->251"
3.008158,ACK,252,16.278,,,258048,"cum ack, base->252"
3.009985,SEND,266,16.278,,200.000,258048,
3.010211,SEND,267,16.278,,200.000,258048,
3.032958,ACK,253,16.340,,,259072,"cum ack, base->253"
3.033032,ACK,254,16.401,,,260096,"cum ack, base->254"
3.033073,ACK,255,16.462,,,261120,"cum ack, base->255"
3.035510,SEND,268,16.462,,200.000,261120,
3.036174,SEND,269,16.462,,200.000,261120,
3.036423,SEND,270,16.462,,200.000,261120,
3.038056,ACK,256,16.523,,,262144,"cum ack, base->256"
3.039197,SEND,271,16.523,,200.000,262144,
3.044153,ACK,257,16.583,,,263168,"cum ack, base->257"
3.044247,ACK,258,16.643,,,264192,"cum ack, base->258"
3.046445,SEND,272,16.643,,200.000,264192,
3.046686,SEND,273,16.643,,200.000,264192,
3.047578,ACK,259,16.703,,,265216,"cum ack, base->259"
3.047668,ACK,260,16.763,,,266240,"cum ack, base->260"
3.047706,ACK,261,16.823,,,267264,"cum ack, base->261"
3.047739,ACK,262,16.882,,,268288,"cum ack, base->262"
3.047771,ACK,263,16.942,,,269312,"cum ack, base->263"
3.049546,SEND,274,16.942,,200.000,269312,
3.049827,SEND,275,16.942,,200.000,269312,
3.050118,SEND,276,16.942,,200.000,269312,
3.050291,SEND,277,16.942,,200.000,269312,
3.050459,SEND,278,16.942,,200.000,269312,
3.050905,ACK,264,17.001,,,270336,"cum ack, base->264"
3.050992,ACK,265,17.059,,,271360,"cum ack, base->265"
3.053295,SEND,279,17.059,,200.000,271360,
3.053515,SEND,280,17.059,,200.000,271360,
3.053738,SEND,281,17.059,,200.000,271360,
3.053857,ACK,266,17.118,,,272384,"cum ack, base->266"
3.056392,SEND,282,17.118,,200.000,272384,
3.068708,STATS,-1,17.118,,200.000,272384,base=266 next=283
3.076590,NAK,267,17.118,,,272384,
3.076617,FASTRETX,266,15.216,,200.000,272384,nak
3.079201,RETX,266,15.216,,200.000,272384,
3.079436,RETX,267,15.216,,200.000,272384,
3.079852,RETX,268,15.216,,200.000,272384,
3.080060,RETX,269,15.216,,200.000,272384,
3.080238,RETX,270,15.216,,200.000,272384,
3.080406,RETX,271,15.216,,200.000,272384,
3.080645,RETX,272,15.216,,200.000,272384,
3.080892,RETX,273,15.216,,200.000,272384,
3.081143,RETX,274,15.216,,200.000,272384,
3.081322,RETX,275,15.216,,200.000,272384,
3.081501,RETX,276,15.216,,200.000,272384,
3.081732,RETX,277,15.216,,200.000,272384,
3.081917,RETX,278,15.216,,200.000,272384,
3.082145,RETX,279,15.216,,200.000,272384,
3.082338,RETX,280,15.216,,200.000,272384,
3.082548,ACK,267,15.282,,,273408,"cum ack, base->267"
3.082678,NAK,267,15.282,,,273408,
3.082689,FASTRETX,267,15.282,,200.000,273408,nak
3.082723,DUPACK,267,15.282,,,273408,
3.082865,NAK,267,15.282,,,273408,
3.082965,DUPACK,267,15.282,,,273408,
3.086515,RETX,267,15.282,,200.000,273408,
3.086704,RETX,268,15.282,,200.000,273408,
3.087017,RETX,269,15.282,,200.000,273408,
3.087253,RETX,270,15.282,,200.000,273408,
3.087478,RETX,271,15.282,,200.000,273408,
3.087703,RETX,272,15.282,,200.000,273408,
3.087928,RETX,273,15.282,,200.000,273408,
3.088155,RETX,274,15.282,,200.000,273408,
3.088380,RETX,275,15.282,,200.000,273408,
3.088604,RETX,276,15.282,,200.000,273408,
3.088819,RETX,277,15.282,,200.000,273408,
3.088995,RETX,278,15.282,,200.000,273408,
3.089173,RETX,279,15.282,,200.000,273408,
3.089348,RETX,280,15.282,,200.000,273408,
3.089524,RETX,281,15.282,,200.000,273408,
3.089586,NAK,267,15.282,,,273408,
3.089618,DUPACK,267,15.282,,,273408,
3.090560,NAK,267,15.282,,,273408,
3.090591,DUPACK,267,15.282,,,273408,
3.090614,NAK,267,15.282,,,273408,
3.090636,DUPACK,267,15.282,,,273408,
3.090657,NAK,267,15.282,,,273408,
3.093896,DUPACK,267,15.282,,,273408,
3.093921,NAK,267,15.282,,,273408,
3.096071,DUPACK,267,15.282,,,273408,
3.096093,NAK,267,15.282,,,273408,
3.099098,DUPACK,267,15.282,,,273408,
3.099127,NAK,267,15.282,,,273408,
3.099157,DUPACK,267,15.282,,,273408,
3.099182,NAK,267,15.282,,,273408,
3.099207,DUPACK,267,15.282,,,273408,
3.099231,NAK,267,15.282,,,273408,
3.104623,DUPACK,267,15.282,,,273408,
3.104678,NAK,267,15.282,,,273408,
3.104705,DUPACK,267,15.282,,,273408,
3.104729,NAK,267,15.282,,,273408,
3.108872,DUPACK,267,15.282,,,273408,
3.109797,NAK,267,15.282,,,273408,
3.109955,DUPACK,267,15.282,,,273408,
3.120532,DUPACK,267,15.282,,,273408,
3.120576,ACK,268,15.347,,,274432,"cum ack, base->268"
3.122646,RETX,282,15.347,,200.000,274432,
3.129591,ACK,269,15.412,,,275456,"cum ack, base->269"
3.129659,ACK,270,15.477,,,276480,"cum ack, base->270"
3.129699,ACK,271,15.542,,,277504,"cum ack, base->271"
3.129731,ACK,272,15.606,,,278528,"cum ack, base->272"
3.130547,SEND,283,15.606,,200.000,278528,
3.130730,SEND,284,15.606,,200.000,278528,
3.130929,SEND,285,15.606,,200.000,278528,
3.131130,SEND,286,15.606,,200.000,278528,
3.134352,ACK,273,15.670,,,279552,"cum ack, base->273"
3.134499,ACK,274,15.734,,,280576,"cum ack, base->274"
3.134541,ACK,275,15.798,,,281600,"cum ack, base->275"
3.134579,ACK,276,15.861,,,282624,"cum ack, base->276"
3.134615,ACK,277,15.924,,,283648,"cum ack, base->277"
3.134653,ACK,278,15.987,,,284672,"cum ack, base->278"
3.134689,ACK,279,16.049,,,285696,"cum ack, base->279"
3.134730,ACK,280,16.112,,,286720,"cum ack, base->280"
3.134766,ACK,281,16.174,,,287744,"cum ack, base->281"
3.136562,SEND,287,16.174,,200.000,287744,
3.136754,SEND,288,16.174,,200.000,287744,
3.136923,SEND,289,16.174,,200.000,287744,
3.137090,SEND,290,16.174,,200.000,287744,
3.137520,SEND,291,16.174,,200.000,287744,
3.137738,SEND,292,16.174,,200.000,287744,
3.137948,SEND,293,16.174,,200.000,287744,
3.138220,SEND,294,16.174,,200.000,287744,
3.138395,SEND,295,16.174,,200.000,287744,
3.138563,SEND,296,16.174,,200.000,287744,
3.138667,DUPACK,281,16.174,,,287744,
3.138714,DUPACK,281,16.174,,,287744,
3.138747,DUPACK,281,16.174,,,287744,
3.138772,DUPACK,281,16.174,,,287744,
3.138800,DUPACK,281,16.174,,,287744,
3.138824,DUPACK,281,16.174,,,287744,
3.138852,DUPACK,281,16.174,,,287744,
3.138876,DUPACK,281,16.174,,,287744,
3.138904,DUPACK,281,16.174,,,287744,
3.139316,DUPACK,281,16.174,,,287744,
3.139367,DUPACK,281,16.174,,,287744,
3.139396,DUPACK,281,16.174,,,287744,
3.139421,DUPACK,281,16.174,,,287744,
3.139463,ACK,282,16.236,,,288768,"cum ack, base->282"
3.141366,SEND,297,16.236,,200.000,288768,
3.168825,ACK,284,16.359,,,290816,"cum ack, base->284"
3.170999,ACK,285,16.420,,,291840,"cum ack, base->285"
3.171450,SEND,298,16.420,,200.000,291840,
3.171628,SEND,299,16.420,,200.000,291840,
3.171840,SEND,300,16.420,,200.000,291840,
3.171853,STATS,-1,16.420,,200.000,291840,base=285 next=301
3.176736,ACK,286,16.481,,,292864,"cum ack, base->286"
3.176798,ACK,287,16.541,,,293888,"cum ack, base->287"
3.176833,ACK,288,16.602,,,294912,"cum ack, base->288"
3.177141,SEND,301,16.602,,200.000,294912,
3.177317,SEND,302,16.602,,200.000,294912,
3.177541,SEND,303,16.602,,200.000,294912,
3.185303,ACK,289,16.662,,,295936,"cum ack, base->289"
3.188022,SEND,304,16.662,,200.000,295936,
3.190375,ACK,291,16.782,,,297984,"cum ack, base->291"
3.190450,ACK,292,16.841,,,299008,"cum ack, base->292"
3.190678,SEND,305,16.841,,200.000,299008,
3.190941,SEND,306,16.841,,200.000,299008,
3.191126,SEND,307,16.841,,200.000,299008,
3.191233,ACK,293,16.901,,,300032,"cum ack, base->293"
3.191399,ACK,294,16.960,,,301056,"cum ack, base->294"
3.191449,ACK,295,17.019,,,302080,"cum ack, base->295"
3.191483,ACK,296,17.078,,,303104,"cum ack, base->296"
3.191520,ACK,297,17.136,,,304128,"cum ack, base->297"
3.191555,ACK,298,17.195,,,305152,"cum ack, base->298"
3.193524,SEND,308,17.195,,200.000,305152,
3.193737,SEND,309,17.195,,200.000,305152,
3.193914,SEND,310,17.195,,200.000,305152,
3.194085,SEND,311,17.195,,200.000,305152,
3.194263,SEND,312,17.195,,200.000,305152,
3.194434,SEND,313,17.195,,200.000,305152,
3.194618,SEND,314,17.195,,200.000,305152,
3.219554,ACK,299,17.253,,,306176,"cum ack, base->299"
3.219663,ACK,300,17.311,,,307200,"cum ack, base->300"
3.219895,ACK,301,17.368,,,308224,"cum ack, base->301"
3.221703,ACK,302,17.426,,,309248,"cum ack, base->302"
3.221756,ACK,303,17.483,,,310272,"cum ack, base->303"
3.221790,ACK,304,17.541,,,311296,"cum ack, base->304"
3.222226,SEND,315,17.541,,200.000,311296,
3.222403,SEND,316,17.541,,200.000,311296,
3.222571,SEND,317,17.541,,200.000,311296,
3.222751,SEND,318,17.541,,200.000,311296,
3.222919,SEND,319,17.541,,200.000,311296,
3.223088,SEND,320,17.541,,200.000,311296,
3.236372,ACK,305,17.598,,,312320,"cum ack, base->305"
3.236816,SEND,321,17.598,,200.000,312320,
3.237068,ACK,306,17.654,,,313344,"cum ack, base->306"
3.239766,SEND,322,17.654,,200.000,313344,
3.244394,ACK,307,17.711,,,314368,"cum ack, base->307"
3.244441,ACK,308,17.768,,,315392,"cum ack, base->308"
3.244582,ACK,309,17.824,,,316416,"cum ack, base->309"
3.244730,ACK,310,17.880,,,317440,"cum ack, base->310"
3.244766,ACK,312,17.992,,,319488,"cum ack, base->312"
3.245392,SEND,323,17.992,,200.000,319488,
3.245580,SEND,324,17.992,,200.000,319488,
3.245750,SEND,325,17.992,,200.000,319488,
3.245916,SEND,326,17.992,,200.000,319488,
3.246084,SEND,327,17.992,,200.000,319488,
3.246250,SEND,328,17.992,,200.000,319488,
3.246379,ACK,314,18.103,,,321536,"cum ack, base->314"
3.246431,ACK,315,18.158,,,322560,"cum ack, base->315"
3.249059,SEND,329,18.158,,200.000,322560,
3.249446,SEND,330,18.158,,200.000,322560,
3.249637,SEND,331,18.158,,200.000,322560,
3.249804,SEND,332,18.158,,200.000,322560,
3.266232,ACK,316,18.213,,,323584,"cum ack, base->316"
3.266380,ACK,317,18.268,,,324608,"cum ack, base->317"
3.267188,SEND,333,18.268,,200.000,324608,
3.267373,SEND,334,18.268,,200.000,324608,
3.268651,ACK,318,18.323,,,325632,"cum ack, base->318"
3.268715,ACK,319,18.377,,,326656,"cum ack, base->319"
3.269754,SEND,335,18.377,,200.000,326656,
3.269994,SEND,336,18.377,,200.000,326656,
3.270103,ACK,320,18.432,,,327680,"cum ack, base->320"
3.272925,SEND,337,18.432,,200.000,327680,
3.272948,STATS,-1,18.432,,200.000,327680,base=320 next=338
3.278133,ACK,322,18.540,,,329728,"cum ack, base->322"
3.278198,ACK,323,18.594,,,330752,"cum ack, base->323"
3.278236,ACK,324,18.648,,,331776,"cum ack, base->324"
3.278668,SEND,338,18.648,,200.000,331776,
3.278920,SEND,339,18.648,,200.000,331776,
3.279108,SEND,340,18.648,,200.000,331776,
3.279280,SEND,341,18.648,,200.000,331776,
3.279453,ACK,325,18.701,,,332800,"cum ack, base->325"
3.282110,SEND,342,18.701,,200.000,332800,
3.295871,ACK,326,18.755,,,333824,"cum ack, base->326"
3.295959,ACK,327,18.808,,,334848,"cum ack, base->327"
3.296017,ACK,328,18.861,,,335872,"cum ack, base->328"
3.296056,ACK,329,18.914,,,336896,"cum ack, base->329"
3.296115,ACK,330,18.967,,,337920,"cum ack, base->330"
3.296164,ACK,331,19.020,,,338944,"cum ack, base->331"
3.296204,ACK,332,19.072,,,339968,"cum ack, base->332"
3.297469,SEND,343,19.072,,200.000,339968,
3.297680,SEND,344,19.072,,200.000,339968,
3.297852,SEND,345,19.072,,200.000,339968,
3.298020,SEND,346,19.072,,200.000,339968,
3.298189,SEND,347,19.072,,200.000,339968,
3.298356,SEND,348,19.072,,200.000,339968,
3.298524,SEND,349,19.072,,200.000,339968,
3.298693,SEND,350,19.072,,200.000,339968,
3.298888,ACK,333,19.125,,,340992,"cum ack, base->333"
3.301424,SEND,351,19.125,,200.000,340992,
3.308298,ACK,334,19.177,,,342016,"cum ack, base->334"
3.308656,SEND,352,19.177,,200.000,342016,
3.311075,ACK,335,19.229,,,343040,"cum ack, base->335"
3.311141,ACK,336,19.281,,,344064,"cum ack, base->336"
3.313810,SEND,353,19.281,,200.000,344064,
3.314030,SEND,354,19.281,,200.000,344064,
3.322048,ACK,337,19.333,,,345088,"cum ack, base->337"
3.322243,ACK,338,19.385,,,346112,"cum ack, base->338"
3.322301,ACK,339,19.436,,,347136,"cum ack, base->339"
3.324427,SEND,355,19.436,,200.000,347136,
3.324606,SEND,356,19.436,,200.000,347136,
3.324774,SEND,357,19.436,,200.000,347136,
3.327692,ACK,340,19.488,,,348160,"cum ack, base->340"
3.327735,ACK,341,19.539,,,349184,"cum ack, base->341"
3.330082,SEND,358,19.539,,200.000,349184,
3.330315,SEND,359,19.539,,200.000,349184,
3.342353,ACK,344,19.692,,,352256,"cum ack, base->344"
3.342449,ACK,345,19.743,,,353280,"cum ack, base->345"
3.344126,SEND,360,19.743,,200.000,353280,
3.344315,SEND,361,19.743,,200.000,353280,
3.344484,SEND,362,19.743,,200.000,353280,
3.344658,SEND,363,19.743,,200.000,353280,
3.345407,ACK,346,19.794,,,354304,"cum ack, base->346"
3.347442,SEND,364,19.794,,200.000,354304,
3.349920,ACK,347,19.844,,,355328,"cum ack, base->347"
3.349990,ACK,348,19.895,,,356352,"cum ack, base->348"
3.350333,SEND,365,19.895,,200.000,356352,
3.350716,SEND,366,19.895,,200.000,356352,
3.351385,ACK,349,19.945,,,357376,"cum ack, base->349"
3.351458,ACK,350,19.995,,,358400,"cum ack, base->350"
3.351499,ACK,351,20.045,,,359424,"cum ack, base->351"
3.351534,NAK,351,20.045,,,359424,
3.351552,FASTRETX,351,17.818,,200.000,359424,nak
3.353790,RETX,351,17.818,,200.000,359424,
3.354071,RETX,352,17.818,,200.000,359424,
3.354379,RETX,353,17.818,,200.000,359424,
3.354663,RETX,354,17.818,,200.000,359424,
3.354868,RETX,355,17.818,,200.000,359424,
3.355186,RETX,356,17.818,,200.000,359424,
3.355361,RETX,357,17.818,,200.000,359424,
3.355580,RETX,358,17.818,,200.000,359424,
3.355889,RETX,359,17.818,,200.000,359424,
3.356120,RETX,360,17.818,,200.000,359424,
3.356351,RETX,361,17.818,,200.000,359424,
3.356583,RETX,362,17.818,,200.000,359424,
3.356809,RETX,363,17.818,,200.000,359424,
3.357036,RETX,364,17.818,,200.000,359424,
3.357263,RETX,365,17.818,,200.000,359424,
3.357488,RETX,366,17.818,,200.000,359424,
3.357713,SEND,367,17.818,,200.000,359424,
3.357804,DUPACK,351,17.818,,,359424,
3.357841,NAK,351,17.818,,,359424,
3.357875,DUPACK,351,17.818,,,359424,
3.357904,NAK,351,17.818,,,359424,
3.357932,DUPACK,351,17.818,,,359424,
3.368291,NAK,351,17.818,,,359424,
3.368363,DUPACK,351,17.818,,,359424,
3.368395,NAK,351,17.818,,,359424,
3.368498,DUPACK,351,17.818,,,359424,
3.368538,NAK,351,17.818,,,359424,
3.368569,DUPACK,351,17.818,,,359424,
3.375444,STATS,-1,17.818,,200.000,359424,base=351 next=368
3.377660,NAK,351,17.818,,,359424,
3.377697,DUPACK,351,17.818,,,359424,
3.384618,NAK,351,17.818,,,359424,
3.384670,DUPACK,351,17.818,,,359424,
3.392625,NAK,351,17.818,,,359424,
3.392655,DUPACK,351,17.818,,,359424,
3.392676,NAK,351,17.818,,,359424,
3.392697,DUPACK,351,17.818,,,359424,
3.393173,NAK,351,17.818,,,359424,
3.393202,DUPACK,351,17.818,,,359424,
3.393223,NAK,351,17.818,,,359424,
3.393243,DUPACK,351,17.818,,,359424,
3.393809,NAK,351,17.818,,,359424,
3.393838,DUPACK,351,17.818,,,359424,
3.393863,NAK,351,17.818,,,359424,
3.393889,DUPACK,351,17.818,,,359424,
3.395570,ACK,352,17.874,,,360448,"cum ack, base->352"
3.395607,ACK,353,17.930,,,361472,"cum ack, base->353"
3.395633,NAK,353,17.930,,,361472,
3.395642,FASTRETX,353,17.930,,200.000,361472,nak
3.395669,DUPACK,353,17.930,,,361472,
3.397768,RETX,353,17.930,,200.000,361472,
3.398002,RETX,354,17.930,,200.000,361472,
3.398229,RETX,355,17.930,,200.000,361472,
3.398455,RETX,356,17.930,,200.000,361472,
3.398679,RETX,357,17.930,,200.000,361472,
3.398903,RETX,358,17.930,,200.000,361472,
3.399127,RETX,359,17.930,,200.000,361472,
3.399351,RETX,360,17.930,,200.000,361472,
3.399574,RETX,361,17.930,,200.000,361472,
3.399797,RETX,362,17.930,,200.000,361472,
3.400021,RETX,363,17.930,,200.000,361472,
3.400246,RETX,364,17.930,,200.000,361472,
3.400472,RETX,365,17.930,,200.000,361472,
3.400696,RETX,366,17.930,,200.000,361472,
3.400921,RETX,367,17.930,,200.000,361472,
3.401146,SEND,368,17.930,,200.000,361472,
3.401356,SEND,369,17.930,,200.000,361472,
3.405080,NAK,353,17.930,,,361472,
3.406941,DUPACK,353,17.930,,,361472,
3.409259,NAK,353,17.930,,,361472,
3.409291,DUPACK,353,17.930,,,361472,
3.409316,NAK,353,17.930,,,361472,
3.409342,DUPACK,353,17.930,,,361472,
3.409366,NAK,353,17.930,,,361472,
3.409392,DUPACK,353,17.930,,,361472,
3.409416,NAK,353,17.930,,,361472,
3.409441,NAK,353,17.930,,,361472,
3.409471,DUPACK,353,17.930,,,361472,
3.409495,NAK,353,17.930,,,361472,
3.409521,DUPACK,353,17.930,,,361472,
3.409545,NAK,353,17.930,,,361472,
3.409570,DUPACK,353,17.930,,,361472,
3.410611,NAK,353,17.930,,,361472,
3.410640,DUPACK,353,17.930,,,361472,
3.410664,NAK,353,17.930,,,361472,
3.411776,DUPACK,353,17.930,,,361472,
3.411804,NAK,353,17.930,,,361472,
3.411832,DUPACK,353,17.930,,,361472,
3.413313,NAK,353,17.930,,,361472,
3.413343,DUPACK,353,17.930,,,361472,
3.413368,NAK,353,17.930,,,361472,
3.413394,DUPACK,353,17.930,,,361472,
3.437291,ACK,354,17.986,,,362496,"cum ack, base->354"
3.439718,SEND,370,17.986,,200.000,362496,
3.448397,ACK,355,18.041,,,363520,"cum ack, base->355"
3.448498,ACK,356,18.097,,,364544,"cum ack, base->356"
3.448542,ACK,357,18.152,,,365568,"cum ack, base->357"
3.448582,ACK,358,18.207,,,366592,"cum ack, base->358"
3.448619,ACK,359,18.262,,,367616,"cum ack, base->359"
3.448655,ACK,360,18.317,,,368640,"cum ack, base->360"
3.448693,ACK,362,18.426,,,370688,"cum ack, base->362"
3.450267,SEND,371,18.426,,200.000,370688,
3.450460,SEND,372,18.426,,200.000,370688,
3.450630,SEND,373,18.426,,200.000,370688,
3.450798,SEND,374,18.426,,200.000,370688,
3.450966,SEND,375,18.426,,200.000,370688,
3.451132,SEND,376,18.426,,200.000,370688,
3.451300,SEND,377,18.426,,200.000,370688,
3.451470,SEND,378,18.426,,200.000,370688,
3.451637,SEND,379,18.426,,200.000,370688,
3.452552,NAK,362,18.426,,,370688,
3.452581,FASTRETX,362,18.426,,200.000,370688,nak
3.452623,DUPACK,362,18.426,,,370688,
3.452652,NAK,362,18.426,,,370688,
3.452679,NAK,362,18.426,,,370688,
3.452707,DUPACK,362,18.426,,,370688,
3.452934,NAK,362,18.426,,,370688,
3.452973,DUPACK,362,18.426,,,370688,
3.453002,NAK,362,18.426,,,370688,
3.453030,DUPACK,362,18.426,,,370688,
3.453056,NAK,362,18.426,,,370688,
3.453096,DUPACK,362,18.426,,,370688,
3.454435,RETX,362,18.426,,200.000,370688,
3.454678,RETX,363,18.426,,200.000,370688,
3.454856,RETX,364,18.426,,200.000,370688,
3.455028,RETX,365,18.426,,200.000,370688,
3.455243,RETX,366,18.426,,200.000,370688,
3.455437,RETX,367,18.426,,200.000,370688,
3.455621,RETX,368,18.426,,200.000,370688,
3.455790,RETX,369,18.426,,200.000,370688,
3.455960,RETX,370,18.426,,200.000,370688,
3.456138,RETX,371,18.426,,200.000,370688,
3.456308,RETX,372,18.426,,200.000,370688,
3.456474,RETX,373,18.426,,200.000,370688,
3.456641,RETX,374,18.426,,200.000,370688,
3.456808,RETX,375,18.426,,200.000,370688,
3.456977,RETX,376,18.426,,200.000,370688,
3.457203,RETX,377,18.426,,200.000,370688,
3.457389,RETX,378,18.426,,200.000,370688,
3.457557,RETX,379,18.426,,200.000,370688,
3.476731,NAK,362,18.426,,,370688,
3.477701,STATS,-1,18.426,,200.000,370688,base=362 next=380
3.486267,NAK,362,18.426,,,370688,
3.486302,DUPACK,362,18.426,,,370688,
3.492946,NAK,362,18.426,,,370688,
3.494765,DUPACK,362,18.426,,,370688,
3.494834,NAK,362,18.426,,,370688,
3.494870,DUPACK,362,18.426,,,370688,
3.497577,NAK,362,18.426,,,370688,
3.497638,DUPACK,362,18.426,,,370688,
3.503072,NAK,362,18.426,,,370688,
3.503134,DUPACK,362,18.426,,,370688,
3.503165,NAK,362,18.426,,,370688,
3.503246,DUPACK,362,18.426,,,370688,
3.503328,NAK,362,18.426,,,370688,
3.503365,DUPACK,362,18.426,,,370688,
3.503396,NAK,362,18.426,,,370688,
3.503783,DUPACK,362,18.426,,,370688,
3.503828,NAK,362,18.426,,,370688,
3.503860,DUPACK,362,18.426,,,370688,
3.503906,ACK,363,18.480,,,371712,"cum ack, base->363"
3.503934,NAK,363,18.480,,,371712,
3.503943,FASTRETX,363,18.480,,200.000,371712,nak
3.503970,DUPACK,363,18.480,,,371712,
3.503994,NAK,363,18.480,,,371712,
3.504019,DUPACK,363,18.480,,,371712,
3.504046,NAK,363,18.480,,,371712,
3.504070,DUPACK,363,18.480,,,371712,
3.504094,NAK,363,18.480,,,371712,
3.504120,DUPACK,363,18.480,,,371712,
3.504144,NAK,363,18.480,,,371712,
3.504168,DUPACK,363,18.480,,,371712,
3.504192,NAK,363,18.480,,,371712,
3.504217,DUPACK,363,18.480,,,371712,
3.504240,NAK,363,18.480,,,371712,
3.504265,DUPACK,363,18.480,,,371712,
3.505472,RETX,363,18.480,,200.000,371712,
3.505872,RETX,364,18.480,,200.000,371712,
3.506049,RETX,365,18.480,,200.000,371712,
3.506217,RETX,366,18.480,,200.000,371712,
3.506457,RETX,367,18.480,,200.000,371712,
3.506647,RETX,368,18.480,,200.000,371712,
3.506817,RETX,369,18.480,,200.000,371712,
3.506984,RETX,370,18.480,,200.000,371712,
3.507161,RETX,371,18.480,,200.000,371712,
3.507395,RETX,372,18.480,,200.000,371712,
3.507582,RETX,373,18.480,,200.000,371712,
3.507758,RETX,374,18.480,,200.000,371712,
3.507928,RETX,375,18.480,,200.000,371712,
3.508095,RETX,376,18.480,,200.000,371712,
3.508264,RETX,377,18.480,,200.000,371712,
3.508431,RETX,378,18.480,,200.000,371712,
3.508598,RETX,379,18.480,,200.000,371712,
3.508770,SEND,380,18.480,,200.000,371712,
3.508890,NAK,363,18.480,,,371712,
3.508937,DUPACK,363,18.480,,,371712,
3.508964,NAK,363,18.480,,,371712,
3.508991,DUPACK,363,18.480,,,371712,
3.509015,NAK,363,18.480,,,371712,
3.509041,DUPACK,363,18.480,,,371712,
3.509066,NAK,363,18.480,,,371712,
3.509091,DUPACK,363,18.480,,,371712,
3.509116,NAK,363,18.480,,,371712,
3.509141,DUPACK,363,18.480,,,371712,
3.509166,NAK,363,18.480,,,371712,
3.509191,DUPACK,363,18.480,,,371712,
3.509216,DUPACK,363,18.480,,,371712,
3.509240,NAK,363,18.480,,,371712,
3.509265,DUPACK,363,18.480,,,371712,
3.548754,ACK,364,18.534,,,372736,"cum ack, base->364"
3.548777,ACK,365,18.588,,,373760,"cum ack, base->365"
3.551235,SEND,381,18.588,,200.000,373760,
3.551308,SEND,382,18.588,,200.000,373760,
3.555980,ACK,366,18.642,,,374784,"cum ack, base->366"
3.556044,ACK,367,18.696,,,375808,"cum ack, base->367"
3.556082,ACK,368,18.749,,,376832,"cum ack, base->368"
3.556114,ACK,369,18.802,,,377856,"cum ack, base->369"
3.556145,ACK,370,18.856,,,378880,"cum ack, base->370"
3.556176,ACK,371,18.909,,,379904,"cum ack, base->371"
3.556207,ACK,372,18.962,,,380928,"cum ack, base->372"
3.556237,ACK,373,19.014,,,381952,"cum ack, base->373"
3.556267,ACK,374,19.067,,,382976,"cum ack, base->374"
3.556297,ACK,375,19.119,,,384000,"cum ack, base->375"
3.556327,ACK,376,19.172,,,385024,"cum ack, base->376"
3.556585,SEND,383,19.172,,200.000,385024,
3.556763,SEND,384,19.172,,200.000,385024,
3.556970,SEND,385,19.172,,200.000,385024,
3.557196,SEND,386,19.172,,200.000,385024,
3.557363,SEND,387,19.172,,200.000,385024,
3.557530,SEND,388,19.172,,200.000,385024,
3.557698,SEND,389,19.172,,200.000,385024,
3.557863,SEND,390,19.172,,200.000,385024,
3.558028,SEND,391,19.172,,200.000,385024,
3.558196,SEND,392,19.172,,200.000,385024,
3.558364,SEND,393,19.172,,200.000,385024,
3.558531,SEND,394,19.172,,200.000,385024,
3.558703,ACK,377,19.224,,,386048,"cum ack, base->377"
3.558761,ACK,378,19.276,,,387072,"cum ack, base->378"
3.560164,ACK,380,19.379,,,389120,"cum ack, base->380"
3.560178,ACK,381,19.431,,,390144,"cum ack, base->381"
3.561144,SEND,395,19.431,,200.000,390144,
3.561208,SEND,396,19.431,,200.000,390144,
3.561267,SEND,397,19.431,,200.000,390144,
3.561325,SEND,398,19.431,,200.000,390144,
3.561384,SEND,399,19.431,,200.000,390144,
3.579079,STATS,-1,19.431,,200.000,390144,base=381 next=400
3.600947,ACK,382,19.482,,,391168,"cum ack, base->382"
3.602120,SEND,400,19.482,,200.000,391168,
3.605363,ACK,383,19.534,,,392192,"cum ack, base->383"
3.605435,ACK,384,19.585,,,393216,"cum ack, base->384"
3.605473,ACK,385,19.636,,,394240,"cum ack, base->385"
3.605507,ACK,386,19.687,,,395264,"cum ack, base->386"
3.605542,ACK,387,19.738,,,396288,"cum ack, base->387"
3.605568,NAK,387,19.738,,,396288,
3.605584,FASTRETX,387,17.545,,200.000,396288,nak
3.605611,DUPACK,387,17.545,,,396288,
3.607352,RETX,387,17.545,,200.000,396288,
3.607585,RETX,388,17.545,,200.000,396288,
3.607766,RETX,389,17.545,,200.000,396288,
3.607973,RETX,390,17.545,,200.000,396288,
3.608145,RETX,391,17.545,,200.000,396288,
3.608313,RETX,392,17.545,,200.000,396288,
3.608476,RETX,393,17.545,,200.000,396288,
3.608643,RETX,394,17.545,,200.000,396288,
3.608810,RETX,395,17.545,,200.000,396288,
3.609016,RETX,396,17.545,,200.000,396288,
3.609196,RETX,397,17.545,,200.000,396288,
3.609444,RETX,398,17.545,,200.000,396288,
3.609616,RETX,399,17.545,,200.000,396288,
3.609783,RETX,400,17.545,,200.000,396288,
3.609994,SEND,401,17.545,,200.000,396288,
3.610165,SEND,402,17.545,,200.000,396288,
3.610333,SEND,403,17.545,,200.000,396288,
3.610437,NAK,387,17.545,,,396288,
3.610482,NAK,387,17.545,,,396288,
3.610510,DUPACK,387,17.545,,,396288,
3.610537,NAK,387,17.545,,,396288,
3.610596,DUPACK,387,17.545,,,396288,
3.610630,NAK,387,17.545,,,396288,
3.610659,DUPACK,387,17.545,,,396288,
3.610685,NAK,387,17.545,,,396288,
3.610712,DUPACK,387,17.545,,,396288,
3.610736,NAK,387,17.545,,,396288,
3.610762,DUPACK,387,17.545,,,396288,
3.610786,NAK,387,17.545,,,396288,
3.610811,DUPACK,387,17.545,,,396288,
3.613480,NAK,387,17.545,,,396288,
3.613543,DUPACK,387,17.545,,,396288,
3.613579,NAK,387,17.545,,,396288,
3.613669,DUPACK,387,17.545,,,396288,
3.613719,NAK,387,17.545,,,396288,
3.613755,DUPACK,387,17.545,,,396288,
3.640103,NAK,387,17.545,,,396288,
3.640155,DUPACK,387,17.545,,,396288,
3.654962,ACK,388,17.602,,,397312,"cum ack, base->388"
3.655484,SEND,404,17.602,,200.000,397312,
3.661641,ACK,389,17.658,,,398336,"cum ack, base->389"
3.661703,ACK,390,17.715,,,399360,"cum ack, base->390"
3.661746,ACK,391,17.772,,,400384,"cum ack, base->391"
3.661799,ACK,392,17.828,,,401408,"cum ack, base->392"
3.663015,SEND,405,17.828,,200.000,401408,
3.663220,SEND,406,17.828,,200.000,401408,
3.663435,SEND,407,17.828,,200.000,401408,
3.663685,SEND,408,17.828,,200.000,401408,
3.663833,ACK,393,17.884,,,402432,"cum ack, base->393"
3.663881,NAK,393,17.884,,,402432,
3.663940,FASTRETX,393,17.884,,200.000,402432,nak
3.663973,DUPACK,393,17.884,,,402432,
3.664047,NAK,393,17.884,,,402432,
3.664079,DUPACK,393,17.884,,,402432,
3.664140,NAK,393,17.884,,,402432,
3.664178,DUPACK,393,17.884,,,402432,
3.664203,NAK,393,17.884,,,402432,
3.664229,DUPACK,393,17.884,,,402432,
3.664349,NAK,393,17.884,,,402432,
3.664399,NAK,393,17.884,,,402432,
3.664741,DUPACK,393,17.884,,,402432,
3.664906,NAK,393,17.884,,,402432,
3.664971,DUPACK,393,17.884,,,402432,
3.665001,NAK,393,17.884,,,402432,
3.665030,DUPACK,393,17.884,,,402432,
3.665091,NAK,393,17.884,,,402432,
3.665129,DUPACK,393,17.884,,,402432,
3.665155,NAK,393,17.884,,,402432,
3.665181,DUPACK,393,17.884,,,402432,
3.666094,RETX,393,17.884,,200.000,402432,
3.666488,RETX,394,17.884,,200.000,402432,
3.666667,RETX,395,17.884,,200.000,402432,
3.667051,RETX,396,17.884,,200.000,402432,
3.667248,RETX,397,17.884,,200.000,402432,
3.667566,RETX,398,17.884,,200.000,402432,
3.667748,RETX,399,17.884,,200.000,402432,
3.668033,RETX,400,17.884,,200.000,402432,
3.668326,RETX,401,17.884,,200.000,402432,
3.668537,RETX,402,17.884,,200.000,402432,
3.668726,RETX,403,17.884,,200.000,402432,
3.669139,RETX,404,17.884,,200.000,402432,
3.669330,RETX,405,17.884,,200.000,402432,
3.669501,RETX,406,17.884,,200.000,402432,
3.669805,RETX,407,17.884,,200.000,402432,
3.670025,RETX,408,17.884,,200.000,402432,
3.670159,SEND,409,17.884,,200.000,402432,
3.680415,STATS,-1,17.884,,200.000,402432,base=393 next=410
3.715218,NAK,393,17.884,,,402432,
3.715310,DUPACK,393,17.884,,,402432,
3.715344,NAK,393,17.884,,,402432,
3.715380,DUPACK,393,17.884,,,402432,
3.715411,NAK,393,17.884,,,402432,
3.715479,DUPACK,393,17.884,,,402432,
3.715560,ACK,394,17.940,,,403456,"cum ack, base->394"
3.715602,ACK,395,17.996,,,404480,"cum ack, base->395"
3.717766,SEND,410,17.996,,200.000,404480,
3.717961,SEND,411,17.996,,200.000,404480,
3.718156,ACK,397,18.107,,,406528,"cum ack, base->397"
3.718214,ACK,398,18.162,,,407552,"cum ack, base->398"
3.718248,ACK,399,18.217,,,408576,"cum ack, base->399"
3.718287,ACK,400,18.272,,,409600,"cum ack, base->400"
3.719834,ACK,401,18.326,,,410624,"cum ack, base->401"
3.720054,ACK,402,18.381,,,411648,"cum ack, base->402"
3.720098,ACK,403,18.435,,,412672,"cum ack, base->403"
3.720139,ACK,404,18.490,,,413696,"cum ack, base->404"
3.720171,NAK,404,18.490,,,413696,
3.720191,FASTRETX,404,16.435,,200.000,413696,nak
3.720224,DUPACK,404,16.435,,,413696,
3.720254,NAK,404,16.435,,,413696,
3.720297,DUPACK,404,16.435,,,413696,
3.720328,NAK,404,16.435,,,413696,
3.720515,DUPACK,404,16.435,,,413696,
3.720787,RETX,404,16.435,,200.000,413696,
3.721045,RETX,405,16.435,,200.000,413696,
3.721254,RETX,406,16.435,,200.000,413696,
3.721460,RETX,407,16.435,,200.000,413696,
3.721666,RETX,408,16.435,,200.000,413696,
3.721866,RETX,409,16.435,,200.000,413696,
3.722039,RETX,410,16.435,,200.000,413696,
3.722342,RETX,411,16.435,,200.000,413696,
3.722519,SEND,412,16.435,,200.000,413696,
3.722689,SEND,413,16.435,,200.000,413696,
3.722863,SEND,414,16.435,,200.000,413696,
3.723136,SEND,415,16.435,,200.000,413696,
3.723324,SEND,416,16.435,,200.000,413696,
3.723502,SEND,417,16.435,,200.000,413696,
3.723670,SEND,418,16.435,,200.000,413696,
3.723845,SEND,419,16.435,,200.000,413696,
3.723988,NAK,404,16.435,,,413696,
3.724042,DUPACK,404,16.435,,,413696,
3.724069,NAK,404,16.435,,,413696,
3.724097,DUPACK,404,16.435,,,413696,
3.775406,NAK,404,16.435,,,413696,
3.775472,DUPACK,404,16.435,,,413696,
3.775501,NAK,404,16.435,,,413696,
3.775530,DUPACK,404,16.435,,,413696,
3.775575,ACK,405,16.496,,,414720,"cum ack, base->405"
3.775609,ACK,406,16.557,,,415744,"cum ack, base->406"
3.775640,ACK,407,16.617,,,416768,"cum ack, base->407"
3.775673,ACK,408,16.677,,,417792,"cum ack, base->408"
3.775704,ACK,409,16.737,,,418816,"cum ack, base->409"
3.775825,ACK,410,16.797,,,419840,"cum ack, base->410"
3.775871,ACK,411,16.857,,,420864,"cum ack, base->411"
3.775906,ACK,412,16.916,,,421888,"cum ack, base->412"
3.775933,NAK,412,16.916,,,421888,
3.775945,FASTRETX,412,15.036,,200.000,421888,nak
3.775972,NAK,412,15.036,,,421888,
3.775997,DUPACK,412,15.036,,,421888,
3.776022,NAK,412,15.036,,,421888,
3.776048,DUPACK,412,15.036,,,421888,
3.776072,NAK,412,15.036,,,421888,
3.776098,DUPACK,412,15.036,,,421888,
3.776122,NAK,412,15.036,,,421888,
3.776149,DUPACK,412,15.036,,,421888,
3.776494,RETX,412,15.036,,200.000,421888,
3.776672,RETX,413,15.036,,200.000,421888,
3.776843,RETX,414,15.036,,200.000,421888,
3.777019,RETX,415,15.036,,200.000,421888,
3.777188,RETX,416,15.036,,200.000,421888,
3.777357,RETX,417,15.036,,200.000,421888,
3.777526,RETX,418,15.036,,200.000,421888,
3.777692,RETX,419,15.036,,200.000,421888,
3.777882,SEND,420,15.036,,200.000,421888,
3.778091,SEND,421,15.036,,200.000,421888,
3.778392,SEND,422,15.036,,200.000,421888,
3.778684,SEND,423,15.036,,200.000,421888,
3.779058,SEND,424,15.036,,200.000,421888,
3.779413,SEND,425,15.036,,200.000,421888,
3.779635,SEND,426,15.036,,200.000,421888,
3.779794,NAK,412,15.036,,,421888,
3.779852,DUPACK,412,15.036,,,421888,
3.779872,NAK,412,15.036,,,421888,
3.779890,DUPACK,412,15.036,,,421888,
3.782124,STATS,-1,15.036,,200.000,421888,base=412 next=427
3.821035,ACK,413,15.103,,,422912,"cum ack, base->413"
3.821086,ACK,414,15.169,,,423936,"cum ack, base->414"
3.823546,SEND,427,15.169,,200.000,423936,
3.823740,SEND,428,15.169,,200.000,423936,
3.824294,ACK,415,15.235,,,424960,"cum ack, base->415"
3.824335,ACK,416,15.301,,,425984,"cum ack, base->416"
3.824363,ACK,417,15.366,,,427008,"cum ack, base->417"
3.824390,ACK,418,15.431,,,428032,"cum ack, base->418"
3.824415,ACK,419,15.496,,,429056,"cum ack, base->419"
3.824439,ACK,420,15.560,,,430080,"cum ack, base->420"
3.826452,SEND,429,15.560,,200.000,430080,
3.826634,SEND,430,15.560,,200.000,430080,
3.826811,SEND,431,15.560,,200.000,430080,
3.826988,SEND,432,15.560,,200.000,430080,
3.827162,SEND,433,15.560,,200.000,430080,
3.827341,SEND,434,15.560,,200.000,430080,
3.829215,ACK,421,15.625,,,431104,"cum ack, base->421"
3.829244,ACK,422,15.689,,,432128,"cum ack, base->422"
3.829269,ACK,423,15.752,,,433152,"cum ack, base->423"
3.829290,NAK,423,15.752,,,433152,
3.829301,FASTRETX,423,14.002,,200.000,433152,nak
3.829323,DUPACK,423,14.002,,,433152,
3.829344,NAK,423,14.002,,,433152,
3.829364,DUPACK,423,14.002,,,433152,
3.830046,RETX,423,14.002,,200.000,433152,
3.830226,RETX,424,14.002,,200.000,433152,
3.830402,RETX,425,14.002,,200.000,433152,
3.830581,RETX,426,14.002,,200.000,433152,
3.830758,RETX,427,14.002,,200.000,433152,
3.830934,RETX,428,14.002,,200.000,433152,
3.831110,RETX,429,14.002,,200.000,433152,
3.831285,RETX,430,14.002,,200.000,433152,
3.831460,RETX,431,14.002,,200.000,433152,
3.831635,RETX,432,14.002,,200.000,433152,
3.831811,RETX,433,14.002,,200.000,433152,
3.831987,RETX,434,14.002,,200.000,433152,
3.832164,SEND,435,14.002,,200.000,433152,
3.832340,SEND,436,14.002,,200.000,433152,
3.875995,NAK,423,14.002,,,433152,
3.876063,DUPACK,423,14.002,,,433152,
3.876093,NAK,423,14.002,,,433152,
3.876120,DUPACK,423,14.002,,,433152,
3.876145,NAK,423,14.002,,,433152,
3.876172,DUPACK,423,14.002,,,433152,
3.878217,NAK,423,14.002,,,433152,
3.878273,DUPACK,423,14.002,,,433152,
3.878301,NAK,423,14.002,,,433152,
3.878332,DUPACK,423,14.002,,,433152,
3.878357,NAK,423,14.002,,,433152,
3.879557,DUPACK,423,14.002,,,433152,
3.879610,NAK,423,14.002,,,433152,
3.879642,DUPACK,423,14.002,,,433152,
3.879689,ACK,424,14.074,,,434176,"cum ack, base->424"
3.879882,ACK,425,14.145,,,435200,"cum ack, base->425"
3.879928,ACK,426,14.215,,,436224,"cum ack, base->426"
3.879963,ACK,427,14.286,,,437248,"cum ack, base->427"
3.880001,ACK,429,14.425,,,439296,"cum ack, base->429"
3.880254,SEND,437,14.425,,200.000,439296,
3.880426,SEND,438,14.425,,200.000,439296,
3.880598,SEND,439,14.425,,200.000,439296,
3.880770,SEND,440,14.425,,200.000,439296,
3.880939,SEND,441,14.425,,200.000,439296,
3.881108,SEND,442,14.425,,200.000,439296,
3.884316,STATS,-1,14.425,,200.000,439296,base=429 next=443
3.884474,ACK,430,14.495,,,440320,"cum ack, base->430"
3.884523,ACK,431,14.564,,,441344,"cum ack, base->431"
3.884559,ACK,432,14.632,,,442368,"cum ack, base->432"
3.884591,ACK,433,14.701,,,443392,"cum ack, base->433"
3.884624,ACK,434,14.769,,,444416,"cum ack, base->434"
3.884659,ACK,436,14.904,,,446464,"cum ack, base->436"
3.884689,ACK,437,14.971,,,447488,"cum ack, base->437"
3.887653,SEND,443,14.971,,200.000,447488,
3.887846,SEND,444,14.971,,200.000,447488,
3.888118,SEND,445,14.971,,200.000,447488,
3.888320,SEND,446,14.971,,200.000,447488,
3.888634,SEND,447,14.971,,200.000,447488,
3.888937,SEND,448,14.971,,200.000,447488,
3.889114,SEND,449,14.971,,200.000,447488,
3.889337,SEND,450,14.971,,200.000,447488,
3.931216,ACK,438,15.038,,,448512,"cum ack, base->438"
3.931995,SEND,451,15.038,,200.000,448512,
3.932281,SEND,452,15.038,,200.000,448512,
3.932440,NAK,438,15.038,,,448512,
3.937519,FASTRETX,438,13.367,,200.000,448512,nak
3.937967,DUPACK,438,13.367,,,448512,
3.938107,NAK,438,13.367,,,448512,
3.938356,DUPACK,438,13.367,,,448512,
3.938491,NAK,438,13.367,,,448512,
3.939460,RETX,438,13.367,,200.000,448512,
3.939711,RETX,439,13.367,,200.000,448512,
3.939989,RETX,440,13.367,,200.000,448512,
3.940378,RETX,441,13.367,,200.000,448512,
3.940790,RETX,442,13.367,,200.000,448512,
3.940966,RETX,443,13.367,,200.000,448512,
3.941135,RETX,444,13.367,,200.000,448512,
3.941302,RETX,445,13.367,,200.000,448512,
3.941536,RETX,446,13.367,,200.000,448512,
3.941711,RETX,447,13.367,,200.000,448512,
3.941876,RETX,448,13.367,,200.000,448512,
3.942065,RETX,449,13.367,,200.000,448512,
3.942246,RETX,450,13.367,,200.000,448512,
3.942420,DUPACK,438,13.367,,,448512,
3.942484,DUPACK,438,13.367,,,448512,
3.942519,NAK,438,13.367,,,448512,
3.942554,NAK,438,13.367,,,448512,
3.942582,DUPACK,438,13.367,,,448512,
3.942609,NAK,438,13.367,,,448512,
3.942635,DUPACK,438,13.367,,,448512,
3.942660,DUPACK,438,13.367,,,448512,
3.942687,NAK,438,13.367,,,448512,
3.942712,DUPACK,438,13.367,,,448512,
3.942736,NAK,438,13.367,,,448512,
3.942761,DUPACK,438,13.367,,,448512,
3.942785,NAK,438,13.367,,,448512,
3.942809,NAK,438,13.367,,,448512,
3.942834,DUPACK,438,13.367,,,448512,
3.980688,NAK,438,13.367,,,448512,
3.980827,DUPACK,438,13.367,,,448512,
3.980857,NAK,438,13.367,,,448512,
3.985367,STATS,-1,13.367,,200.000,448512,base=438 next=451
3.985911,DUPACK,438,13.367,,,448512,
3.985959,ACK,439,13.442,,,449536,"cum ack, base->439"
3.985989,ACK,440,13.516,,,450560,"cum ack, base->440"
3.988832,RETX,451,13.516,,200.000,450560,
3.989063,RETX,452,13.516,,200.000,450560,
3.993946,ACK,441,13.590,,,451584,"cum ack, base->441"
3.994010,ACK,442,13.664,,,452608,"cum ack, base->442"
3.994080,ACK,443,13.737,,,453632,"cum ack, base->443"
3.994135,ACK,444,13.810,,,454656,"cum ack, base->444"
3.994171,ACK,445,13.882,,,455680,"cum ack, base->445"
3.994203,ACK,446,13.954,,,456704,"cum ack, base->446"
3.994234,ACK,447,14.026,,,457728,"cum ack, base->447"
3.994260,NAK,447,14.026,,,457728,
3.994271,FASTRETX,447,14.026,,200.000,457728,nak
3.994298,DUPACK,447,14.026,,,457728,
3.994322,NAK,447,14.026,,,457728,
3.994348,DUPACK,447,14.026,,,457728,
3.994572,RETX,447,14.026,,200.000,457728,
3.994742,RETX,448,14.026,,200.000,457728,
3.994911,RETX,449,14.026,,200.000,457728,
3.995186,RETX,450,14.026,,200.000,457728,
3.995366,RETX,451,14.026,,200.000,457728,
3.995665,RETX,452,14.026,,200.000,457728,
3.995882,SEND,453,14.026,,200.000,457728,
3.996065,SEND,454,14.026,,200.000,457728,
3.996245,SEND,455,14.026,,200.000,457728,
3.996420,SEND,456,14.026,,200.000,457728,
3.996597,SEND,457,14.026,,200.000,457728,
3.996777,SEND,458,14.026,,200.000,457728,
3.996955,SEND,459,14.026,,200.000,457728,
3.997131,SEND,460,14.026,,200.000,457728,
4.026252,NAK,447,14.026,,,457728,
4.026299,DUPACK,447,14.026,,,457728,
4.027665,NAK,447,14.026,,,457728,
4.028857,DUPACK,447,14.026,,,457728,
4.044950,ACK,448,14.097,,,458752,"cum ack, base->448"
4.045009,ACK,449,14.168,,,459776,"cum ack, base->449"
4.045044,ACK,450,14.238,,,460800,"cum ack, base->450"
4.045075,ACK,451,14.309,,,461824,"cum ack, base->451"
4.045106,ACK,452,14.379,,,462848,"cum ack, base->452"
4.045136,ACK,453,14.448,,,463872,"cum ack, base->453"
4.045193,ACK,454,14.517,,,464896,"cum ack, base->454"
4.045272,ACK,455,14.586,,,465920,"cum ack, base->455"
4.045320,ACK,456,14.655,,,466944,"cum ack, base->456"
4.045349,NAK,456,14.655,,,466944,
4.045362,FASTRETX,456,13.027,,200.000,466944,nak
4.046609,RETX,456,13.027,,200.000,466944,
4.046829,RETX,457,13.027,,200.000,466944,
4.046960,RETX,458,13.027,,200.000,466944,
4.047084,RETX,459,13.027,,200.000,466944,
4.047207,RETX,460,13.027,,200.000,466944,
4.047332,SEND,461,13.027,,200.000,466944,
4.047456,SEND,462,13.027,,200.000,466944,
4.047581,SEND,463,13.027,,200.000,466944,
4.047705,SEND,464,13.027,,200.000,466944,
4.047831,SEND,465,13.027,,200.000,466944,
4.047955,SEND,466,13.027,,200.000,466944,
4.048080,SEND,467,13.027,,200.000,466944,
4.048205,SEND,468,13.027,,200.000,466944,
4.048887,DUPACK,456,13.027,,,466944,
4.048927,DUPACK,456,13.027,,,466944,
4.048950,DUPACK,456,13.027,,,466944,
4.048970,NAK,456,13.027,,,466944,
4.048991,DUPACK,456,13.027,,,466944,
4.085587,STATS,-1,13.027,,200.000,466944,base=456 next=469
4.089721,ACK,457,13.103,,,467968,"cum ack, base->457"
4.090918,SEND,469,13.103,,200.000,467968,
4.092090,ACK,458,13.180,,,468992,"cum ack, base->458"
4.093688,SEND,470,13.180,,200.000,468992,
4.100541,NAK,458,13.180,,,468992,
4.100609,FASTRETX,458,13.180,,200.000,468992,nak
4.100665,DUPACK,458,13.180,,,468992,
4.100695,NAK,458,13.180,,,468992,
4.100722,DUPACK,458,13.180,,,468992,
4.100747,DUPACK,458,13.180,,,468992,
4.100775,NAK,458,13.180,,,468992,
4.100801,DUPACK,458,13.180,,,468992,
4.100828,NAK,458,13.180,,,468992,
4.100853,DUPACK,458,13.180,,,468992,
4.100878,DUPACK,458,13.180,,,468992,
4.100902,NAK,458,13.180,,,468992,
4.100930,DUPACK,458,13.180,,,468992,
4.100954,DUPACK,458,13.180,,,468992,
4.100985,NAK,458,13.180,,,468992,
4.101011,DUPACK,458,13.180,,,468992,
4.101246,RETX,458,13.180,,200.000,468992,
4.101421,RETX,459,13.180,,200.000,468992,
4.101591,RETX,460,13.180,,200.000,468992,
4.101954,RETX,461,13.180,,200.000,468992,
4.102204,RETX,462,13.180,,200.000,468992,
4.102501,RETX,463,13.180,,200.000,468992,
4.102672,RETX,464,13.180,,200.000,468992,
4.102837,RETX,465,13.180,,200.000,468992,
4.103003,RETX,466,13.180,,200.000,468992,
4.103169,RETX,467,13.180,,200.000,468992,
4.103345,RETX,468,13.180,,200.000,468992,
4.103963,RETX,469,13.180,,200.000,468992,
4.104178,RETX,470,13.180,,200.000,468992,
4.104270,NAK,458,13.180,,,468992,
4.130700,NAK,458,13.180,,,468992,
4.131162,DUPACK,458,13.180,,,468992,
4.133744,NAK,458,13.180,,,468992,
4.144698,DUPACK,458,13.180,,,468992,
4.148449,ACK,459,13.255,,,470016,"cum ack, base->459"
4.148525,ACK,460,13.331,,,471040,"cum ack, base->460"
4.148561,ACK,461,13.406,,,472064,"cum ack, base->461"
4.149133,SEND,471,13.406,,200.000,472064,
4.149389,SEND,472,13.406,,200.000,472064,
4.149567,SEND,473,13.406,,200.000,472064,
4.154607,ACK,462,13.481,,,473088,"cum ack, base->462"
4.154699,ACK,463,13.555,,,474112,"cum ack, base->463"
4.154953,SEND,474,13.555,,200.000,474112,
4.155132,SEND,475,13.555,,200.000,474112,
4.155213,ACK,465,13.702,,,476160,"cum ack, base->465"
4.155259,ACK,466,13.775,,,477184,"cum ack, base->466"
4.155302,ACK,467,13.847,,,478208,"cum ack, base->467"
4.156893,ACK,468,13.920,,,479232,"cum ack, base->468"
4.156968,ACK,469,13.991,,,480256,"cum ack, base->469"
4.157168,ACK,470,14.063,,,481280,"cum ack, base->470"
4.157973,SEND,476,14.063,,200.000,481280,
4.158182,SEND,477,14.063,,200.000,481280,
4.158351,SEND,478,14.063,,200.000,481280,
4.158580,SEND,479,14.063,,200.000,481280,
4.158805,SEND,480,14.063,,200.000,481280,
4.159024,SEND,481,14.063,,200.000,481280,
4.159228,SEND,482,14.063,,200.000,481280,
4.159403,SEND,483,14.063,,200.000,481280,
4.186990,STATS,-1,14.063,,200.000,481280,base=470 next=484
4.188575,NAK,470,14.063,,,481280,
4.188609,FASTRETX,470,12.500,,200.000,481280,nak
4.189344,RETX,470,12.500,,200.000,481280,
4.189564,RETX,471,12.500,,200.000,481280,
4.189736,RETX,472,12.500,,200.000,481280,
4.189938,RETX,473,12.500,,200.000,481280,
4.190267,RETX,474,12.500,,200.000,481280,
4.190551,RETX,475,12.500,,200.000,481280,
4.190822,RETX,476,12.500,,200.000,481280,
4.191350,RETX,477,12.500,,200.000,481280,
4.191781,RETX,478,12.500,,200.000,481280,
4.192312,RETX,479,12.500,,200.000,481280,
4.192658,RETX,480,12.500,,200.000,481280,
4.193152,RETX,481,12.500,,200.000,481280,
4.193582,NAK,470,12.500,,,481280,
4.193836,DUPACK,470,12.500,,,481280,
4.196436,NAK,470,12.500,,,481280,
4.196547,DUPACK,470,12.500,,,481280,
4.205303,NAK,470,12.500,,,481280,
4.205374,DUPACK,470,12.500,,,481280,
4.205402,NAK,470,12.500,,,481280,
4.205429,DUPACK,470,12.500,,,481280,
4.205454,NAK,470,12.500,,,481280,
4.205480,DUPACK,470,12.500,,,481280,
4.208318,NAK,470,12.500,,,481280,
4.208389,DUPACK,470,12.500,,,481280,
4.209249,NAK,470,12.500,,,481280,
4.209293,DUPACK,470,12.500,,,481280,
4.209320,NAK,470,12.500,,,481280,
4.209373,DUPACK,470,12.500,,,481280,
4.209398,NAK,470,12.500,,,481280,
4.209423,DUPACK,470,12.500,,,481280,
4.211370,NAK,470,12.500,,,481280,
4.211429,DUPACK,470,12.500,,,481280,
4.211457,NAK,470,12.500,,,481280,
4.211484,DUPACK,470,12.500,,,481280,
4.211509,NAK,470,12.500,,,481280,
4.211535,DUPACK,470,12.500,,,481280,
4.241771,ACK,471,12.580,,,482304,"cum ack, base->471"
4.241842,ACK,472,12.660,,,483328,"cum ack, base->472"
4.244000,RETX,482,12.660,,200.000,483328,
4.244198,RETX,483,12.660,,200.000,483328,
4.248052,ACK,473,12.739,,,484352,"cum ack, base->473"
4.248209,ACK,474,12.817,,,485376,"cum ack, base->474"
4.248244,NAK,474,12.817,,,485376,
4.248255,FASTRETX,474,12.817,,200.000,485376,nak
4.248296,DUPACK,474,12.817,,,485376,
4.248323,NAK,474,12.817,,,485376,
4.248350,DUPACK,474,12.817,,,485376,
4.248375,NAK,474,12.817,,,485376,
4.248401,DUPACK,474,12.817,,,485376,
4.248431,NAK,474,12.817,,,485376,
4.248458,DUPACK,474,12.817,,,485376,
4.248483,NAK,474,12.817,,,485376,
4.248508,DUPACK,474,12.817,,,485376,
4.248533,NAK,474,12.817,,,485376,
4.248593,DUPACK,474,12.817,,,485376,
4.248626,NAK,474,12.817,,,485376,
4.250538,RETX,474,12.817,,200.000,485376,
4.250852,RETX,475,12.817,,200.000,485376,
4.251094,RETX,476,12.817,,200.000,485376,
4.251267,RETX,477,12.817,,200.000,485376,
4.251625,RETX,478,12.817,,200.000,485376,
4.251812,RETX,479,12.817,,200.000,485376,
4.252067,RETX,480,12.817,,200.000,485376,
4.252307,RETX,481,12.817,,200.000,485376,
4.252649,RETX,482,12.817,,200.000,485376,
4.253034,RETX,483,12.817,,200.000,485376,
4.253206,SEND,484,12.817,,200.000,485376,
4.253399,SEND,485,12.817,,200.000,485376,
4.253598,DUPACK,474,12.817,,,485376,
4.288561,STATS,-1,12.817,,200.000,485376,base=474 next=486
4.296868,NAK,474,12.817,,,485376,
4.296961,DUPACK,474,12.817,,,485376,
4.297011,DUPACK,474,12.817,,,485376,
4.297085,ACK,475,12.895,,,486400,"cum ack, base->475"
4.297145,ACK,476,12.973,,,487424,"cum ack, base->476"
4.297194,ACK,477,13.050,,,488448,"cum ack, base->477"
4.297242,ACK,478,13.127,,,489472,"cum ack, base->478"
4.297290,ACK,479,13.203,,,490496,"cum ack, base->479"
4.299284,SEND,486,13.203,,200.000,490496,
4.299958,SEND,487,13.203,,200.000,490496,
4.300293,SEND,488,13.203,,200.000,490496,
4.300553,SEND,489,13.203,,200.000,490496,
4.300986,SEND,490,13.203,,200.000,490496,
4.301254,SEND,491,13.203,,200.000,490496,
4.301652,ACK,480,13.279,,,491520,"cum ack, base->480"
4.301728,ACK,481,13.354,,,492544,"cum ack, base->481"
4.301798,ACK,482,13.429,,,493568,"cum ack, base->482"
4.301839,ACK,483,13.503,,,494592,"cum ack, base->483"
4.301879,ACK,484,13.577,,,495616,"cum ack, base->484"
4.301918,ACK,485,13.651,,,496640,"cum ack, base->485"
4.301955,ACK,486,13.724,,,497664,"cum ack, base->486"
4.304124,SEND,492,13.724,,200.000,497664,
4.304405,SEND,493,13.724,,200.000,497664,
4.304671,SEND,494,13.724,,200.000,497664,
4.304883,SEND,495,13.724,,200.000,497664,
4.305091,SEND,496,13.724,,200.000,497664,
4.305495,SEND,497,13.724,,200.000,497664,
4.305851,SEND,498,13.724,,200.000,497664,
4.356037,ACK,487,13.797,,,498688,"cum ack, base->487"
4.356236,ACK,490,14.013,,,501760,"cum ack, base->490"
4.356889,SEND,499,14.013,,200.000,501760,
4.357404,SEND,500,14.013,,200.000,501760,
4.357724,SEND,501,14.013,,200.000,501760,
4.358030,SEND,502,14.013,,200.000,501760,
4.358360,SEND,503,14.013,,200.000,501760,
4.358496,ACK,491,14.085,,,502784,"cum ack, base->491"
4.358555,ACK,492,14.156,,,503808,"cum ack, base->492"
4.358595,ACK,493,14.226,,,504832,"cum ack, base->493"
4.358638,ACK,494,14.297,,,505856,"cum ack, base->494"
4.358676,ACK,495,14.367,,,506880,"cum ack, base->495"
4.358713,ACK,496,14.436,,,507904,"cum ack, base->496"
4.358749,ACK,497,14.505,,,508928,"cum ack, base->497"
4.358785,ACK,498,14.574,,,509952,"cum ack, base->498"
4.358824,ACK,499,14.643,,,510976,"cum ack, base->499"
4.361320,SEND,504,14.643,,200.000,510976,
4.361596,SEND,505,14.643,,200.000,510976,
4.361859,SEND,506,14.643,,200.000,510976,
4.362121,SEND,507,14.643,,200.000,510976,
4.362383,SEND,508,14.643,,200.000,510976,
4.362645,SEND,509,14.643,,200.000,510976,
4.362906,SEND,510,14.643,,200.000,510976,
4.363140,SEND,511,14.643,,200.000,510976,
4.363347,SEND,512,14.643,,200.000,510976,
4.390034,STATS,-1,14.643,,200.000,510976,base=499 next=513
4.405924,ACK,500,14.711,,,512000,"cum ack, base->500"
4.406082,ACK,501,14.779,,,513024,"cum ack, base->501"
4.406179,ACK,502,14.847,,,514048,"cum ack, base->502"
4.406278,ACK,503,14.914,,,515072,"cum ack, base->503"
4.406355,ACK,504,14.981,,,516096,"cum ack, base->504"
4.406429,ACK,505,15.048,,,517120,"cum ack, base->505"
4.406485,NAK,505,15.048,,,517120,
4.406508,FASTRETX,505,13.376,,200.000,517120,nak
4.408256,RETX,505,13.376,,200.000,517120,
4.408653,RETX,506,13.376,,200.000,517120,
4.409096,RETX,507,13.376,,200.000,517120,
4.409466,RETX,508,13.376,,200.000,517120,
4.409825,RETX,509,13.376,,200.000,517120,
4.410363,RETX,510,13.376,,200.000,517120,
4.410589,RETX,511,13.376,,200.000,517120,
4.410815,RETX,512,13.376,,200.000,517120,
4.411059,SEND,513,13.376,,200.000,517120,
4.411306,SEND,514,13.376,,200.000,517120,
4.411511,SEND,515,13.376,,200.000,517120,
4.411716,SEND,516,13.376,,200.000,517120,
4.411960,SEND,517,13.376,,200.000,517120,
4.412096,DUPACK,505,13.376,,,517120,
4.412171,NAK,505,13.376,,,517120,
4.412206,DUPACK,505,13.376,,,517120,
4.412233,NAK,505,13.376,,,517120,
4.412260,DUPACK,505,13.376,,,517120,
4.412286,DUPACK,505,13.376,,,517120,
4.412348,NAK,505,13.376,,,517120,
4.412394,DUPACK,505,13.376,,,517120,
4.412427,NAK,505,13.376,,,517120,
4.412457,DUPACK,505,13.376,,,517120,
4.458260,ACK,506,13.451,,,518144,"cum ack, base->506"
4.458363,ACK,507,13.525,,,519168,"cum ack, base->507"
4.458398,ACK,508,13.599,,,520192,"cum ack, base->508"
4.458464,ACK,509,13.673,,,521216,"cum ack, base->509"
4.458503,ACK,510,13.746,,,522240,"cum ack, base->510"
4.458537,ACK,511,13.819,,,523264,"cum ack, base->511"
4.458568,ACK,512,13.891,,,524288,"cum ack, base->512"
4.458599,ACK,513,13.963,,,525312,"cum ack, base->513"
4.458629,ACK,514,14.035,,,526336,"cum ack, base->514"
4.458659,ACK,515,14.106,,,527360,"cum ack, base->515"
4.458745,ACK,516,14.177,,,528384,"cum ack, base->516"
4.459746,SEND,518,14.177,,200.000,528384,
4.460276,SEND,519,14.177,,200.000,528384,
4.460478,SEND,520,14.177,,200.000,528384,
4.460683,SEND,521,14.177,,200.000,528384,
4.460860,SEND,522,14.177,,200.000,528384,
4.461029,SEND,523,14.177,,200.000,528384,
4.461344,SEND,524,14.177,,200.000,528384,
4.461518,SEND,525,14.177,,200.000,528384,
4.461793,SEND,526,14.177,,200.000,528384,
4.461982,SEND,527,14.177,,200.000,528384,
4.462327,SEND,528,14.177,,200.000,528384,
4.462514,SEND,529,14.177,,200.000,528384,
4.462682,ACK,517,14.247,,,529408,"cum ack, base->517"
4.462737,ACK,518,14.317,,,530432,"cum ack, base->518"
4.465309,SEND,530,14.317,,200.000,530432,
4.465524,SEND,531,14.317,,200.000,530432,
4.491448,STATS,-1,14.317,,200.000,530432,base=518 next=532
4.506624,ACK,519,14.387,,,531456,"cum ack, base->519"
4.508628,SEND,532,14.387,,200.000,531456,
4.508734,ACK,520,14.457,,,532480,"cum ack, base->520"
4.508787,ACK,521,14.526,,,533504,"cum ack, base->521"
4.508820,ACK,522,14.595,,,534528,"cum ack, base->522"
4.508852,ACK,523,14.663,,,535552,"cum ack, base->523"
4.508921,ACK,524,14.731,,,536576,"cum ack, base->524"
4.508958,ACK,525,14.799,,,537600,"cum ack, base->525"
4.511507,SEND,533,14.799,,200.000,537600,
4.511694,SEND,534,14.799,,200.000,537600,
4.511863,SEND,535,14.799,,200.000,537600,
4.512035,SEND,536,14.799,,200.000,537600,
4.512207,SEND,537,14.799,,200.000,537600,
4.512378,SEND,538,14.799,,200.000,537600,
4.517365,ACK,526,14.867,,,538624,"cum ack, base->526"
4.517440,ACK,527,14.934,,,539648,"cum ack, base->527"
4.517476,ACK,528,15.001,,,540672,"cum ack, base->528"
4.517511,ACK,529,15.068,,,541696,"cum ack, base->529"
4.517543,ACK,530,15.134,,,542720,"cum ack, base->530"
4.518067,SEND,539,15.134,,200.000,542720,
4.518397,SEND,540,15.134,,200.000,542720,
4.518578,SEND,541,15.134,,200.000,542720,
4.519025,SEND,542,15.134,,200.000,542720,
4.519271,SEND,543,15.134,,200.000,542720,
4.519440,SEND,544,15.134,,200.000,542720,
4.547277,NAK,531,15.134,,,542720,
4.547314,FASTRETX,530,13.453,,200.000,542720,nak
4.549444,RETX,530,13.453,,200.000,542720,
4.549873,RETX,531,13.453,,200.000,542720,
4.550042,RETX,532,13.453,,200.000,542720,
4.550233,RETX,533,13.453,,200.000,542720,
4.550409,RETX,534,13.453,,200.000,542720,
4.550576,RETX,535,13.453,,200.000,542720,
4.550744,RETX,536,13.453,,200.000,542720,
4.551090,RETX,537,13.453,,200.000,542720,
4.551271,RETX,538,13.453,,200.000,542720,
4.551440,RETX,539,13.453,,200.000,542720,
4.551609,RETX,540,13.453,,200.000,542720,
4.551778,RETX,541,13.453,,200.000,542720,
4.552001,RETX,542,13.453,,200.000,542720,
4.560086,NAK,531,13.453,,,542720,
4.563261,ACK,531,13.527,,,543744,"cum ack, base->531"
4.565104,RETX,543,13.527,,200.000,543744,
4.565957,NAK,531,13.527,,,543744,
4.565977,FASTRETX,531,13.527,,200.000,543744,nak
4.566027,DUPACK,531,13.527,,,543744,
4.566063,NAK,531,13.527,,,543744,
4.566722,DUPACK,531,13.527,,,543744,
4.566805,NAK,531,13.527,,,543744,
4.566844,DUPACK,531,13.527,,,543744,
4.566905,DUPACK,531,13.527,,,543744,
4.567991,RETX,531,13.527,,200.000,543744,
4.568256,RETX,532,13.527,,200.000,543744,
4.568551,RETX,533,13.527,,200.000,543744,
4.568720,RETX,534,13.527,,200.000,543744,
4.568892,RETX,535,13.527,,200.000,543744,
4.569241,RETX,536,13.527,,200.000,543744,
4.569498,RETX,537,13.527,,200.000,543744,
4.569697,RETX,538,13.527,,200.000,543744,
4.569871,RETX,539,13.527,,200.000,543744,
4.570039,RETX,540,13.527,,200.000,543744,
4.570352,RETX,541,13.527,,200.000,543744,
4.570566,RETX,542,13.527,,200.000,543744,
4.570736,RETX,543,13.527,,200.000,543744,
4.570847,NAK,531,13.527,,,543744,
4.570891,DUPACK,531,13.527,,,543744,
4.570922,NAK,531,13.527,,,543744,
4.570949,DUPACK,531,13.527,,,543744,
4.570976,DUPACK,531,13.527,,,543744,
4.571000,NAK,531,13.527,,,543744,
4.571219,DUPACK,531,13.527,,,543744,
4.571248,NAK,531,13.527,,,543744,
4.571274,DUPACK,531,13.527,,,543744,
4.590292,DUPACK,531,13.527,,,543744,
4.590356,ACK,532,13.601,,,544768,"cum ack, base->532"
4.590927,RETX,544,13.601,,200.000,544768,
4.593531,STATS,-1,13.601,,200.000,544768,base=532 next=545
4.595351,NAK,532,13.601,,,544768,
4.595381,FASTRETX,532,13.601,,200.000,544768,nak
4.596520,RETX,532,13.601,,200.000,544768,
4.596891,RETX,533,13.601,,200.000,544768,
4.597256,RETX,534,13.601,,200.000,544768,
4.597681,RETX,535,13.601,,200.000,544768,
4.597993,RETX,536,13.601,,200.000,544768,
4.598258,RETX,537,13.601,,200.000,544768,
4.598554,RETX,538,13.601,,200.000,544768,
4.598869,RETX,539,13.601,,200.000,544768,
4.599542,RETX,540,13.601,,200.000,544768,
4.600138,RETX,541,13.601,,200.000,544768,
4.600316,RETX,542,13.601,,200.000,544768,
4.600712,RETX,543,13.601,,200.000,544768,
4.600886,RETX,544,13.601,,200.000,544768,
4.600970,DUPACK,532,13.601,,,544768,
4.601008,NAK,532,13.601,,,544768,
4.601038,DUPACK,532,13.601,,,544768,
4.604435,NAK,532,13.601,,,544768,
4.604533,DUPACK,532,13.601,,,544768,
4.604570,NAK,532,13.601,,,544768,
4.604604,DUPACK,532,13.601,,,544768,
4.604634,NAK,532,13.601,,,544768,
4.604668,DUPACK,532,13.601,,,544768,
4.604723,NAK,532,13.601,,,544768,
4.604811,DUPACK,532,13.601,,,544768,
4.604859,NAK,532,13.601,,,544768,
4.604896,DUPACK,532,13.601,,,544768,
4.604934,NAK,532,13.601,,,544768,
4.604968,DUPACK,532,13.601,,,544768,
4.604999,NAK,532,13.601,,,544768,
4.605031,DUPACK,532,13.601,,,544768,
4.605061,NAK,532,13.601,,,544768,
4.605094,DUPACK,532,13.601,,,544768,
4.606093,NAK,532,13.601,,,544768,
4.606736,DUPACK,532,13.601,,,544768,
4.609631,DUPACK,532,13.601,,,544768,
4.614578,ACK,533,13.674,,,545792,"cum ack, base->533"
4.614655,ACK,534,13.748,,,546816,"cum ack, base->534"
4.616225,SEND,545,13.748,,200.000,546816,
4.616681,SEND,546,13.748,,200.000,546816,
4.619732,ACK,535,13.820,,,547840,"cum ack, base->535"
4.619832,ACK,536,13.893,,,548864,"cum ack, base->536"
4.619888,ACK,537,13.965,,,549888,"cum ack, base->537"
4.619938,ACK,538,14.036,,,550912,"cum ack, base->538"
4.622227,SEND,547,14.036,,200.000,550912,
4.622568,SEND,548,14.036,,200.000,550912,
4.622844,SEND,549,14.036,,200.000,550912,
4.623105,SEND,550,14.036,,200.000,550912,
4.623448,SEND,551,14.036,,200.000,550912,
4.623637,ACK,539,14.107,,,551936,"cum ack, base->539"
4.623776,ACK,540,14.178,,,552960,"cum ack, base->540"
4.623844,ACK,541,14.249,,,553984,"cum ack, base->541"
4.623938,ACK,543,14.389,,,556032,"cum ack, base->543"
4.624260,ACK,544,14.458,,,557056,"cum ack, base->544"
4.626228,SEND,552,14.458,,200.000,557056,
4.626467,SEND,553,14.458,,200.000,557056,
4.626679,SEND,554,14.458,,200.000,557056,
4.626884,SEND,555,14.458,,200.000,557056,
4.627089,SEND,556,14.458,,200.000,557056,
4.627286,SEND,557,14.458,,200.000,557056,
4.633026,ACK,545,14.528,,,558080,"cum ack, base->545"
4.635149,SEND,558,14.528,,200.000,558080,
4.642239,DUPACK,545,14.528,,,558080,
4.642306,DUPACK,545,14.528,,,558080,
4.645897,DUPACK,545,14.528,,,558080,
4.645961,DUPACK,545,14.528,,,558080,
4.645994,DUPACK,545,14.528,,,558080,
4.648470,DUPACK,545,14.528,,,558080,
4.648560,DUPACK,545,14.528,,,558080,
4.648603,DUPACK,545,14.528,,,558080,
4.648643,DUPACK,545,14.528,,,558080,
4.649821,DUPACK,545,14.528,,,558080,
4.650084,DUPACK,545,14.528,,,558080,
4.656055,ACK,546,14.596,,,559104,"cum ack, base->546"
4.658452,SEND,559,14.596,,200.000,559104,
4.661049,ACK,547,14.665,,,560128,"cum ack, base->547"
4.663576,SEND,560,14.665,,200.000,560128,
4.671657,ACK,548,14.733,,,561152,"cum ack, base->548"
4.671785,ACK,549,14.801,,,562176,"cum ack, base->549"
4.675211,SEND,561,14.801,,200.000,562176,
4.675439,SEND,562,14.801,,200.000,562176,
4.675537,ACK,550,14.869,,,563200,"cum ack, base->550"
4.675625,ACK,551,14.936,,,564224,"cum ack, base->551"
4.675670,ACK,552,15.003,,,565248,"cum ack, base->552"
4.675711,ACK,553,15.069,,,566272,"cum ack, base->553"
4.675748,ACK,554,15.136,,,567296,"cum ack, base->554"
4.678031,SEND,563,15.136,,200.000,567296,
4.678218,SEND,564,15.136,,200.000,567296,
4.678414,SEND,565,15.136,,200.000,567296,
4.678585,SEND,566,15.136,,200.000,567296,
4.678810,SEND,567,15.136,,200.000,567296,
4.678983,SEND,568,15.136,,200.000,567296,
4.680429,ACK,555,15.202,,,568320,"cum ack, base->555"
4.680481,ACK,556,15.268,,,569344,"cum ack, base->556"
4.680514,ACK,557,15.333,,,570368,"cum ack, base->557"
4.680548,ACK,558,15.398,,,571392,"cum ack, base->558"
4.682054,SEND,569,15.398,,200.000,571392,
4.682570,SEND,570,15.398,,200.000,571392,
4.682783,SEND,571,15.398,,200.000,571392,
4.683112,SEND,572,15.398,,200.000,571392,
4.683253,ACK,559,15.463,,,572416,"cum ack, base->559"
4.686051,SEND,573,15.463,,200.000,572416,
4.693807,STATS,-1,15.463,,200.000,572416,base=559 next=574
4.705985,ACK,560,15.528,,,573440,"cum ack, base->560"
4.706054,ACK,561,15.592,,,574464,"cum ack, base->561"
4.707073,SEND,574,15.592,,200.000,574464,
4.707265,SEND,575,15.592,,200.000,574464,
4.715983,ACK,562,15.656,,,575488,"cum ack, base->562"
4.717790,SEND,576,15.656,,200.000,575488,
4.718823,ACK,563,15.720,,,576512,"cum ack, base->563"
4.719224,ACK,564,15.784,,,577536,"cum ack, base->564"
4.721030,SEND,577,15.784,,200.000,577536,
4.721262,SEND,578,15.784,,200.000,577536,
4.723469,ACK,565,15.847,,,578560,"cum ack, base->565"
4.724305,SEND,579,15.847,,200.000,578560,
4.724460,ACK,566,15.910,,,579584,"cum ack, base->566"
4.725763,ACK,567,15.973,,,580608,"cum ack, base->567"
4.725879,ACK,568,16.036,,,581632,"cum ack, base->568"
4.727241,SEND,580,16.036,,200.000,581632,
4.727755,SEND,581,16.036,,200.000,581632,
4.727997,SEND,582,16.036,,200.000,581632,
4.728208,SEND,583,16.036,,200.000,581632,
4.731147,ACK,569,16.098,,,582656,"cum ack, base->569"
4.734170,SEND,584,16.098,,200.000,582656,
4.737489,ACK,570,16.160,,,583680,"cum ack, base->570"
4.737556,ACK,571,16.222,,,584704,"cum ack, base->571"
4.737595,ACK,572,16.284,,,585728,"cum ack, base->572"
4.737629,ACK,573,16.345,,,586752,"cum ack, base->573"
4.737662,ACK,574,16.406,,,587776,"cum ack, base->574"
4.739878,SEND,585,16.406,,200.000,587776,
4.740117,SEND,586,16.406,,200.000,587776,
4.740345,SEND,587,16.406,,200.000,587776,
4.740571,SEND,588,16.406,,200.000,587776,
4.740798,SEND,589,16.406,,200.000,587776,
4.763295,ACK,575,16.467,,,588800,"cum ack, base->575"
4.763343,ACK,576,16.528,,,589824,"cum ack, base->576"
4.763561,SEND,590,16.528,,200.000,589824,
4.763750,SEND,591,16.528,,200.000,589824,
4.763798,ACK,577,16.589,,,590848,"cum ack, base->577"
4.766430,SEND,592,16.589,,200.000,590848,
4.769101,ACK,578,16.649,,,591872,"cum ack, base->578"
4.769131,ACK,579,16.709,,,592896,"cum ack, base->579"
4.771621,SEND,593,16.709,,200.000,592896,
4.771771,SEND,594,16.709,,200.000,592896,
4.771936,ACK,580,16.769,,,593920,"cum ack, base->580"
4.771961,ACK,581,16.828,,,594944,"cum ack, base->581"
4.771983,ACK,582,16.888,,,595968,"cum ack, base->582"
4.774468,SEND,595,16.888,,200.000,595968,
4.774629,SEND,596,16.888,,200.000,595968,
4.774780,SEND,597,16.888,,200.000,595968,
4.775723,ACK,584,17.006,,,598016,"cum ack, base->584"
4.777432,SEND,598,17.006,,200.000,598016,
4.777559,SEND,599,17.006,,200.000,598016,
4.777684,SEND,600,17.006,,200.000,598016,
4.783148,ACK,585,17.065,,,599040,"cum ack, base->585"
4.783174,ACK,586,17.124,,,600064,"cum ack, base->586"
4.785376,SEND,601,17.124,,200.000,600064,
4.785525,SEND,602,17.124,,200.000,600064,
4.788879,ACK,588,17.240,,,602112,"cum ack, base->588"
4.788905,ACK,589,17.298,,,603136,"cum ack, base->589"
4.788926,ACK,590,17.356,,,604160,"cum ack, base->590"
4.790705,SEND,603,17.356,,200.000,604160,
4.790852,SEND,604,17.356,,200.000,604160,
4.790998,SEND,605,17.356,,200.000,604160,
4.791144,SEND,606,17.356,,200.000,604160,
4.796188,STATS,-1,17.356,,200.000,604160,base=590 next=607
4.808958,ACK,591,17.414,,,605184,"cum ack, base->591"
4.808988,ACK,592,17.471,,,606208,"cum ack, base->592"
4.809011,ACK,593,17.528,,,607232,"cum ack, base->593"
4.809912,ACK,594,17.585,,,608256,"cum ack, base->594"
4.811438,SEND,607,17.585,,200.000,608256,
4.811589,SEND,608,17.585,,200.000,608256,
4.811736,SEND,609,17.585,,200.000,608256,
4.811886,SEND,610,17.585,,200.000,608256,
4.812786,ACK,595,17.642,,,609280,"cum ack, base->595"
4.812861,ACK,596,17.699,,,610304,"cum ack, base->596"
4.814559,SEND,611,17.699,,200.000,610304,
4.814707,SEND,612,17.699,,200.000,610304,
4.819519,ACK,597,17.755,,,611328,"cum ack, base->597"
4.822117,SEND,613,17.755,,200.000,611328,
4.822178,ACK,598,17.812,,,612352,"cum ack, base->598"
4.822207,ACK,599,17.868,,,613376,"cum ack, base->599"
4.822231,ACK,600,17.924,,,614400,"cum ack, base->600"
4.824830,SEND,614,17.924,,200.000,614400,
4.825012,SEND,615,17.924,,200.000,614400,
4.825189,SEND,616,17.924,,200.000,614400,
4.825864,ACK,601,17.980,,,615424,"cum ack, base->601"
4.827889,SEND,617,17.980,,200.000,615424,
4.827944,ACK,602,18.035,,,616448,"cum ack, base->602"
4.827971,ACK,603,18.091,,,617472,"cum ack, base->603"
4.830593,SEND,618,18.091,,200.000,617472,
4.830774,SEND,619,18.091,,200.000,617472,
4.830950,SEND,620,18.091,,200.000,617472,
4.831350,NAK,604,18.091,,,617472,
4.831362,FASTRETX,603,16.081,,200.000,617472,nak
4.833651,RETX,603,16.081,,200.000,617472,
4.833830,RETX,604,16.081,,200.000,617472,
4.834006,RETX,605,16.081,,200.000,617472,
4.834182,RETX,606,16.081,,200.000,617472,
4.834358,RETX,607,16.081,,200.000,617472,
4.834534,RETX,608,16.081,,200.000,617472,
4.834708,RETX,609,16.081,,200.000,617472,
4.834883,RETX,610,16.081,,200.000,617472,
4.835058,RETX,611,16.081,,200.000,617472,
4.835233,RETX,612,16.081,,200.000,617472,
4.835410,RETX,613,16.081,,200.000,617472,
4.835585,RETX,614,16.081,,200.000,617472,
4.835760,RETX,615,16.081,,200.000,617472,
4.835935,RETX,616,16.081,,200.000,617472,
4.836111,RETX,617,16.081,,200.000,617472,
4.836287,RETX,618,16.081,,200.000,617472,
4.836352,ACK,604,16.143,,,618496,"cum ack, base->604"
4.836380,NAK,604,16.143,,,618496,
4.836387,FASTRETX,604,16.143,,200.000,618496,nak
4.836413,DUPACK,604,16.143,,,618496,
4.838998,RETX,604,16.143,,200.000,618496,
4.839180,RETX,605,16.143,,200.000,618496,
4.839358,RETX,606,16.143,,200.000,618496,
4.839534,RETX,607,16.143,,200.000,618496,
4.839710,RETX,608,16.143,,200.000,618496,
4.839888,RETX,609,16.143,,200.000,618496,
4.840065,RETX,610,16.143,,200.000,618496,
4.840242,RETX,611,16.143,,200.000,618496,
4.840428,RETX,612,16.143,,200.000,618496,
4.840612,RETX,613,16.143,,200.000,618496,
4.840799,RETX,614,16.143,,200.000,618496,
4.840984,RETX,615,16.143,,200.000,618496,
4.841179,RETX,616,16.143,,200.000,618496,
4.841365,RETX,617,16.143,,200.000,618496,
4.841542,RETX,618,16.143,,200.000,618496,
4.841720,RETX,619,16.143,,200.000,618496,
4.856675,NAK,604,16.143,,,618496,
4.857466,DUPACK,604,16.143,,,618496,
4.857864,NAK,604,16.143,,,618496,
4.863085,NAK,604,16.143,,,618496,
4.863115,DUPACK,604,16.143,,,618496,
4.863137,NAK,604,16.143,,,618496,
4.863159,DUPACK,604,16.143,,,618496,
4.863179,NAK,604,16.143,,,618496,
4.863202,DUPACK,604,16.143,,,618496,
4.863223,NAK,604,16.143,,,618496,
4.864869,DUPACK,604,16.143,,,618496,
4.864891,NAK,604,16.143,,,618496,
4.868428,DUPACK,604,16.143,,,618496,
4.868452,NAK,604,16.143,,,618496,
4.877490,DUPACK,604,16.143,,,618496,
4.877523,DUPACK,604,16.143,,,618496,
4.877546,NAK,604,16.143,,,618496,
4.877568,DUPACK,604,16.143,,,618496,
4.877588,NAK,604,16.143,,,618496,
4.877608,DUPACK,604,16.143,,,618496,
4.878619,NAK,604,16.143,,,618496,
4.878646,DUPACK,604,16.143,,,618496,
4.878667,NAK,604,16.143,,,618496,
4.878687,DUPACK,604,16.143,,,618496,
4.881886,NAK,604,16.143,,,618496,
4.881922,DUPACK,604,16.143,,,618496,
4.881950,DUPACK,604,16.143,,,618496,
4.881987,ACK,605,16.205,,,619520,"cum ack, base->605"
4.882476,ACK,606,16.266,,,620544,"cum ack, base->606"
4.882513,ACK,607,16.328,,,621568,"cum ack, base->607"
4.884488,RETX,620,16.328,,200.000,621568,
4.884721,SEND,621,16.328,,200.000,621568,
4.884946,SEND,622,16.328,,200.000,621568,
4.887341,ACK,608,16.389,,,622592,"cum ack, base->608"
4.887362,ACK,609,16.450,,,623616,"cum ack, base->609"
4.887379,ACK,610,16.511,,,624640,"cum ack, base->610"
4.887395,ACK,611,16.571,,,625664,"cum ack, base->611"
4.887408,ACK,612,16.632,,,626688,"cum ack, base->612"
4.887419,ACK,613,16.692,,,627712,"cum ack, base->613"
4.887430,ACK,614,16.752,,,628736,"cum ack, base->614"
4.887441,ACK,615,16.812,,,629760,"cum ack, base->615"
4.887451,ACK,616,16.871,,,630784,"cum ack, base->616"
4.887461,ACK,617,16.930,,,631808,"cum ack, base->617"
4.887471,ACK,618,16.989,,,632832,"cum ack, base->618"
4.887483,ACK,619,17.048,,,633856,"cum ack, base->619"
4.887577,SEND,623,17.048,,200.000,633856,
4.887659,SEND,624,17.048,,200.000,633856,
4.887740,SEND,625,17.048,,200.000,633856,
4.887818,SEND,626,17.048,,200.000,633856,
4.887897,SEND,627,17.048,,200.000,633856,
4.887976,SEND,628,17.048,,200.000,633856,
4.888056,SEND,629,17.048,,200.000,633856,
4.888134,SEND,630,17.048,,200.000,633856,
4.888214,SEND,631,17.048,,200.000,633856,
4.888292,SEND,632,17.048,,200.000,633856,
4.888371,SEND,633,17.048,,200.000,633856,
4.888450,SEND,634,17.048,,200.000,633856,
4.888528,SEND,635,17.048,,200.000,633856,
4.888542,DUPACK,619,17.048,,,633856,
4.896793,STATS,-1,17.048,,200.000,633856,base=619 next=636
4.896846,DUPACK,619,17.048,,,633856,
4.896873,DUPACK,619,17.048,,,633856,
4.896891,DUPACK,619,17.048,,,633856,
4.896913,DUPACK,619,17.048,,,633856,
4.896937,DUPACK,619,17.048,,,633856,
4.896952,DUPACK,619,17.048,,,633856,
4.896966,DUPACK,619,17.048,,,633856,
4.896979,DUPACK,619,17.048,,,633856,
4.896993,DUPACK,619,17.048,,,633856,
4.897006,DUPACK,619,17.048,,,633856,
4.897019,DUPACK,619,17.048,,,633856,
4.897031,DUPACK,619,17.048,,,633856,
4.897044,DUPACK,619,17.048,,,633856,
4.897068,ACK,620,17.107,,,634880,"cum ack, base->620"
4.899522,SEND,636,17.107,,200.000,634880,
4.931128,ACK,622,17.224,,,636928,"cum ack, base->622"
4.931193,ACK,623,17.282,,,637952,"cum ack, base->623"
4.931788,ACK,624,17.340,,,638976,"cum ack, base->624"
4.937493,SEND,637,17.340,,200.000,638976,
4.938189,SEND,638,17.340,,200.000,638976,
4.938382,SEND,639,17.340,,200.000,638976,
4.938559,SEND,640,17.340,,200.000,638976,
4.938625,ACK,625,17.397,,,640000,"cum ack, base->625"
4.938660,ACK,626,17.455,,,641024,"cum ack, base->626"
4.938683,NAK,626,17.455,,,641024,
4.938692,FASTRETX,626,15.515,,200.000,641024,nak
4.939348,DUPACK,626,15.515,,,641024,
4.939373,NAK,626,15.515,,,641024,
4.939806,DUPACK,626,15.515,,,641024,
4.939840,NAK,626,15.515,,,641024,
4.939866,DUPACK,626,15.515,,,641024,
4.940952,RETX,626,15.515,,200.000,641024,
4.941142,RETX,627,15.515,,200.000,641024,
4.941321,RETX,628,15.515,,200.000,641024,
4.941494,RETX,629,15.515,,200.000,641024,
4.941664,RETX,630,15.515,,200.000,641024,
4.941831,RETX,631,15.515,,200.000,641024,
4.941998,RETX,632,15.515,,200.000,641024,
4.942170,RETX,633,15.515,,200.000,641024,
4.942337,RETX,634,15.515,,200.000,641024,
4.942505,RETX,635,15.515,,200.000,641024,
4.942672,RETX,636,15.515,,200.000,641024,
4.942849,RETX,637,15.515,,200.000,641024,
4.943018,RETX,638,15.515,,200.000,641024,
4.943187,RETX,639,15.515,,200.000,641024,
4.943491,RETX,640,15.515,,200.000,641024,
4.943608,NAK,626,15.515,,,641024,
4.943678,DUPACK,626,15.515,,,641024,
4.943711,NAK,626,15.515,,,641024,
4.943742,DUPACK,626,15.515,,,641024,
4.943779,NAK,626,15.515,,,641024,
4.943807,DUPACK,626,15.515,,,641024,
4.943832,NAK,626,15.515,,,641024,
4.944803,DUPACK,626,15.515,,,641024,
4.944838,NAK,626,15.515,,,641024,
4.944866,DUPACK,626,15.515,,,641024,
4.944893,NAK,626,15.515,,,641024,
4.944920,DUPACK,626,15.515,,,641024,
4.944945,NAK,626,15.515,,,641024,
4.944970,DUPACK,626,15.515,,,641024,
4.977201,NAK,626,15.515,,,641024,
4.980564,DUPACK,626,15.515,,,641024,
4.992322,NAK,626,15.515,,,641024,
4.992388,DUPACK,626,15.515,,,641024,
4.992418,NAK,626,15.515,,,641024,
4.992445,DUPACK,626,15.515,,,641024,
4.992593,NAK,626,15.515,,,641024,
4.992640,DUPACK,626,15.515,,,641024,
4.992768,ACK,627,15.580,,,642048,"cum ack, base->627"
4.992833,DUPACK,627,15.580,,,642048,
4.994311,SEND,641,15.580,,200.000,642048,
4.997314,NAK,627,15.580,,,642048,
4.997350,FASTRETX,627,15.580,,200.000,642048,nak
4.997391,DUPACK,627,15.580,,,642048,
4.997418,NAK,627,15.580,,,642048,
4.997445,DUPACK,627,15.580,,,642048,
4.997528,NAK,627,15.580,,,642048,
4.997554,DUPACK,627,15.580,,,642048,
4.997579,NAK,627,15.580,,,642048,
4.997605,DUPACK,627,15.580,,,642048,
4.997635,DUPACK,627,15.580,,,642048,
4.997862,RETX,627,15.580,,200.000,642048,
4.998045,RETX,628,15.580,,200.000,642048,
4.998213,RETX,629,15.580,,200.000,642048,
4.998550,RETX,630,15.580,,200.000,642048,
4.998732,RETX,631,15.580,,200.000,642048,
4.998961,RETX,632,15.580,,200.000,642048,
4.999334,RETX,633,15.580,,200.000,642048,
4.999957,RETX,634,15.580,,200.000,642048,
5.000299,RETX,635,15.580,,200.000,642048,
5.000474,RETX,636,15.580,,200.000,642048,
5.000686,RETX,637,15.580,,200.000,642048,
5.000862,RETX,638,15.580,,200.000,642048,
5.001166,RETX,639,15.580,,200.000,642048,
5.001411,RETX,640,15.580,,200.000,642048,
5.001637,RETX,641,15.580,,200.000,642048,
5.001647,STATS,-1,15.580,,200.000,642048,base=627 next=642
5.001676,NAK,627,15.580,,,642048,
5.001721,DUPACK,627,15.580,,,642048,
5.001754,NAK,627,15.580,,,642048,
5.001783,DUPACK,627,15.580,,,642048,
5.001812,NAK,627,15.580,,,642048,
5.001840,DUPACK,627,15.580,,,642048,
5.001867,NAK,627,15.580,,,642048,
5.001893,DUPACK,627,15.580,,,642048,
5.001921,NAK,627,15.580,,,642048,
5.001948,DUPACK,627,15.580,,,642048,
5.001974,NAK,627,15.580,,,642048,
5.002001,DUPACK,627,15.580,,,642048,
5.031515,NAK,627,15.580,,,642048,
5.041203,DUPACK,627,15.580,,,642048,
5.048921,ACK,629,15.708,,,644096,"cum ack, base->629"
5.049212,ACK,630,15.771,,,645120,"cum ack, base->630"
5.054066,SEND,642,15.771,,200.000,645120,
5.054358,SEND,643,15.771,,200.000,645120,
5.054589,SEND,644,15.771,,200.000,645120,
5.054681,ACK,631,15.835,,,646144,"cum ack, base->631"
5.054731,ACK,632,15.898,,,647168,"cum ack, base->632"
5.054765,ACK,633,15.961,,,648192,"cum ack, base->633"
5.054798,ACK,634,16.024,,,649216,"cum ack, base->634"
5.054828,ACK,635,16.086,,,650240,"cum ack, base->635"
5.054857,ACK,636,16.148,,,651264,"cum ack, base->636"
5.054887,ACK,637,16.210,,,652288,"cum ack, base->637"
5.054916,ACK,638,16.272,,,653312,"cum ack, base->638"
5.054945,ACK,639,16.333,,,654336,"cum ack, base->639"
5.054975,ACK,640,16.394,,,655360,"cum ack, base->640"
5.055005,ACK,641,16.455,,,656384,"cum ack, base->641"
5.055034,ACK,642,16.516,,,657408,"cum ack, base->642"
5.057410,SEND,645,16.516,,200.000,657408,
5.057600,SEND,646,16.516,,200.000,657408,
5.057770,SEND,647,16.516,,200.000,657408,
5.057939,SEND,648,16.516,,200.000,657408,
5.058106,SEND,649,16.516,,200.000,657408,
5.058372,SEND,650,16.516,,200.000,657408,
5.058555,SEND,651,16.516,,200.000,657408,
5.058723,SEND,652,16.516,,200.000,657408,
5.058893,SEND,653,16.516,,200.000,657408,
5.059062,SEND,654,16.516,,200.000,657408,
5.059230,SEND,655,16.516,,200.000,657408,
5.059397,SEND,656,16.516,,200.000,657408,
5.059566,SEND,657,16.516,,200.000,657408,
5.093367,ACK,643,16.577,,,658432,"cum ack, base->643"
5.093967,SEND,658,16.577,,200.000,658432,
5.102630,STATS,-1,16.577,,200.000,658432,base=643 next=659
5.104440,ACK,644,16.637,,,659456,"cum ack, base->644"
5.104641,ACK,645,16.697,,,660480,"cum ack, base->645"
5.104687,ACK,646,16.757,,,661504,"cum ack, base->646"
5.105790,SEND,659,16.757,,200.000,661504,
5.106016,SEND,660,16.757,,200.000,661504,
5.106197,SEND,661,16.757,,200.000,661504,
5.107376,ACK,647,16.817,,,662528,"cum ack, base->647"
5.107444,ACK,649,16.936,,,664576,"cum ack, base->649"
5.107478,ACK,650,16.995,,,665600,"cum ack, base->650"
5.109021,SEND,662,16.995,,200.000,665600,
5.109207,SEND,663,16.995,,200.000,665600,
5.109376,SEND,664,16.995,,200.000,665600,
5.109545,SEND,665,16.995,,200.000,665600,
5.113897,ACK,653,17.170,,,668672,"cum ack, base->653"
5.113960,ACK,654,17.229,,,669696,"cum ack, base->654"
5.113995,ACK,655,17.287,,,670720,"cum ack, base->655"
5.114027,ACK,656,17.345,,,671744,"cum ack, base->656"
5.114060,ACK,657,17.402,,,672768,"cum ack, base->657"
5.114090,ACK,658,17.460,,,673792,"cum ack, base->658"
5.114637,SEND,666,17.460,,200.000,673792,
5.114944,SEND,667,17.460,,200.000,673792,
5.115119,SEND,668,17.460,,200.000,673792,
5.115305,SEND,669,17.460,,200.000,673792,
5.115551,SEND,670,17.460,,200.000,673792,
5.115736,SEND,671,17.460,,200.000,673792,
5.116069,SEND,672,17.460,,200.000,673792,
5.116727,SEND,673,17.460,,200.000,673792,
5.116917,SEND,674,17.460,,200.000,673792,
5.138427,ACK,659,17.517,,,674816,"cum ack, base->659"
5.138798,SEND,675,17.517,,200.000,674816,
5.154808,ACK,660,17.574,,,675840,"cum ack, base->660"
5.157716,SEND,676,17.574,,200.000,675840,
5.170345,ACK,661,17.631,,,676864,"cum ack, base->661"
5.170665,ACK,662,17.688,,,677888,"cum ack, base->662"
5.171110,ACK,663,17.744,,,678912,"cum ack, base->663"
5.171190,ACK,664,17.801,,,679936,"cum ack, base->664"
5.171251,ACK,665,17.857,,,680960,"cum ack, base->665"
5.171322,NAK,665,17.857,,,680960,
5.171347,FASTRETX,665,15.873,,200.000,680960,nak
5.171403,DUPACK,665,15.873,,,680960,
5.171522,NAK,665,15.873,,,680960,
5.171564,DUPACK,665,15.873,,,680960,
5.171595,NAK,665,15.873,,,680960,
5.171623,DUPACK,665,15.873,,,680960,
5.171651,NAK,665,15.873,,,680960,
5.171677,DUPACK,665,15.873,,,680960,
5.171703,NAK,665,15.873,,,680960,
5.171728,DUPACK,665,15.873,,,680960,
5.171752,NAK,665,15.873,,,680960,
5.171778,DUPACK,665,15.873,,,680960,
5.171803,NAK,665,15.873,,,680960,
5.171827,DUPACK,665,15.873,,,680960,
5.171850,NAK,665,15.873,,,680960,
5.172830,RETX,665,15.873,,200.000,680960,
5.173017,RETX,666,15.873,,200.000,680960,
5.173186,RETX,667,15.873,,200.000,680960,
5.173352,RETX,668,15.873,,200.000,680960,
5.173531,RETX,669,15.873,,200.000,680960,
5.173742,RETX,670,15.873,,200.000,680960,
5.173918,RETX,671,15.873,,200.000,680960,
5.174086,RETX,672,15.873,,200.000,680960,
5.174289,RETX,673,15.873,,200.000,680960,
5.174563,RETX,674,15.873,,200.000,680960,
5.174799,RETX,675,15.873,,200.000,680960,
5.175043,RETX,676,15.873,,200.000,680960,
5.175289,SEND,677,15.873,,200.000,680960,
5.175535,SEND,678,15.873,,200.000,680960,
5.175782,SEND,679,15.873,,200.000,680960,
5.185609,NAK,665,15.873,,,680960,
5.198110,DUPACK,665,15.873,,,680960,
5.198148,NAK,665,15.873,,,680960,
5.198169,DUPACK,665,15.873,,,680960,
5.203472,STATS,-1,15.873,,200.000,680960,base=665 next=680
5.233341,NAK,665,15.873,,,680960,
5.233387,DUPACK,665,15.873,,,680960,
5.233405,NAK,665,15.873,,,680960,
5.233417,DUPACK,665,15.873,,,680960,
5.233428,NAK,665,15.873,,,680960,
5.233443,DUPACK,665,15.873,,,680960,
5.233454,NAK,665,15.873,,,680960,
5.233472,DUPACK,665,15.873,,,680960,
5.233487,NAK,665,15.873,,,680960,
5.233502,DUPACK,665,15.873,,,680960,
5.233511,NAK,665,15.873,,,680960,
5.233520,DUPACK,665,15.873,,,680960,
5.233529,DUPACK,665,15.873,,,680960,
5.233538,NAK,665,15.873,,,680960,
5.233547,DUPACK,665,15.873,,,680960,
5.233556,DUPACK,665,15.873,,,680960,
5.233567,NAK,665,15.873,,,680960,
5.233576,DUPACK,665,15.873,,,680960,
5.233585,NAK,665,15.873,,,680960,
5.233594,DUPACK,665,15.873,,,680960,
5.233603,NAK,665,15.873,,,680960,
5.233612,DUPACK,665,15.873,,,680960,
5.233621,NAK,665,15.873,,,680960,
5.233630,DUPACK,665,15.873,,,680960,
5.233639,NAK,665,15.873,,,680960,
5.233649,DUPACK,665,15.873,,,680960,
5.305103,STATS,-1,15.873,,200.000,680960,base=665 next=680
5.373829,TIMEOUT,665,15.873,,200.000,680960,timeout
5.376715,RETX,665,15.873,,200.000,680960,
5.376938,RETX,666,15.873,,200.000,680960,
5.377142,RETX,667,15.873,,200.000,680960,
5.377346,RETX,668,15.873,,200.000,680960,
5.377621,RETX,669,15.873,,200.000,680960,
5.377839,RETX,670,15.873,,200.000,680960,
5.378054,RETX,671,15.873,,200.000,680960,
5.378333,RETX,672,15.873,,200.000,680960,
5.378549,RETX,673,15.873,,200.000,680960,
5.378954,RETX,674,15.873,,200.000,680960,
5.379540,RETX,675,15.873,,200.000,680960,
5.379829,RETX,676,15.873,,200.000,680960,
5.380008,RETX,677,15.873,,200.000,680960,
5.380176,RETX,678,15.873,,200.000,680960,
5.380429,RETX,679,15.873,,200.000,680960,
5.405778,STATS,-1,15.873,,200.000,680960,base=665 next=680
5.413153,ACK,666,15.936,,,681984,"cum ack, base->666"
5.413636,SEND,680,15.936,,200.000,681984,
5.424188,ACK,667,15.998,,,683008,"cum ack, base->667"
5.426114,SEND,681,15.998,,200.000,683008,
5.427340,ACK,668,16.061,,,684032,"cum ack, base->668"
5.427408,ACK,669,16.123,,,685056,"cum ack, base->669"
5.427451,ACK,670,16.185,,,686080,"cum ack, base->670"
5.427746,ACK,671,16.247,,,687104,"cum ack, base->671"
5.429052,SEND,682,16.247,,200.000,687104,
5.429300,SEND,683,16.247,,200.000,687104,
5.429577,SEND,684,16.247,,200.000,687104,
5.429788,SEND,685,16.247,,200.000,687104,
5.430064,SEND,686,16.247,,200.000,687104,
5.430811,ACK,672,16.309,,,688128,"cum ack, base->672"
5.430875,NAK,672,16.309,,,688128,
5.430887,FASTRETX,672,16.309,,200.000,688128,nak
5.430924,DUPACK,672,16.309,,,688128,
5.430957,NAK,672,16.309,,,688128,
5.430988,DUPACK,672,16.309,,,688128,
5.431018,NAK,672,16.309,,,688128,
5.431048,NAK,672,16.309,,,688128,
5.431078,DUPACK,672,16.309,,,688128,
5.431107,NAK,672,16.309,,,688128,
5.431253,DUPACK,672,16.309,,,688128,
5.432989,RETX,672,16.309,,200.000,688128,
5.433256,RETX,673,16.309,,200.000,688128,
5.433472,RETX,674,16.309,,200.000,688128,
5.433676,RETX,675,16.309,,200.000,688128,
5.433882,RETX,676,16.309,,200.000,688128,
5.434131,RETX,677,16.309,,200.000,688128,
5.434466,RETX,678,16.309,,200.000,688128,
5.434674,RETX,679,16.309,,200.000,688128,
5.434876,RETX,680,16.309,,200.000,688128,
5.435094,RETX,681,16.309,,200.000,688128,
5.435292,RETX,682,16.309,,200.000,688128,
5.435508,RETX,683,16.309,,200.000,688128,
5.435725,RETX,684,16.309,,200.000,688128,
5.436106,RETX,685,16.309,,200.000,688128,
5.436338,RETX,686,16.309,,200.000,688128,
5.436544,SEND,687,16.309,,200.000,688128,
5.436688,NAK,672,16.309,,,688128,
5.436748,DUPACK,672,16.309,,,688128,
5.436782,NAK,672,16.309,,,688128,
5.436857,DUPACK,672,16.309,,,688128,
5.457841,NAK,672,16.309,,,688128,
5.463509,DUPACK,672,16.309,,,688128,
5.470237,NAK,672,16.309,,,688128,
5.470312,DUPACK,672,16.309,,,688128,
5.470347,NAK,672,16.309,,,688128,
5.470377,DUPACK,672,16.309,,,688128,
5.480498,NAK,672,16.309,,,688128,
5.480705,DUPACK,672,16.309,,,688128,
5.480771,NAK,672,16.309,,,688128,
5.480803,DUPACK,672,16.309,,,688128,
5.480831,NAK,672,16.309,,,688128,
5.483300,DUPACK,672,16.309,,,688128,
5.483366,NAK,672,16.309,,,688128,
5.483398,DUPACK,672,16.309,,,688128,
5.483445,ACK,673,16.370,,,689152,"cum ack, base->673"
5.483482,ACK,674,16.431,,,690176,"cum ack, base->674"
5.483516,ACK,675,16.492,,,691200,"cum ack, base->675"
5.483546,ACK,676,16.552,,,692224,"cum ack, base->676"
5.485631,SEND,688,16.552,,200.000,692224,
5.486039,SEND,689,16.552,,200.000,692224,
5.486262,SEND,690,16.552,,200.000,692224,
5.486501,SEND,691,16.552,,200.000,692224,
5.486712,ACK,677,16.613,,,693248,"cum ack, base->677"
5.486762,ACK,678,16.673,,,694272,"cum ack, base->678"
5.486799,ACK,679,16.733,,,695296,"cum ack, base->679"
5.486831,ACK,680,16.793,,,696320,"cum ack, base->680"
5.486863,ACK,681,16.852,,,697344,"cum ack, base->681"
5.486889,NAK,681,16.852,,,697344,
5.486901,FASTRETX,681,14.980,,200.000,697344,nak
5.486929,DUPACK,681,14.980,,,697344,
5.486954,NAK,681,14.980,,,697344,
5.488673,DUPACK,681,14.980,,,697344,
5.488730,NAK,681,14.980,,,697344,
5.488759,DUPACK,681,14.980,,,697344,
5.488785,NAK,681,14.980,,,697344,
5.488811,DUPACK,681,14.980,,,697344,
5.488836,NAK,681,14.980,,,697344,
5.488861,DUPACK,681,14.980,,,697344,
5.489103,RETX,681,14.980,,200.000,697344,
5.489281,RETX,682,14.980,,200.000,697344,
5.489446,RETX,683,14.980,,200.000,697344,
5.489622,RETX,684,14.980,,200.000,697344,
5.489799,RETX,685,14.980,,200.000,697344,
5.490009,RETX,686,14.980,,200.000,697344,
5.490194,RETX,687,14.980,,200.000,697344,
5.490362,RETX,688,14.980,,200.000,697344,
5.490561,RETX,689,14.980,,200.000,697344,
5.490733,RETX,690,14.980,,200.000,697344,
5.490900,RETX,691,14.980,,200.000,697344,
5.491066,SEND,692,14.980,,200.000,697344,
5.491299,SEND,693,14.980,,200.000,697344,
5.491512,SEND,694,14.980,,200.000,697344,
5.507582,STATS,-1,14.980,,200.000,697344,base=681 next=695
5.537905,NAK,681,14.980,,,697344,
5.537970,DUPACK,681,14.980,,,697344,
5.538002,NAK,681,14.980,,,697344,
5.538032,DUPACK,681,14.980,,,697344,
5.538058,NAK,681,14.980,,,697344,
5.538085,DUPACK,681,14.980,,,697344,
5.538110,NAK,681,14.980,,,697344,
5.538135,DUPACK,681,14.980,,,697344,
5.538174,ACK,682,15.047,,,698368,"cum ack, base->682"
5.538208,ACK,683,15.113,,,699392,"cum ack, base->683"
5.538233,NAK,683,15.113,,,699392,
5.538242,FASTRETX,683,15.113,,200.000,699392,nak
5.539152,RETX,683,15.113,,200.000,699392,
5.539385,RETX,684,15.113,,200.000,699392,
5.539613,RETX,685,15.113,,200.000,699392,
5.539838,RETX,686,15.113,,200.000,699392,
5.540062,RETX,687,15.113,,200.000,699392,
5.540289,RETX,688,15.113,,200.000,699392,
5.540516,RETX,689,15.113,,200.000,699392,
5.540746,RETX,690,15.113,,200.000,699392,
5.540985,RETX,691,15.113,,200.000,699392,
5.541213,RETX,692,15.113,,200.000,699392,
5.541442,RETX,693,15.113,,200.000,699392,
5.541668,RETX,694,15.113,,200.000,699392,
5.541894,SEND,695,15.113,,200.000,699392,
5.542120,SEND,696,15.113,,200.000,699392,
5.542345,SEND,697,15.113,,200.000,699392,
5.542408,DUPACK,683,15.113,,,699392,
5.542437,NAK,683,15.113,,,699392,
5.542464,DUPACK,683,15.113,,,699392,
5.542488,NAK,683,15.113,,,699392,
5.542512,DUPACK,683,15.113,,,699392,
5.542535,NAK,683,15.113,,,699392,
5.542559,DUPACK,683,15.113,,,699392,
5.542581,NAK,683,15.113,,,699392,
5.542607,DUPACK,683,15.113,,,699392,
5.542638,NAK,683,15.113,,,699392,
5.542663,DUPACK,683,15.113,,,699392,
5.542698,NAK,683,15.113,,,699392,
5.542722,DUPACK,683,15.113,,,699392,
5.544463,NAK,683,15.113,,,699392,
5.547266,DUPACK,683,15.113,,,699392,
5.547296,NAK,683,15.113,,,699392,
5.547322,DUPACK,683,15.113,,,699392,
5.547346,NAK,683,15.113,,,699392,
5.547372,DUPACK,683,15.113,,,699392,
5.547401,NAK,683,15.113,,,699392,
5.582111,ACK,684,15.179,,,700416,"cum ack, base->684"
5.588390,ACK,685,15.245,,,701440,"cum ack, base->685"
5.588493,ACK,686,15.311,,,702464,"cum ack, base->686"
5.588895,SEND,698,15.311,,200.000,702464,
5.589145,SEND,699,15.311,,200.000,702464,
5.589377,SEND,700,15.311,,200.000,702464,
5.589465,ACK,687,15.376,,,703488,"cum ack, base->687"
5.589512,ACK,688,15.441,,,704512,"cum ack, base->688"
5.589547,ACK,689,15.506,,,705536,"cum ack, base->689"
5.589581,ACK,690,15.570,,,706560,"cum ack, base->690"
5.589613,ACK,691,15.635,,,707584,"cum ack, base->691"
5.590184,ACK,692,15.699,,,708608,"cum ack, base->692"
5.591715,NAK,692,15.699,,,708608,
5.591729,FASTRETX,692,13.954,,200.000,708608,nak
5.591759,DUPACK,692,13.954,,,708608,
5.591784,DUPACK,692,13.954,,,708608,
5.591805,NAK,692,13.954,,,708608,
5.591826,DUPACK,692,13.954,,,708608,
5.591846,NAK,692,13.954,,,708608,
5.592122,RETX,692,13.954,,200.000,708608,
5.592327,RETX,693,13.954,,200.000,708608,
5.592518,RETX,694,13.954,,200.000,708608,
5.592710,RETX,695,13.954,,200.000,708608,
5.592896,RETX,696,13.954,,200.000,708608,
5.593094,RETX,697,13.954,,200.000,708608,
5.593280,RETX,698,13.954,,200.000,708608,
5.593471,RETX,699,13.954,,200.000,708608,
5.593667,RETX,700,13.954,,200.000,708608,
5.593867,SEND,701,13.954,,200.000,708608,
5.594054,SEND,702,13.954,,200.000,708608,
5.594246,SEND,703,13.954,,200.000,708608,
5.594436,SEND,704,13.954,,200.000,708608,
5.594484,NAK,692,13.954,,,708608,
5.594510,DUPACK,692,13.954,,,708608,
5.609947,STATS,-1,13.954,,200.000,708608,base=692 next=705
5.636083,NAK,692,13.954,,,708608,
5.636255,DUPACK,692,13.954,,,708608,
5.636327,NAK,692,13.954,,,708608,
5.636906,DUPACK,692,13.954,,,708608,
5.636997,NAK,692,13.954,,,708608,
5.637035,DUPACK,692,13.954,,,708608,
5.637079,ACK,693,14.026,,,709632,"cum ack, base->693"
5.637106,NAK,694,14.026,,,709632,
5.637115,FASTRETX,693,14.026,,200.000,709632,nak
5.637148,ACK,694,14.097,,,710656,"cum ack, base->694"
5.637174,NAK,694,14.097,,,710656,
5.637181,FASTRETX,694,14.097,,200.000,710656,nak
5.637207,DUPACK,694,14.097,,,710656,
5.637232,NAK,694,14.097,,,710656,
5.637258,DUPACK,694,14.097,,,710656,
5.637282,NAK,694,14.097,,,710656,
5.637308,DUPACK,694,14.097,,,710656,
5.638921,NAK,694,14.097,,,710656,
5.638990,DUPACK,694,14.097,,,710656,
5.639020,DUPACK,694,14.097,,,710656,
5.639050,NAK,694,14.097,,,710656,
5.639076,DUPACK,694,14.097,,,710656,
5.639100,NAK,694,14.097,,,710656,
5.639125,DUPACK,694,14.097,,,710656,
5.639149,NAK,694,14.097,,,710656,
5.639173,DUPACK,694,14.097,,,710656,
5.639197,NAK,694,14.097,,,710656,
5.639222,DUPACK,694,14.097,,,710656,
5.639609,RETX,694,14.097,,200.000,710656,
5.639785,RETX,695,14.097,,200.000,710656,
5.639950,RETX,696,14.097,,200.000,710656,
5.640122,RETX,697,14.097,,200.000,710656,
5.640288,RETX,698,14.097,,200.000,710656,
5.640456,RETX,699,14.097,,200.000,710656,
5.640657,RETX,700,14.097,,200.000,710656,
5.640861,RETX,701,14.097,,200.000,710656,
5.641032,RETX,702,14.097,,200.000,710656,
5.641199,RETX,703,14.097,,200.000,710656,
5.641395,RETX,704,14.097,,200.000,710656,
5.641569,SEND,705,14.097,,200.000,710656,
5.641738,SEND,706,14.097,,200.000,710656,
5.641925,SEND,707,14.097,,200.000,710656,
5.681804,ACK,695,14.168,,,711680,"cum ack, base->695"
5.684533,SEND,708,14.168,,200.000,711680,
5.684751,ACK,696,14.239,,,712704,"cum ack, base->696"
5.684790,NAK,696,14.239,,,712704,
5.684800,FASTRETX,696,14.239,,200.000,712704,nak
5.687541,RETX,696,14.239,,200.000,712704,
5.687773,RETX,697,14.239,,200.000,712704,
5.688023,RETX,698,14.239,,200.000,712704,
5.688289,RETX,699,14.239,,200.000,712704,
5.688471,RETX,700,14.239,,200.000,712704,
5.688640,RETX,701,14.239,,200.000,712704,
5.688809,RETX,702,14.239,,200.000,712704,
5.688977,RETX,703,14.239,,200.000,712704,
5.689143,RETX,704,14.239,,200.000,712704,
5.689390,RETX,705,14.239,,200.000,712704,
5.689595,RETX,706,14.239,,200.000,712704,
5.689838,RETX,707,14.239,,200.000,712704,
5.690076,RETX,708,14.239,,200.000,712704,
5.690276,SEND,709,14.239,,200.000,712704,
5.690364,DUPACK,696,14.239,,,712704,
5.690400,NAK,696,14.239,,,712704,
5.690429,NAK,696,14.239,,,712704,
5.690455,DUPACK,696,14.239,,,712704,
5.690480,NAK,696,14.239,,,712704,
5.690508,NAK,696,14.239,,,712704,
5.691848,DUPACK,696,14.239,,,712704,
5.691918,NAK,696,14.239,,,712704,
5.695529,DUPACK,696,14.239,,,712704,
5.695581,NAK,696,14.239,,,712704,
5.695610,DUPACK,696,14.239,,,712704,
5.695637,NAK,696,14.239,,,712704,
5.695663,DUPACK,696,14.239,,,712704,
5.695687,NAK,696,14.239,,,712704,
5.695714,DUPACK,696,14.239,,,712704,
5.695740,NAK,696,14.239,,,712704,
5.695766,DUPACK,696,14.239,,,712704,
5.695791,NAK,696,14.239,,,712704,
5.695816,DUPACK,696,14.239,,,712704,
5.710497,STATS,-1,14.239,,200.000,712704,base=696 next=710
5.737237,NAK,696,14.239,,,712704,
5.737293,DUPACK,696,14.239,,,712704,
5.737337,ACK,697,14.309,,,713728,"cum ack, base->697"
5.737372,ACK,699,14.448,,,715776,"cum ack, base->699"
5.737404,ACK,700,14.518,,,716800,"cum ack, base->700"
5.737436,ACK,701,14.586,,,717824,"cum ack, base->701"
5.738210,ACK,703,14.723,,,719872,"cum ack, base->703"
5.738254,ACK,705,14.859,,,721920,"cum ack, base->705"
5.738285,ACK,706,14.926,,,722944,"cum ack, base->706"
5.738632,SEND,710,14.926,,200.000,722944,
5.738811,SEND,711,14.926,,200.000,722944,
5.738980,SEND,712,14.926,,200.000,722944,
5.739149,SEND,713,14.926,,200.000,722944,
5.739416,SEND,714,14.926,,200.000,722944,
5.739600,SEND,715,14.926,,200.000,722944,
5.739857,SEND,716,14.926,,200.000,722944,
5.740029,SEND,717,14.926,,200.000,722944,
5.740197,SEND,718,14.926,,200.000,722944,
5.740364,SEND,719,14.926,,200.000,722944,
5.740653,ACK,707,14.993,,,723968,"cum ack, base->707"
5.740703,ACK,708,15.060,,,724992,"cum ack, base->708"
5.740737,ACK,709,15.126,,,726016,"cum ack, base->709"
5.743143,SEND,720,15.126,,200.000,726016,
5.743328,SEND,721,15.126,,200.000,726016,
5.743496,SEND,722,15.126,,200.000,726016,
5.743736,SEND,723,15.126,,200.000,726016,
5.743851,ACK,710,15.192,,,727040,"cum ack, base->710"
5.746916,SEND,724,15.192,,200.000,727040,
5.774614,ACK,711,15.258,,,728064,"cum ack, base->711"
5.775527,SEND,725,15.258,,200.000,728064,
5.775641,ACK,712,15.324,,,729088,"cum ack, base->712"
5.778127,SEND,726,15.324,,200.000,729088,
5.787768,ACK,713,15.389,,,730112,"cum ack, base->713"
5.787826,ACK,714,15.454,,,731136,"cum ack, base->714"
5.787895,ACK,715,15.519,,,732160,"cum ack, base->715"
5.788420,SEND,727,15.519,,200.000,732160,
5.788620,SEND,728,15.519,,200.000,732160,
5.788795,SEND,729,15.519,,200.000,732160,
5.789838,ACK,716,15.583,,,733184,"cum ack, base->716"
5.789890,ACK,717,15.647,,,734208,"cum ack, base->717"
5.789921,NAK,717,15.647,,,734208,
5.789932,FASTRETX,717,13.909,,200.000,734208,nak
5.789960,DUPACK,717,13.909,,,734208,
5.789985,DUPACK,717,13.909,,,734208,
5.790009,NAK,717,13.909,,,734208,
5.790035,DUPACK,717,13.909,,,734208,
5.790059,NAK,717,13.909,,,734208,
5.790084,DUPACK,717,13.909,,,734208,
5.790108,NAK,717,13.909,,,734208,
5.790133,DUPACK,717,13.909,,,734208,
5.791446,RETX,717,13.909,,200.000,734208,
5.791714,RETX,718,13.909,,200.000,734208,
5.791889,RETX,719,13.909,,200.000,734208,
5.792061,RETX,720,13.909,,200.000,734208,
5.792229,RETX,721,13.909,,200.000,734208,
5.792397,RETX,722,13.909,,200.000,734208,
5.792796,RETX,723,13.909,,200.000,734208,
5.793009,RETX,724,13.909,,200.000,734208,
5.793195,RETX,725,13.909,,200.000,734208,
5.793265,RETX,726,13.909,,200.000,734208,
5.793326,RETX,727,13.909,,200.000,734208,
5.793389,RETX,728,13.909,,200.000,734208,
5.793450,RETX,729,13.909,,200.000,734208,
5.793487,NAK,717,13.909,,,734208,
5.793503,DUPACK,717,13.909,,,734208,
5.793513,NAK,717,13.909,,,734208,
5.793521,DUPACK,717,13.909,,,734208,
5.811637,STATS,-1,13.909,,200.000,734208,base=717 next=730
5.820906,NAK,717,13.909,,,734208,
5.821915,DUPACK,717,13.909,,,734208,
5.822195,NAK,717,13.909,,,734208,
5.822425,DUPACK,717,13.909,,,734208,
5.841298,NAK,717,13.909,,,734208,
5.841518,DUPACK,717,13.909,,,734208,
5.841562,NAK,717,13.909,,,734208,
5.841598,NAK,717,13.909,,,734208,
5.845882,DUPACK,717,13.909,,,734208,
5.845960,ACK,718,13.981,,,735232,"cum ack, base->718"
5.846022,ACK,719,14.052,,,736256,"cum ack, base->719"
5.846078,ACK,720,14.123,,,737280,"cum ack, base->720"
5.846126,ACK,721,14.194,,,738304,"cum ack, base->721"
5.846173,ACK,722,14.264,,,739328,"cum ack, base->722"
5.846220,ACK,723,14.335,,,740352,"cum ack, base->723"
5.846272,ACK,724,14.404,,,741376,"cum ack, base->724"
5.847641,SEND,730,14.404,,200.000,741376,
5.847915,SEND,731,14.404,,200.000,741376,
5.848167,SEND,732,14.404,,200.000,741376,
5.848426,SEND,733,14.404,,200.000,741376,
5.848695,SEND,734,14.404,,200.000,741376,
5.849073,SEND,735,14.404,,200.000,741376,
5.849466,SEND,736,14.404,,200.000,741376,
5.849845,SEND,737,14.404,,200.000,741376,
5.850898,ACK,725,14.474,,,742400,"cum ack, base->725"
5.851028,ACK,726,14.543,,,743424,"cum ack, base->726"
5.851069,ACK,727,14.612,,,744448,"cum ack, base->727"
5.851108,ACK,728,14.680,,,745472,"cum ack, base->728"
5.851147,ACK,729,14.748,,,746496,"cum ack, base->729"
5.851184,ACK,730,14.816,,,747520,"cum ack, base->730"
5.852878,SEND,738,14.816,,200.000,747520,
5.853135,SEND,739,14.816,,200.000,747520,
5.853449,SEND,740,14.816,,200.000,747520,
5.853677,SEND,741,14.816,,200.000,747520,
5.854029,SEND,742,14.816,,200.000,747520,
5.854291,SEND,743,14.816,,200.000,747520,
5.891098,ACK,731,14.883,,,748544,"cum ack, base->731"
5.891159,NAK,731,14.883,,,748544,
5.891172,FASTRETX,731,13.230,,200.000,748544,nak
5.893695,RETX,731,13.230,,200.000,748544,
5.894174,RETX,732,13.230,,200.000,748544,
5.894450,RETX,733,13.230,,200.000,748544,
5.894660,RETX,734,13.230,,200.000,748544,
5.894868,RETX,735,13.230,,200.000,748544,
5.895075,RETX,736,13.230,,200.000,748544,
5.895476,RETX,737,13.230,,200.000,748544,
5.895702,RETX,738,13.230,,200.000,748544,
5.895910,RETX,739,13.230,,200.000,748544,
5.896113,RETX,740,13.230,,200.000,748544,
5.896317,RETX,741,13.230,,200.000,748544,
5.896515,RETX,742,13.230,,200.000,748544,
5.896763,RETX,743,13.230,,200.000,748544,
5.896884,DUPACK,731,13.230,,,748544,
5.896963,NAK,731,13.230,,,748544,
5.896999,DUPACK,731,13.230,,,748544,
5.898983,NAK,731,13.230,,,748544,
5.899020,DUPACK,731,13.230,,,748544,
5.899044,NAK,731,13.230,,,748544,
5.899055,DUPACK,731,13.230,,,748544,
5.900184,NAK,731,13.230,,,748544,
5.900195,DUPACK,731,13.230,,,748544,
5.900436,NAK,731,13.230,,,748544,
5.900658,DUPACK,731,13.230,,,748544,
5.900672,NAK,731,13.230,,,748544,
5.900680,DUPACK,731,13.230,,,748544,
5.900688,NAK,731,13.230,,,748544,
5.900695,DUPACK,731,13.230,,,748544,
5.900702,NAK,731,13.230,,,748544,
5.900710,DUPACK,731,13.230,,,748544,
5.900717,NAK,731,13.230,,,748544,
5.900724,NAK,731,13.230,,,748544,
5.900731,DUPACK,731,13.230,,,748544,
5.911772,STATS,-1,13.230,,200.000,748544,base=731 next=744
5.940107,ACK,732,13.305,,,749568,"cum ack, base->732"
5.942038,SEND,744,13.305,,200.000,749568,
5.949871,ACK,733,13.381,,,750592,"cum ack, base->733"
5.950239,ACK,734,13.455,,,751616,"cum ack, base->734"
5.950304,ACK,735,13.530,,,752640,"cum ack, base->735"
5.950338,ACK,736,13.603,,,753664,"cum ack, base->736"
5.950425,ACK,737,13.677,,,754688,"cum ack, base->737"
5.950484,ACK,738,13.750,,,755712,"cum ack, base->738"
5.950516,ACK,739,13.823,,,756736,"cum ack, base->739"
5.950547,ACK,740,13.895,,,757760,"cum ack, base->740"
5.950660,ACK,741,13.967,,,758784,"cum ack, base->741"
5.952581,SEND,745,13.967,,200.000,758784,
5.952776,SEND,746,13.967,,200.000,758784,
5.953014,SEND,747,13.967,,200.000,758784,
5.953310,SEND,748,13.967,,200.000,758784,
5.953536,SEND,749,13.967,,200.000,758784,
5.953704,SEND,750,13.967,,200.000,758784,
5.953874,SEND,751,13.967,,200.000,758784,
5.954093,SEND,752,13.967,,200.000,758784,
5.954544,SEND,753,13.967,,200.000,758784,
5.954645,ACK,742,14.039,,,759808,"cum ack, base->742"
5.954727,NAK,742,14.039,,,759808,
5.954806,FASTRETX,742,14.039,,200.000,759808,nak
5.954842,DUPACK,742,14.039,,,759808,
5.957352,RETX,742,14.039,,200.000,759808,
5.957548,RETX,743,14.039,,200.000,759808,
5.957728,RETX,744,14.039,,200.000,759808,
5.957896,RETX,745,14.039,,200.000,759808,
5.958063,RETX,746,14.039,,200.000,759808,
5.958240,RETX,747,14.039,,200.000,759808,
5.958408,RETX,748,14.039,,200.000,759808,
5.958573,RETX,749,14.039,,200.000,759808,
5.958746,RETX,750,14.039,,200.000,759808,
5.958913,RETX,751,14.039,,200.000,759808,
5.959090,RETX,752,14.039,,200.000,759808,
5.959258,RETX,753,14.039,,200.000,759808,
5.959431,SEND,754,14.039,,200.000,759808,
5.959598,SEND,755,14.039,,200.000,759808,
5.978477,DUPACK,742,14.039,,,759808,
5.995509,NAK,742,14.039,,,759808,
5.995564,DUPACK,742,14.039,,,759808,
5.995593,NAK,742,14.039,,,759808,
5.996247,DUPACK,742,14.039,,,759808,
5.996288,NAK,742,14.039,,,759808,
5.996315,DUPACK,742,14.039,,,759808,
5.996340,NAK,742,14.039,,,759808,
5.996536,DUPACK,742,14.039,,,759808,
6.005178,NAK,742,14.039,,,759808,
6.005235,DUPACK,742,14.039,,,759808,
6.005263,NAK,742,14.039,,,759808,
6.005291,DUPACK,742,14.039,,,759808,
6.005319,NAK,742,14.039,,,759808,
6.005346,DUPACK,742,14.039,,,759808,
6.005371,NAK,742,14.039,,,759808,
6.005397,DUPACK,742,14.039,,,759808,
6.005422,NAK,742,14.039,,,759808,
6.005447,DUPACK,742,14.039,,,759808,
6.005487,ACK,743,14.110,,,760832,"cum ack, base->743"
6.006487,ACK,744,14.181,,,761856,"cum ack, base->744"
6.006532,ACK,745,14.251,,,762880,"cum ack, base->745"
6.006564,ACK,746,14.322,,,763904,"cum ack, base->746"
6.007113,ACK,747,14.391,,,764928,"cum ack, base->747"
6.007179,ACK,748,14.461,,,765952,"cum ack, base->748"
6.007221,ACK,749,14.530,,,766976,"cum ack, base->749"
6.007787,SEND,756,14.530,,200.000,766976,
6.008006,SEND,757,14.530,,200.000,766976,
6.008221,SEND,758,14.530,,200.000,766976,
6.008424,SEND,759,14.530,,200.000,766976,
6.008684,SEND,760,14.530,,200.000,766976,
6.009013,SEND,761,14.530,,200.000,766976,
6.009242,SEND,762,14.530,,200.000,766976,
6.009390,ACK,750,14.599,,,768000,"cum ack, base->750"
6.009462,ACK,751,14.667,,,769024,"cum ack, base->751"
6.009504,ACK,752,14.736,,,770048,"cum ack, base->752"
6.011046,ACK,753,14.803,,,771072,"cum ack, base->753"
6.011103,ACK,754,14.871,,,772096,"cum ack, base->754"
6.011143,ACK,755,14.938,,,773120,"cum ack, base->755"
6.011181,ACK,756,15.005,,,774144,"cum ack, base->756"
6.012031,SEND,763,15.005,,200.000,774144,
6.012265,SEND,764,15.005,,200.000,774144,
6.012476,SEND,765,15.005,,200.000,774144,
6.012678,SEND,766,15.005,,200.000,774144,
6.012881,SEND,767,15.005,,200.000,774144,
6.013083,SEND,768,15.005,,200.000,774144,
6.013285,SEND,769,15.005,,200.000,774144,
6.013490,SEND,770,15.005,,200.000,774144,
6.013503,STATS,-1,15.005,,200.000,774144,base=756 next=771
6.047986,ACK,757,15.072,,,775168,"cum ack, base->757"
6.049950,SEND,771,15.072,,200.000,775168,
6.053252,ACK,758,15.138,,,776192,"cum ack, base->758"
6.053316,ACK,759,15.204,,,777216,"cum ack, base->759"
6.053352,ACK,760,15.270,,,778240,"cum ack, base->760"
6.053384,ACK,761,15.335,,,779264,"cum ack, base->761"
6.055293,SEND,772,15.335,,200.000,779264,
6.055558,SEND,773,15.335,,200.000,779264,
6.055816,SEND,774,15.335,,200.000,779264,
6.056023,SEND,775,15.335,,200.000,779264,
6.056141,ACK,762,15.401,,,780288,"cum ack, base->762"
6.058824,SEND,776,15.401,,200.000,780288,
6.060935,ACK,763,15.466,,,781312,"cum ack, base->763"
6.061644,SEND,777,15.466,,200.000,781312,
6.063541,ACK,764,15.530,,,782336,"cum ack, base->764"
6.063603,ACK,765,15.595,,,783360,"cum ack, base->765"
6.063644,ACK,766,15.659,,,784384,"cum ack, base->766"
6.063683,ACK,767,15.723,,,785408,"cum ack, base->767"
6.063719,ACK,768,15.786,,,786432,"cum ack, base->768"
6.063756,ACK,770,15.913,,,788480,"cum ack, base->770"
6.063792,ACK,771,15.975,,,789504,"cum ack, base->771"
6.064422,SEND,778,15.975,,200.000,789504,
6.064601,SEND,779,15.975,,200.000,789504,
6.064770,SEND,780,15.975,,200.000,789504,
6.064938,SEND,781,15.975,,200.000,789504,
6.065108,SEND,782,15.975,,200.000,789504,
6.065274,SEND,783,15.975,,200.000,789504,
6.065441,SEND,784,15.975,,200.000,789504,
6.065704,SEND,785,15.975,,200.000,789504,
6.082120,ACK,772,16.038,,,790528,"cum ack, base->772"
6.084297,SEND,786,16.038,,200.000,790528,
6.084667,SEND,787,16.038,,200.000,790528,
6.100207,ACK,773,16.100,,,791552,"cum ack, base->773"
6.100284,ACK,774,16.163,,,792576,"cum ack, base->774"
6.100336,ACK,775,16.224,,,793600,"cum ack, base->775"
6.103536,SEND,788,16.224,,200.000,793600,
6.103926,SEND,789,16.224,,200.000,793600,
6.104282,SEND,790,16.224,,200.000,793600,
6.104594,ACK,776,16.286,,,794624,"cum ack, base->776"
6.104660,ACK,777,16.347,,,795648,"cum ack, base->777"
6.104709,ACK,778,16.409,,,796672,"cum ack, base->778"
6.107033,SEND,791,16.409,,200.000,796672,
6.107271,SEND,792,16.409,,200.000,796672,
6.107468,SEND,793,16.409,,200.000,796672,
6.107551,ACK,779,16.470,,,797696,"cum ack, base->779"
6.107616,ACK,780,16.530,,,798720,"cum ack, base->780"
6.110237,SEND,794,16.530,,200.000,798720,
6.110491,SEND,795,16.530,,200.000,798720,
6.115679,ACK,781,16.591,,,799744,"cum ack, base->781"
6.115775,ACK,782,16.651,,,800768,"cum ack, base->782"
6.115823,ACK,783,16.711,,,801792,"cum ack, base->783"
6.115867,ACK,784,16.771,,,802816,"cum ack, base->784"
6.115910,ACK,785,16.831,,,803840,"cum ack, base->785"
6.115954,ACK,786,16.890,,,804864,"cum ack, base->786"
6.116187,SEND,796,16.890,,200.000,804864,
6.116410,SEND,797,16.890,,200.000,804864,
6.116863,SEND,798,16.890,,200.000,804864,
6.117097,SEND,799,16.890,,200.000,804864,
6.117315,SEND,800,16.890,,200.000,804864,
6.117486,SEND,801,16.890,,200.000,804864,
6.117497,STATS,-1,16.890,,200.000,804864,base=786 next=802
6.124577,ACK,787,16.949,,,805888,"cum ack, base->787"
6.124661,ACK,788,17.008,,,806912,"cum ack, base->788"
6.125316,SEND,802,17.008,,200.000,806912,
6.125517,SEND,803,17.008,,200.000,806912,
6.125689,SEND,804,17.008,,200.000,806912,
6.144870,ACK,789,17.067,,,807936,"cum ack, base->789"
6.144996,ACK,790,17.126,,,808960,"cum ack, base->790"
6.145070,ACK,791,17.184,,,809984,"cum ack, base->791"
6.146188,SEND,805,17.184,,200.000,809984,
6.146516,SEND,806,17.184,,200.000,809984,
6.146913,SEND,807,17.184,,200.000,809984,
6.147052,ACK,792,17.242,,,811008,"cum ack, base->792"
6.150743,SEND,808,17.242,,200.000,811008,
6.153691,ACK,793,17.300,,,812032,"cum ack, base->793"
6.153757,ACK,794,17.358,,,813056,"cum ack, base->794"
6.153799,ACK,795,17.416,,,814080,"cum ack, base->795"
6.153837,ACK,796,17.473,,,815104,"cum ack, base->796"
6.156341,SEND,809,17.473,,200.000,815104,
6.156809,SEND,810,17.473,,200.000,815104,
6.157057,SEND,811,17.473,,200.000,815104,
6.157465,SEND,812,17.473,,200.000,815104,
6.158007,NAK,796,17.473,,,815104,
6.158026,FASTRETX,796,15.532,,200.000,815104,nak
6.158069,DUPACK,796,15.532,,,815104,
6.160322,RETX,796,15.532,,200.000,815104,
6.160536,RETX,797,15.532,,200.000,815104,
6.160711,RETX,798,15.532,,200.000,815104,
6.160879,RETX,799,15.532,,200.000,815104,
6.161046,RETX,800,15.532,,200.000,815104,
6.161252,RETX,801,15.532,,200.000,815104,
6.161432,RETX,802,15.532,,200.000,815104,
6.161602,RETX,803,15.532,,200.000,815104,
6.161769,RETX,804,15.532,,200.000,815104,
6.161931,RETX,805,15.532,,200.000,815104,
6.162170,RETX,806,15.532,,200.000,815104,
6.162375,RETX,807,15.532,,200.000,815104,
6.162555,RETX,808,15.532,,200.000,815104,
6.162722,RETX,809,15.532,,200.000,815104,
6.162889,RETX,810,15.532,,200.000,815104,
6.167340,NAK,796,15.532,,,815104,
6.167396,DUPACK,796,15.532,,,815104,
6.167424,NAK,796,15.532,,,815104,
6.167450,DUPACK,796,15.532,,,815104,
6.169286,NAK,796,15.532,,,815104,
6.169341,DUPACK,796,15.532,,,815104,
6.169370,NAK,796,15.532,,,815104,
6.170114,DUPACK,796,15.532,,,815104,
6.170151,NAK,796,15.532,,,815104,
6.170179,DUPACK,796,15.532,,,815104,
6.172604,NAK,796,15.532,,,815104,
6.178036,DUPACK,796,15.532,,,815104,
6.178088,NAK,796,15.532,,,815104,
6.178321,DUPACK,796,15.532,,,815104,
6.181974,NAK,796,15.532,,,815104,
6.182028,DUPACK,796,15.532,,,815104,
6.189872,NAK,796,15.532,,,815104,
6.192884,DUPACK,796,15.532,,,815104,
6.192918,NAK,796,15.532,,,815104,
6.194197,DUPACK,796,15.532,,,815104,
6.195333,NAK,796,15.532,,,815104,
6.195346,DUPACK,796,15.532,,,815104,
6.199877,NAK,796,15.532,,,815104,
6.199927,DUPACK,796,15.532,,,815104,
6.199954,NAK,796,15.532,,,815104,
6.202464,DUPACK,796,15.532,,,815104,
6.202661,NAK,796,15.532,,,815104,
6.202695,DUPACK,796,15.532,,,815104,
6.211713,ACK,797,15.596,,,816128,"cum ack, base->797"
6.211771,ACK,798,15.660,,,817152,"cum ack, base->798"
6.211808,ACK,799,15.724,,,818176,"cum ack, base->799"
6.211841,ACK,800,15.788,,,819200,"cum ack, base->800"
6.211873,ACK,801,15.851,,,820224,"cum ack, base->801"
6.211905,ACK,802,15.914,,,821248,"cum ack, base->802"
6.211935,ACK,803,15.977,,,822272,"cum ack, base->803"
6.212019,ACK,804,16.039,,,823296,"cum ack, base->804"
6.212049,ACK,805,16.102,,,824320,"cum ack, base->805"
6.212075,NAK,805,16.102,,,824320,
6.212084,FASTRETX,805,16.102,,200.000,824320,nak
6.212110,DUPACK,805,16.102,,,824320,
6.212135,NAK,805,16.102,,,824320,
6.212161,DUPACK,805,16.102,,,824320,
6.212455,RETX,805,16.102,,200.000,824320,
6.212653,RETX,806,16.102,,200.000,824320,
6.212862,RETX,807,16.102,,200.000,824320,
6.213033,RETX,808,16.102,,200.000,824320,
6.213200,RETX,809,16.102,,200.000,824320,
6.213367,RETX,810,16.102,,200.000,824320,
6.213534,RETX,811,16.102,,200.000,824320,
6.213701,RETX,812,16.102,,200.000,824320,
6.213867,SEND,813,16.102,,200.000,824320,
6.214034,SEND,814,16.102,,200.000,824320,
6.214200,SEND,815,16.102,,200.000,824320,
6.214368,SEND,816,16.102,,200.000,824320,
6.214538,SEND,817,16.102,,200.000,824320,
6.214704,SEND,818,16.102,,200.000,824320,
6.214901,SEND,819,16.102,,200.000,824320,
6.215110,SEND,820,16.102,,200.000,824320,
6.215228,NAK,805,16.102,,,824320,
6.215286,DUPACK,805,16.102,,,824320,
6.215322,NAK,805,16.102,,,824320,
6.215354,DUPACK,805,16.102,,,824320,
6.215384,NAK,805,16.102,,,824320,
6.217712,STATS,-1,16.102,,200.000,824320,base=805 next=821
6.263928,ACK,806,16.164,,,825344,"cum ack, base->806"
6.263981,NAK,806,16.164,,,825344,
6.263992,FASTRETX,806,16.164,,200.000,825344,nak
6.264021,DUPACK,806,16.164,,,825344,
6.264856,RETX,806,16.164,,200.000,825344,
6.265057,RETX,807,16.164,,200.000,825344,
6.265241,RETX,808,16.164,,200.000,825344,
6.265414,RETX,809,16.164,,200.000,825344,
6.266381,RETX,810,16.164,,200.000,825344,
6.266600,RETX,811,16.164,,200.000,825344,
6.266803,RETX,812,16.164,,200.000,825344,
6.267036,RETX,813,16.164,,200.000,825344,
6.267269,RETX,814,16.164,,200.000,825344,
6.267497,RETX,815,16.164,,200.000,825344,
6.267700,RETX,816,16.164,,200.000,825344,
6.267900,RETX,817,16.164,,200.000,825344,
6.268112,RETX,818,16.164,,200.000,825344,
6.268314,RETX,819,16.164,,200.000,825344,
6.268821,RETX,820,16.164,,200.000,825344,
6.269185,SEND,821,16.164,,200.000,825344,
6.269318,NAK,806,16.164,,,825344,
6.269362,DUPACK,806,16.164,,,825344,
6.269389,NAK,806,16.164,,,825344,
6.269422,NAK,806,16.164,,,825344,
6.269485,DUPACK,806,16.164,,,825344,
6.269526,NAK,806,16.164,,,825344,
6.269575,DUPACK,806,16.164,,,825344,
6.269606,NAK,806,16.164,,,825344,
6.269634,DUPACK,806,16.164,,,825344,
6.269659,NAK,806,16.164,,,825344,
6.269684,DUPACK,806,16.164,,,825344,
6.269708,NAK,806,16.164,,,825344,
6.269733,NAK,806,16.164,,,825344,
6.269757,DUPACK,806,16.164,,,825344,
6.269781,NAK,806,16.164,,,825344,
6.269805,DUPACK,806,16.164,,,825344,
6.269830,NAK,806,16.164,,,825344,
6.269908,DUPACK,806,16.164,,,825344,
6.269935,NAK,806,16.164,,,825344,
6.269947,DUPACK,806,16.164,,,825344,
6.269956,NAK,806,16.164,,,825344,
6.269964,DUPACK,806,16.164,,,825344,
6.269972,NAK,806,16.164,,,825344,
6.269979,DUPACK,806,16.164,,,825344,
6.318826,STATS,-1,16.164,,200.000,825344,base=806 next=822
6.325447,ACK,807,16.226,,,826368,"cum ack, base->807"
6.325504,NAK,807,16.226,,,826368,
6.325544,FASTRETX,807,16.226,,200.000,826368,nak
6.325631,DUPACK,807,16.226,,,826368,
6.325660,NAK,807,16.226,,,826368,
6.325687,DUPACK,807,16.226,,,826368,
6.325712,NAK,807,16.226,,,826368,
6.325737,DUPACK,807,16.226,,,826368,
6.325768,NAK,807,16.226,,,826368,
6.325796,DUPACK,807,16.226,,,826368,
6.325821,DUPACK,807,16.226,,,826368,
6.325877,NAK,807,16.226,,,826368,
6.325955,DUPACK,807,16.226,,,826368,
6.326007,NAK,807,16.226,,,826368,
6.326036,DUPACK,807,16.226,,,826368,
6.326061,NAK,807,16.226,,,826368,
6.326090,DUPACK,807,16.226,,,826368,
6.326114,NAK,807,16.226,,,826368,
6.326140,NAK,807,16.226,,,826368,
6.326166,DUPACK,807,16.226,,,826368,
6.326190,NAK,807,16.226,,,826368,
6.326215,DUPACK,807,16.226,,,826368,
6.326239,NAK,807,16.226,,,826368,
6.326264,DUPACK,807,16.226,,,826368,
6.326287,NAK,807,16.226,,,826368,
6.326312,DUPACK,807,16.226,,,826368,
6.326336,NAK,807,16.226,,,826368,
6.326360,DUPACK,807,16.226,,,826368,
6.326741,RETX,807,16.226,,200.000,826368,
6.326917,RETX,808,16.226,,200.000,826368,
6.327173,RETX,809,16.226,,200.000,826368,
6.327346,RETX,810,16.226,,200.000,826368,
6.327514,RETX,811,16.226,,200.000,826368,
6.327680,RETX,812,16.226,,200.000,826368,
6.327847,RETX,813,16.226,,200.000,826368,
6.328016,RETX,814,16.226,,200.000,826368,
6.328186,RETX,815,16.226,,200.000,826368,
6.328353,RETX,816,16.226,,200.000,826368,
6.328528,RETX,817,16.226,,200.000,826368,
6.328719,RETX,818,16.226,,200.000,826368,
6.328916,RETX,819,16.226,,200.000,826368,
6.329127,RETX,820,16.226,,200.000,826368,
6.329370,RETX,821,16.226,,200.000,826368,
6.329553,SEND,822,16.226,,200.000,826368,
6.377081,ACK,808,16.287,,,827392,"cum ack, base->808"
6.378252,ACK,809,16.349,,,828416,"cum ack, base->809"
6.379152,SEND,823,16.349,,200.000,828416,
6.379387,SEND,824,16.349,,200.000,828416,
6.380861,ACK,810,16.410,,,829440,"cum ack, base->810"
6.380929,ACK,811,16.471,,,830464,"cum ack, base->811"
6.380983,ACK,812,16.532,,,831488,"cum ack, base->812"
6.381032,ACK,813,16.592,,,832512,"cum ack, base->813"
6.381083,ACK,814,16.652,,,833536,"cum ack, base->814"
6.381129,ACK,815,16.712,,,834560,"cum ack, base->815"
6.381175,ACK,816,16.772,,,835584,"cum ack, base->816"
6.381223,ACK,817,16.832,,,836608,"cum ack, base->817"
6.381269,ACK,818,16.891,,,837632,"cum ack, base->818"
6.381314,ACK,819,16.950,,,838656,"cum ack, base->819"
6.381354,NAK,819,16.950,,,838656,
6.381372,FASTRETX,819,15.067,,200.000,838656,nak
6.382433,RETX,819,15.067,,200.000,838656,
6.382850,RETX,820,15.067,,200.000,838656,
6.383685,RETX,821,15.067,,200.000,838656,
6.384166,RETX,822,15.067,,200.000,838656,
6.384674,RETX,823,15.067,,200.000,838656,
6.385219,RETX,824,15.067,,200.000,838656,
6.385592,SEND,825,15.067,,200.000,838656,
6.385804,SEND,826,15.067,,200.000,838656,
6.386008,SEND,827,15.067,,200.000,838656,
6.386236,SEND,828,15.067,,200.000,838656,
6.386483,SEND,829,15.067,,200.000,838656,
6.386865,SEND,830,15.067,,200.000,838656,
6.387071,SEND,831,15.067,,200.000,838656,
6.387363,SEND,832,15.067,,200.000,838656,
6.387535,SEND,833,15.067,,200.000,838656,
6.387670,NAK,819,15.067,,,838656,
6.387717,DUPACK,819,15.067,,,838656,
6.387745,NAK,819,15.067,,,838656,
6.387773,DUPACK,819,15.067,,,838656,
6.413145,NAK,819,15.067,,,838656,
6.413458,DUPACK,819,15.067,,,838656,
6.420071,STATS,-1,15.067,,200.000,838656,base=819 next=834
6.420239,ACK,820,15.133,,,839680,"cum ack, base->820"
6.422956,SEND,834,15.133,,200.000,839680,
6.431747,NAK,820,15.133,,,839680,
6.431771,FASTRETX,820,15.133,,200.000,839680,nak
6.431813,DUPACK,820,15.133,,,839680,
6.431840,NAK,820,15.133,,,839680,
6.431890,DUPACK,820,15.133,,,839680,
6.431933,NAK,820,15.133,,,839680,
6.431964,DUPACK,820,15.133,,,839680,
6.431990,NAK,820,15.133,,,839680,
6.432016,DUPACK,820,15.133,,,839680,
6.432040,NAK,820,15.133,,,839680,
6.432069,DUPACK,820,15.133,,,839680,
6.432094,NAK,820,15.133,,,839680,
6.433088,RETX,820,15.133,,200.000,839680,
6.433323,RETX,821,15.133,,200.000,839680,
6.433587,RETX,822,15.133,,200.000,839680,
6.433859,RETX,823,15.133,,200.000,839680,
6.434099,RETX,824,15.133,,200.000,839680,
6.434272,RETX,825,15.133,,200.000,839680,
6.434446,RETX,826,15.133,,200.000,839680,
6.434705,RETX,827,15.133,,200.000,839680,
6.434963,RETX,828,15.133,,200.000,839680,
6.435349,RETX,829,15.133,,200.000,839680,
6.435668,RETX,830,15.133,,200.000,839680,
6.436172,RETX,831,15.133,,200.000,839680,
6.436774,RETX,832,15.133,,200.000,839680,
6.437151,RETX,833,15.133,,200.000,839680,
6.437473,RETX,834,15.133,,200.000,839680,
6.437767,DUPACK,820,15.133,,,839680,
6.437878,NAK,820,15.133,,,839680,
6.438263,DUPACK,820,15.133,,,839680,
6.438395,NAK,820,15.133,,,839680,
6.438482,DUPACK,820,15.133,,,839680,
6.438517,NAK,820,15.133,,,839680,
6.438550,DUPACK,820,15.133,,,839680,
6.439395,NAK,820,15.133,,,839680,
6.439437,DUPACK,820,15.133,,,839680,
6.439563,NAK,820,15.133,,,839680,
6.439599,DUPACK,820,15.133,,,839680,
6.439627,NAK,820,15.133,,,839680,
6.439652,DUPACK,820,15.133,,,839680,
6.464125,NAK,820,15.133,,,839680,
6.464171,DUPACK,820,15.133,,,839680,
6.471982,ACK,821,15.199,,,840704,"cum ack, base->821"
6.472047,ACK,822,15.265,,,841728,"cum ack, base->822"
6.472094,ACK,823,15.331,,,842752,"cum ack, base->823"
6.473358,SEND,835,15.331,,200.000,842752,
6.473613,SEND,836,15.331,,200.000,842752,
6.473911,SEND,837,15.331,,200.000,842752,
6.487106,ACK,825,15.461,,,844800,"cum ack, base->825"
6.487166,ACK,826,15.526,,,845824,"cum ack, base->826"
6.487201,ACK,828,15.654,,,847872,"cum ack, base->828"
6.487233,ACK,829,15.718,,,848896,"cum ack, base->829"
6.487263,ACK,830,15.782,,,849920,"cum ack, base->830"
6.487293,ACK,831,15.845,,,850944,"cum ack, base->831"
6.487322,ACK,832,15.908,,,851968,"cum ack, base->832"
6.489430,SEND,838,15.908,,200.000,851968,
6.489688,SEND,839,15.908,,200.000,851968,
6.490034,SEND,840,15.908,,200.000,851968,
6.490427,SEND,841,15.908,,200.000,851968,
6.490699,SEND,842,15.908,,200.000,851968,
6.490959,SEND,843,15.908,,200.000,851968,
6.491325,SEND,844,15.908,,200.000,851968,
6.491548,SEND,845,15.908,,200.000,851968,
6.491718,SEND,846,15.908,,200.000,851968,
6.491831,ACK,833,15.971,,,852992,"cum ack, base->833"
6.491878,ACK,834,16.034,,,854016,"cum ack, base->834"
6.491913,ACK,835,16.096,,,855040,"cum ack, base->835"
6.494506,SEND,847,16.096,,200.000,855040,
6.494691,SEND,848,16.096,,200.000,855040,
6.494862,SEND,849,16.096,,200.000,855040,
6.495039,SEND,850,16.096,,200.000,855040,
6.515898,ACK,836,16.158,,,856064,"cum ack, base->836"
6.516423,ACK,837,16.220,,,857088,"cum ack, base->837"
6.518234,SEND,851,16.220,,200.000,857088,
6.518745,SEND,852,16.220,,200.000,857088,
6.521294,STATS,-1,16.220,,200.000,857088,base=837 next=853
6.521400,ACK,838,16.282,,,858112,"cum ack, base->838"
6.524141,SEND,853,16.282,,200.000,858112,
6.540910,ACK,839,16.343,,,859136,"cum ack, base->839"
6.541026,ACK,840,16.404,,,860160,"cum ack, base->840"
6.541113,ACK,841,16.465,,,861184,"cum ack, base->841"
6.541172,ACK,842,16.526,,,862208,"cum ack, base->842"
6.541223,ACK,843,16.587,,,863232,"cum ack, base->843"
6.541271,ACK,844,16.647,,,864256,"cum ack, base->844"
6.541412,ACK,845,16.707,,,865280,"cum ack, base->845"
6.541471,ACK,846,16.767,,,866304,"cum ack, base->846"
6.541504,ACK,847,16.826,,,867328,"cum ack, base->847"
6.542469,SEND,854,16.826,,200.000,867328,
6.542680,SEND,855,16.826,,200.000,867328,
6.542959,SEND,856,16.826,,200.000,867328,
6.543159,SEND,857,16.826,,200.000,867328,
6.543333,SEND,858,16.826,,200.000,867328,
6.543502,SEND,859,16.826,,200.000,867328,
6.543671,SEND,860,16.826,,200.000,867328,
6.543841,SEND,861,16.826,,200.000,867328,
6.544067,SEND,862,16.826,,200.000,867328,
6.544187,ACK,848,16.886,,,868352,"cum ack, base->848"
6.544255,ACK,849,16.945,,,869376,"cum ack, base->849"
6.544297,ACK,850,17.004,,,870400,"cum ack, base->850"
6.545258,ACK,851,17.063,,,871424,"cum ack, base->851"
6.546855,SEND,863,17.063,,200.000,871424,
6.547038,SEND,864,17.063,,200.000,871424,
6.547220,SEND,865,17.063,,200.000,871424,
6.547391,SEND,866,17.063,,200.000,871424,
6.547605,SEND,867,17.063,,200.000,871424,
6.562643,ACK,852,17.121,,,872448,"cum ack, base->852"
6.563175,SEND,868,17.121,,200.000,872448,
6.563271,NAK,852,17.121,,,872448,
6.563300,FASTRETX,852,15.219,,200.000,872448,nak
6.563417,DUPACK,852,15.219,,,872448,
6.565766,RETX,852,15.219,,200.000,872448,
6.566596,RETX,853,15.219,,200.000,872448,
6.567292,RETX,854,15.219,,200.000,872448,
6.567954,RETX,855,15.219,,200.000,872448,
6.568872,RETX,856,15.219,,200.000,872448,
6.569399,RETX,857,15.219,,200.000,872448,
6.569667,RETX,858,15.219,,200.000,872448,
6.570030,RETX,859,15.219,,200.000,872448,
6.570393,RETX,860,15.219,,200.000,872448,
6.570801,RETX,861,15.219,,200.000,872448,
6.571290,RETX,862,15.219,,200.000,872448,
6.571555,RETX,863,15.219,,200.000,872448,
6.571920,RETX,864,15.219,,200.000,872448,
6.572147,RETX,865,15.219,,200.000,872448,
6.572291,RETX,866,15.219,,200.000,872448,
6.588098,NAK,852,15.219,,,872448,
6.588155,DUPACK,852,15.219,,,872448,
6.588189,NAK,852,15.219,,,872448,
6.595311,DUPACK,852,15.219,,,872448,
6.595375,NAK,852,15.219,,,872448,
6.595445,DUPACK,852,15.219,,,872448,
6.595562,NAK,852,15.219,,,872448,
6.595610,NAK,852,15.219,,,872448,
6.595652,DUPACK,852,15.219,,,872448,
6.595723,NAK,852,15.219,,,872448,
6.595778,DUPACK,852,15.219,,,872448,
6.595820,NAK,852,15.219,,,872448,
6.595859,DUPACK,852,15.219,,,872448,
6.595896,NAK,852,15.219,,,872448,
6.595941,DUPACK,852,15.219,,,872448,
6.597485,NAK,852,15.219,,,872448,
6.597769,NAK,852,15.219,,,872448,
6.597926,DUPACK,852,15.219,,,872448,
6.597969,NAK,852,15.219,,,872448,
6.598124,DUPACK,852,15.219,,,872448,
6.598163,DUPACK,852,15.219,,,872448,
6.598195,NAK,852,15.219,,,872448,
6.598226,DUPACK,852,15.219,,,872448,
6.598255,NAK,852,15.219,,,872448,
6.598285,DUPACK,852,15.219,,,872448,
6.598330,ACK,853,15.285,,,873472,"cum ack, base->853"
6.598838,RETX,867,15.285,,200.000,873472,
6.616253,ACK,854,15.350,,,874496,"cum ack, base->854"
6.616338,ACK,855,15.415,,,875520,"cum ack, base->855"
6.616875,RETX,868,15.415,,200.000,875520,
6.617269,SEND,869,15.415,,200.000,875520,
6.617383,ACK,856,15.480,,,876544,"cum ack, base->856"
6.617478,ACK,857,15.545,,,877568,"cum ack, base->857"
6.617566,ACK,858,15.609,,,878592,"cum ack, base->858"
6.617629,ACK,859,15.673,,,879616,"cum ack, base->859"
6.617681,ACK,860,15.737,,,880640,"cum ack, base->860"
6.617730,ACK,861,15.801,,,881664,"cum ack, base->861"
6.620474,SEND,870,15.801,,200.000,881664,
6.620773,SEND,871,15.801,,200.000,881664,
6.621168,SEND,872,15.801,,200.000,881664,
6.621385,SEND,873,15.801,,200.000,881664,
6.621588,SEND,874,15.801,,200.000,881664,
6.621790,SEND,875,15.801,,200.000,881664,
6.621802,STATS,-1,15.801,,200.000,881664,base=861 next=876
6.621909,ACK,862,15.864,,,882688,"cum ack, base->862"
6.622055,ACK,863,15.927,,,883712,"cum ack, base->863"
6.622098,NAK,863,15.927,,,883712,
6.622110,FASTRETX,863,15.927,,200.000,883712,nak
6.622144,DUPACK,863,15.927,,,883712,
6.622175,NAK,863,15.927,,,883712,
6.622206,DUPACK,863,15.927,,,883712,
6.622235,NAK,863,15.927,,,883712,
6.622265,DUPACK,863,15.927,,,883712,
6.624691,RETX,863,15.927,,200.000,883712,
6.624925,RETX,864,15.927,,200.000,883712,
6.625133,RETX,865,15.927,,200.000,883712,
6.625342,RETX,866,15.927,,200.000,883712,
6.625553,RETX,867,15.927,,200.000,883712,
6.625755,RETX,868,15.927,,200.000,883712,
6.625957,RETX,869,15.927,,200.000,883712,
6.626159,RETX,870,15.927,,200.000,883712,
6.626363,RETX,871,15.927,,200.000,883712,
6.626564,RETX,872,15.927,,200.000,883712,
6.626767,RETX,873,15.927,,200.000,883712,
6.627092,RETX,874,15.927,,200.000,883712,
6.627274,RETX,875,15.927,,200.000,883712,
6.627446,SEND,876,15.927,,200.000,883712,
6.627613,SEND,877,15.927,,200.000,883712,
6.641784,NAK,863,15.927,,,883712,
6.641839,DUPACK,863,15.927,,,883712,
6.654547,NAK,863,15.927,,,883712,
6.656739,DUPACK,863,15.927,,,883712,
6.665774,NAK,863,15.927,,,883712,
6.665836,NAK,863,15.927,,,883712,
6.665870,NAK,863,15.927,,,883712,
6.665926,DUPACK,863,15.927,,,883712,
6.666065,DUPACK,863,15.927,,,883712,
6.666113,NAK,863,15.927,,,883712,
6.666232,DUPACK,863,15.927,,,883712,
6.666267,NAK,863,15.927,,,883712,
6.668748,DUPACK,863,15.927,,,883712,
6.672707,NAK,863,15.927,,,883712,
6.672789,DUPACK,863,15.927,,,883712,
6.672841,ACK,864,15.990,,,884736,"cum ack, base->864"
6.672882,ACK,865,16.052,,,885760,"cum ack, base->865"
6.675375,SEND,878,16.052,,200.000,885760,
6.675636,SEND,879,16.052,,200.000,885760,
6.675843,SEND,880,16.052,,200.000,885760,
6.678584,ACK,866,16.114,,,886784,"cum ack, base->866"
6.678646,ACK,868,16.238,,,888832,"cum ack, base->868"
6.678687,ACK,869,16.300,,,889856,"cum ack, base->869"
6.679249,ACK,870,16.361,,,890880,"cum ack, base->870"
6.679294,ACK,871,16.422,,,891904,"cum ack, base->871"
6.679332,ACK,872,16.483,,,892928,"cum ack, base->872"
6.679371,ACK,874,16.604,,,894976,"cum ack, base->874"
6.681170,SEND,881,16.604,,200.000,894976,
6.681394,SEND,882,16.604,,200.000,894976,
6.681622,SEND,883,16.604,,200.000,894976,
6.681828,SEND,884,16.604,,200.000,894976,
6.682043,SEND,885,16.604,,200.000,894976,
6.682273,SEND,886,16.604,,200.000,894976,
6.682636,SEND,887,16.604,,200.000,894976,
6.683026,SEND,888,16.604,,200.000,894976,
6.683364,SEND,889,16.604,,200.000,894976,
6.683517,ACK,875,16.665,,,896000,"cum ack, base->875"
6.683704,ACK,876,16.725,,,897024,"cum ack, base->876"
6.683937,ACK,877,16.784,,,898048,"cum ack, base->877"
6.684028,ACK,878,16.844,,,899072,"cum ack, base->878"
6.686461,SEND,890,16.844,,200.000,899072,
6.686814,SEND,891,16.844,,200.000,899072,
6.687114,SEND,892,16.844,,200.000,899072,
6.687662,SEND,893,16.844,,200.000,899072,
6.718333,ACK,879,16.903,,,900096,"cum ack, base->879"
6.720939,SEND,894,16.903,,200.000,900096,
6.723529,STATS,-1,16.903,,200.000,900096,base=879 next=895
6.724155,ACK,880,16.963,,,901120,"cum ack, base->880"
6.724247,ACK,881,17.022,,,902144,"cum ack, base->881"
6.724400,ACK,882,17.080,,,903168,"cum ack, base->882"
6.724990,ACK,883,17.139,,,904192,"cum ack, base->883"
6.725067,ACK,884,17.197,,,905216,"cum ack, base->884"
6.725563,ACK,885,17.255,,,906240,"cum ack, base->885"
6.725634,ACK,886,17.313,,,907264,"cum ack, base->886"
6.725698,ACK,887,17.371,,,908288,"cum ack, base->887"
6.725762,ACK,888,17.429,,,909312,"cum ack, base->888"
6.726240,SEND,895,17.429,,200.000,909312,
6.726676,SEND,896,17.429,,200.000,909312,
6.727072,SEND,897,17.429,,200.000,909312,
6.727423,SEND,898,17.429,,200.000,909312,
6.727632,SEND,899,17.429,,200.000,909312,
6.727834,SEND,900,17.429,,200.000,909312,
6.728043,SEND,901,17.429,,200.000,909312,
6.728246,SEND,902,17.429,,200.000,909312,
6.728446,SEND,903,17.429,,200.000,909312,
6.728651,SEND,904,17.429,,200.000,909312,
6.728825,ACK,889,17.486,,,910336,"cum ack, base->889"
6.731423,SEND,905,17.486,,200.000,910336,
6.737618,ACK,890,17.543,,,911360,"cum ack, base->890"
6.737694,ACK,891,17.600,,,912384,"cum ack, base->891"
6.737793,ACK,892,17.657,,,913408,"cum ack, base->892"
6.737852,ACK,893,17.714,,,914432,"cum ack, base->893"
6.737902,ACK,894,17.770,,,915456,"cum ack, base->894"
6.739662,SEND,906,17.770,,200.000,915456,
6.739942,SEND,907,17.770,,200.000,915456,
6.740202,SEND,908,17.770,,200.000,915456,
6.740466,SEND,909,17.770,,200.000,915456,
6.740735,SEND,910,17.770,,200.000,915456,
6.754998,ACK,895,17.826,,,916480,"cum ack, base->895"
6.756201,SEND,911,17.826,,200.000,916480,
6.767518,ACK,897,17.938,,,918528,"cum ack, base->897"
6.768747,SEND,912,17.938,,200.000,918528,
6.768963,SEND,913,17.938,,200.000,918528,
6.773718,ACK,898,17.994,,,919552,"cum ack, base->898"
6.773795,ACK,899,18.050,,,920576,"cum ack, base->899"
6.774334,SEND,914,18.050,,200.000,920576,
6.774605,SEND,915,18.050,,200.000,920576,
6.774865,SEND,916,18.050,,200.000,920576,
6.778178,ACK,900,18.105,,,921600,"cum ack, base->900"
6.778246,ACK,901,18.160,,,922624,"cum ack, base->901"
6.778298,ACK,902,18.215,,,923648,"cum ack, base->902"
6.778345,ACK,903,18.270,,,924672,"cum ack, base->903"
6.780234,SEND,917,18.270,,200.000,924672,
6.780508,SEND,918,18.270,,200.000,924672,
6.780771,SEND,919,18.270,,200.000,924672,
6.781038,SEND,920,18.270,,200.000,924672,
6.783075,ACK,904,18.325,,,925696,"cum ack, base->904"
6.783150,ACK,905,18.380,,,926720,"cum ack, base->905"
6.783235,ACK,906,18.434,,,927744,"cum ack, base->906"
6.783451,ACK,907,18.488,,,928768,"cum ack, base->907"
6.783501,ACK,908,18.542,,,929792,"cum ack, base->908"
6.783858,SEND,921,18.542,,200.000,929792,
6.784197,SEND,922,18.542,,200.000,929792,
6.784450,SEND,923,18.542,,200.000,929792,
6.784655,SEND,924,18.542,,200.000,929792,
6.784858,SEND,925,18.542,,200.000,929792,
6.789424,ACK,909,18.596,,,930816,"cum ack, base->909"
6.789500,ACK,910,18.650,,,931840,"cum ack, base->910"
6.790235,SEND,926,18.650,,200.000,931840,
6.790513,SEND,927,18.650,,200.000,931840,
6.792087,ACK,911,18.704,,,932864,"cum ack, base->911"
6.793346,SEND,928,18.704,,200.000,932864,
6.794822,ACK,912,18.757,,,933888,"cum ack, base->912"
6.796245,SEND,929,18.757,,200.000,933888,
6.810572,ACK,913,18.810,,,934912,"cum ack, base->913"
6.810633,ACK,914,18.864,,,935936,"cum ack, base->914"
6.811717,SEND,930,18.864,,200.000,935936,
6.811994,SEND,931,18.864,,200.000,935936,
6.814020,ACK,915,18.917,,,936960,"cum ack, base->915"
6.814619,SEND,932,18.917,,200.000,936960,
6.819052,ACK,916,18.969,,,937984,"cum ack, base->916"
6.819123,ACK,917,19.022,,,939008,"cum ack, base->917"
6.819173,ACK,918,19.075,,,940032,"cum ack, base->918"
6.819662,SEND,933,19.075,,200.000,940032,
6.819983,SEND,934,19.075,,200.000,940032,
6.820280,SEND,935,19.075,,200.000,940032,
6.820620,SEND,936,19.075,,200.000,940032,
6.820949,ACK,919,19.127,,,941056,"cum ack, base->919"
6.821017,ACK,920,19.179,,,942080,"cum ack, base->920"
6.821071,ACK,921,19.232,,,943104,"cum ack, base->921"
6.821120,ACK,922,19.284,,,944128,"cum ack, base->922"
6.823478,SEND,937,19.284,,200.000,944128,
6.823751,SEND,938,19.284,,200.000,944128,
6.824053,SEND,939,19.284,,200.000,944128,
6.824318,SEND,940,19.284,,200.000,944128,
6.824332,STATS,-1,19.284,,200.000,944128,base=922 next=941
6.829917,ACK,923,19.335,,,945152,"cum ack, base->923"
6.830007,ACK,924,19.387,,,946176,"cum ack, base->924"
6.830076,ACK,925,19.439,,,947200,"cum ack, base->925"
6.832399,SEND,941,19.439,,200.000,947200,
6.832911,SEND,942,19.439,,200.000,947200,
6.833421,SEND,943,19.439,,200.000,947200,
6.833720,ACK,926,19.490,,,948224,"cum ack, base->926"
6.833804,ACK,927,19.541,,,949248,"cum ack, base->927"
6.837488,SEND,944,19.541,,200.000,949248,
6.837802,SEND,945,19.541,,200.000,949248,
6.841292,ACK,928,19.593,,,950272,"cum ack, base->928"
6.841533,ACK,929,19.644,,,951296,"cum ack, base->929"
6.841741,ACK,930,19.695,,,952320,"cum ack, base->930"
6.843053,SEND,946,19.695,,200.000,952320,
6.843227,SEND,947,19.695,,200.000,952320,
6.843394,SEND,948,19.695,,200.000,952320,
6.848087,NAK,930,19.695,,,952320,
6.848113,FASTRETX,930,17.506,,200.000,952320,nak
6.848752,RETX,930,17.506,,200.000,952320,
6.849059,RETX,931,17.506,,200.000,952320,
6.849359,RETX,932,17.506,,200.000,952320,
6.849689,RETX,933,17.506,,200.000,952320,
6.849991,RETX,934,17.506,,200.000,952320,
6.850264,RETX,935,17.506,,200.000,952320,
6.850524,RETX,936,17.506,,200.000,952320,
6.850901,RETX,937,17.506,,200.000,952320,
6.851166,RETX,938,17.506,,200.000,952320,
6.851427,RETX,939,17.506,,200.000,952320,
6.851643,RETX,940,17.506,,200.000,952320,
6.851888,RETX,941,17.506,,200.000,952320,
6.852105,RETX,942,17.506,,200.000,952320,
6.852310,RETX,943,17.506,,200.000,952320,
6.852512,RETX,944,17.506,,200.000,952320,
6.852844,RETX,945,17.506,,200.000,952320,
6.853151,RETX,946,17.506,,200.000,952320,
6.853988,DUPACK,930,17.506,,,952320,
6.864728,NAK,930,17.506,,,952320,
6.864787,DUPACK,930,17.506,,,952320,
6.864820,DUPACK,930,17.506,,,952320,
6.864851,NAK,930,17.506,,,952320,
6.864882,DUPACK,930,17.506,,,952320,
6.869878,NAK,930,17.506,,,952320,
6.869961,DUPACK,930,17.506,,,952320,
6.870028,NAK,930,17.506,,,952320,
6.870080,DUPACK,930,17.506,,,952320,
6.877101,NAK,930,17.506,,,952320,
6.877160,DUPACK,930,17.506,,,952320,
6.877193,NAK,930,17.506,,,952320,
6.877225,DUPACK,930,17.506,,,952320,
6.879267,NAK,930,17.506,,,952320,
6.881185,DUPACK,930,17.506,,,952320,
6.881230,NAK,930,17.506,,,952320,
6.881265,DUPACK,930,17.506,,,952320,
6.881295,NAK,930,17.506,,,952320,
6.881436,DUPACK,930,17.506,,,952320,
6.881481,NAK,930,17.506,,,952320,
6.881519,DUPACK,930,17.506,,,952320,
6.881552,NAK,930,17.506,,,952320,
6.881583,DUPACK,930,17.506,,,952320,
6.881614,NAK,930,17.506,,,952320,
6.881644,DUPACK,930,17.506,,,952320,
6.886035,NAK,930,17.506,,,952320,
6.886109,DUPACK,930,17.506,,,952320,
6.894821,NAK,930,17.506,,,952320,
6.894938,DUPACK,930,17.506,,,952320,
6.895001,NAK,930,17.506,,,952320,
6.895056,DUPACK,930,17.506,,,952320,
6.895109,NAK,930,17.506,,,952320,
6.895162,DUPACK,930,17.506,,,952320,
6.895213,NAK,930,17.506,,,952320,
6.896511,DUPACK,930,17.506,,,952320,
6.896598,NAK,930,17.506,,,952320,
6.896661,DUPACK,930,17.506,,,952320,
6.896715,NAK,930,17.506,,,952320,
6.896770,DUPACK,930,17.506,,,952320,
6.896823,NAK,930,17.506,,,952320,
6.896882,DUPACK,930,17.506,,,952320,
6.897002,NAK,930,17.506,,,952320,
6.897088,DUPACK,930,17.506,,,952320,
6.897148,NAK,930,17.506,,,952320,
6.897204,DUPACK,930,17.506,,,952320,
6.899900,NAK,930,17.506,,,952320,
6.900031,DUPACK,930,17.506,,,952320,
6.900124,NAK,930,17.506,,,952320,
6.900191,DUPACK,930,17.506,,,952320,
6.900286,NAK,930,17.506,,,952320,
6.904737,DUPACK,930,17.506,,,952320,
6.904839,NAK,930,17.506,,,952320,
6.904993,DUPACK,930,17.506,,,952320,
6.905060,NAK,930,17.506,,,952320,
6.905202,DUPACK,930,17.506,,,952320,
6.905266,NAK,930,17.506,,,952320,
6.905328,NAK,930,17.506,,,952320,
6.905382,DUPACK,930,17.506,,,952320,
6.905433,NAK,930,17.506,,,952320,
6.905485,DUPACK,930,17.506,,,952320,
6.905535,NAK,930,17.506,,,952320,
6.905588,DUPACK,930,17.506,,,952320,
6.924523,STATS,-1,17.506,,200.000,952320,base=930 next=947
7.026420,STATS,-1,17.506,,200.000,952320,base=930 next=947
7.049931,TIMEOUT,930,17.506,,200.000,952320,timeout
7.052959,RETX,930,17.506,,200.000,952320,
7.053586,RETX,931,17.506,,200.000,952320,
7.054217,RETX,932,17.506,,200.000,952320,
7.054491,RETX,933,17.506,,200.000,952320,
7.054823,RETX,934,17.506,,200.000,952320,
7.055346,RETX,935,17.506,,200.000,952320,
7.056002,RETX,936,17.506,,200.000,952320,
7.056310,RETX,937,17.506,,200.000,952320,
7.056650,RETX,938,17.506,,200.000,952320,
7.056919,RETX,939,17.506,,200.000,952320,
7.057260,RETX,940,17.506,,200.000,952320,
7.057587,RETX,941,17.506,,200.000,952320,
7.057947,RETX,942,17.506,,200.000,952320,
7.058311,RETX,943,17.506,,200.000,952320,
7.058649,RETX,944,17.506,,200.000,952320,
7.058916,RETX,945,17.506,,200.000,952320,
7.059127,RETX,946,17.506,,200.000,952320,
7.095282,ACK,931,17.563,,,953344,"cum ack, base->931"
7.097633,RETX,947,17.563,,200.000,953344,
7.099924,ACK,932,17.620,,,954368,"cum ack, base->932"
7.100030,NAK,932,17.620,,,954368,
7.100043,FASTRETX,932,17.620,,200.000,954368,nak
7.100079,DUPACK,932,17.620,,,954368,
7.100110,NAK,932,17.620,,,954368,
7.100139,DUPACK,932,17.620,,,954368,
7.100164,NAK,932,17.620,,,954368,
7.100384,RETX,932,17.620,,200.000,954368,
7.100559,RETX,933,17.620,,200.000,954368,
7.100841,RETX,934,17.620,,200.000,954368,
7.101063,RETX,935,17.620,,200.000,954368,
7.101251,RETX,936,17.620,,200.000,954368,
7.101422,RETX,937,17.620,,200.000,954368,
7.101589,RETX,938,17.620,,200.000,954368,
7.101759,RETX,939,17.620,,200.000,954368,
7.102030,RETX,940,17.620,,200.000,954368,
7.102221,RETX,941,17.620,,200.000,954368,
7.102397,RETX,942,17.620,,200.000,954368,
7.102573,RETX,943,17.620,,200.000,954368,
7.102911,RETX,944,17.620,,200.000,954368,
7.103104,RETX,945,17.620,,200.000,954368,
7.103272,RETX,946,17.620,,200.000,954368,
7.103526,RETX,947,17.620,,200.000,954368,
7.103731,RETX,948,17.620,,200.000,954368,
7.106765,DUPACK,932,17.620,,,954368,
7.106832,NAK,932,17.620,,,954368,
7.109350,DUPACK,932,17.620,,,954368,
7.109422,NAK,932,17.620,,,954368,
7.109501,DUPACK,932,17.620,,,954368,
7.109533,NAK,932,17.620,,,954368,
7.109562,DUPACK,932,17.620,,,954368,
7.109589,NAK,932,17.620,,,954368,
7.109616,DUPACK,932,17.620,,,954368,
7.109640,NAK,932,17.620,,,954368,
7.109673,DUPACK,932,17.620,,,954368,
7.109697,NAK,932,17.620,,,954368,
7.109722,DUPACK,932,17.620,,,954368,
7.109747,NAK,932,17.620,,,954368,
7.109771,DUPACK,932,17.620,,,954368,
7.109796,NAK,932,17.620,,,954368,
7.110602,DUPACK,932,17.620,,,954368,
7.110657,NAK,932,17.620,,,954368,
7.110688,DUPACK,932,17.620,,,954368,
7.110713,NAK,932,17.620,,,954368,
7.110739,DUPACK,932,17.620,,,954368,
7.128571,STATS,-1,17.620,,200.000,954368,base=932 next=949
7.146341,NAK,932,17.620,,,954368,
7.149004,DUPACK,932,17.620,,,954368,
7.149119,ACK,933,17.677,,,955392,"cum ack, base->933"
7.149194,ACK,934,17.734,,,956416,"cum ack, base->934"
7.151109,ACK,935,17.790,,,957440,"cum ack, base->935"
7.151179,ACK,936,17.846,,,958464,"cum ack, base->936"
7.151608,SEND,949,17.846,,200.000,958464,
7.151934,SEND,950,17.846,,200.000,958464,
7.152233,SEND,951,17.846,,200.000,958464,
7.152585,SEND,952,17.846,,200.000,958464,
7.154660,ACK,938,17.958,,,960512,"cum ack, base->938"
7.154760,ACK,939,18.014,,,961536,"cum ack, base->939"
7.154814,ACK,940,18.069,,,962560,"cum ack, base->940"
7.154929,ACK,941,18.125,,,963584,"cum ack, base->941"
7.154981,ACK,942,18.180,,,964608,"cum ack, base->942"
7.155613,SEND,953,18.180,,200.000,964608,
7.155893,SEND,954,18.180,,200.000,964608,
7.156493,SEND,955,18.180,,200.000,964608,
7.156910,SEND,956,18.180,,200.000,964608,
7.157341,SEND,957,18.180,,200.000,964608,
7.157556,SEND,958,18.180,,200.000,964608,
7.157759,SEND,959,18.180,,200.000,964608,
7.158039,ACK,943,18.235,,,965632,"cum ack, base->943"
7.158107,ACK,944,18.290,,,966656,"cum ack, base->944"
7.158153,ACK,945,18.344,,,967680,"cum ack, base->945"
7.158199,ACK,946,18.399,,,968704,"cum ack, base->946"
7.158238,ACK,947,18.453,,,969728,"cum ack, base->947"
7.158275,ACK,948,18.507,,,970752,"cum ack, base->948"
7.160845,SEND,960,18.507,,200.000,970752,
7.161196,SEND,961,18.507,,200.000,970752,
7.161412,SEND,962,18.507,,200.000,970752,
7.161616,SEND,963,18.507,,200.000,970752,
7.161819,SEND,964,18.507,,200.000,970752,
7.162022,SEND,965,18.507,,200.000,970752,
7.202793,ACK,950,18.615,,,972800,"cum ack, base->950"
7.205409,SEND,966,18.615,,200.000,972800,
7.205658,SEND,967,18.615,,200.000,972800,
7.207536,ACK,951,18.669,,,973824,"cum ack, base->951"
7.207929,NAK,951,18.669,,,973824,
7.207952,FASTRETX,951,16.595,,200.000,973824,nak
7.207996,DUPACK,951,16.595,,,973824,
7.208029,NAK,951,16.595,,,973824,
7.208496,RETX,951,16.595,,200.000,973824,
7.208707,RETX,952,16.595,,200.000,973824,
7.208913,RETX,953,16.595,,200.000,973824,
7.209125,RETX,954,16.595,,200.000,973824,
7.209330,RETX,955,16.595,,200.000,973824,
7.209533,RETX,956,16.595,,200.000,973824,
7.209738,RETX,957,16.595,,200.000,973824,
7.209946,RETX,958,16.595,,200.000,973824,
7.210151,RETX,959,16.595,,200.000,973824,
7.210412,RETX,960,16.595,,200.000,973824,
7.210799,RETX,961,16.595,,200.000,973824,
7.211051,RETX,962,16.595,,200.000,973824,
7.211280,RETX,963,16.595,,200.000,973824,
7.211506,RETX,964,16.595,,200.000,973824,
7.211734,RETX,965,16.595,,200.000,973824,
7.211959,RETX,966,16.595,,200.000,973824,
7.212047,DUPACK,951,16.595,,,973824,
7.212090,NAK,951,16.595,,,973824,
7.212122,DUPACK,951,16.595,,,973824,
7.212149,NAK,951,16.595,,,973824,
7.212175,DUPACK,951,16.595,,,973824,
7.212199,NAK,951,16.595,,,973824,
7.212225,DUPACK,951,16.595,,,973824,
7.212249,NAK,951,16.595,,,973824,
7.212273,DUPACK,951,16.595,,,973824,
7.212297,NAK,951,16.595,,,973824,
7.212320,DUPACK,951,16.595,,,973824,
7.212343,NAK,951,16.595,,,973824,
7.212367,DUPACK,951,16.595,,,973824,
7.212390,NAK,951,16.595,,,973824,
7.212413,NAK,951,16.595,,,973824,
7.212436,DUPACK,951,16.595,,,973824,
7.212459,NAK,951,16.595,,,973824,
7.212482,DUPACK,951,16.595,,,973824,
7.212506,NAK,951,16.595,,,973824,
7.212530,DUPACK,951,16.595,,,973824,
7.212553,DUPACK,951,16.595,,,973824,
7.212575,NAK,951,16.595,,,973824,
7.212599,DUPACK,951,16.595,,,973824,
7.229688,STATS,-1,16.595,,200.000,973824,base=951 next=967
7.246278,NAK,951,16.595,,,973824,
7.246311,DUPACK,951,16.595,,,973824,
7.246337,NAK,951,16.595,,,973824,
7.246362,DUPACK,951,16.595,,,973824,
7.253151,ACK,952,16.655,,,974848,"cum ack, base->952"
7.253215,NAK,952,16.655,,,974848,
7.253227,FASTRETX,952,16.655,,200.000,974848,nak
7.253276,DUPACK,952,16.655,,,974848,
7.253304,NAK,952,16.655,,,974848,
7.255409,RETX,952,16.655,,200.000,974848,
7.255654,RETX,953,16.655,,200.000,974848,
7.255881,RETX,954,16.655,,200.000,974848,
7.256105,RETX,955,16.655,,200.000,974848,
7.256328,RETX,956,16.655,,200.000,974848,
7.256559,RETX,957,16.655,,200.000,974848,
7.256783,RETX,958,16.655,,200.000,974848,
7.257009,RETX,959,16.655,,200.000,974848,
7.257238,RETX,960,16.655,,200.000,974848,
7.257464,RETX,961,16.655,,200.000,974848,
7.257686,RETX,962,16.655,,200.000,974848,
7.257862,RETX,963,16.655,,200.000,974848,
7.258041,RETX,964,16.655,,200.000,974848,
7.258218,RETX,965,16.655,,200.000,974848,
7.258396,RETX,966,16.655,,200.000,974848,
7.258572,RETX,967,16.655,,200.000,974848,
7.258637,DUPACK,952,16.655,,,974848,
7.261845,NAK,952,16.655,,,974848,
7.261883,DUPACK,952,16.655,,,974848,
7.261914,NAK,952,16.655,,,974848,
7.261944,DUPACK,952,16.655,,,974848,
7.261971,NAK,952,16.655,,,974848,
7.261997,DUPACK,952,16.655,,,974848,
7.262023,DUPACK,952,16.655,,,974848,
7.262047,NAK,952,16.655,,,974848,
7.262072,DUPACK,952,16.655,,,974848,
7.263725,NAK,952,16.655,,,974848,
7.263757,DUPACK,952,16.655,,,974848,
7.263782,DUPACK,952,16.655,,,974848,
7.265015,NAK,952,16.655,,,974848,
7.265044,DUPACK,952,16.655,,,974848,
7.265073,NAK,952,16.655,,,974848,
7.265098,DUPACK,952,16.655,,,974848,
7.265126,NAK,952,16.655,,,974848,
7.265153,DUPACK,952,16.655,,,974848,
7.265177,NAK,952,16.655,,,974848,
7.265202,DUPACK,952,16.655,,,974848,
7.265225,NAK,952,16.655,,,974848,
7.265248,DUPACK,952,16.655,,,974848,
7.320370,ACK,954,16.775,,,976896,"cum ack, base->954"
7.320452,ACK,955,16.835,,,977920,"cum ack, base->955"
7.320548,ACK,956,16.894,,,978944,"cum ack, base->956"
7.320663,ACK,957,16.953,,,979968,"cum ack, base->957"
7.320782,ACK,958,17.012,,,980992,"cum ack, base->958"
7.320893,ACK,959,17.071,,,982016,"cum ack, base->959"
7.321444,ACK,960,17.129,,,983040,"cum ack, base->960"
7.321520,ACK,961,17.188,,,984064,"cum ack, base->961"
7.321563,ACK,962,17.246,,,985088,"cum ack, base->962"
7.321596,ACK,963,17.304,,,986112,"cum ack, base->963"
7.321627,ACK,964,17.362,,,987136,"cum ack, base->964"
7.321676,ACK,965,17.419,,,988160,"cum ack, base->965"
7.321706,ACK,966,17.477,,,989184,"cum ack, base->966"
7.321736,ACK,967,17.534,,,990208,"cum ack, base->967"
7.321766,ACK,968,17.591,,,991232,"cum ack, base->968"
7.322112,SEND,968,17.591,,200.000,991232,
7.322331,SEND,969,17.591,,200.000,991232,
7.322627,SEND,970,17.591,,200.000,991232,
7.322799,SEND,971,17.591,,200.000,991232,
7.322969,SEND,972,17.591,,200.000,991232,
7.323138,SEND,973,17.591,,200.000,991232,
7.323305,SEND,974,17.591,,200.000,991232,
7.323472,SEND,975,17.591,,200.000,991232,
7.323639,SEND,976,17.591,,200.000,991232,
7.323869,SEND,977,17.591,,200.000,991232,
7.324056,SEND,978,17.591,,200.000,991232,
7.324236,SEND,979,17.591,,200.000,991232,
7.324462,SEND,980,17.591,,200.000,991232,
7.324631,SEND,981,17.591,,200.000,991232,
7.324779,SEND,982,17.591,,200.000,991232,
7.324923,SEND,983,17.591,,200.000,991232,
7.325069,SEND,984,17.591,,200.000,991232,
7.330108,STATS,-1,17.591,,200.000,991232,base=968 next=985
7.368630,ACK,969,17.648,,,992256,"cum ack, base->969"
7.368903,ACK,970,17.705,,,993280,"cum ack, base->970"
7.368967,ACK,971,17.761,,,994304,"cum ack, base->971"
7.369400,ACK,972,17.817,,,995328,"cum ack, base->972"
7.369527,ACK,973,17.873,,,996352,"cum ack, base->973"
7.369662,ACK,974,17.929,,,997376,"cum ack, base->974"
7.369796,ACK,975,17.985,,,998400,"cum ack, base->975"
7.369855,ACK,976,18.041,,,999424,"cum ack, base->976"
7.370475,SEND,985,18.041,,200.000,999424,
7.370764,SEND,986,18.041,,200.000,999424,
7.370974,SEND,987,18.041,,200.000,999424,
7.371883,SEND,988,18.041,,200.000,999424,
7.372123,SEND,989,18.041,,200.000,999424,
7.372353,SEND,990,18.041,,200.000,999424,
7.372580,SEND,991,18.041,,200.000,999424,
7.372805,SEND,992,18.041,,200.000,999424,
7.373034,SEND,993,18.041,,200.000,999424,
7.373155,ACK,977,18.096,,,1000448,"cum ack, base->977"
7.373525,ACK,978,18.151,,,1001472,"cum ack, base->978"
7.373568,ACK,979,18.207,,,1002496,"cum ack, base->979"
7.373603,ACK,980,18.261,,,1003520,"cum ack, base->980"
7.374329,ACK,981,18.316,,,1004544,"cum ack, base->981"
7.374380,ACK,982,18.371,,,1005568,"cum ack, base->982"
7.374418,ACK,983,18.425,,,1006592,"cum ack, base->983"
7.374451,ACK,984,18.480,,,1007616,"cum ack, base->984"
7.375807,SEND,994,18.480,,200.000,1007616,
7.376034,SEND,995,18.480,,200.000,1007616,
7.376262,SEND,996,18.480,,200.000,1007616,
7.376487,SEND,997,18.480,,200.000,1007616,
7.376714,SEND,998,18.480,,200.000,1007616,
7.376941,SEND,999,18.480,,200.000,1007616,
7.377165,SEND,1000,18.480,,200.000,1007616,
7.377389,SEND,1001,18.480,,200.000,1007616,
7.404037,ACK,986,18.588,,,1009664,"cum ack, base->986"
7.404717,ACK,987,18.641,,,1010688,"cum ack, base->987"
7.406005,SEND,1002,18.641,,200.000,1010688,
7.406239,SEND,1003,18.641,,200.000,1010688,
7.406475,SEND,1004,18.641,,200.000,1010688,
7.417705,NAK,987,18.641,,,1010688,
7.417748,FASTRETX,987,16.570,,200.000,1010688,nak
7.417800,DUPACK,987,16.570,,,1010688,
7.419477,RETX,987,16.570,,200.000,1010688,
7.419844,RETX,988,16.570,,200.000,1010688,
7.420260,RETX,989,16.570,,200.000,1010688,
7.420599,RETX,990,16.570,,200.000,1010688,
7.420939,RETX,991,16.570,,200.000,1010688,
7.421241,RETX,992,16.570,,200.000,1010688,
7.421473,RETX,993,16.570,,200.000,1010688,
7.421699,RETX,994,16.570,,200.000,1010688,
7.421926,RETX,995,16.570,,200.000,1010688,
7.422151,RETX,996,16.570,,200.000,1010688,
7.422374,RETX,997,16.570,,200.000,1010688,
7.422596,RETX,998,16.570,,200.000,1010688,
7.422820,RETX,999,16.570,,200.000,1010688,
7.423043,RETX,1000,16.570,,200.000,1010688,
7.423270,RETX,1001,16.570,,200.000,1010688,
7.423498,RETX,1002,16.570,,200.000,1010688,
7.423566,NAK,987,16.570,,,1010688,
7.423604,DUPACK,987,16.570,,,1010688,
7.423633,NAK,987,16.570,,,1010688,
7.423660,DUPACK,987,16.570,,,1010688,
7.423687,NAK,987,16.570,,,1010688,
7.423713,DUPACK,987,16.570,,,1010688,
7.423737,NAK,987,16.570,,,1010688,
7.423762,DUPACK,987,16.570,,,1010688,
7.423786,NAK,987,16.570,,,1010688,
7.423811,DUPACK,987,16.570,,,1010688,
7.423834,NAK,987,16.570,,,1010688,
7.423857,DUPACK,987,16.570,,,1010688,
7.423881,NAK,987,16.570,,,1010688,
7.429766,DUPACK,987,16.570,,,1010688,
7.429799,NAK,987,16.570,,,1010688,
7.429831,DUPACK,987,16.570,,,1010688,
7.429859,NAK,987,16.570,,,1010688,
7.429890,DUPACK,987,16.570,,,1010688,
7.429915,NAK,987,16.570,,,1010688,
7.429946,DUPACK,987,16.570,,,1010688,
7.429972,NAK,987,16.570,,,1010688,
7.429996,DUPACK,987,16.570,,,1010688,
7.430020,NAK,987,16.570,,,1010688,
7.430045,DUPACK,987,16.570,,,1010688,
7.431076,STATS,-1,16.570,,200.000,1010688,base=987 next=1003
7.461402,DUPACK,987,16.570,,,1010688,
7.461468,NAK,987,16.570,,,1010688,
7.461500,DUPACK,987,16.570,,,1010688,
7.461527,NAK,987,16.570,,,1010688,
7.461555,DUPACK,987,16.570,,,1010688,
7.461609,ACK,988,16.631,,,1011712,"cum ack, base->988"
7.461646,ACK,989,16.691,,,1012736,"cum ack, base->989"
7.462658,RETX,1003,16.691,,200.000,1012736,
7.462843,RETX,1004,16.691,,200.000,1012736,
7.464235,ACK,990,16.751,,,1013760,"cum ack, base->990"
7.465619,SEND,1005,16.751,,200.000,1013760,
7.468623,ACK,991,16.810,,,1014784,"cum ack, base->991"
7.469442,ACK,992,16.870,,,1015808,"cum ack, base->992"
7.469509,ACK,993,16.929,,,1016832,"cum ack, base->993"
7.469552,ACK,995,17.047,,,1018880,"cum ack, base->995"
7.469593,ACK,996,17.106,,,1019904,"cum ack, base->996"
7.470823,ACK,997,17.164,,,1020928,"cum ack, base->997"
7.471400,SEND,1006,17.164,,200.000,1020928,
7.471948,SEND,1007,17.164,,200.000,1020928,
7.472203,SEND,1008,17.164,,200.000,1020928,
7.472494,SEND,1009,17.164,,200.000,1020928,
7.472760,SEND,1010,17.164,,200.000,1020928,
7.473095,SEND,1011,17.164,,200.000,1020928,
7.473410,SEND,1012,17.164,,200.000,1020928,
7.473656,SEND,1013,17.164,,200.000,1020928,
7.473809,ACK,998,17.222,,,1021952,"cum ack, base->998"
7.473853,ACK,999,17.280,,,1022976,"cum ack, base->999"
7.473885,ACK,1000,17.338,,,1024000,"cum ack, base->1000"
7.473915,ACK,1001,17.396,,,1025024,"cum ack, base->1001"
7.473944,ACK,1002,17.453,,,1026048,"cum ack, base->1002"
7.473973,ACK,1003,17.511,,,1027072,"cum ack, base->1003"
7.476461,SEND,1014,17.511,,200.000,1027072,
7.476648,SEND,1015,17.511,,200.000,1027072,
7.476820,SEND,1016,17.511,,200.000,1027072,
7.476993,SEND,1017,17.511,,200.000,1027072,
7.477162,SEND,1018,17.511,,200.000,1027072,
7.477333,SEND,1019,17.511,,200.000,1027072,
7.506091,ACK,1004,17.568,,,1028096,"cum ack, base->1004"
7.506126,ACK,1005,17.625,,,1029120,"cum ack, base->1005"
7.508067,SEND,1020,17.625,,200.000,1029120,
7.508297,SEND,1021,17.625,,200.000,1029120,
7.516358,ACK,1006,17.681,,,1030144,"cum ack, base->1006"
7.518107,ACK,1007,17.738,,,1031168,"cum ack, base->1007"
7.518176,ACK,1008,17.794,,,1032192,"cum ack, base->1008"
7.518302,ACK,1009,17.851,,,1033216,"cum ack, base->1009"
7.518349,ACK,1010,17.907,,,1034240,"cum ack, base->1010"
7.519005,SEND,1022,17.907,,200.000,1034240,
7.519278,SEND,1023,17.907,,200.000,1034240,
7.519747,SEND,1024,17.907,,200.000,1034240,
7.520108,SEND,1025,17.907,,200.000,1034240,
7.520412,SEND,1026,17.907,,200.000,1034240,
7.520551,ACK,1011,17.962,,,1035264,"cum ack, base->1011"
7.520656,ACK,1012,18.018,,,1036288,"cum ack, base->1012"
7.520971,ACK,1013,18.074,,,1037312,"cum ack, base->1013"
7.521083,ACK,1014,18.129,,,1038336,"cum ack, base->1014"
7.521117,ACK,1015,18.184,,,1039360,"cum ack, base->1015"
7.522303,ACK,1016,18.239,,,1040384,"cum ack, base->1016"
7.523184,SEND,1027,18.239,,200.000,1040384,
7.523373,SEND,1028,18.239,,200.000,1040384,
7.523558,SEND,1029,18.239,,200.000,1040384,
7.523728,SEND,1030,18.239,,200.000,1040384,
7.523946,SEND,1031,18.239,,200.000,1040384,
7.524154,SEND,1032,18.239,,200.000,1040384,
7.524334,SEND,1033,18.239,,200.000,1040384,
7.524530,ACK,1017,18.294,,,1041408,"cum ack, base->1017"
7.525358,ACK,1018,18.349,,,1042432,"cum ack, base->1018"
7.526789,SEND,1034,18.349,,200.000,1042432,
7.526973,SEND,1035,18.349,,200.000,1042432,
7.529475,ACK,1019,18.403,,,1043456,"cum ack, base->1019"
7.529544,ACK,1020,18.457,,,1044480,"cum ack, base->1020"
7.531959,SEND,1036,18.457,,200.000,1044480,
7.532146,SEND,1037,18.457,,200.000,1044480,
7.532163,STATS,-1,18.457,,200.000,1044480,base=1020 next=1038
7.552450,ACK,1021,18.512,,,1045504,"cum ack, base->1021"
7.552852,ACK,1022,18.566,,,1046528,"cum ack, base->1022"
7.554708,SEND,1038,18.566,,200.000,1046528,
7.554964,SEND,1039,18.566,,200.000,1046528,
7.557382,ACK,1023,18.620,,,1047552,"cum ack, base->1023"
7.559932,SEND,1040,18.620,,200.000,1047552,
7.573286,ACK,1024,18.673,,,1048576,"cum ack, base->1024"
7.573363,NAK,1026,18.673,,,1048576,
7.573379,FASTRETX,1024,16.598,,200.000,1048576,nak
7.573426,ACK,1026,16.719,,,1050624,"cum ack, base->1026"
7.573496,NAK,1026,16.719,,,1050624,
7.573506,FASTRETX,1026,16.719,,200.000,1050624,nak
7.573541,DUPACK,1026,16.719,,,1050624,
7.573572,NAK,1026,16.719,,,1050624,
7.573603,DUPACK,1026,16.719,,,1050624,
7.573634,NAK,1026,16.719,,,1050624,
7.573664,DUPACK,1026,16.719,,,1050624,
7.573694,NAK,1026,16.719,,,1050624,
7.575167,DUPACK,1026,16.719,,,1050624,
7.575223,NAK,1026,16.719,,,1050624,
7.575504,RETX,1026,16.719,,200.000,1050624,
7.575724,RETX,1027,16.719,,200.000,1050624,
7.575978,RETX,1028,16.719,,200.000,1050624,
7.576192,RETX,1029,16.719,,200.000,1050624,
7.576390,RETX,1030,16.719,,200.000,1050624,
7.576593,RETX,1031,16.719,,200.000,1050624,
7.576796,RETX,1032,16.719,,200.000,1050624,
7.576998,RETX,1033,16.719,,200.000,1050624,
7.577200,RETX,1034,16.719,,200.000,1050624,
7.577597,RETX,1035,16.719,,200.000,1050624,
7.577816,RETX,1036,16.719,,200.000,1050624,
7.578008,RETX,1037,16.719,,200.000,1050624,
7.578176,RETX,1038,16.719,,200.000,1050624,
7.578345,RETX,1039,16.719,,200.000,1050624,
7.578515,RETX,1040,16.719,,200.000,1050624,
7.578689,SEND,1041,16.719,,200.000,1050624,
7.578719,DUPACK,1026,16.719,,,1050624,
7.578810,NAK,1026,16.719,,,1050624,
7.578850,DUPACK,1026,16.719,,,1050624,
7.578881,NAK,1026,16.719,,,1050624,
7.578911,DUPACK,1026,16.719,,,1050624,
7.578939,NAK,1026,16.719,,,1050624,
7.578965,DUPACK,1026,16.719,,,1050624,
7.578989,NAK,1026,16.719,,,1050624,
7.579018,DUPACK,1026,16.719,,,1050624,
7.579042,NAK,1026,16.719,,,1050624,
7.579068,DUPACK,1026,16.719,,,1050624,
7.600600,NAK,1026,16.719,,,1050624,
7.600682,DUPACK,1026,16.719,,,1050624,
7.603920,NAK,1026,16.719,,,1050624,
7.604182,DUPACK,1026,16.719,,,1050624,
7.606339,NAK,1026,16.719,,,1050624,
7.610367,DUPACK,1026,16.719,,,1050624,
7.628327,ACK,1027,16.779,,,1051648,"cum ack, base->1027"
7.628447,ACK,1029,16.898,,,1053696,"cum ack, base->1029"
7.629905,SEND,1042,16.898,,200.000,1053696,
7.630239,SEND,1043,16.898,,200.000,1053696,
7.630464,SEND,1044,16.898,,200.000,1053696,
7.630595,ACK,1030,16.957,,,1054720,"cum ack, base->1030"
7.630644,NAK,1030,16.957,,,1054720,
7.630657,FASTRETX,1030,16.957,,200.000,1054720,nak
7.630696,DUPACK,1030,16.957,,,1054720,
7.630732,NAK,1030,16.957,,,1054720,
7.636170,DUPACK,1030,16.957,,,1054720,
7.636266,NAK,1030,16.957,,,1054720,
7.636358,DUPACK,1030,16.957,,,1054720,
7.636847,RETX,1030,16.957,,200.000,1054720,
7.637033,RETX,1031,16.957,,200.000,1054720,
7.637287,RETX,1032,16.957,,200.000,1054720,
7.637522,RETX,1033,16.957,,200.000,1054720,
7.637748,RETX,1034,16.957,,200.000,1054720,
7.637973,RETX,1035,16.957,,200.000,1054720,
7.638199,RETX,1036,16.957,,200.000,1054720,
7.638423,RETX,1037,16.957,,200.000,1054720,
7.638649,RETX,1038,16.957,,200.000,1054720,
7.638876,RETX,1039,16.957,,200.000,1054720,
7.639078,RETX,1040,16.957,,200.000,1054720,
7.639255,RETX,1041,16.957,,200.000,1054720,
7.639431,RETX,1042,16.957,,200.000,1054720,
7.639607,RETX,1043,16.957,,200.000,1054720,
7.639782,RETX,1044,16.957,,200.000,1054720,
7.639958,SEND,1045,16.957,,200.000,1054720,
7.639968,STATS,-1,16.957,,200.000,1054720,base=1030 next=1046
7.640029,NAK,1030,16.957,,,1054720,
7.640060,NAK,1030,16.957,,,1054720,
7.640082,DUPACK,1030,16.957,,,1054720,
7.640102,NAK,1030,16.957,,,1054720,
7.640122,DUPACK,1030,16.957,,,1054720,
7.640141,NAK,1030,16.957,,,1054720,
7.640161,DUPACK,1030,16.957,,,1054720,
7.640180,NAK,1030,16.957,,,1054720,
7.640199,DUPACK,1030,16.957,,,1054720,
7.640218,NAK,1030,16.957,,,1054720,
7.640237,DUPACK,1030,16.957,,,1054720,
7.640257,NAK,1030,16.957,,,1054720,
7.640276,DUPACK,1030,16.957,,,1054720,
7.640294,NAK,1030,16.957,,,1054720,
7.640314,DUPACK,1030,16.957,,,1054720,
7.663755,NAK,1030,16.957,,,1054720,
7.666106,DUPACK,1030,16.957,,,1054720,
7.681636,NAK,1030,16.957,,,1054720,
7.682011,NAK,1030,16.957,,,1054720,
7.682060,DUPACK,1030,16.957,,,1054720,
7.682113,ACK,1031,17.016,,,1055744,"cum ack, base->1031"
7.682161,ACK,1032,17.074,,,1056768,"cum ack, base->1032"
7.683826,SEND,1046,17.074,,200.000,1056768,
7.684167,SEND,1047,17.074,,200.000,1056768,
7.684380,SEND,1048,17.074,,200.000,1056768,
7.688537,ACK,1033,17.133,,,1057792,"cum ack, base->1033"
7.688606,ACK,1034,17.191,,,1058816,"cum ack, base->1034"
7.688640,ACK,1035,17.250,,,1059840,"cum ack, base->1035"
7.688679,ACK,1036,17.308,,,1060864,"cum ack, base->1036"
7.689565,SEND,1049,17.308,,200.000,1060864,
7.689851,SEND,1050,17.308,,200.000,1060864,
7.690050,SEND,1051,17.308,,200.000,1060864,
7.690223,SEND,1052,17.308,,200.000,1060864,
7.690346,ACK,1037,17.365,,,1061888,"cum ack, base->1037"
7.690397,ACK,1038,17.423,,,1062912,"cum ack, base->1038"
7.690436,ACK,1040,17.537,,,1064960,"cum ack, base->1040"
7.690467,ACK,1041,17.594,,,1065984,"cum ack, base->1041"
7.690498,ACK,1042,17.651,,,1067008,"cum ack, base->1042"
7.690529,ACK,1043,17.708,,,1068032,"cum ack, base->1043"
7.690563,ACK,1044,17.764,,,1069056,"cum ack, base->1044"
7.690595,ACK,1045,17.821,,,1070080,"cum ack, base->1045"
7.690626,ACK,1046,17.877,,,1071104,"cum ack, base->1046"
7.693027,SEND,1053,17.877,,200.000,1071104,
7.693214,SEND,1054,17.877,,200.000,1071104,
7.693388,SEND,1055,17.877,,200.000,1071104,
7.693650,SEND,1056,17.877,,200.000,1071104,
7.693841,SEND,1057,17.877,,200.000,1071104,
7.694048,SEND,1058,17.877,,200.000,1071104,
7.694227,SEND,1059,17.877,,200.000,1071104,
7.694397,SEND,1060,17.877,,200.000,1071104,
7.694562,SEND,1061,17.877,,200.000,1071104,
7.694810,SEND,1062,17.877,,200.000,1071104,
7.725964,ACK,1047,17.933,,,1072128,"cum ack, base->1047"
7.726026,ACK,1048,17.989,,,1073152,"cum ack, base->1048"
7.727217,SEND,1063,17.989,,200.000,1073152,
7.727427,SEND,1064,17.989,,200.000,1073152,
7.729333,ACK,1049,18.044,,,1074176,"cum ack, base->1049"
7.730222,SEND,1065,18.044,,200.000,1074176,
7.730412,SEND,1066,18.044,,200.000,1074176,
7.735950,ACK,1051,18.155,,,1076224,"cum ack, base->1051"
7.736011,ACK,1052,18.210,,,1077248,"cum ack, base->1052"
7.739852,SEND,1067,18.210,,200.000,1077248,
7.740079,SEND,1068,18.210,,200.000,1077248,
7.740359,SEND,1069,18.210,,200.000,1077248,
7.740386,STATS,-1,18.210,,200.000,1077248,base=1052 next=1070
7.740490,ACK,1053,18.265,,,1078272,"cum ack, base->1053"
7.743316,SEND,1070,18.265,,200.000,1078272,
7.743648,ACK,1054,18.320,,,1079296,"cum ack, base->1054"
7.743735,ACK,1055,18.374,,,1080320,"cum ack, base->1055"
7.743772,ACK,1056,18.429,,,1081344,"cum ack, base->1056"
7.743838,ACK,1057,18.483,,,1082368,"cum ack, base->1057"
7.743890,ACK,1058,18.537,,,1083392,"cum ack, base->1058"
7.743922,ACK,1059,18.591,,,1084416,"cum ack, base->1059"
7.743957,ACK,1060,18.645,,,1085440,"cum ack, base->1060"
7.743988,ACK,1061,18.698,,,1086464,"cum ack, base->1061"
7.746189,SEND,1071,18.698,,200.000,1086464,
7.746415,SEND,1072,18.698,,200.000,1086464,
7.746625,SEND,1073,18.698,,200.000,1086464,
7.746805,SEND,1074,18.698,,200.000,1086464,
7.746976,SEND,1075,18.698,,200.000,1086464,
7.747144,SEND,1076,18.698,,200.000,1086464,
7.747335,SEND,1077,18.698,,200.000,1086464,
7.747506,SEND,1078,18.698,,200.000,1086464,
7.747619,NAK,1061,18.698,,,1086464,
7.747645,FASTRETX,1061,16.621,,200.000,1086464,nak
7.747699,DUPACK,1061,16.621,,,1086464,
7.755626,RETX,1061,16.621,,200.000,1086464,
7.755922,RETX,1062,16.621,,200.000,1086464,
7.756092,RETX,1063,16.621,,200.000,1086464,
7.756356,RETX,1064,16.621,,200.000,1086464,
7.756611,RETX,1065,16.621,,200.000,1086464,
7.756974,RETX,1066,16.621,,200.000,1086464,
7.757529,RETX,1067,16.621,,200.000,1086464,
7.757710,RETX,1068,16.621,,200.000,1086464,
7.757881,RETX,1069,16.621,,200.000,1086464,
7.758057,RETX,1070,16.621,,200.000,1086464,
7.758225,RETX,1071,16.621,,200.000,1086464,
7.758686,RETX,1072,16.621,,200.000,1086464,
7.758990,RETX,1073,16.621,,200.000,1086464,
7.759165,RETX,1074,16.621,,200.000,1086464,
7.759331,RETX,1075,16.621,,200.000,1086464,
7.759499,RETX,1076,16.621,,200.000,1086464,
7.764973,NAK,1061,16.621,,,1086464,
7.765047,DUPACK,1061,16.621,,,1086464,
7.772218,NAK,1061,16.621,,,1086464,
7.772304,DUPACK,1061,16.621,,,1086464,
7.784498,NAK,1061,16.621,,,1086464,
7.785384,DUPACK,1061,16.621,,,1086464,
7.785410,NAK,1061,16.621,,,1086464,
7.785432,DUPACK,1061,16.621,,,1086464,
7.785452,NAK,1061,16.621,,,1086464,
7.785471,DUPACK,1061,16.621,,,1086464,
7.785909,NAK,1061,16.621,,,1086464,
7.786353,DUPACK,1061,16.621,,,1086464,
7.787782,NAK,1061,16.621,,,1086464,
7.787807,DUPACK,1061,16.621,,,1086464,
7.794640,DUPACK,1061,16.621,,,1086464,
7.794663,NAK,1061,16.621,,,1086464,
7.795339,DUPACK,1061,16.621,,,1086464,
7.799125,NAK,1061,16.621,,,1086464,
7.799155,DUPACK,1061,16.621,,,1086464,
7.799181,NAK,1061,16.621,,,1086464,
7.799207,DUPACK,1061,16.621,,,1086464,
7.799237,NAK,1061,16.621,,,1086464,
7.799262,DUPACK,1061,16.621,,,1086464,
7.799286,DUPACK,1061,16.621,,,1086464,
7.799319,NAK,1061,16.621,,,1086464,
7.799348,DUPACK,1061,16.621,,,1086464,
7.799395,NAK,1061,16.621,,,1086464,
7.799425,DUPACK,1061,16.621,,,1086464,
7.799463,ACK,1062,16.681,,,1087488,"cum ack, base->1062"
7.799496,ACK,1063,16.741,,,1088512,"cum ack, base->1063"
7.800263,RETX,1077,16.741,,200.000,1088512,
7.800495,RETX,1078,16.741,,200.000,1088512,
7.805633,ACK,1065,16.860,,,1090560,"cum ack, base->1065"
7.805668,ACK,1066,16.919,,,1091584,"cum ack, base->1066"
7.805699,ACK,1067,16.979,,,1092608,"cum ack, base->1067"
7.805730,ACK,1068,17.037,,,1093632,"cum ack, base->1068"
7.805759,ACK,1069,17.096,,,1094656,"cum ack, base->1069"
7.805789,ACK,1070,17.155,,,1095680,"cum ack, base->1070"
7.805923,ACK,1071,17.213,,,1096704,"cum ack, base->1071"
7.805988,ACK,1072,17.271,,,1097728,"cum ack, base->1072"
7.807636,ACK,1073,17.329,,,1098752,"cum ack, base->1073"
7.807723,ACK,1074,17.387,,,1099776,"cum ack, base->1074"
7.807763,ACK,1075,17.444,,,1100800,"cum ack, base->1075"
7.807852,ACK,1076,17.501,,,1101824,"cum ack, base->1076"
7.808280,SEND,1079,17.501,,200.000,1101824,
7.808456,SEND,1080,17.501,,200.000,1101824,
7.808632,SEND,1081,17.501,,200.000,1101824,
7.808819,SEND,1082,17.501,,200.000,1101824,
7.809438,SEND,1083,17.501,,200.000,1101824,
7.809638,SEND,1084,17.501,,200.000,1101824,
7.809821,SEND,1085,17.501,,200.000,1101824,
7.809990,SEND,1086,17.501,,200.000,1101824,
7.810155,SEND,1087,17.501,,200.000,1101824,
7.810400,SEND,1088,17.501,,200.000,1101824,
7.810641,SEND,1089,17.501,,200.000,1101824,
7.810872,SEND,1090,17.501,,200.000,1101824,
7.811096,SEND,1091,17.501,,200.000,1101824,
7.811322,SEND,1092,17.501,,200.000,1101824,
7.839860,ACK,1078,17.616,,,1103872,"cum ack, base->1078"
7.842403,SEND,1093,17.616,,200.000,1103872,
7.842633,SEND,1094,17.616,,200.000,1103872,
7.842645,STATS,-1,17.616,,200.000,1103872,base=1078 next=1095
7.844884,ACK,1079,17.672,,,1104896,"cum ack, base->1079"
7.847214,ACK,1080,17.729,,,1105920,"cum ack, base->1080"
7.847478,SEND,1095,17.729,,200.000,1105920,
7.847653,SEND,1096,17.729,,200.000,1105920,
7.848386,ACK,1081,17.785,,,1106944,"cum ack, base->1081"
7.850786,SEND,1097,17.785,,200.000,1106944,
7.853089,ACK,1083,17.898,,,1108992,"cum ack, base->1083"
7.853170,NAK,1083,17.898,,,1108992,
7.853188,FASTRETX,1083,15.909,,200.000,1108992,nak
7.853423,RETX,1083,15.909,,200.000,1108992,
7.853601,RETX,1084,15.909,,200.000,1108992,
7.853877,RETX,1085,15.909,,200.000,1108992,
7.854228,RETX,1086,15.909,,200.000,1108992,
7.854405,RETX,1087,15.909,,200.000,1108992,
7.854574,RETX,1088,15.909,,200.000,1108992,
7.854791,RETX,1089,15.909,,200.000,1108992,
7.854966,RETX,1090,15.909,,200.000,1108992,
7.855140,RETX,1091,15.909,,200.000,1108992,
7.855407,RETX,1092,15.909,,200.000,1108992,
7.855639,RETX,1093,15.909,,200.000,1108992,
7.855867,RETX,1094,15.909,,200.000,1108992,
7.856093,RETX,1095,15.909,,200.000,1108992,
7.856319,RETX,1096,15.909,,200.000,1108992,
7.856545,RETX,1097,15.909,,200.000,1108992,
7.856619,DUPACK,1083,15.909,,,1108992,
7.856649,NAK,1083,15.909,,,1108992,
7.856675,DUPACK,1083,15.909,,,1108992,
7.859250,NAK,1083,15.909,,,1108992,
7.862223,DUPACK,1083,15.909,,,1108992,
7.862396,NAK,1083,15.909,,,1108992,
7.862430,DUPACK,1083,15.909,,,1108992,
7.862476,NAK,1083,15.909,,,1108992,
7.862504,DUPACK,1083,15.909,,,1108992,
7.862530,NAK,1083,15.909,,,1108992,
7.862556,DUPACK,1083,15.909,,,1108992,
7.862580,NAK,1083,15.909,,,1108992,
7.864337,DUPACK,1083,15.909,,,1108992,
7.864390,NAK,1083,15.909,,,1108992,
7.864420,DUPACK,1083,15.909,,,1108992,
7.880351,NAK,1083,15.909,,,1108992,
7.880809,DUPACK,1083,15.909,,,1108992,
7.881292,NAK,1083,15.909,,,1108992,
7.881733,DUPACK,1083,15.909,,,1108992,
7.897583,NAK,1083,15.909,,,1108992,
7.897645,DUPACK,1083,15.909,,,1108992,
7.897674,NAK,1083,15.909,,,1108992,
7.897703,DUPACK,1083,15.909,,,1108992,
7.903619,NAK,1083,15.909,,,1108992,
7.903693,DUPACK,1083,15.909,,,1108992,
7.903740,ACK,1084,15.972,,,1110016,"cum ack, base->1084"
7.903788,ACK,1085,16.034,,,1111040,"cum ack, base->1085"
7.903823,ACK,1086,16.097,,,1112064,"cum ack, base->1086"
7.903854,ACK,1087,16.159,,,1113088,"cum ack, base->1087"
7.903884,ACK,1088,16.221,,,1114112,"cum ack, base->1088"
7.903915,ACK,1089,16.282,,,1115136,"cum ack, base->1089"
7.904373,ACK,1090,16.344,,,1116160,"cum ack, base->1090"
7.904456,ACK,1091,16.405,,,1117184,"cum ack, base->1091"
7.905237,ACK,1093,16.527,,,1119232,"cum ack, base->1093"
7.905292,ACK,1094,16.587,,,1120256,"cum ack, base->1094"
7.905329,ACK,1095,16.648,,,1121280,"cum ack, base->1095"
7.905361,ACK,1096,16.708,,,1122304,"cum ack, base->1096"
7.905638,SEND,1098,16.708,,200.000,1122304,
7.905813,SEND,1099,16.708,,200.000,1122304,
7.905980,SEND,1100,16.708,,200.000,1122304,
7.906153,SEND,1101,16.708,,200.000,1122304,
7.906409,SEND,1102,16.708,,200.000,1122304,
7.906597,SEND,1103,16.708,,200.000,1122304,
7.906765,SEND,1104,16.708,,200.000,1122304,
7.906930,SEND,1105,16.708,,200.000,1122304,
7.907096,SEND,1106,16.708,,200.000,1122304,
7.907263,SEND,1107,16.708,,200.000,1122304,
7.907437,SEND,1108,16.708,,200.000,1122304,
7.907614,SEND,1109,16.708,,200.000,1122304,
7.907783,SEND,1110,16.708,,200.000,1122304,
7.907950,SEND,1111,16.708,,200.000,1122304,
7.908116,ACK,1097,16.767,,,1123328,"cum ack, base->1097"
7.908213,ACK,1098,16.827,,,1124352,"cum ack, base->1098"
7.910764,SEND,1112,16.827,,200.000,1124352,
7.910998,SEND,1113,16.827,,200.000,1124352,
7.944660,STATS,-1,16.827,,200.000,1124352,base=1098 next=1114
7.961047,ACK,1099,16.887,,,1125376,"cum ack, base->1099"
7.961116,ACK,1100,16.946,,,1126400,"cum ack, base->1100"
7.961151,ACK,1101,17.005,,,1127424,"cum ack, base->1101"
7.961184,ACK,1102,17.064,,,1128448,"cum ack, base->1102"
7.961590,SEND,1114,17.064,,200.000,1128448,
7.961913,SEND,1115,17.064,,200.000,1128448,
7.962092,SEND,1116,17.064,,200.000,1128448,
7.962261,SEND,1117,17.064,,200.000,1128448,
7.962440,SEND,1118,17.064,,200.000,1128448,
7.962527,ACK,1103,17.122,,,1129472,"cum ack, base->1103"
7.962641,ACK,1104,17.181,,,1130496,"cum ack, base->1104"
7.964171,NAK,1104,17.181,,,1130496,
7.964197,FASTRETX,1104,15.272,,200.000,1130496,nak
7.964244,DUPACK,1104,15.272,,,1130496,
7.964271,NAK,1104,15.272,,,1130496,
7.964298,NAK,1104,15.272,,,1130496,
7.964369,DUPACK,1104,15.272,,,1130496,
7.964449,NAK,1104,15.272,,,1130496,
7.964476,DUPACK,1104,15.272,,,1130496,
7.964501,NAK,1104,15.272,,,1130496,
7.964548,DUPACK,1104,15.272,,,1130496,
7.964574,NAK,1104,15.272,,,1130496,
7.964598,DUPACK,1104,15.272,,,1130496,
7.964622,NAK,1104,15.272,,,1130496,
7.964646,DUPACK,1104,15.272,,,1130496,
7.964670,NAK,1104,15.272,,,1130496,
7.964694,DUPACK,1104,15.272,,,1130496,
7.964718,NAK,1104,15.272,,,1130496,
7.964744,DUPACK,1104,15.272,,,1130496,
7.965316,RETX,1104,15.272,,200.000,1130496,
7.965498,RETX,1105,15.272,,200.000,1130496,
7.965672,RETX,1106,15.272,,200.000,1130496,
7.965950,RETX,1107,15.272,,200.000,1130496,
7.966132,RETX,1108,15.272,,200.000,1130496,
7.966314,RETX,1109,15.272,,200.000,1130496,
7.966922,RETX,1110,15.272,,200.000,1130496,
7.967258,RETX,1111,15.272,,200.000,1130496,
7.967490,RETX,1112,15.272,,200.000,1130496,
7.967714,RETX,1113,15.272,,200.000,1130496,
7.967938,RETX,1114,15.272,,200.000,1130496,
7.968163,RETX,1115,15.272,,200.000,1130496,
7.968386,RETX,1116,15.272,,200.000,1130496,
7.968610,RETX,1117,15.272,,200.000,1130496,
7.968833,RETX,1118,15.272,,200.000,1130496,
7.998101,NAK,1104,15.272,,,1130496,
8.008090,DUPACK,1104,15.272,,,1130496,
8.008203,DUPACK,1104,15.272,,,1130496,
8.008294,NAK,1104,15.272,,,1130496,
8.008326,DUPACK,1104,15.272,,,1130496,
8.008509,NAK,1104,15.272,,,1130496,
8.008537,DUPACK,1104,15.272,,,1130496,
8.008569,NAK,1104,15.272,,,1130496,
8.011459,DUPACK,1104,15.272,,,1130496,
8.011538,ACK,1105,15.337,,,1131520,"cum ack, base->1105"
8.011797,ACK,1106,15.402,,,1132544,"cum ack, base->1106"
8.011881,ACK,1107,15.467,,,1133568,"cum ack, base->1107"
8.014161,SEND,1119,15.467,,200.000,1133568,
8.014580,SEND,1120,15.467,,200.000,1133568,
8.014790,SEND,1121,15.467,,200.000,1133568,
8.016199,ACK,1108,15.532,,,1134592,"cum ack, base->1108"
8.017346,ACK,1109,15.596,,,1135616,"cum ack, base->1109"
8.017755,SEND,1122,15.596,,200.000,1135616,
8.018034,SEND,1123,15.596,,200.000,1135616,
8.018138,ACK,1110,15.660,,,1136640,"cum ack, base->1110"
8.019812,ACK,1111,15.724,,,1137664,"cum ack, base->1111"
8.020038,ACK,1112,15.788,,,1138688,"cum ack, base->1112"
8.020114,ACK,1113,15.851,,,1139712,"cum ack, base->1113"
8.020160,ACK,1114,15.914,,,1140736,"cum ack, base->1114"
8.020370,ACK,1115,15.977,,,1141760,"cum ack, base->1115"
8.020429,ACK,1116,16.040,,,1142784,"cum ack, base->1116"
8.020470,ACK,1117,16.102,,,1143808,"cum ack, base->1117"
8.021127,SEND,1124,16.102,,200.000,1143808,
8.021387,SEND,1125,16.102,,200.000,1143808,
8.021599,SEND,1126,16.102,,200.000,1143808,
8.021872,SEND,1127,16.102,,200.000,1143808,
8.022167,SEND,1128,16.102,,200.000,1143808,
8.022394,SEND,1129,16.102,,200.000,1143808,
8.022620,SEND,1130,16.102,,200.000,1143808,
8.022846,SEND,1131,16.102,,200.000,1143808,
8.023071,SEND,1132,16.102,,200.000,1143808,
8.023187,ACK,1119,16.226,,,1145856,"cum ack, base->1119"
8.026416,SEND,1133,16.226,,200.000,1145856,
8.026764,SEND,1134,16.226,,200.000,1145856,
8.047164,STATS,-1,16.226,,200.000,1145856,base=1119 next=1135
8.051759,ACK,1120,16.288,,,1146880,"cum ack, base->1120"
8.053090,SEND,1135,16.288,,200.000,1146880,
8.055912,ACK,1121,16.349,,,1147904,"cum ack, base->1121"
8.058443,SEND,1136,16.349,,200.000,1147904,
8.059520,ACK,1122,16.410,,,1148928,"cum ack, base->1122"
8.061226,SEND,1137,16.410,,200.000,1148928,
8.064304,ACK,1123,16.471,,,1149952,"cum ack, base->1123"
8.064379,ACK,1124,16.532,,,1150976,"cum ack, base->1124"
8.066610,SEND,1138,16.532,,200.000,1150976,
8.067318,SEND,1139,16.532,,200.000,1150976,
8.068587,ACK,1125,16.592,,,1152000,"cum ack, base->1125"
8.068689,ACK,1126,16.653,,,1153024,"cum ack, base->1126"
8.068775,ACK,1127,16.713,,,1154048,"cum ack, base->1127"
8.070242,SEND,1140,16.713,,200.000,1154048,
8.070895,SEND,1141,16.713,,200.000,1154048,
8.071471,SEND,1142,16.713,,200.000,1154048,
8.073598,ACK,1128,16.772,,,1155072,"cum ack, base->1128"
8.073664,ACK,1129,16.832,,,1156096,"cum ack, base->1129"
8.073812,ACK,1130,16.892,,,1157120,"cum ack, base->1130"
8.074383,SEND,1143,16.892,,200.000,1157120,
8.074616,SEND,1144,16.892,,200.000,1157120,
8.074827,SEND,1145,16.892,,200.000,1157120,
8.075115,ACK,1131,16.951,,,1158144,"cum ack, base->1131"
8.076120,ACK,1132,17.010,,,1159168,"cum ack, base->1132"
8.076188,ACK,1133,17.068,,,1160192,"cum ack, base->1133"
8.076231,ACK,1134,17.127,,,1161216,"cum ack, base->1134"
8.076270,ACK,1135,17.185,,,1162240,"cum ack, base->1135"
8.077643,SEND,1146,17.185,,200.000,1162240,
8.078035,SEND,1147,17.185,,200.000,1162240,
8.078306,SEND,1148,17.185,,200.000,1162240,
8.078565,SEND,1149,17.185,,200.000,1162240,
8.078780,SEND,1150,17.185,,200.000,1162240,
8.078987,SEND,1151,17.185,,200.000,1162240,
8.101048,ACK,1136,17.244,,,1163264,"cum ack, base->1136"
8.101133,ACK,1137,17.302,,,1164288,"cum ack, base->1137"
8.104370,SEND,1152,17.302,,200.000,1164288,
8.104595,SEND,1153,17.302,,200.000,1164288,
8.107027,ACK,1138,17.359,,,1165312,"cum ack, base->1138"
8.109555,SEND,1154,17.359,,200.000,1165312,
8.120682,NAK,1138,17.359,,,1165312,
8.120723,FASTRETX,1138,15.431,,200.000,1165312,nak
8.120849,DUPACK,1138,15.431,,,1165312,
8.120897,NAK,1138,15.431,,,1165312,
8.121074,DUPACK,1138,15.431,,,1165312,
8.121956,NAK,1138,15.431,,,1165312,
8.122051,DUPACK,1138,15.431,,,1165312,
8.122203,NAK,1138,15.431,,,1165312,
8.122266,DUPACK,1138,15.431,,,1165312,
8.122298,NAK,1138,15.431,,,1165312,
8.122544,RETX,1138,15.431,,200.000,1165312,
8.122759,RETX,1139,15.431,,200.000,1165312,
8.123133,RETX,1140,15.431,,200.000,1165312,
8.123632,RETX,1141,15.431,,200.000,1165312,
8.123845,RETX,1142,15.431,,200.000,1165312,
8.124067,RETX,1143,15.431,,200.000,1165312,
8.124238,RETX,1144,15.431,,200.000,1165312,
8.124406,RETX,1145,15.431,,200.000,1165312,
8.124573,RETX,1146,15.431,,200.000,1165312,
8.124743,RETX,1147,15.431,,200.000,1165312,
8.124918,RETX,1148,15.431,,200.000,1165312,
8.125085,RETX,1149,15.431,,200.000,1165312,
8.125261,RETX,1150,15.431,,200.000,1165312,
8.125562,RETX,1151,15.431,,200.000,1165312,
8.125796,RETX,1152,15.431,,200.000,1165312,
8.125866,DUPACK,1138,15.431,,,1165312,
8.125903,NAK,1138,15.431,,,1165312,
8.126791,DUPACK,1138,15.431,,,1165312,
8.126824,NAK,1138,15.431,,,1165312,
8.129898,DUPACK,1138,15.431,,,1165312,
8.129930,NAK,1138,15.431,,,1165312,
8.129958,DUPACK,1138,15.431,,,1165312,
8.129986,NAK,1138,15.431,,,1165312,
8.130013,DUPACK,1138,15.431,,,1165312,
8.130038,NAK,1138,15.431,,,1165312,
8.130063,DUPACK,1138,15.431,,,1165312,
8.130086,NAK,1138,15.431,,,1165312,
8.130111,DUPACK,1138,15.431,,,1165312,
8.132892,DUPACK,1138,15.431,,,1165312,
8.142789,NAK,1138,15.431,,,1165312,
8.142870,DUPACK,1138,15.431,,,1165312,
8.146814,NAK,1138,15.431,,,1165312,
8.146885,DUPACK,1138,15.431,,,1165312,
8.147956,NAK,1138,15.431,,,1165312,
8.148209,DUPACK,1138,15.431,,,1165312,
8.148308,STATS,-1,15.431,,200.000,1165312,base=1138 next=1153
8.158246,ACK,1139,15.495,,,1166336,"cum ack, base->1139"
8.158668,RETX,1153,15.495,,200.000,1166336,
8.166125,ACK,1140,15.560,,,1167360,"cum ack, base->1140"
8.166185,NAK,1140,15.560,,,1167360,
8.166197,FASTRETX,1140,15.560,,200.000,1167360,nak
8.166226,DUPACK,1140,15.560,,,1167360,
8.168766,RETX,1140,15.560,,200.000,1167360,
8.169228,RETX,1141,15.560,,200.000,1167360,
8.169619,RETX,1142,15.560,,200.000,1167360,
8.169851,RETX,1143,15.560,,200.000,1167360,
8.170060,RETX,1144,15.560,,200.000,1167360,
8.170597,RETX,1145,15.560,,200.000,1167360,
8.170842,RETX,1146,15.560,,200.000,1167360,
8.171095,RETX,1147,15.560,,200.000,1167360,
8.171320,RETX,1148,15.560,,200.000,1167360,
8.171532,RETX,1149,15.560,,200.000,1167360,
8.171753,RETX,1150,15.560,,200.000,1167360,
8.172100,RETX,1151,15.560,,200.000,1167360,
8.172698,RETX,1152,15.560,,200.000,1167360,
8.172929,RETX,1153,15.560,,200.000,1167360,
8.173154,RETX,1154,15.560,,200.000,1167360,
8.173217,NAK,1140,15.560,,,1167360,
8.177859,NAK,1140,15.560,,,1167360,
8.178003,DUPACK,1140,15.560,,,1167360,
8.178035,NAK,1140,15.560,,,1167360,
8.178066,DUPACK,1140,15.560,,,1167360,
8.178094,NAK,1140,15.560,,,1167360,
8.178120,DUPACK,1140,15.560,,,1167360,
8.178187,NAK,1140,15.560,,,1167360,
8.178279,DUPACK,1140,15.560,,,1167360,
8.178322,NAK,1140,15.560,,,1167360,
8.178358,DUPACK,1140,15.560,,,1167360,
8.178386,NAK,1140,15.560,,,1167360,
8.178414,DUPACK,1140,15.560,,,1167360,
8.178859,NAK,1140,15.560,,,1167360,
8.178951,DUPACK,1140,15.560,,,1167360,
8.178985,NAK,1140,15.560,,,1167360,
8.179013,DUPACK,1140,15.560,,,1167360,
8.203784,DUPACK,1140,15.560,,,1167360,
8.216864,ACK,1141,15.624,,,1168384,"cum ack, base->1141"
8.217105,ACK,1142,15.688,,,1169408,"cum ack, base->1142"
8.217279,ACK,1143,15.752,,,1170432,"cum ack, base->1143"
8.220016,SEND,1155,15.752,,200.000,1170432,
8.220651,SEND,1156,15.752,,200.000,1170432,
8.220936,SEND,1157,15.752,,200.000,1170432,
8.221544,ACK,1144,15.815,,,1171456,"cum ack, base->1144"
8.221758,ACK,1145,15.879,,,1172480,"cum ack, base->1145"
8.221805,ACK,1146,15.942,,,1173504,"cum ack, base->1146"
8.221882,ACK,1147,16.004,,,1174528,"cum ack, base->1147"
8.221934,ACK,1148,16.067,,,1175552,"cum ack, base->1148"
8.221976,ACK,1149,16.129,,,1176576,"cum ack, base->1149"
8.222013,ACK,1150,16.191,,,1177600,"cum ack, base->1150"
8.222050,ACK,1151,16.253,,,1178624,"cum ack, base->1151"
8.222087,ACK,1152,16.314,,,1179648,"cum ack, base->1152"
8.222155,ACK,1153,16.376,,,1180672,"cum ack, base->1153"
8.222373,ACK,1154,16.437,,,1181696,"cum ack, base->1154"
8.222424,ACK,1155,16.498,,,1182720,"cum ack, base->1155"
8.223807,SEND,1158,16.498,,200.000,1182720,
8.224027,SEND,1159,16.498,,200.000,1182720,
8.224382,SEND,1160,16.498,,200.000,1182720,
8.224608,SEND,1161,16.498,,200.000,1182720,
8.224811,SEND,1162,16.498,,200.000,1182720,
8.225114,SEND,1163,16.498,,200.000,1182720,
8.225345,SEND,1164,16.498,,200.000,1182720,
8.225545,SEND,1165,16.498,,200.000,1182720,
8.225722,SEND,1166,16.498,,200.000,1182720,
8.225928,SEND,1167,16.498,,200.000,1182720,
8.226131,SEND,1168,16.498,,200.000,1182720,
8.226306,SEND,1169,16.498,,200.000,1182720,
8.226475,SEND,1170,16.498,,200.000,1182720,
8.248927,STATS,-1,16.498,,200.000,1182720,base=1155 next=1171
8.261363,ACK,1156,16.558,,,1183744,"cum ack, base->1156"
8.261398,ACK,1157,16.619,,,1184768,"cum ack, base->1157"
8.261429,ACK,1158,16.679,,,1185792,"cum ack, base->1158"
8.263886,SEND,1171,16.679,,200.000,1185792,
8.264082,SEND,1172,16.679,,200.000,1185792,
8.264263,SEND,1173,16.679,,200.000,1185792,
8.265325,ACK,1159,16.739,,,1186816,"cum ack, base->1159"
8.266974,SEND,1174,16.739,,200.000,1186816,
8.274459,ACK,1160,16.798,,,1187840,"cum ack, base->1160"
8.274489,ACK,1161,16.858,,,1188864,"cum ack, base->1161"
8.274514,ACK,1162,16.917,,,1189888,"cum ack, base->1162"
8.274540,ACK,1163,16.976,,,1190912,"cum ack, base->1163"
8.274970,ACK,1164,17.035,,,1191936,"cum ack, base->1164"
8.275002,ACK,1165,17.094,,,1192960,"cum ack, base->1165"
8.277061,SEND,1175,17.094,,200.000,1192960,
8.277293,SEND,1176,17.094,,200.000,1192960,
8.277519,SEND,1177,17.094,,200.000,1192960,
8.277743,SEND,1178,17.094,,200.000,1192960,
8.277966,SEND,1179,17.094,,200.000,1192960,
8.278190,SEND,1180,17.094,,200.000,1192960,
8.278413,SEND,1181,17.094,,200.000,1192960,
8.281390,ACK,1166,17.153,,,1193984,"cum ack, base->1166"
8.281454,ACK,1167,17.211,,,1195008,"cum ack, base->1167"
8.281518,ACK,1168,17.269,,,1196032,"cum ack, base->1168"
8.281553,ACK,1169,17.327,,,1197056,"cum ack, base->1169"
8.281604,ACK,1170,17.385,,,1198080,"cum ack, base->1170"
8.281654,ACK,1171,17.442,,,1199104,"cum ack, base->1171"
8.284818,SEND,1182,17.442,,200.000,1199104,
8.285436,SEND,1183,17.442,,200.000,1199104,
8.285652,SEND,1184,17.442,,200.000,1199104,
8.285839,SEND,1185,17.442,,200.000,1199104,
8.286009,SEND,1186,17.442,,200.000,1199104,
8.286182,SEND,1187,17.442,,200.000,1199104,
8.308236,ACK,1172,17.499,,,1200128,"cum ack, base->1172"
8.309535,SEND,1188,17.499,,200.000,1200128,
8.309689,ACK,1173,17.557,,,1201152,"cum ack, base->1173"
8.309728,ACK,1174,17.614,,,1202176,"cum ack, base->1174"
8.312342,SEND,1189,17.614,,200.000,1202176,
8.312529,SEND,1190,17.614,,200.000,1202176,
8.312639,ACK,1175,17.670,,,1203200,"cum ack, base->1175"
8.315086,SEND,1191,17.670,,200.000,1203200,
8.327073,ACK,1177,17.783,,,1205248,"cum ack, base->1177"
8.329508,ACK,1178,17.840,,,1206272,"cum ack, base->1178"
8.329564,ACK,1179,17.896,,,1207296,"cum ack, base->1179"
8.329593,NAK,1179,17.896,,,1207296,
8.329606,FASTRETX,1179,15.907,,200.000,1207296,nak
8.329634,DUPACK,1179,15.907,,,1207296,
8.330071,RETX,1179,15.907,,200.000,1207296,
8.330301,RETX,1180,15.907,,200.000,1207296,
8.330474,RETX,1181,15.907,,200.000,1207296,
8.330676,RETX,1182,15.907,,200.000,1207296,
8.330888,RETX,1183,15.907,,200.000,1207296,
8.331057,RETX,1184,15.907,,200.000,1207296,
8.331223,RETX,1185,15.907,,200.000,1207296,
8.331390,RETX,1186,15.907,,200.000,1207296,
8.331613,RETX,1187,15.907,,200.000,1207296,
8.331820,RETX,1188,15.907,,200.000,1207296,
8.332027,RETX,1189,15.907,,200.000,1207296,
8.332200,RETX,1190,15.907,,200.000,1207296,
8.333588,RETX,1191,15.907,,200.000,1207296,
8.333885,SEND,1192,15.907,,200.000,1207296,
8.333984,SEND,1193,15.907,,200.000,1207296,
8.334082,NAK,1179,15.907,,,1207296,
8.334131,DUPACK,1179,15.907,,,1207296,
8.334167,NAK,1179,15.907,,,1207296,
8.334183,DUPACK,1179,15.907,,,1207296,
8.334195,NAK,1179,15.907,,,1207296,
8.334206,DUPACK,1179,15.907,,,1207296,
8.334380,NAK,1179,15.907,,,1207296,
8.334498,DUPACK,1179,15.907,,,1207296,
8.334515,DUPACK,1179,15.907,,,1207296,
8.335078,NAK,1179,15.907,,,1207296,
8.335091,DUPACK,1179,15.907,,,1207296,
8.348267,NAK,1179,15.907,,,1207296,
8.348322,DUPACK,1179,15.907,,,1207296,
8.349171,STATS,-1,15.907,,200.000,1207296,base=1179 next=1194
8.350891,NAK,1179,15.907,,,1207296,
8.357741,DUPACK,1179,15.907,,,1207296,
8.359867,NAK,1179,15.907,,,1207296,
8.360117,DUPACK,1179,15.907,,,1207296,
8.360161,NAK,1179,15.907,,,1207296,
8.361202,DUPACK,1179,15.907,,,1207296,
8.365873,ACK,1180,15.970,,,1208320,"cum ack, base->1180"
8.366782,SEND,1194,15.970,,200.000,1208320,
8.370775,ACK,1181,16.033,,,1209344,"cum ack, base->1181"
8.370824,ACK,1182,16.095,,,1210368,"cum ack, base->1182"
8.371756,SEND,1195,16.095,,200.000,1210368,
8.371944,SEND,1196,16.095,,200.000,1210368,
8.372119,SEND,1197,16.095,,200.000,1210368,
8.383923,ACK,1183,16.157,,,1211392,"cum ack, base->1183"
8.383976,ACK,1184,16.219,,,1212416,"cum ack, base->1184"
8.384010,ACK,1185,16.281,,,1213440,"cum ack, base->1185"
8.384040,ACK,1186,16.342,,,1214464,"cum ack, base->1186"
8.384071,ACK,1187,16.403,,,1215488,"cum ack, base->1187"
8.384101,ACK,1188,16.464,,,1216512,"cum ack, base->1188"
8.384131,ACK,1189,16.525,,,1217536,"cum ack, base->1189"
8.384161,ACK,1190,16.586,,,1218560,"cum ack, base->1190"
8.384191,ACK,1191,16.646,,,1219584,"cum ack, base->1191"
8.384221,ACK,1192,16.706,,,1220608,"cum ack, base->1192"
8.384334,ACK,1193,16.766,,,1221632,"cum ack, base->1193"
8.384372,ACK,1194,16.825,,,1222656,"cum ack, base->1194"
8.385469,SEND,1198,16.825,,200.000,1222656,
8.386043,SEND,1199,16.825,,200.000,1222656,
8.386489,SEND,1200,16.825,,200.000,1222656,
8.386720,SEND,1201,16.825,,200.000,1222656,
8.386892,SEND,1202,16.825,,200.000,1222656,
8.387084,SEND,1203,16.825,,200.000,1222656,
8.387264,SEND,1204,16.825,,200.000,1222656,
8.387431,SEND,1205,16.825,,200.000,1222656,
8.387596,SEND,1206,16.825,,200.000,1222656,
8.387769,SEND,1207,16.825,,200.000,1222656,
8.387953,SEND,1208,16.825,,200.000,1222656,
8.388127,SEND,1209,16.825,,200.000,1222656,
8.413675,ACK,1195,16.885,,,1223680,"cum ack, base->1195"
8.414218,ACK,1196,16.944,,,1224704,"cum ack, base->1196"
8.416362,SEND,1210,16.944,,200.000,1224704,
8.416720,SEND,1211,16.944,,200.000,1224704,
8.422979,ACK,1197,17.003,,,1225728,"cum ack, base->1197"
8.425679,SEND,1212,17.003,,200.000,1225728,
8.426159,SEND,1213,17.003,,200.000,1225728,
8.429161,ACK,1199,17.121,,,1227776,"cum ack, base->1199"
8.431978,SEND,1214,17.121,,200.000,1227776,
8.432355,SEND,1215,17.121,,200.000,1227776,
8.436435,ACK,1200,17.179,,,1228800,"cum ack, base->1200"
8.436539,ACK,1201,17.237,,,1229824,"cum ack, base->1201"
8.436834,ACK,1202,17.295,,,1230848,"cum ack, base->1202"
8.437363,ACK,1203,17.353,,,1231872,"cum ack, base->1203"
8.437806,SEND,1216,17.353,,200.000,1231872,
8.438005,SEND,1217,17.353,,200.000,1231872,
8.438225,SEND,1218,17.353,,200.000,1231872,
8.438400,SEND,1219,17.353,,200.000,1231872,
8.438495,ACK,1204,17.411,,,1232896,"cum ack, base->1204"
8.438544,ACK,1205,17.468,,,1233920,"cum ack, base->1205"
8.438592,NAK,1205,17.468,,,1233920,
8.438604,FASTRETX,1205,15.527,,200.000,1233920,nak
8.438658,DUPACK,1205,15.527,,,1233920,
8.438689,NAK,1205,15.527,,,1233920,
8.438717,DUPACK,1205,15.527,,,1233920,
8.438743,NAK,1205,15.527,,,1233920,
8.438770,NAK,1205,15.527,,,1233920,
8.438795,DUPACK,1205,15.527,,,1233920,
8.440914,RETX,1205,15.527,,200.000,1233920,
8.441197,RETX,1206,15.527,,200.000,1233920,
8.441458,RETX,1207,15.527,,200.000,1233920,
8.441721,RETX,1208,15.527,,200.000,1233920,
8.441989,RETX,1209,15.527,,200.000,1233920,
8.442410,RETX,1210,15.527,,200.000,1233920,
8.442758,RETX,1211,15.527,,200.000,1233920,
8.443038,RETX,1212,15.527,,200.000,1233920,
8.443297,RETX,1213,15.527,,200.000,1233920,
8.443560,RETX,1214,15.527,,200.000,1233920,
8.443874,RETX,1215,15.527,,200.000,1233920,
8.444081,RETX,1216,15.527,,200.000,1233920,
8.444283,RETX,1217,15.527,,200.000,1233920,
8.444484,RETX,1218,15.527,,200.000,1233920,
8.444690,RETX,1219,15.527,,200.000,1233920,
8.449300,STATS,-1,15.527,,200.000,1233920,base=1205 next=1220
8.465449,NAK,1205,15.527,,,1233920,
8.465553,DUPACK,1205,15.527,,,1233920,
8.465959,NAK,1205,15.527,,,1233920,
8.466074,DUPACK,1205,15.527,,,1233920,
8.466201,NAK,1205,15.527,,,1233920,
8.470456,DUPACK,1205,15.527,,,1233920,
8.477734,NAK,1205,15.527,,,1233920,
8.479090,DUPACK,1205,15.527,,,1233920,
8.479143,NAK,1205,15.527,,,1233920,
8.479175,DUPACK,1205,15.527,,,1233920,
8.484256,NAK,1205,15.527,,,1233920,
8.490718,DUPACK,1205,15.527,,,1233920,
8.490769,NAK,1205,15.527,,,1233920,
8.490809,DUPACK,1205,15.527,,,1233920,
8.490888,NAK,1205,15.527,,,1233920,
8.490932,DUPACK,1205,15.527,,,1233920,
8.490964,NAK,1205,15.527,,,1233920,
8.490996,DUPACK,1205,15.527,,,1233920,
8.491041,ACK,1206,15.592,,,1234944,"cum ack, base->1206"
8.491080,ACK,1207,15.656,,,1235968,"cum ack, base->1207"
8.491118,ACK,1208,15.720,,,1236992,"cum ack, base->1208"
8.491154,ACK,1209,15.783,,,1238016,"cum ack, base->1209"
8.491190,ACK,1210,15.847,,,1239040,"cum ack, base->1210"
8.492856,SEND,1220,15.847,,200.000,1239040,
8.493072,SEND,1221,15.847,,200.000,1239040,
8.493279,SEND,1222,15.847,,200.000,1239040,
8.493481,SEND,1223,15.847,,200.000,1239040,
8.493689,SEND,1224,15.847,,200.000,1239040,
8.496223,ACK,1211,15.910,,,1240064,"cum ack, base->1211"
8.496587,SEND,1225,15.910,,200.000,1240064,
8.496970,ACK,1212,15.973,,,1241088,"cum ack, base->1212"
8.497035,ACK,1213,16.035,,,1242112,"cum ack, base->1213"
8.497082,NAK,1213,16.035,,,1242112,
8.497096,FASTRETX,1213,16.035,,200.000,1242112,nak
8.497139,DUPACK,1213,16.035,,,1242112,
8.497178,NAK,1213,16.035,,,1242112,
8.497229,DUPACK,1213,16.035,,,1242112,
8.497273,NAK,1213,16.035,,,1242112,
8.497367,DUPACK,1213,16.035,,,1242112,
8.497430,NAK,1213,16.035,,,1242112,
8.497479,DUPACK,1213,16.035,,,1242112,
8.497520,NAK,1213,16.035,,,1242112,
8.497561,DUPACK,1213,16.035,,,1242112,
8.499437,RETX,1213,16.035,,200.000,1242112,
8.499715,RETX,1214,16.035,,200.000,1242112,
8.500238,RETX,1215,16.035,,200.000,1242112,
8.500467,RETX,1216,16.035,,200.000,1242112,
8.500709,RETX,1217,16.035,,200.000,1242112,
8.500914,RETX,1218,16.035,,200.000,1242112,
8.501094,RETX,1219,16.035,,200.000,1242112,
8.501279,RETX,1220,16.035,,200.000,1242112,
8.501828,RETX,1221,16.035,,200.000,1242112,
8.502323,RETX,1222,16.035,,200.000,1242112,
8.502505,RETX,1223,16.035,,200.000,1242112,
8.502674,RETX,1224,16.035,,200.000,1242112,
8.502911,RETX,1225,16.035,,200.000,1242112,
8.503089,SEND,1226,16.035,,200.000,1242112,
8.503258,SEND,1227,16.035,,200.000,1242112,
8.503423,SEND,1228,16.035,,200.000,1242112,
8.540289,DUPACK,1213,16.035,,,1242112,
8.546222,NAK,1213,16.035,,,1242112,
8.546277,DUPACK,1213,16.035,,,1242112,
8.546306,NAK,1213,16.035,,,1242112,
8.546333,DUPACK,1213,16.035,,,1242112,
8.546358,NAK,1213,16.035,,,1242112,
8.546384,DUPACK,1213,16.035,,,1242112,
8.546409,NAK,1213,16.035,,,1242112,
8.546434,DUPACK,1213,16.035,,,1242112,
8.546458,NAK,1213,16.035,,,1242112,
8.546483,DUPACK,1213,16.035,,,1242112,
8.548489,ACK,1214,16.097,,,1243136,"cum ack, base->1214"
8.548547,ACK,1215,16.160,,,1244160,"cum ack, base->1215"
8.550735,SEND,1229,16.160,,200.000,1244160,
8.551047,SEND,1230,16.160,,200.000,1244160,
8.551063,STATS,-1,16.160,,200.000,1244160,base=1215 next=1231
8.551142,NAK,1215,16.160,,,1244160,
8.551152,FASTRETX,1215,16.160,,200.000,1244160,nak
8.551186,DUPACK,1215,16.160,,,1244160,
8.551253,NAK,1215,16.160,,,1244160,
8.551280,DUPACK,1215,16.160,,,1244160,
8.551313,NAK,1215,16.160,,,1244160,
8.551339,DUPACK,1215,16.160,,,1244160,
8.551363,NAK,1215,16.160,,,1244160,
8.551388,DUPACK,1215,16.160,,,1244160,
8.553095,NAK,1215,16.160,,,1244160,
8.553160,DUPACK,1215,16.160,,,1244160,
8.553189,NAK,1215,16.160,,,1244160,
8.553252,DUPACK,1215,16.160,,,1244160,
8.553293,NAK,1215,16.160,,,1244160,
8.553325,DUPACK,1215,16.160,,,1244160,
8.553352,NAK,1215,16.160,,,1244160,
8.553379,DUPACK,1215,16.160,,,1244160,
8.553404,NAK,1215,16.160,,,1244160,
8.553428,DUPACK,1215,16.160,,,1244160,
8.553671,RETX,1215,16.160,,200.000,1244160,
8.553854,RETX,1216,16.160,,200.000,1244160,
8.554022,RETX,1217,16.160,,200.000,1244160,
8.554190,RETX,1218,16.160,,200.000,1244160,
8.554357,RETX,1219,16.160,,200.000,1244160,
8.554528,RETX,1220,16.160,,200.000,1244160,
8.554695,RETX,1221,16.160,,200.000,1244160,
8.554863,RETX,1222,16.160,,200.000,1244160,
8.555028,RETX,1223,16.160,,200.000,1244160,
8.555194,RETX,1224,16.160,,200.000,1244160,
8.555360,RETX,1225,16.160,,200.000,1244160,
8.555638,RETX,1226,16.160,,200.000,1244160,
8.555815,RETX,1227,16.160,,200.000,1244160,
8.555983,RETX,1228,16.160,,200.000,1244160,
8.556174,RETX,1229,16.160,,200.000,1244160,
8.556347,RETX,1230,16.160,,200.000,1244160,
8.556408,NAK,1215,16.160,,,1244160,
8.556503,DUPACK,1215,16.160,,,1244160,
8.556534,NAK,1215,16.160,,,1244160,
8.556562,DUPACK,1215,16.160,,,1244160,
8.556588,NAK,1215,16.160,,,1244160,
8.556616,DUPACK,1215,16.160,,,1244160,
8.602854,NAK,1215,16.160,,,1244160,
8.602993,DUPACK,1215,16.160,,,1244160,
8.603052,NAK,1215,16.160,,,1244160,
8.603359,DUPACK,1215,16.160,,,1244160,
8.603512,ACK,1216,16.221,,,1245184,"cum ack, base->1216"
8.603665,ACK,1217,16.283,,,1246208,"cum ack, base->1217"
8.603716,ACK,1218,16.345,,,1247232,"cum ack, base->1218"
8.603764,ACK,1219,16.406,,,1248256,"cum ack, base->1219"
8.603795,ACK,1220,16.467,,,1249280,"cum ack, base->1220"
8.603825,ACK,1221,16.527,,,1250304,"cum ack, base->1221"
8.603854,ACK,1222,16.588,,,1251328,"cum ack, base->1222"
8.603884,ACK,1223,16.648,,,1252352,"cum ack, base->1223"
8.605829,SEND,1231,16.648,,200.000,1252352,
8.606015,SEND,1232,16.648,,200.000,1252352,
8.606190,SEND,1233,16.648,,200.000,1252352,
8.606359,SEND,1234,16.648,,200.000,1252352,
8.606524,SEND,1235,16.648,,200.000,1252352,
8.606689,SEND,1236,16.648,,200.000,1252352,
8.606856,SEND,1237,16.648,,200.000,1252352,
8.607020,SEND,1238,16.648,,200.000,1252352,
8.607128,ACK,1224,16.708,,,1253376,"cum ack, base->1224"
8.607181,ACK,1225,16.768,,,1254400,"cum ack, base->1225"
8.607215,ACK,1226,16.828,,,1255424,"cum ack, base->1226"
8.608706,ACK,1227,16.887,,,1256448,"cum ack, base->1227"
8.608757,ACK,1228,16.946,,,1257472,"cum ack, base->1228"
8.608789,ACK,1229,17.005,,,1258496,"cum ack, base->1229"
8.608820,ACK,1230,17.064,,,1259520,"cum ack, base->1230"
8.608850,ACK,1231,17.123,,,1260544,"cum ack, base->1231"
8.609568,SEND,1239,17.123,,200.000,1260544,
8.609751,SEND,1240,17.123,,200.000,1260544,
8.609922,SEND,1241,17.123,,200.000,1260544,
8.610089,SEND,1242,17.123,,200.000,1260544,
8.610259,SEND,1243,17.123,,200.000,1260544,
8.610463,SEND,1244,17.123,,200.000,1260544,
8.610649,SEND,1245,17.123,,200.000,1260544,
8.610822,SEND,1246,17.123,,200.000,1260544,
8.610993,SEND,1247,17.123,,200.000,1260544,
8.651083,STATS,-1,17.123,,200.000,1260544,base=1231 next=1248
8.654345,ACK,1232,17.181,,,1261568,"cum ack, base->1232"
8.654410,ACK,1233,17.239,,,1262592,"cum ack, base->1233"
8.656070,SEND,1248,17.239,,200.000,1262592,
8.656245,SEND,1249,17.239,,200.000,1262592,
8.657276,ACK,1234,17.297,,,1263616,"cum ack, base->1234"
8.657332,ACK,1235,17.355,,,1264640,"cum ack, base->1235"
8.659020,SEND,1250,17.355,,200.000,1264640,
8.659326,SEND,1251,17.355,,200.000,1264640,
8.660073,ACK,1236,17.413,,,1265664,"cum ack, base->1236"
8.660135,ACK,1238,17.528,,,1267712,"cum ack, base->1238"
8.660170,ACK,1239,17.585,,,1268736,"cum ack, base->1239"
8.660201,ACK,1240,17.641,,,1269760,"cum ack, base->1240"
8.660241,ACK,1241,17.698,,,1270784,"cum ack, base->1241"
8.660272,ACK,1242,17.755,,,1271808,"cum ack, base->1242"
8.661823,SEND,1252,17.755,,200.000,1271808,
8.662002,SEND,1253,17.755,,200.000,1271808,
8.662171,SEND,1254,17.755,,200.000,1271808,
8.662378,SEND,1255,17.755,,200.000,1271808,
8.662562,SEND,1256,17.755,,200.000,1271808,
8.662743,SEND,1257,17.755,,200.000,1271808,
8.662912,SEND,1258,17.755,,200.000,1271808,
8.663028,ACK,1243,17.811,,,1272832,"cum ack, base->1243"
8.663083,ACK,1244,17.867,,,1273856,"cum ack, base->1244"
8.663119,ACK,1245,17.923,,,1274880,"cum ack, base->1245"
8.663152,ACK,1246,17.979,,,1275904,"cum ack, base->1246"
8.663182,ACK,1247,18.034,,,1276928,"cum ack, base->1247"
8.663215,ACK,1248,18.090,,,1277952,"cum ack, base->1248"
8.665487,SEND,1259,18.090,,200.000,1277952,
8.665672,SEND,1260,18.090,,200.000,1277952,
8.665842,SEND,1261,18.090,,200.000,1277952,
8.666014,SEND,1262,18.090,,200.000,1277952,
8.666181,SEND,1263,18.090,,200.000,1277952,
8.666346,SEND,1264,18.090,,200.000,1277952,
8.666516,SEND,1265,18.090,,200.000,1277952,
8.699690,ACK,1249,18.145,,,1278976,"cum ack, base->1249"
8.701443,SEND,1266,18.145,,200.000,1278976,
8.704341,DUPACK,1249,18.145,,,1278976,
8.704397,NAK,1249,18.145,,,1278976,
8.704410,FASTRETX,1249,16.129,,200.000,1278976,nak
8.707011,RETX,1249,16.129,,200.000,1278976,
8.707198,RETX,1250,16.129,,200.000,1278976,
8.707376,RETX,1251,16.129,,200.000,1278976,
8.707544,RETX,1252,16.129,,200.000,1278976,
8.707710,RETX,1253,16.129,,200.000,1278976,
8.707878,RETX,1254,16.129,,200.000,1278976,
8.708122,RETX,1255,16.129,,200.000,1278976,
8.708364,RETX,1256,16.129,,200.000,1278976,
8.708545,RETX,1257,16.129,,200.000,1278976,
8.708715,RETX,1258,16.129,,200.000,1278976,
8.708890,RETX,1259,16.129,,200.000,1278976,
8.709059,RETX,1260,16.129,,200.000,1278976,
8.709228,RETX,1261,16.129,,200.000,1278976,
8.709393,RETX,1262,16.129,,200.000,1278976,
8.709628,RETX,1263,16.129,,200.000,1278976,
8.709797,RETX,1264,16.129,,200.000,1278976,
8.710498,DUPACK,1249,16.129,,,1278976,
8.710545,NAK,1249,16.129,,,1278976,
8.710575,DUPACK,1249,16.129,,,1278976,
8.710632,NAK,1249,16.129,,,1278976,
8.710670,DUPACK,1249,16.129,,,1278976,
8.710698,NAK,1249,16.129,,,1278976,
8.710725,DUPACK,1249,16.129,,,1278976,
8.711322,NAK,1249,16.129,,,1278976,
8.711453,DUPACK,1249,16.129,,,1278976,
8.711481,NAK,1249,16.129,,,1278976,
8.711508,DUPACK,1249,16.129,,,1278976,
8.711533,NAK,1249,16.129,,,1278976,
8.711558,NAK,1249,16.129,,,1278976,
8.713572,NAK,1249,16.129,,,1278976,
8.713625,DUPACK,1249,16.129,,,1278976,
8.715000,NAK,1249,16.129,,,1278976,
8.715124,DUPACK,1249,16.129,,,1278976,
8.715157,NAK,1249,16.129,,,1278976,
8.715185,DUPACK,1249,16.129,,,1278976,
8.715211,NAK,1249,16.129,,,1278976,
8.715239,DUPACK,1249,16.129,,,1278976,
8.715283,DUPACK,1249,16.129,,,1278976,
8.715321,NAK,1249,16.129,,,1278976,
8.715350,DUPACK,1249,16.129,,,1278976,
8.742033,NAK,1249,16.129,,,1278976,
8.752147,DUPACK,1249,16.129,,,1278976,
8.752360,ACK,1250,16.191,,,1280000,"cum ack, base->1250"
8.752404,ACK,1251,16.253,,,1281024,"cum ack, base->1251"
8.754720,RETX,1265,16.253,,200.000,1281024,
8.755095,RETX,1266,16.253,,200.000,1281024,
8.755112,STATS,-1,16.253,,200.000,1281024,base=1251 next=1267
8.759205,ACK,1252,16.314,,,1282048,"cum ack, base->1252"
8.759316,ACK,1253,16.376,,,1283072,"cum ack, base->1253"
8.759369,ACK,1254,16.437,,,1284096,"cum ack, base->1254"
8.759407,ACK,1255,16.498,,,1285120,"cum ack, base->1255"
8.759472,ACK,1256,16.558,,,1286144,"cum ack, base->1256"
8.760138,SEND,1267,16.558,,200.000,1286144,
8.760476,SEND,1268,16.558,,200.000,1286144,
8.760661,SEND,1269,16.558,,200.000,1286144,
8.760849,SEND,1270,16.558,,200.000,1286144,
8.761016,SEND,1271,16.558,,200.000,1286144,
8.761222,ACK,1257,16.619,,,1287168,"cum ack, base->1257"
8.762328,ACK,1258,16.679,,,1288192,"cum ack, base->1258"
8.762413,ACK,1259,16.739,,,1289216,"cum ack, base->1259"
8.762458,ACK,1260,16.798,,,1290240,"cum ack, base->1260"
8.762494,ACK,1261,16.858,,,1291264,"cum ack, base->1261"
8.762526,ACK,1262,16.917,,,1292288,"cum ack, base->1262"
8.762557,ACK,1263,16.976,,,1293312,"cum ack, base->1263"
8.762587,ACK,1264,17.035,,,1294336,"cum ack, base->1264"
8.763647,SEND,1272,17.035,,200.000,1294336,
8.763831,SEND,1273,17.035,,200.000,1294336,
8.764002,SEND,1274,17.035,,200.000,1294336,
8.764172,SEND,1275,17.035,,200.000,1294336,
8.764359,SEND,1276,17.035,,200.000,1294336,
8.764565,SEND,1277,17.035,,200.000,1294336,
8.764752,SEND,1278,17.035,,200.000,1294336,
8.764931,SEND,1279,17.035,,200.000,1294336,
8.765161,SEND,1280,17.035,,200.000,1294336,
8.792116,NAK,1264,17.035,,,1294336,
8.792146,FASTRETX,1264,17.035,,200.000,1294336,nak
8.792191,DUPACK,1264,17.035,,,1294336,
8.794002,RETX,1264,17.035,,200.000,1294336,
8.794242,RETX,1265,17.035,,200.000,1294336,
8.794458,RETX,1266,17.035,,200.000,1294336,
8.794695,RETX,1267,17.035,,200.000,1294336,
8.795058,RETX,1268,17.035,,200.000,1294336,
8.795442,RETX,1269,17.035,,200.000,1294336,
8.795747,RETX,1270,17.035,,200.000,1294336,
8.795971,RETX,1271,17.035,,200.000,1294336,
8.796182,RETX,1272,17.035,,200.000,1294336,
8.796384,RETX,1273,17.035,,200.000,1294336,
8.796573,RETX,1274,17.035,,200.000,1294336,
8.796765,RETX,1275,17.035,,200.000,1294336,
8.796959,RETX,1276,17.035,,200.000,1294336,
8.797176,RETX,1277,17.035,,200.000,1294336,
8.797348,RETX,1278,17.035,,200.000,1294336,
8.797517,RETX,1279,17.035,,200.000,1294336,
8.797684,RETX,1280,17.035,,200.000,1294336,
8.807229,NAK,1264,17.035,,,1294336,
8.807298,DUPACK,1264,17.035,,,1294336,
8.807327,NAK,1264,17.035,,,1294336,
8.807355,DUPACK,1264,17.035,,,1294336,
8.807382,NAK,1264,17.035,,,1294336,
8.807407,DUPACK,1264,17.035,,,1294336,
8.812606,DUPACK,1264,17.035,,,1294336,
8.812656,NAK,1264,17.035,,,1294336,
8.812727,DUPACK,1264,17.035,,,1294336,
8.812764,NAK,1264,17.035,,,1294336,
8.812792,DUPACK,1264,17.035,,,1294336,
8.812817,NAK,1264,17.035,,,1294336,
8.812843,DUPACK,1264,17.035,,,1294336,
8.812868,DUPACK,1264,17.035,,,1294336,
8.814994,NAK,1264,17.035,,,1294336,
8.815056,DUPACK,1264,17.035,,,1294336,
8.815087,NAK,1264,17.035,,,1294336,
8.815114,DUPACK,1264,17.035,,,1294336,
8.815227,NAK,1264,17.035,,,1294336,
8.815254,DUPACK,1264,17.035,,,1294336,
8.815278,NAK,1264,17.035,,,1294336,
8.815303,DUPACK,1264,17.035,,,1294336,
8.815474,NAK,1264,17.035,,,1294336,
8.815513,DUPACK,1264,17.035,,,1294336,
8.835394,ACK,1265,17.094,,,1295360,"cum ack, base->1265"
8.835458,ACK,1266,17.153,,,1296384,"cum ack, base->1266"
8.835980,ACK,1267,17.211,,,1297408,"cum ack, base->1267"
8.836105,ACK,1268,17.269,,,1298432,"cum ack, base->1268"
8.838125,SEND,1281,17.269,,200.000,1298432,
8.838517,SEND,1282,17.269,,200.000,1298432,
8.838719,SEND,1283,17.269,,200.000,1298432,
8.839379,SEND,1284,17.269,,200.000,1298432,
8.849563,ACK,1269,17.327,,,1299456,"cum ack, base->1269"
8.849757,ACK,1270,17.385,,,1300480,"cum ack, base->1270"
8.849799,ACK,1271,17.442,,,1301504,"cum ack, base->1271"
8.850085,ACK,1272,17.499,,,1302528,"cum ack, base->1272"
8.850472,SEND,1285,17.499,,200.000,1302528,
8.850759,SEND,1286,17.499,,200.000,1302528,
8.851148,SEND,1287,17.499,,200.000,1302528,
8.851432,SEND,1288,17.499,,200.000,1302528,
8.851537,ACK,1273,17.557,,,1303552,"cum ack, base->1273"
8.851644,ACK,1274,17.613,,,1304576,"cum ack, base->1274"
8.851683,ACK,1275,17.670,,,1305600,"cum ack, base->1275"
8.851720,ACK,1276,17.727,,,1306624,"cum ack, base->1276"
8.851756,ACK,1277,17.783,,,1307648,"cum ack, base->1277"
8.851788,ACK,1278,17.840,,,1308672,"cum ack, base->1278"
8.851865,NAK,1278,17.840,,,1308672,
8.851880,FASTRETX,1278,15.857,,200.000,1308672,nak
8.851921,DUPACK,1278,15.857,,,1308672,
8.851972,NAK,1278,15.857,,,1308672,
8.852055,DUPACK,1278,15.857,,,1308672,
8.854541,RETX,1278,15.857,,200.000,1308672,
8.854778,RETX,1279,15.857,,200.000,1308672,
8.854952,RETX,1280,15.857,,200.000,1308672,
8.855128,RETX,1281,15.857,,200.000,1308672,
8.855298,RETX,1282,15.857,,200.000,1308672,
8.855465,RETX,1283,15.857,,200.000,1308672,
8.855661,RETX,1284,15.857,,200.000,1308672,
8.855917,RETX,1285,15.857,,200.000,1308672,
8.856160,RETX,1286,15.857,,200.000,1308672,
8.856390,RETX,1287,15.857,,200.000,1308672,
8.856617,RETX,1288,15.857,,200.000,1308672,
8.856845,SEND,1289,15.857,,200.000,1308672,
8.857074,SEND,1290,15.857,,200.000,1308672,
8.857302,SEND,1291,15.857,,200.000,1308672,
8.857529,SEND,1292,15.857,,200.000,1308672,
8.857541,STATS,-1,15.857,,200.000,1308672,base=1278 next=1293
8.879220,NAK,1278,15.857,,,1308672,
8.879453,DUPACK,1278,15.857,,,1308672,
8.879490,NAK,1278,15.857,,,1308672,
8.879519,DUPACK,1278,15.857,,,1308672,
8.880370,NAK,1278,15.857,,,1308672,
8.880519,DUPACK,1278,15.857,,,1308672,
8.893467,NAK,1278,15.857,,,1308672,
8.893542,DUPACK,1278,15.857,,,1308672,
8.893597,NAK,1278,15.857,,,1308672,
8.893632,DUPACK,1278,15.857,,,1308672,
8.896233,NAK,1278,15.857,,,1308672,
8.896299,DUPACK,1278,15.857,,,1308672,
8.905034,NAK,1278,15.857,,,1308672,
8.905116,DUPACK,1278,15.857,,,1308672,
8.905253,ACK,1279,15.920,,,1309696,"cum ack, base->1279"
8.905339,ACK,1280,15.983,,,1310720,"cum ack, base->1280"
8.905562,ACK,1281,16.046,,,1311744,"cum ack, base->1281"
8.905744,ACK,1282,16.108,,,1312768,"cum ack, base->1282"
8.905801,ACK,1283,16.170,,,1313792,"cum ack, base->1283"
8.905915,ACK,1284,16.232,,,1314816,"cum ack, base->1284"
8.905953,ACK,1285,16.294,,,1315840,"cum ack, base->1285"
8.906222,SEND,1293,16.294,,200.000,1315840,
8.906521,SEND,1294,16.294,,200.000,1315840,
8.906722,SEND,1295,16.294,,200.000,1315840,
8.906921,SEND,1296,16.294,,200.000,1315840,
8.907094,SEND,1297,16.294,,200.000,1315840,
8.907262,SEND,1298,16.294,,200.000,1315840,
8.907429,SEND,1299,16.294,,200.000,1315840,
8.907600,SEND,1300,16.294,,200.000,1315840,
8.907731,ACK,1286,16.355,,,1316864,"cum ack, base->1286"
8.907785,ACK,1288,16.477,,,1318912,"cum ack, base->1288"
8.907909,ACK,1289,16.538,,,1319936,"cum ack, base->1289"
8.907942,ACK,1290,16.598,,,1320960,"cum ack, base->1290"
8.907972,ACK,1291,16.658,,,1321984,"cum ack, base->1291"
8.908003,ACK,1292,16.719,,,1323008,"cum ack, base->1292"
8.908032,ACK,1293,16.778,,,1324032,"cum ack, base->1293"
8.910470,SEND,1301,16.778,,200.000,1324032,
8.910777,SEND,1302,16.778,,200.000,1324032,
8.911003,SEND,1303,16.778,,200.000,1324032,
8.911201,SEND,1304,16.778,,200.000,1324032,
8.911587,SEND,1305,16.778,,200.000,1324032,
8.911778,SEND,1306,16.778,,200.000,1324032,
8.911987,SEND,1307,16.778,,200.000,1324032,
8.912164,SEND,1308,16.778,,200.000,1324032,
8.956946,NAK,1293,16.778,,,1324032,
8.956983,FASTRETX,1293,14.914,,200.000,1324032,nak
8.957482,RETX,1293,14.914,,200.000,1324032,
8.957661,RETX,1294,14.914,,200.000,1324032,
8.957829,RETX,1295,14.914,,200.000,1324032,
8.957992,RETX,1296,14.914,,200.000,1324032,
8.958239,RETX,1297,14.914,,200.000,1324032,
8.958424,RETX,1298,14.914,,200.000,1324032,
8.958601,RETX,1299,14.914,,200.000,1324032,
8.958779,RETX,1300,14.914,,200.000,1324032,
8.958957,RETX,1301,14.914,,200.000,1324032,
8.959135,RETX,1302,14.914,,200.000,1324032,
8.959312,RETX,1303,14.914,,200.000,1324032,
8.959488,RETX,1304,14.914,,200.000,1324032,
8.959665,RETX,1305,14.914,,200.000,1324032,
8.959843,RETX,1306,14.914,,200.000,1324032,
8.959856,STATS,-1,14.914,,200.000,1324032,base=1293 next=1307
8.961780,DUPACK,1293,14.914,,,1324032,
8.961817,NAK,1293,14.914,,,1324032,
8.961844,DUPACK,1293,14.914,,,1324032,
8.961867,NAK,1293,14.914,,,1324032,
8.961888,DUPACK,1293,14.914,,,1324032,
8.964384,NAK,1293,14.914,,,1324032,
8.964423,DUPACK,1293,14.914,,,1324032,
8.964446,DUPACK,1293,14.914,,,1324032,
8.964465,NAK,1293,14.914,,,1324032,
8.964484,DUPACK,1293,14.914,,,1324032,
8.964503,NAK,1293,14.914,,,1324032,
8.964689,DUPACK,1293,14.914,,,1324032,
8.964723,NAK,1293,14.914,,,1324032,
8.964745,DUPACK,1293,14.914,,,1324032,
8.964763,NAK,1293,14.914,,,1324032,
8.964780,DUPACK,1293,14.914,,,1324032,
8.968601,NAK,1293,14.914,,,1324032,
8.968640,DUPACK,1293,14.914,,,1324032,
8.968662,NAK,1293,14.914,,,1324032,
8.969093,DUPACK,1293,14.914,,,1324032,
8.969114,NAK,1293,14.914,,,1324032,
8.969140,DUPACK,1293,14.914,,,1324032,
8.969158,NAK,1293,14.914,,,1324032,
8.969175,DUPACK,1293,14.914,,,1324032,
8.969190,NAK,1293,14.914,,,1324032,
8.969207,DUPACK,1293,14.914,,,1324032,
9.005799,ACK,1294,14.981,,,1325056,"cum ack, base->1294"
9.005874,ACK,1295,15.048,,,1326080,"cum ack, base->1295"
9.006144,RETX,1307,15.048,,200.000,1326080,
9.006325,RETX,1308,15.048,,200.000,1326080,
9.006532,SEND,1309,15.048,,200.000,1326080,
9.008151,ACK,1296,15.114,,,1327104,"cum ack, base->1296"
9.008209,NAK,1296,15.114,,,1327104,
9.008240,FASTRETX,1296,15.114,,200.000,1327104,nak
9.009318,RETX,1296,15.114,,200.000,1327104,
9.009505,RETX,1297,15.114,,200.000,1327104,
9.009675,RETX,1298,15.114,,200.000,1327104,
9.009844,RETX,1299,15.114,,200.000,1327104,
9.010015,RETX,1300,15.114,,200.000,1327104,
9.010218,RETX,1301,15.114,,200.000,1327104,
9.010395,RETX,1302,15.114,,200.000,1327104,
9.010569,RETX,1303,15.114,,200.000,1327104,
9.010739,RETX,1304,15.114,,200.000,1327104,
9.010908,RETX,1305,15.114,,200.000,1327104,
9.011078,RETX,1306,15.114,,200.000,1327104,
9.011246,RETX,1307,15.114,,200.000,1327104,
9.011416,RETX,1308,15.114,,200.000,1327104,
9.011584,RETX,1309,15.114,,200.000,1327104,
9.011767,SEND,1310,15.114,,200.000,1327104,
9.012011,DUPACK,1296,15.114,,,1327104,
9.012064,NAK,1296,15.114,,,1327104,
9.012101,DUPACK,1296,15.114,,,1327104,
9.012127,NAK,1296,15.114,,,1327104,
9.012156,DUPACK,1296,15.114,,,1327104,
9.014107,NAK,1296,15.114,,,1327104,
9.014214,DUPACK,1296,15.114,,,1327104,
9.014248,NAK,1296,15.114,,,1327104,
9.014279,DUPACK,1296,15.114,,,1327104,
9.014305,NAK,1296,15.114,,,1327104,
9.014331,DUPACK,1296,15.114,,,1327104,
9.014357,NAK,1296,15.114,,,1327104,
9.014383,DUPACK,1296,15.114,,,1327104,
9.014407,NAK,1296,15.114,,,1327104,
9.014434,DUPACK,1296,15.114,,,1327104,
9.014458,NAK,1296,15.114,,,1327104,
9.014484,DUPACK,1296,15.114,,,1327104,
9.044209,DUPACK,1296,15.114,,,1327104,
9.057348,NAK,1296,15.114,,,1327104,
9.057410,DUPACK,1296,15.114,,,1327104,
9.057439,NAK,1296,15.114,,,1327104,
9.057465,DUPACK,1296,15.114,,,1327104,
9.060622,ACK,1297,15.180,,,1328128,"cum ack, base->1297"
9.060684,ACK,1298,15.246,,,1329152,"cum ack, base->1298"
9.060745,ACK,1299,15.312,,,1330176,"cum ack, base->1299"
9.060801,ACK,1300,15.377,,,1331200,"cum ack, base->1300"
9.061809,SEND,1311,15.377,,200.000,1331200,
9.062018,SEND,1312,15.377,,200.000,1331200,
9.062189,SEND,1313,15.377,,200.000,1331200,
9.062358,SEND,1314,15.377,,200.000,1331200,
9.062370,STATS,-1,15.377,,200.000,1331200,base=1300 next=1315
9.062477,ACK,1301,15.442,,,1332224,"cum ack, base->1301"
9.062526,ACK,1302,15.507,,,1333248,"cum ack, base->1302"
9.062560,ACK,1303,15.572,,,1334272,"cum ack, base->1303"
9.062593,ACK,1304,15.636,,,1335296,"cum ack, base->1304"
9.062625,ACK,1305,15.700,,,1336320,"cum ack, base->1305"
9.062656,ACK,1306,15.763,,,1337344,"cum ack, base->1306"
9.065236,SEND,1315,15.763,,200.000,1337344,
9.065488,SEND,1316,15.763,,200.000,1337344,
9.065710,SEND,1317,15.763,,200.000,1337344,
9.067166,SEND,1318,15.763,,200.000,1337344,
9.067746,SEND,1319,15.763,,200.000,1337344,
9.068217,SEND,1320,15.763,,200.000,1337344,
9.068444,ACK,1307,15.827,,,1338368,"cum ack, base->1307"
9.068630,ACK,1308,15.890,,,1339392,"cum ack, base->1308"
9.068689,ACK,1309,15.953,,,1340416,"cum ack, base->1309"
9.068741,ACK,1310,16.016,,,1341440,"cum ack, base->1310"
9.068791,ACK,1311,16.078,,,1342464,"cum ack, base->1311"
9.071546,SEND,1321,16.078,,200.000,1342464,
9.071779,SEND,1322,16.078,,200.000,1342464,
9.071951,SEND,1323,16.078,,200.000,1342464,
9.072181,SEND,1324,16.078,,200.000,1342464,
9.072567,SEND,1325,16.078,,200.000,1342464,
9.072816,SEND,1326,16.078,,200.000,1342464,
9.114528,NAK,1311,16.078,,,1342464,
9.114548,FASTRETX,1311,14.292,,200.000,1342464,nak
9.114572,DUPACK,1311,14.292,,,1342464,
9.114585,DUPACK,1311,14.292,,,1342464,
9.114596,NAK,1311,14.292,,,1342464,
9.114608,DUPACK,1311,14.292,,,1342464,
9.114619,NAK,1311,14.292,,,1342464,
9.114629,DUPACK,1311,14.292,,,1342464,
9.114639,NAK,1311,14.292,,,1342464,
9.115891,DUPACK,1311,14.292,,,1342464,
9.115919,NAK,1311,14.292,,,1342464,
9.115935,DUPACK,1311,14.292,,,1342464,
9.116226,NAK,1311,14.292,,,1342464,
9.116241,DUPACK,1311,14.292,,,1342464,
9.116252,NAK,1311,14.292,,,1342464,
9.116262,DUPACK,1311,14.292,,,1342464,
9.116272,NAK,1311,14.292,,,1342464,
9.116282,DUPACK,1311,14.292,,,1342464,
9.116973,RETX,1311,14.292,,200.000,1342464,
9.117062,RETX,1312,14.292,,200.000,1342464,
9.117149,RETX,1313,14.292,,200.000,1342464,
9.117235,RETX,1314,14.292,,200.000,1342464,
9.117321,RETX,1315,14.292,,200.000,1342464,
9.117406,RETX,1316,14.292,,200.000,1342464,
9.117680,RETX,1317,14.292,,200.000,1342464,
9.117861,RETX,1318,14.292,,200.000,1342464,
9.117950,RETX,1319,14.292,,200.000,1342464,
9.118082,RETX,1320,14.292,,200.000,1342464,
9.118178,RETX,1321,14.292,,200.000,1342464,
9.118267,RETX,1322,14.292,,200.000,1342464,
9.118354,RETX,1323,14.292,,200.000,1342464,
9.118439,RETX,1324,14.292,,200.000,1342464,
9.119979,NAK,1311,14.292,,,1342464,
9.120005,DUPACK,1311,14.292,,,1342464,
9.122536,NAK,1311,14.292,,,1342464,
9.122562,DUPACK,1311,14.292,,,1342464,
9.122696,DUPACK,1311,14.292,,,1342464,
9.122720,NAK,1311,14.292,,,1342464,
9.122737,DUPACK,1311,14.292,,,1342464,
9.122749,NAK,1311,14.292,,,1342464,
9.122762,DUPACK,1311,14.292,,,1342464,
9.162596,STATS,-1,14.292,,200.000,1342464,base=1311 next=1325
9.164614,ACK,1312,14.362,,,1343488,"cum ack, base->1312"
9.165366,RETX,1325,14.362,,200.000,1343488,
9.167200,NAK,1312,14.362,,,1343488,
9.167227,FASTRETX,1312,14.362,,200.000,1343488,nak
9.167268,DUPACK,1312,14.362,,,1343488,
9.167296,NAK,1312,14.362,,,1343488,
9.167322,DUPACK,1312,14.362,,,1343488,
9.167348,NAK,1312,14.362,,,1343488,
9.168197,RETX,1312,14.362,,200.000,1343488,
9.168379,RETX,1313,14.362,,200.000,1343488,
9.168550,RETX,1314,14.362,,200.000,1343488,
9.168717,RETX,1315,14.362,,200.000,1343488,
9.168884,RETX,1316,14.362,,200.000,1343488,
9.169226,RETX,1317,14.362,,200.000,1343488,
9.169407,RETX,1318,14.362,,200.000,1343488,
9.169689,RETX,1319,14.362,,200.000,1343488,
9.169883,RETX,1320,14.362,,200.000,1343488,
9.170110,RETX,1321,14.362,,200.000,1343488,
9.170309,RETX,1322,14.362,,200.000,1343488,
9.170508,RETX,1323,14.362,,200.000,1343488,
9.170678,RETX,1324,14.362,,200.000,1343488,
9.170847,RETX,1325,14.362,,200.000,1343488,
9.170955,DUPACK,1312,14.362,,,1343488,
9.170997,NAK,1312,14.362,,,1343488,
9.171031,DUPACK,1312,14.362,,,1343488,
9.171057,NAK,1312,14.362,,,1343488,
9.171089,DUPACK,1312,14.362,,,1343488,
9.171114,NAK,1312,14.362,,,1343488,
9.171139,DUPACK,1312,14.362,,,1343488,
9.171164,NAK,1312,14.362,,,1343488,
9.171189,DUPACK,1312,14.362,,,1343488,
9.171213,NAK,1312,14.362,,,1343488,
9.171238,DUPACK,1312,14.362,,,1343488,
9.171263,NAK,1312,14.362,,,1343488,
9.171288,DUPACK,1312,14.362,,,1343488,
9.171311,NAK,1312,14.362,,,1343488,
9.171336,DUPACK,1312,14.362,,,1343488,
9.171503,NAK,1312,14.362,,,1343488,
9.171549,DUPACK,1312,14.362,,,1343488,
9.171577,NAK,1312,14.362,,,1343488,
9.220354,NAK,1312,14.362,,,1343488,
9.220465,DUPACK,1312,14.362,,,1343488,
9.220518,ACK,1313,14.431,,,1344512,"cum ack, base->1313"
9.220740,RETX,1326,14.431,,200.000,1344512,
9.220808,ACK,1314,14.501,,,1345536,"cum ack, base->1314"
9.220848,ACK,1316,14.638,,,1347584,"cum ack, base->1316"
9.220881,ACK,1317,14.706,,,1348608,"cum ack, base->1317"
9.220912,ACK,1318,14.774,,,1349632,"cum ack, base->1318"
9.220942,ACK,1319,14.842,,,1350656,"cum ack, base->1319"
9.220972,ACK,1320,14.909,,,1351680,"cum ack, base->1320"
9.221002,ACK,1321,14.977,,,1352704,"cum ack, base->1321"
9.221032,ACK,1322,15.043,,,1353728,"cum ack, base->1322"
9.221061,ACK,1323,15.110,,,1354752,"cum ack, base->1323"
9.221091,ACK,1324,15.176,,,1355776,"cum ack, base->1324"
9.221150,ACK,1325,15.242,,,1356800,"cum ack, base->1325"
9.221184,ACK,1326,15.307,,,1357824,"cum ack, base->1326"
9.223505,SEND,1327,15.307,,200.000,1357824,
9.223710,SEND,1328,15.307,,200.000,1357824,
9.223883,SEND,1329,15.307,,200.000,1357824,
9.224055,SEND,1330,15.307,,200.000,1357824,
9.224223,SEND,1331,15.307,,200.000,1357824,
9.224389,SEND,1332,15.307,,200.000,1357824,
9.224558,SEND,1333,15.307,,200.000,1357824,
9.224723,SEND,1334,15.307,,200.000,1357824,
9.224897,SEND,1335,15.307,,200.000,1357824,
9.225065,SEND,1336,15.307,,200.000,1357824,
9.225231,SEND,1337,15.307,,200.000,1357824,
9.225398,SEND,1338,15.307,,200.000,1357824,
9.225564,SEND,1339,15.307,,200.000,1357824,
9.225733,SEND,1340,15.307,,200.000,1357824,
9.261590,ACK,1327,15.373,,,1358848,"cum ack, base->1327"
9.262823,SEND,1341,15.373,,200.000,1358848,
9.262849,STATS,-1,15.373,,200.000,1358848,base=1327 next=1342
9.270613,NAK,1327,15.373,,,1358848,
9.270645,FASTRETX,1327,13.665,,200.000,1358848,nak
9.270684,DUPACK,1327,13.665,,,1358848,
9.272811,NAK,1327,13.665,,,1358848,
9.273256,RETX,1327,13.665,,200.000,1358848,
9.273449,RETX,1328,13.665,,200.000,1358848,
9.273616,RETX,1329,13.665,,200.000,1358848,
9.273779,RETX,1330,13.665,,200.000,1358848,
9.273993,RETX,1331,13.665,,200.000,1358848,
9.274219,RETX,1332,13.665,,200.000,1358848,
9.274391,RETX,1333,13.665,,200.000,1358848,
9.274562,RETX,1334,13.665,,200.000,1358848,
9.274732,RETX,1335,13.665,,200.000,1358848,
9.274898,RETX,1336,13.665,,200.000,1358848,
9.275116,RETX,1337,13.665,,200.000,1358848,
9.275368,RETX,1338,13.665,,200.000,1358848,
9.275647,RETX,1339,13.665,,200.000,1358848,
9.275794,DUPACK,1327,13.665,,,1358848,
9.275837,NAK,1327,13.665,,,1358848,
9.275867,DUPACK,1327,13.665,,,1358848,
9.275893,NAK,1327,13.665,,,1358848,
9.275921,DUPACK,1327,13.665,,,1358848,
9.275946,NAK,1327,13.665,,,1358848,
9.276041,DUPACK,1327,13.665,,,1358848,
9.277024,NAK,1327,13.665,,,1358848,
9.277073,DUPACK,1327,13.665,,,1358848,
9.277103,NAK,1327,13.665,,,1358848,
9.277130,DUPACK,1327,13.665,,,1358848,
9.277155,NAK,1327,13.665,,,1358848,
9.277181,DUPACK,1327,13.665,,,1358848,
9.278357,NAK,1327,13.665,,,1358848,
9.278408,DUPACK,1327,13.665,,,1358848,
9.278796,DUPACK,1327,13.665,,,1358848,
9.278836,NAK,1327,13.665,,,1358848,
9.280057,DUPACK,1327,13.665,,,1358848,
9.301289,NAK,1327,13.665,,,1358848,
9.311328,DUPACK,1327,13.665,,,1358848,
9.311385,NAK,1327,13.665,,,1358848,
9.312153,DUPACK,1327,13.665,,,1358848,
9.314189,NAK,1327,13.665,,,1358848,
9.314245,DUPACK,1327,13.665,,,1358848,
9.319272,NAK,1327,13.665,,,1358848,
9.319343,DUPACK,1327,13.665,,,1358848,
9.319413,NAK,1327,13.665,,,1358848,
9.320666,DUPACK,1327,13.665,,,1358848,
9.320712,NAK,1327,13.665,,,1358848,
9.320741,DUPACK,1327,13.665,,,1358848,
9.322182,NAK,1327,13.665,,,1358848,
9.322229,DUPACK,1327,13.665,,,1358848,
9.325237,NAK,1327,13.665,,,1358848,
9.325292,DUPACK,1327,13.665,,,1358848,
9.363377,STATS,-1,13.665,,200.000,1358848,base=1327 next=1340
9.465566,STATS,-1,13.665,,200.000,1358848,base=1327 next=1340
9.470680,TIMEOUT,1327,13.665,,200.000,1358848,timeout
9.473188,RETX,1327,13.665,,200.000,1358848,
9.473454,RETX,1328,13.665,,200.000,1358848,
9.473669,RETX,1329,13.665,,200.000,1358848,
9.473873,RETX,1330,13.665,,200.000,1358848,
9.474164,RETX,1331,13.665,,200.000,1358848,
9.474406,RETX,1332,13.665,,200.000,1358848,
9.474619,RETX,1333,13.665,,200.000,1358848,
9.474899,RETX,1334,13.665,,200.000,1358848,
9.475245,RETX,1335,13.665,,200.000,1358848,
9.475646,RETX,1336,13.665,,200.000,1358848,
9.475960,RETX,1337,13.665,,200.000,1358848,
9.476288,RETX,1338,13.665,,200.000,1358848,
9.476549,RETX,1339,13.665,,200.000,1358848,
9.513434,ACK,1329,13.811,,,1360896,"cum ack, base->1329"
9.514147,RETX,1340,13.811,,200.000,1360896,
9.514363,RETX,1341,13.811,,200.000,1360896,
9.515002,ACK,1330,13.883,,,1361920,"cum ack, base->1330"
9.517384,SEND,1342,13.883,,200.000,1361920,
9.526288,ACK,1332,14.027,,,1363968,"cum ack, base->1332"
9.526359,NAK,1332,14.027,,,1363968,
9.526375,FASTRETX,1332,14.027,,200.000,1363968,nak
9.526759,DUPACK,1332,14.027,,,1363968,
9.526800,NAK,1332,14.027,,,1363968,
9.526830,DUPACK,1332,14.027,,,1363968,
9.527687,RETX,1332,14.027,,200.000,1363968,
9.527864,RETX,1333,14.027,,200.000,1363968,
9.528034,RETX,1334,14.027,,200.000,1363968,
9.528201,RETX,1335,14.027,,200.000,1363968,
9.528365,RETX,1336,14.027,,200.000,1363968,
9.528531,RETX,1337,14.027,,200.000,1363968,
9.528697,RETX,1338,14.027,,200.000,1363968,
9.528877,RETX,1339,14.027,,200.000,1363968,
9.529053,RETX,1340,14.027,,200.000,1363968,
9.529223,RETX,1341,14.027,,200.000,1363968,
9.529399,RETX,1342,14.027,,200.000,1363968,
9.529576,SEND,1343,14.027,,200.000,1363968,
9.529755,SEND,1344,14.027,,200.000,1363968,
9.529956,SEND,1345,14.027,,200.000,1363968,
9.530048,NAK,1332,14.027,,,1363968,
9.530096,DUPACK,1332,14.027,,,1363968,
9.530128,NAK,1332,14.027,,,1363968,
9.530159,DUPACK,1332,14.027,,,1363968,
9.530192,NAK,1332,14.027,,,1363968,
9.530232,DUPACK,1332,14.027,,,1363968,
9.530262,DUPACK,1332,14.027,,,1363968,
9.530291,NAK,1332,14.027,,,1363968,
9.530320,DUPACK,1332,14.027,,,1363968,
9.556191,NAK,1332,14.027,,,1363968,
9.556406,DUPACK,1332,14.027,,,1363968,
9.556779,NAK,1332,14.027,,,1363968,
9.558041,DUPACK,1332,14.027,,,1363968,
9.562195,NAK,1332,14.027,,,1363968,
9.562258,DUPACK,1332,14.027,,,1363968,
9.565633,STATS,-1,14.027,,200.000,1363968,base=1332 next=1346
9.571271,ACK,1333,14.098,,,1364992,"cum ack, base->1333"
9.573385,SEND,1346,14.098,,200.000,1364992,
9.578914,ACK,1334,14.169,,,1366016,"cum ack, base->1334"
9.580467,ACK,1335,14.240,,,1367040,"cum ack, base->1335"
9.580545,NAK,1335,14.240,,,1367040,
9.580561,FASTRETX,1335,14.240,,200.000,1367040,nak
9.580606,DUPACK,1335,14.240,,,1367040,
9.580645,NAK,1335,14.240,,,1367040,
9.580686,DUPACK,1335,14.240,,,1367040,
9.581234,RETX,1335,14.240,,200.000,1367040,
9.581625,RETX,1336,14.240,,200.000,1367040,
9.581945,RETX,1337,14.240,,200.000,1367040,
9.582523,RETX,1338,14.240,,200.000,1367040,
9.583127,RETX,1339,14.240,,200.000,1367040,
9.583439,RETX,1340,14.240,,200.000,1367040,
9.583644,RETX,1341,14.240,,200.000,1367040,
9.583850,RETX,1342,14.240,,200.000,1367040,
9.584143,RETX,1343,14.240,,200.000,1367040,
9.584489,RETX,1344,14.240,,200.000,1367040,
9.584727,RETX,1345,14.240,,200.000,1367040,
9.584972,RETX,1346,14.240,,200.000,1367040,
9.585449,SEND,1347,14.240,,200.000,1367040,
9.585825,SEND,1348,14.240,,200.000,1367040,
9.585942,NAK,1335,14.240,,,1367040,
9.585992,DUPACK,1335,14.240,,,1367040,
9.586020,NAK,1335,14.240,,,1367040,
9.586047,DUPACK,1335,14.240,,,1367040,
9.586076,NAK,1335,14.240,,,1367040,
9.586102,DUPACK,1335,14.240,,,1367040,
9.586158,NAK,1335,14.240,,,1367040,
9.586194,DUPACK,1335,14.240,,,1367040,
9.586224,NAK,1335,14.240,,,1367040,
9.586424,DUPACK,1335,14.240,,,1367040,
9.586456,NAK,1335,14.240,,,1367040,
9.586485,DUPACK,1335,14.240,,,1367040,
9.586511,NAK,1335,14.240,,,1367040,
9.586537,DUPACK,1335,14.240,,,1367040,
9.627213,NAK,1335,14.240,,,1367040,
9.627279,DUPACK,1335,14.240,,,1367040,
9.632500,ACK,1336,14.310,,,1368064,"cum ack, base->1336"
9.633041,ACK,1337,14.380,,,1369088,"cum ack, base->1337"
9.633249,ACK,1338,14.449,,,1370112,"cum ack, base->1338"
9.633399,ACK,1339,14.518,,,1371136,"cum ack, base->1339"
9.633589,ACK,1340,14.587,,,1372160,"cum ack, base->1340"
9.633715,ACK,1342,14.724,,,1374208,"cum ack, base->1342"
9.633801,ACK,1343,14.792,,,1375232,"cum ack, base->1343"
9.634090,ACK,1344,14.860,,,1376256,"cum ack, base->1344"
9.634200,ACK,1345,14.927,,,1377280,"cum ack, base->1345"
9.634266,ACK,1346,14.994,,,1378304,"cum ack, base->1346"
9.634332,ACK,1347,15.061,,,1379328,"cum ack, base->1347"
9.634481,ACK,1348,15.127,,,1380352,"cum ack, base->1348"
9.634520,ACK,1349,15.193,,,1381376,"cum ack, base->1349"
9.634992,SEND,1349,15.193,,200.000,1381376,
9.635266,SEND,1350,15.193,,200.000,1381376,
9.635552,SEND,1351,15.193,,200.000,1381376,
9.635831,SEND,1352,15.193,,200.000,1381376,
9.636925,SEND,1353,15.193,,200.000,1381376,
9.637643,SEND,1354,15.193,,200.000,1381376,
9.637893,SEND,1355,15.193,,200.000,1381376,
9.638105,SEND,1356,15.193,,200.000,1381376,
9.638396,SEND,1357,15.193,,200.000,1381376,
9.638598,SEND,1358,15.193,,200.000,1381376,
9.638769,SEND,1359,15.193,,200.000,1381376,
9.638938,SEND,1360,15.193,,200.000,1381376,
9.639109,SEND,1361,15.193,,200.000,1381376,
9.639278,SEND,1362,15.193,,200.000,1381376,
9.639446,SEND,1363,15.193,,200.000,1381376,
9.667075,STATS,-1,15.193,,200.000,1381376,base=1349 next=1364
9.692364,ACK,1350,15.259,,,1382400,"cum ack, base->1350"
9.692503,NAK,1351,15.259,,,1382400,
9.692534,FASTRETX,1350,13.564,,200.000,1382400,nak
9.692617,ACK,1351,13.637,,,1383424,"cum ack, base->1351"
9.692679,NAK,1351,13.637,,,1383424,
9.692699,FASTRETX,1351,13.637,,200.000,1383424,nak
9.692761,DUPACK,1351,13.637,,,1383424,
9.692823,NAK,1351,13.637,,,1383424,
9.692882,DUPACK,1351,13.637,,,1383424,
9.692940,NAK,1351,13.637,,,1383424,
9.692994,DUPACK,1351,13.637,,,1383424,
9.693045,NAK,1351,13.637,,,1383424,
9.693099,DUPACK,1351,13.637,,,1383424,
9.693162,NAK,1351,13.637,,,1383424,
9.693239,DUPACK,1351,13.637,,,1383424,
9.693290,NAK,1351,13.637,,,1383424,
9.693344,DUPACK,1351,13.637,,,1383424,
9.693395,NAK,1351,13.637,,,1383424,
9.693448,DUPACK,1351,13.637,,,1383424,
9.693498,NAK,1351,13.637,,,1383424,
9.693550,DUPACK,1351,13.637,,,1383424,
9.693610,NAK,1351,13.637,,,1383424,
9.693663,DUPACK,1351,13.637,,,1383424,
9.695082,RETX,1351,13.637,,200.000,1383424,
9.695489,RETX,1352,13.637,,200.000,1383424,
9.695956,RETX,1353,13.637,,200.000,1383424,
9.696269,RETX,1354,13.637,,200.000,1383424,
9.696532,RETX,1355,13.637,,200.000,1383424,
9.696793,RETX,1356,13.637,,200.000,1383424,
9.697051,RETX,1357,13.637,,200.000,1383424,
9.697375,RETX,1358,13.637,,200.000,1383424,
9.697648,RETX,1359,13.637,,200.000,1383424,
9.697912,RETX,1360,13.637,,200.000,1383424,
9.698175,RETX,1361,13.637,,200.000,1383424,
9.698449,RETX,1362,13.637,,200.000,1383424,
9.698712,RETX,1363,13.637,,200.000,1383424,
9.740945,ACK,1352,13.711,,,1384448,"cum ack, base->1352"
9.741191,ACK,1353,13.783,,,1385472,"cum ack, base->1353"
9.741261,ACK,1354,13.856,,,1386496,"cum ack, base->1354"
9.741311,NAK,1354,13.856,,,1386496,
9.741327,FASTRETX,1354,13.856,,200.000,1386496,nak
9.742274,RETX,1354,13.856,,200.000,1386496,
9.742591,RETX,1355,13.856,,200.000,1386496,
9.742862,RETX,1356,13.856,,200.000,1386496,
9.743134,RETX,1357,13.856,,200.000,1386496,
9.743477,RETX,1358,13.856,,200.000,1386496,
9.743779,RETX,1359,13.856,,200.000,1386496,
9.744022,RETX,1360,13.856,,200.000,1386496,
9.744226,RETX,1361,13.856,,200.000,1386496,
9.744430,RETX,1362,13.856,,200.000,1386496,
9.744633,RETX,1363,13.856,,200.000,1386496,
9.744836,SEND,1364,13.856,,200.000,1386496,
9.745049,SEND,1365,13.856,,200.000,1386496,
9.745248,SEND,1366,13.856,,200.000,1386496,
9.748809,DUPACK,1354,13.856,,,1386496,
9.748891,NAK,1354,13.856,,,1386496,
9.748933,DUPACK,1354,13.856,,,1386496,
9.748969,NAK,1354,13.856,,,1386496,
9.749000,DUPACK,1354,13.856,,,1386496,
9.749031,NAK,1354,13.856,,,1386496,
9.749061,DUPACK,1354,13.856,,,1386496,
9.749121,NAK,1354,13.856,,,1386496,
9.749152,DUPACK,1354,13.856,,,1386496,
9.749259,NAK,1354,13.856,,,1386496,
9.753423,DUPACK,1354,13.856,,,1386496,
9.753606,NAK,1354,13.856,,,1386496,
9.753662,DUPACK,1354,13.856,,,1386496,
9.753713,NAK,1354,13.856,,,1386496,
9.753756,DUPACK,1354,13.856,,,1386496,
9.753797,NAK,1354,13.856,,,1386496,
9.753837,DUPACK,1354,13.856,,,1386496,
9.767711,STATS,-1,13.856,,200.000,1386496,base=1354 next=1367
9.790841,ACK,1355,13.928,,,1387520,"cum ack, base->1355"
9.790949,ACK,1356,14.000,,,1388544,"cum ack, base->1356"
9.793113,SEND,1367,14.000,,200.000,1388544,
9.793423,SEND,1368,14.000,,200.000,1388544,
9.793600,SEND,1369,14.000,,200.000,1388544,
9.794228,ACK,1357,14.071,,,1389568,"cum ack, base->1357"
9.794280,ACK,1358,14.143,,,1390592,"cum ack, base->1358"
9.794313,ACK,1359,14.213,,,1391616,"cum ack, base->1359"
9.794374,ACK,1360,14.284,,,1392640,"cum ack, base->1360"
9.794405,ACK,1361,14.354,,,1393664,"cum ack, base->1361"
9.794436,ACK,1362,14.423,,,1394688,"cum ack, base->1362"
9.796375,SEND,1370,14.423,,200.000,1394688,
9.796561,SEND,1371,14.423,,200.000,1394688,
9.796731,SEND,1372,14.423,,200.000,1394688,
9.796902,SEND,1373,14.423,,200.000,1394688,
9.797196,SEND,1374,14.423,,200.000,1394688,
9.797381,SEND,1375,14.423,,200.000,1394688,
9.797513,ACK,1364,14.562,,,1396736,"cum ack, base->1364"
9.797567,ACK,1365,14.630,,,1397760,"cum ack, base->1365"
9.797600,ACK,1366,14.699,,,1398784,"cum ack, base->1366"
9.801778,SEND,1376,14.699,,200.000,1398784,
9.801976,SEND,1377,14.699,,200.000,1398784,
9.802173,SEND,1378,14.699,,200.000,1398784,
9.802357,SEND,1379,14.699,,200.000,1398784,
9.830233,NAK,1366,14.699,,,1398784,
9.830271,FASTRETX,1366,13.065,,200.000,1398784,nak
9.830317,DUPACK,1366,13.065,,,1398784,
9.831104,RETX,1366,13.065,,200.000,1398784,
9.831382,RETX,1367,13.065,,200.000,1398784,
9.831591,RETX,1368,13.065,,200.000,1398784,
9.831759,RETX,1369,13.065,,200.000,1398784,
9.831927,RETX,1370,13.065,,200.000,1398784,
9.832095,RETX,1371,13.065,,200.000,1398784,
9.832274,RETX,1372,13.065,,200.000,1398784,
9.832447,RETX,1373,13.065,,200.000,1398784,
9.832705,RETX,1374,13.065,,200.000,1398784,
9.832923,RETX,1375,13.065,,200.000,1398784,
9.833098,RETX,1376,13.065,,200.000,1398784,
9.833267,RETX,1377,13.065,,200.000,1398784,
9.833438,RETX,1378,13.065,,200.000,1398784,
9.839272,NAK,1366,13.065,,,1398784,
9.844284,DUPACK,1366,13.065,,,1398784,
9.844355,NAK,1366,13.065,,,1398784,
9.844393,DUPACK,1366,13.065,,,1398784,
9.844426,NAK,1366,13.065,,,1398784,
9.845836,DUPACK,1366,13.065,,,1398784,
9.845892,NAK,1366,13.065,,,1398784,
9.849389,DUPACK,1366,13.065,,,1398784,
9.849504,NAK,1366,13.065,,,1398784,
9.849539,DUPACK,1366,13.065,,,1398784,
9.849567,NAK,1366,13.065,,,1398784,
9.849758,DUPACK,1366,13.065,,,1398784,
9.850033,DUPACK,1366,13.065,,,1398784,
9.850063,NAK,1366,13.065,,,1398784,
9.850092,NAK,1366,13.065,,,1398784,
9.850146,DUPACK,1366,13.065,,,1398784,
9.850173,NAK,1366,13.065,,,1398784,
9.850202,DUPACK,1366,13.065,,,1398784,
9.850226,NAK,1366,13.065,,,1398784,
9.850251,DUPACK,1366,13.065,,,1398784,
9.869014,STATS,-1,13.065,,200.000,1398784,base=1366 next=1379
9.877623,ACK,1367,13.142,,,1399808,"cum ack, base->1367"
9.879386,RETX,1379,13.142,,200.000,1399808,
9.881006,ACK,1368,13.218,,,1400832,"cum ack, base->1368"
9.881079,ACK,1369,13.294,,,1401856,"cum ack, base->1369"
9.881123,ACK,1370,13.369,,,1402880,"cum ack, base->1370"
9.882280,SEND,1380,13.369,,200.000,1402880,
9.882576,SEND,1381,13.369,,200.000,1402880,
9.882840,SEND,1382,13.369,,200.000,1402880,
9.882974,ACK,1371,13.444,,,1403904,"cum ack, base->1371"
9.883037,ACK,1372,13.518,,,1404928,"cum ack, base->1372"
9.885915,SEND,1383,13.518,,200.000,1404928,
9.886482,SEND,1384,13.518,,200.000,1404928,
9.887974,ACK,1373,13.592,,,1405952,"cum ack, base->1373"
9.888085,ACK,1374,13.666,,,1406976,"cum ack, base->1374"
9.888180,ACK,1375,13.739,,,1408000,"cum ack, base->1375"
9.888225,ACK,1376,13.812,,,1409024,"cum ack, base->1376"
9.888264,ACK,1377,13.884,,,1410048,"cum ack, base->1377"
9.888304,ACK,1378,13.956,,,1411072,"cum ack, base->1378"
9.888341,ACK,1379,14.028,,,1412096,"cum ack, base->1379"
9.889324,SEND,1385,14.028,,200.000,1412096,
9.889549,SEND,1386,14.028,,200.000,1412096,
9.889753,SEND,1387,14.028,,200.000,1412096,
9.889957,SEND,1388,14.028,,200.000,1412096,
9.890167,SEND,1389,14.028,,200.000,1412096,
9.890369,SEND,1390,14.028,,200.000,1412096,
9.890573,SEND,1391,14.028,,200.000,1412096,
9.890801,SEND,1392,14.028,,200.000,1412096,
9.923518,NAK,1379,14.028,,,1412096,
9.923553,FASTRETX,1379,14.028,,200.000,1412096,nak
9.923604,DUPACK,1379,14.028,,,1412096,
9.925528,RETX,1379,14.028,,200.000,1412096,
9.925795,RETX,1380,14.028,,200.000,1412096,
9.926062,RETX,1381,14.028,,200.000,1412096,
9.926234,RETX,1382,14.028,,200.000,1412096,
9.926402,RETX,1383,14.028,,200.000,1412096,
9.926571,RETX,1384,14.028,,200.000,1412096,
9.926839,RETX,1385,14.028,,200.000,1412096,
9.927074,RETX,1386,14.028,,200.000,1412096,
9.927272,RETX,1387,14.028,,200.000,1412096,
9.927543,RETX,1388,14.028,,200.000,1412096,
9.927727,RETX,1389,14.028,,200.000,1412096,
9.927898,RETX,1390,14.028,,200.000,1412096,
9.928073,RETX,1391,14.028,,200.000,1412096,
9.928403,RETX,1392,14.028,,200.000,1412096,
9.928527,NAK,1379,14.028,,,1412096,
9.934299,DUPACK,1379,14.028,,,1412096,
9.934359,NAK,1379,14.028,,,1412096,
9.934391,DUPACK,1379,14.028,,,1412096,
9.937169,NAK,1379,14.028,,,1412096,
9.937676,DUPACK,1379,14.028,,,1412096,
9.937716,DUPACK,1379,14.028,,,1412096,
9.937751,NAK,1379,14.028,,,1412096,
9.937817,DUPACK,1379,14.028,,,1412096,
9.937859,NAK,1379,14.028,,,1412096,
9.937890,DUPACK,1379,14.028,,,1412096,
9.937925,NAK,1379,14.028,,,1412096,
9.938064,DUPACK,1379,14.028,,,1412096,
9.938091,NAK,1379,14.028,,,1412096,
9.938117,DUPACK,1379,14.028,,,1412096,
9.938142,NAK,1379,14.028,,,1412096,
9.940140,DUPACK,1379,14.028,,,1412096,
9.940207,NAK,1379,14.028,,,1412096,
9.940239,DUPACK,1379,14.028,,,1412096,
9.940266,NAK,1379,14.028,,,1412096,
9.940298,DUPACK,1379,14.028,,,1412096,
9.940340,NAK,1379,14.028,,,1412096,
9.940367,DUPACK,1379,14.028,,,1412096,
9.969375,STATS,-1,14.028,,200.000,1412096,base=1379 next=1393
9.969589,ACK,1380,14.099,,,1413120,"cum ack, base->1380"
9.969644,ACK,1381,14.170,,,1414144,"cum ack, base->1381"
9.972329,SEND,1393,14.170,,200.000,1414144,
9.972598,SEND,1394,14.170,,200.000,1414144,
9.974320,ACK,1382,14.241,,,1415168,"cum ack, base->1382"
9.974422,ACK,1383,14.311,,,1416192,"cum ack, base->1383"
9.974469,ACK,1384,14.381,,,1417216,"cum ack, base->1384"
9.974504,ACK,1385,14.450,,,1418240,"cum ack, base->1385"
9.974538,ACK,1386,14.519,,,1419264,"cum ack, base->1386"
9.974569,ACK,1387,14.588,,,1420288,"cum ack, base->1387"
9.975363,SEND,1395,14.588,,200.000,1420288,
9.975593,SEND,1396,14.588,,200.000,1420288,
9.975767,SEND,1397,14.588,,200.000,1420288,
9.975946,SEND,1398,14.588,,200.000,1420288,
9.976115,SEND,1399,14.588,,200.000,1420288,
9.976299,SEND,1400,14.588,,200.000,1420288,
9.981241,ACK,1388,14.657,,,1421312,"cum ack, base->1388"
9.981356,ACK,1389,14.725,,,1422336,"cum ack, base->1389"
9.981655,SEND,1401,14.725,,200.000,1422336,
9.981832,SEND,1402,14.725,,200.000,1422336,
9.981949,ACK,1390,14.793,,,1423360,"cum ack, base->1390"
9.981991,ACK,1391,14.861,,,1424384,"cum ack, base->1391"
9.982025,ACK,1392,14.928,,,1425408,"cum ack, base->1392"
9.982113,ACK,1393,14.995,,,1426432,"cum ack, base->1393"
9.984882,SEND,1403,14.995,,200.000,1426432,
9.985080,SEND,1404,14.995,,200.000,1426432,
9.985397,SEND,1405,14.995,,200.000,1426432,
9.985583,SEND,1406,14.995,,200.000,1426432,
10.024754,ACK,1394,15.061,,,1427456,"cum ack, base->1394"
10.025040,ACK,1395,15.128,,,1428480,"cum ack, base->1395"
10.025273,ACK,1396,15.194,,,1429504,"cum ack, base->1396"
10.026032,SEND,1407,15.194,,200.000,1429504,
10.026714,SEND,1408,15.194,,200.000,1429504,
10.026994,SEND,1409,15.194,,200.000,1429504,
10.027294,SEND,1410,15.194,,200.000,1429504,
10.027455,ACK,1397,15.260,,,1430528,"cum ack, base->1397"
10.027539,NAK,1397,15.260,,,1430528,
10.027558,FASTRETX,1397,13.564,,200.000,1430528,nak
10.027634,DUPACK,1397,13.564,,,1430528,
10.027699,NAK,1397,13.564,,,1430528,
10.027751,DUPACK,1397,13.564,,,1430528,
10.027801,NAK,1397,13.564,,,1430528,
10.028803,DUPACK,1397,13.564,,,1430528,
10.028875,NAK,1397,13.564,,,1430528,
10.028924,DUPACK,1397,13.564,,,1430528,
10.028966,NAK,1397,13.564,,,1430528,
10.029007,DUPACK,1397,13.564,,,1430528,
10.029391,NAK,1397,13.564,,,1430528,
10.029447,DUPACK,1397,13.564,,,1430528,
10.030189,RETX,1397,13.564,,200.000,1430528,
10.030564,RETX,1398,13.564,,200.000,1430528,
10.031064,RETX,1399,13.564,,200.000,1430528,
10.031779,RETX,1400,13.564,,200.000,1430528,
10.033216,RETX,1401,13.564,,200.000,1430528,
10.033493,RETX,1402,13.564,,200.000,1430528,
10.033743,RETX,1403,13.564,,200.000,1430528,
10.033999,RETX,1404,13.564,,200.000,1430528,
10.034318,RETX,1405,13.564,,200.000,1430528,
10.034587,RETX,1406,13.564,,200.000,1430528,
10.034798,RETX,1407,13.564,,200.000,1430528,
10.034988,RETX,1408,13.564,,200.000,1430528,
10.035258,RETX,1409,13.564,,200.000,1430528,
10.035409,NAK,1397,13.564,,,1430528,
10.035455,NAK,1397,13.564,,,1430528,
10.035483,DUPACK,1397,13.564,,,1430528,
10.035510,NAK,1397,13.564,,,1430528,
10.035536,DUPACK,1397,13.564,,,1430528,
10.068933,NAK,1397,13.564,,,1430528,
10.069406,DUPACK,1397,13.564,,,1430528,
10.070757,STATS,-1,13.564,,200.000,1430528,base=1397 next=1410
10.077728,NAK,1397,13.564,,,1430528,
10.077820,DUPACK,1397,13.564,,,1430528,
10.077905,NAK,1397,13.564,,,1430528,
10.077958,DUPACK,1397,13.564,,,1430528,
10.077999,DUPACK,1397,13.564,,,1430528,
10.078066,ACK,1398,13.638,,,1431552,"cum ack, base->1398"
10.078150,ACK,1399,13.711,,,1432576,"cum ack, base->1399"
10.078200,ACK,1400,13.784,,,1433600,"cum ack, base->1400"
10.078573,RETX,1410,13.784,,200.000,1433600,
10.078896,SEND,1411,13.784,,200.000,1433600,
10.079172,SEND,1412,13.784,,200.000,1433600,
10.082063,ACK,1402,13.929,,,1435648,"cum ack, base->1402"
10.082804,ACK,1403,14.001,,,1436672,"cum ack, base->1403"
10.082922,ACK,1404,14.072,,,1437696,"cum ack, base->1404"
10.082968,ACK,1405,14.143,,,1438720,"cum ack, base->1405"
10.084077,SEND,1413,14.143,,200.000,1438720,
10.084342,SEND,1414,14.143,,200.000,1438720,
10.084515,SEND,1415,14.143,,200.000,1438720,
10.084852,SEND,1416,14.143,,200.000,1438720,
10.085174,SEND,1417,14.143,,200.000,1438720,
10.085372,SEND,1418,14.143,,200.000,1438720,
10.085494,ACK,1406,14.214,,,1439744,"cum ack, base->1406"
10.086479,ACK,1407,14.284,,,1440768,"cum ack, base->1407"
10.086536,ACK,1408,14.354,,,1441792,"cum ack, base->1408"
10.086570,ACK,1409,14.424,,,1442816,"cum ack, base->1409"
10.088242,SEND,1419,14.424,,200.000,1442816,
10.088495,SEND,1420,14.424,,200.000,1442816,
10.088702,SEND,1421,14.424,,200.000,1442816,
10.088963,SEND,1422,14.424,,200.000,1442816,
10.089097,ACK,1410,14.493,,,1443840,"cum ack, base->1410"
10.091816,SEND,1423,14.493,,200.000,1443840,
10.128286,ACK,1411,14.562,,,1444864,"cum ack, base->1411"
10.130186,SEND,1424,14.562,,200.000,1444864,
10.130709,ACK,1412,14.631,,,1445888,"cum ack, base->1412"
10.130761,ACK,1413,14.699,,,1446912,"cum ack, base->1413"
10.130838,ACK,1414,14.767,,,1447936,"cum ack, base->1414"
10.130882,ACK,1415,14.835,,,1448960,"cum ack, base->1415"
10.130916,ACK,1416,14.902,,,1449984,"cum ack, base->1416"
10.130948,ACK,1417,14.970,,,1451008,"cum ack, base->1417"
10.133320,SEND,1425,14.970,,200.000,1451008,
10.134197,SEND,1426,14.970,,200.000,1451008,
10.134538,SEND,1427,14.970,,200.000,1451008,
10.134716,SEND,1428,14.970,,200.000,1451008,
10.134995,SEND,1429,14.970,,200.000,1451008,
10.135168,SEND,1430,14.970,,200.000,1451008,
10.135309,ACK,1418,15.036,,,1452032,"cum ack, base->1418"
10.138053,SEND,1431,15.036,,200.000,1452032,
10.138336,SEND,1432,15.036,,200.000,1452032,
10.140191,ACK,1419,15.103,,,1453056,"cum ack, base->1419"
10.140389,ACK,1420,15.169,,,1454080,"cum ack, base->1420"
10.140506,ACK,1421,15.235,,,1455104,"cum ack, base->1421"
10.140815,ACK,1422,15.301,,,1456128,"cum ack, base->1422"
10.141253,SEND,1433,15.301,,200.000,1456128,
10.142262,SEND,1434,15.301,,200.000,1456128,
10.142610,SEND,1435,15.301,,200.000,1456128,
10.142884,SEND,1436,15.301,,200.000,1456128,
10.143575,ACK,1423,15.366,,,1457152,"cum ack, base->1423"
10.143711,ACK,1424,15.431,,,1458176,"cum ack, base->1424"
10.146050,SEND,1437,15.431,,200.000,1458176,
10.146432,SEND,1438,15.431,,200.000,1458176,
10.172748,STATS,-1,15.431,,200.000,1458176,base=1424 next=1439
10.175215,ACK,1425,15.496,,,1459200,"cum ack, base->1425"
10.175547,SEND,1439,15.496,,200.000,1459200,
10.180267,ACK,1426,15.560,,,1460224,"cum ack, base->1426"
10.180690,SEND,1440,15.560,,200.000,1460224,
10.183951,ACK,1427,15.625,,,1461248,"cum ack, base->1427"
10.184117,ACK,1428,15.689,,,1462272,"cum ack, base->1428"
10.187564,SEND,1441,15.689,,200.000,1462272,
10.187814,SEND,1442,15.689,,200.000,1462272,
10.188025,ACK,1429,15.752,,,1463296,"cum ack, base->1429"
10.188103,ACK,1430,15.816,,,1464320,"cum ack, base->1430"
10.188251,ACK,1431,15.879,,,1465344,"cum ack, base->1431"
10.190201,ACK,1432,15.942,,,1466368,"cum ack, base->1432"
10.190311,ACK,1433,16.005,,,1467392,"cum ack, base->1433"
10.190526,SEND,1443,16.005,,200.000,1467392,
10.190700,SEND,1444,16.005,,200.000,1467392,
10.190903,SEND,1445,16.005,,200.000,1467392,
10.191078,SEND,1446,16.005,,200.000,1467392,
10.191314,SEND,1447,16.005,,200.000,1467392,
10.191493,SEND,1448,16.005,,200.000,1467392,
10.191597,ACK,1434,16.067,,,1468416,"cum ack, base->1434"
10.191656,ACK,1435,16.130,,,1469440,"cum ack, base->1435"
10.191691,ACK,1436,16.192,,,1470464,"cum ack, base->1436"
10.191723,ACK,1437,16.253,,,1471488,"cum ack, base->1437"
10.192118,ACK,1438,16.315,,,1472512,"cum ack, base->1438"
10.192159,ACK,1439,16.376,,,1473536,"cum ack, base->1439"
10.194271,SEND,1449,16.376,,200.000,1473536,
10.194491,SEND,1450,16.376,,200.000,1473536,
10.194668,SEND,1451,16.376,,200.000,1473536,
10.194940,SEND,1452,16.376,,200.000,1473536,
10.195156,SEND,1453,16.376,,200.000,1473536,
10.195598,SEND,1454,16.376,,200.000,1473536,
10.219567,ACK,1440,16.437,,,1474560,"cum ack, base->1440"
10.219656,ACK,1441,16.498,,,1475584,"cum ack, base->1441"
10.221995,SEND,1455,16.498,,200.000,1475584,
10.222208,SEND,1456,16.498,,200.000,1475584,
10.231996,ACK,1442,16.559,,,1476608,"cum ack, base->1442"
10.232078,ACK,1443,16.619,,,1477632,"cum ack, base->1443"
10.232730,SEND,1457,16.619,,200.000,1477632,
10.233159,SEND,1458,16.619,,200.000,1477632,
10.235604,ACK,1444,16.679,,,1478656,"cum ack, base->1444"
10.235958,SEND,1459,16.679,,200.000,1478656,
10.243234,ACK,1445,16.739,,,1479680,"cum ack, base->1445"
10.243319,ACK,1446,16.799,,,1480704,"cum ack, base->1446"
10.243588,SEND,1460,16.799,,200.000,1480704,
10.243769,SEND,1461,16.799,,200.000,1480704,
10.247692,NAK,1446,16.799,,,1480704,
10.247784,FASTRETX,1446,14.932,,200.000,1480704,nak
10.247862,DUPACK,1446,14.932,,,1480704,
10.247915,NAK,1446,14.932,,,1480704,
10.247958,DUPACK,1446,14.932,,,1480704,
10.247997,DUPACK,1446,14.932,,,1480704,
10.248036,NAK,1446,14.932,,,1480704,
10.248075,DUPACK,1446,14.932,,,1480704,
10.248112,NAK,1446,14.932,,,1480704,
10.248151,DUPACK,1446,14.932,,,1480704,
10.249282,RETX,1446,14.932,,200.000,1480704,
10.250156,RETX,1447,14.932,,200.000,1480704,
10.250551,RETX,1448,14.932,,200.000,1480704,
10.250902,RETX,1449,14.932,,200.000,1480704,
10.251377,RETX,1450,14.932,,200.000,1480704,
10.251866,RETX,1451,14.932,,200.000,1480704,
10.252276,RETX,1452,14.932,,200.000,1480704,
10.252680,RETX,1453,14.932,,200.000,1480704,
10.252913,RETX,1454,14.932,,200.000,1480704,
10.253285,RETX,1455,14.932,,200.000,1480704,
10.253566,RETX,1456,14.932,,200.000,1480704,
10.253899,RETX,1457,14.932,,200.000,1480704,
10.254241,RETX,1458,14.932,,200.000,1480704,
10.254502,RETX,1459,14.932,,200.000,1480704,
10.254660,NAK,1446,14.932,,,1480704,
10.254794,DUPACK,1446,14.932,,,1480704,
10.254844,NAK,1446,14.932,,,1480704,
10.254880,DUPACK,1446,14.932,,,1480704,
10.254911,NAK,1446,14.932,,,1480704,
10.254940,DUPACK,1446,14.932,,,1480704,
10.259164,NAK,1446,14.932,,,1480704,
10.269028,DUPACK,1446,14.932,,,1480704,
10.269072,NAK,1446,14.932,,,1480704,
10.270917,DUPACK,1446,14.932,,,1480704,
10.270953,NAK,1446,14.932,,,1480704,
10.274890,STATS,-1,14.932,,200.000,1480704,base=1446 next=1460
10.276475,DUPACK,1446,14.932,,,1480704,
10.279922,NAK,1446,14.932,,,1480704,
10.279951,DUPACK,1446,14.932,,,1480704,
10.281233,NAK,1446,14.932,,,1480704,
10.281258,DUPACK,1446,14.932,,,1480704,
10.290717,NAK,1446,14.932,,,1480704,
10.290759,DUPACK,1446,14.932,,,1480704,
10.290788,NAK,1446,14.932,,,1480704,
10.290835,ACK,1447,14.999,,,1481728,"cum ack, base->1447"
10.292713,RETX,1460,14.999,,200.000,1481728,
10.301542,ACK,1448,15.066,,,1482752,"cum ack, base->1448"
10.301622,ACK,1449,15.132,,,1483776,"cum ack, base->1449"
10.301668,ACK,1450,15.198,,,1484800,"cum ack, base->1450"
10.301707,ACK,1451,15.264,,,1485824,"cum ack, base->1451"
10.301744,ACK,1452,15.330,,,1486848,"cum ack, base->1452"
10.301782,ACK,1453,15.395,,,1487872,"cum ack, base->1453"
10.301819,ACK,1454,15.460,,,1488896,"cum ack, base->1454"
10.301854,ACK,1455,15.525,,,1489920,"cum ack, base->1455"
10.301890,ACK,1456,15.589,,,1490944,"cum ack, base->1456"
10.301929,ACK,1457,15.653,,,1491968,"cum ack, base->1457"
10.301966,ACK,1458,15.717,,,1492992,"cum ack, base->1458"
10.303382,RETX,1461,15.717,,200.000,1492992,
10.303684,SEND,1462,15.717,,200.000,1492992,
10.303918,SEND,1463,15.717,,200.000,1492992,
10.304221,SEND,1464,15.717,,200.000,1492992,
10.304469,SEND,1465,15.717,,200.000,1492992,
10.304933,SEND,1466,15.717,,200.000,1492992,
10.305431,SEND,1467,15.717,,200.000,1492992,
10.305671,SEND,1468,15.717,,200.000,1492992,
10.305899,SEND,1469,15.717,,200.000,1492992,
10.306124,SEND,1470,15.717,,200.000,1492992,
10.306350,SEND,1471,15.717,,200.000,1492992,
10.306576,SEND,1472,15.717,,200.000,1492992,
10.306656,ACK,1459,15.781,,,1494016,"cum ack, base->1459"
10.306700,ACK,1460,15.844,,,1495040,"cum ack, base->1460"
10.309455,SEND,1473,15.844,,200.000,1495040,
10.309657,SEND,1474,15.844,,200.000,1495040,
10.326038,ACK,1461,15.907,,,1496064,"cum ack, base->1461"
10.327117,SEND,1475,15.907,,200.000,1496064,
10.344055,ACK,1462,15.970,,,1497088,"cum ack, base->1462"
10.345452,SEND,1476,15.970,,200.000,1497088,
10.353066,ACK,1463,16.033,,,1498112,"cum ack, base->1463"
10.353204,ACK,1464,16.095,,,1499136,"cum ack, base->1464"
10.353257,ACK,1465,16.157,,,1500160,"cum ack, base->1465"
10.353291,NAK,1465,16.157,,,1500160,
10.353341,FASTRETX,1465,14.362,,200.000,1500160,nak
10.353426,DUPACK,1465,14.362,,,1500160,
10.353461,NAK,1465,14.362,,,1500160,
10.355194,RETX,1465,14.362,,200.000,1500160,
10.355403,RETX,1466,14.362,,200.000,1500160,
10.355575,RETX,1467,14.362,,200.000,1500160,
10.355751,RETX,1468,14.362,,200.000,1500160,
10.356057,RETX,1469,14.362,,200.000,1500160,
10.356249,RETX,1470,14.362,,200.000,1500160,
10.356422,RETX,1471,14.362,,200.000,1500160,
10.356622,RETX,1472,14.362,,200.000,1500160,
10.356818,RETX,1473,14.362,,200.000,1500160,
10.357028,RETX,1474,14.362,,200.000,1500160,
10.357207,RETX,1475,14.362,,200.000,1500160,
10.357438,RETX,1476,14.362,,200.000,1500160,
10.357619,SEND,1477,14.362,,200.000,1500160,
10.357786,SEND,1478,14.362,,200.000,1500160,
10.357879,DUPACK,1465,14.362,,,1500160,
10.357918,NAK,1465,14.362,,,1500160,
10.357948,DUPACK,1465,14.362,,,1500160,
10.357976,NAK,1465,14.362,,,1500160,
10.358613,DUPACK,1465,14.362,,,1500160,
10.359088,NAK,1465,14.362,,,1500160,
10.359134,DUPACK,1465,14.362,,,1500160,
10.359161,NAK,1465,14.362,,,1500160,
10.359192,DUPACK,1465,14.362,,,1500160,
10.359216,NAK,1465,14.362,,,1500160,
10.359246,DUPACK,1465,14.362,,,1500160,
10.361002,NAK,1465,14.362,,,1500160,
10.361067,DUPACK,1465,14.362,,,1500160,
10.361097,NAK,1465,14.362,,,1500160,
10.361126,DUPACK,1465,14.362,,,1500160,
10.374982,STATS,-1,14.362,,200.000,1500160,base=1465 next=1479
10.379138,NAK,1465,14.362,,,1500160,
10.383134,DUPACK,1465,14.362,,,1500160,
10.394813,ACK,1466,14.432,,,1501184,"cum ack, base->1466"
10.395137,SEND,1479,14.432,,200.000,1501184,
10.399471,ACK,1467,14.501,,,1502208,"cum ack, base->1467"
10.399823,SEND,1480,14.501,,200.000,1502208,
10.400010,ACK,1468,14.570,,,1503232,"cum ack, base->1468"
10.400076,ACK,1469,14.638,,,1504256,"cum ack, base->1469"
10.400118,ACK,1470,14.707,,,1505280,"cum ack, base->1470"
10.400152,ACK,1472,14.842,,,1507328,"cum ack, base->1472"
10.400184,ACK,1473,14.910,,,1508352,"cum ack, base->1473"
10.400216,ACK,1474,14.977,,,1509376,"cum ack, base->1474"
10.400245,ACK,1475,15.044,,,1510400,"cum ack, base->1475"
10.402183,ACK,1476,15.110,,,1511424,"cum ack, base->1476"
10.402867,SEND,1481,15.110,,200.000,1511424,
10.403312,SEND,1482,15.110,,200.000,1511424,
10.403505,SEND,1483,15.110,,200.000,1511424,
10.403694,SEND,1484,15.110,,200.000,1511424,
10.403869,SEND,1485,15.110,,200.000,1511424,
10.404376,SEND,1486,15.110,,200.000,1511424,
10.404567,SEND,1487,15.110,,200.000,1511424,
10.404737,SEND,1488,15.110,,200.000,1511424,
10.404906,SEND,1489,15.110,,200.000,1511424,
10.405075,SEND,1490,15.110,,200.000,1511424,
10.405223,ACK,1477,15.176,,,1512448,"cum ack, base->1477"
10.405323,ACK,1478,15.242,,,1513472,"cum ack, base->1478"
10.405372,ACK,1479,15.308,,,1514496,"cum ack, base->1479"
10.407556,SEND,1491,15.308,,200.000,1514496,
10.407751,SEND,1492,15.308,,200.000,1514496,
10.407923,SEND,1493,15.308,,200.000,1514496,
10.436054,ACK,1480,15.373,,,1515520,"cum ack, base->1480"
10.438390,SEND,1494,15.373,,200.000,1515520,
10.455743,ACK,1481,15.438,,,1516544,"cum ack, base->1481"
10.455804,NAK,1481,15.438,,,1516544,
10.455817,FASTRETX,1481,13.723,,200.000,1516544,nak
10.455848,DUPACK,1481,13.723,,,1516544,
10.455875,NAK,1481,13.723,,,1516544,
10.455997,DUPACK,1481,13.723,,,1516544,
10.456034,NAK,1481,13.723,,,1516544,
10.456062,NAK,1481,13.723,,,1516544,
10.456089,DUPACK,1481,13.723,,,1516544,
10.456231,NAK,1481,13.723,,,1516544,
10.456268,DUPACK,1481,13.723,,,1516544,
10.456299,NAK,1481,13.723,,,1516544,
10.456325,DUPACK,1481,13.723,,,1516544,
10.456350,NAK,1481,13.723,,,1516544,
10.456376,DUPACK,1481,13.723,,,1516544,
10.456456,NAK,1481,13.723,,,1516544,
10.456484,DUPACK,1481,13.723,,,1516544,
10.456508,NAK,1481,13.723,,,1516544,
10.456534,DUPACK,1481,13.723,,,1516544,
10.456558,NAK,1481,13.723,,,1516544,
10.456583,DUPACK,1481,13.723,,,1516544,
10.456607,NAK,1481,13.723,,,1516544,
10.456632,DUPACK,1481,13.723,,,1516544,
10.456656,NAK,1481,13.723,,,1516544,
10.456681,DUPACK,1481,13.723,,,1516544,
10.457845,RETX,1481,13.723,,200.000,1516544,
10.458034,RETX,1482,13.723,,200.000,1516544,
10.458473,RETX,1483,13.723,,200.000,1516544,
10.458904,RETX,1484,13.723,,200.000,1516544,
10.459111,RETX,1485,13.723,,200.000,1516544,
10.459282,RETX,1486,13.723,,200.000,1516544,
10.459473,RETX,1487,13.723,,200.000,1516544,
10.459730,RETX,1488,13.723,,200.000,1516544,
10.459964,RETX,1489,13.723,,200.000,1516544,
10.460139,RETX,1490,13.723,,200.000,1516544,
10.460310,RETX,1491,13.723,,200.000,1516544,
10.460522,RETX,1492,13.723,,200.000,1516544,
10.460729,RETX,1493,13.723,,200.000,1516544,
10.475965,STATS,-1,13.723,,200.000,1516544,base=1481 next=1494
10.479119,NAK,1481,13.723,,,1516544,
10.486042,DUPACK,1481,13.723,,,1516544,
10.496633,ACK,1482,13.796,,,1517568,"cum ack, base->1482"
10.498384,RETX,1494,13.796,,200.000,1517568,
10.505665,ACK,1483,13.868,,,1518592,"cum ack, base->1483"
10.505730,ACK,1484,13.940,,,1519616,"cum ack, base->1484"
10.506613,SEND,1495,13.940,,200.000,1519616,
10.506789,SEND,1496,13.940,,200.000,1519616,
10.510561,NAK,1484,13.940,,,1519616,
10.510599,FASTRETX,1484,13.940,,200.000,1519616,nak
10.510721,DUPACK,1484,13.940,,,1519616,
10.510770,NAK,1484,13.940,,,1519616,
10.511704,RETX,1484,13.940,,200.000,1519616,
10.511886,RETX,1485,13.940,,200.000,1519616,
10.512054,RETX,1486,13.940,,200.000,1519616,
10.512225,RETX,1487,13.940,,200.000,1519616,
10.512395,RETX,1488,13.940,,200.000,1519616,
10.512564,RETX,1489,13.940,,200.000,1519616,
10.512731,RETX,1490,13.940,,200.000,1519616,
10.512910,RETX,1491,13.940,,200.000,1519616,
10.513080,RETX,1492,13.940,,200.000,1519616,
10.513248,RETX,1493,13.940,,200.000,1519616,
10.513415,RETX,1494,13.940,,200.000,1519616,
10.513582,RETX,1495,13.940,,200.000,1519616,
10.513759,RETX,1496,13.940,,200.000,1519616,
10.513868,DUPACK,1484,13.940,,,1519616,
10.513915,NAK,1484,13.940,,,1519616,
10.513950,DUPACK,1484,13.940,,,1519616,
10.513977,NAK,1484,13.940,,,1519616,
10.514008,DUPACK,1484,13.940,,,1519616,
10.514033,NAK,1484,13.940,,,1519616,
10.514062,DUPACK,1484,13.940,,,1519616,
10.514086,NAK,1484,13.940,,,1519616,
10.514112,DUPACK,1484,13.940,,,1519616,
10.514137,NAK,1484,13.940,,,1519616,
10.514163,DUPACK,1484,13.940,,,1519616,
10.514186,NAK,1484,13.940,,,1519616,
10.514214,DUPACK,1484,13.940,,,1519616,
10.514238,NAK,1484,13.940,,,1519616,
10.514266,DUPACK,1484,13.940,,,1519616,
10.534947,NAK,1484,13.940,,,1519616,
10.539477,DUPACK,1484,13.940,,,1519616,
10.560527,NAK,1484,13.940,,,1519616,
10.560577,DUPACK,1484,13.940,,,1519616,
10.560621,ACK,1485,14.012,,,1520640,"cum ack, base->1485"
10.560656,ACK,1486,14.083,,,1521664,"cum ack, base->1486"
10.560687,ACK,1487,14.154,,,1522688,"cum ack, base->1487"
10.560718,ACK,1488,14.225,,,1523712,"cum ack, base->1488"
10.563110,SEND,1497,14.225,,200.000,1523712,
10.563341,SEND,1498,14.225,,200.000,1523712,
10.563566,SEND,1499,14.225,,200.000,1523712,
10.563791,SEND,1500,14.225,,200.000,1523712,
10.564016,SEND,1501,14.225,,200.000,1523712,
10.564079,ACK,1489,14.295,,,1524736,"cum ack, base->1489"
10.564115,ACK,1490,14.365,,,1525760,"cum ack, base->1490"
10.564259,ACK,1491,14.435,,,1526784,"cum ack, base->1491"
10.565027,ACK,1492,14.504,,,1527808,"cum ack, base->1492"
10.565061,ACK,1493,14.573,,,1528832,"cum ack, base->1493"
10.565092,ACK,1494,14.642,,,1529856,"cum ack, base->1494"
10.565122,ACK,1495,14.710,,,1530880,"cum ack, base->1495"
10.565151,ACK,1496,14.778,,,1531904,"cum ack, base->1496"
10.566776,SEND,1502,14.778,,200.000,1531904,
10.567004,SEND,1503,14.778,,200.000,1531904,
10.567231,SEND,1504,14.778,,200.000,1531904,
10.567456,SEND,1505,14.778,,200.000,1531904,
10.567677,SEND,1506,14.778,,200.000,1531904,
10.567900,SEND,1507,14.778,,200.000,1531904,
10.568125,SEND,1508,14.778,,200.000,1531904,
10.568353,SEND,1509,14.778,,200.000,1531904,
10.568410,ACK,1497,14.846,,,1532928,"cum ack, base->1497"
10.571110,SEND,1510,14.846,,200.000,1532928,
10.576250,STATS,-1,14.846,,200.000,1532928,base=1497 next=1511
10.605845,ACK,1498,14.913,,,1533952,"cum ack, base->1498"
10.608483,SEND,1511,14.913,,200.000,1533952,
10.610327,ACK,1499,14.980,,,1534976,"cum ack, base->1499"
10.611266,SEND,1512,14.980,,200.000,1534976,
10.612834,ACK,1500,15.047,,,1536000,"cum ack, base->1500"
10.614142,SEND,1513,15.047,,200.000,1536000,
10.614343,SEND,1514,15.047,,200.000,1536000,
10.614817,ACK,1501,15.113,,,1537024,"cum ack, base->1501"
10.614865,ACK,1502,15.180,,,1538048,"cum ack, base->1502"
10.614900,ACK,1503,15.245,,,1539072,"cum ack, base->1503"
10.616681,SEND,1515,15.245,,200.000,1539072,
10.616868,SEND,1516,15.245,,200.000,1539072,
10.617036,SEND,1517,15.245,,200.000,1539072,
10.618222,ACK,1504,15.311,,,1540096,"cum ack, base->1504"
10.618274,ACK,1505,15.376,,,1541120,"cum ack, base->1505"
10.618308,ACK,1506,15.441,,,1542144,"cum ack, base->1506"
10.619393,SEND,1518,15.441,,200.000,1542144,
10.619610,SEND,1519,15.441,,200.000,1542144,
10.619952,SEND,1520,15.441,,200.000,1542144,
10.620288,NAK,1506,15.441,,,1542144,
10.620303,FASTRETX,1506,13.726,,200.000,1542144,nak
10.620339,DUPACK,1506,13.726,,,1542144,
10.620365,NAK,1506,13.726,,,1542144,
10.620392,DUPACK,1506,13.726,,,1542144,
10.622649,RETX,1506,13.726,,200.000,1542144,
10.622965,RETX,1507,13.726,,200.000,1542144,
10.623207,RETX,1508,13.726,,200.000,1542144,
10.623379,RETX,1509,13.726,,200.000,1542144,
10.623577,RETX,1510,13.726,,200.000,1542144,
10.623795,RETX,1511,13.726,,200.000,1542144,
10.624095,RETX,1512,13.726,,200.000,1542144,
10.624280,RETX,1513,13.726,,200.000,1542144,
10.624484,RETX,1514,13.726,,200.000,1542144,
10.624659,RETX,1515,13.726,,200.000,1542144,
10.624827,RETX,1516,13.726,,200.000,1542144,
10.624996,RETX,1517,13.726,,200.000,1542144,
10.625338,RETX,1518,13.726,,200.000,1542144,
10.625766,NAK,1506,13.726,,,1542144,
10.626087,DUPACK,1506,13.726,,,1542144,
10.626136,NAK,1506,13.726,,,1542144,
10.626167,DUPACK,1506,13.726,,,1542144,
10.642065,NAK,1506,13.726,,,1542144,
10.653535,DUPACK,1506,13.726,,,1542144,
10.653585,NAK,1506,13.726,,,1542144,
10.653617,DUPACK,1506,13.726,,,1542144,
10.660446,NAK,1506,13.726,,,1542144,
10.672429,DUPACK,1506,13.726,,,1542144,
10.672454,NAK,1506,13.726,,,1542144,
10.672466,DUPACK,1506,13.726,,,1542144,
10.672475,NAK,1506,13.726,,,1542144,
10.672488,DUPACK,1506,13.726,,,1542144,
10.672497,DUPACK,1506,13.726,,,1542144,
10.672508,NAK,1506,13.726,,,1542144,
10.672515,DUPACK,1506,13.726,,,1542144,
10.672522,NAK,1506,13.726,,,1542144,
10.672529,DUPACK,1506,13.726,,,1542144,
10.672536,NAK,1506,13.726,,,1542144,
10.672542,DUPACK,1506,13.726,,,1542144,
10.672556,ACK,1507,13.798,,,1543168,"cum ack, base->1507"
10.672567,ACK,1509,13.943,,,1545216,"cum ack, base->1509"
10.673999,RETX,1519,13.943,,200.000,1545216,
10.674067,RETX,1520,13.943,,200.000,1545216,
10.674257,SEND,1521,13.943,,200.000,1545216,
10.675191,NAK,1509,13.943,,,1545216,
10.675197,FASTRETX,1509,13.943,,200.000,1545216,nak
10.675211,DUPACK,1509,13.943,,,1545216,
10.675220,NAK,1509,13.943,,,1545216,
10.675229,DUPACK,1509,13.943,,,1545216,
10.676843,RETX,1509,13.943,,200.000,1545216,
10.676909,RETX,1510,13.943,,200.000,1545216,
10.676972,RETX,1511,13.943,,200.000,1545216,
10.677034,RETX,1512,13.943,,200.000,1545216,
10.677096,RETX,1513,13.943,,200.000,1545216,
10.677159,RETX,1514,13.943,,200.000,1545216,
10.677222,RETX,1515,13.943,,200.000,1545216,
10.677284,RETX,1516,13.943,,200.000,1545216,
10.677346,RETX,1517,13.943,,200.000,1545216,
10.677408,RETX,1518,13.943,,200.000,1545216,
10.677470,RETX,1519,13.943,,200.000,1545216,
10.677533,RETX,1520,13.943,,200.000,1545216,
10.677596,RETX,1521,13.943,,200.000,1545216,
10.677599,STATS,-1,13.943,,200.000,1545216,base=1509 next=1522
10.678564,NAK,1509,13.943,,,1545216,
10.678581,DUPACK,1509,13.943,,,1545216,
10.678591,NAK,1509,13.943,,,1545216,
10.678599,NAK,1509,13.943,,,1545216,
10.678607,NAK,1509,13.943,,,1545216,
10.678615,DUPACK,1509,13.943,,,1545216,
10.678622,NAK,1509,13.943,,,1545216,
10.678629,DUPACK,1509,13.943,,,1545216,
10.678636,NAK,1509,13.943,,,1545216,
10.681179,DUPACK,1509,13.943,,,1545216,
10.728160,NAK,1509,13.943,,,1545216,
10.728233,DUPACK,1509,13.943,,,1545216,
10.728270,NAK,1509,13.943,,,1545216,
10.728301,DUPACK,1509,13.943,,,1545216,
10.728327,NAK,1509,13.943,,,1545216,
10.728439,ACK,1510,14.015,,,1546240,"cum ack, base->1510"
10.728514,ACK,1511,14.086,,,1547264,"cum ack, base->1511"
10.728552,ACK,1512,14.157,,,1548288,"cum ack, base->1512"
10.728604,ACK,1513,14.228,,,1549312,"cum ack, base->1513"
10.728749,ACK,1514,14.298,,,1550336,"cum ack, base->1514"
10.729073,SEND,1522,14.298,,200.000,1550336,
10.729250,SEND,1523,14.298,,200.000,1550336,
10.729504,SEND,1524,14.298,,200.000,1550336,
10.729684,SEND,1525,14.298,,200.000,1550336,
10.729856,SEND,1526,14.298,,200.000,1550336,
10.730026,SEND,1527,14.298,,200.000,1550336,
10.730131,ACK,1515,14.368,,,1551360,"cum ack, base->1515"
10.731439,ACK,1516,14.438,,,1552384,"cum ack, base->1516"
10.731492,ACK,1517,14.507,,,1553408,"cum ack, base->1517"
10.731526,ACK,1518,14.576,,,1554432,"cum ack, base->1518"
10.731558,ACK,1519,14.644,,,1555456,"cum ack, base->1519"
10.731613,ACK,1520,14.713,,,1556480,"cum ack, base->1520"
10.731643,ACK,1521,14.781,,,1557504,"cum ack, base->1521"
10.732529,SEND,1528,14.781,,200.000,1557504,
10.732718,SEND,1529,14.781,,200.000,1557504,
10.732889,SEND,1530,14.781,,200.000,1557504,
10.733104,SEND,1531,14.781,,200.000,1557504,
10.733300,SEND,1532,14.781,,200.000,1557504,
10.733530,SEND,1533,14.781,,200.000,1557504,
10.733703,SEND,1534,14.781,,200.000,1557504,
10.767067,ACK,1523,14.916,,,1559552,"cum ack, base->1523"
10.768993,SEND,1535,14.916,,200.000,1559552,
10.769307,SEND,1536,14.916,,200.000,1559552,
10.779104,ACK,1524,14.983,,,1560576,"cum ack, base->1524"
10.779198,ACK,1525,15.049,,,1561600,"cum ack, base->1525"
10.779240,ACK,1526,15.116,,,1562624,"cum ack, base->1526"
10.779274,ACK,1527,15.182,,,1563648,"cum ack, base->1527"
10.779307,ACK,1528,15.248,,,1564672,"cum ack, base->1528"
10.779339,ACK,1529,15.313,,,1565696,"cum ack, base->1529"
10.779370,ACK,1530,15.379,,,1566720,"cum ack, base->1530"
10.779400,ACK,1531,15.444,,,1567744,"cum ack, base->1531"
10.779691,SEND,1537,15.444,,200.000,1567744,
10.779872,SEND,1538,15.444,,200.000,1567744,
10.780088,SEND,1539,15.444,,200.000,1567744,
10.780301,SEND,1540,15.444,,200.000,1567744,
10.780475,SEND,1541,15.444,,200.000,1567744,
10.780646,SEND,1542,15.444,,200.000,1567744,
10.780818,SEND,1543,15.444,,200.000,1567744,
10.780986,SEND,1544,15.444,,200.000,1567744,
10.781210,SEND,1545,15.444,,200.000,1567744,
10.781227,STATS,-1,15.444,,200.000,1567744,base=1531 next=1546
10.781345,ACK,1532,15.509,,,1568768,"cum ack, base->1532"
10.781383,ACK,1533,15.573,,,1569792,"cum ack, base->1533"
10.783204,ACK,1534,15.637,,,1570816,"cum ack, base->1534"
10.784043,SEND,1546,15.637,,200.000,1570816,
10.784427,SEND,1547,15.637,,200.000,1570816,
10.784741,SEND,1548,15.637,,200.000,1570816,
10.784970,ACK,1535,15.701,,,1571840,"cum ack, base->1535"
10.787629,SEND,1549,15.701,,200.000,1571840,
10.805564,ACK,1536,15.765,,,1572864,"cum ack, base->1536"
10.807839,SEND,1550,15.765,,200.000,1572864,
10.814100,ACK,1537,15.828,,,1573888,"cum ack, base->1537"
10.814673,ACK,1538,15.891,,,1574912,"cum ack, base->1538"
10.815437,SEND,1551,15.891,,200.000,1574912,
10.815747,SEND,1552,15.891,,200.000,1574912,
10.815887,ACK,1539,15.954,,,1575936,"cum ack, base->1539"
10.818746,SEND,1553,15.954,,200.000,1575936,
10.818948,ACK,1540,16.017,,,1576960,"cum ack, base->1540"
10.821860,SEND,1554,16.017,,200.000,1576960,
10.822442,SEND,1555,16.017,,200.000,1576960,
10.823796,ACK,1541,16.080,,,1577984,"cum ack, base->1541"
10.825328,SEND,1556,16.080,,200.000,1577984,
10.828960,ACK,1542,16.142,,,1579008,"cum ack, base->1542"
10.829016,ACK,1543,16.204,,,1580032,"cum ack, base->1543"
10.829050,ACK,1544,16.265,,,1581056,"cum ack, base->1544"
10.830140,ACK,1545,16.327,,,1582080,"cum ack, base->1545"
10.830250,ACK,1546,16.388,,,1583104,"cum ack, base->1546"
10.830325,ACK,1547,16.449,,,1584128,"cum ack, base->1547"
10.830395,ACK,1548,16.510,,,1585152,"cum ack, base->1548"
10.830891,ACK,1549,16.571,,,1586176,"cum ack, base->1549"
10.830995,ACK,1550,16.631,,,1587200,"cum ack, base->1550"
10.831434,SEND,1557,16.631,,200.000,1587200,
10.831926,SEND,1558,16.631,,200.000,1587200,
10.832344,SEND,1559,16.631,,200.000,1587200,
10.832970,SEND,1560,16.631,,200.000,1587200,
10.833734,SEND,1561,16.631,,200.000,1587200,
10.834083,SEND,1562,16.631,,200.000,1587200,
10.834297,SEND,1563,16.631,,200.000,1587200,
10.834569,SEND,1564,16.631,,200.000,1587200,
10.834773,SEND,1565,16.631,,200.000,1587200,
10.839302,ACK,1551,16.691,,,1588224,"cum ack, base->1551"
10.840237,SEND,1566,16.691,,200.000,1588224,
10.861264,ACK,1552,16.751,,,1589248,"cum ack, base->1552"
10.861392,ACK,1553,16.811,,,1590272,"cum ack, base->1553"
10.861436,ACK,1554,16.870,,,1591296,"cum ack, base->1554"
10.863122,SEND,1567,16.870,,200.000,1591296,
10.863302,SEND,1568,16.870,,200.000,1591296,
10.863478,SEND,1569,16.870,,200.000,1591296,
10.867614,ACK,1555,16.929,,,1592320,"cum ack, base->1555"
10.867672,ACK,1556,16.988,,,1593344,"cum ack, base->1556"
10.867709,ACK,1557,17.047,,,1594368,"cum ack, base->1557"
10.869229,SEND,1570,17.047,,200.000,1594368,
10.869416,SEND,1571,17.047,,200.000,1594368,
10.869876,SEND,1572,17.047,,200.000,1594368,
10.870117,SEND,1573,17.047,,200.000,1594368,
10.870255,ACK,1558,17.106,,,1595392,"cum ack, base->1558"
10.872682,SEND,1574,17.106,,200.000,1595392,
10.873842,ACK,1559,17.164,,,1596416,"cum ack, base->1559"
10.875453,SEND,1575,17.164,,200.000,1596416,
10.881541,ACK,1560,17.223,,,1597440,"cum ack, base->1560"
10.881697,ACK,1561,17.281,,,1598464,"cum ack, base->1561"
10.883335,SEND,1576,17.281,,200.000,1598464,
10.883513,SEND,1577,17.281,,200.000,1598464,
10.883524,STATS,-1,17.281,,200.000,1598464,base=1561 next=1578
10.883899,ACK,1562,17.339,,,1599488,"cum ack, base->1562"
10.883999,ACK,1563,17.396,,,1600512,"cum ack, base->1563"
10.884032,ACK,1564,17.454,,,1601536,"cum ack, base->1564"
10.884064,ACK,1565,17.511,,,1602560,"cum ack, base->1565"
10.884180,ACK,1566,17.568,,,1603584,"cum ack, base->1566"
10.886355,SEND,1578,17.568,,200.000,1603584,
10.886540,SEND,1579,17.568,,200.000,1603584,
10.886708,SEND,1580,17.568,,200.000,1603584,
10.886992,SEND,1581,17.568,,200.000,1603584,
10.887175,SEND,1582,17.568,,200.000,1603584,
10.891550,ACK,1567,17.625,,,1604608,"cum ack, base->1567"
10.892714,SEND,1583,17.625,,200.000,1604608,
10.908305,ACK,1568,17.682,,,1605632,"cum ack, base->1568"
10.908428,ACK,1569,17.738,,,1606656,"cum ack, base->1569"
10.908589,ACK,1570,17.795,,,1607680,"cum ack, base->1570"
10.909056,SEND,1584,17.795,,200.000,1607680,
10.909422,SEND,1585,17.795,,200.000,1607680,
10.909778,SEND,1586,17.795,,200.000,1607680,
10.910010,ACK,1571,17.851,,,1608704,"cum ack, base->1571"
10.912459,SEND,1587,17.851,,200.000,1608704,
10.915939,ACK,1572,17.907,,,1609728,"cum ack, base->1572"
10.916009,ACK,1573,17.963,,,1610752,"cum ack, base->1573"
10.917639,SEND,1588,17.963,,200.000,1610752,
10.917927,SEND,1589,17.963,,200.000,1610752,
10.923656,ACK,1575,18.074,,,1612800,"cum ack, base->1575"
10.923794,ACK,1576,18.129,,,1613824,"cum ack, base->1576"
10.926140,SEND,1590,18.129,,200.000,1613824,
10.926425,SEND,1591,18.129,,200.000,1613824,
10.926653,SEND,1592,18.129,,200.000,1613824,
10.926864,SEND,1593,18.129,,200.000,1613824,
10.929150,ACK,1577,18.184,,,1614848,"cum ack, base->1577"
10.929641,SEND,1594,18.184,,200.000,1614848,
10.936819,ACK,1578,18.239,,,1615872,"cum ack, base->1578"
10.937566,ACK,1579,18.294,,,1616896,"cum ack, base->1579"
10.937627,ACK,1580,18.349,,,1617920,"cum ack, base->1580"
10.937668,ACK,1581,18.403,,,1618944,"cum ack, base->1581"
10.937709,ACK,1582,18.458,,,1619968,"cum ack, base->1582"
10.937747,ACK,1583,18.512,,,1620992,"cum ack, base->1583"
10.937783,ACK,1584,18.566,,,1622016,"cum ack, base->1584"
10.939318,SEND,1595,18.566,,200.000,1622016,
10.939589,SEND,1596,18.566,,200.000,1622016,
10.939769,SEND,1597,18.566,,200.000,1622016,
10.939939,SEND,1598,18.566,,200.000,1622016,
10.940116,SEND,1599,18.566,,200.000,1622016,
10.940320,SEND,1600,18.566,,200.000,1622016,
10.940522,SEND,1601,18.566,,200.000,1622016,
10.953860,ACK,1585,18.620,,,1623040,"cum ack, base->1585"
10.955503,ACK,1586,18.674,,,1624064,"cum ack, base->1586"
10.956136,SEND,1602,18.674,,200.000,1624064,
10.956365,SEND,1603,18.674,,200.000,1624064,
10.956487,ACK,1587,18.727,,,1625088,"cum ack, base->1587"
10.958398,ACK,1588,18.780,,,1626112,"cum ack, base->1588"
10.959221,SEND,1604,18.780,,200.000,1626112,
10.959452,SEND,1605,18.780,,200.000,1626112,
10.966608,ACK,1589,18.834,,,1627136,"cum ack, base->1589"
10.967340,SEND,1606,18.834,,200.000,1627136,
10.977446,ACK,1591,18.940,,,1629184,"cum ack, base->1591"
10.977593,ACK,1592,18.993,,,1630208,"cum ack, base->1592"
10.977649,ACK,1593,19.045,,,1631232,"cum ack, base->1593"
10.977699,ACK,1594,19.098,,,1632256,"cum ack, base->1594"
10.979998,SEND,1607,19.098,,200.000,1632256,
10.980281,SEND,1608,19.098,,200.000,1632256,
10.980546,SEND,1609,19.098,,200.000,1632256,
10.980810,SEND,1610,19.098,,200.000,1632256,
10.981075,SEND,1611,19.098,,200.000,1632256,
10.981392,SEND,1612,19.098,,200.000,1632256,
10.981556,ACK,1595,19.150,,,1633280,"cum ack, base->1595"
10.984418,SEND,1613,19.150,,200.000,1633280,
10.984451,STATS,-1,19.150,,200.000,1633280,base=1595 next=1614
10.986726,ACK,1596,19.202,,,1634304,"cum ack, base->1596"
10.986862,ACK,1597,19.254,,,1635328,"cum ack, base->1597"
10.987427,SEND,1614,19.254,,200.000,1635328,
10.987639,SEND,1615,19.254,,200.000,1635328,
10.988260,ACK,1598,19.306,,,1636352,"cum ack, base->1598"
10.990197,SEND,1616,19.306,,200.000,1636352,
10.990289,ACK,1599,19.358,,,1637376,"cum ack, base->1599"
10.991331,ACK,1600,19.410,,,1638400,"cum ack, base->1600"
10.991385,ACK,1601,19.461,,,1639424,"cum ack, base->1601"
10.991424,ACK,1602,19.513,,,1640448,"cum ack, base->1602"
10.993009,SEND,1617,19.513,,200.000,1640448,
10.993226,SEND,1618,19.513,,200.000,1640448,
10.993433,SEND,1619,19.513,,200.000,1640448,
10.993636,SEND,1620,19.513,,200.000,1640448,
11.007286,ACK,1603,19.564,,,1641472,"cum ack, base->1603"
11.007555,ACK,1604,19.615,,,1642496,"cum ack, base->1604"
11.007659,ACK,1605,19.666,,,1643520,"cum ack, base->1605"
11.007743,ACK,1606,19.717,,,1644544,"cum ack, base->1606"
11.009120,SEND,1621,19.717,,200.000,1644544,
11.009373,SEND,1622,19.717,,200.000,1644544,
11.009623,SEND,1623,19.717,,200.000,1644544,
11.009876,SEND,1624,19.717,,200.000,1644544,
11.009992,ACK,1607,19.768,,,1645568,"cum ack, base->1607"
11.012759,SEND,1625,19.768,,200.000,1645568,
11.018741,ACK,1608,19.818,,,1646592,"cum ack, base->1608"
11.022704,SEND,1626,19.818,,200.000,1646592,
11.022889,ACK,1609,19.869,,,1647616,"cum ack, base->1609"
11.023089,ACK,1610,19.919,,,1648640,"cum ack, base->1610"
11.026428,SEND,1627,19.919,,200.000,1648640,
11.026755,SEND,1628,19.919,,200.000,1648640,
11.031565,ACK,1611,19.969,,,1649664,"cum ack, base->1611"
11.032160,SEND,1629,19.969,,200.000,1649664,
11.032644,ACK,1612,20.019,,,1650688,"cum ack, base->1612"
11.034129,ACK,1613,20.069,,,1651712,"cum ack, base->1613"
11.036878,SEND,1630,20.069,,200.000,1651712,
11.037146,SEND,1631,20.069,,200.000,1651712,
11.037359,SEND,1632,20.069,,200.000,1651712,
11.037479,ACK,1615,20.169,,,1653760,"cum ack, base->1615"
11.037521,NAK,1615,20.169,,,1653760,
11.037535,FASTRETX,1615,17.928,,200.000,1653760,nak
11.037659,DUPACK,1615,17.928,,,1653760,
11.038608,NAK,1615,17.928,,,1653760,
11.038647,DUPACK,1615,17.928,,,1653760,
11.038674,NAK,1615,17.928,,,1653760,
11.040018,RETX,1615,17.928,,200.000,1653760,
11.040225,RETX,1616,17.928,,200.000,1653760,
11.040398,RETX,1617,17.928,,200.000,1653760,
11.040639,RETX,1618,17.928,,200.000,1653760,
11.040824,RETX,1619,17.928,,200.000,1653760,
11.040991,RETX,1620,17.928,,200.000,1653760,
11.041158,RETX,1621,17.928,,200.000,1653760,
11.041325,RETX,1622,17.928,,200.000,1653760,
11.041494,RETX,1623,17.928,,200.000,1653760,
11.041663,RETX,1624,17.928,,200.000,1653760,
11.041944,RETX,1625,17.928,,200.000,1653760,
11.042203,RETX,1626,17.928,,200.000,1653760,
11.042435,RETX,1627,17.928,,200.000,1653760,
11.042666,RETX,1628,17.928,,200.000,1653760,
11.042892,RETX,1629,17.928,,200.000,1653760,
11.043119,RETX,1630,17.928,,200.000,1653760,
11.043347,RETX,1631,17.928,,200.000,1653760,
11.043493,DUPACK,1615,17.928,,,1653760,
11.043606,NAK,1615,17.928,,,1653760,
11.043673,DUPACK,1615,17.928,,,1653760,
11.043711,NAK,1615,17.928,,,1653760,
11.043742,DUPACK,1615,17.928,,,1653760,
11.053914,NAK,1615,17.928,,,1653760,
11.060795,DUPACK,1615,17.928,,,1653760,
11.060963,NAK,1615,17.928,,,1653760,
11.061173,DUPACK,1615,17.928,,,1653760,
11.063643,NAK,1615,17.928,,,1653760,
11.063699,NAK,1615,17.928,,,1653760,
11.063728,DUPACK,1615,17.928,,,1653760,
11.063755,NAK,1615,17.928,,,1653760,
11.063783,DUPACK,1615,17.928,,,1653760,
11.063810,DUPACK,1615,17.928,,,1653760,
11.071778,NAK,1615,17.928,,,1653760,
11.071811,DUPACK,1615,17.928,,,1653760,
11.071834,NAK,1615,17.928,,,1653760,
11.077236,DUPACK,1615,17.928,,,1653760,
11.077283,NAK,1615,17.928,,,1653760,
11.077316,DUPACK,1615,17.928,,,1653760,
11.080892,NAK,1615,17.928,,,1653760,
11.081807,DUPACK,1615,17.928,,,1653760,
11.081839,NAK,1615,17.928,,,1653760,
11.084947,DUPACK,1615,17.928,,,1653760,
11.085163,STATS,-1,17.928,,200.000,1653760,base=1615 next=1632
11.085224,NAK,1615,17.928,,,1653760,
11.085270,DUPACK,1615,17.928,,,1653760,
11.085317,ACK,1616,17.984,,,1654784,"cum ack, base->1616"
11.086775,ACK,1617,18.039,,,1655808,"cum ack, base->1617"
11.086838,ACK,1618,18.095,,,1656832,"cum ack, base->1618"
11.087749,ACK,1619,18.150,,,1657856,"cum ack, base->1619"
11.088094,RETX,1632,18.150,,200.000,1657856,
11.088323,SEND,1633,18.150,,200.000,1657856,
11.088520,SEND,1634,18.150,,200.000,1657856,
11.089200,SEND,1635,18.150,,200.000,1657856,
11.089501,SEND,1636,18.150,,200.000,1657856,
11.090972,ACK,1620,18.205,,,1658880,"cum ack, base->1620"
11.091040,ACK,1621,18.260,,,1659904,"cum ack, base->1621"
11.092456,SEND,1637,18.260,,200.000,1659904,
11.092709,SEND,1638,18.260,,200.000,1659904,
11.093431,ACK,1622,18.315,,,1660928,"cum ack, base->1622"
11.093574,ACK,1623,18.369,,,1661952,"cum ack, base->1623"
11.093615,ACK,1624,18.424,,,1662976,"cum ack, base->1624"
11.093649,ACK,1625,18.478,,,1664000,"cum ack, base->1625"
11.094975,ACK,1626,18.532,,,1665024,"cum ack, base->1626"
11.095030,ACK,1627,18.586,,,1666048,"cum ack, base->1627"
11.095067,ACK,1628,18.640,,,1667072,"cum ack, base->1628"
11.095130,ACK,1629,18.694,,,1668096,"cum ack, base->1629"
11.095524,SEND,1639,18.694,,200.000,1668096,
11.095918,SEND,1640,18.694,,200.000,1668096,
11.096243,SEND,1641,18.694,,200.000,1668096,
11.096668,SEND,1642,18.694,,200.000,1668096,
11.096996,SEND,1643,18.694,,200.000,1668096,
11.097261,SEND,1644,18.694,,200.000,1668096,
11.097438,SEND,1645,18.694,,200.000,1668096,
11.097607,SEND,1646,18.694,,200.000,1668096,
11.097759,ACK,1630,18.747,,,1669120,"cum ack, base->1630"
11.097813,ACK,1631,18.800,,,1670144,"cum ack, base->1631"
11.097848,ACK,1632,18.854,,,1671168,"cum ack, base->1632"
11.100615,SEND,1647,18.854,,200.000,1671168,
11.100835,SEND,1648,18.854,,200.000,1671168,
11.101153,SEND,1649,18.854,,200.000,1671168,
11.138252,ACK,1633,18.907,,,1672192,"cum ack, base->1633"
11.138322,ACK,1634,18.959,,,1673216,"cum ack, base->1634"
11.138357,ACK,1635,19.012,,,1674240,"cum ack, base->1635"
11.138389,ACK,1636,19.065,,,1675264,"cum ack, base->1636"
11.138419,ACK,1637,19.117,,,1676288,"cum ack, base->1637"
11.138522,NAK,1638,19.117,,,1676288,
11.138540,FASTRETX,1637,16.993,,200.000,1676288,nak
11.138587,ACK,1638,17.052,,,1677312,"cum ack, base->1638"
11.140164,RETX,1637,17.052,,200.000,1677312,
11.140362,RETX,1638,17.052,,200.000,1677312,
11.140567,RETX,1639,17.052,,200.000,1677312,
11.140747,RETX,1640,17.052,,200.000,1677312,
11.140917,RETX,1641,17.052,,200.000,1677312,
11.141085,RETX,1642,17.052,,200.000,1677312,
11.141250,RETX,1643,17.052,,200.000,1677312,
11.141608,RETX,1644,17.052,,200.000,1677312,
11.141788,RETX,1645,17.052,,200.000,1677312,
11.142024,RETX,1646,17.052,,200.000,1677312,
11.142234,RETX,1647,17.052,,200.000,1677312,
11.142405,RETX,1648,17.052,,200.000,1677312,
11.142585,RETX,1649,17.052,,200.000,1677312,
11.142760,SEND,1650,17.052,,200.000,1677312,
11.142929,SEND,1651,17.052,,200.000,1677312,
11.143096,SEND,1652,17.052,,200.000,1677312,
11.143269,SEND,1653,17.052,,200.000,1677312,
11.143440,SEND,1654,17.052,,200.000,1677312,
11.143558,NAK,1638,17.052,,,1677312,
11.143578,FASTRETX,1638,17.052,,200.000,1677312,nak
11.143625,DUPACK,1638,17.052,,,1677312,
11.143678,NAK,1638,17.052,,,1677312,
11.143717,DUPACK,1638,17.052,,,1677312,
11.143742,NAK,1638,17.052,,,1677312,
11.143797,DUPACK,1638,17.052,,,1677312,
11.143821,NAK,1638,17.052,,,1677312,
11.143847,DUPACK,1638,17.052,,,1677312,
11.145951,RETX,1638,17.052,,200.000,1677312,
11.146201,RETX,1639,17.052,,200.000,1677312,
11.146381,RETX,1640,17.052,,200.000,1677312,
11.146905,RETX,1641,17.052,,200.000,1677312,
11.147152,RETX,1642,17.052,,200.000,1677312,
11.147322,RETX,1643,17.052,,200.000,1677312,
11.147527,RETX,1644,17.052,,200.000,1677312,
11.147850,RETX,1645,17.052,,200.000,1677312,
11.148091,RETX,1646,17.052,,200.000,1677312,
11.148322,RETX,1647,17.052,,200.000,1677312,
11.148548,RETX,1648,17.052,,200.000,1677312,
11.148773,RETX,1649,17.052,,200.000,1677312,
11.148997,RETX,1650,17.052,,200.000,1677312,
11.149221,RETX,1651,17.052,,200.000,1677312,
11.149446,RETX,1652,17.052,,200.000,1677312,
11.149670,RETX,1653,17.052,,200.000,1677312,
11.149848,RETX,1654,17.052,,200.000,1677312,
11.149912,NAK,1638,17.052,,,1677312,
11.149942,DUPACK,1638,17.052,,,1677312,
11.149963,NAK,1638,17.052,,,1677312,
11.149984,DUPACK,1638,17.052,,,1677312,
11.150004,NAK,1638,17.052,,,1677312,
11.150023,DUPACK,1638,17.052,,,1677312,
11.150042,DUPACK,1638,17.052,,,1677312,
11.150061,NAK,1638,17.052,,,1677312,
11.150080,DUPACK,1638,17.052,,,1677312,
11.150098,NAK,1638,17.052,,,1677312,
11.150512,DUPACK,1638,17.052,,,1677312,
11.185649,STATS,-1,17.052,,200.000,1677312,base=1638 next=1655
11.190471,DUPACK,1638,17.052,,,1677312,
11.198205,ACK,1639,17.111,,,1678336,"cum ack, base->1639"
11.198253,ACK,1640,17.169,,,1679360,"cum ack, base->1640"
11.198294,ACK,1641,17.227,,,1680384,"cum ack, base->1641"
11.198335,ACK,1642,17.285,,,1681408,"cum ack, base->1642"
11.198373,ACK,1643,17.343,,,1682432,"cum ack, base->1643"
11.198408,ACK,1644,17.401,,,1683456,"cum ack, base->1644"
11.198444,ACK,1645,17.458,,,1684480,"cum ack, base->1645"
11.198478,ACK,1646,17.516,,,1685504,"cum ack, base->1646"
11.198510,ACK,1647,17.573,,,1686528,"cum ack, base->1647"
11.198542,ACK,1648,17.630,,,1687552,"cum ack, base->1648"
11.198805,SEND,1655,17.630,,200.000,1687552,
11.199038,SEND,1656,17.630,,200.000,1687552,
11.199263,SEND,1657,17.630,,200.000,1687552,
11.199486,SEND,1658,17.630,,200.000,1687552,
11.199710,SEND,1659,17.630,,200.000,1687552,
11.199933,SEND,1660,17.630,,200.000,1687552,
11.200155,SEND,1661,17.630,,200.000,1687552,
11.200380,SEND,1662,17.630,,200.000,1687552,
11.200605,SEND,1663,17.630,,200.000,1687552,
11.200829,SEND,1664,17.630,,200.000,1687552,
11.201468,ACK,1649,17.686,,,1688576,"cum ack, base->1649"
11.201507,NAK,1649,17.686,,,1688576,
11.201517,FASTRETX,1649,17.686,,200.000,1688576,nak
11.201554,DUPACK,1649,17.686,,,1688576,
11.201580,NAK,1649,17.686,,,1688576,
11.201607,DUPACK,1649,17.686,,,1688576,
11.201632,NAK,1649,17.686,,,1688576,
11.201664,DUPACK,1649,17.686,,,1688576,
11.201688,NAK,1649,17.686,,,1688576,
11.201712,DUPACK,1649,17.686,,,1688576,
11.201735,NAK,1649,17.686,,,1688576,
11.201759,DUPACK,1649,17.686,,,1688576,
11.202442,DUPACK,1649,17.686,,,1688576,
11.202475,DUPACK,1649,17.686,,,1688576,
11.202501,DUPACK,1649,17.686,,,1688576,
11.202527,DUPACK,1649,17.686,,,1688576,
11.202554,DUPACK,1649,17.686,,,1688576,
11.202587,DUPACK,1649,17.686,,,1688576,
11.202611,DUPACK,1649,17.686,,,1688576,
11.202649,DUPACK,1649,17.686,,,1688576,
11.202673,DUPACK,1649,17.686,,,1688576,
11.202709,DUPACK,1649,17.686,,,1688576,
11.202732,DUPACK,1649,17.686,,,1688576,
11.202766,ACK,1650,17.743,,,1689600,"cum ack, base->1650"
11.202806,ACK,1651,17.799,,,1690624,"cum ack, base->1651"
11.202835,ACK,1652,17.855,,,1691648,"cum ack, base->1652"
11.202863,ACK,1653,17.911,,,1692672,"cum ack, base->1653"
11.202891,ACK,1654,17.967,,,1693696,"cum ack, base->1654"
11.202919,ACK,1655,18.023,,,1694720,"cum ack, base->1655"
11.203594,RETX,1649,18.023,,200.000,1694720,
11.203823,RETX,1650,18.023,,200.000,1694720,
11.204049,RETX,1651,18.023,,200.000,1694720,
11.204271,RETX,1652,18.023,,200.000,1694720,
11.204496,RETX,1653,18.023,,200.000,1694720,
11.204721,RETX,1654,18.023,,200.000,1694720,
11.204945,RETX,1655,18.023,,200.000,1694720,
11.205169,RETX,1656,18.023,,200.000,1694720,
11.205393,RETX,1657,18.023,,200.000,1694720,
11.205616,RETX,1658,18.023,,200.000,1694720,
11.205840,RETX,1659,18.023,,200.000,1694720,
11.206064,RETX,1660,18.023,,200.000,1694720,
11.206286,RETX,1661,18.023,,200.000,1694720,
11.206509,RETX,1662,18.023,,200.000,1694720,
11.206684,RETX,1663,18.023,,200.000,1694720,
11.206859,RETX,1664,18.023,,200.000,1694720,
11.207039,SEND,1665,18.023,,200.000,1694720,
11.207215,SEND,1666,18.023,,200.000,1694720,
11.207390,SEND,1667,18.023,,200.000,1694720,
11.207566,SEND,1668,18.023,,200.000,1694720,
11.207741,SEND,1669,18.023,,200.000,1694720,
11.207917,SEND,1670,18.023,,200.000,1694720,
11.208090,SEND,1671,18.023,,200.000,1694720,
11.208266,SEND,1672,18.023,,200.000,1694720,
11.243855,ACK,1656,18.078,,,1695744,"cum ack, base->1656"
11.243898,ACK,1657,18.134,,,1696768,"cum ack, base->1657"
11.246100,SEND,1673,18.134,,200.000,1696768,
11.246336,SEND,1674,18.134,,200.000,1696768,
11.251844,ACK,1659,18.244,,,1698816,"cum ack, base->1659"
11.251900,ACK,1660,18.299,,,1699840,"cum ack, base->1660"
11.251936,ACK,1661,18.353,,,1700864,"cum ack, base->1661"
11.251974,NAK,1661,18.353,,,1700864,
11.251986,FASTRETX,1661,16.314,,200.000,1700864,nak
11.252018,NAK,1661,16.314,,,1700864,
11.252045,DUPACK,1661,16.314,,,1700864,
11.252074,NAK,1661,16.314,,,1700864,
11.252099,DUPACK,1661,16.314,,,1700864,
11.252123,DUPACK,1661,16.314,,,1700864,
11.252146,DUPACK,1661,16.314,,,1700864,
11.252169,DUPACK,1661,16.314,,,1700864,
11.252192,DUPACK,1661,16.314,,,1700864,
11.252215,DUPACK,1661,16.314,,,1700864,
11.252241,DUPACK,1661,16.314,,,1700864,
11.252264,DUPACK,1661,16.314,,,1700864,
11.252288,DUPACK,1661,16.314,,,1700864,
11.254143,RETX,1661,16.314,,200.000,1700864,
11.254372,RETX,1662,16.314,,200.000,1700864,
11.254597,RETX,1663,16.314,,200.000,1700864,
11.254824,RETX,1664,16.314,,200.000,1700864,
11.255048,RETX,1665,16.314,,200.000,1700864,
11.255271,RETX,1666,16.314,,200.000,1700864,
11.255492,RETX,1667,16.314,,200.000,1700864,
11.255718,RETX,1668,16.314,,200.000,1700864,
11.255944,RETX,1669,16.314,,200.000,1700864,
11.256170,RETX,1670,16.314,,200.000,1700864,
11.256394,RETX,1671,16.314,,200.000,1700864,
11.256619,RETX,1672,16.314,,200.000,1700864,
11.256843,RETX,1673,16.314,,200.000,1700864,
11.257051,RETX,1674,16.314,,200.000,1700864,
11.257226,SEND,1675,16.314,,200.000,1700864,
11.257403,SEND,1676,16.314,,200.000,1700864,
11.257451,DUPACK,1661,16.314,,,1700864,
11.257473,DUPACK,1661,16.314,,,1700864,
11.257493,DUPACK,1661,16.314,,,1700864,
11.257517,ACK,1662,16.375,,,1701888,"cum ack, base->1662"
11.257541,ACK,1663,16.436,,,1702912,"cum ack, base->1663"
11.257563,ACK,1664,16.497,,,1703936,"cum ack, base->1664"
11.257586,ACK,1665,16.558,,,1704960,"cum ack, base->1665"
11.257608,ACK,1666,16.618,,,1705984,"cum ack, base->1666"
11.257631,ACK,1667,16.678,,,1707008,"cum ack, base->1667"
11.258491,ACK,1668,16.738,,,1708032,"cum ack, base->1668"
11.258517,ACK,1669,16.798,,,1709056,"cum ack, base->1669"
11.258540,ACK,1670,16.858,,,1710080,"cum ack, base->1670"
11.258563,ACK,1671,16.917,,,1711104,"cum ack, base->1671"
11.258582,NAK,1671,16.917,,,1711104,
11.258589,FASTRETX,1671,16.917,,200.000,1711104,nak
11.258609,DUPACK,1671,16.917,,,1711104,
11.260100,RETX,1671,16.917,,200.000,1711104,
11.260288,RETX,1672,16.917,,200.000,1711104,
11.260465,RETX,1673,16.917,,200.000,1711104,
11.260640,RETX,1674,16.917,,200.000,1711104,
11.260815,RETX,1675,16.917,,200.000,1711104,
11.260991,RETX,1676,16.917,,200.000,1711104,
11.261171,SEND,1677,16.917,,200.000,1711104,
11.261348,SEND,1678,16.917,,200.000,1711104,
11.261525,SEND,1679,16.917,,200.000,1711104,
11.261701,SEND,1680,16.917,,200.000,1711104,
11.261877,SEND,1681,16.917,,200.000,1711104,
11.262055,SEND,1682,16.917,,200.000,1711104,
11.262231,SEND,1683,16.917,,200.000,1711104,
11.262408,SEND,1684,16.917,,200.000,1711104,
11.262584,SEND,1685,16.917,,200.000,1711104,
11.262760,SEND,1686,16.917,,200.000,1711104,
11.284797,NAK,1671,16.917,,,1711104,
11.287761,STATS,-1,16.917,,200.000,1711104,base=1671 next=1687
11.289488,NAK,1671,16.917,,,1711104,
11.297875,DUPACK,1671,16.917,,,1711104,
11.298597,DUPACK,1671,16.917,,,1711104,
11.308106,DUPACK,1671,16.917,,,1711104,
11.308147,DUPACK,1671,16.917,,,1711104,
11.308174,DUPACK,1671,16.917,,,1711104,
11.308204,DUPACK,1671,16.917,,,1711104,
11.308229,DUPACK,1671,16.917,,,1711104,
11.308259,DUPACK,1671,16.917,,,1711104,
11.308283,DUPACK,1671,16.917,,,1711104,
11.308319,ACK,1672,16.976,,,1712128,"cum ack, base->1672"
11.308351,ACK,1673,17.035,,,1713152,"cum ack, base->1673"
11.308381,ACK,1674,17.094,,,1714176,"cum ack, base->1674"
11.310704,SEND,1687,17.094,,200.000,1714176,
11.310893,SEND,1688,17.094,,200.000,1714176,
11.311071,SEND,1689,17.094,,200.000,1714176,
11.311239,SEND,1690,17.094,,200.000,1714176,
11.312185,ACK,1676,17.210,,,1716224,"cum ack, base->1676"
11.312248,ACK,1677,17.269,,,1717248,"cum ack, base->1677"
11.312277,DUPACK,1677,17.269,,,1717248,
11.312308,DUPACK,1677,17.269,,,1717248,
11.312335,DUPACK,1677,17.269,,,1717248,
11.313716,DUPACK,1677,17.269,,,1717248,
11.314079,SEND,1691,17.269,,200.000,1717248,
11.314299,SEND,1692,17.269,,200.000,1717248,
11.314559,SEND,1693,17.269,,200.000,1717248,
11.314687,ACK,1678,17.327,,,1718272,"cum ack, base->1678"
11.314791,ACK,1679,17.384,,,1719296,"cum ack, base->1679"
11.314902,ACK,1680,17.442,,,1720320,"cum ack, base->1680"
11.314948,ACK,1681,17.499,,,1721344,"cum ack, base->1681"
11.314981,ACK,1682,17.556,,,1722368,"cum ack, base->1682"
11.315100,ACK,1683,17.613,,,1723392,"cum ack, base->1683"
11.315138,ACK,1684,17.670,,,1724416,"cum ack, base->1684"
11.315250,ACK,1685,17.727,,,1725440,"cum ack, base->1685"
11.315285,ACK,1686,17.783,,,1726464,"cum ack, base->1686"
11.317496,SEND,1694,17.783,,200.000,1726464,
11.317793,SEND,1695,17.783,,200.000,1726464,
11.317970,SEND,1696,17.783,,200.000,1726464,
11.318257,SEND,1697,17.783,,200.000,1726464,
11.318436,SEND,1698,17.783,,200.000,1726464,
11.318607,SEND,1699,17.783,,200.000,1726464,
11.318957,SEND,1700,17.783,,200.000,1726464,
11.319150,SEND,1701,17.783,,200.000,1726464,
11.319457,SEND,1702,17.783,,200.000,1726464,
11.359855,ACK,1688,17.895,,,1728512,"cum ack, base->1688"
11.359937,ACK,1689,17.951,,,1729536,"cum ack, base->1689"
11.362078,SEND,1703,17.951,,200.000,1729536,
11.362310,SEND,1704,17.951,,200.000,1729536,
11.362515,SEND,1705,17.951,,200.000,1729536,
11.362658,ACK,1690,18.007,,,1730560,"cum ack, base->1690"
11.365502,SEND,1706,18.007,,200.000,1730560,
11.365899,SEND,1707,18.007,,200.000,1730560,
11.366273,ACK,1692,18.118,,,1732608,"cum ack, base->1692"
11.366358,ACK,1693,18.173,,,1733632,"cum ack, base->1693"
11.366687,ACK,1694,18.228,,,1734656,"cum ack, base->1694"
11.366740,ACK,1695,18.283,,,1735680,"cum ack, base->1695"
11.366787,ACK,1696,18.338,,,1736704,"cum ack, base->1696"
11.366835,ACK,1697,18.392,,,1737728,"cum ack, base->1697"
11.366885,ACK,1698,18.446,,,1738752,"cum ack, base->1698"
11.368489,ACK,1700,18.555,,,1740800,"cum ack, base->1700"
11.368980,SEND,1708,18.555,,200.000,1740800,
11.369403,SEND,1709,18.555,,200.000,1740800,
11.369658,SEND,1710,18.555,,200.000,1740800,
11.370043,SEND,1711,18.555,,200.000,1740800,
11.370641,SEND,1712,18.555,,200.000,1740800,
11.371038,SEND,1713,18.555,,200.000,1740800,
11.371293,SEND,1714,18.555,,200.000,1740800,
11.371560,SEND,1715,18.555,,200.000,1740800,
11.371787,SEND,1716,18.555,,200.000,1740800,
11.372012,SEND,1717,18.555,,200.000,1740800,
11.372077,ACK,1701,18.609,,,1741824,"cum ack, base->1701"
11.372121,ACK,1702,18.662,,,1742848,"cum ack, base->1702"
11.372160,ACK,1703,18.716,,,1743872,"cum ack, base->1703"
11.374812,SEND,1718,18.716,,200.000,1743872,
11.375033,SEND,1719,18.716,,200.000,1743872,
11.375319,SEND,1720,18.716,,200.000,1743872,
11.389960,STATS,-1,18.716,,200.000,1743872,base=1703 next=1721
11.409758,ACK,1705,18.823,,,1745920,"cum ack, base->1705"
11.409791,ACK,1706,18.876,,,1746944,"cum ack, base->1706"
11.409818,ACK,1707,18.929,,,1747968,"cum ack, base->1707"
11.409843,ACK,1708,18.982,,,1748992,"cum ack, base->1708"
11.410295,SEND,1721,18.982,,200.000,1748992,
11.410481,SEND,1722,18.982,,200.000,1748992,
11.410659,SEND,1723,18.982,,200.000,1748992,
11.410837,SEND,1724,18.982,,200.000,1748992,
11.411019,SEND,1725,18.982,,200.000,1748992,
11.411296,ACK,1709,19.034,,,1750016,"cum ack, base->1709"
11.413726,SEND,1726,19.034,,200.000,1750016,
11.413909,SEND,1727,19.034,,200.000,1750016,
11.421601,ACK,1710,19.087,,,1751040,"cum ack, base->1710"
11.421640,ACK,1711,19.139,,,1752064,"cum ack, base->1711"
11.421680,ACK,1712,19.191,,,1753088,"cum ack, base->1712"
11.421717,ACK,1713,19.244,,,1754112,"cum ack, base->1713"
11.421748,ACK,1714,19.295,,,1755136,"cum ack, base->1714"
11.421777,ACK,1715,19.347,,,1756160,"cum ack, base->1715"
11.421807,ACK,1716,19.399,,,1757184,"cum ack, base->1716"
11.421835,ACK,1717,19.451,,,1758208,"cum ack, base->1717"
11.424369,SEND,1728,19.451,,200.000,1758208,
11.424646,SEND,1729,19.451,,200.000,1758208,
11.424877,SEND,1730,19.451,,200.000,1758208,
11.425107,SEND,1731,19.451,,200.000,1758208,
11.425295,SEND,1732,19.451,,200.000,1758208,
11.425470,SEND,1733,19.451,,200.000,1758208,
11.425648,SEND,1734,19.451,,200.000,1758208,
11.425921,SEND,1735,19.451,,200.000,1758208,
11.426056,ACK,1718,19.502,,,1759232,"cum ack, base->1718"
11.426108,ACK,1719,19.553,,,1760256,"cum ack, base->1719"
11.426206,ACK,1720,19.604,,,1761280,"cum ack, base->1720"
11.426249,ACK,1721,19.655,,,1762304,"cum ack, base->1721"
11.428356,SEND,1736,19.655,,200.000,1762304,
11.428593,SEND,1737,19.655,,200.000,1762304,
11.428818,SEND,1738,19.655,,200.000,1762304,
11.429042,SEND,1739,19.655,,200.000,1762304,
11.457056,ACK,1722,19.706,,,1763328,"cum ack, base->1722"
11.457097,ACK,1723,19.757,,,1764352,"cum ack, base->1723"
11.459382,SEND,1740,19.757,,200.000,1764352,
11.459614,SEND,1741,19.757,,200.000,1764352,
11.461709,ACK,1725,19.858,,,1766400,"cum ack, base->1725"
11.461773,ACK,1726,19.908,,,1767424,"cum ack, base->1726"
11.461810,ACK,1727,19.959,,,1768448,"cum ack, base->1727"
11.461844,ACK,1728,20.009,,,1769472,"cum ack, base->1728"
11.462386,SEND,1742,20.009,,200.000,1769472,
11.462592,SEND,1743,20.009,,200.000,1769472,
11.462762,SEND,1744,20.009,,200.000,1769472,
11.462934,SEND,1745,20.009,,200.000,1769472,
11.463107,SEND,1746,20.009,,200.000,1769472,
11.463351,SEND,1747,20.009,,200.000,1769472,
11.471400,ACK,1729,20.059,,,1770496,"cum ack, base->1729"
11.471469,ACK,1730,20.109,,,1771520,"cum ack, base->1730"
11.471514,ACK,1731,20.158,,,1772544,"cum ack, base->1731"
11.471554,ACK,1732,20.208,,,1773568,"cum ack, base->1732"
11.473576,SEND,1748,20.208,,200.000,1773568,
11.473805,SEND,1749,20.208,,200.000,1773568,
11.474110,SEND,1750,20.208,,200.000,1773568,
11.474319,SEND,1751,20.208,,200.000,1773568,
11.479506,ACK,1733,20.257,,,1774592,"cum ack, base->1733"
11.479612,ACK,1734,20.307,,,1775616,"cum ack, base->1734"
11.479677,ACK,1735,20.356,,,1776640,"cum ack, base->1735"
11.481314,ACK,1736,20.405,,,1777664,"cum ack, base->1736"
11.481397,ACK,1737,20.454,,,1778688,"cum ack, base->1737"
11.481439,ACK,1738,20.503,,,1779712,"cum ack, base->1738"
11.481479,ACK,1739,20.552,,,1780736,"cum ack, base->1739"
11.481518,ACK,1740,20.601,,,1781760,"cum ack, base->1740"
11.482146,SEND,1752,20.601,,200.000,1781760,
11.482421,SEND,1753,20.601,,200.000,1781760,
11.482937,SEND,1754,20.601,,200.000,1781760,
11.483261,SEND,1755,20.601,,200.000,1781760,
11.483488,SEND,1756,20.601,,200.000,1781760,
11.483783,SEND,1757,20.601,,200.000,1781760,
11.484003,SEND,1758,20.601,,200.000,1781760,
11.484246,SEND,1759,20.601,,200.000,1781760,
11.491385,STATS,-1,20.601,,200.000,1781760,base=1740 next=1760
11.507354,ACK,1741,20.649,,,1782784,"cum ack, base->1741"
11.507515,ACK,1742,20.697,,,1783808,"cum ack, base->1742"
11.507649,NAK,1742,20.697,,,1783808,
11.507674,FASTRETX,1742,18.398,,200.000,1783808,nak
11.507765,DUPACK,1742,18.398,,,1783808,
11.508771,RETX,1742,18.398,,200.000,1783808,
11.508985,RETX,1743,18.398,,200.000,1783808,
11.509189,RETX,1744,18.398,,200.000,1783808,
11.509459,RETX,1745,18.398,,200.000,1783808,
11.509675,RETX,1746,18.398,,200.000,1783808,
11.509882,RETX,1747,18.398,,200.000,1783808,
11.510099,RETX,1748,18.398,,200.000,1783808,
11.510402,RETX,1749,18.398,,200.000,1783808,
11.510634,RETX,1750,18.398,,200.000,1783808,
11.510862,RETX,1751,18.398,,200.000,1783808,
11.511088,RETX,1752,18.398,,200.000,1783808,
11.511315,RETX,1753,18.398,,200.000,1783808,
11.511538,RETX,1754,18.398,,200.000,1783808,
11.511761,RETX,1755,18.398,,200.000,1783808,
11.511988,RETX,1756,18.398,,200.000,1783808,
11.512211,RETX,1757,18.398,,200.000,1783808,
11.512434,RETX,1758,18.398,,200.000,1783808,
11.512657,RETX,1759,18.398,,200.000,1783808,
11.514414,NAK,1742,18.398,,,1783808,
11.514451,DUPACK,1742,18.398,,,1783808,
11.514477,NAK,1742,18.398,,,1783808,
11.514503,DUPACK,1742,18.398,,,1783808,
11.514663,NAK,1742,18.398,,,1783808,
11.514691,DUPACK,1742,18.398,,,1783808,
11.514716,NAK,1742,18.398,,,1783808,
11.515948,DUPACK,1742,18.398,,,1783808,
11.515983,DUPACK,1742,18.398,,,1783808,
11.516638,NAK,1742,18.398,,,1783808,
11.522751,DUPACK,1742,18.398,,,1783808,
11.522810,NAK,1742,18.398,,,1783808,
11.522844,DUPACK,1742,18.398,,,1783808,
11.528123,NAK,1742,18.398,,,1783808,
11.528187,DUPACK,1742,18.398,,,1783808,
11.528218,NAK,1742,18.398,,,1783808,
11.532888,DUPACK,1742,18.398,,,1783808,
11.533061,NAK,1742,18.398,,,1783808,
11.533113,DUPACK,1742,18.398,,,1783808,
11.533147,NAK,1742,18.398,,,1783808,
11.533187,DUPACK,1742,18.398,,,1783808,
11.533249,NAK,1742,18.398,,,1783808,
11.533281,DUPACK,1742,18.398,,,1783808,
11.533315,NAK,1742,18.398,,,1783808,
11.537499,DUPACK,1742,18.398,,,1783808,
11.537644,NAK,1742,18.398,,,1783808,
11.537880,NAK,1742,18.398,,,1783808,
11.539966,DUPACK,1742,18.398,,,1783808,
11.540262,NAK,1742,18.398,,,1783808,
11.540511,DUPACK,1742,18.398,,,1783808,
11.553627,ACK,1743,18.452,,,1784832,"cum ack, base->1743"
11.555904,ACK,1744,18.506,,,1785856,"cum ack, base->1744"
11.555942,ACK,1745,18.560,,,1786880,"cum ack, base->1745"
11.556243,SEND,1760,18.560,,200.000,1786880,
11.556482,SEND,1761,18.560,,200.000,1786880,
11.556708,SEND,1762,18.560,,200.000,1786880,
11.559397,ACK,1746,18.614,,,1787904,"cum ack, base->1746"
11.561037,ACK,1747,18.668,,,1788928,"cum ack, base->1747"
11.561073,ACK,1748,18.722,,,1789952,"cum ack, base->1748"
11.561104,ACK,1749,18.775,,,1790976,"cum ack, base->1749"
11.562002,SEND,1763,18.775,,200.000,1790976,
11.562234,SEND,1764,18.775,,200.000,1790976,
11.562461,SEND,1765,18.775,,200.000,1790976,
11.562686,SEND,1766,18.775,,200.000,1790976,
11.563515,ACK,1750,18.828,,,1792000,"cum ack, base->1750"
11.563546,NAK,1750,18.828,,,1792000,
11.563576,FASTRETX,1750,18.828,,200.000,1792000,nak
11.563604,DUPACK,1750,18.828,,,1792000,
11.565203,NAK,1750,18.828,,,1792000,
11.565478,RETX,1750,18.828,,200.000,1792000,
11.565713,RETX,1751,18.828,,200.000,1792000,
11.565940,RETX,1752,18.828,,200.000,1792000,
11.566165,RETX,1753,18.828,,200.000,1792000,
11.566390,RETX,1754,18.828,,200.000,1792000,
11.566616,RETX,1755,18.828,,200.000,1792000,
11.566841,RETX,1756,18.828,,200.000,1792000,
11.567062,RETX,1757,18.828,,200.000,1792000,
11.567285,RETX,1758,18.828,,200.000,1792000,
11.567508,RETX,1759,18.828,,200.000,1792000,
11.567731,RETX,1760,18.828,,200.000,1792000,
11.567954,RETX,1761,18.828,,200.000,1792000,
11.568179,RETX,1762,18.828,,200.000,1792000,
11.568402,RETX,1763,18.828,,200.000,1792000,
11.568625,RETX,1764,18.828,,200.000,1792000,
11.568848,RETX,1765,18.828,,200.000,1792000,
11.569049,RETX,1766,18.828,,200.000,1792000,
11.569222,SEND,1767,18.828,,200.000,1792000,
11.569279,NAK,1750,18.828,,,1792000,
11.569304,DUPACK,1750,18.828,,,1792000,
11.569324,NAK,1750,18.828,,,1792000,
11.569343,DUPACK,1750,18.828,,,1792000,
11.569363,NAK,1750,18.828,,,1792000,
11.569382,DUPACK,1750,18.828,,,1792000,
11.569401,NAK,1750,18.828,,,1792000,
11.569419,DUPACK,1750,18.828,,,1792000,
11.569437,NAK,1750,18.828,,,1792000,
11.569456,DUPACK,1750,18.828,,,1792000,
11.569474,NAK,1750,18.828,,,1792000,
11.569492,DUPACK,1750,18.828,,,1792000,
11.569563,NAK,1750,18.828,,,1792000,
11.569583,DUPACK,1750,18.828,,,1792000,
11.591639,STATS,-1,18.828,,200.000,1792000,base=1750 next=1768
11.593716,NAK,1750,18.828,,,1792000,
11.594464,DUPACK,1750,18.828,,,1792000,
11.605194,NAK,1750,18.828,,,1792000,
11.605235,DUPACK,1750,18.828,,,1792000,
11.605264,NAK,1750,18.828,,,1792000,
11.605293,DUPACK,1750,18.828,,,1792000,
11.608226,DUPACK,1750,18.828,,,1792000,
11.614125,DUPACK,1750,18.828,,,1792000,
11.614210,NAK,1750,18.828,,,1792000,
11.614244,DUPACK,1750,18.828,,,1792000,
11.614271,NAK,1750,18.828,,,1792000,
11.614468,DUPACK,1750,18.828,,,1792000,
11.615761,ACK,1751,18.881,,,1793024,"cum ack, base->1751"
11.615802,ACK,1752,18.934,,,1794048,"cum ack, base->1752"
11.615835,ACK,1753,18.987,,,1795072,"cum ack, base->1753"
11.615865,ACK,1754,19.040,,,1796096,"cum ack, base->1754"
11.617429,SEND,1768,19.040,,200.000,1796096,
11.617661,SEND,1769,19.040,,200.000,1796096,
11.617889,SEND,1770,19.040,,200.000,1796096,
11.618113,SEND,1771,19.040,,200.000,1796096,
11.618338,SEND,1772,19.040,,200.000,1796096,
11.618405,ACK,1755,19.092,,,1797120,"cum ack, base->1755"
11.618442,ACK,1756,19.145,,,1798144,"cum ack, base->1756"
11.618474,ACK,1757,19.197,,,1799168,"cum ack, base->1757"
11.618500,NAK,1757,19.197,,,1799168,
11.618510,FASTRETX,1757,19.197,,200.000,1799168,nak
11.618537,DUPACK,1757,19.197,,,1799168,
11.618562,NAK,1757,19.197,,,1799168,
11.618587,DUPACK,1757,19.197,,,1799168,
11.618610,NAK,1757,19.197,,,1799168,
11.618634,DUPACK,1757,19.197,,,1799168,
11.618657,NAK,1757,19.197,,,1799168,
11.618681,DUPACK,1757,19.197,,,1799168,
11.618704,NAK,1757,19.197,,,1799168,
11.618727,DUPACK,1757,19.197,,,1799168,
11.620311,NAK,1757,19.197,,,1799168,
11.620343,DUPACK,1757,19.197,,,1799168,
11.620368,NAK,1757,19.197,,,1799168,
11.620394,DUPACK,1757,19.197,,,1799168,
11.620418,NAK,1757,19.197,,,1799168,
11.620443,DUPACK,1757,19.197,,,1799168,
11.621097,RETX,1757,19.197,,200.000,1799168,
11.621326,RETX,1758,19.197,,200.000,1799168,
11.621551,RETX,1759,19.197,,200.000,1799168,
11.621772,RETX,1760,19.197,,200.000,1799168,
11.621997,RETX,1761,19.197,,200.000,1799168,
11.622222,RETX,1762,19.197,,200.000,1799168,
11.622447,RETX,1763,19.197,,200.000,1799168,
11.622673,RETX,1764,19.197,,200.000,1799168,
11.622899,RETX,1765,19.197,,200.000,1799168,
11.623128,RETX,1766,19.197,,200.000,1799168,
11.623352,RETX,1767,19.197,,200.000,1799168,
11.623576,RETX,1768,19.197,,200.000,1799168,
11.623800,RETX,1769,19.197,,200.000,1799168,
11.624023,RETX,1770,19.197,,200.000,1799168,
11.624248,RETX,1771,19.197,,200.000,1799168,
11.624472,RETX,1772,19.197,,200.000,1799168,
11.624701,SEND,1773,19.197,,200.000,1799168,
11.624925,SEND,1774,19.197,,200.000,1799168,
11.625149,SEND,1775,19.197,,200.000,1799168,
11.657428,NAK,1757,19.197,,,1799168,
11.670158,DUPACK,1757,19.197,,,1799168,
11.670237,NAK,1757,19.197,,,1799168,
11.670261,DUPACK,1757,19.197,,,1799168,
11.670282,NAK,1757,19.197,,,1799168,
11.670314,DUPACK,1757,19.197,,,1799168,
11.670340,NAK,1757,19.197,,,1799168,
11.670362,DUPACK,1757,19.197,,,1799168,
11.670381,NAK,1757,19.197,,,1799168,
11.670405,DUPACK,1757,19.197,,,1799168,
11.670440,ACK,1758,19.249,,,1800192,"cum ack, base->1758"
11.670468,ACK,1759,19.301,,,1801216,"cum ack, base->1759"
11.670493,ACK,1760,19.353,,,1802240,"cum ack, base->1760"
11.670513,NAK,1760,19.353,,,1802240,
11.670524,FASTRETX,1760,17.202,,200.000,1802240,nak
11.670544,DUPACK,1760,17.202,,,1802240,
11.670563,NAK,1760,17.202,,,1802240,
11.670582,NAK,1760,17.202,,,1802240,
11.670601,DUPACK,1760,17.202,,,1802240,
11.670799,RETX,1760,17.202,,200.000,1802240,
11.670979,RETX,1761,17.202,,200.000,1802240,
11.671155,RETX,1762,17.202,,200.000,1802240,
11.671330,RETX,1763,17.202,,200.000,1802240,
11.671505,RETX,1764,17.202,,200.000,1802240,
11.671681,RETX,1765,17.202,,200.000,1802240,
11.671856,RETX,1766,17.202,,200.000,1802240,
11.672032,RETX,1767,17.202,,200.000,1802240,
11.672208,RETX,1768,17.202,,200.000,1802240,
11.672383,RETX,1769,17.202,,200.000,1802240,
11.672560,RETX,1770,17.202,,200.000,1802240,
11.672736,RETX,1771,17.202,,200.000,1802240,
11.672912,RETX,1772,17.202,,200.000,1802240,
11.673088,RETX,1773,17.202,,200.000,1802240,
11.673263,RETX,1774,17.202,,200.000,1802240,
11.673439,RETX,1775,17.202,,200.000,1802240,
11.673615,SEND,1776,17.202,,200.000,1802240,
11.676262,DUPACK,1760,17.202,,,1802240,
11.676287,NAK,1760,17.202,,,1802240,
11.676310,DUPACK,1760,17.202,,,1802240,
11.676329,NAK,1760,17.202,,,1802240,
11.676349,DUPACK,1760,17.202,,,1802240,
11.676368,NAK,1760,17.202,,,1802240,
11.676387,DUPACK,1760,17.202,,,1802240,
11.677427,NAK,1760,17.202,,,1802240,
11.677450,DUPACK,1760,17.202,,,1802240,
11.677469,NAK,1760,17.202,,,1802240,
11.677533,DUPACK,1760,17.202,,,1802240,
11.677563,NAK,1760,17.202,,,1802240,
11.677584,DUPACK,1760,17.202,,,1802240,
11.677604,NAK,1760,17.202,,,1802240,
11.677625,DUPACK,1760,17.202,,,1802240,
11.677643,NAK,1760,17.202,,,1802240,
11.677662,DUPACK,1760,17.202,,,1802240,
11.678273,NAK,1760,17.202,,,1802240,
11.678295,DUPACK,1760,17.202,,,1802240,
11.678314,NAK,1760,17.202,,,1802240,
11.679802,DUPACK,1760,17.202,,,1802240,
11.679823,NAK,1760,17.202,,,1802240,
11.693904,STATS,-1,17.202,,200.000,1802240,base=1760 next=1777
11.706561,ACK,1761,17.261,,,1803264,"cum ack, base->1761"
11.706594,ACK,1762,17.319,,,1804288,"cum ack, base->1762"
11.709217,SEND,1777,17.319,,200.000,1804288,
11.709399,SEND,1778,17.319,,200.000,1804288,
11.714961,ACK,1763,17.376,,,1805312,"cum ack, base->1763"
11.714997,ACK,1764,17.434,,,1806336,"cum ack, base->1764"
11.715024,ACK,1765,17.491,,,1807360,"cum ack, base->1765"
11.715049,ACK,1766,17.548,,,1808384,"cum ack, base->1766"
11.715073,ACK,1767,17.605,,,1809408,"cum ack, base->1767"
11.715615,ACK,1769,17.719,,,1811456,"cum ack, base->1769"
11.717147,SEND,1779,17.719,,200.000,1811456,
11.717328,SEND,1780,17.719,,200.000,1811456,
11.717505,SEND,1781,17.719,,200.000,1811456,
11.717681,SEND,1782,17.719,,200.000,1811456,
11.717857,SEND,1783,17.719,,200.000,1811456,
11.718034,SEND,1784,17.719,,200.000,1811456,
11.718214,SEND,1785,17.719,,200.000,1811456,
11.725579,ACK,1770,17.775,,,1812480,"cum ack, base->1770"
11.725611,ACK,1771,17.831,,,1813504,"cum ack, base->1771"
11.725639,NAK,1771,17.831,,,1813504,
11.725647,FASTRETX,1771,17.831,,200.000,1813504,nak
11.725677,DUPACK,1771,17.831,,,1813504,
11.725698,NAK,1771,17.831,,,1813504,
11.725723,DUPACK,1771,17.831,,,1813504,
11.725742,NAK,1771,17.831,,,1813504,
11.725765,DUPACK,1771,17.831,,,1813504,
11.725969,RETX,1771,17.831,,200.000,1813504,
11.726156,RETX,1772,17.831,,200.000,1813504,
11.726335,RETX,1773,17.831,,200.000,1813504,
11.726512,RETX,1774,17.831,,200.000,1813504,
11.726690,RETX,1775,17.831,,200.000,1813504,
11.726867,RETX,1776,17.831,,200.000,1813504,
11.727043,RETX,1777,17.831,,200.000,1813504,
11.727219,RETX,1778,17.831,,200.000,1813504,
11.727394,RETX,1779,17.831,,200.000,1813504,
11.727570,RETX,1780,17.831,,200.000,1813504,
11.727745,RETX,1781,17.831,,200.000,1813504,
11.727921,RETX,1782,17.831,,200.000,1813504,
11.728097,RETX,1783,17.831,,200.000,1813504,
11.728274,RETX,1784,17.831,,200.000,1813504,
11.728449,RETX,1785,17.831,,200.000,1813504,
11.728628,SEND,1786,17.831,,200.000,1813504,
11.728806,SEND,1787,17.831,,200.000,1813504,
11.728862,NAK,1771,17.831,,,1813504,
11.728888,DUPACK,1771,17.831,,,1813504,
11.728908,NAK,1771,17.831,,,1813504,
11.728928,DUPACK,1771,17.831,,,1813504,
11.745968,NAK,1771,17.831,,,1813504,
11.751577,DUPACK,1771,17.831,,,1813504,
11.751610,NAK,1771,17.831,,,1813504,
11.752031,DUPACK,1771,17.831,,,1813504,
11.756857,NAK,1771,17.831,,,1813504,
11.763395,DUPACK,1771,17.831,,,1813504,
11.763427,NAK,1771,17.831,,,1813504,
11.763450,DUPACK,1771,17.831,,,1813504,
11.763471,NAK,1771,17.831,,,1813504,
11.767109,DUPACK,1771,17.831,,,1813504,
11.767141,NAK,1771,17.831,,,1813504,
11.767365,NAK,1771,17.831,,,1813504,
11.768645,DUPACK,1771,17.831,,,1813504,
11.768686,NAK,1771,17.831,,,1813504,
11.768715,DUPACK,1771,17.831,,,1813504,
11.768740,NAK,1771,17.831,,,1813504,
11.768787,DUPACK,1771,17.831,,,1813504,
11.768825,ACK,1772,17.888,,,1814528,"cum ack, base->1772"
11.768858,ACK,1773,17.943,,,1815552,"cum ack, base->1773"
11.769134,SEND,1788,17.943,,200.000,1815552,
11.769367,SEND,1789,17.943,,200.000,1815552,
11.772136,ACK,1774,17.999,,,1816576,"cum ack, base->1774"
11.772177,ACK,1775,18.055,,,1817600,"cum ack, base->1775"
11.774725,SEND,1790,18.055,,200.000,1817600,
11.774946,SEND,1791,18.055,,200.000,1817600,
11.775132,SEND,1792,18.055,,200.000,1817600,
11.780552,ACK,1777,18.165,,,1819648,"cum ack, base->1777"
11.780641,ACK,1778,18.220,,,1820672,"cum ack, base->1778"
11.780904,ACK,1780,18.330,,,1822720,"cum ack, base->1780"
11.780952,ACK,1781,18.385,,,1823744,"cum ack, base->1781"
11.780994,ACK,1782,18.439,,,1824768,"cum ack, base->1782"
11.781202,ACK,1783,18.493,,,1825792,"cum ack, base->1783"
11.781256,ACK,1784,18.547,,,1826816,"cum ack, base->1784"
11.781297,ACK,1785,18.601,,,1827840,"cum ack, base->1785"
11.781337,ACK,1786,18.655,,,1828864,"cum ack, base->1786"
11.781375,ACK,1787,18.708,,,1829888,"cum ack, base->1787"
11.781413,ACK,1788,18.762,,,1830912,"cum ack, base->1788"
11.782682,SEND,1793,18.762,,200.000,1830912,
11.783007,SEND,1794,18.762,,200.000,1830912,
11.783549,SEND,1795,18.762,,200.000,1830912,
11.784024,SEND,1796,18.762,,200.000,1830912,
11.784326,SEND,1797,18.762,,200.000,1830912,
11.784541,SEND,1798,18.762,,200.000,1830912,
11.784894,SEND,1799,18.762,,200.000,1830912,
11.785156,SEND,1800,18.762,,200.000,1830912,
11.785585,SEND,1801,18.762,,200.000,1830912,
11.785848,SEND,1802,18.762,,200.000,1830912,
11.786090,SEND,1803,18.762,,200.000,1830912,
11.786321,SEND,1804,18.762,,200.000,1830912,
11.786548,SEND,1805,18.762,,200.000,1830912,
11.794213,STATS,-1,18.762,,200.000,1830912,base=1788 next=1806
11.807965,ACK,1789,18.815,,,1831936,"cum ack, base->1789"
11.809357,SEND,1806,18.815,,200.000,1831936,
11.814468,ACK,1790,18.868,,,1832960,"cum ack, base->1790"
11.817050,SEND,1807,18.868,,200.000,1832960,
11.824426,ACK,1791,18.921,,,1833984,"cum ack, base->1791"
11.824504,ACK,1792,18.974,,,1835008,"cum ack, base->1792"
11.824816,SEND,1808,18.974,,200.000,1835008,
11.825032,SEND,1809,18.974,,200.000,1835008,
11.825161,ACK,1793,19.027,,,1836032,"cum ack, base->1793"
11.827869,SEND,1810,19.027,,200.000,1836032,
11.828154,SEND,1811,19.027,,200.000,1836032,
11.831943,ACK,1794,19.080,,,1837056,"cum ack, base->1794"
11.832034,ACK,1795,19.132,,,1838080,"cum ack, base->1795"
11.832089,ACK,1796,19.184,,,1839104,"cum ack, base->1796"
11.832197,ACK,1797,19.236,,,1840128,"cum ack, base->1797"
11.832248,ACK,1798,19.288,,,1841152,"cum ack, base->1798"
11.832295,ACK,1799,19.340,,,1842176,"cum ack, base->1799"
11.832399,ACK,1800,19.392,,,1843200,"cum ack, base->1800"
11.833910,SEND,1812,19.392,,200.000,1843200,
11.834309,SEND,1813,19.392,,200.000,1843200,
11.834571,SEND,1814,19.392,,200.000,1843200,
11.835058,SEND,1815,19.392,,200.000,1843200,
11.835325,SEND,1816,19.392,,200.000,1843200,
11.835587,SEND,1817,19.392,,200.000,1843200,
11.835870,SEND,1818,19.392,,200.000,1843200,
11.836927,ACK,1801,19.443,,,1844224,"cum ack, base->1801"
11.837719,ACK,1802,19.495,,,1845248,"cum ack, base->1802"
11.837980,ACK,1803,19.546,,,1846272,"cum ack, base->1803"
11.838033,ACK,1804,19.597,,,1847296,"cum ack, base->1804"
11.838074,ACK,1806,19.699,,,1849344,"cum ack, base->1806"
11.838945,SEND,1819,19.699,,200.000,1849344,
11.839182,SEND,1820,19.699,,200.000,1849344,
11.839421,SEND,1821,19.699,,200.000,1849344,
11.839655,SEND,1822,19.699,,200.000,1849344,
11.839903,SEND,1823,19.699,,200.000,1849344,
11.840130,SEND,1824,19.699,,200.000,1849344,
11.842308,ACK,1807,19.750,,,1850368,"cum ack, base->1807"
11.842853,SEND,1825,19.750,,200.000,1850368,
11.855631,ACK,1808,19.801,,,1851392,"cum ack, base->1808"
11.858223,SEND,1826,19.801,,200.000,1851392,
11.872677,ACK,1809,19.851,,,1852416,"cum ack, base->1809"
11.873614,SEND,1827,19.851,,200.000,1852416,
11.873880,ACK,1810,19.901,,,1853440,"cum ack, base->1810"
11.873962,ACK,1811,19.952,,,1854464,"cum ack, base->1811"
11.874034,ACK,1812,20.002,,,1855488,"cum ack, base->1812"
11.874080,ACK,1813,20.052,,,1856512,"cum ack, base->1813"
11.876449,SEND,1828,20.052,,200.000,1856512,
11.876675,SEND,1829,20.052,,200.000,1856512,
11.876886,SEND,1830,20.052,,200.000,1856512,
11.877177,SEND,1831,20.052,,200.000,1856512,
11.877405,SEND,1832,20.052,,200.000,1856512,
11.886806,ACK,1814,20.102,,,1857536,"cum ack, base->1814"
11.887506,ACK,1815,20.151,,,1858560,"cum ack, base->1815"
11.887613,ACK,1816,20.201,,,1859584,"cum ack, base->1816"
11.887660,ACK,1817,20.251,,,1860608,"cum ack, base->1817"
11.887735,ACK,1818,20.300,,,1861632,"cum ack, base->1818"
11.887784,NAK,1818,20.300,,,1861632,
11.887801,FASTRETX,1818,18.044,,200.000,1861632,nak
11.887940,NAK,1818,18.044,,,1861632,
11.887993,DUPACK,1818,18.044,,,1861632,
11.888030,NAK,1818,18.044,,,1861632,
11.888064,NAK,1818,18.044,,,1861632,
11.888097,DUPACK,1818,18.044,,,1861632,
11.888569,RETX,1818,18.044,,200.000,1861632,
11.888939,RETX,1819,18.044,,200.000,1861632,
11.889480,RETX,1820,18.044,,200.000,1861632,
11.889743,RETX,1821,18.044,,200.000,1861632,
11.890074,RETX,1822,18.044,,200.000,1861632,
11.890294,RETX,1823,18.044,,200.000,1861632,
11.890568,RETX,1824,18.044,,200.000,1861632,
11.890775,RETX,1825,18.044,,200.000,1861632,
11.890979,RETX,1826,18.044,,200.000,1861632,
11.891225,RETX,1827,18.044,,200.000,1861632,
11.891512,RETX,1828,18.044,,200.000,1861632,
11.891742,RETX,1829,18.044,,200.000,1861632,
11.891966,RETX,1830,18.044,,200.000,1861632,
11.892190,RETX,1831,18.044,,200.000,1861632,
11.892415,RETX,1832,18.044,,200.000,1861632,
11.892643,SEND,1833,18.044,,200.000,1861632,
11.892868,SEND,1834,18.044,,200.000,1861632,
11.893101,SEND,1835,18.044,,200.000,1861632,
11.893192,NAK,1818,18.044,,,1861632,
11.893236,DUPACK,1818,18.044,,,1861632,
11.893270,DUPACK,1818,18.044,,,1861632,
11.895639,STATS,-1,18.044,,200.000,1861632,base=1818 next=1836
11.895841,NAK,1818,18.044,,,1861632,
11.899130,DUPACK,1818,18.044,,,1861632,
11.911090,NAK,1818,18.044,,,1861632,
11.919844,DUPACK,1818,18.044,,,1861632,
11.919895,NAK,1818,18.044,,,1861632,
11.920247,DUPACK,1818,18.044,,,1861632,
11.920799,NAK,1818,18.044,,,1861632,
11.921129,DUPACK,1818,18.044,,,1861632,
11.923125,NAK,1818,18.044,,,1861632,
11.923152,DUPACK,1818,18.044,,,1861632,
11.923173,NAK,1818,18.044,,,1861632,
11.929136,DUPACK,1818,18.044,,,1861632,
11.936419,ACK,1819,18.100,,,1862656,"cum ack, base->1819"
11.939407,SEND,1836,18.100,,200.000,1862656,
11.940475,ACK,1820,18.155,,,1863680,"cum ack, base->1820"
11.940537,ACK,1821,18.210,,,1864704,"cum ack, base->1821"
11.940571,ACK,1822,18.265,,,1865728,"cum ack, base->1822"
11.942206,SEND,1837,18.265,,200.000,1865728,
11.942439,SEND,1838,18.265,,200.000,1865728,
11.942639,SEND,1839,18.265,,200.000,1865728,
11.944514,NAK,1822,18.265,,,1865728,
11.944542,FASTRETX,1822,18.265,,200.000,1865728,nak
11.944585,DUPACK,1822,18.265,,,1865728,
11.944616,NAK,1822,18.265,,,1865728,
11.944648,DUPACK,1822,18.265,,,1865728,
11.944677,NAK,1822,18.265,,,1865728,
11.944889,DUPACK,1822,18.265,,,1865728,
11.945387,RETX,1822,18.265,,200.000,1865728,
11.945596,RETX,1823,18.265,,200.000,1865728,
11.945770,RETX,1824,18.265,,200.000,1865728,
11.945940,RETX,1825,18.265,,200.000,1865728,
11.946128,RETX,1826,18.265,,200.000,1865728,
11.946295,RETX,1827,18.265,,200.000,1865728,
11.946462,RETX,1828,18.265,,200.000,1865728,
11.946733,RETX,1829,18.265,,200.000,1865728,
11.946911,RETX,1830,18.265,,200.000,1865728,
11.947077,RETX,1831,18.265,,200.000,1865728,
11.947291,RETX,1832,18.265,,200.000,1865728,
11.947472,RETX,1833,18.265,,200.000,1865728,
11.947642,RETX,1834,18.265,,200.000,1865728,
11.947812,RETX,1835,18.265,,200.000,1865728,
11.947988,RETX,1836,18.265,,200.000,1865728,
11.948279,RETX,1837,18.265,,200.000,1865728,
11.948513,RETX,1838,18.265,,200.000,1865728,
11.948741,RETX,1839,18.265,,200.000,1865728,
11.948807,NAK,1822,18.265,,,1865728,
11.948840,DUPACK,1822,18.265,,,1865728,
11.948866,NAK,1822,18.265,,,1865728,
11.948892,DUPACK,1822,18.265,,,1865728,
11.948917,NAK,1822,18.265,,,1865728,
11.948942,DUPACK,1822,18.265,,,1865728,
11.948967,DUPACK,1822,18.265,,,1865728,
11.948990,NAK,1822,18.265,,,1865728,
11.949015,DUPACK,1822,18.265,,,1865728,
11.949037,NAK,1822,18.265,,,1865728,
11.949061,DUPACK,1822,18.265,,,1865728,
11.949085,NAK,1822,18.265,,,1865728,
11.949110,DUPACK,1822,18.265,,,1865728,
11.949133,DUPACK,1822,18.265,,,1865728,
11.949156,NAK,1822,18.265,,,1865728,
11.949180,DUPACK,1822,18.265,,,1865728,
11.949203,NAK,1822,18.265,,,1865728,
11.949227,DUPACK,1822,18.265,,,1865728,
11.980026,NAK,1822,18.265,,,1865728,
11.981252,DUPACK,1822,18.265,,,1865728,
11.981283,NAK,1822,18.265,,,1865728,
11.981309,DUPACK,1822,18.265,,,1865728,
11.988904,NAK,1822,18.265,,,1865728,
11.989061,DUPACK,1822,18.265,,,1865728,
11.989149,NAK,1822,18.265,,,1865728,
11.989189,DUPACK,1822,18.265,,,1865728,
11.989244,ACK,1823,18.320,,,1866752,"cum ack, base->1823"
11.990852,ACK,1824,18.374,,,1867776,"cum ack, base->1824"
11.990893,ACK,1826,18.483,,,1869824,"cum ack, base->1826"
11.990924,ACK,1827,18.537,,,1870848,"cum ack, base->1827"
11.990950,NAK,1827,18.537,,,1870848,
11.990960,FASTRETX,1827,18.537,,200.000,1870848,nak
11.990987,DUPACK,1827,18.537,,,1870848,
11.991364,RETX,1827,18.537,,200.000,1870848,
11.991599,RETX,1828,18.537,,200.000,1870848,
11.991825,RETX,1829,18.537,,200.000,1870848,
11.992049,RETX,1830,18.537,,200.000,1870848,
11.992275,RETX,1831,18.537,,200.000,1870848,
11.992499,RETX,1832,18.537,,200.000,1870848,
11.992726,RETX,1833,18.537,,200.000,1870848,
11.992950,RETX,1834,18.537,,200.000,1870848,
11.993177,RETX,1835,18.537,,200.000,1870848,
11.993401,RETX,1836,18.537,,200.000,1870848,
11.993580,RETX,1837,18.537,,200.000,1870848,
11.993761,RETX,1838,18.537,,200.000,1870848,
11.993939,RETX,1839,18.537,,200.000,1870848,
11.994116,SEND,1840,18.537,,200.000,1870848,
11.994294,SEND,1841,18.537,,200.000,1870848,
11.994471,SEND,1842,18.537,,200.000,1870848,
11.994650,SEND,1843,18.537,,200.000,1870848,
11.994876,SEND,1844,18.537,,200.000,1870848,
11.994927,NAK,1827,18.537,,,1870848,
11.994950,DUPACK,1827,18.537,,,1870848,
11.997407,STATS,-1,18.537,,200.000,1870848,base=1827 next=1845
11.997458,NAK,1827,18.537,,,1870848,
11.997491,DUPACK,1827,18.537,,,1870848,
11.997518,NAK,1827,18.537,,,1870848,
11.997540,DUPACK,1827,18.537,,,1870848,
11.997561,NAK,1827,18.537,,,1870848,
11.997581,DUPACK,1827,18.537,,,1870848,
11.997601,NAK,1827,18.537,,,1870848,
11.997620,DUPACK,1827,18.537,,,1870848,
11.998130,NAK,1827,18.537,,,1870848,
11.998157,DUPACK,1827,18.537,,,1870848,
11.998181,NAK,1827,18.537,,,1870848,
11.998205,NAK,1827,18.537,,,1870848,
11.998226,DUPACK,1827,18.537,,,1870848,
11.998245,NAK,1827,18.537,,,1870848,
11.998266,DUPACK,1827,18.537,,,1870848,
11.998284,NAK,1827,18.537,,,1870848,
11.998303,DUPACK,1827,18.537,,,1870848,
12.026519,ACK,1828,18.591,,,1871872,"cum ack, base->1828"
12.027895,SEND,1845,18.591,,200.000,1871872,
12.036306,ACK,1829,18.645,,,1872896,"cum ack, base->1829"
12.036374,ACK,1830,18.699,,,1873920,"cum ack, base->1830"
12.036411,ACK,1831,18.752,,,1874944,"cum ack, base->1831"
12.038405,SEND,1846,18.752,,200.000,1874944,
12.039214,SEND,1847,18.752,,200.000,1874944,
12.039580,SEND,1848,18.752,,200.000,1874944,
12.039721,ACK,1832,18.805,,,1875968,"cum ack, base->1832"
12.042453,SEND,1849,18.805,,200.000,1875968,
12.045416,ACK,1833,18.859,,,1876992,"cum ack, base->1833"
12.045493,NAK,1833,18.859,,,1876992,
12.045513,FASTRETX,1833,16.763,,200.000,1876992,nak
12.045553,DUPACK,1833,16.763,,,1876992,
12.045590,NAK,1833,16.763,,,1876992,
12.045678,DUPACK,1833,16.763,,,1876992,
12.045730,NAK,1833,16.763,,,1876992,
12.045769,DUPACK,1833,16.763,,,1876992,
12.045802,NAK,1833,16.763,,,1876992,
12.045835,DUPACK,1833,16.763,,,1876992,
12.045868,NAK,1833,16.763,,,1876992,
12.045995,DUPACK,1833,16.763,,,1876992,
12.046035,NAK,1833,16.763,,,1876992,
12.046082,DUPACK,1833,16.763,,,1876992,
12.047029,NAK,1833,16.763,,,1876992,
12.047095,DUPACK,1833,16.763,,,1876992,
12.047126,NAK,1833,16.763,,,1876992,
12.047158,DUPACK,1833,16.763,,,1876992,
12.047189,NAK,1833,16.763,,,1876992,
12.047220,DUPACK,1833,16.763,,,1876992,
12.047248,DUPACK,1833,16.763,,,1876992,
12.047282,NAK,1833,16.763,,,1876992,
12.047315,DUPACK,1833,16.763,,,1876992,
12.047952,RETX,1833,16.763,,200.000,1876992,
12.048166,RETX,1834,16.763,,200.000,1876992,
12.048372,RETX,1835,16.763,,200.000,1876992,
12.048580,RETX,1836,16.763,,200.000,1876992,
12.048819,RETX,1837,16.763,,200.000,1876992,
12.049031,RETX,1838,16.763,,200.000,1876992,
12.049282,RETX,1839,16.763,,200.000,1876992,
12.049550,RETX,1840,16.763,,200.000,1876992,
12.049921,RETX,1841,16.763,,200.000,1876992,
12.050155,RETX,1842,16.763,,200.000,1876992,
12.050464,RETX,1843,16.763,,200.000,1876992,
12.050850,RETX,1844,16.763,,200.000,1876992,
12.051190,RETX,1845,16.763,,200.000,1876992,
12.051459,RETX,1846,16.763,,200.000,1876992,
12.051687,RETX,1847,16.763,,200.000,1876992,
12.051945,RETX,1848,16.763,,200.000,1876992,
12.075302,NAK,1833,16.763,,,1876992,
12.075789,DUPACK,1833,16.763,,,1876992,
12.076553,NAK,1833,16.763,,,1876992,
12.082569,DUPACK,1833,16.763,,,1876992,
12.086363,NAK,1833,16.763,,,1876992,
12.086434,DUPACK,1833,16.763,,,1876992,
12.088218,NAK,1833,16.763,,,1876992,
12.088372,DUPACK,1833,16.763,,,1876992,
12.088408,NAK,1833,16.763,,,1876992,
12.088441,DUPACK,1833,16.763,,,1876992,
12.095432,ACK,1834,16.823,,,1878016,"cum ack, base->1834"
12.098160,RETX,1849,16.823,,200.000,1878016,
12.098196,STATS,-1,16.823,,200.000,1878016,base=1834 next=1850
12.100436,ACK,1836,16.942,,,1880064,"cum ack, base->1836"
12.100511,ACK,1837,17.001,,,1881088,"cum ack, base->1837"
12.100555,ACK,1838,17.059,,,1882112,"cum ack, base->1838"
12.100593,ACK,1839,17.118,,,1883136,"cum ack, base->1839"
12.100636,ACK,1840,17.176,,,1884160,"cum ack, base->1840"
12.100677,ACK,1841,17.235,,,1885184,"cum ack, base->1841"
12.101260,SEND,1850,17.235,,200.000,1885184,
12.101542,SEND,1851,17.235,,200.000,1885184,
12.101755,SEND,1852,17.235,,200.000,1885184,
12.101960,SEND,1853,17.235,,200.000,1885184,
12.102168,SEND,1854,17.235,,200.000,1885184,
12.102403,SEND,1855,17.235,,200.000,1885184,
12.102687,SEND,1856,17.235,,200.000,1885184,
12.102978,SEND,1857,17.235,,200.000,1885184,
12.103162,ACK,1842,17.293,,,1886208,"cum ack, base->1842"
12.103238,ACK,1843,17.350,,,1887232,"cum ack, base->1843"
12.103273,ACK,1845,17.466,,,1889280,"cum ack, base->1845"
12.103305,ACK,1846,17.523,,,1890304,"cum ack, base->1846"
12.103338,ACK,1847,17.580,,,1891328,"cum ack, base->1847"
12.103365,NAK,1847,17.580,,,1891328,
12.103377,FASTRETX,1847,17.580,,200.000,1891328,nak
12.103404,DUPACK,1847,17.580,,,1891328,
12.105600,RETX,1847,17.580,,200.000,1891328,
12.105931,RETX,1848,17.580,,200.000,1891328,
12.106191,RETX,1849,17.580,,200.000,1891328,
12.106526,RETX,1850,17.580,,200.000,1891328,
12.106854,RETX,1851,17.580,,200.000,1891328,
12.107153,RETX,1852,17.580,,200.000,1891328,
12.107387,RETX,1853,17.580,,200.000,1891328,
12.107611,RETX,1854,17.580,,200.000,1891328,
12.107835,RETX,1855,17.580,,200.000,1891328,
12.108060,RETX,1856,17.580,,200.000,1891328,
12.108285,RETX,1857,17.580,,200.000,1891328,
12.108512,SEND,1858,17.580,,200.000,1891328,
12.108739,SEND,1859,17.580,,200.000,1891328,
12.108964,SEND,1860,17.580,,200.000,1891328,
12.109149,SEND,1861,17.580,,200.000,1891328,
12.109324,SEND,1862,17.580,,200.000,1891328,
12.109501,SEND,1863,17.580,,200.000,1891328,
12.144192,NAK,1847,17.580,,,1891328,
12.147579,DUPACK,1847,17.580,,,1891328,
12.150349,NAK,1847,17.580,,,1891328,
12.150440,DUPACK,1847,17.580,,,1891328,
12.150473,NAK,1847,17.580,,,1891328,
12.150582,DUPACK,1847,17.580,,,1891328,
12.150625,NAK,1847,17.580,,,1891328,
12.150662,DUPACK,1847,17.580,,,1891328,
12.150689,DUPACK,1847,17.580,,,1891328,
12.150714,DUPACK,1847,17.580,,,1891328,
12.154921,NAK,1847,17.580,,,1891328,
12.155016,DUPACK,1847,17.580,,,1891328,
12.155085,NAK,1847,17.580,,,1891328,
12.155150,DUPACK,1847,17.580,,,1891328,
12.155264,ACK,1848,17.637,,,1892352,"cum ack, base->1848"
12.156217,ACK,1849,17.693,,,1893376,"cum ack, base->1849"
12.156577,SEND,1864,17.693,,200.000,1893376,
12.156787,SEND,1865,17.693,,200.000,1893376,
12.156874,ACK,1850,17.750,,,1894400,"cum ack, base->1850"
12.157048,ACK,1851,17.806,,,1895424,"cum ack, base->1851"
12.157105,ACK,1852,17.862,,,1896448,"cum ack, base->1852"
12.157148,ACK,1853,17.918,,,1897472,"cum ack, base->1853"
12.157763,ACK,1854,17.974,,,1898496,"cum ack, base->1854"
12.157814,ACK,1855,18.030,,,1899520,"cum ack, base->1855"
12.157853,ACK,1856,18.085,,,1900544,"cum ack, base->1856"
12.157893,ACK,1857,18.141,,,1901568,"cum ack, base->1857"
12.157931,ACK,1858,18.196,,,1902592,"cum ack, base->1858"
12.159424,SEND,1866,18.196,,200.000,1902592,
12.159654,SEND,1867,18.196,,200.000,1902592,
12.159878,SEND,1868,18.196,,200.000,1902592,
12.160107,SEND,1869,18.196,,200.000,1902592,
12.160333,SEND,1870,18.196,,200.000,1902592,
12.160557,SEND,1871,18.196,,200.000,1902592,
12.160783,SEND,1872,18.196,,200.000,1902592,
12.161009,SEND,1873,18.196,,200.000,1902592,
12.161232,SEND,1874,18.196,,200.000,1902592,
12.161460,SEND,1875,18.196,,200.000,1902592,
12.161531,ACK,1859,18.251,,,1903616,"cum ack, base->1859"
12.161567,ACK,1860,18.306,,,1904640,"cum ack, base->1860"
12.161599,ACK,1861,18.360,,,1905664,"cum ack, base->1861"
12.161630,ACK,1862,18.415,,,1906688,"cum ack, base->1862"
12.161659,ACK,1863,18.469,,,1907712,"cum ack, base->1863"
12.161688,ACK,1864,18.523,,,1908736,"cum ack, base->1864"
12.164228,SEND,1876,18.523,,200.000,1908736,
12.164458,SEND,1877,18.523,,200.000,1908736,
12.164683,SEND,1878,18.523,,200.000,1908736,
12.164908,SEND,1879,18.523,,200.000,1908736,
12.165133,SEND,1880,18.523,,200.000,1908736,
12.165362,SEND,1881,18.523,,200.000,1908736,
12.197121,ACK,1865,18.577,,,1909760,"cum ack, base->1865"
12.197962,SEND,1882,18.577,,200.000,1909760,
12.200498,STATS,-1,18.577,,200.000,1909760,base=1865 next=1883
12.200647,NAK,1865,18.577,,,1909760,
12.200662,FASTRETX,1865,16.513,,200.000,1909760,nak
12.200711,DUPACK,1865,16.513,,,1909760,
12.200738,NAK,1865,16.513,,,1909760,
12.203611,RETX,1865,16.513,,200.000,1909760,
12.203848,RETX,1866,16.513,,200.000,1909760,
12.204063,RETX,1867,16.513,,200.000,1909760,
12.204682,RETX,1868,16.513,,200.000,1909760,
12.204949,RETX,1869,16.513,,200.000,1909760,
12.205171,RETX,1870,16.513,,200.000,1909760,
12.205428,RETX,1871,16.513,,200.000,1909760,
12.205660,RETX,1872,16.513,,200.000,1909760,
12.205883,RETX,1873,16.513,,200.000,1909760,
12.206107,RETX,1874,16.513,,200.000,1909760,
12.206332,RETX,1875,16.513,,200.000,1909760,
12.206558,RETX,1876,16.513,,200.000,1909760,
12.206783,RETX,1877,16.513,,200.000,1909760,
12.207009,RETX,1878,16.513,,200.000,1909760,
12.207235,RETX,1879,16.513,,200.000,1909760,
12.207424,RETX,1880,16.513,,200.000,1909760,
12.207972,DUPACK,1865,16.513,,,1909760,
12.207997,NAK,1865,16.513,,,1909760,
12.208018,DUPACK,1865,16.513,,,1909760,
12.212629,NAK,1865,16.513,,,1909760,
12.212661,DUPACK,1865,16.513,,,1909760,
12.212686,NAK,1865,16.513,,,1909760,
12.212759,DUPACK,1865,16.513,,,1909760,
12.214587,NAK,1865,16.513,,,1909760,
12.214617,DUPACK,1865,16.513,,,1909760,
12.214650,NAK,1865,16.513,,,1909760,
12.214676,DUPACK,1865,16.513,,,1909760,
12.214707,NAK,1865,16.513,,,1909760,
12.214733,DUPACK,1865,16.513,,,1909760,
12.214762,NAK,1865,16.513,,,1909760,
12.214788,DUPACK,1865,16.513,,,1909760,
12.214813,NAK,1865,16.513,,,1909760,
12.214844,DUPACK,1865,16.513,,,1909760,
12.214873,NAK,1865,16.513,,,1909760,
12.214898,DUPACK,1865,16.513,,,1909760,
12.214922,NAK,1865,16.513,,,1909760,
12.214946,DUPACK,1865,16.513,,,1909760,
12.214969,NAK,1865,16.513,,,1909760,
12.215000,DUPACK,1865,16.513,,,1909760,
12.216977,NAK,1865,16.513,,,1909760,
12.217004,DUPACK,1865,16.513,,,1909760,
12.217028,DUPACK,1865,16.513,,,1909760,
12.257625,NAK,1865,16.513,,,1909760,
12.257736,DUPACK,1865,16.513,,,1909760,
12.257939,ACK,1866,16.573,,,1910784,"cum ack, base->1866"
12.258097,ACK,1867,16.634,,,1911808,"cum ack, base->1867"
12.258169,ACK,1869,16.754,,,1913856,"cum ack, base->1869"
12.258225,ACK,1870,16.814,,,1914880,"cum ack, base->1870"
12.258275,ACK,1871,16.873,,,1915904,"cum ack, base->1871"
12.258328,ACK,1872,16.932,,,1916928,"cum ack, base->1872"
12.258387,ACK,1873,16.991,,,1917952,"cum ack, base->1873"
12.258569,ACK,1874,17.050,,,1918976,"cum ack, base->1874"
12.258698,ACK,1875,17.109,,,1920000,"cum ack, base->1875"
12.258757,ACK,1876,17.167,,,1921024,"cum ack, base->1876"
12.258807,ACK,1877,17.226,,,1922048,"cum ack, base->1877"
12.258856,ACK,1878,17.284,,,1923072,"cum ack, base->1878"
12.258904,ACK,1879,17.341,,,1924096,"cum ack, base->1879"
12.258983,ACK,1880,17.399,,,1925120,"cum ack, base->1880"
12.259061,ACK,1881,17.457,,,1926144,"cum ack, base->1881"
12.259438,RETX,1881,17.457,,200.000,1926144,
12.259754,RETX,1882,17.457,,200.000,1926144,
12.260029,SEND,1883,17.457,,200.000,1926144,
12.260291,SEND,1884,17.457,,200.000,1926144,
12.260644,SEND,1885,17.457,,200.000,1926144,
12.260873,SEND,1886,17.457,,200.000,1926144,
12.261161,SEND,1887,17.457,,200.000,1926144,
12.261378,SEND,1888,17.457,,200.000,1926144,
12.261767,SEND,1889,17.457,,200.000,1926144,
12.261977,SEND,1890,17.457,,200.000,1926144,
12.262317,SEND,1891,17.457,,200.000,1926144,
12.262668,SEND,1892,17.457,,200.000,1926144,
12.262902,SEND,1893,17.457,,200.000,1926144,
12.263129,SEND,1894,17.457,,200.000,1926144,
12.263355,SEND,1895,17.457,,200.000,1926144,
12.263580,SEND,1896,17.457,,200.000,1926144,
12.263805,SEND,1897,17.457,,200.000,1926144,
12.302628,STATS,-1,17.457,,200.000,1926144,base=1881 next=1898
12.311469,ACK,1882,17.514,,,1927168,"cum ack, base->1882"
12.311549,ACK,1883,17.571,,,1928192,"cum ack, base->1883"
12.311593,ACK,1884,17.628,,,1929216,"cum ack, base->1884"
12.311632,ACK,1885,17.685,,,1930240,"cum ack, base->1885"
12.311675,ACK,1886,17.741,,,1931264,"cum ack, base->1886"
12.311712,ACK,1887,17.798,,,1932288,"cum ack, base->1887"
12.311751,ACK,1888,17.854,,,1933312,"cum ack, base->1888"
12.311791,ACK,1889,17.910,,,1934336,"cum ack, base->1889"
12.311828,ACK,1890,17.966,,,1935360,"cum ack, base->1890"
12.312552,SEND,1898,17.966,,200.000,1935360,
12.312806,SEND,1899,17.966,,200.000,1935360,
12.313025,SEND,1900,17.966,,200.000,1935360,
12.313235,SEND,1901,17.966,,200.000,1935360,
12.313452,SEND,1902,17.966,,200.000,1935360,
12.313680,SEND,1903,17.966,,200.000,1935360,
12.313938,SEND,1904,17.966,,200.000,1935360,
12.314206,SEND,1905,17.966,,200.000,1935360,
12.314467,SEND,1906,17.966,,200.000,1935360,
12.316270,ACK,1891,18.021,,,1936384,"cum ack, base->1891"
12.316576,ACK,1892,18.077,,,1937408,"cum ack, base->1892"
12.316981,ACK,1893,18.132,,,1938432,"cum ack, base->1893"
12.317045,NAK,1893,18.132,,,1938432,
12.317069,FASTRETX,1893,16.117,,200.000,1938432,nak
12.317121,DUPACK,1893,16.117,,,1938432,
12.317238,NAK,1893,16.117,,,1938432,
12.317583,RETX,1893,16.117,,200.000,1938432,
12.317997,RETX,1894,16.117,,200.000,1938432,
12.318216,RETX,1895,16.117,,200.000,1938432,
12.318449,RETX,1896,16.117,,200.000,1938432,
12.318656,RETX,1897,16.117,,200.000,1938432,
12.319033,RETX,1898,16.117,,200.000,1938432,
12.319521,RETX,1899,16.117,,200.000,1938432,
12.319761,RETX,1900,16.117,,200.000,1938432,
12.319987,RETX,1901,16.117,,200.000,1938432,
12.320212,RETX,1902,16.117,,200.000,1938432,
12.320437,RETX,1903,16.117,,200.000,1938432,
12.320662,RETX,1904,16.117,,200.000,1938432,
12.320886,RETX,1905,16.117,,200.000,1938432,
12.321112,RETX,1906,16.117,,200.000,1938432,
12.321337,SEND,1907,16.117,,200.000,1938432,
12.321521,SEND,1908,16.117,,200.000,1938432,
12.321559,DUPACK,1893,16.117,,,1938432,
12.321621,NAK,1893,16.117,,,1938432,
12.321653,DUPACK,1893,16.117,,,1938432,
12.321676,NAK,1893,16.117,,,1938432,
12.321698,DUPACK,1893,16.117,,,1938432,
12.359510,NAK,1893,16.117,,,1938432,
12.359546,DUPACK,1893,16.117,,,1938432,
12.359573,NAK,1893,16.117,,,1938432,
12.361377,DUPACK,1893,16.117,,,1938432,
12.361406,NAK,1893,16.117,,,1938432,
12.361432,DUPACK,1893,16.117,,,1938432,
12.368554,NAK,1893,16.117,,,1938432,
12.368714,DUPACK,1893,16.117,,,1938432,
12.368750,NAK,1893,16.117,,,1938432,
12.368921,DUPACK,1893,16.117,,,1938432,
12.368961,NAK,1893,16.117,,,1938432,
12.368994,DUPACK,1893,16.117,,,1938432,
12.369021,NAK,1893,16.117,,,1938432,
12.369049,DUPACK,1893,16.117,,,1938432,
12.369074,NAK,1893,16.117,,,1938432,
12.369099,DUPACK,1893,16.117,,,1938432,
12.369142,ACK,1894,16.179,,,1939456,"cum ack, base->1894"
12.369179,ACK,1895,16.241,,,1940480,"cum ack, base->1895"
12.369210,ACK,1896,16.303,,,1941504,"cum ack, base->1896"
12.369236,NAK,1896,16.303,,,1941504,
12.369246,FASTRETX,1896,16.303,,200.000,1941504,nak
12.369273,DUPACK,1896,16.303,,,1941504,
12.369298,NAK,1896,16.303,,,1941504,
12.369323,DUPACK,1896,16.303,,,1941504,
12.369642,RETX,1896,16.303,,200.000,1941504,
12.369874,RETX,1897,16.303,,200.000,1941504,
12.370099,RETX,1898,16.303,,200.000,1941504,
12.370321,RETX,1899,16.303,,200.000,1941504,
12.370548,RETX,1900,16.303,,200.000,1941504,
12.370773,RETX,1901,16.303,,200.000,1941504,
12.370955,RETX,1902,16.303,,200.000,1941504,
12.371131,RETX,1903,16.303,,200.000,1941504,
12.371307,RETX,1904,16.303,,200.000,1941504,
12.371484,RETX,1905,16.303,,200.000,1941504,
12.371661,RETX,1906,16.303,,200.000,1941504,
12.371835,RETX,1907,16.303,,200.000,1941504,
12.372010,RETX,1908,16.303,,200.000,1941504,
12.372184,SEND,1909,16.303,,200.000,1941504,
12.372361,SEND,1910,16.303,,200.000,1941504,
12.372537,SEND,1911,16.303,,200.000,1941504,
12.372582,NAK,1896,16.303,,,1941504,
12.372606,DUPACK,1896,16.303,,,1941504,
12.372625,NAK,1896,16.303,,,1941504,
12.372645,DUPACK,1896,16.303,,,1941504,
12.372663,NAK,1896,16.303,,,1941504,
12.372683,DUPACK,1896,16.303,,,1941504,
12.373389,NAK,1896,16.303,,,1941504,
12.373418,DUPACK,1896,16.303,,,1941504,
12.373443,NAK,1896,16.303,,,1941504,
12.373464,DUPACK,1896,16.303,,,1941504,
12.373489,NAK,1896,16.303,,,1941504,
12.373510,DUPACK,1896,16.303,,,1941504,
12.373529,NAK,1896,16.303,,,1941504,
12.373549,DUPACK,1896,16.303,,,1941504,
12.373571,NAK,1896,16.303,,,1941504,
12.373591,DUPACK,1896,16.303,,,1941504,
12.373609,NAK,1896,16.303,,,1941504,
12.374436,DUPACK,1896,16.303,,,1941504,
12.374459,NAK,1896,16.303,,,1941504,
12.374480,DUPACK,1896,16.303,,,1941504,
12.403565,STATS,-1,16.303,,200.000,1941504,base=1896 next=1912
12.414675,ACK,1897,16.364,,,1942528,"cum ack, base->1897"
12.416988,SEND,1912,16.364,,200.000,1942528,
12.418929,ACK,1898,16.425,,,1943552,"cum ack, base->1898"
12.419075,ACK,1899,16.486,,,1944576,"cum ack, base->1899"
12.419124,DUPACK,1899,16.486,,,1944576,
12.419159,NAK,1899,16.486,,,1944576,
12.419173,FASTRETX,1899,16.486,,200.000,1944576,nak
12.419246,DUPACK,1899,16.486,,,1944576,
12.419823,RETX,1899,16.486,,200.000,1944576,
12.420295,RETX,1900,16.486,,200.000,1944576,
12.420557,RETX,1901,16.486,,200.000,1944576,
12.420823,RETX,1902,16.486,,200.000,1944576,
12.421190,RETX,1903,16.486,,200.000,1944576,
12.421519,RETX,1904,16.486,,200.000,1944576,
12.421822,RETX,1905,16.486,,200.000,1944576,
12.422064,RETX,1906,16.486,,200.000,1944576,
12.422316,RETX,1907,16.486,,200.000,1944576,
12.422541,RETX,1908,16.486,,200.000,1944576,
12.422767,RETX,1909,16.486,,200.000,1944576,
12.422992,RETX,1910,16.486,,200.000,1944576,
12.423217,RETX,1911,16.486,,200.000,1944576,
12.423441,RETX,1912,16.486,,200.000,1944576,
12.423665,SEND,1913,16.486,,200.000,1944576,
12.423890,SEND,1914,16.486,,200.000,1944576,
12.423948,NAK,1899,16.486,,,1944576,
12.423979,DUPACK,1899,16.486,,,1944576,
12.424809,NAK,1899,16.486,,,1944576,
12.424840,DUPACK,1899,16.486,,,1944576,
12.424866,NAK,1899,16.486,,,1944576,
12.424892,DUPACK,1899,16.486,,,1944576,
12.424924,NAK,1899,16.486,,,1944576,
12.424950,DUPACK,1899,16.486,,,1944576,
12.424978,NAK,1899,16.486,,,1944576,
12.425005,DUPACK,1899,16.486,,,1944576,
12.425034,NAK,1899,16.486,,,1944576,
12.425058,DUPACK,1899,16.486,,,1944576,
12.425081,NAK,1899,16.486,,,1944576,
12.425106,DUPACK,1899,16.486,,,1944576,
12.425173,DUPACK,1899,16.486,,,1944576,
12.458647,NAK,1899,16.486,,,1944576,
12.458684,DUPACK,1899,16.486,,,1944576,
12.461804,ACK,1900,16.547,,,1945600,"cum ack, base->1900"
12.463605,ACK,1901,16.607,,,1946624,"cum ack, base->1901"
12.463947,SEND,1915,16.607,,200.000,1946624,
12.464136,SEND,1916,16.607,,200.000,1946624,
12.469049,ACK,1902,16.667,,,1947648,"cum ack, base->1902"
12.469454,SEND,1917,16.667,,200.000,1947648,
12.470675,ACK,1903,16.727,,,1948672,"cum ack, base->1903"
12.470741,ACK,1904,16.787,,,1949696,"cum ack, base->1904"
12.470779,ACK,1905,16.847,,,1950720,"cum ack, base->1905"
12.470811,ACK,1906,16.906,,,1951744,"cum ack, base->1906"
12.472256,SEND,1918,16.906,,200.000,1951744,
12.472494,SEND,1919,16.906,,200.000,1951744,
12.472722,SEND,1920,16.906,,200.000,1951744,
12.472948,SEND,1921,16.906,,200.000,1951744,
12.473036,ACK,1907,16.965,,,1952768,"cum ack, base->1907"
12.475414,ACK,1908,17.024,,,1953792,"cum ack, base->1908"
12.475448,ACK,1909,17.083,,,1954816,"cum ack, base->1909"
12.475479,ACK,1910,17.142,,,1955840,"cum ack, base->1910"
12.475709,SEND,1922,17.142,,200.000,1955840,
12.475895,SEND,1923,17.142,,200.000,1955840,
12.476072,SEND,1924,17.142,,200.000,1955840,
12.476249,SEND,1925,17.142,,200.000,1955840,
12.476427,SEND,1926,17.142,,200.000,1955840,
12.476463,ACK,1911,17.200,,,1956864,"cum ack, base->1911"
12.476492,ACK,1912,17.258,,,1957888,"cum ack, base->1912"
12.476518,ACK,1913,17.316,,,1958912,"cum ack, base->1913"
12.476545,ACK,1914,17.374,,,1959936,"cum ack, base->1914"
12.476571,ACK,1915,17.431,,,1960960,"cum ack, base->1915"
12.479132,SEND,1927,17.431,,200.000,1960960,
12.479314,SEND,1928,17.431,,200.000,1960960,
12.479495,SEND,1929,17.431,,200.000,1960960,
12.479671,SEND,1930,17.431,,200.000,1960960,
12.479846,SEND,1931,17.431,,200.000,1960960,
12.505040,STATS,-1,17.431,,200.000,1960960,base=1915 next=1932
12.513740,ACK,1916,17.489,,,1961984,"cum ack, base->1916"
12.513768,ACK,1917,17.546,,,1963008,"cum ack, base->1917"
12.513787,NAK,1917,17.546,,,1963008,
12.513796,FASTRETX,1917,15.596,,200.000,1963008,nak
12.513815,NAK,1917,15.596,,,1963008,
12.513832,DUPACK,1917,15.596,,,1963008,
12.514255,NAK,1917,15.596,,,1963008,
12.515269,RETX,1917,15.596,,200.000,1963008,
12.515423,RETX,1918,15.596,,200.000,1963008,
12.515571,RETX,1919,15.596,,200.000,1963008,
12.515717,RETX,1920,15.596,,200.000,1963008,
12.515864,RETX,1921,15.596,,200.000,1963008,
12.516010,RETX,1922,15.596,,200.000,1963008,
12.516157,RETX,1923,15.596,,200.000,1963008,
12.516302,RETX,1924,15.596,,200.000,1963008,
12.516448,RETX,1925,15.596,,200.000,1963008,
12.516593,RETX,1926,15.596,,200.000,1963008,
12.516739,RETX,1927,15.596,,200.000,1963008,
12.516884,RETX,1928,15.596,,200.000,1963008,
12.517029,RETX,1929,15.596,,200.000,1963008,
12.517173,RETX,1930,15.596,,200.000,1963008,
12.517319,RETX,1931,15.596,,200.000,1963008,
12.522464,DUPACK,1917,15.596,,,1963008,
12.522483,NAK,1917,15.596,,,1963008,
12.522500,DUPACK,1917,15.596,,,1963008,
12.522516,NAK,1917,15.596,,,1963008,
12.522531,DUPACK,1917,15.596,,,1963008,
12.523255,NAK,1917,15.596,,,1963008,
12.527146,DUPACK,1917,15.596,,,1963008,
12.527171,NAK,1917,15.596,,,1963008,
12.527194,DUPACK,1917,15.596,,,1963008,
12.527219,NAK,1917,15.596,,,1963008,
12.527238,DUPACK,1917,15.596,,,1963008,
12.527257,NAK,1917,15.596,,,1963008,
12.527276,DUPACK,1917,15.596,,,1963008,
12.527294,NAK,1917,15.596,,,1963008,
12.528426,DUPACK,1917,15.596,,,1963008,
12.528450,NAK,1917,15.596,,,1963008,
12.528471,DUPACK,1917,15.596,,,1963008,
12.531019,NAK,1917,15.596,,,1963008,
12.531050,DUPACK,1917,15.596,,,1963008,
12.531069,NAK,1917,15.596,,,1963008,
12.531090,DUPACK,1917,15.596,,,1963008,
12.531108,NAK,1917,15.596,,,1963008,
12.531128,DUPACK,1917,15.596,,,1963008,
12.568741,ACK,1918,15.660,,,1964032,"cum ack, base->1918"
12.568856,ACK,1919,15.724,,,1965056,"cum ack, base->1919"
12.569003,ACK,1920,15.788,,,1966080,"cum ack, base->1920"
12.569049,ACK,1921,15.851,,,1967104,"cum ack, base->1921"
12.569089,ACK,1922,15.914,,,1968128,"cum ack, base->1922"
12.569188,ACK,1923,15.977,,,1969152,"cum ack, base->1923"
12.569226,ACK,1924,16.040,,,1970176,"cum ack, base->1924"
12.569258,ACK,1925,16.102,,,1971200,"cum ack, base->1925"
12.569289,ACK,1926,16.164,,,1972224,"cum ack, base->1926"
12.569319,ACK,1927,16.226,,,1973248,"cum ack, base->1927"
12.569354,ACK,1928,16.288,,,1974272,"cum ack, base->1928"
12.569387,ACK,1929,16.349,,,1975296,"cum ack, base->1929"
12.569416,ACK,1930,16.410,,,1976320,"cum ack, base->1930"
12.569451,ACK,1931,16.471,,,1977344,"cum ack, base->1931"
12.570236,SEND,1932,16.471,,200.000,1977344,
12.570425,SEND,1933,16.471,,200.000,1977344,
12.570650,SEND,1934,16.471,,200.000,1977344,
12.571290,SEND,1935,16.471,,200.000,1977344,
12.571653,SEND,1936,16.471,,200.000,1977344,
12.572282,SEND,1937,16.471,,200.000,1977344,
12.572834,SEND,1938,16.471,,200.000,1977344,
12.573100,SEND,1939,16.471,,200.000,1977344,
12.573337,SEND,1940,16.471,,200.000,1977344,
12.573566,SEND,1941,16.471,,200.000,1977344,
12.573793,SEND,1942,16.471,,200.000,1977344,
12.574018,SEND,1943,16.471,,200.000,1977344,
12.574244,SEND,1944,16.471,,200.000,1977344,
12.574469,SEND,1945,16.471,,200.000,1977344,
12.574695,SEND,1946,16.471,,200.000,1977344,
12.607491,STATS,-1,16.471,,200.000,1977344,base=1931 next=1947
12.619327,ACK,1933,16.592,,,1979392,"cum ack, base->1933"
12.619839,ACK,1934,16.653,,,1980416,"cum ack, base->1934"
12.620492,SEND,1947,16.653,,200.000,1980416,
12.620676,SEND,1948,16.653,,200.000,1980416,
12.620845,SEND,1949,16.653,,200.000,1980416,
12.621765,ACK,1935,16.713,,,1981440,"cum ack, base->1935"
12.623398,ACK,1936,16.772,,,1982464,"cum ack, base->1936"
12.623504,ACK,1937,16.832,,,1983488,"cum ack, base->1937"
12.623730,SEND,1950,16.832,,200.000,1983488,
12.623902,SEND,1951,16.832,,200.000,1983488,
12.624076,SEND,1952,16.832,,200.000,1983488,
12.624188,ACK,1938,16.892,,,1984512,"cum ack, base->1938"
12.626497,SEND,1953,16.892,,200.000,1984512,
12.627956,ACK,1939,16.951,,,1985536,"cum ack, base->1939"
12.627996,ACK,1940,17.010,,,1986560,"cum ack, base->1940"
12.628029,ACK,1941,17.068,,,1987584,"cum ack, base->1941"
12.628066,ACK,1943,17.185,,,1989632,"cum ack, base->1943"
12.628098,ACK,1944,17.244,,,1990656,"cum ack, base->1944"
12.628128,ACK,1945,17.302,,,1991680,"cum ack, base->1945"
12.628157,ACK,1946,17.359,,,1992704,"cum ack, base->1946"
12.628186,ACK,1947,17.417,,,1993728,"cum ack, base->1947"
12.629258,SEND,1954,17.417,,200.000,1993728,
12.629488,SEND,1955,17.417,,200.000,1993728,
12.629715,SEND,1956,17.417,,200.000,1993728,
12.629942,SEND,1957,17.417,,200.000,1993728,
12.630167,SEND,1958,17.417,,200.000,1993728,
12.630394,SEND,1959,17.417,,200.000,1993728,
12.630622,SEND,1960,17.417,,200.000,1993728,
12.630847,SEND,1961,17.417,,200.000,1993728,
12.631075,SEND,1962,17.417,,200.000,1993728,
12.631300,SEND,1963,17.417,,200.000,1993728,
12.665703,ACK,1948,17.474,,,1994752,"cum ack, base->1948"
12.665744,ACK,1949,17.532,,,1995776,"cum ack, base->1949"
12.666393,SEND,1964,17.532,,200.000,1995776,
12.666629,SEND,1965,17.532,,200.000,1995776,
12.666699,ACK,1950,17.589,,,1996800,"cum ack, base->1950"
12.666737,ACK,1951,17.646,,,1997824,"cum ack, base->1951"
12.669862,SEND,1966,17.646,,200.000,1997824,
12.670164,SEND,1967,17.646,,200.000,1997824,
12.670279,ACK,1952,17.702,,,1998848,"cum ack, base->1952"
12.670347,ACK,1953,17.759,,,1999872,"cum ack, base->1953"
12.672991,SEND,1968,17.759,,200.000,1999872,
12.673180,SEND,1969,17.759,,200.000,1999872,
12.677052,ACK,1954,17.815,,,2000896,"cum ack, base->1954"
12.677673,ACK,1955,17.871,,,2001920,"cum ack, base->1955"
12.677742,ACK,1956,17.927,,,2002944,"cum ack, base->1956"
12.678652,SEND,1970,17.927,,200.000,2002944,
12.678908,SEND,1971,17.927,,200.000,2002944,
12.679235,SEND,1972,17.927,,200.000,2002944,
12.682214,ACK,1957,17.983,,,2003968,"cum ack, base->1957"
12.682347,ACK,1958,18.039,,,2004992,"cum ack, base->1958"
12.682408,ACK,1959,18.094,,,2006016,"cum ack, base->1959"
12.682456,ACK,1960,18.149,,,2007040,"cum ack, base->1960"
12.682527,ACK,1961,18.204,,,2008064,"cum ack, base->1961"
12.683550,ACK,1962,18.259,,,2009088,"cum ack, base->1962"
12.683606,ACK,1963,18.314,,,2010112,"cum ack, base->1963"
12.683650,ACK,1964,18.369,,,2011136,"cum ack, base->1964"
12.684405,SEND,1973,18.369,,200.000,2011136,
12.684743,SEND,1974,18.369,,200.000,2011136,
12.685249,SEND,1975,18.369,,200.000,2011136,
12.685520,SEND,1976,18.369,,200.000,2011136,
12.685825,SEND,1977,18.369,,200.000,2011136,
12.686726,SEND,1978,18.369,,200.000,2011136,
12.686971,SEND,1979,18.369,,200.000,2011136,
12.687148,SEND,1980,18.369,,200.000,2011136,
12.687316,SEND,1981,18.369,,200.000,2011136,
12.699786,ACK,1965,18.423,,,2012160,"cum ack, base->1965"
12.700241,SEND,1982,18.423,,200.000,2012160,
12.703039,ACK,1966,18.477,,,2013184,"cum ack, base->1966"
12.705747,SEND,1983,18.477,,200.000,2013184,
12.708321,STATS,-1,18.477,,200.000,2013184,base=1966 next=1984
12.711287,NAK,1966,18.477,,,2013184,
12.711324,FASTRETX,1966,16.424,,200.000,2013184,nak
12.713307,RETX,1966,16.424,,200.000,2013184,
12.713596,RETX,1967,16.424,,200.000,2013184,
12.713821,RETX,1968,16.424,,200.000,2013184,
12.714049,RETX,1969,16.424,,200.000,2013184,
12.714224,RETX,1970,16.424,,200.000,2013184,
12.714392,RETX,1971,16.424,,200.000,2013184,
12.714563,RETX,1972,16.424,,200.000,2013184,
12.714794,RETX,1973,16.424,,200.000,2013184,
12.715034,RETX,1974,16.424,,200.000,2013184,
12.715218,RETX,1975,16.424,,200.000,2013184,
12.715404,RETX,1976,16.424,,200.000,2013184,
12.715646,RETX,1977,16.424,,200.000,2013184,
12.715885,RETX,1978,16.424,,200.000,2013184,
12.716112,RETX,1979,16.424,,200.000,2013184,
12.716337,RETX,1980,16.424,,200.000,2013184,
12.716630,RETX,1981,16.424,,200.000,2013184,
12.716690,DUPACK,1966,16.424,,,2013184,
12.716723,NAK,1966,16.424,,,2013184,
12.716751,DUPACK,1966,16.424,,,2013184,
12.716776,NAK,1966,16.424,,,2013184,
12.720498,DUPACK,1966,16.424,,,2013184,
12.720531,NAK,1966,16.424,,,2013184,
12.720559,DUPACK,1966,16.424,,,2013184,
12.729061,NAK,1966,16.424,,,2013184,
12.730910,DUPACK,1966,16.424,,,2013184,
12.730974,NAK,1966,16.424,,,2013184,
12.731007,DUPACK,1966,16.424,,,2013184,
12.731032,NAK,1966,16.424,,,2013184,
12.731059,DUPACK,1966,16.424,,,2013184,
12.731087,NAK,1966,16.424,,,2013184,
12.731116,DUPACK,1966,16.424,,,2013184,
12.735512,NAK,1966,16.424,,,2013184,
12.735581,DUPACK,1966,16.424,,,2013184,
12.737029,NAK,1966,16.424,,,2013184,
12.737196,DUPACK,1966,16.424,,,2013184,
12.737397,NAK,1966,16.424,,,2013184,
12.737492,DUPACK,1966,16.424,,,2013184,
12.738121,NAK,1966,16.424,,,2013184,
12.739635,DUPACK,1966,16.424,,,2013184,
12.739664,NAK,1966,16.424,,,2013184,
12.739689,DUPACK,1966,16.424,,,2013184,
12.739710,NAK,1966,16.424,,,2013184,
12.740006,DUPACK,1966,16.424,,,2013184,
12.740465,NAK,1966,16.424,,,2013184,
12.740487,DUPACK,1966,16.424,,,2013184,
12.753494,ACK,1967,16.485,,,2014208,"cum ack, base->1967"
12.753552,ACK,1968,16.546,,,2015232,"cum ack, base->1968"
12.753700,ACK,1969,16.606,,,2016256,"cum ack, base->1969"
12.755367,RETX,1982,16.606,,200.000,2016256,
12.755741,RETX,1983,16.606,,200.000,2016256,
12.756845,SEND,1984,16.606,,200.000,2016256,
12.757944,ACK,1970,16.667,,,2017280,"cum ack, base->1970"
12.759679,SEND,1985,16.667,,200.000,2017280,
12.759744,ACK,1971,16.727,,,2018304,"cum ack, base->1971"
12.761707,ACK,1972,16.786,,,2019328,"cum ack, base->1972"
12.762468,SEND,1986,16.786,,200.000,2019328,
12.762697,SEND,1987,16.786,,200.000,2019328,
12.764891,ACK,1973,16.846,,,2020352,"cum ack, base->1973"
12.764952,ACK,1974,16.905,,,2021376,"cum ack, base->1974"
12.765020,NAK,1974,16.905,,,2021376,
12.765069,FASTRETX,1974,16.905,,200.000,2021376,nak
12.765131,DUPACK,1974,16.905,,,2021376,
12.765165,NAK,1974,16.905,,,2021376,
12.765195,DUPACK,1974,16.905,,,2021376,
12.765221,NAK,1974,16.905,,,2021376,
12.765251,DUPACK,1974,16.905,,,2021376,
12.765506,RETX,1974,16.905,,200.000,2021376,
12.765679,RETX,1975,16.905,,200.000,2021376,
12.765849,RETX,1976,16.905,,200.000,2021376,
12.766065,RETX,1977,16.905,,200.000,2021376,
12.766411,RETX,1978,16.905,,200.000,2021376,
12.766748,RETX,1979,16.905,,200.000,2021376,
12.766932,RETX,1980,16.905,,200.000,2021376,
12.767110,RETX,1981,16.905,,200.000,2021376,
12.767287,RETX,1982,16.905,,200.000,2021376,
12.767463,RETX,1983,16.905,,200.000,2021376,
12.767641,RETX,1984,16.905,,200.000,2021376,
12.767815,RETX,1985,16.905,,200.000,2021376,
12.767991,RETX,1986,16.905,,200.000,2021376,
12.768167,RETX,1987,16.905,,200.000,2021376,
12.768344,SEND,1988,16.905,,200.000,2021376,
12.768525,SEND,1989,16.905,,200.000,2021376,
12.768567,NAK,1974,16.905,,,2021376,
12.768625,DUPACK,1974,16.905,,,2021376,
12.768651,NAK,1974,16.905,,,2021376,
12.768672,DUPACK,1974,16.905,,,2021376,
12.768692,NAK,1974,16.905,,,2021376,
12.768713,DUPACK,1974,16.905,,,2021376,
12.768732,NAK,1974,16.905,,,2021376,
12.768752,DUPACK,1974,16.905,,,2021376,
12.800440,NAK,1974,16.905,,,2021376,
12.808081,DUPACK,1974,16.905,,,2021376,
12.808341,NAK,1974,16.905,,,2021376,
12.808403,DUPACK,1974,16.905,,,2021376,
12.808464,NAK,1974,16.905,,,2021376,
12.808577,STATS,-1,16.905,,200.000,2021376,base=1974 next=1990
12.808787,DUPACK,1974,16.905,,,2021376,
12.808833,NAK,1974,16.905,,,2021376,
12.808890,DUPACK,1974,16.905,,,2021376,
12.808923,NAK,1974,16.905,,,2021376,
12.809107,DUPACK,1974,16.905,,,2021376,
12.809259,ACK,1975,16.964,,,2022400,"cum ack, base->1975"
12.809364,ACK,1976,17.023,,,2023424,"cum ack, base->1976"
12.809459,ACK,1977,17.082,,,2024448,"cum ack, base->1977"
12.811657,SEND,1990,17.082,,200.000,2024448,
12.811919,SEND,1991,17.082,,200.000,2024448,
12.812132,SEND,1992,17.082,,200.000,2024448,
12.812303,SEND,1993,17.082,,200.000,2024448,
12.812432,ACK,1978,17.141,,,2025472,"cum ack, base->1978"
12.812490,NAK,1978,17.141,,,2025472,
12.812502,FASTRETX,1978,17.141,,200.000,2025472,nak
12.812534,DUPACK,1978,17.141,,,2025472,
12.815082,RETX,1978,17.141,,200.000,2025472,
12.815402,RETX,1979,17.141,,200.000,2025472,
12.815599,RETX,1980,17.141,,200.000,2025472,
12.815773,RETX,1981,17.141,,200.000,2025472,
12.815988,RETX,1982,17.141,,200.000,2025472,
12.816174,RETX,1983,17.141,,200.000,2025472,
12.816346,RETX,1984,17.141,,200.000,2025472,
12.816641,RETX,1985,17.141,,200.000,2025472,
12.816938,RETX,1986,17.141,,200.000,2025472,
12.817159,RETX,1987,17.141,,200.000,2025472,
12.817272,RETX,1988,17.141,,200.000,2025472,
12.817363,RETX,1989,17.141,,200.000,2025472,
12.817452,RETX,1990,17.141,,200.000,2025472,
12.817537,RETX,1991,17.141,,200.000,2025472,
12.817624,RETX,1992,17.141,,200.000,2025472,
12.817709,RETX,1993,17.141,,200.000,2025472,
12.817796,SEND,1994,17.141,,200.000,2025472,
12.817853,NAK,1978,17.141,,,2025472,
12.817878,DUPACK,1978,17.141,,,2025472,
12.817891,NAK,1978,17.141,,,2025472,
12.817901,DUPACK,1978,17.141,,,2025472,
12.817912,NAK,1978,17.141,,,2025472,
12.817922,NAK,1978,17.141,,,2025472,
12.817932,DUPACK,1978,17.141,,,2025472,
12.817942,NAK,1978,17.141,,,2025472,
12.817952,DUPACK,1978,17.141,,,2025472,
12.817962,NAK,1978,17.141,,,2025472,
12.817972,DUPACK,1978,17.141,,,2025472,
12.821157,NAK,1978,17.141,,,2025472,
12.821178,DUPACK,1978,17.141,,,2025472,
12.821189,NAK,1978,17.141,,,2025472,
12.821200,NAK,1978,17.141,,,2025472,
12.821210,DUPACK,1978,17.141,,,2025472,
12.821220,NAK,1978,17.141,,,2025472,
12.853945,NAK,1978,17.141,,,2025472,
12.854037,DUPACK,1978,17.141,,,2025472,
12.857005,NAK,1978,17.141,,,2025472,
12.868530,DUPACK,1978,17.141,,,2025472,
12.868608,NAK,1978,17.141,,,2025472,
12.868652,DUPACK,1978,17.141,,,2025472,
12.868685,NAK,1978,17.141,,,2025472,
12.868718,DUPACK,1978,17.141,,,2025472,
12.868783,ACK,1979,17.199,,,2026496,"cum ack, base->1979"
12.869246,SEND,1995,17.199,,200.000,2026496,
12.869383,ACK,1980,17.257,,,2027520,"cum ack, base->1980"
12.869433,ACK,1981,17.315,,,2028544,"cum ack, base->1981"
12.869473,ACK,1982,17.373,,,2029568,"cum ack, base->1982"
12.869515,ACK,1983,17.430,,,2030592,"cum ack, base->1983"
12.869560,ACK,1984,17.488,,,2031616,"cum ack, base->1984"
12.869615,ACK,1985,17.545,,,2032640,"cum ack, base->1985"
12.869703,ACK,1986,17.602,,,2033664,"cum ack, base->1986"
12.869741,ACK,1987,17.659,,,2034688,"cum ack, base->1987"
12.869779,ACK,1988,17.715,,,2035712,"cum ack, base->1988"
12.869815,ACK,1989,17.772,,,2036736,"cum ack, base->1989"
12.869851,ACK,1990,17.828,,,2037760,"cum ack, base->1990"
12.870668,ACK,1991,17.884,,,2038784,"cum ack, base->1991"
12.870721,ACK,1992,17.940,,,2039808,"cum ack, base->1992"
12.870763,ACK,1993,17.996,,,2040832,"cum ack, base->1993"
12.870800,ACK,1994,18.051,,,2041856,"cum ack, base->1994"
12.870834,ACK,1995,18.107,,,2042880,"cum ack, base->1995"
12.871913,SEND,1996,18.107,,200.000,2042880,
12.872033,SEND,1997,18.107,,200.000,2042880,
12.872142,SEND,1998,18.107,,200.000,2042880,
12.872253,SEND,1999,18.107,,200.000,2042880,
12.872361,SEND,2000,18.107,,200.000,2042880,
12.872471,SEND,2001,18.107,,200.000,2042880,
12.872579,SEND,2002,18.107,,200.000,2042880,
12.872687,SEND,2003,18.107,,200.000,2042880,
12.872796,SEND,2004,18.107,,200.000,2042880,
12.872904,SEND,2005,18.107,,200.000,2042880,
12.873012,SEND,2006,18.107,,200.000,2042880,
12.873120,SEND,2007,18.107,,200.000,2042880,
12.873228,SEND,2008,18.107,,200.000,2042880,
12.873335,SEND,2009,18.107,,200.000,2042880,
12.873443,SEND,2010,18.107,,200.000,2042880,
12.873550,SEND,2011,18.107,,200.000,2042880,
12.873658,SEND,2012,18.107,,200.000,2042880,
12.905237,ACK,1996,18.162,,,2043904,"cum ack, base->1996"
12.905428,SEND,2013,18.162,,200.000,2043904,
12.910539,STATS,-1,18.162,,200.000,2043904,base=1996 next=2014
12.913826,NAK,1996,18.162,,,2043904,
12.913855,FASTRETX,1996,16.144,,200.000,2043904,nak
12.913902,DUPACK,1996,16.144,,,2043904,
12.916150,RETX,1996,16.144,,200.000,2043904,
12.916589,RETX,1997,16.144,,200.000,2043904,
12.916896,RETX,1998,16.144,,200.000,2043904,
12.917127,RETX,1999,16.144,,200.000,2043904,
12.917440,RETX,2000,16.144,,200.000,2043904,
12.917656,RETX,2001,16.144,,200.000,2043904,
12.918123,RETX,2002,16.144,,200.000,2043904,
12.918361,RETX,2003,16.144,,200.000,2043904,
12.918586,RETX,2004,16.144,,200.000,2043904,
12.918813,RETX,2005,16.144,,200.000,2043904,
12.919040,RETX,2006,16.144,,200.000,2043904,
12.919267,RETX,2007,16.144,,200.000,2043904,
12.919491,RETX,2008,16.144,,200.000,2043904,
12.919716,RETX,2009,16.144,,200.000,2043904,
12.919940,RETX,2010,16.144,,200.000,2043904,
12.920164,RETX,2011,16.144,,200.000,2043904,
12.920229,NAK,1996,16.144,,,2043904,
12.922940,DUPACK,1996,16.144,,,2043904,
12.922978,NAK,1996,16.144,,,2043904,
12.924703,DUPACK,1996,16.144,,,2043904,
12.924784,NAK,1996,16.144,,,2043904,
12.925105,DUPACK,1996,16.144,,,2043904,
12.925141,NAK,1996,16.144,,,2043904,
12.925171,DUPACK,1996,16.144,,,2043904,
12.925197,NAK,1996,16.144,,,2043904,
12.927632,DUPACK,1996,16.144,,,2043904,
12.927977,NAK,1996,16.144,,,2043904,
12.928010,DUPACK,1996,16.144,,,2043904,
12.928042,NAK,1996,16.144,,,2043904,
12.928068,DUPACK,1996,16.144,,,2043904,
12.928093,NAK,1996,16.144,,,2043904,
12.928119,DUPACK,1996,16.144,,,2043904,
12.928147,NAK,1996,16.144,,,2043904,
12.928173,DUPACK,1996,16.144,,,2043904,
12.928200,NAK,1996,16.144,,,2043904,
12.928225,DUPACK,1996,16.144,,,2043904,
12.928249,NAK,1996,16.144,,,2043904,
12.928273,NAK,1996,16.144,,,2043904,
12.930929,DUPACK,1996,16.144,,,2043904,
12.930965,NAK,1996,16.144,,,2043904,
12.930991,DUPACK,1996,16.144,,,2043904,
12.931022,NAK,1996,16.144,,,2043904,
12.931052,DUPACK,1996,16.144,,,2043904,
12.931076,NAK,1996,16.144,,,2043904,
12.931100,DUPACK,1996,16.144,,,2043904,
12.945894,NAK,1996,16.144,,,2043904,
12.948637,DUPACK,1996,16.144,,,2043904,
12.967019,ACK,1997,16.206,,,2044928,"cum ack, base->1997"
12.967117,ACK,1998,16.268,,,2045952,"cum ack, base->1998"
12.968004,ACK,1999,16.329,,,2046976,"cum ack, base->1999"
12.969267,RETX,2012,16.329,,200.000,2046976,
12.969487,RETX,2013,16.329,,200.000,2046976,
12.971443,SEND,2014,16.329,,200.000,2046976,
12.971620,ACK,2000,16.390,,,2048000,"cum ack, base->2000"
12.971843,ACK,2001,16.451,,,2049024,"cum ack, base->2001"
12.971934,ACK,2002,16.512,,,2050048,"cum ack, base->2002"
12.971988,ACK,2003,16.573,,,2051072,"cum ack, base->2003"
12.972032,ACK,2004,16.633,,,2052096,"cum ack, base->2004"
12.972083,ACK,2005,16.693,,,2053120,"cum ack, base->2005"
12.972246,ACK,2006,16.753,,,2054144,"cum ack, base->2006"
12.972417,ACK,2007,16.813,,,2055168,"cum ack, base->2007"
12.972457,ACK,2008,16.872,,,2056192,"cum ack, base->2008"
12.972501,ACK,2009,16.932,,,2057216,"cum ack, base->2009"
12.972576,ACK,2010,16.991,,,2058240,"cum ack, base->2010"
12.972619,ACK,2011,17.049,,,2059264,"cum ack, base->2011"
12.972656,ACK,2012,17.108,,,2060288,"cum ack, base->2012"
12.974248,SEND,2015,17.108,,200.000,2060288,
12.974429,SEND,2016,17.108,,200.000,2060288,
12.974597,SEND,2017,17.108,,200.000,2060288,
12.974835,SEND,2018,17.108,,200.000,2060288,
12.975046,SEND,2019,17.108,,200.000,2060288,
12.975252,SEND,2020,17.108,,200.000,2060288,
12.975449,SEND,2021,17.108,,200.000,2060288,
12.975750,SEND,2022,17.108,,200.000,2060288,
12.975945,SEND,2023,17.108,,200.000,2060288,
12.976306,SEND,2024,17.108,,200.000,2060288,
12.976550,SEND,2025,17.108,,200.000,2060288,
12.976851,SEND,2026,17.108,,200.000,2060288,
12.977101,SEND,2027,17.108,,200.000,2060288,
12.977348,SEND,2028,17.108,,200.000,2060288,
13.012429,STATS,-1,17.108,,200.000,2060288,base=2012 next=2029
13.015204,ACK,2013,17.167,,,2061312,"cum ack, base->2013"
13.015257,ACK,2014,17.225,,,2062336,"cum ack, base->2014"
13.015290,ACK,2015,17.283,,,2063360,"cum ack, base->2015"
13.018740,SEND,2029,17.283,,200.000,2063360,
13.018864,SEND,2030,17.283,,200.000,2063360,
13.018976,SEND,2031,17.283,,200.000,2063360,
13.019044,ACK,2016,17.341,,,2064384,"cum ack, base->2016"
13.019076,ACK,2017,17.398,,,2065408,"cum ack, base->2017"
13.021598,SEND,2032,17.398,,200.000,2065408,
13.021696,SEND,2033,17.398,,200.000,2065408,
13.025675,ACK,2018,17.456,,,2066432,"cum ack, base->2018"
13.027578,SEND,2034,17.456,,200.000,2066432,
13.027620,ACK,2019,17.513,,,2067456,"cum ack, base->2019"
13.027642,ACK,2020,17.570,,,2068480,"cum ack, base->2020"
13.027658,ACK,2021,17.627,,,2069504,"cum ack, base->2021"
13.028087,ACK,2022,17.684,,,2070528,"cum ack, base->2022"
13.028112,ACK,2023,17.740,,,2071552,"cum ack, base->2023"
13.028129,ACK,2024,17.797,,,2072576,"cum ack, base->2024"
13.028143,ACK,2025,17.853,,,2073600,"cum ack, base->2025"
13.028156,ACK,2026,17.909,,,2074624,"cum ack, base->2026"
13.028170,ACK,2027,17.965,,,2075648,"cum ack, base->2027"
13.030199,SEND,2035,17.965,,200.000,2075648,
13.030299,SEND,2036,17.965,,200.000,2075648,
13.030398,SEND,2037,17.965,,200.000,2075648,
13.030494,SEND,2038,17.965,,200.000,2075648,
13.030589,SEND,2039,17.965,,200.000,2075648,
13.030686,SEND,2040,17.965,,200.000,2075648,
13.030781,SEND,2041,17.965,,200.000,2075648,
13.030877,SEND,2042,17.965,,200.000,2075648,
13.030973,SEND,2043,17.965,,200.000,2075648,
13.031002,DUPACK,2027,17.965,,,2075648,
13.066244,DUPACK,2027,17.965,,,2075648,
13.066267,NAK,2027,17.965,,,2075648,
13.066275,FASTRETX,2027,15.969,,200.000,2075648,nak
13.068777,RETX,2027,15.969,,200.000,2075648,
13.068905,RETX,2028,15.969,,200.000,2075648,
13.069029,RETX,2029,15.969,,200.000,2075648,
13.069153,RETX,2030,15.969,,200.000,2075648,
13.069277,RETX,2031,15.969,,200.000,2075648,
13.069401,RETX,2032,15.969,,200.000,2075648,
13.069526,RETX,2033,15.969,,200.000,2075648,
13.069650,RETX,2034,15.969,,200.000,2075648,
13.069773,RETX,2035,15.969,,200.000,2075648,
13.069896,RETX,2036,15.969,,200.000,2075648,
13.070020,RETX,2037,15.969,,200.000,2075648,
13.070143,RETX,2038,15.969,,200.000,2075648,
13.070268,RETX,2039,15.969,,200.000,2075648,
13.070392,RETX,2040,15.969,,200.000,2075648,
13.070515,RETX,2041,15.969,,200.000,2075648,
13.074032,DUPACK,2027,15.969,,,2075648,
13.074054,NAK,2027,15.969,,,2075648,
13.074070,DUPACK,2027,15.969,,,2075648,
13.074084,NAK,2027,15.969,,,2075648,
13.074098,DUPACK,2027,15.969,,,2075648,
13.074111,DUPACK,2027,15.969,,,2075648,
13.079919,NAK,2027,15.969,,,2075648,
13.079936,DUPACK,2027,15.969,,,2075648,
13.079954,NAK,2027,15.969,,,2075648,
13.079970,DUPACK,2027,15.969,,,2075648,
13.079984,NAK,2027,15.969,,,2075648,
13.080004,DUPACK,2027,15.969,,,2075648,
13.080018,NAK,2027,15.969,,,2075648,
13.080035,DUPACK,2027,15.969,,,2075648,
13.080048,NAK,2027,15.969,,,2075648,
13.080066,DUPACK,2027,15.969,,,2075648,
13.080079,NAK,2027,15.969,,,2075648,
13.080092,NAK,2027,15.969,,,2075648,
13.080105,DUPACK,2027,15.969,,,2075648,
13.080119,NAK,2027,15.969,,,2075648,
13.080132,DUPACK,2027,15.969,,,2075648,
13.081211,NAK,2027,15.969,,,2075648,
13.081226,DUPACK,2027,15.969,,,2075648,
13.113318,ACK,2028,16.031,,,2076672,"cum ack, base->2028"
13.113530,RETX,2042,16.031,,200.000,2076672,
13.113678,RETX,2043,16.031,,200.000,2076672,
13.113686,STATS,-1,16.031,,200.000,2076672,base=2028 next=2044
13.113741,ACK,2029,16.094,,,2077696,"cum ack, base->2029"
13.115896,ACK,2030,16.156,,,2078720,"cum ack, base->2030"
13.115930,ACK,2031,16.218,,,2079744,"cum ack, base->2031"
13.115954,ACK,2032,16.279,,,2080768,"cum ack, base->2032"
13.115974,ACK,2033,16.341,,,2081792,"cum ack, base->2033"
13.115996,ACK,2034,16.402,,,2082816,"cum ack, base->2034"
13.116381,SEND,2044,16.402,,200.000,2082816,
13.116538,SEND,2045,16.402,,200.000,2082816,
13.116687,SEND,2046,16.402,,200.000,2082816,
13.116834,SEND,2047,16.402,,200.000,2082816,
13.118802,ACK,2035,16.463,,,2083840,"cum ack, base->2035"
13.118827,ACK,2036,16.524,,,2084864,"cum ack, base->2036"
13.118850,NAK,2036,16.524,,,2084864,
13.118858,FASTRETX,2036,16.524,,200.000,2084864,nak
13.118880,DUPACK,2036,16.524,,,2084864,
13.118902,NAK,2036,16.524,,,2084864,
13.118920,DUPACK,2036,16.524,,,2084864,
13.118936,NAK,2036,16.524,,,2084864,
13.118952,DUPACK,2036,16.524,,,2084864,
13.118968,NAK,2036,16.524,,,2084864,
13.118984,DUPACK,2036,16.524,,,2084864,
13.119507,RETX,2036,16.524,,200.000,2084864,
13.119659,RETX,2037,16.524,,200.000,2084864,
13.119804,RETX,2038,16.524,,200.000,2084864,
13.119950,RETX,2039,16.524,,200.000,2084864,
13.120097,RETX,2040,16.524,,200.000,2084864,
13.120243,RETX,2041,16.524,,200.000,2084864,
13.120389,RETX,2042,16.524,,200.000,2084864,
13.120536,RETX,2043,16.524,,200.000,2084864,
13.120682,RETX,2044,16.524,,200.000,2084864,
13.120829,RETX,2045,16.524,,200.000,2084864,
13.120976,RETX,2046,16.524,,200.000,2084864,
13.121122,RETX,2047,16.524,,200.000,2084864,
13.156885,NAK,2036,16.524,,,2084864,
13.156941,DUPACK,2036,16.524,,,2084864,
13.156970,NAK,2036,16.524,,,2084864,
13.156999,DUPACK,2036,16.524,,,2084864,
13.165556,NAK,2036,16.524,,,2084864,
13.170092,DUPACK,2036,16.524,,,2084864,
13.170187,NAK,2036,16.524,,,2084864,
13.170235,DUPACK,2036,16.524,,,2084864,
13.170402,NAK,2036,16.524,,,2084864,
13.170484,DUPACK,2036,16.524,,,2084864,
13.170522,NAK,2036,16.524,,,2084864,
13.170605,DUPACK,2036,16.524,,,2084864,
13.170714,ACK,2037,16.584,,,2085888,"cum ack, base->2037"
13.170771,NAK,2037,16.584,,,2085888,
13.170868,FASTRETX,2037,16.584,,200.000,2085888,nak
13.170930,DUPACK,2037,16.584,,,2085888,
13.171287,RETX,2037,16.584,,200.000,2085888,
13.171499,RETX,2038,16.584,,200.000,2085888,
13.171747,RETX,2039,16.584,,200.000,2085888,
13.171961,RETX,2040,16.584,,200.000,2085888,
13.172170,RETX,2041,16.584,,200.000,2085888,
13.172435,RETX,2042,16.584,,200.000,2085888,
13.172683,RETX,2043,16.584,,200.000,2085888,
13.172968,RETX,2044,16.584,,200.000,2085888,
13.173286,RETX,2045,16.584,,200.000,2085888,
13.173679,RETX,2046,16.584,,200.000,2085888,
13.174014,RETX,2047,16.584,,200.000,2085888,
13.174104,NAK,2037,16.584,,,2085888,
13.174271,DUPACK,2037,16.584,,,2085888,
13.174335,NAK,2037,16.584,,,2085888,
13.174434,DUPACK,2037,16.584,,,2085888,
13.174466,NAK,2037,16.584,,,2085888,
13.174499,DUPACK,2037,16.584,,,2085888,
13.174530,NAK,2037,16.584,,,2085888,
13.174562,DUPACK,2037,16.584,,,2085888,
13.174592,NAK,2037,16.584,,,2085888,
13.174622,DUPACK,2037,16.584,,,2085888,
13.174655,NAK,2037,16.584,,,2085888,
13.174687,DUPACK,2037,16.584,,,2085888,
13.174724,NAK,2037,16.584,,,2085888,
13.174756,DUPACK,2037,16.584,,,2085888,
13.174869,NAK,2037,16.584,,,2085888,
13.174902,DUPACK,2037,16.584,,,2085888,
13.174938,NAK,2037,16.584,,,2085888,
13.175113,DUPACK,2037,16.584,,,2085888,
13.215744,STATS,-1,16.584,,200.000,2085888,base=2037 next=2048
13.226763,ACK,2038,16.645,,,2086912,"cum ack, base->2038"
13.226832,ACK,2039,16.705,,,2087936,"cum ack, base->2039"
13.226874,ACK,2040,16.765,,,2088960,"cum ack, base->2040"
13.227083,ACK,2041,16.824,,,2089984,"cum ack, base->2041"
13.227123,ACK,2042,16.884,,,2091008,"cum ack, base->2042"
13.229093,ACK,2043,16.943,,,2092032,"cum ack, base->2043"
13.229190,ACK,2044,17.002,,,2093056,"cum ack, base->2044"
13.229234,ACK,2045,17.061,,,2094080,"cum ack, base->2045"
13.229275,ACK,2046,17.119,,,2095104,"cum ack, base->2046"
13.232304,ACK,2047,17.178,,,2096128,"cum ack, base->2047"
13.232445,ACK,2048,17.236,,,2097152,"cum ack, base->2048"
13.233249,FIN,2048,,,,2097152,attempt 1
13.276885,ACK,-1,17.236,,,2097152,FIN acked
