t,event,seq,cwnd,srtt_ms,rto_ms,bytes_acked,info
0.641982,DELIVER,0,,,,1024,
0.642180,DELIVER,1,,,,2048,
0.642306,DELIVER,2,,,,3072,
0.642407,DELIVER,3,,,,4096,
0.692430,GAP,5,,,,4096,expected 4
0.694612,GAP,6,,,,4096,expected 4
0.694776,GAP,7,,,,4096,expected 4
0.735631,DELIVER,4,,,,5120,
0.741168,DELIVER,5,,,,6144,
0.741338,DELIVER,6,,,,7168,
0.741499,DELIVER,7,,,,8192,
0.781810,DELIVER,8,,,,9216,
0.789358,DELIVER,9,,,,10240,
0.789692,DELIVER,10,,,,11264,
0.790008,DELIVER,11,,,,12288,
0.790326,DELIVER,12,,,,13312,
0.826696,DELIVER,13,,,,14336,
0.837148,DELIVER,14,,,,15360,
0.838223,DELIVER,15,,,,16384,
0.838552,DELIVER,16,,,,17408,
0.838808,DELIVER,17,,,,18432,
0.839017,DELIVER,18,,,,19456,
0.889964,DELIVER,19,,,,20480,
0.890264,DELIVER,20,,,,21504,
0.890595,DELIVER,21,,,,22528,
0.890890,DELIVER,22,,,,23552,
0.891396,DELIVER,23,,,,24576,
0.894568,DELIVER,24,,,,25600,
0.895311,DELIVER,25,,,,26624,
0.958645,DELIVER,26,,,,27648,
0.958813,DELIVER,27,,,,28672,
0.958940,DELIVER,28,,,,29696,
0.959054,DELIVER,29,,,,30720,
0.959162,DELIVER,30,,,,31744,
0.959269,DELIVER,31,,,,32768,
0.959380,DELIVER,32,,,,33792,
1.005307,DELIVER,33,,,,34816,
1.005815,DELIVER,34,,,,35840,
1.006118,DELIVER,35,,,,36864,
1.006341,DELIVER,36,,,,37888,
1.006578,DELIVER,37,,,,38912,
1.006871,DELIVER,38,,,,39936,
1.007153,DELIVER,39,,,,40960,
1.008560,DELIVER,40,,,,41984,
1.064644,DELIVER,41,,,,43008,
1.065346,DELIVER,42,,,,44032,
1.065440,DELIVER,43,,,,45056,
1.073878,DELIVER,44,,,,46080,
1.073987,DELIVER,45,,,,47104,
1.074085,DELIVER,46,,,,48128,
1.074182,DELIVER,47,,,,49152,
1.075630,DELIVER,48,,,,50176,
1.075973,DELIVER,49,,,,51200,
1.116671,DELIVER,50,,,,52224,
1.116990,DELIVER,51,,,,53248,
1.117438,DELIVER,52,,,,54272,
1.124484,DELIVER,53,,,,55296,
1.124919,DELIVER,54,,,,56320,
1.125253,DELIVER,55,,,,57344,
1.125547,DELIVER,56,,,,58368,
1.125875,DELIVER,57,,,,59392,
1.126158,DELIVER,58,,,,60416,
1.126394,DELIVER,59,,,,61440,
1.164694,DELIVER,60,,,,62464,
1.174286,DELIVER,61,,,,63488,
1.174588,DELIVER,62,,,,64512,
1.174826,DELIVER,63,,,,65536,
1.175334,DELIVER,64,,,,66560,
1.175580,DELIVER,65,,,,67584,
1.175875,DELIVER,66,,,,68608,
1.176259,DELIVER,67,,,,69632,
1.185418,DELIVER,68,,,,70656,
1.185734,DELIVER,69,,,,71680,
1.186061,DELIVER,70,,,,72704,
1.209338,DELIVER,71,,,,73728,
1.225404,GAP,73,,,,73728,expected 72
1.225716,GAP,74,,,,73728,expected 72
1.231324,GAP,75,,,,73728,expected 72
1.231668,GAP,76,,,,73728,expected 72
1.231926,GAP,77,,,,73728,expected 72
1.232147,GAP,78,,,,73728,expected 72
1.232400,GAP,79,,,,73728,expected 72
1.232688,GAP,80,,,,73728,expected 72
1.261142,DUP,69,,,,73728,
1.274693,DUP,70,,,,73728,
1.274992,DUP,71,,,,73728,
1.275312,DELIVER,72,,,,74752,
1.275568,DELIVER,73,,,,75776,
1.275836,DELIVER,74,,,,76800,
1.276095,DELIVER,75,,,,77824,
1.276375,DELIVER,76,,,,78848,
1.276649,DELIVER,77,,,,79872,
1.276926,DELIVER,78,,,,80896,
1.280168,DUP,72,,,,80896,
1.280491,DUP,73,,,,80896,
1.283637,DUP,74,,,,80896,
1.284093,DUP,75,,,,80896,
1.284463,DUP,76,,,,80896,
1.285027,DUP,77,,,,80896,
1.285540,DUP,78,,,,80896,
1.285984,DELIVER,79,,,,81920,
1.286239,DELIVER,80,,,,82944,
1.286598,DELIVER,81,,,,83968,
1.287717,DELIVER,82,,,,84992,
1.322258,DELIVER,83,,,,86016,
1.323433,DELIVER,84,,,,87040,
1.323746,DELIVER,85,,,,88064,
1.324046,DELIVER,86,,,,89088,
1.330440,DELIVER,87,,,,90112,
1.330706,DELIVER,88,,,,91136,
1.333611,DELIVER,89,,,,92160,
1.333868,DELIVER,90,,,,93184,
1.334116,DELIVER,91,,,,94208,
1.335328,DELIVER,92,,,,95232,
1.335581,DELIVER,93,,,,96256,
1.337865,DELIVER,94,,,,97280,
1.374210,DELIVER,95,,,,98304,
1.374742,DELIVER,96,,,,99328,
1.375236,DELIVER,97,,,,100352,
1.375766,DELIVER,98,,,,101376,
1.376913,GAP,100,,,,101376,expected 99
1.377327,GAP,101,,,,101376,expected 99
1.382447,GAP,102,,,,101376,expected 99
1.382910,GAP,103,,,,101376,expected 99
1.383357,GAP,104,,,,101376,expected 99
1.383939,GAP,105,,,,101376,expected 99
1.384416,GAP,106,,,,101376,expected 99
1.391336,GAP,107,,,,101376,expected 99
1.412675,GAP,108,,,,101376,expected 99
1.422645,DUP,98,,,,101376,
1.422925,DELIVER,99,,,,102400,
1.423217,DELIVER,100,,,,103424,
1.423672,DELIVER,101,,,,104448,
1.424046,DELIVER,102,,,,105472,
1.424306,DELIVER,103,,,,106496,
1.424542,DELIVER,104,,,,107520,
1.424797,DELIVER,105,,,,108544,
1.425107,GAP,107,,,,108544,expected 106
1.425385,GAP,108,,,,108544,expected 106
1.426016,DUP,99,,,,108544,
1.426298,DUP,100,,,,108544,
1.426561,DUP,101,,,,108544,
1.426795,DUP,102,,,,108544,
1.426991,DUP,103,,,,108544,
1.427354,DUP,104,,,,108544,
1.427650,DUP,105,,,,108544,
1.428473,DELIVER,106,,,,109568,
1.430654,DELIVER,107,,,,110592,
1.430870,DELIVER,108,,,,111616,
1.431072,DELIVER,109,,,,112640,
1.477562,DELIVER,110,,,,113664,
1.477861,DELIVER,111,,,,114688,
1.478104,DELIVER,112,,,,115712,
1.478356,DELIVER,113,,,,116736,
1.478605,DUP,106,,,,116736,
1.478835,DUP,107,,,,116736,
1.479032,DUP,108,,,,116736,
1.479263,DUP,109,,,,116736,
1.479488,DUP,110,,,,116736,
1.479703,DUP,111,,,,116736,
1.479923,DUP,112,,,,116736,
1.480169,DUP,113,,,,116736,
1.480512,DELIVER,114,,,,117760,
1.480781,DELIVER,115,,,,118784,
1.481032,DELIVER,116,,,,119808,
1.481281,DELIVER,117,,,,120832,
1.481530,DELIVER,118,,,,121856,
1.483226,DELIVER,119,,,,122880,
1.483486,DELIVER,120,,,,123904,
1.483736,DELIVER,121,,,,124928,
1.529468,DELIVER,122,,,,125952,
1.529874,DELIVER,123,,,,126976,
1.530280,DELIVER,124,,,,128000,
1.530647,DELIVER,125,,,,129024,
1.530892,DELIVER,126,,,,130048,
1.531156,DELIVER,127,,,,131072,
1.531553,DELIVER,128,,,,132096,
1.531831,DELIVER,129,,,,133120,
1.532055,DELIVER,130,,,,134144,
1.532280,DELIVER,131,,,,135168,
1.532497,DELIVER,132,,,,136192,
1.532719,DELIVER,133,,,,137216,
1.532950,DELIVER,134,,,,138240,
1.581517,DELIVER,135,,,,139264,
1.582201,DELIVER,136,,,,140288,
1.582575,DELIVER,137,,,,141312,
1.583605,DELIVER,138,,,,142336,
1.584119,DELIVER,139,,,,143360,
1.584537,DELIVER,140,,,,144384,
1.584958,DELIVER,141,,,,145408,
1.585657,DELIVER,142,,,,146432,
1.586105,DELIVER,143,,,,147456,
1.586613,DELIVER,144,,,,148480,
1.589219,DELIVER,145,,,,149504,
1.589911,DELIVER,146,,,,150528,
1.590349,DELIVER,147,,,,151552,
1.590728,DELIVER,148,,,,152576,
1.620128,DELIVER,149,,,,153600,
1.634039,DELIVER,150,,,,154624,
1.634672,DELIVER,151,,,,155648,
1.635669,DELIVER,152,,,,156672,
1.636115,DELIVER,153,,,,157696,
1.636626,DELIVER,154,,,,158720,
1.637086,DELIVER,155,,,,159744,
1.637479,DELIVER,156,,,,160768,
1.637772,DELIVER,157,,,,161792,
1.638283,DELIVER,158,,,,162816,
1.638804,DELIVER,159,,,,163840,
1.639757,DELIVER,160,,,,164864,
1.640033,DELIVER,161,,,,165888,
1.640348,DELIVER,162,,,,166912,
1.640648,DELIVER,163,,,,167936,
1.660642,DELIVER,164,,,,168960,
1.684482,DELIVER,165,,,,169984,
1.689131,DELIVER,166,,,,171008,
1.689500,DELIVER,167,,,,172032,
1.689813,DELIVER,168,,,,173056,
1.690231,DELIVER,169,,,,174080,
1.690735,GAP,171,,,,174080,expected 170
1.691184,GAP,172,,,,174080,expected 170
1.691529,GAP,173,,,,174080,expected 170
1.691813,GAP,174,,,,174080,expected 170
1.692056,GAP,175,,,,174080,expected 170
1.693941,GAP,176,,,,174080,expected 170
1.694213,GAP,177,,,,174080,expected 170
1.694451,GAP,178,,,,174080,expected 170
1.694701,GAP,179,,,,174080,expected 170
1.701714,GAP,180,,,,174080,expected 170
1.742166,DELIVER,170,,,,175104,
1.742917,DELIVER,171,,,,176128,
1.743499,DELIVER,172,,,,177152,
1.743816,DELIVER,173,,,,178176,
1.744101,DELIVER,174,,,,179200,
1.744380,DELIVER,175,,,,180224,
1.744628,DELIVER,176,,,,181248,
1.744925,DELIVER,177,,,,182272,
1.745203,DELIVER,178,,,,183296,
1.745520,DELIVER,179,,,,184320,
1.745770,DELIVER,180,,,,185344,
1.745983,DELIVER,181,,,,186368,
1.746209,DELIVER,182,,,,187392,
1.746430,DELIVER,183,,,,188416,
1.783621,DELIVER,184,,,,189440,
1.784076,DELIVER,185,,,,190464,
1.789358,DELIVER,186,,,,191488,
1.799098,DELIVER,187,,,,192512,
1.799827,DELIVER,188,,,,193536,
1.800693,DELIVER,189,,,,194560,
1.801094,DELIVER,190,,,,195584,
1.801353,DELIVER,191,,,,196608,
1.801667,DELIVER,192,,,,197632,
1.802149,DELIVER,193,,,,198656,
1.802486,DELIVER,194,,,,199680,
1.802874,DELIVER,195,,,,200704,
1.803182,DELIVER,196,,,,201728,
1.803446,DELIVER,197,,,,202752,
1.803695,DELIVER,198,,,,203776,
1.825210,DELIVER,199,,,,204800,
1.825525,DELIVER,200,,,,205824,
1.830439,DELIVER,201,,,,206848,
1.839546,DELIVER,202,,,,207872,
1.845419,DELIVER,203,,,,208896,
1.845905,DELIVER,204,,,,209920,
1.854702,DELIVER,205,,,,210944,
1.855479,DELIVER,206,,,,211968,
1.855787,DELIVER,207,,,,212992,
1.856060,DELIVER,208,,,,214016,
1.856345,DELIVER,209,,,,215040,
1.856573,DELIVER,210,,,,216064,
1.856850,DELIVER,211,,,,217088,
1.857124,DELIVER,212,,,,218112,
1.858153,DELIVER,213,,,,219136,
1.858465,DELIVER,214,,,,220160,
1.871628,DELIVER,215,,,,221184,
1.872070,DELIVER,216,,,,222208,
1.875658,DELIVER,217,,,,223232,
1.886444,DELIVER,218,,,,224256,
1.886658,DELIVER,219,,,,225280,
1.888451,DELIVER,220,,,,226304,
1.888798,DELIVER,221,,,,227328,
1.896752,DELIVER,222,,,,228352,
1.909953,DELIVER,223,,,,229376,
1.910255,DELIVER,224,,,,230400,
1.910507,DELIVER,225,,,,231424,
1.910747,DELIVER,226,,,,232448,
1.911102,DELIVER,227,,,,233472,
1.911444,DELIVER,228,,,,234496,
1.911877,DELIVER,229,,,,235520,
1.912145,DELIVER,230,,,,236544,
1.912393,DELIVER,231,,,,237568,
1.913006,DELIVER,232,,,,238592,
1.915145,DELIVER,233,,,,239616,
1.932532,GAP,235,,,,239616,expected 234
1.934527,GAP,236,,,,239616,expected 234
1.935420,GAP,237,,,,239616,expected 234
1.935690,GAP,238,,,,239616,expected 234
1.935941,GAP,239,,,,239616,expected 234
1.958183,GAP,241,,,,239616,expected 234
1.962136,GAP,242,,,,239616,expected 234
1.962471,GAP,243,,,,239616,expected 234
1.962776,GAP,244,,,,239616,expected 234
1.963081,GAP,245,,,,239616,expected 234
1.963342,GAP,246,,,,239616,expected 234
1.963604,GAP,247,,,,239616,expected 234
1.963857,GAP,248,,,,239616,expected 234
1.964117,GAP,249,,,,239616,expected 234
1.964370,GAP,250,,,,239616,expected 234
1.964626,GAP,251,,,,239616,expected 234
1.969660,DELIVER,234,,,,240640,
1.972605,GAP,236,,,,240640,expected 235
1.976766,GAP,237,,,,240640,expected 235
1.977194,GAP,239,,,,240640,expected 235
1.977545,GAP,240,,,,240640,expected 235
1.977975,GAP,241,,,,240640,expected 235
1.978313,GAP,242,,,,240640,expected 235
1.978670,GAP,243,,,,240640,expected 235
1.979403,GAP,244,,,,240640,expected 235
1.981858,GAP,245,,,,240640,expected 235
1.982153,GAP,246,,,,240640,expected 235
1.982447,GAP,247,,,,240640,expected 235
1.982751,GAP,248,,,,240640,expected 235
1.983032,GAP,249,,,,240640,expected 235
2.012375,GAP,250,,,,240640,expected 235
2.017037,DELIVER,235,,,,241664,
2.023961,DELIVER,236,,,,242688,
2.024294,DELIVER,237,,,,243712,
2.024596,DELIVER,238,,,,244736,
2.024906,DELIVER,239,,,,245760,
2.025271,DELIVER,240,,,,246784,
2.025641,DELIVER,241,,,,247808,
2.025930,DELIVER,242,,,,248832,
2.026182,GAP,244,,,,248832,expected 243
2.026610,GAP,245,,,,248832,expected 243
2.026910,GAP,246,,,,248832,expected 243
2.027198,GAP,247,,,,248832,expected 243
2.029241,GAP,248,,,,248832,expected 243
2.029527,GAP,250,,,,248832,expected 243
2.058713,GAP,251,,,,248832,expected 243
2.061759,GAP,252,,,,248832,expected 243
2.075540,GAP,254,,,,248832,expected 243
2.075848,GAP,255,,,,248832,expected 243
2.076084,GAP,256,,,,248832,expected 243
2.081203,DELIVER,243,,,,249856,
2.081608,DELIVER,244,,,,250880,
2.082282,DELIVER,245,,,,251904,
2.082592,DELIVER,246,,,,252928,
2.082845,DELIVER,247,,,,253952,
2.083113,DELIVER,248,,,,254976,
2.083485,DELIVER,249,,,,256000,
2.083982,DELIVER,250,,,,257024,
2.084348,DELIVER,251,,,,258048,
2.084700,DELIVER,252,,,,259072,
2.084995,DELIVER,253,,,,260096,
2.085284,DELIVER,254,,,,261120,
2.085538,DELIVER,255,,,,262144,
2.085881,DELIVER,256,,,,263168,
2.086140,DELIVER,257,,,,264192,
2.086391,DELIVER,258,,,,265216,
2.086608,DELIVER,259,,,,266240,
2.116215,DELIVER,260,,,,267264,
2.123517,DELIVER,261,,,,268288,
2.126662,DELIVER,262,,,,269312,
2.131769,DELIVER,263,,,,270336,
2.136613,DELIVER,264,,,,271360,
2.137092,DELIVER,265,,,,272384,
2.137386,DELIVER,266,,,,273408,
2.137674,DELIVER,267,,,,274432,
2.138347,DELIVER,268,,,,275456,
2.138891,DELIVER,269,,,,276480,
2.139846,DELIVER,270,,,,277504,
2.140102,DELIVER,271,,,,278528,
2.140303,DELIVER,272,,,,279552,
2.141096,DELIVER,273,,,,280576,
2.141506,DELIVER,274,,,,281600,
2.141810,DELIVER,275,,,,282624,
2.142053,DELIVER,276,,,,283648,
2.142277,DELIVER,277,,,,284672,
2.998710,DELIVER,278,,,,285696,
2.999297,DELIVER,279,,,,286720,
2.999644,DELIVER,280,,,,287744,
3.000208,DELIVER,281,,,,288768,
3.001449,DELIVER,282,,,,289792,
3.001827,DELIVER,283,,,,290816,
3.002172,DELIVER,284,,,,291840,
3.002389,GAP,286,,,,291840,expected 285
3.002670,GAP,287,,,,291840,expected 285
3.003263,GAP,288,,,,291840,expected 285
3.003624,GAP,289,,,,291840,expected 285
3.004060,GAP,290,,,,291840,expected 285
3.004410,GAP,291,,,,291840,expected 285
3.004725,GAP,292,,,,291840,expected 285
3.005001,GAP,293,,,,291840,expected 285
3.005260,GAP,294,,,,291840,expected 285
3.041486,GAP,295,,,,291840,expected 285
3.042424,GAP,296,,,,291840,expected 285
3.050052,GAP,297,,,,291840,expected 285
3.050479,GAP,298,,,,291840,expected 285
3.050790,GAP,299,,,,291840,expected 285
3.053567,DELIVER,285,,,,292864,
3.056714,DELIVER,286,,,,293888,
3.057203,DELIVER,287,,,,294912,
3.057450,DELIVER,288,,,,295936,
3.057699,DELIVER,289,,,,296960,
3.057948,DELIVER,290,,,,297984,
3.058290,GAP,292,,,,297984,expected 291
3.058539,GAP,293,,,,297984,expected 291
3.058791,GAP,294,,,,297984,expected 291
3.059057,GAP,295,,,,297984,expected 291
3.059372,GAP,296,,,,297984,expected 291
3.059746,GAP,297,,,,297984,expected 291
3.060002,GAP,298,,,,297984,expected 291
3.060234,GAP,299,,,,297984,expected 291
3.060497,GAP,300,,,,297984,expected 291
3.060781,GAP,301,,,,297984,expected 291
3.093142,GAP,302,,,,297984,expected 291
3.093290,GAP,303,,,,297984,expected 291
3.099250,GAP,304,,,,297984,expected 291
3.104713,GAP,305,,,,297984,expected 291
3.105019,GAP,306,,,,297984,expected 291
3.109490,DELIVER,291,,,,299008,
3.109794,DELIVER,292,,,,300032,
3.112618,DELIVER,293,,,,301056,
3.112896,DELIVER,294,,,,302080,
3.113172,DELIVER,295,,,,303104,
3.113415,DELIVER,296,,,,304128,
3.113641,DELIVER,297,,,,305152,
3.113878,DELIVER,298,,,,306176,
3.114141,DELIVER,299,,,,307200,
3.114389,DELIVER,300,,,,308224,
3.114635,DELIVER,301,,,,309248,
3.114893,DELIVER,302,,,,310272,
3.115132,DELIVER,303,,,,311296,
3.115388,DELIVER,304,,,,312320,
3.115623,DELIVER,305,,,,313344,
3.115866,DELIVER,306,,,,314368,
3.116102,DELIVER,307,,,,315392,
3.149459,DELIVER,308,,,,316416,
3.149978,DELIVER,309,,,,317440,
3.167972,DELIVER,310,,,,318464,
3.168364,DELIVER,311,,,,319488,
3.168734,DELIVER,312,,,,320512,
3.169068,DELIVER,313,,,,321536,
3.169315,DELIVER,314,,,,322560,
3.169623,DELIVER,315,,,,323584,
3.169885,DELIVER,316,,,,324608,
3.170257,DELIVER,317,,,,325632,
3.170636,DELIVER,318,,,,326656,
3.170910,DELIVER,319,,,,327680,
3.171151,DELIVER,320,,,,328704,
3.171532,DELIVER,321,,,,329728,
3.172007,DELIVER,322,,,,330752,
3.172249,DELIVER,323,,,,331776,
3.172469,DELIVER,324,,,,332800,
3.192724,GAP,326,,,,332800,expected 325
3.212524,GAP,328,,,,332800,expected 325
3.213240,GAP,329,,,,332800,expected 325
3.214022,GAP,330,,,,332800,expected 325
3.214556,GAP,331,,,,332800,expected 325
3.220050,GAP,332,,,,332800,expected 325
3.220227,GAP,333,,,,332800,expected 325
3.220373,GAP,334,,,,332800,expected 325
3.220497,GAP,335,,,,332800,expected 325
3.220624,GAP,336,,,,332800,expected 325
3.220753,GAP,337,,,,332800,expected 325
3.220877,GAP,339,,,,332800,expected 325
3.225825,GAP,340,,,,332800,expected 325
3.226117,GAP,341,,,,332800,expected 325
3.226402,GAP,342,,,,332800,expected 325
3.226692,GAP,343,,,,332800,expected 325
3.242486,DELIVER,325,,,,333824,
3.242867,DELIVER,326,,,,334848,
3.243277,DELIVER,327,,,,335872,
3.243582,GAP,329,,,,335872,expected 328
3.243943,GAP,330,,,,335872,expected 328
3.244224,GAP,331,,,,335872,expected 328
3.244533,GAP,332,,,,335872,expected 328
3.244838,GAP,333,,,,335872,expected 328
3.245276,GAP,334,,,,335872,expected 328
3.245610,GAP,335,,,,335872,expected 328
3.245882,GAP,336,,,,335872,expected 328
3.246143,GAP,337,,,,335872,expected 328
3.246403,GAP,338,,,,335872,expected 328
3.246661,GAP,339,,,,335872,expected 328
3.246918,GAP,340,,,,335872,expected 328
3.247173,GAP,341,,,,335872,expected 328
3.292045,DELIVER,328,,,,336896,
3.292681,DELIVER,329,,,,337920,
3.293125,GAP,331,,,,337920,expected 330
3.294085,GAP,332,,,,337920,expected 330
3.294498,GAP,333,,,,337920,expected 330
3.296447,GAP,334,,,,337920,expected 330
3.296770,GAP,335,,,,337920,expected 330
3.297085,GAP,336,,,,337920,expected 330
3.297359,GAP,337,,,,337920,expected 330
3.297620,GAP,338,,,,337920,expected 330
3.297881,GAP,339,,,,337920,expected 330
3.298273,GAP,340,,,,337920,expected 330
3.298614,GAP,341,,,,337920,expected 330
3.298883,GAP,342,,,,337920,expected 330
3.299122,GAP,343,,,,337920,expected 330
3.299361,GAP,344,,,,337920,expected 330
3.339970,GAP,345,,,,337920,expected 330
3.341032,DELIVER,330,,,,338944,
3.341344,DELIVER,331,,,,339968,
3.347586,DELIVER,332,,,,340992,
3.347952,DELIVER,333,,,,342016,
3.348304,GAP,335,,,,342016,expected 334
3.348595,GAP,336,,,,342016,expected 334
3.348875,GAP,337,,,,342016,expected 334
3.349230,GAP,338,,,,342016,expected 334
3.349484,GAP,339,,,,342016,expected 334
3.349698,GAP,340,,,,342016,expected 334
3.350057,GAP,341,,,,342016,expected 334
3.350355,GAP,342,,,,342016,expected 334
3.350645,GAP,343,,,,342016,expected 334
3.351119,GAP,344,,,,342016,expected 334
3.351485,GAP,345,,,,342016,expected 334
3.351803,GAP,346,,,,342016,expected 334
3.394952,DELIVER,334,,,,343040,
3.395528,DELIVER,335,,,,344064,
3.395856,DELIVER,336,,,,345088,
3.396153,DELIVER,337,,,,346112,
3.396462,DELIVER,338,,,,347136,
3.396729,DELIVER,339,,,,348160,
3.396969,DELIVER,340,,,,349184,
3.397562,DELIVER,341,,,,350208,
3.398620,DELIVER,342,,,,351232,
3.398987,DELIVER,343,,,,352256,
3.399509,DELIVER,344,,,,353280,
3.399920,DELIVER,345,,,,354304,
3.400324,DELIVER,346,,,,355328,
3.400631,DELIVER,347,,,,356352,
3.400887,GAP,349,,,,356352,expected 348
3.401146,GAP,350,,,,356352,expected 348
3.445094,GAP,351,,,,356352,expected 348
3.445446,GAP,352,,,,356352,expected 348
3.445712,GAP,353,,,,356352,expected 348
3.445955,GAP,354,,,,356352,expected 348
3.446224,GAP,355,,,,356352,expected 348
3.446547,GAP,356,,,,356352,expected 348
3.447904,GAP,357,,,,356352,expected 348
3.452091,GAP,358,,,,356352,expected 348
3.452416,GAP,359,,,,356352,expected 348
3.452681,GAP,360,,,,356352,expected 348
3.453006,DELIVER,348,,,,357376,
3.455576,DELIVER,349,,,,358400,
3.456005,DELIVER,350,,,,359424,
3.456266,DELIVER,351,,,,360448,
3.456558,GAP,354,,,,360448,expected 352
3.456822,GAP,355,,,,360448,expected 352
3.457225,GAP,356,,,,360448,expected 352
3.457548,GAP,357,,,,360448,expected 352
3.457848,GAP,358,,,,360448,expected 352
3.458144,GAP,359,,,,360448,expected 352
3.458435,GAP,360,,,,360448,expected 352
3.458729,GAP,361,,,,360448,expected 352
3.459036,GAP,362,,,,360448,expected 352
3.459322,GAP,363,,,,360448,expected 352
3.501824,GAP,364,,,,360448,expected 352
3.502137,DELIVER,352,,,,361472,
3.507536,DELIVER,353,,,,362496,
3.507820,DELIVER,354,,,,363520,
3.508041,DELIVER,355,,,,364544,
3.508289,DELIVER,356,,,,365568,
3.508569,DELIVER,357,,,,366592,
3.508844,DELIVER,358,,,,367616,
3.509151,DELIVER,359,,,,368640,
3.509394,DELIVER,360,,,,369664,
3.509626,DELIVER,361,,,,370688,
3.509863,DELIVER,362,,,,371712,
3.510099,DELIVER,363,,,,372736,
3.510422,DELIVER,364,,,,373760,
3.510725,DELIVER,365,,,,374784,
3.511024,DELIVER,366,,,,375808,
3.511285,DELIVER,367,,,,376832,
3.546689,DELIVER,368,,,,377856,
3.554794,DELIVER,369,,,,378880,
3.555086,DELIVER,370,,,,379904,
3.555376,DELIVER,371,,,,380928,
3.555629,DELIVER,372,,,,381952,
3.555866,DELIVER,373,,,,382976,
3.556120,DELIVER,374,,,,384000,
3.556395,DELIVER,375,,,,385024,
3.556886,DELIVER,376,,,,386048,
3.557383,DELIVER,377,,,,387072,
3.557740,DELIVER,378,,,,388096,
3.558220,DELIVER,379,,,,389120,
3.559102,DELIVER,380,,,,390144,
3.559372,DELIVER,381,,,,391168,
3.560066,DELIVER,382,,,,392192,
3.561940,DELIVER,383,,,,393216,
3.562410,DELIVER,384,,,,394240,
3.600781,DELIVER,385,,,,395264,
3.601089,DELIVER,386,,,,396288,
3.601618,DELIVER,387,,,,397312,
3.603450,DELIVER,388,,,,398336,
3.604187,DELIVER,389,,,,399360,
3.604972,DELIVER,390,,,,400384,
3.605336,GAP,392,,,,400384,expected 391
3.605630,GAP,393,,,,400384,expected 391
3.611632,GAP,394,,,,400384,expected 391
3.612541,GAP,395,,,,400384,expected 391
3.613097,GAP,396,,,,400384,expected 391
3.613429,GAP,397,,,,400384,expected 391
3.613723,GAP,398,,,,400384,expected 391
3.614027,GAP,400,,,,400384,expected 391
3.614429,GAP,401,,,,400384,expected 391
3.614929,GAP,402,,,,400384,expected 391
3.650947,GAP,403,,,,400384,expected 391
3.655207,DELIVER,391,,,,401408,
3.655622,DELIVER,392,,,,402432,
3.655989,DELIVER,393,,,,403456,
3.656248,DELIVER,394,,,,404480,
3.656536,DELIVER,395,,,,405504,
3.657882,DELIVER,396,,,,406528,
3.658260,DELIVER,397,,,,407552,
3.658491,DELIVER,398,,,,408576,
3.658746,DELIVER,399,,,,409600,
3.658963,DELIVER,400,,,,410624,
3.659282,GAP,402,,,,410624,expected 401
3.659878,GAP,403,,,,410624,expected 401
3.660204,GAP,404,,,,410624,expected 401
3.660490,GAP,405,,,,410624,expected 401
3.660734,GAP,406,,,,410624,expected 401
3.703560,GAP,407,,,,410624,expected 401
3.703914,GAP,408,,,,410624,expected 401
3.706569,GAP,409,,,,410624,expected 401
3.706884,GAP,410,,,,410624,expected 401
3.707177,GAP,411,,,,410624,expected 401
3.707400,GAP,412,,,,410624,expected 401
3.707643,GAP,413,,,,410624,expected 401
3.709057,DELIVER,401,,,,411648,
3.709322,DELIVER,402,,,,412672,
3.709575,DELIVER,403,,,,413696,
3.713558,DELIVER,404,,,,414720,
3.713849,DELIVER,405,,,,415744,
3.714086,DELIVER,406,,,,416768,
3.714350,DELIVER,407,,,,417792,
3.714583,DELIVER,408,,,,418816,
3.714833,DELIVER,409,,,,419840,
3.715104,DELIVER,410,,,,420864,
3.715371,DELIVER,411,,,,421888,
3.715616,DELIVER,412,,,,422912,
3.715861,DELIVER,413,,,,423936,
3.716095,DELIVER,414,,,,424960,
3.716299,DELIVER,415,,,,425984,
3.716979,GAP,417,,,,425984,expected 416
3.758523,GAP,418,,,,425984,expected 416
3.758892,GAP,419,,,,425984,expected 416
3.765432,GAP,420,,,,425984,expected 416
3.766032,GAP,421,,,,425984,expected 416
3.767311,GAP,422,,,,425984,expected 416
3.769666,GAP,423,,,,425984,expected 416
3.770049,GAP,424,,,,425984,expected 416
3.770922,DELIVER,416,,,,427008,
3.771429,GAP,418,,,,427008,expected 417
3.771969,GAP,419,,,,427008,expected 417
3.772314,GAP,422,,,,427008,expected 417
3.772657,GAP,423,,,,427008,expected 417
3.772984,GAP,424,,,,427008,expected 417
3.773276,GAP,425,,,,427008,expected 417
3.773562,GAP,426,,,,427008,expected 417
3.773852,GAP,427,,,,427008,expected 417
3.774152,GAP,428,,,,427008,expected 417
3.774438,GAP,429,,,,427008,expected 417
3.774724,GAP,430,,,,427008,expected 417
3.775015,GAP,431,,,,427008,expected 417
3.819290,DELIVER,417,,,,428032,
3.824169,DELIVER,418,,,,429056,
3.824549,DELIVER,419,,,,430080,
3.824833,DELIVER,420,,,,431104,
3.825163,GAP,422,,,,431104,expected 421
3.825648,GAP,423,,,,431104,expected 421
3.826094,GAP,424,,,,431104,expected 421
3.826481,GAP,426,,,,431104,expected 421
3.826785,GAP,427,,,,431104,expected 421
3.827026,GAP,428,,,,431104,expected 421
3.827330,GAP,429,,,,431104,expected 421
3.827610,GAP,430,,,,431104,expected 421
3.827858,GAP,432,,,,431104,expected 421
3.868484,GAP,433,,,,431104,expected 421
3.873401,GAP,434,,,,431104,expected 421
3.877049,GAP,435,,,,431104,expected 421
3.880650,DELIVER,421,,,,432128,
3.881024,DELIVER,422,,,,433152,
3.881294,DELIVER,423,,,,434176,
3.881590,DELIVER,424,,,,435200,
3.881903,DELIVER,425,,,,436224,
3.882257,DELIVER,426,,,,437248,
3.882548,DELIVER,427,,,,438272,
3.882806,DELIVER,428,,,,439296,
3.883057,DELIVER,429,,,,440320,
3.883304,DELIVER,430,,,,441344,
3.883555,DELIVER,431,,,,442368,
3.883802,DELIVER,432,,,,443392,
3.884045,DELIVER,433,,,,444416,
3.884260,DELIVER,434,,,,445440,
3.884453,DELIVER,435,,,,446464,
3.884646,DELIVER,436,,,,447488,
3.932383,DELIVER,437,,,,448512,
3.932815,DELIVER,438,,,,449536,
3.933497,DELIVER,439,,,,450560,
3.934272,DELIVER,440,,,,451584,
3.934902,DELIVER,441,,,,452608,
3.935869,DELIVER,442,,,,453632,
3.936884,DELIVER,443,,,,454656,
3.937316,DELIVER,444,,,,455680,
3.937632,DELIVER,445,,,,456704,
3.937887,DELIVER,446,,,,457728,
3.938137,GAP,448,,,,457728,expected 447
3.938394,GAP,449,,,,457728,expected 447
3.938650,GAP,451,,,,457728,expected 447
3.938904,GAP,452,,,,457728,expected 447
3.939160,GAP,453,,,,457728,expected 447
3.969756,GAP,454,,,,457728,expected 447
3.987836,GAP,457,,,,457728,expected 447
3.988778,GAP,458,,,,457728,expected 447
3.989181,GAP,459,,,,457728,expected 447
3.989607,DELIVER,447,,,,458752,
3.989896,GAP,449,,,,458752,expected 448
3.990337,GAP,450,,,,458752,expected 448
3.990582,GAP,451,,,,458752,expected 448
3.990900,GAP,452,,,,458752,expected 448
3.991349,GAP,453,,,,458752,expected 448
3.991789,GAP,454,,,,458752,expected 448
3.992091,GAP,455,,,,458752,expected 448
3.992496,GAP,456,,,,458752,expected 448
3.992791,GAP,457,,,,458752,expected 448
3.993017,GAP,458,,,,458752,expected 448
3.993233,GAP,459,,,,458752,expected 448
3.993432,GAP,460,,,,458752,expected 448
3.993625,GAP,461,,,,458752,expected 448
3.993816,GAP,462,,,,458752,expected 448
4.044335,DELIVER,448,,,,459776,
4.044781,DELIVER,449,,,,460800,
4.045020,DELIVER,450,,,,461824,
4.045278,DELIVER,451,,,,462848,
4.045508,DELIVER,452,,,,463872,
4.045771,DELIVER,453,,,,464896,
4.046038,DELIVER,454,,,,465920,
4.046257,DELIVER,455,,,,466944,
4.046461,DELIVER,456,,,,467968,
4.046679,DELIVER,457,,,,468992,
4.047037,DELIVER,458,,,,470016,
4.047409,DELIVER,459,,,,471040,
4.047664,DELIVER,460,,,,472064,
4.047798,DELIVER,461,,,,473088,
4.047878,DELIVER,462,,,,474112,
4.047955,DELIVER,463,,,,475136,
4.092454,DELIVER,464,,,,476160,
4.092808,DELIVER,465,,,,477184,
4.093974,DELIVER,466,,,,478208,
4.094250,DELIVER,467,,,,479232,
4.094529,DELIVER,468,,,,480256,
4.094801,DELIVER,469,,,,481280,
4.095049,DELIVER,470,,,,482304,
4.095278,GAP,472,,,,482304,expected 471
4.095544,GAP,473,,,,482304,expected 471
4.095815,GAP,474,,,,482304,expected 471
4.096361,GAP,475,,,,482304,expected 471
4.097225,GAP,476,,,,482304,expected 471
4.097522,GAP,477,,,,482304,expected 471
4.097775,GAP,478,,,,482304,expected 471
4.098039,GAP,479,,,,482304,expected 471
4.139133,GAP,481,,,,482304,expected 471
4.140458,GAP,482,,,,482304,expected 471
4.144415,GAP,483,,,,482304,expected 471
4.144763,GAP,484,,,,482304,expected 471
4.145405,GAP,485,,,,482304,expected 471
4.146857,DELIVER,471,,,,483328,
4.147450,DELIVER,472,,,,484352,
4.147863,DELIVER,473,,,,485376,
4.151623,DELIVER,474,,,,486400,
4.152091,DELIVER,475,,,,487424,
4.152371,DELIVER,476,,,,488448,
4.152641,DELIVER,477,,,,489472,
4.152959,DELIVER,478,,,,490496,
4.153432,GAP,480,,,,490496,expected 479
4.153770,GAP,481,,,,490496,expected 479
4.154598,GAP,482,,,,490496,expected 479
4.155104,GAP,483,,,,490496,expected 479
4.155397,GAP,484,,,,490496,expected 479
4.155635,GAP,485,,,,490496,expected 479
4.199288,GAP,486,,,,490496,expected 479
4.199584,GAP,487,,,,490496,expected 479
4.199822,GAP,488,,,,490496,expected 479
4.200171,GAP,489,,,,490496,expected 479
4.200522,GAP,490,,,,490496,expected 479
4.200893,GAP,492,,,,490496,expected 479
4.201130,GAP,493,,,,490496,expected 479
4.208365,GAP,480,,,,490496,expected 479
4.208703,GAP,481,,,,490496,expected 479
4.209033,GAP,482,,,,490496,expected 479
4.209273,GAP,483,,,,490496,expected 479
4.209604,GAP,484,,,,490496,expected 479
4.209893,GAP,485,,,,490496,expected 479
4.210175,GAP,486,,,,490496,expected 479
4.210431,GAP,487,,,,490496,expected 479
4.210674,GAP,488,,,,490496,expected 479
4.210953,GAP,489,,,,490496,expected 479
4.211461,GAP,490,,,,490496,expected 479
4.211683,GAP,491,,,,490496,expected 479
4.211935,GAP,492,,,,490496,expected 479
4.212497,GAP,493,,,,490496,expected 479
4.212896,GAP,494,,,,490496,expected 479
4.409600,DELIVER,479,,,,491520,
4.410008,DELIVER,480,,,,492544,
4.410894,DELIVER,481,,,,493568,
4.411563,DELIVER,482,,,,494592,
4.411820,DELIVER,483,,,,495616,
4.412223,DELIVER,484,,,,496640,
4.412550,DELIVER,485,,,,497664,
4.412790,DELIVER,486,,,,498688,
4.413030,DELIVER,487,,,,499712,
4.413252,DELIVER,488,,,,500736,
4.413468,DELIVER,489,,,,501760,
4.413770,DELIVER,490,,,,502784,
4.414054,DELIVER,491,,,,503808,
4.414385,DELIVER,492,,,,504832,
4.414948,DELIVER,493,,,,505856,
4.459171,GAP,495,,,,505856,expected 494
4.459472,GAP,496,,,,505856,expected 494
4.459840,GAP,497,,,,505856,expected 494
4.465932,GAP,498,,,,505856,expected 494
4.466245,GAP,499,,,,505856,expected 494
4.466636,GAP,500,,,,505856,expected 494
4.467271,GAP,501,,,,505856,expected 494
4.467720,GAP,502,,,,505856,expected 494
4.467980,GAP,504,,,,505856,expected 494
4.468231,GAP,505,,,,505856,expected 494
4.468636,GAP,506,,,,505856,expected 494
4.469384,GAP,507,,,,505856,expected 494
4.470426,GAP,508,,,,505856,expected 494
4.470861,GAP,509,,,,505856,expected 494
4.500923,DELIVER,494,,,,506880,
4.501118,DELIVER,495,,,,507904,
4.501286,DELIVER,496,,,,508928,
4.501448,DELIVER,497,,,,509952,
4.501609,DELIVER,498,,,,510976,
4.501770,DELIVER,499,,,,512000,
4.502052,DELIVER,500,,,,513024,
4.503644,DELIVER,501,,,,514048,
4.503811,DELIVER,502,,,,515072,
4.503971,DELIVER,503,,,,516096,
4.504129,DELIVER,504,,,,517120,
4.504289,DELIVER,505,,,,518144,
4.504449,DELIVER,506,,,,519168,
4.504607,DELIVER,507,,,,520192,
4.504766,DELIVER,508,,,,521216,
4.541893,DELIVER,509,,,,522240,
4.551976,DELIVER,510,,,,523264,
4.552383,DELIVER,511,,,,524288,
4.553390,DELIVER,512,,,,525312,
4.553708,DELIVER,513,,,,526336,
4.554010,DELIVER,514,,,,527360,
4.554296,DELIVER,515,,,,528384,
4.554551,DELIVER,516,,,,529408,
4.555411,GAP,518,,,,529408,expected 517
4.555730,GAP,519,,,,529408,expected 517
4.556025,GAP,521,,,,529408,expected 517
4.556310,GAP,522,,,,529408,expected 517
4.556600,GAP,523,,,,529408,expected 517
4.556894,GAP,524,,,,529408,expected 517
4.583558,GAP,525,,,,529408,expected 517
4.603790,GAP,526,,,,529408,expected 517
4.607526,GAP,527,,,,529408,expected 517
4.607909,DELIVER,517,,,,530432,
4.617395,DELIVER,518,,,,531456,
4.617715,DELIVER,519,,,,532480,
4.618095,DELIVER,520,,,,533504,
4.618696,DELIVER,521,,,,534528,
4.618942,DELIVER,522,,,,535552,
4.620842,DELIVER,523,,,,536576,
4.621349,DELIVER,524,,,,537600,
4.621975,DELIVER,525,,,,538624,
4.622420,DELIVER,526,,,,539648,
4.622713,DELIVER,527,,,,540672,
4.622968,DELIVER,528,,,,541696,
4.623219,DELIVER,529,,,,542720,
4.623467,DELIVER,530,,,,543744,
4.650335,DELIVER,531,,,,544768,
4.651145,DELIVER,532,,,,545792,
4.675712,DELIVER,533,,,,546816,
4.676121,GAP,535,,,,546816,expected 534
4.676827,GAP,536,,,,546816,expected 534
4.677465,GAP,537,,,,546816,expected 534
4.677855,GAP,538,,,,546816,expected 534
4.678165,GAP,539,,,,546816,expected 534
4.678466,GAP,540,,,,546816,expected 534
4.678752,GAP,541,,,,546816,expected 534
4.679033,GAP,542,,,,546816,expected 534
4.679322,GAP,543,,,,546816,expected 534
4.679602,GAP,544,,,,546816,expected 534
4.679889,GAP,545,,,,546816,expected 534
4.699441,GAP,546,,,,546816,expected 534
4.699762,GAP,547,,,,546816,expected 534
4.730784,DELIVER,534,,,,547840,
4.731103,DELIVER,535,,,,548864,
4.731367,DELIVER,536,,,,549888,
4.731619,DELIVER,537,,,,550912,
4.731867,DELIVER,538,,,,551936,
4.732115,DELIVER,539,,,,552960,
4.732365,DELIVER,540,,,,553984,
4.732613,DELIVER,541,,,,555008,
4.732829,DELIVER,542,,,,556032,
4.733022,DELIVER,543,,,,557056,
4.733216,DELIVER,544,,,,558080,
4.733409,DELIVER,545,,,,559104,
4.733601,DELIVER,546,,,,560128,
4.733797,DELIVER,547,,,,561152,
4.778261,DELIVER,548,,,,562176,
4.780970,DELIVER,549,,,,563200,
4.781436,DELIVER,550,,,,564224,
4.782958,DELIVER,551,,,,565248,
4.783262,DELIVER,552,,,,566272,
4.783549,DELIVER,553,,,,567296,
4.783842,DELIVER,554,,,,568320,
4.784076,DELIVER,555,,,,569344,
4.784283,DELIVER,556,,,,570368,
4.784487,DELIVER,557,,,,571392,
4.784945,DELIVER,558,,,,572416,
4.785450,DELIVER,559,,,,573440,
4.785794,DELIVER,560,,,,574464,
4.787296,DELIVER,561,,,,575488,
4.787606,DELIVER,562,,,,576512,
4.828658,DELIVER,563,,,,577536,
4.828970,DELIVER,564,,,,578560,
4.829199,DELIVER,565,,,,579584,
4.839408,DELIVER,566,,,,580608,
4.839858,DELIVER,567,,,,581632,
4.840156,DELIVER,568,,,,582656,
4.840536,DELIVER,569,,,,583680,
4.840833,DELIVER,570,,,,584704,
4.841089,DELIVER,571,,,,585728,
4.841341,DELIVER,572,,,,586752,
4.841591,DELIVER,573,,,,587776,
4.841842,DELIVER,574,,,,588800,
4.842091,DELIVER,575,,,,589824,
4.842338,DELIVER,576,,,,590848,
4.842539,DELIVER,577,,,,591872,
4.842733,DELIVER,578,,,,592896,
4.882480,DELIVER,579,,,,593920,
4.883178,DELIVER,580,,,,594944,
4.883431,DELIVER,581,,,,595968,
4.883692,DELIVER,582,,,,596992,
4.883916,DELIVER,583,,,,598016,
4.884131,DELIVER,584,,,,599040,
4.884384,DELIVER,585,,,,600064,
4.894572,DELIVER,586,,,,601088,
4.894877,DELIVER,587,,,,602112,
4.895135,DELIVER,588,,,,603136,
4.895377,DELIVER,589,,,,604160,
4.895608,DELIVER,590,,,,605184,
4.895838,DELIVER,591,,,,606208,
4.896045,DELIVER,592,,,,607232,
4.896267,DELIVER,593,,,,608256,
4.896495,DELIVER,594,,,,609280,
4.926342,DELIVER,595,,,,610304,
4.928105,DELIVER,596,,,,611328,
4.928379,DELIVER,597,,,,612352,
4.928616,DELIVER,598,,,,613376,
4.932114,DELIVER,599,,,,614400,
4.932453,DELIVER,600,,,,615424,
4.933128,DELIVER,601,,,,616448,
4.933419,DELIVER,602,,,,617472,
4.938468,DELIVER,603,,,,618496,
4.946031,DELIVER,604,,,,619520,
4.946341,DELIVER,605,,,,620544,
4.946565,GAP,607,,,,620544,expected 606
4.946835,GAP,608,,,,620544,expected 606
4.947288,GAP,609,,,,620544,expected 606
4.947531,GAP,610,,,,620544,expected 606
4.951221,GAP,611,,,,620544,expected 606
4.971507,GAP,612,,,,620544,expected 606
4.977723,GAP,613,,,,620544,expected 606
4.977990,GAP,614,,,,620544,expected 606
4.982053,GAP,615,,,,620544,expected 606
4.984095,GAP,616,,,,620544,expected 606
4.984433,GAP,617,,,,620544,expected 606
4.984725,GAP,618,,,,620544,expected 606
4.985070,GAP,619,,,,620544,expected 606
4.985411,GAP,620,,,,620544,expected 606
4.992436,GAP,622,,,,620544,expected 606
4.996504,GAP,623,,,,620544,expected 606
4.996830,DELIVER,606,,,,621568,
4.997062,DELIVER,607,,,,622592,
4.997300,DELIVER,608,,,,623616,
4.997525,DELIVER,609,,,,624640,
4.997772,DELIVER,610,,,,625664,
4.998114,DELIVER,611,,,,626688,
4.998414,DELIVER,612,,,,627712,
4.998635,DELIVER,613,,,,628736,
4.998859,DELIVER,614,,,,629760,
4.999086,DELIVER,615,,,,630784,
4.999400,DELIVER,616,,,,631808,
4.999711,DELIVER,617,,,,632832,
4.999969,DELIVER,618,,,,633856,
5.000386,DELIVER,619,,,,634880,
5.003817,DELIVER,620,,,,635904,
5.004077,DELIVER,621,,,,636928,
5.055574,DELIVER,622,,,,637952,
5.056559,DELIVER,623,,,,638976,
5.056908,DELIVER,624,,,,640000,
5.057196,DELIVER,625,,,,641024,
5.057440,DELIVER,626,,,,642048,
5.057992,DELIVER,627,,,,643072,
5.058352,DELIVER,628,,,,644096,
5.058610,DELIVER,629,,,,645120,
5.058855,DELIVER,630,,,,646144,
5.059080,DELIVER,631,,,,647168,
5.059287,DELIVER,632,,,,648192,
5.059530,DELIVER,633,,,,649216,
5.059763,DELIVER,634,,,,650240,
5.059993,DELIVER,635,,,,651264,
5.060272,DELIVER,636,,,,652288,
5.060597,DELIVER,637,,,,653312,
5.060887,DELIVER,638,,,,654336,
5.098837,DELIVER,639,,,,655360,
5.099491,DELIVER,640,,,,656384,
5.112680,DELIVER,641,,,,657408,
5.113250,DELIVER,642,,,,658432,
5.113752,DELIVER,643,,,,659456,
5.114256,DELIVER,644,,,,660480,
5.114653,DELIVER,645,,,,661504,
5.115052,DELIVER,646,,,,662528,
5.115395,DELIVER,647,,,,663552,
5.115762,DELIVER,648,,,,664576,
5.116128,DELIVER,649,,,,665600,
5.116487,DELIVER,650,,,,666624,
5.116920,DELIVER,651,,,,667648,
5.117225,DELIVER,652,,,,668672,
5.117536,DELIVER,653,,,,669696,
5.117804,DELIVER,654,,,,670720,
5.118077,DELIVER,655,,,,671744,
5.118374,DELIVER,656,,,,672768,
5.144894,DELIVER,657,,,,673792,
5.145197,DELIVER,658,,,,674816,
5.159628,DELIVER,659,,,,675840,
5.169345,DELIVER,660,,,,676864,
5.169652,DELIVER,661,,,,677888,
5.170387,DELIVER,662,,,,678912,
5.170815,DELIVER,663,,,,679936,
5.171116,GAP,665,,,,679936,expected 664
5.171411,GAP,666,,,,679936,expected 664
5.171695,GAP,667,,,,679936,expected 664
5.171977,GAP,668,,,,679936,expected 664
5.172271,GAP,669,,,,679936,expected 664
5.172558,GAP,670,,,,679936,expected 664
5.172852,GAP,671,,,,679936,expected 664
5.173162,GAP,672,,,,679936,expected 664
5.173444,GAP,673,,,,679936,expected 664
5.173732,GAP,674,,,,679936,expected 664
5.174011,GAP,675,,,,679936,expected 664
5.193007,GAP,676,,,,679936,expected 664
5.193457,GAP,677,,,,679936,expected 664
5.207763,GAP,678,,,,679936,expected 664
5.218950,GAP,679,,,,679936,expected 664
5.224482,DELIVER,664,,,,680960,
5.225052,DELIVER,665,,,,681984,
5.225487,DELIVER,666,,,,683008,
5.225812,DELIVER,667,,,,684032,
5.226132,DELIVER,668,,,,685056,
5.226477,DELIVER,669,,,,686080,
5.226710,DELIVER,670,,,,687104,
5.226933,DELIVER,671,,,,688128,
5.227196,DELIVER,672,,,,689152,
5.227403,DELIVER,673,,,,690176,
5.227698,DELIVER,674,,,,691200,
5.227965,DELIVER,675,,,,692224,
5.228349,DELIVER,676,,,,693248,
5.228613,DELIVER,677,,,,694272,
5.228865,DELIVER,678,,,,695296,
5.229117,DELIVER,679,,,,696320,
5.229367,DELIVER,680,,,,697344,
5.279785,DELIVER,681,,,,698368,
5.280276,DELIVER,682,,,,699392,
5.280562,DELIVER,683,,,,700416,
5.280884,DELIVER,684,,,,701440,
5.281199,DELIVER,685,,,,702464,
5.281528,DELIVER,686,,,,703488,
5.281897,DELIVER,687,,,,704512,
5.282242,DELIVER,688,,,,705536,
5.282568,DELIVER,689,,,,706560,
5.283037,DELIVER,690,,,,707584,
5.283349,DELIVER,691,,,,708608,
5.285090,DELIVER,692,,,,709632,
5.285345,DELIVER,693,,,,710656,
5.285592,DELIVER,694,,,,711680,
5.285839,DELIVER,695,,,,712704,
5.286084,DELIVER,696,,,,713728,
5.286330,DELIVER,697,,,,714752,
5.331202,GAP,699,,,,714752,expected 698
5.331642,GAP,700,,,,714752,expected 698
5.332479,GAP,701,,,,714752,expected 698
5.332953,GAP,702,,,,714752,expected 698
5.333312,GAP,703,,,,714752,expected 698
5.333992,GAP,704,,,,714752,expected 698
5.334655,GAP,705,,,,714752,expected 698
5.337547,GAP,706,,,,714752,expected 698
5.338082,GAP,707,,,,714752,expected 698
5.338857,GAP,708,,,,714752,expected 698
5.339331,GAP,709,,,,714752,expected 698
5.340236,GAP,710,,,,714752,expected 698
5.340515,GAP,711,,,,714752,expected 698
5.340793,GAP,712,,,,714752,expected 698
5.341124,GAP,713,,,,714752,expected 698
5.341444,GAP,714,,,,714752,expected 698
5.341803,GAP,715,,,,714752,expected 698
5.342099,GAP,716,,,,714752,expected 698
5.373706,DELIVER,698,,,,715776,
5.378079,DELIVER,699,,,,716800,
5.381109,DELIVER,700,,,,717824,
5.381476,DELIVER,701,,,,718848,
5.381876,GAP,703,,,,718848,expected 702
5.384434,GAP,704,,,,718848,expected 702
5.385162,GAP,705,,,,718848,expected 702
5.385604,GAP,706,,,,718848,expected 702
5.385905,GAP,707,,,,718848,expected 702
5.386407,GAP,708,,,,718848,expected 702
5.387043,GAP,711,,,,718848,expected 702
5.387462,GAP,712,,,,718848,expected 702
5.387973,GAP,713,,,,718848,expected 702
5.388681,GAP,714,,,,718848,expected 702
5.417497,GAP,715,,,,718848,expected 702
5.426904,DELIVER,702,,,,719872,
5.429927,DELIVER,703,,,,720896,
5.430284,GAP,705,,,,720896,expected 704
5.430705,GAP,706,,,,720896,expected 704
5.430951,GAP,707,,,,720896,expected 704
5.431243,GAP,708,,,,720896,expected 704
5.431508,GAP,710,,,,720896,expected 704
5.433081,GAP,711,,,,720896,expected 704
5.433442,GAP,712,,,,720896,expected 704
5.433684,GAP,713,,,,720896,expected 704
5.433923,GAP,714,,,,720896,expected 704
5.434315,GAP,715,,,,720896,expected 704
5.434902,GAP,716,,,,720896,expected 704
5.435205,GAP,717,,,,720896,expected 704
5.435493,GAP,718,,,,720896,expected 704
5.468489,GAP,719,,,,720896,expected 704
5.485649,DELIVER,704,,,,721920,
5.485990,DELIVER,705,,,,722944,
5.486372,DELIVER,706,,,,723968,
5.486687,DELIVER,707,,,,724992,
5.486956,DELIVER,708,,,,726016,
5.487314,DELIVER,709,,,,727040,
5.487589,DELIVER,710,,,,728064,
5.487956,DELIVER,711,,,,729088,
5.488258,DELIVER,712,,,,730112,
5.488673,DELIVER,713,,,,731136,
5.489153,DELIVER,714,,,,732160,
5.489442,DELIVER,715,,,,733184,
5.489709,DELIVER,716,,,,734208,
5.489959,DELIVER,717,,,,735232,
5.490209,DELIVER,718,,,,736256,
5.490459,GAP,720,,,,736256,expected 719
5.529728,GAP,721,,,,736256,expected 719
5.530040,GAP,722,,,,736256,expected 719
5.534884,GAP,723,,,,736256,expected 719
5.535277,DELIVER,719,,,,737280,
5.535581,DELIVER,720,,,,738304,
5.535928,DELIVER,721,,,,739328,
5.536259,DELIVER,722,,,,740352,
5.536551,GAP,724,,,,740352,expected 723
5.536880,GAP,725,,,,740352,expected 723
5.544293,GAP,726,,,,740352,expected 723
5.544605,GAP,727,,,,740352,expected 723
5.544984,GAP,728,,,,740352,expected 723
5.545387,GAP,729,,,,740352,expected 723
5.545661,GAP,730,,,,740352,expected 723
5.545912,GAP,731,,,,740352,expected 723
5.546177,GAP,733,,,,740352,expected 723
5.546424,GAP,734,,,,740352,expected 723
5.575175,GAP,735,,,,740352,expected 723
5.575546,GAP,736,,,,740352,expected 723
5.585959,GAP,737,,,,740352,expected 723
5.586418,GAP,738,,,,740352,expected 723
5.586708,DELIVER,723,,,,741376,
5.588388,DELIVER,724,,,,742400,
5.589033,DELIVER,725,,,,743424,
5.589417,DELIVER,726,,,,744448,
5.589762,DELIVER,727,,,,745472,
5.590415,DELIVER,728,,,,746496,
5.591131,DELIVER,729,,,,747520,
5.591504,DELIVER,730,,,,748544,
5.592501,DELIVER,731,,,,749568,
5.592820,DELIVER,732,,,,750592,
5.593096,DELIVER,733,,,,751616,
5.593398,DELIVER,734,,,,752640,
5.593946,DELIVER,735,,,,753664,
5.594404,DELIVER,736,,,,754688,
5.594701,DELIVER,737,,,,755712,
5.594961,DELIVER,738,,,,756736,
5.636918,DELIVER,739,,,,757760,
5.637287,DELIVER,740,,,,758784,
5.638127,DELIVER,741,,,,759808,
5.639093,DELIVER,742,,,,760832,
5.639864,DELIVER,743,,,,761856,
5.640279,DELIVER,744,,,,762880,
5.640920,DELIVER,745,,,,763904,
5.641569,DELIVER,746,,,,764928,
5.641871,DELIVER,747,,,,765952,
5.642427,DELIVER,748,,,,766976,
5.642685,DELIVER,749,,,,768000,
5.642940,DELIVER,750,,,,769024,
5.643193,DELIVER,751,,,,770048,
5.643444,DELIVER,752,,,,771072,
5.643695,DELIVER,753,,,,772096,
5.645480,DELIVER,754,,,,773120,
5.649579,DELIVER,755,,,,774144,
5.689328,DELIVER,756,,,,775168,
5.689891,DELIVER,757,,,,776192,
5.691252,DELIVER,758,,,,777216,
5.691709,DELIVER,759,,,,778240,
5.692014,DELIVER,760,,,,779264,
5.692381,DELIVER,761,,,,780288,
5.692682,DELIVER,762,,,,781312,
5.692938,DELIVER,763,,,,782336,
5.694797,DELIVER,764,,,,783360,
5.696359,DELIVER,765,,,,784384,
5.696806,DELIVER,766,,,,785408,
5.697236,DELIVER,767,,,,786432,
5.697666,DELIVER,768,,,,787456,
5.697929,DELIVER,769,,,,788480,
5.698211,DELIVER,770,,,,789504,
5.698499,DELIVER,771,,,,790528,
5.698759,DELIVER,772,,,,791552,
5.699013,DELIVER,773,,,,792576,
5.736159,DELIVER,774,,,,793600,
5.744276,GAP,776,,,,793600,expected 775
5.744635,GAP,777,,,,793600,expected 775
5.744998,GAP,778,,,,793600,expected 775
5.745326,GAP,779,,,,793600,expected 775
5.745645,GAP,780,,,,793600,expected 775
5.746906,GAP,781,,,,793600,expected 775
5.747240,GAP,782,,,,793600,expected 775
5.747648,GAP,784,,,,793600,expected 775
5.747963,GAP,785,,,,793600,expected 775
5.748228,GAP,786,,,,793600,expected 775
5.748523,GAP,787,,,,793600,expected 775
5.748813,GAP,788,,,,793600,expected 775
5.749096,GAP,790,,,,793600,expected 775
5.749387,GAP,791,,,,793600,expected 775
5.750327,GAP,792,,,,793600,expected 775
5.779268,GAP,793,,,,793600,expected 775
5.790567,DELIVER,775,,,,794624,
5.791131,DELIVER,776,,,,795648,
5.791716,DELIVER,777,,,,796672,
5.792144,DELIVER,778,,,,797696,
5.792447,DELIVER,779,,,,798720,
5.792843,DELIVER,780,,,,799744,
5.793156,DELIVER,781,,,,800768,
5.793463,DELIVER,782,,,,801792,
5.793723,DELIVER,783,,,,802816,
5.793974,DELIVER,784,,,,803840,
5.794227,DELIVER,785,,,,804864,
5.794477,DELIVER,786,,,,805888,
5.794724,DELIVER,787,,,,806912,
5.794972,DELIVER,788,,,,807936,
5.796954,DELIVER,789,,,,808960,
5.797214,DELIVER,790,,,,809984,
5.797462,DELIVER,791,,,,811008,
5.843247,DELIVER,792,,,,812032,
5.843692,DELIVER,793,,,,813056,
5.844098,DELIVER,794,,,,814080,
5.844477,DELIVER,795,,,,815104,
5.844971,DELIVER,796,,,,816128,
5.845363,DELIVER,797,,,,817152,
5.845731,DELIVER,798,,,,818176,
5.846197,DELIVER,799,,,,819200,
5.846470,DELIVER,800,,,,820224,
5.846719,DELIVER,801,,,,821248,
5.846985,DELIVER,802,,,,822272,
5.847330,DELIVER,803,,,,823296,
5.847686,DELIVER,804,,,,824320,
5.847984,DELIVER,805,,,,825344,
5.848288,DELIVER,806,,,,826368,
5.848578,DELIVER,807,,,,827392,
5.848836,DELIVER,808,,,,828416,
5.849655,DELIVER,809,,,,829440,
5.889504,DELIVER,810,,,,830464,
5.889828,DELIVER,811,,,,831488,
5.891950,DELIVER,812,,,,832512,
5.898587,DELIVER,813,,,,833536,
5.898893,DELIVER,814,,,,834560,
5.899099,DELIVER,815,,,,835584,
5.899298,DELIVER,816,,,,836608,
5.899525,DELIVER,817,,,,837632,
5.905563,DELIVER,818,,,,838656,
5.905908,DELIVER,819,,,,839680,
5.906151,DELIVER,820,,,,840704,
5.906386,DELIVER,821,,,,841728,
5.906655,DELIVER,822,,,,842752,
5.906908,DELIVER,823,,,,843776,
5.907112,DELIVER,824,,,,844800,
5.907327,DELIVER,825,,,,845824,
5.907525,GAP,827,,,,845824,expected 826
5.907731,GAP,828,,,,845824,expected 826
5.930939,GAP,829,,,,845824,expected 826
5.937088,GAP,830,,,,845824,expected 826
5.940348,GAP,831,,,,845824,expected 826
5.957328,GAP,832,,,,845824,expected 826
5.957610,GAP,833,,,,845824,expected 826
5.957916,GAP,834,,,,845824,expected 826
5.958316,GAP,835,,,,845824,expected 826
5.958611,GAP,836,,,,845824,expected 826
5.958863,GAP,837,,,,845824,expected 826
5.959087,GAP,838,,,,845824,expected 826
5.959320,GAP,839,,,,845824,expected 826
5.959544,DELIVER,826,,,,846848,
5.959827,DELIVER,827,,,,847872,
5.960158,DELIVER,828,,,,848896,
5.960419,GAP,830,,,,848896,expected 829
5.960683,GAP,831,,,,848896,expected 829
5.960942,GAP,832,,,,848896,expected 829
5.962744,GAP,833,,,,848896,expected 829
5.963060,GAP,834,,,,848896,expected 829
5.963339,GAP,835,,,,848896,expected 829
5.963599,GAP,836,,,,848896,expected 829
5.963857,GAP,837,,,,848896,expected 829
5.964114,GAP,838,,,,848896,expected 829
5.964370,GAP,839,,,,848896,expected 829
5.964624,GAP,840,,,,848896,expected 829
5.964879,GAP,841,,,,848896,expected 829
5.965137,GAP,842,,,,848896,expected 829
6.006447,DELIVER,829,,,,849920,
6.014272,DELIVER,830,,,,850944,
6.014511,DELIVER,831,,,,851968,
6.014732,DELIVER,832,,,,852992,
6.014975,DELIVER,833,,,,854016,
6.015152,DELIVER,834,,,,855040,
6.015317,DELIVER,835,,,,856064,
6.015483,DELIVER,836,,,,857088,
6.015899,GAP,838,,,,857088,expected 837
6.016076,GAP,839,,,,857088,expected 837
6.016246,GAP,840,,,,857088,expected 837
6.016411,GAP,841,,,,857088,expected 837
6.016578,GAP,842,,,,857088,expected 837
6.016744,GAP,843,,,,857088,expected 837
6.016911,GAP,844,,,,857088,expected 837
6.017243,GAP,845,,,,857088,expected 837
6.057000,GAP,847,,,,857088,expected 837
6.060921,DELIVER,837,,,,858112,
6.070938,DELIVER,838,,,,859136,
6.071288,DELIVER,839,,,,860160,
6.071532,DELIVER,840,,,,861184,
6.071761,DELIVER,841,,,,862208,
6.072005,DELIVER,842,,,,863232,
6.072244,DELIVER,843,,,,864256,
6.072607,DELIVER,844,,,,865280,
6.072901,DELIVER,845,,,,866304,
6.073125,DELIVER,846,,,,867328,
6.073327,DELIVER,847,,,,868352,
6.073508,DELIVER,848,,,,869376,
6.073672,DELIVER,849,,,,870400,
6.073833,DELIVER,850,,,,871424,
6.073996,DELIVER,851,,,,872448,
6.074159,DELIVER,852,,,,873472,
6.074320,DELIVER,853,,,,874496,
6.074481,DELIVER,854,,,,875520,
6.099372,DELIVER,855,,,,876544,
6.109343,DELIVER,856,,,,877568,
6.112235,DELIVER,857,,,,878592,
6.113122,DELIVER,858,,,,879616,
6.115484,DELIVER,859,,,,880640,
6.115688,DELIVER,860,,,,881664,
6.118157,DELIVER,861,,,,882688,
6.120295,DELIVER,862,,,,883712,
6.120454,DELIVER,863,,,,884736,
6.123775,DELIVER,864,,,,885760,
6.124288,DELIVER,865,,,,886784,
6.124607,DELIVER,866,,,,887808,
6.130732,DELIVER,867,,,,888832,
6.130998,DELIVER,868,,,,889856,
6.131256,DELIVER,869,,,,890880,
6.131493,DELIVER,870,,,,891904,
6.131773,DELIVER,871,,,,892928,
6.131981,DELIVER,872,,,,893952,
6.132137,DELIVER,873,,,,894976,
6.149189,DELIVER,874,,,,896000,
6.159270,DELIVER,875,,,,897024,
6.159610,DELIVER,876,,,,898048,
6.159832,DELIVER,877,,,,899072,
6.160851,DELIVER,878,,,,900096,
6.161102,DELIVER,879,,,,901120,
6.165845,DELIVER,880,,,,902144,
6.166738,DELIVER,881,,,,903168,
6.167353,DELIVER,882,,,,904192,
6.167550,DELIVER,883,,,,905216,
6.175878,DELIVER,884,,,,906240,
6.176118,DELIVER,885,,,,907264,
6.176337,DELIVER,886,,,,908288,
6.176980,DELIVER,887,,,,909312,
6.181915,DELIVER,888,,,,910336,
6.182265,DELIVER,889,,,,911360,
6.182640,DELIVER,890,,,,912384,
6.186876,DELIVER,891,,,,913408,
6.187175,DELIVER,892,,,,914432,
6.187373,DELIVER,893,,,,915456,
6.212257,GAP,895,,,,915456,expected 894
6.212494,GAP,896,,,,915456,expected 894
6.212643,GAP,898,,,,915456,expected 894
6.212788,GAP,899,,,,915456,expected 894
6.215986,GAP,900,,,,915456,expected 894
6.216295,GAP,901,,,,915456,expected 894
6.216573,GAP,902,,,,915456,expected 894
6.220699,GAP,903,,,,915456,expected 894
6.224885,GAP,904,,,,915456,expected 894
6.226561,GAP,905,,,,915456,expected 894
6.226730,GAP,907,,,,915456,expected 894
6.231455,GAP,908,,,,915456,expected 894
6.236397,GAP,909,,,,915456,expected 894
6.236649,GAP,910,,,,915456,expected 894
6.236924,GAP,911,,,,915456,expected 894
6.237127,GAP,912,,,,915456,expected 894
6.237329,GAP,913,,,,915456,expected 894
6.237524,GAP,914,,,,915456,expected 894
6.267756,DELIVER,894,,,,916480,
6.267944,DELIVER,895,,,,917504,
6.268324,DELIVER,896,,,,918528,
6.268582,DELIVER,897,,,,919552,
6.268771,DELIVER,898,,,,920576,
6.269018,DELIVER,899,,,,921600,
6.269228,DELIVER,900,,,,922624,
6.269373,DELIVER,901,,,,923648,
6.269518,DELIVER,902,,,,924672,
6.269656,DELIVER,903,,,,925696,
6.269892,DELIVER,904,,,,926720,
6.270059,GAP,906,,,,926720,expected 905
6.270248,GAP,907,,,,926720,expected 905
6.270496,GAP,908,,,,926720,expected 905
6.271069,GAP,909,,,,926720,expected 905
6.271220,GAP,910,,,,926720,expected 905
6.271388,GAP,911,,,,926720,expected 905
6.321828,GAP,906,,,,926720,expected 905
6.322094,GAP,907,,,,926720,expected 905
6.322268,GAP,908,,,,926720,expected 905
6.322446,GAP,909,,,,926720,expected 905
6.322635,GAP,910,,,,926720,expected 905
6.322819,GAP,911,,,,926720,expected 905
6.322970,GAP,913,,,,926720,expected 905
6.323921,GAP,915,,,,926720,expected 905
6.324115,GAP,916,,,,926720,expected 905
6.324300,GAP,917,,,,926720,expected 905
6.324449,GAP,918,,,,926720,expected 905
6.324619,GAP,920,,,,926720,expected 905
6.324798,GAP,921,,,,926720,expected 905
6.324974,GAP,922,,,,926720,expected 905
6.325135,GAP,923,,,,926720,expected 905
6.528104,DELIVER,905,,,,927744,
6.528527,DELIVER,906,,,,928768,
6.528894,DELIVER,907,,,,929792,
6.529310,DELIVER,908,,,,930816,
6.529520,DELIVER,909,,,,931840,
6.529674,DELIVER,910,,,,932864,
6.529808,DELIVER,911,,,,933888,
6.529923,DELIVER,912,,,,934912,
6.530032,DELIVER,913,,,,935936,
6.530141,DELIVER,914,,,,936960,
6.530249,DELIVER,915,,,,937984,
6.530373,DELIVER,916,,,,939008,
6.530483,DELIVER,917,,,,940032,
6.531390,DELIVER,918,,,,941056,
6.531502,DELIVER,919,,,,942080,
6.531610,DELIVER,920,,,,943104,
6.531717,DELIVER,921,,,,944128,
6.531822,DELIVER,922,,,,945152,
6.531928,DELIVER,923,,,,946176,
6.583198,DELIVER,924,,,,947200,
6.586033,DELIVER,925,,,,948224,
6.586207,DELIVER,926,,,,949248,
6.586321,DELIVER,927,,,,950272,
6.586442,DELIVER,928,,,,951296,
6.586553,DELIVER,929,,,,952320,
6.586659,DELIVER,930,,,,953344,
6.586765,DELIVER,931,,,,954368,
6.586871,DELIVER,932,,,,955392,
6.586980,GAP,934,,,,955392,expected 933
6.587090,GAP,936,,,,955392,expected 933
6.587199,GAP,937,,,,955392,expected 933
6.587308,GAP,938,,,,955392,expected 933
6.587590,GAP,939,,,,955392,expected 933
6.587788,GAP,940,,,,955392,expected 933
6.587905,GAP,941,,,,955392,expected 933
6.588084,GAP,942,,,,955392,expected 933
6.588259,GAP,943,,,,955392,expected 933
6.637945,GAP,944,,,,955392,expected 933
6.638636,GAP,945,,,,955392,expected 933
6.639012,GAP,946,,,,955392,expected 933
6.639224,DELIVER,933,,,,956416,
6.639348,DELIVER,934,,,,957440,
6.639458,DELIVER,935,,,,958464,
6.639567,DELIVER,936,,,,959488,
6.639676,DELIVER,937,,,,960512,
6.639783,DELIVER,938,,,,961536,
6.639893,DELIVER,939,,,,962560,
6.639998,DELIVER,940,,,,963584,
6.640103,DELIVER,941,,,,964608,
6.640208,GAP,943,,,,964608,expected 942
6.640318,GAP,944,,,,964608,expected 942
6.640427,GAP,945,,,,964608,expected 942
6.640535,GAP,946,,,,964608,expected 942
6.640644,GAP,947,,,,964608,expected 942
6.640754,GAP,949,,,,964608,expected 942
6.640865,GAP,950,,,,964608,expected 942
6.685162,GAP,951,,,,964608,expected 942
6.687808,GAP,952,,,,964608,expected 942
6.689310,GAP,953,,,,964608,expected 942
6.689622,DELIVER,942,,,,965632,
6.690411,DELIVER,943,,,,966656,
6.690669,DELIVER,944,,,,967680,
6.690915,DELIVER,945,,,,968704,
6.691147,DELIVER,946,,,,969728,
6.691353,DELIVER,947,,,,970752,
6.693388,DELIVER,948,,,,971776,
6.693634,DELIVER,949,,,,972800,
6.693831,DELIVER,950,,,,973824,
6.696727,DELIVER,951,,,,974848,
6.697031,DELIVER,952,,,,975872,
6.697260,DELIVER,953,,,,976896,
6.697473,DELIVER,954,,,,977920,
6.697692,GAP,956,,,,977920,expected 955
6.697903,GAP,957,,,,977920,expected 955
6.698135,GAP,958,,,,977920,expected 955
6.698385,GAP,959,,,,977920,expected 955
6.698718,GAP,960,,,,977920,expected 955
6.738672,GAP,961,,,,977920,expected 955
6.739005,GAP,962,,,,977920,expected 955
6.741389,GAP,963,,,,977920,expected 955
6.741701,GAP,964,,,,977920,expected 955
6.741967,GAP,965,,,,977920,expected 955
6.742225,GAP,966,,,,977920,expected 955
6.744056,GAP,967,,,,977920,expected 955
6.744359,GAP,968,,,,977920,expected 955
6.744620,GAP,969,,,,977920,expected 955
6.747091,GAP,970,,,,977920,expected 955
6.747403,GAP,971,,,,977920,expected 955
6.747692,DELIVER,955,,,,978944,
6.747970,DELIVER,956,,,,979968,
6.750790,DELIVER,957,,,,980992,
6.751188,GAP,959,,,,980992,expected 958
6.751483,GAP,960,,,,980992,expected 958
6.751921,GAP,961,,,,980992,expected 958
6.752327,GAP,962,,,,980992,expected 958
6.752652,GAP,963,,,,980992,expected 958
6.752870,GAP,964,,,,980992,expected 958
6.753121,GAP,965,,,,980992,expected 958
6.753390,GAP,966,,,,980992,expected 958
6.753685,GAP,967,,,,980992,expected 958
6.753926,GAP,968,,,,980992,expected 958
6.754165,GAP,969,,,,980992,expected 958
6.754396,GAP,970,,,,980992,expected 958
6.754666,GAP,971,,,,980992,expected 958
6.795650,DELIVER,958,,,,982016,
6.801530,DELIVER,959,,,,983040,
6.801859,DELIVER,960,,,,984064,
6.802162,DELIVER,961,,,,985088,
6.802502,DELIVER,962,,,,986112,
6.802808,DELIVER,963,,,,987136,
6.803024,DELIVER,964,,,,988160,
6.804135,DELIVER,965,,,,989184,
6.804429,DELIVER,966,,,,990208,
6.804707,GAP,968,,,,990208,expected 967
6.804963,GAP,969,,,,990208,expected 967
6.805226,GAP,970,,,,990208,expected 967
6.805432,GAP,971,,,,990208,expected 967
6.805594,GAP,972,,,,990208,expected 967
6.805735,GAP,973,,,,990208,expected 967
6.805880,GAP,974,,,,990208,expected 967
6.840405,GAP,975,,,,990208,expected 967
6.846260,DELIVER,967,,,,991232,
6.851730,DELIVER,968,,,,992256,
6.851963,DELIVER,969,,,,993280,
6.852993,DELIVER,970,,,,994304,
6.853445,DELIVER,971,,,,995328,
6.857789,DELIVER,972,,,,996352,
6.858511,DELIVER,973,,,,997376,
6.858782,DELIVER,974,,,,998400,
6.859070,DELIVER,975,,,,999424,
6.859313,DELIVER,976,,,,1000448,
6.859528,DELIVER,977,,,,1001472,
6.859757,DELIVER,978,,,,1002496,
6.860029,DELIVER,979,,,,1003520,
6.860268,DELIVER,980,,,,1004544,
6.860468,DELIVER,981,,,,1005568,
6.860610,DELIVER,982,,,,1006592,
6.860735,DELIVER,983,,,,1007616,
6.860858,DELIVER,984,,,,1008640,
6.884893,DELIVER,985,,,,1009664,
6.889751,DELIVER,986,,,,1010688,
6.893853,DELIVER,987,,,,1011712,
6.899138,DELIVER,988,,,,1012736,
6.901843,DELIVER,989,,,,1013760,
6.904349,DELIVER,990,,,,1014784,
6.904518,DELIVER,991,,,,1015808,
6.906882,DELIVER,992,,,,1016832,
6.907014,DELIVER,993,,,,1017856,
6.907139,DELIVER,994,,,,1018880,
6.907309,DELIVER,995,,,,1019904,
6.913790,DELIVER,996,,,,1020928,
6.914531,DELIVER,997,,,,1021952,
6.914777,DELIVER,998,,,,1022976,
6.915443,DELIVER,999,,,,1024000,
6.915616,DELIVER,1000,,,,1025024,
6.915769,DELIVER,1001,,,,1026048,
6.915899,GAP,1003,,,,1026048,expected 1002
6.928258,GAP,1004,,,,1026048,expected 1002
6.932955,GAP,1005,,,,1026048,expected 1002
6.943465,GAP,1006,,,,1026048,expected 1002
6.943633,GAP,1007,,,,1026048,expected 1002
6.948372,GAP,1008,,,,1026048,expected 1002
6.948714,GAP,1009,,,,1026048,expected 1002
6.948948,GAP,1010,,,,1026048,expected 1002
6.955567,GAP,1011,,,,1026048,expected 1002
6.955905,GAP,1012,,,,1026048,expected 1002
6.956188,GAP,1014,,,,1026048,expected 1002
6.957244,GAP,1015,,,,1026048,expected 1002
6.960694,GAP,1016,,,,1026048,expected 1002
6.960858,DELIVER,1002,,,,1027072,
6.960993,DELIVER,1003,,,,1028096,
6.961116,DELIVER,1004,,,,1029120,
6.965237,DELIVER,1005,,,,1030144,
6.965540,DELIVER,1006,,,,1031168,
6.965840,DELIVER,1007,,,,1032192,
6.966083,DELIVER,1008,,,,1033216,
6.966328,DELIVER,1009,,,,1034240,
6.966521,DELIVER,1010,,,,1035264,
6.967332,DELIVER,1011,,,,1036288,
6.967532,DELIVER,1012,,,,1037312,
6.968467,DELIVER,1013,,,,1038336,
6.968630,DELIVER,1014,,,,1039360,
6.968771,DELIVER,1015,,,,1040384,
6.968897,DELIVER,1016,,,,1041408,
6.969019,DELIVER,1017,,,,1042432,
6.969140,DELIVER,1018,,,,1043456,
7.008503,DELIVER,1019,,,,1044480,
7.008806,DELIVER,1020,,,,1045504,
7.017959,DELIVER,1021,,,,1046528,
7.018265,DELIVER,1022,,,,1047552,
7.018504,DELIVER,1023,,,,1048576,
7.018875,DELIVER,1024,,,,1049600,
7.019152,DELIVER,1025,,,,1050624,
7.019462,DELIVER,1026,,,,1051648,
7.019712,DELIVER,1027,,,,1052672,
7.019964,DELIVER,1028,,,,1053696,
7.020519,DELIVER,1029,,,,1054720,
7.020801,DELIVER,1030,,,,1055744,
7.021032,DELIVER,1031,,,,1056768,
7.021231,DELIVER,1032,,,,1057792,
7.021730,DELIVER,1033,,,,1058816,
7.021892,DELIVER,1034,,,,1059840,
7.022015,DELIVER,1035,,,,1060864,
7.022146,DELIVER,1036,,,,1061888,
7.049605,DELIVER,1037,,,,1062912,
7.051661,DELIVER,1038,,,,1063936,
7.058560,DELIVER,1039,,,,1064960,
7.068346,DELIVER,1040,,,,1065984,
7.068612,DELIVER,1041,,,,1067008,
7.068858,DELIVER,1042,,,,1068032,
7.071069,DELIVER,1043,,,,1069056,
7.071376,DELIVER,1044,,,,1070080,
7.071606,DELIVER,1045,,,,1071104,
7.073716,DELIVER,1046,,,,1072128,
7.073984,DELIVER,1047,,,,1073152,
7.074216,GAP,1049,,,,1073152,expected 1048
7.074508,GAP,1050,,,,1073152,expected 1048
7.074775,GAP,1051,,,,1073152,expected 1048
7.075003,GAP,1052,,,,1073152,expected 1048
7.075216,GAP,1053,,,,1073152,expected 1048
7.075466,GAP,1054,,,,1073152,expected 1048
7.078586,GAP,1055,,,,1073152,expected 1048
7.092843,GAP,1056,,,,1073152,expected 1048
7.104146,GAP,1057,,,,1073152,expected 1048
7.104454,GAP,1058,,,,1073152,expected 1048
7.110678,GAP,1059,,,,1073152,expected 1048
7.120655,GAP,1060,,,,1073152,expected 1048
7.120928,GAP,1061,,,,1073152,expected 1048
7.122004,GAP,1063,,,,1073152,expected 1048
7.122596,GAP,1064,,,,1073152,expected 1048
7.122870,GAP,1065,,,,1073152,expected 1048
7.123108,GAP,1066,,,,1073152,expected 1048
7.123336,DELIVER,1048,,,,1074176,
7.123577,DELIVER,1049,,,,1075200,
7.123888,DELIVER,1050,,,,1076224,
7.126559,DELIVER,1051,,,,1077248,
7.126965,DELIVER,1052,,,,1078272,
7.127330,DELIVER,1053,,,,1079296,
7.127897,DELIVER,1054,,,,1080320,
7.128319,DELIVER,1055,,,,1081344,
7.128611,DELIVER,1056,,,,1082368,
7.129279,DELIVER,1057,,,,1083392,
7.129581,DELIVER,1058,,,,1084416,
7.129868,DELIVER,1059,,,,1085440,
7.130127,DELIVER,1060,,,,1086464,
7.130259,DELIVER,1061,,,,1087488,
7.130349,DELIVER,1062,,,,1088512,
7.130429,DELIVER,1063,,,,1089536,
7.130506,DELIVER,1064,,,,1090560,
7.171126,DELIVER,1065,,,,1091584,
7.173128,DELIVER,1066,,,,1092608,
7.173443,DELIVER,1067,,,,1093632,
7.173770,DELIVER,1068,,,,1094656,
7.174066,GAP,1070,,,,1094656,expected 1069
7.174372,GAP,1071,,,,1094656,expected 1069
7.179286,GAP,1072,,,,1094656,expected 1069
7.179636,GAP,1073,,,,1094656,expected 1069
7.179937,GAP,1074,,,,1094656,expected 1069
7.180240,GAP,1075,,,,1094656,expected 1069
7.180637,GAP,1076,,,,1094656,expected 1069
7.180955,GAP,1077,,,,1094656,expected 1069
7.185354,GAP,1078,,,,1094656,expected 1069
7.185673,GAP,1079,,,,1094656,expected 1069
7.185927,GAP,1080,,,,1094656,expected 1069
7.186197,GAP,1081,,,,1094656,expected 1069
7.186444,GAP,1082,,,,1094656,expected 1069
7.214141,GAP,1083,,,,1094656,expected 1069
7.221314,DELIVER,1069,,,,1095680,
7.226397,DELIVER,1070,,,,1096704,
7.226750,DELIVER,1071,,,,1097728,
7.226997,DELIVER,1072,,,,1098752,
7.227247,DELIVER,1073,,,,1099776,
7.227485,DELIVER,1074,,,,1100800,
7.227709,DELIVER,1075,,,,1101824,
7.227945,DELIVER,1076,,,,1102848,
7.228189,DELIVER,1077,,,,1103872,
7.228345,DELIVER,1078,,,,1104896,
7.228458,DELIVER,1079,,,,1105920,
7.228558,DELIVER,1080,,,,1106944,
7.228655,DELIVER,1081,,,,1107968,
7.228752,DELIVER,1082,,,,1108992,
7.228848,DELIVER,1083,,,,1110016,
7.228944,DELIVER,1084,,,,1111040,
7.265869,DELIVER,1085,,,,1112064,
7.277769,DELIVER,1086,,,,1113088,
7.278080,DELIVER,1087,,,,1114112,
7.278330,DELIVER,1088,,,,1115136,
7.278552,DELIVER,1089,,,,1116160,
7.278772,DELIVER,1090,,,,1117184,
7.281532,DELIVER,1091,,,,1118208,
7.281939,DELIVER,1092,,,,1119232,
7.282362,GAP,1094,,,,1119232,expected 1093
7.282755,GAP,1095,,,,1119232,expected 1093
7.283175,GAP,1096,,,,1119232,expected 1093
7.285078,GAP,1098,,,,1119232,expected 1093
7.285309,GAP,1099,,,,1119232,expected 1093
7.285471,GAP,1100,,,,1119232,expected 1093
7.285626,GAP,1101,,,,1119232,expected 1093
7.308517,GAP,1102,,,,1119232,expected 1093
7.310635,GAP,1103,,,,1119232,expected 1093
7.315799,GAP,1104,,,,1119232,expected 1093
7.321747,GAP,1105,,,,1119232,expected 1093
7.322061,GAP,1106,,,,1119232,expected 1093
7.335171,GAP,1107,,,,1119232,expected 1093
7.335608,GAP,1108,,,,1119232,expected 1093
7.336016,GAP,1109,,,,1119232,expected 1093
7.336251,DELIVER,1093,,,,1120256,
7.336755,DELIVER,1094,,,,1121280,
7.337115,DELIVER,1095,,,,1122304,
7.337415,DELIVER,1096,,,,1123328,
7.337718,DELIVER,1097,,,,1124352,
7.337955,DELIVER,1098,,,,1125376,
7.338118,DELIVER,1099,,,,1126400,
7.338228,DELIVER,1100,,,,1127424,
7.338327,DELIVER,1101,,,,1128448,
7.338424,DELIVER,1102,,,,1129472,
7.338521,DELIVER,1103,,,,1130496,
7.338617,DELIVER,1104,,,,1131520,
7.338713,DELIVER,1105,,,,1132544,
7.338809,DELIVER,1106,,,,1133568,
7.338905,DELIVER,1107,,,,1134592,
7.339000,DELIVER,1108,,,,1135616,
7.377631,DELIVER,1109,,,,1136640,
7.393007,DELIVER,1110,,,,1137664,
7.393131,DELIVER,1111,,,,1138688,
7.393244,DELIVER,1112,,,,1139712,
7.393344,DELIVER,1113,,,,1140736,
7.393439,DELIVER,1114,,,,1141760,
7.393534,DELIVER,1115,,,,1142784,
7.393630,DELIVER,1116,,,,1143808,
7.393728,DELIVER,1117,,,,1144832,
7.393823,DELIVER,1118,,,,1145856,
7.393919,DELIVER,1119,,,,1146880,
7.394016,DELIVER,1120,,,,1147904,
7.396936,DELIVER,1121,,,,1148928,
7.397076,DELIVER,1122,,,,1149952,
7.397189,DELIVER,1123,,,,1150976,
7.427148,GAP,1125,,,,1150976,expected 1124
7.427481,GAP,1126,,,,1150976,expected 1124
7.440360,GAP,1127,,,,1150976,expected 1124
7.440804,GAP,1129,,,,1150976,expected 1124
7.441222,GAP,1130,,,,1150976,expected 1124
7.441629,GAP,1131,,,,1150976,expected 1124
7.441922,GAP,1132,,,,1150976,expected 1124
7.447773,GAP,1133,,,,1150976,expected 1124
7.448135,GAP,1134,,,,1150976,expected 1124
7.448456,GAP,1135,,,,1150976,expected 1124
7.448770,GAP,1136,,,,1150976,expected 1124
7.449097,GAP,1137,,,,1150976,expected 1124
7.449425,GAP,1138,,,,1150976,expected 1124
7.449723,GAP,1139,,,,1150976,expected 1124
7.451227,GAP,1140,,,,1150976,expected 1124
7.451657,GAP,1141,,,,1150976,expected 1124
7.481450,DELIVER,1124,,,,1152000,
7.481806,GAP,1126,,,,1152000,expected 1125
7.482153,GAP,1127,,,,1152000,expected 1125
7.482450,GAP,1128,,,,1152000,expected 1125
7.482745,GAP,1129,,,,1152000,expected 1125
7.482995,GAP,1130,,,,1152000,expected 1125
7.483180,GAP,1131,,,,1152000,expected 1125
7.483308,GAP,1132,,,,1152000,expected 1125
7.483422,GAP,1133,,,,1152000,expected 1125
7.483626,GAP,1134,,,,1152000,expected 1125
7.483862,GAP,1135,,,,1152000,expected 1125
7.483979,GAP,1136,,,,1152000,expected 1125
7.484092,GAP,1137,,,,1152000,expected 1125
7.484225,GAP,1138,,,,1152000,expected 1125
7.484339,GAP,1139,,,,1152000,expected 1125
7.530488,DELIVER,1125,,,,1153024,
7.530836,DELIVER,1126,,,,1154048,
7.531073,GAP,1128,,,,1154048,expected 1127
7.531341,GAP,1129,,,,1154048,expected 1127
7.531598,GAP,1130,,,,1154048,expected 1127
7.531850,GAP,1131,,,,1154048,expected 1127
7.532096,GAP,1132,,,,1154048,expected 1127
7.532345,GAP,1133,,,,1154048,expected 1127
7.532562,GAP,1134,,,,1154048,expected 1127
7.532792,GAP,1135,,,,1154048,expected 1127
7.533034,GAP,1136,,,,1154048,expected 1127
7.533282,GAP,1137,,,,1154048,expected 1127
7.533614,GAP,1138,,,,1154048,expected 1127
7.533872,GAP,1139,,,,1154048,expected 1127
7.573753,GAP,1141,,,,1154048,expected 1127
7.573961,GAP,1142,,,,1154048,expected 1127
7.576239,DELIVER,1127,,,,1155072,
7.576422,DELIVER,1128,,,,1156096,
7.578626,DELIVER,1129,,,,1157120,
7.578774,DELIVER,1130,,,,1158144,
7.584677,GAP,1132,,,,1158144,expected 1131
7.584902,GAP,1133,,,,1158144,expected 1131
7.585120,GAP,1134,,,,1158144,expected 1131
7.585292,GAP,1135,,,,1158144,expected 1131
7.585463,GAP,1136,,,,1158144,expected 1131
7.585627,GAP,1137,,,,1158144,expected 1131
7.585793,GAP,1138,,,,1158144,expected 1131
7.585965,GAP,1139,,,,1158144,expected 1131
7.586130,GAP,1140,,,,1158144,expected 1131
7.586294,GAP,1141,,,,1158144,expected 1131
7.586459,GAP,1142,,,,1158144,expected 1131
7.621075,GAP,1143,,,,1158144,expected 1131
7.626831,GAP,1144,,,,1158144,expected 1131
7.627079,GAP,1145,,,,1158144,expected 1131
7.627321,GAP,1146,,,,1158144,expected 1131
7.630234,DELIVER,1131,,,,1159168,
7.630445,DELIVER,1132,,,,1160192,
7.635282,DELIVER,1133,,,,1161216,
7.635502,DELIVER,1134,,,,1162240,
7.635698,DELIVER,1135,,,,1163264,
7.635900,DELIVER,1136,,,,1164288,
7.636130,DELIVER,1137,,,,1165312,
7.636368,DELIVER,1138,,,,1166336,
7.636582,DELIVER,1139,,,,1167360,
7.636782,DELIVER,1140,,,,1168384,
7.636978,DELIVER,1141,,,,1169408,
7.637173,DELIVER,1142,,,,1170432,
7.637366,DELIVER,1143,,,,1171456,
7.637561,DELIVER,1144,,,,1172480,
7.637755,DELIVER,1145,,,,1173504,
7.637950,DELIVER,1146,,,,1174528,
7.677906,DELIVER,1147,,,,1175552,
7.685939,DELIVER,1148,,,,1176576,
7.686966,DELIVER,1149,,,,1177600,
7.687447,DELIVER,1150,,,,1178624,
7.687707,DELIVER,1151,,,,1179648,
7.687959,GAP,1153,,,,1179648,expected 1152
7.688295,GAP,1154,,,,1179648,expected 1152
7.688696,GAP,1155,,,,1179648,expected 1152
7.688973,GAP,1156,,,,1179648,expected 1152
7.689292,GAP,1157,,,,1179648,expected 1152
7.689616,GAP,1158,,,,1179648,expected 1152
7.689864,GAP,1159,,,,1179648,expected 1152
7.690260,GAP,1160,,,,1179648,expected 1152
7.690516,GAP,1161,,,,1179648,expected 1152
7.691149,GAP,1162,,,,1179648,expected 1152
7.691357,GAP,1163,,,,1179648,expected 1152
7.731965,GAP,1164,,,,1179648,expected 1152
7.739494,DELIVER,1152,,,,1180672,
7.739854,DELIVER,1153,,,,1181696,
7.740142,GAP,1155,,,,1181696,expected 1154
7.740430,GAP,1156,,,,1181696,expected 1154
7.740684,GAP,1157,,,,1181696,expected 1154
7.740927,GAP,1158,,,,1181696,expected 1154
7.741190,GAP,1159,,,,1181696,expected 1154
7.741477,GAP,1160,,,,1181696,expected 1154
7.741760,GAP,1161,,,,1181696,expected 1154
7.743052,GAP,1162,,,,1181696,expected 1154
7.743409,GAP,1163,,,,1181696,expected 1154
7.743642,GAP,1164,,,,1181696,expected 1154
7.743879,GAP,1165,,,,1181696,expected 1154
7.744160,GAP,1166,,,,1181696,expected 1154
7.779920,DELIVER,1154,,,,1182720,
7.789089,DELIVER,1155,,,,1183744,
7.789537,DELIVER,1156,,,,1184768,
7.789793,DELIVER,1157,,,,1185792,
7.790030,DELIVER,1158,,,,1186816,
7.790281,DELIVER,1159,,,,1187840,
7.790570,DELIVER,1160,,,,1188864,
7.790837,DELIVER,1161,,,,1189888,
7.791091,DELIVER,1162,,,,1190912,
7.791435,DELIVER,1163,,,,1191936,
7.791646,DELIVER,1164,,,,1192960,
7.791848,DELIVER,1165,,,,1193984,
7.792044,DELIVER,1166,,,,1195008,
7.792246,DELIVER,1167,,,,1196032,
7.792444,DELIVER,1168,,,,1197056,
7.828301,DELIVER,1169,,,,1198080,
7.828674,DELIVER,1170,,,,1199104,
7.835199,DELIVER,1171,,,,1200128,
7.836464,DELIVER,1172,,,,1201152,
7.836826,DELIVER,1173,,,,1202176,
7.839249,DELIVER,1174,,,,1203200,
7.841185,DELIVER,1175,,,,1204224,
7.843372,DELIVER,1176,,,,1205248,
7.843656,DELIVER,1177,,,,1206272,
7.843854,DELIVER,1178,,,,1207296,
7.844110,DELIVER,1179,,,,1208320,
7.846584,DELIVER,1180,,,,1209344,
7.846965,DELIVER,1181,,,,1210368,
7.847244,DELIVER,1182,,,,1211392,
7.847488,DELIVER,1183,,,,1212416,
7.847881,DELIVER,1184,,,,1213440,
7.870863,DELIVER,1185,,,,1214464,
7.872929,DELIVER,1186,,,,1215488,
7.883204,DELIVER,1187,,,,1216512,
7.891946,DELIVER,1188,,,,1217536,
7.892245,DELIVER,1189,,,,1218560,
7.892466,DELIVER,1190,,,,1219584,
7.892716,DELIVER,1191,,,,1220608,
7.892971,DELIVER,1192,,,,1221632,
7.893222,DELIVER,1193,,,,1222656,
7.893511,DELIVER,1194,,,,1223680,
7.893797,DELIVER,1195,,,,1224704,
7.894071,DELIVER,1196,,,,1225728,
7.894326,DELIVER,1197,,,,1226752,
7.894635,DELIVER,1198,,,,1227776,
7.894874,DELIVER,1199,,,,1228800,
7.895146,DELIVER,1200,,,,1229824,
7.897833,DELIVER,1201,,,,1230848,
7.916692,DELIVER,1202,,,,1231872,
7.920258,DELIVER,1203,,,,1232896,
7.926216,DELIVER,1204,,,,1233920,
7.938571,DELIVER,1205,,,,1234944,
7.942711,DELIVER,1206,,,,1235968,
7.942997,DELIVER,1207,,,,1236992,
7.943223,DELIVER,1208,,,,1238016,
7.943464,DELIVER,1209,,,,1239040,
7.944626,DELIVER,1210,,,,1240064,
7.946557,DELIVER,1211,,,,1241088,
7.946855,DELIVER,1212,,,,1242112,
7.949718,DELIVER,1213,,,,1243136,
7.950164,DELIVER,1214,,,,1244160,
7.950455,DELIVER,1215,,,,1245184,
7.950729,DELIVER,1216,,,,1246208,
7.951602,DELIVER,1217,,,,1247232,
7.951909,DELIVER,1218,,,,1248256,
7.952801,DELIVER,1219,,,,1249280,
7.966071,DELIVER,1220,,,,1250304,
7.967037,DELIVER,1221,,,,1251328,
7.977441,DELIVER,1222,,,,1252352,
7.993891,DELIVER,1223,,,,1253376,
7.994474,GAP,1225,,,,1253376,expected 1224
7.994879,GAP,1226,,,,1253376,expected 1224
7.995285,GAP,1227,,,,1253376,expected 1224
7.995663,GAP,1228,,,,1253376,expected 1224
7.995974,GAP,1229,,,,1253376,expected 1224
7.996499,GAP,1230,,,,1253376,expected 1224
7.999344,GAP,1231,,,,1253376,expected 1224
7.999830,GAP,1232,,,,1253376,expected 1224
8.000733,GAP,1233,,,,1253376,expected 1224
8.001273,GAP,1234,,,,1253376,expected 1224
8.001574,GAP,1235,,,,1253376,expected 1224
8.002513,GAP,1236,,,,1253376,expected 1224
8.003003,GAP,1237,,,,1253376,expected 1224
8.003624,GAP,1238,,,,1253376,expected 1224
8.018864,GAP,1239,,,,1253376,expected 1224
8.019036,GAP,1240,,,,1253376,expected 1224
8.019189,GAP,1241,,,,1253376,expected 1224
8.033747,GAP,1242,,,,1253376,expected 1224
8.034112,DELIVER,1224,,,,1254400,
8.034392,DELIVER,1225,,,,1255424,
8.034601,DELIVER,1226,,,,1256448,
8.034865,DELIVER,1227,,,,1257472,
8.035176,DELIVER,1228,,,,1258496,
8.038529,GAP,1230,,,,1258496,expected 1229
8.038903,GAP,1231,,,,1258496,expected 1229
8.039356,GAP,1232,,,,1258496,expected 1229
8.039687,GAP,1233,,,,1258496,expected 1229
8.040067,GAP,1234,,,,1258496,expected 1229
8.041000,GAP,1235,,,,1258496,expected 1229
8.041294,GAP,1236,,,,1258496,expected 1229
8.041591,GAP,1237,,,,1258496,expected 1229
8.043549,GAP,1238,,,,1258496,expected 1229
8.043892,GAP,1239,,,,1258496,expected 1229
8.044158,GAP,1240,,,,1258496,expected 1229
8.092309,DELIVER,1229,,,,1259520,
8.092850,DELIVER,1230,,,,1260544,
8.093397,DELIVER,1231,,,,1261568,
8.094248,GAP,1233,,,,1261568,expected 1232
8.094960,GAP,1234,,,,1261568,expected 1232
8.095498,GAP,1235,,,,1261568,expected 1232
8.095851,GAP,1236,,,,1261568,expected 1232
8.096159,GAP,1237,,,,1261568,expected 1232
8.096452,GAP,1238,,,,1261568,expected 1232
8.096742,GAP,1239,,,,1261568,expected 1232
8.097107,GAP,1240,,,,1261568,expected 1232
8.097460,GAP,1241,,,,1261568,expected 1232
8.097753,GAP,1242,,,,1261568,expected 1232
8.098041,GAP,1243,,,,1261568,expected 1232
8.098345,GAP,1244,,,,1261568,expected 1232
8.098662,GAP,1245,,,,1261568,expected 1232
8.144535,DELIVER,1232,,,,1262592,
8.147868,DELIVER,1233,,,,1263616,
8.148210,DELIVER,1234,,,,1264640,
8.148573,DELIVER,1235,,,,1265664,
8.148904,DELIVER,1236,,,,1266688,
8.149176,DELIVER,1237,,,,1267712,
8.153350,DELIVER,1238,,,,1268736,
8.153882,DELIVER,1239,,,,1269760,
8.154223,DELIVER,1240,,,,1270784,
8.154513,DELIVER,1241,,,,1271808,
8.155249,DELIVER,1242,,,,1272832,
8.155638,DELIVER,1243,,,,1273856,
8.156016,DELIVER,1244,,,,1274880,
8.156388,GAP,1246,,,,1274880,expected 1245
8.156725,GAP,1247,,,,1274880,expected 1245
8.157062,GAP,1248,,,,1274880,expected 1245
8.157363,GAP,1249,,,,1274880,expected 1245
8.193303,GAP,1250,,,,1274880,expected 1245
8.198502,GAP,1251,,,,1274880,expected 1245
8.203664,GAP,1252,,,,1274880,expected 1245
8.204779,GAP,1253,,,,1274880,expected 1245
8.205230,GAP,1254,,,,1274880,expected 1245
8.205519,GAP,1255,,,,1274880,expected 1245
8.205781,DELIVER,1245,,,,1275904,
8.206019,DELIVER,1246,,,,1276928,
8.206263,DELIVER,1247,,,,1277952,
8.206526,DELIVER,1248,,,,1278976,
8.206772,DELIVER,1249,,,,1280000,
8.207096,DELIVER,1250,,,,1281024,
8.208483,DELIVER,1251,,,,1282048,
8.208748,GAP,1253,,,,1282048,expected 1252
8.208988,GAP,1254,,,,1282048,expected 1252
8.209225,GAP,1255,,,,1282048,expected 1252
8.211284,GAP,1256,,,,1282048,expected 1252
8.211684,GAP,1257,,,,1282048,expected 1252
8.212119,GAP,1258,,,,1282048,expected 1252
8.212507,GAP,1259,,,,1282048,expected 1252
8.212737,GAP,1260,,,,1282048,expected 1252
8.247422,GAP,1261,,,,1282048,expected 1252
8.253988,GAP,1262,,,,1282048,expected 1252
8.254384,GAP,1263,,,,1282048,expected 1252
8.254666,GAP,1264,,,,1282048,expected 1252
8.258124,GAP,1265,,,,1282048,expected 1252
8.258481,DELIVER,1252,,,,1283072,
8.258767,DELIVER,1253,,,,1284096,
8.259146,DELIVER,1254,,,,1285120,
8.259438,DELIVER,1255,,,,1286144,
8.263540,DELIVER,1256,,,,1287168,
8.263851,DELIVER,1257,,,,1288192,
8.264236,DELIVER,1258,,,,1289216,
8.264792,DELIVER,1259,,,,1290240,
8.265226,DELIVER,1260,,,,1291264,
8.265622,DELIVER,1261,,,,1292288,
8.265994,DELIVER,1262,,,,1293312,
8.266274,DELIVER,1263,,,,1294336,
8.266594,DELIVER,1264,,,,1295360,
8.266861,DELIVER,1265,,,,1296384,
8.267082,DELIVER,1266,,,,1297408,
8.267416,DELIVER,1267,,,,1298432,
8.267717,DELIVER,1268,,,,1299456,
8.316343,DELIVER,1269,,,,1300480,
8.319778,DELIVER,1270,,,,1301504,
8.320452,DELIVER,1271,,,,1302528,
8.320744,DELIVER,1272,,,,1303552,
8.320962,DELIVER,1273,,,,1304576,
8.321259,DELIVER,1274,,,,1305600,
8.321611,DELIVER,1275,,,,1306624,
8.322013,DELIVER,1276,,,,1307648,
8.322314,DELIVER,1277,,,,1308672,
8.322590,DELIVER,1278,,,,1309696,
8.322843,DELIVER,1279,,,,1310720,
8.323357,GAP,1281,,,,1310720,expected 1280
8.323681,GAP,1282,,,,1310720,expected 1280
8.323991,GAP,1283,,,,1310720,expected 1280
8.324293,GAP,1284,,,,1310720,expected 1280
8.324557,GAP,1285,,,,1310720,expected 1280
8.324789,GAP,1286,,,,1310720,expected 1280
8.358275,GAP,1287,,,,1310720,expected 1280
8.371086,GAP,1289,,,,1310720,expected 1280
8.371457,GAP,1290,,,,1310720,expected 1280
8.371679,GAP,1291,,,,1310720,expected 1280
8.371916,GAP,1293,,,,1310720,expected 1280
8.372188,GAP,1294,,,,1310720,expected 1280
8.372396,GAP,1295,,,,1310720,expected 1280
8.372595,GAP,1296,,,,1310720,expected 1280
8.372945,GAP,1297,,,,1310720,expected 1280
8.376659,GAP,1281,,,,1310720,expected 1280
8.379132,GAP,1282,,,,1310720,expected 1280
8.379324,GAP,1283,,,,1310720,expected 1280
8.379518,GAP,1284,,,,1310720,expected 1280
8.379727,GAP,1285,,,,1310720,expected 1280
8.379922,GAP,1286,,,,1310720,expected 1280
8.380454,GAP,1287,,,,1310720,expected 1280
8.380833,GAP,1288,,,,1310720,expected 1280
8.381010,GAP,1289,,,,1310720,expected 1280
8.381178,GAP,1291,,,,1310720,expected 1280
8.381345,GAP,1292,,,,1310720,expected 1280
8.383134,GAP,1293,,,,1310720,expected 1280
8.383327,GAP,1294,,,,1310720,expected 1280
8.384113,GAP,1295,,,,1310720,expected 1280
8.586308,DELIVER,1280,,,,1311744,
8.586735,DELIVER,1281,,,,1312768,
8.587352,DELIVER,1282,,,,1313792,
8.588091,DELIVER,1283,,,,1314816,
8.588462,DELIVER,1284,,,,1315840,
8.588840,DELIVER,1285,,,,1316864,
8.589198,DELIVER,1286,,,,1317888,
8.589638,DELIVER,1287,,,,1318912,
8.589986,DELIVER,1288,,,,1319936,
8.590297,DELIVER,1289,,,,1320960,
8.591037,GAP,1291,,,,1320960,expected 1290
8.591365,GAP,1292,,,,1320960,expected 1290
8.591738,GAP,1294,,,,1320960,expected 1290
8.592032,GAP,1295,,,,1320960,expected 1290
8.624006,GAP,1296,,,,1320960,expected 1290
8.624323,GAP,1297,,,,1320960,expected 1290
8.631896,GAP,1298,,,,1320960,expected 1290
8.646737,DELIVER,1290,,,,1321984,
8.647291,DELIVER,1291,,,,1323008,
8.647679,DELIVER,1292,,,,1324032,
8.648086,DELIVER,1293,,,,1325056,
8.648478,DELIVER,1294,,,,1326080,
8.648869,DELIVER,1295,,,,1327104,
8.649290,DELIVER,1296,,,,1328128,
8.649648,DELIVER,1297,,,,1329152,
8.649960,DELIVER,1298,,,,1330176,
8.650472,DELIVER,1299,,,,1331200,
8.650774,DELIVER,1300,,,,1332224,
8.651095,DELIVER,1301,,,,1333248,
8.651499,DELIVER,1302,,,,1334272,
8.651957,DELIVER,1303,,,,1335296,
8.652287,DELIVER,1304,,,,1336320,
8.652601,DELIVER,1305,,,,1337344,
8.652881,DELIVER,1306,,,,1338368,
8.694592,DELIVER,1307,,,,1339392,
8.698268,DELIVER,1308,,,,1340416,
8.701782,DELIVER,1309,,,,1341440,
8.702225,DELIVER,1310,,,,1342464,
8.702618,DELIVER,1311,,,,1343488,
8.703086,GAP,1313,,,,1343488,expected 1312
8.703699,GAP,1314,,,,1343488,expected 1312
8.704073,GAP,1315,,,,1343488,expected 1312
8.705199,GAP,1316,,,,1343488,expected 1312
8.710221,GAP,1317,,,,1343488,expected 1312
8.710723,GAP,1318,,,,1343488,expected 1312
8.711122,GAP,1319,,,,1343488,expected 1312
8.711443,GAP,1320,,,,1343488,expected 1312
8.711744,GAP,1321,,,,1343488,expected 1312
8.712166,GAP,1322,,,,1343488,expected 1312
8.712559,GAP,1323,,,,1343488,expected 1312
8.712905,GAP,1324,,,,1343488,expected 1312
8.741800,GAP,1325,,,,1343488,expected 1312
8.743711,GAP,1326,,,,1343488,expected 1312
8.756307,DELIVER,1312,,,,1344512,
8.756748,DELIVER,1313,,,,1345536,
8.757545,DELIVER,1314,,,,1346560,
8.757996,DELIVER,1315,,,,1347584,
8.758312,DELIVER,1316,,,,1348608,
8.758636,DELIVER,1317,,,,1349632,
8.758919,DELIVER,1318,,,,1350656,
8.759242,DELIVER,1319,,,,1351680,
8.759599,DELIVER,1320,,,,1352704,
8.759864,DELIVER,1321,,,,1353728,
8.760117,DELIVER,1322,,,,1354752,
8.760368,DELIVER,1323,,,,1355776,
8.760619,DELIVER,1324,,,,1356800,
8.760869,DELIVER,1325,,,,1357824,
8.761119,DELIVER,1326,,,,1358848,
8.761341,DELIVER,1327,,,,1359872,
8.796602,DELIVER,1328,,,,1360896,
8.804219,DELIVER,1329,,,,1361920,
8.812998,DELIVER,1330,,,,1362944,
8.813299,DELIVER,1331,,,,1363968,
8.813562,DELIVER,1332,,,,1364992,
8.814023,DELIVER,1333,,,,1366016,
8.814449,DELIVER,1334,,,,1367040,
8.814754,GAP,1336,,,,1367040,expected 1335
8.815049,GAP,1337,,,,1367040,expected 1335
8.815344,GAP,1338,,,,1367040,expected 1335
8.815636,GAP,1339,,,,1367040,expected 1335
8.815955,GAP,1340,,,,1367040,expected 1335
8.816320,GAP,1341,,,,1367040,expected 1335
8.816575,GAP,1342,,,,1367040,expected 1335
8.816780,GAP,1343,,,,1367040,expected 1335
8.816985,GAP,1344,,,,1367040,expected 1335
8.844621,GAP,1345,,,,1367040,expected 1335
8.854527,GAP,1347,,,,1367040,expected 1335
8.858665,GAP,1348,,,,1367040,expected 1335
8.859021,GAP,1349,,,,1367040,expected 1335
8.860022,GAP,1350,,,,1367040,expected 1335
8.867579,DELIVER,1335,,,,1368064,
8.868255,DELIVER,1336,,,,1369088,
8.868796,DELIVER,1337,,,,1370112,
8.869230,DELIVER,1338,,,,1371136,
8.869603,DELIVER,1339,,,,1372160,
8.869992,GAP,1341,,,,1372160,expected 1340
8.870358,GAP,1342,,,,1372160,expected 1340
8.870784,GAP,1343,,,,1372160,expected 1340
8.871198,GAP,1344,,,,1372160,expected 1340
8.871476,GAP,1345,,,,1372160,expected 1340
8.871739,GAP,1346,,,,1372160,expected 1340
8.871995,GAP,1347,,,,1372160,expected 1340
8.872252,GAP,1348,,,,1372160,expected 1340
8.872508,GAP,1349,,,,1372160,expected 1340
8.908340,GAP,1350,,,,1372160,expected 1340
8.914608,GAP,1351,,,,1372160,expected 1340
8.918060,GAP,1352,,,,1372160,expected 1340
8.918270,GAP,1353,,,,1372160,expected 1340
8.918473,GAP,1354,,,,1372160,expected 1340
8.918675,GAP,1355,,,,1372160,expected 1340
8.921980,DELIVER,1340,,,,1373184,
8.922187,DELIVER,1341,,,,1374208,
8.922409,DELIVER,1342,,,,1375232,
8.922607,DELIVER,1343,,,,1376256,
8.922805,DELIVER,1344,,,,1377280,
8.923000,DELIVER,1345,,,,1378304,
8.923198,DELIVER,1346,,,,1379328,
8.923392,DELIVER,1347,,,,1380352,
8.923587,DELIVER,1348,,,,1381376,
8.923778,DELIVER,1349,,,,1382400,
8.923970,DELIVER,1350,,,,1383424,
8.924163,GAP,1352,,,,1383424,expected 1351
8.924345,GAP,1353,,,,1383424,expected 1351
8.924471,GAP,1354,,,,1383424,expected 1351
8.924598,GAP,1355,,,,1383424,expected 1351
8.969798,GAP,1358,,,,1383424,expected 1351
8.970093,DELIVER,1351,,,,1384448,
8.971190,DELIVER,1352,,,,1385472,
8.971645,DELIVER,1353,,,,1386496,
8.971921,DELIVER,1354,,,,1387520,
8.976142,DELIVER,1355,,,,1388544,
8.977570,DELIVER,1356,,,,1389568,
8.977841,DELIVER,1357,,,,1390592,
8.978091,DELIVER,1358,,,,1391616,
8.978363,DELIVER,1359,,,,1392640,
8.978566,DELIVER,1360,,,,1393664,
8.979084,DELIVER,1361,,,,1394688,
8.979410,DELIVER,1362,,,,1395712,
8.979720,DELIVER,1363,,,,1396736,
8.980016,DELIVER,1364,,,,1397760,
9.026856,DELIVER,1365,,,,1398784,
9.027172,DELIVER,1366,,,,1399808,
9.027414,DELIVER,1367,,,,1400832,
9.028269,GAP,1369,,,,1400832,expected 1368
9.028553,GAP,1370,,,,1400832,expected 1368
9.028847,GAP,1371,,,,1400832,expected 1368
9.029087,GAP,1372,,,,1400832,expected 1368
9.029391,GAP,1373,,,,1400832,expected 1368
9.029762,GAP,1374,,,,1400832,expected 1368
9.030228,GAP,1375,,,,1400832,expected 1368
9.035730,GAP,1376,,,,1400832,expected 1368
9.036293,GAP,1377,,,,1400832,expected 1368
9.036604,GAP,1378,,,,1400832,expected 1368
9.036940,GAP,1379,,,,1400832,expected 1368
9.074627,GAP,1380,,,,1400832,expected 1368
9.074999,DELIVER,1368,,,,1401856,
9.075249,DELIVER,1369,,,,1402880,
9.075455,DELIVER,1370,,,,1403904,
9.075701,DELIVER,1371,,,,1404928,
9.075952,DELIVER,1372,,,,1405952,
9.076211,DELIVER,1373,,,,1406976,
9.076452,DELIVER,1374,,,,1408000,
9.076664,DELIVER,1375,,,,1409024,
9.076903,DELIVER,1376,,,,1410048,
9.077147,DELIVER,1377,,,,1411072,
9.077462,GAP,1379,,,,1411072,expected 1378
9.077730,GAP,1381,,,,1411072,expected 1378
9.134854,DELIVER,1378,,,,1412096,
9.135177,GAP,1380,,,,1412096,expected 1379
9.135643,GAP,1381,,,,1412096,expected 1379
9.136254,GAP,1382,,,,1412096,expected 1379
9.136788,GAP,1383,,,,1412096,expected 1379
9.137164,GAP,1384,,,,1412096,expected 1379
9.137432,GAP,1385,,,,1412096,expected 1379
9.137758,GAP,1386,,,,1412096,expected 1379
9.138011,GAP,1387,,,,1412096,expected 1379
9.138264,GAP,1388,,,,1412096,expected 1379
9.138536,GAP,1389,,,,1412096,expected 1379
9.139042,GAP,1390,,,,1412096,expected 1379
9.139418,GAP,1391,,,,1412096,expected 1379
9.179271,DELIVER,1379,,,,1413120,
9.179770,DELIVER,1380,,,,1414144,
9.180195,DELIVER,1381,,,,1415168,
9.180771,DELIVER,1382,,,,1416192,
9.181869,GAP,1384,,,,1416192,expected 1383
9.185250,GAP,1385,,,,1416192,expected 1383
9.185647,GAP,1386,,,,1416192,expected 1383
9.185969,GAP,1387,,,,1416192,expected 1383
9.186254,GAP,1388,,,,1416192,expected 1383
9.186520,GAP,1389,,,,1416192,expected 1383
9.186780,GAP,1390,,,,1416192,expected 1383
9.187039,GAP,1391,,,,1416192,expected 1383
9.187295,GAP,1392,,,,1416192,expected 1383
9.213900,GAP,1393,,,,1416192,expected 1383
9.214896,GAP,1394,,,,1416192,expected 1383
9.221422,GAP,1395,,,,1416192,expected 1383
9.227367,GAP,1397,,,,1416192,expected 1383
9.231281,DELIVER,1383,,,,1417216,
9.234426,DELIVER,1384,,,,1418240,
9.234631,GAP,1386,,,,1418240,expected 1385
9.234825,GAP,1387,,,,1418240,expected 1385
9.234993,GAP,1388,,,,1418240,expected 1385
9.235183,GAP,1389,,,,1418240,expected 1385
9.235376,GAP,1390,,,,1418240,expected 1385
9.235569,GAP,1391,,,,1418240,expected 1385
9.235760,GAP,1392,,,,1418240,expected 1385
9.235929,GAP,1393,,,,1418240,expected 1385
9.236093,GAP,1394,,,,1418240,expected 1385
9.236260,GAP,1395,,,,1418240,expected 1385
9.283191,DELIVER,1385,,,,1419264,
9.283464,DELIVER,1386,,,,1420288,
9.283717,DELIVER,1387,,,,1421312,
9.283967,DELIVER,1388,,,,1422336,
9.284217,DELIVER,1389,,,,1423360,
9.284463,DELIVER,1390,,,,1424384,
9.284709,DELIVER,1391,,,,1425408,
9.284957,DELIVER,1392,,,,1426432,
9.285204,DELIVER,1393,,,,1427456,
9.285455,DELIVER,1394,,,,1428480,
9.285696,DELIVER,1395,,,,1429504,
9.288170,DELIVER,1396,,,,1430528,
9.288372,DELIVER,1397,,,,1431552,
9.334043,DELIVER,1398,,,,1432576,
9.334423,DELIVER,1399,,,,1433600,
9.334686,DELIVER,1400,,,,1434624,
9.334970,DELIVER,1401,,,,1435648,
9.340334,DELIVER,1402,,,,1436672,
9.340636,DELIVER,1403,,,,1437696,
9.340902,DELIVER,1404,,,,1438720,
9.342298,DELIVER,1405,,,,1439744,
9.342570,DELIVER,1406,,,,1440768,
9.342814,DELIVER,1407,,,,1441792,
9.346821,DELIVER,1408,,,,1442816,
9.347154,DELIVER,1409,,,,1443840,
9.347391,DELIVER,1410,,,,1444864,
9.347637,DELIVER,1411,,,,1445888,
9.387233,DELIVER,1412,,,,1446912,
9.390087,DELIVER,1413,,,,1447936,
9.391659,DELIVER,1414,,,,1448960,
9.392106,DELIVER,1415,,,,1449984,
9.392780,DELIVER,1416,,,,1451008,
9.394062,DELIVER,1417,,,,1452032,
9.394407,DELIVER,1418,,,,1453056,
9.394757,DELIVER,1419,,,,1454080,
9.395158,DELIVER,1420,,,,1455104,
9.395992,DELIVER,1421,,,,1456128,
9.396298,DELIVER,1422,,,,1457152,
9.396580,DELIVER,1423,,,,1458176,
9.396876,DELIVER,1424,,,,1459200,
9.404537,DELIVER,1425,,,,1460224,
9.405311,DELIVER,1426,,,,1461248,
9.429033,DELIVER,1427,,,,1462272,
9.438201,DELIVER,1428,,,,1463296,
9.443062,DELIVER,1429,,,,1464320,
9.443398,DELIVER,1430,,,,1465344,
9.452348,DELIVER,1431,,,,1466368,
9.453125,DELIVER,1432,,,,1467392,
9.453516,DELIVER,1433,,,,1468416,
9.453878,DELIVER,1434,,,,1469440,
9.454171,GAP,1436,,,,1469440,expected 1435
9.455318,GAP,1437,,,,1469440,expected 1435
9.455774,GAP,1438,,,,1469440,expected 1435
9.456038,GAP,1439,,,,1469440,expected 1435
9.456290,GAP,1440,,,,1469440,expected 1435
9.456608,GAP,1441,,,,1469440,expected 1435
9.456894,GAP,1442,,,,1469440,expected 1435
9.470831,GAP,1443,,,,1469440,expected 1435
9.479456,GAP,1444,,,,1469440,expected 1435
9.483784,GAP,1445,,,,1469440,expected 1435
9.493600,GAP,1446,,,,1469440,expected 1435
9.493920,GAP,1447,,,,1469440,expected 1435
9.501400,GAP,1448,,,,1469440,expected 1435
9.501897,GAP,1449,,,,1469440,expected 1435
9.502254,GAP,1436,,,,1469440,expected 1435
9.502627,GAP,1437,,,,1469440,expected 1435
9.503091,GAP,1439,,,,1469440,expected 1435
9.503662,GAP,1440,,,,1469440,expected 1435
9.504013,GAP,1441,,,,1469440,expected 1435
9.504311,GAP,1442,,,,1469440,expected 1435
9.505563,GAP,1443,,,,1469440,expected 1435
9.505823,GAP,1444,,,,1469440,expected 1435
9.507747,GAP,1445,,,,1469440,expected 1435
9.508042,GAP,1446,,,,1469440,expected 1435
9.508350,GAP,1447,,,,1469440,expected 1435
9.508646,GAP,1448,,,,1469440,expected 1435
9.508929,GAP,1449,,,,1469440,expected 1435
9.713080,DELIVER,1435,,,,1470464,
9.713508,DELIVER,1436,,,,1471488,
9.713956,DELIVER,1437,,,,1472512,
9.714488,DELIVER,1438,,,,1473536,
9.714946,DELIVER,1439,,,,1474560,
9.715352,DELIVER,1440,,,,1475584,
9.715861,DELIVER,1441,,,,1476608,
9.716485,DELIVER,1442,,,,1477632,
9.718202,DELIVER,1443,,,,1478656,
9.718708,DELIVER,1444,,,,1479680,
9.719015,GAP,1446,,,,1479680,expected 1445
9.719304,GAP,1447,,,,1479680,expected 1445
9.719598,GAP,1448,,,,1479680,expected 1445
9.719882,GAP,1449,,,,1479680,expected 1445
9.765394,GAP,1450,,,,1479680,expected 1445
9.765767,DELIVER,1445,,,,1480704,
9.766076,DELIVER,1446,,,,1481728,
9.766405,DELIVER,1447,,,,1482752,
9.766677,DELIVER,1448,,,,1483776,
9.766948,DELIVER,1449,,,,1484800,
9.768045,DELIVER,1450,,,,1485824,
9.768332,DELIVER,1451,,,,1486848,
9.768619,DELIVER,1452,,,,1487872,
9.768874,DELIVER,1453,,,,1488896,
9.769123,GAP,1455,,,,1488896,expected 1454
9.769382,GAP,1456,,,,1488896,expected 1454
9.769640,GAP,1457,,,,1488896,expected 1454
9.769895,GAP,1458,,,,1488896,expected 1454
9.770150,GAP,1459,,,,1488896,expected 1454
9.816115,GAP,1461,,,,1488896,expected 1454
9.816825,GAP,1462,,,,1488896,expected 1454
9.817538,GAP,1463,,,,1488896,expected 1454
9.818811,DELIVER,1454,,,,1489920,
9.819140,DELIVER,1455,,,,1490944,
9.819382,DELIVER,1456,,,,1491968,
9.819629,GAP,1458,,,,1491968,expected 1457
9.819975,GAP,1459,,,,1491968,expected 1457
9.820236,GAP,1460,,,,1491968,expected 1457
9.820476,GAP,1462,,,,1491968,expected 1457
9.820760,GAP,1463,,,,1491968,expected 1457
9.821000,GAP,1464,,,,1491968,expected 1457
9.821341,GAP,1465,,,,1491968,expected 1457
9.821667,GAP,1466,,,,1491968,expected 1457
9.821975,GAP,1467,,,,1491968,expected 1457
9.861130,DELIVER,1457,,,,1492992,
9.861413,DELIVER,1458,,,,1494016,
9.864967,DELIVER,1459,,,,1495040,
9.865254,DELIVER,1460,,,,1496064,
9.865572,DELIVER,1461,,,,1497088,
9.871429,DELIVER,1462,,,,1498112,
9.872026,DELIVER,1463,,,,1499136,
9.872280,DELIVER,1464,,,,1500160,
9.872521,GAP,1466,,,,1500160,expected 1465
9.872806,GAP,1467,,,,1500160,expected 1465
9.873694,GAP,1468,,,,1500160,expected 1465
9.873978,GAP,1469,,,,1500160,expected 1465
9.874236,GAP,1470,,,,1500160,expected 1465
9.904512,GAP,1471,,,,1500160,expected 1465
9.915275,GAP,1472,,,,1500160,expected 1465
9.915624,GAP,1473,,,,1500160,expected 1465
9.915993,GAP,1474,,,,1500160,expected 1465
9.916239,GAP,1475,,,,1500160,expected 1465
9.916477,GAP,1477,,,,1500160,expected 1465
9.916991,GAP,1478,,,,1500160,expected 1465
9.917577,GAP,1479,,,,1500160,expected 1465
9.920534,DELIVER,1465,,,,1501184,
9.920893,DELIVER,1466,,,,1502208,
9.922519,DELIVER,1467,,,,1503232,
9.922831,GAP,1469,,,,1503232,expected 1468
9.923124,GAP,1470,,,,1503232,expected 1468
9.923407,GAP,1471,,,,1503232,expected 1468
9.924902,GAP,1472,,,,1503232,expected 1468
9.925156,GAP,1473,,,,1503232,expected 1468
9.925366,GAP,1474,,,,1503232,expected 1468
9.926666,GAP,1475,,,,1503232,expected 1468
9.926899,GAP,1476,,,,1503232,expected 1468
9.927365,GAP,1477,,,,1503232,expected 1468
9.969605,DELIVER,1468,,,,1504256,
9.971174,DELIVER,1469,,,,1505280,
9.971904,GAP,1471,,,,1505280,expected 1470
9.972196,GAP,1472,,,,1505280,expected 1470
9.972443,GAP,1473,,,,1505280,expected 1470
9.975504,GAP,1474,,,,1505280,expected 1470
9.976046,GAP,1475,,,,1505280,expected 1470
9.979473,GAP,1476,,,,1505280,expected 1470
9.979845,GAP,1477,,,,1505280,expected 1470
9.980170,GAP,1478,,,,1505280,expected 1470
9.980415,GAP,1479,,,,1505280,expected 1470
9.980745,GAP,1480,,,,1505280,expected 1470
10.013799,GAP,1481,,,,1505280,expected 1470
10.020169,GAP,1482,,,,1505280,expected 1470
10.021385,DELIVER,1470,,,,1506304,
10.021812,DELIVER,1471,,,,1507328,
10.022432,DELIVER,1472,,,,1508352,
10.022676,DELIVER,1473,,,,1509376,
10.022916,DELIVER,1474,,,,1510400,
10.023177,DELIVER,1475,,,,1511424,
10.023457,DELIVER,1476,,,,1512448,
10.024067,DELIVER,1477,,,,1513472,
10.024404,DELIVER,1478,,,,1514496,
10.024707,DELIVER,1479,,,,1515520,
10.024963,DELIVER,1480,,,,1516544,
10.025217,GAP,1482,,,,1516544,expected 1481
10.064045,GAP,1483,,,,1516544,expected 1481
10.069811,GAP,1484,,,,1516544,expected 1481
10.070132,GAP,1485,,,,1516544,expected 1481
10.070437,GAP,1486,,,,1516544,expected 1481
10.070752,GAP,1487,,,,1516544,expected 1481
10.071065,GAP,1488,,,,1516544,expected 1481
10.071328,GAP,1489,,,,1516544,expected 1481
10.071590,GAP,1490,,,,1516544,expected 1481
10.076742,GAP,1491,,,,1516544,expected 1481
10.077095,GAP,1492,,,,1516544,expected 1481
10.077431,GAP,1493,,,,1516544,expected 1481
10.077729,DELIVER,1481,,,,1517568,
10.077979,DELIVER,1482,,,,1518592,
10.078292,DELIVER,1483,,,,1519616,
10.078588,DELIVER,1484,,,,1520640,
10.078827,DELIVER,1485,,,,1521664,
10.079166,DELIVER,1486,,,,1522688,
10.079461,DELIVER,1487,,,,1523712,
10.082406,GAP,1489,,,,1523712,expected 1488
10.082702,GAP,1490,,,,1523712,expected 1488
10.082992,GAP,1491,,,,1523712,expected 1488
10.083285,GAP,1492,,,,1523712,expected 1488
10.083576,GAP,1493,,,,1523712,expected 1488
10.125835,GAP,1494,,,,1523712,expected 1488
10.126147,GAP,1495,,,,1523712,expected 1488
10.126412,GAP,1496,,,,1523712,expected 1488
10.127737,GAP,1497,,,,1523712,expected 1488
10.128028,GAP,1498,,,,1523712,expected 1488
10.129047,GAP,1499,,,,1523712,expected 1488
10.132888,DELIVER,1488,,,,1524736,
10.133826,DELIVER,1489,,,,1525760,
10.134318,DELIVER,1490,,,,1526784,
10.134637,DELIVER,1491,,,,1527808,
10.134936,DELIVER,1492,,,,1528832,
10.135196,DELIVER,1493,,,,1529856,
10.135447,DELIVER,1494,,,,1530880,
10.135699,DELIVER,1495,,,,1531904,
10.136936,DELIVER,1496,,,,1532928,
10.137191,DELIVER,1497,,,,1533952,
10.137441,DELIVER,1498,,,,1534976,
10.137689,DELIVER,1499,,,,1536000,
10.137937,DELIVER,1500,,,,1537024,
10.181289,DELIVER,1501,,,,1538048,
10.181755,DELIVER,1502,,,,1539072,
10.188770,DELIVER,1503,,,,1540096,
10.189396,DELIVER,1504,,,,1541120,
10.189702,DELIVER,1505,,,,1542144,
10.190061,DELIVER,1506,,,,1543168,
10.190439,DELIVER,1507,,,,1544192,
10.190979,DELIVER,1508,,,,1545216,
10.191358,DELIVER,1509,,,,1546240,
10.191650,DELIVER,1510,,,,1547264,
10.191907,DELIVER,1511,,,,1548288,
10.192156,DELIVER,1512,,,,1549312,
10.192826,GAP,1514,,,,1549312,expected 1513
10.220455,GAP,1515,,,,1549312,expected 1513
10.225321,GAP,1516,,,,1549312,expected 1513
10.232497,DELIVER,1513,,,,1550336,
10.239004,DELIVER,1514,,,,1551360,
10.239696,DELIVER,1515,,,,1552384,
10.240123,DELIVER,1516,,,,1553408,
10.240488,DELIVER,1517,,,,1554432,
10.240788,DELIVER,1518,,,,1555456,
10.242179,DELIVER,1519,,,,1556480,
10.242640,DELIVER,1520,,,,1557504,
10.242965,DELIVER,1521,,,,1558528,
10.243251,DELIVER,1522,,,,1559552,
10.243647,DELIVER,1523,,,,1560576,
10.244422,DELIVER,1524,,,,1561600,
10.244771,DELIVER,1525,,,,1562624,
10.272624,DELIVER,1526,,,,1563648,
10.290333,DELIVER,1527,,,,1564672,
10.290941,DELIVER,1528,,,,1565696,
10.291947,DELIVER,1529,,,,1566720,
10.292395,DELIVER,1530,,,,1567744,
10.292737,DELIVER,1531,,,,1568768,
10.293029,DELIVER,1532,,,,1569792,
10.293321,DELIVER,1533,,,,1570816,
10.293621,DELIVER,1534,,,,1571840,
10.294257,DELIVER,1535,,,,1572864,
10.294726,GAP,1537,,,,1572864,expected 1536
10.299031,GAP,1538,,,,1572864,expected 1536
10.299336,GAP,1539,,,,1572864,expected 1536
10.329398,GAP,1541,,,,1572864,expected 1536
10.332819,GAP,1542,,,,1572864,expected 1536
10.344644,GAP,1543,,,,1572864,expected 1536
10.345005,DELIVER,1536,,,,1573888,
10.345223,DELIVER,1537,,,,1574912,
10.345421,DELIVER,1538,,,,1575936,
10.345616,DELIVER,1539,,,,1576960,
10.345812,DELIVER,1540,,,,1577984,
10.346007,DELIVER,1541,,,,1579008,
10.346278,DELIVER,1542,,,,1580032,
10.347153,DELIVER,1543,,,,1581056,
10.347363,DELIVER,1544,,,,1582080,
10.347561,DELIVER,1545,,,,1583104,
10.347758,DELIVER,1546,,,,1584128,
10.347954,DELIVER,1547,,,,1585152,
10.348149,DELIVER,1548,,,,1586176,
10.378006,DELIVER,1549,,,,1587200,
10.387636,DELIVER,1550,,,,1588224,
10.398208,DELIVER,1551,,,,1589248,
10.398629,DELIVER,1552,,,,1590272,
10.399039,DELIVER,1553,,,,1591296,
10.399414,DELIVER,1554,,,,1592320,
10.399735,DELIVER,1555,,,,1593344,
10.400290,DELIVER,1556,,,,1594368,
10.400594,DELIVER,1557,,,,1595392,
10.401144,DELIVER,1558,,,,1596416,
10.401469,DELIVER,1559,,,,1597440,
10.401804,DELIVER,1560,,,,1598464,
10.402192,DELIVER,1561,,,,1599488,
10.402533,DELIVER,1562,,,,1600512,
10.420557,DELIVER,1563,,,,1601536,
10.433628,DELIVER,1564,,,,1602560,
10.444157,DELIVER,1565,,,,1603584,
10.451685,DELIVER,1566,,,,1604608,
10.452168,DELIVER,1567,,,,1605632,
10.452631,DELIVER,1568,,,,1606656,
10.452993,GAP,1570,,,,1606656,expected 1569
10.453414,GAP,1571,,,,1606656,expected 1569
10.456416,GAP,1572,,,,1606656,expected 1569
10.456844,GAP,1573,,,,1606656,expected 1569
10.457304,GAP,1574,,,,1606656,expected 1569
10.457828,GAP,1575,,,,1606656,expected 1569
10.458195,GAP,1576,,,,1606656,expected 1569
10.458519,GAP,1577,,,,1606656,expected 1569
10.463826,GAP,1578,,,,1606656,expected 1569
10.476035,GAP,1579,,,,1606656,expected 1569
10.482421,GAP,1580,,,,1606656,expected 1569
10.493742,GAP,1570,,,,1606656,expected 1569
10.507361,GAP,1571,,,,1606656,expected 1569
10.507804,GAP,1572,,,,1606656,expected 1569
10.508125,GAP,1573,,,,1606656,expected 1569
10.508430,GAP,1574,,,,1606656,expected 1569
10.508745,GAP,1575,,,,1606656,expected 1569
10.509038,GAP,1576,,,,1606656,expected 1569
10.509310,GAP,1577,,,,1606656,expected 1569
10.509608,GAP,1578,,,,1606656,expected 1569
10.509892,GAP,1579,,,,1606656,expected 1569
10.510155,GAP,1580,,,,1606656,expected 1569
10.510412,GAP,1581,,,,1606656,expected 1569
10.510643,GAP,1582,,,,1606656,expected 1569
10.710163,DELIVER,1569,,,,1607680,
10.711005,DELIVER,1570,,,,1608704,
10.711498,DELIVER,1571,,,,1609728,
10.711968,DELIVER,1572,,,,1610752,
10.712568,DELIVER,1573,,,,1611776,
10.713471,DELIVER,1574,,,,1612800,
10.713887,DELIVER,1575,,,,1613824,
10.714228,DELIVER,1576,,,,1614848,
10.714541,DELIVER,1577,,,,1615872,
10.714954,DELIVER,1578,,,,1616896,
10.715284,DELIVER,1579,,,,1617920,
10.715594,DELIVER,1580,,,,1618944,
10.715881,DELIVER,1581,,,,1619968,
10.716139,DELIVER,1582,,,,1620992,
10.755992,DELIVER,1583,,,,1622016,
10.762963,DELIVER,1584,,,,1623040,
10.763484,DELIVER,1585,,,,1624064,
10.763799,DELIVER,1586,,,,1625088,
10.764043,DELIVER,1587,,,,1626112,
10.764337,DELIVER,1588,,,,1627136,
10.764624,DELIVER,1589,,,,1628160,
10.764905,GAP,1591,,,,1628160,expected 1590
10.765202,GAP,1592,,,,1628160,expected 1590
10.771386,GAP,1593,,,,1628160,expected 1590
10.772114,GAP,1594,,,,1628160,expected 1590
10.772605,GAP,1595,,,,1628160,expected 1590
10.795154,GAP,1596,,,,1628160,expected 1590
10.796115,GAP,1597,,,,1628160,expected 1590
10.796400,GAP,1598,,,,1628160,expected 1590
10.808940,GAP,1599,,,,1628160,expected 1590
10.809348,GAP,1600,,,,1628160,expected 1590
10.809652,GAP,1601,,,,1628160,expected 1590
10.809984,GAP,1602,,,,1628160,expected 1590
10.816177,DELIVER,1590,,,,1629184,
10.816625,DELIVER,1591,,,,1630208,
10.818357,DELIVER,1592,,,,1631232,
10.818737,DELIVER,1593,,,,1632256,
10.819200,DELIVER,1594,,,,1633280,
10.819464,DELIVER,1595,,,,1634304,
10.819742,DELIVER,1596,,,,1635328,
10.820051,DELIVER,1597,,,,1636352,
10.820349,DELIVER,1598,,,,1637376,
10.820619,DELIVER,1599,,,,1638400,
10.820889,DELIVER,1600,,,,1639424,
10.821245,DELIVER,1601,,,,1640448,
10.821553,DELIVER,1602,,,,1641472,
10.868967,DELIVER,1603,,,,1642496,
10.869355,DELIVER,1604,,,,1643520,
10.869857,DELIVER,1605,,,,1644544,
10.870347,DELIVER,1606,,,,1645568,
10.870796,DELIVER,1607,,,,1646592,
10.871251,DELIVER,1608,,,,1647616,
10.871640,DELIVER,1609,,,,1648640,
10.872002,DELIVER,1610,,,,1649664,
10.872441,DELIVER,1611,,,,1650688,
10.872745,DELIVER,1612,,,,1651712,
10.873001,DELIVER,1613,,,,1652736,
10.873253,DELIVER,1614,,,,1653760,
10.873505,DELIVER,1615,,,,1654784,
10.873754,DELIVER,1616,,,,1655808,
10.930213,DELIVER,1617,,,,1656832,
10.930649,DELIVER,1618,,,,1657856,
10.931005,DELIVER,1619,,,,1658880,
10.931359,DELIVER,1620,,,,1659904,
10.931832,DELIVER,1621,,,,1660928,
10.932179,DELIVER,1622,,,,1661952,
10.932598,DELIVER,1623,,,,1662976,
10.932990,DELIVER,1624,,,,1664000,
10.933281,DELIVER,1625,,,,1665024,
10.933766,DELIVER,1626,,,,1666048,
10.934202,DELIVER,1627,,,,1667072,
10.934632,DELIVER,1628,,,,1668096,
10.935775,DELIVER,1629,,,,1669120,
10.936369,GAP,1631,,,,1669120,expected 1630
10.968726,GAP,1632,,,,1669120,expected 1630
10.974198,GAP,1633,,,,1669120,expected 1630
10.976326,GAP,1634,,,,1669120,expected 1630
10.980220,GAP,1635,,,,1669120,expected 1630
10.980792,GAP,1636,,,,1669120,expected 1630
10.981222,GAP,1637,,,,1669120,expected 1630
10.986206,GAP,1638,,,,1669120,expected 1630
10.986753,GAP,1639,,,,1669120,expected 1630
10.987239,GAP,1640,,,,1669120,expected 1630
10.988169,GAP,1641,,,,1669120,expected 1630
10.988518,GAP,1642,,,,1669120,expected 1630
10.988790,GAP,1643,,,,1669120,expected 1630
10.989204,GAP,1644,,,,1669120,expected 1630
10.991257,GAP,1645,,,,1669120,expected 1630
11.007534,DELIVER,1630,,,,1670144,
11.007929,DELIVER,1631,,,,1671168,
11.008228,DELIVER,1632,,,,1672192,
11.009195,DELIVER,1633,,,,1673216,
11.009619,DELIVER,1634,,,,1674240,
11.013003,DELIVER,1635,,,,1675264,
11.013316,DELIVER,1636,,,,1676288,
11.013692,DELIVER,1637,,,,1677312,
11.014048,DELIVER,1638,,,,1678336,
11.014376,DELIVER,1639,,,,1679360,
11.014648,DELIVER,1640,,,,1680384,
11.014926,DELIVER,1641,,,,1681408,
11.015275,DELIVER,1642,,,,1682432,
11.015736,DELIVER,1643,,,,1683456,
11.043907,DELIVER,1644,,,,1684480,
11.051970,DELIVER,1645,,,,1685504,
11.056312,DELIVER,1646,,,,1686528,
11.062190,DELIVER,1647,,,,1687552,
11.062539,DELIVER,1648,,,,1688576,
11.062841,DELIVER,1649,,,,1689600,
11.065516,DELIVER,1650,,,,1690624,
11.065845,DELIVER,1651,,,,1691648,
11.066141,DELIVER,1652,,,,1692672,
11.066396,DELIVER,1653,,,,1693696,
11.066984,DELIVER,1654,,,,1694720,
11.067778,DELIVER,1655,,,,1695744,
11.068216,DELIVER,1656,,,,1696768,
11.068749,DELIVER,1657,,,,1697792,
11.069064,DELIVER,1658,,,,1698816,
11.086245,DELIVER,1659,,,,1699840,
11.090434,DELIVER,1660,,,,1700864,
11.094348,DELIVER,1661,,,,1701888,
11.108517,DELIVER,1662,,,,1702912,
11.108794,DELIVER,1663,,,,1703936,
11.109139,DELIVER,1664,,,,1704960,
11.113229,DELIVER,1665,,,,1705984,
11.113538,DELIVER,1666,,,,1707008,
11.113788,DELIVER,1667,,,,1708032,
11.114042,DELIVER,1668,,,,1709056,
11.114278,DELIVER,1669,,,,1710080,
11.114532,DELIVER,1670,,,,1711104,
11.118318,DELIVER,1671,,,,1712128,
11.118677,DELIVER,1672,,,,1713152,
11.119051,DELIVER,1673,,,,1714176,
11.119481,DELIVER,1674,,,,1715200,
11.132417,DELIVER,1675,,,,1716224,
11.132868,DELIVER,1676,,,,1717248,
11.135300,DELIVER,1677,,,,1718272,
11.150276,DELIVER,1678,,,,1719296,
11.150792,DELIVER,1679,,,,1720320,
11.151938,DELIVER,1680,,,,1721344,
11.159050,DELIVER,1681,,,,1722368,
11.159470,DELIVER,1682,,,,1723392,
11.165617,DELIVER,1683,,,,1724416,
11.165996,DELIVER,1684,,,,1725440,
11.166436,DELIVER,1685,,,,1726464,
11.167130,DELIVER,1686,,,,1727488,
11.169877,DELIVER,1687,,,,1728512,
11.170327,DELIVER,1688,,,,1729536,
11.170697,DELIVER,1689,,,,1730560,
11.170987,DELIVER,1690,,,,1731584,
11.171376,DELIVER,1691,,,,1732608,
11.176115,DELIVER,1692,,,,1733632,
11.179105,DELIVER,1693,,,,1734656,
11.201832,DELIVER,1694,,,,1735680,
11.202363,DELIVER,1695,,,,1736704,
11.202592,DELIVER,1696,,,,1737728,
11.204393,DELIVER,1697,,,,1738752,
11.204708,DELIVER,1698,,,,1739776,
11.205016,DELIVER,1699,,,,1740800,
11.212382,DELIVER,1700,,,,1741824,
11.212983,DELIVER,1701,,,,1742848,
11.213443,DELIVER,1702,,,,1743872,
11.213758,DELIVER,1703,,,,1744896,
11.214034,DELIVER,1704,,,,1745920,
11.225902,DELIVER,1705,,,,1746944,
11.226241,DELIVER,1706,,,,1747968,
11.226513,DELIVER,1707,,,,1748992,
11.226907,DELIVER,1708,,,,1750016,
11.227289,DELIVER,1709,,,,1751040,
11.229806,DELIVER,1710,,,,1752064,
11.230119,DELIVER,1711,,,,1753088,
11.244795,DELIVER,1712,,,,1754112,
11.245147,DELIVER,1713,,,,1755136,
11.245452,DELIVER,1714,,,,1756160,
11.250772,DELIVER,1715,,,,1757184,
11.251215,DELIVER,1716,,,,1758208,
11.251569,DELIVER,1717,,,,1759232,
11.253261,DELIVER,1718,,,,1760256,
11.262566,DELIVER,1719,,,,1761280,
11.263015,DELIVER,1720,,,,1762304,
11.263387,DELIVER,1721,,,,1763328,
11.264097,DELIVER,1722,,,,1764352,
11.268531,DELIVER,1723,,,,1765376,
11.274875,DELIVER,1724,,,,1766400,
11.275317,DELIVER,1725,,,,1767424,
11.275654,DELIVER,1726,,,,1768448,
11.275918,DELIVER,1727,,,,1769472,
11.276176,DELIVER,1728,,,,1770496,
11.276516,DELIVER,1729,,,,1771520,
11.276785,DELIVER,1730,,,,1772544,
11.283882,DELIVER,1731,,,,1773568,
11.295361,DELIVER,1732,,,,1774592,
11.295713,DELIVER,1733,,,,1775616,
11.306060,DELIVER,1734,,,,1776640,
11.306573,DELIVER,1735,,,,1777664,
11.306943,DELIVER,1736,,,,1778688,
11.307287,DELIVER,1737,,,,1779712,
11.307594,DELIVER,1738,,,,1780736,
11.307881,DELIVER,1739,,,,1781760,
11.308140,DELIVER,1740,,,,1782784,
11.308398,DELIVER,1741,,,,1783808,
11.311127,DELIVER,1742,,,,1784832,
11.318887,DELIVER,1743,,,,1785856,
11.322259,DELIVER,1744,,,,1786880,
11.326084,DELIVER,1745,,,,1787904,
11.326419,DELIVER,1746,,,,1788928,
11.326764,DELIVER,1747,,,,1789952,
11.327053,DELIVER,1748,,,,1790976,
11.329067,DELIVER,1749,,,,1792000,
11.329345,DELIVER,1750,,,,1793024,
11.346495,DELIVER,1751,,,,1794048,
11.347540,DELIVER,1752,,,,1795072,
11.347823,DELIVER,1753,,,,1796096,
11.361383,DELIVER,1754,,,,1797120,
11.361671,DELIVER,1755,,,,1798144,
11.361924,DELIVER,1756,,,,1799168,
11.362168,DELIVER,1757,,,,1800192,
11.362885,DELIVER,1758,,,,1801216,
11.363142,DELIVER,1759,,,,1802240,
11.363394,DELIVER,1760,,,,1803264,
11.363627,DELIVER,1761,,,,1804288,
11.363847,DELIVER,1762,,,,1805312,
11.364685,DELIVER,1763,,,,1806336,
11.365984,DELIVER,1764,,,,1807360,
11.368345,DELIVER,1765,,,,1808384,
11.374188,DELIVER,1766,,,,1809408,
11.374484,DELIVER,1767,,,,1810432,
11.379670,DELIVER,1768,,,,1811456,
11.379997,DELIVER,1769,,,,1812480,
11.380312,DELIVER,1770,,,,1813504,
11.382138,DELIVER,1771,,,,1814528,
11.393965,DELIVER,1772,,,,1815552,
11.394271,GAP,1774,,,,1815552,expected 1773
11.405352,GAP,1775,,,,1815552,expected 1773
11.406265,GAP,1776,,,,1815552,expected 1773
11.406686,GAP,1777,,,,1815552,expected 1773
11.410651,GAP,1779,,,,1815552,expected 1773
11.421306,GAP,1780,,,,1815552,expected 1773
11.421611,GAP,1781,,,,1815552,expected 1773
11.421874,GAP,1782,,,,1815552,expected 1773
11.422132,GAP,1783,,,,1815552,expected 1773
11.422387,GAP,1784,,,,1815552,expected 1773
11.422640,GAP,1785,,,,1815552,expected 1773
11.422848,GAP,1786,,,,1815552,expected 1773
11.423048,GAP,1787,,,,1815552,expected 1773
11.423248,GAP,1788,,,,1815552,expected 1773
11.423627,GAP,1789,,,,1815552,expected 1773
11.423862,GAP,1790,,,,1815552,expected 1773
11.433706,GAP,1791,,,,1815552,expected 1773
11.434030,GAP,1793,,,,1815552,expected 1773
11.434304,DELIVER,1773,,,,1816576,
11.434555,GAP,1775,,,,1816576,expected 1774
11.434811,GAP,1776,,,,1816576,expected 1774
11.435074,GAP,1777,,,,1816576,expected 1774
11.435335,GAP,1778,,,,1816576,expected 1774
11.435589,GAP,1779,,,,1816576,expected 1774
11.435844,GAP,1780,,,,1816576,expected 1774
11.436101,GAP,1781,,,,1816576,expected 1774
11.436353,GAP,1782,,,,1816576,expected 1774
11.441515,GAP,1783,,,,1816576,expected 1774
11.445683,GAP,1784,,,,1816576,expected 1774
11.445949,GAP,1785,,,,1816576,expected 1774
11.446211,GAP,1786,,,,1816576,expected 1774
11.446462,GAP,1787,,,,1816576,expected 1774
11.446724,GAP,1788,,,,1816576,expected 1774
11.446983,GAP,1789,,,,1816576,expected 1774
11.447240,GAP,1790,,,,1816576,expected 1774
11.447495,GAP,1791,,,,1816576,expected 1774
11.480657,DELIVER,1774,,,,1817600,
11.480981,DELIVER,1775,,,,1818624,
11.481246,DELIVER,1776,,,,1819648,
11.481499,DELIVER,1777,,,,1820672,
11.481696,GAP,1779,,,,1820672,expected 1778
11.481922,GAP,1780,,,,1820672,expected 1778
11.486848,GAP,1781,,,,1820672,expected 1778
11.487183,GAP,1782,,,,1820672,expected 1778
11.487493,GAP,1783,,,,1820672,expected 1778
11.487899,GAP,1784,,,,1820672,expected 1778
11.488238,GAP,1785,,,,1820672,expected 1778
11.488559,GAP,1786,,,,1820672,expected 1778
11.488984,GAP,1788,,,,1820672,expected 1778
11.489324,GAP,1789,,,,1820672,expected 1778
11.489670,GAP,1790,,,,1820672,expected 1778
11.490054,GAP,1791,,,,1820672,expected 1778
11.490325,GAP,1792,,,,1820672,expected 1778
11.520942,GAP,1793,,,,1820672,expected 1778
11.527949,DELIVER,1778,,,,1821696,
11.528404,DELIVER,1779,,,,1822720,
11.528776,GAP,1781,,,,1822720,expected 1780
11.536547,GAP,1782,,,,1822720,expected 1780
11.536844,GAP,1783,,,,1822720,expected 1780
11.537270,GAP,1784,,,,1822720,expected 1780
11.537642,GAP,1785,,,,1822720,expected 1780
11.537898,GAP,1786,,,,1822720,expected 1780
11.538184,GAP,1787,,,,1822720,expected 1780
11.538690,GAP,1788,,,,1822720,expected 1780
11.539020,GAP,1789,,,,1822720,expected 1780
11.539336,GAP,1790,,,,1822720,expected 1780
11.539580,GAP,1791,,,,1822720,expected 1780
11.539800,GAP,1792,,,,1822720,expected 1780
11.540013,GAP,1793,,,,1822720,expected 1780
11.540227,GAP,1795,,,,1822720,expected 1780
11.540434,GAP,1796,,,,1822720,expected 1780
11.540652,GAP,1797,,,,1822720,expected 1780
11.569505,GAP,1798,,,,1822720,expected 1780
11.577430,DELIVER,1780,,,,1823744,
11.577785,DELIVER,1781,,,,1824768,
11.578064,DELIVER,1782,,,,1825792,
11.578311,DELIVER,1783,,,,1826816,
11.582626,DELIVER,1784,,,,1827840,
11.582986,DELIVER,1785,,,,1828864,
11.583355,DELIVER,1786,,,,1829888,
11.587634,DELIVER,1787,,,,1830912,
11.588076,DELIVER,1788,,,,1831936,
11.588519,DELIVER,1789,,,,1832960,
11.588933,DELIVER,1790,,,,1833984,
11.589162,DELIVER,1791,,,,1835008,
11.589474,DELIVER,1792,,,,1836032,
11.589679,DELIVER,1793,,,,1837056,
11.589820,DELIVER,1794,,,,1838080,
11.589990,DELIVER,1795,,,,1839104,
11.590179,DELIVER,1796,,,,1840128,
11.590336,DELIVER,1797,,,,1841152,
11.590523,DELIVER,1798,,,,1842176,
11.590691,DELIVER,1799,,,,1843200,
11.627668,DELIVER,1800,,,,1844224,
11.632709,DELIVER,1801,,,,1845248,
11.633065,DELIVER,1802,,,,1846272,
11.634692,DELIVER,1803,,,,1847296,
11.635128,DELIVER,1804,,,,1848320,
11.635583,DELIVER,1805,,,,1849344,
11.635973,DELIVER,1806,,,,1850368,
11.640718,DELIVER,1807,,,,1851392,
11.641553,DELIVER,1808,,,,1852416,
11.641973,DELIVER,1809,,,,1853440,
11.642355,DELIVER,1810,,,,1854464,
11.642662,DELIVER,1811,,,,1855488,
11.643352,DELIVER,1812,,,,1856512,
11.643661,DELIVER,1813,,,,1857536,
11.643946,DELIVER,1814,,,,1858560,
11.644228,DELIVER,1815,,,,1859584,
11.644509,DELIVER,1816,,,,1860608,
11.644743,DELIVER,1817,,,,1861632,
11.644918,DELIVER,1818,,,,1862656,
11.645082,DELIVER,1819,,,,1863680,
11.645243,DELIVER,1820,,,,1864704,
11.665650,DELIVER,1821,,,,1865728,
11.685104,DELIVER,1822,,,,1866752,
11.685840,DELIVER,1823,,,,1867776,
11.686194,DELIVER,1824,,,,1868800,
11.686659,DELIVER,1825,,,,1869824,
11.686989,DELIVER,1826,,,,1870848,
11.692840,DELIVER,1827,,,,1871872,
11.693240,DELIVER,1828,,,,1872896,
11.693628,DELIVER,1829,,,,1873920,
11.693947,DELIVER,1830,,,,1874944,
11.694247,DELIVER,1831,,,,1875968,
11.694529,DELIVER,1832,,,,1876992,
11.694770,DELIVER,1833,,,,1878016,
11.695004,DELIVER,1834,,,,1879040,
11.695281,DELIVER,1835,,,,1880064,
11.695775,DELIVER,1836,,,,1881088,
11.696032,DELIVER,1837,,,,1882112,
11.696264,DELIVER,1838,,,,1883136,
11.697401,DELIVER,1839,,,,1884160,
11.697656,DELIVER,1840,,,,1885184,
11.697893,DELIVER,1841,,,,1886208,
11.698747,DELIVER,1842,,,,1887232,
11.716234,DELIVER,1843,,,,1888256,
11.727110,DELIVER,1844,,,,1889280,
11.735973,DELIVER,1845,,,,1890304,
11.740502,DELIVER,1846,,,,1891328,
11.740865,DELIVER,1847,,,,1892352,
11.741102,DELIVER,1848,,,,1893376,
11.741369,DELIVER,1849,,,,1894400,
11.741614,GAP,1851,,,,1894400,expected 1850
11.741909,GAP,1852,,,,1894400,expected 1850
11.745425,GAP,1853,,,,1894400,expected 1850
11.745772,GAP,1854,,,,1894400,expected 1850
11.748692,GAP,1855,,,,1894400,expected 1850
11.749624,GAP,1856,,,,1894400,expected 1850
11.749877,GAP,1857,,,,1894400,expected 1850
11.750086,GAP,1858,,,,1894400,expected 1850
11.750294,GAP,1859,,,,1894400,expected 1850
11.750499,GAP,1860,,,,1894400,expected 1850
11.750709,GAP,1861,,,,1894400,expected 1850
11.751293,GAP,1862,,,,1894400,expected 1850
11.751535,GAP,1863,,,,1894400,expected 1850
11.751740,GAP,1864,,,,1894400,expected 1850
11.751942,GAP,1865,,,,1894400,expected 1850
11.770757,GAP,1866,,,,1894400,expected 1850
11.770996,GAP,1867,,,,1894400,expected 1850
11.776872,GAP,1868,,,,1894400,expected 1850
11.779930,GAP,1869,,,,1894400,expected 1850
11.785944,GAP,1870,,,,1894400,expected 1850
11.790994,GAP,1871,,,,1894400,expected 1850
11.791957,DELIVER,1850,,,,1895424,
11.792226,DELIVER,1851,,,,1896448,
11.792465,DELIVER,1852,,,,1897472,
11.792721,GAP,1855,,,,1897472,expected 1853
11.792982,GAP,1856,,,,1897472,expected 1853
11.794695,GAP,1857,,,,1897472,expected 1853
11.795026,GAP,1858,,,,1897472,expected 1853
11.795283,GAP,1859,,,,1897472,expected 1853
11.795607,GAP,1860,,,,1897472,expected 1853
11.795936,GAP,1861,,,,1897472,expected 1853
11.796257,GAP,1862,,,,1897472,expected 1853
11.796639,GAP,1863,,,,1897472,expected 1853
11.796944,GAP,1864,,,,1897472,expected 1853
11.797296,GAP,1865,,,,1897472,expected 1853
11.797600,GAP,1866,,,,1897472,expected 1853
11.797859,GAP,1867,,,,1897472,expected 1853
11.798115,GAP,1868,,,,1897472,expected 1853
11.798370,GAP,1869,,,,1897472,expected 1853
11.839444,DELIVER,1853,,,,1898496,
11.839826,DELIVER,1854,,,,1899520,
11.841837,DELIVER,1855,,,,1900544,
11.844082,DELIVER,1856,,,,1901568,
11.844306,DELIVER,1857,,,,1902592,
11.844530,DELIVER,1858,,,,1903616,
11.844800,GAP,1860,,,,1903616,expected 1859
11.845085,GAP,1861,,,,1903616,expected 1859
11.845340,GAP,1863,,,,1903616,expected 1859
11.848517,GAP,1864,,,,1903616,expected 1859
11.848962,GAP,1865,,,,1903616,expected 1859
11.849350,GAP,1867,,,,1903616,expected 1859
11.849698,GAP,1868,,,,1903616,expected 1859
11.850256,GAP,1869,,,,1903616,expected 1859
11.850585,GAP,1870,,,,1903616,expected 1859
11.850885,GAP,1871,,,,1903616,expected 1859
11.851188,GAP,1872,,,,1903616,expected 1859
11.878690,GAP,1873,,,,1903616,expected 1859
11.883774,GAP,1874,,,,1903616,expected 1859
11.895651,GAP,1875,,,,1903616,expected 1859
11.896240,GAP,1876,,,,1903616,expected 1859
11.896761,GAP,1877,,,,1903616,expected 1859
11.897048,GAP,1878,,,,1903616,expected 1859
11.897347,DELIVER,1859,,,,1904640,
11.898527,DELIVER,1860,,,,1905664,
11.898790,DELIVER,1861,,,,1906688,
11.899041,DELIVER,1862,,,,1907712,
11.899292,DELIVER,1863,,,,1908736,
11.900719,DELIVER,1864,,,,1909760,
11.900979,DELIVER,1865,,,,1910784,
11.901229,DELIVER,1866,,,,1911808,
11.901477,DELIVER,1867,,,,1912832,
11.901724,DELIVER,1868,,,,1913856,
11.901972,DELIVER,1869,,,,1914880,
11.902220,DELIVER,1870,,,,1915904,
11.902512,DELIVER,1871,,,,1916928,
11.902785,DELIVER,1872,,,,1917952,
11.903025,DELIVER,1873,,,,1918976,
11.903223,GAP,1875,,,,1918976,expected 1874
11.903425,GAP,1876,,,,1918976,expected 1874
11.903626,GAP,1877,,,,1918976,expected 1874
11.903829,GAP,1878,,,,1918976,expected 1874
11.904031,GAP,1879,,,,1918976,expected 1874
11.943208,GAP,1880,,,,1918976,expected 1874
11.943974,GAP,1881,,,,1918976,expected 1874
11.944270,GAP,1882,,,,1918976,expected 1874
11.944592,GAP,1883,,,,1918976,expected 1874
11.944885,GAP,1884,,,,1918976,expected 1874
11.947937,GAP,1885,,,,1918976,expected 1874
11.948228,GAP,1886,,,,1918976,expected 1874
11.948516,GAP,1887,,,,1918976,expected 1874
11.948814,DELIVER,1874,,,,1920000,
11.949068,DELIVER,1875,,,,1921024,
11.949316,DELIVER,1876,,,,1922048,
11.953215,DELIVER,1877,,,,1923072,
11.953914,DELIVER,1878,,,,1924096,
11.954434,DELIVER,1879,,,,1925120,
11.954716,DELIVER,1880,,,,1926144,
11.954942,DELIVER,1881,,,,1927168,
11.955682,DELIVER,1882,,,,1928192,
11.956295,DELIVER,1883,,,,1929216,
11.956593,DELIVER,1884,,,,1930240,
11.956850,DELIVER,1885,,,,1931264,
11.957104,DELIVER,1886,,,,1932288,
11.957352,DELIVER,1887,,,,1933312,
11.957603,DELIVER,1888,,,,1934336,
11.957852,DELIVER,1889,,,,1935360,
11.958079,GAP,1891,,,,1935360,expected 1890
11.991316,GAP,1893,,,,1935360,expected 1890
11.995871,GAP,1894,,,,1935360,expected 1890
11.996109,GAP,1895,,,,1935360,expected 1890
11.996328,GAP,1896,,,,1935360,expected 1890
12.002529,GAP,1897,,,,1935360,expected 1890
12.002832,GAP,1898,,,,1935360,expected 1890
12.003116,GAP,1899,,,,1935360,expected 1890
12.006050,GAP,1900,,,,1935360,expected 1890
12.006340,GAP,1901,,,,1935360,expected 1890
12.006626,GAP,1903,,,,1935360,expected 1890
12.006904,GAP,1904,,,,1935360,expected 1890
12.007190,GAP,1905,,,,1935360,expected 1890
12.007470,GAP,1906,,,,1935360,expected 1890
12.010959,GAP,1907,,,,1935360,expected 1890
12.011323,GAP,1908,,,,1935360,expected 1890
12.011729,DUP,1889,,,,1935360,
12.011978,DELIVER,1890,,,,1936384,
12.014514,DELIVER,1891,,,,1937408,
12.014764,DELIVER,1892,,,,1938432,
12.015003,DELIVER,1893,,,,1939456,
12.015210,DELIVER,1894,,,,1940480,
12.015407,DELIVER,1895,,,,1941504,
12.015606,DELIVER,1896,,,,1942528,
12.015801,DELIVER,1897,,,,1943552,
12.015996,DELIVER,1898,,,,1944576,
12.016191,DELIVER,1899,,,,1945600,
12.016386,GAP,1901,,,,1945600,expected 1900
12.016588,GAP,1902,,,,1945600,expected 1900
12.016806,GAP,1903,,,,1945600,expected 1900
12.017009,GAP,1904,,,,1945600,expected 1900
12.017208,GAP,1905,,,,1945600,expected 1900
12.017418,GAP,1906,,,,1945600,expected 1900
12.017619,GAP,1907,,,,1945600,expected 1900
12.027150,DUP,1890,,,,1945600,
12.037950,DUP,1891,,,,1945600,
12.038174,DUP,1892,,,,1945600,
12.038407,DUP,1893,,,,1945600,
12.038659,DUP,1894,,,,1945600,
12.038888,DUP,1895,,,,1945600,
12.039088,DUP,1896,,,,1945600,
12.039308,DUP,1897,,,,1945600,
12.039518,DUP,1899,,,,1945600,
12.039715,DELIVER,1900,,,,1946624,
12.039915,DELIVER,1901,,,,1947648,
12.040114,DELIVER,1902,,,,1948672,
12.040328,DELIVER,1903,,,,1949696,
12.040553,DELIVER,1904,,,,1950720,
12.040749,DELIVER,1905,,,,1951744,
12.040943,DELIVER,1906,,,,1952768,
12.041138,DELIVER,1907,,,,1953792,
12.054625,DELIVER,1908,,,,1954816,
12.054827,DELIVER,1909,,,,1955840,
12.057616,DELIVER,1910,,,,1956864,
12.068440,DUP,1900,,,,1956864,
12.068707,DUP,1901,,,,1956864,
12.068957,DUP,1902,,,,1956864,
12.069205,DUP,1903,,,,1956864,
12.069451,DUP,1904,,,,1956864,
12.069691,DUP,1905,,,,1956864,
12.069937,DUP,1906,,,,1956864,
12.070183,DUP,1907,,,,1956864,
12.070428,DUP,1908,,,,1956864,
12.070659,DUP,1909,,,,1956864,
12.070850,DUP,1910,,,,1956864,
12.071043,DELIVER,1911,,,,1957888,
12.071237,DELIVER,1912,,,,1958912,
12.071861,DELIVER,1913,,,,1959936,
12.072059,DELIVER,1914,,,,1960960,
12.072319,DELIVER,1915,,,,1961984,
12.072513,DELIVER,1916,,,,1963008,
12.072707,DELIVER,1917,,,,1964032,
12.085239,DELIVER,1918,,,,1965056,
12.087113,DELIVER,1919,,,,1966080,
12.087466,DELIVER,1920,,,,1967104,
12.087727,DELIVER,1921,,,,1968128,
12.087979,DELIVER,1922,,,,1969152,
12.088228,DELIVER,1923,,,,1970176,
12.093452,DELIVER,1924,,,,1971200,
12.093734,DELIVER,1925,,,,1972224,
12.093974,DELIVER,1926,,,,1973248,
12.094232,DELIVER,1927,,,,1974272,
12.100164,DELIVER,1928,,,,1975296,
12.110506,DELIVER,1929,,,,1976320,
12.122829,DELIVER,1930,,,,1977344,
12.124038,DELIVER,1931,,,,1978368,
12.125820,DELIVER,1932,,,,1979392,
12.126098,DELIVER,1933,,,,1980416,
12.126357,DELIVER,1934,,,,1981440,
12.126600,GAP,1936,,,,1981440,expected 1935
12.139576,GAP,1937,,,,1981440,expected 1935
12.140031,GAP,1938,,,,1981440,expected 1935
12.140335,GAP,1939,,,,1981440,expected 1935
12.140619,GAP,1940,,,,1981440,expected 1935
12.140897,GAP,1941,,,,1981440,expected 1935
12.141228,GAP,1942,,,,1981440,expected 1935
12.141553,GAP,1943,,,,1981440,expected 1935
12.141805,GAP,1944,,,,1981440,expected 1935
12.142069,GAP,1945,,,,1981440,expected 1935
12.142633,GAP,1946,,,,1981440,expected 1935
12.142944,GAP,1947,,,,1981440,expected 1935
12.148911,GAP,1948,,,,1981440,expected 1935
12.149307,GAP,1949,,,,1981440,expected 1935
12.162596,GAP,1950,,,,1981440,expected 1935
12.178382,DELIVER,1935,,,,1982464,
12.178748,DELIVER,1936,,,,1983488,
12.179104,DELIVER,1937,,,,1984512,
12.179421,GAP,1939,,,,1984512,expected 1938
12.179720,GAP,1940,,,,1984512,expected 1938
12.180052,GAP,1941,,,,1984512,expected 1938
12.180344,GAP,1942,,,,1984512,expected 1938
12.180855,GAP,1944,,,,1984512,expected 1938
12.181265,GAP,1945,,,,1984512,expected 1938
12.181641,GAP,1946,,,,1984512,expected 1938
12.181930,GAP,1947,,,,1984512,expected 1938
12.182196,GAP,1948,,,,1984512,expected 1938
12.182420,GAP,1949,,,,1984512,expected 1938
12.182648,GAP,1950,,,,1984512,expected 1938
12.183001,GAP,1951,,,,1984512,expected 1938
12.183326,GAP,1952,,,,1984512,expected 1938
12.231784,DELIVER,1938,,,,1985536,
12.232319,DELIVER,1939,,,,1986560,
12.232884,DELIVER,1940,,,,1987584,
12.233332,DELIVER,1941,,,,1988608,
12.233928,DELIVER,1942,,,,1989632,
12.234623,DELIVER,1943,,,,1990656,
12.235190,DELIVER,1944,,,,1991680,
12.235555,DELIVER,1945,,,,1992704,
12.235873,DELIVER,1946,,,,1993728,
12.236383,DELIVER,1947,,,,1994752,
12.236689,DELIVER,1948,,,,1995776,
12.236957,DELIVER,1949,,,,1996800,
12.237211,DELIVER,1950,,,,1997824,
12.237462,DELIVER,1951,,,,1998848,
12.237718,DELIVER,1952,,,,1999872,
12.237971,DELIVER,1953,,,,2000896,
12.238202,GAP,1955,,,,2000896,expected 1954
12.274301,GAP,1956,,,,2000896,expected 1954
12.279711,GAP,1957,,,,2000896,expected 1954
12.280111,GAP,1958,,,,2000896,expected 1954
12.281973,DELIVER,1954,,,,2001920,
12.282298,DELIVER,1955,,,,2002944,
12.286064,DELIVER,1956,,,,2003968,
12.289875,DELIVER,1957,,,,2004992,
12.290425,DELIVER,1958,,,,2006016,
12.292011,DELIVER,1959,,,,2007040,
12.292381,DELIVER,1960,,,,2008064,
12.292680,GAP,1962,,,,2008064,expected 1961
12.292995,GAP,1963,,,,2008064,expected 1961
12.293389,GAP,1965,,,,2008064,expected 1961
12.293681,GAP,1966,,,,2008064,expected 1961
12.293968,GAP,1967,,,,2008064,expected 1961
12.294230,GAP,1969,,,,2008064,expected 1961
12.294494,GAP,1970,,,,2008064,expected 1961
12.328456,GAP,1971,,,,2008064,expected 1961
12.328838,GAP,1972,,,,2008064,expected 1961
12.332090,GAP,1973,,,,2008064,expected 1961
12.336837,GAP,1974,,,,2008064,expected 1961
12.341838,GAP,1975,,,,2008064,expected 1961
12.342630,GAP,1976,,,,2008064,expected 1961
12.343047,DELIVER,1961,,,,2009088,
12.345628,DELIVER,1962,,,,2010112,
12.345951,DELIVER,1963,,,,2011136,
12.346248,DELIVER,1964,,,,2012160,
12.346616,DELIVER,1965,,,,2013184,
12.346902,DELIVER,1966,,,,2014208,
12.347175,DELIVER,1967,,,,2015232,
12.347449,DELIVER,1968,,,,2016256,
12.347771,DELIVER,1969,,,,2017280,
12.351091,DELIVER,1970,,,,2018304,
12.351390,DELIVER,1971,,,,2019328,
12.351605,DELIVER,1972,,,,2020352,
12.351877,GAP,1974,,,,2020352,expected 1973
12.352106,GAP,1975,,,,2020352,expected 1973
12.385566,GAP,1976,,,,2020352,expected 1973
12.385897,GAP,1977,,,,2020352,expected 1973
12.388366,GAP,1978,,,,2020352,expected 1973
12.392038,DELIVER,1973,,,,2021376,
12.399919,DELIVER,1974,,,,2022400,
12.400661,DELIVER,1975,,,,2023424,
12.401076,DELIVER,1976,,,,2024448,
12.401399,DELIVER,1977,,,,2025472,
12.401861,DELIVER,1978,,,,2026496,
12.402193,DELIVER,1979,,,,2027520,
12.402463,DELIVER,1980,,,,2028544,
12.402790,GAP,1982,,,,2028544,expected 1981
12.403340,GAP,1983,,,,2028544,expected 1981
12.403666,GAP,1984,,,,2028544,expected 1981
12.403970,GAP,1985,,,,2028544,expected 1981
12.404270,GAP,1986,,,,2028544,expected 1981
12.404563,GAP,1987,,,,2028544,expected 1981
12.440310,GAP,1989,,,,2028544,expected 1981
12.449426,GAP,1990,,,,2028544,expected 1981
12.450697,DELIVER,1981,,,,2029568,
12.451071,DELIVER,1982,,,,2030592,
12.451347,DELIVER,1983,,,,2031616,
12.453556,DELIVER,1984,,,,2032640,
12.454275,DELIVER,1985,,,,2033664,
12.454613,DELIVER,1986,,,,2034688,
12.454901,DELIVER,1987,,,,2035712,
12.455449,DELIVER,1988,,,,2036736,
12.455776,DELIVER,1989,,,,2037760,
12.456030,DELIVER,1990,,,,2038784,
12.456276,DELIVER,1991,,,,2039808,
12.456492,DELIVER,1992,,,,2040832,
12.456714,DELIVER,1993,,,,2041856,
12.456957,DELIVER,1994,,,,2042880,
12.499901,DELIVER,1995,,,,2043904,
12.500352,DELIVER,1996,,,,2044928,
12.500575,DELIVER,1997,,,,2045952,
12.500799,DELIVER,1998,,,,2046976,
12.501099,DELIVER,1999,,,,2048000,
12.501393,DELIVER,2000,,,,2049024,
12.506238,GAP,2002,,,,2049024,expected 2001
12.507402,GAP,2003,,,,2049024,expected 2001
12.511469,GAP,2004,,,,2049024,expected 2001
12.511853,GAP,2005,,,,2049024,expected 2001
12.512215,GAP,2006,,,,2049024,expected 2001
12.512566,GAP,2007,,,,2049024,expected 2001
12.512820,GAP,2008,,,,2049024,expected 2001
12.513060,GAP,2009,,,,2049024,expected 2001
12.537171,GAP,2010,,,,2049024,expected 2001
12.541949,GAP,2011,,,,2049024,expected 2001
12.550786,DELIVER,2001,,,,2050048,
12.551122,DELIVER,2002,,,,2051072,
12.551484,GAP,2004,,,,2051072,expected 2003
12.552159,GAP,2005,,,,2051072,expected 2003
12.552499,GAP,2006,,,,2051072,expected 2003
12.552885,GAP,2007,,,,2051072,expected 2003
12.553319,GAP,2008,,,,2051072,expected 2003
12.553864,GAP,2009,,,,2051072,expected 2003
12.554206,GAP,2010,,,,2051072,expected 2003
12.554686,GAP,2011,,,,2051072,expected 2003
12.555002,GAP,2013,,,,2051072,expected 2003
12.555274,GAP,2014,,,,2051072,expected 2003
12.599560,GAP,2015,,,,2051072,expected 2003
12.599908,GAP,2016,,,,2051072,expected 2003
12.602250,DELIVER,2003,,,,2052096,
12.602841,DELIVER,2004,,,,2053120,
12.603435,DELIVER,2005,,,,2054144,
12.604037,GAP,2007,,,,2054144,expected 2006
12.604472,GAP,2008,,,,2054144,expected 2006
12.604905,GAP,2009,,,,2054144,expected 2006
12.605256,GAP,2010,,,,2054144,expected 2006
12.605786,GAP,2011,,,,2054144,expected 2006
12.606118,GAP,2012,,,,2054144,expected 2006
12.606358,GAP,2013,,,,2054144,expected 2006
12.606598,GAP,2014,,,,2054144,expected 2006
12.606896,GAP,2015,,,,2054144,expected 2006
12.607297,GAP,2016,,,,2054144,expected 2006
12.645192,DELIVER,2006,,,,2055168,
12.654248,DELIVER,2007,,,,2056192,
12.654946,DELIVER,2008,,,,2057216,
12.657210,GAP,2010,,,,2057216,expected 2009
12.657540,GAP,2011,,,,2057216,expected 2009
12.657856,GAP,2012,,,,2057216,expected 2009
12.658239,GAP,2013,,,,2057216,expected 2009
12.658636,GAP,2014,,,,2057216,expected 2009
12.658901,GAP,2017,,,,2057216,expected 2009
12.659144,GAP,2018,,,,2057216,expected 2009
12.659365,GAP,2019,,,,2057216,expected 2009
12.683800,GAP,2020,,,,2057216,expected 2009
12.706484,GAP,2021,,,,2057216,expected 2009
12.706927,GAP,2022,,,,2057216,expected 2009
12.708722,DELIVER,2009,,,,2058240,
12.711891,DELIVER,2010,,,,2059264,
12.712106,DELIVER,2011,,,,2060288,
12.712306,DELIVER,2012,,,,2061312,
12.712505,DELIVER,2013,,,,2062336,
12.713130,DELIVER,2014,,,,2063360,
12.713331,DELIVER,2015,,,,2064384,
12.713529,DELIVER,2016,,,,2065408,
12.713727,DELIVER,2017,,,,2066432,
12.713923,DELIVER,2018,,,,2067456,
12.714116,DELIVER,2019,,,,2068480,
12.714311,DELIVER,2020,,,,2069504,
12.714506,DELIVER,2021,,,,2070528,
12.714699,DELIVER,2022,,,,2071552,
12.771993,DELIVER,2023,,,,2072576,
12.772366,DELIVER,2024,,,,2073600,
12.772963,DELIVER,2025,,,,2074624,
12.773404,DELIVER,2026,,,,2075648,
12.773748,DELIVER,2027,,,,2076672,
12.774090,DELIVER,2028,,,,2077696,
12.774360,DELIVER,2029,,,,2078720,
12.775298,DELIVER,2030,,,,2079744,
12.775591,DELIVER,2031,,,,2080768,
12.775926,DELIVER,2032,,,,2081792,
12.776224,DELIVER,2033,,,,2082816,
12.776471,DELIVER,2034,,,,2083840,
12.776687,DELIVER,2035,,,,2084864,
12.776894,GAP,2037,,,,2084864,expected 2036
12.825096,GAP,2038,,,,2084864,expected 2036
12.825446,GAP,2039,,,,2084864,expected 2036
12.825710,GAP,2040,,,,2084864,expected 2036
12.825966,GAP,2041,,,,2084864,expected 2036
12.826246,GAP,2042,,,,2084864,expected 2036
12.826583,GAP,2043,,,,2084864,expected 2036
12.826822,GAP,2044,,,,2084864,expected 2036
12.827059,DELIVER,2036,,,,2085888,
12.828940,DELIVER,2037,,,,2086912,
12.829233,DELIVER,2038,,,,2087936,
12.829462,DELIVER,2039,,,,2088960,
12.831614,DELIVER,2040,,,,2089984,
12.832529,DELIVER,2041,,,,2091008,
12.832829,DELIVER,2042,,,,2092032,
12.833065,DELIVER,2043,,,,2093056,
12.833296,GAP,2045,,,,2093056,expected 2044
12.833564,GAP,2046,,,,2093056,expected 2044
12.833871,GAP,2047,,,,2093056,expected 2044
12.881915,DELIVER,2044,,,,2094080,
12.882194,DELIVER,2045,,,,2095104,
12.882619,DELIVER,2046,,,,2096128,
12.883095,DELIVER,2047,,,,2097152,
12.931012,FIN,2048,,,,2097152,"all data received, acking FIN"
