t,event,seq,cwnd,srtt_ms,rto_ms,bytes_acked,info
0.635553,DELIVER,0,,,,1024,
0.640428,DELIVER,1,,,,2048,
0.640537,DELIVER,2,,,,3072,
0.640632,DELIVER,3,,,,4096,
0.695445,DELIVER,4,,,,5120,
0.695604,DELIVER,5,,,,6144,
0.695728,DELIVER,6,,,,7168,
0.695839,DELIVER,7,,,,8192,
0.750532,DELIVER,8,,,,9216,
0.750723,DELIVER,9,,,,10240,
0.750890,DELIVER,10,,,,11264,
0.751057,DELIVER,11,,,,12288,
0.751221,DELIVER,12,,,,13312,
0.795454,DELIVER,13,,,,14336,
0.795662,DELIVER,14,,,,15360,
0.795863,DELIVER,15,,,,16384,
0.797383,DELIVER,16,,,,17408,
0.798511,GAP,18,,,,17408,expected 17
0.837785,GAP,19,,,,17408,expected 17
0.838542,GAP,20,,,,17408,expected 17
0.839841,GAP,21,,,,17408,expected 17
0.841854,GAP,18,,,,17408,expected 17
0.852107,GAP,19,,,,17408,expected 17
0.852486,GAP,20,,,,17408,expected 17
0.852922,GAP,21,,,,17408,expected 17
0.853165,GAP,22,,,,17408,expected 17
1.058131,DELIVER,17,,,,18432,
1.058293,DELIVER,18,,,,19456,
1.058432,GAP,20,,,,19456,expected 19
1.058568,GAP,21,,,,19456,expected 19
1.058712,GAP,22,,,,19456,expected 19
1.113953,DELIVER,19,,,,20480,
1.114287,DELIVER,20,,,,21504,
1.114563,DELIVER,21,,,,22528,
1.114934,DELIVER,22,,,,23552,
1.115133,DELIVER,23,,,,24576,
1.115559,DELIVER,24,,,,25600,
1.172982,DELIVER,25,,,,26624,
1.173255,DELIVER,26,,,,27648,
1.173500,DELIVER,27,,,,28672,
1.173707,DELIVER,28,,,,29696,
1.173906,DELIVER,29,,,,30720,
1.174103,DELIVER,30,,,,31744,
1.174295,DELIVER,31,,,,32768,
1.221323,DELIVER,32,,,,33792,
1.229068,DELIVER,33,,,,34816,
1.229334,DELIVER,34,,,,35840,
1.229532,DELIVER,35,,,,36864,
1.229726,GAP,37,,,,36864,expected 36
1.230188,GAP,38,,,,36864,expected 36
1.230528,GAP,39,,,,36864,expected 36
1.270339,GAP,40,,,,36864,expected 36
1.277936,DELIVER,36,,,,37888,
1.284194,DELIVER,37,,,,38912,
1.285031,DELIVER,38,,,,39936,
1.285426,DELIVER,39,,,,40960,
1.285731,DELIVER,40,,,,41984,
1.286113,DELIVER,41,,,,43008,
1.286332,DELIVER,42,,,,44032,
1.315687,DELIVER,43,,,,45056,
1.334946,DELIVER,44,,,,46080,
1.335539,DELIVER,45,,,,47104,
1.335883,DELIVER,46,,,,48128,
1.336887,DELIVER,47,,,,49152,
1.337242,DELIVER,48,,,,50176,
1.337459,DELIVER,49,,,,51200,
1.338029,DELIVER,50,,,,52224,
1.353053,DELIVER,51,,,,53248,
1.390327,GAP,53,,,,53248,expected 52
1.390703,GAP,54,,,,53248,expected 52
1.391176,GAP,55,,,,53248,expected 52
1.391516,GAP,56,,,,53248,expected 52
1.391757,GAP,57,,,,53248,expected 52
1.392011,GAP,58,,,,53248,expected 52
1.392357,GAP,59,,,,53248,expected 52
1.434066,DUP,51,,,,53248,
1.434439,DELIVER,52,,,,54272,
1.434810,DELIVER,53,,,,55296,
1.435290,DELIVER,54,,,,56320,
1.435745,DELIVER,55,,,,57344,
1.436262,DELIVER,56,,,,58368,
1.436806,DELIVER,57,,,,59392,
1.437331,DELIVER,58,,,,60416,
1.437695,DELIVER,59,,,,61440,
1.437977,DUP,52,,,,61440,
1.438278,DUP,53,,,,61440,
1.438538,DUP,54,,,,61440,
1.441480,DUP,55,,,,61440,
1.441800,DUP,56,,,,61440,
1.442052,DUP,57,,,,61440,
1.442331,DUP,59,,,,61440,
1.488408,DELIVER,60,,,,62464,
1.488699,DELIVER,61,,,,63488,
1.488945,DELIVER,62,,,,64512,
1.489154,DELIVER,63,,,,65536,
1.489457,DELIVER,64,,,,66560,
1.489696,DELIVER,65,,,,67584,
1.489967,DELIVER,66,,,,68608,
1.490204,DELIVER,67,,,,69632,
1.490563,DELIVER,68,,,,70656,
1.535166,DELIVER,69,,,,71680,
1.535501,DELIVER,70,,,,72704,
1.538499,DELIVER,71,,,,73728,
1.538899,DELIVER,72,,,,74752,
1.542482,DELIVER,73,,,,75776,
1.542812,DELIVER,74,,,,76800,
1.544281,DELIVER,75,,,,77824,
1.544568,DELIVER,76,,,,78848,
1.544831,DELIVER,77,,,,79872,
1.592351,GAP,79,,,,79872,expected 78
1.592730,GAP,80,,,,79872,expected 78
1.593011,GAP,81,,,,79872,expected 78
1.593239,GAP,82,,,,79872,expected 78
1.593472,GAP,83,,,,79872,expected 78
1.593718,GAP,84,,,,79872,expected 78
1.593962,GAP,85,,,,79872,expected 78
1.594213,GAP,86,,,,79872,expected 78
1.594465,GAP,87,,,,79872,expected 78
1.594711,GAP,88,,,,79872,expected 78
1.637614,DELIVER,78,,,,80896,
1.638285,DELIVER,79,,,,81920,
1.639232,DELIVER,80,,,,82944,
1.639628,DELIVER,81,,,,83968,
1.640053,DELIVER,82,,,,84992,
1.640572,DELIVER,83,,,,86016,
1.640951,DELIVER,84,,,,87040,
1.641238,GAP,86,,,,87040,expected 85
1.641547,GAP,87,,,,87040,expected 85
1.691831,DELIVER,85,,,,88064,
1.692370,DELIVER,86,,,,89088,
1.692835,DELIVER,87,,,,90112,
1.693446,DELIVER,88,,,,91136,
1.693980,DELIVER,89,,,,92160,
1.694559,DELIVER,90,,,,93184,
1.695138,DELIVER,91,,,,94208,
1.695465,DELIVER,92,,,,95232,
1.695764,DELIVER,93,,,,96256,
1.696018,DELIVER,94,,,,97280,
1.739899,GAP,96,,,,97280,expected 95
1.741429,GAP,98,,,,97280,expected 95
1.745637,GAP,99,,,,97280,expected 95
1.750849,GAP,100,,,,97280,expected 95
1.751490,GAP,101,,,,97280,expected 95
1.752174,GAP,102,,,,97280,expected 95
1.754581,GAP,103,,,,97280,expected 95
1.755193,GAP,104,,,,97280,expected 95
1.755854,GAP,105,,,,97280,expected 95
1.789464,DELIVER,95,,,,98304,
1.790013,DELIVER,96,,,,99328,
1.790359,DELIVER,97,,,,100352,
1.790683,DELIVER,98,,,,101376,
1.791035,DELIVER,99,,,,102400,
1.791409,DELIVER,100,,,,103424,
1.791783,DELIVER,101,,,,104448,
1.792084,DELIVER,102,,,,105472,
1.792340,GAP,104,,,,105472,expected 103
1.842367,DELIVER,103,,,,106496,
1.842653,DELIVER,104,,,,107520,
1.844977,DELIVER,105,,,,108544,
1.845201,DELIVER,106,,,,109568,
1.845453,DELIVER,107,,,,110592,
1.845718,DELIVER,108,,,,111616,
1.845947,DELIVER,109,,,,112640,
1.846214,DELIVER,110,,,,113664,
1.846458,DELIVER,111,,,,114688,
1.846697,DELIVER,112,,,,115712,
1.846916,DELIVER,113,,,,116736,
1.892394,DELIVER,114,,,,117760,
1.892708,DELIVER,115,,,,118784,
1.892910,DELIVER,116,,,,119808,
1.898795,DELIVER,117,,,,120832,
1.899371,DELIVER,118,,,,121856,
1.899804,DELIVER,119,,,,122880,
1.900451,DELIVER,120,,,,123904,
1.900841,DELIVER,121,,,,124928,
1.901157,DELIVER,122,,,,125952,
1.901515,DELIVER,123,,,,126976,
1.901855,DELIVER,124,,,,128000,
1.902351,DELIVER,125,,,,129024,
1.937404,DELIVER,126,,,,130048,
1.943276,DELIVER,127,,,,131072,
1.945513,GAP,129,,,,131072,expected 128
1.953768,GAP,130,,,,131072,expected 128
1.954424,GAP,131,,,,131072,expected 128
1.954758,GAP,132,,,,131072,expected 128
1.955213,GAP,133,,,,131072,expected 128
1.955657,GAP,134,,,,131072,expected 128
1.956400,GAP,135,,,,131072,expected 128
1.956786,GAP,136,,,,131072,expected 128
1.957103,GAP,137,,,,131072,expected 128
1.984900,GAP,138,,,,131072,expected 128
1.985264,GAP,139,,,,131072,expected 128
1.987651,GAP,140,,,,131072,expected 128
2.000693,DELIVER,128,,,,132096,
2.001979,DELIVER,129,,,,133120,
2.002338,DELIVER,130,,,,134144,
2.002981,DELIVER,131,,,,135168,
2.003246,DELIVER,132,,,,136192,
2.003506,DELIVER,133,,,,137216,
2.003759,DELIVER,134,,,,138240,
2.004400,DELIVER,135,,,,139264,
2.004693,DELIVER,136,,,,140288,
2.004950,DELIVER,137,,,,141312,
2.005201,DELIVER,138,,,,142336,
2.046524,DELIVER,139,,,,143360,
2.046874,GAP,141,,,,143360,expected 140
2.047155,GAP,142,,,,143360,expected 140
2.053954,GAP,143,,,,143360,expected 140
2.054294,GAP,144,,,,143360,expected 140
2.054650,GAP,145,,,,143360,expected 140
2.054959,GAP,146,,,,143360,expected 140
2.055342,GAP,147,,,,143360,expected 140
2.055619,GAP,148,,,,143360,expected 140
2.058642,GAP,149,,,,143360,expected 140
2.059271,GAP,150,,,,143360,expected 140
2.099231,GAP,151,,,,143360,expected 140
2.099547,GAP,141,,,,143360,expected 140
2.099897,GAP,142,,,,143360,expected 140
2.100153,GAP,143,,,,143360,expected 140
2.100462,GAP,144,,,,143360,expected 140
2.100713,GAP,145,,,,143360,expected 140
2.100936,GAP,146,,,,143360,expected 140
2.102126,GAP,147,,,,143360,expected 140
2.102416,GAP,148,,,,143360,expected 140
2.104204,GAP,149,,,,143360,expected 140
2.104581,GAP,150,,,,143360,expected 140
2.104961,GAP,151,,,,143360,expected 140
3.106421,GAP,141,,,,143360,expected 140
3.106683,GAP,142,,,,143360,expected 140
3.106918,GAP,143,,,,143360,expected 140
3.107164,GAP,144,,,,143360,expected 140
3.107396,GAP,145,,,,143360,expected 140
3.107635,GAP,146,,,,143360,expected 140
3.107863,GAP,147,,,,143360,expected 140
3.108091,GAP,148,,,,143360,expected 140
3.108307,GAP,149,,,,143360,expected 140
3.108541,GAP,150,,,,143360,expected 140
3.108772,GAP,151,,,,143360,expected 140
3.304285,DELIVER,140,,,,144384,
3.304613,DELIVER,141,,,,145408,
3.308841,DELIVER,142,,,,146432,
3.309195,DELIVER,143,,,,147456,
3.309568,DELIVER,144,,,,148480,
3.311093,DELIVER,145,,,,149504,
3.311427,DELIVER,146,,,,150528,
3.311790,DELIVER,147,,,,151552,
3.312092,DELIVER,148,,,,152576,
3.312435,DELIVER,149,,,,153600,
3.312709,DELIVER,150,,,,154624,
3.312976,DELIVER,151,,,,155648,
3.350912,DELIVER,152,,,,156672,
3.357812,DELIVER,153,,,,157696,
3.361456,DELIVER,154,,,,158720,
3.361905,DELIVER,155,,,,159744,
3.362493,DELIVER,156,,,,160768,
3.362874,DELIVER,157,,,,161792,
3.363237,DELIVER,158,,,,162816,
3.364489,DELIVER,159,,,,163840,
3.364765,DELIVER,160,,,,164864,
3.365069,DELIVER,161,,,,165888,
3.365870,DELIVER,162,,,,166912,
3.366263,DELIVER,163,,,,167936,
3.366711,DELIVER,164,,,,168960,
3.398695,DELIVER,165,,,,169984,
3.399035,DELIVER,166,,,,171008,
3.415442,DELIVER,167,,,,172032,
3.415997,DELIVER,168,,,,173056,
3.416316,DELIVER,169,,,,174080,
3.416908,DELIVER,170,,,,175104,
3.417245,DELIVER,171,,,,176128,
3.417578,DELIVER,172,,,,177152,
3.418243,DELIVER,173,,,,178176,
3.418675,DELIVER,174,,,,179200,
3.419020,DELIVER,175,,,,180224,
3.419723,DELIVER,176,,,,181248,
3.420025,DELIVER,177,,,,182272,
3.420308,DELIVER,178,,,,183296,
3.445594,DELIVER,179,,,,184320,
3.447867,DELIVER,180,,,,185344,
3.464545,DELIVER,181,,,,186368,
3.464876,DELIVER,182,,,,187392,
3.465169,DELIVER,183,,,,188416,
3.465956,DELIVER,184,,,,189440,
3.466367,DELIVER,185,,,,190464,
3.466616,DELIVER,186,,,,191488,
3.471066,DELIVER,187,,,,192512,
3.471439,DELIVER,188,,,,193536,
3.471742,DELIVER,189,,,,194560,
3.472033,DELIVER,190,,,,195584,
3.474744,DELIVER,191,,,,196608,
3.475070,DELIVER,192,,,,197632,
3.475416,DELIVER,193,,,,198656,
3.500490,DELIVER,194,,,,199680,
3.500828,DELIVER,195,,,,200704,
3.509769,DELIVER,196,,,,201728,
3.513228,DELIVER,197,,,,202752,
3.514878,DELIVER,198,,,,203776,
3.517941,DELIVER,199,,,,204800,
3.519016,DELIVER,200,,,,205824,
3.519611,DELIVER,201,,,,206848,
3.520343,DELIVER,202,,,,207872,
3.520747,DELIVER,203,,,,208896,
3.521086,DELIVER,204,,,,209920,
3.521338,DELIVER,205,,,,210944,
3.523676,DELIVER,206,,,,211968,
3.523972,DELIVER,207,,,,212992,
3.524243,DELIVER,208,,,,214016,
3.525873,DELIVER,209,,,,215040,
3.553090,DELIVER,210,,,,216064,
3.553505,DELIVER,211,,,,217088,
3.553788,DELIVER,212,,,,218112,
3.559517,GAP,214,,,,218112,expected 213
3.561500,GAP,215,,,,218112,expected 213
3.561873,GAP,216,,,,218112,expected 213
3.563936,GAP,217,,,,218112,expected 213
3.571115,GAP,219,,,,218112,expected 213
3.575768,GAP,220,,,,218112,expected 213
3.576076,GAP,221,,,,218112,expected 213
3.576365,GAP,222,,,,218112,expected 213
3.576661,GAP,223,,,,218112,expected 213
3.576960,GAP,224,,,,218112,expected 213
3.577262,GAP,225,,,,218112,expected 213
3.577566,GAP,226,,,,218112,expected 213
3.590604,GAP,228,,,,218112,expected 213
3.600337,GAP,229,,,,218112,expected 213
3.608567,DELIVER,213,,,,219136,
3.609374,DELIVER,214,,,,220160,
3.613590,DELIVER,215,,,,221184,
3.613961,DELIVER,216,,,,222208,
3.614266,DELIVER,217,,,,223232,
3.614536,DELIVER,218,,,,224256,
3.614765,DELIVER,219,,,,225280,
3.615301,DELIVER,220,,,,226304,
3.615567,DELIVER,221,,,,227328,
3.615799,DELIVER,222,,,,228352,
3.616075,DELIVER,223,,,,229376,
3.616298,DELIVER,224,,,,230400,
3.616515,DELIVER,225,,,,231424,
3.616720,DELIVER,226,,,,232448,
3.617079,DELIVER,227,,,,233472,
3.646219,DELIVER,228,,,,234496,
3.650484,DELIVER,229,,,,235520,
3.656355,DELIVER,230,,,,236544,
3.661408,DELIVER,231,,,,237568,
3.664775,DELIVER,232,,,,238592,
3.664949,DELIVER,233,,,,239616,
3.666387,DELIVER,234,,,,240640,
3.666556,DELIVER,235,,,,241664,
3.666720,DELIVER,236,,,,242688,
3.666882,DELIVER,237,,,,243712,
3.669832,DELIVER,238,,,,244736,
3.670887,DELIVER,239,,,,245760,
3.671055,DELIVER,240,,,,246784,
3.671216,DELIVER,241,,,,247808,
3.672025,DELIVER,242,,,,248832,
3.672192,DELIVER,243,,,,249856,
3.695296,DELIVER,244,,,,250880,
3.695576,DELIVER,245,,,,251904,
3.699713,DELIVER,246,,,,252928,
3.710603,DELIVER,247,,,,253952,
3.710839,DELIVER,248,,,,254976,
3.711595,DELIVER,249,,,,256000,
3.711828,DELIVER,250,,,,257024,
3.712036,DELIVER,251,,,,258048,
3.712226,DELIVER,252,,,,259072,
3.712400,DELIVER,253,,,,260096,
3.712972,DELIVER,254,,,,261120,
3.713580,DELIVER,255,,,,262144,
3.724862,DELIVER,256,,,,263168,
3.725216,DELIVER,257,,,,264192,
3.725506,DELIVER,258,,,,265216,
3.725834,DELIVER,259,,,,266240,
3.726321,DELIVER,260,,,,267264,
3.745501,DELIVER,261,,,,268288,
3.745835,DELIVER,262,,,,269312,
3.747197,DELIVER,263,,,,270336,
3.762050,DELIVER,264,,,,271360,
3.762434,GAP,266,,,,271360,expected 265
3.762796,GAP,267,,,,271360,expected 265
3.763407,GAP,268,,,,271360,expected 265
3.764069,GAP,269,,,,271360,expected 265
3.764367,GAP,270,,,,271360,expected 265
3.764698,GAP,271,,,,271360,expected 265
3.764967,GAP,272,,,,271360,expected 265
3.765349,GAP,273,,,,271360,expected 265
3.765608,GAP,274,,,,271360,expected 265
3.766400,GAP,275,,,,271360,expected 265
3.766867,GAP,276,,,,271360,expected 265
3.767248,GAP,277,,,,271360,expected 265
3.767905,GAP,278,,,,271360,expected 265
3.796323,GAP,279,,,,271360,expected 265
3.796623,GAP,280,,,,271360,expected 265
3.796859,GAP,281,,,,271360,expected 265
3.814070,DELIVER,265,,,,272384,
3.817286,GAP,267,,,,272384,expected 266
3.818077,GAP,268,,,,272384,expected 266
3.819679,GAP,269,,,,272384,expected 266
3.819974,GAP,271,,,,272384,expected 266
3.820461,GAP,272,,,,272384,expected 266
3.820740,GAP,273,,,,272384,expected 266
3.821310,GAP,274,,,,272384,expected 266
3.821539,GAP,275,,,,272384,expected 266
3.821760,GAP,276,,,,272384,expected 266
3.821994,GAP,277,,,,272384,expected 266
3.822440,GAP,278,,,,272384,expected 266
3.823148,GAP,279,,,,272384,expected 266
3.823307,GAP,280,,,,272384,expected 266
3.861679,DELIVER,266,,,,273408,
3.863208,DELIVER,267,,,,274432,
3.863564,DELIVER,268,,,,275456,
3.870752,DELIVER,269,,,,276480,
3.871120,DELIVER,270,,,,277504,
3.871412,DELIVER,271,,,,278528,
3.871707,DELIVER,272,,,,279552,
3.872381,DELIVER,273,,,,280576,
3.872870,DELIVER,274,,,,281600,
3.873183,DELIVER,275,,,,282624,
3.873451,DELIVER,276,,,,283648,
3.873687,DELIVER,277,,,,284672,
3.873947,DELIVER,278,,,,285696,
3.874271,DELIVER,279,,,,286720,
3.874612,DELIVER,280,,,,287744,
3.874887,DELIVER,281,,,,288768,
3.905584,DELIVER,282,,,,289792,
3.906043,DELIVER,283,,,,290816,
3.917941,DELIVER,284,,,,291840,
3.920248,DELIVER,285,,,,292864,
3.920557,DELIVER,286,,,,293888,
3.920792,GAP,288,,,,293888,expected 287
3.921172,GAP,289,,,,293888,expected 287
3.923412,GAP,290,,,,293888,expected 287
3.924428,GAP,291,,,,293888,expected 287
3.925165,GAP,292,,,,293888,expected 287
3.925585,GAP,293,,,,293888,expected 287
3.925964,GAP,294,,,,293888,expected 287
3.926373,GAP,295,,,,293888,expected 287
3.926859,GAP,296,,,,293888,expected 287
3.927142,GAP,297,,,,293888,expected 287
3.927457,GAP,298,,,,293888,expected 287
3.943710,GAP,299,,,,293888,expected 287
3.955639,GAP,300,,,,293888,expected 287
3.966951,GAP,301,,,,293888,expected 287
3.967367,GAP,302,,,,293888,expected 287
3.968991,DELIVER,287,,,,294912,
3.973959,DELIVER,288,,,,295936,
3.974326,DELIVER,289,,,,296960,
3.974654,DELIVER,290,,,,297984,
3.974930,DELIVER,291,,,,299008,
3.975310,DELIVER,292,,,,300032,
3.975782,DELIVER,293,,,,301056,
3.976038,GAP,295,,,,301056,expected 294
3.976266,GAP,296,,,,301056,expected 294
3.976512,GAP,297,,,,301056,expected 294
3.976773,GAP,298,,,,301056,expected 294
3.977063,GAP,299,,,,301056,expected 294
3.977312,GAP,300,,,,301056,expected 294
3.977551,GAP,301,,,,301056,expected 294
4.020433,GAP,302,,,,301056,expected 294
4.022505,GAP,303,,,,301056,expected 294
4.022878,GAP,304,,,,301056,expected 294
4.023203,GAP,305,,,,301056,expected 294
4.023498,GAP,306,,,,301056,expected 294
4.023801,GAP,307,,,,301056,expected 294
4.024294,GAP,308,,,,301056,expected 294
4.024846,DELIVER,294,,,,302080,
4.028880,DELIVER,295,,,,303104,
4.030807,DELIVER,296,,,,304128,
4.031126,DELIVER,297,,,,305152,
4.031725,DELIVER,298,,,,306176,
4.032683,DELIVER,299,,,,307200,
4.033006,DELIVER,300,,,,308224,
4.033761,DELIVER,301,,,,309248,
4.034094,DELIVER,302,,,,310272,
4.034414,DELIVER,303,,,,311296,
4.034735,DELIVER,304,,,,312320,
4.035000,DELIVER,305,,,,313344,
4.035252,DELIVER,306,,,,314368,
4.035511,DELIVER,307,,,,315392,
4.035763,DELIVER,308,,,,316416,
4.036013,DELIVER,309,,,,317440,
4.076877,DELIVER,310,,,,318464,
4.077189,DELIVER,311,,,,319488,
4.077430,DELIVER,312,,,,320512,
4.079748,DELIVER,313,,,,321536,
4.080043,DELIVER,314,,,,322560,
4.081558,DELIVER,315,,,,323584,
4.081924,DELIVER,316,,,,324608,
4.084791,DELIVER,317,,,,325632,
4.085520,DELIVER,318,,,,326656,
4.085827,DELIVER,319,,,,327680,
4.086065,DELIVER,320,,,,328704,
4.086476,DELIVER,321,,,,329728,
4.086736,DELIVER,322,,,,330752,
4.086970,DELIVER,323,,,,331776,
4.087220,DELIVER,324,,,,332800,
4.090602,DELIVER,325,,,,333824,
4.091300,DELIVER,326,,,,334848,
4.132275,DELIVER,327,,,,335872,
4.132783,DELIVER,328,,,,336896,
4.133270,DELIVER,329,,,,337920,
4.133566,DELIVER,330,,,,338944,
4.134103,DELIVER,331,,,,339968,
4.134532,DELIVER,332,,,,340992,
4.135288,DELIVER,333,,,,342016,
4.135623,DELIVER,334,,,,343040,
4.135935,DELIVER,335,,,,344064,
4.138731,DELIVER,336,,,,345088,
4.139015,DELIVER,337,,,,346112,
4.139233,DELIVER,338,,,,347136,
4.141327,GAP,340,,,,347136,expected 339
4.141657,GAP,341,,,,347136,expected 339
4.144932,GAP,342,,,,347136,expected 339
4.145295,GAP,343,,,,347136,expected 339
4.171304,GAP,345,,,,347136,expected 339
4.172851,GAP,346,,,,347136,expected 339
4.188623,GAP,347,,,,347136,expected 339
4.189079,GAP,348,,,,347136,expected 339
4.189503,GAP,349,,,,347136,expected 339
4.189856,GAP,350,,,,347136,expected 339
4.190156,GAP,351,,,,347136,expected 339
4.190472,GAP,352,,,,347136,expected 339
4.190804,GAP,354,,,,347136,expected 339
4.191107,DELIVER,339,,,,348160,
4.191384,DELIVER,340,,,,349184,
4.191658,DELIVER,341,,,,350208,
4.192088,DELIVER,342,,,,351232,
4.192456,DELIVER,343,,,,352256,
4.192773,DELIVER,344,,,,353280,
4.193077,DELIVER,345,,,,354304,
4.193340,DELIVER,346,,,,355328,
4.193637,DELIVER,347,,,,356352,
4.195237,DELIVER,348,,,,357376,
4.195441,DELIVER,349,,,,358400,
4.195638,DELIVER,350,,,,359424,
4.195876,DELIVER,351,,,,360448,
4.196128,DELIVER,352,,,,361472,
4.196377,DELIVER,353,,,,362496,
4.196626,DELIVER,354,,,,363520,
4.240776,DELIVER,355,,,,364544,
4.243314,DELIVER,356,,,,365568,
4.245263,DELIVER,357,,,,366592,
4.245629,DELIVER,358,,,,367616,
4.246121,DELIVER,359,,,,368640,
4.246459,DELIVER,360,,,,369664,
4.246751,DELIVER,361,,,,370688,
4.247723,DELIVER,362,,,,371712,
4.248213,DELIVER,363,,,,372736,
4.248539,DELIVER,364,,,,373760,
4.248885,DELIVER,365,,,,374784,
4.249183,GAP,367,,,,374784,expected 366
4.249532,GAP,368,,,,374784,expected 366
4.249901,GAP,369,,,,374784,expected 366
4.250208,GAP,370,,,,374784,expected 366
4.296623,GAP,371,,,,374784,expected 366
4.297032,GAP,372,,,,374784,expected 366
4.297495,GAP,373,,,,374784,expected 366
4.298209,GAP,374,,,,374784,expected 366
4.298601,GAP,375,,,,374784,expected 366
4.299017,GAP,376,,,,374784,expected 366
4.299343,GAP,377,,,,374784,expected 366
4.300793,GAP,378,,,,374784,expected 366
4.301115,GAP,379,,,,374784,expected 366
4.301579,GAP,367,,,,374784,expected 366
4.303018,GAP,368,,,,374784,expected 366
4.303966,GAP,369,,,,374784,expected 366
4.304262,GAP,370,,,,374784,expected 366
4.304534,GAP,371,,,,374784,expected 366
4.304771,GAP,372,,,,374784,expected 366
4.304993,GAP,373,,,,374784,expected 366
4.305220,GAP,374,,,,374784,expected 366
4.307804,GAP,375,,,,374784,expected 366
4.308124,GAP,376,,,,374784,expected 366
4.308458,GAP,377,,,,374784,expected 366
4.308751,GAP,378,,,,374784,expected 366
4.309512,GAP,379,,,,374784,expected 366
4.309814,GAP,380,,,,374784,expected 366
4.310107,GAP,381,,,,374784,expected 366
4.501354,DELIVER,366,,,,375808,
4.506488,DELIVER,367,,,,376832,
4.506863,DELIVER,368,,,,377856,
4.507345,DELIVER,369,,,,378880,
4.507888,DELIVER,370,,,,379904,
4.508337,DELIVER,371,,,,380928,
4.508576,DELIVER,372,,,,381952,
4.511011,DELIVER,373,,,,382976,
4.511344,DELIVER,374,,,,384000,
4.511627,DELIVER,375,,,,385024,
4.511927,DELIVER,376,,,,386048,
4.512247,DELIVER,377,,,,387072,
4.512549,GAP,379,,,,387072,expected 378
4.512951,GAP,380,,,,387072,expected 378
4.513299,GAP,381,,,,387072,expected 378
4.544814,GAP,382,,,,387072,expected 378
4.563993,GAP,383,,,,387072,expected 378
4.564417,GAP,384,,,,387072,expected 378
4.565074,GAP,385,,,,387072,expected 378
4.565544,GAP,386,,,,387072,expected 378
4.565948,GAP,387,,,,387072,expected 378
4.566218,GAP,388,,,,387072,expected 378
4.566644,GAP,389,,,,387072,expected 378
4.567092,DELIVER,378,,,,388096,
4.567398,DELIVER,379,,,,389120,
4.567688,DELIVER,380,,,,390144,
4.567944,GAP,382,,,,390144,expected 381
4.568206,GAP,383,,,,390144,expected 381
4.568438,GAP,384,,,,390144,expected 381
4.568639,GAP,385,,,,390144,expected 381
4.568842,GAP,386,,,,390144,expected 381
4.569042,GAP,387,,,,390144,expected 381
4.569244,GAP,388,,,,390144,expected 381
4.569442,GAP,389,,,,390144,expected 381
4.569640,GAP,390,,,,390144,expected 381
4.569841,GAP,392,,,,390144,expected 381
4.570041,GAP,393,,,,390144,expected 381
4.625464,DELIVER,381,,,,391168,
4.625860,DELIVER,382,,,,392192,
4.626221,DELIVER,383,,,,393216,
4.626743,DELIVER,384,,,,394240,
4.627140,DELIVER,385,,,,395264,
4.627405,DELIVER,386,,,,396288,
4.627621,DELIVER,387,,,,397312,
4.627871,DELIVER,388,,,,398336,
4.628109,DELIVER,389,,,,399360,
4.628351,DELIVER,390,,,,400384,
4.628552,DELIVER,391,,,,401408,
4.628792,DELIVER,392,,,,402432,
4.629069,DELIVER,393,,,,403456,
4.629436,DELIVER,394,,,,404480,
4.629759,DELIVER,395,,,,405504,
4.684393,DELIVER,396,,,,406528,
4.684992,DELIVER,397,,,,407552,
4.685381,DELIVER,398,,,,408576,
4.685766,DELIVER,399,,,,409600,
4.686107,DELIVER,400,,,,410624,
4.686387,DELIVER,401,,,,411648,
4.686638,DELIVER,402,,,,412672,
4.686915,DELIVER,403,,,,413696,
4.687215,DELIVER,404,,,,414720,
4.687475,DELIVER,405,,,,415744,
4.687783,DELIVER,406,,,,416768,
4.688098,DELIVER,407,,,,417792,
4.688326,DELIVER,408,,,,418816,
4.688635,DELIVER,409,,,,419840,
4.688936,DELIVER,410,,,,420864,
4.689166,DELIVER,411,,,,421888,
4.737962,DELIVER,412,,,,422912,
4.738127,DELIVER,413,,,,423936,
4.738257,DELIVER,414,,,,424960,
4.738391,DELIVER,415,,,,425984,
4.738510,DELIVER,416,,,,427008,
4.738625,GAP,418,,,,427008,expected 417
4.738735,GAP,419,,,,427008,expected 417
4.739565,GAP,420,,,,427008,expected 417
4.739687,GAP,421,,,,427008,expected 417
4.743662,GAP,422,,,,427008,expected 417
4.743824,GAP,423,,,,427008,expected 417
4.743960,GAP,424,,,,427008,expected 417
4.744079,GAP,425,,,,427008,expected 417
4.744195,GAP,426,,,,427008,expected 417
4.747014,GAP,427,,,,427008,expected 417
4.747127,GAP,428,,,,427008,expected 417
4.785864,DELIVER,417,,,,428032,
4.785991,DELIVER,418,,,,429056,
4.786085,DELIVER,419,,,,430080,
4.786170,DELIVER,420,,,,431104,
4.786252,GAP,422,,,,431104,expected 421
4.786338,GAP,423,,,,431104,expected 421
4.786421,GAP,424,,,,431104,expected 421
4.786504,GAP,425,,,,431104,expected 421
4.786590,GAP,426,,,,431104,expected 421
4.786676,GAP,427,,,,431104,expected 421
4.788983,GAP,428,,,,431104,expected 421
4.789074,GAP,429,,,,431104,expected 421
4.789160,GAP,430,,,,431104,expected 421
4.789244,GAP,431,,,,431104,expected 421
4.823810,GAP,432,,,,431104,expected 421
4.823970,GAP,433,,,,431104,expected 421
4.838092,DELIVER,421,,,,432128,
4.838230,DELIVER,422,,,,433152,
4.838323,DELIVER,423,,,,434176,
4.838412,DELIVER,424,,,,435200,
4.838504,DELIVER,425,,,,436224,
4.838591,DELIVER,426,,,,437248,
4.838678,DELIVER,427,,,,438272,
4.838769,DELIVER,428,,,,439296,
4.838859,DELIVER,429,,,,440320,
4.838950,GAP,431,,,,440320,expected 430
4.839059,GAP,432,,,,440320,expected 430
4.839164,GAP,433,,,,440320,expected 430
4.839261,GAP,434,,,,440320,expected 430
4.839366,GAP,435,,,,440320,expected 430
4.875221,GAP,436,,,,440320,expected 430
4.893411,DELIVER,430,,,,441344,
4.893553,DELIVER,431,,,,442368,
4.893655,DELIVER,432,,,,443392,
4.893745,DELIVER,433,,,,444416,
4.893833,DELIVER,434,,,,445440,
4.893922,DELIVER,435,,,,446464,
4.894009,DELIVER,436,,,,447488,
4.894095,DELIVER,437,,,,448512,
4.894181,GAP,439,,,,448512,expected 438
4.894269,GAP,440,,,,448512,expected 438
4.894359,GAP,441,,,,448512,expected 438
4.894448,GAP,442,,,,448512,expected 438
4.894538,GAP,443,,,,448512,expected 438
4.943616,GAP,444,,,,448512,expected 438
4.943966,GAP,445,,,,448512,expected 438
4.944269,GAP,446,,,,448512,expected 438
4.944599,GAP,447,,,,448512,expected 438
4.944911,GAP,448,,,,448512,expected 438
4.945202,GAP,449,,,,448512,expected 438
4.946757,DELIVER,438,,,,449536,
4.947137,DELIVER,439,,,,450560,
4.947370,DELIVER,440,,,,451584,
4.947608,DELIVER,441,,,,452608,
4.947814,DELIVER,442,,,,453632,
4.948032,DELIVER,443,,,,454656,
4.948180,DELIVER,444,,,,455680,
4.948279,DELIVER,445,,,,456704,
4.948373,DELIVER,446,,,,457728,
4.948463,DELIVER,447,,,,458752,
4.948552,DELIVER,448,,,,459776,
4.948639,DELIVER,449,,,,460800,
4.948725,DELIVER,450,,,,461824,
5.003814,DELIVER,451,,,,462848,
5.004307,DELIVER,452,,,,463872,
5.004650,DELIVER,453,,,,464896,
5.005029,DELIVER,454,,,,465920,
5.005349,DELIVER,455,,,,466944,
5.005671,GAP,457,,,,466944,expected 456
5.005965,GAP,458,,,,466944,expected 456
5.006241,GAP,459,,,,466944,expected 456
5.006534,GAP,460,,,,466944,expected 456
5.006839,GAP,461,,,,466944,expected 456
5.007074,GAP,462,,,,466944,expected 456
5.007316,GAP,463,,,,466944,expected 456
5.007549,GAP,464,,,,466944,expected 456
5.043930,GAP,465,,,,466944,expected 456
5.057392,GAP,466,,,,466944,expected 456
5.058061,GAP,468,,,,466944,expected 456
5.058419,GAP,469,,,,466944,expected 456
5.058744,DELIVER,456,,,,467968,
5.059085,DELIVER,457,,,,468992,
5.059382,DELIVER,458,,,,470016,
5.059669,DELIVER,459,,,,471040,
5.060112,DELIVER,460,,,,472064,
5.060297,DELIVER,461,,,,473088,
5.060410,DELIVER,462,,,,474112,
5.060504,DELIVER,463,,,,475136,
5.060595,DELIVER,464,,,,476160,
5.060684,DELIVER,465,,,,477184,
5.060773,DELIVER,466,,,,478208,
5.063257,DELIVER,467,,,,479232,
5.108541,GAP,469,,,,479232,expected 468
5.110531,GAP,470,,,,479232,expected 468
5.111937,GAP,471,,,,479232,expected 468
5.112321,GAP,472,,,,479232,expected 468
5.112638,GAP,473,,,,479232,expected 468
5.113042,GAP,474,,,,479232,expected 468
5.113599,GAP,475,,,,479232,expected 468
5.114608,GAP,476,,,,479232,expected 468
5.117277,GAP,477,,,,479232,expected 468
5.117789,GAP,478,,,,479232,expected 468
5.119002,GAP,479,,,,479232,expected 468
5.119180,GAP,480,,,,479232,expected 468
5.152645,DELIVER,468,,,,480256,
5.153160,DELIVER,469,,,,481280,
5.153397,GAP,471,,,,481280,expected 470
5.155958,GAP,472,,,,481280,expected 470
5.156232,GAP,473,,,,481280,expected 470
5.156480,GAP,474,,,,481280,expected 470
5.156773,GAP,475,,,,481280,expected 470
5.157075,GAP,476,,,,481280,expected 470
5.157285,GAP,478,,,,481280,expected 470
5.157510,GAP,479,,,,481280,expected 470
5.157712,GAP,480,,,,481280,expected 470
5.207480,GAP,481,,,,481280,expected 470
5.207792,GAP,482,,,,481280,expected 470
5.208027,GAP,483,,,,481280,expected 470
5.208330,DELIVER,470,,,,482304,
5.208629,DELIVER,471,,,,483328,
5.208852,DELIVER,472,,,,484352,
5.209094,DELIVER,473,,,,485376,
5.209324,GAP,475,,,,485376,expected 474
5.209525,GAP,476,,,,485376,expected 474
5.209752,GAP,477,,,,485376,expected 474
5.209971,GAP,478,,,,485376,expected 474
5.210237,GAP,479,,,,485376,expected 474
5.210471,GAP,481,,,,485376,expected 474
5.261028,GAP,482,,,,485376,expected 474
5.261825,DELIVER,474,,,,486400,
5.262212,DELIVER,475,,,,487424,
5.262645,DELIVER,476,,,,488448,
5.262939,DELIVER,477,,,,489472,
5.263252,DELIVER,478,,,,490496,
5.263541,DELIVER,479,,,,491520,
5.263818,DELIVER,480,,,,492544,
5.264088,DELIVER,481,,,,493568,
5.264440,DELIVER,482,,,,494592,
5.264885,DELIVER,483,,,,495616,
5.265492,DELIVER,484,,,,496640,
5.265801,DELIVER,485,,,,497664,
5.304180,DELIVER,486,,,,498688,
5.310429,DELIVER,487,,,,499712,
5.315545,DELIVER,488,,,,500736,
5.315978,DELIVER,489,,,,501760,
5.316317,DELIVER,490,,,,502784,
5.316589,DELIVER,491,,,,503808,
5.316889,DELIVER,492,,,,504832,
5.317172,DELIVER,493,,,,505856,
5.317419,DELIVER,494,,,,506880,
5.317660,DELIVER,495,,,,507904,
5.317911,DELIVER,496,,,,508928,
5.318142,DELIVER,497,,,,509952,
5.318406,DELIVER,498,,,,510976,
5.349924,DELIVER,499,,,,512000,
5.352006,DELIVER,500,,,,513024,
5.357211,DELIVER,501,,,,514048,
5.357414,DELIVER,502,,,,515072,
5.362326,DELIVER,503,,,,516096,
5.367325,DELIVER,504,,,,517120,
5.367555,DELIVER,505,,,,518144,
5.367784,DELIVER,506,,,,519168,
5.367990,DELIVER,507,,,,520192,
5.369841,DELIVER,508,,,,521216,
5.370008,DELIVER,509,,,,522240,
5.370150,DELIVER,510,,,,523264,
5.370289,DELIVER,511,,,,524288,
5.370507,DELIVER,512,,,,525312,
5.401948,DELIVER,513,,,,526336,
5.404913,DELIVER,514,,,,527360,
5.405193,DELIVER,515,,,,528384,
5.405467,DELIVER,516,,,,529408,
5.405717,DELIVER,517,,,,530432,
5.417442,DELIVER,518,,,,531456,
5.417726,DELIVER,519,,,,532480,
5.418298,DELIVER,520,,,,533504,
5.418570,DELIVER,521,,,,534528,
5.418881,DELIVER,522,,,,535552,
5.419282,DELIVER,523,,,,536576,
5.420205,DELIVER,524,,,,537600,
5.420394,DELIVER,525,,,,538624,
5.420542,DELIVER,526,,,,539648,
5.420684,DELIVER,527,,,,540672,
5.453172,DELIVER,528,,,,541696,
5.453352,DELIVER,529,,,,542720,
5.455294,DELIVER,530,,,,543744,
5.455592,DELIVER,531,,,,544768,
5.455795,DELIVER,532,,,,545792,
5.461655,DELIVER,533,,,,546816,
5.466461,DELIVER,534,,,,547840,
5.466748,DELIVER,535,,,,548864,
5.467015,DELIVER,536,,,,549888,
5.468015,DELIVER,537,,,,550912,
5.468902,DELIVER,538,,,,551936,
5.469453,DELIVER,539,,,,552960,
5.473664,DELIVER,540,,,,553984,
5.473792,DELIVER,541,,,,555008,
5.473892,DELIVER,542,,,,556032,
5.475743,DELIVER,543,,,,557056,
5.491377,DELIVER,544,,,,558080,
5.498830,GAP,546,,,,558080,expected 545
5.508382,GAP,547,,,,558080,expected 545
5.508749,GAP,548,,,,558080,expected 545
5.509044,GAP,549,,,,558080,expected 545
5.511892,GAP,551,,,,558080,expected 545
5.512212,GAP,552,,,,558080,expected 545
5.515598,GAP,553,,,,558080,expected 545
5.520514,GAP,554,,,,558080,expected 545
5.520880,GAP,555,,,,558080,expected 545
5.521638,GAP,556,,,,558080,expected 545
5.521981,GAP,557,,,,558080,expected 545
5.522292,GAP,558,,,,558080,expected 545
5.522615,GAP,559,,,,558080,expected 545
5.522909,GAP,560,,,,558080,expected 545
5.535145,GAP,561,,,,558080,expected 545
5.548282,DELIVER,545,,,,559104,
5.549169,DELIVER,546,,,,560128,
5.549518,DELIVER,547,,,,561152,
5.549806,DELIVER,548,,,,562176,
5.550082,DELIVER,549,,,,563200,
5.550399,DELIVER,550,,,,564224,
5.550644,DELIVER,551,,,,565248,
5.551002,DELIVER,552,,,,566272,
5.552769,DELIVER,553,,,,567296,
5.553054,DELIVER,554,,,,568320,
5.553303,DELIVER,555,,,,569344,
5.553623,DELIVER,556,,,,570368,
5.553863,DELIVER,557,,,,571392,
5.554091,DELIVER,558,,,,572416,
5.554414,DELIVER,559,,,,573440,
5.603012,DELIVER,560,,,,574464,
5.603312,GAP,562,,,,574464,expected 561
5.603617,GAP,563,,,,574464,expected 561
5.603886,GAP,564,,,,574464,expected 561
5.604308,GAP,565,,,,574464,expected 561
5.604598,GAP,567,,,,574464,expected 561
5.604904,GAP,568,,,,574464,expected 561
5.605365,GAP,569,,,,574464,expected 561
5.605663,GAP,570,,,,574464,expected 561
5.605892,GAP,571,,,,574464,expected 561
5.606102,GAP,572,,,,574464,expected 561
5.607401,GAP,573,,,,574464,expected 561
5.607664,GAP,574,,,,574464,expected 561
5.607883,GAP,575,,,,574464,expected 561
5.652046,DELIVER,561,,,,575488,
5.652343,DELIVER,562,,,,576512,
5.652583,DELIVER,563,,,,577536,
5.652912,DELIVER,564,,,,578560,
5.653183,DELIVER,565,,,,579584,
5.653475,DELIVER,566,,,,580608,
5.653708,GAP,568,,,,580608,expected 567
5.653950,GAP,570,,,,580608,expected 567
5.654193,GAP,571,,,,580608,expected 567
5.654478,GAP,572,,,,580608,expected 567
5.654726,GAP,573,,,,580608,expected 567
5.654972,GAP,574,,,,580608,expected 567
5.655278,GAP,575,,,,580608,expected 567
5.655641,GAP,576,,,,580608,expected 567
5.702314,DELIVER,567,,,,581632,
5.705386,DELIVER,568,,,,582656,
5.705668,DELIVER,569,,,,583680,
5.705953,DELIVER,570,,,,584704,
5.706212,DELIVER,571,,,,585728,
5.706416,DELIVER,572,,,,586752,
5.706725,DELIVER,573,,,,587776,
5.706897,DELIVER,574,,,,588800,
5.707116,DELIVER,575,,,,589824,
5.707265,DELIVER,576,,,,590848,
5.707411,DELIVER,577,,,,591872,
5.707552,DELIVER,578,,,,592896,
5.707691,DELIVER,579,,,,593920,
5.707905,DELIVER,580,,,,594944,
5.708102,DELIVER,581,,,,595968,
5.764107,GAP,583,,,,595968,expected 582
5.764426,GAP,584,,,,595968,expected 582
5.764690,GAP,585,,,,595968,expected 582
5.765835,GAP,586,,,,595968,expected 582
5.766015,GAP,587,,,,595968,expected 582
5.766176,GAP,588,,,,595968,expected 582
5.766316,GAP,589,,,,595968,expected 582
5.766452,GAP,590,,,,595968,expected 582
5.766587,GAP,591,,,,595968,expected 582
5.766721,GAP,592,,,,595968,expected 582
5.766845,GAP,593,,,,595968,expected 582
5.766969,GAP,594,,,,595968,expected 582
5.767092,GAP,595,,,,595968,expected 582
5.767216,GAP,596,,,,595968,expected 582
5.767419,GAP,597,,,,595968,expected 582
5.810093,DELIVER,582,,,,596992,
5.810371,DELIVER,583,,,,598016,
5.810694,DELIVER,584,,,,599040,
5.810996,GAP,586,,,,599040,expected 585
5.811337,GAP,587,,,,599040,expected 585
5.811629,GAP,588,,,,599040,expected 585
5.811911,GAP,590,,,,599040,expected 585
5.812201,GAP,591,,,,599040,expected 585
5.812432,GAP,592,,,,599040,expected 585
5.812727,GAP,593,,,,599040,expected 585
5.813506,GAP,594,,,,599040,expected 585
5.813792,GAP,595,,,,599040,expected 585
5.856498,DELIVER,585,,,,600064,
5.856870,DELIVER,586,,,,601088,
5.858977,DELIVER,587,,,,602112,
5.861217,DELIVER,588,,,,603136,
5.861573,DELIVER,589,,,,604160,
5.863111,DELIVER,590,,,,605184,
5.863514,DELIVER,591,,,,606208,
5.863859,DELIVER,592,,,,607232,
5.864230,DELIVER,593,,,,608256,
5.864635,DELIVER,594,,,,609280,
5.865048,DELIVER,595,,,,610304,
5.865337,DELIVER,596,,,,611328,
5.865606,DELIVER,597,,,,612352,
5.901624,GAP,599,,,,612352,expected 598
5.904625,GAP,600,,,,612352,expected 598
5.907731,GAP,601,,,,612352,expected 598
5.908041,GAP,603,,,,612352,expected 598
5.908326,GAP,604,,,,612352,expected 598
5.908619,GAP,605,,,,612352,expected 598
5.909002,GAP,606,,,,612352,expected 598
5.909534,GAP,607,,,,612352,expected 598
5.909880,GAP,608,,,,612352,expected 598
5.912624,GAP,610,,,,612352,expected 598
5.917553,GAP,611,,,,612352,expected 598
5.918986,GAP,612,,,,612352,expected 598
5.944443,DELIVER,598,,,,613376,
5.944743,DELIVER,599,,,,614400,
5.944981,DELIVER,600,,,,615424,
5.945225,DELIVER,601,,,,616448,
5.947939,DELIVER,602,,,,617472,
5.948280,DELIVER,603,,,,618496,
5.948594,DELIVER,604,,,,619520,
5.948882,DELIVER,605,,,,620544,
5.949164,DELIVER,606,,,,621568,
5.949602,DELIVER,607,,,,622592,
5.949973,DELIVER,608,,,,623616,
5.950191,DELIVER,609,,,,624640,
5.950395,DELIVER,610,,,,625664,
5.982897,DELIVER,611,,,,626688,
5.983540,DELIVER,612,,,,627712,
5.988067,DELIVER,613,,,,628736,
5.992917,DELIVER,614,,,,629760,
5.993385,DELIVER,615,,,,630784,
5.998770,DELIVER,616,,,,631808,
5.999669,DELIVER,617,,,,632832,
5.999989,DELIVER,618,,,,633856,
6.000332,DELIVER,619,,,,634880,
6.000583,DELIVER,620,,,,635904,
6.001135,DELIVER,621,,,,636928,
6.001824,DELIVER,622,,,,637952,
6.002091,DELIVER,623,,,,638976,
6.002326,DELIVER,624,,,,640000,
6.028381,DELIVER,625,,,,641024,
6.028680,DELIVER,626,,,,642048,
6.041790,GAP,628,,,,642048,expected 627
6.049904,GAP,629,,,,642048,expected 627
6.050211,GAP,630,,,,642048,expected 627
6.050479,GAP,631,,,,642048,expected 627
6.050745,GAP,632,,,,642048,expected 627
6.052650,GAP,633,,,,642048,expected 627
6.052952,GAP,634,,,,642048,expected 627
6.053219,GAP,635,,,,642048,expected 627
6.053555,GAP,636,,,,642048,expected 627
6.053840,GAP,637,,,,642048,expected 627
6.054136,GAP,638,,,,642048,expected 627
6.054387,GAP,639,,,,642048,expected 627
6.073519,GAP,640,,,,642048,expected 627
6.080026,GAP,641,,,,642048,expected 627
6.086079,DELIVER,627,,,,643072,
6.087562,DELIVER,628,,,,644096,
6.093697,DELIVER,629,,,,645120,
6.094048,DELIVER,630,,,,646144,
6.094332,DELIVER,631,,,,647168,
6.094626,DELIVER,632,,,,648192,
6.094898,DELIVER,633,,,,649216,
6.095160,DELIVER,634,,,,650240,
6.095427,DELIVER,635,,,,651264,
6.095699,DELIVER,636,,,,652288,
6.095968,DELIVER,637,,,,653312,
6.096253,DELIVER,638,,,,654336,
6.096546,DELIVER,639,,,,655360,
6.125393,DELIVER,640,,,,656384,
6.134913,DELIVER,641,,,,657408,
6.135373,DELIVER,642,,,,658432,
6.135648,DELIVER,643,,,,659456,
6.135885,DELIVER,644,,,,660480,
6.142827,DELIVER,645,,,,661504,
6.143149,DELIVER,646,,,,662528,
6.146281,DELIVER,647,,,,663552,
6.146562,DELIVER,648,,,,664576,
6.146805,DELIVER,649,,,,665600,
6.147036,DELIVER,650,,,,666624,
6.147269,DELIVER,651,,,,667648,
6.147516,DELIVER,652,,,,668672,
6.147742,DELIVER,653,,,,669696,
6.165922,DELIVER,654,,,,670720,
6.171839,DELIVER,655,,,,671744,
6.191186,DELIVER,656,,,,672768,
6.191487,DELIVER,657,,,,673792,
6.191815,DELIVER,658,,,,674816,
6.192387,DELIVER,659,,,,675840,
6.192794,DELIVER,660,,,,676864,
6.193081,DELIVER,661,,,,677888,
6.195454,DELIVER,662,,,,678912,
6.195842,DELIVER,663,,,,679936,
6.196075,DELIVER,664,,,,680960,
6.200815,DELIVER,665,,,,681984,
6.201259,DELIVER,666,,,,683008,
6.204616,GAP,668,,,,683008,expected 667
6.205774,GAP,669,,,,683008,expected 667
6.236036,GAP,670,,,,683008,expected 667
6.236843,GAP,671,,,,683008,expected 667
6.238924,GAP,672,,,,683008,expected 667
6.242026,GAP,673,,,,683008,expected 667
6.250288,GAP,674,,,,683008,expected 667
6.250778,GAP,675,,,,683008,expected 667
6.251228,GAP,676,,,,683008,expected 667
6.251691,GAP,677,,,,683008,expected 667
6.252017,DELIVER,667,,,,684032,
6.252322,DELIVER,668,,,,685056,
6.252877,DELIVER,669,,,,686080,
6.253739,DELIVER,670,,,,687104,
6.254400,DELIVER,671,,,,688128,
6.255061,DELIVER,672,,,,689152,
6.255569,DELIVER,673,,,,690176,
6.255877,DELIVER,674,,,,691200,
6.256137,DELIVER,675,,,,692224,
6.256417,DELIVER,676,,,,693248,
6.256665,DELIVER,677,,,,694272,
6.256904,DELIVER,678,,,,695296,
6.257166,DELIVER,679,,,,696320,
6.257390,DELIVER,680,,,,697344,
6.298718,DELIVER,681,,,,698368,
6.304797,DELIVER,682,,,,699392,
6.305133,DELIVER,683,,,,700416,
6.305386,DELIVER,684,,,,701440,
6.305600,DELIVER,685,,,,702464,
6.305798,DELIVER,686,,,,703488,
6.306027,DELIVER,687,,,,704512,
6.306234,DELIVER,688,,,,705536,
6.306476,DELIVER,689,,,,706560,
6.306858,DELIVER,690,,,,707584,
6.307087,DELIVER,691,,,,708608,
6.307314,DELIVER,692,,,,709632,
6.308778,DELIVER,693,,,,710656,
6.309528,DELIVER,694,,,,711680,
6.311729,DELIVER,695,,,,712704,
6.352199,DELIVER,696,,,,713728,
6.352573,DELIVER,697,,,,714752,
6.360007,DELIVER,698,,,,715776,
6.360314,DELIVER,699,,,,716800,
6.360524,DELIVER,700,,,,717824,
6.360768,DELIVER,701,,,,718848,
6.361073,DELIVER,702,,,,719872,
6.361555,DELIVER,703,,,,720896,
6.361886,DELIVER,704,,,,721920,
6.362152,DELIVER,705,,,,722944,
6.362410,DELIVER,706,,,,723968,
6.362665,DELIVER,707,,,,724992,
6.362913,DELIVER,708,,,,726016,
6.363165,GAP,710,,,,726016,expected 709
6.363422,GAP,711,,,,726016,expected 709
6.399782,GAP,712,,,,726016,expected 709
6.400089,GAP,713,,,,726016,expected 709
6.400418,GAP,714,,,,726016,expected 709
6.406506,DELIVER,709,,,,727040,
6.413335,DELIVER,710,,,,728064,
6.413657,DELIVER,711,,,,729088,
6.413962,DELIVER,712,,,,730112,
6.414186,DELIVER,713,,,,731136,
6.414657,DELIVER,714,,,,732160,
6.415932,DELIVER,715,,,,733184,
6.416255,DELIVER,716,,,,734208,
6.416512,GAP,718,,,,734208,expected 717
6.416838,GAP,719,,,,734208,expected 717
6.417152,GAP,720,,,,734208,expected 717
6.417798,GAP,721,,,,734208,expected 717
6.418101,GAP,722,,,,734208,expected 717
6.418403,GAP,723,,,,734208,expected 717
6.449814,GAP,724,,,,734208,expected 717
6.466492,GAP,725,,,,734208,expected 717
6.466915,GAP,726,,,,734208,expected 717
6.469394,GAP,727,,,,734208,expected 717
6.470407,GAP,728,,,,734208,expected 717
6.470638,GAP,729,,,,734208,expected 717
6.470896,GAP,730,,,,734208,expected 717
6.471111,DELIVER,717,,,,735232,
6.471956,DELIVER,718,,,,736256,
6.472295,DELIVER,719,,,,737280,
6.472609,DELIVER,720,,,,738304,
6.472882,DELIVER,721,,,,739328,
6.473136,DELIVER,722,,,,740352,
6.473387,DELIVER,723,,,,741376,
6.474263,DELIVER,724,,,,742400,
6.474563,DELIVER,725,,,,743424,
6.474826,DELIVER,726,,,,744448,
6.475080,DELIVER,727,,,,745472,
6.475333,DELIVER,728,,,,746496,
6.475583,DELIVER,729,,,,747520,
6.475831,DELIVER,730,,,,748544,
6.547264,DELIVER,731,,,,749568,
6.549399,DELIVER,732,,,,750592,
6.549532,DELIVER,733,,,,751616,
6.549652,DELIVER,734,,,,752640,
6.549771,DELIVER,735,,,,753664,
6.549866,DELIVER,736,,,,754688,
6.549957,DELIVER,737,,,,755712,
6.550046,DELIVER,738,,,,756736,
6.550136,DELIVER,739,,,,757760,
6.550224,DELIVER,740,,,,758784,
6.551827,DELIVER,741,,,,759808,
6.551926,DELIVER,742,,,,760832,
6.552018,DELIVER,743,,,,761856,
6.552112,GAP,745,,,,761856,expected 744
6.589632,GAP,746,,,,761856,expected 744
6.602198,GAP,748,,,,761856,expected 744
6.602473,GAP,749,,,,761856,expected 744
6.602828,GAP,750,,,,761856,expected 744
6.603069,GAP,751,,,,761856,expected 744
6.603290,GAP,752,,,,761856,expected 744
6.603529,GAP,753,,,,761856,expected 744
6.603777,GAP,754,,,,761856,expected 744
6.603970,GAP,755,,,,761856,expected 744
6.604166,GAP,756,,,,761856,expected 744
6.604422,GAP,757,,,,761856,expected 744
6.604609,DELIVER,744,,,,762880,
6.605263,DELIVER,745,,,,763904,
6.605442,DELIVER,746,,,,764928,
6.605605,DELIVER,747,,,,765952,
6.605771,DELIVER,748,,,,766976,
6.605933,DELIVER,749,,,,768000,
6.606098,DELIVER,750,,,,769024,
6.606260,DELIVER,751,,,,770048,
6.606420,DELIVER,752,,,,771072,
6.606580,DELIVER,753,,,,772096,
6.609063,DELIVER,754,,,,773120,
6.609245,DELIVER,755,,,,774144,
6.609412,DELIVER,756,,,,775168,
6.609576,DELIVER,757,,,,776192,
6.656762,DELIVER,758,,,,777216,
6.657114,DELIVER,759,,,,778240,
6.657460,DELIVER,760,,,,779264,
6.657788,DELIVER,761,,,,780288,
6.658082,DELIVER,762,,,,781312,
6.658332,DELIVER,763,,,,782336,
6.658713,DELIVER,764,,,,783360,
6.658987,DELIVER,765,,,,784384,
6.659247,DELIVER,766,,,,785408,
6.659501,DELIVER,767,,,,786432,
6.662108,DELIVER,768,,,,787456,
6.662423,DELIVER,769,,,,788480,
6.662692,DELIVER,770,,,,789504,
6.662946,DELIVER,771,,,,790528,
6.663196,DELIVER,772,,,,791552,
6.699264,DELIVER,773,,,,792576,
6.703508,DELIVER,774,,,,793600,
6.708567,DELIVER,775,,,,794624,
6.708949,GAP,777,,,,794624,expected 776
6.714440,GAP,778,,,,794624,expected 776
6.714807,GAP,779,,,,794624,expected 776
6.715077,GAP,780,,,,794624,expected 776
6.715917,GAP,781,,,,794624,expected 776
6.716180,GAP,782,,,,794624,expected 776
6.717018,GAP,783,,,,794624,expected 776
6.717331,GAP,784,,,,794624,expected 776
6.717577,GAP,785,,,,794624,expected 776
6.718361,GAP,788,,,,794624,expected 776
6.741803,GAP,789,,,,794624,expected 776
6.747610,GAP,790,,,,794624,expected 776
6.749187,GAP,791,,,,794624,expected 776
6.764895,DELIVER,776,,,,795648,
6.765347,DELIVER,777,,,,796672,
6.765766,DELIVER,778,,,,797696,
6.766162,DELIVER,779,,,,798720,
6.766486,DELIVER,780,,,,799744,
6.766724,DELIVER,781,,,,800768,
6.766968,DELIVER,782,,,,801792,
6.767366,DELIVER,783,,,,802816,
6.767771,DELIVER,784,,,,803840,
6.768090,DELIVER,785,,,,804864,
6.768365,DELIVER,786,,,,805888,
6.768648,DELIVER,787,,,,806912,
6.768974,DELIVER,788,,,,807936,
6.769216,DELIVER,789,,,,808960,
6.803897,DELIVER,790,,,,809984,
6.805916,DELIVER,791,,,,811008,
6.809777,DELIVER,792,,,,812032,
6.812721,DELIVER,793,,,,813056,
6.813135,DELIVER,794,,,,814080,
6.819602,DELIVER,795,,,,815104,
6.820673,DELIVER,796,,,,816128,
6.821049,DELIVER,797,,,,817152,
6.821375,DELIVER,798,,,,818176,
6.821712,DELIVER,799,,,,819200,
6.821924,DELIVER,800,,,,820224,
6.822251,DELIVER,801,,,,821248,
6.822648,DELIVER,802,,,,822272,
6.822967,DELIVER,803,,,,823296,
6.823269,DELIVER,804,,,,824320,
6.857207,DELIVER,805,,,,825344,
6.857664,DELIVER,806,,,,826368,
6.857866,DELIVER,807,,,,827392,
6.858035,DELIVER,808,,,,828416,
6.859435,GAP,810,,,,828416,expected 809
6.873940,GAP,811,,,,828416,expected 809
6.874260,GAP,812,,,,828416,expected 809
6.874502,GAP,813,,,,828416,expected 809
6.874748,GAP,814,,,,828416,expected 809
6.874980,GAP,815,,,,828416,expected 809
6.875231,GAP,816,,,,828416,expected 809
6.875473,GAP,817,,,,828416,expected 809
6.881877,GAP,818,,,,828416,expected 809
6.888686,GAP,819,,,,828416,expected 809
6.889049,GAP,820,,,,828416,expected 809
6.908612,GAP,821,,,,828416,expected 809
6.908929,GAP,822,,,,828416,expected 809
6.909198,GAP,823,,,,828416,expected 809
6.909442,DELIVER,809,,,,829440,
6.909653,DELIVER,810,,,,830464,
6.910624,DELIVER,811,,,,831488,
6.910872,GAP,813,,,,831488,expected 812
6.911138,GAP,814,,,,831488,expected 812
6.911365,GAP,815,,,,831488,expected 812
6.911579,GAP,816,,,,831488,expected 812
6.911808,GAP,817,,,,831488,expected 812
6.912022,GAP,818,,,,831488,expected 812
6.912232,GAP,819,,,,831488,expected 812
6.912438,GAP,820,,,,831488,expected 812
6.912649,GAP,821,,,,831488,expected 812
6.912861,GAP,822,,,,831488,expected 812
6.973211,GAP,823,,,,831488,expected 812
6.973516,GAP,824,,,,831488,expected 812
6.974119,GAP,825,,,,831488,expected 812
6.974451,DELIVER,812,,,,832512,
6.974896,DELIVER,813,,,,833536,
6.975137,DELIVER,814,,,,834560,
6.975369,DELIVER,815,,,,835584,
6.975600,DELIVER,816,,,,836608,
6.975829,DELIVER,817,,,,837632,
6.976204,DELIVER,818,,,,838656,
6.976550,DELIVER,819,,,,839680,
6.976773,DELIVER,820,,,,840704,
6.976971,DELIVER,821,,,,841728,
6.977129,DELIVER,822,,,,842752,
6.977262,DELIVER,823,,,,843776,
6.977388,DELIVER,824,,,,844800,
6.977511,DELIVER,825,,,,845824,
7.035234,DELIVER,826,,,,846848,
7.035526,DELIVER,827,,,,847872,
7.035916,DELIVER,828,,,,848896,
7.036206,DELIVER,829,,,,849920,
7.036474,DELIVER,830,,,,850944,
7.036713,DELIVER,831,,,,851968,
7.037233,DELIVER,832,,,,852992,
7.037503,DELIVER,833,,,,854016,
7.037705,DELIVER,834,,,,855040,
7.038052,GAP,836,,,,855040,expected 835
7.038413,GAP,837,,,,855040,expected 835
7.040692,GAP,838,,,,855040,expected 835
7.041008,GAP,839,,,,855040,expected 835
7.041262,GAP,840,,,,855040,expected 835
7.089517,DELIVER,835,,,,856064,
7.089862,DELIVER,836,,,,857088,
7.093188,DELIVER,837,,,,858112,
7.093476,DELIVER,838,,,,859136,
7.093698,DELIVER,839,,,,860160,
7.093969,DELIVER,840,,,,861184,
7.094195,DELIVER,841,,,,862208,
7.094431,DELIVER,842,,,,863232,
7.094684,DELIVER,843,,,,864256,
7.094901,DELIVER,844,,,,865280,
7.095108,DELIVER,845,,,,866304,
7.098029,DELIVER,846,,,,867328,
7.098366,DELIVER,847,,,,868352,
7.098611,DELIVER,848,,,,869376,
7.138487,DELIVER,849,,,,870400,
7.138840,DELIVER,850,,,,871424,
7.139286,DELIVER,851,,,,872448,
7.146500,DELIVER,852,,,,873472,
7.146894,GAP,854,,,,873472,expected 853
7.147158,GAP,855,,,,873472,expected 853
7.147399,GAP,856,,,,873472,expected 853
7.149018,GAP,857,,,,873472,expected 853
7.149988,GAP,858,,,,873472,expected 853
7.150277,GAP,859,,,,873472,expected 853
7.150530,GAP,860,,,,873472,expected 853
7.150797,GAP,861,,,,873472,expected 853
7.151060,GAP,862,,,,873472,expected 853
7.151391,GAP,863,,,,873472,expected 853
7.188269,GAP,864,,,,873472,expected 853
7.190343,GAP,865,,,,873472,expected 853
7.190680,GAP,866,,,,873472,expected 853
7.191702,DELIVER,853,,,,874496,
7.203421,GAP,855,,,,874496,expected 854
7.203751,GAP,856,,,,874496,expected 854
7.204025,GAP,857,,,,874496,expected 854
7.204280,GAP,858,,,,874496,expected 854
7.204584,GAP,859,,,,874496,expected 854
7.204813,GAP,860,,,,874496,expected 854
7.205030,GAP,861,,,,874496,expected 854
7.205253,GAP,862,,,,874496,expected 854
7.205484,GAP,863,,,,874496,expected 854
7.205726,GAP,864,,,,874496,expected 854
7.205933,GAP,865,,,,874496,expected 854
7.206159,GAP,866,,,,874496,expected 854
7.236942,GAP,867,,,,874496,expected 854
7.252958,DELIVER,854,,,,875520,
7.257447,DELIVER,855,,,,876544,
7.257750,DELIVER,856,,,,877568,
7.257988,DELIVER,857,,,,878592,
7.258240,DELIVER,858,,,,879616,
7.258474,DELIVER,859,,,,880640,
7.258691,DELIVER,860,,,,881664,
7.258920,DELIVER,861,,,,882688,
7.259164,DELIVER,862,,,,883712,
7.259359,DELIVER,863,,,,884736,
7.259584,DELIVER,864,,,,885760,
7.259831,DELIVER,865,,,,886784,
7.260075,DELIVER,866,,,,887808,
7.260304,DELIVER,867,,,,888832,
7.296360,DELIVER,868,,,,889856,
7.303235,DELIVER,869,,,,890880,
7.304816,DELIVER,870,,,,891904,
7.307585,DELIVER,871,,,,892928,
7.313418,DELIVER,872,,,,893952,
7.313703,DELIVER,873,,,,894976,
7.313942,GAP,875,,,,894976,expected 874
7.314202,GAP,876,,,,894976,expected 874
7.314656,GAP,877,,,,894976,expected 874
7.315011,GAP,878,,,,894976,expected 874
7.315230,GAP,879,,,,894976,expected 874
7.315576,GAP,880,,,,894976,expected 874
7.316417,GAP,881,,,,894976,expected 874
7.316813,GAP,882,,,,894976,expected 874
7.345355,GAP,883,,,,894976,expected 874
7.353280,GAP,884,,,,894976,expected 874
7.353572,GAP,885,,,,894976,expected 874
7.355209,GAP,886,,,,894976,expected 874
7.366630,GAP,875,,,,894976,expected 874
7.368284,GAP,876,,,,894976,expected 874
7.369232,GAP,877,,,,894976,expected 874
7.369547,GAP,878,,,,894976,expected 874
7.369862,GAP,879,,,,894976,expected 874
7.370121,GAP,880,,,,894976,expected 874
7.370395,GAP,881,,,,894976,expected 874
7.370637,GAP,883,,,,894976,expected 874
7.370884,GAP,884,,,,894976,expected 874
7.371153,GAP,885,,,,894976,expected 874
7.371379,GAP,886,,,,894976,expected 874
7.581275,DELIVER,874,,,,896000,
7.603035,DELIVER,875,,,,897024,
7.603165,GAP,878,,,,897024,expected 876
7.603283,GAP,879,,,,897024,expected 876
7.603402,GAP,880,,,,897024,expected 876
7.603520,GAP,881,,,,897024,expected 876
7.603629,GAP,882,,,,897024,expected 876
7.604076,GAP,883,,,,897024,expected 876
7.604184,GAP,884,,,,897024,expected 876
7.606005,GAP,885,,,,897024,expected 876
7.606114,GAP,886,,,,897024,expected 876
7.624907,GAP,887,,,,897024,expected 876
7.655401,DELIVER,876,,,,898048,
7.655797,DELIVER,877,,,,899072,
7.656054,DELIVER,878,,,,900096,
7.656344,DELIVER,879,,,,901120,
7.656590,DELIVER,880,,,,902144,
7.656977,DELIVER,881,,,,903168,
7.657422,GAP,883,,,,903168,expected 882
7.657652,GAP,884,,,,903168,expected 882
7.657933,GAP,885,,,,903168,expected 882
7.658162,GAP,886,,,,903168,expected 882
7.658401,GAP,887,,,,903168,expected 882
7.658624,GAP,888,,,,903168,expected 882
7.703968,DELIVER,882,,,,904192,
7.707411,DELIVER,883,,,,905216,
7.707889,DELIVER,884,,,,906240,
7.708114,DELIVER,885,,,,907264,
7.708349,DELIVER,886,,,,908288,
7.709375,DELIVER,887,,,,909312,
7.709626,DELIVER,888,,,,910336,
7.709854,GAP,890,,,,910336,expected 889
7.710117,GAP,891,,,,910336,expected 889
7.710348,GAP,892,,,,910336,expected 889
7.710609,GAP,893,,,,910336,expected 889
7.710957,GAP,895,,,,910336,expected 889
7.746409,GAP,896,,,,910336,expected 889
7.752474,GAP,897,,,,910336,expected 889
7.752799,GAP,898,,,,910336,expected 889
7.753585,GAP,899,,,,910336,expected 889
7.753841,GAP,900,,,,910336,expected 889
7.764369,GAP,890,,,,910336,expected 889
7.764655,GAP,891,,,,910336,expected 889
7.764885,GAP,892,,,,910336,expected 889
7.765093,GAP,893,,,,910336,expected 889
7.765296,GAP,894,,,,910336,expected 889
7.765541,GAP,895,,,,910336,expected 889
7.765749,GAP,896,,,,910336,expected 889
7.765949,GAP,897,,,,910336,expected 889
7.766149,GAP,898,,,,910336,expected 889
7.766351,GAP,899,,,,910336,expected 889
7.766552,GAP,900,,,,910336,expected 889
7.766752,GAP,901,,,,910336,expected 889
7.958116,DELIVER,889,,,,911360,
7.966463,DELIVER,890,,,,912384,
7.966835,DELIVER,891,,,,913408,
7.967065,DELIVER,892,,,,914432,
7.967288,DELIVER,893,,,,915456,
7.967607,DELIVER,894,,,,916480,
7.967838,DELIVER,895,,,,917504,
7.968228,DELIVER,896,,,,918528,
7.968507,DELIVER,897,,,,919552,
7.968751,DELIVER,898,,,,920576,
7.968961,DELIVER,899,,,,921600,
7.969187,DELIVER,900,,,,922624,
7.969397,DELIVER,901,,,,923648,
8.006617,DELIVER,902,,,,924672,
8.019054,DELIVER,903,,,,925696,
8.019375,DELIVER,904,,,,926720,
8.019601,DELIVER,905,,,,927744,
8.019929,DELIVER,906,,,,928768,
8.020589,DELIVER,907,,,,929792,
8.021111,DELIVER,908,,,,930816,
8.021414,DELIVER,909,,,,931840,
8.021656,DELIVER,910,,,,932864,
8.021979,DELIVER,911,,,,933888,
8.026089,DELIVER,912,,,,934912,
8.026573,DELIVER,913,,,,935936,
8.026992,DELIVER,914,,,,936960,
8.027288,DELIVER,915,,,,937984,
8.049575,DELIVER,916,,,,939008,
8.071602,DELIVER,917,,,,940032,
8.071831,DELIVER,918,,,,941056,
8.073515,DELIVER,919,,,,942080,
8.073765,DELIVER,920,,,,943104,
8.073975,DELIVER,921,,,,944128,
8.074176,DELIVER,922,,,,945152,
8.074372,DELIVER,923,,,,946176,
8.074568,DELIVER,924,,,,947200,
8.074762,DELIVER,925,,,,948224,
8.074961,DELIVER,926,,,,949248,
8.077404,GAP,928,,,,949248,expected 927
8.077665,GAP,929,,,,949248,expected 927
8.100875,GAP,930,,,,949248,expected 927
8.101249,GAP,931,,,,949248,expected 927
8.122747,DELIVER,927,,,,950272,
8.123028,DELIVER,928,,,,951296,
8.124399,DELIVER,929,,,,952320,
8.124678,DELIVER,930,,,,953344,
8.125518,DELIVER,931,,,,954368,
8.125921,DELIVER,932,,,,955392,
8.126274,DELIVER,933,,,,956416,
8.126503,DELIVER,934,,,,957440,
8.129259,DELIVER,935,,,,958464,
8.129632,DELIVER,936,,,,959488,
8.129883,GAP,938,,,,959488,expected 937
8.130122,GAP,939,,,,959488,expected 937
8.130505,GAP,940,,,,959488,expected 937
8.171101,GAP,941,,,,959488,expected 937
8.176135,GAP,942,,,,959488,expected 937
8.176505,GAP,943,,,,959488,expected 937
8.176812,GAP,944,,,,959488,expected 937
8.177044,GAP,945,,,,959488,expected 937
8.177411,GAP,947,,,,959488,expected 937
8.177644,GAP,948,,,,959488,expected 937
8.177876,GAP,949,,,,959488,expected 937
8.178147,GAP,950,,,,959488,expected 937
8.180066,DELIVER,937,,,,960512,
8.184536,DELIVER,938,,,,961536,
8.185045,DELIVER,939,,,,962560,
8.185356,DELIVER,940,,,,963584,
8.185599,DELIVER,941,,,,964608,
8.186311,DELIVER,942,,,,965632,
8.187738,DELIVER,943,,,,966656,
8.188120,GAP,945,,,,966656,expected 944
8.188379,GAP,946,,,,966656,expected 944
8.188624,GAP,947,,,,966656,expected 944
8.188846,GAP,948,,,,966656,expected 944
8.189249,GAP,949,,,,966656,expected 944
8.231564,GAP,950,,,,966656,expected 944
8.231937,DELIVER,944,,,,967680,
8.232266,DELIVER,945,,,,968704,
8.232495,DELIVER,946,,,,969728,
8.232757,DELIVER,947,,,,970752,
8.235365,DELIVER,948,,,,971776,
8.236144,DELIVER,949,,,,972800,
8.236409,DELIVER,950,,,,973824,
8.236658,DELIVER,951,,,,974848,
8.236966,DELIVER,952,,,,975872,
8.237212,GAP,954,,,,975872,expected 953
8.240845,GAP,955,,,,975872,expected 953
8.241139,GAP,956,,,,975872,expected 953
8.272102,GAP,957,,,,975872,expected 953
8.278636,GAP,958,,,,975872,expected 953
8.288005,GAP,959,,,,975872,expected 953
8.288269,GAP,960,,,,975872,expected 953
8.288472,GAP,961,,,,975872,expected 953
8.288677,GAP,962,,,,975872,expected 953
8.288904,GAP,963,,,,975872,expected 953
8.289152,GAP,964,,,,975872,expected 953
8.289355,GAP,965,,,,975872,expected 953
8.289580,DELIVER,953,,,,976896,
8.291493,DELIVER,954,,,,977920,
8.291757,DELIVER,955,,,,978944,
8.291980,DELIVER,956,,,,979968,
8.292291,DELIVER,957,,,,980992,
8.292557,DELIVER,958,,,,982016,
8.292790,DELIVER,959,,,,983040,
8.293008,DELIVER,960,,,,984064,
8.293238,DELIVER,961,,,,985088,
8.293466,DELIVER,962,,,,986112,
8.294261,DELIVER,963,,,,987136,
8.294495,DELIVER,964,,,,988160,
8.341810,DELIVER,965,,,,989184,
8.346966,DELIVER,966,,,,990208,
8.347286,DELIVER,967,,,,991232,
8.347506,DELIVER,968,,,,992256,
8.347791,DELIVER,969,,,,993280,
8.348308,GAP,971,,,,993280,expected 970
8.348641,GAP,972,,,,993280,expected 970
8.349311,GAP,973,,,,993280,expected 970
8.350007,GAP,974,,,,993280,expected 970
8.350532,GAP,975,,,,993280,expected 970
8.350886,GAP,976,,,,993280,expected 970
8.351208,GAP,977,,,,993280,expected 970
8.391478,GAP,978,,,,993280,expected 970
8.396843,GAP,979,,,,993280,expected 970
8.397249,GAP,980,,,,993280,expected 970
8.402321,GAP,981,,,,993280,expected 970
8.404499,DELIVER,970,,,,994304,
8.404817,DELIVER,971,,,,995328,
8.405061,DELIVER,972,,,,996352,
8.405306,DELIVER,973,,,,997376,
8.405558,DELIVER,974,,,,998400,
8.405825,DELIVER,975,,,,999424,
8.406051,DELIVER,976,,,,1000448,
8.406257,DELIVER,977,,,,1001472,
8.406473,DELIVER,978,,,,1002496,
8.406765,DELIVER,979,,,,1003520,
8.407204,DELIVER,980,,,,1004544,
8.407986,DELIVER,981,,,,1005568,
8.449914,DELIVER,982,,,,1006592,
8.453240,DELIVER,983,,,,1007616,
8.453655,DELIVER,984,,,,1008640,
8.457960,DELIVER,985,,,,1009664,
8.458286,DELIVER,986,,,,1010688,
8.458585,DELIVER,987,,,,1011712,
8.458965,DELIVER,988,,,,1012736,
8.459388,DELIVER,989,,,,1013760,
8.459627,DELIVER,990,,,,1014784,
8.460178,DELIVER,991,,,,1015808,
8.460417,DELIVER,992,,,,1016832,
8.460671,DELIVER,993,,,,1017856,
8.461748,DELIVER,994,,,,1018880,
8.501632,DELIVER,995,,,,1019904,
8.506534,DELIVER,996,,,,1020928,
8.506857,DELIVER,997,,,,1021952,
8.512629,DELIVER,998,,,,1022976,
8.512959,DELIVER,999,,,,1024000,
8.513289,DELIVER,1000,,,,1025024,
8.513648,DELIVER,1001,,,,1026048,
8.513953,DELIVER,1002,,,,1027072,
8.514197,DELIVER,1003,,,,1028096,
8.514467,DELIVER,1004,,,,1029120,
8.516066,DELIVER,1005,,,,1030144,
8.516351,DELIVER,1006,,,,1031168,
8.517046,DELIVER,1007,,,,1032192,
8.517417,DELIVER,1008,,,,1033216,
8.544639,DELIVER,1009,,,,1034240,
8.560087,DELIVER,1010,,,,1035264,
8.560679,DELIVER,1011,,,,1036288,
8.561303,DELIVER,1012,,,,1037312,
8.561826,DELIVER,1013,,,,1038336,
8.563631,DELIVER,1014,,,,1039360,
8.563890,DELIVER,1015,,,,1040384,
8.565961,DELIVER,1016,,,,1041408,
8.566484,DELIVER,1017,,,,1042432,
8.566915,DELIVER,1018,,,,1043456,
8.567179,DELIVER,1019,,,,1044480,
8.567436,GAP,1021,,,,1044480,expected 1020
8.567741,GAP,1023,,,,1044480,expected 1020
8.584665,GAP,1024,,,,1044480,expected 1020
8.599176,GAP,1025,,,,1044480,expected 1020
8.612089,GAP,1026,,,,1044480,expected 1020
8.612417,GAP,1028,,,,1044480,expected 1020
8.612675,GAP,1029,,,,1044480,expected 1020
8.612919,GAP,1031,,,,1044480,expected 1020
8.613160,GAP,1032,,,,1044480,expected 1020
8.613416,GAP,1033,,,,1044480,expected 1020
8.619673,GAP,1034,,,,1044480,expected 1020
8.620137,DELIVER,1020,,,,1045504,
8.620471,DELIVER,1021,,,,1046528,
8.620754,DELIVER,1022,,,,1047552,
8.621019,DELIVER,1023,,,,1048576,
8.621532,DELIVER,1024,,,,1049600,
8.621803,DELIVER,1025,,,,1050624,
8.622044,DELIVER,1026,,,,1051648,
8.622278,DELIVER,1027,,,,1052672,
8.622498,DELIVER,1028,,,,1053696,
8.622709,DELIVER,1029,,,,1054720,
8.622938,DELIVER,1030,,,,1055744,
8.623250,DELIVER,1031,,,,1056768,
8.623682,DELIVER,1032,,,,1057792,
8.624025,DELIVER,1033,,,,1058816,
8.668106,DELIVER,1034,,,,1059840,
8.675403,DELIVER,1035,,,,1060864,
8.675802,DELIVER,1036,,,,1061888,
8.676102,DELIVER,1037,,,,1062912,
8.676386,DELIVER,1038,,,,1063936,
8.676666,DELIVER,1039,,,,1064960,
8.676957,DELIVER,1040,,,,1065984,
8.677264,DELIVER,1041,,,,1067008,
8.677932,GAP,1043,,,,1067008,expected 1042
8.678218,GAP,1044,,,,1067008,expected 1042
8.678440,GAP,1045,,,,1067008,expected 1042
8.678675,GAP,1046,,,,1067008,expected 1042
8.678915,GAP,1047,,,,1067008,expected 1042
8.679143,GAP,1048,,,,1067008,expected 1042
8.717403,GAP,1049,,,,1067008,expected 1042
8.717832,DELIVER,1042,,,,1068032,
8.722716,DELIVER,1043,,,,1069056,
8.727787,DELIVER,1044,,,,1070080,
8.728077,DELIVER,1045,,,,1071104,
8.728877,DELIVER,1046,,,,1072128,
8.733344,GAP,1048,,,,1072128,expected 1047
8.733655,GAP,1049,,,,1072128,expected 1047
8.733970,GAP,1050,,,,1072128,expected 1047
8.734195,GAP,1051,,,,1072128,expected 1047
8.734506,GAP,1053,,,,1072128,expected 1047
8.735000,GAP,1054,,,,1072128,expected 1047
8.761395,GAP,1055,,,,1072128,expected 1047
8.767358,GAP,1056,,,,1072128,expected 1047
8.767780,GAP,1057,,,,1072128,expected 1047
8.783791,DELIVER,1047,,,,1073152,
8.784251,DELIVER,1048,,,,1074176,
8.784660,DELIVER,1049,,,,1075200,
8.784932,DELIVER,1050,,,,1076224,
8.785218,DELIVER,1051,,,,1077248,
8.785509,DELIVER,1052,,,,1078272,
8.785796,DELIVER,1053,,,,1079296,
8.786088,DELIVER,1054,,,,1080320,
8.786409,DELIVER,1055,,,,1081344,
8.786669,DELIVER,1056,,,,1082368,
8.786937,DELIVER,1057,,,,1083392,
8.787349,DELIVER,1058,,,,1084416,
8.787682,DELIVER,1059,,,,1085440,
8.787963,DELIVER,1060,,,,1086464,
8.824373,DELIVER,1061,,,,1087488,
8.829482,DELIVER,1062,,,,1088512,
8.837980,DELIVER,1063,,,,1089536,
8.838334,DELIVER,1064,,,,1090560,
8.838674,DELIVER,1065,,,,1091584,
8.838919,DELIVER,1066,,,,1092608,
8.839207,DELIVER,1067,,,,1093632,
8.839495,DELIVER,1068,,,,1094656,
8.839767,DELIVER,1069,,,,1095680,
8.840015,DELIVER,1070,,,,1096704,
8.840356,DELIVER,1071,,,,1097728,
8.840775,GAP,1073,,,,1097728,expected 1072
8.841078,GAP,1074,,,,1097728,expected 1072
8.841319,GAP,1075,,,,1097728,expected 1072
8.873601,GAP,1076,,,,1097728,expected 1072
8.873917,GAP,1077,,,,1097728,expected 1072
8.876149,GAP,1078,,,,1097728,expected 1072
8.887314,GAP,1079,,,,1097728,expected 1072
8.888990,GAP,1080,,,,1097728,expected 1072
8.889264,GAP,1081,,,,1097728,expected 1072
8.891824,GAP,1082,,,,1097728,expected 1072
8.892135,GAP,1083,,,,1097728,expected 1072
8.892393,DELIVER,1072,,,,1098752,
8.892834,DELIVER,1073,,,,1099776,
8.893146,DELIVER,1074,,,,1100800,
8.893356,DELIVER,1075,,,,1101824,
8.893581,DELIVER,1076,,,,1102848,
8.893823,DELIVER,1077,,,,1103872,
8.894092,DELIVER,1078,,,,1104896,
8.894319,DELIVER,1079,,,,1105920,
8.894546,DELIVER,1080,,,,1106944,
8.894762,DELIVER,1081,,,,1107968,
8.895004,DELIVER,1082,,,,1108992,
8.895292,DELIVER,1083,,,,1110016,
8.895508,DELIVER,1084,,,,1111040,
8.895733,DELIVER,1085,,,,1112064,
8.950634,DELIVER,1086,,,,1113088,
8.951285,DELIVER,1087,,,,1114112,
8.951734,DELIVER,1088,,,,1115136,
8.952132,DELIVER,1089,,,,1116160,
8.952964,DELIVER,1090,,,,1117184,
8.953715,DELIVER,1091,,,,1118208,
8.954742,DELIVER,1092,,,,1119232,
8.955148,DELIVER,1093,,,,1120256,
8.955425,DELIVER,1094,,,,1121280,
8.955703,DELIVER,1095,,,,1122304,
8.955966,DELIVER,1096,,,,1123328,
8.956397,DELIVER,1097,,,,1124352,
8.956851,DELIVER,1098,,,,1125376,
8.957326,DELIVER,1099,,,,1126400,
8.957720,DELIVER,1100,,,,1127424,
8.989427,DELIVER,1101,,,,1128448,
8.990973,GAP,1103,,,,1128448,expected 1102
8.991267,GAP,1105,,,,1128448,expected 1102
8.999431,GAP,1106,,,,1128448,expected 1102
9.005173,GAP,1107,,,,1128448,expected 1102
9.006902,GAP,1108,,,,1128448,expected 1102
9.007216,GAP,1109,,,,1128448,expected 1102
9.007495,GAP,1110,,,,1128448,expected 1102
9.007745,GAP,1111,,,,1128448,expected 1102
9.009316,GAP,1112,,,,1128448,expected 1102
9.009565,GAP,1113,,,,1128448,expected 1102
9.009800,GAP,1114,,,,1128448,expected 1102
9.010028,GAP,1115,,,,1128448,expected 1102
9.012528,GAP,1116,,,,1128448,expected 1102
9.037569,DUP,1101,,,,1128448,
9.037808,DELIVER,1102,,,,1129472,
9.037997,DELIVER,1103,,,,1130496,
9.038164,DELIVER,1104,,,,1131520,
9.038327,DELIVER,1105,,,,1132544,
9.038490,DELIVER,1106,,,,1133568,
9.038652,DELIVER,1107,,,,1134592,
9.038814,DELIVER,1108,,,,1135616,
9.038974,DELIVER,1109,,,,1136640,
9.039134,DELIVER,1110,,,,1137664,
9.039295,DELIVER,1111,,,,1138688,
9.039457,DELIVER,1112,,,,1139712,
9.039618,DELIVER,1113,,,,1140736,
9.039777,DELIVER,1114,,,,1141760,
9.044505,DUP,1102,,,,1141760,
9.044726,DUP,1103,,,,1141760,
9.044898,DUP,1104,,,,1141760,
9.045286,DUP,1105,,,,1141760,
9.045493,DUP,1106,,,,1141760,
9.045664,DUP,1107,,,,1141760,
9.045829,DUP,1109,,,,1141760,
9.045993,DUP,1110,,,,1141760,
9.046154,DUP,1111,,,,1141760,
9.046313,DUP,1112,,,,1141760,
9.046472,DUP,1113,,,,1141760,
9.046633,DUP,1114,,,,1141760,
9.046795,DELIVER,1115,,,,1142784,
9.080475,DELIVER,1116,,,,1143808,
9.088097,DELIVER,1117,,,,1144832,
9.089847,DELIVER,1118,,,,1145856,
9.090019,DELIVER,1119,,,,1146880,
9.090164,GAP,1122,,,,1146880,expected 1120
9.091486,GAP,1123,,,,1146880,expected 1120
9.091707,GAP,1124,,,,1146880,expected 1120
9.091922,GAP,1125,,,,1146880,expected 1120
9.092152,GAP,1126,,,,1146880,expected 1120
9.092500,GAP,1127,,,,1146880,expected 1120
9.092674,GAP,1128,,,,1146880,expected 1120
9.093959,GAP,1129,,,,1146880,expected 1120
9.099828,GAP,1130,,,,1146880,expected 1120
9.136305,GAP,1131,,,,1146880,expected 1120
9.136523,GAP,1132,,,,1146880,expected 1120
9.136685,GAP,1133,,,,1146880,expected 1120
9.136861,DELIVER,1120,,,,1147904,
9.139566,DELIVER,1121,,,,1148928,
9.139696,DELIVER,1122,,,,1149952,
9.139819,DELIVER,1123,,,,1150976,
9.139942,GAP,1125,,,,1150976,expected 1124
9.140068,GAP,1126,,,,1150976,expected 1124
9.140190,GAP,1127,,,,1150976,expected 1124
9.140316,GAP,1128,,,,1150976,expected 1124
9.140480,GAP,1129,,,,1150976,expected 1124
9.140625,GAP,1130,,,,1150976,expected 1124
9.140785,GAP,1131,,,,1150976,expected 1124
9.140926,GAP,1132,,,,1150976,expected 1124
9.195949,DELIVER,1124,,,,1152000,
9.196122,DELIVER,1125,,,,1153024,
9.196249,DELIVER,1126,,,,1154048,
9.196370,DELIVER,1127,,,,1155072,
9.196491,DELIVER,1128,,,,1156096,
9.196611,GAP,1130,,,,1156096,expected 1129
9.196738,GAP,1131,,,,1156096,expected 1129
9.196862,GAP,1133,,,,1156096,expected 1129
9.196986,GAP,1134,,,,1156096,expected 1129
9.197135,GAP,1135,,,,1156096,expected 1129
9.197296,GAP,1136,,,,1156096,expected 1129
9.197438,GAP,1137,,,,1156096,expected 1129
9.244234,GAP,1138,,,,1156096,expected 1129
9.244680,DELIVER,1129,,,,1157120,
9.244927,DELIVER,1130,,,,1158144,
9.250064,DELIVER,1131,,,,1159168,
9.252263,DELIVER,1132,,,,1160192,
9.252496,DELIVER,1133,,,,1161216,
9.252742,DELIVER,1134,,,,1162240,
9.252984,DELIVER,1135,,,,1163264,
9.253209,DELIVER,1136,,,,1164288,
9.253436,DELIVER,1137,,,,1165312,
9.253648,DELIVER,1138,,,,1166336,
9.253781,DELIVER,1139,,,,1167360,
9.253884,DELIVER,1140,,,,1168384,
9.253982,DELIVER,1141,,,,1169408,
9.254082,DELIVER,1142,,,,1170432,
9.297689,DELIVER,1143,,,,1171456,
9.297970,DELIVER,1144,,,,1172480,
9.298178,DELIVER,1145,,,,1173504,
9.301392,DELIVER,1146,,,,1174528,
9.301674,DELIVER,1147,,,,1175552,
9.306016,DELIVER,1148,,,,1176576,
9.306405,DELIVER,1149,,,,1177600,
9.306624,DELIVER,1150,,,,1178624,
9.307008,DELIVER,1151,,,,1179648,
9.307692,DELIVER,1152,,,,1180672,
9.308288,DELIVER,1153,,,,1181696,
9.308837,GAP,1155,,,,1181696,expected 1154
9.309206,GAP,1156,,,,1181696,expected 1154
9.309565,GAP,1157,,,,1181696,expected 1154
9.339962,GAP,1158,,,,1181696,expected 1154
9.340304,GAP,1159,,,,1181696,expected 1154
9.340620,GAP,1160,,,,1181696,expected 1154
9.350514,GAP,1161,,,,1181696,expected 1154
9.354240,GAP,1163,,,,1181696,expected 1154
9.357626,GAP,1164,,,,1181696,expected 1154
9.357953,GAP,1165,,,,1181696,expected 1154
9.358225,GAP,1166,,,,1181696,expected 1154
9.358508,DELIVER,1154,,,,1182720,
9.358775,DELIVER,1155,,,,1183744,
9.360483,DELIVER,1156,,,,1184768,
9.360774,DELIVER,1157,,,,1185792,
9.361008,DELIVER,1158,,,,1186816,
9.361226,DELIVER,1159,,,,1187840,
9.361460,DELIVER,1160,,,,1188864,
9.361667,DELIVER,1161,,,,1189888,
9.365385,DELIVER,1162,,,,1190912,
9.365693,DELIVER,1163,,,,1191936,
9.366195,DELIVER,1164,,,,1192960,
9.366564,DELIVER,1165,,,,1193984,
9.366834,DELIVER,1166,,,,1195008,
9.367076,DELIVER,1167,,,,1196032,
9.408182,DELIVER,1168,,,,1197056,
9.408524,DELIVER,1169,,,,1198080,
9.408777,DELIVER,1170,,,,1199104,
9.409192,DELIVER,1171,,,,1200128,
9.409598,DELIVER,1172,,,,1201152,
9.410373,DELIVER,1173,,,,1202176,
9.415585,DELIVER,1174,,,,1203200,
9.415938,DELIVER,1175,,,,1204224,
9.416186,DELIVER,1176,,,,1205248,
9.416417,DELIVER,1177,,,,1206272,
9.416636,DELIVER,1178,,,,1207296,
9.416849,DELIVER,1179,,,,1208320,
9.417084,DELIVER,1180,,,,1209344,
9.421324,DELIVER,1181,,,,1210368,
9.421669,DELIVER,1182,,,,1211392,
9.449862,DELIVER,1183,,,,1212416,
9.461222,GAP,1185,,,,1212416,expected 1184
9.461543,GAP,1186,,,,1212416,expected 1184
9.461790,GAP,1187,,,,1212416,expected 1184
9.462281,GAP,1188,,,,1212416,expected 1184
9.462704,GAP,1189,,,,1212416,expected 1184
9.463026,GAP,1190,,,,1212416,expected 1184
9.463309,GAP,1191,,,,1212416,expected 1184
9.463858,GAP,1192,,,,1212416,expected 1184
9.470590,GAP,1193,,,,1212416,expected 1184
9.470877,GAP,1194,,,,1212416,expected 1184
9.471113,GAP,1195,,,,1212416,expected 1184
9.471359,GAP,1196,,,,1212416,expected 1184
9.474429,GAP,1197,,,,1212416,expected 1184
9.486707,GAP,1199,,,,1212416,expected 1184
9.513831,DELIVER,1184,,,,1213440,
9.514124,DELIVER,1185,,,,1214464,
9.514327,DELIVER,1186,,,,1215488,
9.514560,DELIVER,1187,,,,1216512,
9.514781,DELIVER,1188,,,,1217536,
9.517332,DELIVER,1189,,,,1218560,
9.517717,DELIVER,1190,,,,1219584,
9.517992,DELIVER,1191,,,,1220608,
9.518322,DELIVER,1192,,,,1221632,
9.518697,DELIVER,1193,,,,1222656,
9.519335,DELIVER,1194,,,,1223680,
9.519823,DELIVER,1195,,,,1224704,
9.520134,DELIVER,1196,,,,1225728,
9.520397,DELIVER,1197,,,,1226752,
9.557231,DELIVER,1198,,,,1227776,
9.568427,DELIVER,1199,,,,1228800,
9.569004,DELIVER,1200,,,,1229824,
9.571247,DELIVER,1201,,,,1230848,
9.571712,DELIVER,1202,,,,1231872,
9.572004,DELIVER,1203,,,,1232896,
9.572232,DELIVER,1204,,,,1233920,
9.572403,DELIVER,1205,,,,1234944,
9.572551,DELIVER,1206,,,,1235968,
9.572694,DELIVER,1207,,,,1236992,
9.572870,DELIVER,1208,,,,1238016,
9.573048,DELIVER,1209,,,,1239040,
9.574363,DELIVER,1210,,,,1240064,
9.574578,DELIVER,1211,,,,1241088,
9.574768,DELIVER,1212,,,,1242112,
9.604126,DELIVER,1213,,,,1243136,
9.619079,DELIVER,1214,,,,1244160,
9.622479,DELIVER,1215,,,,1245184,
9.622805,DELIVER,1216,,,,1246208,
9.626820,DELIVER,1217,,,,1247232,
9.627124,DELIVER,1218,,,,1248256,
9.627361,DELIVER,1219,,,,1249280,
9.627599,DELIVER,1220,,,,1250304,
9.627835,GAP,1222,,,,1250304,expected 1221
9.628083,GAP,1223,,,,1250304,expected 1221
9.628305,GAP,1224,,,,1250304,expected 1221
9.628532,GAP,1225,,,,1250304,expected 1221
9.628790,GAP,1226,,,,1250304,expected 1221
9.629057,GAP,1227,,,,1250304,expected 1221
9.629253,GAP,1228,,,,1250304,expected 1221
9.642777,GAP,1229,,,,1250304,expected 1221
9.671354,GAP,1230,,,,1250304,expected 1221
9.671541,GAP,1231,,,,1250304,expected 1221
9.671712,GAP,1232,,,,1250304,expected 1221
9.671860,GAP,1233,,,,1250304,expected 1221
9.673992,GAP,1235,,,,1250304,expected 1221
9.681034,DELIVER,1221,,,,1251328,
9.682729,DELIVER,1222,,,,1252352,
9.683089,DELIVER,1223,,,,1253376,
9.683371,GAP,1225,,,,1253376,expected 1224
9.683597,GAP,1226,,,,1253376,expected 1224
9.683796,GAP,1227,,,,1253376,expected 1224
9.683947,GAP,1228,,,,1253376,expected 1224
9.684085,GAP,1229,,,,1253376,expected 1224
9.684223,GAP,1230,,,,1253376,expected 1224
9.684350,GAP,1231,,,,1253376,expected 1224
9.684476,GAP,1232,,,,1253376,expected 1224
9.684604,GAP,1233,,,,1253376,expected 1224
9.684763,GAP,1234,,,,1253376,expected 1224
9.734891,GAP,1236,,,,1253376,expected 1224
9.735447,GAP,1237,,,,1253376,expected 1224
9.735892,DELIVER,1224,,,,1254400,
9.736139,DELIVER,1225,,,,1255424,
9.736406,GAP,1227,,,,1255424,expected 1226
9.736530,GAP,1228,,,,1255424,expected 1226
9.736673,GAP,1229,,,,1255424,expected 1226
9.736824,GAP,1230,,,,1255424,expected 1226
9.736959,GAP,1231,,,,1255424,expected 1226
9.737081,GAP,1232,,,,1255424,expected 1226
9.737193,GAP,1233,,,,1255424,expected 1226
9.737304,GAP,1235,,,,1255424,expected 1226
9.737414,GAP,1236,,,,1255424,expected 1226
9.737523,GAP,1237,,,,1255424,expected 1226
9.737632,GAP,1238,,,,1255424,expected 1226
9.785674,DELIVER,1226,,,,1256448,
9.786007,DELIVER,1227,,,,1257472,
9.786485,DELIVER,1228,,,,1258496,
9.786768,DELIVER,1229,,,,1259520,
9.787071,DELIVER,1230,,,,1260544,
9.787315,DELIVER,1231,,,,1261568,
9.787607,DELIVER,1232,,,,1262592,
9.787869,DELIVER,1233,,,,1263616,
9.788096,DELIVER,1234,,,,1264640,
9.788310,DELIVER,1235,,,,1265664,
9.788527,DELIVER,1236,,,,1266688,
9.788824,DELIVER,1237,,,,1267712,
9.789460,DELIVER,1238,,,,1268736,
9.789641,DELIVER,1239,,,,1269760,
9.789764,DELIVER,1240,,,,1270784,
9.823472,DELIVER,1241,,,,1271808,
9.833924,DELIVER,1242,,,,1272832,
9.834253,DELIVER,1243,,,,1273856,
9.836241,DELIVER,1244,,,,1274880,
9.836513,DELIVER,1245,,,,1275904,
9.836744,GAP,1247,,,,1275904,expected 1246
9.836994,GAP,1248,,,,1275904,expected 1246
9.840038,GAP,1249,,,,1275904,expected 1246
9.842983,GAP,1250,,,,1275904,expected 1246
9.843321,GAP,1251,,,,1275904,expected 1246
9.843632,GAP,1252,,,,1275904,expected 1246
9.843911,GAP,1253,,,,1275904,expected 1246
9.844255,GAP,1254,,,,1275904,expected 1246
9.844532,GAP,1255,,,,1275904,expected 1246
9.844719,GAP,1256,,,,1275904,expected 1246
9.857396,GAP,1257,,,,1275904,expected 1246
9.878500,GAP,1258,,,,1275904,expected 1246
9.878874,GAP,1259,,,,1275904,expected 1246
9.883410,DELIVER,1246,,,,1276928,
9.883668,DELIVER,1247,,,,1277952,
9.883962,DELIVER,1248,,,,1278976,
9.884247,GAP,1250,,,,1278976,expected 1249
9.884530,GAP,1251,,,,1278976,expected 1249
9.884741,GAP,1252,,,,1278976,expected 1249
9.886861,GAP,1253,,,,1278976,expected 1249
9.887172,GAP,1254,,,,1278976,expected 1249
9.892105,GAP,1255,,,,1278976,expected 1249
9.892409,GAP,1256,,,,1278976,expected 1249
9.892657,GAP,1257,,,,1278976,expected 1249
9.892889,GAP,1258,,,,1278976,expected 1249
9.893112,GAP,1259,,,,1278976,expected 1249
9.927413,GAP,1260,,,,1278976,expected 1249
9.936941,DELIVER,1249,,,,1280000,
9.937235,DELIVER,1250,,,,1281024,
9.937479,DELIVER,1251,,,,1282048,
9.937738,DELIVER,1252,,,,1283072,
9.937969,DELIVER,1253,,,,1284096,
9.938242,DELIVER,1254,,,,1285120,
9.938502,DELIVER,1255,,,,1286144,
9.938745,DELIVER,1256,,,,1287168,
9.938891,DELIVER,1257,,,,1288192,
9.939015,DELIVER,1258,,,,1289216,
9.939132,DELIVER,1259,,,,1290240,
9.939241,DELIVER,1260,,,,1291264,
9.939346,DELIVER,1261,,,,1292288,
9.939452,DELIVER,1262,,,,1293312,
9.990482,DELIVER,1263,,,,1294336,
9.990920,DELIVER,1264,,,,1295360,
9.996820,DELIVER,1265,,,,1296384,
9.997172,DELIVER,1266,,,,1297408,
9.997588,DELIVER,1267,,,,1298432,
9.998028,DELIVER,1268,,,,1299456,
9.999924,DELIVER,1269,,,,1300480,
10.000231,DELIVER,1270,,,,1301504,
10.000547,DELIVER,1271,,,,1302528,
10.000846,DELIVER,1272,,,,1303552,
10.001233,DELIVER,1273,,,,1304576,
10.002495,DELIVER,1274,,,,1305600,
10.002792,DELIVER,1275,,,,1306624,
10.002989,DELIVER,1276,,,,1307648,
10.003221,DELIVER,1277,,,,1308672,
10.040576,DELIVER,1278,,,,1309696,
10.041150,DELIVER,1279,,,,1310720,
10.041686,DELIVER,1280,,,,1311744,
10.046441,DELIVER,1281,,,,1312768,
10.046794,DELIVER,1282,,,,1313792,
10.047093,DELIVER,1283,,,,1314816,
10.052244,DELIVER,1284,,,,1315840,
10.052655,DELIVER,1285,,,,1316864,
10.053115,DELIVER,1286,,,,1317888,
10.053465,DELIVER,1287,,,,1318912,
10.053778,DELIVER,1288,,,,1319936,
10.054105,DELIVER,1289,,,,1320960,
10.058751,DELIVER,1290,,,,1321984,
10.059088,GAP,1292,,,,1321984,expected 1291
10.090148,GAP,1293,,,,1321984,expected 1291
10.093642,GAP,1294,,,,1321984,expected 1291
10.093956,GAP,1295,,,,1321984,expected 1291
10.094191,GAP,1296,,,,1321984,expected 1291
10.094663,GAP,1298,,,,1321984,expected 1291
10.094923,GAP,1299,,,,1321984,expected 1291
10.095159,GAP,1300,,,,1321984,expected 1291
10.101513,GAP,1301,,,,1321984,expected 1291
10.101718,GAP,1302,,,,1321984,expected 1291
10.103695,GAP,1303,,,,1321984,expected 1291
10.108134,GAP,1304,,,,1321984,expected 1291
10.108303,GAP,1305,,,,1321984,expected 1291
10.108472,GAP,1306,,,,1321984,expected 1291
10.109958,DELIVER,1291,,,,1323008,
10.112210,DELIVER,1292,,,,1324032,
10.112345,DELIVER,1293,,,,1325056,
10.112459,DELIVER,1294,,,,1326080,
10.112568,DELIVER,1295,,,,1327104,
10.112676,DELIVER,1296,,,,1328128,
10.112783,DELIVER,1297,,,,1329152,
10.112889,DELIVER,1298,,,,1330176,
10.112999,DELIVER,1299,,,,1331200,
10.113106,DELIVER,1300,,,,1332224,
10.113211,DELIVER,1301,,,,1333248,
10.113316,DELIVER,1302,,,,1334272,
10.113423,DELIVER,1303,,,,1335296,
10.113545,DELIVER,1304,,,,1336320,
10.113658,DELIVER,1305,,,,1337344,
10.158669,DELIVER,1306,,,,1338368,
10.160276,DELIVER,1307,,,,1339392,
10.166737,DELIVER,1308,,,,1340416,
10.167029,DELIVER,1309,,,,1341440,
10.167262,DELIVER,1310,,,,1342464,
10.167513,DELIVER,1311,,,,1343488,
10.168526,DELIVER,1312,,,,1344512,
10.168869,DELIVER,1313,,,,1345536,
10.169326,DELIVER,1314,,,,1346560,
10.169627,DELIVER,1315,,,,1347584,
10.169899,DELIVER,1316,,,,1348608,
10.170071,DELIVER,1317,,,,1349632,
10.170185,DELIVER,1318,,,,1350656,
10.170286,DELIVER,1319,,,,1351680,
10.170384,DELIVER,1320,,,,1352704,
10.170480,DELIVER,1321,,,,1353728,
10.204968,DELIVER,1322,,,,1354752,
10.213652,DELIVER,1323,,,,1355776,
10.213788,DELIVER,1324,,,,1356800,
10.219117,DELIVER,1325,,,,1357824,
10.219264,DELIVER,1326,,,,1358848,
10.219380,DELIVER,1327,,,,1359872,
10.219481,DELIVER,1328,,,,1360896,
10.219580,DELIVER,1329,,,,1361920,
10.219700,DELIVER,1330,,,,1362944,
10.219825,DELIVER,1331,,,,1363968,
10.219969,DELIVER,1332,,,,1364992,
10.220069,DELIVER,1333,,,,1366016,
10.220165,DELIVER,1334,,,,1367040,
10.220262,DELIVER,1335,,,,1368064,
10.220357,DELIVER,1336,,,,1369088,
10.220452,DELIVER,1337,,,,1370112,
10.220546,DELIVER,1338,,,,1371136,
10.256478,DELIVER,1339,,,,1372160,
10.256788,DELIVER,1340,,,,1373184,
10.258742,DELIVER,1341,,,,1374208,
10.259003,DELIVER,1342,,,,1375232,
10.261236,DELIVER,1343,,,,1376256,
10.266757,DELIVER,1344,,,,1377280,
10.273011,DELIVER,1345,,,,1378304,
10.273349,DELIVER,1346,,,,1379328,
10.273608,DELIVER,1347,,,,1380352,
10.273932,DELIVER,1348,,,,1381376,
10.274153,DELIVER,1349,,,,1382400,
10.274365,DELIVER,1350,,,,1383424,
10.274627,DELIVER,1351,,,,1384448,
10.275645,DELIVER,1352,,,,1385472,
10.275929,DELIVER,1353,,,,1386496,
10.277356,DELIVER,1354,,,,1387520,
10.277610,DELIVER,1355,,,,1388544,
10.277838,DELIVER,1356,,,,1389568,
10.292454,DELIVER,1357,,,,1390592,
10.305237,DELIVER,1358,,,,1391616,
10.305512,DELIVER,1359,,,,1392640,
10.306034,DELIVER,1360,,,,1393664,
10.310202,DELIVER,1361,,,,1394688,
10.319652,DELIVER,1362,,,,1395712,
10.320031,DELIVER,1363,,,,1396736,
10.326170,DELIVER,1364,,,,1397760,
10.328845,GAP,1366,,,,1397760,expected 1365
10.329663,GAP,1367,,,,1397760,expected 1365
10.330035,GAP,1368,,,,1397760,expected 1365
10.330361,GAP,1369,,,,1397760,expected 1365
10.330635,GAP,1370,,,,1397760,expected 1365
10.330882,GAP,1371,,,,1397760,expected 1365
10.331116,GAP,1372,,,,1397760,expected 1365
10.331342,GAP,1374,,,,1397760,expected 1365
10.332666,GAP,1375,,,,1397760,expected 1365
10.336855,GAP,1376,,,,1397760,expected 1365
10.344331,GAP,1378,,,,1397760,expected 1365
10.364604,GAP,1380,,,,1397760,expected 1365
10.365998,GAP,1381,,,,1397760,expected 1365
10.366331,GAP,1382,,,,1397760,expected 1365
10.370800,GAP,1366,,,,1397760,expected 1365
10.371136,GAP,1367,,,,1397760,expected 1365
10.372303,GAP,1368,,,,1397760,expected 1365
10.372577,GAP,1369,,,,1397760,expected 1365
10.372823,GAP,1370,,,,1397760,expected 1365
10.373125,GAP,1371,,,,1397760,expected 1365
10.373382,GAP,1373,,,,1397760,expected 1365
10.373634,GAP,1375,,,,1397760,expected 1365
10.373868,GAP,1376,,,,1397760,expected 1365
10.374092,GAP,1377,,,,1397760,expected 1365
10.374269,GAP,1378,,,,1397760,expected 1365
10.374471,GAP,1379,,,,1397760,expected 1365
10.374615,GAP,1380,,,,1397760,expected 1365
10.374742,GAP,1381,,,,1397760,expected 1365
10.566730,DELIVER,1365,,,,1398784,
10.567048,DELIVER,1366,,,,1399808,
10.575600,DELIVER,1367,,,,1400832,
10.575945,DELIVER,1368,,,,1401856,
10.576243,DELIVER,1369,,,,1402880,
10.576508,GAP,1371,,,,1402880,expected 1370
10.576708,GAP,1372,,,,1402880,expected 1370
10.576862,GAP,1373,,,,1402880,expected 1370
10.577006,GAP,1374,,,,1402880,expected 1370
10.577147,GAP,1375,,,,1402880,expected 1370
10.577274,GAP,1376,,,,1402880,expected 1370
10.577401,GAP,1377,,,,1402880,expected 1370
10.577526,GAP,1378,,,,1402880,expected 1370
10.577653,GAP,1379,,,,1402880,expected 1370
10.577778,GAP,1380,,,,1402880,expected 1370
10.577900,GAP,1381,,,,1402880,expected 1370
10.613162,GAP,1382,,,,1402880,expected 1370
10.619018,GAP,1383,,,,1402880,expected 1370
10.624419,DELIVER,1370,,,,1403904,
10.624774,GAP,1372,,,,1403904,expected 1371
10.625080,GAP,1374,,,,1403904,expected 1371
10.629346,GAP,1376,,,,1403904,expected 1371
10.629774,GAP,1377,,,,1403904,expected 1371
10.630158,GAP,1378,,,,1403904,expected 1371
10.630606,GAP,1379,,,,1403904,expected 1371
10.631004,GAP,1380,,,,1403904,expected 1371
10.631318,GAP,1381,,,,1403904,expected 1371
10.633795,GAP,1382,,,,1403904,expected 1371
10.634025,GAP,1383,,,,1403904,expected 1371
10.634170,GAP,1384,,,,1403904,expected 1371
10.634295,GAP,1385,,,,1403904,expected 1371
10.634427,GAP,1386,,,,1403904,expected 1371
10.667550,GAP,1387,,,,1403904,expected 1371
10.679540,DELIVER,1371,,,,1404928,
10.679707,DELIVER,1372,,,,1405952,
10.679826,DELIVER,1373,,,,1406976,
10.679940,DELIVER,1374,,,,1408000,
10.680053,DELIVER,1375,,,,1409024,
10.680161,DELIVER,1376,,,,1410048,
10.680268,DELIVER,1377,,,,1411072,
10.680376,DELIVER,1378,,,,1412096,
10.680482,DELIVER,1379,,,,1413120,
10.680588,DELIVER,1380,,,,1414144,
10.680695,DELIVER,1381,,,,1415168,
10.680802,GAP,1383,,,,1415168,expected 1382
10.680910,GAP,1384,,,,1415168,expected 1382
10.681019,GAP,1385,,,,1415168,expected 1382
10.681130,GAP,1386,,,,1415168,expected 1382
10.721314,GAP,1388,,,,1415168,expected 1382
10.721614,GAP,1389,,,,1415168,expected 1382
10.724208,GAP,1390,,,,1415168,expected 1382
10.724737,GAP,1391,,,,1415168,expected 1382
10.726111,GAP,1392,,,,1415168,expected 1382
10.726228,GAP,1393,,,,1415168,expected 1382
10.727278,GAP,1394,,,,1415168,expected 1382
10.727411,GAP,1395,,,,1415168,expected 1382
10.733871,GAP,1396,,,,1415168,expected 1382
10.734267,GAP,1397,,,,1415168,expected 1382
10.734571,GAP,1398,,,,1415168,expected 1382
10.737874,DELIVER,1382,,,,1416192,
10.738184,DELIVER,1383,,,,1417216,
10.738473,DELIVER,1384,,,,1418240,
10.738709,DELIVER,1385,,,,1419264,
10.738952,DELIVER,1386,,,,1420288,
10.739192,DELIVER,1387,,,,1421312,
10.739416,DELIVER,1388,,,,1422336,
10.739667,DELIVER,1389,,,,1423360,
10.739900,DELIVER,1390,,,,1424384,
10.740101,DELIVER,1391,,,,1425408,
10.740270,DELIVER,1392,,,,1426432,
10.740419,DELIVER,1393,,,,1427456,
10.740566,DELIVER,1394,,,,1428480,
10.740690,DELIVER,1395,,,,1429504,
10.740812,DELIVER,1396,,,,1430528,
10.740936,DELIVER,1397,,,,1431552,
10.741054,DELIVER,1398,,,,1432576,
10.741189,DELIVER,1399,,,,1433600,
10.776439,DELIVER,1400,,,,1434624,
10.781411,DELIVER,1401,,,,1435648,
10.784678,DELIVER,1402,,,,1436672,
10.797515,DELIVER,1403,,,,1437696,
10.797875,DELIVER,1404,,,,1438720,
10.798181,DELIVER,1405,,,,1439744,
10.799728,DELIVER,1406,,,,1440768,
10.799988,DELIVER,1407,,,,1441792,
10.800401,DELIVER,1408,,,,1442816,
10.800660,GAP,1410,,,,1442816,expected 1409
10.800927,GAP,1411,,,,1442816,expected 1409
10.801223,GAP,1412,,,,1442816,expected 1409
10.801418,GAP,1413,,,,1442816,expected 1409
10.801787,GAP,1414,,,,1442816,expected 1409
10.801958,GAP,1415,,,,1442816,expected 1409
10.802120,GAP,1416,,,,1442816,expected 1409
10.802250,GAP,1417,,,,1442816,expected 1409
10.802375,GAP,1418,,,,1442816,expected 1409
10.826889,GAP,1419,,,,1442816,expected 1409
10.827293,GAP,1420,,,,1442816,expected 1409
10.827675,GAP,1421,,,,1442816,expected 1409
10.836756,GAP,1422,,,,1442816,expected 1409
10.847666,GAP,1423,,,,1442816,expected 1409
10.854001,DELIVER,1409,,,,1443840,
10.854262,DELIVER,1410,,,,1444864,
10.854493,DELIVER,1411,,,,1445888,
10.854703,GAP,1413,,,,1445888,expected 1412
10.854932,GAP,1414,,,,1445888,expected 1412
10.855156,GAP,1415,,,,1445888,expected 1412
10.855386,GAP,1416,,,,1445888,expected 1412
10.855609,GAP,1417,,,,1445888,expected 1412
10.855847,GAP,1418,,,,1445888,expected 1412
10.856107,GAP,1419,,,,1445888,expected 1412
10.856273,GAP,1420,,,,1445888,expected 1412
10.856419,GAP,1421,,,,1445888,expected 1412
10.856575,GAP,1422,,,,1445888,expected 1412
10.856742,GAP,1423,,,,1445888,expected 1412
10.856872,GAP,1424,,,,1445888,expected 1412
10.856995,GAP,1425,,,,1445888,expected 1412
10.900079,DELIVER,1412,,,,1446912,
10.904740,DELIVER,1413,,,,1447936,
10.909563,DELIVER,1414,,,,1448960,
10.909833,DELIVER,1415,,,,1449984,
10.910536,DELIVER,1416,,,,1451008,
10.910865,DELIVER,1417,,,,1452032,
10.911162,DELIVER,1418,,,,1453056,
10.911429,DELIVER,1419,,,,1454080,
10.911652,DELIVER,1420,,,,1455104,
10.911874,DELIVER,1421,,,,1456128,
10.912104,DELIVER,1422,,,,1457152,
10.912323,DELIVER,1423,,,,1458176,
10.912578,DELIVER,1424,,,,1459200,
10.912797,DELIVER,1425,,,,1460224,
10.913034,DELIVER,1426,,,,1461248,
10.913260,DELIVER,1427,,,,1462272,
10.913466,DELIVER,1428,,,,1463296,
10.941534,DELIVER,1429,,,,1464320,
10.950912,DELIVER,1430,,,,1465344,
10.957504,DELIVER,1431,,,,1466368,
10.957812,DELIVER,1432,,,,1467392,
10.958050,DELIVER,1433,,,,1468416,
10.960162,DELIVER,1434,,,,1469440,
10.962399,DELIVER,1435,,,,1470464,
10.962681,DELIVER,1436,,,,1471488,
10.964344,DELIVER,1437,,,,1472512,
10.964616,DELIVER,1438,,,,1473536,
10.966418,DELIVER,1439,,,,1474560,
10.966708,DELIVER,1440,,,,1475584,
10.966896,DELIVER,1441,,,,1476608,
10.967055,DELIVER,1442,,,,1477632,
10.967220,DELIVER,1443,,,,1478656,
10.967388,DELIVER,1444,,,,1479680,
10.967604,GAP,1446,,,,1479680,expected 1445
10.976592,GAP,1447,,,,1479680,expected 1445
11.003980,GAP,1448,,,,1479680,expected 1445
11.010101,GAP,1449,,,,1479680,expected 1445
11.012870,GAP,1450,,,,1479680,expected 1445
11.013026,GAP,1452,,,,1479680,expected 1445
11.013141,GAP,1453,,,,1479680,expected 1445
11.013243,GAP,1454,,,,1479680,expected 1445
11.013342,GAP,1455,,,,1479680,expected 1445
11.013442,GAP,1456,,,,1479680,expected 1445
11.017026,GAP,1457,,,,1479680,expected 1445
11.020022,DELIVER,1445,,,,1480704,
11.020124,DELIVER,1446,,,,1481728,
11.020239,DELIVER,1447,,,,1482752,
11.020331,DELIVER,1448,,,,1483776,
11.020419,DELIVER,1449,,,,1484800,
11.020507,DELIVER,1450,,,,1485824,
11.020594,DELIVER,1451,,,,1486848,
11.020683,DELIVER,1452,,,,1487872,
11.020770,DELIVER,1453,,,,1488896,
11.020858,DELIVER,1454,,,,1489920,
11.020947,GAP,1456,,,,1489920,expected 1455
11.021036,GAP,1457,,,,1489920,expected 1455
11.021126,GAP,1458,,,,1489920,expected 1455
11.021216,GAP,1459,,,,1489920,expected 1455
11.021310,GAP,1460,,,,1489920,expected 1455
11.021400,GAP,1461,,,,1489920,expected 1455
11.074005,DELIVER,1455,,,,1490944,
11.074168,DELIVER,1456,,,,1491968,
11.074301,DELIVER,1457,,,,1492992,
11.074402,DELIVER,1458,,,,1494016,
11.074492,DELIVER,1459,,,,1495040,
11.074581,DELIVER,1460,,,,1496064,
11.074669,DELIVER,1461,,,,1497088,
11.074756,DELIVER,1462,,,,1498112,
11.074844,DELIVER,1463,,,,1499136,
11.074932,DELIVER,1464,,,,1500160,
11.075018,DELIVER,1465,,,,1501184,
11.075104,DELIVER,1466,,,,1502208,
11.075189,DELIVER,1467,,,,1503232,
11.075275,DELIVER,1468,,,,1504256,
11.075362,GAP,1470,,,,1504256,expected 1469
11.075450,GAP,1471,,,,1504256,expected 1469
11.075540,GAP,1472,,,,1504256,expected 1469
11.123696,GAP,1473,,,,1504256,expected 1469
11.123854,GAP,1474,,,,1504256,expected 1469
11.123977,GAP,1475,,,,1504256,expected 1469
11.124086,GAP,1476,,,,1504256,expected 1469
11.124210,GAP,1477,,,,1504256,expected 1469
11.124303,GAP,1478,,,,1504256,expected 1469
11.124396,DELIVER,1469,,,,1505280,
11.127546,DELIVER,1470,,,,1506304,
11.127641,DELIVER,1471,,,,1507328,
11.127731,DELIVER,1472,,,,1508352,
11.127819,DELIVER,1473,,,,1509376,
11.127956,DELIVER,1474,,,,1510400,
11.128046,DELIVER,1475,,,,1511424,
11.128133,GAP,1477,,,,1511424,expected 1476
11.128223,GAP,1478,,,,1511424,expected 1476
11.128313,GAP,1479,,,,1511424,expected 1476
11.128413,GAP,1480,,,,1511424,expected 1476
11.128504,GAP,1481,,,,1511424,expected 1476
11.128593,GAP,1482,,,,1511424,expected 1476
11.128682,GAP,1483,,,,1511424,expected 1476
11.128772,GAP,1484,,,,1511424,expected 1476
11.174914,DELIVER,1476,,,,1512448,
11.175076,DELIVER,1477,,,,1513472,
11.177594,DELIVER,1478,,,,1514496,
11.177687,DELIVER,1479,,,,1515520,
11.177777,DELIVER,1480,,,,1516544,
11.177865,DELIVER,1481,,,,1517568,
11.177951,DELIVER,1482,,,,1518592,
11.178039,DELIVER,1483,,,,1519616,
11.178153,DELIVER,1484,,,,1520640,
11.178258,DELIVER,1485,,,,1521664,
11.178350,DELIVER,1486,,,,1522688,
11.178441,DELIVER,1487,,,,1523712,
11.178532,DELIVER,1488,,,,1524736,
11.178619,DELIVER,1489,,,,1525760,
11.178708,DELIVER,1490,,,,1526784,
11.178797,DELIVER,1491,,,,1527808,
11.178885,DELIVER,1492,,,,1528832,
11.221906,DELIVER,1493,,,,1529856,
11.222224,DELIVER,1494,,,,1530880,
11.228651,GAP,1496,,,,1530880,expected 1495
11.229588,GAP,1497,,,,1530880,expected 1495
11.230083,GAP,1498,,,,1530880,expected 1495
11.230381,GAP,1499,,,,1530880,expected 1495
11.230670,GAP,1500,,,,1530880,expected 1495
11.233298,GAP,1501,,,,1530880,expected 1495
11.233592,GAP,1502,,,,1530880,expected 1495
11.234002,GAP,1503,,,,1530880,expected 1495
11.234414,GAP,1504,,,,1530880,expected 1495
11.234718,GAP,1505,,,,1530880,expected 1495
11.234965,GAP,1506,,,,1530880,expected 1495
11.235363,GAP,1507,,,,1530880,expected 1495
11.235640,GAP,1508,,,,1530880,expected 1495
11.235916,GAP,1509,,,,1530880,expected 1495
11.236122,GAP,1510,,,,1530880,expected 1495
11.266536,GAP,1511,,,,1530880,expected 1495
11.281116,DELIVER,1495,,,,1531904,
11.281518,DELIVER,1496,,,,1532928,
11.283143,DELIVER,1497,,,,1533952,
11.283443,DELIVER,1498,,,,1534976,
11.283698,DELIVER,1499,,,,1536000,
11.283936,DELIVER,1500,,,,1537024,
11.284181,DELIVER,1501,,,,1538048,
11.284640,DELIVER,1502,,,,1539072,
11.284985,DELIVER,1503,,,,1540096,
11.285164,DELIVER,1504,,,,1541120,
11.285291,GAP,1506,,,,1541120,expected 1505
11.285416,GAP,1507,,,,1541120,expected 1505
11.285534,GAP,1508,,,,1541120,expected 1505
11.285638,GAP,1509,,,,1541120,expected 1505
11.285738,GAP,1510,,,,1541120,expected 1505
11.317864,GAP,1511,,,,1541120,expected 1505
11.328195,GAP,1512,,,,1541120,expected 1505
11.328506,GAP,1513,,,,1541120,expected 1505
11.328737,GAP,1514,,,,1541120,expected 1505
11.328967,GAP,1515,,,,1541120,expected 1505
11.329189,GAP,1516,,,,1541120,expected 1505
11.335646,DELIVER,1505,,,,1542144,
11.335968,DELIVER,1506,,,,1543168,
11.336217,GAP,1509,,,,1543168,expected 1507
11.336483,GAP,1510,,,,1543168,expected 1507
11.338408,GAP,1512,,,,1543168,expected 1507
11.338769,GAP,1513,,,,1543168,expected 1507
11.339093,GAP,1514,,,,1543168,expected 1507
11.339397,GAP,1516,,,,1543168,expected 1507
11.339682,GAP,1517,,,,1543168,expected 1507
11.339982,GAP,1518,,,,1543168,expected 1507
11.340203,GAP,1519,,,,1543168,expected 1507
11.340923,GAP,1520,,,,1543168,expected 1507
11.370153,GAP,1521,,,,1543168,expected 1507
11.370284,GAP,1522,,,,1543168,expected 1507
11.389310,DELIVER,1507,,,,1544192,
11.389681,DELIVER,1508,,,,1545216,
11.389966,DELIVER,1509,,,,1546240,
11.390242,DELIVER,1510,,,,1547264,
11.390502,DELIVER,1511,,,,1548288,
11.394271,DELIVER,1512,,,,1549312,
11.394556,DELIVER,1513,,,,1550336,
11.394792,DELIVER,1514,,,,1551360,
11.395043,DELIVER,1515,,,,1552384,
11.395295,DELIVER,1516,,,,1553408,
11.395550,GAP,1518,,,,1553408,expected 1517
11.395798,GAP,1519,,,,1553408,expected 1517
11.396029,GAP,1520,,,,1553408,expected 1517
11.396249,GAP,1521,,,,1553408,expected 1517
11.396509,GAP,1522,,,,1553408,expected 1517
11.427593,GAP,1523,,,,1553408,expected 1517
11.427748,GAP,1524,,,,1553408,expected 1517
11.437490,GAP,1525,,,,1553408,expected 1517
11.437864,GAP,1526,,,,1553408,expected 1517
11.438118,GAP,1527,,,,1553408,expected 1517
11.441306,DELIVER,1517,,,,1554432,
11.441739,DELIVER,1518,,,,1555456,
11.442383,DELIVER,1519,,,,1556480,
11.445776,DELIVER,1520,,,,1557504,
11.446117,DELIVER,1521,,,,1558528,
11.446395,DELIVER,1522,,,,1559552,
11.446674,DELIVER,1523,,,,1560576,
11.446984,DELIVER,1524,,,,1561600,
11.447274,DELIVER,1525,,,,1562624,
11.447552,DELIVER,1526,,,,1563648,
11.447802,DELIVER,1527,,,,1564672,
11.447975,DELIVER,1528,,,,1565696,
11.448090,DELIVER,1529,,,,1566720,
11.448191,DELIVER,1530,,,,1567744,
11.448288,DELIVER,1531,,,,1568768,
11.493921,DELIVER,1532,,,,1569792,
11.494269,DELIVER,1533,,,,1570816,
11.494548,DELIVER,1534,,,,1571840,
11.494835,DELIVER,1535,,,,1572864,
11.495208,DELIVER,1536,,,,1573888,
11.495466,DELIVER,1537,,,,1574912,
11.495743,DELIVER,1538,,,,1575936,
11.496111,DELIVER,1539,,,,1576960,
11.497663,DELIVER,1540,,,,1577984,
11.500325,DELIVER,1541,,,,1579008,
11.500607,DELIVER,1542,,,,1580032,
11.501007,DELIVER,1543,,,,1581056,
11.501313,DELIVER,1544,,,,1582080,
11.502158,DELIVER,1545,,,,1583104,
11.502598,DELIVER,1546,,,,1584128,
11.502843,DELIVER,1547,,,,1585152,
11.540547,DELIVER,1548,,,,1586176,
11.552743,DELIVER,1549,,,,1587200,
11.553049,DELIVER,1550,,,,1588224,
11.553281,DELIVER,1551,,,,1589248,
11.553515,DELIVER,1552,,,,1590272,
11.553794,DELIVER,1553,,,,1591296,
11.554027,DELIVER,1554,,,,1592320,
11.554363,DELIVER,1555,,,,1593344,
11.554730,DELIVER,1556,,,,1594368,
11.554956,DELIVER,1557,,,,1595392,
11.555177,DELIVER,1558,,,,1596416,
11.555380,DELIVER,1559,,,,1597440,
11.555625,DELIVER,1560,,,,1598464,
11.555857,DELIVER,1561,,,,1599488,
11.556470,DELIVER,1562,,,,1600512,
11.556744,DELIVER,1563,,,,1601536,
11.556967,DELIVER,1564,,,,1602560,
11.587872,DELIVER,1565,,,,1603584,
11.592949,DELIVER,1566,,,,1604608,
11.593293,DELIVER,1567,,,,1605632,
11.598760,DELIVER,1568,,,,1606656,
11.599274,DELIVER,1569,,,,1607680,
11.600042,DELIVER,1570,,,,1608704,
11.610795,DELIVER,1571,,,,1609728,
11.611134,DELIVER,1572,,,,1610752,
11.611421,DELIVER,1573,,,,1611776,
11.611693,DELIVER,1574,,,,1612800,
11.611999,DELIVER,1575,,,,1613824,
11.612311,DELIVER,1576,,,,1614848,
11.612720,DELIVER,1577,,,,1615872,
11.613079,DELIVER,1578,,,,1616896,
11.613395,DELIVER,1579,,,,1617920,
11.613794,DELIVER,1580,,,,1618944,
11.614177,DELIVER,1581,,,,1619968,
11.614467,DELIVER,1582,,,,1620992,
11.636579,DELIVER,1583,,,,1622016,
11.641699,DELIVER,1584,,,,1623040,
11.642052,DELIVER,1585,,,,1624064,
11.644547,DELIVER,1586,,,,1625088,
11.644979,DELIVER,1587,,,,1626112,
11.649113,DELIVER,1588,,,,1627136,
11.653774,DELIVER,1589,,,,1628160,
11.654268,DELIVER,1590,,,,1629184,
11.654524,DELIVER,1591,,,,1630208,
11.662989,DELIVER,1592,,,,1631232,
11.663317,DELIVER,1593,,,,1632256,
11.663550,DELIVER,1594,,,,1633280,
11.663761,DELIVER,1595,,,,1634304,
11.663997,DELIVER,1596,,,,1635328,
11.664210,DELIVER,1597,,,,1636352,
11.664423,DELIVER,1598,,,,1637376,
11.664656,DELIVER,1599,,,,1638400,
11.664940,DELIVER,1600,,,,1639424,
11.665152,DELIVER,1601,,,,1640448,
11.683904,GAP,1603,,,,1640448,expected 1602
11.684176,GAP,1604,,,,1640448,expected 1602
11.695601,GAP,1605,,,,1640448,expected 1602
11.702550,GAP,1606,,,,1640448,expected 1602
11.705299,GAP,1607,,,,1640448,expected 1602
11.705531,GAP,1608,,,,1640448,expected 1602
11.705748,GAP,1609,,,,1640448,expected 1602
11.706344,GAP,1610,,,,1640448,expected 1602
11.706838,GAP,1611,,,,1640448,expected 1602
11.714987,GAP,1612,,,,1640448,expected 1602
11.715264,GAP,1614,,,,1640448,expected 1602
11.715520,GAP,1615,,,,1640448,expected 1602
11.715783,GAP,1616,,,,1640448,expected 1602
11.716007,GAP,1617,,,,1640448,expected 1602
11.716259,GAP,1618,,,,1640448,expected 1602
11.717067,GAP,1619,,,,1640448,expected 1602
11.717312,GAP,1620,,,,1640448,expected 1602
11.735535,DELIVER,1602,,,,1641472,
11.735827,DELIVER,1603,,,,1642496,
11.736074,DELIVER,1604,,,,1643520,
11.736326,DELIVER,1605,,,,1644544,
11.736575,DELIVER,1606,,,,1645568,
11.736825,DELIVER,1607,,,,1646592,
11.737073,DELIVER,1608,,,,1647616,
11.738065,DELIVER,1609,,,,1648640,
11.738333,DELIVER,1610,,,,1649664,
11.738704,DELIVER,1611,,,,1650688,
11.738960,DELIVER,1612,,,,1651712,
11.739209,DELIVER,1613,,,,1652736,
11.739456,DELIVER,1614,,,,1653760,
11.739703,DELIVER,1615,,,,1654784,
11.739953,DELIVER,1616,,,,1655808,
11.740198,DELIVER,1617,,,,1656832,
11.740445,DELIVER,1618,,,,1657856,
11.740691,DELIVER,1619,,,,1658880,
11.786021,DELIVER,1620,,,,1659904,
11.790484,DELIVER,1621,,,,1660928,
11.790754,DELIVER,1622,,,,1661952,
11.791006,DELIVER,1623,,,,1662976,
11.791255,DELIVER,1624,,,,1664000,
11.791505,DELIVER,1625,,,,1665024,
11.791753,DELIVER,1626,,,,1666048,
11.792604,DELIVER,1627,,,,1667072,
11.792848,DELIVER,1628,,,,1668096,
11.793558,DELIVER,1629,,,,1669120,
11.793816,DELIVER,1630,,,,1670144,
11.798759,DELIVER,1631,,,,1671168,
11.799068,DELIVER,1632,,,,1672192,
11.799328,DELIVER,1633,,,,1673216,
11.799582,DELIVER,1634,,,,1674240,
11.799837,DELIVER,1635,,,,1675264,
11.800085,DELIVER,1636,,,,1676288,
11.800332,DELIVER,1637,,,,1677312,
11.800580,DELIVER,1638,,,,1678336,
11.840321,DELIVER,1639,,,,1679360,
11.840586,DELIVER,1640,,,,1680384,
11.840840,DELIVER,1641,,,,1681408,
11.841068,DELIVER,1642,,,,1682432,
11.848189,DELIVER,1643,,,,1683456,
11.848644,GAP,1645,,,,1683456,expected 1644
11.849246,GAP,1646,,,,1683456,expected 1644
11.849563,GAP,1647,,,,1683456,expected 1644
11.849865,GAP,1648,,,,1683456,expected 1644
11.850070,GAP,1649,,,,1683456,expected 1644
11.850297,GAP,1650,,,,1683456,expected 1644
11.850547,GAP,1651,,,,1683456,expected 1644
11.854939,GAP,1652,,,,1683456,expected 1644
11.855295,GAP,1653,,,,1683456,expected 1644
11.855608,GAP,1654,,,,1683456,expected 1644
11.855844,GAP,1655,,,,1683456,expected 1644
11.856083,GAP,1656,,,,1683456,expected 1644
11.856385,GAP,1657,,,,1683456,expected 1644
11.890742,GAP,1645,,,,1683456,expected 1644
11.893369,GAP,1647,,,,1683456,expected 1644
11.895864,GAP,1648,,,,1683456,expected 1644
11.896215,GAP,1649,,,,1683456,expected 1644
11.896459,GAP,1650,,,,1683456,expected 1644
11.896737,GAP,1651,,,,1683456,expected 1644
11.896972,GAP,1652,,,,1683456,expected 1644
11.897205,GAP,1653,,,,1683456,expected 1644
11.897427,GAP,1654,,,,1683456,expected 1644
11.897651,GAP,1655,,,,1683456,expected 1644
11.897896,GAP,1657,,,,1683456,expected 1644
11.898207,GAP,1658,,,,1683456,expected 1644
11.898501,GAP,1659,,,,1683456,expected 1644
11.898767,GAP,1660,,,,1683456,expected 1644
12.100100,DELIVER,1644,,,,1684480,
12.100377,DELIVER,1645,,,,1685504,
12.100612,GAP,1647,,,,1685504,expected 1646
12.100891,GAP,1648,,,,1685504,expected 1646
12.101116,GAP,1649,,,,1685504,expected 1646
12.101366,GAP,1650,,,,1685504,expected 1646
12.101593,GAP,1651,,,,1685504,expected 1646
12.101819,GAP,1652,,,,1685504,expected 1646
12.102044,GAP,1653,,,,1685504,expected 1646
12.102264,GAP,1654,,,,1685504,expected 1646
12.102493,GAP,1655,,,,1685504,expected 1646
12.102734,GAP,1656,,,,1685504,expected 1646
12.102984,GAP,1657,,,,1685504,expected 1646
12.103254,GAP,1658,,,,1685504,expected 1646
12.103543,GAP,1659,,,,1685504,expected 1646
12.103790,GAP,1660,,,,1685504,expected 1646
12.150685,DELIVER,1646,,,,1686528,
12.150949,GAP,1648,,,,1686528,expected 1647
12.151184,GAP,1649,,,,1686528,expected 1647
12.151398,GAP,1650,,,,1686528,expected 1647
12.151634,GAP,1651,,,,1686528,expected 1647
12.154996,GAP,1652,,,,1686528,expected 1647
12.155327,GAP,1653,,,,1686528,expected 1647
12.155593,GAP,1654,,,,1686528,expected 1647
12.155842,GAP,1656,,,,1686528,expected 1647
12.156072,GAP,1657,,,,1686528,expected 1647
12.156329,GAP,1658,,,,1686528,expected 1647
12.156569,GAP,1659,,,,1686528,expected 1647
12.156786,GAP,1660,,,,1686528,expected 1647
12.156996,GAP,1661,,,,1686528,expected 1647
12.157218,GAP,1662,,,,1686528,expected 1647
12.157463,GAP,1663,,,,1686528,expected 1647
12.204090,DELIVER,1647,,,,1687552,
12.204383,DELIVER,1648,,,,1688576,
12.204620,DELIVER,1649,,,,1689600,
12.204846,DELIVER,1650,,,,1690624,
12.205057,DELIVER,1651,,,,1691648,
12.205272,DELIVER,1652,,,,1692672,
12.205504,DELIVER,1653,,,,1693696,
12.205743,DELIVER,1654,,,,1694720,
12.205953,DELIVER,1655,,,,1695744,
12.206164,DELIVER,1656,,,,1696768,
12.206365,DELIVER,1657,,,,1697792,
12.206574,DELIVER,1658,,,,1698816,
12.207480,DELIVER,1659,,,,1699840,
12.207720,DELIVER,1660,,,,1700864,
12.207942,DELIVER,1661,,,,1701888,
12.208174,DELIVER,1662,,,,1702912,
12.208387,DELIVER,1663,,,,1703936,
12.208720,DELIVER,1664,,,,1704960,
12.239097,DELIVER,1665,,,,1705984,
12.252835,DELIVER,1666,,,,1707008,
12.253123,DELIVER,1667,,,,1708032,
12.256078,DELIVER,1668,,,,1709056,
12.256398,DELIVER,1669,,,,1710080,
12.256653,GAP,1671,,,,1710080,expected 1670
12.256938,GAP,1672,,,,1710080,expected 1670
12.257947,GAP,1673,,,,1710080,expected 1670
12.258205,GAP,1674,,,,1710080,expected 1670
12.258473,GAP,1675,,,,1710080,expected 1670
12.258724,GAP,1676,,,,1710080,expected 1670
12.258962,GAP,1678,,,,1710080,expected 1670
12.262469,GAP,1679,,,,1710080,expected 1670
12.262975,GAP,1680,,,,1710080,expected 1670
12.263228,GAP,1681,,,,1710080,expected 1670
12.263461,GAP,1682,,,,1710080,expected 1670
12.263693,GAP,1683,,,,1710080,expected 1670
12.282958,GAP,1684,,,,1710080,expected 1670
12.288857,GAP,1685,,,,1710080,expected 1670
12.304469,GAP,1686,,,,1710080,expected 1670
12.304833,GAP,1687,,,,1710080,expected 1670
12.310769,DELIVER,1670,,,,1711104,
12.311031,DELIVER,1671,,,,1712128,
12.311288,DELIVER,1672,,,,1713152,
12.311562,DELIVER,1673,,,,1714176,
12.312215,GAP,1675,,,,1714176,expected 1674
12.312565,GAP,1677,,,,1714176,expected 1674
12.312832,GAP,1678,,,,1714176,expected 1674
12.313087,GAP,1679,,,,1714176,expected 1674
12.313341,GAP,1680,,,,1714176,expected 1674
12.313582,GAP,1681,,,,1714176,expected 1674
12.313835,GAP,1682,,,,1714176,expected 1674
12.314105,GAP,1683,,,,1714176,expected 1674
12.314338,GAP,1684,,,,1714176,expected 1674
12.314589,GAP,1685,,,,1714176,expected 1674
12.314893,GAP,1686,,,,1714176,expected 1674
12.354107,GAP,1687,,,,1714176,expected 1674
12.369171,DELIVER,1674,,,,1715200,
12.369430,DELIVER,1675,,,,1716224,
12.369636,DELIVER,1676,,,,1717248,
12.369859,DELIVER,1677,,,,1718272,
12.370224,DELIVER,1678,,,,1719296,
12.370621,DELIVER,1679,,,,1720320,
12.370997,DELIVER,1680,,,,1721344,
12.371470,DELIVER,1681,,,,1722368,
12.371705,DELIVER,1682,,,,1723392,
12.371938,DELIVER,1683,,,,1724416,
12.372166,DELIVER,1684,,,,1725440,
12.372399,DELIVER,1685,,,,1726464,
12.372610,DELIVER,1686,,,,1727488,
12.372849,DELIVER,1687,,,,1728512,
12.373129,DELIVER,1688,,,,1729536,
12.373378,DELIVER,1689,,,,1730560,
12.373677,DELIVER,1690,,,,1731584,
12.417445,DELIVER,1691,,,,1732608,
12.423778,DELIVER,1692,,,,1733632,
12.424096,DELIVER,1693,,,,1734656,
12.424301,DELIVER,1694,,,,1735680,
12.424528,DELIVER,1695,,,,1736704,
12.426169,DELIVER,1696,,,,1737728,
12.426525,DELIVER,1697,,,,1738752,
12.426752,DELIVER,1698,,,,1739776,
12.426993,GAP,1700,,,,1739776,expected 1699
12.427325,GAP,1701,,,,1739776,expected 1699
12.427637,GAP,1702,,,,1739776,expected 1699
12.427883,GAP,1703,,,,1739776,expected 1699
12.430434,GAP,1704,,,,1739776,expected 1699
12.430746,GAP,1705,,,,1739776,expected 1699
12.430964,GAP,1706,,,,1739776,expected 1699
12.431231,GAP,1707,,,,1739776,expected 1699
12.434593,GAP,1708,,,,1739776,expected 1699
12.496001,DELIVER,1699,,,,1740800,
12.496277,DELIVER,1700,,,,1741824,
12.496391,DELIVER,1701,,,,1742848,
12.496494,DELIVER,1702,,,,1743872,
12.496591,DELIVER,1703,,,,1744896,
12.496688,DELIVER,1704,,,,1745920,
12.496785,GAP,1706,,,,1745920,expected 1705
12.496883,GAP,1707,,,,1745920,expected 1705
12.496981,GAP,1708,,,,1745920,expected 1705
12.497078,GAP,1709,,,,1745920,expected 1705
12.497175,GAP,1710,,,,1745920,expected 1705
12.497273,GAP,1711,,,,1745920,expected 1705
12.497373,GAP,1712,,,,1745920,expected 1705
12.497471,GAP,1713,,,,1745920,expected 1705
12.497568,GAP,1714,,,,1745920,expected 1705
12.552663,GAP,1715,,,,1745920,expected 1705
12.552787,GAP,1716,,,,1745920,expected 1705
12.552887,GAP,1717,,,,1745920,expected 1705
12.552985,GAP,1718,,,,1745920,expected 1705
12.553084,DELIVER,1705,,,,1746944,
12.553205,DELIVER,1706,,,,1747968,
12.553345,DELIVER,1707,,,,1748992,
12.553456,DELIVER,1708,,,,1750016,
12.553556,DELIVER,1709,,,,1751040,
12.553653,DELIVER,1710,,,,1752064,
12.553748,GAP,1712,,,,1752064,expected 1711
12.554744,GAP,1713,,,,1752064,expected 1711
12.554847,GAP,1714,,,,1752064,expected 1711
12.554945,GAP,1715,,,,1752064,expected 1711
12.555043,GAP,1716,,,,1752064,expected 1711
12.555850,GAP,1717,,,,1752064,expected 1711
12.555950,GAP,1718,,,,1752064,expected 1711
12.556047,GAP,1719,,,,1752064,expected 1711
12.556144,GAP,1720,,,,1752064,expected 1711
12.556242,GAP,1721,,,,1752064,expected 1711
12.599403,DELIVER,1711,,,,1753088,
12.622916,DELIVER,1712,,,,1754112,
12.623305,DELIVER,1713,,,,1755136,
12.623435,DELIVER,1714,,,,1756160,
12.623530,DELIVER,1715,,,,1757184,
12.623619,DELIVER,1716,,,,1758208,
12.623709,DELIVER,1717,,,,1759232,
12.623797,DELIVER,1718,,,,1760256,
12.623886,DELIVER,1719,,,,1761280,
12.623975,DELIVER,1720,,,,1762304,
12.624083,DELIVER,1721,,,,1763328,
12.624179,DELIVER,1722,,,,1764352,
12.624268,DELIVER,1723,,,,1765376,
12.624355,DELIVER,1724,,,,1766400,
12.624443,DELIVER,1725,,,,1767424,
12.648796,DELIVER,1726,,,,1768448,
12.679082,DELIVER,1727,,,,1769472,
12.679412,DELIVER,1728,,,,1770496,
12.679679,DELIVER,1729,,,,1771520,
12.679934,DELIVER,1730,,,,1772544,
12.680186,DELIVER,1731,,,,1773568,
12.680439,DELIVER,1732,,,,1774592,
12.680689,DELIVER,1733,,,,1775616,
12.680935,DELIVER,1734,,,,1776640,
12.681155,GAP,1736,,,,1776640,expected 1735
12.681358,GAP,1737,,,,1776640,expected 1735
12.681558,GAP,1738,,,,1776640,expected 1735
12.681758,GAP,1739,,,,1776640,expected 1735
12.681958,GAP,1740,,,,1776640,expected 1735
12.682157,GAP,1741,,,,1776640,expected 1735
12.710174,GAP,1742,,,,1776640,expected 1735
12.728802,DELIVER,1735,,,,1777664,
12.732800,DELIVER,1736,,,,1778688,
12.734117,DELIVER,1737,,,,1779712,
12.734261,GAP,1739,,,,1779712,expected 1738
12.734405,GAP,1740,,,,1779712,expected 1738
12.734545,GAP,1741,,,,1779712,expected 1738
12.734687,GAP,1742,,,,1779712,expected 1738
12.734827,GAP,1744,,,,1779712,expected 1738
12.734969,GAP,1745,,,,1779712,expected 1738
12.735111,GAP,1746,,,,1779712,expected 1738
12.735252,GAP,1747,,,,1779712,expected 1738
12.735905,GAP,1748,,,,1779712,expected 1738
12.736068,GAP,1749,,,,1779712,expected 1738
12.771808,GAP,1750,,,,1779712,expected 1738
12.778958,DELIVER,1738,,,,1780736,
12.785858,DELIVER,1739,,,,1781760,
12.786783,DELIVER,1740,,,,1782784,
12.787170,DELIVER,1741,,,,1783808,
12.787567,DELIVER,1742,,,,1784832,
12.787926,DELIVER,1743,,,,1785856,
12.788337,DELIVER,1744,,,,1786880,
12.788925,DELIVER,1745,,,,1787904,
12.789382,DELIVER,1746,,,,1788928,
12.789703,DELIVER,1747,,,,1789952,
12.789986,DELIVER,1748,,,,1790976,
12.790240,DELIVER,1749,,,,1792000,
12.790570,DELIVER,1750,,,,1793024,
12.790895,DELIVER,1751,,,,1794048,
12.791156,DELIVER,1752,,,,1795072,
12.815063,DELIVER,1753,,,,1796096,
12.826833,DELIVER,1754,,,,1797120,
12.833067,DELIVER,1755,,,,1798144,
12.833614,DELIVER,1756,,,,1799168,
12.839880,DELIVER,1757,,,,1800192,
12.840849,DELIVER,1758,,,,1801216,
12.841184,DELIVER,1759,,,,1802240,
12.841470,DELIVER,1760,,,,1803264,
12.841904,DELIVER,1761,,,,1804288,
12.842602,DELIVER,1762,,,,1805312,
12.842944,DELIVER,1763,,,,1806336,
12.843236,DELIVER,1764,,,,1807360,
12.843447,DELIVER,1765,,,,1808384,
12.843647,DELIVER,1766,,,,1809408,
12.843845,GAP,1768,,,,1809408,expected 1767
12.860000,GAP,1769,,,,1809408,expected 1767
12.872289,GAP,1770,,,,1809408,expected 1767
12.884332,GAP,1772,,,,1809408,expected 1767
12.884620,GAP,1773,,,,1809408,expected 1767
12.884875,GAP,1774,,,,1809408,expected 1767
12.885521,GAP,1775,,,,1809408,expected 1767
12.892066,GAP,1776,,,,1809408,expected 1767
12.893110,GAP,1777,,,,1809408,expected 1767
12.893378,GAP,1778,,,,1809408,expected 1767
12.893628,GAP,1779,,,,1809408,expected 1767
12.894933,GAP,1780,,,,1809408,expected 1767
12.895176,GAP,1781,,,,1809408,expected 1767
12.895452,GAP,1782,,,,1809408,expected 1767
12.895684,GAP,1783,,,,1809408,expected 1767
12.895918,DELIVER,1767,,,,1810432,
12.896134,DELIVER,1768,,,,1811456,
12.896358,DELIVER,1769,,,,1812480,
12.896577,DELIVER,1770,,,,1813504,
12.897736,DELIVER,1771,,,,1814528,
12.897971,DELIVER,1772,,,,1815552,
12.898191,DELIVER,1773,,,,1816576,
12.901183,DELIVER,1774,,,,1817600,
12.901426,DELIVER,1775,,,,1818624,
12.901629,DELIVER,1776,,,,1819648,
12.901832,DELIVER,1777,,,,1820672,
12.902030,DELIVER,1778,,,,1821696,
12.902245,DELIVER,1779,,,,1822720,
12.902477,DELIVER,1780,,,,1823744,
12.902720,DELIVER,1781,,,,1824768,
12.940619,DELIVER,1782,,,,1825792,
12.943033,DELIVER,1783,,,,1826816,
12.947414,DELIVER,1784,,,,1827840,
12.947684,DELIVER,1785,,,,1828864,
12.947989,DELIVER,1786,,,,1829888,
12.948357,DELIVER,1787,,,,1830912,
12.948704,DELIVER,1788,,,,1831936,
12.953882,DELIVER,1789,,,,1832960,
12.954452,DELIVER,1790,,,,1833984,
12.954803,DELIVER,1791,,,,1835008,
12.955819,DELIVER,1792,,,,1836032,
12.956219,DELIVER,1793,,,,1837056,
12.956467,DELIVER,1794,,,,1838080,
12.956672,DELIVER,1795,,,,1839104,
12.959684,DELIVER,1796,,,,1840128,
12.959971,DELIVER,1797,,,,1841152,
12.986420,DELIVER,1798,,,,1842176,
13.003665,GAP,1800,,,,1842176,expected 1799
13.003939,GAP,1801,,,,1842176,expected 1799
13.004173,GAP,1802,,,,1842176,expected 1799
13.004424,GAP,1803,,,,1842176,expected 1799
13.004683,GAP,1804,,,,1842176,expected 1799
13.004925,GAP,1805,,,,1842176,expected 1799
13.005172,GAP,1806,,,,1842176,expected 1799
13.005415,GAP,1807,,,,1842176,expected 1799
13.005691,GAP,1808,,,,1842176,expected 1799
13.012747,GAP,1809,,,,1842176,expected 1799
13.013037,GAP,1810,,,,1842176,expected 1799
13.013268,GAP,1811,,,,1842176,expected 1799
13.013506,GAP,1812,,,,1842176,expected 1799
13.013863,GAP,1813,,,,1842176,expected 1799
13.032857,GAP,1815,,,,1842176,expected 1799
13.046615,DELIVER,1799,,,,1843200,
13.047049,DELIVER,1800,,,,1844224,
13.048829,DELIVER,1801,,,,1845248,
13.049162,DELIVER,1802,,,,1846272,
13.049448,DELIVER,1803,,,,1847296,
13.049700,DELIVER,1804,,,,1848320,
13.049975,DELIVER,1805,,,,1849344,
13.050279,DELIVER,1806,,,,1850368,
13.050513,DELIVER,1807,,,,1851392,
13.051037,DELIVER,1808,,,,1852416,
13.051412,DELIVER,1809,,,,1853440,
13.051698,DELIVER,1810,,,,1854464,
13.052071,DELIVER,1811,,,,1855488,
13.052399,DELIVER,1812,,,,1856512,
13.052622,DELIVER,1813,,,,1857536,
13.088969,GAP,1815,,,,1857536,expected 1814
13.095583,GAP,1818,,,,1857536,expected 1814
13.099908,GAP,1819,,,,1857536,expected 1814
13.100626,GAP,1820,,,,1857536,expected 1814
13.103514,GAP,1821,,,,1857536,expected 1814
13.103869,GAP,1823,,,,1857536,expected 1814
13.104158,GAP,1824,,,,1857536,expected 1814
13.104414,GAP,1825,,,,1857536,expected 1814
13.104645,GAP,1826,,,,1857536,expected 1814
13.104912,GAP,1827,,,,1857536,expected 1814
13.105196,GAP,1828,,,,1857536,expected 1814
13.105496,GAP,1829,,,,1857536,expected 1814
13.136794,DELIVER,1814,,,,1858560,
13.144091,DELIVER,1815,,,,1859584,
13.144540,DELIVER,1816,,,,1860608,
13.145182,DELIVER,1817,,,,1861632,
13.145508,DELIVER,1818,,,,1862656,
13.145810,GAP,1820,,,,1862656,expected 1819
13.146118,GAP,1821,,,,1862656,expected 1819
13.146423,GAP,1822,,,,1862656,expected 1819
13.146720,GAP,1823,,,,1862656,expected 1819
13.146993,GAP,1824,,,,1862656,expected 1819
13.147306,GAP,1825,,,,1862656,expected 1819
13.147602,GAP,1826,,,,1862656,expected 1819
13.147880,GAP,1827,,,,1862656,expected 1819
13.148561,GAP,1828,,,,1862656,expected 1819
13.148955,GAP,1829,,,,1862656,expected 1819
13.195729,GAP,1830,,,,1862656,expected 1819
13.196396,GAP,1831,,,,1862656,expected 1819
13.197164,GAP,1832,,,,1862656,expected 1819
13.197868,GAP,1833,,,,1862656,expected 1819
13.198341,GAP,1834,,,,1862656,expected 1819
13.198861,DELIVER,1819,,,,1863680,
13.199102,DELIVER,1820,,,,1864704,
13.199496,DELIVER,1821,,,,1865728,
13.199821,DELIVER,1822,,,,1866752,
13.200127,DELIVER,1823,,,,1867776,
13.200374,DELIVER,1824,,,,1868800,
13.200616,DELIVER,1825,,,,1869824,
13.200873,DELIVER,1826,,,,1870848,
13.201432,DELIVER,1827,,,,1871872,
13.201898,DELIVER,1828,,,,1872896,
13.202336,DELIVER,1829,,,,1873920,
13.202600,DELIVER,1830,,,,1874944,
13.202816,DELIVER,1831,,,,1875968,
13.203028,DELIVER,1832,,,,1876992,
13.243684,DELIVER,1833,,,,1878016,
13.244088,DELIVER,1834,,,,1879040,
13.250626,DELIVER,1835,,,,1880064,
13.250977,DELIVER,1836,,,,1881088,
13.251201,DELIVER,1837,,,,1882112,
13.251611,DELIVER,1838,,,,1883136,
13.251838,DELIVER,1839,,,,1884160,
13.252083,DELIVER,1840,,,,1885184,
13.252811,DELIVER,1841,,,,1886208,
13.254081,DELIVER,1842,,,,1887232,
13.255623,DELIVER,1843,,,,1888256,
13.255995,DELIVER,1844,,,,1889280,
13.256273,DELIVER,1845,,,,1890304,
13.256502,DELIVER,1846,,,,1891328,
13.256997,DELIVER,1847,,,,1892352,
13.281347,DELIVER,1848,,,,1893376,
13.288205,DELIVER,1849,,,,1894400,
13.298832,DELIVER,1850,,,,1895424,
13.299480,DELIVER,1851,,,,1896448,
13.302455,DELIVER,1852,,,,1897472,
13.302713,DELIVER,1853,,,,1898496,
13.305766,DELIVER,1854,,,,1899520,
13.306071,DELIVER,1855,,,,1900544,
13.306317,DELIVER,1856,,,,1901568,
13.306563,DELIVER,1857,,,,1902592,
13.306797,DELIVER,1858,,,,1903616,
13.307039,DELIVER,1859,,,,1904640,
13.309955,DELIVER,1860,,,,1905664,
13.310563,DELIVER,1861,,,,1906688,
13.311206,DELIVER,1862,,,,1907712,
13.311732,DELIVER,1863,,,,1908736,
13.322992,DELIVER,1864,,,,1909760,
13.333453,DELIVER,1865,,,,1910784,
13.341447,DELIVER,1866,,,,1911808,
13.349334,DELIVER,1867,,,,1912832,
13.349721,DELIVER,1868,,,,1913856,
13.350083,DELIVER,1869,,,,1914880,
13.356238,DELIVER,1870,,,,1915904,
13.356745,DELIVER,1871,,,,1916928,
13.359589,DELIVER,1872,,,,1917952,
13.359921,DELIVER,1873,,,,1918976,
13.360407,DELIVER,1874,,,,1920000,
13.361451,DELIVER,1875,,,,1921024,
13.362576,DELIVER,1876,,,,1922048,
13.362852,DELIVER,1877,,,,1923072,
13.363152,DELIVER,1878,,,,1924096,
13.363391,DELIVER,1879,,,,1925120,
13.363904,DELIVER,1880,,,,1926144,
13.366913,DELIVER,1881,,,,1927168,
13.382267,DELIVER,1882,,,,1928192,
13.382721,DELIVER,1883,,,,1929216,
13.404459,DELIVER,1884,,,,1930240,
13.404914,DELIVER,1885,,,,1931264,
13.405453,DELIVER,1886,,,,1932288,
13.405876,DELIVER,1887,,,,1933312,
13.406977,DELIVER,1888,,,,1934336,
13.407335,DELIVER,1889,,,,1935360,
13.407623,DELIVER,1890,,,,1936384,
13.407893,DELIVER,1891,,,,1937408,
13.419498,GAP,1893,,,,1937408,expected 1892
13.419797,GAP,1894,,,,1937408,expected 1892
13.420039,GAP,1895,,,,1937408,expected 1892
13.420366,GAP,1896,,,,1937408,expected 1892
13.420674,GAP,1897,,,,1937408,expected 1892
13.420911,GAP,1898,,,,1937408,expected 1892
13.431052,GAP,1899,,,,1937408,expected 1892
13.431491,GAP,1900,,,,1937408,expected 1892
13.432193,GAP,1901,,,,1937408,expected 1892
13.453874,GAP,1902,,,,1937408,expected 1892
13.454326,GAP,1903,,,,1937408,expected 1892
13.454887,GAP,1904,,,,1937408,expected 1892
13.455314,GAP,1905,,,,1937408,expected 1892
13.459098,GAP,1906,,,,1937408,expected 1892
13.460928,GAP,1907,,,,1937408,expected 1892
13.461261,GAP,1908,,,,1937408,expected 1892
13.461555,GAP,1909,,,,1937408,expected 1892
13.461847,GAP,1910,,,,1937408,expected 1892
13.475651,DELIVER,1892,,,,1938432,
13.476203,DELIVER,1893,,,,1939456,
13.476743,DELIVER,1894,,,,1940480,
13.477025,DELIVER,1895,,,,1941504,
13.477310,DELIVER,1896,,,,1942528,
13.477600,DELIVER,1897,,,,1943552,
13.477880,DELIVER,1898,,,,1944576,
13.478182,DELIVER,1899,,,,1945600,
13.478450,DELIVER,1900,,,,1946624,
13.478797,DELIVER,1901,,,,1947648,
13.479120,DELIVER,1902,,,,1948672,
13.479428,DELIVER,1903,,,,1949696,
13.479729,DELIVER,1904,,,,1950720,
13.479996,DELIVER,1905,,,,1951744,
13.480262,DELIVER,1906,,,,1952768,
13.480516,DELIVER,1907,,,,1953792,
13.523719,DELIVER,1908,,,,1954816,
13.525010,DELIVER,1909,,,,1955840,
13.525430,DELIVER,1910,,,,1956864,
13.525798,DELIVER,1911,,,,1957888,
13.526305,DELIVER,1912,,,,1958912,
13.534279,DELIVER,1913,,,,1959936,
13.534884,DELIVER,1914,,,,1960960,
13.535499,DELIVER,1915,,,,1961984,
13.536055,DELIVER,1916,,,,1963008,
13.536424,DELIVER,1917,,,,1964032,
13.536770,DELIVER,1918,,,,1965056,
13.537273,DELIVER,1919,,,,1966080,
13.537983,DELIVER,1920,,,,1967104,
13.538392,DELIVER,1921,,,,1968128,
13.538932,DELIVER,1922,,,,1969152,
13.539297,DELIVER,1923,,,,1970176,
13.539596,DELIVER,1924,,,,1971200,
13.570587,DELIVER,1925,,,,1972224,
13.571187,GAP,1927,,,,1972224,expected 1926
13.575120,GAP,1928,,,,1972224,expected 1926
13.575533,GAP,1929,,,,1972224,expected 1926
13.576613,GAP,1930,,,,1972224,expected 1926
13.576938,GAP,1931,,,,1972224,expected 1926
13.577219,GAP,1932,,,,1972224,expected 1926
13.579592,GAP,1933,,,,1972224,expected 1926
13.584080,GAP,1934,,,,1972224,expected 1926
13.585512,GAP,1935,,,,1972224,expected 1926
13.586889,GAP,1936,,,,1972224,expected 1926
13.590837,GAP,1937,,,,1972224,expected 1926
13.591183,GAP,1938,,,,1972224,expected 1926
13.591461,GAP,1939,,,,1972224,expected 1926
13.592340,GAP,1940,,,,1972224,expected 1926
13.592786,GAP,1941,,,,1972224,expected 1926
13.593759,GAP,1942,,,,1972224,expected 1926
13.624791,DELIVER,1926,,,,1973248,
13.625119,DELIVER,1927,,,,1974272,
13.625384,DELIVER,1928,,,,1975296,
13.625665,DELIVER,1929,,,,1976320,
13.625956,DELIVER,1930,,,,1977344,
13.626275,DELIVER,1931,,,,1978368,
13.626600,DELIVER,1932,,,,1979392,
13.626893,DELIVER,1933,,,,1980416,
13.627151,DELIVER,1934,,,,1981440,
13.627404,DELIVER,1935,,,,1982464,
13.627654,DELIVER,1936,,,,1983488,
13.627905,DELIVER,1937,,,,1984512,
13.628153,DELIVER,1938,,,,1985536,
13.628400,DELIVER,1939,,,,1986560,
13.628649,DELIVER,1940,,,,1987584,
13.628900,DELIVER,1941,,,,1988608,
13.681686,DELIVER,1942,,,,1989632,
13.682665,DELIVER,1943,,,,1990656,
13.683399,DELIVER,1944,,,,1991680,
13.683668,DELIVER,1945,,,,1992704,
13.683872,DELIVER,1946,,,,1993728,
13.684269,DELIVER,1947,,,,1994752,
13.684593,DELIVER,1948,,,,1995776,
13.686016,DELIVER,1949,,,,1996800,
13.686394,DELIVER,1950,,,,1997824,
13.686840,DELIVER,1951,,,,1998848,
13.687159,DELIVER,1952,,,,1999872,
13.687394,DELIVER,1953,,,,2000896,
13.687620,DELIVER,1954,,,,2001920,
13.687847,DELIVER,1955,,,,2002944,
13.688078,DELIVER,1956,,,,2003968,
13.688307,DELIVER,1957,,,,2004992,
13.688522,DELIVER,1958,,,,2006016,
13.733915,DELIVER,1959,,,,2007040,
13.734185,DELIVER,1960,,,,2008064,
13.734433,DELIVER,1961,,,,2009088,
13.734643,GAP,1964,,,,2009088,expected 1962
13.734852,GAP,1965,,,,2009088,expected 1962
13.735054,GAP,1966,,,,2009088,expected 1962
13.740360,GAP,1967,,,,2009088,expected 1962
13.740597,GAP,1968,,,,2009088,expected 1962
13.740834,GAP,1969,,,,2009088,expected 1962
13.741129,GAP,1970,,,,2009088,expected 1962
13.741361,GAP,1971,,,,2009088,expected 1962
13.741597,GAP,1972,,,,2009088,expected 1962
13.741813,GAP,1973,,,,2009088,expected 1962
13.742034,GAP,1974,,,,2009088,expected 1962
13.742263,GAP,1975,,,,2009088,expected 1962
13.742498,GAP,1976,,,,2009088,expected 1962
13.783633,GAP,1977,,,,2009088,expected 1962
13.787851,DELIVER,1962,,,,2010112,
13.788173,DELIVER,1963,,,,2011136,
13.788456,DELIVER,1964,,,,2012160,
13.788701,DELIVER,1965,,,,2013184,
13.788985,DELIVER,1966,,,,2014208,
13.789271,DELIVER,1967,,,,2015232,
13.789509,DELIVER,1968,,,,2016256,
13.789940,DELIVER,1969,,,,2017280,
13.790365,DELIVER,1970,,,,2018304,
13.790706,DELIVER,1971,,,,2019328,
13.791029,DELIVER,1972,,,,2020352,
13.791290,DELIVER,1973,,,,2021376,
13.791543,DELIVER,1974,,,,2022400,
13.791794,DELIVER,1975,,,,2023424,
13.792040,DELIVER,1976,,,,2024448,
13.792291,DELIVER,1977,,,,2025472,
13.840831,DELIVER,1978,,,,2026496,
13.841357,DELIVER,1979,,,,2027520,
13.842270,DELIVER,1980,,,,2028544,
13.842856,DELIVER,1981,,,,2029568,
13.843142,DELIVER,1982,,,,2030592,
13.843526,DELIVER,1983,,,,2031616,
13.843766,DELIVER,1984,,,,2032640,
13.844024,DELIVER,1985,,,,2033664,
13.844244,DELIVER,1986,,,,2034688,
13.844460,DELIVER,1987,,,,2035712,
13.846811,DELIVER,1988,,,,2036736,
13.847094,DELIVER,1989,,,,2037760,
13.847322,DELIVER,1990,,,,2038784,
13.847555,DELIVER,1991,,,,2039808,
13.849770,DELIVER,1992,,,,2040832,
13.850086,DELIVER,1993,,,,2041856,
13.850440,DELIVER,1994,,,,2042880,
13.895534,DELIVER,1995,,,,2043904,
13.895937,DELIVER,1996,,,,2044928,
13.896306,DELIVER,1997,,,,2045952,
13.896682,DELIVER,1998,,,,2046976,
13.897086,DELIVER,1999,,,,2048000,
13.897387,DELIVER,2000,,,,2049024,
13.897651,GAP,2002,,,,2049024,expected 2001
13.900029,GAP,2003,,,,2049024,expected 2001
13.900899,GAP,2004,,,,2049024,expected 2001
13.901224,GAP,2005,,,,2049024,expected 2001
13.901555,GAP,2006,,,,2049024,expected 2001
13.901857,GAP,2007,,,,2049024,expected 2001
13.902157,GAP,2008,,,,2049024,expected 2001
13.902457,GAP,2009,,,,2049024,expected 2001
13.902753,GAP,2010,,,,2049024,expected 2001
13.903039,GAP,2011,,,,2049024,expected 2001
13.903324,GAP,2012,,,,2049024,expected 2001
13.941983,DELIVER,2001,,,,2050048,
13.944852,DELIVER,2002,,,,2051072,
13.945247,DELIVER,2003,,,,2052096,
13.945571,DELIVER,2004,,,,2053120,
13.945853,DELIVER,2005,,,,2054144,
13.946106,DELIVER,2006,,,,2055168,
13.946368,GAP,2008,,,,2055168,expected 2007
13.946633,GAP,2009,,,,2055168,expected 2007
13.951424,GAP,2010,,,,2055168,expected 2007
13.951985,GAP,2011,,,,2055168,expected 2007
13.952232,GAP,2012,,,,2055168,expected 2007
13.952464,GAP,2013,,,,2055168,expected 2007
13.952671,GAP,2014,,,,2055168,expected 2007
13.953253,GAP,2015,,,,2055168,expected 2007
13.953542,GAP,2016,,,,2055168,expected 2007
13.985452,GAP,2017,,,,2055168,expected 2007
13.991060,GAP,2018,,,,2055168,expected 2007
13.991361,GAP,2019,,,,2055168,expected 2007
13.991615,GAP,2020,,,,2055168,expected 2007
13.991871,GAP,2021,,,,2055168,expected 2007
13.999771,DELIVER,2007,,,,2056192,
14.000220,DELIVER,2008,,,,2057216,
14.000471,DELIVER,2009,,,,2058240,
14.003040,DELIVER,2010,,,,2059264,
14.003429,DELIVER,2011,,,,2060288,
14.003663,DELIVER,2012,,,,2061312,
14.004011,DELIVER,2013,,,,2062336,
14.004302,DELIVER,2014,,,,2063360,
14.004554,DELIVER,2015,,,,2064384,
14.004804,DELIVER,2016,,,,2065408,
14.005054,DELIVER,2017,,,,2066432,
14.005308,DELIVER,2018,,,,2067456,
14.005554,DELIVER,2019,,,,2068480,
14.005806,DELIVER,2020,,,,2069504,
14.006014,DELIVER,2021,,,,2070528,
14.006211,GAP,2023,,,,2070528,expected 2022
14.059290,GAP,2024,,,,2070528,expected 2022
14.059684,GAP,2025,,,,2070528,expected 2022
14.059980,GAP,2026,,,,2070528,expected 2022
14.060247,GAP,2027,,,,2070528,expected 2022
14.060487,DELIVER,2022,,,,2071552,
14.060694,DELIVER,2023,,,,2072576,
14.060952,DELIVER,2024,,,,2073600,
14.061199,DELIVER,2025,,,,2074624,
14.061418,DELIVER,2026,,,,2075648,
14.061644,DELIVER,2027,,,,2076672,
14.061853,DELIVER,2028,,,,2077696,
14.062103,DELIVER,2029,,,,2078720,
14.062349,DELIVER,2030,,,,2079744,
14.062617,DELIVER,2031,,,,2080768,
14.062827,DELIVER,2032,,,,2081792,
14.063158,DELIVER,2033,,,,2082816,
14.063462,DELIVER,2034,,,,2083840,
14.063717,DELIVER,2035,,,,2084864,
14.063969,DELIVER,2036,,,,2085888,
14.106776,DELIVER,2037,,,,2086912,
14.107087,DELIVER,2038,,,,2087936,
14.122761,DELIVER,2039,,,,2088960,
14.123089,DELIVER,2040,,,,2089984,
14.123317,DELIVER,2041,,,,2091008,
14.123566,DELIVER,2042,,,,2092032,
14.124030,DELIVER,2043,,,,2093056,
14.124625,DELIVER,2044,,,,2094080,
14.124994,DELIVER,2045,,,,2095104,
14.125386,DELIVER,2046,,,,2096128,
14.125740,DELIVER,2047,,,,2097152,
14.172846,FIN,2048,,,,2097152,"all data received, acking FIN"
