t,event,seq,cwnd,srtt_ms,rto_ms,bytes_acked,info
0.000374,SEND,0,4.000,,200.000,0,
0.000459,SEND,1,4.000,,200.000,0,
0.000534,SEND,2,4.000,,200.000,0,
0.000603,SEND,3,4.000,,200.000,0,
0.000609,STATS,-1,4.000,,200.000,0,base=0 next=4
0.060886,ACK,1,4.250,,,1024,"cum ack, base->1"
0.060932,ACK,2,4.485,,,2048,"cum ack, base->2"
0.060958,ACK,3,4.708,,,3072,"cum ack, base->3"
0.060976,ACK,4,4.921,,,4096,"cum ack, base->4"
0.061103,SEND,4,4.921,,200.000,4096,
0.061203,SEND,5,4.921,,200.000,4096,
0.061299,SEND,6,4.921,,200.000,4096,
0.061396,SEND,7,4.921,,200.000,4096,
0.102289,STATS,-1,4.921,,200.000,4096,base=4 next=8
0.109977,ACK,5,5.124,,,5120,"cum ack, base->5"
0.110020,ACK,6,5.319,,,6144,"cum ack, base->6"
0.110044,ACK,7,5.507,,,7168,"cum ack, base->7"
0.110062,ACK,8,5.689,,,8192,"cum ack, base->8"
0.112517,SEND,8,5.689,,200.000,8192,
0.112654,SEND,9,5.689,,200.000,8192,
0.112780,SEND,10,5.689,,200.000,8192,
0.112905,SEND,11,5.689,,200.000,8192,
0.113029,SEND,12,5.689,,200.000,8192,
0.154750,ACK,9,5.864,,,9216,"cum ack, base->9"
0.154799,ACK,10,6.035,,,10240,"cum ack, base->10"
0.154829,ACK,11,6.201,,,11264,"cum ack, base->11"
0.155972,SEND,13,6.201,,200.000,11264,
0.156155,SEND,14,6.201,,200.000,11264,
0.156333,SEND,15,6.201,,200.000,11264,
0.156508,SEND,16,6.201,,200.000,11264,
0.162028,ACK,12,6.362,,,12288,"cum ack, base->12"
0.162056,ACK,13,6.519,,,13312,"cum ack, base->13"
0.164241,SEND,17,6.519,,200.000,13312,
0.164420,SEND,18,6.519,,200.000,13312,
0.198974,ACK,14,6.672,,,14336,"cum ack, base->14"
0.199066,ACK,15,6.822,,,15360,"cum ack, base->15"
0.199101,ACK,16,6.969,,,16384,"cum ack, base->16"
0.199135,ACK,18,7.253,,,18432,"cum ack, base->18"
0.200221,SEND,19,7.253,,200.000,18432,
0.200433,SEND,20,7.253,,200.000,18432,
0.200638,SEND,21,7.253,,200.000,18432,
0.200845,SEND,22,7.253,,200.000,18432,
0.201145,SEND,23,7.253,,200.000,18432,
0.201493,SEND,24,7.253,,200.000,18432,
0.202763,ACK,19,7.391,,,19456,"cum ack, base->19"
0.204437,SEND,25,7.391,,200.000,19456,
0.204468,STATS,-1,7.391,,200.000,19456,base=19 next=26
0.250021,ACK,20,7.526,,,20480,"cum ack, base->20"
0.250093,ACK,21,7.659,,,21504,"cum ack, base->21"
0.250392,SEND,26,7.659,,200.000,21504,
0.250565,SEND,27,7.659,,200.000,21504,
0.253957,ACK,22,7.790,,,22528,"cum ack, base->22"
0.254171,ACK,23,7.918,,,23552,"cum ack, base->23"
0.254241,NAK,23,7.918,,,23552,
0.254286,FASTRETX,23,7.038,,200.000,23552,nak
0.254354,NAK,23,7.038,,,23552,
0.254415,DUPACK,23,7.038,,,23552,
0.256744,RETX,23,7.038,,200.000,23552,
0.257302,RETX,24,7.038,,200.000,23552,
0.257833,RETX,25,7.038,,200.000,23552,
0.258300,RETX,26,7.038,,200.000,23552,
0.258669,RETX,27,7.038,,200.000,23552,
0.258940,SEND,28,7.038,,200.000,23552,
0.259254,SEND,29,7.038,,200.000,23552,
0.292541,NAK,23,7.038,,,23552,
0.292682,DUPACK,23,7.038,,,23552,
0.294860,ACK,24,7.180,,,24576,"cum ack, base->24"
0.295902,SEND,30,7.180,,200.000,24576,
0.298945,ACK,25,7.320,,,25600,"cum ack, base->25"
0.299013,ACK,26,7.456,,,26624,"cum ack, base->26"
0.301044,SEND,31,7.456,,200.000,26624,
0.301231,SEND,32,7.456,,200.000,26624,
0.312477,STATS,-1,7.456,,200.000,26624,base=26 next=33
0.313220,ACK,27,7.590,,,27648,"cum ack, base->27"
0.313273,ACK,28,7.722,,,28672,"cum ack, base->28"
0.313316,ACK,29,7.852,,,29696,"cum ack, base->29"
0.313353,ACK,30,7.979,,,30720,"cum ack, base->30"
0.315392,SEND,33,7.979,,200.000,30720,
0.315759,SEND,34,7.979,,200.000,30720,
0.315961,SEND,35,7.979,,200.000,30720,
0.316169,SEND,36,7.979,,200.000,30720,
0.335264,ACK,31,8.104,,,31744,"cum ack, base->31"
0.336372,SEND,37,8.104,,200.000,31744,
0.336553,SEND,38,8.104,,200.000,31744,
0.343661,ACK,32,8.228,,,32768,"cum ack, base->32"
0.344484,SEND,39,8.228,,200.000,32768,
0.352841,ACK,33,8.349,,,33792,"cum ack, base->33"
0.352929,ACK,34,8.469,,,34816,"cum ack, base->34"
0.354669,SEND,40,8.469,,200.000,34816,
0.354956,SEND,41,8.469,,200.000,34816,
0.362212,ACK,35,8.587,,,35840,"cum ack, base->35"
0.362279,ACK,36,8.703,,,36864,"cum ack, base->36"
0.362904,SEND,42,8.703,,200.000,36864,
0.363220,SEND,43,8.703,,200.000,36864,
0.364907,ACK,37,8.818,,,37888,"cum ack, base->37"
0.365608,SEND,44,8.818,,200.000,37888,
0.387233,ACK,38,8.932,,,38912,"cum ack, base->38"
0.387296,ACK,39,9.044,,,39936,"cum ack, base->39"
0.389425,SEND,45,9.044,,200.000,39936,
0.389538,SEND,46,9.044,,200.000,39936,
0.389634,SEND,47,9.044,,200.000,39936,
0.395847,ACK,40,9.154,,,40960,"cum ack, base->40"
0.397432,SEND,48,9.154,,200.000,40960,
0.397492,NAK,40,9.154,,,40960,
0.397508,FASTRETX,40,8.137,,200.000,40960,nak
0.397529,DUPACK,40,8.137,,,40960,
0.400110,RETX,40,8.137,,200.000,40960,
0.400229,RETX,41,8.137,,200.000,40960,
0.400341,RETX,42,8.137,,200.000,40960,
0.400449,RETX,43,8.137,,200.000,40960,
0.400557,RETX,44,8.137,,200.000,40960,
0.400664,RETX,45,8.137,,200.000,40960,
0.400772,RETX,46,8.137,,200.000,40960,
0.400891,RETX,47,8.137,,200.000,40960,
0.411045,NAK,40,8.137,,,40960,
0.411095,DUPACK,40,8.137,,,40960,
0.411117,NAK,40,8.137,,,40960,
0.413350,STATS,-1,8.137,,200.000,40960,base=40 next=48
0.414398,DUPACK,40,8.137,,,40960,
0.414602,NAK,40,8.137,,,40960,
0.414728,DUPACK,40,8.137,,,40960,
0.433994,NAK,40,8.137,,,40960,
0.435454,DUPACK,40,8.137,,,40960,
0.435503,NAK,40,8.137,,,40960,
0.439837,DUPACK,40,8.137,,,40960,
0.439888,NAK,40,8.137,,,40960,
0.439923,DUPACK,40,8.137,,,40960,
0.439946,NAK,40,8.137,,,40960,
0.440577,DUPACK,40,8.137,,,40960,
0.441314,ACK,41,8.260,,,41984,"cum ack, base->41"
0.441524,ACK,42,8.381,,,43008,"cum ack, base->42"
0.443440,RETX,48,8.381,,200.000,43008,
0.443693,SEND,49,8.381,,200.000,43008,
0.446537,ACK,45,8.734,,,46080,"cum ack, base->45"
0.446598,ACK,46,8.849,,,47104,"cum ack, base->46"
0.449063,SEND,50,8.849,,200.000,47104,
0.449289,SEND,51,8.849,,200.000,47104,
0.449487,SEND,52,8.849,,200.000,47104,
0.449660,SEND,53,8.849,,200.000,47104,
0.458522,ACK,47,8.962,,,48128,"cum ack, base->47"
0.460558,ACK,48,9.073,,,49152,"cum ack, base->48"
0.462021,SEND,54,9.073,,200.000,49152,
0.462496,SEND,55,9.073,,200.000,49152,
0.462806,SEND,56,9.073,,200.000,49152,
0.483682,ACK,49,9.183,,,50176,"cum ack, base->49"
0.485493,SEND,57,9.183,,200.000,50176,
0.491643,ACK,50,9.292,,,51200,"cum ack, base->50"
0.492446,ACK,51,9.400,,,52224,"cum ack, base->51"
0.492502,NAK,51,9.400,,,52224,
0.492516,FASTRETX,51,8.356,,200.000,52224,nak
0.492563,DUPACK,51,8.356,,,52224,
0.493654,RETX,51,8.356,,200.000,52224,
0.493925,RETX,52,8.356,,200.000,52224,
0.494133,RETX,53,8.356,,200.000,52224,
0.494434,RETX,54,8.356,,200.000,52224,
0.494623,RETX,55,8.356,,200.000,52224,
0.494849,RETX,56,8.356,,200.000,52224,
0.495021,RETX,57,8.356,,200.000,52224,
0.495210,SEND,58,8.356,,200.000,52224,
0.503179,NAK,51,8.356,,,52224,
0.503266,DUPACK,51,8.356,,,52224,
0.510399,NAK,51,8.356,,,52224,
0.510487,DUPACK,51,8.356,,,52224,
0.513612,STATS,-1,8.356,,200.000,52224,base=51 next=59
0.524194,NAK,51,8.356,,,52224,
0.526250,DUPACK,51,8.356,,,52224,
0.540815,ACK,52,8.475,,,53248,"cum ack, base->52"
0.540882,NAK,52,8.475,,,53248,
0.540894,FASTRETX,52,8.475,,200.000,53248,nak
0.540925,DUPACK,52,8.475,,,53248,
0.543084,RETX,52,8.475,,200.000,53248,
0.543945,RETX,53,8.475,,200.000,53248,
0.544290,RETX,54,8.475,,200.000,53248,
0.544627,RETX,55,8.475,,200.000,53248,
0.544903,RETX,56,8.475,,200.000,53248,
0.545251,RETX,57,8.475,,200.000,53248,
0.545520,RETX,58,8.475,,200.000,53248,
0.545787,SEND,59,8.475,,200.000,53248,
0.545931,NAK,52,8.475,,,53248,
0.545997,NAK,52,8.475,,,53248,
0.546038,DUPACK,52,8.475,,,53248,
0.546078,NAK,52,8.475,,,53248,
0.546117,DUPACK,52,8.475,,,53248,
0.546154,NAK,52,8.475,,,53248,
0.546193,DUPACK,52,8.475,,,53248,
0.546230,NAK,52,8.475,,,53248,
0.546268,DUPACK,52,8.475,,,53248,
0.598282,ACK,54,8.710,,,55296,"cum ack, base->54"
0.598819,SEND,60,8.710,,200.000,55296,
0.599012,SEND,61,8.710,,200.000,55296,
0.600664,ACK,55,8.824,,,56320,"cum ack, base->55"
0.600741,ACK,57,9.050,,,58368,"cum ack, base->57"
0.601308,ACK,58,9.160,,,59392,"cum ack, base->58"
0.601362,ACK,59,9.269,,,60416,"cum ack, base->59"
0.601430,ACK,60,9.377,,,61440,"cum ack, base->60"
0.601783,SEND,62,9.377,,200.000,61440,
0.601985,SEND,63,9.377,,200.000,61440,
0.602189,SEND,64,9.377,,200.000,61440,
0.602410,SEND,65,9.377,,200.000,61440,
0.602764,SEND,66,9.377,,200.000,61440,
0.603327,SEND,67,9.377,,200.000,61440,
0.603550,SEND,68,9.377,,200.000,61440,
0.615095,STATS,-1,9.377,,200.000,61440,base=60 next=69
0.652255,ACK,61,9.484,,,62464,"cum ack, base->61"
0.652483,ACK,62,9.589,,,63488,"cum ack, base->62"
0.652541,ACK,63,9.693,,,64512,"cum ack, base->63"
0.652584,NAK,63,9.693,,,64512,
0.652601,FASTRETX,63,8.616,,200.000,64512,nak
0.652643,DUPACK,63,8.616,,,64512,
0.652683,NAK,63,8.616,,,64512,
0.654222,RETX,63,8.616,,200.000,64512,
0.654620,RETX,64,8.616,,200.000,64512,
0.655005,RETX,65,8.616,,200.000,64512,
0.659563,RETX,66,8.616,,200.000,64512,
0.659816,RETX,67,8.616,,200.000,64512,
0.660956,RETX,68,8.616,,200.000,64512,
0.661162,SEND,69,8.616,,200.000,64512,
0.661399,SEND,70,8.616,,200.000,64512,
0.662585,DUPACK,63,8.616,,,64512,
0.662641,NAK,63,8.616,,,64512,
0.662676,DUPACK,63,8.616,,,64512,
0.662706,NAK,63,8.616,,,64512,
0.662736,DUPACK,63,8.616,,,64512,
0.662765,NAK,63,8.616,,,64512,
0.662795,DUPACK,63,8.616,,,64512,
0.710822,NAK,63,8.616,,,64512,
0.710974,DUPACK,63,8.616,,,64512,
0.711017,NAK,63,8.616,,,64512,
0.711107,DUPACK,63,8.616,,,64512,
0.711158,NAK,63,8.616,,,64512,
0.711195,DUPACK,63,8.616,,,64512,
0.711226,NAK,63,8.616,,,64512,
0.711258,DUPACK,63,8.616,,,64512,
0.711289,NAK,63,8.616,,,64512,
0.711319,DUPACK,63,8.616,,,64512,
0.711348,NAK,63,8.616,,,64512,
0.711379,DUPACK,63,8.616,,,64512,
0.712773,NAK,63,8.616,,,64512,
0.716031,STATS,-1,8.616,,200.000,64512,base=63 next=71
0.716440,DUPACK,63,8.616,,,64512,
0.816103,STATS,-1,8.616,,200.000,64512,base=63 next=71
0.853347,TIMEOUT,63,8.616,,200.000,64512,timeout
0.857276,RETX,63,8.616,,200.000,64512,
0.857605,RETX,64,8.616,,200.000,64512,
0.857797,RETX,65,8.616,,200.000,64512,
0.858001,RETX,66,8.616,,200.000,64512,
0.858247,RETX,67,8.616,,200.000,64512,
0.858436,RETX,68,8.616,,200.000,64512,
0.858654,RETX,69,8.616,,200.000,64512,
0.858882,RETX,70,8.616,,200.000,64512,
0.908005,ACK,64,8.732,,,65536,"cum ack, base->64"
0.908174,ACK,65,8.847,,,66560,"cum ack, base->65"
0.910458,SEND,71,8.847,,200.000,66560,
0.910691,SEND,72,8.847,,200.000,66560,
0.910809,ACK,66,8.960,,,67584,"cum ack, base->66"
0.910858,ACK,67,9.072,,,68608,"cum ack, base->67"
0.910893,ACK,68,9.182,,,69632,"cum ack, base->68"
0.910925,ACK,69,9.291,,,70656,"cum ack, base->69"
0.910957,ACK,70,9.398,,,71680,"cum ack, base->70"
0.912694,ACK,71,9.505,,,72704,"cum ack, base->71"
0.913420,SEND,73,9.505,,200.000,72704,
0.913665,SEND,74,9.505,,200.000,72704,
0.913865,SEND,75,9.505,,200.000,72704,
0.914039,SEND,76,9.505,,200.000,72704,
0.914210,SEND,77,9.505,,200.000,72704,
0.914389,SEND,78,9.505,,200.000,72704,
0.914558,SEND,79,9.505,,200.000,72704,
0.917177,STATS,-1,9.505,,200.000,72704,base=71 next=80
0.955914,ACK,72,9.610,,,73728,"cum ack, base->72"
0.958498,SEND,80,9.610,,200.000,73728,
0.968033,ACK,73,9.714,,,74752,"cum ack, base->73"
0.968104,ACK,74,9.817,,,75776,"cum ack, base->74"
0.968142,ACK,75,9.919,,,76800,"cum ack, base->75"
0.968175,ACK,76,10.020,,,77824,"cum ack, base->76"
0.968203,NAK,76,10.020,,,77824,
0.968215,FASTRETX,76,8.906,,200.000,77824,nak
0.968242,DUPACK,76,8.906,,,77824,
0.968269,NAK,76,8.906,,,77824,
0.968295,DUPACK,76,8.906,,,77824,
0.968319,NAK,76,8.906,,,77824,
0.968344,DUPACK,76,8.906,,,77824,
0.969951,RETX,76,8.906,,200.000,77824,
0.970144,RETX,77,8.906,,200.000,77824,
0.970567,RETX,78,8.906,,200.000,77824,
0.970741,RETX,79,8.906,,200.000,77824,
0.970947,RETX,80,8.906,,200.000,77824,
0.971147,SEND,81,8.906,,200.000,77824,
0.971351,SEND,82,8.906,,200.000,77824,
0.971583,SEND,83,8.906,,200.000,77824,
0.994995,NAK,76,8.906,,,77824,
1.000733,DUPACK,76,8.906,,,77824,
1.017713,ACK,77,9.019,,,78848,"cum ack, base->77"
1.019155,SEND,84,9.019,,200.000,78848,
1.019379,SEND,85,9.019,,200.000,78848,
1.019392,STATS,-1,9.019,,200.000,78848,base=77 next=86
1.021251,ACK,78,9.130,,,79872,"cum ack, base->78"
1.021366,ACK,79,9.239,,,80896,"cum ack, base->79"
1.021427,ACK,80,9.347,,,81920,"cum ack, base->80"
1.021457,NAK,80,9.347,,,81920,
1.021467,FASTRETX,80,9.347,,200.000,81920,nak
1.021495,DUPACK,80,9.347,,,81920,
1.021520,NAK,80,9.347,,,81920,
1.026114,RETX,80,9.347,,200.000,81920,
1.026253,RETX,81,9.347,,200.000,81920,
1.026397,RETX,82,9.347,,200.000,81920,
1.026519,RETX,83,9.347,,200.000,81920,
1.026633,RETX,84,9.347,,200.000,81920,
1.026744,RETX,85,9.347,,200.000,81920,
1.026851,SEND,86,9.347,,200.000,81920,
1.026980,SEND,87,9.347,,200.000,81920,
1.027114,SEND,88,9.347,,200.000,81920,
1.027232,DUPACK,80,9.347,,,81920,
1.061476,NAK,80,9.347,,,81920,
1.068013,DUPACK,80,9.347,,,81920,
1.068045,NAK,80,9.347,,,81920,
1.068070,DUPACK,80,9.347,,,81920,
1.068110,ACK,81,9.454,,,82944,"cum ack, base->81"
1.068140,ACK,82,9.560,,,83968,"cum ack, base->82"
1.068169,ACK,83,9.665,,,84992,"cum ack, base->83"
1.068193,ACK,84,9.768,,,86016,"cum ack, base->84"
1.068216,ACK,85,9.871,,,87040,"cum ack, base->85"
1.068239,ACK,86,9.972,,,88064,"cum ack, base->86"
1.068259,NAK,86,9.972,,,88064,
1.068267,FASTRETX,86,8.864,,200.000,88064,nak
1.070050,RETX,86,8.864,,200.000,88064,
1.070233,RETX,87,8.864,,200.000,88064,
1.070409,RETX,88,8.864,,200.000,88064,
1.070584,SEND,89,8.864,,200.000,88064,
1.070760,SEND,90,8.864,,200.000,88064,
1.070938,SEND,91,8.864,,200.000,88064,
1.071113,SEND,92,8.864,,200.000,88064,
1.071288,SEND,93,8.864,,200.000,88064,
1.071725,DUPACK,86,8.864,,,88064,
1.077382,NAK,86,8.864,,,88064,
1.077411,DUPACK,86,8.864,,,88064,
1.115784,ACK,87,8.977,,,89088,"cum ack, base->87"
1.118278,SEND,94,8.977,,200.000,89088,
1.121056,STATS,-1,8.977,,200.000,89088,base=87 next=95
1.121624,ACK,88,9.088,,,90112,"cum ack, base->88"
1.123780,ACK,89,9.198,,,91136,"cum ack, base->89"
1.123842,ACK,90,9.307,,,92160,"cum ack, base->90"
1.123876,ACK,91,9.414,,,93184,"cum ack, base->91"
1.124162,ACK,92,9.521,,,94208,"cum ack, base->92"
1.124212,ACK,93,9.626,,,95232,"cum ack, base->93"
1.124531,SEND,95,9.626,,200.000,95232,
1.124766,SEND,96,9.626,,200.000,95232,
1.124935,SEND,97,9.626,,200.000,95232,
1.125103,SEND,98,9.626,,200.000,95232,
1.125536,SEND,99,9.626,,200.000,95232,
1.125935,SEND,100,9.626,,200.000,95232,
1.126311,SEND,101,9.626,,200.000,95232,
1.127273,ACK,94,9.729,,,96256,"cum ack, base->94"
1.129218,SEND,102,9.729,,200.000,96256,
1.156780,ACK,95,9.832,,,97280,"cum ack, base->95"
1.158302,SEND,103,9.832,,200.000,97280,
1.177370,ACK,96,9.934,,,98304,"cum ack, base->96"
1.177465,ACK,97,10.035,,,99328,"cum ack, base->97"
1.177514,ACK,98,10.134,,,100352,"cum ack, base->98"
1.177556,ACK,99,10.233,,,101376,"cum ack, base->99"
1.177587,ACK,100,10.331,,,102400,"cum ack, base->100"
1.177618,ACK,101,10.427,,,103424,"cum ack, base->101"
1.177648,ACK,102,10.523,,,104448,"cum ack, base->102"
1.177679,ACK,103,10.618,,,105472,"cum ack, base->103"
1.179187,SEND,104,10.618,,200.000,105472,
1.179405,SEND,105,10.618,,200.000,105472,
1.179583,SEND,106,10.618,,200.000,105472,
1.179754,SEND,107,10.618,,200.000,105472,
1.179920,SEND,108,10.618,,200.000,105472,
1.180108,SEND,109,10.618,,200.000,105472,
1.180277,SEND,110,10.618,,200.000,105472,
1.180445,SEND,111,10.618,,200.000,105472,
1.180612,SEND,112,10.618,,200.000,105472,
1.203217,ACK,104,10.713,,,106496,"cum ack, base->104"
1.203986,SEND,113,10.713,,200.000,106496,
1.229493,STATS,-1,10.713,,200.000,106496,base=104 next=114
1.229774,ACK,105,10.806,,,107520,"cum ack, base->105"
1.229830,ACK,106,10.898,,,108544,"cum ack, base->106"
1.232254,SEND,114,10.898,,200.000,108544,
1.232442,SEND,115,10.898,,200.000,108544,
1.233348,ACK,107,10.990,,,109568,"cum ack, base->107"
1.233398,ACK,108,11.081,,,110592,"cum ack, base->108"
1.233430,ACK,109,11.171,,,111616,"cum ack, base->109"
1.233456,ACK,110,11.261,,,112640,"cum ack, base->110"
1.233481,ACK,111,11.350,,,113664,"cum ack, base->111"
1.235115,SEND,116,11.350,,200.000,113664,
1.235262,SEND,117,11.350,,200.000,113664,
1.235410,SEND,118,11.350,,200.000,113664,
1.235554,SEND,119,11.350,,200.000,113664,
1.235698,SEND,120,11.350,,200.000,113664,
1.235844,SEND,121,11.350,,200.000,113664,
1.235896,ACK,112,11.438,,,114688,"cum ack, base->112"
1.235938,ACK,113,11.525,,,115712,"cum ack, base->113"
1.238547,SEND,122,11.525,,200.000,115712,
1.238725,SEND,123,11.525,,200.000,115712,
1.254419,ACK,114,11.612,,,116736,"cum ack, base->114"
1.256915,SEND,124,11.612,,200.000,116736,
1.274725,ACK,115,11.698,,,117760,"cum ack, base->115"
1.277394,SEND,125,11.698,,200.000,117760,
1.281607,ACK,116,11.784,,,118784,"cum ack, base->116"
1.281699,ACK,118,11.953,,,120832,"cum ack, base->118"
1.281845,ACK,119,12.036,,,121856,"cum ack, base->119"
1.282484,ACK,120,12.120,,,122880,"cum ack, base->120"
1.282773,SEND,126,12.120,,200.000,122880,
1.282947,SEND,127,12.120,,200.000,122880,
1.283117,SEND,128,12.120,,200.000,122880,
1.283289,SEND,129,12.120,,200.000,122880,
1.283458,SEND,130,12.120,,200.000,122880,
1.283624,SEND,131,12.120,,200.000,122880,
1.283713,ACK,121,12.202,,,123904,"cum ack, base->121"
1.285975,ACK,122,12.284,,,124928,"cum ack, base->122"
1.286783,SEND,132,12.284,,200.000,124928,
1.286963,SEND,133,12.284,,200.000,124928,
1.287188,ACK,123,12.365,,,125952,"cum ack, base->123"
1.287253,ACK,124,12.446,,,126976,"cum ack, base->124"
1.290831,SEND,134,12.446,,200.000,126976,
1.291236,SEND,135,12.446,,200.000,126976,
1.303975,ACK,125,12.527,,,128000,"cum ack, base->125"
1.306890,SEND,136,12.527,,200.000,128000,
1.322816,ACK,126,12.606,,,129024,"cum ack, base->126"
1.324507,ACK,127,12.686,,,130048,"cum ack, base->127"
1.324572,ACK,128,12.765,,,131072,"cum ack, base->128"
1.324607,ACK,129,12.843,,,132096,"cum ack, base->129"
1.325472,SEND,137,12.843,,200.000,132096,
1.325660,SEND,138,12.843,,200.000,132096,
1.325857,SEND,139,12.843,,200.000,132096,
1.326066,SEND,140,12.843,,200.000,132096,
1.326306,ACK,130,12.921,,,133120,"cum ack, base->130"
1.329030,SEND,141,12.921,,200.000,133120,
1.329672,ACK,131,12.998,,,134144,"cum ack, base->131"
1.331861,SEND,142,12.998,,200.000,134144,
1.331891,STATS,-1,12.998,,200.000,134144,base=131 next=143
1.336595,ACK,133,13.152,,,136192,"cum ack, base->133"
1.336661,ACK,134,13.228,,,137216,"cum ack, base->134"
1.336697,ACK,135,13.303,,,138240,"cum ack, base->135"
1.337259,SEND,143,13.303,,200.000,138240,
1.337441,SEND,144,13.303,,200.000,138240,
1.337681,SEND,145,13.303,,200.000,138240,
1.337890,SEND,146,13.303,,200.000,138240,
1.338062,SEND,147,13.303,,200.000,138240,
1.340951,ACK,136,13.378,,,139264,"cum ack, base->136"
1.343483,SEND,148,13.378,,200.000,139264,
1.351555,ACK,137,13.453,,,140288,"cum ack, base->137"
1.353965,SEND,149,13.453,,200.000,140288,
1.369851,ACK,138,13.527,,,141312,"cum ack, base->138"
1.369915,ACK,139,13.601,,,142336,"cum ack, base->139"
1.372392,SEND,150,13.601,,200.000,142336,
1.372608,SEND,151,13.601,,200.000,142336,
1.376843,ACK,140,13.675,,,143360,"cum ack, base->140"
1.376907,ACK,141,13.748,,,144384,"cum ack, base->141"
1.377030,ACK,142,13.821,,,145408,"cum ack, base->142"
1.377557,SEND,152,13.821,,200.000,145408,
1.377781,SEND,153,13.821,,200.000,145408,
1.377972,SEND,154,13.821,,200.000,145408,
1.381062,ACK,143,13.893,,,146432,"cum ack, base->143"
1.381122,ACK,144,13.965,,,147456,"cum ack, base->144"
1.381155,ACK,145,14.037,,,148480,"cum ack, base->145"
1.381186,ACK,146,14.108,,,149504,"cum ack, base->146"
1.381217,ACK,147,14.179,,,150528,"cum ack, base->147"
1.383165,SEND,155,14.179,,200.000,150528,
1.383352,SEND,156,14.179,,200.000,150528,
1.383521,SEND,157,14.179,,200.000,150528,
1.383699,SEND,158,14.179,,200.000,150528,
1.383920,SEND,159,14.179,,200.000,150528,
1.384106,SEND,160,14.179,,200.000,150528,
1.385821,ACK,148,14.249,,,151552,"cum ack, base->148"
1.385884,ACK,149,14.320,,,152576,"cum ack, base->149"
1.386931,SEND,161,14.320,,200.000,152576,
1.387341,SEND,162,14.320,,200.000,152576,
1.390365,ACK,150,14.389,,,153600,"cum ack, base->150"
1.392811,SEND,163,14.389,,200.000,153600,
1.405922,NAK,150,14.389,,,153600,
1.405967,FASTRETX,150,12.791,,200.000,153600,nak
1.407759,RETX,150,12.791,,200.000,153600,
1.407980,RETX,151,12.791,,200.000,153600,
1.408233,RETX,152,12.791,,200.000,153600,
1.408514,RETX,153,12.791,,200.000,153600,
1.409071,RETX,154,12.791,,200.000,153600,
1.409587,RETX,155,12.791,,200.000,153600,
1.409952,RETX,156,12.791,,200.000,153600,
1.410842,RETX,157,12.791,,200.000,153600,
1.411126,RETX,158,12.791,,200.000,153600,
1.411347,RETX,159,12.791,,200.000,153600,
1.411551,RETX,160,12.791,,200.000,153600,
1.411756,RETX,161,12.791,,200.000,153600,
1.414391,DUPACK,150,12.791,,,153600,
1.420504,NAK,150,12.791,,,153600,
1.426982,DUPACK,150,12.791,,,153600,
1.427051,NAK,150,12.791,,,153600,
1.427102,DUPACK,150,12.791,,,153600,
1.427490,NAK,150,12.791,,,153600,
1.428851,DUPACK,150,12.791,,,153600,
1.434463,STATS,-1,12.791,,200.000,153600,base=150 next=162
1.437398,NAK,150,12.791,,,153600,
1.437476,DUPACK,150,12.791,,,153600,
1.437743,NAK,150,12.791,,,153600,
1.438070,DUPACK,150,12.791,,,153600,
1.438398,NAK,150,12.791,,,153600,
1.438823,DUPACK,150,12.791,,,153600,
1.442798,NAK,150,12.791,,,153600,
1.443327,DUPACK,150,12.791,,,153600,
1.443369,NAK,150,12.791,,,153600,
1.443400,DUPACK,150,12.791,,,153600,
1.443427,NAK,150,12.791,,,153600,
1.443454,NAK,150,12.791,,,153600,
1.443487,DUPACK,150,12.791,,,153600,
1.443513,NAK,150,12.791,,,153600,
1.443538,DUPACK,150,12.791,,,153600,
1.443563,NAK,150,12.791,,,153600,
1.443587,DUPACK,150,12.791,,,153600,
1.460913,ACK,151,12.869,,,154624,"cum ack, base->151"
1.460981,ACK,152,12.946,,,155648,"cum ack, base->152"
1.461018,ACK,153,13.024,,,156672,"cum ack, base->153"
1.461049,NAK,153,13.024,,,156672,
1.461064,FASTRETX,153,13.024,,200.000,156672,nak
1.461798,RETX,153,13.024,,200.000,156672,
1.462035,RETX,154,13.024,,200.000,156672,
1.462300,RETX,155,13.024,,200.000,156672,
1.462567,RETX,156,13.024,,200.000,156672,
1.462824,RETX,157,13.024,,200.000,156672,
1.463086,RETX,158,13.024,,200.000,156672,
1.463346,RETX,159,13.024,,200.000,156672,
1.463681,RETX,160,13.024,,200.000,156672,
1.464050,RETX,161,13.024,,200.000,156672,
1.464276,RETX,162,13.024,,200.000,156672,
1.464483,RETX,163,13.024,,200.000,156672,
1.464689,SEND,164,13.024,,200.000,156672,
1.464894,SEND,165,13.024,,200.000,156672,
1.465021,DUPACK,153,13.024,,,156672,
1.465138,NAK,153,13.024,,,156672,
1.465185,DUPACK,153,13.024,,,156672,
1.465217,NAK,153,13.024,,,156672,
1.465248,DUPACK,153,13.024,,,156672,
1.465279,NAK,153,13.024,,,156672,
1.465311,DUPACK,153,13.024,,,156672,
1.465351,NAK,153,13.024,,,156672,
1.466090,DUPACK,153,13.024,,,156672,
1.466150,NAK,153,13.024,,,156672,
1.466218,DUPACK,153,13.024,,,156672,
1.466272,NAK,153,13.024,,,156672,
1.466307,DUPACK,153,13.024,,,156672,
1.466340,NAK,153,13.024,,,156672,
1.466372,DUPACK,153,13.024,,,156672,
1.510923,ACK,154,13.100,,,157696,"cum ack, base->154"
1.511022,ACK,155,13.177,,,158720,"cum ack, base->155"
1.511133,ACK,156,13.253,,,159744,"cum ack, base->156"
1.511229,ACK,157,13.328,,,160768,"cum ack, base->157"
1.511301,ACK,158,13.403,,,161792,"cum ack, base->158"
1.514019,SEND,166,13.403,,200.000,161792,
1.514317,SEND,167,13.403,,200.000,161792,
1.514580,SEND,168,13.403,,200.000,161792,
1.514786,SEND,169,13.403,,200.000,161792,
1.514983,SEND,170,13.403,,200.000,161792,
1.515111,ACK,159,13.478,,,162816,"cum ack, base->159"
1.515175,ACK,161,13.626,,,164864,"cum ack, base->161"
1.517733,SEND,171,13.626,,200.000,164864,
1.518095,SEND,172,13.626,,200.000,164864,
1.518286,SEND,173,13.626,,200.000,164864,
1.518419,ACK,162,13.699,,,165888,"cum ack, base->162"
1.518479,ACK,163,13.772,,,166912,"cum ack, base->163"
1.518561,ACK,164,13.845,,,167936,"cum ack, base->164"
1.518598,ACK,165,13.917,,,168960,"cum ack, base->165"
1.518790,ACK,166,13.989,,,169984,"cum ack, base->166"
1.521037,SEND,174,13.989,,200.000,169984,
1.521273,SEND,175,13.989,,200.000,169984,
1.521487,SEND,176,13.989,,200.000,169984,
1.521766,SEND,177,13.989,,200.000,169984,
1.521992,SEND,178,13.989,,200.000,169984,
1.536770,STATS,-1,13.989,,200.000,169984,base=166 next=179
1.636791,STATS,-1,13.989,,200.000,169984,base=166 next=179
1.719598,TIMEOUT,166,12.435,,200.000,169984,timeout
1.722092,RETX,166,12.435,,200.000,169984,
1.722368,RETX,167,12.435,,200.000,169984,
1.722784,RETX,168,12.435,,200.000,169984,
1.723055,RETX,169,12.435,,200.000,169984,
1.723229,RETX,170,12.435,,200.000,169984,
1.723392,RETX,171,12.435,,200.000,169984,
1.723608,RETX,172,12.435,,200.000,169984,
1.723777,RETX,173,12.435,,200.000,169984,
1.723967,RETX,174,12.435,,200.000,169984,
1.724346,RETX,175,12.435,,200.000,169984,
1.724667,RETX,176,12.435,,200.000,169984,
1.724853,RETX,177,12.435,,200.000,169984,
1.737898,STATS,-1,12.435,,200.000,169984,base=166 next=178
1.839199,STATS,-1,12.435,,200.000,169984,base=166 next=178
1.919857,TIMEOUT,166,12.435,,200.000,169984,timeout
1.923177,RETX,166,12.435,,200.000,169984,
1.923446,RETX,167,12.435,,200.000,169984,
1.923758,RETX,168,12.435,,200.000,169984,
1.923926,RETX,169,12.435,,200.000,169984,
1.924090,RETX,170,12.435,,200.000,169984,
1.924254,RETX,171,12.435,,200.000,169984,
1.924460,RETX,172,12.435,,200.000,169984,
1.924942,RETX,173,12.435,,200.000,169984,
1.925276,RETX,174,12.435,,200.000,169984,
1.925476,RETX,175,12.435,,200.000,169984,
1.925683,RETX,176,12.435,,200.000,169984,
1.925848,RETX,177,12.435,,200.000,169984,
1.941100,STATS,-1,12.435,,200.000,169984,base=166 next=178
2.043037,STATS,-1,12.435,,200.000,169984,base=166 next=178
2.121886,TIMEOUT,166,12.435,,200.000,169984,timeout
2.125246,RETX,166,12.435,,200.000,169984,
2.125489,RETX,167,12.435,,200.000,169984,
2.125695,RETX,168,12.435,,200.000,169984,
2.125891,RETX,169,12.435,,200.000,169984,
2.126093,RETX,170,12.435,,200.000,169984,
2.126294,RETX,171,12.435,,200.000,169984,
2.126521,RETX,172,12.435,,200.000,169984,
2.126751,RETX,173,12.435,,200.000,169984,
2.127039,RETX,174,12.435,,200.000,169984,
2.127269,RETX,175,12.435,,200.000,169984,
2.127746,RETX,176,12.435,,200.000,169984,
2.128100,RETX,177,12.435,,200.000,169984,
2.143570,STATS,-1,12.435,,200.000,169984,base=166 next=178
2.243980,STATS,-1,12.435,,200.000,169984,base=166 next=178
2.323290,TIMEOUT,166,12.435,,200.000,169984,timeout
2.326322,RETX,166,12.435,,200.000,169984,
2.326565,RETX,167,12.435,,200.000,169984,
2.326740,RETX,168,12.435,,200.000,169984,
2.326907,RETX,169,12.435,,200.000,169984,
2.327263,RETX,170,12.435,,200.000,169984,
2.327444,RETX,171,12.435,,200.000,169984,
2.327613,RETX,172,12.435,,200.000,169984,
2.327814,RETX,173,12.435,,200.000,169984,
2.327984,RETX,174,12.435,,200.000,169984,
2.328153,RETX,175,12.435,,200.000,169984,
2.328323,RETX,176,12.435,,200.000,169984,
2.328489,RETX,177,12.435,,200.000,169984,
2.345562,STATS,-1,12.435,,200.000,169984,base=166 next=178
2.371578,ACK,167,12.515,,,171008,"cum ack, base->167"
2.371891,RETX,178,12.515,,200.000,171008,
2.379956,ACK,168,12.595,,,172032,"cum ack, base->168"
2.380037,ACK,170,12.753,,,174080,"cum ack, base->170"
2.380081,ACK,171,12.832,,,175104,"cum ack, base->171"
2.380130,ACK,173,12.987,,,177152,"cum ack, base->173"
2.380210,ACK,174,13.064,,,178176,"cum ack, base->174"
2.380503,SEND,179,13.064,,200.000,178176,
2.380717,SEND,180,13.064,,200.000,178176,
2.380930,SEND,181,13.064,,200.000,178176,
2.381135,SEND,182,13.064,,200.000,178176,
2.381458,SEND,183,13.064,,200.000,178176,
2.381849,SEND,184,13.064,,200.000,178176,
2.382122,SEND,185,13.064,,200.000,178176,
2.382383,SEND,186,13.064,,200.000,178176,
2.384299,ACK,175,13.141,,,179200,"cum ack, base->175"
2.384384,ACK,176,13.217,,,180224,"cum ack, base->176"
2.384435,ACK,177,13.292,,,181248,"cum ack, base->177"
2.384486,ACK,178,13.368,,,182272,"cum ack, base->178"
2.385269,SEND,187,13.368,,200.000,182272,
2.385547,SEND,188,13.368,,200.000,182272,
2.385809,SEND,189,13.368,,200.000,182272,
2.386077,SEND,190,13.368,,200.000,182272,
2.407750,ACK,179,13.442,,,183296,"cum ack, base->179"
2.409286,SEND,191,13.442,,200.000,183296,
2.430765,ACK,180,13.517,,,184320,"cum ack, base->180"
2.430818,ACK,181,13.591,,,185344,"cum ack, base->181"
2.430853,ACK,182,13.664,,,186368,"cum ack, base->182"
2.430885,ACK,183,13.737,,,187392,"cum ack, base->183"
2.430915,ACK,184,13.810,,,188416,"cum ack, base->184"
2.430945,ACK,185,13.883,,,189440,"cum ack, base->185"
2.430975,ACK,186,13.955,,,190464,"cum ack, base->186"
2.431087,ACK,187,14.026,,,191488,"cum ack, base->187"
2.432209,SEND,192,14.026,,200.000,191488,
2.432392,SEND,193,14.026,,200.000,191488,
2.432561,SEND,194,14.026,,200.000,191488,
2.432728,SEND,195,14.026,,200.000,191488,
2.432897,SEND,196,14.026,,200.000,191488,
2.433065,SEND,197,14.026,,200.000,191488,
2.433232,SEND,198,14.026,,200.000,191488,
2.433401,SEND,199,14.026,,200.000,191488,
2.433622,SEND,200,14.026,,200.000,191488,
2.433744,ACK,188,14.098,,,192512,"cum ack, base->188"
2.433793,ACK,189,14.169,,,193536,"cum ack, base->189"
2.433827,ACK,190,14.239,,,194560,"cum ack, base->190"
2.433859,ACK,191,14.309,,,195584,"cum ack, base->191"
2.436003,SEND,201,14.309,,200.000,195584,
2.436204,SEND,202,14.309,,200.000,195584,
2.436383,SEND,203,14.309,,200.000,195584,
2.436738,SEND,204,14.309,,200.000,195584,
2.447755,STATS,-1,14.309,,200.000,195584,base=191 next=205
2.456194,ACK,192,14.379,,,196608,"cum ack, base->192"
2.458221,SEND,205,14.379,,200.000,196608,
2.472315,ACK,193,14.449,,,197632,"cum ack, base->193"
2.473464,SEND,206,14.449,,200.000,197632,
2.474718,ACK,194,14.518,,,198656,"cum ack, base->194"
2.474768,ACK,195,14.587,,,199680,"cum ack, base->195"
2.477121,SEND,207,14.587,,200.000,199680,
2.477357,SEND,208,14.587,,200.000,199680,
2.482835,ACK,197,14.724,,,201728,"cum ack, base->197"
2.482915,ACK,198,14.792,,,202752,"cum ack, base->198"
2.482951,ACK,199,14.859,,,203776,"cum ack, base->199"
2.485218,SEND,209,14.859,,200.000,203776,
2.485448,SEND,210,14.859,,200.000,203776,
2.485641,SEND,211,14.859,,200.000,203776,
2.485864,SEND,212,14.859,,200.000,203776,
2.486480,ACK,200,14.927,,,204800,"cum ack, base->200"
2.486537,ACK,201,14.994,,,205824,"cum ack, base->201"
2.486573,ACK,203,15.127,,,207872,"cum ack, base->203"
2.488327,SEND,213,15.127,,200.000,207872,
2.488579,SEND,214,15.127,,200.000,207872,
2.488764,SEND,215,15.127,,200.000,207872,
2.489061,SEND,216,15.127,,200.000,207872,
2.489247,SEND,217,15.127,,200.000,207872,
2.493134,NAK,203,15.127,,,207872,
2.493169,FASTRETX,203,13.446,,200.000,207872,nak
2.493216,DUPACK,203,13.446,,,207872,
2.495309,RETX,203,13.446,,200.000,207872,
2.495501,RETX,204,13.446,,200.000,207872,
2.495671,RETX,205,13.446,,200.000,207872,
2.495838,RETX,206,13.446,,200.000,207872,
2.496191,RETX,207,13.446,,200.000,207872,
2.496534,RETX,208,13.446,,200.000,207872,
2.496836,RETX,209,13.446,,200.000,207872,
2.497013,RETX,210,13.446,,200.000,207872,
2.497180,RETX,211,13.446,,200.000,207872,
2.497348,RETX,212,13.446,,200.000,207872,
2.497514,RETX,213,13.446,,200.000,207872,
2.497689,RETX,214,13.446,,200.000,207872,
2.498068,RETX,215,13.446,,200.000,207872,
2.514223,NAK,203,13.446,,,207872,
2.516392,DUPACK,203,13.446,,,207872,
2.526717,NAK,203,13.446,,,207872,
2.526827,DUPACK,203,13.446,,,207872,
2.526869,NAK,203,13.446,,,207872,
2.526905,DUPACK,203,13.446,,,207872,
2.526936,NAK,203,13.446,,,207872,
2.526969,DUPACK,203,13.446,,,207872,
2.527002,NAK,203,13.446,,,207872,
2.527033,DUPACK,203,13.446,,,207872,
2.527062,NAK,203,13.446,,,207872,
2.527710,DUPACK,203,13.446,,,207872,
2.534777,NAK,203,13.446,,,207872,
2.534858,DUPACK,203,13.446,,,207872,
2.534893,NAK,203,13.446,,,207872,
2.534930,DUPACK,203,13.446,,,207872,
2.536808,NAK,203,13.446,,,207872,
2.536879,DUPACK,203,13.446,,,207872,
2.536915,NAK,203,13.446,,,207872,
2.538624,DUPACK,203,13.446,,,207872,
2.538689,NAK,203,13.446,,,207872,
2.538726,DUPACK,203,13.446,,,207872,
2.538757,NAK,203,13.446,,,207872,
2.538792,DUPACK,203,13.446,,,207872,
2.542492,ACK,204,13.520,,,208896,"cum ack, base->204"
2.542570,ACK,205,13.594,,,209920,"cum ack, base->205"
2.542617,ACK,206,13.668,,,210944,"cum ack, base->206"
2.542656,ACK,207,13.741,,,211968,"cum ack, base->207"
2.544243,ACK,208,13.814,,,212992,"cum ack, base->208"
2.544407,ACK,209,13.886,,,214016,"cum ack, base->209"
2.544458,ACK,210,13.958,,,215040,"cum ack, base->210"
2.545156,RETX,216,13.958,,200.000,215040,
2.545522,RETX,217,13.958,,200.000,215040,
2.546336,SEND,218,13.958,,200.000,215040,
2.546712,SEND,219,13.958,,200.000,215040,
2.547149,SEND,220,13.958,,200.000,215040,
2.547336,SEND,221,13.958,,200.000,215040,
2.547573,SEND,222,13.958,,200.000,215040,
2.547976,ACK,211,14.030,,,216064,"cum ack, base->211"
2.548075,ACK,213,14.172,,,218112,"cum ack, base->213"
2.548110,ACK,214,14.243,,,219136,"cum ack, base->214"
2.548142,NAK,214,14.243,,,219136,
2.548153,FASTRETX,214,14.243,,200.000,219136,nak
2.548182,DUPACK,214,14.243,,,219136,
2.550394,RETX,214,14.243,,200.000,219136,
2.550610,RETX,215,14.243,,200.000,219136,
2.550784,RETX,216,14.243,,200.000,219136,
2.550954,RETX,217,14.243,,200.000,219136,
2.551123,RETX,218,14.243,,200.000,219136,
2.551419,RETX,219,14.243,,200.000,219136,
2.551785,RETX,220,14.243,,200.000,219136,
2.552008,RETX,221,14.243,,200.000,219136,
2.552215,RETX,222,14.243,,200.000,219136,
2.552418,SEND,223,14.243,,200.000,219136,
2.552804,SEND,224,14.243,,200.000,219136,
2.553057,SEND,225,14.243,,200.000,219136,
2.553277,SEND,226,14.243,,200.000,219136,
2.553601,SEND,227,14.243,,200.000,219136,
2.553632,STATS,-1,14.243,,200.000,219136,base=214 next=228
2.583665,NAK,214,14.243,,,219136,
2.583722,DUPACK,214,14.243,,,219136,
2.588468,NAK,214,14.243,,,219136,
2.593071,DUPACK,214,14.243,,,219136,
2.593203,DUPACK,214,14.243,,,219136,
2.593242,NAK,214,14.243,,,219136,
2.593276,DUPACK,214,14.243,,,219136,
2.593305,NAK,214,14.243,,,219136,
2.593331,DUPACK,214,14.243,,,219136,
2.593357,NAK,214,14.243,,,219136,
2.593384,DUPACK,214,14.243,,,219136,
2.593407,NAK,214,14.243,,,219136,
2.593435,DUPACK,214,14.243,,,219136,
2.596048,ACK,215,14.313,,,220160,"cum ack, base->215"
2.596356,SEND,228,14.313,,200.000,220160,
2.596422,ACK,216,14.383,,,221184,"cum ack, base->216"
2.596513,ACK,217,14.452,,,222208,"cum ack, base->217"
2.596556,ACK,218,14.521,,,223232,"cum ack, base->218"
2.599039,SEND,229,14.521,,200.000,223232,
2.599346,SEND,230,14.521,,200.000,223232,
2.599560,SEND,231,14.521,,200.000,223232,
2.603632,ACK,219,14.590,,,224256,"cum ack, base->219"
2.603713,ACK,220,14.659,,,225280,"cum ack, base->220"
2.604426,ACK,222,14.795,,,227328,"cum ack, base->222"
2.604487,ACK,223,14.862,,,228352,"cum ack, base->223"
2.604559,ACK,224,14.930,,,229376,"cum ack, base->224"
2.604849,SEND,232,14.930,,200.000,229376,
2.605057,SEND,233,14.930,,200.000,229376,
2.605264,SEND,234,14.930,,200.000,229376,
2.605970,SEND,235,14.930,,200.000,229376,
2.606398,SEND,236,14.930,,200.000,229376,
2.606616,SEND,237,14.930,,200.000,229376,
2.606819,ACK,225,14.997,,,230400,"cum ack, base->225"
2.606890,ACK,226,15.063,,,231424,"cum ack, base->226"
2.606932,ACK,227,15.130,,,232448,"cum ack, base->227"
2.607612,ACK,228,15.196,,,233472,"cum ack, base->228"
2.609585,SEND,238,15.196,,200.000,233472,
2.609777,SEND,239,15.196,,200.000,233472,
2.610423,SEND,240,15.196,,200.000,233472,
2.610632,SEND,241,15.196,,200.000,233472,
2.610805,SEND,242,15.196,,200.000,233472,
2.637743,ACK,229,15.262,,,234496,"cum ack, base->229"
2.641127,SEND,243,15.262,,200.000,234496,
2.647204,ACK,230,15.327,,,235520,"cum ack, base->230"
2.647291,ACK,231,15.392,,,236544,"cum ack, base->231"
2.648372,SEND,244,15.392,,200.000,236544,
2.648659,SEND,245,15.392,,200.000,236544,
2.649295,ACK,232,15.457,,,237568,"cum ack, base->232"
2.649376,ACK,233,15.522,,,238592,"cum ack, base->233"
2.651810,SEND,246,15.522,,200.000,238592,
2.652115,SEND,247,15.522,,200.000,238592,
2.654730,STATS,-1,15.522,,200.000,238592,base=233 next=248
2.658753,ACK,234,15.587,,,239616,"cum ack, base->234"
2.658855,ACK,235,15.651,,,240640,"cum ack, base->235"
2.658913,ACK,236,15.715,,,241664,"cum ack, base->236"
2.658964,ACK,237,15.778,,,242688,"cum ack, base->237"
2.659011,ACK,238,15.842,,,243712,"cum ack, base->238"
2.659058,ACK,239,15.905,,,244736,"cum ack, base->239"
2.659197,ACK,240,15.968,,,245760,"cum ack, base->240"
2.659873,ACK,241,16.030,,,246784,"cum ack, base->241"
2.659939,ACK,243,16.155,,,248832,"cum ack, base->243"
2.660945,SEND,248,16.155,,200.000,248832,
2.661367,SEND,249,16.155,,200.000,248832,
2.662110,SEND,250,16.155,,200.000,248832,
2.662704,SEND,251,16.155,,200.000,248832,
2.663120,SEND,252,16.155,,200.000,248832,
2.663680,SEND,253,16.155,,200.000,248832,
2.663937,SEND,254,16.155,,200.000,248832,
2.664517,SEND,255,16.155,,200.000,248832,
2.664832,SEND,256,16.155,,200.000,248832,
2.665509,SEND,257,16.155,,200.000,248832,
2.665950,SEND,258,16.155,,200.000,248832,
2.691021,ACK,244,16.217,,,249856,"cum ack, base->244"
2.692528,SEND,259,16.217,,200.000,249856,
2.695254,ACK,246,16.340,,,251904,"cum ack, base->246"
2.697742,SEND,260,16.340,,200.000,251904,
2.697895,SEND,261,16.340,,200.000,251904,
2.698048,ACK,248,16.462,,,253952,"cum ack, base->248"
2.700572,SEND,262,16.462,,200.000,253952,
2.700721,SEND,263,16.462,,200.000,253952,
2.703292,ACK,249,16.523,,,254976,"cum ack, base->249"
2.703328,ACK,251,16.643,,,257024,"cum ack, base->251"
2.703353,ACK,252,16.704,,,258048,"cum ack, base->252"
2.705937,SEND,264,16.704,,200.000,258048,
2.706091,SEND,265,16.704,,200.000,258048,
2.706236,SEND,266,16.704,,200.000,258048,
2.706381,SEND,267,16.704,,200.000,258048,
2.706439,ACK,253,16.763,,,259072,"cum ack, base->253"
2.709051,SEND,268,16.763,,200.000,259072,
2.714216,ACK,254,16.823,,,260096,"cum ack, base->254"
2.714247,ACK,255,16.883,,,261120,"cum ack, base->255"
2.714270,ACK,256,16.942,,,262144,"cum ack, base->256"
2.714294,ACK,257,17.001,,,263168,"cum ack, base->257"
2.714316,ACK,258,17.060,,,264192,"cum ack, base->258"
2.714337,ACK,259,17.118,,,265216,"cum ack, base->259"
2.716742,SEND,269,17.118,,200.000,265216,
2.716890,SEND,270,17.118,,200.000,265216,
2.717034,SEND,271,17.118,,200.000,265216,
2.717178,SEND,272,17.118,,200.000,265216,
2.717322,SEND,273,17.118,,200.000,265216,
2.717470,SEND,274,17.118,,200.000,265216,
2.717614,SEND,275,17.118,,200.000,265216,
2.735912,ACK,260,17.177,,,266240,"cum ack, base->260"
2.737467,SEND,276,17.177,,200.000,266240,
2.737619,ACK,261,17.235,,,267264,"cum ack, base->261"
2.737653,ACK,262,17.293,,,268288,"cum ack, base->262"
2.737679,ACK,263,17.351,,,269312,"cum ack, base->263"
2.740180,SEND,277,17.351,,200.000,269312,
2.740361,SEND,278,17.351,,200.000,269312,
2.740537,SEND,279,17.351,,200.000,269312,
2.744135,ACK,264,17.408,,,270336,"cum ack, base->264"
2.745759,SEND,280,17.408,,200.000,270336,
2.753972,ACK,265,17.466,,,271360,"cum ack, base->265"
2.756064,SEND,281,17.466,,200.000,271360,
2.756078,STATS,-1,17.466,,200.000,271360,base=265 next=282
2.756873,ACK,266,17.523,,,272384,"cum ack, base->266"
2.756921,ACK,267,17.580,,,273408,"cum ack, base->267"
2.756956,ACK,268,17.637,,,274432,"cum ack, base->268"
2.756988,ACK,269,17.694,,,275456,"cum ack, base->269"
2.758623,SEND,282,17.694,,200.000,275456,
2.758854,SEND,283,17.694,,200.000,275456,
2.759080,SEND,284,17.694,,200.000,275456,
2.759306,SEND,285,17.694,,200.000,275456,
2.759363,ACK,271,17.807,,,277504,"cum ack, base->271"
2.759398,NAK,272,17.807,,,277504,
2.759411,FASTRETX,271,15.828,,200.000,277504,nak
2.759450,ACK,272,15.891,,,278528,"cum ack, base->272"
2.759481,NAK,272,15.891,,,278528,
2.759490,FASTRETX,272,15.891,,200.000,278528,nak
2.759519,DUPACK,272,15.891,,,278528,
2.759550,NAK,272,15.891,,,278528,
2.759579,DUPACK,272,15.891,,,278528,
2.762069,RETX,272,15.891,,200.000,278528,
2.762297,RETX,273,15.891,,200.000,278528,
2.762519,RETX,274,15.891,,200.000,278528,
2.762744,RETX,275,15.891,,200.000,278528,
2.762968,RETX,276,15.891,,200.000,278528,
2.763192,RETX,277,15.891,,200.000,278528,
2.763419,RETX,278,15.891,,200.000,278528,
2.763642,RETX,279,15.891,,200.000,278528,
2.763867,RETX,280,15.891,,200.000,278528,
2.764091,RETX,281,15.891,,200.000,278528,
2.764286,RETX,282,15.891,,200.000,278528,
2.764462,RETX,283,15.891,,200.000,278528,
2.764637,RETX,284,15.891,,200.000,278528,
2.764813,RETX,285,15.891,,200.000,278528,
2.764993,SEND,286,15.891,,200.000,278528,
2.773109,DUPACK,272,15.891,,,278528,
2.778091,NAK,272,15.891,,,278528,
2.779198,DUPACK,272,15.891,,,278528,
2.790586,NAK,272,15.891,,,278528,
2.792436,DUPACK,272,15.891,,,278528,
2.792468,NAK,272,15.891,,,278528,
2.792496,DUPACK,272,15.891,,,278528,
2.792522,NAK,272,15.891,,,278528,
2.792547,DUPACK,272,15.891,,,278528,
2.792572,NAK,272,15.891,,,278528,
2.797380,DUPACK,272,15.891,,,278528,
2.797414,NAK,272,15.891,,,278528,
2.797545,DUPACK,272,15.891,,,278528,
2.797585,NAK,272,15.891,,,278528,
2.797618,DUPACK,272,15.891,,,278528,
2.797648,NAK,272,15.891,,,278528,
2.797674,DUPACK,272,15.891,,,278528,
2.797700,NAK,272,15.891,,,278528,
2.802689,DUPACK,272,15.891,,,278528,
2.808387,ACK,273,15.954,,,279552,"cum ack, base->273"
2.808699,SEND,287,15.954,,200.000,279552,
2.815024,ACK,274,16.017,,,280576,"cum ack, base->274"
2.815066,NAK,274,16.017,,,280576,
2.815075,FASTRETX,274,16.017,,200.000,280576,nak
2.815104,DUPACK,274,16.017,,,280576,
2.815131,DUPACK,274,16.017,,,280576,
2.815288,NAK,274,16.017,,,280576,
2.815380,NAK,274,16.017,,,280576,
2.815427,DUPACK,274,16.017,,,280576,
2.815459,NAK,274,16.017,,,280576,
2.815597,DUPACK,274,16.017,,,280576,
2.815636,NAK,274,16.017,,,280576,
2.815727,DUPACK,274,16.017,,,280576,
2.815758,NAK,274,16.017,,,280576,
2.815786,DUPACK,274,16.017,,,280576,
2.815813,NAK,274,16.017,,,280576,
2.815838,NAK,274,16.017,,,280576,
2.816449,RETX,274,16.017,,200.000,280576,
2.816628,RETX,275,16.017,,200.000,280576,
2.816798,RETX,276,16.017,,200.000,280576,
2.817128,RETX,277,16.017,,200.000,280576,
2.817389,RETX,278,16.017,,200.000,280576,
2.817692,RETX,279,16.017,,200.000,280576,
2.817871,RETX,280,16.017,,200.000,280576,
2.818064,RETX,281,16.017,,200.000,280576,
2.818277,RETX,282,16.017,,200.000,280576,
2.818446,RETX,283,16.017,,200.000,280576,
2.818618,RETX,284,16.017,,200.000,280576,
2.818782,RETX,285,16.017,,200.000,280576,
2.819185,RETX,286,16.017,,200.000,280576,
2.819427,RETX,287,16.017,,200.000,280576,
2.819662,SEND,288,16.017,,200.000,280576,
2.819899,SEND,289,16.017,,200.000,280576,
2.819972,DUPACK,274,16.017,,,280576,
2.820005,NAK,274,16.017,,,280576,
2.820038,DUPACK,274,16.017,,,280576,
2.820063,NAK,274,16.017,,,280576,
2.820089,DUPACK,274,16.017,,,280576,
2.820114,NAK,274,16.017,,,280576,
2.820163,DUPACK,274,16.017,,,280576,
2.858268,STATS,-1,16.017,,200.000,280576,base=274 next=290
2.866395,NAK,274,16.017,,,280576,
2.866470,DUPACK,274,16.017,,,280576,
2.866523,ACK,275,16.079,,,281600,"cum ack, base->275"
2.866557,NAK,275,16.079,,,281600,
2.866567,FASTRETX,275,16.079,,200.000,281600,nak
2.866598,DUPACK,275,16.079,,,281600,
2.866626,NAK,275,16.079,,,281600,
2.868877,RETX,275,16.079,,200.000,281600,
2.869066,RETX,276,16.079,,200.000,281600,
2.869235,RETX,277,16.079,,200.000,281600,
2.869403,RETX,278,16.079,,200.000,281600,
2.869571,RETX,279,16.079,,200.000,281600,
2.869736,RETX,280,16.079,,200.000,281600,
2.869904,RETX,281,16.079,,200.000,281600,
2.870079,RETX,282,16.079,,200.000,281600,
2.870407,RETX,283,16.079,,200.000,281600,
2.870612,RETX,284,16.079,,200.000,281600,
2.870784,RETX,285,16.079,,200.000,281600,
2.870962,RETX,286,16.079,,200.000,281600,
2.871143,RETX,287,16.079,,200.000,281600,
2.871315,RETX,288,16.079,,200.000,281600,
2.871641,RETX,289,16.079,,200.000,281600,
2.871839,SEND,290,16.079,,200.000,281600,
2.871986,NAK,275,16.079,,,281600,
2.872158,DUPACK,275,16.079,,,281600,
2.872207,NAK,275,16.079,,,281600,
2.872358,NAK,275,16.079,,,281600,
2.872397,DUPACK,275,16.079,,,281600,
2.872427,NAK,275,16.079,,,281600,
2.872462,DUPACK,275,16.079,,,281600,
2.872490,NAK,275,16.079,,,281600,
2.872518,DUPACK,275,16.079,,,281600,
2.872549,NAK,275,16.079,,,281600,
2.872581,DUPACK,275,16.079,,,281600,
2.872610,NAK,275,16.079,,,281600,
2.872636,DUPACK,275,16.079,,,281600,
2.872661,NAK,275,16.079,,,281600,
2.872690,DUPACK,275,16.079,,,281600,
2.872717,NAK,275,16.079,,,281600,
2.872742,DUPACK,275,16.079,,,281600,
2.913877,ACK,276,16.141,,,282624,"cum ack, base->276"
2.914278,SEND,291,16.141,,200.000,282624,
2.921195,ACK,277,16.203,,,283648,"cum ack, base->277"
2.927683,SEND,292,16.203,,200.000,283648,
2.927901,ACK,278,16.265,,,284672,"cum ack, base->278"
2.927949,ACK,279,16.327,,,285696,"cum ack, base->279"
2.927990,ACK,280,16.388,,,286720,"cum ack, base->280"
2.928024,ACK,281,16.449,,,287744,"cum ack, base->281"
2.928056,ACK,282,16.510,,,288768,"cum ack, base->282"
2.928090,ACK,283,16.570,,,289792,"cum ack, base->283"
2.928124,ACK,284,16.631,,,290816,"cum ack, base->284"
2.928155,ACK,285,16.691,,,291840,"cum ack, base->285"
2.928187,ACK,286,16.751,,,292864,"cum ack, base->286"
2.928217,ACK,287,16.810,,,293888,"cum ack, base->287"
2.928247,ACK,288,16.870,,,294912,"cum ack, base->288"
2.928279,ACK,289,16.929,,,295936,"cum ack, base->289"
2.928310,ACK,290,16.988,,,296960,"cum ack, base->290"
2.928339,ACK,291,17.047,,,297984,"cum ack, base->291"
2.930540,SEND,293,17.047,,200.000,297984,
2.930744,SEND,294,17.047,,200.000,297984,
2.931009,SEND,295,17.047,,200.000,297984,
2.931260,SEND,296,17.047,,200.000,297984,
2.931498,SEND,297,17.047,,200.000,297984,
2.931777,SEND,298,17.047,,200.000,297984,
2.931949,SEND,299,17.047,,200.000,297984,
2.932173,SEND,300,17.047,,200.000,297984,
2.932348,SEND,301,17.047,,200.000,297984,
2.932517,SEND,302,17.047,,200.000,297984,
2.932687,SEND,303,17.047,,200.000,297984,
2.932944,SEND,304,17.047,,200.000,297984,
2.933116,SEND,305,17.047,,200.000,297984,
2.933295,SEND,306,17.047,,200.000,297984,
2.933449,SEND,307,17.047,,200.000,297984,
2.960648,STATS,-1,17.047,,200.000,297984,base=291 next=308
2.977838,NAK,291,17.047,,,297984,
2.977877,FASTRETX,291,15.153,,200.000,297984,nak
2.977918,DUPACK,291,15.153,,,297984,
2.979165,RETX,291,15.153,,200.000,297984,
2.979397,RETX,292,15.153,,200.000,297984,
2.979622,RETX,293,15.153,,200.000,297984,
2.979850,RETX,294,15.153,,200.000,297984,
2.980074,RETX,295,15.153,,200.000,297984,
2.980299,RETX,296,15.153,,200.000,297984,
2.980522,RETX,297,15.153,,200.000,297984,
2.980747,RETX,298,15.153,,200.000,297984,
2.980969,RETX,299,15.153,,200.000,297984,
2.981192,RETX,300,15.153,,200.000,297984,
2.981417,RETX,301,15.153,,200.000,297984,
2.981640,RETX,302,15.153,,200.000,297984,
2.981864,RETX,303,15.153,,200.000,297984,
2.982087,RETX,304,15.153,,200.000,297984,
2.982309,RETX,305,15.153,,200.000,297984,
2.982387,NAK,291,15.153,,,297984,
2.982429,DUPACK,291,15.153,,,297984,
2.982457,NAK,291,15.153,,,297984,
2.982483,DUPACK,291,15.153,,,297984,
2.982507,NAK,291,15.153,,,297984,
2.982532,DUPACK,291,15.153,,,297984,
2.982555,NAK,291,15.153,,,297984,
2.982579,DUPACK,291,15.153,,,297984,
2.982602,NAK,291,15.153,,,297984,
2.982625,DUPACK,291,15.153,,,297984,
2.982648,NAK,291,15.153,,,297984,
2.982672,DUPACK,291,15.153,,,297984,
2.982695,DUPACK,291,15.153,,,297984,
2.982719,NAK,291,15.153,,,297984,
2.982743,DUPACK,291,15.153,,,297984,
2.982765,NAK,291,15.153,,,297984,
2.982789,DUPACK,291,15.153,,,297984,
2.982812,NAK,291,15.153,,,297984,
2.982836,DUPACK,291,15.153,,,297984,
2.982858,NAK,291,15.153,,,297984,
2.982882,DUPACK,291,15.153,,,297984,
2.982904,NAK,291,15.153,,,297984,
2.982927,DUPACK,291,15.153,,,297984,
2.982950,NAK,291,15.153,,,297984,
2.982974,NAK,291,15.153,,,297984,
2.982997,DUPACK,291,15.153,,,297984,
2.983019,NAK,291,15.153,,,297984,
2.983043,DUPACK,291,15.153,,,297984,
3.028399,ACK,292,15.219,,,299008,"cum ack, base->292"
3.028524,ACK,293,15.285,,,300032,"cum ack, base->293"
3.028562,ACK,294,15.350,,,301056,"cum ack, base->294"
3.033256,RETX,306,15.350,,200.000,301056,
3.033515,RETX,307,15.350,,200.000,301056,
3.033744,SEND,308,15.350,,200.000,301056,
3.033996,ACK,295,15.415,,,302080,"cum ack, base->295"
3.036123,SEND,309,15.415,,200.000,302080,
3.036232,ACK,296,15.480,,,303104,"cum ack, base->296"
3.036277,ACK,297,15.545,,,304128,"cum ack, base->297"
3.036311,ACK,298,15.609,,,305152,"cum ack, base->298"
3.036343,ACK,299,15.673,,,306176,"cum ack, base->299"
3.036374,ACK,300,15.737,,,307200,"cum ack, base->300"
3.036403,ACK,301,15.800,,,308224,"cum ack, base->301"
3.036433,ACK,302,15.864,,,309248,"cum ack, base->302"
3.036462,ACK,303,15.927,,,310272,"cum ack, base->303"
3.036491,ACK,304,15.990,,,311296,"cum ack, base->304"
3.036520,ACK,305,16.052,,,312320,"cum ack, base->305"
3.036549,ACK,306,16.114,,,313344,"cum ack, base->306"
3.038925,SEND,310,16.114,,200.000,313344,
3.039159,SEND,311,16.114,,200.000,313344,
3.039384,SEND,312,16.114,,200.000,313344,
3.039608,SEND,313,16.114,,200.000,313344,
3.039832,SEND,314,16.114,,200.000,313344,
3.040057,SEND,315,16.114,,200.000,313344,
3.040281,SEND,316,16.114,,200.000,313344,
3.040508,SEND,317,16.114,,200.000,313344,
3.040732,SEND,318,16.114,,200.000,313344,
3.040957,SEND,319,16.114,,200.000,313344,
3.041182,SEND,320,16.114,,200.000,313344,
3.041406,SEND,321,16.114,,200.000,313344,
3.060734,STATS,-1,16.114,,200.000,313344,base=306 next=322
3.071010,ACK,307,16.176,,,314368,"cum ack, base->307"
3.073626,SEND,322,16.176,,200.000,314368,
3.074283,ACK,308,16.238,,,315392,"cum ack, base->308"
3.076382,SEND,323,16.238,,200.000,315392,
3.086563,ACK,309,16.300,,,316416,"cum ack, base->309"
3.100376,SEND,324,16.300,,200.000,316416,
3.101874,ACK,310,16.361,,,317440,"cum ack, base->310"
3.101909,ACK,311,16.422,,,318464,"cum ack, base->311"
3.101925,ACK,312,16.483,,,319488,"cum ack, base->312"
3.101939,ACK,313,16.544,,,320512,"cum ack, base->313"
3.101952,ACK,314,16.604,,,321536,"cum ack, base->314"
3.101965,ACK,315,16.665,,,322560,"cum ack, base->315"
3.101978,ACK,316,16.725,,,323584,"cum ack, base->316"
3.101989,ACK,317,16.784,,,324608,"cum ack, base->317"
3.101999,ACK,318,16.844,,,325632,"cum ack, base->318"
3.102010,ACK,319,16.903,,,326656,"cum ack, base->319"
3.102021,ACK,320,16.962,,,327680,"cum ack, base->320"
3.102032,ACK,321,17.021,,,328704,"cum ack, base->321"
3.102042,ACK,322,17.080,,,329728,"cum ack, base->322"
3.103264,SEND,325,17.080,,200.000,329728,
3.103346,SEND,326,17.080,,200.000,329728,
3.103424,SEND,327,17.080,,200.000,329728,
3.103502,SEND,328,17.080,,200.000,329728,
3.103580,SEND,329,17.080,,200.000,329728,
3.103658,SEND,330,17.080,,200.000,329728,
3.103736,SEND,331,17.080,,200.000,329728,
3.103815,SEND,332,17.080,,200.000,329728,
3.103893,SEND,333,17.080,,200.000,329728,
3.103972,SEND,334,17.080,,200.000,329728,
3.104050,SEND,335,17.080,,200.000,329728,
3.104127,SEND,336,17.080,,200.000,329728,
3.104205,SEND,337,17.080,,200.000,329728,
3.104283,SEND,338,17.080,,200.000,329728,
3.118944,ACK,323,17.139,,,330752,"cum ack, base->323"
3.119466,SEND,339,17.139,,200.000,330752,
3.126924,ACK,324,17.197,,,331776,"cum ack, base->324"
3.127130,SEND,340,17.197,,200.000,331776,
3.138317,ACK,325,17.255,,,332800,"cum ack, base->325"
3.139915,SEND,341,17.255,,200.000,332800,
3.149921,ACK,326,17.313,,,333824,"cum ack, base->326"
3.151112,SEND,342,17.313,,200.000,333824,
3.160071,ACK,327,17.371,,,334848,"cum ack, base->327"
3.160141,ACK,328,17.428,,,335872,"cum ack, base->328"
3.160182,ACK,329,17.486,,,336896,"cum ack, base->329"
3.160393,ACK,330,17.543,,,337920,"cum ack, base->330"
3.160647,ACK,331,17.600,,,338944,"cum ack, base->331"
3.160688,ACK,332,17.657,,,339968,"cum ack, base->332"
3.160825,ACK,333,17.713,,,340992,"cum ack, base->333"
3.160905,ACK,334,17.770,,,342016,"cum ack, base->334"
3.160942,ACK,335,17.826,,,343040,"cum ack, base->335"
3.160975,ACK,336,17.882,,,344064,"cum ack, base->336"
3.161008,ACK,337,17.938,,,345088,"cum ack, base->337"
3.161040,ACK,338,17.994,,,346112,"cum ack, base->338"
3.161104,ACK,339,18.050,,,347136,"cum ack, base->339"
3.161150,ACK,340,18.105,,,348160,"cum ack, base->340"
3.162380,SEND,343,18.105,,200.000,348160,
3.162782,SEND,344,18.105,,200.000,348160,
3.162992,SEND,345,18.105,,200.000,348160,
3.163256,SEND,346,18.105,,200.000,348160,
3.163456,SEND,347,18.105,,200.000,348160,
3.163721,SEND,348,18.105,,200.000,348160,
3.163895,SEND,349,18.105,,200.000,348160,
3.164059,SEND,350,18.105,,200.000,348160,
3.164361,SEND,351,18.105,,200.000,348160,
3.164643,SEND,352,18.105,,200.000,348160,
3.164880,SEND,353,18.105,,200.000,348160,
3.165105,SEND,354,18.105,,200.000,348160,
3.165329,SEND,355,18.105,,200.000,348160,
3.165554,SEND,356,18.105,,200.000,348160,
3.165778,SEND,357,18.105,,200.000,348160,
3.165788,STATS,-1,18.105,,200.000,348160,base=340 next=358
3.174636,ACK,341,18.160,,,349184,"cum ack, base->341"
3.176323,SEND,358,18.160,,200.000,349184,
3.187003,ACK,342,18.215,,,350208,"cum ack, base->342"
3.190492,SEND,359,18.215,,200.000,350208,
3.190645,ACK,343,18.270,,,351232,"cum ack, base->343"
3.193659,SEND,360,18.270,,200.000,351232,
3.200124,ACK,344,18.325,,,352256,"cum ack, base->344"
3.201602,SEND,361,18.325,,200.000,352256,
3.207481,ACK,345,18.379,,,353280,"cum ack, base->345"
3.209494,SEND,362,18.379,,200.000,353280,
3.213480,NAK,345,18.379,,,353280,
3.213655,FASTRETX,345,16.337,,200.000,353280,nak
3.213712,DUPACK,345,16.337,,,353280,
3.213788,NAK,345,16.337,,,353280,
3.213827,DUPACK,345,16.337,,,353280,
3.213857,NAK,345,16.337,,,353280,
3.213884,DUPACK,345,16.337,,,353280,
3.213965,NAK,345,16.337,,,353280,
3.214052,DUPACK,345,16.337,,,353280,
3.214084,NAK,345,16.337,,,353280,
3.214113,NAK,345,16.337,,,353280,
3.214144,DUPACK,345,16.337,,,353280,
3.214184,NAK,345,16.337,,,353280,
3.214210,DUPACK,345,16.337,,,353280,
3.215139,RETX,345,16.337,,200.000,353280,
3.215322,RETX,346,16.337,,200.000,353280,
3.215498,RETX,347,16.337,,200.000,353280,
3.215800,RETX,348,16.337,,200.000,353280,
3.216021,RETX,349,16.337,,200.000,353280,
3.216257,RETX,350,16.337,,200.000,353280,
3.216427,RETX,351,16.337,,200.000,353280,
3.216597,RETX,352,16.337,,200.000,353280,
3.216850,RETX,353,16.337,,200.000,353280,
3.217101,RETX,354,16.337,,200.000,353280,
3.217277,RETX,355,16.337,,200.000,353280,
3.217445,RETX,356,16.337,,200.000,353280,
3.217744,RETX,357,16.337,,200.000,353280,
3.217977,RETX,358,16.337,,200.000,353280,
3.218201,RETX,359,16.337,,200.000,353280,
3.218425,RETX,360,16.337,,200.000,353280,
3.218521,NAK,345,16.337,,,353280,
3.218623,DUPACK,345,16.337,,,353280,
3.218668,NAK,345,16.337,,,353280,
3.218703,DUPACK,345,16.337,,,353280,
3.218733,NAK,345,16.337,,,353280,
3.218763,DUPACK,345,16.337,,,353280,
3.242885,NAK,345,16.337,,,353280,
3.242941,DUPACK,345,16.337,,,353280,
3.242970,NAK,345,16.337,,,353280,
3.243689,DUPACK,345,16.337,,,353280,
3.246279,NAK,345,16.337,,,353280,
3.246308,DUPACK,345,16.337,,,353280,
3.254981,NAK,345,16.337,,,353280,
3.255013,DUPACK,345,16.337,,,353280,
3.255367,ACK,346,16.399,,,354304,"cum ack, base->346"
3.256210,ACK,348,16.520,,,356352,"cum ack, base->348"
3.257911,RETX,361,16.520,,200.000,356352,
3.258143,RETX,362,16.520,,200.000,356352,
3.258367,SEND,363,16.520,,200.000,356352,
3.261244,ACK,349,16.581,,,357376,"cum ack, base->349"
3.263749,SEND,364,16.581,,200.000,357376,
3.269080,STATS,-1,16.581,,200.000,357376,base=349 next=365
3.269873,ACK,350,16.641,,,358400,"cum ack, base->350"
3.269936,ACK,351,16.701,,,359424,"cum ack, base->351"
3.270041,ACK,352,16.761,,,360448,"cum ack, base->352"
3.270181,ACK,353,16.821,,,361472,"cum ack, base->353"
3.270234,ACK,354,16.880,,,362496,"cum ack, base->354"
3.270272,ACK,355,16.939,,,363520,"cum ack, base->355"
3.270304,ACK,356,16.998,,,364544,"cum ack, base->356"
3.270340,ACK,357,17.057,,,365568,"cum ack, base->357"
3.270372,ACK,358,17.116,,,366592,"cum ack, base->358"
3.270407,ACK,359,17.174,,,367616,"cum ack, base->359"
3.270918,ACK,361,17.291,,,369664,"cum ack, base->361"
3.271909,SEND,365,17.291,,200.000,369664,
3.272142,SEND,366,17.291,,200.000,369664,
3.272366,SEND,367,17.291,,200.000,369664,
3.272591,SEND,368,17.291,,200.000,369664,
3.272816,SEND,369,17.291,,200.000,369664,
3.273045,SEND,370,17.291,,200.000,369664,
3.273268,SEND,371,17.291,,200.000,369664,
3.273493,SEND,372,17.291,,200.000,369664,
3.273717,SEND,373,17.291,,200.000,369664,
3.273942,SEND,374,17.291,,200.000,369664,
3.274166,SEND,375,17.291,,200.000,369664,
3.274390,SEND,376,17.291,,200.000,369664,
3.274617,SEND,377,17.291,,200.000,369664,
3.302936,ACK,362,17.348,,,370688,"cum ack, base->362"
3.303011,ACK,363,17.406,,,371712,"cum ack, base->363"
3.304812,ACK,364,17.464,,,372736,"cum ack, base->364"
3.305240,SEND,378,17.464,,200.000,372736,
3.305560,SEND,379,17.464,,200.000,372736,
3.306533,SEND,380,17.464,,200.000,372736,
3.306620,ACK,365,17.521,,,373760,"cum ack, base->365"
3.309298,SEND,381,17.521,,200.000,373760,
3.328299,ACK,366,17.578,,,374784,"cum ack, base->366"
3.328366,ACK,367,17.635,,,375808,"cum ack, base->367"
3.328402,ACK,368,17.691,,,376832,"cum ack, base->368"
3.328434,ACK,369,17.748,,,377856,"cum ack, base->369"
3.330612,ACK,370,17.804,,,378880,"cum ack, base->370"
3.330729,ACK,371,17.860,,,379904,"cum ack, base->371"
3.330790,ACK,373,17.972,,,381952,"cum ack, base->373"
3.330826,ACK,374,18.028,,,382976,"cum ack, base->374"
3.330858,ACK,375,18.083,,,384000,"cum ack, base->375"
3.331065,SEND,382,18.083,,200.000,384000,
3.331260,SEND,383,18.083,,200.000,384000,
3.331431,SEND,384,18.083,,200.000,384000,
3.331610,SEND,385,18.083,,200.000,384000,
3.331781,SEND,386,18.083,,200.000,384000,
3.332022,SEND,387,18.083,,200.000,384000,
3.332257,SEND,388,18.083,,200.000,384000,
3.332484,SEND,389,18.083,,200.000,384000,
3.332710,SEND,390,18.083,,200.000,384000,
3.332935,SEND,391,18.083,,200.000,384000,
3.333159,SEND,392,18.083,,200.000,384000,
3.333248,ACK,376,18.139,,,385024,"cum ack, base->376"
3.333294,ACK,377,18.194,,,386048,"cum ack, base->377"
3.333328,ACK,378,18.249,,,387072,"cum ack, base->378"
3.335935,SEND,393,18.249,,200.000,387072,
3.336170,SEND,394,18.249,,200.000,387072,
3.336395,SEND,395,18.249,,200.000,387072,
3.353474,ACK,379,18.304,,,388096,"cum ack, base->379"
3.354080,ACK,380,18.358,,,389120,"cum ack, base->380"
3.354136,ACK,381,18.413,,,390144,"cum ack, base->381"
3.354168,ACK,382,18.467,,,391168,"cum ack, base->382"
3.354572,SEND,396,18.467,,200.000,391168,
3.354817,SEND,397,18.467,,200.000,391168,
3.355059,SEND,398,18.467,,200.000,391168,
3.355238,SEND,399,18.467,,200.000,391168,
3.370872,STATS,-1,18.467,,200.000,391168,base=382 next=400
3.377816,NAK,382,18.467,,,391168,
3.377847,FASTRETX,382,16.415,,200.000,391168,nak
3.377894,DUPACK,382,16.415,,,391168,
3.377922,NAK,382,16.415,,,391168,
3.377950,DUPACK,382,16.415,,,391168,
3.377976,NAK,382,16.415,,,391168,
3.378004,DUPACK,382,16.415,,,391168,
3.379800,RETX,382,16.415,,200.000,391168,
3.380006,RETX,383,16.415,,200.000,391168,
3.380178,RETX,384,16.415,,200.000,391168,
3.380347,RETX,385,16.415,,200.000,391168,
3.380618,RETX,386,16.415,,200.000,391168,
3.380791,RETX,387,16.415,,200.000,391168,
3.381051,RETX,388,16.415,,200.000,391168,
3.381229,RETX,389,16.415,,200.000,391168,
3.381510,RETX,390,16.415,,200.000,391168,
3.381745,RETX,391,16.415,,200.000,391168,
3.381970,RETX,392,16.415,,200.000,391168,
3.382196,RETX,393,16.415,,200.000,391168,
3.382421,RETX,394,16.415,,200.000,391168,
3.382645,RETX,395,16.415,,200.000,391168,
3.382870,RETX,396,16.415,,200.000,391168,
3.383093,RETX,397,16.415,,200.000,391168,
3.383190,NAK,382,16.415,,,391168,
3.383235,DUPACK,382,16.415,,,391168,
3.383267,NAK,382,16.415,,,391168,
3.383297,NAK,382,16.415,,,391168,
3.383325,DUPACK,382,16.415,,,391168,
3.383353,NAK,382,16.415,,,391168,
3.383380,DUPACK,382,16.415,,,391168,
3.383407,NAK,382,16.415,,,391168,
3.383438,DUPACK,382,16.415,,,391168,
3.383983,NAK,382,16.415,,,391168,
3.384021,DUPACK,382,16.415,,,391168,
3.384050,DUPACK,382,16.415,,,391168,
3.384077,NAK,382,16.415,,,391168,
3.384103,DUPACK,382,16.415,,,391168,
3.384127,NAK,382,16.415,,,391168,
3.384152,NAK,382,16.415,,,391168,
3.386465,DUPACK,382,16.415,,,391168,
3.399120,NAK,382,16.415,,,391168,
3.403388,NAK,382,16.415,,,391168,
3.403701,DUPACK,382,16.415,,,391168,
3.410991,NAK,382,16.415,,,391168,
3.412765,DUPACK,382,16.415,,,391168,
3.434560,ACK,383,16.476,,,392192,"cum ack, base->383"
3.434643,ACK,384,16.537,,,393216,"cum ack, base->384"
3.434680,ACK,385,16.597,,,394240,"cum ack, base->385"
3.434717,ACK,386,16.657,,,395264,"cum ack, base->386"
3.434771,ACK,387,16.717,,,396288,"cum ack, base->387"
3.434802,ACK,388,16.777,,,397312,"cum ack, base->388"
3.434834,ACK,389,16.837,,,398336,"cum ack, base->389"
3.435353,RETX,398,16.837,,200.000,398336,
3.435531,RETX,399,16.837,,200.000,398336,
3.435702,SEND,400,16.837,,200.000,398336,
3.435867,SEND,401,16.837,,200.000,398336,
3.436130,SEND,402,16.837,,200.000,398336,
3.436394,SEND,403,16.837,,200.000,398336,
3.436631,SEND,404,16.837,,200.000,398336,
3.436685,ACK,390,16.896,,,399360,"cum ack, base->390"
3.436769,ACK,392,17.014,,,401408,"cum ack, base->392"
3.436816,ACK,393,17.073,,,402432,"cum ack, base->393"
3.436850,ACK,394,17.132,,,403456,"cum ack, base->394"
3.453569,ACK,395,17.190,,,404480,"cum ack, base->395"
3.453821,SEND,405,17.190,,200.000,404480,
3.454004,SEND,406,17.190,,200.000,404480,
3.456231,SEND,407,17.190,,200.000,404480,
3.456310,SEND,408,17.190,,200.000,404480,
3.456389,SEND,409,17.190,,200.000,404480,
3.456466,SEND,410,17.190,,200.000,404480,
3.456544,SEND,411,17.190,,200.000,404480,
3.456578,ACK,396,17.248,,,405504,"cum ack, base->396"
3.456592,ACK,397,17.306,,,406528,"cum ack, base->397"
3.456604,ACK,398,17.364,,,407552,"cum ack, base->398"
3.459136,SEND,412,17.364,,200.000,407552,
3.459215,SEND,413,17.364,,200.000,407552,
3.459292,SEND,414,17.364,,200.000,407552,
3.471836,STATS,-1,17.364,,200.000,407552,base=398 next=415
3.477701,ACK,399,17.422,,,408576,"cum ack, base->399"
3.477717,ACK,400,17.479,,,409600,"cum ack, base->400"
3.479451,SEND,415,17.479,,200.000,409600,
3.479547,SEND,416,17.479,,200.000,409600,
3.483386,ACK,401,17.536,,,410624,"cum ack, base->401"
3.483401,NAK,401,17.536,,,410624,
3.483407,FASTRETX,401,15.588,,200.000,410624,nak
3.483419,DUPACK,401,15.588,,,410624,
3.483431,NAK,401,15.588,,,410624,
3.483442,DUPACK,401,15.588,,,410624,
3.483454,NAK,401,15.588,,,410624,
3.483464,DUPACK,401,15.588,,,410624,
3.484413,RETX,401,15.588,,200.000,410624,
3.484523,RETX,402,15.588,,200.000,410624,
3.484633,RETX,403,15.588,,200.000,410624,
3.484742,RETX,404,15.588,,200.000,410624,
3.484850,RETX,405,15.588,,200.000,410624,
3.484955,RETX,406,15.588,,200.000,410624,
3.485063,RETX,407,15.588,,200.000,410624,
3.485170,RETX,408,15.588,,200.000,410624,
3.485277,RETX,409,15.588,,200.000,410624,
3.485385,RETX,410,15.588,,200.000,410624,
3.485493,RETX,411,15.588,,200.000,410624,
3.485601,RETX,412,15.588,,200.000,410624,
3.485708,RETX,413,15.588,,200.000,410624,
3.485815,RETX,414,15.588,,200.000,410624,
3.485925,RETX,415,15.588,,200.000,410624,
3.496091,NAK,401,15.588,,,410624,
3.496113,DUPACK,401,15.588,,,410624,
3.502434,NAK,401,15.588,,,410624,
3.502846,DUPACK,401,15.588,,,410624,
3.502874,NAK,401,15.588,,,410624,
3.502899,DUPACK,401,15.588,,,410624,
3.502919,NAK,401,15.588,,,410624,
3.502944,DUPACK,401,15.588,,,410624,
3.502963,NAK,401,15.588,,,410624,
3.502982,DUPACK,401,15.588,,,410624,
3.505118,NAK,401,15.588,,,410624,
3.506912,DUPACK,401,15.588,,,410624,
3.507026,NAK,401,15.588,,,410624,
3.513440,DUPACK,401,15.588,,,410624,
3.513821,NAK,401,15.588,,,410624,
3.514028,DUPACK,401,15.588,,,410624,
3.514636,NAK,401,15.588,,,410624,
3.522183,NAK,401,15.588,,,410624,
3.522270,DUPACK,401,15.588,,,410624,
3.536445,ACK,402,15.652,,,411648,"cum ack, base->402"
3.536506,ACK,403,15.716,,,412672,"cum ack, base->403"
3.536541,ACK,404,15.779,,,413696,"cum ack, base->404"
3.536594,ACK,405,15.843,,,414720,"cum ack, base->405"
3.536629,ACK,406,15.906,,,415744,"cum ack, base->406"
3.536656,NAK,406,15.906,,,415744,
3.536667,FASTRETX,406,15.906,,200.000,415744,nak
3.536701,DUPACK,406,15.906,,,415744,
3.540257,RETX,406,15.906,,200.000,415744,
3.540552,RETX,407,15.906,,200.000,415744,
3.541152,RETX,408,15.906,,200.000,415744,
3.543711,RETX,409,15.906,,200.000,415744,
3.543920,RETX,410,15.906,,200.000,415744,
3.544608,RETX,411,15.906,,200.000,415744,
3.544799,RETX,412,15.906,,200.000,415744,
3.544966,RETX,413,15.906,,200.000,415744,
3.545138,RETX,414,15.906,,200.000,415744,
3.545307,RETX,415,15.906,,200.000,415744,
3.545475,RETX,416,15.906,,200.000,415744,
3.545642,SEND,417,15.906,,200.000,415744,
3.545814,SEND,418,15.906,,200.000,415744,
3.545989,SEND,419,15.906,,200.000,415744,
3.546156,SEND,420,15.906,,200.000,415744,
3.546387,NAK,406,15.906,,,415744,
3.546445,NAK,406,15.906,,,415744,
3.546476,DUPACK,406,15.906,,,415744,
3.546507,NAK,406,15.906,,,415744,
3.546535,DUPACK,406,15.906,,,415744,
3.546561,NAK,406,15.906,,,415744,
3.546587,DUPACK,406,15.906,,,415744,
3.546612,NAK,406,15.906,,,415744,
3.546638,DUPACK,406,15.906,,,415744,
3.546665,NAK,406,15.906,,,415744,
3.546736,DUPACK,406,15.906,,,415744,
3.546770,NAK,406,15.906,,,415744,
3.546797,DUPACK,406,15.906,,,415744,
3.546821,NAK,406,15.906,,,415744,
3.546846,DUPACK,406,15.906,,,415744,
3.572943,STATS,-1,15.906,,200.000,415744,base=406 next=421
3.576662,ACK,407,15.969,,,416768,"cum ack, base->407"
3.578235,SEND,421,15.969,,200.000,416768,
3.599207,ACK,408,16.031,,,417792,"cum ack, base->408"
3.599268,ACK,409,16.094,,,418816,"cum ack, base->409"
3.599306,ACK,410,16.156,,,419840,"cum ack, base->410"
3.599337,ACK,411,16.218,,,420864,"cum ack, base->411"
3.599363,DUPACK,411,16.218,,,420864,
3.599393,NAK,411,16.218,,,420864,
3.599403,FASTRETX,411,16.218,,200.000,420864,nak
3.599437,DUPACK,411,16.218,,,420864,
3.599470,NAK,411,16.218,,,420864,
3.599502,DUPACK,411,16.218,,,420864,
3.599549,NAK,411,16.218,,,420864,
3.599585,DUPACK,411,16.218,,,420864,
3.599613,DUPACK,411,16.218,,,420864,
3.599642,NAK,411,16.218,,,420864,
3.599668,DUPACK,411,16.218,,,420864,
3.599693,NAK,411,16.218,,,420864,
3.599719,DUPACK,411,16.218,,,420864,
3.599744,NAK,411,16.218,,,420864,
3.599769,DUPACK,411,16.218,,,420864,
3.599795,NAK,411,16.218,,,420864,
3.599821,DUPACK,411,16.218,,,420864,
3.601124,RETX,411,16.218,,200.000,420864,
3.601311,RETX,412,16.218,,200.000,420864,
3.601478,RETX,413,16.218,,200.000,420864,
3.601693,RETX,414,16.218,,200.000,420864,
3.601868,RETX,415,16.218,,200.000,420864,
3.602035,RETX,416,16.218,,200.000,420864,
3.602204,RETX,417,16.218,,200.000,420864,
3.602372,RETX,418,16.218,,200.000,420864,
3.602543,RETX,419,16.218,,200.000,420864,
3.602714,RETX,420,16.218,,200.000,420864,
3.602960,RETX,421,16.218,,200.000,420864,
3.603164,SEND,422,16.218,,200.000,420864,
3.603337,SEND,423,16.218,,200.000,420864,
3.603511,SEND,424,16.218,,200.000,420864,
3.603720,SEND,425,16.218,,200.000,420864,
3.603894,SEND,426,16.218,,200.000,420864,
3.627369,NAK,411,16.218,,,420864,
3.628800,DUPACK,411,16.218,,,420864,
3.647140,ACK,412,16.280,,,421888,"cum ack, base->412"
3.648938,SEND,427,16.280,,200.000,421888,
3.651810,ACK,413,16.341,,,422912,"cum ack, base->413"
3.651897,ACK,414,16.402,,,423936,"cum ack, base->414"
3.651935,ACK,415,16.463,,,424960,"cum ack, base->415"
3.651968,ACK,416,16.524,,,425984,"cum ack, base->416"
3.652003,ACK,417,16.584,,,427008,"cum ack, base->417"
3.652033,ACK,418,16.645,,,428032,"cum ack, base->418"
3.652065,ACK,419,16.705,,,429056,"cum ack, base->419"
3.652135,ACK,421,16.824,,,431104,"cum ack, base->421"
3.654338,SEND,428,16.824,,200.000,431104,
3.654564,SEND,429,16.824,,200.000,431104,
3.654737,SEND,430,16.824,,200.000,431104,
3.654968,SEND,431,16.824,,200.000,431104,
3.655181,SEND,432,16.824,,200.000,431104,
3.655403,SEND,433,16.824,,200.000,431104,
3.655582,SEND,434,16.824,,200.000,431104,
3.655750,SEND,435,16.824,,200.000,431104,
3.656094,SEND,436,16.824,,200.000,431104,
3.656282,ACK,422,16.884,,,432128,"cum ack, base->422"
3.656332,ACK,424,17.002,,,434176,"cum ack, base->424"
3.656366,ACK,425,17.061,,,435200,"cum ack, base->425"
3.656396,ACK,426,17.119,,,436224,"cum ack, base->426"
3.658898,SEND,437,17.119,,200.000,436224,
3.659131,SEND,438,17.119,,200.000,436224,
3.659308,SEND,439,17.119,,200.000,436224,
3.659506,SEND,440,17.119,,200.000,436224,
3.659757,SEND,441,17.119,,200.000,436224,
3.659951,SEND,442,17.119,,200.000,436224,
3.674851,STATS,-1,17.119,,200.000,436224,base=426 next=443
3.692564,NAK,426,17.119,,,436224,
3.692661,FASTRETX,426,15.217,,200.000,436224,nak
3.692774,DUPACK,426,15.217,,,436224,
3.694433,RETX,426,15.217,,200.000,436224,
3.694627,RETX,427,15.217,,200.000,436224,
3.694795,RETX,428,15.217,,200.000,436224,
3.694964,RETX,429,15.217,,200.000,436224,
3.695132,RETX,430,15.217,,200.000,436224,
3.695302,RETX,431,15.217,,200.000,436224,
3.695531,RETX,432,15.217,,200.000,436224,
3.695733,RETX,433,15.217,,200.000,436224,
3.695911,RETX,434,15.217,,200.000,436224,
3.696080,RETX,435,15.217,,200.000,436224,
3.696248,RETX,436,15.217,,200.000,436224,
3.696416,RETX,437,15.217,,200.000,436224,
3.696592,RETX,438,15.217,,200.000,436224,
3.696766,RETX,439,15.217,,200.000,436224,
3.696935,RETX,440,15.217,,200.000,436224,
3.704031,NAK,426,15.217,,,436224,
3.704113,DUPACK,426,15.217,,,436224,
3.705300,NAK,426,15.217,,,436224,
3.705356,DUPACK,426,15.217,,,436224,
3.705397,NAK,426,15.217,,,436224,
3.705425,DUPACK,426,15.217,,,436224,
3.705450,NAK,426,15.217,,,436224,
3.707483,DUPACK,426,15.217,,,436224,
3.707543,NAK,426,15.217,,,436224,
3.707614,DUPACK,426,15.217,,,436224,
3.707677,NAK,426,15.217,,,436224,
3.707821,DUPACK,426,15.217,,,436224,
3.707847,NAK,426,15.217,,,436224,
3.707874,DUPACK,426,15.217,,,436224,
3.707899,NAK,426,15.217,,,436224,
3.707943,DUPACK,426,15.217,,,436224,
3.707976,NAK,426,15.217,,,436224,
3.708002,DUPACK,426,15.217,,,436224,
3.710865,NAK,426,15.217,,,436224,
3.712810,DUPACK,426,15.217,,,436224,
3.712856,NAK,426,15.217,,,436224,
3.712887,DUPACK,426,15.217,,,436224,
3.712915,NAK,426,15.217,,,436224,
3.712942,DUPACK,426,15.217,,,436224,
3.712966,NAK,426,15.217,,,436224,
3.712992,DUPACK,426,15.217,,,436224,
3.731643,ACK,427,15.283,,,437248,"cum ack, base->427"
3.732007,RETX,441,15.283,,200.000,437248,
3.732110,ACK,428,15.348,,,438272,"cum ack, base->428"
3.734803,RETX,442,15.348,,200.000,438272,
3.741143,ACK,430,15.478,,,440320,"cum ack, base->430"
3.741214,ACK,431,15.543,,,441344,"cum ack, base->431"
3.741251,ACK,432,15.607,,,442368,"cum ack, base->432"
3.741500,ACK,433,15.671,,,443392,"cum ack, base->433"
3.742826,SEND,443,15.671,,200.000,443392,
3.743082,SEND,444,15.671,,200.000,443392,
3.743259,SEND,445,15.671,,200.000,443392,
3.743470,SEND,446,15.671,,200.000,443392,
3.743646,SEND,447,15.671,,200.000,443392,
3.747021,ACK,435,15.799,,,445440,"cum ack, base->435"
3.747091,ACK,436,15.862,,,446464,"cum ack, base->436"
3.747125,ACK,437,15.925,,,447488,"cum ack, base->437"
3.747158,ACK,438,15.988,,,448512,"cum ack, base->438"
3.747190,ACK,439,16.050,,,449536,"cum ack, base->439"
3.747222,ACK,440,16.113,,,450560,"cum ack, base->440"
3.747255,ACK,441,16.175,,,451584,"cum ack, base->441"
3.748834,SEND,448,16.175,,200.000,451584,
3.749063,SEND,449,16.175,,200.000,451584,
3.749240,SEND,450,16.175,,200.000,451584,
3.749458,SEND,451,16.175,,200.000,451584,
3.749654,SEND,452,16.175,,200.000,451584,
3.749861,SEND,453,16.175,,200.000,451584,
3.750044,SEND,454,16.175,,200.000,451584,
3.750209,SEND,455,16.175,,200.000,451584,
3.750425,SEND,456,16.175,,200.000,451584,
3.768362,ACK,442,16.237,,,452608,"cum ack, base->442"
3.770801,SEND,457,16.237,,200.000,452608,
3.775951,STATS,-1,16.237,,200.000,452608,base=442 next=458
3.785921,ACK,443,16.298,,,453632,"cum ack, base->443"
3.788533,SEND,458,16.298,,200.000,453632,
3.795254,ACK,444,16.360,,,454656,"cum ack, base->444"
3.795345,ACK,445,16.421,,,455680,"cum ack, base->445"
3.795447,ACK,446,16.482,,,456704,"cum ack, base->446"
3.795514,ACK,447,16.542,,,457728,"cum ack, base->447"
3.795555,ACK,448,16.603,,,458752,"cum ack, base->448"
3.795587,ACK,449,16.663,,,459776,"cum ack, base->449"
3.795619,ACK,450,16.723,,,460800,"cum ack, base->450"
3.796462,SEND,459,16.723,,200.000,460800,
3.796644,SEND,460,16.723,,200.000,460800,
3.796847,SEND,461,16.723,,200.000,460800,
3.797021,SEND,462,16.723,,200.000,460800,
3.797190,SEND,463,16.723,,200.000,460800,
3.797356,SEND,464,16.723,,200.000,460800,
3.797521,SEND,465,16.723,,200.000,460800,
3.802586,ACK,451,16.783,,,461824,"cum ack, base->451"
3.802648,ACK,452,16.842,,,462848,"cum ack, base->452"
3.802685,ACK,453,16.902,,,463872,"cum ack, base->453"
3.802717,ACK,454,16.961,,,464896,"cum ack, base->454"
3.802748,ACK,455,17.020,,,465920,"cum ack, base->455"
3.804135,NAK,455,17.020,,,465920,
3.804156,FASTRETX,455,15.129,,200.000,465920,nak
3.804192,DUPACK,455,15.129,,,465920,
3.804871,RETX,455,15.129,,200.000,465920,
3.805050,RETX,456,15.129,,200.000,465920,
3.805218,RETX,457,15.129,,200.000,465920,
3.805385,RETX,458,15.129,,200.000,465920,
3.805552,RETX,459,15.129,,200.000,465920,
3.805795,RETX,460,15.129,,200.000,465920,
3.806040,RETX,461,15.129,,200.000,465920,
3.806682,RETX,462,15.129,,200.000,465920,
3.807046,RETX,463,15.129,,200.000,465920,
3.807347,RETX,464,15.129,,200.000,465920,
3.807596,RETX,465,15.129,,200.000,465920,
3.807812,SEND,466,15.129,,200.000,465920,
3.807997,SEND,467,15.129,,200.000,465920,
3.808172,SEND,468,15.129,,200.000,465920,
3.808502,SEND,469,15.129,,200.000,465920,
3.822883,NAK,455,15.129,,,465920,
3.822937,DUPACK,455,15.129,,,465920,
3.831507,NAK,455,15.129,,,465920,
3.835166,DUPACK,455,15.129,,,465920,
3.838822,NAK,455,15.129,,,465920,
3.838889,DUPACK,455,15.129,,,465920,
3.838924,NAK,455,15.129,,,465920,
3.838956,DUPACK,455,15.129,,,465920,
3.840025,NAK,455,15.129,,,465920,
3.840081,DUPACK,455,15.129,,,465920,
3.840112,NAK,455,15.129,,,465920,
3.840145,DUPACK,455,15.129,,,465920,
3.840204,NAK,455,15.129,,,465920,
3.845019,DUPACK,455,15.129,,,465920,
3.845044,NAK,455,15.129,,,465920,
3.847533,NAK,455,15.129,,,465920,
3.847591,DUPACK,455,15.129,,,465920,
3.847643,ACK,456,15.195,,,466944,"cum ack, base->456"
3.849915,SEND,470,15.195,,200.000,466944,
3.854015,ACK,457,15.261,,,467968,"cum ack, base->457"
3.854069,ACK,458,15.326,,,468992,"cum ack, base->458"
3.854103,ACK,459,15.391,,,470016,"cum ack, base->459"
3.854190,ACK,460,15.456,,,471040,"cum ack, base->460"
3.855801,SEND,471,15.456,,200.000,471040,
3.856370,SEND,472,15.456,,200.000,471040,
3.857211,SEND,473,15.456,,200.000,471040,
3.857297,SEND,474,15.456,,200.000,471040,
3.857451,ACK,461,15.521,,,472064,"cum ack, base->461"
3.857476,ACK,462,15.586,,,473088,"cum ack, base->462"
3.857490,ACK,463,15.650,,,474112,"cum ack, base->463"
3.857503,ACK,464,15.714,,,475136,"cum ack, base->464"
3.857515,ACK,465,15.777,,,476160,"cum ack, base->465"
3.857526,ACK,466,15.841,,,477184,"cum ack, base->466"
3.857670,ACK,467,15.904,,,478208,"cum ack, base->467"
3.857768,ACK,468,15.967,,,479232,"cum ack, base->468"
3.857786,ACK,469,16.029,,,480256,"cum ack, base->469"
3.857816,ACK,470,16.092,,,481280,"cum ack, base->470"
3.860776,SEND,475,16.092,,200.000,481280,
3.860862,SEND,476,16.092,,200.000,481280,
3.860941,SEND,477,16.092,,200.000,481280,
3.861023,SEND,478,16.092,,200.000,481280,
3.861101,SEND,479,16.092,,200.000,481280,
3.861180,SEND,480,16.092,,200.000,481280,
3.861261,SEND,481,16.092,,200.000,481280,
3.861339,SEND,482,16.092,,200.000,481280,
3.861416,SEND,483,16.092,,200.000,481280,
3.861494,SEND,484,16.092,,200.000,481280,
3.861572,SEND,485,16.092,,200.000,481280,
3.876627,STATS,-1,16.092,,200.000,481280,base=470 next=486
3.898496,ACK,471,16.154,,,482304,"cum ack, base->471"
3.899075,ACK,472,16.216,,,483328,"cum ack, base->472"
3.899329,SEND,486,16.216,,200.000,483328,
3.899441,SEND,487,16.216,,200.000,483328,
3.910033,ACK,473,16.277,,,484352,"cum ack, base->473"
3.910057,ACK,474,16.339,,,485376,"cum ack, base->474"
3.910076,ACK,475,16.400,,,486400,"cum ack, base->475"
3.910094,ACK,476,16.461,,,487424,"cum ack, base->476"
3.910111,ACK,477,16.522,,,488448,"cum ack, base->477"
3.910828,ACK,478,16.582,,,489472,"cum ack, base->478"
3.910847,ACK,479,16.643,,,490496,"cum ack, base->479"
3.910863,ACK,480,16.703,,,491520,"cum ack, base->480"
3.910880,ACK,481,16.763,,,492544,"cum ack, base->481"
3.910896,ACK,482,16.822,,,493568,"cum ack, base->482"
3.912130,SEND,488,16.822,,200.000,493568,
3.912256,SEND,489,16.822,,200.000,493568,
3.912384,SEND,490,16.822,,200.000,493568,
3.912508,SEND,491,16.822,,200.000,493568,
3.912633,SEND,492,16.822,,200.000,493568,
3.912794,SEND,493,16.822,,200.000,493568,
3.912969,SEND,494,16.822,,200.000,493568,
3.913145,SEND,495,16.822,,200.000,493568,
3.913318,SEND,496,16.822,,200.000,493568,
3.913493,SEND,497,16.822,,200.000,493568,
3.913544,ACK,483,16.882,,,494592,"cum ack, base->483"
3.913570,ACK,484,16.941,,,495616,"cum ack, base->484"
3.913595,ACK,485,17.000,,,496640,"cum ack, base->485"
3.913618,ACK,486,17.059,,,497664,"cum ack, base->486"
3.916197,SEND,498,17.059,,200.000,497664,
3.916376,SEND,499,17.059,,200.000,497664,
3.916552,SEND,500,17.059,,200.000,497664,
3.916731,SEND,501,17.059,,200.000,497664,
3.916909,SEND,502,17.059,,200.000,497664,
3.938303,ACK,487,17.117,,,498688,"cum ack, base->487"
3.940199,SEND,503,17.117,,200.000,498688,
3.947680,ACK,488,17.176,,,499712,"cum ack, base->488"
3.948038,SEND,504,17.176,,200.000,499712,
3.961112,ACK,489,17.234,,,500736,"cum ack, base->489"
3.961270,NAK,489,17.234,,,500736,
3.961316,FASTRETX,489,15.319,,200.000,500736,nak
3.961607,DUPACK,489,15.319,,,500736,
3.961681,NAK,489,15.319,,,500736,
3.961712,DUPACK,489,15.319,,,500736,
3.961739,NAK,489,15.319,,,500736,
3.962880,DUPACK,489,15.319,,,500736,
3.962965,NAK,489,15.319,,,500736,
3.963211,RETX,489,15.319,,200.000,500736,
3.963386,RETX,490,15.319,,200.000,500736,
3.963618,RETX,491,15.319,,200.000,500736,
3.963798,RETX,492,15.319,,200.000,500736,
3.963966,RETX,493,15.319,,200.000,500736,
3.964184,RETX,494,15.319,,200.000,500736,
3.964359,RETX,495,15.319,,200.000,500736,
3.964590,RETX,496,15.319,,200.000,500736,
3.964771,RETX,497,15.319,,200.000,500736,
3.964937,RETX,498,15.319,,200.000,500736,
3.965106,RETX,499,15.319,,200.000,500736,
3.965274,RETX,500,15.319,,200.000,500736,
3.965442,RETX,501,15.319,,200.000,500736,
3.965616,RETX,502,15.319,,200.000,500736,
3.965784,RETX,503,15.319,,200.000,500736,
3.965855,DUPACK,489,15.319,,,500736,
3.965950,NAK,489,15.319,,,500736,
3.965984,DUPACK,489,15.319,,,500736,
3.966012,DUPACK,489,15.319,,,500736,
3.966150,NAK,489,15.319,,,500736,
3.966176,DUPACK,489,15.319,,,500736,
3.966205,DUPACK,489,15.319,,,500736,
3.966231,NAK,489,15.319,,,500736,
3.966256,DUPACK,489,15.319,,,500736,
3.966280,NAK,489,15.319,,,500736,
3.966304,DUPACK,489,15.319,,,500736,
3.966328,NAK,489,15.319,,,500736,
3.966352,DUPACK,489,15.319,,,500736,
3.966376,NAK,489,15.319,,,500736,
3.966403,DUPACK,489,15.319,,,500736,
3.978075,STATS,-1,15.319,,200.000,500736,base=489 next=504
3.981622,NAK,489,15.319,,,500736,
3.982659,DUPACK,489,15.319,,,500736,
3.991573,NAK,489,15.319,,,500736,
3.992118,DUPACK,489,15.319,,,500736,
4.005452,ACK,490,15.384,,,501760,"cum ack, base->490"
4.005536,ACK,491,15.449,,,502784,"cum ack, base->491"
4.005844,RETX,504,15.449,,200.000,502784,
4.006034,SEND,505,15.449,,200.000,502784,
4.010131,ACK,492,15.514,,,503808,"cum ack, base->492"
4.012108,SEND,506,15.514,,200.000,503808,
4.012390,ACK,493,15.579,,,504832,"cum ack, base->493"
4.015338,SEND,507,15.579,,200.000,504832,
4.018900,ACK,494,15.643,,,505856,"cum ack, base->494"
4.018976,ACK,495,15.707,,,506880,"cum ack, base->495"
4.019053,ACK,496,15.770,,,507904,"cum ack, base->496"
4.019107,ACK,497,15.834,,,508928,"cum ack, base->497"
4.019154,ACK,498,15.897,,,509952,"cum ack, base->498"
4.019192,ACK,499,15.960,,,510976,"cum ack, base->499"
4.019229,ACK,500,16.022,,,512000,"cum ack, base->500"
4.019320,ACK,501,16.085,,,513024,"cum ack, base->501"
4.019382,ACK,502,16.147,,,514048,"cum ack, base->502"
4.020630,SEND,508,16.147,,200.000,514048,
4.020855,SEND,509,16.147,,200.000,514048,
4.021060,SEND,510,16.147,,200.000,514048,
4.021263,SEND,511,16.147,,200.000,514048,
4.021467,SEND,512,16.147,,200.000,514048,
4.021674,SEND,513,16.147,,200.000,514048,
4.021887,SEND,514,16.147,,200.000,514048,
4.022160,SEND,515,16.147,,200.000,514048,
4.022543,SEND,516,16.147,,200.000,514048,
4.022801,SEND,517,16.147,,200.000,514048,
4.023334,ACK,503,16.209,,,515072,"cum ack, base->503"
4.023451,ACK,504,16.271,,,516096,"cum ack, base->504"
4.025589,SEND,518,16.271,,200.000,516096,
4.025826,SEND,519,16.271,,200.000,516096,
4.043084,ACK,505,16.332,,,517120,"cum ack, base->505"
4.043293,ACK,506,16.393,,,518144,"cum ack, base->506"
4.044615,SEND,520,16.393,,200.000,518144,
4.044798,SEND,521,16.393,,200.000,518144,
4.051927,ACK,507,16.454,,,519168,"cum ack, base->507"
4.052527,SEND,522,16.454,,200.000,519168,
4.067213,ACK,508,16.515,,,520192,"cum ack, base->508"
4.067305,ACK,509,16.576,,,521216,"cum ack, base->509"
4.067448,ACK,510,16.636,,,522240,"cum ack, base->510"
4.068363,SEND,523,16.636,,200.000,522240,
4.068639,SEND,524,16.636,,200.000,522240,
4.068992,SEND,525,16.636,,200.000,522240,
4.069135,ACK,511,16.696,,,523264,"cum ack, base->511"
4.069822,ACK,512,16.756,,,524288,"cum ack, base->512"
4.069904,ACK,513,16.816,,,525312,"cum ack, base->513"
4.070138,ACK,514,16.875,,,526336,"cum ack, base->514"
4.070220,ACK,515,16.934,,,527360,"cum ack, base->515"
4.070351,ACK,516,16.994,,,528384,"cum ack, base->516"
4.071888,SEND,526,16.994,,200.000,528384,
4.072188,SEND,527,16.994,,200.000,528384,
4.072578,SEND,528,16.994,,200.000,528384,
4.072786,SEND,529,16.994,,200.000,528384,
4.073071,SEND,530,16.994,,200.000,528384,
4.073306,SEND,531,16.994,,200.000,528384,
4.076307,ACK,517,17.052,,,529408,"cum ack, base->517"
4.076378,ACK,518,17.111,,,530432,"cum ack, base->518"
4.076414,ACK,519,17.169,,,531456,"cum ack, base->519"
4.078650,SEND,532,17.169,,200.000,531456,
4.078865,SEND,533,17.169,,200.000,531456,
4.079113,SEND,534,17.169,,200.000,531456,
4.079305,SEND,535,17.169,,200.000,531456,
4.079321,STATS,-1,17.169,,200.000,531456,base=519 next=536
4.088637,NAK,519,17.169,,,531456,
4.088672,FASTRETX,519,15.262,,200.000,531456,nak
4.088728,DUPACK,519,15.262,,,531456,
4.089139,NAK,519,15.262,,,531456,
4.089660,DUPACK,519,15.262,,,531456,
4.090042,RETX,519,15.262,,200.000,531456,
4.090416,RETX,520,15.262,,200.000,531456,
4.090794,RETX,521,15.262,,200.000,531456,
4.091029,RETX,522,15.262,,200.000,531456,
4.091234,RETX,523,15.262,,200.000,531456,
4.091460,RETX,524,15.262,,200.000,531456,
4.091748,RETX,525,15.262,,200.000,531456,
4.091963,RETX,526,15.262,,200.000,531456,
4.092169,RETX,527,15.262,,200.000,531456,
4.092378,RETX,528,15.262,,200.000,531456,
4.092578,RETX,529,15.262,,200.000,531456,
4.092781,RETX,530,15.262,,200.000,531456,
4.092983,RETX,531,15.262,,200.000,531456,
4.093257,RETX,532,15.262,,200.000,531456,
4.093471,RETX,533,15.262,,200.000,531456,
4.099152,NAK,519,15.262,,,531456,
4.111786,NAK,519,15.262,,,531456,
4.114053,DUPACK,519,15.262,,,531456,
4.119280,NAK,519,15.262,,,531456,
4.119767,DUPACK,519,15.262,,,531456,
4.119953,NAK,519,15.262,,,531456,
4.120253,DUPACK,519,15.262,,,531456,
4.120486,NAK,519,15.262,,,531456,
4.120852,NAK,519,15.262,,,531456,
4.121734,DUPACK,519,15.262,,,531456,
4.121769,NAK,519,15.262,,,531456,
4.121804,DUPACK,519,15.262,,,531456,
4.121835,NAK,519,15.262,,,531456,
4.121860,DUPACK,519,15.262,,,531456,
4.121885,NAK,519,15.262,,,531456,
4.121910,DUPACK,519,15.262,,,531456,
4.126216,NAK,519,15.262,,,531456,
4.126251,DUPACK,519,15.262,,,531456,
4.126283,NAK,519,15.262,,,531456,
4.126307,NAK,519,15.262,,,531456,
4.126331,DUPACK,519,15.262,,,531456,
4.126355,NAK,519,15.262,,,531456,
4.126378,DUPACK,519,15.262,,,531456,
4.126415,ACK,520,15.327,,,532480,"cum ack, base->520"
4.127793,RETX,534,15.327,,200.000,532480,
4.135129,ACK,521,15.392,,,533504,"cum ack, base->521"
4.135420,RETX,535,15.392,,200.000,533504,
4.141167,ACK,522,15.457,,,534528,"cum ack, base->522"
4.142766,ACK,523,15.522,,,535552,"cum ack, base->523"
4.142829,NAK,523,15.522,,,535552,
4.142847,FASTRETX,523,15.522,,200.000,535552,nak
4.142927,DUPACK,523,15.522,,,535552,
4.142958,NAK,523,15.522,,,535552,
4.142996,DUPACK,523,15.522,,,535552,
4.143247,RETX,523,15.522,,200.000,535552,
4.143670,RETX,524,15.522,,200.000,535552,
4.143927,RETX,525,15.522,,200.000,535552,
4.144099,RETX,526,15.522,,200.000,535552,
4.144286,RETX,527,15.522,,200.000,535552,
4.144585,RETX,528,15.522,,200.000,535552,
4.145113,RETX,529,15.522,,200.000,535552,
4.145552,RETX,530,15.522,,200.000,535552,
4.145725,RETX,531,15.522,,200.000,535552,
4.145892,RETX,532,15.522,,200.000,535552,
4.146104,RETX,533,15.522,,200.000,535552,
4.146318,RETX,534,15.522,,200.000,535552,
4.146500,RETX,535,15.522,,200.000,535552,
4.146678,SEND,536,15.522,,200.000,535552,
4.147056,SEND,537,15.522,,200.000,535552,
4.147168,NAK,523,15.522,,,535552,
4.147246,DUPACK,523,15.522,,,535552,
4.147275,DUPACK,523,15.522,,,535552,
4.147303,NAK,523,15.522,,,535552,
4.147331,DUPACK,523,15.522,,,535552,
4.147357,NAK,523,15.522,,,535552,
4.147383,DUPACK,523,15.522,,,535552,
4.147407,NAK,523,15.522,,,535552,
4.147433,DUPACK,523,15.522,,,535552,
4.147457,NAK,523,15.522,,,535552,
4.147483,DUPACK,523,15.522,,,535552,
4.147507,NAK,523,15.522,,,535552,
4.147532,DUPACK,523,15.522,,,535552,
4.147559,NAK,523,15.522,,,535552,
4.147584,DUPACK,523,15.522,,,535552,
4.176164,NAK,523,15.522,,,535552,
4.176457,DUPACK,523,15.522,,,535552,
4.179273,NAK,523,15.522,,,535552,
4.180234,STATS,-1,15.522,,200.000,535552,base=523 next=538
4.180360,DUPACK,523,15.522,,,535552,
4.194829,ACK,524,15.587,,,536576,"cum ack, base->524"
4.194872,ACK,525,15.651,,,537600,"cum ack, base->525"
4.194895,ACK,526,15.715,,,538624,"cum ack, base->526"
4.194920,ACK,527,15.778,,,539648,"cum ack, base->527"
4.194944,ACK,528,15.842,,,540672,"cum ack, base->528"
4.194965,ACK,529,15.905,,,541696,"cum ack, base->529"
4.194982,ACK,530,15.968,,,542720,"cum ack, base->530"
4.195000,ACK,531,16.030,,,543744,"cum ack, base->531"
4.195017,ACK,532,16.093,,,544768,"cum ack, base->532"
4.195033,ACK,533,16.155,,,545792,"cum ack, base->533"
4.195050,ACK,534,16.217,,,546816,"cum ack, base->534"
4.195066,ACK,535,16.278,,,547840,"cum ack, base->535"
4.195083,ACK,536,16.340,,,548864,"cum ack, base->536"
4.195583,SEND,538,16.340,,200.000,548864,
4.195716,SEND,539,16.340,,200.000,548864,
4.195844,SEND,540,16.340,,200.000,548864,
4.195971,SEND,541,16.340,,200.000,548864,
4.196098,SEND,542,16.340,,200.000,548864,
4.196239,SEND,543,16.340,,200.000,548864,
4.196364,SEND,544,16.340,,200.000,548864,
4.196490,SEND,545,16.340,,200.000,548864,
4.196616,SEND,546,16.340,,200.000,548864,
4.196742,SEND,547,16.340,,200.000,548864,
4.196868,SEND,548,16.340,,200.000,548864,
4.196994,SEND,549,16.340,,200.000,548864,
4.197122,SEND,550,16.340,,200.000,548864,
4.197247,SEND,551,16.340,,200.000,548864,
4.198191,ACK,537,16.401,,,549888,"cum ack, base->537"
4.198229,ACK,538,16.462,,,550912,"cum ack, base->538"
4.199945,SEND,552,16.462,,200.000,550912,
4.200065,SEND,553,16.462,,200.000,550912,
4.238287,ACK,539,16.523,,,551936,"cum ack, base->539"
4.238427,ACK,540,16.583,,,552960,"cum ack, base->540"
4.240508,SEND,554,16.583,,200.000,552960,
4.240849,SEND,555,16.583,,200.000,552960,
4.241719,ACK,541,16.644,,,553984,"cum ack, base->541"
4.241779,ACK,542,16.704,,,555008,"cum ack, base->542"
4.241817,ACK,543,16.763,,,556032,"cum ack, base->543"
4.241855,ACK,544,16.823,,,557056,"cum ack, base->544"
4.241887,ACK,545,16.883,,,558080,"cum ack, base->545"
4.241918,ACK,546,16.942,,,559104,"cum ack, base->546"
4.243921,SEND,556,16.942,,200.000,559104,
4.244261,SEND,557,16.942,,200.000,559104,
4.244551,SEND,558,16.942,,200.000,559104,
4.244768,SEND,559,16.942,,200.000,559104,
4.244979,SEND,560,16.942,,200.000,559104,
4.245252,SEND,561,16.942,,200.000,559104,
4.245411,ACK,548,17.060,,,561152,"cum ack, base->548"
4.245477,ACK,549,17.118,,,562176,"cum ack, base->549"
4.245520,ACK,550,17.177,,,563200,"cum ack, base->550"
4.246219,ACK,551,17.235,,,564224,"cum ack, base->551"
4.246280,ACK,552,17.293,,,565248,"cum ack, base->552"
4.248092,SEND,562,17.293,,200.000,565248,
4.248308,SEND,563,17.293,,200.000,565248,
4.248521,SEND,564,17.293,,200.000,565248,
4.248739,SEND,565,17.293,,200.000,565248,
4.248970,SEND,566,17.293,,200.000,565248,
4.249306,SEND,567,17.293,,200.000,565248,
4.249605,SEND,568,17.293,,200.000,565248,
4.252419,ACK,553,17.351,,,566272,"cum ack, base->553"
4.255074,SEND,569,17.351,,200.000,566272,
4.280927,STATS,-1,17.351,,200.000,566272,base=553 next=570
4.286194,NAK,553,17.351,,,566272,
4.286239,FASTRETX,553,15.423,,200.000,566272,nak
4.286298,DUPACK,553,15.423,,,566272,
4.286343,NAK,553,15.423,,,566272,
4.287883,DUPACK,553,15.423,,,566272,
4.288763,RETX,553,15.423,,200.000,566272,
4.289124,RETX,554,15.423,,200.000,566272,
4.289342,RETX,555,15.423,,200.000,566272,
4.289547,RETX,556,15.423,,200.000,566272,
4.289920,RETX,557,15.423,,200.000,566272,
4.290426,RETX,558,15.423,,200.000,566272,
4.290687,RETX,559,15.423,,200.000,566272,
4.290890,RETX,560,15.423,,200.000,566272,
4.291092,RETX,561,15.423,,200.000,566272,
4.291407,RETX,562,15.423,,200.000,566272,
4.291630,RETX,563,15.423,,200.000,566272,
4.292028,RETX,564,15.423,,200.000,566272,
4.292235,RETX,565,15.423,,200.000,566272,
4.293048,RETX,566,15.423,,200.000,566272,
4.293367,RETX,567,15.423,,200.000,566272,
4.293586,NAK,553,15.423,,,566272,
4.293646,DUPACK,553,15.423,,,566272,
4.293682,DUPACK,553,15.423,,,566272,
4.293719,NAK,553,15.423,,,566272,
4.293754,DUPACK,553,15.423,,,566272,
4.294131,NAK,553,15.423,,,566272,
4.294234,DUPACK,553,15.423,,,566272,
4.294275,NAK,553,15.423,,,566272,
4.294311,DUPACK,553,15.423,,,566272,
4.294342,NAK,553,15.423,,,566272,
4.294374,DUPACK,553,15.423,,,566272,
4.295606,NAK,553,15.423,,,566272,
4.295676,DUPACK,553,15.423,,,566272,
4.295739,NAK,553,15.423,,,566272,
4.295775,DUPACK,553,15.423,,,566272,
4.295853,NAK,553,15.423,,,566272,
4.295898,DUPACK,553,15.423,,,566272,
4.295932,NAK,553,15.423,,,566272,
4.295965,DUPACK,553,15.423,,,566272,
4.295995,NAK,553,15.423,,,566272,
4.302088,DUPACK,553,15.423,,,566272,
4.302165,DUPACK,553,15.423,,,566272,
4.337089,ACK,554,15.488,,,567296,"cum ack, base->554"
4.337156,ACK,555,15.552,,,568320,"cum ack, base->555"
4.338036,ACK,556,15.617,,,569344,"cum ack, base->556"
4.338091,ACK,557,15.681,,,570368,"cum ack, base->557"
4.338385,ACK,558,15.744,,,571392,"cum ack, base->558"
4.339200,RETX,568,15.744,,200.000,571392,
4.339378,RETX,569,15.744,,200.000,571392,
4.339548,SEND,570,15.744,,200.000,571392,
4.339720,SEND,571,15.744,,200.000,571392,
4.340181,SEND,572,15.744,,200.000,571392,
4.342823,ACK,560,15.871,,,573440,"cum ack, base->560"
4.344116,ACK,561,15.934,,,574464,"cum ack, base->561"
4.345089,SEND,573,15.934,,200.000,574464,
4.345288,SEND,574,15.934,,200.000,574464,
4.345461,SEND,575,15.934,,200.000,574464,
4.345567,ACK,563,16.059,,,576512,"cum ack, base->563"
4.346022,ACK,564,16.122,,,577536,"cum ack, base->564"
4.346075,ACK,565,16.184,,,578560,"cum ack, base->565"
4.346110,ACK,566,16.246,,,579584,"cum ack, base->566"
4.346141,ACK,567,16.307,,,580608,"cum ack, base->567"
4.346171,ACK,568,16.368,,,581632,"cum ack, base->568"
4.348249,SEND,576,16.368,,200.000,581632,
4.348432,SEND,577,16.368,,200.000,581632,
4.348599,SEND,578,16.368,,200.000,581632,
4.348767,SEND,579,16.368,,200.000,581632,
4.348937,SEND,580,16.368,,200.000,581632,
4.349111,SEND,581,16.368,,200.000,581632,
4.349323,SEND,582,16.368,,200.000,581632,
4.349504,SEND,583,16.368,,200.000,581632,
4.381992,STATS,-1,16.368,,200.000,581632,base=568 next=584
4.384931,ACK,569,16.430,,,582656,"cum ack, base->569"
4.385010,ACK,570,16.490,,,583680,"cum ack, base->570"
4.385046,ACK,571,16.551,,,584704,"cum ack, base->571"
4.386386,ACK,572,16.611,,,585728,"cum ack, base->572"
4.387752,SEND,584,16.611,,200.000,585728,
4.388158,SEND,585,16.611,,200.000,585728,
4.388364,SEND,586,16.611,,200.000,585728,
4.388666,SEND,587,16.611,,200.000,585728,
4.388913,ACK,573,16.672,,,586752,"cum ack, base->573"
4.388980,ACK,574,16.732,,,587776,"cum ack, base->574"
4.389024,ACK,575,16.791,,,588800,"cum ack, base->575"
4.389058,ACK,576,16.851,,,589824,"cum ack, base->576"
4.389089,ACK,577,16.910,,,590848,"cum ack, base->577"
4.389120,ACK,578,16.969,,,591872,"cum ack, base->578"
4.391481,SEND,588,16.969,,200.000,591872,
4.391711,SEND,589,16.969,,200.000,591872,
4.391907,SEND,590,16.969,,200.000,591872,
4.392428,SEND,591,16.969,,200.000,591872,
4.392757,SEND,592,16.969,,200.000,591872,
4.393109,SEND,593,16.969,,200.000,591872,
4.393245,ACK,579,17.028,,,592896,"cum ack, base->579"
4.395955,SEND,594,17.028,,200.000,592896,
4.396148,SEND,595,17.028,,200.000,592896,
4.398258,ACK,580,17.087,,,593920,"cum ack, base->580"
4.398902,SEND,596,17.087,,200.000,593920,
4.402161,ACK,581,17.146,,,594944,"cum ack, base->581"
4.402339,ACK,582,17.204,,,595968,"cum ack, base->582"
4.402521,ACK,583,17.262,,,596992,"cum ack, base->583"
4.402598,ACK,584,17.320,,,598016,"cum ack, base->584"
4.404344,SEND,597,17.320,,200.000,598016,
4.404589,SEND,598,17.320,,200.000,598016,
4.404763,SEND,599,17.320,,200.000,598016,
4.404958,SEND,600,17.320,,200.000,598016,
4.430188,DUPACK,584,17.320,,,598016,
4.437475,NAK,584,17.320,,,598016,
4.437486,FASTRETX,584,15.396,,200.000,598016,nak
4.437503,DUPACK,584,15.396,,,598016,
4.437515,NAK,584,15.396,,,598016,
4.439414,RETX,584,15.396,,200.000,598016,
4.439495,RETX,585,15.396,,200.000,598016,
4.439575,RETX,586,15.396,,200.000,598016,
4.439653,RETX,587,15.396,,200.000,598016,
4.439731,RETX,588,15.396,,200.000,598016,
4.439809,RETX,589,15.396,,200.000,598016,
4.439887,RETX,590,15.396,,200.000,598016,
4.439965,RETX,591,15.396,,200.000,598016,
4.440043,RETX,592,15.396,,200.000,598016,
4.440121,RETX,593,15.396,,200.000,598016,
4.440199,RETX,594,15.396,,200.000,598016,
4.440276,RETX,595,15.396,,200.000,598016,
4.440354,RETX,596,15.396,,200.000,598016,
4.440432,RETX,597,15.396,,200.000,598016,
4.440510,RETX,598,15.396,,200.000,598016,
4.441518,DUPACK,584,15.396,,,598016,
4.444697,NAK,584,15.396,,,598016,
4.447040,DUPACK,584,15.396,,,598016,
4.450745,NAK,584,15.396,,,598016,
4.454193,DUPACK,584,15.396,,,598016,
4.454215,DUPACK,584,15.396,,,598016,
4.454307,NAK,584,15.396,,,598016,
4.454322,DUPACK,584,15.396,,,598016,
4.454335,NAK,584,15.396,,,598016,
4.454347,DUPACK,584,15.396,,,598016,
4.454368,NAK,584,15.396,,,598016,
4.454379,DUPACK,584,15.396,,,598016,
4.454391,NAK,584,15.396,,,598016,
4.454402,DUPACK,584,15.396,,,598016,
4.454688,NAK,584,15.396,,,598016,
4.454702,NAK,584,15.396,,,598016,
4.454717,DUPACK,584,15.396,,,598016,
4.454727,NAK,584,15.396,,,598016,
4.454739,DUPACK,584,15.396,,,598016,
4.454749,NAK,584,15.396,,,598016,
4.454760,DUPACK,584,15.396,,,598016,
4.457735,NAK,584,15.396,,,598016,
4.457750,DUPACK,584,15.396,,,598016,
4.457762,NAK,584,15.396,,,598016,
4.457773,DUPACK,584,15.396,,,598016,
4.482731,STATS,-1,15.396,,200.000,598016,base=584 next=599
4.488439,ACK,585,15.460,,,599040,"cum ack, base->585"
4.488598,ACK,586,15.525,,,600064,"cum ack, base->586"
4.488678,ACK,587,15.590,,,601088,"cum ack, base->587"
4.489592,ACK,588,15.654,,,602112,"cum ack, base->588"
4.489764,ACK,589,15.718,,,603136,"cum ack, base->589"
4.489908,ACK,590,15.781,,,604160,"cum ack, base->590"
4.489988,ACK,591,15.845,,,605184,"cum ack, base->591"
4.491090,RETX,599,15.845,,200.000,605184,
4.492290,RETX,600,15.845,,200.000,605184,
4.492748,SEND,601,15.845,,200.000,605184,
4.494037,SEND,602,15.845,,200.000,605184,
4.494576,SEND,603,15.845,,200.000,605184,
4.495276,SEND,604,15.845,,200.000,605184,
4.495575,SEND,605,15.845,,200.000,605184,
4.496465,ACK,592,15.908,,,606208,"cum ack, base->592"
4.496555,ACK,593,15.971,,,607232,"cum ack, base->593"
4.496596,ACK,594,16.033,,,608256,"cum ack, base->594"
4.496635,ACK,595,16.096,,,609280,"cum ack, base->595"
4.496675,ACK,596,16.158,,,610304,"cum ack, base->596"
4.496817,ACK,597,16.220,,,611328,"cum ack, base->597"
4.496859,ACK,599,16.343,,,613376,"cum ack, base->599"
4.498252,SEND,606,16.343,,200.000,613376,
4.498489,SEND,607,16.343,,200.000,613376,
4.498692,SEND,608,16.343,,200.000,613376,
4.498952,SEND,609,16.343,,200.000,613376,
4.499176,SEND,610,16.343,,200.000,613376,
4.499379,SEND,611,16.343,,200.000,613376,
4.499588,SEND,612,16.343,,200.000,613376,
4.499827,SEND,613,16.343,,200.000,613376,
4.500015,SEND,614,16.343,,200.000,613376,
4.538491,ACK,600,16.404,,,614400,"cum ack, base->600"
4.543214,SEND,615,16.404,,200.000,614400,
4.543333,ACK,601,16.465,,,615424,"cum ack, base->601"
4.543472,ACK,602,16.526,,,616448,"cum ack, base->602"
4.543517,ACK,603,16.586,,,617472,"cum ack, base->603"
4.543550,ACK,604,16.646,,,618496,"cum ack, base->604"
4.543581,ACK,605,16.706,,,619520,"cum ack, base->605"
4.543612,ACK,606,16.766,,,620544,"cum ack, base->606"
4.543642,ACK,607,16.826,,,621568,"cum ack, base->607"
4.546015,SEND,616,16.826,,200.000,621568,
4.546250,SEND,617,16.826,,200.000,621568,
4.546478,SEND,618,16.826,,200.000,621568,
4.546704,SEND,619,16.826,,200.000,621568,
4.546934,SEND,620,16.826,,200.000,621568,
4.547159,SEND,621,16.826,,200.000,621568,
4.547389,SEND,622,16.826,,200.000,621568,
4.547484,ACK,608,16.885,,,622592,"cum ack, base->608"
4.547540,ACK,609,16.945,,,623616,"cum ack, base->609"
4.547938,ACK,610,17.004,,,624640,"cum ack, base->610"
4.550156,SEND,623,17.004,,200.000,624640,
4.550384,SEND,624,17.004,,200.000,624640,
4.550610,SEND,625,17.004,,200.000,624640,
4.550835,SEND,626,17.004,,200.000,624640,
4.553290,ACK,611,17.062,,,625664,"cum ack, base->611"
4.553367,ACK,612,17.121,,,626688,"cum ack, base->612"
4.553686,SEND,627,17.121,,200.000,626688,
4.553877,SEND,628,17.121,,200.000,626688,
4.554087,ACK,613,17.179,,,627712,"cum ack, base->613"
4.554158,ACK,614,17.238,,,628736,"cum ack, base->614"
4.554192,ACK,615,17.296,,,629760,"cum ack, base->615"
4.556925,SEND,629,17.296,,200.000,629760,
4.557120,SEND,630,17.296,,200.000,629760,
4.557545,SEND,631,17.296,,200.000,629760,
4.579856,ACK,616,17.353,,,630784,"cum ack, base->616"
4.581009,SEND,632,17.353,,200.000,630784,
4.583567,STATS,-1,17.353,,200.000,630784,base=616 next=633
4.599521,ACK,617,17.411,,,631808,"cum ack, base->617"
4.599614,ACK,618,17.469,,,632832,"cum ack, base->618"
4.599651,ACK,619,17.526,,,633856,"cum ack, base->619"
4.599684,ACK,620,17.583,,,634880,"cum ack, base->620"
4.600090,ACK,621,17.640,,,635904,"cum ack, base->621"
4.601062,SEND,633,17.640,,200.000,635904,
4.601304,SEND,634,17.640,,200.000,635904,
4.601773,SEND,635,17.640,,200.000,635904,
4.601953,SEND,636,17.640,,200.000,635904,
4.602161,SEND,637,17.640,,200.000,635904,
4.602274,ACK,622,17.696,,,636928,"cum ack, base->622"
4.602318,ACK,623,17.753,,,637952,"cum ack, base->623"
4.602350,ACK,624,17.809,,,638976,"cum ack, base->624"
4.602382,ACK,625,17.865,,,640000,"cum ack, base->625"
4.602416,ACK,626,17.921,,,641024,"cum ack, base->626"
4.602450,ACK,627,17.977,,,642048,"cum ack, base->627"
4.602484,ACK,628,18.033,,,643072,"cum ack, base->628"
4.602514,ACK,629,18.088,,,644096,"cum ack, base->629"
4.602554,ACK,630,18.144,,,645120,"cum ack, base->630"
4.602584,ACK,631,18.199,,,646144,"cum ack, base->631"
4.602614,ACK,632,18.254,,,647168,"cum ack, base->632"
4.605000,SEND,638,18.254,,200.000,647168,
4.605224,SEND,639,18.254,,200.000,647168,
4.607413,SEND,640,18.254,,200.000,647168,
4.607702,SEND,641,18.254,,200.000,647168,
4.607983,SEND,642,18.254,,200.000,647168,
4.608216,SEND,643,18.254,,200.000,647168,
4.608443,SEND,644,18.254,,200.000,647168,
4.608669,SEND,645,18.254,,200.000,647168,
4.608899,SEND,646,18.254,,200.000,647168,
4.609126,SEND,647,18.254,,200.000,647168,
4.609353,SEND,648,18.254,,200.000,647168,
4.609579,SEND,649,18.254,,200.000,647168,
4.634132,ACK,633,18.308,,,648192,"cum ack, base->633"
4.634333,ACK,634,18.363,,,649216,"cum ack, base->634"
4.635691,SEND,650,18.363,,200.000,649216,
4.635935,SEND,651,18.363,,200.000,649216,
4.646362,ACK,635,18.417,,,650240,"cum ack, base->635"
4.646445,ACK,636,18.472,,,651264,"cum ack, base->636"
4.647231,ACK,637,18.526,,,652288,"cum ack, base->637"
4.649085,SEND,652,18.526,,200.000,652288,
4.649380,SEND,653,18.526,,200.000,652288,
4.649600,SEND,654,18.526,,200.000,652288,
4.649711,ACK,638,18.580,,,653312,"cum ack, base->638"
4.649787,ACK,639,18.634,,,654336,"cum ack, base->639"
4.649826,ACK,640,18.687,,,655360,"cum ack, base->640"
4.652466,SEND,655,18.687,,200.000,655360,
4.652752,SEND,656,18.687,,200.000,655360,
4.652980,SEND,657,18.687,,200.000,655360,
4.656632,ACK,641,18.741,,,656384,"cum ack, base->641"
4.656889,ACK,642,18.794,,,657408,"cum ack, base->642"
4.656972,ACK,643,18.847,,,658432,"cum ack, base->643"
4.659601,SEND,658,18.847,,200.000,658432,
4.659882,SEND,659,18.847,,200.000,658432,
4.660173,SEND,660,18.847,,200.000,658432,
4.660843,ACK,644,18.900,,,659456,"cum ack, base->644"
4.660897,ACK,646,19.006,,,661504,"cum ack, base->646"
4.660931,ACK,647,19.059,,,662528,"cum ack, base->647"
4.660962,ACK,648,19.111,,,663552,"cum ack, base->648"
4.660992,ACK,649,19.164,,,664576,"cum ack, base->649"
4.661022,ACK,650,19.216,,,665600,"cum ack, base->650"
4.662975,SEND,661,19.216,,200.000,665600,
4.663158,SEND,662,19.216,,200.000,665600,
4.663327,SEND,663,19.216,,200.000,665600,
4.663505,SEND,664,19.216,,200.000,665600,
4.663762,SEND,665,19.216,,200.000,665600,
4.663985,SEND,666,19.216,,200.000,665600,
4.664264,SEND,667,19.216,,200.000,665600,
4.664522,SEND,668,19.216,,200.000,665600,
4.673578,NAK,650,19.216,,,665600,
4.673605,FASTRETX,650,17.081,,200.000,665600,nak
4.675287,RETX,650,17.081,,200.000,665600,
4.675708,RETX,651,17.081,,200.000,665600,
4.675890,RETX,652,17.081,,200.000,665600,
4.676060,RETX,653,17.081,,200.000,665600,
4.676755,RETX,654,17.081,,200.000,665600,
4.676957,RETX,655,17.081,,200.000,665600,
4.677262,RETX,656,17.081,,200.000,665600,
4.677441,RETX,657,17.081,,200.000,665600,
4.677695,RETX,658,17.081,,200.000,665600,
4.677867,RETX,659,17.081,,200.000,665600,
4.678039,RETX,660,17.081,,200.000,665600,
4.678151,RETX,661,17.081,,200.000,665600,
4.678249,RETX,662,17.081,,200.000,665600,
4.678347,RETX,663,17.081,,200.000,665600,
4.678442,RETX,664,17.081,,200.000,665600,
4.678538,RETX,665,17.081,,200.000,665600,
4.678634,RETX,666,17.081,,200.000,665600,
4.679258,DUPACK,650,17.081,,,665600,
4.683673,STATS,-1,17.081,,200.000,665600,base=650 next=667
4.691365,NAK,650,17.081,,,665600,
4.691857,DUPACK,650,17.081,,,665600,
4.692001,NAK,650,17.081,,,665600,
4.694110,DUPACK,650,17.081,,,665600,
4.694124,NAK,650,17.081,,,665600,
4.696489,DUPACK,650,17.081,,,665600,
4.700187,NAK,650,17.081,,,665600,
4.700527,DUPACK,650,17.081,,,665600,
4.701508,NAK,650,17.081,,,665600,
4.703573,DUPACK,650,17.081,,,665600,
4.703590,NAK,650,17.081,,,665600,
4.703601,DUPACK,650,17.081,,,665600,
4.703611,NAK,650,17.081,,,665600,
4.703620,DUPACK,650,17.081,,,665600,
4.703630,NAK,650,17.081,,,665600,
4.703638,DUPACK,650,17.081,,,665600,
4.705024,NAK,650,17.081,,,665600,
4.705040,DUPACK,650,17.081,,,665600,
4.715561,NAK,650,17.081,,,665600,
4.715583,DUPACK,650,17.081,,,665600,
4.715592,NAK,650,17.081,,,665600,
4.715600,DUPACK,650,17.081,,,665600,
4.715608,NAK,650,17.081,,,665600,
4.715616,DUPACK,650,17.081,,,665600,
4.715624,NAK,650,17.081,,,665600,
4.715632,DUPACK,650,17.081,,,665600,
4.715639,NAK,650,17.081,,,665600,
4.717305,DUPACK,650,17.081,,,665600,
4.717321,NAK,650,17.081,,,665600,
4.717332,DUPACK,650,17.081,,,665600,
4.717341,NAK,650,17.081,,,665600,
4.717349,DUPACK,650,17.081,,,665600,
4.718652,NAK,651,17.081,,,665600,
4.718676,ACK,651,17.139,,,666624,"cum ack, base->651"
4.718687,NAK,651,17.139,,,666624,
4.718691,FASTRETX,651,17.139,,200.000,666624,nak
4.718701,DUPACK,651,17.139,,,666624,
4.718709,NAK,651,17.139,,,666624,
4.718716,DUPACK,651,17.139,,,666624,
4.721218,RETX,651,17.139,,200.000,666624,
4.721293,RETX,652,17.139,,200.000,666624,
4.721356,RETX,653,17.139,,200.000,666624,
4.721417,RETX,654,17.139,,200.000,666624,
4.721477,RETX,655,17.139,,200.000,666624,
4.721549,RETX,656,17.139,,200.000,666624,
4.721609,RETX,657,17.139,,200.000,666624,
4.721670,RETX,658,17.139,,200.000,666624,
4.721731,RETX,659,17.139,,200.000,666624,
4.721791,RETX,660,17.139,,200.000,666624,
4.721852,RETX,661,17.139,,200.000,666624,
4.721914,RETX,662,17.139,,200.000,666624,
4.721973,RETX,663,17.139,,200.000,666624,
4.722033,RETX,664,17.139,,200.000,666624,
4.722094,RETX,665,17.139,,200.000,666624,
4.722156,RETX,666,17.139,,200.000,666624,
4.722218,RETX,667,17.139,,200.000,666624,
4.722296,NAK,651,17.139,,,666624,
4.722312,DUPACK,651,17.139,,,666624,
4.722321,NAK,651,17.139,,,666624,
4.722333,DUPACK,651,17.139,,,666624,
4.722340,NAK,651,17.139,,,666624,
4.722348,DUPACK,651,17.139,,,666624,
4.722355,NAK,651,17.139,,,666624,
4.722406,DUPACK,651,17.139,,,666624,
4.722413,NAK,651,17.139,,,666624,
4.722421,DUPACK,651,17.139,,,666624,
4.722503,NAK,651,17.139,,,666624,
4.722515,DUPACK,651,17.139,,,666624,
4.722523,NAK,651,17.139,,,666624,
4.726203,DUPACK,651,17.139,,,666624,
4.726218,NAK,651,17.139,,,666624,
4.726226,DUPACK,651,17.139,,,666624,
4.727571,NAK,651,17.139,,,666624,
4.727588,DUPACK,651,17.139,,,666624,
4.727597,NAK,651,17.139,,,666624,
4.727608,DUPACK,651,17.139,,,666624,
4.727615,NAK,651,17.139,,,666624,
4.727623,DUPACK,651,17.139,,,666624,
4.727629,NAK,651,17.139,,,666624,
4.727636,DUPACK,651,17.139,,,666624,
4.767440,NAK,651,17.139,,,666624,
4.767473,DUPACK,651,17.139,,,666624,
4.767495,NAK,651,17.139,,,666624,
4.768960,DUPACK,651,17.139,,,666624,
4.769847,NAK,651,17.139,,,666624,
4.769877,DUPACK,651,17.139,,,666624,
4.770138,NAK,651,17.139,,,666624,
4.770163,DUPACK,651,17.139,,,666624,
4.773670,NAK,651,17.139,,,666624,
4.773684,DUPACK,651,17.139,,,666624,
4.773938,NAK,651,17.139,,,666624,
4.773952,DUPACK,651,17.139,,,666624,
4.773964,NAK,651,17.139,,,666624,
4.773974,DUPACK,651,17.139,,,666624,
4.773986,NAK,651,17.139,,,666624,
4.773995,DUPACK,651,17.139,,,666624,
4.774004,NAK,651,17.139,,,666624,
4.774015,DUPACK,651,17.139,,,666624,
4.774024,NAK,651,17.139,,,666624,
4.774032,DUPACK,651,17.139,,,666624,
4.774040,NAK,651,17.139,,,666624,
4.774049,DUPACK,651,17.139,,,666624,
4.775956,NAK,651,17.139,,,666624,
4.775968,DUPACK,651,17.139,,,666624,
4.775978,NAK,651,17.139,,,666624,
4.775986,DUPACK,651,17.139,,,666624,
4.775994,NAK,651,17.139,,,666624,
4.776002,DUPACK,651,17.139,,,666624,
4.776010,NAK,651,17.139,,,666624,
4.776019,DUPACK,651,17.139,,,666624,
4.784839,STATS,-1,17.139,,200.000,666624,base=651 next=668
4.886371,STATS,-1,17.139,,200.000,666624,base=651 next=668
4.919821,TIMEOUT,651,17.139,,200.000,666624,timeout
4.922653,RETX,651,17.139,,200.000,666624,
4.922846,RETX,652,17.139,,200.000,666624,
4.923314,RETX,653,17.139,,200.000,666624,
4.923674,RETX,654,17.139,,200.000,666624,
4.923997,RETX,655,17.139,,200.000,666624,
4.924530,RETX,656,17.139,,200.000,666624,
4.924906,RETX,657,17.139,,200.000,666624,
4.925173,RETX,658,17.139,,200.000,666624,
4.927019,RETX,659,17.139,,200.000,666624,
4.927401,RETX,660,17.139,,200.000,666624,
4.927596,RETX,661,17.139,,200.000,666624,
4.927761,RETX,662,17.139,,200.000,666624,
4.928037,RETX,663,17.139,,200.000,666624,
4.928327,RETX,664,17.139,,200.000,666624,
4.928500,RETX,665,17.139,,200.000,666624,
4.928671,RETX,666,17.139,,200.000,666624,
4.928838,RETX,667,17.139,,200.000,666624,
4.964495,ACK,652,17.198,,,667648,"cum ack, base->652"
4.964561,ACK,653,17.256,,,668672,"cum ack, base->653"
4.967194,RETX,668,17.256,,200.000,668672,
4.967388,SEND,669,17.256,,200.000,668672,
4.970339,ACK,654,17.314,,,669696,"cum ack, base->654"
4.970441,ACK,656,17.429,,,671744,"cum ack, base->656"
4.970494,ACK,657,17.486,,,672768,"cum ack, base->657"
4.972785,SEND,670,17.486,,200.000,672768,
4.973042,SEND,671,17.486,,200.000,672768,
4.973312,SEND,672,17.486,,200.000,672768,
4.973489,SEND,673,17.486,,200.000,672768,
4.973629,ACK,658,17.544,,,673792,"cum ack, base->658"
4.973837,NAK,658,17.544,,,673792,
4.973854,FASTRETX,658,17.544,,200.000,673792,nak
4.973894,DUPACK,658,17.544,,,673792,
4.973923,NAK,658,17.544,,,673792,
4.973952,DUPACK,658,17.544,,,673792,
4.974654,NAK,658,17.544,,,673792,
4.974696,DUPACK,658,17.544,,,673792,
4.974721,NAK,658,17.544,,,673792,
4.974747,DUPACK,658,17.544,,,673792,
4.974772,NAK,658,17.544,,,673792,
4.974797,DUPACK,658,17.544,,,673792,
4.974821,NAK,658,17.544,,,673792,
4.975836,DUPACK,658,17.544,,,673792,
4.975921,NAK,658,17.544,,,673792,
4.975955,DUPACK,658,17.544,,,673792,
4.976301,RETX,658,17.544,,200.000,673792,
4.976529,RETX,659,17.544,,200.000,673792,
4.976977,RETX,660,17.544,,200.000,673792,
4.977266,RETX,661,17.544,,200.000,673792,
4.977489,RETX,662,17.544,,200.000,673792,
4.977656,RETX,663,17.544,,200.000,673792,
4.977821,RETX,664,17.544,,200.000,673792,
4.978190,RETX,665,17.544,,200.000,673792,
4.978379,RETX,666,17.544,,200.000,673792,
4.978768,RETX,667,17.544,,200.000,673792,
4.978987,RETX,668,17.544,,200.000,673792,
4.979426,RETX,669,17.544,,200.000,673792,
4.979615,RETX,670,17.544,,200.000,673792,
4.979785,RETX,671,17.544,,200.000,673792,
4.979961,RETX,672,17.544,,200.000,673792,
4.980292,RETX,673,17.544,,200.000,673792,
4.980541,SEND,674,17.544,,200.000,673792,
4.988166,STATS,-1,17.544,,200.000,673792,base=658 next=675
5.017260,NAK,658,17.544,,,673792,
5.017413,DUPACK,658,17.544,,,673792,
5.017483,NAK,658,17.544,,,673792,
5.017516,DUPACK,658,17.544,,,673792,
5.017550,NAK,658,17.544,,,673792,
5.017583,DUPACK,658,17.544,,,673792,
5.017610,NAK,658,17.544,,,673792,
5.017638,DUPACK,658,17.544,,,673792,
5.017663,NAK,658,17.544,,,673792,
5.017692,DUPACK,658,17.544,,,673792,
5.017742,ACK,659,17.601,,,674816,"cum ack, base->659"
5.017769,NAK,659,17.601,,,674816,
5.017779,FASTRETX,659,17.601,,200.000,674816,nak
5.019858,RETX,659,17.601,,200.000,674816,
5.020056,RETX,660,17.601,,200.000,674816,
5.020238,RETX,661,17.601,,200.000,674816,
5.020411,RETX,662,17.601,,200.000,674816,
5.020668,RETX,663,17.601,,200.000,674816,
5.021111,RETX,664,17.601,,200.000,674816,
5.021336,RETX,665,17.601,,200.000,674816,
5.021626,RETX,666,17.601,,200.000,674816,
5.021823,RETX,667,17.601,,200.000,674816,
5.022020,RETX,668,17.601,,200.000,674816,
5.022274,RETX,669,17.601,,200.000,674816,
5.022445,RETX,670,17.601,,200.000,674816,
5.022686,RETX,671,17.601,,200.000,674816,
5.022860,RETX,672,17.601,,200.000,674816,
5.023037,RETX,673,17.601,,200.000,674816,
5.023248,RETX,674,17.601,,200.000,674816,
5.023484,SEND,675,17.601,,200.000,674816,
5.023555,DUPACK,659,17.601,,,674816,
5.023589,NAK,659,17.601,,,674816,
5.023619,DUPACK,659,17.601,,,674816,
5.023647,NAK,659,17.601,,,674816,
5.024591,DUPACK,659,17.601,,,674816,
5.024621,NAK,659,17.601,,,674816,
5.024650,DUPACK,659,17.601,,,674816,
5.024676,NAK,659,17.601,,,674816,
5.024701,DUPACK,659,17.601,,,674816,
5.027996,NAK,659,17.601,,,674816,
5.028029,DUPACK,659,17.601,,,674816,
5.028059,NAK,659,17.601,,,674816,
5.028083,DUPACK,659,17.601,,,674816,
5.028108,NAK,659,17.601,,,674816,
5.028133,DUPACK,659,17.601,,,674816,
5.028581,NAK,659,17.601,,,674816,
5.028609,DUPACK,659,17.601,,,674816,
5.034769,NAK,659,17.601,,,674816,
5.034831,DUPACK,659,17.601,,,674816,
5.034862,NAK,659,17.601,,,674816,
5.034909,DUPACK,659,17.601,,,674816,
5.034964,NAK,659,17.601,,,674816,
5.034994,DUPACK,659,17.601,,,674816,
5.035019,NAK,659,17.601,,,674816,
5.035046,DUPACK,659,17.601,,,674816,
5.035081,NAK,659,17.601,,,674816,
5.035109,DUPACK,659,17.601,,,674816,
5.054804,ACK,660,17.657,,,675840,"cum ack, base->660"
5.054898,ACK,661,17.714,,,676864,"cum ack, base->661"
5.057408,SEND,676,17.714,,200.000,676864,
5.057634,SEND,677,17.714,,200.000,676864,
5.078750,ACK,662,17.770,,,677888,"cum ack, base->662"
5.078854,ACK,663,17.827,,,678912,"cum ack, base->663"
5.079038,ACK,664,17.883,,,679936,"cum ack, base->664"
5.079121,ACK,665,17.939,,,680960,"cum ack, base->665"
5.079190,ACK,666,17.994,,,681984,"cum ack, base->666"
5.079244,ACK,667,18.050,,,683008,"cum ack, base->667"
5.079294,ACK,668,18.105,,,684032,"cum ack, base->668"
5.079506,ACK,669,18.161,,,685056,"cum ack, base->669"
5.079680,ACK,670,18.216,,,686080,"cum ack, base->670"
5.079805,NAK,670,18.216,,,686080,
5.079828,FASTRETX,670,16.192,,200.000,686080,nak
5.079902,DUPACK,670,16.192,,,686080,
5.079945,NAK,670,16.192,,,686080,
5.079989,DUPACK,670,16.192,,,686080,
5.080134,NAK,670,16.192,,,686080,
5.080177,DUPACK,670,16.192,,,686080,
5.080216,NAK,670,16.192,,,686080,
5.080535,RETX,670,16.192,,200.000,686080,
5.080847,RETX,671,16.192,,200.000,686080,
5.081059,RETX,672,16.192,,200.000,686080,
5.081266,RETX,673,16.192,,200.000,686080,
5.081468,RETX,674,16.192,,200.000,686080,
5.081673,RETX,675,16.192,,200.000,686080,
5.081879,RETX,676,16.192,,200.000,686080,
5.082095,RETX,677,16.192,,200.000,686080,
5.082300,SEND,678,16.192,,200.000,686080,
5.082600,SEND,679,16.192,,200.000,686080,
5.082966,SEND,680,16.192,,200.000,686080,
5.083215,SEND,681,16.192,,200.000,686080,
5.083451,SEND,682,16.192,,200.000,686080,
5.083676,SEND,683,16.192,,200.000,686080,
5.083901,SEND,684,16.192,,200.000,686080,
5.084126,SEND,685,16.192,,200.000,686080,
5.084150,DUPACK,670,16.192,,,686080,
5.084216,NAK,670,16.192,,,686080,
5.084253,DUPACK,670,16.192,,,686080,
5.089021,STATS,-1,16.192,,200.000,686080,base=670 next=686
5.104600,NAK,670,16.192,,,686080,
5.104691,DUPACK,670,16.192,,,686080,
5.115642,ACK,671,16.254,,,687104,"cum ack, base->671"
5.116684,SEND,686,16.254,,200.000,687104,
5.125883,ACK,672,16.315,,,688128,"cum ack, base->672"
5.127433,SEND,687,16.315,,200.000,688128,
5.131056,ACK,673,16.376,,,689152,"cum ack, base->673"
5.131153,ACK,674,16.437,,,690176,"cum ack, base->674"
5.131228,ACK,675,16.498,,,691200,"cum ack, base->675"
5.131436,ACK,676,16.559,,,692224,"cum ack, base->676"
5.131491,ACK,677,16.619,,,693248,"cum ack, base->677"
5.131539,ACK,679,16.739,,,695296,"cum ack, base->679"
5.131674,ACK,680,16.799,,,696320,"cum ack, base->680"
5.131715,NAK,680,16.799,,,696320,
5.131729,FASTRETX,680,14.933,,200.000,696320,nak
5.131768,DUPACK,680,14.933,,,696320,
5.131799,NAK,680,14.933,,,696320,
5.131829,DUPACK,680,14.933,,,696320,
5.132642,RETX,680,14.933,,200.000,696320,
5.132850,RETX,681,14.933,,200.000,696320,
5.133054,RETX,682,14.933,,200.000,696320,
5.133257,RETX,683,14.933,,200.000,696320,
5.133470,RETX,684,14.933,,200.000,696320,
5.133808,RETX,685,14.933,,200.000,696320,
5.134022,RETX,686,14.933,,200.000,696320,
5.134228,RETX,687,14.933,,200.000,696320,
5.134432,SEND,688,14.933,,200.000,696320,
5.134633,SEND,689,14.933,,200.000,696320,
5.134846,SEND,690,14.933,,200.000,696320,
5.135048,SEND,691,14.933,,200.000,696320,
5.135251,SEND,692,14.933,,200.000,696320,
5.135461,SEND,693,14.933,,200.000,696320,
5.135735,NAK,680,14.933,,,696320,
5.135775,DUPACK,680,14.933,,,696320,
5.135804,NAK,680,14.933,,,696320,
5.135831,DUPACK,680,14.933,,,696320,
5.135856,NAK,680,14.933,,,696320,
5.135882,DUPACK,680,14.933,,,696320,
5.155165,NAK,680,14.933,,,696320,
5.163504,DUPACK,680,14.933,,,696320,
5.179543,NAK,680,14.933,,,696320,
5.179662,DUPACK,680,14.933,,,696320,
5.182694,ACK,681,15.000,,,697344,"cum ack, base->681"
5.182766,NAK,681,15.000,,,697344,
5.182784,FASTRETX,681,15.000,,200.000,697344,nak
5.184562,RETX,681,15.000,,200.000,697344,
5.184784,RETX,682,15.000,,200.000,697344,
5.184988,RETX,683,15.000,,200.000,697344,
5.185191,RETX,684,15.000,,200.000,697344,
5.185395,RETX,685,15.000,,200.000,697344,
5.185600,RETX,686,15.000,,200.000,697344,
5.185935,RETX,687,15.000,,200.000,697344,
5.186163,RETX,688,15.000,,200.000,697344,
5.186539,RETX,689,15.000,,200.000,697344,
5.186736,RETX,690,15.000,,200.000,697344,
5.186941,RETX,691,15.000,,200.000,697344,
5.187122,RETX,692,15.000,,200.000,697344,
5.187291,RETX,693,15.000,,200.000,697344,
5.187462,SEND,694,15.000,,200.000,697344,
5.187577,DUPACK,681,15.000,,,697344,
5.187636,NAK,681,15.000,,,697344,
5.187673,DUPACK,681,15.000,,,697344,
5.187700,NAK,681,15.000,,,697344,
5.187726,DUPACK,681,15.000,,,697344,
5.187757,NAK,681,15.000,,,697344,
5.187783,DUPACK,681,15.000,,,697344,
5.187808,DUPACK,681,15.000,,,697344,
5.187834,NAK,681,15.000,,,697344,
5.187953,DUPACK,681,15.000,,,697344,
5.187992,NAK,681,15.000,,,697344,
5.188627,DUPACK,681,15.000,,,697344,
5.188844,NAK,681,15.000,,,697344,
5.188948,DUPACK,681,15.000,,,697344,
5.189570,NAK,681,15.000,,,697344,
5.189676,DUPACK,681,15.000,,,697344,
5.189725,NAK,681,15.000,,,697344,
5.189804,DUPACK,681,15.000,,,697344,
5.189835,DUPACK,681,15.000,,,697344,
5.190286,STATS,-1,15.000,,200.000,697344,base=681 next=695
5.190348,NAK,681,15.000,,,697344,
5.190408,DUPACK,681,15.000,,,697344,
5.234788,ACK,683,15.133,,,699392,"cum ack, base->683"
5.234855,ACK,684,15.199,,,700416,"cum ack, base->684"
5.234895,ACK,685,15.264,,,701440,"cum ack, base->685"
5.235482,SEND,695,15.264,,200.000,701440,
5.235699,SEND,696,15.264,,200.000,701440,
5.235867,SEND,697,15.264,,200.000,701440,
5.236043,SEND,698,15.264,,200.000,701440,
5.236209,SEND,699,15.264,,200.000,701440,
5.237007,ACK,686,15.330,,,702464,"cum ack, base->686"
5.237070,ACK,687,15.395,,,703488,"cum ack, base->687"
5.237107,ACK,688,15.460,,,704512,"cum ack, base->688"
5.238758,SEND,700,15.460,,200.000,704512,
5.240754,SEND,701,15.460,,200.000,704512,
5.240948,SEND,702,15.460,,200.000,704512,
5.241854,NAK,688,15.460,,,704512,
5.241871,FASTRETX,688,13.742,,200.000,704512,nak
5.241909,DUPACK,688,13.742,,,704512,
5.241936,NAK,688,13.742,,,704512,
5.241964,DUPACK,688,13.742,,,704512,
5.241988,NAK,688,13.742,,,704512,
5.242013,DUPACK,688,13.742,,,704512,
5.242037,NAK,688,13.742,,,704512,
5.242062,DUPACK,688,13.742,,,704512,
5.242086,NAK,688,13.742,,,704512,
5.242110,DUPACK,688,13.742,,,704512,
5.242133,NAK,688,13.742,,,704512,
5.242157,DUPACK,688,13.742,,,704512,
5.243745,RETX,688,13.742,,200.000,704512,
5.243975,RETX,689,13.742,,200.000,704512,
5.244201,RETX,690,13.742,,200.000,704512,
5.244427,RETX,691,13.742,,200.000,704512,
5.244652,RETX,692,13.742,,200.000,704512,
5.244881,RETX,693,13.742,,200.000,704512,
5.245105,RETX,694,13.742,,200.000,704512,
5.245329,RETX,695,13.742,,200.000,704512,
5.245554,RETX,696,13.742,,200.000,704512,
5.245778,RETX,697,13.742,,200.000,704512,
5.245955,RETX,698,13.742,,200.000,704512,
5.246131,RETX,699,13.742,,200.000,704512,
5.246307,RETX,700,13.742,,200.000,704512,
5.286480,NAK,688,13.742,,,704512,
5.286545,DUPACK,688,13.742,,,704512,
5.287453,NAK,688,13.742,,,704512,
5.287539,DUPACK,688,13.742,,,704512,
5.289598,NAK,688,13.742,,,704512,
5.289656,DUPACK,688,13.742,,,704512,
5.289685,NAK,688,13.742,,,704512,
5.289713,DUPACK,688,13.742,,,704512,
5.289762,NAK,688,13.742,,,704512,
5.289877,DUPACK,688,13.742,,,704512,
5.290941,NAK,688,13.742,,,704512,
5.291080,DUPACK,688,13.742,,,704512,
5.291113,NAK,688,13.742,,,704512,
5.291142,DUPACK,688,13.742,,,704512,
5.292007,NAK,688,13.742,,,704512,
5.292061,DUPACK,688,13.742,,,704512,
5.292223,ACK,689,13.815,,,705536,"cum ack, base->689"
5.292628,RETX,701,13.815,,200.000,705536,
5.292647,STATS,-1,13.815,,200.000,705536,base=689 next=702
5.293424,ACK,690,13.887,,,706560,"cum ack, base->690"
5.293537,ACK,691,13.960,,,707584,"cum ack, base->691"
5.293587,ACK,692,14.031,,,708608,"cum ack, base->692"
5.293620,ACK,693,14.102,,,709632,"cum ack, base->693"
5.293651,ACK,694,14.173,,,710656,"cum ack, base->694"
5.293923,ACK,695,14.244,,,711680,"cum ack, base->695"
5.293958,ACK,696,14.314,,,712704,"cum ack, base->696"
5.293989,ACK,697,14.384,,,713728,"cum ack, base->697"
5.294019,ACK,698,14.453,,,714752,"cum ack, base->698"
5.295051,RETX,702,14.453,,200.000,714752,
5.295283,SEND,703,14.453,,200.000,714752,
5.295509,SEND,704,14.453,,200.000,714752,
5.295736,SEND,705,14.453,,200.000,714752,
5.295968,SEND,706,14.453,,200.000,714752,
5.296193,SEND,707,14.453,,200.000,714752,
5.296417,SEND,708,14.453,,200.000,714752,
5.296641,SEND,709,14.453,,200.000,714752,
5.296864,SEND,710,14.453,,200.000,714752,
5.297090,SEND,711,14.453,,200.000,714752,
5.298798,ACK,699,14.523,,,715776,"cum ack, base->699"
5.298833,ACK,700,14.592,,,716800,"cum ack, base->700"
5.298864,ACK,701,14.660,,,717824,"cum ack, base->701"
5.299851,SEND,712,14.660,,200.000,717824,
5.300082,SEND,713,14.660,,200.000,717824,
5.300310,SEND,714,14.660,,200.000,717824,
5.334420,ACK,702,14.728,,,718848,"cum ack, base->702"
5.335402,SEND,715,14.728,,200.000,718848,
5.335484,ACK,703,14.796,,,719872,"cum ack, base->703"
5.338175,SEND,716,14.796,,200.000,719872,
5.346329,ACK,704,14.864,,,720896,"cum ack, base->704"
5.346373,ACK,705,14.931,,,721920,"cum ack, base->705"
5.346631,SEND,717,14.931,,200.000,721920,
5.346862,SEND,718,14.931,,200.000,721920,
5.347569,ACK,706,14.998,,,722944,"cum ack, base->706"
5.347605,ACK,707,15.065,,,723968,"cum ack, base->707"
5.347637,ACK,708,15.131,,,724992,"cum ack, base->708"
5.347667,ACK,709,15.197,,,726016,"cum ack, base->709"
5.349646,SEND,719,15.197,,200.000,726016,
5.349882,SEND,720,15.197,,200.000,726016,
5.350131,SEND,721,15.197,,200.000,726016,
5.350359,SEND,722,15.197,,200.000,726016,
5.350588,SEND,723,15.197,,200.000,726016,
5.353269,ACK,710,15.263,,,727040,"cum ack, base->710"
5.355836,SEND,724,15.263,,200.000,727040,
5.356740,ACK,711,15.328,,,728064,"cum ack, base->711"
5.356813,ACK,712,15.394,,,729088,"cum ack, base->712"
5.356855,ACK,713,15.459,,,730112,"cum ack, base->713"
5.356889,ACK,714,15.523,,,731136,"cum ack, base->714"
5.358624,SEND,725,15.523,,200.000,731136,
5.358891,SEND,726,15.523,,200.000,731136,
5.359513,SEND,727,15.523,,200.000,731136,
5.359731,SEND,728,15.523,,200.000,731136,
5.359877,ACK,715,15.588,,,732160,"cum ack, base->715"
5.362891,SEND,729,15.588,,200.000,732160,
5.377993,ACK,716,15.652,,,733184,"cum ack, base->716"
5.380592,SEND,730,15.652,,200.000,733184,
5.381614,ACK,717,15.716,,,734208,"cum ack, base->717"
5.383388,SEND,731,15.716,,200.000,734208,
5.393174,STATS,-1,15.716,,200.000,734208,base=717 next=732
5.393861,ACK,718,15.779,,,735232,"cum ack, base->718"
5.393927,ACK,719,15.843,,,736256,"cum ack, base->719"
5.395689,SEND,732,15.843,,200.000,736256,
5.395905,SEND,733,15.843,,200.000,736256,
5.399734,ACK,720,15.906,,,737280,"cum ack, base->720"
5.399794,ACK,721,15.969,,,738304,"cum ack, base->721"
5.399833,ACK,722,16.031,,,739328,"cum ack, base->722"
5.399864,ACK,723,16.094,,,740352,"cum ack, base->723"
5.399898,ACK,724,16.156,,,741376,"cum ack, base->724"
5.399928,ACK,725,16.218,,,742400,"cum ack, base->725"
5.401279,SEND,734,16.218,,200.000,742400,
5.401489,SEND,735,16.218,,200.000,742400,
5.401660,SEND,736,16.218,,200.000,742400,
5.401830,SEND,737,16.218,,200.000,742400,
5.402084,SEND,738,16.218,,200.000,742400,
5.402332,SEND,739,16.218,,200.000,742400,
5.402604,SEND,740,16.218,,200.000,742400,
5.402786,ACK,726,16.279,,,743424,"cum ack, base->726"
5.402864,ACK,727,16.341,,,744448,"cum ack, base->727"
5.404957,ACK,728,16.402,,,745472,"cum ack, base->728"
5.405383,SEND,741,16.402,,200.000,745472,
5.405722,SEND,742,16.402,,200.000,745472,
5.405893,SEND,743,16.402,,200.000,745472,
5.407909,ACK,729,16.463,,,746496,"cum ack, base->729"
5.408545,SEND,744,16.463,,200.000,746496,
5.411072,ACK,730,16.524,,,747520,"cum ack, base->730"
5.411487,SEND,745,16.524,,200.000,747520,
5.421821,ACK,732,16.645,,,749568,"cum ack, base->732"
5.422189,SEND,746,16.645,,200.000,749568,
5.422533,SEND,747,16.645,,200.000,749568,
5.437338,ACK,733,16.705,,,750592,"cum ack, base->733"
5.438319,SEND,748,16.705,,200.000,750592,
5.442966,ACK,734,16.765,,,751616,"cum ack, base->734"
5.444844,SEND,749,16.765,,200.000,751616,
5.445053,DUPACK,734,16.765,,,751616,
5.450341,DUPACK,734,16.765,,,751616,
5.451763,NAK,734,16.765,,,751616,
5.451793,FASTRETX,734,14.902,,200.000,751616,nak
5.452824,RETX,734,14.902,,200.000,751616,
5.453076,RETX,735,14.902,,200.000,751616,
5.453259,RETX,736,14.902,,200.000,751616,
5.453435,RETX,737,14.902,,200.000,751616,
5.453636,RETX,738,14.902,,200.000,751616,
5.453820,RETX,739,14.902,,200.000,751616,
5.453991,RETX,740,14.902,,200.000,751616,
5.454157,RETX,741,14.902,,200.000,751616,
5.454327,RETX,742,14.902,,200.000,751616,
5.454588,RETX,743,14.902,,200.000,751616,
5.454779,RETX,744,14.902,,200.000,751616,
5.454952,RETX,745,14.902,,200.000,751616,
5.455290,RETX,746,14.902,,200.000,751616,
5.455844,RETX,747,14.902,,200.000,751616,
5.456565,DUPACK,734,14.902,,,751616,
5.456627,NAK,734,14.902,,,751616,
5.456662,DUPACK,734,14.902,,,751616,
5.456691,DUPACK,734,14.902,,,751616,
5.456723,NAK,734,14.902,,,751616,
5.456750,DUPACK,734,14.902,,,751616,
5.456775,NAK,734,14.902,,,751616,
5.456808,DUPACK,734,14.902,,,751616,
5.456867,NAK,734,14.902,,,751616,
5.456903,DUPACK,734,14.902,,,751616,
5.456933,DUPACK,734,14.902,,,751616,
5.456958,NAK,734,14.902,,,751616,
5.456984,DUPACK,734,14.902,,,751616,
5.465955,DUPACK,734,14.902,,,751616,
5.474197,NAK,734,14.902,,,751616,
5.479556,NAK,734,14.902,,,751616,
5.479624,DUPACK,734,14.902,,,751616,
5.494781,STATS,-1,14.902,,200.000,751616,base=734 next=748
5.499511,ACK,735,14.969,,,752640,"cum ack, base->735"
5.500008,RETX,748,14.969,,200.000,752640,
5.502001,ACK,736,15.036,,,753664,"cum ack, base->736"
5.502817,RETX,749,15.036,,200.000,753664,
5.503096,SEND,750,15.036,,200.000,753664,
5.508037,ACK,737,15.102,,,754688,"cum ack, base->737"
5.508112,ACK,738,15.168,,,755712,"cum ack, base->738"
5.508148,NAK,738,15.168,,,755712,
5.508161,FASTRETX,738,15.168,,200.000,755712,nak
5.508195,DUPACK,738,15.168,,,755712,
5.508373,NAK,738,15.168,,,755712,
5.508415,NAK,738,15.168,,,755712,
5.508447,DUPACK,738,15.168,,,755712,
5.508476,NAK,738,15.168,,,755712,
5.508511,DUPACK,738,15.168,,,755712,
5.508542,NAK,738,15.168,,,755712,
5.508572,DUPACK,738,15.168,,,755712,
5.508603,NAK,738,15.168,,,755712,
5.508633,DUPACK,738,15.168,,,755712,
5.508663,NAK,738,15.168,,,755712,
5.508693,DUPACK,738,15.168,,,755712,
5.508725,NAK,738,15.168,,,755712,
5.510207,RETX,738,15.168,,200.000,755712,
5.510528,RETX,739,15.168,,200.000,755712,
5.511585,RETX,740,15.168,,200.000,755712,
5.511888,RETX,741,15.168,,200.000,755712,
5.512119,RETX,742,15.168,,200.000,755712,
5.512351,RETX,743,15.168,,200.000,755712,
5.512586,RETX,744,15.168,,200.000,755712,
5.512815,RETX,745,15.168,,200.000,755712,
5.513046,RETX,746,15.168,,200.000,755712,
5.513270,RETX,747,15.168,,200.000,755712,
5.513495,RETX,748,15.168,,200.000,755712,
5.513673,RETX,749,15.168,,200.000,755712,
5.513849,RETX,750,15.168,,200.000,755712,
5.514026,SEND,751,15.168,,200.000,755712,
5.514205,SEND,752,15.168,,200.000,755712,
5.514296,DUPACK,738,15.168,,,755712,
5.514339,NAK,738,15.168,,,755712,
5.514365,DUPACK,738,15.168,,,755712,
5.545060,NAK,738,15.168,,,755712,
5.545463,DUPACK,738,15.168,,,755712,
5.550905,NAK,738,15.168,,,755712,
5.550948,DUPACK,738,15.168,,,755712,
5.559609,ACK,739,15.234,,,756736,"cum ack, base->739"
5.559649,ACK,740,15.300,,,757760,"cum ack, base->740"
5.562089,SEND,753,15.300,,200.000,757760,
5.562279,SEND,754,15.300,,200.000,757760,
5.564423,ACK,741,15.365,,,758784,"cum ack, base->741"
5.564458,ACK,742,15.430,,,759808,"cum ack, base->742"
5.564492,ACK,743,15.495,,,760832,"cum ack, base->743"
5.564517,ACK,744,15.560,,,761856,"cum ack, base->744"
5.564548,ACK,745,15.624,,,762880,"cum ack, base->745"
5.564570,ACK,746,15.688,,,763904,"cum ack, base->746"
5.564594,ACK,747,15.752,,,764928,"cum ack, base->747"
5.564619,ACK,748,15.815,,,765952,"cum ack, base->748"
5.564639,ACK,749,15.879,,,766976,"cum ack, base->749"
5.564655,NAK,749,15.879,,,766976,
5.564662,FASTRETX,749,15.879,,200.000,766976,nak
5.564680,DUPACK,749,15.879,,,766976,
5.564696,NAK,749,15.879,,,766976,
5.564713,DUPACK,749,15.879,,,766976,
5.564805,NAK,749,15.879,,,766976,
5.564975,RETX,749,15.879,,200.000,766976,
5.565125,RETX,750,15.879,,200.000,766976,
5.565271,RETX,751,15.879,,200.000,766976,
5.565415,RETX,752,15.879,,200.000,766976,
5.565561,RETX,753,15.879,,200.000,766976,
5.565705,RETX,754,15.879,,200.000,766976,
5.565850,SEND,755,15.879,,200.000,766976,
5.565996,SEND,756,15.879,,200.000,766976,
5.566141,SEND,757,15.879,,200.000,766976,
5.566287,SEND,758,15.879,,200.000,766976,
5.566434,SEND,759,15.879,,200.000,766976,
5.566579,SEND,760,15.879,,200.000,766976,
5.566723,SEND,761,15.879,,200.000,766976,
5.566867,SEND,762,15.879,,200.000,766976,
5.567011,SEND,763,15.879,,200.000,766976,
5.567056,DUPACK,749,15.879,,,766976,
5.597211,STATS,-1,15.879,,200.000,766976,base=749 next=764
5.602385,NAK,749,15.879,,,766976,
5.606695,DUPACK,749,15.879,,,766976,
5.606720,NAK,749,15.879,,,766976,
5.606741,DUPACK,749,15.879,,,766976,
5.608621,ACK,750,15.942,,,768000,"cum ack, base->750"
5.608913,ACK,751,16.004,,,769024,"cum ack, base->751"
5.609161,ACK,752,16.067,,,770048,"cum ack, base->752"
5.610040,SEND,764,16.067,,200.000,770048,
5.610280,SEND,765,16.067,,200.000,770048,
5.610512,SEND,766,16.067,,200.000,770048,
5.610745,SEND,767,16.067,,200.000,770048,
5.616692,ACK,753,16.129,,,771072,"cum ack, base->753"
5.616727,ACK,754,16.191,,,772096,"cum ack, base->754"
5.616759,ACK,755,16.253,,,773120,"cum ack, base->755"
5.616790,ACK,756,16.314,,,774144,"cum ack, base->756"
5.616819,ACK,757,16.376,,,775168,"cum ack, base->757"
5.617685,ACK,758,16.437,,,776192,"cum ack, base->758"
5.617723,ACK,759,16.497,,,777216,"cum ack, base->759"
5.617754,ACK,760,16.558,,,778240,"cum ack, base->760"
5.617783,ACK,761,16.618,,,779264,"cum ack, base->761"
5.617813,ACK,762,16.679,,,780288,"cum ack, base->762"
5.617841,ACK,763,16.739,,,781312,"cum ack, base->763"
5.617869,ACK,764,16.798,,,782336,"cum ack, base->764"
5.618542,SEND,768,16.798,,200.000,782336,
5.618791,SEND,769,16.798,,200.000,782336,
5.619014,SEND,770,16.798,,200.000,782336,
5.619238,SEND,771,16.798,,200.000,782336,
5.619465,SEND,772,16.798,,200.000,782336,
5.619690,SEND,773,16.798,,200.000,782336,
5.619913,SEND,774,16.798,,200.000,782336,
5.620136,SEND,775,16.798,,200.000,782336,
5.620363,SEND,776,16.798,,200.000,782336,
5.620586,SEND,777,16.798,,200.000,782336,
5.620815,SEND,778,16.798,,200.000,782336,
5.621040,SEND,779,16.798,,200.000,782336,
5.658975,NAK,764,16.798,,,782336,
5.659013,FASTRETX,764,14.932,,200.000,782336,nak
5.659127,DUPACK,764,14.932,,,782336,
5.659173,NAK,764,14.932,,,782336,
5.659216,DUPACK,764,14.932,,,782336,
5.659255,NAK,764,14.932,,,782336,
5.659421,DUPACK,764,14.932,,,782336,
5.660950,RETX,764,14.932,,200.000,782336,
5.661483,RETX,765,14.932,,200.000,782336,
5.662137,RETX,766,14.932,,200.000,782336,
5.662546,RETX,767,14.932,,200.000,782336,
5.663406,RETX,768,14.932,,200.000,782336,
5.663627,RETX,769,14.932,,200.000,782336,
5.663871,RETX,770,14.932,,200.000,782336,
5.664090,RETX,771,14.932,,200.000,782336,
5.664298,RETX,772,14.932,,200.000,782336,
5.664500,RETX,773,14.932,,200.000,782336,
5.664767,RETX,774,14.932,,200.000,782336,
5.665004,RETX,775,14.932,,200.000,782336,
5.665231,RETX,776,14.932,,200.000,782336,
5.665454,RETX,777,14.932,,200.000,782336,
5.665512,NAK,764,14.932,,,782336,
5.665543,DUPACK,764,14.932,,,782336,
5.665569,NAK,764,14.932,,,782336,
5.665594,DUPACK,764,14.932,,,782336,
5.665618,NAK,764,14.932,,,782336,
5.665642,DUPACK,764,14.932,,,782336,
5.665665,NAK,764,14.932,,,782336,
5.665690,DUPACK,764,14.932,,,782336,
5.665713,NAK,764,14.932,,,782336,
5.665737,DUPACK,764,14.932,,,782336,
5.665761,NAK,764,14.932,,,782336,
5.665784,NAK,764,14.932,,,782336,
5.667163,DUPACK,764,14.932,,,782336,
5.667197,DUPACK,764,14.932,,,782336,
5.667221,NAK,764,14.932,,,782336,
5.667248,DUPACK,764,14.932,,,782336,
5.667270,NAK,764,14.932,,,782336,
5.667295,DUPACK,764,14.932,,,782336,
5.672309,NAK,764,14.932,,,782336,
5.672991,DUPACK,764,14.932,,,782336,
5.699186,STATS,-1,14.932,,200.000,782336,base=764 next=778
5.703091,ACK,765,14.999,,,783360,"cum ack, base->765"
5.704686,RETX,778,14.999,,200.000,783360,
5.704815,ACK,766,15.066,,,784384,"cum ack, base->766"
5.708438,RETX,779,15.066,,200.000,784384,
5.708721,SEND,780,15.066,,200.000,784384,
5.714702,ACK,767,15.132,,,785408,"cum ack, base->767"
5.715060,ACK,768,15.198,,,786432,"cum ack, base->768"
5.715131,ACK,769,15.264,,,787456,"cum ack, base->769"
5.715178,NAK,769,15.264,,,787456,
5.715193,FASTRETX,769,15.264,,200.000,787456,nak
5.715235,DUPACK,769,15.264,,,787456,
5.715277,NAK,769,15.264,,,787456,
5.715319,DUPACK,769,15.264,,,787456,
5.715357,NAK,769,15.264,,,787456,
5.715395,DUPACK,769,15.264,,,787456,
5.715432,NAK,769,15.264,,,787456,
5.715470,DUPACK,769,15.264,,,787456,
5.715511,NAK,769,15.264,,,787456,
5.716802,RETX,769,15.264,,200.000,787456,
5.717211,RETX,770,15.264,,200.000,787456,
5.717464,RETX,771,15.264,,200.000,787456,
5.717669,RETX,772,15.264,,200.000,787456,
5.717886,RETX,773,15.264,,200.000,787456,
5.718096,RETX,774,15.264,,200.000,787456,
5.718339,RETX,775,15.264,,200.000,787456,
5.718560,RETX,776,15.264,,200.000,787456,
5.718810,RETX,777,15.264,,200.000,787456,
5.719020,RETX,778,15.264,,200.000,787456,
5.719226,RETX,779,15.264,,200.000,787456,
5.719431,RETX,780,15.264,,200.000,787456,
5.719681,SEND,781,15.264,,200.000,787456,
5.719854,SEND,782,15.264,,200.000,787456,
5.720131,SEND,783,15.264,,200.000,787456,
5.720281,DUPACK,769,15.264,,,787456,
5.720415,NAK,769,15.264,,,787456,
5.720550,DUPACK,769,15.264,,,787456,
5.720655,NAK,769,15.264,,,787456,
5.720773,DUPACK,769,15.264,,,787456,
5.735402,NAK,769,15.264,,,787456,
5.743891,DUPACK,769,15.264,,,787456,
5.748620,DUPACK,769,15.264,,,787456,
5.748647,NAK,769,15.264,,,787456,
5.753567,DUPACK,769,15.264,,,787456,
5.764426,ACK,770,15.329,,,788480,"cum ack, base->770"
5.764714,SEND,784,15.329,,200.000,788480,
5.764797,ACK,771,15.395,,,789504,"cum ack, base->771"
5.767278,SEND,785,15.395,,200.000,789504,
5.767403,ACK,772,15.459,,,790528,"cum ack, base->772"
5.767455,ACK,773,15.524,,,791552,"cum ack, base->773"
5.767489,ACK,774,15.589,,,792576,"cum ack, base->774"
5.767524,ACK,775,15.653,,,793600,"cum ack, base->775"
5.770038,SEND,786,15.653,,200.000,793600,
5.770225,SEND,787,15.653,,200.000,793600,
5.770400,SEND,788,15.653,,200.000,793600,
5.770569,SEND,789,15.653,,200.000,793600,
5.770671,NAK,775,15.653,,,793600,
5.770701,FASTRETX,775,15.653,,200.000,793600,nak
5.770761,DUPACK,775,15.653,,,793600,
5.771625,NAK,775,15.653,,,793600,
5.771675,DUPACK,775,15.653,,,793600,
5.771704,NAK,775,15.653,,,793600,
5.771731,DUPACK,775,15.653,,,793600,
5.771756,NAK,775,15.653,,,793600,
5.771782,DUPACK,775,15.653,,,793600,
5.771840,DUPACK,775,15.653,,,793600,
5.771882,NAK,775,15.653,,,793600,
5.771911,DUPACK,775,15.653,,,793600,
5.771938,NAK,775,15.653,,,793600,
5.771964,DUPACK,775,15.653,,,793600,
5.771988,NAK,775,15.653,,,793600,
5.774343,RETX,775,15.653,,200.000,793600,
5.774553,RETX,776,15.653,,200.000,793600,
5.774727,RETX,777,15.653,,200.000,793600,
5.774901,RETX,778,15.653,,200.000,793600,
5.775069,RETX,779,15.653,,200.000,793600,
5.775240,RETX,780,15.653,,200.000,793600,
5.775407,RETX,781,15.653,,200.000,793600,
5.775707,RETX,782,15.653,,200.000,793600,
5.776061,RETX,783,15.653,,200.000,793600,
5.776345,RETX,784,15.653,,200.000,793600,
5.776576,RETX,785,15.653,,200.000,793600,
5.776801,RETX,786,15.653,,200.000,793600,
5.777025,RETX,787,15.653,,200.000,793600,
5.777248,RETX,788,15.653,,200.000,793600,
5.777472,RETX,789,15.653,,200.000,793600,
5.777553,DUPACK,775,15.653,,,793600,
5.800531,STATS,-1,15.653,,200.000,793600,base=775 next=790
5.809426,NAK,775,15.653,,,793600,
5.819467,NAK,775,15.653,,,793600,
5.819527,DUPACK,775,15.653,,,793600,
5.819566,NAK,775,15.653,,,793600,
5.819602,DUPACK,775,15.653,,,793600,
5.819634,NAK,775,15.653,,,793600,
5.819671,DUPACK,775,15.653,,,793600,
5.819700,NAK,775,15.653,,,793600,
5.819731,DUPACK,775,15.653,,,793600,
5.819784,ACK,776,15.717,,,794624,"cum ack, base->776"
5.821071,SEND,790,15.717,,200.000,794624,
5.821335,ACK,777,15.780,,,795648,"cum ack, base->777"
5.824277,SEND,791,15.780,,200.000,795648,
5.825382,ACK,778,15.844,,,796672,"cum ack, base->778"
5.825475,ACK,779,15.907,,,797696,"cum ack, base->779"
5.825529,ACK,780,15.970,,,798720,"cum ack, base->780"
5.825580,ACK,781,16.032,,,799744,"cum ack, base->781"
5.825628,ACK,782,16.095,,,800768,"cum ack, base->782"
5.825675,ACK,783,16.157,,,801792,"cum ack, base->783"
5.825729,ACK,784,16.219,,,802816,"cum ack, base->784"
5.825777,ACK,785,16.280,,,803840,"cum ack, base->785"
5.825824,ACK,786,16.342,,,804864,"cum ack, base->786"
5.825873,ACK,787,16.403,,,805888,"cum ack, base->787"
5.825922,ACK,788,16.464,,,806912,"cum ack, base->788"
5.825972,ACK,789,16.525,,,807936,"cum ack, base->789"
5.828550,SEND,792,16.525,,200.000,807936,
5.829240,SEND,793,16.525,,200.000,807936,
5.830358,SEND,794,16.525,,200.000,807936,
5.830584,SEND,795,16.525,,200.000,807936,
5.830795,SEND,796,16.525,,200.000,807936,
5.831002,SEND,797,16.525,,200.000,807936,
5.831409,SEND,798,16.525,,200.000,807936,
5.831703,SEND,799,16.525,,200.000,807936,
5.831930,SEND,800,16.525,,200.000,807936,
5.832154,SEND,801,16.525,,200.000,807936,
5.832382,SEND,802,16.525,,200.000,807936,
5.832607,SEND,803,16.525,,200.000,807936,
5.832833,SEND,804,16.525,,200.000,807936,
5.832904,ACK,790,16.585,,,808960,"cum ack, base->790"
5.835712,SEND,805,16.585,,200.000,808960,
5.870152,ACK,791,16.645,,,809984,"cum ack, base->791"
5.870252,ACK,792,16.705,,,811008,"cum ack, base->792"
5.870920,SEND,806,16.705,,200.000,811008,
5.871161,SEND,807,16.705,,200.000,811008,
5.880606,ACK,793,16.765,,,812032,"cum ack, base->793"
5.880685,ACK,794,16.825,,,813056,"cum ack, base->794"
5.880739,ACK,796,16.944,,,815104,"cum ack, base->796"
5.880841,DUPACK,796,16.944,,,815104,
5.880903,NAK,796,16.944,,,815104,
5.880922,FASTRETX,796,15.061,,200.000,815104,nak
5.880962,DUPACK,796,15.061,,,815104,
5.880992,DUPACK,796,15.061,,,815104,
5.881021,NAK,796,15.061,,,815104,
5.881051,DUPACK,796,15.061,,,815104,
5.881080,NAK,796,15.061,,,815104,
5.881110,DUPACK,796,15.061,,,815104,
5.881155,NAK,796,15.061,,,815104,
5.881266,DUPACK,796,15.061,,,815104,
5.881719,RETX,796,15.061,,200.000,815104,
5.881939,RETX,797,15.061,,200.000,815104,
5.882161,RETX,798,15.061,,200.000,815104,
5.882412,RETX,799,15.061,,200.000,815104,
5.882625,RETX,800,15.061,,200.000,815104,
5.882829,RETX,801,15.061,,200.000,815104,
5.883033,RETX,802,15.061,,200.000,815104,
5.883298,RETX,803,15.061,,200.000,815104,
5.883557,RETX,804,15.061,,200.000,815104,
5.883814,RETX,805,15.061,,200.000,815104,
5.884156,RETX,806,15.061,,200.000,815104,
5.884516,RETX,807,15.061,,200.000,815104,
5.884745,SEND,808,15.061,,200.000,815104,
5.884973,SEND,809,15.061,,200.000,815104,
5.885199,SEND,810,15.061,,200.000,815104,
5.885269,NAK,796,15.061,,,815104,
5.885303,DUPACK,796,15.061,,,815104,
5.885330,NAK,796,15.061,,,815104,
5.885356,DUPACK,796,15.061,,,815104,
5.885451,NAK,796,15.061,,,815104,
5.885477,DUPACK,796,15.061,,,815104,
5.900572,STATS,-1,15.061,,200.000,815104,base=796 next=811
5.922911,NAK,796,15.061,,,815104,
5.922983,DUPACK,796,15.061,,,815104,
5.923145,ACK,797,15.127,,,816128,"cum ack, base->797"
5.924958,SEND,811,15.127,,200.000,816128,
5.934108,ACK,798,15.194,,,817152,"cum ack, base->798"
5.934179,ACK,799,15.259,,,818176,"cum ack, base->799"
5.934227,ACK,800,15.325,,,819200,"cum ack, base->800"
5.934267,ACK,801,15.390,,,820224,"cum ack, base->801"
5.934306,ACK,802,15.455,,,821248,"cum ack, base->802"
5.934344,ACK,803,15.520,,,822272,"cum ack, base->803"
5.934383,ACK,804,15.584,,,823296,"cum ack, base->804"
5.934429,NAK,804,15.584,,,823296,
5.934444,FASTRETX,804,15.584,,200.000,823296,nak
5.934481,DUPACK,804,15.584,,,823296,
5.934952,RETX,804,15.584,,200.000,823296,
5.935177,RETX,805,15.584,,200.000,823296,
5.935384,RETX,806,15.584,,200.000,823296,
5.935563,RETX,807,15.584,,200.000,823296,
5.935765,RETX,808,15.584,,200.000,823296,
5.935949,RETX,809,15.584,,200.000,823296,
5.936120,RETX,810,15.584,,200.000,823296,
5.936294,RETX,811,15.584,,200.000,823296,
5.936463,SEND,812,15.584,,200.000,823296,
5.936691,SEND,813,15.584,,200.000,823296,
5.936922,SEND,814,15.584,,200.000,823296,
5.937168,SEND,815,15.584,,200.000,823296,
5.937343,SEND,816,15.584,,200.000,823296,
5.937515,SEND,817,15.584,,200.000,823296,
5.937719,SEND,818,15.584,,200.000,823296,
5.937796,DUPACK,804,15.584,,,823296,
5.937822,NAK,804,15.584,,,823296,
5.937840,DUPACK,804,15.584,,,823296,
5.937856,NAK,804,15.584,,,823296,
5.937870,DUPACK,804,15.584,,,823296,
5.970564,NAK,804,15.584,,,823296,
5.974845,DUPACK,804,15.584,,,823296,
5.989866,ACK,805,15.648,,,824320,"cum ack, base->805"
5.989936,ACK,806,15.712,,,825344,"cum ack, base->806"
5.989974,ACK,807,15.776,,,826368,"cum ack, base->807"
5.990095,ACK,808,15.839,,,827392,"cum ack, base->808"
5.990130,ACK,809,15.902,,,828416,"cum ack, base->809"
5.990164,ACK,810,15.965,,,829440,"cum ack, base->810"
5.990196,ACK,811,16.028,,,830464,"cum ack, base->811"
5.990227,ACK,812,16.090,,,831488,"cum ack, base->812"
5.990295,ACK,813,16.153,,,832512,"cum ack, base->813"
5.990381,ACK,814,16.214,,,833536,"cum ack, base->814"
5.990463,ACK,815,16.276,,,834560,"cum ack, base->815"
5.990503,ACK,816,16.338,,,835584,"cum ack, base->816"
5.990537,ACK,817,16.399,,,836608,"cum ack, base->817"
5.990568,ACK,818,16.460,,,837632,"cum ack, base->818"
5.990862,ACK,819,16.521,,,838656,"cum ack, base->819"
5.991764,SEND,819,16.521,,200.000,838656,
5.991976,SEND,820,16.521,,200.000,838656,
5.992238,SEND,821,16.521,,200.000,838656,
5.992565,SEND,822,16.521,,200.000,838656,
5.992763,SEND,823,16.521,,200.000,838656,
5.993001,SEND,824,16.521,,200.000,838656,
5.993185,SEND,825,16.521,,200.000,838656,
5.993427,SEND,826,16.521,,200.000,838656,
5.993637,SEND,827,16.521,,200.000,838656,
5.993915,SEND,828,16.521,,200.000,838656,
5.994280,SEND,829,16.521,,200.000,838656,
5.994460,SEND,830,16.521,,200.000,838656,
5.994628,SEND,831,16.521,,200.000,838656,
5.994815,SEND,832,16.521,,200.000,838656,
5.995628,SEND,833,16.521,,200.000,838656,
5.995812,SEND,834,16.521,,200.000,838656,
6.003110,STATS,-1,16.521,,200.000,838656,base=819 next=835
6.031705,ACK,820,16.581,,,839680,"cum ack, base->820"
6.031780,ACK,821,16.641,,,840704,"cum ack, base->821"
6.033073,SEND,835,16.641,,200.000,840704,
6.033293,SEND,836,16.641,,200.000,840704,
6.036642,ACK,822,16.701,,,841728,"cum ack, base->822"
6.038796,SEND,837,16.701,,200.000,841728,
6.045344,ACK,823,16.761,,,842752,"cum ack, base->823"
6.045451,ACK,824,16.821,,,843776,"cum ack, base->824"
6.045509,ACK,825,16.880,,,844800,"cum ack, base->825"
6.045554,NAK,825,16.880,,,844800,
6.045574,FASTRETX,825,15.005,,200.000,844800,nak
6.045616,DUPACK,825,15.005,,,844800,
6.047220,RETX,825,15.005,,200.000,844800,
6.047680,RETX,826,15.005,,200.000,844800,
6.047996,RETX,827,15.005,,200.000,844800,
6.048386,RETX,828,15.005,,200.000,844800,
6.048602,RETX,829,15.005,,200.000,844800,
6.049211,RETX,830,15.005,,200.000,844800,
6.049566,RETX,831,15.005,,200.000,844800,
6.049795,RETX,832,15.005,,200.000,844800,
6.050115,RETX,833,15.005,,200.000,844800,
6.050358,RETX,834,15.005,,200.000,844800,
6.050587,RETX,835,15.005,,200.000,844800,
6.050815,RETX,836,15.005,,200.000,844800,
6.051040,RETX,837,15.005,,200.000,844800,
6.051269,SEND,838,15.005,,200.000,844800,
6.051495,SEND,839,15.005,,200.000,844800,
6.051597,NAK,825,15.005,,,844800,
6.051647,DUPACK,825,15.005,,,844800,
6.051677,NAK,825,15.005,,,844800,
6.051705,DUPACK,825,15.005,,,844800,
6.051731,NAK,825,15.005,,,844800,
6.051757,DUPACK,825,15.005,,,844800,
6.051781,NAK,825,15.005,,,844800,
6.051806,DUPACK,825,15.005,,,844800,
6.051830,NAK,825,15.005,,,844800,
6.051855,DUPACK,825,15.005,,,844800,
6.051878,NAK,825,15.005,,,844800,
6.051904,DUPACK,825,15.005,,,844800,
6.051926,NAK,825,15.005,,,844800,
6.051950,DUPACK,825,15.005,,,844800,
6.051973,NAK,825,15.005,,,844800,
6.051997,DUPACK,825,15.005,,,844800,
6.072214,NAK,825,15.005,,,844800,
6.074589,DUPACK,825,15.005,,,844800,
6.075419,NAK,825,15.005,,,844800,
6.075456,DUPACK,825,15.005,,,844800,
6.075484,NAK,825,15.005,,,844800,
6.075510,DUPACK,825,15.005,,,844800,
6.086902,ACK,826,15.071,,,845824,"cum ack, base->826"
6.089704,SEND,840,15.071,,200.000,845824,
6.098701,ACK,827,15.138,,,846848,"cum ack, base->827"
6.098775,ACK,829,15.270,,,848896,"cum ack, base->829"
6.098812,ACK,830,15.335,,,849920,"cum ack, base->830"
6.098856,ACK,831,15.400,,,850944,"cum ack, base->831"
6.098891,ACK,832,15.465,,,851968,"cum ack, base->832"
6.098921,ACK,833,15.530,,,852992,"cum ack, base->833"
6.098952,ACK,834,15.594,,,854016,"cum ack, base->834"
6.098984,ACK,835,15.658,,,855040,"cum ack, base->835"
6.099020,ACK,836,15.722,,,856064,"cum ack, base->836"
6.099052,ACK,837,15.786,,,857088,"cum ack, base->837"
6.099797,SEND,841,15.786,,200.000,857088,
6.100250,SEND,842,15.786,,200.000,857088,
6.100656,SEND,843,15.786,,200.000,857088,
6.100853,SEND,844,15.786,,200.000,857088,
6.101039,SEND,845,15.786,,200.000,857088,
6.101216,SEND,846,15.786,,200.000,857088,
6.101460,SEND,847,15.786,,200.000,857088,
6.101689,SEND,848,15.786,,200.000,857088,
6.101891,SEND,849,15.786,,200.000,857088,
6.102069,SEND,850,15.786,,200.000,857088,
6.102535,SEND,851,15.786,,200.000,857088,
6.103959,ACK,838,15.849,,,858112,"cum ack, base->838"
6.104023,ACK,839,15.912,,,859136,"cum ack, base->839"
6.105339,SEND,852,15.912,,200.000,859136,
6.105662,SEND,853,15.912,,200.000,859136,
6.105730,STATS,-1,15.912,,200.000,859136,base=839 next=854
6.130887,NAK,839,15.912,,,859136,
6.131030,FASTRETX,839,14.144,,200.000,859136,nak
6.132987,RETX,839,14.144,,200.000,859136,
6.133230,RETX,840,14.144,,200.000,859136,
6.133455,RETX,841,14.144,,200.000,859136,
6.133681,RETX,842,14.144,,200.000,859136,
6.133908,RETX,843,14.144,,200.000,859136,
6.134136,RETX,844,14.144,,200.000,859136,
6.134360,RETX,845,14.144,,200.000,859136,
6.134585,RETX,846,14.144,,200.000,859136,
6.134810,RETX,847,14.144,,200.000,859136,
6.135033,RETX,848,14.144,,200.000,859136,
6.135258,RETX,849,14.144,,200.000,859136,
6.135484,RETX,850,14.144,,200.000,859136,
6.135712,RETX,851,14.144,,200.000,859136,
6.135939,RETX,852,14.144,,200.000,859136,
6.137241,DUPACK,839,14.144,,,859136,
6.147395,NAK,839,14.144,,,859136,
6.147487,DUPACK,839,14.144,,,859136,
6.154163,NAK,839,14.144,,,859136,
6.154235,DUPACK,839,14.144,,,859136,
6.154264,NAK,839,14.144,,,859136,
6.154292,DUPACK,839,14.144,,,859136,
6.154318,NAK,839,14.144,,,859136,
6.154376,DUPACK,839,14.144,,,859136,
6.157453,NAK,839,14.144,,,859136,
6.157574,DUPACK,839,14.144,,,859136,
6.157612,NAK,839,14.144,,,859136,
6.157648,DUPACK,839,14.144,,,859136,
6.157681,NAK,839,14.144,,,859136,
6.157711,NAK,839,14.144,,,859136,
6.157742,DUPACK,839,14.144,,,859136,
6.157772,NAK,839,14.144,,,859136,
6.157802,DUPACK,839,14.144,,,859136,
6.157831,NAK,839,14.144,,,859136,
6.157862,DUPACK,839,14.144,,,859136,
6.158078,NAK,839,14.144,,,859136,
6.158435,DUPACK,839,14.144,,,859136,
6.158481,NAK,839,14.144,,,859136,
6.158547,DUPACK,839,14.144,,,859136,
6.159694,NAK,839,14.144,,,859136,
6.162800,DUPACK,839,14.144,,,859136,
6.181269,ACK,840,14.215,,,860160,"cum ack, base->840"
6.183485,ACK,841,14.285,,,861184,"cum ack, base->841"
6.183557,ACK,842,14.355,,,862208,"cum ack, base->842"
6.183967,RETX,853,14.355,,200.000,862208,
6.184184,SEND,854,14.355,,200.000,862208,
6.184388,SEND,855,14.355,,200.000,862208,
6.185396,ACK,843,14.425,,,863232,"cum ack, base->843"
6.185467,ACK,844,14.494,,,864256,"cum ack, base->844"
6.185510,ACK,845,14.563,,,865280,"cum ack, base->845"
6.185548,ACK,846,14.632,,,866304,"cum ack, base->846"
6.185742,ACK,847,14.700,,,867328,"cum ack, base->847"
6.185808,ACK,848,14.768,,,868352,"cum ack, base->848"
6.185850,ACK,849,14.836,,,869376,"cum ack, base->849"
6.185917,ACK,850,14.904,,,870400,"cum ack, base->850"
6.185958,ACK,851,14.971,,,871424,"cum ack, base->851"
6.185996,ACK,852,15.037,,,872448,"cum ack, base->852"
6.186033,ACK,853,15.104,,,873472,"cum ack, base->853"
6.187214,SEND,856,15.104,,200.000,873472,
6.187430,SEND,857,15.104,,200.000,873472,
6.187735,SEND,858,15.104,,200.000,873472,
6.187956,SEND,859,15.104,,200.000,873472,
6.188235,SEND,860,15.104,,200.000,873472,
6.188460,SEND,861,15.104,,200.000,873472,
6.188773,SEND,862,15.104,,200.000,873472,
6.189176,SEND,863,15.104,,200.000,873472,
6.189394,SEND,864,15.104,,200.000,873472,
6.189776,SEND,865,15.104,,200.000,873472,
6.190124,SEND,866,15.104,,200.000,873472,
6.190305,SEND,867,15.104,,200.000,873472,
6.205840,STATS,-1,15.104,,200.000,873472,base=853 next=868
6.219865,ACK,854,15.170,,,874496,"cum ack, base->854"
6.221180,SEND,868,15.170,,200.000,874496,
6.233663,ACK,855,15.236,,,875520,"cum ack, base->855"
6.233763,ACK,856,15.302,,,876544,"cum ack, base->856"
6.233850,ACK,857,15.367,,,877568,"cum ack, base->857"
6.236182,SEND,869,15.367,,200.000,877568,
6.236441,SEND,870,15.367,,200.000,877568,
6.236650,SEND,871,15.367,,200.000,877568,
6.236805,ACK,858,15.432,,,878592,"cum ack, base->858"
6.236892,ACK,859,15.497,,,879616,"cum ack, base->859"
6.236957,ACK,860,15.561,,,880640,"cum ack, base->860"
6.236996,ACK,861,15.626,,,881664,"cum ack, base->861"
6.237036,ACK,862,15.690,,,882688,"cum ack, base->862"
6.239530,SEND,872,15.690,,200.000,882688,
6.239814,SEND,873,15.690,,200.000,882688,
6.240087,SEND,874,15.690,,200.000,882688,
6.240482,SEND,875,15.690,,200.000,882688,
6.240942,SEND,876,15.690,,200.000,882688,
6.241529,ACK,863,15.753,,,883712,"cum ack, base->863"
6.241612,ACK,864,15.817,,,884736,"cum ack, base->864"
6.243989,SEND,877,15.817,,200.000,884736,
6.244258,SEND,878,15.817,,200.000,884736,
6.244460,ACK,865,15.880,,,885760,"cum ack, base->865"
6.244520,ACK,866,15.943,,,886784,"cum ack, base->866"
6.244560,ACK,867,16.006,,,887808,"cum ack, base->867"
6.244598,ACK,868,16.068,,,888832,"cum ack, base->868"
6.247190,SEND,879,16.068,,200.000,888832,
6.247442,SEND,880,16.068,,200.000,888832,
6.247731,SEND,881,16.068,,200.000,888832,
6.247964,SEND,882,16.068,,200.000,888832,
6.248172,SEND,883,16.068,,200.000,888832,
6.258758,ACK,869,16.131,,,889856,"cum ack, base->869"
6.261380,SEND,884,16.131,,200.000,889856,
6.273051,ACK,870,16.193,,,890880,"cum ack, base->870"
6.273827,SEND,885,16.193,,200.000,890880,
6.283494,ACK,871,16.254,,,891904,"cum ack, base->871"
6.283569,NAK,871,16.254,,,891904,
6.283588,FASTRETX,871,14.448,,200.000,891904,nak
6.284415,RETX,871,14.448,,200.000,891904,
6.284683,RETX,872,14.448,,200.000,891904,
6.285096,RETX,873,14.448,,200.000,891904,
6.285335,RETX,874,14.448,,200.000,891904,
6.285544,RETX,875,14.448,,200.000,891904,
6.285799,RETX,876,14.448,,200.000,891904,
6.286065,RETX,877,14.448,,200.000,891904,
6.286269,RETX,878,14.448,,200.000,891904,
6.286441,RETX,879,14.448,,200.000,891904,
6.286610,RETX,880,14.448,,200.000,891904,
6.286783,RETX,881,14.448,,200.000,891904,
6.286949,RETX,882,14.448,,200.000,891904,
6.287118,RETX,883,14.448,,200.000,891904,
6.287287,RETX,884,14.448,,200.000,891904,
6.287436,DUPACK,871,14.448,,,891904,
6.287526,NAK,871,14.448,,,891904,
6.287582,DUPACK,871,14.448,,,891904,
6.287609,NAK,871,14.448,,,891904,
6.287635,DUPACK,871,14.448,,,891904,
6.287889,NAK,871,14.448,,,891904,
6.290660,DUPACK,871,14.448,,,891904,
6.290759,NAK,871,14.448,,,891904,
6.290798,DUPACK,871,14.448,,,891904,
6.293820,NAK,871,14.448,,,891904,
6.293920,NAK,871,14.448,,,891904,
6.293957,DUPACK,871,14.448,,,891904,
6.293992,NAK,871,14.448,,,891904,
6.294024,DUPACK,871,14.448,,,891904,
6.298169,NAK,871,14.448,,,891904,
6.298233,DUPACK,871,14.448,,,891904,
6.298261,NAK,871,14.448,,,891904,
6.298289,DUPACK,871,14.448,,,891904,
6.298314,NAK,871,14.448,,,891904,
6.298339,DUPACK,871,14.448,,,891904,
6.304841,NAK,871,14.448,,,891904,
6.307357,STATS,-1,14.448,,200.000,891904,base=871 next=885
6.308164,DUPACK,871,14.448,,,891904,
6.331003,DUPACK,871,14.448,,,891904,
6.331186,ACK,872,14.517,,,892928,"cum ack, base->872"
6.331238,ACK,873,14.586,,,893952,"cum ack, base->873"
6.331284,ACK,874,14.655,,,894976,"cum ack, base->874"
6.333241,RETX,885,14.655,,200.000,894976,
6.333428,SEND,886,14.655,,200.000,894976,
6.333605,SEND,887,14.655,,200.000,894976,
6.333644,NAK,874,14.655,,,894976,
6.333654,FASTRETX,874,14.655,,200.000,894976,nak
6.333684,DUPACK,874,14.655,,,894976,
6.334548,NAK,874,14.655,,,894976,
6.334574,DUPACK,874,14.655,,,894976,
6.334594,NAK,874,14.655,,,894976,
6.334613,DUPACK,874,14.655,,,894976,
6.336354,RETX,874,14.655,,200.000,894976,
6.336545,RETX,875,14.655,,200.000,894976,
6.336723,RETX,876,14.655,,200.000,894976,
6.336900,RETX,877,14.655,,200.000,894976,
6.337075,RETX,878,14.655,,200.000,894976,
6.337252,RETX,879,14.655,,200.000,894976,
6.337429,RETX,880,14.655,,200.000,894976,
6.337604,RETX,881,14.655,,200.000,894976,
6.337779,RETX,882,14.655,,200.000,894976,
6.337955,RETX,883,14.655,,200.000,894976,
6.338132,RETX,884,14.655,,200.000,894976,
6.338309,RETX,885,14.655,,200.000,894976,
6.338484,RETX,886,14.655,,200.000,894976,
6.338660,RETX,887,14.655,,200.000,894976,
6.338726,NAK,874,14.655,,,894976,
6.338756,DUPACK,874,14.655,,,894976,
6.338777,NAK,874,14.655,,,894976,
6.338796,DUPACK,874,14.655,,,894976,
6.338815,NAK,874,14.655,,,894976,
6.338834,DUPACK,874,14.655,,,894976,
6.338853,NAK,874,14.655,,,894976,
6.338872,DUPACK,874,14.655,,,894976,
6.338890,NAK,874,14.655,,,894976,
6.338909,DUPACK,874,14.655,,,894976,
6.338928,NAK,874,14.655,,,894976,
6.338946,DUPACK,874,14.655,,,894976,
6.373231,NAK,874,14.655,,,894976,
6.373299,DUPACK,874,14.655,,,894976,
6.373332,NAK,874,14.655,,,894976,
6.379898,DUPACK,874,14.655,,,894976,
6.379977,NAK,874,14.655,,,894976,
6.380014,DUPACK,874,14.655,,,894976,
6.383466,ACK,875,14.723,,,896000,"cum ack, base->875"
6.384462,SEND,888,14.723,,200.000,896000,
6.384858,ACK,876,14.791,,,897024,"cum ack, base->876"
6.384925,ACK,877,14.859,,,898048,"cum ack, base->877"
6.384981,ACK,878,14.926,,,899072,"cum ack, base->878"
6.385022,ACK,879,14.993,,,900096,"cum ack, base->879"
6.385067,ACK,880,15.060,,,901120,"cum ack, base->880"
6.385105,ACK,881,15.126,,,902144,"cum ack, base->881"
6.385144,ACK,882,15.192,,,903168,"cum ack, base->882"
6.385183,ACK,883,15.258,,,904192,"cum ack, base->883"
6.387483,SEND,889,15.258,,200.000,904192,
6.387714,SEND,890,15.258,,200.000,904192,
6.387918,SEND,891,15.258,,200.000,904192,
6.388131,SEND,892,15.258,,200.000,904192,
6.388387,SEND,893,15.258,,200.000,904192,
6.388616,SEND,894,15.258,,200.000,904192,
6.389015,SEND,895,15.258,,200.000,904192,
6.389389,SEND,896,15.258,,200.000,904192,
6.389596,SEND,897,15.258,,200.000,904192,
6.391457,ACK,884,15.324,,,905216,"cum ack, base->884"
6.391648,ACK,885,15.389,,,906240,"cum ack, base->885"
6.391699,ACK,886,15.454,,,907264,"cum ack, base->886"
6.391743,ACK,887,15.518,,,908288,"cum ack, base->887"
6.391781,ACK,888,15.583,,,909312,"cum ack, base->888"
6.392781,SEND,898,15.583,,200.000,909312,
6.392996,SEND,899,15.583,,200.000,909312,
6.393429,SEND,900,15.583,,200.000,909312,
6.394343,SEND,901,15.583,,200.000,909312,
6.394716,SEND,902,15.583,,200.000,909312,
6.407648,STATS,-1,15.583,,200.000,909312,base=888 next=903
6.429159,ACK,889,15.647,,,910336,"cum ack, base->889"
6.431290,SEND,903,15.647,,200.000,910336,
6.433967,ACK,890,15.711,,,911360,"cum ack, base->890"
6.436308,SEND,904,15.711,,200.000,911360,
6.436503,ACK,891,15.775,,,912384,"cum ack, base->891"
6.436581,ACK,892,15.838,,,913408,"cum ack, base->892"
6.436636,ACK,893,15.901,,,914432,"cum ack, base->893"
6.436686,ACK,894,15.964,,,915456,"cum ack, base->894"
6.439555,SEND,905,15.964,,200.000,915456,
6.440189,SEND,906,15.964,,200.000,915456,
6.440474,SEND,907,15.964,,200.000,915456,
6.440817,SEND,908,15.964,,200.000,915456,
6.441038,ACK,895,16.027,,,916480,"cum ack, base->895"
6.441107,ACK,896,16.089,,,917504,"cum ack, base->896"
6.441160,ACK,897,16.151,,,918528,"cum ack, base->897"
6.441209,ACK,898,16.213,,,919552,"cum ack, base->898"
6.441403,NAK,898,16.213,,,919552,
6.441419,FASTRETX,898,14.412,,200.000,919552,nak
6.441467,DUPACK,898,14.412,,,919552,
6.441896,NAK,898,14.412,,,919552,
6.441946,DUPACK,898,14.412,,,919552,
6.443767,RETX,898,14.412,,200.000,919552,
6.444934,RETX,899,14.412,,200.000,919552,
6.445223,RETX,900,14.412,,200.000,919552,
6.445484,RETX,901,14.412,,200.000,919552,
6.445764,RETX,902,14.412,,200.000,919552,
6.446086,RETX,903,14.412,,200.000,919552,
6.446433,RETX,904,14.412,,200.000,919552,
6.446811,RETX,905,14.412,,200.000,919552,
6.447260,RETX,906,14.412,,200.000,919552,
6.447469,RETX,907,14.412,,200.000,919552,
6.447685,RETX,908,14.412,,200.000,919552,
6.447854,SEND,909,14.412,,200.000,919552,
6.448025,SEND,910,14.412,,200.000,919552,
6.448193,SEND,911,14.412,,200.000,919552,
6.470429,NAK,898,14.412,,,919552,
6.470465,DUPACK,898,14.412,,,919552,
6.480434,NAK,898,14.412,,,919552,
6.480460,DUPACK,898,14.412,,,919552,
6.480484,NAK,898,14.412,,,919552,
6.480504,NAK,898,14.412,,,919552,
6.480523,DUPACK,898,14.412,,,919552,
6.487904,NAK,898,14.412,,,919552,
6.487944,DUPACK,898,14.412,,,919552,
6.487977,NAK,898,14.412,,,919552,
6.488003,DUPACK,898,14.412,,,919552,
6.488044,ACK,899,14.481,,,920576,"cum ack, base->899"
6.488078,ACK,900,14.550,,,921600,"cum ack, base->900"
6.490498,SEND,912,14.550,,200.000,921600,
6.491225,SEND,913,14.550,,200.000,921600,
6.493444,ACK,901,14.619,,,922624,"cum ack, base->901"
6.494485,SEND,914,14.619,,200.000,922624,
6.494623,ACK,902,14.687,,,923648,"cum ack, base->902"
6.494685,ACK,903,14.755,,,924672,"cum ack, base->903"
6.494766,ACK,904,14.823,,,925696,"cum ack, base->904"
6.494801,ACK,905,14.891,,,926720,"cum ack, base->905"
6.494836,ACK,906,14.958,,,927744,"cum ack, base->906"
6.497303,SEND,915,14.958,,200.000,927744,
6.497514,SEND,916,14.958,,200.000,927744,
6.497687,SEND,917,14.958,,200.000,927744,
6.497854,SEND,918,14.958,,200.000,927744,
6.498043,SEND,919,14.958,,200.000,927744,
6.498512,ACK,907,15.025,,,928768,"cum ack, base->907"
6.500907,SEND,920,15.025,,200.000,928768,
6.501136,SEND,921,15.025,,200.000,928768,
6.501250,ACK,908,15.091,,,929792,"cum ack, base->908"
6.501306,ACK,909,15.157,,,930816,"cum ack, base->909"
6.501348,ACK,910,15.223,,,931840,"cum ack, base->910"
6.501388,ACK,911,15.289,,,932864,"cum ack, base->911"
6.501425,ACK,912,15.355,,,933888,"cum ack, base->912"
6.504122,SEND,922,15.355,,200.000,933888,
6.504354,SEND,923,15.355,,200.000,933888,
6.504558,SEND,924,15.355,,200.000,933888,
6.504762,SEND,925,15.355,,200.000,933888,
6.504966,SEND,926,15.355,,200.000,933888,
6.510365,STATS,-1,15.355,,200.000,933888,base=912 next=927
6.540510,ACK,913,15.420,,,934912,"cum ack, base->913"
6.540615,ACK,914,15.484,,,935936,"cum ack, base->914"
6.541162,SEND,927,15.484,,200.000,935936,
6.541803,SEND,928,15.484,,200.000,935936,
6.541929,ACK,915,15.549,,,936960,"cum ack, base->915"
6.544620,SEND,929,15.549,,200.000,936960,
6.549832,NAK,915,15.549,,,936960,
6.549871,FASTRETX,915,13.821,,200.000,936960,nak
6.549937,DUPACK,915,13.821,,,936960,
6.549983,DUPACK,915,13.821,,,936960,
6.550024,NAK,915,13.821,,,936960,
6.550068,DUPACK,915,13.821,,,936960,
6.550109,NAK,915,13.821,,,936960,
6.551116,DUPACK,915,13.821,,,936960,
6.551243,NAK,915,13.821,,,936960,
6.551314,DUPACK,915,13.821,,,936960,
6.551363,NAK,915,13.821,,,936960,
6.551407,DUPACK,915,13.821,,,936960,
6.551449,NAK,915,13.821,,,936960,
6.552425,RETX,915,13.821,,200.000,936960,
6.552883,RETX,916,13.821,,200.000,936960,
6.553164,RETX,917,13.821,,200.000,936960,
6.553446,RETX,918,13.821,,200.000,936960,
6.553792,RETX,919,13.821,,200.000,936960,
6.554221,RETX,920,13.821,,200.000,936960,
6.555231,RETX,921,13.821,,200.000,936960,
6.556026,RETX,922,13.821,,200.000,936960,
6.556315,RETX,923,13.821,,200.000,936960,
6.556632,RETX,924,13.821,,200.000,936960,
6.556994,RETX,925,13.821,,200.000,936960,
6.557320,RETX,926,13.821,,200.000,936960,
6.557553,RETX,927,13.821,,200.000,936960,
6.557642,DUPACK,915,13.821,,,936960,
6.557679,NAK,915,13.821,,,936960,
6.557711,DUPACK,915,13.821,,,936960,
6.557741,NAK,915,13.821,,,936960,
6.557769,DUPACK,915,13.821,,,936960,
6.557797,NAK,915,13.821,,,936960,
6.557825,DUPACK,915,13.821,,,936960,
6.580433,NAK,915,13.821,,,936960,
6.580725,DUPACK,915,13.821,,,936960,
6.590904,NAK,915,13.821,,,936960,
6.590980,DUPACK,915,13.821,,,936960,
6.591015,NAK,915,13.821,,,936960,
6.591091,DUPACK,915,13.821,,,936960,
6.591602,ACK,916,13.894,,,937984,"cum ack, base->916"
6.592537,RETX,928,13.894,,200.000,937984,
6.604692,NAK,916,13.894,,,937984,
6.604740,FASTRETX,916,13.894,,200.000,937984,nak
6.606481,RETX,916,13.894,,200.000,937984,
6.607002,RETX,917,13.894,,200.000,937984,
6.607271,RETX,918,13.894,,200.000,937984,
6.607675,RETX,919,13.894,,200.000,937984,
6.607886,RETX,920,13.894,,200.000,937984,
6.608360,RETX,921,13.894,,200.000,937984,
6.608587,RETX,922,13.894,,200.000,937984,
6.609263,RETX,923,13.894,,200.000,937984,
6.609514,RETX,924,13.894,,200.000,937984,
6.609684,RETX,925,13.894,,200.000,937984,
6.609970,RETX,926,13.894,,200.000,937984,
6.610155,RETX,927,13.894,,200.000,937984,
6.610549,RETX,928,13.894,,200.000,937984,
6.610566,STATS,-1,13.894,,200.000,937984,base=916 next=929
6.610646,DUPACK,916,13.894,,,937984,
6.610678,NAK,916,13.894,,,937984,
6.610705,DUPACK,916,13.894,,,937984,
6.610730,NAK,916,13.894,,,937984,
6.610755,DUPACK,916,13.894,,,937984,
6.610778,NAK,916,13.894,,,937984,
6.610802,DUPACK,916,13.894,,,937984,
6.610825,NAK,916,13.894,,,937984,
6.610849,DUPACK,916,13.894,,,937984,
6.610872,NAK,916,13.894,,,937984,
6.610896,DUPACK,916,13.894,,,937984,
6.610919,NAK,916,13.894,,,937984,
6.610942,DUPACK,916,13.894,,,937984,
6.610964,NAK,916,13.894,,,937984,
6.610987,DUPACK,916,13.894,,,937984,
6.611009,NAK,916,13.894,,,937984,
6.611032,DUPACK,916,13.894,,,937984,
6.611055,NAK,916,13.894,,,937984,
6.611077,DUPACK,916,13.894,,,937984,
6.611101,NAK,916,13.894,,,937984,
6.611125,DUPACK,916,13.894,,,937984,
6.639787,NAK,916,13.894,,,937984,
6.639997,DUPACK,916,13.894,,,937984,
6.649674,ACK,917,13.966,,,939008,"cum ack, base->917"
6.649785,ACK,918,14.037,,,940032,"cum ack, base->918"
6.650620,RETX,929,14.037,,200.000,940032,
6.650942,SEND,930,14.037,,200.000,940032,
6.651215,SEND,931,14.037,,200.000,940032,
6.654001,ACK,919,14.109,,,941056,"cum ack, base->919"
6.654986,ACK,920,14.179,,,942080,"cum ack, base->920"
6.656774,SEND,932,14.179,,200.000,942080,
6.657160,SEND,933,14.179,,200.000,942080,
6.661075,ACK,921,14.250,,,943104,"cum ack, base->921"
6.661445,SEND,934,14.250,,200.000,943104,
6.661709,ACK,922,14.320,,,944128,"cum ack, base->922"
6.662330,ACK,923,14.390,,,945152,"cum ack, base->923"
6.662449,ACK,924,14.459,,,946176,"cum ack, base->924"
6.662565,ACK,925,14.529,,,947200,"cum ack, base->925"
6.662640,ACK,926,14.597,,,948224,"cum ack, base->926"
6.662732,ACK,927,14.666,,,949248,"cum ack, base->927"
6.662788,ACK,928,14.734,,,950272,"cum ack, base->928"
6.662838,ACK,929,14.802,,,951296,"cum ack, base->929"
6.664199,SEND,935,14.802,,200.000,951296,
6.664562,SEND,936,14.802,,200.000,951296,
6.664785,SEND,937,14.802,,200.000,951296,
6.664990,SEND,938,14.802,,200.000,951296,
6.665191,SEND,939,14.802,,200.000,951296,
6.665468,SEND,940,14.802,,200.000,951296,
6.665732,SEND,941,14.802,,200.000,951296,
6.666013,SEND,942,14.802,,200.000,951296,
6.695792,ACK,930,14.870,,,952320,"cum ack, base->930"
6.695864,ACK,931,14.937,,,953344,"cum ack, base->931"
6.695910,ACK,932,15.004,,,954368,"cum ack, base->932"
6.695949,ACK,933,15.070,,,955392,"cum ack, base->933"
6.696311,SEND,943,15.070,,200.000,955392,
6.696719,SEND,944,15.070,,200.000,955392,
6.697244,SEND,945,15.070,,200.000,955392,
6.697487,SEND,946,15.070,,200.000,955392,
6.697712,SEND,947,15.070,,200.000,955392,
6.698413,ACK,935,15.203,,,957440,"cum ack, base->935"
6.700475,SEND,948,15.203,,200.000,957440,
6.700704,SEND,949,15.203,,200.000,957440,
6.708434,NAK,935,15.203,,,957440,
6.708478,FASTRETX,935,13.514,,200.000,957440,nak
6.708580,DUPACK,935,13.514,,,957440,
6.708622,NAK,935,13.514,,,957440,
6.709318,RETX,935,13.514,,200.000,957440,
6.709895,RETX,936,13.514,,200.000,957440,
6.710338,RETX,937,13.514,,200.000,957440,
6.710664,RETX,938,13.514,,200.000,957440,
6.711260,RETX,939,13.514,,200.000,957440,
6.711493,RETX,940,13.514,,200.000,957440,
6.711718,RETX,941,13.514,,200.000,957440,
6.711945,RETX,942,13.514,,200.000,957440,
6.712169,RETX,943,13.514,,200.000,957440,
6.712400,RETX,944,13.514,,200.000,957440,
6.712625,RETX,945,13.514,,200.000,957440,
6.712850,RETX,946,13.514,,200.000,957440,
6.713075,RETX,947,13.514,,200.000,957440,
6.713107,STATS,-1,13.514,,200.000,957440,base=935 next=948
6.713743,DUPACK,935,13.514,,,957440,
6.713783,NAK,935,13.514,,,957440,
6.713812,DUPACK,935,13.514,,,957440,
6.713846,NAK,935,13.514,,,957440,
6.713871,DUPACK,935,13.514,,,957440,
6.713895,NAK,935,13.514,,,957440,
6.713919,DUPACK,935,13.514,,,957440,
6.715508,NAK,935,13.514,,,957440,
6.715542,DUPACK,935,13.514,,,957440,
6.715567,NAK,935,13.514,,,957440,
6.715642,DUPACK,935,13.514,,,957440,
6.731237,NAK,935,13.514,,,957440,
6.738059,DUPACK,935,13.514,,,957440,
6.738413,NAK,935,13.514,,,957440,
6.738701,DUPACK,935,13.514,,,957440,
6.740435,NAK,935,13.514,,,957440,
6.741679,DUPACK,935,13.514,,,957440,
6.741709,NAK,935,13.514,,,957440,
6.749796,NAK,935,13.514,,,957440,
6.749865,DUPACK,935,13.514,,,957440,
6.749902,NAK,935,13.514,,,957440,
6.749938,DUPACK,935,13.514,,,957440,
6.749968,NAK,935,13.514,,,957440,
6.750080,DUPACK,935,13.514,,,957440,
6.753640,ACK,936,13.588,,,958464,"cum ack, base->936"
6.753710,ACK,937,13.661,,,959488,"cum ack, base->937"
6.756492,RETX,948,13.661,,200.000,959488,
6.756728,RETX,949,13.661,,200.000,959488,
6.765355,ACK,938,13.734,,,960512,"cum ack, base->938"
6.765425,ACK,939,13.807,,,961536,"cum ack, base->939"
6.765461,ACK,941,13.952,,,963584,"cum ack, base->941"
6.765494,ACK,942,14.023,,,964608,"cum ack, base->942"
6.765525,ACK,943,14.095,,,965632,"cum ack, base->943"
6.765556,ACK,944,14.166,,,966656,"cum ack, base->944"
6.765590,ACK,946,14.306,,,968704,"cum ack, base->946"
6.765624,ACK,947,14.376,,,969728,"cum ack, base->947"
6.765672,ACK,948,14.446,,,970752,"cum ack, base->948"
6.767134,SEND,950,14.446,,200.000,970752,
6.767348,SEND,951,14.446,,200.000,970752,
6.767528,SEND,952,14.446,,200.000,970752,
6.767821,SEND,953,14.446,,200.000,970752,
6.767995,SEND,954,14.446,,200.000,970752,
6.768162,SEND,955,14.446,,200.000,970752,
6.768332,SEND,956,14.446,,200.000,970752,
6.768501,SEND,957,14.446,,200.000,970752,
6.768676,SEND,958,14.446,,200.000,970752,
6.768843,SEND,959,14.446,,200.000,970752,
6.769010,SEND,960,14.446,,200.000,970752,
6.769257,SEND,961,14.446,,200.000,970752,
6.800343,ACK,949,14.515,,,971776,"cum ack, base->949"
6.800409,ACK,950,14.584,,,972800,"cum ack, base->950"
6.801955,SEND,962,14.584,,200.000,972800,
6.802198,SEND,963,14.584,,200.000,972800,
6.814749,ACK,952,14.721,,,974848,"cum ack, base->952"
6.815003,SEND,964,14.721,,200.000,974848,
6.815217,SEND,965,14.721,,200.000,974848,
6.815234,STATS,-1,14.721,,200.000,974848,base=952 next=966
6.815303,ACK,953,14.789,,,975872,"cum ack, base->953"
6.815372,ACK,954,14.856,,,976896,"cum ack, base->954"
6.818029,SEND,966,14.856,,200.000,976896,
6.818224,SEND,967,14.856,,200.000,976896,
6.821143,ACK,955,14.924,,,977920,"cum ack, base->955"
6.821211,ACK,956,14.991,,,978944,"cum ack, base->956"
6.821245,ACK,957,15.057,,,979968,"cum ack, base->957"
6.821277,ACK,958,15.124,,,980992,"cum ack, base->958"
6.821309,ACK,959,15.190,,,982016,"cum ack, base->959"
6.821340,ACK,960,15.256,,,983040,"cum ack, base->960"
6.821704,ACK,961,15.321,,,984064,"cum ack, base->961"
6.823786,SEND,968,15.321,,200.000,984064,
6.824015,SEND,969,15.321,,200.000,984064,
6.824317,SEND,970,15.321,,200.000,984064,
6.824557,SEND,971,15.321,,200.000,984064,
6.824730,SEND,972,15.321,,200.000,984064,
6.824902,SEND,973,15.321,,200.000,984064,
6.825107,SEND,974,15.321,,200.000,984064,
6.825559,SEND,975,15.321,,200.000,984064,
6.825732,ACK,962,15.387,,,985088,"cum ack, base->962"
6.828258,SEND,976,15.387,,200.000,985088,
6.846282,ACK,963,15.452,,,986112,"cum ack, base->963"
6.848236,SEND,977,15.452,,200.000,986112,
6.851851,ACK,964,15.516,,,987136,"cum ack, base->964"
6.853640,SEND,978,15.516,,200.000,987136,
6.865041,ACK,966,15.645,,,989184,"cum ack, base->966"
6.865121,ACK,967,15.709,,,990208,"cum ack, base->967"
6.866495,SEND,979,15.709,,200.000,990208,
6.866742,SEND,980,15.709,,200.000,990208,
6.867054,SEND,981,15.709,,200.000,990208,
6.870669,ACK,968,15.773,,,991232,"cum ack, base->968"
6.870750,ACK,970,15.899,,,993280,"cum ack, base->970"
6.870838,ACK,971,15.962,,,994304,"cum ack, base->971"
6.870908,ACK,972,16.025,,,995328,"cum ack, base->972"
6.870950,ACK,973,16.087,,,996352,"cum ack, base->973"
6.872234,SEND,982,16.087,,200.000,996352,
6.872672,SEND,983,16.087,,200.000,996352,
6.873020,SEND,984,16.087,,200.000,996352,
6.873238,SEND,985,16.087,,200.000,996352,
6.873441,SEND,986,16.087,,200.000,996352,
6.873673,SEND,987,16.087,,200.000,996352,
6.874030,SEND,988,16.087,,200.000,996352,
6.876670,ACK,974,16.149,,,997376,"cum ack, base->974"
6.876744,ACK,975,16.211,,,998400,"cum ack, base->975"
6.877052,SEND,989,16.211,,200.000,998400,
6.877264,SEND,990,16.211,,200.000,998400,
6.878366,ACK,976,16.273,,,999424,"cum ack, base->976"
6.878624,ACK,977,16.334,,,1000448,"cum ack, base->977"
6.880535,SEND,991,16.334,,200.000,1000448,
6.880812,SEND,992,16.334,,200.000,1000448,
6.891374,ACK,978,16.395,,,1001472,"cum ack, base->978"
6.893700,ACK,979,16.456,,,1002496,"cum ack, base->979"
6.894455,SEND,993,16.456,,200.000,1002496,
6.895386,SEND,994,16.456,,200.000,1002496,
6.899541,NAK,979,16.456,,,1002496,
6.899576,FASTRETX,979,14.628,,200.000,1002496,nak
6.899871,DUPACK,979,14.628,,,1002496,
6.900918,RETX,979,14.628,,200.000,1002496,
6.901188,RETX,980,14.628,,200.000,1002496,
6.901466,RETX,981,14.628,,200.000,1002496,
6.901729,RETX,982,14.628,,200.000,1002496,
6.902074,RETX,983,14.628,,200.000,1002496,
6.902355,RETX,984,14.628,,200.000,1002496,
6.902626,RETX,985,14.628,,200.000,1002496,
6.902828,RETX,986,14.628,,200.000,1002496,
6.903028,RETX,987,14.628,,200.000,1002496,
6.903263,RETX,988,14.628,,200.000,1002496,
6.903473,RETX,989,14.628,,200.000,1002496,
6.903750,RETX,990,14.628,,200.000,1002496,
6.903959,RETX,991,14.628,,200.000,1002496,
6.904168,RETX,992,14.628,,200.000,1002496,
6.916310,NAK,979,14.628,,,1002496,
6.916384,DUPACK,979,14.628,,,1002496,
6.916742,STATS,-1,14.628,,200.000,1002496,base=979 next=993
6.922921,NAK,979,14.628,,,1002496,
6.923171,DUPACK,979,14.628,,,1002496,
6.925352,NAK,979,14.628,,,1002496,
6.925427,DUPACK,979,14.628,,,1002496,
6.925461,NAK,979,14.628,,,1002496,
6.925496,DUPACK,979,14.628,,,1002496,
6.925526,NAK,979,14.628,,,1002496,
6.925612,DUPACK,979,14.628,,,1002496,
6.925662,NAK,979,14.628,,,1002496,
6.925699,DUPACK,979,14.628,,,1002496,
6.925731,NAK,979,14.628,,,1002496,
6.926404,DUPACK,979,14.628,,,1002496,
6.926478,NAK,979,14.628,,,1002496,
6.926803,DUPACK,979,14.628,,,1002496,
6.926973,NAK,979,14.628,,,1002496,
6.927209,DUPACK,979,14.628,,,1002496,
6.928154,NAK,979,14.628,,,1002496,
6.928300,DUPACK,979,14.628,,,1002496,
6.928344,NAK,979,14.628,,,1002496,
6.929306,DUPACK,979,14.628,,,1002496,
6.929589,NAK,979,14.628,,,1002496,
6.929895,DUPACK,979,14.628,,,1002496,
6.930289,NAK,979,14.628,,,1002496,
6.930640,DUPACK,979,14.628,,,1002496,
6.934120,NAK,979,14.628,,,1002496,
6.943481,DUPACK,979,14.628,,,1002496,
6.947882,NAK,981,14.628,,,1002496,
6.947979,ACK,981,14.764,,,1004544,"cum ack, base->981"
6.950067,RETX,993,14.764,,200.000,1004544,
6.950312,RETX,994,14.764,,200.000,1004544,
6.951921,NAK,981,14.764,,,1004544,
6.951953,FASTRETX,981,14.764,,200.000,1004544,nak
6.952001,DUPACK,981,14.764,,,1004544,
6.952035,NAK,981,14.764,,,1004544,
6.953226,RETX,981,14.764,,200.000,1004544,
6.953465,RETX,982,14.764,,200.000,1004544,
6.953656,RETX,983,14.764,,200.000,1004544,
6.953871,RETX,984,14.764,,200.000,1004544,
6.954270,RETX,985,14.764,,200.000,1004544,
6.954539,RETX,986,14.764,,200.000,1004544,
6.954712,RETX,987,14.764,,200.000,1004544,
6.954883,RETX,988,14.764,,200.000,1004544,
6.955172,RETX,989,14.764,,200.000,1004544,
6.955593,RETX,990,14.764,,200.000,1004544,
6.955849,RETX,991,14.764,,200.000,1004544,
6.956079,RETX,992,14.764,,200.000,1004544,
6.956761,RETX,993,14.764,,200.000,1004544,
6.957071,RETX,994,14.764,,200.000,1004544,
6.957217,DUPACK,981,14.764,,,1004544,
6.957290,NAK,981,14.764,,,1004544,
6.957321,DUPACK,981,14.764,,,1004544,
6.957347,NAK,981,14.764,,,1004544,
6.957375,DUPACK,981,14.764,,,1004544,
6.957399,NAK,981,14.764,,,1004544,
6.957424,DUPACK,981,14.764,,,1004544,
6.957448,NAK,981,14.764,,,1004544,
6.957472,DUPACK,981,14.764,,,1004544,
6.957495,NAK,981,14.764,,,1004544,
6.957519,DUPACK,981,14.764,,,1004544,
6.957541,NAK,981,14.764,,,1004544,
6.957560,DUPACK,981,14.764,,,1004544,
6.957578,NAK,981,14.764,,,1004544,
6.957596,DUPACK,981,14.764,,,1004544,
6.957615,NAK,981,14.764,,,1004544,
6.957634,DUPACK,981,14.764,,,1004544,
6.995005,NAK,981,14.764,,,1004544,
6.995045,DUPACK,981,14.764,,,1004544,
6.998399,NAK,981,14.764,,,1004544,
6.998438,ACK,982,14.832,,,1005568,"cum ack, base->982"
6.998465,ACK,983,14.900,,,1006592,"cum ack, base->983"
7.000054,SEND,995,14.900,,200.000,1006592,
7.000236,SEND,996,14.900,,200.000,1006592,
7.002112,ACK,984,14.967,,,1007616,"cum ack, base->984"
7.002142,ACK,986,15.100,,,1009664,"cum ack, base->986"
7.002942,SEND,997,15.100,,200.000,1009664,
7.003120,SEND,998,15.100,,200.000,1009664,
7.003297,SEND,999,15.100,,200.000,1009664,
7.003473,SEND,1000,15.100,,200.000,1009664,
7.006216,ACK,987,15.166,,,1010688,"cum ack, base->987"
7.006286,ACK,988,15.232,,,1011712,"cum ack, base->988"
7.006312,ACK,989,15.298,,,1012736,"cum ack, base->989"
7.006336,ACK,990,15.363,,,1013760,"cum ack, base->990"
7.006356,NAK,990,15.363,,,1013760,
7.006364,FASTRETX,990,15.363,,200.000,1013760,nak
7.006386,NAK,990,15.363,,,1013760,
7.006405,DUPACK,990,15.363,,,1013760,
7.006424,NAK,990,15.363,,,1013760,
7.006443,DUPACK,990,15.363,,,1013760,
7.006462,NAK,990,15.363,,,1013760,
7.006480,DUPACK,990,15.363,,,1013760,
7.008697,RETX,990,15.363,,200.000,1013760,
7.008880,RETX,991,15.363,,200.000,1013760,
7.009056,RETX,992,15.363,,200.000,1013760,
7.009233,RETX,993,15.363,,200.000,1013760,
7.009409,RETX,994,15.363,,200.000,1013760,
7.009585,RETX,995,15.363,,200.000,1013760,
7.009763,RETX,996,15.363,,200.000,1013760,
7.009938,RETX,997,15.363,,200.000,1013760,
7.010115,RETX,998,15.363,,200.000,1013760,
7.010291,RETX,999,15.363,,200.000,1013760,
7.010467,RETX,1000,15.363,,200.000,1013760,
7.010642,SEND,1001,15.363,,200.000,1013760,
7.010819,SEND,1002,15.363,,200.000,1013760,
7.010994,SEND,1003,15.363,,200.000,1013760,
7.011170,SEND,1004,15.363,,200.000,1013760,
7.018728,STATS,-1,15.363,,200.000,1013760,base=990 next=1005
7.048992,NAK,990,15.363,,,1013760,
7.049061,DUPACK,990,15.363,,,1013760,
7.049092,NAK,990,15.363,,,1013760,
7.054222,DUPACK,990,15.363,,,1013760,
7.054332,NAK,990,15.363,,,1013760,
7.054377,DUPACK,990,15.363,,,1013760,
7.054411,NAK,990,15.363,,,1013760,
7.054508,DUPACK,990,15.363,,,1013760,
7.054541,NAK,990,15.363,,,1013760,
7.054576,DUPACK,990,15.363,,,1013760,
7.054607,NAK,990,15.363,,,1013760,
7.054698,DUPACK,990,15.363,,,1013760,
7.054754,ACK,991,15.428,,,1014784,"cum ack, base->991"
7.054800,ACK,992,15.493,,,1015808,"cum ack, base->992"
7.054843,ACK,993,15.558,,,1016832,"cum ack, base->993"
7.054882,ACK,994,15.622,,,1017856,"cum ack, base->994"
7.054918,ACK,995,15.686,,,1018880,"cum ack, base->995"
7.054956,ACK,996,15.750,,,1019904,"cum ack, base->996"
7.056537,SEND,1005,15.750,,200.000,1019904,
7.056769,SEND,1006,15.750,,200.000,1019904,
7.057229,SEND,1007,15.750,,200.000,1019904,
7.057641,SEND,1008,15.750,,200.000,1019904,
7.058089,SEND,1009,15.750,,200.000,1019904,
7.058412,SEND,1010,15.750,,200.000,1019904,
7.062400,ACK,997,15.813,,,1020928,"cum ack, base->997"
7.062508,ACK,998,15.876,,,1021952,"cum ack, base->998"
7.062550,ACK,999,15.939,,,1022976,"cum ack, base->999"
7.062589,ACK,1000,16.002,,,1024000,"cum ack, base->1000"
7.062621,ACK,1001,16.065,,,1025024,"cum ack, base->1001"
7.062658,ACK,1003,16.189,,,1027072,"cum ack, base->1003"
7.062695,ACK,1004,16.251,,,1028096,"cum ack, base->1004"
7.062728,ACK,1005,16.312,,,1029120,"cum ack, base->1005"
7.063711,SEND,1011,16.312,,200.000,1029120,
7.064041,SEND,1012,16.312,,200.000,1029120,
7.064269,SEND,1013,16.312,,200.000,1029120,
7.064646,SEND,1014,16.312,,200.000,1029120,
7.065038,SEND,1015,16.312,,200.000,1029120,
7.065222,SEND,1016,16.312,,200.000,1029120,
7.065402,SEND,1017,16.312,,200.000,1029120,
7.065622,SEND,1018,16.312,,200.000,1029120,
7.065804,SEND,1019,16.312,,200.000,1029120,
7.065974,SEND,1020,16.312,,200.000,1029120,
7.098260,NAK,1005,16.312,,,1029120,
7.098300,FASTRETX,1005,14.500,,200.000,1029120,nak
7.098962,RETX,1005,14.500,,200.000,1029120,
7.099216,RETX,1006,14.500,,200.000,1029120,
7.099422,RETX,1007,14.500,,200.000,1029120,
7.099626,RETX,1008,14.500,,200.000,1029120,
7.099828,RETX,1009,14.500,,200.000,1029120,
7.100028,RETX,1010,14.500,,200.000,1029120,
7.100198,RETX,1011,14.500,,200.000,1029120,
7.100368,RETX,1012,14.500,,200.000,1029120,
7.100536,RETX,1013,14.500,,200.000,1029120,
7.100704,RETX,1014,14.500,,200.000,1029120,
7.100872,RETX,1015,14.500,,200.000,1029120,
7.101038,RETX,1016,14.500,,200.000,1029120,
7.101217,RETX,1017,14.500,,200.000,1029120,
7.101388,RETX,1018,14.500,,200.000,1029120,
7.104217,DUPACK,1005,14.500,,,1029120,
7.104272,NAK,1005,14.500,,,1029120,
7.106482,DUPACK,1005,14.500,,,1029120,
7.109710,NAK,1005,14.500,,,1029120,
7.109990,DUPACK,1005,14.500,,,1029120,
7.110144,NAK,1005,14.500,,,1029120,
7.110383,NAK,1005,14.500,,,1029120,
7.110430,DUPACK,1005,14.500,,,1029120,
7.110468,NAK,1005,14.500,,,1029120,
7.110519,DUPACK,1005,14.500,,,1029120,
7.110865,NAK,1005,14.500,,,1029120,
7.110918,DUPACK,1005,14.500,,,1029120,
7.110954,NAK,1005,14.500,,,1029120,
7.110987,DUPACK,1005,14.500,,,1029120,
7.111018,NAK,1005,14.500,,,1029120,
7.111117,DUPACK,1005,14.500,,,1029120,
7.111157,NAK,1005,14.500,,,1029120,
7.111196,DUPACK,1005,14.500,,,1029120,
7.114623,NAK,1005,14.500,,,1029120,
7.114699,DUPACK,1005,14.500,,,1029120,
7.114777,NAK,1005,14.500,,,1029120,
7.114826,DUPACK,1005,14.500,,,1029120,
7.114861,NAK,1005,14.500,,,1029120,
7.121193,STATS,-1,14.500,,200.000,1029120,base=1005 next=1019
7.147498,ACK,1006,14.569,,,1030144,"cum ack, base->1006"
7.149257,RETX,1019,14.569,,200.000,1030144,
7.152516,ACK,1007,14.637,,,1031168,"cum ack, base->1007"
7.152608,ACK,1008,14.706,,,1032192,"cum ack, base->1008"
7.152654,ACK,1009,14.774,,,1033216,"cum ack, base->1009"
7.152693,ACK,1010,14.841,,,1034240,"cum ack, base->1010"
7.152731,ACK,1011,14.909,,,1035264,"cum ack, base->1011"
7.152770,ACK,1012,14.976,,,1036288,"cum ack, base->1012"
7.154661,RETX,1020,14.976,,200.000,1036288,
7.154962,SEND,1021,14.976,,200.000,1036288,
7.155284,SEND,1022,14.976,,200.000,1036288,
7.155490,SEND,1023,14.976,,200.000,1036288,
7.155760,SEND,1024,14.976,,200.000,1036288,
7.156011,SEND,1025,14.976,,200.000,1036288,
7.156171,ACK,1013,15.043,,,1037312,"cum ack, base->1013"
7.156230,ACK,1014,15.109,,,1038336,"cum ack, base->1014"
7.156271,ACK,1015,15.175,,,1039360,"cum ack, base->1015"
7.156310,ACK,1016,15.241,,,1040384,"cum ack, base->1016"
7.156771,ACK,1017,15.307,,,1041408,"cum ack, base->1017"
7.156829,ACK,1018,15.372,,,1042432,"cum ack, base->1018"
7.156897,ACK,1019,15.437,,,1043456,"cum ack, base->1019"
7.159414,SEND,1026,15.437,,200.000,1043456,
7.159747,SEND,1027,15.437,,200.000,1043456,
7.159919,SEND,1028,15.437,,200.000,1043456,
7.160152,SEND,1029,15.437,,200.000,1043456,
7.160708,SEND,1030,15.437,,200.000,1043456,
7.161058,SEND,1031,15.437,,200.000,1043456,
7.161296,SEND,1032,15.437,,200.000,1043456,
7.161523,SEND,1033,15.437,,200.000,1043456,
7.187707,ACK,1020,15.502,,,1044480,"cum ack, base->1020"
7.189174,SEND,1034,15.502,,200.000,1044480,
7.192118,ACK,1021,15.566,,,1045504,"cum ack, base->1021"
7.194450,SEND,1035,15.566,,200.000,1045504,
7.205960,ACK,1022,15.631,,,1046528,"cum ack, base->1022"
7.206030,ACK,1023,15.695,,,1047552,"cum ack, base->1023"
7.206065,ACK,1024,15.758,,,1048576,"cum ack, base->1024"
7.206099,ACK,1025,15.822,,,1049600,"cum ack, base->1025"
7.206129,ACK,1026,15.885,,,1050624,"cum ack, base->1026"
7.207227,SEND,1036,15.885,,200.000,1050624,
7.207542,SEND,1037,15.885,,200.000,1050624,
7.207749,SEND,1038,15.885,,200.000,1050624,
7.207953,SEND,1039,15.885,,200.000,1050624,
7.208485,SEND,1040,15.885,,200.000,1050624,
7.208662,ACK,1027,15.948,,,1051648,"cum ack, base->1027"
7.208720,ACK,1028,16.011,,,1052672,"cum ack, base->1028"
7.208759,ACK,1029,16.073,,,1053696,"cum ack, base->1029"
7.208800,ACK,1030,16.135,,,1054720,"cum ack, base->1030"
7.209621,ACK,1031,16.197,,,1055744,"cum ack, base->1031"
7.209718,ACK,1033,16.321,,,1057792,"cum ack, base->1033"
7.211529,SEND,1041,16.321,,200.000,1057792,
7.211884,SEND,1042,16.321,,200.000,1057792,
7.212093,SEND,1043,16.321,,200.000,1057792,
7.212393,SEND,1044,16.321,,200.000,1057792,
7.212605,SEND,1045,16.321,,200.000,1057792,
7.212855,SEND,1046,16.321,,200.000,1057792,
7.213072,SEND,1047,16.321,,200.000,1057792,
7.213276,SEND,1048,16.321,,200.000,1057792,
7.213460,ACK,1034,16.382,,,1058816,"cum ack, base->1034"
7.216076,SEND,1049,16.382,,200.000,1058816,
7.221195,STATS,-1,16.382,,200.000,1058816,base=1034 next=1050
7.227540,ACK,1035,16.443,,,1059840,"cum ack, base->1035"
7.228825,SEND,1050,16.443,,200.000,1059840,
7.234741,ACK,1036,16.504,,,1060864,"cum ack, base->1036"
7.236303,SEND,1051,16.504,,200.000,1060864,
7.247351,ACK,1037,16.564,,,1061888,"cum ack, base->1037"
7.249357,SEND,1052,16.564,,200.000,1061888,
7.249522,ACK,1038,16.625,,,1062912,"cum ack, base->1038"
7.252273,SEND,1053,16.625,,200.000,1062912,
7.255167,NAK,1038,16.625,,,1062912,
7.255204,FASTRETX,1038,14.777,,200.000,1062912,nak
7.255263,DUPACK,1038,14.777,,,1062912,
7.255302,NAK,1038,14.777,,,1062912,
7.255336,DUPACK,1038,14.777,,,1062912,
7.255368,NAK,1038,14.777,,,1062912,
7.255404,NAK,1038,14.777,,,1062912,
7.255476,DUPACK,1038,14.777,,,1062912,
7.257438,RETX,1038,14.777,,200.000,1062912,
7.257667,RETX,1039,14.777,,200.000,1062912,
7.258062,RETX,1040,14.777,,200.000,1062912,
7.258408,RETX,1041,14.777,,200.000,1062912,
7.258862,RETX,1042,14.777,,200.000,1062912,
7.259207,RETX,1043,14.777,,200.000,1062912,
7.260061,RETX,1044,14.777,,200.000,1062912,
7.260391,RETX,1045,14.777,,200.000,1062912,
7.260600,RETX,1046,14.777,,200.000,1062912,
7.260927,RETX,1047,14.777,,200.000,1062912,
7.261238,RETX,1048,14.777,,200.000,1062912,
7.261476,RETX,1049,14.777,,200.000,1062912,
7.261680,RETX,1050,14.777,,200.000,1062912,
7.261970,RETX,1051,14.777,,200.000,1062912,
7.262090,NAK,1038,14.777,,,1062912,
7.262171,DUPACK,1038,14.777,,,1062912,
7.262200,NAK,1038,14.777,,,1062912,
7.262227,DUPACK,1038,14.777,,,1062912,
7.262252,NAK,1038,14.777,,,1062912,
7.262278,DUPACK,1038,14.777,,,1062912,
7.262301,NAK,1038,14.777,,,1062912,
7.262326,DUPACK,1038,14.777,,,1062912,
7.262350,NAK,1038,14.777,,,1062912,
7.262374,DUPACK,1038,14.777,,,1062912,
7.262398,NAK,1038,14.777,,,1062912,
7.263159,DUPACK,1038,14.777,,,1062912,
7.263193,NAK,1038,14.777,,,1062912,
7.263221,DUPACK,1038,14.777,,,1062912,
7.277037,NAK,1038,14.777,,,1062912,
7.277203,DUPACK,1038,14.777,,,1062912,
7.278546,NAK,1038,14.777,,,1062912,
7.278622,DUPACK,1038,14.777,,,1062912,
7.279500,DUPACK,1038,14.777,,,1062912,
7.299040,NAK,1038,14.777,,,1062912,
7.299151,DUPACK,1038,14.777,,,1062912,
7.305254,ACK,1039,14.845,,,1063936,"cum ack, base->1039"
7.308282,RETX,1052,14.845,,200.000,1063936,
7.308893,ACK,1040,14.912,,,1064960,"cum ack, base->1040"
7.308996,ACK,1041,14.980,,,1065984,"cum ack, base->1041"
7.309053,ACK,1042,15.046,,,1067008,"cum ack, base->1042"
7.309103,ACK,1043,15.113,,,1068032,"cum ack, base->1043"
7.309153,ACK,1044,15.179,,,1069056,"cum ack, base->1044"
7.309201,ACK,1046,15.310,,,1071104,"cum ack, base->1046"
7.309247,ACK,1047,15.376,,,1072128,"cum ack, base->1047"
7.309591,ACK,1048,15.441,,,1073152,"cum ack, base->1048"
7.311269,RETX,1053,15.441,,200.000,1073152,
7.312170,SEND,1054,15.441,,200.000,1073152,
7.312527,SEND,1055,15.441,,200.000,1073152,
7.312833,SEND,1056,15.441,,200.000,1073152,
7.313122,SEND,1057,15.441,,200.000,1073152,
7.313551,SEND,1058,15.441,,200.000,1073152,
7.313977,SEND,1059,15.441,,200.000,1073152,
7.314362,SEND,1060,15.441,,200.000,1073152,
7.314599,SEND,1061,15.441,,200.000,1073152,
7.314806,SEND,1062,15.441,,200.000,1073152,
7.314957,NAK,1048,15.441,,,1073152,
7.314976,FASTRETX,1048,15.441,,200.000,1073152,nak
7.315027,DUPACK,1048,15.441,,,1073152,
7.315061,NAK,1048,15.441,,,1073152,
7.315128,DUPACK,1048,15.441,,,1073152,
7.317296,RETX,1048,15.441,,200.000,1073152,
7.317618,RETX,1049,15.441,,200.000,1073152,
7.317883,RETX,1050,15.441,,200.000,1073152,
7.318120,RETX,1051,15.441,,200.000,1073152,
7.318329,RETX,1052,15.441,,200.000,1073152,
7.318537,RETX,1053,15.441,,200.000,1073152,
7.318762,RETX,1054,15.441,,200.000,1073152,
7.319055,RETX,1055,15.441,,200.000,1073152,
7.319414,RETX,1056,15.441,,200.000,1073152,
7.319636,RETX,1057,15.441,,200.000,1073152,
7.319809,RETX,1058,15.441,,200.000,1073152,
7.320196,RETX,1059,15.441,,200.000,1073152,
7.320383,RETX,1060,15.441,,200.000,1073152,
7.320625,RETX,1061,15.441,,200.000,1073152,
7.320816,RETX,1062,15.441,,200.000,1073152,
7.323366,STATS,-1,15.441,,200.000,1073152,base=1048 next=1063
7.346076,NAK,1048,15.441,,,1073152,
7.347549,DUPACK,1048,15.441,,,1073152,
7.347657,NAK,1048,15.441,,,1073152,
7.348968,DUPACK,1048,15.441,,,1073152,
7.363659,NAK,1048,15.441,,,1073152,
7.363753,DUPACK,1048,15.441,,,1073152,
7.363800,NAK,1048,15.441,,,1073152,
7.363834,DUPACK,1048,15.441,,,1073152,
7.363865,NAK,1048,15.441,,,1073152,
7.363892,DUPACK,1048,15.441,,,1073152,
7.363916,NAK,1048,15.441,,,1073152,
7.363945,DUPACK,1048,15.441,,,1073152,
7.364015,NAK,1048,15.441,,,1073152,
7.364056,DUPACK,1048,15.441,,,1073152,
7.364084,NAK,1048,15.441,,,1073152,
7.365575,DUPACK,1048,15.441,,,1073152,
7.365644,NAK,1048,15.441,,,1073152,
7.368441,DUPACK,1048,15.441,,,1073152,
7.368528,NAK,1048,15.441,,,1073152,
7.368572,DUPACK,1048,15.441,,,1073152,
7.368631,ACK,1049,15.506,,,1074176,"cum ack, base->1049"
7.368673,ACK,1050,15.570,,,1075200,"cum ack, base->1050"
7.368711,ACK,1051,15.634,,,1076224,"cum ack, base->1051"
7.368748,ACK,1052,15.698,,,1077248,"cum ack, base->1052"
7.368786,ACK,1053,15.762,,,1078272,"cum ack, base->1053"
7.369356,SEND,1063,15.762,,200.000,1078272,
7.369564,SEND,1064,15.762,,200.000,1078272,
7.369768,SEND,1065,15.762,,200.000,1078272,
7.370021,SEND,1066,15.762,,200.000,1078272,
7.370237,SEND,1067,15.762,,200.000,1078272,
7.370545,ACK,1054,15.825,,,1079296,"cum ack, base->1054"
7.370606,ACK,1055,15.889,,,1080320,"cum ack, base->1055"
7.370651,ACK,1056,15.951,,,1081344,"cum ack, base->1056"
7.370689,ACK,1057,16.014,,,1082368,"cum ack, base->1057"
7.372984,SEND,1068,16.014,,200.000,1082368,
7.373254,SEND,1069,16.014,,200.000,1082368,
7.373461,SEND,1070,16.014,,200.000,1082368,
7.373662,SEND,1071,16.014,,200.000,1082368,
7.373986,SEND,1072,16.014,,200.000,1082368,
7.374145,ACK,1059,16.139,,,1084416,"cum ack, base->1059"
7.374203,ACK,1060,16.201,,,1085440,"cum ack, base->1060"
7.374242,ACK,1061,16.263,,,1086464,"cum ack, base->1061"
7.374280,ACK,1062,16.324,,,1087488,"cum ack, base->1062"
7.374319,ACK,1063,16.385,,,1088512,"cum ack, base->1063"
7.377359,SEND,1073,16.385,,200.000,1088512,
7.377549,SEND,1074,16.385,,200.000,1088512,
7.377725,SEND,1075,16.385,,200.000,1088512,
7.377895,SEND,1076,16.385,,200.000,1088512,
7.378309,SEND,1077,16.385,,200.000,1088512,
7.378639,SEND,1078,16.385,,200.000,1088512,
7.415437,ACK,1064,16.446,,,1089536,"cum ack, base->1064"
7.415496,NAK,1064,16.446,,,1089536,
7.415511,FASTRETX,1064,14.619,,200.000,1089536,nak
7.415549,NAK,1064,14.619,,,1089536,
7.416466,DUPACK,1064,14.619,,,1089536,
7.416521,NAK,1064,14.619,,,1089536,
7.416553,DUPACK,1064,14.619,,,1089536,
7.417296,RETX,1064,14.619,,200.000,1089536,
7.417499,RETX,1065,14.619,,200.000,1089536,
7.417673,RETX,1066,14.619,,200.000,1089536,
7.418009,RETX,1067,14.619,,200.000,1089536,
7.418197,RETX,1068,14.619,,200.000,1089536,
7.418369,RETX,1069,14.619,,200.000,1089536,
7.418535,RETX,1070,14.619,,200.000,1089536,
7.418705,RETX,1071,14.619,,200.000,1089536,
7.418874,RETX,1072,14.619,,200.000,1089536,
7.419043,RETX,1073,14.619,,200.000,1089536,
7.419279,RETX,1074,14.619,,200.000,1089536,
7.419500,RETX,1075,14.619,,200.000,1089536,
7.419678,RETX,1076,14.619,,200.000,1089536,
7.419966,RETX,1077,14.619,,200.000,1089536,
7.420042,DUPACK,1064,14.619,,,1089536,
7.425040,STATS,-1,14.619,,200.000,1089536,base=1064 next=1078
7.428609,NAK,1064,14.619,,,1089536,
7.428673,DUPACK,1064,14.619,,,1089536,
7.428707,NAK,1064,14.619,,,1089536,
7.428824,DUPACK,1064,14.619,,,1089536,
7.428850,NAK,1064,14.619,,,1089536,
7.428948,DUPACK,1064,14.619,,,1089536,
7.428990,NAK,1064,14.619,,,1089536,
7.429023,DUPACK,1064,14.619,,,1089536,
7.429055,NAK,1064,14.619,,,1089536,
7.429112,DUPACK,1064,14.619,,,1089536,
7.429146,DUPACK,1064,14.619,,,1089536,
7.429171,NAK,1064,14.619,,,1089536,
7.429199,DUPACK,1064,14.619,,,1089536,
7.429227,NAK,1064,14.619,,,1089536,
7.429253,DUPACK,1064,14.619,,,1089536,
7.429282,NAK,1064,14.619,,,1089536,
7.429307,NAK,1064,14.619,,,1089536,
7.429332,DUPACK,1064,14.619,,,1089536,
7.455825,ACK,1065,14.687,,,1090560,"cum ack, base->1065"
7.458276,RETX,1078,14.687,,200.000,1090560,
7.459909,ACK,1067,14.823,,,1092608,"cum ack, base->1067"
7.461133,SEND,1079,14.823,,200.000,1092608,
7.461478,SEND,1080,14.823,,200.000,1092608,
7.471681,ACK,1069,14.958,,,1094656,"cum ack, base->1069"
7.471776,ACK,1070,15.025,,,1095680,"cum ack, base->1070"
7.471829,ACK,1071,15.091,,,1096704,"cum ack, base->1071"
7.471879,ACK,1072,15.157,,,1097728,"cum ack, base->1072"
7.472730,ACK,1073,15.223,,,1098752,"cum ack, base->1073"
7.472796,ACK,1074,15.289,,,1099776,"cum ack, base->1074"
7.474369,SEND,1081,15.289,,200.000,1099776,
7.474649,SEND,1082,15.289,,200.000,1099776,
7.474912,SEND,1083,15.289,,200.000,1099776,
7.475240,SEND,1084,15.289,,200.000,1099776,
7.475500,SEND,1085,15.289,,200.000,1099776,
7.475773,SEND,1086,15.289,,200.000,1099776,
7.476033,SEND,1087,15.289,,200.000,1099776,
7.476294,SEND,1088,15.289,,200.000,1099776,
7.476472,ACK,1075,15.355,,,1100800,"cum ack, base->1075"
7.476578,ACK,1076,15.420,,,1101824,"cum ack, base->1076"
7.477030,ACK,1077,15.485,,,1102848,"cum ack, base->1077"
7.479124,SEND,1089,15.485,,200.000,1102848,
7.479358,SEND,1090,15.485,,200.000,1102848,
7.479566,SEND,1091,15.485,,200.000,1102848,
7.500613,NAK,1077,15.485,,,1102848,
7.500657,FASTRETX,1077,15.485,,200.000,1102848,nak
7.502435,RETX,1077,15.485,,200.000,1102848,
7.502660,RETX,1078,15.485,,200.000,1102848,
7.502898,RETX,1079,15.485,,200.000,1102848,
7.503104,RETX,1080,15.485,,200.000,1102848,
7.503314,RETX,1081,15.485,,200.000,1102848,
7.503520,RETX,1082,15.485,,200.000,1102848,
7.503724,RETX,1083,15.485,,200.000,1102848,
7.503925,RETX,1084,15.485,,200.000,1102848,
7.504129,RETX,1085,15.485,,200.000,1102848,
7.504330,RETX,1086,15.485,,200.000,1102848,
7.504537,RETX,1087,15.485,,200.000,1102848,
7.504739,RETX,1088,15.485,,200.000,1102848,
7.504940,RETX,1089,15.485,,200.000,1102848,
7.505241,RETX,1090,15.485,,200.000,1102848,
7.505472,RETX,1091,15.485,,200.000,1102848,
7.506879,NAK,1077,15.485,,,1102848,
7.506914,DUPACK,1077,15.485,,,1102848,
7.506939,NAK,1077,15.485,,,1102848,
7.506965,DUPACK,1077,15.485,,,1102848,
7.514479,NAK,1077,15.485,,,1102848,
7.521106,NAK,1077,15.485,,,1102848,
7.521268,DUPACK,1077,15.485,,,1102848,
7.521300,NAK,1077,15.485,,,1102848,
7.521330,DUPACK,1077,15.485,,,1102848,
7.521355,NAK,1077,15.485,,,1102848,
7.522734,DUPACK,1077,15.485,,,1102848,
7.525297,STATS,-1,15.485,,200.000,1102848,base=1077 next=1092
7.527295,NAK,1077,15.485,,,1102848,
7.527502,DUPACK,1077,15.485,,,1102848,
7.527751,NAK,1077,15.485,,,1102848,
7.528160,DUPACK,1077,15.485,,,1102848,
7.528483,DUPACK,1077,15.485,,,1102848,
7.529642,NAK,1077,15.485,,,1102848,
7.529683,DUPACK,1077,15.485,,,1102848,
7.529710,NAK,1077,15.485,,,1102848,
7.529735,DUPACK,1077,15.485,,,1102848,
7.529759,NAK,1077,15.485,,,1102848,
7.530966,DUPACK,1077,15.485,,,1102848,
7.542983,ACK,1078,15.549,,,1103872,"cum ack, base->1078"
7.545120,SEND,1092,15.549,,200.000,1103872,
7.547489,ACK,1080,15.677,,,1105920,"cum ack, base->1080"
7.547962,SEND,1093,15.677,,200.000,1105920,
7.548181,SEND,1094,15.677,,200.000,1105920,
7.551805,ACK,1082,15.805,,,1107968,"cum ack, base->1082"
7.551895,ACK,1083,15.868,,,1108992,"cum ack, base->1083"
7.551967,ACK,1084,15.931,,,1110016,"cum ack, base->1084"
7.552034,ACK,1085,15.994,,,1111040,"cum ack, base->1085"
7.552082,ACK,1086,16.056,,,1112064,"cum ack, base->1086"
7.552126,ACK,1087,16.119,,,1113088,"cum ack, base->1087"
7.552164,ACK,1088,16.181,,,1114112,"cum ack, base->1088"
7.552205,ACK,1090,16.304,,,1116160,"cum ack, base->1090"
7.552242,ACK,1091,16.365,,,1117184,"cum ack, base->1091"
7.552698,SEND,1095,16.365,,200.000,1117184,
7.552909,SEND,1096,16.365,,200.000,1117184,
7.553113,SEND,1097,16.365,,200.000,1117184,
7.553326,SEND,1098,16.365,,200.000,1117184,
7.553533,SEND,1099,16.365,,200.000,1117184,
7.553744,SEND,1100,16.365,,200.000,1117184,
7.553954,SEND,1101,16.365,,200.000,1117184,
7.554165,SEND,1102,16.365,,200.000,1117184,
7.554366,SEND,1103,16.365,,200.000,1117184,
7.554661,SEND,1104,16.365,,200.000,1117184,
7.554895,SEND,1105,16.365,,200.000,1117184,
7.555122,SEND,1106,16.365,,200.000,1117184,
7.555196,ACK,1092,16.427,,,1118208,"cum ack, base->1092"
7.557945,SEND,1107,16.427,,200.000,1118208,
7.593335,NAK,1092,16.427,,,1118208,
7.593381,FASTRETX,1092,14.601,,200.000,1118208,nak
7.593439,DUPACK,1092,14.601,,,1118208,
7.593482,NAK,1092,14.601,,,1118208,
7.594395,RETX,1092,14.601,,200.000,1118208,
7.594622,RETX,1093,14.601,,200.000,1118208,
7.594834,RETX,1094,14.601,,200.000,1118208,
7.595306,RETX,1095,14.601,,200.000,1118208,
7.595523,RETX,1096,14.601,,200.000,1118208,
7.595727,RETX,1097,14.601,,200.000,1118208,
7.595929,RETX,1098,14.601,,200.000,1118208,
7.596132,RETX,1099,14.601,,200.000,1118208,
7.596396,RETX,1100,14.601,,200.000,1118208,
7.596663,RETX,1101,14.601,,200.000,1118208,
7.596902,RETX,1102,14.601,,200.000,1118208,
7.597133,RETX,1103,14.601,,200.000,1118208,
7.597341,RETX,1104,14.601,,200.000,1118208,
7.597544,RETX,1105,14.601,,200.000,1118208,
7.599255,DUPACK,1092,14.601,,,1118208,
7.599313,NAK,1092,14.601,,,1118208,
7.599348,NAK,1092,14.601,,,1118208,
7.601473,DUPACK,1092,14.601,,,1118208,
7.601530,NAK,1092,14.601,,,1118208,
7.601562,DUPACK,1092,14.601,,,1118208,
7.601591,NAK,1092,14.601,,,1118208,
7.601618,DUPACK,1092,14.601,,,1118208,
7.601645,NAK,1092,14.601,,,1118208,
7.602811,DUPACK,1092,14.601,,,1118208,
7.602855,NAK,1092,14.601,,,1118208,
7.602887,DUPACK,1092,14.601,,,1118208,
7.602913,NAK,1092,14.601,,,1118208,
7.602944,DUPACK,1092,14.601,,,1118208,
7.602976,NAK,1092,14.601,,,1118208,
7.603002,DUPACK,1092,14.601,,,1118208,
7.603027,NAK,1092,14.601,,,1118208,
7.603057,DUPACK,1092,14.601,,,1118208,
7.603083,NAK,1092,14.601,,,1118208,
7.603111,DUPACK,1092,14.601,,,1118208,
7.603135,NAK,1092,14.601,,,1118208,
7.603163,DUPACK,1092,14.601,,,1118208,
7.605673,NAK,1092,14.601,,,1118208,
7.605893,DUPACK,1092,14.601,,,1118208,
7.605925,NAK,1092,14.601,,,1118208,
7.605958,DUPACK,1092,14.601,,,1118208,
7.626061,STATS,-1,14.601,,200.000,1118208,base=1092 next=1106
7.648441,ACK,1093,14.670,,,1119232,"cum ack, base->1093"
7.648573,ACK,1094,14.738,,,1120256,"cum ack, base->1094"
7.648646,ACK,1095,14.806,,,1121280,"cum ack, base->1095"
7.648724,ACK,1096,14.873,,,1122304,"cum ack, base->1096"
7.648792,ACK,1097,14.941,,,1123328,"cum ack, base->1097"
7.648865,ACK,1100,15.141,,,1126400,"cum ack, base->1100"
7.648934,ACK,1101,15.207,,,1127424,"cum ack, base->1101"
7.648999,ACK,1102,15.272,,,1128448,"cum ack, base->1102"
7.649063,ACK,1103,15.338,,,1129472,"cum ack, base->1103"
7.649125,ACK,1104,15.403,,,1130496,"cum ack, base->1104"
7.649192,ACK,1105,15.468,,,1131520,"cum ack, base->1105"
7.649756,RETX,1106,15.468,,200.000,1131520,
7.650075,RETX,1107,15.468,,200.000,1131520,
7.650340,SEND,1108,15.468,,200.000,1131520,
7.650601,SEND,1109,15.468,,200.000,1131520,
7.650865,SEND,1110,15.468,,200.000,1131520,
7.651123,SEND,1111,15.468,,200.000,1131520,
7.651389,SEND,1112,15.468,,200.000,1131520,
7.651649,SEND,1113,15.468,,200.000,1131520,
7.651923,SEND,1114,15.468,,200.000,1131520,
7.652129,SEND,1115,15.468,,200.000,1131520,
7.652329,SEND,1116,15.468,,200.000,1131520,
7.652532,SEND,1117,15.468,,200.000,1131520,
7.652733,SEND,1118,15.468,,200.000,1131520,
7.652938,SEND,1119,15.468,,200.000,1131520,
7.702367,ACK,1107,15.597,,,1133568,"cum ack, base->1107"
7.702459,NAK,1107,15.597,,,1133568,
7.702479,FASTRETX,1107,15.597,,200.000,1133568,nak
7.702860,DUPACK,1107,15.597,,,1133568,
7.702994,NAK,1107,15.597,,,1133568,
7.703052,DUPACK,1107,15.597,,,1133568,
7.703097,NAK,1107,15.597,,,1133568,
7.703165,DUPACK,1107,15.597,,,1133568,
7.703520,RETX,1107,15.597,,200.000,1133568,
7.703797,RETX,1108,15.597,,200.000,1133568,
7.704067,RETX,1109,15.597,,200.000,1133568,
7.704404,RETX,1110,15.597,,200.000,1133568,
7.704679,RETX,1111,15.597,,200.000,1133568,
7.705023,RETX,1112,15.597,,200.000,1133568,
7.705295,RETX,1113,15.597,,200.000,1133568,
7.705875,RETX,1114,15.597,,200.000,1133568,
7.706289,RETX,1115,15.597,,200.000,1133568,
7.706507,RETX,1116,15.597,,200.000,1133568,
7.706773,RETX,1117,15.597,,200.000,1133568,
7.707175,RETX,1118,15.597,,200.000,1133568,
7.707391,RETX,1119,15.597,,200.000,1133568,
7.707682,SEND,1120,15.597,,200.000,1133568,
7.707913,SEND,1121,15.597,,200.000,1133568,
7.707979,NAK,1107,15.597,,,1133568,
7.708012,DUPACK,1107,15.597,,,1133568,
7.708038,NAK,1107,15.597,,,1133568,
7.708064,DUPACK,1107,15.597,,,1133568,
7.708088,NAK,1107,15.597,,,1133568,
7.708113,DUPACK,1107,15.597,,,1133568,
7.708136,NAK,1107,15.597,,,1133568,
7.708161,DUPACK,1107,15.597,,,1133568,
7.708184,NAK,1107,15.597,,,1133568,
7.708425,DUPACK,1107,15.597,,,1133568,
7.708457,NAK,1107,15.597,,,1133568,
7.708486,DUPACK,1107,15.597,,,1133568,
7.708517,DUPACK,1107,15.597,,,1133568,
7.708544,NAK,1107,15.597,,,1133568,
7.708570,DUPACK,1107,15.597,,,1133568,
7.708594,NAK,1107,15.597,,,1133568,
7.708619,DUPACK,1107,15.597,,,1133568,
7.726755,STATS,-1,15.597,,200.000,1133568,base=1107 next=1122
7.756645,ACK,1108,15.661,,,1134592,"cum ack, base->1108"
7.756761,ACK,1109,15.725,,,1135616,"cum ack, base->1109"
7.756929,ACK,1110,15.789,,,1136640,"cum ack, base->1110"
7.757077,ACK,1111,15.852,,,1137664,"cum ack, base->1111"
7.757233,ACK,1112,15.915,,,1138688,"cum ack, base->1112"
7.757288,ACK,1113,15.978,,,1139712,"cum ack, base->1113"
7.757336,ACK,1114,16.040,,,1140736,"cum ack, base->1114"
7.758990,SEND,1122,16.040,,200.000,1140736,
7.759384,SEND,1123,16.040,,200.000,1140736,
7.759988,SEND,1124,16.040,,200.000,1140736,
7.760506,SEND,1125,16.040,,200.000,1140736,
7.760926,SEND,1126,16.040,,200.000,1140736,
7.761214,SEND,1127,16.040,,200.000,1140736,
7.761551,SEND,1128,16.040,,200.000,1140736,
7.761778,SEND,1129,16.040,,200.000,1140736,
7.761925,ACK,1115,16.103,,,1141760,"cum ack, base->1115"
7.761987,ACK,1116,16.165,,,1142784,"cum ack, base->1116"
7.762033,ACK,1117,16.227,,,1143808,"cum ack, base->1117"
7.762381,ACK,1118,16.288,,,1144832,"cum ack, base->1118"
7.762553,ACK,1119,16.350,,,1145856,"cum ack, base->1119"
7.762660,ACK,1120,16.411,,,1146880,"cum ack, base->1120"
7.762704,ACK,1121,16.472,,,1147904,"cum ack, base->1121"
7.762735,ACK,1122,16.532,,,1148928,"cum ack, base->1122"
7.764581,SEND,1130,16.532,,200.000,1148928,
7.764829,SEND,1131,16.532,,200.000,1148928,
7.765056,SEND,1132,16.532,,200.000,1148928,
7.765282,SEND,1133,16.532,,200.000,1148928,
7.765507,SEND,1134,16.532,,200.000,1148928,
7.765731,SEND,1135,16.532,,200.000,1148928,
7.765958,SEND,1136,16.532,,200.000,1148928,
7.766185,SEND,1137,16.532,,200.000,1148928,
7.817070,ACK,1123,16.593,,,1149952,"cum ack, base->1123"
7.817195,ACK,1124,16.653,,,1150976,"cum ack, base->1124"
7.817485,SEND,1138,16.653,,200.000,1150976,
7.817736,SEND,1139,16.653,,200.000,1150976,
7.817822,ACK,1125,16.713,,,1152000,"cum ack, base->1125"
7.817942,ACK,1126,16.773,,,1153024,"cum ack, base->1126"
7.817989,ACK,1127,16.833,,,1154048,"cum ack, base->1127"
7.818027,ACK,1128,16.892,,,1155072,"cum ack, base->1128"
7.818060,NAK,1128,16.892,,,1155072,
7.818077,FASTRETX,1128,15.015,,200.000,1155072,nak
7.818116,DUPACK,1128,15.015,,,1155072,
7.818154,NAK,1128,15.015,,,1155072,
7.818186,DUPACK,1128,15.015,,,1155072,
7.818316,NAK,1128,15.015,,,1155072,
7.818348,DUPACK,1128,15.015,,,1155072,
7.818377,NAK,1128,15.015,,,1155072,
7.818408,DUPACK,1128,15.015,,,1155072,
7.818438,NAK,1128,15.015,,,1155072,
7.818468,DUPACK,1128,15.015,,,1155072,
7.818497,NAK,1128,15.015,,,1155072,
7.818527,DUPACK,1128,15.015,,,1155072,
7.818557,NAK,1128,15.015,,,1155072,
7.818592,DUPACK,1128,15.015,,,1155072,
7.818622,NAK,1128,15.015,,,1155072,
7.818652,DUPACK,1128,15.015,,,1155072,
7.818776,NAK,1128,15.015,,,1155072,
7.818818,DUPACK,1128,15.015,,,1155072,
7.820675,RETX,1128,15.015,,200.000,1155072,
7.820902,RETX,1129,15.015,,200.000,1155072,
7.821104,RETX,1130,15.015,,200.000,1155072,
7.821320,RETX,1131,15.015,,200.000,1155072,
7.821592,RETX,1132,15.015,,200.000,1155072,
7.821806,RETX,1133,15.015,,200.000,1155072,
7.822123,RETX,1134,15.015,,200.000,1155072,
7.822529,RETX,1135,15.015,,200.000,1155072,
7.822825,RETX,1136,15.015,,200.000,1155072,
7.823269,RETX,1137,15.015,,200.000,1155072,
7.823509,RETX,1138,15.015,,200.000,1155072,
7.823872,RETX,1139,15.015,,200.000,1155072,
7.824648,SEND,1140,15.015,,200.000,1155072,
7.824842,SEND,1141,15.015,,200.000,1155072,
7.825116,SEND,1142,15.015,,200.000,1155072,
7.827836,STATS,-1,15.015,,200.000,1155072,base=1128 next=1143
7.860197,NAK,1128,15.015,,,1155072,
7.860312,DUPACK,1128,15.015,,,1155072,
7.861285,DUPACK,1128,15.015,,,1155072,
7.861707,ACK,1129,15.082,,,1156096,"cum ack, base->1129"
7.863227,SEND,1143,15.082,,200.000,1156096,
7.864528,ACK,1130,15.148,,,1157120,"cum ack, base->1130"
7.864986,ACK,1131,15.214,,,1158144,"cum ack, base->1131"
7.865611,SEND,1144,15.214,,200.000,1158144,
7.865834,SEND,1145,15.214,,200.000,1158144,
7.870837,ACK,1132,15.280,,,1159168,"cum ack, base->1132"
7.873300,SEND,1146,15.280,,200.000,1159168,
7.876864,ACK,1133,15.345,,,1160192,"cum ack, base->1133"
7.877493,SEND,1147,15.345,,200.000,1160192,
7.877870,ACK,1134,15.411,,,1161216,"cum ack, base->1134"
7.877931,ACK,1135,15.475,,,1162240,"cum ack, base->1135"
7.877976,ACK,1136,15.540,,,1163264,"cum ack, base->1136"
7.878018,ACK,1137,15.604,,,1164288,"cum ack, base->1137"
7.878598,ACK,1138,15.668,,,1165312,"cum ack, base->1138"
7.878714,ACK,1139,15.732,,,1166336,"cum ack, base->1139"
7.878750,ACK,1140,15.796,,,1167360,"cum ack, base->1140"
7.878781,ACK,1141,15.859,,,1168384,"cum ack, base->1141"
7.878809,NAK,1141,15.859,,,1168384,
7.878822,FASTRETX,1141,14.097,,200.000,1168384,nak
7.878852,DUPACK,1141,14.097,,,1168384,
7.880023,RETX,1141,14.097,,200.000,1168384,
7.880252,RETX,1142,14.097,,200.000,1168384,
7.880476,RETX,1143,14.097,,200.000,1168384,
7.880701,RETX,1144,14.097,,200.000,1168384,
7.880926,RETX,1145,14.097,,200.000,1168384,
7.881150,RETX,1146,14.097,,200.000,1168384,
7.881374,RETX,1147,14.097,,200.000,1168384,
7.881601,SEND,1148,14.097,,200.000,1168384,
7.881825,SEND,1149,14.097,,200.000,1168384,
7.882061,SEND,1150,14.097,,200.000,1168384,
7.882295,SEND,1151,14.097,,200.000,1168384,
7.882527,SEND,1152,14.097,,200.000,1168384,
7.882754,SEND,1153,14.097,,200.000,1168384,
7.882979,SEND,1154,14.097,,200.000,1168384,
7.910901,NAK,1141,14.097,,,1168384,
7.910937,DUPACK,1141,14.097,,,1168384,
7.911235,NAK,1141,14.097,,,1168384,
7.911263,DUPACK,1141,14.097,,,1168384,
7.917623,NAK,1141,14.097,,,1168384,
7.917658,DUPACK,1141,14.097,,,1168384,
7.917684,NAK,1141,14.097,,,1168384,
7.917709,DUPACK,1141,14.097,,,1168384,
7.917732,NAK,1141,14.097,,,1168384,
7.919016,DUPACK,1141,14.097,,,1168384,
7.929497,ACK,1142,14.168,,,1169408,"cum ack, base->1142"
7.929565,ACK,1143,14.239,,,1170432,"cum ack, base->1143"
7.929639,ACK,1144,14.309,,,1171456,"cum ack, base->1144"
7.929690,ACK,1145,14.379,,,1172480,"cum ack, base->1145"
7.929725,ACK,1146,14.448,,,1173504,"cum ack, base->1146"
7.929756,ACK,1147,14.517,,,1174528,"cum ack, base->1147"
7.929787,ACK,1148,14.586,,,1175552,"cum ack, base->1148"
7.929890,ACK,1149,14.655,,,1176576,"cum ack, base->1149"
7.930468,SEND,1155,14.655,,200.000,1176576,
7.930645,SEND,1156,14.655,,200.000,1176576,
7.930814,SEND,1157,14.655,,200.000,1176576,
7.931038,SEND,1158,14.655,,200.000,1176576,
7.931213,SEND,1159,14.655,,200.000,1176576,
7.931379,SEND,1160,14.655,,200.000,1176576,
7.931593,SEND,1161,14.655,,200.000,1176576,
7.931779,SEND,1162,14.655,,200.000,1176576,
7.931791,STATS,-1,14.655,,200.000,1176576,base=1149 next=1163
7.931907,ACK,1150,14.723,,,1177600,"cum ack, base->1150"
7.934595,SEND,1163,14.723,,200.000,1177600,
7.936380,ACK,1152,14.859,,,1179648,"cum ack, base->1152"
7.936456,ACK,1153,14.926,,,1180672,"cum ack, base->1153"
7.936525,NAK,1153,14.926,,,1180672,
7.936544,FASTRETX,1153,13.267,,200.000,1180672,nak
7.936589,DUPACK,1153,13.267,,,1180672,
7.937381,RETX,1153,13.267,,200.000,1180672,
7.937660,RETX,1154,13.267,,200.000,1180672,
7.937844,RETX,1155,13.267,,200.000,1180672,
7.938082,RETX,1156,13.267,,200.000,1180672,
7.938262,RETX,1157,13.267,,200.000,1180672,
7.938454,RETX,1158,13.267,,200.000,1180672,
7.938679,RETX,1159,13.267,,200.000,1180672,
7.938941,RETX,1160,13.267,,200.000,1180672,
7.939126,RETX,1161,13.267,,200.000,1180672,
7.939296,RETX,1162,13.267,,200.000,1180672,
7.939495,RETX,1163,13.267,,200.000,1180672,
7.939712,SEND,1164,13.267,,200.000,1180672,
7.940062,SEND,1165,13.267,,200.000,1180672,
7.979522,NAK,1153,13.267,,,1180672,
7.979584,DUPACK,1153,13.267,,,1180672,
7.979636,NAK,1153,13.267,,,1180672,
7.979668,DUPACK,1153,13.267,,,1180672,
7.979695,NAK,1153,13.267,,,1180672,
7.979720,DUPACK,1153,13.267,,,1180672,
7.979745,NAK,1153,13.267,,,1180672,
7.979770,DUPACK,1153,13.267,,,1180672,
7.979796,NAK,1153,13.267,,,1180672,
7.979825,DUPACK,1153,13.267,,,1180672,
7.983107,NAK,1153,13.267,,,1180672,
7.983194,DUPACK,1153,13.267,,,1180672,
7.983239,NAK,1153,13.267,,,1180672,
7.983282,DUPACK,1153,13.267,,,1180672,
7.983324,NAK,1153,13.267,,,1180672,
7.983364,DUPACK,1153,13.267,,,1180672,
7.984575,NAK,1153,13.267,,,1180672,
7.984657,DUPACK,1153,13.267,,,1180672,
7.984736,ACK,1154,13.343,,,1181696,"cum ack, base->1154"
7.984791,ACK,1155,13.418,,,1182720,"cum ack, base->1155"
7.984841,ACK,1156,13.492,,,1183744,"cum ack, base->1156"
7.984888,ACK,1157,13.566,,,1184768,"cum ack, base->1157"
7.987180,SEND,1166,13.566,,200.000,1184768,
7.987372,SEND,1167,13.566,,200.000,1184768,
7.987541,SEND,1168,13.566,,200.000,1184768,
7.987783,SEND,1169,13.566,,200.000,1184768,
7.990731,ACK,1158,13.640,,,1185792,"cum ack, base->1158"
7.990791,ACK,1159,13.713,,,1186816,"cum ack, base->1159"
7.990824,ACK,1160,13.786,,,1187840,"cum ack, base->1160"
7.990852,NAK,1160,13.786,,,1187840,
7.990864,FASTRETX,1160,13.786,,200.000,1187840,nak
7.992002,DUPACK,1160,13.786,,,1187840,
7.992053,NAK,1160,13.786,,,1187840,
7.992084,DUPACK,1160,13.786,,,1187840,
7.992116,NAK,1160,13.786,,,1187840,
7.992830,RETX,1160,13.786,,200.000,1187840,
7.993015,RETX,1161,13.786,,200.000,1187840,
7.993386,RETX,1162,13.786,,200.000,1187840,
7.994276,RETX,1163,13.786,,200.000,1187840,
7.994692,RETX,1164,13.786,,200.000,1187840,
7.995068,RETX,1165,13.786,,200.000,1187840,
7.995253,RETX,1166,13.786,,200.000,1187840,
7.995669,RETX,1167,13.786,,200.000,1187840,
7.996115,RETX,1168,13.786,,200.000,1187840,
7.996324,RETX,1169,13.786,,200.000,1187840,
7.996497,SEND,1170,13.786,,200.000,1187840,
7.996669,SEND,1171,13.786,,200.000,1187840,
7.996838,SEND,1172,13.786,,200.000,1187840,
7.996976,DUPACK,1160,13.786,,,1187840,
7.997038,NAK,1160,13.786,,,1187840,
7.997071,DUPACK,1160,13.786,,,1187840,
8.022702,NAK,1160,13.786,,,1187840,
8.022766,DUPACK,1160,13.786,,,1187840,
8.030469,NAK,1160,13.786,,,1187840,
8.032346,DUPACK,1160,13.786,,,1187840,
8.032375,NAK,1160,13.786,,,1187840,
8.032397,DUPACK,1160,13.786,,,1187840,
8.032416,NAK,1160,13.786,,,1187840,
8.032814,STATS,-1,13.786,,200.000,1187840,base=1160 next=1173
8.037551,DUPACK,1160,13.786,,,1187840,
8.042079,ACK,1161,13.859,,,1188864,"cum ack, base->1161"
8.042119,ACK,1162,13.931,,,1189888,"cum ack, base->1162"
8.043105,SEND,1173,13.931,,200.000,1189888,
8.043290,SEND,1174,13.931,,200.000,1189888,
8.045060,ACK,1163,14.003,,,1190912,"cum ack, base->1163"
8.045110,ACK,1164,14.074,,,1191936,"cum ack, base->1164"
8.045137,ACK,1165,14.145,,,1192960,"cum ack, base->1165"
8.046181,SEND,1175,14.145,,200.000,1192960,
8.046441,SEND,1176,14.145,,200.000,1192960,
8.046734,SEND,1177,14.145,,200.000,1192960,
8.047922,SEND,1178,14.145,,200.000,1192960,
8.048107,ACK,1166,14.216,,,1193984,"cum ack, base->1166"
8.048179,ACK,1167,14.286,,,1195008,"cum ack, base->1167"
8.048209,ACK,1168,14.356,,,1196032,"cum ack, base->1168"
8.048239,ACK,1169,14.426,,,1197056,"cum ack, base->1169"
8.048265,ACK,1170,14.495,,,1198080,"cum ack, base->1170"
8.048346,ACK,1171,14.564,,,1199104,"cum ack, base->1171"
8.048474,ACK,1172,14.633,,,1200128,"cum ack, base->1172"
8.048512,ACK,1173,14.701,,,1201152,"cum ack, base->1173"
8.050700,SEND,1179,14.701,,200.000,1201152,
8.050892,SEND,1180,14.701,,200.000,1201152,
8.051069,SEND,1181,14.701,,200.000,1201152,
8.051245,SEND,1182,14.701,,200.000,1201152,
8.051422,SEND,1183,14.701,,200.000,1201152,
8.051599,SEND,1184,14.701,,200.000,1201152,
8.051865,SEND,1185,14.701,,200.000,1201152,
8.052048,SEND,1186,14.701,,200.000,1201152,
8.094451,ACK,1174,14.769,,,1202176,"cum ack, base->1174"
8.094524,NAK,1174,14.769,,,1202176,
8.094538,FASTRETX,1174,13.128,,200.000,1202176,nak
8.094574,DUPACK,1174,13.128,,,1202176,
8.094603,NAK,1174,13.128,,,1202176,
8.095632,DUPACK,1174,13.128,,,1202176,
8.096122,NAK,1174,13.128,,,1202176,
8.096508,RETX,1174,13.128,,200.000,1202176,
8.096738,RETX,1175,13.128,,200.000,1202176,
8.096908,RETX,1176,13.128,,200.000,1202176,
8.097079,RETX,1177,13.128,,200.000,1202176,
8.097248,RETX,1178,13.128,,200.000,1202176,
8.097425,RETX,1179,13.128,,200.000,1202176,
8.097593,RETX,1180,13.128,,200.000,1202176,
8.097761,RETX,1181,13.128,,200.000,1202176,
8.097929,RETX,1182,13.128,,200.000,1202176,
8.098096,RETX,1183,13.128,,200.000,1202176,
8.098333,RETX,1184,13.128,,200.000,1202176,
8.098520,RETX,1185,13.128,,200.000,1202176,
8.098691,RETX,1186,13.128,,200.000,1202176,
8.100834,DUPACK,1174,13.128,,,1202176,
8.100901,NAK,1174,13.128,,,1202176,
8.100934,DUPACK,1174,13.128,,,1202176,
8.101009,NAK,1174,13.128,,,1202176,
8.101082,DUPACK,1174,13.128,,,1202176,
8.102376,NAK,1174,13.128,,,1202176,
8.102840,DUPACK,1174,13.128,,,1202176,
8.102877,NAK,1174,13.128,,,1202176,
8.102905,DUPACK,1174,13.128,,,1202176,
8.102934,NAK,1174,13.128,,,1202176,
8.102961,DUPACK,1174,13.128,,,1202176,
8.102987,NAK,1174,13.128,,,1202176,
8.103012,DUPACK,1174,13.128,,,1202176,
8.103036,NAK,1174,13.128,,,1202176,
8.103061,DUPACK,1174,13.128,,,1202176,
8.103119,NAK,1174,13.128,,,1202176,
8.103148,DUPACK,1174,13.128,,,1202176,
8.104307,NAK,1174,13.128,,,1202176,
8.134412,STATS,-1,13.128,,200.000,1202176,base=1174 next=1187
8.145050,ACK,1175,13.204,,,1203200,"cum ack, base->1175"
8.145345,SEND,1187,13.204,,200.000,1203200,
8.145450,ACK,1176,13.280,,,1204224,"cum ack, base->1176"
8.145499,ACK,1177,13.356,,,1205248,"cum ack, base->1177"
8.145535,ACK,1178,13.430,,,1206272,"cum ack, base->1178"
8.145567,ACK,1179,13.505,,,1207296,"cum ack, base->1179"
8.145599,ACK,1180,13.579,,,1208320,"cum ack, base->1180"
8.145629,ACK,1181,13.653,,,1209344,"cum ack, base->1181"
8.145659,ACK,1182,13.726,,,1210368,"cum ack, base->1182"
8.145689,ACK,1183,13.799,,,1211392,"cum ack, base->1183"
8.145722,ACK,1184,13.871,,,1212416,"cum ack, base->1184"
8.145752,ACK,1185,13.943,,,1213440,"cum ack, base->1185"
8.145782,ACK,1186,14.015,,,1214464,"cum ack, base->1186"
8.148304,SEND,1188,14.015,,200.000,1214464,
8.148542,SEND,1189,14.015,,200.000,1214464,
8.148719,SEND,1190,14.015,,200.000,1214464,
8.148884,SEND,1191,14.015,,200.000,1214464,
8.149054,SEND,1192,14.015,,200.000,1214464,
8.149222,SEND,1193,14.015,,200.000,1214464,
8.149390,SEND,1194,14.015,,200.000,1214464,
8.149615,SEND,1195,14.015,,200.000,1214464,
8.149871,SEND,1196,14.015,,200.000,1214464,
8.150121,SEND,1197,14.015,,200.000,1214464,
8.150316,SEND,1198,14.015,,200.000,1214464,
8.150525,SEND,1199,14.015,,200.000,1214464,
8.191440,ACK,1188,14.157,,,1216512,"cum ack, base->1188"
8.191533,ACK,1189,14.228,,,1217536,"cum ack, base->1189"
8.193815,SEND,1200,14.228,,200.000,1217536,
8.194043,SEND,1201,14.228,,200.000,1217536,
8.194258,SEND,1202,14.228,,200.000,1217536,
8.197342,ACK,1190,14.298,,,1218560,"cum ack, base->1190"
8.199649,SEND,1203,14.298,,200.000,1218560,
8.199927,ACK,1191,14.368,,,1219584,"cum ack, base->1191"
8.199974,NAK,1191,14.368,,,1219584,
8.199988,FASTRETX,1191,12.772,,200.000,1219584,nak
8.200019,DUPACK,1191,12.772,,,1219584,
8.201609,NAK,1191,12.772,,,1219584,
8.201670,DUPACK,1191,12.772,,,1219584,
8.201698,NAK,1191,12.772,,,1219584,
8.201724,DUPACK,1191,12.772,,,1219584,
8.201751,NAK,1191,12.772,,,1219584,
8.201829,DUPACK,1191,12.772,,,1219584,
8.201864,NAK,1191,12.772,,,1219584,
8.201895,DUPACK,1191,12.772,,,1219584,
8.201924,NAK,1191,12.772,,,1219584,
8.201950,DUPACK,1191,12.772,,,1219584,
8.201977,NAK,1191,12.772,,,1219584,
8.202003,DUPACK,1191,12.772,,,1219584,
8.202455,RETX,1191,12.772,,200.000,1219584,
8.202636,RETX,1192,12.772,,200.000,1219584,
8.202885,RETX,1193,12.772,,200.000,1219584,
8.203077,RETX,1194,12.772,,200.000,1219584,
8.203288,RETX,1195,12.772,,200.000,1219584,
8.203489,RETX,1196,12.772,,200.000,1219584,
8.203666,RETX,1197,12.772,,200.000,1219584,
8.203869,RETX,1198,12.772,,200.000,1219584,
8.204048,RETX,1199,12.772,,200.000,1219584,
8.204217,RETX,1200,12.772,,200.000,1219584,
8.204392,RETX,1201,12.772,,200.000,1219584,
8.204599,RETX,1202,12.772,,200.000,1219584,
8.235949,STATS,-1,12.772,,200.000,1219584,base=1191 next=1203
8.241787,NAK,1191,12.772,,,1219584,
8.241906,DUPACK,1191,12.772,,,1219584,
8.241946,NAK,1191,12.772,,,1219584,
8.241978,DUPACK,1191,12.772,,,1219584,
8.242399,DUPACK,1191,12.772,,,1219584,
8.247757,NAK,1191,12.772,,,1219584,
8.247819,DUPACK,1191,12.772,,,1219584,
8.250433,ACK,1192,12.850,,,1220608,"cum ack, base->1192"
8.250499,ACK,1193,12.928,,,1221632,"cum ack, base->1193"
8.250534,ACK,1194,13.005,,,1222656,"cum ack, base->1194"
8.250566,ACK,1195,13.082,,,1223680,"cum ack, base->1195"
8.250598,ACK,1196,13.158,,,1224704,"cum ack, base->1196"
8.250630,ACK,1197,13.234,,,1225728,"cum ack, base->1197"
8.251147,RETX,1203,13.234,,200.000,1225728,
8.251392,SEND,1204,13.234,,200.000,1225728,
8.251492,SEND,1205,13.234,,200.000,1225728,
8.251579,SEND,1206,13.234,,200.000,1225728,
8.251665,SEND,1207,13.234,,200.000,1225728,
8.251750,SEND,1208,13.234,,200.000,1225728,
8.251838,SEND,1209,13.234,,200.000,1225728,
8.253046,ACK,1198,13.310,,,1226752,"cum ack, base->1198"
8.253074,ACK,1199,13.385,,,1227776,"cum ack, base->1199"
8.253090,ACK,1200,13.460,,,1228800,"cum ack, base->1200"
8.253103,ACK,1201,13.534,,,1229824,"cum ack, base->1201"
8.253117,ACK,1202,13.608,,,1230848,"cum ack, base->1202"
8.253129,ACK,1203,13.682,,,1231872,"cum ack, base->1203"
8.254449,SEND,1210,13.682,,200.000,1231872,
8.254538,SEND,1211,13.682,,200.000,1231872,
8.254626,SEND,1212,13.682,,200.000,1231872,
8.254715,SEND,1213,13.682,,200.000,1231872,
8.254804,SEND,1214,13.682,,200.000,1231872,
8.254892,SEND,1215,13.682,,200.000,1231872,
8.284446,ACK,1204,13.755,,,1232896,"cum ack, base->1204"
8.284613,SEND,1216,13.755,,200.000,1232896,
8.287562,ACK,1205,13.827,,,1233920,"cum ack, base->1205"
8.289797,SEND,1217,13.827,,200.000,1233920,
8.292927,ACK,1206,13.900,,,1234944,"cum ack, base->1206"
8.292997,ACK,1207,13.972,,,1235968,"cum ack, base->1207"
8.293978,ACK,1208,14.043,,,1236992,"cum ack, base->1208"
8.294028,ACK,1209,14.114,,,1238016,"cum ack, base->1209"
8.294521,SEND,1218,14.114,,200.000,1238016,
8.294748,SEND,1219,14.114,,200.000,1238016,
8.294939,SEND,1220,14.114,,200.000,1238016,
8.295107,SEND,1221,14.114,,200.000,1238016,
8.295313,SEND,1222,14.114,,200.000,1238016,
8.297209,ACK,1210,14.185,,,1239040,"cum ack, base->1210"
8.298100,SEND,1223,14.185,,200.000,1239040,
8.298395,ACK,1211,14.256,,,1240064,"cum ack, base->1211"
8.300891,SEND,1224,14.256,,200.000,1240064,
8.305542,ACK,1213,14.396,,,1242112,"cum ack, base->1213"
8.305602,ACK,1214,14.465,,,1243136,"cum ack, base->1214"
8.305636,ACK,1215,14.534,,,1244160,"cum ack, base->1215"
8.305669,ACK,1216,14.603,,,1245184,"cum ack, base->1216"
8.306145,SEND,1225,14.603,,200.000,1245184,
8.306324,SEND,1226,14.603,,200.000,1245184,
8.306494,SEND,1227,14.603,,200.000,1245184,
8.306663,SEND,1228,14.603,,200.000,1245184,
8.306836,SEND,1229,14.603,,200.000,1245184,
8.318840,ACK,1217,14.672,,,1246208,"cum ack, base->1217"
8.320861,SEND,1230,14.672,,200.000,1246208,
8.329774,ACK,1218,14.740,,,1247232,"cum ack, base->1218"
8.330527,SEND,1231,14.740,,200.000,1247232,
8.336288,ACK,1219,14.808,,,1248256,"cum ack, base->1219"
8.337732,ACK,1220,14.875,,,1249280,"cum ack, base->1220"
8.338346,SEND,1232,14.875,,200.000,1249280,
8.338580,SEND,1233,14.875,,200.000,1249280,
8.338592,STATS,-1,14.875,,200.000,1249280,base=1220 next=1234
8.338679,ACK,1221,14.942,,,1250304,"cum ack, base->1221"
8.338720,ACK,1222,15.009,,,1251328,"cum ack, base->1222"
8.341464,SEND,1234,15.009,,200.000,1251328,
8.341665,SEND,1235,15.009,,200.000,1251328,
8.341838,SEND,1236,15.009,,200.000,1251328,
8.342053,ACK,1223,15.076,,,1252352,"cum ack, base->1223"
8.342127,ACK,1224,15.142,,,1253376,"cum ack, base->1224"
8.344281,SEND,1237,15.142,,200.000,1253376,
8.344506,SEND,1238,15.142,,200.000,1253376,
8.345285,ACK,1225,15.208,,,1254400,"cum ack, base->1225"
8.345336,ACK,1226,15.274,,,1255424,"cum ack, base->1226"
8.345372,ACK,1227,15.339,,,1256448,"cum ack, base->1227"
8.347201,SEND,1239,15.339,,200.000,1256448,
8.347384,SEND,1240,15.339,,200.000,1256448,
8.347553,SEND,1241,15.339,,200.000,1256448,
8.351524,ACK,1228,15.405,,,1257472,"cum ack, base->1228"
8.352861,SEND,1242,15.405,,200.000,1257472,
8.352966,ACK,1229,15.470,,,1258496,"cum ack, base->1229"
8.353015,ACK,1230,15.534,,,1259520,"cum ack, base->1230"
8.355472,SEND,1243,15.534,,200.000,1259520,
8.355732,SEND,1244,15.534,,200.000,1259520,
8.362608,ACK,1231,15.599,,,1260544,"cum ack, base->1231"
8.363660,SEND,1245,15.599,,200.000,1260544,
8.378037,ACK,1232,15.663,,,1261568,"cum ack, base->1232"
8.378829,SEND,1246,15.663,,200.000,1261568,
8.390168,ACK,1233,15.727,,,1262592,"cum ack, base->1233"
8.390346,ACK,1234,15.790,,,1263616,"cum ack, base->1234"
8.391227,SEND,1247,15.790,,200.000,1263616,
8.391456,SEND,1248,15.790,,200.000,1263616,
8.393261,ACK,1236,15.917,,,1265664,"cum ack, base->1236"
8.393323,ACK,1237,15.979,,,1266688,"cum ack, base->1237"
8.393452,ACK,1238,16.042,,,1267712,"cum ack, base->1238"
8.393484,ACK,1239,16.104,,,1268736,"cum ack, base->1239"
8.393609,ACK,1240,16.166,,,1269760,"cum ack, base->1240"
8.393662,ACK,1241,16.228,,,1270784,"cum ack, base->1241"
8.394124,SEND,1249,16.228,,200.000,1270784,
8.394306,SEND,1250,16.228,,200.000,1270784,
8.394475,SEND,1251,16.228,,200.000,1270784,
8.394644,SEND,1252,16.228,,200.000,1270784,
8.394810,SEND,1253,16.228,,200.000,1270784,
8.394978,SEND,1254,16.228,,200.000,1270784,
8.395144,SEND,1255,16.228,,200.000,1270784,
8.395310,SEND,1256,16.228,,200.000,1270784,
8.398122,ACK,1242,16.290,,,1271808,"cum ack, base->1242"
8.400475,SEND,1257,16.290,,200.000,1271808,
8.403968,ACK,1243,16.351,,,1272832,"cum ack, base->1243"
8.404034,ACK,1244,16.412,,,1273856,"cum ack, base->1244"
8.404259,ACK,1245,16.473,,,1274880,"cum ack, base->1245"
8.405926,SEND,1258,16.473,,200.000,1274880,
8.406396,SEND,1259,16.473,,200.000,1274880,
8.406593,SEND,1260,16.473,,200.000,1274880,
8.410851,ACK,1246,16.534,,,1275904,"cum ack, base->1246"
8.412029,SEND,1261,16.534,,200.000,1275904,
8.427397,ACK,1247,16.595,,,1276928,"cum ack, base->1247"
8.427649,SEND,1262,16.595,,200.000,1276928,
8.437770,ACK,1248,16.655,,,1277952,"cum ack, base->1248"
8.440281,SEND,1263,16.655,,200.000,1277952,
8.440307,STATS,-1,16.655,,200.000,1277952,base=1248 next=1264
8.443154,ACK,1249,16.715,,,1278976,"cum ack, base->1249"
8.443216,ACK,1250,16.775,,,1280000,"cum ack, base->1250"
8.443252,ACK,1251,16.834,,,1281024,"cum ack, base->1251"
8.443289,ACK,1252,16.894,,,1282048,"cum ack, base->1252"
8.445143,ACK,1253,16.953,,,1283072,"cum ack, base->1253"
8.445487,SEND,1264,16.953,,200.000,1283072,
8.445810,SEND,1265,16.953,,200.000,1283072,
8.446104,SEND,1266,16.953,,200.000,1283072,
8.446376,SEND,1267,16.953,,200.000,1283072,
8.446696,SEND,1268,16.953,,200.000,1283072,
8.447475,ACK,1254,17.012,,,1284096,"cum ack, base->1254"
8.447705,ACK,1255,17.071,,,1285120,"cum ack, base->1255"
8.447765,ACK,1256,17.129,,,1286144,"cum ack, base->1256"
8.447819,ACK,1257,17.188,,,1287168,"cum ack, base->1257"
8.447862,NAK,1257,17.188,,,1287168,
8.447878,FASTRETX,1257,15.278,,200.000,1287168,nak
8.447919,DUPACK,1257,15.278,,,1287168,
8.447958,NAK,1257,15.278,,,1287168,
8.447997,DUPACK,1257,15.278,,,1287168,
8.448034,NAK,1257,15.278,,,1287168,
8.448073,DUPACK,1257,15.278,,,1287168,
8.449581,RETX,1257,15.278,,200.000,1287168,
8.449952,RETX,1258,15.278,,200.000,1287168,
8.450343,RETX,1259,15.278,,200.000,1287168,
8.450700,RETX,1260,15.278,,200.000,1287168,
8.451059,RETX,1261,15.278,,200.000,1287168,
8.451542,RETX,1262,15.278,,200.000,1287168,
8.451910,RETX,1263,15.278,,200.000,1287168,
8.452253,RETX,1264,15.278,,200.000,1287168,
8.452517,RETX,1265,15.278,,200.000,1287168,
8.452775,RETX,1266,15.278,,200.000,1287168,
8.453203,RETX,1267,15.278,,200.000,1287168,
8.453546,RETX,1268,15.278,,200.000,1287168,
8.453761,SEND,1269,15.278,,200.000,1287168,
8.454041,SEND,1270,15.278,,200.000,1287168,
8.454330,SEND,1271,15.278,,200.000,1287168,
8.456594,NAK,1257,15.278,,,1287168,
8.456653,DUPACK,1257,15.278,,,1287168,
8.474353,NAK,1257,15.278,,,1287168,
8.477484,DUPACK,1257,15.278,,,1287168,
8.477510,NAK,1257,15.278,,,1287168,
8.479632,DUPACK,1257,15.278,,,1287168,
8.495518,NAK,1257,15.278,,,1287168,
8.495600,DUPACK,1257,15.278,,,1287168,
8.495633,NAK,1257,15.278,,,1287168,
8.497771,DUPACK,1257,15.278,,,1287168,
8.497827,NAK,1257,15.278,,,1287168,
8.497861,DUPACK,1257,15.278,,,1287168,
8.497889,DUPACK,1257,15.278,,,1287168,
8.497915,NAK,1257,15.278,,,1287168,
8.498017,DUPACK,1257,15.278,,,1287168,
8.498066,ACK,1258,15.343,,,1288192,"cum ack, base->1258"
8.498986,ACK,1259,15.408,,,1289216,"cum ack, base->1259"
8.499034,ACK,1260,15.473,,,1290240,"cum ack, base->1260"
8.499067,ACK,1261,15.538,,,1291264,"cum ack, base->1261"
8.499103,ACK,1262,15.602,,,1292288,"cum ack, base->1262"
8.499135,ACK,1263,15.666,,,1293312,"cum ack, base->1263"
8.499421,SEND,1272,15.666,,200.000,1293312,
8.499599,SEND,1273,15.666,,200.000,1293312,
8.499765,SEND,1274,15.666,,200.000,1293312,
8.499934,SEND,1275,15.666,,200.000,1293312,
8.500104,SEND,1276,15.666,,200.000,1293312,
8.500288,SEND,1277,15.666,,200.000,1293312,
8.501917,ACK,1264,15.730,,,1294336,"cum ack, base->1264"
8.502008,ACK,1266,15.857,,,1296384,"cum ack, base->1266"
8.502056,ACK,1267,15.920,,,1297408,"cum ack, base->1267"
8.502095,ACK,1269,16.046,,,1299456,"cum ack, base->1269"
8.502127,ACK,1270,16.108,,,1300480,"cum ack, base->1270"
8.502158,ACK,1271,16.170,,,1301504,"cum ack, base->1271"
8.502768,SEND,1278,16.170,,200.000,1301504,
8.503158,SEND,1279,16.170,,200.000,1301504,
8.503372,SEND,1280,16.170,,200.000,1301504,
8.503788,SEND,1281,16.170,,200.000,1301504,
8.504325,SEND,1282,16.170,,200.000,1301504,
8.504469,SEND,1283,16.170,,200.000,1301504,
8.504596,SEND,1284,16.170,,200.000,1301504,
8.504721,SEND,1285,16.170,,200.000,1301504,
8.504846,SEND,1286,16.170,,200.000,1301504,
8.504923,ACK,1272,16.232,,,1302528,"cum ack, base->1272"
8.507531,SEND,1287,16.232,,200.000,1302528,
8.540737,STATS,-1,16.232,,200.000,1302528,base=1272 next=1288
8.547877,ACK,1273,16.293,,,1303552,"cum ack, base->1273"
8.548750,SEND,1288,16.293,,200.000,1303552,
8.549510,ACK,1274,16.355,,,1304576,"cum ack, base->1274"
8.550757,NAK,1274,16.355,,,1304576,
8.550807,FASTRETX,1274,14.538,,200.000,1304576,nak
8.550874,DUPACK,1274,14.538,,,1304576,
8.551367,RETX,1274,14.538,,200.000,1304576,
8.551574,RETX,1275,14.538,,200.000,1304576,
8.551784,RETX,1276,14.538,,200.000,1304576,
8.551987,RETX,1277,14.538,,200.000,1304576,
8.552871,RETX,1278,14.538,,200.000,1304576,
8.553136,RETX,1279,14.538,,200.000,1304576,
8.553387,RETX,1280,14.538,,200.000,1304576,
8.553666,RETX,1281,14.538,,200.000,1304576,
8.553879,RETX,1282,14.538,,200.000,1304576,
8.554085,RETX,1283,14.538,,200.000,1304576,
8.554286,RETX,1284,14.538,,200.000,1304576,
8.554513,RETX,1285,14.538,,200.000,1304576,
8.554715,RETX,1286,14.538,,200.000,1304576,
8.554969,RETX,1287,14.538,,200.000,1304576,
8.555138,NAK,1274,14.538,,,1304576,
8.555187,DUPACK,1274,14.538,,,1304576,
8.555207,NAK,1274,14.538,,,1304576,
8.555223,DUPACK,1274,14.538,,,1304576,
8.555238,NAK,1274,14.538,,,1304576,
8.555252,DUPACK,1274,14.538,,,1304576,
8.555265,NAK,1274,14.538,,,1304576,
8.555283,DUPACK,1274,14.538,,,1304576,
8.555296,NAK,1274,14.538,,,1304576,
8.555308,DUPACK,1274,14.538,,,1304576,
8.555320,NAK,1274,14.538,,,1304576,
8.555332,DUPACK,1274,14.538,,,1304576,
8.555343,NAK,1274,14.538,,,1304576,
8.555355,DUPACK,1274,14.538,,,1304576,
8.555367,NAK,1274,14.538,,,1304576,
8.555378,DUPACK,1274,14.538,,,1304576,
8.555390,NAK,1274,14.538,,,1304576,
8.555401,DUPACK,1274,14.538,,,1304576,
8.555412,NAK,1274,14.538,,,1304576,
8.555424,DUPACK,1274,14.538,,,1304576,
8.555435,NAK,1274,14.538,,,1304576,
8.556315,DUPACK,1274,14.538,,,1304576,
8.556350,NAK,1274,14.538,,,1304576,
8.556370,DUPACK,1274,14.538,,,1304576,
8.599199,DUPACK,1274,14.538,,,1304576,
8.599283,ACK,1275,14.606,,,1305600,"cum ack, base->1275"
8.599316,NAK,1275,14.606,,,1305600,
8.599327,FASTRETX,1275,14.606,,200.000,1305600,nak
8.600666,RETX,1275,14.606,,200.000,1305600,
8.600887,RETX,1276,14.606,,200.000,1305600,
8.601090,RETX,1277,14.606,,200.000,1305600,
8.601912,RETX,1278,14.606,,200.000,1305600,
8.602136,RETX,1279,14.606,,200.000,1305600,
8.602340,RETX,1280,14.606,,200.000,1305600,
8.602542,RETX,1281,14.606,,200.000,1305600,
8.602749,RETX,1282,14.606,,200.000,1305600,
8.602947,RETX,1283,14.606,,200.000,1305600,
8.603234,RETX,1284,14.606,,200.000,1305600,
8.603444,RETX,1285,14.606,,200.000,1305600,
8.603658,RETX,1286,14.606,,200.000,1305600,
8.603877,RETX,1287,14.606,,200.000,1305600,
8.604101,RETX,1288,14.606,,200.000,1305600,
8.604230,DUPACK,1275,14.606,,,1305600,
8.604290,NAK,1275,14.606,,,1305600,
8.604324,DUPACK,1275,14.606,,,1305600,
8.605067,NAK,1275,14.606,,,1305600,
8.605121,DUPACK,1275,14.606,,,1305600,
8.605154,NAK,1275,14.606,,,1305600,
8.605181,DUPACK,1275,14.606,,,1305600,
8.605210,NAK,1275,14.606,,,1305600,
8.605236,DUPACK,1275,14.606,,,1305600,
8.605285,NAK,1275,14.606,,,1305600,
8.605311,DUPACK,1275,14.606,,,1305600,
8.605357,NAK,1275,14.606,,,1305600,
8.605383,DUPACK,1275,14.606,,,1305600,
8.605408,NAK,1275,14.606,,,1305600,
8.605437,DUPACK,1275,14.606,,,1305600,
8.605460,NAK,1275,14.606,,,1305600,
8.605486,DUPACK,1275,14.606,,,1305600,
8.605509,NAK,1275,14.606,,,1305600,
8.605535,DUPACK,1275,14.606,,,1305600,
8.607201,NAK,1275,14.606,,,1305600,
8.607272,DUPACK,1275,14.606,,,1305600,
8.634634,ACK,1276,14.675,,,1306624,"cum ack, base->1276"
8.637150,SEND,1289,14.675,,200.000,1306624,
8.641497,ACK,1277,14.743,,,1307648,"cum ack, base->1277"
8.641528,ACK,1278,14.811,,,1308672,"cum ack, base->1278"
8.641545,ACK,1279,14.878,,,1309696,"cum ack, base->1279"
8.642580,SEND,1290,14.878,,200.000,1309696,
8.642831,SEND,1291,14.878,,200.000,1309696,
8.642932,SEND,1292,14.878,,200.000,1309696,
8.642938,STATS,-1,14.878,,200.000,1309696,base=1279 next=1293
8.658180,ACK,1280,14.946,,,1310720,"cum ack, base->1280"
8.658303,ACK,1281,15.013,,,1311744,"cum ack, base->1281"
8.658348,ACK,1282,15.079,,,1312768,"cum ack, base->1282"
8.658435,ACK,1283,15.145,,,1313792,"cum ack, base->1283"
8.658475,NAK,1283,15.145,,,1313792,
8.658490,FASTRETX,1283,15.145,,200.000,1313792,nak
8.658885,DUPACK,1283,15.145,,,1313792,
8.659299,NAK,1283,15.145,,,1313792,
8.659382,DUPACK,1283,15.145,,,1313792,
8.659433,NAK,1283,15.145,,,1313792,
8.659875,NAK,1283,15.145,,,1313792,
8.659921,DUPACK,1283,15.145,,,1313792,
8.659948,NAK,1283,15.145,,,1313792,
8.659994,DUPACK,1283,15.145,,,1313792,
8.660649,RETX,1283,15.145,,200.000,1313792,
8.660760,RETX,1284,15.145,,200.000,1313792,
8.660857,RETX,1285,15.145,,200.000,1313792,
8.660952,RETX,1286,15.145,,200.000,1313792,
8.661047,RETX,1287,15.145,,200.000,1313792,
8.661143,RETX,1288,15.145,,200.000,1313792,
8.661239,RETX,1289,15.145,,200.000,1313792,
8.661335,RETX,1290,15.145,,200.000,1313792,
8.661429,RETX,1291,15.145,,200.000,1313792,
8.661524,RETX,1292,15.145,,200.000,1313792,
8.661620,SEND,1293,15.145,,200.000,1313792,
8.661731,SEND,1294,15.145,,200.000,1313792,
8.661826,SEND,1295,15.145,,200.000,1313792,
8.661921,SEND,1296,15.145,,200.000,1313792,
8.662016,SEND,1297,15.145,,200.000,1313792,
8.688756,NAK,1283,15.145,,,1313792,
8.688997,DUPACK,1283,15.145,,,1313792,
8.690148,NAK,1283,15.145,,,1313792,
8.690768,DUPACK,1283,15.145,,,1313792,
8.690793,NAK,1283,15.145,,,1313792,
8.693740,NAK,1283,15.145,,,1313792,
8.703980,ACK,1284,15.211,,,1314816,"cum ack, base->1284"
8.704066,ACK,1285,15.277,,,1315840,"cum ack, base->1285"
8.705277,SEND,1298,15.277,,200.000,1315840,
8.705480,SEND,1299,15.277,,200.000,1315840,
8.707573,ACK,1286,15.343,,,1316864,"cum ack, base->1286"
8.709419,SEND,1300,15.343,,200.000,1316864,
8.709594,ACK,1287,15.408,,,1317888,"cum ack, base->1287"
8.710527,ACK,1288,15.473,,,1318912,"cum ack, base->1288"
8.712062,SEND,1301,15.473,,200.000,1318912,
8.712162,SEND,1302,15.473,,200.000,1318912,
8.712299,ACK,1289,15.537,,,1319936,"cum ack, base->1289"
8.712320,ACK,1291,15.666,,,1321984,"cum ack, base->1291"
8.712340,ACK,1292,15.730,,,1323008,"cum ack, base->1292"
8.712355,ACK,1293,15.793,,,1324032,"cum ack, base->1293"
8.712373,ACK,1294,15.857,,,1325056,"cum ack, base->1294"
8.712386,ACK,1295,15.920,,,1326080,"cum ack, base->1295"
8.712399,ACK,1296,15.982,,,1327104,"cum ack, base->1296"
8.712412,ACK,1297,16.045,,,1328128,"cum ack, base->1297"
8.712425,ACK,1298,16.107,,,1329152,"cum ack, base->1298"
8.714905,SEND,1303,16.107,,200.000,1329152,
8.715109,SEND,1304,16.107,,200.000,1329152,
8.715281,SEND,1305,16.107,,200.000,1329152,
8.715507,SEND,1306,16.107,,200.000,1329152,
8.715681,SEND,1307,16.107,,200.000,1329152,
8.715847,SEND,1308,16.107,,200.000,1329152,
8.716360,SEND,1309,16.107,,200.000,1329152,
8.716547,SEND,1310,16.107,,200.000,1329152,
8.716718,SEND,1311,16.107,,200.000,1329152,
8.716887,SEND,1312,16.107,,200.000,1329152,
8.717089,SEND,1313,16.107,,200.000,1329152,
8.744471,STATS,-1,16.107,,200.000,1329152,base=1298 next=1314
8.752215,ACK,1299,16.169,,,1330176,"cum ack, base->1299"
8.752250,ACK,1300,16.231,,,1331200,"cum ack, base->1300"
8.753541,ACK,1301,16.293,,,1332224,"cum ack, base->1301"
8.753625,ACK,1302,16.354,,,1333248,"cum ack, base->1302"
8.754875,SEND,1314,16.354,,200.000,1333248,
8.755065,SEND,1315,16.354,,200.000,1333248,
8.755236,SEND,1316,16.354,,200.000,1333248,
8.755491,SEND,1317,16.354,,200.000,1333248,
8.762652,ACK,1303,16.415,,,1334272,"cum ack, base->1303"
8.762730,ACK,1304,16.476,,,1335296,"cum ack, base->1304"
8.762766,ACK,1305,16.537,,,1336320,"cum ack, base->1305"
8.762800,ACK,1306,16.597,,,1337344,"cum ack, base->1306"
8.762837,ACK,1307,16.658,,,1338368,"cum ack, base->1307"
8.763124,SEND,1318,16.658,,200.000,1338368,
8.763300,SEND,1319,16.658,,200.000,1338368,
8.763469,SEND,1320,16.658,,200.000,1338368,
8.763631,SEND,1321,16.658,,200.000,1338368,
8.763838,SEND,1322,16.658,,200.000,1338368,
8.764831,ACK,1308,16.718,,,1339392,"cum ack, base->1308"
8.764883,ACK,1309,16.778,,,1340416,"cum ack, base->1309"
8.766317,SEND,1323,16.778,,200.000,1340416,
8.766535,SEND,1324,16.778,,200.000,1340416,
8.769989,ACK,1310,16.837,,,1341440,"cum ack, base->1310"
8.770086,ACK,1311,16.897,,,1342464,"cum ack, base->1311"
8.770131,ACK,1312,16.956,,,1343488,"cum ack, base->1312"
8.770173,ACK,1313,17.015,,,1344512,"cum ack, base->1313"
8.770212,ACK,1314,17.073,,,1345536,"cum ack, base->1314"
8.771825,SEND,1325,17.073,,200.000,1345536,
8.772085,SEND,1326,17.073,,200.000,1345536,
8.772543,SEND,1327,17.073,,200.000,1345536,
8.772930,SEND,1328,17.073,,200.000,1345536,
8.773141,SEND,1329,17.073,,200.000,1345536,
8.773487,SEND,1330,17.073,,200.000,1345536,
8.795208,ACK,1315,17.132,,,1346560,"cum ack, base->1315"
8.795297,ACK,1316,17.190,,,1347584,"cum ack, base->1316"
8.796546,SEND,1331,17.190,,200.000,1347584,
8.796765,SEND,1332,17.190,,200.000,1347584,
8.804238,ACK,1317,17.249,,,1348608,"cum ack, base->1317"
8.804326,ACK,1318,17.307,,,1349632,"cum ack, base->1318"
8.804657,SEND,1333,17.307,,200.000,1349632,
8.804870,SEND,1334,17.307,,200.000,1349632,
8.815499,ACK,1319,17.364,,,1350656,"cum ack, base->1319"
8.815567,NAK,1321,17.364,,,1350656,
8.815583,FASTRETX,1319,15.435,,200.000,1350656,nak
8.816452,ACK,1321,15.564,,,1352704,"cum ack, base->1321"
8.816500,DUPACK,1321,15.564,,,1352704,
8.817624,NAK,1321,15.564,,,1352704,
8.817656,FASTRETX,1321,15.564,,200.000,1352704,nak
8.817956,RETX,1321,15.564,,200.000,1352704,
8.818158,RETX,1322,15.564,,200.000,1352704,
8.818375,RETX,1323,15.564,,200.000,1352704,
8.818546,RETX,1324,15.564,,200.000,1352704,
8.818729,RETX,1325,15.564,,200.000,1352704,
8.818901,RETX,1326,15.564,,200.000,1352704,
8.819069,RETX,1327,15.564,,200.000,1352704,
8.819312,RETX,1328,15.564,,200.000,1352704,
8.819495,RETX,1329,15.564,,200.000,1352704,
8.819724,RETX,1330,15.564,,200.000,1352704,
8.819902,RETX,1331,15.564,,200.000,1352704,
8.820070,RETX,1332,15.564,,200.000,1352704,
8.820245,RETX,1333,15.564,,200.000,1352704,
8.820440,RETX,1334,15.564,,200.000,1352704,
8.820612,SEND,1335,15.564,,200.000,1352704,
8.820683,DUPACK,1321,15.564,,,1352704,
8.820768,NAK,1321,15.564,,,1352704,
8.820828,DUPACK,1321,15.564,,,1352704,
8.820865,NAK,1321,15.564,,,1352704,
8.820907,DUPACK,1321,15.564,,,1352704,
8.821026,NAK,1321,15.564,,,1352704,
8.821076,DUPACK,1321,15.564,,,1352704,
8.821147,NAK,1321,15.564,,,1352704,
8.821173,DUPACK,1321,15.564,,,1352704,
8.821198,DUPACK,1321,15.564,,,1352704,
8.821223,NAK,1321,15.564,,,1352704,
8.821248,DUPACK,1321,15.564,,,1352704,
8.842351,NAK,1321,15.564,,,1352704,
8.845452,DUPACK,1321,15.564,,,1352704,
8.845523,STATS,-1,15.564,,200.000,1352704,base=1321 next=1336
8.845710,NAK,1321,15.564,,,1352704,
8.846256,DUPACK,1321,15.564,,,1352704,
8.846486,NAK,1321,15.564,,,1352704,
8.848300,NAK,1321,15.564,,,1352704,
8.848442,DUPACK,1321,15.564,,,1352704,
8.863613,ACK,1322,15.629,,,1353728,"cum ack, base->1322"
8.865356,SEND,1336,15.629,,200.000,1353728,
8.868964,ACK,1323,15.693,,,1354752,"cum ack, base->1323"
8.869035,ACK,1324,15.756,,,1355776,"cum ack, base->1324"
8.869072,ACK,1325,15.820,,,1356800,"cum ack, base->1325"
8.869108,ACK,1326,15.883,,,1357824,"cum ack, base->1326"
8.870741,SEND,1337,15.883,,200.000,1357824,
8.870932,SEND,1338,15.883,,200.000,1357824,
8.871189,SEND,1339,15.883,,200.000,1357824,
8.871542,SEND,1340,15.883,,200.000,1357824,
8.871983,ACK,1327,15.946,,,1358848,"cum ack, base->1327"
8.872085,ACK,1328,16.009,,,1359872,"cum ack, base->1328"
8.872122,ACK,1329,16.071,,,1360896,"cum ack, base->1329"
8.872154,ACK,1330,16.133,,,1361920,"cum ack, base->1330"
8.872186,ACK,1331,16.195,,,1362944,"cum ack, base->1331"
8.872231,ACK,1332,16.257,,,1363968,"cum ack, base->1332"
8.872263,ACK,1333,16.319,,,1364992,"cum ack, base->1333"
8.872295,ACK,1334,16.380,,,1366016,"cum ack, base->1334"
8.872373,ACK,1336,16.502,,,1368064,"cum ack, base->1336"
8.874516,SEND,1341,16.502,,200.000,1368064,
8.874788,SEND,1342,16.502,,200.000,1368064,
8.875082,SEND,1343,16.502,,200.000,1368064,
8.875276,SEND,1344,16.502,,200.000,1368064,
8.875610,SEND,1345,16.502,,200.000,1368064,
8.875844,SEND,1346,16.502,,200.000,1368064,
8.876071,SEND,1347,16.502,,200.000,1368064,
8.876287,SEND,1348,16.502,,200.000,1368064,
8.876462,SEND,1349,16.502,,200.000,1368064,
8.876738,SEND,1350,16.502,,200.000,1368064,
8.877015,SEND,1351,16.502,,200.000,1368064,
8.906109,ACK,1337,16.562,,,1369088,"cum ack, base->1337"
8.907101,SEND,1352,16.562,,200.000,1369088,
8.917247,ACK,1338,16.623,,,1370112,"cum ack, base->1338"
8.919657,ACK,1339,16.683,,,1371136,"cum ack, base->1339"
8.920201,SEND,1353,16.683,,200.000,1371136,
8.920835,SEND,1354,16.683,,200.000,1371136,
8.920947,ACK,1340,16.743,,,1372160,"cum ack, base->1340"
8.921030,ACK,1341,16.802,,,1373184,"cum ack, base->1341"
8.923553,SEND,1355,16.802,,200.000,1373184,
8.923740,SEND,1356,16.802,,200.000,1373184,
8.923822,ACK,1342,16.862,,,1374208,"cum ack, base->1342"
8.924006,NAK,1342,16.862,,,1374208,
8.924023,FASTRETX,1342,14.988,,200.000,1374208,nak
8.924060,DUPACK,1342,14.988,,,1374208,
8.924088,NAK,1342,14.988,,,1374208,
8.926209,DUPACK,1342,14.988,,,1374208,
8.926653,RETX,1342,14.988,,200.000,1374208,
8.926899,RETX,1343,14.988,,200.000,1374208,
8.927320,RETX,1344,14.988,,200.000,1374208,
8.927682,RETX,1345,14.988,,200.000,1374208,
8.928074,RETX,1346,14.988,,200.000,1374208,
8.929023,RETX,1347,14.988,,200.000,1374208,
8.929205,RETX,1348,14.988,,200.000,1374208,
8.929391,RETX,1349,14.988,,200.000,1374208,
8.929560,RETX,1350,14.988,,200.000,1374208,
8.929725,RETX,1351,14.988,,200.000,1374208,
8.929959,RETX,1352,14.988,,200.000,1374208,
8.930258,RETX,1353,14.988,,200.000,1374208,
8.930454,RETX,1354,14.988,,200.000,1374208,
8.930630,RETX,1355,14.988,,200.000,1374208,
8.930795,NAK,1342,14.988,,,1374208,
8.930888,DUPACK,1342,14.988,,,1374208,
8.930920,NAK,1342,14.988,,,1374208,
8.930948,DUPACK,1342,14.988,,,1374208,
8.930975,DUPACK,1342,14.988,,,1374208,
8.931004,NAK,1342,14.988,,,1374208,
8.931031,DUPACK,1342,14.988,,,1374208,
8.931060,NAK,1342,14.988,,,1374208,
8.931088,DUPACK,1342,14.988,,,1374208,
8.931113,NAK,1342,14.988,,,1374208,
8.931144,DUPACK,1342,14.988,,,1374208,
8.931169,NAK,1342,14.988,,,1374208,
8.931195,DUPACK,1342,14.988,,,1374208,
8.940352,NAK,1342,14.988,,,1374208,
8.944191,DUPACK,1342,14.988,,,1374208,
8.945555,STATS,-1,14.988,,200.000,1374208,base=1342 next=1356
8.962977,NAK,1342,14.988,,,1374208,
8.966845,DUPACK,1342,14.988,,,1374208,
8.973747,NAK,1342,14.988,,,1374208,
8.973810,DUPACK,1342,14.988,,,1374208,
8.973839,NAK,1342,14.988,,,1374208,
8.973867,DUPACK,1342,14.988,,,1374208,
8.973892,NAK,1342,14.988,,,1374208,
8.976937,DUPACK,1342,14.988,,,1374208,
8.977007,NAK,1342,14.988,,,1374208,
8.977046,DUPACK,1342,14.988,,,1374208,
8.977079,NAK,1342,14.988,,,1374208,
8.977115,DUPACK,1342,14.988,,,1374208,
8.978755,NAK,1342,14.988,,,1374208,
8.978812,NAK,1342,14.988,,,1374208,
8.978842,DUPACK,1342,14.988,,,1374208,
8.978868,NAK,1342,14.988,,,1374208,
8.978896,DUPACK,1342,14.988,,,1374208,
8.978926,NAK,1342,14.988,,,1374208,
8.979017,NAK,1342,14.988,,,1374208,
8.979059,DUPACK,1342,14.988,,,1374208,
8.979090,NAK,1342,14.988,,,1374208,
8.979118,DUPACK,1342,14.988,,,1374208,
8.979144,NAK,1342,14.988,,,1374208,
8.979170,DUPACK,1342,14.988,,,1374208,
8.979195,NAK,1342,14.988,,,1374208,
8.980306,DUPACK,1342,14.988,,,1374208,
9.047236,STATS,-1,14.988,,200.000,1374208,base=1342 next=1356
9.124548,TIMEOUT,1342,14.988,,200.000,1374208,timeout
9.127141,RETX,1342,14.988,,200.000,1374208,
9.127328,RETX,1343,14.988,,200.000,1374208,
9.127498,RETX,1344,14.988,,200.000,1374208,
9.127666,RETX,1345,14.988,,200.000,1374208,
9.127834,RETX,1346,14.988,,200.000,1374208,
9.128053,RETX,1347,14.988,,200.000,1374208,
9.128236,RETX,1348,14.988,,200.000,1374208,
9.128468,RETX,1349,14.988,,200.000,1374208,
9.128642,RETX,1350,14.988,,200.000,1374208,
9.128810,RETX,1351,14.988,,200.000,1374208,
9.128980,RETX,1352,14.988,,200.000,1374208,
9.129147,RETX,1353,14.988,,200.000,1374208,
9.129317,RETX,1354,14.988,,200.000,1374208,
9.129487,RETX,1355,14.988,,200.000,1374208,
9.148788,STATS,-1,14.988,,200.000,1374208,base=1342 next=1356
9.166712,ACK,1343,15.055,,,1375232,"cum ack, base->1343"
9.167522,RETX,1356,15.055,,200.000,1375232,
9.167744,SEND,1357,15.055,,200.000,1375232,
9.176321,ACK,1344,15.122,,,1376256,"cum ack, base->1344"
9.178711,SEND,1358,15.122,,200.000,1376256,
9.180812,ACK,1345,15.188,,,1377280,"cum ack, base->1345"
9.180936,ACK,1346,15.254,,,1378304,"cum ack, base->1346"
9.181009,ACK,1347,15.319,,,1379328,"cum ack, base->1347"
9.181062,ACK,1348,15.384,,,1380352,"cum ack, base->1348"
9.181113,ACK,1349,15.449,,,1381376,"cum ack, base->1349"
9.181161,ACK,1350,15.514,,,1382400,"cum ack, base->1350"
9.181637,SEND,1359,15.514,,200.000,1382400,
9.181913,SEND,1360,15.514,,200.000,1382400,
9.182182,SEND,1361,15.514,,200.000,1382400,
9.182554,SEND,1362,15.514,,200.000,1382400,
9.183202,SEND,1363,15.514,,200.000,1382400,
9.183416,SEND,1364,15.514,,200.000,1382400,
9.183599,ACK,1351,15.579,,,1383424,"cum ack, base->1351"
9.183698,ACK,1352,15.643,,,1384448,"cum ack, base->1352"
9.183745,ACK,1354,15.770,,,1386496,"cum ack, base->1354"
9.183807,ACK,1355,15.834,,,1387520,"cum ack, base->1355"
9.183845,ACK,1356,15.897,,,1388544,"cum ack, base->1356"
9.186091,SEND,1365,15.897,,200.000,1388544,
9.186403,SEND,1366,15.897,,200.000,1388544,
9.186616,SEND,1367,15.897,,200.000,1388544,
9.186823,SEND,1368,15.897,,200.000,1388544,
9.187028,SEND,1369,15.897,,200.000,1388544,
9.187236,SEND,1370,15.897,,200.000,1388544,
9.199129,ACK,1357,15.960,,,1389568,"cum ack, base->1357"
9.200347,SEND,1371,15.960,,200.000,1389568,
9.213553,ACK,1358,16.023,,,1390592,"cum ack, base->1358"
9.215692,SEND,1372,16.023,,200.000,1390592,
9.215810,SEND,1373,16.023,,200.000,1390592,
9.216379,NAK,1358,16.023,,,1390592,
9.216388,FASTRETX,1358,14.242,,200.000,1390592,nak
9.216411,DUPACK,1358,14.242,,,1390592,
9.218461,RETX,1358,14.242,,200.000,1390592,
9.218581,RETX,1359,14.242,,200.000,1390592,
9.218691,RETX,1360,14.242,,200.000,1390592,
9.218800,RETX,1361,14.242,,200.000,1390592,
9.218909,RETX,1362,14.242,,200.000,1390592,
9.219020,RETX,1363,14.242,,200.000,1390592,
9.219128,RETX,1364,14.242,,200.000,1390592,
9.219236,RETX,1365,14.242,,200.000,1390592,
9.219344,RETX,1366,14.242,,200.000,1390592,
9.219452,RETX,1367,14.242,,200.000,1390592,
9.219559,RETX,1368,14.242,,200.000,1390592,
9.219668,RETX,1369,14.242,,200.000,1390592,
9.219776,RETX,1370,14.242,,200.000,1390592,
9.219883,RETX,1371,14.242,,200.000,1390592,
9.222402,NAK,1358,14.242,,,1390592,
9.223360,DUPACK,1358,14.242,,,1390592,
9.223457,NAK,1358,14.242,,,1390592,
9.228951,DUPACK,1358,14.242,,,1390592,
9.228996,NAK,1358,14.242,,,1390592,
9.229017,DUPACK,1358,14.242,,,1390592,
9.229034,NAK,1358,14.242,,,1390592,
9.234018,DUPACK,1358,14.242,,,1390592,
9.234045,NAK,1358,14.242,,,1390592,
9.234064,NAK,1358,14.242,,,1390592,
9.234080,DUPACK,1358,14.242,,,1390592,
9.234098,NAK,1358,14.242,,,1390592,
9.234113,DUPACK,1358,14.242,,,1390592,
9.234127,NAK,1358,14.242,,,1390592,
9.234142,DUPACK,1358,14.242,,,1390592,
9.236399,NAK,1358,14.242,,,1390592,
9.236420,DUPACK,1358,14.242,,,1390592,
9.236556,NAK,1358,14.242,,,1390592,
9.236578,DUPACK,1358,14.242,,,1390592,
9.236594,NAK,1358,14.242,,,1390592,
9.236610,DUPACK,1358,14.242,,,1390592,
9.243388,DUPACK,1358,14.242,,,1390592,
9.249355,STATS,-1,14.242,,200.000,1390592,base=1358 next=1372
9.261688,NAK,1358,14.242,,,1390592,
9.261727,NAK,1358,14.242,,,1390592,
9.269298,DUPACK,1358,14.242,,,1390592,
9.269701,ACK,1359,14.312,,,1391616,"cum ack, base->1359"
9.269729,ACK,1360,14.382,,,1392640,"cum ack, base->1360"
9.269748,ACK,1361,14.452,,,1393664,"cum ack, base->1361"
9.269765,ACK,1362,14.521,,,1394688,"cum ack, base->1362"
9.269781,ACK,1363,14.590,,,1395712,"cum ack, base->1363"
9.269990,ACK,1364,14.658,,,1396736,"cum ack, base->1364"
9.270012,ACK,1365,14.727,,,1397760,"cum ack, base->1365"
9.270030,ACK,1366,14.795,,,1398784,"cum ack, base->1366"
9.271147,ACK,1367,14.862,,,1399808,"cum ack, base->1367"
9.271166,ACK,1368,14.929,,,1400832,"cum ack, base->1368"
9.271182,ACK,1369,14.996,,,1401856,"cum ack, base->1369"
9.271196,ACK,1370,15.063,,,1402880,"cum ack, base->1370"
9.271212,ACK,1372,15.196,,,1404928,"cum ack, base->1372"
9.271726,RETX,1372,15.196,,200.000,1404928,
9.271846,RETX,1373,15.196,,200.000,1404928,
9.271956,SEND,1374,15.196,,200.000,1404928,
9.272065,SEND,1375,15.196,,200.000,1404928,
9.272174,SEND,1376,15.196,,200.000,1404928,
9.272284,SEND,1377,15.196,,200.000,1404928,
9.273136,SEND,1378,15.196,,200.000,1404928,
9.273268,SEND,1379,15.196,,200.000,1404928,
9.273399,SEND,1380,15.196,,200.000,1404928,
9.273508,SEND,1381,15.196,,200.000,1404928,
9.273616,SEND,1382,15.196,,200.000,1404928,
9.273726,SEND,1383,15.196,,200.000,1404928,
9.273833,SEND,1384,15.196,,200.000,1404928,
9.273943,SEND,1385,15.196,,200.000,1404928,
9.274081,SEND,1386,15.196,,200.000,1404928,
9.325255,ACK,1373,15.261,,,1405952,"cum ack, base->1373"
9.325396,ACK,1374,15.327,,,1406976,"cum ack, base->1374"
9.325468,ACK,1375,15.392,,,1408000,"cum ack, base->1375"
9.325508,ACK,1376,15.457,,,1409024,"cum ack, base->1376"
9.325544,ACK,1377,15.522,,,1410048,"cum ack, base->1377"
9.325576,ACK,1378,15.586,,,1411072,"cum ack, base->1378"
9.325603,NAK,1378,15.586,,,1411072,
9.325615,FASTRETX,1378,13.854,,200.000,1411072,nak
9.325642,DUPACK,1378,13.854,,,1411072,
9.325849,NAK,1378,13.854,,,1411072,
9.325879,DUPACK,1378,13.854,,,1411072,
9.325896,NAK,1378,13.854,,,1411072,
9.325912,DUPACK,1378,13.854,,,1411072,
9.325926,NAK,1378,13.854,,,1411072,
9.325947,DUPACK,1378,13.854,,,1411072,
9.325962,NAK,1378,13.854,,,1411072,
9.325976,DUPACK,1378,13.854,,,1411072,
9.325989,NAK,1378,13.854,,,1411072,
9.326004,DUPACK,1378,13.854,,,1411072,
9.326083,NAK,1378,13.854,,,1411072,
9.326111,DUPACK,1378,13.854,,,1411072,
9.326129,NAK,1378,13.854,,,1411072,
9.326144,DUPACK,1378,13.854,,,1411072,
9.326610,RETX,1378,13.854,,200.000,1411072,
9.326846,RETX,1379,13.854,,200.000,1411072,
9.327126,RETX,1380,13.854,,200.000,1411072,
9.327241,RETX,1381,13.854,,200.000,1411072,
9.327350,RETX,1382,13.854,,200.000,1411072,
9.327515,RETX,1383,13.854,,200.000,1411072,
9.327626,RETX,1384,13.854,,200.000,1411072,
9.327733,RETX,1385,13.854,,200.000,1411072,
9.327828,RETX,1386,13.854,,200.000,1411072,
9.327923,SEND,1387,13.854,,200.000,1411072,
9.328018,SEND,1388,13.854,,200.000,1411072,
9.328113,SEND,1389,13.854,,200.000,1411072,
9.328224,SEND,1390,13.854,,200.000,1411072,
9.351018,STATS,-1,13.854,,200.000,1411072,base=1378 next=1391
9.374813,ACK,1382,14.141,,,1415168,"cum ack, base->1382"
9.374888,ACK,1383,14.212,,,1416192,"cum ack, base->1383"
9.374930,ACK,1384,14.282,,,1417216,"cum ack, base->1384"
9.375081,ACK,1385,14.352,,,1418240,"cum ack, base->1385"
9.375136,ACK,1386,14.422,,,1419264,"cum ack, base->1386"
9.376291,ACK,1387,14.491,,,1420288,"cum ack, base->1387"
9.376858,SEND,1391,14.491,,200.000,1420288,
9.377157,SEND,1392,14.491,,200.000,1420288,
9.377338,SEND,1393,14.491,,200.000,1420288,
9.377507,SEND,1394,14.491,,200.000,1420288,
9.377674,SEND,1395,14.491,,200.000,1420288,
9.377839,SEND,1396,14.491,,200.000,1420288,
9.378006,SEND,1397,14.491,,200.000,1420288,
9.378171,SEND,1398,14.491,,200.000,1420288,
9.378342,SEND,1399,14.491,,200.000,1420288,
9.378518,SEND,1400,14.491,,200.000,1420288,
9.379329,ACK,1388,14.560,,,1421312,"cum ack, base->1388"
9.379381,NAK,1388,14.560,,,1421312,
9.379394,FASTRETX,1388,12.942,,200.000,1421312,nak
9.379423,DUPACK,1388,12.942,,,1421312,
9.379449,NAK,1388,12.942,,,1421312,
9.379477,DUPACK,1388,12.942,,,1421312,
9.381331,RETX,1388,12.942,,200.000,1421312,
9.381520,RETX,1389,12.942,,200.000,1421312,
9.381690,RETX,1390,12.942,,200.000,1421312,
9.381858,RETX,1391,12.942,,200.000,1421312,
9.382026,RETX,1392,12.942,,200.000,1421312,
9.382191,RETX,1393,12.942,,200.000,1421312,
9.382406,RETX,1394,12.942,,200.000,1421312,
9.382587,RETX,1395,12.942,,200.000,1421312,
9.382759,RETX,1396,12.942,,200.000,1421312,
9.382926,RETX,1397,12.942,,200.000,1421312,
9.383092,RETX,1398,12.942,,200.000,1421312,
9.383258,RETX,1399,12.942,,200.000,1421312,
9.416264,DUPACK,1388,12.942,,,1421312,
9.426700,NAK,1388,12.942,,,1421312,
9.426765,DUPACK,1388,12.942,,,1421312,
9.426795,NAK,1388,12.942,,,1421312,
9.426823,DUPACK,1388,12.942,,,1421312,
9.426849,NAK,1388,12.942,,,1421312,
9.426874,NAK,1388,12.942,,,1421312,
9.426901,DUPACK,1388,12.942,,,1421312,
9.426926,NAK,1388,12.942,,,1421312,
9.426952,DUPACK,1388,12.942,,,1421312,
9.427152,NAK,1388,12.942,,,1421312,
9.427193,DUPACK,1388,12.942,,,1421312,
9.427221,NAK,1388,12.942,,,1421312,
9.427249,DUPACK,1388,12.942,,,1421312,
9.428759,NAK,1388,12.942,,,1421312,
9.428858,DUPACK,1388,12.942,,,1421312,
9.428914,ACK,1389,13.020,,,1422336,"cum ack, base->1389"
9.428950,ACK,1390,13.096,,,1423360,"cum ack, base->1390"
9.431596,RETX,1400,13.096,,200.000,1423360,
9.431792,SEND,1401,13.096,,200.000,1423360,
9.431988,SEND,1402,13.096,,200.000,1423360,
9.432104,ACK,1391,13.173,,,1424384,"cum ack, base->1391"
9.432177,ACK,1392,13.249,,,1425408,"cum ack, base->1392"
9.432908,ACK,1394,13.399,,,1427456,"cum ack, base->1394"
9.432963,ACK,1395,13.474,,,1428480,"cum ack, base->1395"
9.432997,ACK,1396,13.548,,,1429504,"cum ack, base->1396"
9.433028,ACK,1397,13.622,,,1430528,"cum ack, base->1397"
9.433059,ACK,1398,13.695,,,1431552,"cum ack, base->1398"
9.433089,ACK,1399,13.768,,,1432576,"cum ack, base->1399"
9.433120,ACK,1400,13.841,,,1433600,"cum ack, base->1400"
9.434821,SEND,1403,13.841,,200.000,1433600,
9.435010,SEND,1404,13.841,,200.000,1433600,
9.435206,SEND,1405,13.841,,200.000,1433600,
9.435383,SEND,1406,13.841,,200.000,1433600,
9.435556,SEND,1407,13.841,,200.000,1433600,
9.435812,SEND,1408,13.841,,200.000,1433600,
9.436421,SEND,1409,13.841,,200.000,1433600,
9.436636,SEND,1410,13.841,,200.000,1433600,
9.436844,SEND,1411,13.841,,200.000,1433600,
9.437047,SEND,1412,13.841,,200.000,1433600,
9.453353,STATS,-1,13.841,,200.000,1433600,base=1400 next=1413
9.488653,ACK,1401,13.913,,,1434624,"cum ack, base->1401"
9.488769,ACK,1402,13.985,,,1435648,"cum ack, base->1402"
9.488852,ACK,1403,14.057,,,1436672,"cum ack, base->1403"
9.489017,ACK,1404,14.128,,,1437696,"cum ack, base->1404"
9.489095,ACK,1405,14.198,,,1438720,"cum ack, base->1405"
9.490626,ACK,1406,14.269,,,1439744,"cum ack, base->1406"
9.490980,SEND,1413,14.269,,200.000,1439744,
9.491228,SEND,1414,14.269,,200.000,1439744,
9.491482,SEND,1415,14.269,,200.000,1439744,
9.491684,SEND,1416,14.269,,200.000,1439744,
9.491854,SEND,1417,14.269,,200.000,1439744,
9.492148,SEND,1418,14.269,,200.000,1439744,
9.492330,SEND,1419,14.269,,200.000,1439744,
9.492419,ACK,1407,14.339,,,1440768,"cum ack, base->1407"
9.492520,ACK,1408,14.409,,,1441792,"cum ack, base->1408"
9.492593,ACK,1409,14.478,,,1442816,"cum ack, base->1409"
9.492638,ACK,1410,14.547,,,1443840,"cum ack, base->1410"
9.492683,ACK,1411,14.616,,,1444864,"cum ack, base->1411"
9.492844,ACK,1413,14.752,,,1446912,"cum ack, base->1413"
9.495016,SEND,1420,14.752,,200.000,1446912,
9.495116,SEND,1421,14.752,,200.000,1446912,
9.495203,SEND,1422,14.752,,200.000,1446912,
9.495290,SEND,1423,14.752,,200.000,1446912,
9.495375,SEND,1424,14.752,,200.000,1446912,
9.495462,SEND,1425,14.752,,200.000,1446912,
9.495573,SEND,1426,14.752,,200.000,1446912,
9.532283,ACK,1414,14.820,,,1447936,"cum ack, base->1414"
9.532360,ACK,1415,14.888,,,1448960,"cum ack, base->1415"
9.532404,ACK,1416,14.955,,,1449984,"cum ack, base->1416"
9.534888,SEND,1427,14.955,,200.000,1449984,
9.535120,SEND,1428,14.955,,200.000,1449984,
9.535329,SEND,1429,14.955,,200.000,1449984,
9.536162,ACK,1417,15.022,,,1451008,"cum ack, base->1417"
9.538199,SEND,1430,15.022,,200.000,1451008,
9.538398,SEND,1431,15.022,,200.000,1451008,
9.540900,ACK,1418,15.088,,,1452032,"cum ack, base->1418"
9.541294,SEND,1432,15.088,,200.000,1452032,
9.543126,NAK,1418,15.088,,,1452032,
9.543160,FASTRETX,1418,13.412,,200.000,1452032,nak
9.543203,DUPACK,1418,13.412,,,1452032,
9.543231,NAK,1418,13.412,,,1452032,
9.543285,DUPACK,1418,13.412,,,1452032,
9.543327,NAK,1418,13.412,,,1452032,
9.543380,DUPACK,1418,13.412,,,1452032,
9.543579,NAK,1418,13.412,,,1452032,
9.543614,DUPACK,1418,13.412,,,1452032,
9.544024,RETX,1418,13.412,,200.000,1452032,
9.544135,RETX,1419,13.412,,200.000,1452032,
9.544232,RETX,1420,13.412,,200.000,1452032,
9.544327,RETX,1421,13.412,,200.000,1452032,
9.544423,RETX,1422,13.412,,200.000,1452032,
9.544519,RETX,1423,13.412,,200.000,1452032,
9.544615,RETX,1424,13.412,,200.000,1452032,
9.544711,RETX,1425,13.412,,200.000,1452032,
9.544806,RETX,1426,13.412,,200.000,1452032,
9.544901,RETX,1427,13.412,,200.000,1452032,
9.544996,RETX,1428,13.412,,200.000,1452032,
9.545091,RETX,1429,13.412,,200.000,1452032,
9.545185,RETX,1430,13.412,,200.000,1452032,
9.546554,NAK,1418,13.412,,,1452032,
9.546582,DUPACK,1418,13.412,,,1452032,
9.546596,NAK,1418,13.412,,,1452032,
9.546610,DUPACK,1418,13.412,,,1452032,
9.546622,DUPACK,1418,13.412,,,1452032,
9.546633,NAK,1418,13.412,,,1452032,
9.546646,DUPACK,1418,13.412,,,1452032,
9.555401,STATS,-1,13.412,,200.000,1452032,base=1418 next=1431
9.574554,NAK,1418,13.412,,,1452032,
9.579477,DUPACK,1418,13.412,,,1452032,
9.582197,NAK,1418,13.412,,,1452032,
9.582217,DUPACK,1418,13.412,,,1452032,
9.582948,NAK,1418,13.412,,,1452032,
9.582963,DUPACK,1418,13.412,,,1452032,
9.584283,NAK,1418,13.412,,,1452032,
9.584308,DUPACK,1418,13.412,,,1452032,
9.584323,NAK,1418,13.412,,,1452032,
9.584337,DUPACK,1418,13.412,,,1452032,
9.584359,ACK,1419,13.486,,,1453056,"cum ack, base->1419"
9.586412,RETX,1431,13.486,,200.000,1453056,
9.601763,ACK,1420,13.561,,,1454080,"cum ack, base->1420"
9.602070,RETX,1432,13.561,,200.000,1454080,
9.602142,ACK,1421,13.634,,,1455104,"cum ack, base->1421"
9.602238,ACK,1422,13.708,,,1456128,"cum ack, base->1422"
9.602281,ACK,1423,13.781,,,1457152,"cum ack, base->1423"
9.602318,ACK,1424,13.853,,,1458176,"cum ack, base->1424"
9.602355,ACK,1425,13.925,,,1459200,"cum ack, base->1425"
9.602401,ACK,1426,13.997,,,1460224,"cum ack, base->1426"
9.602438,ACK,1427,14.069,,,1461248,"cum ack, base->1427"
9.602475,ACK,1428,14.140,,,1462272,"cum ack, base->1428"
9.602513,ACK,1429,14.210,,,1463296,"cum ack, base->1429"
9.602574,ACK,1430,14.281,,,1464320,"cum ack, base->1430"
9.602610,ACK,1431,14.351,,,1465344,"cum ack, base->1431"
9.604875,SEND,1433,14.351,,200.000,1465344,
9.605090,SEND,1434,14.351,,200.000,1465344,
9.605294,SEND,1435,14.351,,200.000,1465344,
9.605488,SEND,1436,14.351,,200.000,1465344,
9.605714,SEND,1437,14.351,,200.000,1465344,
9.607745,SEND,1438,14.351,,200.000,1465344,
9.607965,SEND,1439,14.351,,200.000,1465344,
9.608144,SEND,1440,14.351,,200.000,1465344,
9.608322,SEND,1441,14.351,,200.000,1465344,
9.608509,SEND,1442,14.351,,200.000,1465344,
9.608758,SEND,1443,14.351,,200.000,1465344,
9.608880,SEND,1444,14.351,,200.000,1465344,
9.649273,NAK,1431,14.351,,,1465344,
9.649307,FASTRETX,1431,14.351,,200.000,1465344,nak
9.649369,DUPACK,1431,14.351,,,1465344,
9.649410,NAK,1431,14.351,,,1465344,
9.650494,RETX,1431,14.351,,200.000,1465344,
9.650746,RETX,1432,14.351,,200.000,1465344,
9.650959,RETX,1433,14.351,,200.000,1465344,
9.651225,RETX,1434,14.351,,200.000,1465344,
9.651446,RETX,1435,14.351,,200.000,1465344,
9.651651,RETX,1436,14.351,,200.000,1465344,
9.651861,RETX,1437,14.351,,200.000,1465344,
9.652105,RETX,1438,14.351,,200.000,1465344,
9.652496,RETX,1439,14.351,,200.000,1465344,
9.652673,RETX,1440,14.351,,200.000,1465344,
9.652843,RETX,1441,14.351,,200.000,1465344,
9.653009,RETX,1442,14.351,,200.000,1465344,
9.653180,RETX,1443,14.351,,200.000,1465344,
9.653346,RETX,1444,14.351,,200.000,1465344,
9.653410,DUPACK,1431,14.351,,,1465344,
9.653514,NAK,1431,14.351,,,1465344,
9.653554,DUPACK,1431,14.351,,,1465344,
9.653585,NAK,1431,14.351,,,1465344,
9.653612,DUPACK,1431,14.351,,,1465344,
9.653638,NAK,1431,14.351,,,1465344,
9.653665,DUPACK,1431,14.351,,,1465344,
9.653998,NAK,1431,14.351,,,1465344,
9.654039,NAK,1431,14.351,,,1465344,
9.654066,DUPACK,1431,14.351,,,1465344,
9.654091,NAK,1431,14.351,,,1465344,
9.654117,DUPACK,1431,14.351,,,1465344,
9.655927,STATS,-1,14.351,,200.000,1465344,base=1431 next=1445
9.657774,NAK,1431,14.351,,,1465344,
9.657798,DUPACK,1431,14.351,,,1465344,
9.657907,NAK,1431,14.351,,,1465344,
9.657931,DUPACK,1431,14.351,,,1465344,
9.657945,NAK,1431,14.351,,,1465344,
9.657959,DUPACK,1431,14.351,,,1465344,
9.657971,NAK,1431,14.351,,,1465344,
9.693882,ACK,1432,14.420,,,1466368,"cum ack, base->1432"
9.693985,ACK,1433,14.490,,,1467392,"cum ack, base->1433"
9.694042,ACK,1434,14.559,,,1468416,"cum ack, base->1434"
9.694715,SEND,1445,14.559,,200.000,1468416,
9.694896,SEND,1446,14.559,,200.000,1468416,
9.695103,SEND,1447,14.559,,200.000,1468416,
9.697714,ACK,1435,14.628,,,1469440,"cum ack, base->1435"
9.700277,SEND,1448,14.628,,200.000,1469440,
9.703843,ACK,1436,14.696,,,1470464,"cum ack, base->1436"
9.703935,ACK,1437,14.764,,,1471488,"cum ack, base->1437"
9.703983,ACK,1438,14.832,,,1472512,"cum ack, base->1438"
9.704026,ACK,1439,14.899,,,1473536,"cum ack, base->1439"
9.704064,ACK,1440,14.966,,,1474560,"cum ack, base->1440"
9.704102,ACK,1441,15.033,,,1475584,"cum ack, base->1441"
9.704138,ACK,1442,15.100,,,1476608,"cum ack, base->1442"
9.704176,ACK,1443,15.166,,,1477632,"cum ack, base->1443"
9.704212,ACK,1444,15.232,,,1478656,"cum ack, base->1444"
9.704249,ACK,1445,15.297,,,1479680,"cum ack, base->1445"
9.705181,SEND,1449,15.297,,200.000,1479680,
9.705464,SEND,1450,15.297,,200.000,1479680,
9.705717,SEND,1451,15.297,,200.000,1479680,
9.705914,SEND,1452,15.297,,200.000,1479680,
9.706378,SEND,1453,15.297,,200.000,1479680,
9.706554,SEND,1454,15.297,,200.000,1479680,
9.706791,SEND,1455,15.297,,200.000,1479680,
9.706961,SEND,1456,15.297,,200.000,1479680,
9.707259,SEND,1457,15.297,,200.000,1479680,
9.707612,SEND,1458,15.297,,200.000,1479680,
9.707797,SEND,1459,15.297,,200.000,1479680,
9.739293,ACK,1447,15.428,,,1481728,"cum ack, base->1447"
9.740255,SEND,1460,15.428,,200.000,1481728,
9.740511,SEND,1461,15.428,,200.000,1481728,
9.750972,ACK,1448,15.493,,,1482752,"cum ack, base->1448"
9.751012,ACK,1449,15.557,,,1483776,"cum ack, base->1449"
9.751027,NAK,1449,15.557,,,1483776,
9.751034,FASTRETX,1449,13.829,,200.000,1483776,nak
9.751048,DUPACK,1449,13.829,,,1483776,
9.751062,NAK,1449,13.829,,,1483776,
9.751074,DUPACK,1449,13.829,,,1483776,
9.751086,NAK,1449,13.829,,,1483776,
9.751098,DUPACK,1449,13.829,,,1483776,
9.752976,RETX,1449,13.829,,200.000,1483776,
9.753075,RETX,1450,13.829,,200.000,1483776,
9.753171,RETX,1451,13.829,,200.000,1483776,
9.753266,RETX,1452,13.829,,200.000,1483776,
9.753363,RETX,1453,13.829,,200.000,1483776,
9.753457,RETX,1454,13.829,,200.000,1483776,
9.753552,RETX,1455,13.829,,200.000,1483776,
9.753648,RETX,1456,13.829,,200.000,1483776,
9.753743,RETX,1457,13.829,,200.000,1483776,
9.753838,RETX,1458,13.829,,200.000,1483776,
9.753935,RETX,1459,13.829,,200.000,1483776,
9.754031,RETX,1460,13.829,,200.000,1483776,
9.754126,RETX,1461,13.829,,200.000,1483776,
9.754159,NAK,1449,13.829,,,1483776,
9.756675,STATS,-1,13.829,,200.000,1483776,base=1449 next=1462
9.757703,DUPACK,1449,13.829,,,1483776,
9.757726,NAK,1449,13.829,,,1483776,
9.757741,DUPACK,1449,13.829,,,1483776,
9.757754,NAK,1449,13.829,,,1483776,
9.757766,DUPACK,1449,13.829,,,1483776,
9.758172,NAK,1449,13.829,,,1483776,
9.758199,DUPACK,1449,13.829,,,1483776,
9.761925,NAK,1449,13.829,,,1483776,
9.761959,DUPACK,1449,13.829,,,1483776,
9.761975,NAK,1449,13.829,,,1483776,
9.761988,DUPACK,1449,13.829,,,1483776,
9.782788,NAK,1449,13.829,,,1483776,
9.783898,DUPACK,1449,13.829,,,1483776,
9.803817,ACK,1450,13.901,,,1484800,"cum ack, base->1450"
9.803909,ACK,1451,13.973,,,1485824,"cum ack, base->1451"
9.807229,SEND,1462,13.973,,200.000,1485824,
9.807565,SEND,1463,13.973,,200.000,1485824,
9.807702,ACK,1452,14.044,,,1486848,"cum ack, base->1452"
9.807750,ACK,1453,14.116,,,1487872,"cum ack, base->1453"
9.807784,ACK,1454,14.186,,,1488896,"cum ack, base->1454"
9.807812,NAK,1454,14.186,,,1488896,
9.807822,FASTRETX,1454,14.186,,200.000,1488896,nak
9.807848,DUPACK,1454,14.186,,,1488896,
9.807874,NAK,1454,14.186,,,1488896,
9.807942,DUPACK,1454,14.186,,,1488896,
9.807982,NAK,1454,14.186,,,1488896,
9.809506,DUPACK,1454,14.186,,,1488896,
9.809571,NAK,1454,14.186,,,1488896,
9.809604,DUPACK,1454,14.186,,,1488896,
9.809774,NAK,1454,14.186,,,1488896,
9.809830,DUPACK,1454,14.186,,,1488896,
9.810243,RETX,1454,14.186,,200.000,1488896,
9.810457,RETX,1455,14.186,,200.000,1488896,
9.810660,RETX,1456,14.186,,200.000,1488896,
9.810899,RETX,1457,14.186,,200.000,1488896,
9.811131,RETX,1458,14.186,,200.000,1488896,
9.811335,RETX,1459,14.186,,200.000,1488896,
9.811536,RETX,1460,14.186,,200.000,1488896,
9.811749,RETX,1461,14.186,,200.000,1488896,
9.811861,RETX,1462,14.186,,200.000,1488896,
9.811959,RETX,1463,14.186,,200.000,1488896,
9.812056,SEND,1464,14.186,,200.000,1488896,
9.812154,SEND,1465,14.186,,200.000,1488896,
9.812253,SEND,1466,14.186,,200.000,1488896,
9.812349,SEND,1467,14.186,,200.000,1488896,
9.812422,NAK,1454,14.186,,,1488896,
9.812452,DUPACK,1454,14.186,,,1488896,
9.812468,NAK,1454,14.186,,,1488896,
9.812481,DUPACK,1454,14.186,,,1488896,
9.857474,STATS,-1,14.186,,200.000,1488896,base=1454 next=1468
9.860199,NAK,1454,14.186,,,1488896,
9.860268,DUPACK,1454,14.186,,,1488896,
9.860303,NAK,1454,14.186,,,1488896,
9.860331,DUPACK,1454,14.186,,,1488896,
9.860379,ACK,1455,14.257,,,1489920,"cum ack, base->1455"
9.860413,ACK,1456,14.327,,,1490944,"cum ack, base->1456"
9.860446,ACK,1457,14.397,,,1491968,"cum ack, base->1457"
9.860514,NAK,1457,14.397,,,1491968,
9.860528,FASTRETX,1457,14.397,,200.000,1491968,nak
9.860561,DUPACK,1457,14.397,,,1491968,
9.860588,NAK,1457,14.397,,,1491968,
9.860614,DUPACK,1457,14.397,,,1491968,
9.860638,NAK,1457,14.397,,,1491968,
9.860664,DUPACK,1457,14.397,,,1491968,
9.860723,NAK,1457,14.397,,,1491968,
9.860760,DUPACK,1457,14.397,,,1491968,
9.860789,NAK,1457,14.397,,,1491968,
9.860818,DUPACK,1457,14.397,,,1491968,
9.861691,NAK,1457,14.397,,,1491968,
9.861741,DUPACK,1457,14.397,,,1491968,
9.861971,RETX,1457,14.397,,200.000,1491968,
9.862144,RETX,1458,14.397,,200.000,1491968,
9.862315,RETX,1459,14.397,,200.000,1491968,
9.862488,RETX,1460,14.397,,200.000,1491968,
9.862705,RETX,1461,14.397,,200.000,1491968,
9.862876,RETX,1462,14.397,,200.000,1491968,
9.863045,RETX,1463,14.397,,200.000,1491968,
9.863213,RETX,1464,14.397,,200.000,1491968,
9.863381,RETX,1465,14.397,,200.000,1491968,
9.863549,RETX,1466,14.397,,200.000,1491968,
9.863747,RETX,1467,14.397,,200.000,1491968,
9.863953,SEND,1468,14.397,,200.000,1491968,
9.864133,SEND,1469,14.397,,200.000,1491968,
9.864306,SEND,1470,14.397,,200.000,1491968,
9.864408,NAK,1457,14.397,,,1491968,
9.864455,DUPACK,1457,14.397,,,1491968,
9.864481,NAK,1457,14.397,,,1491968,
9.864508,DUPACK,1457,14.397,,,1491968,
9.864534,NAK,1457,14.397,,,1491968,
9.864559,DUPACK,1457,14.397,,,1491968,
9.864583,NAK,1457,14.397,,,1491968,
9.864611,DUPACK,1457,14.397,,,1491968,
9.918202,ACK,1458,14.466,,,1492992,"cum ack, base->1458"
9.918398,ACK,1459,14.535,,,1494016,"cum ack, base->1459"
9.918452,ACK,1460,14.604,,,1495040,"cum ack, base->1460"
9.918494,ACK,1461,14.673,,,1496064,"cum ack, base->1461"
9.918534,ACK,1462,14.741,,,1497088,"cum ack, base->1462"
9.918593,ACK,1463,14.809,,,1498112,"cum ack, base->1463"
9.918661,ACK,1464,14.876,,,1499136,"cum ack, base->1464"
9.918711,ACK,1465,14.943,,,1500160,"cum ack, base->1465"
9.918815,ACK,1466,15.010,,,1501184,"cum ack, base->1466"
9.918878,ACK,1467,15.077,,,1502208,"cum ack, base->1467"
9.918922,ACK,1468,15.143,,,1503232,"cum ack, base->1468"
9.918956,NAK,1468,15.143,,,1503232,
9.918973,FASTRETX,1468,13.461,,200.000,1503232,nak
9.919008,DUPACK,1468,13.461,,,1503232,
9.919041,NAK,1468,13.461,,,1503232,
9.919320,RETX,1468,13.461,,200.000,1503232,
9.919530,RETX,1469,13.461,,200.000,1503232,
9.919740,RETX,1470,13.461,,200.000,1503232,
9.919944,SEND,1471,13.461,,200.000,1503232,
9.920149,SEND,1472,13.461,,200.000,1503232,
9.920359,SEND,1473,13.461,,200.000,1503232,
9.920601,SEND,1474,13.461,,200.000,1503232,
9.920809,SEND,1475,13.461,,200.000,1503232,
9.921013,SEND,1476,13.461,,200.000,1503232,
9.921252,SEND,1477,13.461,,200.000,1503232,
9.921461,SEND,1478,13.461,,200.000,1503232,
9.921863,SEND,1479,13.461,,200.000,1503232,
9.922103,SEND,1480,13.461,,200.000,1503232,
9.922154,DUPACK,1468,13.461,,,1503232,
9.958868,STATS,-1,13.461,,200.000,1503232,base=1468 next=1481
9.966593,ACK,1469,13.535,,,1504256,"cum ack, base->1469"
9.968740,SEND,1481,13.535,,200.000,1504256,
9.969751,ACK,1470,13.609,,,1505280,"cum ack, base->1470"
9.970597,ACK,1471,13.682,,,1506304,"cum ack, base->1471"
9.970674,ACK,1472,13.755,,,1507328,"cum ack, base->1472"
9.970716,ACK,1473,13.828,,,1508352,"cum ack, base->1473"
9.970759,ACK,1474,13.901,,,1509376,"cum ack, base->1474"
9.970797,ACK,1475,13.972,,,1510400,"cum ack, base->1475"
9.970834,ACK,1476,14.044,,,1511424,"cum ack, base->1476"
9.971434,SEND,1482,14.044,,200.000,1511424,
9.971652,SEND,1483,14.044,,200.000,1511424,
9.971916,SEND,1484,14.044,,200.000,1511424,
9.972134,SEND,1485,14.044,,200.000,1511424,
9.972438,SEND,1486,14.044,,200.000,1511424,
9.972803,SEND,1487,14.044,,200.000,1511424,
9.973169,SEND,1488,14.044,,200.000,1511424,
9.973497,SEND,1489,14.044,,200.000,1511424,
9.973644,ACK,1477,14.115,,,1512448,"cum ack, base->1477"
9.973700,NAK,1477,14.115,,,1512448,
9.973732,FASTRETX,1477,12.547,,200.000,1512448,nak
9.973783,DUPACK,1477,12.547,,,1512448,
9.976538,RETX,1477,12.547,,200.000,1512448,
9.977092,RETX,1478,12.547,,200.000,1512448,
9.977466,RETX,1479,12.547,,200.000,1512448,
9.977710,RETX,1480,12.547,,200.000,1512448,
9.978156,RETX,1481,12.547,,200.000,1512448,
9.978558,RETX,1482,12.547,,200.000,1512448,
9.978767,RETX,1483,12.547,,200.000,1512448,
9.978981,RETX,1484,12.547,,200.000,1512448,
9.979195,RETX,1485,12.547,,200.000,1512448,
9.979403,RETX,1486,12.547,,200.000,1512448,
9.979607,RETX,1487,12.547,,200.000,1512448,
9.979814,RETX,1488,12.547,,200.000,1512448,
10.006970,NAK,1477,12.547,,,1512448,
10.015600,DUPACK,1477,12.547,,,1512448,
10.015673,NAK,1477,12.547,,,1512448,
10.015714,DUPACK,1477,12.547,,,1512448,
10.023062,NAK,1477,12.547,,,1512448,
10.023150,DUPACK,1477,12.547,,,1512448,
10.023187,NAK,1477,12.547,,,1512448,
10.023222,NAK,1477,12.547,,,1512448,
10.023262,DUPACK,1477,12.547,,,1512448,
10.023294,NAK,1477,12.547,,,1512448,
10.023455,DUPACK,1477,12.547,,,1512448,
10.023500,NAK,1477,12.547,,,1512448,
10.023536,DUPACK,1477,12.547,,,1512448,
10.023712,NAK,1477,12.547,,,1512448,
10.023808,DUPACK,1477,12.547,,,1512448,
10.023863,ACK,1478,12.627,,,1513472,"cum ack, base->1478"
10.023907,ACK,1479,12.706,,,1514496,"cum ack, base->1479"
10.024691,RETX,1489,12.706,,200.000,1514496,
10.025044,SEND,1490,12.706,,200.000,1514496,
10.027426,ACK,1480,12.784,,,1515520,"cum ack, base->1480"
10.027864,ACK,1481,12.863,,,1516544,"cum ack, base->1481"
10.028331,SEND,1491,12.863,,200.000,1516544,
10.028597,SEND,1492,12.863,,200.000,1516544,
10.028737,ACK,1482,12.940,,,1517568,"cum ack, base->1482"
10.028814,ACK,1483,13.018,,,1518592,"cum ack, base->1483"
10.028869,ACK,1484,13.095,,,1519616,"cum ack, base->1484"
10.029505,ACK,1485,13.171,,,1520640,"cum ack, base->1485"
10.029569,ACK,1486,13.247,,,1521664,"cum ack, base->1486"
10.029652,ACK,1487,13.322,,,1522688,"cum ack, base->1487"
10.029805,ACK,1488,13.397,,,1523712,"cum ack, base->1488"
10.029843,ACK,1489,13.472,,,1524736,"cum ack, base->1489"
10.031388,SEND,1493,13.472,,200.000,1524736,
10.031609,SEND,1494,13.472,,200.000,1524736,
10.031853,SEND,1495,13.472,,200.000,1524736,
10.032102,SEND,1496,13.472,,200.000,1524736,
10.032321,SEND,1497,13.472,,200.000,1524736,
10.032738,SEND,1498,13.472,,200.000,1524736,
10.033073,SEND,1499,13.472,,200.000,1524736,
10.033291,SEND,1500,13.472,,200.000,1524736,
10.033504,SEND,1501,13.472,,200.000,1524736,
10.061095,STATS,-1,13.472,,200.000,1524736,base=1489 next=1502
10.075832,ACK,1490,13.546,,,1525760,"cum ack, base->1490"
10.076186,ACK,1491,13.620,,,1526784,"cum ack, base->1491"
10.076238,ACK,1492,13.693,,,1527808,"cum ack, base->1492"
10.076270,NAK,1492,13.693,,,1527808,
10.076361,FASTRETX,1492,12.172,,200.000,1527808,nak
10.076963,RETX,1492,12.172,,200.000,1527808,
10.077185,RETX,1493,12.172,,200.000,1527808,
10.077381,RETX,1494,12.172,,200.000,1527808,
10.078257,RETX,1495,12.172,,200.000,1527808,
10.078511,RETX,1496,12.172,,200.000,1527808,
10.078681,RETX,1497,12.172,,200.000,1527808,
10.078848,RETX,1498,12.172,,200.000,1527808,
10.079016,RETX,1499,12.172,,200.000,1527808,
10.079183,RETX,1500,12.172,,200.000,1527808,
10.079358,RETX,1501,12.172,,200.000,1527808,
10.079541,SEND,1502,12.172,,200.000,1527808,
10.079712,SEND,1503,12.172,,200.000,1527808,
10.079849,DUPACK,1492,12.172,,,1527808,
10.079911,NAK,1492,12.172,,,1527808,
10.084298,DUPACK,1492,12.172,,,1527808,
10.084354,NAK,1492,12.172,,,1527808,
10.084385,DUPACK,1492,12.172,,,1527808,
10.084790,NAK,1492,12.172,,,1527808,
10.084856,DUPACK,1492,12.172,,,1527808,
10.084887,NAK,1492,12.172,,,1527808,
10.084916,NAK,1492,12.172,,,1527808,
10.085506,DUPACK,1492,12.172,,,1527808,
10.085549,NAK,1492,12.172,,,1527808,
10.085580,DUPACK,1492,12.172,,,1527808,
10.130804,ACK,1493,12.254,,,1528832,"cum ack, base->1493"
10.130862,NAK,1493,12.254,,,1528832,
10.130876,FASTRETX,1493,12.254,,200.000,1528832,nak
10.130909,DUPACK,1493,12.254,,,1528832,
10.130936,NAK,1493,12.254,,,1528832,
10.130962,DUPACK,1493,12.254,,,1528832,
10.130987,DUPACK,1493,12.254,,,1528832,
10.131012,NAK,1493,12.254,,,1528832,
10.131047,DUPACK,1493,12.254,,,1528832,
10.131072,NAK,1493,12.254,,,1528832,
10.131098,DUPACK,1493,12.254,,,1528832,
10.133073,NAK,1493,12.254,,,1528832,
10.133322,RETX,1493,12.254,,200.000,1528832,
10.133498,RETX,1494,12.254,,200.000,1528832,
10.133665,RETX,1495,12.254,,200.000,1528832,
10.133834,RETX,1496,12.254,,200.000,1528832,
10.134000,RETX,1497,12.254,,200.000,1528832,
10.134168,RETX,1498,12.254,,200.000,1528832,
10.134348,RETX,1499,12.254,,200.000,1528832,
10.134516,RETX,1500,12.254,,200.000,1528832,
10.134684,RETX,1501,12.254,,200.000,1528832,
10.134850,RETX,1502,12.254,,200.000,1528832,
10.135019,RETX,1503,12.254,,200.000,1528832,
10.135198,SEND,1504,12.254,,200.000,1528832,
10.135365,DUPACK,1493,12.254,,,1528832,
10.135413,NAK,1493,12.254,,,1528832,
10.135446,DUPACK,1493,12.254,,,1528832,
10.135472,NAK,1493,12.254,,,1528832,
10.135502,DUPACK,1493,12.254,,,1528832,
10.135529,NAK,1493,12.254,,,1528832,
10.135559,NAK,1493,12.254,,,1528832,
10.135586,DUPACK,1493,12.254,,,1528832,
10.163457,STATS,-1,12.254,,200.000,1528832,base=1493 next=1505
10.176102,ACK,1494,12.336,,,1529856,"cum ack, base->1494"
10.176191,ACK,1495,12.417,,,1530880,"cum ack, base->1495"
10.178563,SEND,1505,12.417,,200.000,1530880,
10.178835,SEND,1506,12.417,,200.000,1530880,
10.186002,ACK,1496,12.497,,,1531904,"cum ack, base->1496"
10.186068,ACK,1497,12.577,,,1532928,"cum ack, base->1497"
10.186100,ACK,1498,12.657,,,1533952,"cum ack, base->1498"
10.186128,ACK,1499,12.736,,,1534976,"cum ack, base->1499"
10.186153,ACK,1500,12.814,,,1536000,"cum ack, base->1500"
10.186181,ACK,1501,12.892,,,1537024,"cum ack, base->1501"
10.186206,ACK,1502,12.970,,,1538048,"cum ack, base->1502"
10.186230,ACK,1503,13.047,,,1539072,"cum ack, base->1503"
10.186255,ACK,1504,13.124,,,1540096,"cum ack, base->1504"
10.186636,SEND,1507,13.124,,200.000,1540096,
10.186839,SEND,1508,13.124,,200.000,1540096,
10.187029,SEND,1509,13.124,,200.000,1540096,
10.187259,SEND,1510,13.124,,200.000,1540096,
10.187445,SEND,1511,13.124,,200.000,1540096,
10.187627,SEND,1512,13.124,,200.000,1540096,
10.187810,SEND,1513,13.124,,200.000,1540096,
10.187991,SEND,1514,13.124,,200.000,1540096,
10.188167,SEND,1515,13.124,,200.000,1540096,
10.188346,SEND,1516,13.124,,200.000,1540096,
10.215837,ACK,1506,13.276,,,1542144,"cum ack, base->1506"
10.218371,SEND,1517,13.276,,200.000,1542144,
10.218613,SEND,1518,13.276,,200.000,1542144,
10.226495,ACK,1507,13.351,,,1543168,"cum ack, base->1507"
10.229128,SEND,1519,13.351,,200.000,1543168,
10.229388,ACK,1508,13.426,,,1544192,"cum ack, base->1508"
10.229444,ACK,1509,13.500,,,1545216,"cum ack, base->1509"
10.231957,SEND,1520,13.500,,200.000,1545216,
10.232178,SEND,1521,13.500,,200.000,1545216,
10.232273,ACK,1510,13.574,,,1546240,"cum ack, base->1510"
10.235012,SEND,1522,13.574,,200.000,1546240,
10.236378,ACK,1511,13.648,,,1547264,"cum ack, base->1511"
10.236445,ACK,1512,13.721,,,1548288,"cum ack, base->1512"
10.237002,ACK,1513,13.794,,,1549312,"cum ack, base->1513"
10.237049,ACK,1514,13.867,,,1550336,"cum ack, base->1514"
10.237083,ACK,1515,13.939,,,1551360,"cum ack, base->1515"
10.237316,SEND,1523,13.939,,200.000,1551360,
10.237789,SEND,1524,13.939,,200.000,1551360,
10.238356,SEND,1525,13.939,,200.000,1551360,
10.238597,SEND,1526,13.939,,200.000,1551360,
10.238826,SEND,1527,13.939,,200.000,1551360,
10.238926,ACK,1516,14.011,,,1552384,"cum ack, base->1516"
10.239909,ACK,1517,14.082,,,1553408,"cum ack, base->1517"
10.241571,SEND,1528,14.082,,200.000,1553408,
10.241758,SEND,1529,14.082,,200.000,1553408,
10.241938,SEND,1530,14.082,,200.000,1553408,
10.262883,ACK,1518,14.153,,,1554432,"cum ack, base->1518"
10.262918,ACK,1519,14.224,,,1555456,"cum ack, base->1519"
10.264755,SEND,1531,14.224,,200.000,1555456,
10.264907,SEND,1532,14.224,,200.000,1555456,
10.264915,STATS,-1,14.224,,200.000,1555456,base=1519 next=1533
10.285237,ACK,1520,14.294,,,1556480,"cum ack, base->1520"
10.285279,ACK,1521,14.364,,,1557504,"cum ack, base->1521"
10.285826,ACK,1522,14.434,,,1558528,"cum ack, base->1522"
10.285864,ACK,1523,14.503,,,1559552,"cum ack, base->1523"
10.285892,NAK,1523,14.503,,,1559552,
10.285903,FASTRETX,1523,12.891,,200.000,1559552,nak
10.286122,DUPACK,1523,12.891,,,1559552,
10.286146,NAK,1523,12.891,,,1559552,
10.286168,DUPACK,1523,12.891,,,1559552,
10.286189,DUPACK,1523,12.891,,,1559552,
10.286208,NAK,1523,12.891,,,1559552,
10.287516,RETX,1523,12.891,,200.000,1559552,
10.287697,RETX,1524,12.891,,200.000,1559552,
10.287875,RETX,1525,12.891,,200.000,1559552,
10.288051,RETX,1526,12.891,,200.000,1559552,
10.288231,RETX,1527,12.891,,200.000,1559552,
10.288411,RETX,1528,12.891,,200.000,1559552,
10.288588,RETX,1529,12.891,,200.000,1559552,
10.288763,RETX,1530,12.891,,200.000,1559552,
10.288939,RETX,1531,12.891,,200.000,1559552,
10.289114,RETX,1532,12.891,,200.000,1559552,
10.289287,SEND,1533,12.891,,200.000,1559552,
10.289479,SEND,1534,12.891,,200.000,1559552,
10.289532,DUPACK,1523,12.891,,,1559552,
10.289559,NAK,1523,12.891,,,1559552,
10.289747,DUPACK,1523,12.891,,,1559552,
10.289769,NAK,1523,12.891,,,1559552,
10.289789,DUPACK,1523,12.891,,,1559552,
10.289809,NAK,1523,12.891,,,1559552,
10.289828,DUPACK,1523,12.891,,,1559552,
10.309791,NAK,1523,12.891,,,1559552,
10.311400,DUPACK,1523,12.891,,,1559552,
10.311827,NAK,1523,12.891,,,1559552,
10.311854,DUPACK,1523,12.891,,,1559552,
10.335104,ACK,1524,12.969,,,1560576,"cum ack, base->1524"
10.335586,SEND,1535,12.969,,200.000,1560576,
10.335677,NAK,1524,12.969,,,1560576,
10.335695,FASTRETX,1524,12.969,,200.000,1560576,nak
10.335755,DUPACK,1524,12.969,,,1560576,
10.335793,NAK,1524,12.969,,,1560576,
10.335826,DUPACK,1524,12.969,,,1560576,
10.335857,NAK,1524,12.969,,,1560576,
10.335889,DUPACK,1524,12.969,,,1560576,
10.335918,NAK,1524,12.969,,,1560576,
10.338400,RETX,1524,12.969,,200.000,1560576,
10.338600,RETX,1525,12.969,,200.000,1560576,
10.338773,RETX,1526,12.969,,200.000,1560576,
10.338944,RETX,1527,12.969,,200.000,1560576,
10.339208,RETX,1528,12.969,,200.000,1560576,
10.339746,RETX,1529,12.969,,200.000,1560576,
10.340234,RETX,1530,12.969,,200.000,1560576,
10.340410,RETX,1531,12.969,,200.000,1560576,
10.340580,RETX,1532,12.969,,200.000,1560576,
10.341123,RETX,1533,12.969,,200.000,1560576,
10.341312,RETX,1534,12.969,,200.000,1560576,
10.341480,RETX,1535,12.969,,200.000,1560576,
10.344485,NAK,1524,12.969,,,1560576,
10.344729,DUPACK,1524,12.969,,,1560576,
10.344813,NAK,1524,12.969,,,1560576,
10.345121,DUPACK,1524,12.969,,,1560576,
10.345266,NAK,1524,12.969,,,1560576,
10.345325,DUPACK,1524,12.969,,,1560576,
10.345380,NAK,1524,12.969,,,1560576,
10.345500,DUPACK,1524,12.969,,,1560576,
10.345534,NAK,1524,12.969,,,1560576,
10.345562,DUPACK,1524,12.969,,,1560576,
10.364988,STATS,-1,12.969,,200.000,1560576,base=1524 next=1536
10.371245,NAK,1524,12.969,,,1560576,
10.374876,DUPACK,1524,12.969,,,1560576,
10.385268,ACK,1525,13.046,,,1561600,"cum ack, base->1525"
10.385369,ACK,1526,13.123,,,1562624,"cum ack, base->1526"
10.385408,ACK,1527,13.199,,,1563648,"cum ack, base->1527"
10.385729,SEND,1536,13.199,,200.000,1563648,
10.385906,SEND,1537,13.199,,200.000,1563648,
10.386126,SEND,1538,13.199,,200.000,1563648,
10.386338,SEND,1539,13.199,,200.000,1563648,
10.386831,ACK,1528,13.275,,,1564672,"cum ack, base->1528"
10.389287,SEND,1540,13.275,,200.000,1564672,
10.393061,ACK,1529,13.350,,,1565696,"cum ack, base->1529"
10.393237,ACK,1530,13.425,,,1566720,"cum ack, base->1530"
10.393629,ACK,1531,13.499,,,1567744,"cum ack, base->1531"
10.393765,ACK,1532,13.574,,,1568768,"cum ack, base->1532"
10.393911,ACK,1533,13.647,,,1569792,"cum ack, base->1533"
10.394125,ACK,1534,13.720,,,1570816,"cum ack, base->1534"
10.394167,ACK,1535,13.793,,,1571840,"cum ack, base->1535"
10.394205,ACK,1536,13.866,,,1572864,"cum ack, base->1536"
10.394670,SEND,1541,13.866,,200.000,1572864,
10.395378,SEND,1542,13.866,,200.000,1572864,
10.395642,SEND,1543,13.866,,200.000,1572864,
10.395857,SEND,1544,13.866,,200.000,1572864,
10.396072,SEND,1545,13.866,,200.000,1572864,
10.396374,SEND,1546,13.866,,200.000,1572864,
10.396586,SEND,1547,13.866,,200.000,1572864,
10.396790,SEND,1548,13.866,,200.000,1572864,
10.430940,ACK,1537,13.938,,,1573888,"cum ack, base->1537"
10.431013,NAK,1537,13.938,,,1573888,
10.431036,FASTRETX,1537,12.389,,200.000,1573888,nak
10.431073,DUPACK,1537,12.389,,,1573888,
10.431107,NAK,1537,12.389,,,1573888,
10.431958,RETX,1537,12.389,,200.000,1573888,
10.432177,RETX,1538,12.389,,200.000,1573888,
10.432383,RETX,1539,12.389,,200.000,1573888,
10.432583,RETX,1540,12.389,,200.000,1573888,
10.432786,RETX,1541,12.389,,200.000,1573888,
10.432987,RETX,1542,12.389,,200.000,1573888,
10.433190,RETX,1543,12.389,,200.000,1573888,
10.433397,RETX,1544,12.389,,200.000,1573888,
10.433731,RETX,1545,12.389,,200.000,1573888,
10.434042,RETX,1546,12.389,,200.000,1573888,
10.434291,RETX,1547,12.389,,200.000,1573888,
10.434517,RETX,1548,12.389,,200.000,1573888,
10.434624,DUPACK,1537,12.389,,,1573888,
10.435321,NAK,1537,12.389,,,1573888,
10.443210,DUPACK,1537,12.389,,,1573888,
10.443341,NAK,1537,12.389,,,1573888,
10.443385,DUPACK,1537,12.389,,,1573888,
10.447261,NAK,1537,12.389,,,1573888,
10.447336,DUPACK,1537,12.389,,,1573888,
10.447371,NAK,1537,12.389,,,1573888,
10.447458,DUPACK,1537,12.389,,,1573888,
10.447497,NAK,1537,12.389,,,1573888,
10.447531,DUPACK,1537,12.389,,,1573888,
10.447562,NAK,1537,12.389,,,1573888,
10.448716,NAK,1537,12.389,,,1573888,
10.448779,DUPACK,1537,12.389,,,1573888,
10.448812,NAK,1537,12.389,,,1573888,
10.448843,DUPACK,1537,12.389,,,1573888,
10.448900,NAK,1537,12.389,,,1573888,
10.448948,DUPACK,1537,12.389,,,1573888,
10.466484,STATS,-1,12.389,,200.000,1573888,base=1537 next=1549
10.473672,ACK,1539,12.550,,,1575936,"cum ack, base->1539"
10.474087,SEND,1549,12.550,,200.000,1575936,
10.474372,SEND,1550,12.550,,200.000,1575936,
10.483384,ACK,1540,12.630,,,1576960,"cum ack, base->1540"
10.483470,ACK,1541,12.709,,,1577984,"cum ack, base->1541"
10.483521,ACK,1542,12.788,,,1579008,"cum ack, base->1542"
10.483561,ACK,1543,12.866,,,1580032,"cum ack, base->1543"
10.483606,ACK,1544,12.944,,,1581056,"cum ack, base->1544"
10.483644,ACK,1545,13.021,,,1582080,"cum ack, base->1545"
10.483680,ACK,1546,13.098,,,1583104,"cum ack, base->1546"
10.483720,ACK,1547,13.174,,,1584128,"cum ack, base->1547"
10.483757,ACK,1548,13.250,,,1585152,"cum ack, base->1548"
10.483804,ACK,1549,13.325,,,1586176,"cum ack, base->1549"
10.484635,SEND,1551,13.325,,200.000,1586176,
10.484854,SEND,1552,13.325,,200.000,1586176,
10.485098,SEND,1553,13.325,,200.000,1586176,
10.485324,SEND,1554,13.325,,200.000,1586176,
10.485572,SEND,1555,13.325,,200.000,1586176,
10.485847,SEND,1556,13.325,,200.000,1586176,
10.486172,SEND,1557,13.325,,200.000,1586176,
10.486570,SEND,1558,13.325,,200.000,1586176,
10.486795,SEND,1559,13.325,,200.000,1586176,
10.487014,SEND,1560,13.325,,200.000,1586176,
10.487218,SEND,1561,13.325,,200.000,1586176,
10.511056,ACK,1550,13.401,,,1587200,"cum ack, base->1550"
10.512093,SEND,1562,13.401,,200.000,1587200,
10.521057,ACK,1551,13.475,,,1588224,"cum ack, base->1551"
10.522640,SEND,1563,13.475,,200.000,1588224,
10.523102,ACK,1552,13.549,,,1589248,"cum ack, base->1552"
10.525705,SEND,1564,13.549,,200.000,1589248,
10.535299,ACK,1553,13.623,,,1590272,"cum ack, base->1553"
10.535391,ACK,1554,13.697,,,1591296,"cum ack, base->1554"
10.535435,ACK,1555,13.770,,,1592320,"cum ack, base->1555"
10.535472,NAK,1555,13.770,,,1592320,
10.535491,FASTRETX,1555,12.240,,200.000,1592320,nak
10.535530,DUPACK,1555,12.240,,,1592320,
10.535564,NAK,1555,12.240,,,1592320,
10.535595,DUPACK,1555,12.240,,,1592320,
10.535629,NAK,1555,12.240,,,1592320,
10.535660,DUPACK,1555,12.240,,,1592320,
10.535691,NAK,1555,12.240,,,1592320,
10.535964,RETX,1555,12.240,,200.000,1592320,
10.536404,RETX,1556,12.240,,200.000,1592320,
10.536638,RETX,1557,12.240,,200.000,1592320,
10.536841,RETX,1558,12.240,,200.000,1592320,
10.537067,RETX,1559,12.240,,200.000,1592320,
10.537282,RETX,1560,12.240,,200.000,1592320,
10.537575,RETX,1561,12.240,,200.000,1592320,
10.537799,RETX,1562,12.240,,200.000,1592320,
10.538006,RETX,1563,12.240,,200.000,1592320,
10.538208,RETX,1564,12.240,,200.000,1592320,
10.538418,SEND,1565,12.240,,200.000,1592320,
10.538643,SEND,1566,12.240,,200.000,1592320,
10.538799,DUPACK,1555,12.240,,,1592320,
10.538916,NAK,1555,12.240,,,1592320,
10.538956,DUPACK,1555,12.240,,,1592320,
10.538990,NAK,1555,12.240,,,1592320,
10.539023,DUPACK,1555,12.240,,,1592320,
10.552828,NAK,1555,12.240,,,1592320,
10.552886,DUPACK,1555,12.240,,,1592320,
10.560887,NAK,1555,12.240,,,1592320,
10.563939,DUPACK,1555,12.240,,,1592320,
10.566880,STATS,-1,12.240,,200.000,1592320,base=1555 next=1567
10.574162,NAK,1555,12.240,,,1592320,
10.576302,DUPACK,1555,12.240,,,1592320,
10.576389,ACK,1556,12.321,,,1593344,"cum ack, base->1556"
10.576462,ACK,1558,12.483,,,1595392,"cum ack, base->1558"
10.577634,SEND,1567,12.483,,200.000,1595392,
10.577874,SEND,1568,12.483,,200.000,1595392,
10.578054,SEND,1569,12.483,,200.000,1595392,
10.583680,ACK,1559,12.563,,,1596416,"cum ack, base->1559"
10.583759,ACK,1560,12.643,,,1597440,"cum ack, base->1560"
10.583792,NAK,1560,12.643,,,1597440,
10.583804,FASTRETX,1560,12.643,,200.000,1597440,nak
10.583834,DUPACK,1560,12.643,,,1597440,
10.583860,NAK,1560,12.643,,,1597440,
10.584033,DUPACK,1560,12.643,,,1597440,
10.584080,NAK,1560,12.643,,,1597440,
10.586004,RETX,1560,12.643,,200.000,1597440,
10.586245,RETX,1561,12.643,,200.000,1597440,
10.586503,RETX,1562,12.643,,200.000,1597440,
10.586717,RETX,1563,12.643,,200.000,1597440,
10.586922,RETX,1564,12.643,,200.000,1597440,
10.587145,RETX,1565,12.643,,200.000,1597440,
10.587364,RETX,1566,12.643,,200.000,1597440,
10.587576,RETX,1567,12.643,,200.000,1597440,
10.587857,RETX,1568,12.643,,200.000,1597440,
10.588127,RETX,1569,12.643,,200.000,1597440,
10.588443,SEND,1570,12.643,,200.000,1597440,
10.588659,SEND,1571,12.643,,200.000,1597440,
10.588776,DUPACK,1560,12.643,,,1597440,
10.588852,NAK,1560,12.643,,,1597440,
10.588894,NAK,1560,12.643,,,1597440,
10.588943,DUPACK,1560,12.643,,,1597440,
10.588976,NAK,1560,12.643,,,1597440,
10.589026,DUPACK,1560,12.643,,,1597440,
10.620600,NAK,1560,12.643,,,1597440,
10.620809,DUPACK,1560,12.643,,,1597440,
10.621863,NAK,1560,12.643,,,1597440,
10.624155,DUPACK,1560,12.643,,,1597440,
10.624255,NAK,1560,12.643,,,1597440,
10.624322,DUPACK,1560,12.643,,,1597440,
10.625131,ACK,1561,12.722,,,1598464,"cum ack, base->1561"
10.625681,SEND,1572,12.722,,200.000,1598464,
10.632540,ACK,1562,12.801,,,1599488,"cum ack, base->1562"
10.633719,SEND,1573,12.801,,200.000,1599488,
10.636700,ACK,1563,12.879,,,1600512,"cum ack, base->1563"
10.636820,ACK,1564,12.956,,,1601536,"cum ack, base->1564"
10.636901,ACK,1565,13.033,,,1602560,"cum ack, base->1565"
10.636972,ACK,1566,13.110,,,1603584,"cum ack, base->1566"
10.637044,ACK,1567,13.186,,,1604608,"cum ack, base->1567"
10.637115,ACK,1568,13.262,,,1605632,"cum ack, base->1568"
10.637622,ACK,1569,13.338,,,1606656,"cum ack, base->1569"
10.639092,SEND,1574,13.338,,200.000,1606656,
10.639571,SEND,1575,13.338,,200.000,1606656,
10.640216,SEND,1576,13.338,,200.000,1606656,
10.640601,SEND,1577,13.338,,200.000,1606656,
10.641107,SEND,1578,13.338,,200.000,1606656,
10.641620,SEND,1579,13.338,,200.000,1606656,
10.641987,SEND,1580,13.338,,200.000,1606656,
10.642189,SEND,1581,13.338,,200.000,1606656,
10.642406,ACK,1571,13.487,,,1608704,"cum ack, base->1571"
10.642489,ACK,1572,13.561,,,1609728,"cum ack, base->1572"
10.645006,SEND,1582,13.561,,200.000,1609728,
10.645193,SEND,1583,13.561,,200.000,1609728,
10.645361,SEND,1584,13.561,,200.000,1609728,
10.667800,STATS,-1,13.561,,200.000,1609728,base=1572 next=1585
10.673203,ACK,1573,13.635,,,1610752,"cum ack, base->1573"
10.675932,SEND,1585,13.635,,200.000,1610752,
10.687548,NAK,1573,13.635,,,1610752,
10.687582,FASTRETX,1573,12.120,,200.000,1610752,nak
10.687632,DUPACK,1573,12.120,,,1610752,
10.687673,NAK,1573,12.120,,,1610752,
10.687703,DUPACK,1573,12.120,,,1610752,
10.687728,NAK,1573,12.120,,,1610752,
10.688174,RETX,1573,12.120,,200.000,1610752,
10.688361,RETX,1574,12.120,,200.000,1610752,
10.688581,RETX,1575,12.120,,200.000,1610752,
10.688762,RETX,1576,12.120,,200.000,1610752,
10.688954,RETX,1577,12.120,,200.000,1610752,
10.689269,RETX,1578,12.120,,200.000,1610752,
10.689451,RETX,1579,12.120,,200.000,1610752,
10.689710,RETX,1580,12.120,,200.000,1610752,
10.689921,RETX,1581,12.120,,200.000,1610752,
10.690099,RETX,1582,12.120,,200.000,1610752,
10.690267,RETX,1583,12.120,,200.000,1610752,
10.690529,RETX,1584,12.120,,200.000,1610752,
10.690681,DUPACK,1573,12.120,,,1610752,
10.690729,NAK,1573,12.120,,,1610752,
10.690763,DUPACK,1573,12.120,,,1610752,
10.690791,NAK,1573,12.120,,,1610752,
10.690828,DUPACK,1573,12.120,,,1610752,
10.691386,NAK,1573,12.120,,,1610752,
10.691435,DUPACK,1573,12.120,,,1610752,
10.691463,NAK,1573,12.120,,,1610752,
10.691490,DUPACK,1573,12.120,,,1610752,
10.693698,NAK,1573,12.120,,,1610752,
10.693778,DUPACK,1573,12.120,,,1610752,
10.693808,NAK,1573,12.120,,,1610752,
10.695181,DUPACK,1573,12.120,,,1610752,
10.695247,NAK,1573,12.120,,,1610752,
10.695279,DUPACK,1573,12.120,,,1610752,
10.695306,NAK,1573,12.120,,,1610752,
10.695754,DUPACK,1573,12.120,,,1610752,
10.742442,ACK,1575,12.285,,,1612800,"cum ack, base->1575"
10.743150,RETX,1585,12.285,,200.000,1612800,
10.744367,SEND,1586,12.285,,200.000,1612800,
10.744515,NAK,1575,12.285,,,1612800,
10.744534,FASTRETX,1575,12.285,,200.000,1612800,nak
10.744594,DUPACK,1575,12.285,,,1612800,
10.744637,NAK,1575,12.285,,,1612800,
10.744679,DUPACK,1575,12.285,,,1612800,
10.744717,NAK,1575,12.285,,,1612800,
10.744758,DUPACK,1575,12.285,,,1612800,
10.744796,NAK,1575,12.285,,,1612800,
10.744836,DUPACK,1575,12.285,,,1612800,
10.744874,NAK,1575,12.285,,,1612800,
10.744917,DUPACK,1575,12.285,,,1612800,
10.744956,NAK,1575,12.285,,,1612800,
10.744994,DUPACK,1575,12.285,,,1612800,
10.745031,NAK,1575,12.285,,,1612800,
10.745070,DUPACK,1575,12.285,,,1612800,
10.745107,NAK,1575,12.285,,,1612800,
10.745145,DUPACK,1575,12.285,,,1612800,
10.746315,NAK,1575,12.285,,,1612800,
10.746386,DUPACK,1575,12.285,,,1612800,
10.747326,RETX,1575,12.285,,200.000,1612800,
10.747606,RETX,1576,12.285,,200.000,1612800,
10.747870,RETX,1577,12.285,,200.000,1612800,
10.748129,RETX,1578,12.285,,200.000,1612800,
10.748386,RETX,1579,12.285,,200.000,1612800,
10.748650,RETX,1580,12.285,,200.000,1612800,
10.748968,RETX,1581,12.285,,200.000,1612800,
10.749248,RETX,1582,12.285,,200.000,1612800,
10.749527,RETX,1583,12.285,,200.000,1612800,
10.749839,RETX,1584,12.285,,200.000,1612800,
10.750075,RETX,1585,12.285,,200.000,1612800,
10.750278,RETX,1586,12.285,,200.000,1612800,
10.769655,STATS,-1,12.285,,200.000,1612800,base=1575 next=1587
10.789167,NAK,1575,12.285,,,1612800,
10.789277,DUPACK,1575,12.285,,,1612800,
10.789379,NAK,1575,12.285,,,1612800,
10.789418,DUPACK,1575,12.285,,,1612800,
10.789470,ACK,1576,12.366,,,1613824,"cum ack, base->1576"
10.789511,ACK,1577,12.447,,,1614848,"cum ack, base->1577"
10.790005,SEND,1587,12.447,,200.000,1614848,
10.790194,SEND,1588,12.447,,200.000,1614848,
10.793338,ACK,1578,12.527,,,1615872,"cum ack, base->1578"
10.794356,ACK,1579,12.607,,,1616896,"cum ack, base->1579"
10.794412,ACK,1580,12.686,,,1617920,"cum ack, base->1580"
10.795581,SEND,1589,12.686,,200.000,1617920,
10.795766,SEND,1590,12.686,,200.000,1617920,
10.795934,SEND,1591,12.686,,200.000,1617920,
10.797819,ACK,1581,12.765,,,1618944,"cum ack, base->1581"
10.797895,ACK,1582,12.843,,,1619968,"cum ack, base->1582"
10.797937,ACK,1583,12.921,,,1620992,"cum ack, base->1583"
10.797976,ACK,1584,12.999,,,1622016,"cum ack, base->1584"
10.798714,SEND,1592,12.999,,200.000,1622016,
10.799011,SEND,1593,12.999,,200.000,1622016,
10.799262,SEND,1594,12.999,,200.000,1622016,
10.799469,SEND,1595,12.999,,200.000,1622016,
10.801680,ACK,1585,13.076,,,1623040,"cum ack, base->1585"
10.801753,ACK,1586,13.152,,,1624064,"cum ack, base->1586"
10.801795,ACK,1587,13.228,,,1625088,"cum ack, base->1587"
10.802230,SEND,1596,13.228,,200.000,1625088,
10.802456,SEND,1597,13.228,,200.000,1625088,
10.802746,SEND,1598,13.228,,200.000,1625088,
10.802955,SEND,1599,13.228,,200.000,1625088,
10.836980,ACK,1588,13.304,,,1626112,"cum ack, base->1588"
10.837193,ACK,1589,13.379,,,1627136,"cum ack, base->1589"
10.837258,ACK,1590,13.454,,,1628160,"cum ack, base->1590"
10.837296,ACK,1591,13.528,,,1629184,"cum ack, base->1591"
10.837330,ACK,1592,13.602,,,1630208,"cum ack, base->1592"
10.839037,SEND,1600,13.602,,200.000,1630208,
10.839345,SEND,1601,13.602,,200.000,1630208,
10.839727,SEND,1602,13.602,,200.000,1630208,
10.840436,SEND,1603,13.602,,200.000,1630208,
10.840998,SEND,1604,13.602,,200.000,1630208,
10.846254,ACK,1593,13.675,,,1631232,"cum ack, base->1593"
10.846786,SEND,1605,13.675,,200.000,1631232,
10.846879,ACK,1594,13.749,,,1632256,"cum ack, base->1594"
10.846922,ACK,1595,13.821,,,1633280,"cum ack, base->1595"
10.847211,ACK,1596,13.894,,,1634304,"cum ack, base->1596"
10.847853,NAK,1596,13.894,,,1634304,
10.847879,FASTRETX,1596,12.350,,200.000,1634304,nak
10.847964,DUPACK,1596,12.350,,,1634304,
10.847998,NAK,1596,12.350,,,1634304,
10.848026,DUPACK,1596,12.350,,,1634304,
10.849724,RETX,1596,12.350,,200.000,1634304,
10.849949,RETX,1597,12.350,,200.000,1634304,
10.850156,RETX,1598,12.350,,200.000,1634304,
10.850358,RETX,1599,12.350,,200.000,1634304,
10.850556,RETX,1600,12.350,,200.000,1634304,
10.850725,RETX,1601,12.350,,200.000,1634304,
10.850901,RETX,1602,12.350,,200.000,1634304,
10.851157,RETX,1603,12.350,,200.000,1634304,
10.851341,RETX,1604,12.350,,200.000,1634304,
10.851509,RETX,1605,12.350,,200.000,1634304,
10.851689,SEND,1606,12.350,,200.000,1634304,
10.851885,SEND,1607,12.350,,200.000,1634304,
10.852178,NAK,1596,12.350,,,1634304,
10.852230,DUPACK,1596,12.350,,,1634304,
10.871921,STATS,-1,12.350,,200.000,1634304,base=1596 next=1608
10.873909,NAK,1596,12.350,,,1634304,
10.874671,DUPACK,1596,12.350,,,1634304,
10.891524,NAK,1596,12.350,,,1634304,
10.891905,DUPACK,1596,12.350,,,1634304,
10.891961,NAK,1596,12.350,,,1634304,
10.892851,DUPACK,1596,12.350,,,1634304,
10.893143,NAK,1596,12.350,,,1634304,
10.893183,DUPACK,1596,12.350,,,1634304,
10.893324,NAK,1596,12.350,,,1634304,
10.893367,DUPACK,1596,12.350,,,1634304,
10.893396,NAK,1596,12.350,,,1634304,
10.893422,DUPACK,1596,12.350,,,1634304,
10.902787,ACK,1597,12.431,,,1635328,"cum ack, base->1597"
10.902927,ACK,1598,12.511,,,1636352,"cum ack, base->1598"
10.902967,ACK,1599,12.591,,,1637376,"cum ack, base->1599"
10.903001,ACK,1600,12.671,,,1638400,"cum ack, base->1600"
10.903033,ACK,1601,12.750,,,1639424,"cum ack, base->1601"
10.903064,ACK,1602,12.828,,,1640448,"cum ack, base->1602"
10.903095,ACK,1603,12.906,,,1641472,"cum ack, base->1603"
10.903125,ACK,1604,12.983,,,1642496,"cum ack, base->1604"
10.903158,ACK,1605,13.061,,,1643520,"cum ack, base->1605"
10.903188,ACK,1606,13.137,,,1644544,"cum ack, base->1606"
10.903219,ACK,1607,13.213,,,1645568,"cum ack, base->1607"
10.903249,ACK,1608,13.289,,,1646592,"cum ack, base->1608"
10.904630,SEND,1608,13.289,,200.000,1646592,
10.904842,SEND,1609,13.289,,200.000,1646592,
10.905038,SEND,1610,13.289,,200.000,1646592,
10.905213,SEND,1611,13.289,,200.000,1646592,
10.905427,SEND,1612,13.289,,200.000,1646592,
10.905602,SEND,1613,13.289,,200.000,1646592,
10.905774,SEND,1614,13.289,,200.000,1646592,
10.906105,SEND,1615,13.289,,200.000,1646592,
10.906621,SEND,1616,13.289,,200.000,1646592,
10.906797,SEND,1617,13.289,,200.000,1646592,
10.907312,SEND,1618,13.289,,200.000,1646592,
10.907549,SEND,1619,13.289,,200.000,1646592,
10.907956,SEND,1620,13.289,,200.000,1646592,
10.948293,ACK,1609,13.364,,,1647616,"cum ack, base->1609"
10.948378,ACK,1610,13.439,,,1648640,"cum ack, base->1610"
10.948420,ACK,1611,13.513,,,1649664,"cum ack, base->1611"
10.949192,SEND,1621,13.513,,200.000,1649664,
10.949390,SEND,1622,13.513,,200.000,1649664,
10.949670,SEND,1623,13.513,,200.000,1649664,
10.949758,ACK,1612,13.587,,,1650688,"cum ack, base->1612"
10.949807,ACK,1613,13.661,,,1651712,"cum ack, base->1613"
10.952509,SEND,1624,13.661,,200.000,1651712,
10.952722,SEND,1625,13.661,,200.000,1651712,
10.954800,ACK,1614,13.734,,,1652736,"cum ack, base->1614"
10.954883,ACK,1615,13.807,,,1653760,"cum ack, base->1615"
10.954928,ACK,1617,13.951,,,1655808,"cum ack, base->1617"
10.955615,SEND,1626,13.951,,200.000,1655808,
10.955880,SEND,1627,13.951,,200.000,1655808,
10.956380,SEND,1628,13.951,,200.000,1655808,
10.956897,SEND,1629,13.951,,200.000,1655808,
10.957111,ACK,1618,14.023,,,1656832,"cum ack, base->1618"
10.957304,NAK,1618,14.023,,,1656832,
10.957319,FASTRETX,1618,12.465,,200.000,1656832,nak
10.957355,DUPACK,1618,12.465,,,1656832,
10.958865,NAK,1618,12.465,,,1656832,
10.958939,DUPACK,1618,12.465,,,1656832,
10.959951,RETX,1618,12.465,,200.000,1656832,
10.960157,RETX,1619,12.465,,200.000,1656832,
10.960335,RETX,1620,12.465,,200.000,1656832,
10.960503,RETX,1621,12.465,,200.000,1656832,
10.960934,RETX,1622,12.465,,200.000,1656832,
10.961850,RETX,1623,12.465,,200.000,1656832,
10.962048,RETX,1624,12.465,,200.000,1656832,
10.962267,RETX,1625,12.465,,200.000,1656832,
10.962446,RETX,1626,12.465,,200.000,1656832,
10.962613,RETX,1627,12.465,,200.000,1656832,
10.962782,RETX,1628,12.465,,200.000,1656832,
10.962948,RETX,1629,12.465,,200.000,1656832,
10.972648,STATS,-1,12.465,,200.000,1656832,base=1618 next=1630
10.990290,NAK,1618,12.465,,,1656832,
10.990349,DUPACK,1618,12.465,,,1656832,
10.998261,NAK,1618,12.465,,,1656832,
10.998329,DUPACK,1618,12.465,,,1656832,
10.998366,NAK,1618,12.465,,,1656832,
10.998400,DUPACK,1618,12.465,,,1656832,
10.998770,NAK,1618,12.465,,,1656832,
10.998859,DUPACK,1618,12.465,,,1656832,
11.004132,NAK,1618,12.465,,,1656832,
11.004203,DUPACK,1618,12.465,,,1656832,
11.004292,NAK,1618,12.465,,,1656832,
11.004350,DUPACK,1618,12.465,,,1656832,
11.004386,NAK,1618,12.465,,,1656832,
11.004414,DUPACK,1618,12.465,,,1656832,
11.004440,NAK,1618,12.465,,,1656832,
11.004467,DUPACK,1618,12.465,,,1656832,
11.004517,ACK,1619,12.545,,,1657856,"cum ack, base->1619"
11.004560,ACK,1620,12.625,,,1658880,"cum ack, base->1620"
11.007045,SEND,1630,12.625,,200.000,1658880,
11.007355,SEND,1631,12.625,,200.000,1658880,
11.007859,ACK,1621,12.704,,,1659904,"cum ack, base->1621"
11.007919,ACK,1622,12.783,,,1660928,"cum ack, base->1622"
11.009075,ACK,1623,12.861,,,1661952,"cum ack, base->1623"
11.009133,ACK,1624,12.939,,,1662976,"cum ack, base->1624"
11.009372,ACK,1625,13.016,,,1664000,"cum ack, base->1625"
11.009444,ACK,1626,13.093,,,1665024,"cum ack, base->1626"
11.009483,ACK,1627,13.169,,,1666048,"cum ack, base->1627"
11.010061,SEND,1632,13.169,,200.000,1666048,
11.010269,SEND,1633,13.169,,200.000,1666048,
11.010533,SEND,1634,13.169,,200.000,1666048,
11.010701,SEND,1635,13.169,,200.000,1666048,
11.010869,SEND,1636,13.169,,200.000,1666048,
11.011057,SEND,1637,13.169,,200.000,1666048,
11.011329,SEND,1638,13.169,,200.000,1666048,
11.011510,SEND,1639,13.169,,200.000,1666048,
11.016473,ACK,1628,13.245,,,1667072,"cum ack, base->1628"
11.016545,ACK,1629,13.321,,,1668096,"cum ack, base->1629"
11.016582,ACK,1630,13.396,,,1669120,"cum ack, base->1630"
11.019165,SEND,1640,13.396,,200.000,1669120,
11.019432,SEND,1641,13.396,,200.000,1669120,
11.019674,SEND,1642,13.396,,200.000,1669120,
11.045027,ACK,1631,13.470,,,1670144,"cum ack, base->1631"
11.047563,SEND,1643,13.470,,200.000,1670144,
11.047869,ACK,1632,13.545,,,1671168,"cum ack, base->1632"
11.050594,SEND,1644,13.545,,200.000,1671168,
11.051072,ACK,1633,13.619,,,1672192,"cum ack, base->1633"
11.051154,ACK,1634,13.692,,,1673216,"cum ack, base->1634"
11.051316,ACK,1635,13.765,,,1674240,"cum ack, base->1635"
11.053131,SEND,1645,13.765,,200.000,1674240,
11.053451,SEND,1646,13.765,,200.000,1674240,
11.053783,SEND,1647,13.765,,200.000,1674240,
11.057452,NAK,1635,13.765,,,1674240,
11.057496,FASTRETX,1635,12.236,,200.000,1674240,nak
11.057602,DUPACK,1635,12.236,,,1674240,
11.058931,RETX,1635,12.236,,200.000,1674240,
11.059355,RETX,1636,12.236,,200.000,1674240,
11.059981,RETX,1637,12.236,,200.000,1674240,
11.060325,RETX,1638,12.236,,200.000,1674240,
11.060877,RETX,1639,12.236,,200.000,1674240,
11.061160,RETX,1640,12.236,,200.000,1674240,
11.061369,RETX,1641,12.236,,200.000,1674240,
11.061572,RETX,1642,12.236,,200.000,1674240,
11.061775,RETX,1643,12.236,,200.000,1674240,
11.061980,RETX,1644,12.236,,200.000,1674240,
11.062228,RETX,1645,12.236,,200.000,1674240,
11.062445,RETX,1646,12.236,,200.000,1674240,
11.063810,NAK,1635,12.236,,,1674240,
11.063874,DUPACK,1635,12.236,,,1674240,
11.063911,NAK,1635,12.236,,,1674240,
11.063945,NAK,1635,12.236,,,1674240,
11.063982,DUPACK,1635,12.236,,,1674240,
11.064012,NAK,1635,12.236,,,1674240,
11.064043,DUPACK,1635,12.236,,,1674240,
11.067707,NAK,1635,12.236,,,1674240,
11.067798,DUPACK,1635,12.236,,,1674240,
11.070364,NAK,1635,12.236,,,1674240,
11.070767,DUPACK,1635,12.236,,,1674240,
11.074608,STATS,-1,12.236,,200.000,1674240,base=1635 next=1647
11.095954,NAK,1635,12.236,,,1674240,
11.096020,DUPACK,1635,12.236,,,1674240,
11.096049,NAK,1635,12.236,,,1674240,
11.096083,DUPACK,1635,12.236,,,1674240,
11.097090,NAK,1635,12.236,,,1674240,
11.097146,DUPACK,1635,12.236,,,1674240,
11.101632,NAK,1635,12.236,,,1674240,
11.101716,DUPACK,1635,12.236,,,1674240,
11.101797,NAK,1635,12.236,,,1674240,
11.101841,DUPACK,1635,12.236,,,1674240,
11.101904,ACK,1636,12.317,,,1675264,"cum ack, base->1636"
11.104448,RETX,1647,12.317,,200.000,1675264,
11.108038,ACK,1637,12.398,,,1676288,"cum ack, base->1637"
11.108155,ACK,1638,12.479,,,1677312,"cum ack, base->1638"
11.109580,SEND,1648,12.479,,200.000,1677312,
11.109767,SEND,1649,12.479,,200.000,1677312,
11.110712,ACK,1639,12.559,,,1678336,"cum ack, base->1639"
11.110769,ACK,1641,12.718,,,1680384,"cum ack, base->1641"
11.110803,ACK,1642,12.797,,,1681408,"cum ack, base->1642"
11.110835,ACK,1643,12.875,,,1682432,"cum ack, base->1643"
11.112727,SEND,1650,12.875,,200.000,1682432,
11.113121,SEND,1651,12.875,,200.000,1682432,
11.113509,SEND,1652,12.875,,200.000,1682432,
11.113884,SEND,1653,12.875,,200.000,1682432,
11.114314,SEND,1654,12.875,,200.000,1682432,
11.115268,ACK,1644,12.952,,,1683456,"cum ack, base->1644"
11.115368,ACK,1645,13.030,,,1684480,"cum ack, base->1645"
11.115438,ACK,1646,13.106,,,1685504,"cum ack, base->1646"
11.115515,ACK,1647,13.183,,,1686528,"cum ack, base->1647"
11.117317,SEND,1655,13.183,,200.000,1686528,
11.117706,SEND,1656,13.183,,200.000,1686528,
11.118062,SEND,1657,13.183,,200.000,1686528,
11.118450,SEND,1658,13.183,,200.000,1686528,
11.118810,SEND,1659,13.183,,200.000,1686528,
11.139107,ACK,1648,13.259,,,1687552,"cum ack, base->1648"
11.141795,SEND,1660,13.259,,200.000,1687552,
11.154395,ACK,1649,13.334,,,1688576,"cum ack, base->1649"
11.156198,SEND,1661,13.334,,200.000,1688576,
11.161372,ACK,1650,13.409,,,1689600,"cum ack, base->1650"
11.161431,NAK,1650,13.409,,,1689600,
11.161444,FASTRETX,1650,11.919,,200.000,1689600,nak
11.161475,DUPACK,1650,11.919,,,1689600,
11.161502,NAK,1650,11.919,,,1689600,
11.161528,NAK,1650,11.919,,,1689600,
11.161554,DUPACK,1650,11.919,,,1689600,
11.161578,NAK,1650,11.919,,,1689600,
11.163625,RETX,1650,11.919,,200.000,1689600,
11.163906,RETX,1651,11.919,,200.000,1689600,
11.164165,RETX,1652,11.919,,200.000,1689600,
11.164442,RETX,1653,11.919,,200.000,1689600,
11.164858,RETX,1654,11.919,,200.000,1689600,
11.165151,RETX,1655,11.919,,200.000,1689600,
11.165366,RETX,1656,11.919,,200.000,1689600,
11.165573,RETX,1657,11.919,,200.000,1689600,
11.165777,RETX,1658,11.919,,200.000,1689600,
11.165979,RETX,1659,11.919,,200.000,1689600,
11.166183,RETX,1660,11.919,,200.000,1689600,
11.166324,DUPACK,1650,11.919,,,1689600,
11.166392,NAK,1650,11.919,,,1689600,
11.166431,DUPACK,1650,11.919,,,1689600,
11.166463,NAK,1650,11.919,,,1689600,
11.166497,DUPACK,1650,11.919,,,1689600,
11.170097,NAK,1650,11.919,,,1689600,
11.170164,DUPACK,1650,11.919,,,1689600,
11.170198,NAK,1650,11.919,,,1689600,
11.170231,DUPACK,1650,11.919,,,1689600,
11.170262,NAK,1650,11.919,,,1689600,
11.170294,DUPACK,1650,11.919,,,1689600,
11.176350,STATS,-1,11.919,,200.000,1689600,base=1650 next=1661
11.182631,NAK,1650,11.919,,,1689600,
11.188775,DUPACK,1650,11.919,,,1689600,
11.205919,NAK,1650,11.919,,,1689600,
11.206036,DUPACK,1650,11.919,,,1689600,
11.214710,ACK,1651,12.003,,,1690624,"cum ack, base->1651"
11.214836,ACK,1652,12.086,,,1691648,"cum ack, base->1652"
11.214907,ACK,1653,12.169,,,1692672,"cum ack, base->1653"
11.214973,ACK,1654,12.251,,,1693696,"cum ack, base->1654"
11.216742,RETX,1661,12.251,,200.000,1693696,
11.217124,SEND,1662,12.251,,200.000,1693696,
11.217481,SEND,1663,12.251,,200.000,1693696,
11.217928,SEND,1664,12.251,,200.000,1693696,
11.218365,SEND,1665,12.251,,200.000,1693696,
11.218514,ACK,1655,12.333,,,1694720,"cum ack, base->1655"
11.218599,ACK,1656,12.414,,,1695744,"cum ack, base->1656"
11.218653,ACK,1658,12.575,,,1697792,"cum ack, base->1658"
11.218704,NAK,1658,12.575,,,1697792,
11.218720,FASTRETX,1658,12.575,,200.000,1697792,nak
11.218764,DUPACK,1658,12.575,,,1697792,
11.218803,NAK,1658,12.575,,,1697792,
11.218844,DUPACK,1658,12.575,,,1697792,
11.221232,RETX,1658,12.575,,200.000,1697792,
11.221514,RETX,1659,12.575,,200.000,1697792,
11.221833,RETX,1660,12.575,,200.000,1697792,
11.222105,RETX,1661,12.575,,200.000,1697792,
11.222366,RETX,1662,12.575,,200.000,1697792,
11.222689,RETX,1663,12.575,,200.000,1697792,
11.223022,RETX,1664,12.575,,200.000,1697792,
11.223288,RETX,1665,12.575,,200.000,1697792,
11.223598,SEND,1666,12.575,,200.000,1697792,
11.223863,SEND,1667,12.575,,200.000,1697792,
11.224111,SEND,1668,12.575,,200.000,1697792,
11.224374,SEND,1669,12.575,,200.000,1697792,
11.264066,NAK,1658,12.575,,,1697792,
11.264140,DUPACK,1658,12.575,,,1697792,
11.264177,NAK,1658,12.575,,,1697792,
11.268815,DUPACK,1658,12.575,,,1697792,
11.268890,NAK,1658,12.575,,,1697792,
11.268938,DUPACK,1658,12.575,,,1697792,
11.269368,NAK,1658,12.575,,,1697792,
11.269431,DUPACK,1658,12.575,,,1697792,
11.269476,NAK,1658,12.575,,,1697792,
11.269583,DUPACK,1658,12.575,,,1697792,
11.269650,ACK,1659,12.654,,,1698816,"cum ack, base->1659"
11.269702,ACK,1660,12.733,,,1699840,"cum ack, base->1660"
11.269753,ACK,1661,12.812,,,1700864,"cum ack, base->1661"
11.271492,SEND,1670,12.812,,200.000,1700864,
11.271768,SEND,1671,12.812,,200.000,1700864,
11.272034,SEND,1672,12.812,,200.000,1700864,
11.273092,ACK,1662,12.890,,,1701888,"cum ack, base->1662"
11.273272,ACK,1664,13.044,,,1703936,"cum ack, base->1664"
11.273337,ACK,1665,13.121,,,1704960,"cum ack, base->1665"
11.273389,ACK,1666,13.197,,,1705984,"cum ack, base->1666"
11.273443,ACK,1667,13.273,,,1707008,"cum ack, base->1667"
11.273491,ACK,1668,13.348,,,1708032,"cum ack, base->1668"
11.273538,ACK,1669,13.423,,,1709056,"cum ack, base->1669"
11.273622,ACK,1670,13.498,,,1710080,"cum ack, base->1670"
11.274923,SEND,1673,13.498,,200.000,1710080,
11.275119,SEND,1674,13.498,,200.000,1710080,
11.275380,SEND,1675,13.498,,200.000,1710080,
11.275591,SEND,1676,13.498,,200.000,1710080,
11.275940,SEND,1677,13.498,,200.000,1710080,
11.276235,SEND,1678,13.498,,200.000,1710080,
11.276687,SEND,1679,13.498,,200.000,1710080,
11.277048,SEND,1680,13.498,,200.000,1710080,
11.277245,SEND,1681,13.498,,200.000,1710080,
11.277416,SEND,1682,13.498,,200.000,1710080,
11.277428,STATS,-1,13.498,,200.000,1710080,base=1670 next=1683
11.322941,ACK,1671,13.572,,,1711104,"cum ack, base->1671"
11.323008,ACK,1673,13.719,,,1713152,"cum ack, base->1673"
11.324012,ACK,1674,13.792,,,1714176,"cum ack, base->1674"
11.324067,ACK,1675,13.864,,,1715200,"cum ack, base->1675"
11.324099,NAK,1675,13.864,,,1715200,
11.324114,FASTRETX,1675,12.324,,200.000,1715200,nak
11.324171,DUPACK,1675,12.324,,,1715200,
11.324310,NAK,1675,12.324,,,1715200,
11.324371,DUPACK,1675,12.324,,,1715200,
11.324424,DUPACK,1675,12.324,,,1715200,
11.325222,RETX,1675,12.324,,200.000,1715200,
11.325734,RETX,1676,12.324,,200.000,1715200,
11.326141,RETX,1677,12.324,,200.000,1715200,
11.326360,RETX,1678,12.324,,200.000,1715200,
11.326814,RETX,1679,12.324,,200.000,1715200,
11.327000,RETX,1680,12.324,,200.000,1715200,
11.327174,RETX,1681,12.324,,200.000,1715200,
11.327345,RETX,1682,12.324,,200.000,1715200,
11.327517,SEND,1683,12.324,,200.000,1715200,
11.327687,SEND,1684,12.324,,200.000,1715200,
11.327854,SEND,1685,12.324,,200.000,1715200,
11.328029,SEND,1686,12.324,,200.000,1715200,
11.328170,NAK,1675,12.324,,,1715200,
11.328519,DUPACK,1675,12.324,,,1715200,
11.328616,NAK,1675,12.324,,,1715200,
11.328677,DUPACK,1675,12.324,,,1715200,
11.328720,NAK,1675,12.324,,,1715200,
11.328791,DUPACK,1675,12.324,,,1715200,
11.329246,NAK,1675,12.324,,,1715200,
11.329333,DUPACK,1675,12.324,,,1715200,
11.373084,ACK,1676,12.405,,,1716224,"cum ack, base->1676"
11.373205,ACK,1677,12.486,,,1717248,"cum ack, base->1677"
11.373279,ACK,1678,12.566,,,1718272,"cum ack, base->1678"
11.373371,ACK,1679,12.645,,,1719296,"cum ack, base->1679"
11.373927,SEND,1687,12.645,,200.000,1719296,
11.374381,SEND,1688,12.645,,200.000,1719296,
11.374987,SEND,1689,12.645,,200.000,1719296,
11.375301,SEND,1690,12.645,,200.000,1719296,
11.376190,ACK,1680,12.724,,,1720320,"cum ack, base->1680"
11.376334,ACK,1681,12.803,,,1721344,"cum ack, base->1681"
11.376381,ACK,1682,12.881,,,1722368,"cum ack, base->1682"
11.376438,ACK,1683,12.959,,,1723392,"cum ack, base->1683"
11.376497,ACK,1684,13.036,,,1724416,"cum ack, base->1684"
11.376531,ACK,1685,13.112,,,1725440,"cum ack, base->1685"
11.376662,ACK,1687,13.265,,,1727488,"cum ack, base->1687"
11.378094,SEND,1691,13.265,,200.000,1727488,
11.378303,SEND,1692,13.265,,200.000,1727488,
11.378535,SEND,1693,13.265,,200.000,1727488,
11.378735,SEND,1694,13.265,,200.000,1727488,
11.378987,SEND,1695,13.265,,200.000,1727488,
11.379250,SEND,1696,13.265,,200.000,1727488,
11.379462,SEND,1697,13.265,,200.000,1727488,
11.379646,SEND,1698,13.265,,200.000,1727488,
11.379825,SEND,1699,13.265,,200.000,1727488,
11.379840,STATS,-1,13.265,,200.000,1727488,base=1687 next=1700
11.424624,ACK,1688,13.340,,,1728512,"cum ack, base->1688"
11.424718,ACK,1689,13.415,,,1729536,"cum ack, base->1689"
11.426374,ACK,1690,13.489,,,1730560,"cum ack, base->1690"
11.426750,ACK,1691,13.564,,,1731584,"cum ack, base->1691"
11.426996,SEND,1700,13.564,,200.000,1731584,
11.427174,SEND,1701,13.564,,200.000,1731584,
11.427369,SEND,1702,13.564,,200.000,1731584,
11.427539,SEND,1703,13.564,,200.000,1731584,
11.432188,ACK,1692,13.637,,,1732608,"cum ack, base->1692"
11.432250,ACK,1693,13.711,,,1733632,"cum ack, base->1693"
11.432285,ACK,1694,13.784,,,1734656,"cum ack, base->1694"
11.432316,ACK,1695,13.856,,,1735680,"cum ack, base->1695"
11.432348,ACK,1696,13.928,,,1736704,"cum ack, base->1696"
11.432380,ACK,1697,14.000,,,1737728,"cum ack, base->1697"
11.432411,ACK,1698,14.072,,,1738752,"cum ack, base->1698"
11.432441,ACK,1699,14.143,,,1739776,"cum ack, base->1699"
11.432471,ACK,1700,14.213,,,1740800,"cum ack, base->1700"
11.432808,SEND,1704,14.213,,200.000,1740800,
11.433002,SEND,1705,14.213,,200.000,1740800,
11.433175,SEND,1706,14.213,,200.000,1740800,
11.433344,SEND,1707,14.213,,200.000,1740800,
11.433511,SEND,1708,14.213,,200.000,1740800,
11.433719,SEND,1709,14.213,,200.000,1740800,
11.433921,SEND,1710,14.213,,200.000,1740800,
11.434133,SEND,1711,14.213,,200.000,1740800,
11.434338,SEND,1712,14.213,,200.000,1740800,
11.434554,SEND,1713,14.213,,200.000,1740800,
11.473712,ACK,1701,14.284,,,1741824,"cum ack, base->1701"
11.476271,SEND,1714,14.284,,200.000,1741824,
11.481077,STATS,-1,14.284,,200.000,1741824,base=1701 next=1715
11.481386,ACK,1702,14.354,,,1742848,"cum ack, base->1702"
11.481449,ACK,1704,14.493,,,1744896,"cum ack, base->1704"
11.483865,SEND,1715,14.493,,200.000,1744896,
11.484049,SEND,1716,14.493,,200.000,1744896,
11.484227,SEND,1717,14.493,,200.000,1744896,
11.487163,NAK,1704,14.493,,,1744896,
11.487204,FASTRETX,1704,12.882,,200.000,1744896,nak
11.487293,DUPACK,1704,12.882,,,1744896,
11.487505,NAK,1704,12.882,,,1744896,
11.487578,DUPACK,1704,12.882,,,1744896,
11.487634,NAK,1704,12.882,,,1744896,
11.487692,DUPACK,1704,12.882,,,1744896,
11.487748,NAK,1704,12.882,,,1744896,
11.487802,DUPACK,1704,12.882,,,1744896,
11.487853,NAK,1704,12.882,,,1744896,
11.487907,DUPACK,1704,12.882,,,1744896,
11.488056,NAK,1704,12.882,,,1744896,
11.488113,DUPACK,1704,12.882,,,1744896,
11.488164,NAK,1704,12.882,,,1744896,
11.488217,DUPACK,1704,12.882,,,1744896,
11.488271,NAK,1704,12.882,,,1744896,
11.488327,DUPACK,1704,12.882,,,1744896,
11.489853,RETX,1704,12.882,,200.000,1744896,
11.490071,RETX,1705,12.882,,200.000,1744896,
11.490317,RETX,1706,12.882,,200.000,1744896,
11.490550,RETX,1707,12.882,,200.000,1744896,
11.490771,RETX,1708,12.882,,200.000,1744896,
11.490998,RETX,1709,12.882,,200.000,1744896,
11.491221,RETX,1710,12.882,,200.000,1744896,
11.491544,RETX,1711,12.882,,200.000,1744896,
11.491748,RETX,1712,12.882,,200.000,1744896,
11.491953,RETX,1713,12.882,,200.000,1744896,
11.492637,RETX,1714,12.882,,200.000,1744896,
11.492850,RETX,1715,12.882,,200.000,1744896,
11.523177,DUPACK,1704,12.882,,,1744896,
11.523251,NAK,1704,12.882,,,1744896,
11.532191,DUPACK,1704,12.882,,,1744896,
11.534085,NAK,1704,12.882,,,1744896,
11.534185,DUPACK,1704,12.882,,,1744896,
11.535020,ACK,1705,12.960,,,1745920,"cum ack, base->1705"
11.535812,RETX,1716,12.960,,200.000,1745920,
11.540193,ACK,1707,13.114,,,1747968,"cum ack, base->1707"
11.540259,ACK,1709,13.266,,,1750016,"cum ack, base->1709"
11.540384,ACK,1710,13.341,,,1751040,"cum ack, base->1710"
11.540417,ACK,1711,13.416,,,1752064,"cum ack, base->1711"
11.540448,ACK,1712,13.491,,,1753088,"cum ack, base->1712"
11.541293,RETX,1717,13.491,,200.000,1753088,
11.541483,SEND,1718,13.491,,200.000,1753088,
11.541716,SEND,1719,13.491,,200.000,1753088,
11.541916,SEND,1720,13.491,,200.000,1753088,
11.542090,SEND,1721,13.491,,200.000,1753088,
11.542314,SEND,1722,13.491,,200.000,1753088,
11.542525,SEND,1723,13.491,,200.000,1753088,
11.542700,SEND,1724,13.491,,200.000,1753088,
11.543164,ACK,1713,13.565,,,1754112,"cum ack, base->1713"
11.543215,ACK,1714,13.639,,,1755136,"cum ack, base->1714"
11.543247,ACK,1715,13.712,,,1756160,"cum ack, base->1715"
11.543283,ACK,1716,13.785,,,1757184,"cum ack, base->1716"
11.545443,SEND,1725,13.785,,200.000,1757184,
11.545853,SEND,1726,13.785,,200.000,1757184,
11.546054,SEND,1727,13.785,,200.000,1757184,
11.546233,SEND,1728,13.785,,200.000,1757184,
11.577004,ACK,1717,13.857,,,1758208,"cum ack, base->1717"
11.577068,ACK,1718,13.930,,,1759232,"cum ack, base->1718"
11.579518,SEND,1729,13.930,,200.000,1759232,
11.579994,SEND,1730,13.930,,200.000,1759232,
11.581098,ACK,1719,14.001,,,1760256,"cum ack, base->1719"
11.582650,SEND,1731,14.001,,200.000,1760256,
11.583029,SEND,1732,14.001,,200.000,1760256,
11.583054,STATS,-1,14.001,,200.000,1760256,base=1719 next=1733
11.587453,ACK,1720,14.073,,,1761280,"cum ack, base->1720"
11.588121,SEND,1733,14.073,,200.000,1761280,
11.588897,NAK,1720,14.073,,,1761280,
11.588924,FASTRETX,1720,12.509,,200.000,1761280,nak
11.588967,NAK,1720,12.509,,,1761280,
11.590900,RETX,1720,12.509,,200.000,1761280,
11.591093,RETX,1721,12.509,,200.000,1761280,
11.591278,RETX,1722,12.509,,200.000,1761280,
11.591446,RETX,1723,12.509,,200.000,1761280,
11.591769,RETX,1724,12.509,,200.000,1761280,
11.591955,RETX,1725,12.509,,200.000,1761280,
11.592124,RETX,1726,12.509,,200.000,1761280,
11.592360,RETX,1727,12.509,,200.000,1761280,
11.592537,RETX,1728,12.509,,200.000,1761280,
11.592767,RETX,1729,12.509,,200.000,1761280,
11.592945,RETX,1730,12.509,,200.000,1761280,
11.593115,RETX,1731,12.509,,200.000,1761280,
11.598383,DUPACK,1720,12.509,,,1761280,
11.598567,NAK,1720,12.509,,,1761280,
11.598637,DUPACK,1720,12.509,,,1761280,
11.598686,NAK,1720,12.509,,,1761280,
11.598729,DUPACK,1720,12.509,,,1761280,
11.598769,NAK,1720,12.509,,,1761280,
11.598811,DUPACK,1720,12.509,,,1761280,
11.631000,NAK,1720,12.509,,,1761280,
11.631111,DUPACK,1720,12.509,,,1761280,
11.631170,NAK,1720,12.509,,,1761280,
11.631258,DUPACK,1720,12.509,,,1761280,
11.631361,NAK,1720,12.509,,,1761280,
11.632531,DUPACK,1720,12.509,,,1761280,
11.641129,ACK,1721,12.589,,,1762304,"cum ack, base->1721"
11.641291,ACK,1722,12.669,,,1763328,"cum ack, base->1722"
11.641886,RETX,1732,12.669,,200.000,1763328,
11.642336,RETX,1733,12.669,,200.000,1763328,
11.644686,ACK,1723,12.747,,,1764352,"cum ack, base->1723"
11.644750,ACK,1724,12.826,,,1765376,"cum ack, base->1724"
11.644785,ACK,1725,12.904,,,1766400,"cum ack, base->1725"
11.644819,ACK,1726,12.981,,,1767424,"cum ack, base->1726"
11.644851,ACK,1727,13.058,,,1768448,"cum ack, base->1727"
11.644882,ACK,1728,13.135,,,1769472,"cum ack, base->1728"
11.644913,ACK,1729,13.211,,,1770496,"cum ack, base->1729"
11.644943,ACK,1730,13.287,,,1771520,"cum ack, base->1730"
11.647236,SEND,1734,13.287,,200.000,1771520,
11.647419,SEND,1735,13.287,,200.000,1771520,
11.647590,SEND,1736,13.287,,200.000,1771520,
11.647759,SEND,1737,13.287,,200.000,1771520,
11.647956,SEND,1738,13.287,,200.000,1771520,
11.648167,SEND,1739,13.287,,200.000,1771520,
11.648345,SEND,1740,13.287,,200.000,1771520,
11.648523,SEND,1741,13.287,,200.000,1771520,
11.648693,SEND,1742,13.287,,200.000,1771520,
11.648824,ACK,1732,13.437,,,1773568,"cum ack, base->1732"
11.651724,SEND,1743,13.437,,200.000,1773568,
11.652274,SEND,1744,13.437,,200.000,1773568,
11.681980,ACK,1733,13.511,,,1774592,"cum ack, base->1733"
11.683262,SEND,1745,13.511,,200.000,1774592,
11.683286,STATS,-1,13.511,,200.000,1774592,base=1733 next=1746
11.693228,ACK,1734,13.585,,,1775616,"cum ack, base->1734"
11.693665,ACK,1735,13.659,,,1776640,"cum ack, base->1735"
11.693716,ACK,1736,13.732,,,1777664,"cum ack, base->1736"
11.693752,ACK,1737,13.805,,,1778688,"cum ack, base->1737"
11.695837,SEND,1746,13.805,,200.000,1778688,
11.696023,SEND,1747,13.805,,200.000,1778688,
11.696195,SEND,1748,13.805,,200.000,1778688,
11.696365,SEND,1749,13.805,,200.000,1778688,
11.700102,ACK,1738,13.877,,,1779712,"cum ack, base->1738"
11.700171,ACK,1739,13.950,,,1780736,"cum ack, base->1739"
11.700207,ACK,1740,14.021,,,1781760,"cum ack, base->1740"
11.700242,ACK,1741,14.093,,,1782784,"cum ack, base->1741"
11.700275,ACK,1742,14.163,,,1783808,"cum ack, base->1742"
11.700686,ACK,1743,14.234,,,1784832,"cum ack, base->1743"
11.700734,ACK,1744,14.304,,,1785856,"cum ack, base->1744"
11.700774,ACK,1745,14.374,,,1786880,"cum ack, base->1745"
11.701861,SEND,1750,14.374,,200.000,1786880,
11.702158,SEND,1751,14.374,,200.000,1786880,
11.702415,SEND,1752,14.374,,200.000,1786880,
11.702688,SEND,1753,14.374,,200.000,1786880,
11.702960,SEND,1754,14.374,,200.000,1786880,
11.703234,SEND,1755,14.374,,200.000,1786880,
11.703500,SEND,1756,14.374,,200.000,1786880,
11.703755,SEND,1757,14.374,,200.000,1786880,
11.704032,SEND,1758,14.374,,200.000,1786880,
11.727145,ACK,1746,14.444,,,1787904,"cum ack, base->1746"
11.728795,SEND,1759,14.444,,200.000,1787904,
11.743842,ACK,1747,14.513,,,1788928,"cum ack, base->1747"
11.743910,ACK,1748,14.582,,,1789952,"cum ack, base->1748"
11.745654,ACK,1749,14.651,,,1790976,"cum ack, base->1749"
11.745714,ACK,1750,14.719,,,1792000,"cum ack, base->1750"
11.746273,SEND,1760,14.719,,200.000,1792000,
11.746445,SEND,1761,14.719,,200.000,1792000,
11.746640,SEND,1762,14.719,,200.000,1792000,
11.746811,SEND,1763,14.719,,200.000,1792000,
11.746904,ACK,1751,14.787,,,1793024,"cum ack, base->1751"
11.746990,ACK,1752,14.854,,,1794048,"cum ack, base->1752"
11.747465,NAK,1752,14.854,,,1794048,
11.747485,FASTRETX,1752,13.204,,200.000,1794048,nak
11.747547,DUPACK,1752,13.204,,,1794048,
11.747586,NAK,1752,13.204,,,1794048,
11.747615,DUPACK,1752,13.204,,,1794048,
11.747643,NAK,1752,13.204,,,1794048,
11.747668,DUPACK,1752,13.204,,,1794048,
11.747694,NAK,1752,13.204,,,1794048,
11.749854,RETX,1752,13.204,,200.000,1794048,
11.750241,RETX,1753,13.204,,200.000,1794048,
11.750596,RETX,1754,13.204,,200.000,1794048,
11.750957,RETX,1755,13.204,,200.000,1794048,
11.751325,RETX,1756,13.204,,200.000,1794048,
11.751692,RETX,1757,13.204,,200.000,1794048,
11.752174,RETX,1758,13.204,,200.000,1794048,
11.752460,RETX,1759,13.204,,200.000,1794048,
11.752725,RETX,1760,13.204,,200.000,1794048,
11.752996,RETX,1761,13.204,,200.000,1794048,
11.753256,RETX,1762,13.204,,200.000,1794048,
11.753514,RETX,1763,13.204,,200.000,1794048,
11.753774,SEND,1764,13.204,,200.000,1794048,
11.753923,DUPACK,1752,13.204,,,1794048,
11.756172,NAK,1752,13.204,,,1794048,
11.756245,DUPACK,1752,13.204,,,1794048,
11.764035,NAK,1752,13.204,,,1794048,
11.770420,DUPACK,1752,13.204,,,1794048,
11.785569,STATS,-1,13.204,,200.000,1794048,base=1752 next=1765
11.789623,NAK,1752,13.204,,,1794048,
11.795188,DUPACK,1752,13.204,,,1794048,
11.795247,NAK,1752,13.204,,,1794048,
11.795282,DUPACK,1752,13.204,,,1794048,
11.798521,NAK,1752,13.204,,,1794048,
11.798634,DUPACK,1752,13.204,,,1794048,
11.798698,NAK,1752,13.204,,,1794048,
11.798756,DUPACK,1752,13.204,,,1794048,
11.798834,ACK,1753,13.280,,,1795072,"cum ack, base->1753"
11.798976,ACK,1754,13.355,,,1796096,"cum ack, base->1754"
11.799064,ACK,1755,13.430,,,1797120,"cum ack, base->1755"
11.799137,ACK,1756,13.504,,,1798144,"cum ack, base->1756"
11.799210,ACK,1757,13.578,,,1799168,"cum ack, base->1757"
11.799276,ACK,1758,13.652,,,1800192,"cum ack, base->1758"
11.801234,SEND,1765,13.652,,200.000,1800192,
11.801658,SEND,1766,13.652,,200.000,1800192,
11.802141,SEND,1767,13.652,,200.000,1800192,
11.802794,SEND,1768,13.652,,200.000,1800192,
11.803168,SEND,1769,13.652,,200.000,1800192,
11.803489,SEND,1770,13.652,,200.000,1800192,
11.803718,ACK,1759,13.725,,,1801216,"cum ack, base->1759"
11.803798,ACK,1760,13.798,,,1802240,"cum ack, base->1760"
11.803852,ACK,1761,13.871,,,1803264,"cum ack, base->1761"
11.803901,ACK,1762,13.943,,,1804288,"cum ack, base->1762"
11.805990,ACK,1763,14.014,,,1805312,"cum ack, base->1763"
11.806270,SEND,1771,14.014,,200.000,1805312,
11.806487,SEND,1772,14.014,,200.000,1805312,
11.806751,SEND,1773,14.014,,200.000,1805312,
11.807263,SEND,1774,14.014,,200.000,1805312,
11.807482,SEND,1775,14.014,,200.000,1805312,
11.807659,SEND,1776,14.014,,200.000,1805312,
11.807773,ACK,1764,14.086,,,1806336,"cum ack, base->1764"
11.807829,ACK,1765,14.157,,,1807360,"cum ack, base->1765"
11.810609,SEND,1777,14.157,,200.000,1807360,
11.810807,SEND,1778,14.157,,200.000,1807360,
11.848729,ACK,1766,14.227,,,1808384,"cum ack, base->1766"
11.850854,SEND,1779,14.227,,200.000,1808384,
11.850963,ACK,1767,14.298,,,1809408,"cum ack, base->1767"
11.851009,ACK,1768,14.368,,,1810432,"cum ack, base->1768"
11.851046,ACK,1769,14.437,,,1811456,"cum ack, base->1769"
11.851078,ACK,1770,14.506,,,1812480,"cum ack, base->1770"
11.852077,NAK,1770,14.506,,,1812480,
11.852107,FASTRETX,1770,12.895,,200.000,1812480,nak
11.852201,DUPACK,1770,12.895,,,1812480,
11.853697,RETX,1770,12.895,,200.000,1812480,
11.853883,RETX,1771,12.895,,200.000,1812480,
11.854052,RETX,1772,12.895,,200.000,1812480,
11.854235,RETX,1773,12.895,,200.000,1812480,
11.854412,RETX,1774,12.895,,200.000,1812480,
11.854688,RETX,1775,12.895,,200.000,1812480,
11.854862,RETX,1776,12.895,,200.000,1812480,
11.855030,RETX,1777,12.895,,200.000,1812480,
11.855198,RETX,1778,12.895,,200.000,1812480,
11.855366,RETX,1779,12.895,,200.000,1812480,
11.855539,SEND,1780,12.895,,200.000,1812480,
11.855733,SEND,1781,12.895,,200.000,1812480,
11.856162,NAK,1770,12.895,,,1812480,
11.857759,DUPACK,1770,12.895,,,1812480,
11.857813,NAK,1770,12.895,,,1812480,
11.857843,DUPACK,1770,12.895,,,1812480,
11.860116,NAK,1770,12.895,,,1812480,
11.860184,DUPACK,1770,12.895,,,1812480,
11.860214,NAK,1770,12.895,,,1812480,
11.860241,NAK,1770,12.895,,,1812480,
11.860268,DUPACK,1770,12.895,,,1812480,
11.860293,NAK,1770,12.895,,,1812480,
11.860360,DUPACK,1770,12.895,,,1812480,
11.886994,STATS,-1,12.895,,200.000,1812480,base=1770 next=1782
11.895017,NAK,1770,12.895,,,1812480,
11.895375,DUPACK,1770,12.895,,,1812480,
11.896478,ACK,1771,12.972,,,1813504,"cum ack, base->1771"
11.897304,SEND,1782,12.972,,200.000,1813504,
11.898973,ACK,1772,13.049,,,1814528,"cum ack, base->1772"
11.900163,SEND,1783,13.049,,200.000,1814528,
11.900543,SEND,1784,13.049,,200.000,1814528,
11.903470,ACK,1773,13.126,,,1815552,"cum ack, base->1773"
11.903585,ACK,1774,13.202,,,1816576,"cum ack, base->1774"
11.903655,ACK,1775,13.278,,,1817600,"cum ack, base->1775"
11.903723,ACK,1776,13.353,,,1818624,"cum ack, base->1776"
11.903787,ACK,1777,13.428,,,1819648,"cum ack, base->1777"
11.903850,ACK,1778,13.502,,,1820672,"cum ack, base->1778"
11.903912,ACK,1779,13.577,,,1821696,"cum ack, base->1779"
11.906051,SEND,1785,13.577,,200.000,1821696,
11.906377,SEND,1786,13.577,,200.000,1821696,
11.906638,SEND,1787,13.577,,200.000,1821696,
11.906898,SEND,1788,13.577,,200.000,1821696,
11.907157,SEND,1789,13.577,,200.000,1821696,
11.907414,SEND,1790,13.577,,200.000,1821696,
11.907823,SEND,1791,13.577,,200.000,1821696,
11.910239,ACK,1780,13.650,,,1822720,"cum ack, base->1780"
11.910342,ACK,1782,13.796,,,1824768,"cum ack, base->1782"
11.910589,SEND,1792,13.796,,200.000,1824768,
11.910775,SEND,1793,13.796,,200.000,1824768,
11.910943,SEND,1794,13.796,,200.000,1824768,
11.932389,ACK,1783,13.869,,,1825792,"cum ack, base->1783"
11.933711,SEND,1795,13.869,,200.000,1825792,
11.949464,ACK,1784,13.941,,,1826816,"cum ack, base->1784"
11.949582,ACK,1785,14.013,,,1827840,"cum ack, base->1785"
11.949658,ACK,1786,14.084,,,1828864,"cum ack, base->1786"
11.949725,ACK,1787,14.155,,,1829888,"cum ack, base->1787"
11.952060,SEND,1796,14.155,,200.000,1829888,
11.952444,SEND,1797,14.155,,200.000,1829888,
11.952917,SEND,1798,14.155,,200.000,1829888,
11.953307,SEND,1799,14.155,,200.000,1829888,
11.953609,SEND,1800,14.155,,200.000,1829888,
11.955340,ACK,1788,14.226,,,1830912,"cum ack, base->1788"
11.955416,ACK,1789,14.296,,,1831936,"cum ack, base->1789"
11.955459,ACK,1790,14.366,,,1832960,"cum ack, base->1790"
11.955492,ACK,1791,14.436,,,1833984,"cum ack, base->1791"
11.955525,ACK,1792,14.505,,,1835008,"cum ack, base->1792"
11.955555,ACK,1793,14.574,,,1836032,"cum ack, base->1793"
11.956454,SEND,1801,14.574,,200.000,1836032,
11.956636,SEND,1802,14.574,,200.000,1836032,
11.956855,SEND,1803,14.574,,200.000,1836032,
11.957051,SEND,1804,14.574,,200.000,1836032,
11.957228,SEND,1805,14.574,,200.000,1836032,
11.957399,SEND,1806,14.574,,200.000,1836032,
11.957542,ACK,1794,14.642,,,1837056,"cum ack, base->1794"
11.957647,ACK,1795,14.711,,,1838080,"cum ack, base->1795"
11.960430,SEND,1807,14.711,,200.000,1838080,
11.960656,SEND,1808,14.711,,200.000,1838080,
11.981682,ACK,1796,14.779,,,1839104,"cum ack, base->1796"
11.983095,SEND,1809,14.779,,200.000,1839104,
11.988225,STATS,-1,14.779,,200.000,1839104,base=1796 next=1810
11.990475,ACK,1797,14.846,,,1840128,"cum ack, base->1797"
11.991003,SEND,1810,14.846,,200.000,1840128,
11.991471,ACK,1798,14.914,,,1841152,"cum ack, base->1798"
11.991536,ACK,1799,14.981,,,1842176,"cum ack, base->1799"
11.991575,ACK,1800,15.047,,,1843200,"cum ack, base->1800"
11.993846,SEND,1811,15.047,,200.000,1843200,
11.994082,SEND,1812,15.047,,200.000,1843200,
11.994253,SEND,1813,15.047,,200.000,1843200,
11.994419,SEND,1814,15.047,,200.000,1843200,
11.999531,ACK,1801,15.114,,,1844224,"cum ack, base->1801"
11.999619,ACK,1802,15.180,,,1845248,"cum ack, base->1802"
12.002128,SEND,1815,15.180,,200.000,1845248,
12.002445,SEND,1816,15.180,,200.000,1845248,
12.006445,ACK,1803,15.246,,,1846272,"cum ack, base->1803"
12.006808,ACK,1804,15.312,,,1847296,"cum ack, base->1804"
12.006887,ACK,1805,15.377,,,1848320,"cum ack, base->1805"
12.006944,ACK,1806,15.442,,,1849344,"cum ack, base->1806"
12.007234,ACK,1807,15.507,,,1850368,"cum ack, base->1807"
12.007325,ACK,1808,15.571,,,1851392,"cum ack, base->1808"
12.007378,ACK,1809,15.635,,,1852416,"cum ack, base->1809"
12.007916,SEND,1817,15.635,,200.000,1852416,
12.008180,SEND,1818,15.635,,200.000,1852416,
12.008355,SEND,1819,15.635,,200.000,1852416,
12.008524,SEND,1820,15.635,,200.000,1852416,
12.008692,SEND,1821,15.635,,200.000,1852416,
12.008981,SEND,1822,15.635,,200.000,1852416,
12.009176,SEND,1823,15.635,,200.000,1852416,
12.026415,ACK,1810,15.699,,,1853440,"cum ack, base->1810"
12.026487,ACK,1811,15.763,,,1854464,"cum ack, base->1811"
12.027348,SEND,1824,15.763,,200.000,1854464,
12.027533,SEND,1825,15.763,,200.000,1854464,
12.037798,ACK,1812,15.826,,,1855488,"cum ack, base->1812"
12.040543,SEND,1826,15.826,,200.000,1855488,
12.046494,ACK,1813,15.890,,,1856512,"cum ack, base->1813"
12.046585,ACK,1814,15.953,,,1857536,"cum ack, base->1814"
12.046637,ACK,1815,16.015,,,1858560,"cum ack, base->1815"
12.046697,ACK,1816,16.078,,,1859584,"cum ack, base->1816"
12.046749,ACK,1817,16.140,,,1860608,"cum ack, base->1817"
12.048113,SEND,1827,16.140,,200.000,1860608,
12.048529,SEND,1828,16.140,,200.000,1860608,
12.048903,SEND,1829,16.140,,200.000,1860608,
12.049260,SEND,1830,16.140,,200.000,1860608,
12.049623,SEND,1831,16.140,,200.000,1860608,
12.049989,SEND,1832,16.140,,200.000,1860608,
12.051660,ACK,1818,16.202,,,1861632,"cum ack, base->1818"
12.051767,ACK,1819,16.264,,,1862656,"cum ack, base->1819"
12.051844,ACK,1820,16.325,,,1863680,"cum ack, base->1820"
12.051913,ACK,1821,16.386,,,1864704,"cum ack, base->1821"
12.052999,SEND,1833,16.386,,200.000,1864704,
12.053522,SEND,1834,16.386,,200.000,1864704,
12.053962,SEND,1835,16.386,,200.000,1864704,
12.054379,SEND,1836,16.386,,200.000,1864704,
12.057845,ACK,1822,16.447,,,1865728,"cum ack, base->1822"
12.059855,SEND,1837,16.447,,200.000,1865728,
12.061011,ACK,1823,16.508,,,1866752,"cum ack, base->1823"
12.061068,ACK,1824,16.569,,,1867776,"cum ack, base->1824"
12.062740,SEND,1838,16.569,,200.000,1867776,
12.063023,SEND,1839,16.569,,200.000,1867776,
12.076663,ACK,1825,16.629,,,1868800,"cum ack, base->1825"
12.076980,ACK,1826,16.689,,,1869824,"cum ack, base->1826"
12.077488,ACK,1827,16.749,,,1870848,"cum ack, base->1827"
12.078571,SEND,1840,16.749,,200.000,1870848,
12.078866,SEND,1841,16.749,,200.000,1870848,
12.079077,SEND,1842,16.749,,200.000,1870848,
12.089329,STATS,-1,16.749,,200.000,1870848,base=1827 next=1843
12.091334,ACK,1828,16.809,,,1871872,"cum ack, base->1828"
12.092370,SEND,1843,16.809,,200.000,1871872,
12.098811,ACK,1829,16.868,,,1872896,"cum ack, base->1829"
12.098899,ACK,1830,16.928,,,1873920,"cum ack, base->1830"
12.098952,ACK,1831,16.987,,,1874944,"cum ack, base->1831"
12.099003,ACK,1832,17.046,,,1875968,"cum ack, base->1832"
12.099980,SEND,1844,17.046,,200.000,1875968,
12.100257,SEND,1845,17.046,,200.000,1875968,
12.100556,SEND,1846,17.046,,200.000,1875968,
12.100823,SEND,1847,17.046,,200.000,1875968,
12.101149,SEND,1848,17.046,,200.000,1875968,
12.101365,ACK,1833,17.104,,,1876992,"cum ack, base->1833"
12.101450,ACK,1834,17.163,,,1878016,"cum ack, base->1834"
12.103264,ACK,1835,17.221,,,1879040,"cum ack, base->1835"
12.103333,ACK,1836,17.279,,,1880064,"cum ack, base->1836"
12.103374,ACK,1837,17.337,,,1881088,"cum ack, base->1837"
12.103950,SEND,1849,17.337,,200.000,1881088,
12.104168,SEND,1850,17.337,,200.000,1881088,
12.104423,SEND,1851,17.337,,200.000,1881088,
12.104639,SEND,1852,17.337,,200.000,1881088,
12.104845,SEND,1853,17.337,,200.000,1881088,
12.108763,ACK,1838,17.395,,,1882112,"cum ack, base->1838"
12.108838,ACK,1839,17.452,,,1883136,"cum ack, base->1839"
12.108874,ACK,1840,17.509,,,1884160,"cum ack, base->1840"
12.109880,SEND,1854,17.509,,200.000,1884160,
12.110110,SEND,1855,17.509,,200.000,1884160,
12.110467,SEND,1856,17.509,,200.000,1884160,
12.117586,ACK,1841,17.566,,,1885184,"cum ack, base->1841"
12.117928,SEND,1857,17.566,,200.000,1885184,
12.123377,ACK,1843,17.680,,,1887232,"cum ack, base->1843"
12.126247,SEND,1858,17.680,,200.000,1887232,
12.126660,SEND,1859,17.680,,200.000,1887232,
12.130724,ACK,1844,17.737,,,1888256,"cum ack, base->1844"
12.131954,SEND,1860,17.737,,200.000,1888256,
12.144142,ACK,1845,17.793,,,1889280,"cum ack, base->1845"
12.144783,SEND,1861,17.793,,200.000,1889280,
12.150787,ACK,1846,17.849,,,1890304,"cum ack, base->1846"
12.150918,ACK,1847,17.905,,,1891328,"cum ack, base->1847"
12.150997,ACK,1848,17.961,,,1892352,"cum ack, base->1848"
12.151065,ACK,1849,18.017,,,1893376,"cum ack, base->1849"
12.151131,ACK,1850,18.072,,,1894400,"cum ack, base->1850"
12.152060,SEND,1862,18.072,,200.000,1894400,
12.152242,SEND,1863,18.072,,200.000,1894400,
12.152465,SEND,1864,18.072,,200.000,1894400,
12.152683,SEND,1865,18.072,,200.000,1894400,
12.152856,SEND,1866,18.072,,200.000,1894400,
12.153029,SEND,1867,18.072,,200.000,1894400,
12.156758,ACK,1851,18.128,,,1895424,"cum ack, base->1851"
12.156879,ACK,1852,18.183,,,1896448,"cum ack, base->1852"
12.156921,ACK,1853,18.238,,,1897472,"cum ack, base->1853"
12.156955,ACK,1854,18.293,,,1898496,"cum ack, base->1854"
12.156989,ACK,1855,18.347,,,1899520,"cum ack, base->1855"
12.157021,ACK,1856,18.402,,,1900544,"cum ack, base->1856"
12.157052,ACK,1857,18.456,,,1901568,"cum ack, base->1857"
12.158008,SEND,1868,18.456,,200.000,1901568,
12.158219,SEND,1869,18.456,,200.000,1901568,
12.158430,SEND,1870,18.456,,200.000,1901568,
12.158726,SEND,1871,18.456,,200.000,1901568,
12.159083,SEND,1872,18.456,,200.000,1901568,
12.159775,SEND,1873,18.456,,200.000,1901568,
12.160363,SEND,1874,18.456,,200.000,1901568,
12.174749,ACK,1859,18.564,,,1903616,"cum ack, base->1859"
12.174997,SEND,1875,18.564,,200.000,1903616,
12.175179,SEND,1876,18.564,,200.000,1903616,
12.175255,ACK,1860,18.618,,,1904640,"cum ack, base->1860"
12.176438,ACK,1861,18.672,,,1905664,"cum ack, base->1861"
12.178140,SEND,1877,18.672,,200.000,1905664,
12.178340,SEND,1878,18.672,,200.000,1905664,
12.190897,STATS,-1,18.672,,200.000,1905664,base=1861 next=1879
12.196624,ACK,1862,18.726,,,1906688,"cum ack, base->1862"
12.196872,ACK,1863,18.779,,,1907712,"cum ack, base->1863"
12.199419,SEND,1879,18.779,,200.000,1907712,
12.199689,SEND,1880,18.779,,200.000,1907712,
12.201097,ACK,1864,18.832,,,1908736,"cum ack, base->1864"
12.201293,NAK,1864,18.832,,,1908736,
12.201363,FASTRETX,1864,16.740,,200.000,1908736,nak
12.201450,DUPACK,1864,16.740,,,1908736,
12.201505,NAK,1864,16.740,,,1908736,
12.201545,DUPACK,1864,16.740,,,1908736,
12.201575,NAK,1864,16.740,,,1908736,
12.201603,DUPACK,1864,16.740,,,1908736,
12.201629,DUPACK,1864,16.740,,,1908736,
12.201654,NAK,1864,16.740,,,1908736,
12.201681,DUPACK,1864,16.740,,,1908736,
12.202076,RETX,1864,16.740,,200.000,1908736,
12.202255,RETX,1865,16.740,,200.000,1908736,
12.202485,RETX,1866,16.740,,200.000,1908736,
12.202675,RETX,1867,16.740,,200.000,1908736,
12.202911,RETX,1868,16.740,,200.000,1908736,
12.203300,RETX,1869,16.740,,200.000,1908736,
12.203507,RETX,1870,16.740,,200.000,1908736,
12.203867,RETX,1871,16.740,,200.000,1908736,
12.204072,RETX,1872,16.740,,200.000,1908736,
12.204299,RETX,1873,16.740,,200.000,1908736,
12.204553,RETX,1874,16.740,,200.000,1908736,
12.204730,RETX,1875,16.740,,200.000,1908736,
12.205036,RETX,1876,16.740,,200.000,1908736,
12.205209,RETX,1877,16.740,,200.000,1908736,
12.205379,RETX,1878,16.740,,200.000,1908736,
12.205651,RETX,1879,16.740,,200.000,1908736,
12.206260,NAK,1864,16.740,,,1908736,
12.206307,DUPACK,1864,16.740,,,1908736,
12.207234,NAK,1864,16.740,,,1908736,
12.207342,DUPACK,1864,16.740,,,1908736,
12.207371,NAK,1864,16.740,,,1908736,
12.207399,DUPACK,1864,16.740,,,1908736,
12.213947,NAK,1864,16.740,,,1908736,
12.220650,DUPACK,1864,16.740,,,1908736,
12.220703,NAK,1864,16.740,,,1908736,
12.220735,DUPACK,1864,16.740,,,1908736,
12.232057,NAK,1864,16.740,,,1908736,
12.232302,DUPACK,1864,16.740,,,1908736,
12.232584,NAK,1864,16.740,,,1908736,
12.232890,DUPACK,1864,16.740,,,1908736,
12.242976,NAK,1864,16.740,,,1908736,
12.243047,DUPACK,1864,16.740,,,1908736,
12.243108,ACK,1865,16.799,,,1909760,"cum ack, base->1865"
12.243199,ACK,1866,16.859,,,1910784,"cum ack, base->1866"
12.243478,RETX,1880,16.859,,200.000,1910784,
12.243749,SEND,1881,16.859,,200.000,1910784,
12.246830,ACK,1867,16.918,,,1911808,"cum ack, base->1867"
12.246913,ACK,1868,16.977,,,1912832,"cum ack, base->1868"
12.246967,ACK,1869,17.036,,,1913856,"cum ack, base->1869"
12.247015,ACK,1870,17.095,,,1914880,"cum ack, base->1870"
12.248768,ACK,1871,17.153,,,1915904,"cum ack, base->1871"
12.248836,ACK,1872,17.212,,,1916928,"cum ack, base->1872"
12.249232,SEND,1882,17.212,,200.000,1916928,
12.249511,SEND,1883,17.212,,200.000,1916928,
12.249774,SEND,1884,17.212,,200.000,1916928,
12.250050,SEND,1885,17.212,,200.000,1916928,
12.250307,SEND,1886,17.212,,200.000,1916928,
12.250564,SEND,1887,17.212,,200.000,1916928,
12.250821,SEND,1888,17.212,,200.000,1916928,
12.251524,ACK,1873,17.270,,,1917952,"cum ack, base->1873"
12.251595,ACK,1874,17.328,,,1918976,"cum ack, base->1874"
12.251648,ACK,1875,17.385,,,1920000,"cum ack, base->1875"
12.251740,ACK,1876,17.443,,,1921024,"cum ack, base->1876"
12.251791,ACK,1877,17.500,,,1922048,"cum ack, base->1877"
12.251839,ACK,1878,17.557,,,1923072,"cum ack, base->1878"
12.251886,ACK,1879,17.614,,,1924096,"cum ack, base->1879"
12.251933,ACK,1880,17.671,,,1925120,"cum ack, base->1880"
12.253667,SEND,1889,17.671,,200.000,1925120,
12.253945,SEND,1890,17.671,,200.000,1925120,
12.254207,SEND,1891,17.671,,200.000,1925120,
12.254468,SEND,1892,17.671,,200.000,1925120,
12.254726,SEND,1893,17.671,,200.000,1925120,
12.255025,SEND,1894,17.671,,200.000,1925120,
12.255292,SEND,1895,17.671,,200.000,1925120,
12.255501,SEND,1896,17.671,,200.000,1925120,
12.283774,ACK,1881,17.728,,,1926144,"cum ack, base->1881"
12.283835,ACK,1882,17.784,,,1927168,"cum ack, base->1882"
12.284923,SEND,1897,17.784,,200.000,1927168,
12.285138,SEND,1898,17.784,,200.000,1927168,
12.292427,STATS,-1,17.784,,200.000,1927168,base=1882 next=1899
12.299179,ACK,1883,17.840,,,1928192,"cum ack, base->1883"
12.299268,ACK,1884,17.896,,,1929216,"cum ack, base->1884"
12.299833,SEND,1899,17.896,,200.000,1929216,
12.300132,SEND,1900,17.896,,200.000,1929216,
12.300909,ACK,1885,17.952,,,1930240,"cum ack, base->1885"
12.300969,ACK,1886,18.008,,,1931264,"cum ack, base->1886"
12.301033,ACK,1887,18.064,,,1932288,"cum ack, base->1887"
12.301091,ACK,1888,18.119,,,1933312,"cum ack, base->1888"
12.301203,ACK,1889,18.174,,,1934336,"cum ack, base->1889"
12.302574,SEND,1901,18.174,,200.000,1934336,
12.302844,SEND,1902,18.174,,200.000,1934336,
12.303151,SEND,1903,18.174,,200.000,1934336,
12.303442,SEND,1904,18.174,,200.000,1934336,
12.303702,SEND,1905,18.174,,200.000,1934336,
12.304059,SEND,1906,18.174,,200.000,1934336,
12.304196,ACK,1890,18.229,,,1935360,"cum ack, base->1890"
12.304293,ACK,1891,18.284,,,1936384,"cum ack, base->1891"
12.304360,ACK,1892,18.339,,,1937408,"cum ack, base->1892"
12.304411,ACK,1893,18.393,,,1938432,"cum ack, base->1893"
12.304461,ACK,1894,18.448,,,1939456,"cum ack, base->1894"
12.304559,ACK,1895,18.502,,,1940480,"cum ack, base->1895"
12.304601,ACK,1897,18.610,,,1942528,"cum ack, base->1897"
12.306818,SEND,1907,18.610,,200.000,1942528,
12.307086,SEND,1908,18.610,,200.000,1942528,
12.307397,SEND,1909,18.610,,200.000,1942528,
12.307650,SEND,1910,18.610,,200.000,1942528,
12.307876,SEND,1911,18.610,,200.000,1942528,
12.308159,SEND,1912,18.610,,200.000,1942528,
12.308368,SEND,1913,18.610,,200.000,1942528,
12.308558,SEND,1914,18.610,,200.000,1942528,
12.327165,ACK,1898,18.664,,,1943552,"cum ack, base->1898"
12.327351,ACK,1899,18.717,,,1944576,"cum ack, base->1899"
12.329657,SEND,1915,18.717,,200.000,1944576,
12.330073,SEND,1916,18.717,,200.000,1944576,
12.350073,NAK,1899,18.717,,,1944576,
12.350115,FASTRETX,1899,16.637,,200.000,1944576,nak
12.350175,DUPACK,1899,16.637,,,1944576,
12.350218,NAK,1899,16.637,,,1944576,
12.352470,RETX,1899,16.637,,200.000,1944576,
12.352655,RETX,1900,16.637,,200.000,1944576,
12.352867,RETX,1901,16.637,,200.000,1944576,
12.353117,RETX,1902,16.637,,200.000,1944576,
12.353414,RETX,1903,16.637,,200.000,1944576,
12.353633,RETX,1904,16.637,,200.000,1944576,
12.353817,RETX,1905,16.637,,200.000,1944576,
12.354012,RETX,1906,16.637,,200.000,1944576,
12.354229,RETX,1907,16.637,,200.000,1944576,
12.354400,RETX,1908,16.637,,200.000,1944576,
12.354622,RETX,1909,16.637,,200.000,1944576,
12.354804,RETX,1910,16.637,,200.000,1944576,
12.355015,RETX,1911,16.637,,200.000,1944576,
12.355196,RETX,1912,16.637,,200.000,1944576,
12.355417,RETX,1913,16.637,,200.000,1944576,
12.355601,RETX,1914,16.637,,200.000,1944576,
12.355797,DUPACK,1899,16.637,,,1944576,
12.355955,NAK,1899,16.637,,,1944576,
12.355990,DUPACK,1899,16.637,,,1944576,
12.356017,NAK,1899,16.637,,,1944576,
12.356329,DUPACK,1899,16.637,,,1944576,
12.356666,NAK,1899,16.637,,,1944576,
12.356703,DUPACK,1899,16.637,,,1944576,
12.356730,NAK,1899,16.637,,,1944576,
12.356756,DUPACK,1899,16.637,,,1944576,
12.356822,NAK,1899,16.637,,,1944576,
12.356927,DUPACK,1899,16.637,,,1944576,
12.356958,NAK,1899,16.637,,,1944576,
12.356985,DUPACK,1899,16.637,,,1944576,
12.357010,NAK,1899,16.637,,,1944576,
12.357037,DUPACK,1899,16.637,,,1944576,
12.357061,NAK,1899,16.637,,,1944576,
12.357568,DUPACK,1899,16.637,,,1944576,
12.358020,NAK,1899,16.637,,,1944576,
12.358131,DUPACK,1899,16.637,,,1944576,
12.358286,NAK,1899,16.637,,,1944576,
12.358351,DUPACK,1899,16.637,,,1944576,
12.358383,NAK,1899,16.637,,,1944576,
12.358415,DUPACK,1899,16.637,,,1944576,
12.358477,NAK,1899,16.637,,,1944576,
12.358512,DUPACK,1899,16.637,,,1944576,
12.359256,NAK,1899,16.637,,,1944576,
12.359392,DUPACK,1899,16.637,,,1944576,
12.378621,NAK,1899,16.637,,,1944576,
12.378692,DUPACK,1899,16.637,,,1944576,
12.378726,NAK,1899,16.637,,,1944576,
12.378757,DUPACK,1899,16.637,,,1944576,
12.392648,ACK,1900,16.698,,,1945600,"cum ack, base->1900"
12.394194,RETX,1915,16.698,,200.000,1945600,
12.394223,STATS,-1,16.698,,200.000,1945600,base=1900 next=1916
12.397416,ACK,1901,16.757,,,1946624,"cum ack, base->1901"
12.399269,RETX,1916,16.757,,200.000,1946624,
12.402779,ACK,1902,16.817,,,1947648,"cum ack, base->1902"
12.402871,ACK,1903,16.877,,,1948672,"cum ack, base->1903"
12.402929,NAK,1903,16.877,,,1948672,
12.402945,FASTRETX,1903,16.877,,200.000,1948672,nak
12.402990,DUPACK,1903,16.877,,,1948672,
12.403598,DUPACK,1903,16.877,,,1948672,
12.403671,NAK,1903,16.877,,,1948672,
12.403806,DUPACK,1903,16.877,,,1948672,
12.403867,NAK,1903,16.877,,,1948672,
12.403914,DUPACK,1903,16.877,,,1948672,
12.403954,NAK,1903,16.877,,,1948672,
12.403995,DUPACK,1903,16.877,,,1948672,
12.404034,NAK,1903,16.877,,,1948672,
12.404360,RETX,1903,16.877,,200.000,1948672,
12.404631,RETX,1904,16.877,,200.000,1948672,
12.404968,RETX,1905,16.877,,200.000,1948672,
12.405454,RETX,1906,16.877,,200.000,1948672,
12.405844,RETX,1907,16.877,,200.000,1948672,
12.406292,RETX,1908,16.877,,200.000,1948672,
12.406684,RETX,1909,16.877,,200.000,1948672,
12.407014,RETX,1910,16.877,,200.000,1948672,
12.407264,RETX,1911,16.877,,200.000,1948672,
12.407545,RETX,1912,16.877,,200.000,1948672,
12.407802,RETX,1913,16.877,,200.000,1948672,
12.408065,RETX,1914,16.877,,200.000,1948672,
12.408277,RETX,1915,16.877,,200.000,1948672,
12.408675,RETX,1916,16.877,,200.000,1948672,
12.408892,SEND,1917,16.877,,200.000,1948672,
12.409338,SEND,1918,16.877,,200.000,1948672,
12.409616,DUPACK,1903,16.877,,,1948672,
12.409798,NAK,1903,16.877,,,1948672,
12.409834,DUPACK,1903,16.877,,,1948672,
12.409863,NAK,1903,16.877,,,1948672,
12.409913,DUPACK,1903,16.877,,,1948672,
12.409953,NAK,1903,16.877,,,1948672,
12.409985,DUPACK,1903,16.877,,,1948672,
12.410016,NAK,1903,16.877,,,1948672,
12.410043,DUPACK,1903,16.877,,,1948672,
12.410069,NAK,1903,16.877,,,1948672,
12.410095,DUPACK,1903,16.877,,,1948672,
12.436690,NAK,1903,16.877,,,1948672,
12.442399,DUPACK,1903,16.877,,,1948672,
12.442514,NAK,1903,16.877,,,1948672,
12.444927,DUPACK,1903,16.877,,,1948672,
12.448903,ACK,1904,16.936,,,1949696,"cum ack, base->1904"
12.448984,ACK,1905,16.995,,,1950720,"cum ack, base->1905"
12.449064,ACK,1908,17.171,,,1953792,"cum ack, base->1908"
12.450886,SEND,1919,17.171,,200.000,1953792,
12.451120,SEND,1920,17.171,,200.000,1953792,
12.451324,SEND,1921,17.171,,200.000,1953792,
12.451529,SEND,1922,17.171,,200.000,1953792,
12.451743,SEND,1923,17.171,,200.000,1953792,
12.451915,SEND,1924,17.171,,200.000,1953792,
12.452707,ACK,1909,17.229,,,1954816,"cum ack, base->1909"
12.454694,SEND,1925,17.229,,200.000,1954816,
12.456859,ACK,1910,17.287,,,1955840,"cum ack, base->1910"
12.457180,ACK,1911,17.345,,,1956864,"cum ack, base->1911"
12.457241,ACK,1912,17.403,,,1957888,"cum ack, base->1912"
12.457651,ACK,1913,17.460,,,1958912,"cum ack, base->1913"
12.457969,SEND,1926,17.460,,200.000,1958912,
12.458433,SEND,1927,17.460,,200.000,1958912,
12.458613,SEND,1928,17.460,,200.000,1958912,
12.458814,SEND,1929,17.460,,200.000,1958912,
12.459781,ACK,1914,17.517,,,1959936,"cum ack, base->1914"
12.459843,ACK,1915,17.574,,,1960960,"cum ack, base->1915"
12.460151,ACK,1916,17.631,,,1961984,"cum ack, base->1916"
12.460188,ACK,1917,17.688,,,1963008,"cum ack, base->1917"
12.460610,ACK,1918,17.745,,,1964032,"cum ack, base->1918"
12.460708,ACK,1919,17.801,,,1965056,"cum ack, base->1919"
12.461660,SEND,1930,17.801,,200.000,1965056,
12.461845,SEND,1931,17.801,,200.000,1965056,
12.462117,SEND,1932,17.801,,200.000,1965056,
12.462294,SEND,1933,17.801,,200.000,1965056,
12.462514,SEND,1934,17.801,,200.000,1965056,
12.462687,SEND,1935,17.801,,200.000,1965056,
12.491134,ACK,1920,17.857,,,1966080,"cum ack, base->1920"
12.491703,ACK,1921,17.913,,,1967104,"cum ack, base->1921"
12.493596,SEND,1936,17.913,,200.000,1967104,
12.493796,SEND,1937,17.913,,200.000,1967104,
12.496188,STATS,-1,17.913,,200.000,1967104,base=1921 next=1938
12.496361,ACK,1922,17.969,,,1968128,"cum ack, base->1922"
12.496418,ACK,1923,18.025,,,1969152,"cum ack, base->1923"
12.499018,SEND,1938,18.025,,200.000,1969152,
12.499201,SEND,1939,18.025,,200.000,1969152,
12.499369,SEND,1940,18.025,,200.000,1969152,
12.502661,ACK,1924,18.080,,,1970176,"cum ack, base->1924"
12.503577,ACK,1925,18.135,,,1971200,"cum ack, base->1925"
12.503636,ACK,1926,18.190,,,1972224,"cum ack, base->1926"
12.504953,SEND,1941,18.190,,200.000,1972224,
12.505180,SEND,1942,18.190,,200.000,1972224,
12.505389,SEND,1943,18.190,,200.000,1972224,
12.507186,ACK,1927,18.245,,,1973248,"cum ack, base->1927"
12.508313,SEND,1944,18.245,,200.000,1973248,
12.510249,ACK,1928,18.300,,,1974272,"cum ack, base->1928"
12.510362,ACK,1929,18.355,,,1975296,"cum ack, base->1929"
12.511459,SEND,1945,18.355,,200.000,1975296,
12.511675,SEND,1946,18.355,,200.000,1975296,
12.511773,ACK,1930,18.409,,,1976320,"cum ack, base->1930"
12.511823,ACK,1931,18.464,,,1977344,"cum ack, base->1931"
12.511861,ACK,1932,18.518,,,1978368,"cum ack, base->1932"
12.511900,ACK,1933,18.572,,,1979392,"cum ack, base->1933"
12.512338,ACK,1934,18.626,,,1980416,"cum ack, base->1934"
12.512574,ACK,1936,18.733,,,1982464,"cum ack, base->1936"
12.514051,SEND,1947,18.733,,200.000,1982464,
12.514231,SEND,1948,18.733,,200.000,1982464,
12.514401,SEND,1949,18.733,,200.000,1982464,
12.514570,SEND,1950,18.733,,200.000,1982464,
12.514737,SEND,1951,18.733,,200.000,1982464,
12.514905,SEND,1952,18.733,,200.000,1982464,
12.515074,SEND,1953,18.733,,200.000,1982464,
12.537975,ACK,1937,18.786,,,1983488,"cum ack, base->1937"
12.538125,ACK,1938,18.840,,,1984512,"cum ack, base->1938"
12.540497,SEND,1954,18.840,,200.000,1984512,
12.541041,SEND,1955,18.840,,200.000,1984512,
12.548176,NAK,1939,18.840,,,1984512,
12.548218,FASTRETX,1938,16.746,,200.000,1984512,nak
12.549715,ACK,1939,16.806,,,1985536,"cum ack, base->1939"
12.550403,RETX,1938,16.806,,200.000,1985536,
12.550582,RETX,1939,16.806,,200.000,1985536,
12.550750,RETX,1940,16.806,,200.000,1985536,
12.550918,RETX,1941,16.806,,200.000,1985536,
12.551085,RETX,1942,16.806,,200.000,1985536,
12.551253,RETX,1943,16.806,,200.000,1985536,
12.551428,RETX,1944,16.806,,200.000,1985536,
12.551598,RETX,1945,16.806,,200.000,1985536,
12.551771,RETX,1946,16.806,,200.000,1985536,
12.551938,RETX,1947,16.806,,200.000,1985536,
12.552105,RETX,1948,16.806,,200.000,1985536,
12.552272,RETX,1949,16.806,,200.000,1985536,
12.552499,RETX,1950,16.806,,200.000,1985536,
12.552696,RETX,1951,16.806,,200.000,1985536,
12.552870,RETX,1952,16.806,,200.000,1985536,
12.553074,RETX,1953,16.806,,200.000,1985536,
12.553243,RETX,1954,16.806,,200.000,1985536,
12.554111,NAK,1939,16.806,,,1985536,
12.554544,FASTRETX,1939,16.806,,200.000,1985536,nak
12.554638,DUPACK,1939,16.806,,,1985536,
12.554672,NAK,1939,16.806,,,1985536,
12.554704,DUPACK,1939,16.806,,,1985536,
12.554731,NAK,1939,16.806,,,1985536,
12.554757,NAK,1939,16.806,,,1985536,
12.554783,DUPACK,1939,16.806,,,1985536,
12.554807,NAK,1939,16.806,,,1985536,
12.554847,DUPACK,1939,16.806,,,1985536,
12.554890,NAK,1939,16.806,,,1985536,
12.554925,DUPACK,1939,16.806,,,1985536,
12.554953,NAK,1939,16.806,,,1985536,
12.556035,RETX,1939,16.806,,200.000,1985536,
12.556235,RETX,1940,16.806,,200.000,1985536,
12.556415,RETX,1941,16.806,,200.000,1985536,
12.556591,RETX,1942,16.806,,200.000,1985536,
12.556768,RETX,1943,16.806,,200.000,1985536,
12.556945,RETX,1944,16.806,,200.000,1985536,
12.557123,RETX,1945,16.806,,200.000,1985536,
12.557299,RETX,1946,16.806,,200.000,1985536,
12.557474,RETX,1947,16.806,,200.000,1985536,
12.557698,RETX,1948,16.806,,200.000,1985536,
12.557922,RETX,1949,16.806,,200.000,1985536,
12.558144,RETX,1950,16.806,,200.000,1985536,
12.558368,RETX,1951,16.806,,200.000,1985536,
12.558592,RETX,1952,16.806,,200.000,1985536,
12.558818,RETX,1953,16.806,,200.000,1985536,
12.559041,RETX,1954,16.806,,200.000,1985536,
12.566060,DUPACK,1939,16.806,,,1985536,
12.566120,NAK,1939,16.806,,,1985536,
12.566163,DUPACK,1939,16.806,,,1985536,
12.566193,NAK,1939,16.806,,,1985536,
12.566223,DUPACK,1939,16.806,,,1985536,
12.566253,NAK,1939,16.806,,,1985536,
12.566280,DUPACK,1939,16.806,,,1985536,
12.566306,NAK,1939,16.806,,,1985536,
12.566336,DUPACK,1939,16.806,,,1985536,
12.566360,NAK,1939,16.806,,,1985536,
12.566385,DUPACK,1939,16.806,,,1985536,
12.566408,NAK,1939,16.806,,,1985536,
12.566433,DUPACK,1939,16.806,,,1985536,
12.585366,NAK,1939,16.806,,,1985536,
12.585415,DUPACK,1939,16.806,,,1985536,
12.586069,ACK,1941,16.925,,,1987584,"cum ack, base->1941"
12.586910,RETX,1955,16.925,,200.000,1987584,
12.587098,SEND,1956,16.925,,200.000,1987584,
12.594811,ACK,1942,16.984,,,1988608,"cum ack, base->1942"
12.595064,SEND,1957,16.984,,200.000,1988608,
12.597610,STATS,-1,16.984,,200.000,1988608,base=1942 next=1958
12.601572,ACK,1943,17.043,,,1989632,"cum ack, base->1943"
12.601627,ACK,1944,17.101,,,1990656,"cum ack, base->1944"
12.601658,ACK,1945,17.160,,,1991680,"cum ack, base->1945"
12.601686,ACK,1946,17.218,,,1992704,"cum ack, base->1946"
12.602925,SEND,1958,17.218,,200.000,1992704,
12.603134,SEND,1959,17.218,,200.000,1992704,
12.603314,SEND,1960,17.218,,200.000,1992704,
12.603493,SEND,1961,17.218,,200.000,1992704,
12.603672,SEND,1962,17.218,,200.000,1992704,
12.603776,ACK,1947,17.276,,,1993728,"cum ack, base->1947"
12.603820,ACK,1948,17.334,,,1994752,"cum ack, base->1948"
12.603852,ACK,1949,17.392,,,1995776,"cum ack, base->1949"
12.603880,ACK,1950,17.449,,,1996800,"cum ack, base->1950"
12.603908,ACK,1951,17.507,,,1997824,"cum ack, base->1951"
12.603935,ACK,1952,17.564,,,1998848,"cum ack, base->1952"
12.603961,ACK,1953,17.621,,,1999872,"cum ack, base->1953"
12.603987,ACK,1954,17.677,,,2000896,"cum ack, base->1954"
12.604012,ACK,1955,17.734,,,2001920,"cum ack, base->1955"
12.604035,DUPACK,1955,17.734,,,2001920,
12.604058,DUPACK,1955,17.734,,,2001920,
12.604119,DUPACK,1955,17.734,,,2001920,
12.604162,DUPACK,1955,17.734,,,2001920,
12.605676,DUPACK,1955,17.734,,,2001920,
12.605703,DUPACK,1955,17.734,,,2001920,
12.605725,DUPACK,1955,17.734,,,2001920,
12.606809,SEND,1963,17.734,,200.000,2001920,
12.606999,SEND,1964,17.734,,200.000,2001920,
12.607177,SEND,1965,17.734,,200.000,2001920,
12.607375,SEND,1966,17.734,,200.000,2001920,
12.607554,SEND,1967,17.734,,200.000,2001920,
12.607733,SEND,1968,17.734,,200.000,2001920,
12.607910,SEND,1969,17.734,,200.000,2001920,
12.608212,SEND,1970,17.734,,200.000,2001920,
12.608396,SEND,1971,17.734,,200.000,2001920,
12.608440,DUPACK,1955,17.734,,,2001920,
12.608474,DUPACK,1955,17.734,,,2001920,
12.608495,DUPACK,1955,17.734,,,2001920,
12.608579,DUPACK,1955,17.734,,,2001920,
12.608628,DUPACK,1955,17.734,,,2001920,
12.608653,DUPACK,1955,17.734,,,2001920,
12.609541,DUPACK,1955,17.734,,,2001920,
12.609575,DUPACK,1955,17.734,,,2001920,
12.621691,ACK,1956,17.790,,,2002944,"cum ack, base->1956"
12.623923,SEND,1972,17.790,,200.000,2002944,
12.628840,ACK,1957,17.847,,,2003968,"cum ack, base->1957"
12.629685,SEND,1973,17.847,,200.000,2003968,
12.640085,ACK,1958,17.903,,,2004992,"cum ack, base->1958"
12.642429,SEND,1974,17.903,,200.000,2004992,
12.653706,ACK,1959,17.958,,,2006016,"cum ack, base->1959"
12.653777,ACK,1960,18.014,,,2007040,"cum ack, base->1960"
12.655203,SEND,1975,18.014,,200.000,2007040,
12.655613,SEND,1976,18.014,,200.000,2007040,
12.657676,SEND,1977,18.014,,200.000,2007040,
12.657793,ACK,1961,18.070,,,2008064,"cum ack, base->1961"
12.657870,ACK,1962,18.125,,,2009088,"cum ack, base->1962"
12.657895,ACK,1963,18.180,,,2010112,"cum ack, base->1963"
12.657934,ACK,1964,18.235,,,2011136,"cum ack, base->1964"
12.657955,ACK,1965,18.290,,,2012160,"cum ack, base->1965"
12.657973,ACK,1966,18.345,,,2013184,"cum ack, base->1966"
12.657991,ACK,1967,18.399,,,2014208,"cum ack, base->1967"
12.658007,ACK,1968,18.454,,,2015232,"cum ack, base->1968"
12.658025,ACK,1969,18.508,,,2016256,"cum ack, base->1969"
12.658042,ACK,1970,18.562,,,2017280,"cum ack, base->1970"
12.658059,ACK,1971,18.616,,,2018304,"cum ack, base->1971"
12.658076,ACK,1972,18.669,,,2019328,"cum ack, base->1972"
12.660358,SEND,1978,18.669,,200.000,2019328,
12.660472,SEND,1979,18.669,,200.000,2019328,
12.660580,SEND,1980,18.669,,200.000,2019328,
12.660688,SEND,1981,18.669,,200.000,2019328,
12.660795,SEND,1982,18.669,,200.000,2019328,
12.660903,SEND,1983,18.669,,200.000,2019328,
12.661011,SEND,1984,18.669,,200.000,2019328,
12.661119,SEND,1985,18.669,,200.000,2019328,
12.661228,SEND,1986,18.669,,200.000,2019328,
12.661336,SEND,1987,18.669,,200.000,2019328,
12.661443,SEND,1988,18.669,,200.000,2019328,
12.661552,SEND,1989,18.669,,200.000,2019328,
12.665247,ACK,1973,18.723,,,2020352,"cum ack, base->1973"
12.666911,SEND,1990,18.723,,200.000,2020352,
12.678261,ACK,1974,18.776,,,2021376,"cum ack, base->1974"
12.680052,SEND,1991,18.776,,200.000,2021376,
12.699839,STATS,-1,18.776,,200.000,2021376,base=1974 next=1992
12.704480,NAK,1974,18.776,,,2021376,
12.704516,FASTRETX,1974,16.690,,200.000,2021376,nak
12.704564,DUPACK,1974,16.690,,,2021376,
12.704814,NAK,1974,16.690,,,2021376,
12.704857,DUPACK,1974,16.690,,,2021376,
12.705202,RETX,1974,16.690,,200.000,2021376,
12.705377,RETX,1975,16.690,,200.000,2021376,
12.705545,RETX,1976,16.690,,200.000,2021376,
12.705714,RETX,1977,16.690,,200.000,2021376,
12.706128,RETX,1978,16.690,,200.000,2021376,
12.706343,RETX,1979,16.690,,200.000,2021376,
12.706513,RETX,1980,16.690,,200.000,2021376,
12.706702,RETX,1981,16.690,,200.000,2021376,
12.706910,RETX,1982,16.690,,200.000,2021376,
12.707078,RETX,1983,16.690,,200.000,2021376,
12.707379,RETX,1984,16.690,,200.000,2021376,
12.707560,RETX,1985,16.690,,200.000,2021376,
12.707805,RETX,1986,16.690,,200.000,2021376,
12.708011,RETX,1987,16.690,,200.000,2021376,
12.708222,RETX,1988,16.690,,200.000,2021376,
12.708396,RETX,1989,16.690,,200.000,2021376,
12.708513,NAK,1974,16.690,,,2021376,
12.708574,DUPACK,1974,16.690,,,2021376,
12.708603,NAK,1974,16.690,,,2021376,
12.708631,DUPACK,1974,16.690,,,2021376,
12.714126,NAK,1974,16.690,,,2021376,
12.714198,DUPACK,1974,16.690,,,2021376,
12.714234,NAK,1974,16.690,,,2021376,
12.714285,DUPACK,1974,16.690,,,2021376,
12.714311,NAK,1974,16.690,,,2021376,
12.714338,DUPACK,1974,16.690,,,2021376,
12.714363,NAK,1974,16.690,,,2021376,
12.714392,DUPACK,1974,16.690,,,2021376,
12.714417,NAK,1974,16.690,,,2021376,
12.714442,DUPACK,1974,16.690,,,2021376,
12.714467,NAK,1974,16.690,,,2021376,
12.714496,DUPACK,1974,16.690,,,2021376,
12.714521,NAK,1974,16.690,,,2021376,
12.714546,DUPACK,1974,16.690,,,2021376,
12.714570,NAK,1974,16.690,,,2021376,
12.714598,DUPACK,1974,16.690,,,2021376,
12.714622,NAK,1974,16.690,,,2021376,
12.714648,DUPACK,1974,16.690,,,2021376,
12.714674,NAK,1974,16.690,,,2021376,
12.714700,DUPACK,1974,16.690,,,2021376,
12.714724,NAK,1974,16.690,,,2021376,
12.716625,DUPACK,1974,16.690,,,2021376,
12.727246,NAK,1974,16.690,,,2021376,
12.727582,DUPACK,1974,16.690,,,2021376,
12.746293,ACK,1975,16.750,,,2022400,"cum ack, base->1975"
12.746397,ACK,1976,16.810,,,2023424,"cum ack, base->1976"
12.747395,RETX,1990,16.810,,200.000,2023424,
12.747641,RETX,1991,16.810,,200.000,2023424,
12.747768,ACK,1977,16.869,,,2024448,"cum ack, base->1977"
12.747889,ACK,1978,16.928,,,2025472,"cum ack, base->1978"
12.747932,ACK,1979,16.988,,,2026496,"cum ack, base->1979"
12.750425,SEND,1992,16.988,,200.000,2026496,
12.750611,SEND,1993,16.988,,200.000,2026496,
12.750781,SEND,1994,16.988,,200.000,2026496,
12.755396,ACK,1980,17.046,,,2027520,"cum ack, base->1980"
12.755465,ACK,1981,17.105,,,2028544,"cum ack, base->1981"
12.755501,ACK,1982,17.164,,,2029568,"cum ack, base->1982"
12.756640,SEND,1995,17.164,,200.000,2029568,
12.756912,SEND,1996,17.164,,200.000,2029568,
12.757566,SEND,1997,17.164,,200.000,2029568,
12.757881,SEND,1998,17.164,,200.000,2029568,
12.758808,ACK,1983,17.222,,,2030592,"cum ack, base->1983"
12.758875,ACK,1984,17.280,,,2031616,"cum ack, base->1984"
12.759971,ACK,1985,17.338,,,2032640,"cum ack, base->1985"
12.760019,ACK,1986,17.395,,,2033664,"cum ack, base->1986"
12.760053,ACK,1987,17.453,,,2034688,"cum ack, base->1987"
12.760084,ACK,1988,17.510,,,2035712,"cum ack, base->1988"
12.760114,ACK,1989,17.567,,,2036736,"cum ack, base->1989"
12.760144,ACK,1990,17.624,,,2037760,"cum ack, base->1990"
12.761588,SEND,1999,17.624,,200.000,2037760,
12.761863,SEND,2000,17.624,,200.000,2037760,
12.762065,SEND,2001,17.624,,200.000,2037760,
12.762289,SEND,2002,17.624,,200.000,2037760,
12.762461,SEND,2003,17.624,,200.000,2037760,
12.762674,SEND,2004,17.624,,200.000,2037760,
12.762853,SEND,2005,17.624,,200.000,2037760,
12.763023,SEND,2006,17.624,,200.000,2037760,
12.792018,ACK,1991,17.681,,,2038784,"cum ack, base->1991"
12.792083,ACK,1992,17.738,,,2039808,"cum ack, base->1992"
12.794033,SEND,2007,17.738,,200.000,2039808,
12.794439,SEND,2008,17.738,,200.000,2039808,
12.798157,ACK,1993,17.794,,,2040832,"cum ack, base->1993"
12.798373,ACK,1994,17.850,,,2041856,"cum ack, base->1994"
12.799401,SEND,2009,17.850,,200.000,2041856,
12.799586,SEND,2010,17.850,,200.000,2041856,
12.801205,ACK,1995,17.906,,,2042880,"cum ack, base->1995"
12.801602,ACK,1996,17.962,,,2043904,"cum ack, base->1996"
12.802318,SEND,2011,17.962,,200.000,2043904,
12.802527,SEND,2012,17.962,,200.000,2043904,
12.802541,STATS,-1,17.962,,200.000,2043904,base=1996 next=2013
12.805423,ACK,1997,18.018,,,2044928,"cum ack, base->1997"
12.805480,NAK,1997,18.018,,,2044928,
12.805494,FASTRETX,1997,16.016,,200.000,2044928,nak
12.805524,DUPACK,1997,16.016,,,2044928,
12.805552,NAK,1997,16.016,,,2044928,
12.808167,RETX,1997,16.016,,200.000,2044928,
12.808373,RETX,1998,16.016,,200.000,2044928,
12.808542,RETX,1999,16.016,,200.000,2044928,
12.808710,RETX,2000,16.016,,200.000,2044928,
12.808953,RETX,2001,16.016,,200.000,2044928,
12.809279,RETX,2002,16.016,,200.000,2044928,
12.809562,RETX,2003,16.016,,200.000,2044928,
12.809752,RETX,2004,16.016,,200.000,2044928,
12.809993,RETX,2005,16.016,,200.000,2044928,
12.810173,RETX,2006,16.016,,200.000,2044928,
12.810677,RETX,2007,16.016,,200.000,2044928,
12.810861,RETX,2008,16.016,,200.000,2044928,
12.811031,RETX,2009,16.016,,200.000,2044928,
12.811199,RETX,2010,16.016,,200.000,2044928,
12.811364,RETX,2011,16.016,,200.000,2044928,
12.811530,RETX,2012,16.016,,200.000,2044928,
12.811670,DUPACK,1997,16.016,,,2044928,
12.811728,NAK,1997,16.016,,,2044928,
12.811760,DUPACK,1997,16.016,,,2044928,
12.811787,NAK,1997,16.016,,,2044928,
12.815236,DUPACK,1997,16.016,,,2044928,
12.815349,NAK,1997,16.016,,,2044928,
12.815425,DUPACK,1997,16.016,,,2044928,
12.815459,NAK,1997,16.016,,,2044928,
12.815489,DUPACK,1997,16.016,,,2044928,
12.815517,DUPACK,1997,16.016,,,2044928,
12.815544,NAK,1997,16.016,,,2044928,
12.815827,DUPACK,1997,16.016,,,2044928,
12.835995,NAK,1997,16.016,,,2044928,
12.836194,DUPACK,1997,16.016,,,2044928,
12.836413,NAK,1997,16.016,,,2044928,
12.843029,NAK,1997,16.016,,,2044928,
12.847730,DUPACK,1997,16.016,,,2044928,
12.847765,NAK,1997,16.016,,,2044928,
12.852522,DUPACK,1997,16.016,,,2044928,
12.852554,NAK,1997,16.016,,,2044928,
12.852582,DUPACK,1997,16.016,,,2044928,
12.852625,ACK,1998,16.078,,,2045952,"cum ack, base->1998"
12.852661,ACK,1999,16.140,,,2046976,"cum ack, base->1999"
12.854886,SEND,2013,16.140,,200.000,2046976,
12.855548,SEND,2014,16.140,,200.000,2046976,
12.863336,ACK,2000,16.202,,,2048000,"cum ack, base->2000"
12.863772,SEND,2015,16.202,,200.000,2048000,
12.863915,ACK,2001,16.264,,,2049024,"cum ack, base->2001"
12.864020,ACK,2002,16.325,,,2050048,"cum ack, base->2002"
12.864077,ACK,2003,16.387,,,2051072,"cum ack, base->2003"
12.864116,ACK,2004,16.448,,,2052096,"cum ack, base->2004"
12.864152,ACK,2005,16.509,,,2053120,"cum ack, base->2005"
12.864184,ACK,2006,16.569,,,2054144,"cum ack, base->2006"
12.864216,ACK,2007,16.629,,,2055168,"cum ack, base->2007"
12.864349,ACK,2008,16.690,,,2056192,"cum ack, base->2008"
12.864382,ACK,2009,16.750,,,2057216,"cum ack, base->2009"
12.864414,ACK,2010,16.809,,,2058240,"cum ack, base->2010"
12.864445,ACK,2011,16.869,,,2059264,"cum ack, base->2011"
12.864475,ACK,2012,16.928,,,2060288,"cum ack, base->2012"
12.864506,ACK,2013,16.987,,,2061312,"cum ack, base->2013"
12.866580,SEND,2016,16.987,,200.000,2061312,
12.866771,SEND,2017,16.987,,200.000,2061312,
12.866941,SEND,2018,16.987,,200.000,2061312,
12.867109,SEND,2019,16.987,,200.000,2061312,
12.867378,SEND,2020,16.987,,200.000,2061312,
12.867566,SEND,2021,16.987,,200.000,2061312,
12.867743,SEND,2022,16.987,,200.000,2061312,
12.867918,SEND,2023,16.987,,200.000,2061312,
12.868113,SEND,2024,16.987,,200.000,2061312,
12.868370,SEND,2025,16.987,,200.000,2061312,
12.868715,SEND,2026,16.987,,200.000,2061312,
12.868901,SEND,2027,16.987,,200.000,2061312,
12.869068,SEND,2028,16.987,,200.000,2061312,
12.904684,STATS,-1,16.987,,200.000,2061312,base=2013 next=2029
12.907783,ACK,2014,17.046,,,2062336,"cum ack, base->2014"
12.907883,ACK,2015,17.105,,,2063360,"cum ack, base->2015"
12.909744,SEND,2029,17.105,,200.000,2063360,
12.910344,SEND,2030,17.105,,200.000,2063360,
12.910699,SEND,2031,17.105,,200.000,2063360,
12.914415,ACK,2016,17.163,,,2064384,"cum ack, base->2016"
12.914480,ACK,2018,17.279,,,2066432,"cum ack, base->2018"
12.914545,ACK,2019,17.337,,,2067456,"cum ack, base->2019"
12.915610,SEND,2032,17.337,,200.000,2067456,
12.915836,SEND,2033,17.337,,200.000,2067456,
12.916012,SEND,2034,17.337,,200.000,2067456,
12.916183,SEND,2035,17.337,,200.000,2067456,
12.916424,ACK,2020,17.395,,,2068480,"cum ack, base->2020"
12.916476,ACK,2021,17.452,,,2069504,"cum ack, base->2021"
12.916515,ACK,2022,17.510,,,2070528,"cum ack, base->2022"
12.918997,SEND,2036,17.510,,200.000,2070528,
12.919237,SEND,2037,17.510,,200.000,2070528,
12.919413,SEND,2038,17.510,,200.000,2070528,
12.919546,ACK,2023,17.567,,,2071552,"cum ack, base->2023"
12.919602,ACK,2024,17.624,,,2072576,"cum ack, base->2024"
12.919640,ACK,2026,17.737,,,2074624,"cum ack, base->2026"
12.919675,ACK,2027,17.793,,,2075648,"cum ack, base->2027"
12.920407,ACK,2028,17.850,,,2076672,"cum ack, base->2028"
12.920468,ACK,2029,17.906,,,2077696,"cum ack, base->2029"
12.922188,SEND,2039,17.906,,200.000,2077696,
12.922373,SEND,2040,17.906,,200.000,2077696,
12.922854,SEND,2041,17.906,,200.000,2077696,
12.923052,SEND,2042,17.906,,200.000,2077696,
12.923222,SEND,2043,17.906,,200.000,2077696,
12.923425,SEND,2044,17.906,,200.000,2077696,
12.923902,SEND,2045,17.906,,200.000,2077696,
12.948939,ACK,2030,17.962,,,2078720,"cum ack, base->2030"
12.949439,SEND,2046,17.962,,200.000,2078720,
12.953406,ACK,2031,18.017,,,2079744,"cum ack, base->2031"
12.954355,SEND,2047,18.017,,200.000,2079744,
12.956785,ACK,2032,18.073,,,2080768,"cum ack, base->2032"
12.956854,ACK,2033,18.128,,,2081792,"cum ack, base->2033"
12.956890,ACK,2034,18.183,,,2082816,"cum ack, base->2034"
12.956934,ACK,2036,18.293,,,2084864,"cum ack, base->2036"
12.964079,ACK,2037,18.348,,,2085888,"cum ack, base->2037"
12.964154,ACK,2038,18.402,,,2086912,"cum ack, base->2038"
12.964187,ACK,2039,18.457,,,2087936,"cum ack, base->2039"
12.964220,ACK,2040,18.511,,,2088960,"cum ack, base->2040"
12.968190,ACK,2041,18.565,,,2089984,"cum ack, base->2041"
12.968289,ACK,2042,18.619,,,2091008,"cum ack, base->2042"
12.968329,ACK,2043,18.672,,,2092032,"cum ack, base->2043"
12.974707,ACK,2044,18.726,,,2093056,"cum ack, base->2044"
12.974819,ACK,2045,18.779,,,2094080,"cum ack, base->2045"
12.974863,ACK,2046,18.833,,,2095104,"cum ack, base->2046"
12.990746,ACK,2047,18.886,,,2096128,"cum ack, base->2047"
13.000958,ACK,2048,18.939,,,2097152,"cum ack, base->2048"
13.002250,FIN,2048,,,,2097152,attempt 1
13.047198,ACK,-1,18.939,,,2097152,FIN acked
