t,event,seq,cwnd,srtt_ms,rto_ms,bytes_acked,info
0.674531,DELIVER,0,,,,1024,
0.676895,DELIVER,1,,,,2048,
0.677006,DELIVER,2,,,,3072,
0.677100,DELIVER,3,,,,4096,
0.722472,DELIVER,4,,,,5120,
0.728956,GAP,6,,,,5120,expected 5
0.729104,GAP,7,,,,5120,expected 5
0.766220,GAP,8,,,,5120,expected 5
0.766379,GAP,9,,,,5120,expected 5
0.779665,DELIVER,5,,,,6144,
0.779813,DELIVER,6,,,,7168,
0.779958,DELIVER,7,,,,8192,
0.780099,DELIVER,8,,,,9216,
0.823942,DELIVER,9,,,,10240,
0.824159,DELIVER,10,,,,11264,
0.827659,DELIVER,11,,,,12288,
0.827867,DELIVER,12,,,,13312,
0.881729,DELIVER,13,,,,14336,
0.881861,DELIVER,14,,,,15360,
0.881973,DELIVER,15,,,,16384,
0.882068,DELIVER,16,,,,17408,
0.882158,DELIVER,17,,,,18432,
0.882246,DELIVER,18,,,,19456,
0.931587,DELIVER,19,,,,20480,
0.931889,DELIVER,20,,,,21504,
0.936453,DELIVER,21,,,,22528,
0.936657,DELIVER,22,,,,23552,
0.936853,DELIVER,23,,,,24576,
0.937047,DELIVER,24,,,,25600,
0.937242,DELIVER,25,,,,26624,
0.995651,DELIVER,26,,,,27648,
0.995830,DELIVER,27,,,,28672,
0.995983,DELIVER,28,,,,29696,
0.996112,DELIVER,29,,,,30720,
0.996233,DELIVER,30,,,,31744,
0.996354,DELIVER,31,,,,32768,
0.996480,DELIVER,32,,,,33792,
1.043990,DELIVER,33,,,,34816,
1.048828,DELIVER,34,,,,35840,
1.054103,DELIVER,35,,,,36864,
1.054406,DELIVER,36,,,,37888,
1.054646,GAP,38,,,,37888,expected 37
1.054918,GAP,39,,,,37888,expected 37
1.055171,GAP,40,,,,37888,expected 37
1.081720,GAP,41,,,,37888,expected 37
1.098495,GAP,42,,,,37888,expected 37
1.098812,GAP,43,,,,37888,expected 37
1.106519,DELIVER,37,,,,38912,
1.108462,DELIVER,38,,,,39936,
1.108784,DELIVER,39,,,,40960,
1.108991,DELIVER,40,,,,41984,
1.109212,DELIVER,41,,,,43008,
1.109442,DELIVER,42,,,,44032,
1.109658,DELIVER,43,,,,45056,
1.109896,DELIVER,44,,,,46080,
1.179568,DELIVER,45,,,,47104,
1.179709,DELIVER,46,,,,48128,
1.179806,DELIVER,47,,,,49152,
1.179900,DELIVER,48,,,,50176,
1.180010,DELIVER,49,,,,51200,
1.180128,DELIVER,50,,,,52224,
1.180233,DELIVER,51,,,,53248,
1.180324,DELIVER,52,,,,54272,
1.180411,DELIVER,53,,,,55296,
1.229357,DELIVER,54,,,,56320,
1.240640,DELIVER,55,,,,57344,
1.240959,DELIVER,56,,,,58368,
1.241216,DELIVER,57,,,,59392,
1.241519,DELIVER,58,,,,60416,
1.242054,DELIVER,59,,,,61440,
1.242466,DELIVER,60,,,,62464,
1.242779,DELIVER,61,,,,63488,
1.243051,DELIVER,62,,,,64512,
1.243320,DELIVER,63,,,,65536,
1.284309,GAP,65,,,,65536,expected 64
1.292308,GAP,66,,,,65536,expected 64
1.292644,GAP,67,,,,65536,expected 64
1.292910,GAP,68,,,,65536,expected 64
1.293167,GAP,69,,,,65536,expected 64
1.293423,GAP,70,,,,65536,expected 64
1.293678,GAP,71,,,,65536,expected 64
1.293930,GAP,72,,,,65536,expected 64
1.294149,GAP,73,,,,65536,expected 64
1.294350,GAP,74,,,,65536,expected 64
1.326549,DELIVER,64,,,,66560,
1.326862,DELIVER,65,,,,67584,
1.327174,DELIVER,66,,,,68608,
1.327482,DELIVER,67,,,,69632,
1.327742,DELIVER,68,,,,70656,
1.328000,DELIVER,69,,,,71680,
1.328272,GAP,71,,,,71680,expected 70
1.328546,GAP,72,,,,71680,expected 70
1.368630,GAP,73,,,,71680,expected 70
1.375541,DELIVER,70,,,,72704,
1.375898,DELIVER,71,,,,73728,
1.379141,DELIVER,72,,,,74752,
1.384007,DELIVER,73,,,,75776,
1.384392,DELIVER,74,,,,76800,
1.384708,DELIVER,75,,,,77824,
1.385083,DELIVER,76,,,,78848,
1.386382,DELIVER,77,,,,79872,
1.387000,DELIVER,78,,,,80896,
1.387549,DELIVER,79,,,,81920,
1.415181,DELIVER,80,,,,82944,
1.430213,GAP,83,,,,82944,expected 81
1.430526,GAP,84,,,,82944,expected 81
1.430761,GAP,85,,,,82944,expected 81
1.430991,GAP,86,,,,82944,expected 81
1.437771,GAP,88,,,,82944,expected 81
1.438163,GAP,89,,,,82944,expected 81
1.441224,GAP,90,,,,82944,expected 81
1.466740,GAP,91,,,,82944,expected 81
1.467710,GAP,82,,,,82944,expected 81
1.467988,GAP,83,,,,82944,expected 81
1.477152,GAP,84,,,,82944,expected 81
1.477486,GAP,85,,,,82944,expected 81
1.477898,GAP,86,,,,82944,expected 81
1.478355,GAP,87,,,,82944,expected 81
1.478728,GAP,88,,,,82944,expected 81
1.478975,GAP,89,,,,82944,expected 81
1.479211,GAP,90,,,,82944,expected 81
1.672568,DELIVER,81,,,,83968,
1.673434,DELIVER,82,,,,84992,
1.678801,DELIVER,83,,,,86016,
1.679086,DELIVER,84,,,,87040,
1.679330,GAP,86,,,,87040,expected 85
1.680843,GAP,87,,,,87040,expected 85
1.682919,GAP,89,,,,87040,expected 85
1.710294,GAP,91,,,,87040,expected 85
1.710694,GAP,92,,,,87040,expected 85
1.724306,DELIVER,85,,,,88064,
1.724810,DELIVER,86,,,,89088,
1.731642,DELIVER,87,,,,90112,
1.731964,DELIVER,88,,,,91136,
1.732201,DELIVER,89,,,,92160,
1.732495,DELIVER,90,,,,93184,
1.732720,DELIVER,91,,,,94208,
1.733118,DELIVER,92,,,,95232,
1.733387,DELIVER,93,,,,96256,
1.733899,DELIVER,94,,,,97280,
1.762321,GAP,96,,,,97280,expected 95
1.787887,GAP,97,,,,97280,expected 95
1.788214,GAP,98,,,,97280,expected 95
1.788480,GAP,99,,,,97280,expected 95
1.788740,GAP,100,,,,97280,expected 95
1.788997,GAP,101,,,,97280,expected 95
1.789255,GAP,102,,,,97280,expected 95
1.789513,GAP,103,,,,97280,expected 95
1.792619,GAP,104,,,,97280,expected 95
1.812678,DUP,94,,,,97280,
1.812995,DELIVER,95,,,,98304,
1.813262,DELIVER,96,,,,99328,
1.813485,DELIVER,97,,,,100352,
1.816175,DELIVER,98,,,,101376,
1.817085,DELIVER,99,,,,102400,
1.817394,DELIVER,100,,,,103424,
1.817656,DELIVER,101,,,,104448,
1.817907,DELIVER,102,,,,105472,
1.818155,DELIVER,103,,,,106496,
1.818402,DELIVER,104,,,,107520,
1.839025,DUP,95,,,,107520,
1.839315,DUP,96,,,,107520,
1.839567,DUP,97,,,,107520,
1.839814,DUP,98,,,,107520,
1.840055,DUP,99,,,,107520,
1.840301,DUP,100,,,,107520,
1.840546,DUP,101,,,,107520,
1.840791,DUP,102,,,,107520,
1.841036,DUP,103,,,,107520,
1.866051,DELIVER,105,,,,108544,
1.866325,DELIVER,106,,,,109568,
1.866867,DELIVER,107,,,,110592,
1.867211,DELIVER,108,,,,111616,
1.867675,DELIVER,109,,,,112640,
1.868006,DELIVER,110,,,,113664,
1.871641,DELIVER,111,,,,114688,
1.871915,DELIVER,112,,,,115712,
1.872167,DELIVER,113,,,,116736,
1.872415,DELIVER,114,,,,117760,
1.872660,DELIVER,115,,,,118784,
1.921076,GAP,117,,,,118784,expected 116
1.921244,GAP,118,,,,118784,expected 116
1.921386,GAP,119,,,,118784,expected 116
1.921528,GAP,120,,,,118784,expected 116
1.921664,GAP,121,,,,118784,expected 116
1.921768,GAP,122,,,,118784,expected 116
1.921872,GAP,123,,,,118784,expected 116
1.921980,GAP,124,,,,118784,expected 116
1.923803,GAP,125,,,,118784,expected 116
1.924773,GAP,126,,,,118784,expected 116
1.924884,GAP,127,,,,118784,expected 116
1.956888,DELIVER,116,,,,119808,
1.957023,DELIVER,117,,,,120832,
1.959271,DELIVER,118,,,,121856,
1.959390,DELIVER,119,,,,122880,
1.961850,DELIVER,120,,,,123904,
1.962187,DELIVER,121,,,,124928,
1.962433,DELIVER,122,,,,125952,
1.962782,DELIVER,123,,,,126976,
1.963115,DELIVER,124,,,,128000,
2.009157,GAP,126,,,,128000,expected 125
2.009533,GAP,127,,,,128000,expected 125
2.014085,GAP,128,,,,128000,expected 125
2.015599,GAP,129,,,,128000,expected 125
2.030645,GAP,130,,,,128000,expected 125
2.031318,GAP,131,,,,128000,expected 125
2.031517,GAP,132,,,,128000,expected 125
2.031661,GAP,133,,,,128000,expected 125
2.031788,GAP,134,,,,128000,expected 125
2.031916,GAP,135,,,,128000,expected 125
2.055225,DELIVER,125,,,,129024,
2.086820,DELIVER,126,,,,130048,
2.086966,DELIVER,127,,,,131072,
2.087148,DELIVER,128,,,,132096,
2.087243,DELIVER,129,,,,133120,
2.087332,DELIVER,130,,,,134144,
2.087420,DELIVER,131,,,,135168,
2.087507,DELIVER,132,,,,136192,
2.087593,DELIVER,133,,,,137216,
2.087679,DELIVER,134,,,,138240,
2.087766,DELIVER,135,,,,139264,
2.114186,DELIVER,136,,,,140288,
2.132279,DELIVER,137,,,,141312,
2.144909,DELIVER,138,,,,142336,
2.145243,DELIVER,139,,,,143360,
2.145451,DELIVER,140,,,,144384,
2.145714,DELIVER,141,,,,145408,
2.145918,DELIVER,142,,,,146432,
2.146117,DELIVER,143,,,,147456,
2.146403,DELIVER,144,,,,148480,
2.146708,DELIVER,145,,,,149504,
2.146922,DELIVER,146,,,,150528,
2.147116,DELIVER,147,,,,151552,
2.164119,DELIVER,148,,,,152576,
2.175127,DELIVER,149,,,,153600,
3.033770,DELIVER,150,,,,154624,
3.034055,DELIVER,151,,,,155648,
3.034449,DELIVER,152,,,,156672,
3.035053,DELIVER,153,,,,157696,
3.039681,DELIVER,154,,,,158720,
3.040527,DELIVER,155,,,,159744,
3.040982,DELIVER,156,,,,160768,
3.041235,DELIVER,157,,,,161792,
3.041441,DELIVER,158,,,,162816,
3.041633,DELIVER,159,,,,163840,
3.041849,DELIVER,160,,,,164864,
3.042169,DELIVER,161,,,,165888,
3.081247,DELIVER,162,,,,166912,
3.081398,DELIVER,163,,,,167936,
3.081521,DELIVER,164,,,,168960,
3.082725,DELIVER,165,,,,169984,
3.085134,DELIVER,166,,,,171008,
3.085229,DELIVER,167,,,,172032,
3.085318,DELIVER,168,,,,173056,
3.085405,DELIVER,169,,,,174080,
3.087041,DELIVER,170,,,,175104,
3.087132,DELIVER,171,,,,176128,
3.092707,DELIVER,172,,,,177152,
3.092796,DELIVER,173,,,,178176,
3.092882,DELIVER,174,,,,179200,
3.134322,GAP,177,,,,179200,expected 175
3.134558,GAP,178,,,,179200,expected 175
3.135294,GAP,179,,,,179200,expected 175
3.135542,GAP,180,,,,179200,expected 175
3.135725,GAP,181,,,,179200,expected 175
3.135898,GAP,182,,,,179200,expected 175
3.136065,GAP,183,,,,179200,expected 175
3.136995,GAP,184,,,,179200,expected 175
3.137184,GAP,185,,,,179200,expected 175
3.137371,GAP,186,,,,179200,expected 175
3.137553,GAP,187,,,,179200,expected 175
3.188209,DELIVER,175,,,,180224,
3.189766,DELIVER,176,,,,181248,
3.190037,DELIVER,177,,,,182272,
3.190805,DELIVER,178,,,,183296,
3.191102,DELIVER,179,,,,184320,
3.191322,DELIVER,180,,,,185344,
3.191561,DELIVER,181,,,,186368,
3.191837,DELIVER,182,,,,187392,
3.192073,DELIVER,183,,,,188416,
3.192325,DELIVER,184,,,,189440,
3.192622,DELIVER,185,,,,190464,
3.193222,DELIVER,186,,,,191488,
3.257051,DELIVER,187,,,,192512,
3.257397,DELIVER,188,,,,193536,
3.257623,DELIVER,189,,,,194560,
3.258261,DELIVER,190,,,,195584,
3.258536,DELIVER,191,,,,196608,
3.258765,DELIVER,192,,,,197632,
3.258982,DELIVER,193,,,,198656,
3.259211,DELIVER,194,,,,199680,
3.259427,DELIVER,195,,,,200704,
3.259642,DELIVER,196,,,,201728,
3.259865,DELIVER,197,,,,202752,
3.260073,DELIVER,198,,,,203776,
3.260277,DELIVER,199,,,,204800,
3.306604,DELIVER,200,,,,205824,
3.307100,DELIVER,201,,,,206848,
3.307966,GAP,203,,,,206848,expected 202
3.308169,GAP,204,,,,206848,expected 202
3.309457,GAP,205,,,,206848,expected 202
3.309680,GAP,206,,,,206848,expected 202
3.309887,GAP,207,,,,206848,expected 202
3.310078,GAP,208,,,,206848,expected 202
3.311528,GAP,209,,,,206848,expected 202
3.316165,GAP,210,,,,206848,expected 202
3.316427,GAP,211,,,,206848,expected 202
3.316720,GAP,212,,,,206848,expected 202
3.316978,GAP,213,,,,206848,expected 202
3.348858,GAP,214,,,,206848,expected 202
3.364376,DELIVER,202,,,,207872,
3.364694,GAP,204,,,,207872,expected 203
3.365025,GAP,205,,,,207872,expected 203
3.365273,GAP,206,,,,207872,expected 203
3.365529,GAP,207,,,,207872,expected 203
3.365768,GAP,208,,,,207872,expected 203
3.366055,GAP,209,,,,207872,expected 203
3.366330,GAP,210,,,,207872,expected 203
3.366637,GAP,211,,,,207872,expected 203
3.366902,GAP,212,,,,207872,expected 203
3.367153,GAP,213,,,,207872,expected 203
3.410542,DELIVER,203,,,,208896,
3.414735,DELIVER,204,,,,209920,
3.415021,DELIVER,205,,,,210944,
3.415458,DELIVER,206,,,,211968,
3.415772,GAP,208,,,,211968,expected 207
3.416006,GAP,209,,,,211968,expected 207
3.416213,GAP,210,,,,211968,expected 207
3.416505,GAP,211,,,,211968,expected 207
3.416758,GAP,212,,,,211968,expected 207
3.416996,GAP,213,,,,211968,expected 207
3.417251,GAP,214,,,,211968,expected 207
3.468114,GAP,215,,,,211968,expected 207
3.468444,DELIVER,207,,,,212992,
3.468707,DELIVER,208,,,,214016,
3.469043,DELIVER,209,,,,215040,
3.469247,GAP,211,,,,215040,expected 210
3.469743,GAP,212,,,,215040,expected 210
3.469974,GAP,213,,,,215040,expected 210
3.470310,GAP,214,,,,215040,expected 210
3.471872,GAP,215,,,,215040,expected 210
3.472164,GAP,217,,,,215040,expected 210
3.472460,GAP,218,,,,215040,expected 210
3.472757,GAP,219,,,,215040,expected 210
3.520138,DELIVER,210,,,,216064,
3.520443,DELIVER,211,,,,217088,
3.520701,DELIVER,212,,,,218112,
3.524139,DELIVER,213,,,,219136,
3.524498,DELIVER,214,,,,220160,
3.524821,DELIVER,215,,,,221184,
3.525069,DELIVER,216,,,,222208,
3.525301,DELIVER,217,,,,223232,
3.525524,DELIVER,218,,,,224256,
3.525747,DELIVER,219,,,,225280,
3.525947,DELIVER,220,,,,226304,
3.526176,DELIVER,221,,,,227328,
3.526442,DELIVER,222,,,,228352,
3.567170,DELIVER,223,,,,229376,
3.567502,DELIVER,224,,,,230400,
3.567750,DELIVER,225,,,,231424,
3.573628,DELIVER,226,,,,232448,
3.573951,DELIVER,227,,,,233472,
3.574235,DELIVER,228,,,,234496,
3.574703,DELIVER,229,,,,235520,
3.575068,DELIVER,230,,,,236544,
3.576284,DELIVER,231,,,,237568,
3.576638,DELIVER,232,,,,238592,
3.577098,DELIVER,233,,,,239616,
3.582089,DELIVER,234,,,,240640,
3.582525,DELIVER,235,,,,241664,
3.582850,DELIVER,236,,,,242688,
3.619260,DELIVER,237,,,,243712,
3.619445,DELIVER,238,,,,244736,
3.619621,DELIVER,239,,,,245760,
3.625056,DELIVER,240,,,,246784,
3.625258,DELIVER,241,,,,247808,
3.625455,DELIVER,242,,,,248832,
3.625650,DELIVER,243,,,,249856,
3.625845,DELIVER,244,,,,250880,
3.626043,DELIVER,245,,,,251904,
3.626852,DELIVER,246,,,,252928,
3.627054,DELIVER,247,,,,253952,
3.627254,DELIVER,248,,,,254976,
3.635092,DELIVER,249,,,,256000,
3.635292,DELIVER,250,,,,257024,
3.635486,DELIVER,251,,,,258048,
3.661255,DELIVER,252,,,,259072,
3.665712,DELIVER,253,,,,260096,
3.666002,DELIVER,254,,,,261120,
3.666236,DELIVER,255,,,,262144,
3.679088,DELIVER,256,,,,263168,
3.679381,DELIVER,257,,,,264192,
3.679631,DELIVER,258,,,,265216,
3.679885,DELIVER,259,,,,266240,
3.680113,DELIVER,260,,,,267264,
3.680357,DELIVER,261,,,,268288,
3.680588,DELIVER,262,,,,269312,
3.680837,DELIVER,263,,,,270336,
3.681074,DELIVER,264,,,,271360,
3.681310,DELIVER,265,,,,272384,
3.686624,DELIVER,266,,,,273408,
3.707514,GAP,268,,,,273408,expected 267
3.712926,GAP,269,,,,273408,expected 267
3.713235,GAP,270,,,,273408,expected 267
3.716867,GAP,271,,,,273408,expected 267
3.717183,GAP,272,,,,273408,expected 267
3.723399,GAP,273,,,,273408,expected 267
3.724436,GAP,274,,,,273408,expected 267
3.724888,GAP,275,,,,273408,expected 267
3.727171,GAP,276,,,,273408,expected 267
3.728455,GAP,277,,,,273408,expected 267
3.728752,GAP,278,,,,273408,expected 267
3.730236,GAP,279,,,,273408,expected 267
3.730513,GAP,280,,,,273408,expected 267
3.737384,GAP,281,,,,273408,expected 267
3.738003,GAP,282,,,,273408,expected 267
3.756368,DUP,266,,,,273408,
3.756642,DELIVER,267,,,,274432,
3.756897,DELIVER,268,,,,275456,
3.757146,DELIVER,269,,,,276480,
3.757392,DELIVER,270,,,,277504,
3.760649,DELIVER,271,,,,278528,
3.760910,DELIVER,272,,,,279552,
3.761174,DELIVER,273,,,,280576,
3.761389,DELIVER,274,,,,281600,
3.761602,DELIVER,275,,,,282624,
3.761811,DELIVER,276,,,,283648,
3.762033,DELIVER,277,,,,284672,
3.762257,DELIVER,278,,,,285696,
3.762495,DELIVER,279,,,,286720,
3.762766,DELIVER,280,,,,287744,
3.764141,DUP,267,,,,287744,
3.764600,DUP,268,,,,287744,
3.764859,DUP,269,,,,287744,
3.765087,DUP,270,,,,287744,
3.765310,DUP,271,,,,287744,
3.765528,DUP,272,,,,287744,
3.765735,DUP,273,,,,287744,
3.765951,DUP,274,,,,287744,
3.766175,DUP,276,,,,287744,
3.766401,DUP,277,,,,287744,
3.766626,DUP,278,,,,287744,
3.766850,DUP,279,,,,287744,
3.767072,DUP,280,,,,287744,
3.767405,DELIVER,281,,,,288768,
3.796486,DELIVER,282,,,,289792,
3.798426,DELIVER,283,,,,290816,
3.804729,DELIVER,284,,,,291840,
3.805045,DELIVER,285,,,,292864,
3.805284,DELIVER,286,,,,293888,
3.809344,DELIVER,287,,,,294912,
3.811253,DELIVER,288,,,,295936,
3.816713,DELIVER,289,,,,296960,
3.816957,DELIVER,290,,,,297984,
3.817207,DELIVER,291,,,,299008,
3.817480,DELIVER,292,,,,300032,
3.817809,DELIVER,293,,,,301056,
3.818053,DELIVER,294,,,,302080,
3.818335,DELIVER,295,,,,303104,
3.818745,DELIVER,296,,,,304128,
3.819014,DELIVER,297,,,,305152,
3.845394,DELIVER,298,,,,306176,
3.845652,DELIVER,299,,,,307200,
3.845864,DELIVER,300,,,,308224,
3.846068,DELIVER,301,,,,309248,
3.847953,DELIVER,302,,,,310272,
3.856975,DELIVER,303,,,,311296,
3.863564,DELIVER,304,,,,312320,
3.863862,DELIVER,305,,,,313344,
3.870695,DELIVER,306,,,,314368,
3.871004,DELIVER,307,,,,315392,
3.871378,DELIVER,308,,,,316416,
3.871718,DELIVER,309,,,,317440,
3.872221,DELIVER,310,,,,318464,
3.872467,DELIVER,311,,,,319488,
3.872711,DELIVER,312,,,,320512,
3.873559,DELIVER,313,,,,321536,
3.874308,DELIVER,314,,,,322560,
3.895836,DELIVER,315,,,,323584,
3.896355,DELIVER,316,,,,324608,
3.896871,DELIVER,317,,,,325632,
3.897082,DELIVER,318,,,,326656,
3.903227,DELIVER,319,,,,327680,
3.903552,DELIVER,320,,,,328704,
3.913186,DELIVER,321,,,,329728,
3.913549,DELIVER,322,,,,330752,
3.915896,DELIVER,323,,,,331776,
3.916158,DELIVER,324,,,,332800,
3.924834,DELIVER,325,,,,333824,
3.925207,DELIVER,326,,,,334848,
3.925761,DELIVER,327,,,,335872,
3.926055,DELIVER,328,,,,336896,
3.926298,DELIVER,329,,,,337920,
3.926532,DELIVER,330,,,,338944,
3.926785,DELIVER,331,,,,339968,
3.927080,DELIVER,332,,,,340992,
3.940606,DELIVER,333,,,,342016,
3.940915,DELIVER,334,,,,343040,
3.941156,DELIVER,335,,,,344064,
3.952082,DELIVER,336,,,,345088,
3.952564,DELIVER,337,,,,346112,
3.952899,DELIVER,338,,,,347136,
3.954099,DELIVER,339,,,,348160,
3.954397,DELIVER,340,,,,349184,
3.959430,DELIVER,341,,,,350208,
3.959725,DELIVER,342,,,,351232,
3.976059,DELIVER,343,,,,352256,
3.976428,DELIVER,344,,,,353280,
3.976683,DELIVER,345,,,,354304,
3.976913,DELIVER,346,,,,355328,
3.977310,DELIVER,347,,,,356352,
3.977532,DELIVER,348,,,,357376,
3.977751,DELIVER,349,,,,358400,
3.978096,DELIVER,350,,,,359424,
3.985426,GAP,352,,,,359424,expected 351
3.985938,GAP,353,,,,359424,expected 351
3.986212,GAP,354,,,,359424,expected 351
3.998009,GAP,355,,,,359424,expected 351
3.998836,GAP,356,,,,359424,expected 351
4.000786,GAP,357,,,,359424,expected 351
4.011042,GAP,358,,,,359424,expected 351
4.011414,GAP,359,,,,359424,expected 351
4.021649,GAP,360,,,,359424,expected 351
4.021891,GAP,361,,,,359424,expected 351
4.022218,GAP,362,,,,359424,expected 351
4.022536,GAP,363,,,,359424,expected 351
4.022921,GAP,364,,,,359424,expected 351
4.023219,GAP,366,,,,359424,expected 351
4.023510,DELIVER,351,,,,360448,
4.023993,DELIVER,352,,,,361472,
4.024251,GAP,354,,,,361472,expected 353
4.037298,GAP,355,,,,361472,expected 353
4.037679,GAP,356,,,,361472,expected 353
4.038034,GAP,357,,,,361472,expected 353
4.038316,GAP,358,,,,361472,expected 353
4.038708,GAP,359,,,,361472,expected 353
4.039007,GAP,360,,,,361472,expected 353
4.039305,GAP,361,,,,361472,expected 353
4.039624,GAP,362,,,,361472,expected 353
4.039906,GAP,363,,,,361472,expected 353
4.040186,GAP,364,,,,361472,expected 353
4.040454,GAP,365,,,,361472,expected 353
4.040676,GAP,366,,,,361472,expected 353
4.040898,GAP,367,,,,361472,expected 353
4.067239,DELIVER,353,,,,362496,
4.074326,DELIVER,354,,,,363520,
4.077971,DELIVER,355,,,,364544,
4.078282,DELIVER,356,,,,365568,
4.078529,DELIVER,357,,,,366592,
4.078892,DELIVER,358,,,,367616,
4.079180,DELIVER,359,,,,368640,
4.079451,DELIVER,360,,,,369664,
4.079714,DELIVER,361,,,,370688,
4.080096,GAP,363,,,,370688,expected 362
4.080419,GAP,364,,,,370688,expected 362
4.080704,GAP,365,,,,370688,expected 362
4.080990,GAP,366,,,,370688,expected 362
4.081281,GAP,367,,,,370688,expected 362
4.081562,GAP,368,,,,370688,expected 362
4.081846,GAP,369,,,,370688,expected 362
4.110956,GAP,370,,,,370688,expected 362
4.122163,GAP,371,,,,370688,expected 362
4.122485,GAP,372,,,,370688,expected 362
4.122718,GAP,373,,,,370688,expected 362
4.128894,GAP,374,,,,370688,expected 362
4.129167,GAP,375,,,,370688,expected 362
4.129403,GAP,376,,,,370688,expected 362
4.129680,GAP,377,,,,370688,expected 362
4.129925,GAP,378,,,,370688,expected 362
4.130177,GAP,379,,,,370688,expected 362
4.130419,DELIVER,362,,,,371712,
4.130668,GAP,364,,,,371712,expected 363
4.130966,GAP,365,,,,371712,expected 363
4.131232,GAP,366,,,,371712,expected 363
4.133391,GAP,368,,,,371712,expected 363
4.133721,GAP,369,,,,371712,expected 363
4.133976,GAP,370,,,,371712,expected 363
4.134225,GAP,371,,,,371712,expected 363
4.134465,GAP,372,,,,371712,expected 363
4.134700,GAP,373,,,,371712,expected 363
4.134966,GAP,374,,,,371712,expected 363
4.135221,GAP,375,,,,371712,expected 363
4.135821,GAP,376,,,,371712,expected 363
4.136034,GAP,377,,,,371712,expected 363
4.136263,GAP,378,,,,371712,expected 363
4.136438,GAP,379,,,,371712,expected 363
4.182623,DELIVER,363,,,,372736,
4.182763,DELIVER,364,,,,373760,
4.182876,DELIVER,365,,,,374784,
4.182982,DELIVER,366,,,,375808,
4.184705,DELIVER,367,,,,376832,
4.184813,DELIVER,368,,,,377856,
4.184901,DELIVER,369,,,,378880,
4.184985,DELIVER,370,,,,379904,
4.185067,DELIVER,371,,,,380928,
4.185149,DELIVER,372,,,,381952,
4.185229,DELIVER,373,,,,382976,
4.185312,DELIVER,374,,,,384000,
4.185394,DELIVER,375,,,,385024,
4.186997,DELIVER,376,,,,386048,
4.187145,DELIVER,377,,,,387072,
4.187228,DELIVER,378,,,,388096,
4.187308,DELIVER,379,,,,389120,
4.187391,DELIVER,380,,,,390144,
4.230818,DELIVER,381,,,,391168,
4.231084,DELIVER,382,,,,392192,
4.231368,DELIVER,383,,,,393216,
4.233464,DELIVER,384,,,,394240,
4.233851,DELIVER,385,,,,395264,
4.234089,DELIVER,386,,,,396288,
4.234400,GAP,388,,,,396288,expected 387
4.234618,GAP,389,,,,396288,expected 387
4.234926,GAP,391,,,,396288,expected 387
4.237203,GAP,392,,,,396288,expected 387
4.237322,GAP,393,,,,396288,expected 387
4.237420,GAP,394,,,,396288,expected 387
4.237502,GAP,395,,,,396288,expected 387
4.239303,GAP,396,,,,396288,expected 387
4.240066,GAP,397,,,,396288,expected 387
4.240161,GAP,398,,,,396288,expected 387
4.240242,GAP,399,,,,396288,expected 387
4.271353,GAP,400,,,,396288,expected 387
4.288074,DELIVER,387,,,,397312,
4.288698,DELIVER,388,,,,398336,
4.289267,DELIVER,389,,,,399360,
4.289633,DELIVER,390,,,,400384,
4.290072,DELIVER,391,,,,401408,
4.290344,DELIVER,392,,,,402432,
4.290593,GAP,394,,,,402432,expected 393
4.290835,GAP,395,,,,402432,expected 393
4.291077,GAP,396,,,,402432,expected 393
4.291311,GAP,397,,,,402432,expected 393
4.291553,GAP,398,,,,402432,expected 393
4.291800,GAP,399,,,,402432,expected 393
4.292047,GAP,400,,,,402432,expected 393
4.292260,GAP,401,,,,402432,expected 393
4.292488,GAP,402,,,,402432,expected 393
4.292733,GAP,403,,,,402432,expected 393
4.340466,GAP,406,,,,402432,expected 393
4.340800,GAP,407,,,,402432,expected 393
4.341054,GAP,408,,,,402432,expected 393
4.342707,DELIVER,393,,,,403456,
4.342974,DELIVER,394,,,,404480,
4.343260,DELIVER,395,,,,405504,
4.345643,DELIVER,396,,,,406528,
4.346040,DELIVER,397,,,,407552,
4.346310,DELIVER,398,,,,408576,
4.346644,DELIVER,399,,,,409600,
4.347057,DELIVER,400,,,,410624,
4.347303,DELIVER,401,,,,411648,
4.347525,DELIVER,402,,,,412672,
4.347770,DELIVER,403,,,,413696,
4.348001,GAP,405,,,,413696,expected 404
4.348244,GAP,406,,,,413696,expected 404
4.348515,GAP,407,,,,413696,expected 404
4.348752,GAP,408,,,,413696,expected 404
4.348993,GAP,409,,,,413696,expected 404
4.400538,GAP,410,,,,413696,expected 404
4.400836,GAP,411,,,,413696,expected 404
4.401067,DELIVER,404,,,,414720,
4.401329,DELIVER,405,,,,415744,
4.401630,DELIVER,406,,,,416768,
4.401889,DELIVER,407,,,,417792,
4.402175,DELIVER,408,,,,418816,
4.402575,DELIVER,409,,,,419840,
4.402807,DELIVER,410,,,,420864,
4.403038,DELIVER,411,,,,421888,
4.403274,GAP,413,,,,421888,expected 412
4.403521,GAP,414,,,,421888,expected 412
4.404089,GAP,415,,,,421888,expected 412
4.404571,GAP,416,,,,421888,expected 412
4.404858,GAP,417,,,,421888,expected 412
4.405103,GAP,418,,,,421888,expected 412
4.405410,GAP,419,,,,421888,expected 412
4.447811,DELIVER,412,,,,422912,
4.450868,DELIVER,413,,,,423936,
4.451151,DELIVER,414,,,,424960,
4.451411,DELIVER,415,,,,425984,
4.451626,DELIVER,416,,,,427008,
4.451863,DELIVER,417,,,,428032,
4.455519,DELIVER,418,,,,429056,
4.455744,DELIVER,419,,,,430080,
4.455945,DELIVER,420,,,,431104,
4.456116,DELIVER,421,,,,432128,
4.456318,DELIVER,422,,,,433152,
4.456493,GAP,425,,,,433152,expected 423
4.456665,GAP,426,,,,433152,expected 423
4.499794,GAP,427,,,,433152,expected 423
4.503849,GAP,428,,,,433152,expected 423
4.505404,GAP,429,,,,433152,expected 423
4.505720,GAP,430,,,,433152,expected 423
4.505995,GAP,431,,,,433152,expected 423
4.506255,GAP,432,,,,433152,expected 423
4.506516,GAP,434,,,,433152,expected 423
4.506776,DELIVER,423,,,,434176,
4.507011,DELIVER,424,,,,435200,
4.507206,DELIVER,425,,,,436224,
4.507402,DELIVER,426,,,,437248,
4.507596,DELIVER,427,,,,438272,
4.510228,DELIVER,428,,,,439296,
4.510428,DELIVER,429,,,,440320,
4.510628,DELIVER,430,,,,441344,
4.510828,DELIVER,431,,,,442368,
4.511065,DELIVER,432,,,,443392,
4.511262,DELIVER,433,,,,444416,
4.511461,DELIVER,434,,,,445440,
4.511665,DELIVER,435,,,,446464,
4.511872,DELIVER,436,,,,447488,
4.560285,DELIVER,437,,,,448512,
4.560598,GAP,439,,,,448512,expected 438
4.560853,GAP,440,,,,448512,expected 438
4.561069,GAP,441,,,,448512,expected 438
4.561295,GAP,442,,,,448512,expected 438
4.561521,GAP,443,,,,448512,expected 438
4.567043,GAP,444,,,,448512,expected 438
4.567367,GAP,445,,,,448512,expected 438
4.567618,GAP,446,,,,448512,expected 438
4.567856,GAP,447,,,,448512,expected 438
4.568109,GAP,448,,,,448512,expected 438
4.568372,GAP,449,,,,448512,expected 438
4.568721,GAP,450,,,,448512,expected 438
4.611706,GAP,451,,,,448512,expected 438
4.612043,GAP,452,,,,448512,expected 438
4.618630,DELIVER,438,,,,449536,
4.619170,DELIVER,439,,,,450560,
4.619596,DELIVER,440,,,,451584,
4.619819,DELIVER,441,,,,452608,
4.620279,DELIVER,442,,,,453632,
4.620588,DELIVER,443,,,,454656,
4.620829,DELIVER,444,,,,455680,
4.621329,DELIVER,445,,,,456704,
4.621565,DELIVER,446,,,,457728,
4.622491,GAP,449,,,,457728,expected 447
4.622994,GAP,450,,,,457728,expected 447
4.659545,GAP,451,,,,457728,expected 447
4.659796,GAP,452,,,,457728,expected 447
4.672998,DELIVER,447,,,,458752,
4.673406,DELIVER,448,,,,459776,
4.674075,DELIVER,449,,,,460800,
4.674366,DELIVER,450,,,,461824,
4.674631,DELIVER,451,,,,462848,
4.674881,DELIVER,452,,,,463872,
4.675142,DELIVER,453,,,,464896,
4.675382,DELIVER,454,,,,465920,
4.675623,DELIVER,455,,,,466944,
4.675829,GAP,457,,,,466944,expected 456
4.676036,GAP,458,,,,466944,expected 456
4.676263,GAP,459,,,,466944,expected 456
4.676497,GAP,460,,,,466944,expected 456
4.719275,DELIVER,456,,,,467968,
4.722980,DELIVER,457,,,,468992,
4.726348,GAP,459,,,,468992,expected 458
4.726691,GAP,460,,,,468992,expected 458
4.726928,GAP,461,,,,468992,expected 458
4.727145,GAP,462,,,,468992,expected 458
4.727371,GAP,463,,,,468992,expected 458
4.727580,GAP,464,,,,468992,expected 458
4.727822,GAP,465,,,,468992,expected 458
4.728059,GAP,466,,,,468992,expected 458
4.728305,GAP,467,,,,468992,expected 458
4.728623,GAP,468,,,,468992,expected 458
4.762421,GAP,469,,,,468992,expected 458
4.770940,GAP,470,,,,468992,expected 458
4.775588,DELIVER,458,,,,470016,
4.775880,DELIVER,459,,,,471040,
4.782380,DELIVER,460,,,,472064,
4.782723,DELIVER,461,,,,473088,
4.782965,DELIVER,462,,,,474112,
4.783224,DELIVER,463,,,,475136,
4.783438,DELIVER,464,,,,476160,
4.783664,DELIVER,465,,,,477184,
4.783953,DELIVER,466,,,,478208,
4.784184,DELIVER,467,,,,479232,
4.784407,DELIVER,468,,,,480256,
4.784626,DELIVER,469,,,,481280,
4.822974,GAP,471,,,,481280,expected 470
4.823281,GAP,472,,,,481280,expected 470
4.827202,GAP,473,,,,481280,expected 470
4.831864,GAP,474,,,,481280,expected 470
4.832164,GAP,475,,,,481280,expected 470
4.832576,GAP,476,,,,481280,expected 470
4.836677,GAP,477,,,,481280,expected 470
4.837047,GAP,478,,,,481280,expected 470
4.837316,GAP,479,,,,481280,expected 470
4.837606,GAP,480,,,,481280,expected 470
4.838061,GAP,481,,,,481280,expected 470
4.838345,GAP,482,,,,481280,expected 470
4.838670,GAP,483,,,,481280,expected 470
4.872775,DELIVER,470,,,,482304,
4.873110,DELIVER,471,,,,483328,
4.873551,DELIVER,472,,,,484352,
4.873910,DELIVER,473,,,,485376,
4.874165,GAP,475,,,,485376,expected 474
4.874415,GAP,476,,,,485376,expected 474
4.874656,GAP,477,,,,485376,expected 474
4.874900,GAP,478,,,,485376,expected 474
4.875136,GAP,479,,,,485376,expected 474
4.875451,GAP,480,,,,485376,expected 474
4.875936,GAP,481,,,,485376,expected 474
4.923444,GAP,482,,,,485376,expected 474
4.924397,GAP,483,,,,485376,expected 474
4.924758,DELIVER,474,,,,486400,
4.924990,DELIVER,475,,,,487424,
4.925214,DELIVER,476,,,,488448,
4.925508,DELIVER,477,,,,489472,
4.925756,DELIVER,478,,,,490496,
4.925999,DELIVER,479,,,,491520,
4.926225,DELIVER,480,,,,492544,
4.926458,DELIVER,481,,,,493568,
4.930004,DELIVER,482,,,,494592,
4.930324,DELIVER,483,,,,495616,
4.930954,DELIVER,484,,,,496640,
4.932375,DELIVER,485,,,,497664,
4.979671,DELIVER,486,,,,498688,
4.980082,DELIVER,487,,,,499712,
4.980502,DELIVER,488,,,,500736,
4.980994,DELIVER,489,,,,501760,
4.981580,DELIVER,490,,,,502784,
4.982134,DELIVER,491,,,,503808,
4.982569,DELIVER,492,,,,504832,
4.983554,DELIVER,493,,,,505856,
4.983945,DELIVER,494,,,,506880,
4.984526,DELIVER,495,,,,507904,
4.985240,DELIVER,496,,,,508928,
4.985695,DELIVER,497,,,,509952,
4.986059,DELIVER,498,,,,510976,
5.032095,DELIVER,499,,,,512000,
5.032492,DELIVER,500,,,,513024,
5.033667,DELIVER,501,,,,514048,
5.034013,DELIVER,502,,,,515072,
5.034346,DELIVER,503,,,,516096,
5.035190,DELIVER,504,,,,517120,
5.035758,GAP,506,,,,517120,expected 505
5.038026,GAP,507,,,,517120,expected 505
5.038558,GAP,508,,,,517120,expected 505
5.039362,GAP,509,,,,517120,expected 505
5.040173,GAP,511,,,,517120,expected 505
5.040520,GAP,512,,,,517120,expected 505
5.085327,DELIVER,505,,,,518144,
5.086182,DELIVER,506,,,,519168,
5.086697,DELIVER,507,,,,520192,
5.086936,DELIVER,508,,,,521216,
5.087144,DELIVER,509,,,,522240,
5.087505,DELIVER,510,,,,523264,
5.087840,DELIVER,511,,,,524288,
5.088309,DELIVER,512,,,,525312,
5.088917,DELIVER,513,,,,526336,
5.089275,DELIVER,514,,,,527360,
5.089849,DELIVER,515,,,,528384,
5.090100,DELIVER,516,,,,529408,
5.090822,DELIVER,517,,,,530432,
5.135109,DELIVER,518,,,,531456,
5.135998,DELIVER,519,,,,532480,
5.139313,DELIVER,520,,,,533504,
5.140439,DELIVER,521,,,,534528,
5.140952,DELIVER,522,,,,535552,
5.141288,DELIVER,523,,,,536576,
5.141616,DELIVER,524,,,,537600,
5.141952,DELIVER,525,,,,538624,
5.142281,DELIVER,526,,,,539648,
5.142510,DELIVER,527,,,,540672,
5.142715,DELIVER,528,,,,541696,
5.142943,DELIVER,529,,,,542720,
5.143161,DELIVER,530,,,,543744,
5.184875,GAP,533,,,,543744,expected 531
5.193203,GAP,534,,,,543744,expected 531
5.194011,GAP,535,,,,543744,expected 531
5.194638,GAP,537,,,,543744,expected 531
5.195175,GAP,538,,,,543744,expected 531
5.195551,GAP,539,,,,543744,expected 531
5.195957,GAP,540,,,,543744,expected 531
5.197870,GAP,541,,,,543744,expected 531
5.198379,GAP,542,,,,543744,expected 531
5.198729,GAP,543,,,,543744,expected 531
5.199052,GAP,544,,,,543744,expected 531
5.218509,DUP,530,,,,543744,
5.221661,DELIVER,531,,,,544768,
5.223994,GAP,533,,,,544768,expected 532
5.229997,GAP,534,,,,544768,expected 532
5.230403,GAP,535,,,,544768,expected 532
5.230700,GAP,536,,,,544768,expected 532
5.231000,GAP,537,,,,544768,expected 532
5.231239,GAP,538,,,,544768,expected 532
5.231474,GAP,539,,,,544768,expected 532
5.231715,GAP,540,,,,544768,expected 532
5.231954,GAP,541,,,,544768,expected 532
5.232178,GAP,542,,,,544768,expected 532
5.240127,GAP,543,,,,544768,expected 532
5.242945,DUP,531,,,,544768,
5.247901,DELIVER,532,,,,545792,
5.248549,DELIVER,533,,,,546816,
5.249026,DELIVER,534,,,,547840,
5.249515,DELIVER,535,,,,548864,
5.250055,DELIVER,536,,,,549888,
5.250585,DELIVER,537,,,,550912,
5.251018,DELIVER,538,,,,551936,
5.251376,DELIVER,539,,,,552960,
5.251834,DELIVER,540,,,,553984,
5.252893,DELIVER,541,,,,555008,
5.253642,DELIVER,542,,,,556032,
5.253947,DELIVER,543,,,,557056,
5.270018,DELIVER,544,,,,558080,
5.270293,DUP,532,,,,558080,
5.270529,DUP,533,,,,558080,
5.276942,DUP,534,,,,558080,
5.277370,DUP,535,,,,558080,
5.277719,DUP,537,,,,558080,
5.278056,DUP,538,,,,558080,
5.278340,DUP,539,,,,558080,
5.278615,DUP,541,,,,558080,
5.278904,DUP,542,,,,558080,
5.279192,DUP,543,,,,558080,
5.279472,DUP,544,,,,558080,
5.293829,DELIVER,545,,,,559104,
5.294173,DELIVER,546,,,,560128,
5.302509,DELIVER,547,,,,561152,
5.302904,DELIVER,548,,,,562176,
5.303124,DELIVER,549,,,,563200,
5.303340,DELIVER,550,,,,564224,
5.303597,DELIVER,551,,,,565248,
5.305706,DELIVER,552,,,,566272,
5.306219,DELIVER,553,,,,567296,
5.306624,DELIVER,554,,,,568320,
5.306895,DELIVER,555,,,,569344,
5.307129,DELIVER,556,,,,570368,
5.307691,DELIVER,557,,,,571392,
5.310731,DELIVER,558,,,,572416,
5.333862,DELIVER,559,,,,573440,
5.335234,DELIVER,560,,,,574464,
5.352400,DELIVER,561,,,,575488,
5.353587,DELIVER,562,,,,576512,
5.354256,DELIVER,563,,,,577536,
5.355101,DELIVER,564,,,,578560,
5.355698,DELIVER,565,,,,579584,
5.356114,DELIVER,566,,,,580608,
5.356354,DELIVER,567,,,,581632,
5.356985,DELIVER,568,,,,582656,
5.361109,DELIVER,569,,,,583680,
5.361478,DELIVER,570,,,,584704,
5.361745,DELIVER,571,,,,585728,
5.361970,DELIVER,572,,,,586752,
5.362230,DELIVER,573,,,,587776,
5.390369,DELIVER,574,,,,588800,
5.390709,DELIVER,575,,,,589824,
5.391276,DELIVER,576,,,,590848,
5.396696,DELIVER,577,,,,591872,
5.396964,DELIVER,578,,,,592896,
5.400723,DELIVER,579,,,,593920,
5.404563,DELIVER,580,,,,594944,
5.404876,DELIVER,581,,,,595968,
5.405177,DELIVER,582,,,,596992,
5.405429,DELIVER,583,,,,598016,
5.411595,DELIVER,584,,,,599040,
5.411851,DELIVER,585,,,,600064,
5.415422,DELIVER,586,,,,601088,
5.415626,DELIVER,587,,,,602112,
5.415832,DELIVER,588,,,,603136,
5.416035,DELIVER,589,,,,604160,
5.435932,DELIVER,590,,,,605184,
5.440092,DELIVER,591,,,,606208,
5.444339,DELIVER,592,,,,607232,
5.444506,DELIVER,593,,,,608256,
5.444694,DELIVER,594,,,,609280,
5.444888,DELIVER,595,,,,610304,
5.445073,DELIVER,596,,,,611328,
5.451434,DELIVER,597,,,,612352,
5.456464,DELIVER,598,,,,613376,
5.456635,DELIVER,599,,,,614400,
5.456838,DELIVER,600,,,,615424,
5.462004,DELIVER,601,,,,616448,
5.462170,DELIVER,602,,,,617472,
5.462971,DELIVER,603,,,,618496,
5.463137,GAP,605,,,,618496,expected 604
5.463334,GAP,606,,,,618496,expected 604
5.489534,GAP,607,,,,618496,expected 604
5.489784,GAP,608,,,,618496,expected 604
5.490017,GAP,609,,,,618496,expected 604
5.490243,GAP,610,,,,618496,expected 604
5.490820,GAP,611,,,,618496,expected 604
5.491519,GAP,612,,,,618496,expected 604
5.498201,GAP,613,,,,618496,expected 604
5.504221,GAP,614,,,,618496,expected 604
5.504454,GAP,615,,,,618496,expected 604
5.504654,GAP,616,,,,618496,expected 604
5.504875,GAP,617,,,,618496,expected 604
5.509784,GAP,618,,,,618496,expected 604
5.510020,GAP,619,,,,618496,expected 604
5.510244,GAP,620,,,,618496,expected 604
5.510488,DUP,603,,,,618496,
5.513818,DELIVER,604,,,,619520,
5.514024,DELIVER,605,,,,620544,
5.514228,DELIVER,606,,,,621568,
5.514423,DELIVER,607,,,,622592,
5.514626,DELIVER,608,,,,623616,
5.514822,DELIVER,609,,,,624640,
5.515020,DELIVER,610,,,,625664,
5.515216,DELIVER,611,,,,626688,
5.515418,DELIVER,612,,,,627712,
5.515621,DELIVER,613,,,,628736,
5.515827,DELIVER,614,,,,629760,
5.516269,DELIVER,615,,,,630784,
5.516482,DELIVER,616,,,,631808,
5.516690,DELIVER,617,,,,632832,
5.516887,DELIVER,618,,,,633856,
5.517082,DUP,604,,,,633856,
5.517276,DUP,605,,,,633856,
5.517469,DUP,606,,,,633856,
5.517663,DUP,607,,,,633856,
5.519027,DUP,608,,,,633856,
5.519228,DUP,609,,,,633856,
5.519420,DUP,610,,,,633856,
5.519625,DUP,611,,,,633856,
5.519836,DUP,612,,,,633856,
5.520031,DUP,613,,,,633856,
5.520220,DUP,614,,,,633856,
5.520412,DUP,615,,,,633856,
5.520604,DUP,616,,,,633856,
5.520796,DUP,617,,,,633856,
5.520986,DUP,618,,,,633856,
5.521177,DELIVER,619,,,,634880,
5.565421,DELIVER,620,,,,635904,
5.565667,DELIVER,621,,,,636928,
5.565954,DELIVER,622,,,,637952,
5.566256,DELIVER,623,,,,638976,
5.566521,DELIVER,624,,,,640000,
5.566782,DELIVER,625,,,,641024,
5.567072,GAP,627,,,,641024,expected 626
5.567383,GAP,628,,,,641024,expected 626
5.567852,GAP,629,,,,641024,expected 626
5.568176,GAP,630,,,,641024,expected 626
5.568453,GAP,631,,,,641024,expected 626
5.573009,GAP,632,,,,641024,expected 626
5.573383,GAP,633,,,,641024,expected 626
5.573572,GAP,634,,,,641024,expected 626
5.573688,GAP,635,,,,641024,expected 626
5.575446,GAP,636,,,,641024,expected 626
5.608808,GAP,637,,,,641024,expected 626
5.621379,GAP,638,,,,641024,expected 626
5.621660,GAP,639,,,,641024,expected 626
5.621907,GAP,640,,,,641024,expected 626
5.622271,DELIVER,626,,,,642048,
5.622586,GAP,628,,,,642048,expected 627
5.622830,GAP,629,,,,642048,expected 627
5.623067,GAP,630,,,,642048,expected 627
5.623296,GAP,632,,,,642048,expected 627
5.623788,GAP,633,,,,642048,expected 627
5.624077,GAP,634,,,,642048,expected 627
5.624289,GAP,635,,,,642048,expected 627
5.624646,GAP,636,,,,642048,expected 627
5.624979,GAP,637,,,,642048,expected 627
5.625316,GAP,638,,,,642048,expected 627
5.625606,GAP,639,,,,642048,expected 627
5.625898,GAP,640,,,,642048,expected 627
5.667484,GAP,641,,,,642048,expected 627
5.676561,DELIVER,627,,,,643072,
5.676824,DELIVER,628,,,,644096,
5.677168,DELIVER,629,,,,645120,
5.677420,DELIVER,630,,,,646144,
5.677703,DELIVER,631,,,,647168,
5.678022,DELIVER,632,,,,648192,
5.678278,DELIVER,633,,,,649216,
5.678533,DELIVER,634,,,,650240,
5.679776,DELIVER,635,,,,651264,
5.680040,DELIVER,636,,,,652288,
5.680291,DELIVER,637,,,,653312,
5.680541,DELIVER,638,,,,654336,
5.680792,DELIVER,639,,,,655360,
5.681142,DELIVER,640,,,,656384,
5.681400,DELIVER,641,,,,657408,
5.725946,DELIVER,642,,,,658432,
5.731195,DELIVER,643,,,,659456,
5.731496,DELIVER,644,,,,660480,
5.731754,DELIVER,645,,,,661504,
5.737197,DELIVER,646,,,,662528,
5.737470,DELIVER,647,,,,663552,
5.738032,DELIVER,648,,,,664576,
5.739047,DELIVER,649,,,,665600,
5.739340,DELIVER,650,,,,666624,
5.739744,DELIVER,651,,,,667648,
5.740422,DELIVER,652,,,,668672,
5.740667,DELIVER,653,,,,669696,
5.740900,DELIVER,654,,,,670720,
5.741138,DELIVER,655,,,,671744,
5.741346,DELIVER,656,,,,672768,
5.741576,DELIVER,657,,,,673792,
5.763050,DELIVER,658,,,,674816,
5.783714,DELIVER,659,,,,675840,
5.792087,DELIVER,660,,,,676864,
5.792369,DELIVER,661,,,,677888,
5.792623,DELIVER,662,,,,678912,
5.792873,DELIVER,663,,,,679936,
5.793123,DELIVER,664,,,,680960,
5.793370,GAP,666,,,,680960,expected 665
5.793633,GAP,667,,,,680960,expected 665
5.793893,GAP,669,,,,680960,expected 665
5.794154,GAP,670,,,,680960,expected 665
5.794447,GAP,671,,,,680960,expected 665
5.794769,GAP,672,,,,680960,expected 665
5.795090,GAP,673,,,,680960,expected 665
5.795373,GAP,674,,,,680960,expected 665
5.822855,GAP,675,,,,680960,expected 665
5.825518,GAP,676,,,,680960,expected 665
5.855872,GAP,666,,,,680960,expected 665
5.856049,GAP,667,,,,680960,expected 665
5.856214,GAP,668,,,,680960,expected 665
5.856386,GAP,669,,,,680960,expected 665
5.856551,GAP,670,,,,680960,expected 665
5.856712,GAP,671,,,,680960,expected 665
5.856863,GAP,672,,,,680960,expected 665
5.857010,GAP,673,,,,680960,expected 665
5.857153,GAP,674,,,,680960,expected 665
5.857296,GAP,675,,,,680960,expected 665
5.857441,GAP,676,,,,680960,expected 665
5.857585,GAP,677,,,,680960,expected 665
5.857731,GAP,678,,,,680960,expected 665
5.857876,GAP,679,,,,680960,expected 665
6.046387,DELIVER,665,,,,681984,
6.053760,DELIVER,666,,,,683008,
6.054235,DELIVER,667,,,,684032,
6.054934,DELIVER,668,,,,685056,
6.058267,DELIVER,669,,,,686080,
6.058781,DELIVER,670,,,,687104,
6.059127,DELIVER,671,,,,688128,
6.059391,GAP,673,,,,688128,expected 672
6.059642,GAP,674,,,,688128,expected 672
6.059888,GAP,675,,,,688128,expected 672
6.060133,GAP,676,,,,688128,expected 672
6.060405,GAP,677,,,,688128,expected 672
6.060664,GAP,678,,,,688128,expected 672
6.060915,GAP,679,,,,688128,expected 672
6.093020,GAP,680,,,,688128,expected 672
6.099093,GAP,681,,,,688128,expected 672
6.099401,GAP,682,,,,688128,expected 672
6.110277,GAP,683,,,,688128,expected 672
6.110935,GAP,684,,,,688128,expected 672
6.111220,GAP,685,,,,688128,expected 672
6.111536,GAP,686,,,,688128,expected 672
6.111777,DELIVER,672,,,,689152,
6.112096,DELIVER,673,,,,690176,
6.112354,DELIVER,674,,,,691200,
6.112575,DELIVER,675,,,,692224,
6.112783,DELIVER,676,,,,693248,
6.113824,DELIVER,677,,,,694272,
6.114466,DELIVER,678,,,,695296,
6.114713,DELIVER,679,,,,696320,
6.114931,DELIVER,680,,,,697344,
6.115176,GAP,683,,,,697344,expected 681
6.115585,GAP,684,,,,697344,expected 681
6.115916,GAP,685,,,,697344,expected 681
6.116141,GAP,686,,,,697344,expected 681
6.116364,GAP,687,,,,697344,expected 681
6.161781,GAP,688,,,,697344,expected 681
6.162330,GAP,689,,,,697344,expected 681
6.163017,GAP,690,,,,697344,expected 681
6.163501,GAP,691,,,,697344,expected 681
6.166738,DELIVER,681,,,,698368,
6.167097,DELIVER,682,,,,699392,
6.167341,GAP,684,,,,699392,expected 683
6.167722,GAP,685,,,,699392,expected 683
6.167966,GAP,686,,,,699392,expected 683
6.168217,GAP,687,,,,699392,expected 683
6.168547,GAP,688,,,,699392,expected 683
6.170813,GAP,689,,,,699392,expected 683
6.173078,GAP,690,,,,699392,expected 683
6.173458,GAP,691,,,,699392,expected 683
6.173794,GAP,692,,,,699392,expected 683
6.174086,GAP,693,,,,699392,expected 683
6.174352,GAP,694,,,,699392,expected 683
6.214891,DELIVER,683,,,,700416,
6.215754,DELIVER,684,,,,701440,
6.216026,DELIVER,685,,,,702464,
6.216288,DELIVER,686,,,,703488,
6.216662,DELIVER,687,,,,704512,
6.216974,DELIVER,688,,,,705536,
6.217273,DELIVER,689,,,,706560,
6.218106,DELIVER,690,,,,707584,
6.218367,DELIVER,691,,,,708608,
6.218620,GAP,693,,,,708608,expected 692
6.218878,GAP,694,,,,708608,expected 692
6.220581,GAP,695,,,,708608,expected 692
6.220886,GAP,696,,,,708608,expected 692
6.221127,GAP,697,,,,708608,expected 692
6.262923,GAP,698,,,,708608,expected 692
6.263059,GAP,699,,,,708608,expected 692
6.263179,GAP,700,,,,708608,expected 692
6.263310,DELIVER,692,,,,709632,
6.263464,DELIVER,693,,,,710656,
6.263552,GAP,695,,,,710656,expected 694
6.263661,GAP,696,,,,710656,expected 694
6.265258,GAP,697,,,,710656,expected 694
6.265402,GAP,698,,,,710656,expected 694
6.265629,GAP,699,,,,710656,expected 694
6.265922,GAP,700,,,,710656,expected 694
6.266146,GAP,701,,,,710656,expected 694
6.266466,GAP,702,,,,710656,expected 694
6.267581,GAP,703,,,,710656,expected 694
6.267844,GAP,704,,,,710656,expected 694
6.311859,DELIVER,694,,,,711680,
6.320375,DELIVER,695,,,,712704,
6.320641,GAP,697,,,,712704,expected 696
6.321103,GAP,698,,,,712704,expected 696
6.321467,GAP,699,,,,712704,expected 696
6.321774,GAP,700,,,,712704,expected 696
6.322088,GAP,701,,,,712704,expected 696
6.322334,GAP,702,,,,712704,expected 696
6.322551,GAP,703,,,,712704,expected 696
6.322809,GAP,704,,,,712704,expected 696
6.323044,GAP,705,,,,712704,expected 696
6.323268,GAP,706,,,,712704,expected 696
6.323494,GAP,707,,,,712704,expected 696
6.363835,GAP,708,,,,712704,expected 696
6.364109,DELIVER,696,,,,713728,
6.364350,DELIVER,697,,,,714752,
6.364547,DELIVER,698,,,,715776,
6.364766,DELIVER,699,,,,716800,
6.364987,DELIVER,700,,,,717824,
6.365200,DELIVER,701,,,,718848,
6.365393,DELIVER,702,,,,719872,
6.365643,DELIVER,703,,,,720896,
6.365839,DELIVER,704,,,,721920,
6.366057,DELIVER,705,,,,722944,
6.370425,DELIVER,706,,,,723968,
6.370698,DELIVER,707,,,,724992,
6.370994,DELIVER,708,,,,726016,
6.371241,DELIVER,709,,,,727040,
6.410961,DELIVER,710,,,,728064,
6.411451,DELIVER,711,,,,729088,
6.415118,DELIVER,712,,,,730112,
6.415288,DELIVER,713,,,,731136,
6.416613,DELIVER,714,,,,732160,
6.416698,DELIVER,715,,,,733184,
6.416772,DELIVER,716,,,,734208,
6.416844,GAP,718,,,,734208,expected 717
6.419306,GAP,719,,,,734208,expected 717
6.419393,GAP,720,,,,734208,expected 717
6.419467,GAP,721,,,,734208,expected 717
6.419540,GAP,722,,,,734208,expected 717
6.419632,GAP,723,,,,734208,expected 717
6.421666,GAP,724,,,,734208,expected 717
6.449078,GAP,725,,,,734208,expected 717
6.449175,GAP,726,,,,734208,expected 717
6.471469,GAP,727,,,,734208,expected 717
6.471868,GAP,728,,,,734208,expected 717
6.472308,GAP,729,,,,734208,expected 717
6.473021,DELIVER,717,,,,735232,
6.473370,DELIVER,718,,,,736256,
6.473645,DELIVER,719,,,,737280,
6.474566,DELIVER,720,,,,738304,
6.474945,DELIVER,721,,,,739328,
6.475219,DELIVER,722,,,,740352,
6.475474,DELIVER,723,,,,741376,
6.475640,DELIVER,724,,,,742400,
6.475727,DELIVER,725,,,,743424,
6.475800,DELIVER,726,,,,744448,
6.475871,DELIVER,727,,,,745472,
6.475941,DELIVER,728,,,,746496,
6.476068,DELIVER,729,,,,747520,
6.521973,DELIVER,730,,,,748544,
6.522339,GAP,733,,,,748544,expected 731
6.525084,GAP,734,,,,748544,expected 731
6.525407,GAP,735,,,,748544,expected 731
6.528775,GAP,736,,,,748544,expected 731
6.529251,GAP,737,,,,748544,expected 731
6.529754,GAP,738,,,,748544,expected 731
6.530316,GAP,739,,,,748544,expected 731
6.530898,GAP,740,,,,748544,expected 731
6.531359,GAP,741,,,,748544,expected 731
6.531890,GAP,742,,,,748544,expected 731
6.532220,GAP,743,,,,748544,expected 731
6.577495,DELIVER,731,,,,749568,
6.577898,DELIVER,732,,,,750592,
6.578346,DELIVER,733,,,,751616,
6.578643,DELIVER,734,,,,752640,
6.578963,DELIVER,735,,,,753664,
6.579253,DELIVER,736,,,,754688,
6.579386,DELIVER,737,,,,755712,
6.579478,DELIVER,738,,,,756736,
6.579564,DELIVER,739,,,,757760,
6.579639,DELIVER,740,,,,758784,
6.579712,DELIVER,741,,,,759808,
6.579803,GAP,743,,,,759808,expected 742
6.612939,GAP,744,,,,759808,expected 742
6.630612,GAP,745,,,,759808,expected 742
6.630899,GAP,746,,,,759808,expected 742
6.631135,GAP,747,,,,759808,expected 742
6.631573,GAP,748,,,,759808,expected 742
6.631829,GAP,749,,,,759808,expected 742
6.632071,GAP,750,,,,759808,expected 742
6.632302,GAP,751,,,,759808,expected 742
6.632576,GAP,752,,,,759808,expected 742
6.632881,GAP,753,,,,759808,expected 742
6.633171,DELIVER,742,,,,760832,
6.633425,DELIVER,743,,,,761856,
6.633693,DELIVER,744,,,,762880,
6.638011,DELIVER,745,,,,763904,
6.638557,DELIVER,746,,,,764928,
6.639282,DELIVER,747,,,,765952,
6.639791,DELIVER,748,,,,766976,
6.640238,DELIVER,749,,,,768000,
6.640777,DELIVER,750,,,,769024,
6.641114,DELIVER,751,,,,770048,
6.641374,DELIVER,752,,,,771072,
6.641603,DELIVER,753,,,,772096,
6.641830,DELIVER,754,,,,773120,
6.642083,DELIVER,755,,,,774144,
6.680901,DELIVER,756,,,,775168,
6.685150,DELIVER,757,,,,776192,
6.686165,DELIVER,758,,,,777216,
6.687205,DELIVER,759,,,,778240,
6.687616,DELIVER,760,,,,779264,
6.688130,DELIVER,761,,,,780288,
6.689964,DELIVER,762,,,,781312,
6.692627,DELIVER,763,,,,782336,
6.693193,DELIVER,764,,,,783360,
6.693829,DELIVER,765,,,,784384,
6.694266,DELIVER,766,,,,785408,
6.694551,DELIVER,767,,,,786432,
6.695530,DELIVER,768,,,,787456,
6.695833,DELIVER,769,,,,788480,
6.696090,DELIVER,770,,,,789504,
6.719905,DELIVER,771,,,,790528,
6.728956,DELIVER,772,,,,791552,
6.729355,DELIVER,773,,,,792576,
6.732973,DELIVER,774,,,,793600,
6.733569,DELIVER,775,,,,794624,
6.734078,DELIVER,776,,,,795648,
6.734523,DELIVER,777,,,,796672,
6.740289,DELIVER,778,,,,797696,
6.740738,DELIVER,779,,,,798720,
6.742745,DELIVER,780,,,,799744,
6.743073,DELIVER,781,,,,800768,
6.743304,DELIVER,782,,,,801792,
6.743527,DELIVER,783,,,,802816,
6.743750,DELIVER,784,,,,803840,
6.744003,DELIVER,785,,,,804864,
6.759007,DELIVER,786,,,,805888,
6.760011,DELIVER,787,,,,806912,
6.775933,DELIVER,788,,,,807936,
6.776217,DELIVER,789,,,,808960,
6.776457,DELIVER,790,,,,809984,
6.779920,DELIVER,791,,,,811008,
6.780186,DELIVER,792,,,,812032,
6.780407,DELIVER,793,,,,813056,
6.784581,DELIVER,794,,,,814080,
6.789207,DELIVER,795,,,,815104,
6.794053,GAP,797,,,,815104,expected 796
6.794424,GAP,798,,,,815104,expected 796
6.794821,GAP,799,,,,815104,expected 796
6.797144,GAP,800,,,,815104,expected 796
6.797966,GAP,801,,,,815104,expected 796
6.798328,GAP,802,,,,815104,expected 796
6.804162,GAP,803,,,,815104,expected 796
6.804551,GAP,804,,,,815104,expected 796
6.816213,GAP,805,,,,815104,expected 796
6.822404,GAP,806,,,,815104,expected 796
6.822765,GAP,807,,,,815104,expected 796
6.831115,GAP,809,,,,815104,expected 796
6.831362,GAP,810,,,,815104,expected 796
6.835496,GAP,811,,,,815104,expected 796
6.835827,GAP,812,,,,815104,expected 796
6.838619,DELIVER,796,,,,816128,
6.838955,DELIVER,797,,,,817152,
6.839381,DELIVER,798,,,,818176,
6.839604,DELIVER,799,,,,819200,
6.839862,DELIVER,800,,,,820224,
6.840572,DELIVER,801,,,,821248,
6.840897,DELIVER,802,,,,822272,
6.841117,DELIVER,803,,,,823296,
6.841333,DELIVER,804,,,,824320,
6.841558,GAP,806,,,,824320,expected 805
6.841772,GAP,807,,,,824320,expected 805
6.841998,GAP,808,,,,824320,expected 805
6.842257,GAP,809,,,,824320,expected 805
6.842529,GAP,810,,,,824320,expected 805
6.893249,DELIVER,805,,,,825344,
6.893807,GAP,807,,,,825344,expected 806
6.894289,GAP,808,,,,825344,expected 806
6.894760,GAP,809,,,,825344,expected 806
6.895289,GAP,810,,,,825344,expected 806
6.895693,GAP,811,,,,825344,expected 806
6.896064,GAP,812,,,,825344,expected 806
6.896410,GAP,813,,,,825344,expected 806
6.896732,GAP,814,,,,825344,expected 806
6.897045,GAP,815,,,,825344,expected 806
6.897344,GAP,816,,,,825344,expected 806
6.897636,GAP,817,,,,825344,expected 806
6.897929,GAP,818,,,,825344,expected 806
6.898194,GAP,819,,,,825344,expected 806
6.898478,GAP,820,,,,825344,expected 806
6.947918,DELIVER,806,,,,826368,
6.948408,GAP,808,,,,826368,expected 807
6.948734,GAP,809,,,,826368,expected 807
6.949014,GAP,810,,,,826368,expected 807
6.949252,GAP,811,,,,826368,expected 807
6.949501,GAP,812,,,,826368,expected 807
6.949735,GAP,813,,,,826368,expected 807
6.949984,GAP,814,,,,826368,expected 807
6.950242,GAP,815,,,,826368,expected 807
6.950507,GAP,816,,,,826368,expected 807
6.950763,GAP,817,,,,826368,expected 807
6.951093,GAP,818,,,,826368,expected 807
6.951325,GAP,819,,,,826368,expected 807
6.951546,GAP,820,,,,826368,expected 807
6.951835,GAP,821,,,,826368,expected 807
7.006332,DELIVER,807,,,,827392,
7.006755,DELIVER,808,,,,828416,
7.007089,DELIVER,809,,,,829440,
7.007578,DELIVER,810,,,,830464,
7.008052,DELIVER,811,,,,831488,
7.008479,DELIVER,812,,,,832512,
7.008820,DELIVER,813,,,,833536,
7.009130,DELIVER,814,,,,834560,
7.009471,DELIVER,815,,,,835584,
7.009845,DELIVER,816,,,,836608,
7.010221,DELIVER,817,,,,837632,
7.010602,DELIVER,818,,,,838656,
7.010966,GAP,820,,,,838656,expected 819
7.011259,GAP,821,,,,838656,expected 819
7.011550,GAP,822,,,,838656,expected 819
7.047883,GAP,824,,,,838656,expected 819
7.050519,DELIVER,819,,,,839680,
7.058081,GAP,821,,,,839680,expected 820
7.058482,GAP,822,,,,839680,expected 820
7.058794,GAP,823,,,,839680,expected 820
7.059503,GAP,824,,,,839680,expected 820
7.059749,GAP,825,,,,839680,expected 820
7.060005,GAP,826,,,,839680,expected 820
7.060394,GAP,827,,,,839680,expected 820
7.065816,GAP,828,,,,839680,expected 820
7.066222,GAP,829,,,,839680,expected 820
7.066494,GAP,830,,,,839680,expected 820
7.066712,GAP,831,,,,839680,expected 820
7.066935,GAP,832,,,,839680,expected 820
7.096769,GAP,834,,,,839680,expected 820
7.106326,DELIVER,820,,,,840704,
7.107210,DELIVER,821,,,,841728,
7.107530,DELIVER,822,,,,842752,
7.108001,DELIVER,823,,,,843776,
7.114074,DELIVER,824,,,,844800,
7.114402,DELIVER,825,,,,845824,
7.114688,DELIVER,826,,,,846848,
7.114896,DELIVER,827,,,,847872,
7.115176,DELIVER,828,,,,848896,
7.115525,DELIVER,829,,,,849920,
7.115832,DELIVER,830,,,,850944,
7.116113,DELIVER,831,,,,851968,
7.116371,DELIVER,832,,,,852992,
7.116612,DELIVER,833,,,,854016,
7.116867,DELIVER,834,,,,855040,
7.148825,DELIVER,835,,,,856064,
7.149112,DELIVER,836,,,,857088,
7.153220,DELIVER,837,,,,858112,
7.168649,DELIVER,838,,,,859136,
7.168930,DELIVER,839,,,,860160,
7.169141,DELIVER,840,,,,861184,
7.169413,DELIVER,841,,,,862208,
7.169732,DELIVER,842,,,,863232,
7.170240,DELIVER,843,,,,864256,
7.170933,DELIVER,844,,,,865280,
7.171511,DELIVER,845,,,,866304,
7.172213,DELIVER,846,,,,867328,
7.172701,DELIVER,847,,,,868352,
7.174529,DELIVER,848,,,,869376,
7.175429,DELIVER,849,,,,870400,
7.175856,DELIVER,850,,,,871424,
7.194545,DELIVER,851,,,,872448,
7.197367,GAP,853,,,,872448,expected 852
7.214085,GAP,854,,,,872448,expected 852
7.225324,GAP,855,,,,872448,expected 852
7.225423,GAP,856,,,,872448,expected 852
7.225521,GAP,857,,,,872448,expected 852
7.225610,GAP,858,,,,872448,expected 852
7.225686,GAP,859,,,,872448,expected 852
7.225758,GAP,860,,,,872448,expected 852
7.225830,GAP,861,,,,872448,expected 852
7.225901,GAP,862,,,,872448,expected 852
7.225971,GAP,863,,,,872448,expected 852
7.226042,GAP,864,,,,872448,expected 852
7.226113,GAP,866,,,,872448,expected 852
7.226183,GAP,867,,,,872448,expected 852
7.234497,GAP,868,,,,872448,expected 852
7.234847,DELIVER,852,,,,873472,
7.243469,DELIVER,853,,,,874496,
7.243769,DELIVER,854,,,,875520,
7.244043,DELIVER,855,,,,876544,
7.244303,DELIVER,856,,,,877568,
7.244590,DELIVER,857,,,,878592,
7.245564,DELIVER,858,,,,879616,
7.246064,DELIVER,859,,,,880640,
7.247476,DELIVER,860,,,,881664,
7.247950,DELIVER,861,,,,882688,
7.249425,DELIVER,862,,,,883712,
7.249813,GAP,864,,,,883712,expected 863
7.250201,GAP,865,,,,883712,expected 863
7.250556,GAP,866,,,,883712,expected 863
7.270747,GAP,867,,,,883712,expected 863
7.285528,GAP,868,,,,883712,expected 863
7.293940,GAP,869,,,,883712,expected 863
7.294228,GAP,870,,,,883712,expected 863
7.294499,GAP,871,,,,883712,expected 863
7.299354,GAP,872,,,,883712,expected 863
7.299786,GAP,873,,,,883712,expected 863
7.300193,GAP,874,,,,883712,expected 863
7.300678,GAP,875,,,,883712,expected 863
7.301044,DELIVER,863,,,,884736,
7.304705,DELIVER,864,,,,885760,
7.305251,DELIVER,865,,,,886784,
7.305991,DELIVER,866,,,,887808,
7.306813,DELIVER,867,,,,888832,
7.307231,DELIVER,868,,,,889856,
7.307710,DELIVER,869,,,,890880,
7.307995,DELIVER,870,,,,891904,
7.308569,DELIVER,871,,,,892928,
7.308927,DELIVER,872,,,,893952,
7.309181,DELIVER,873,,,,894976,
7.309451,DELIVER,874,,,,896000,
7.309749,DELIVER,875,,,,897024,
7.309973,DELIVER,876,,,,898048,
7.310195,DELIVER,877,,,,899072,
7.349773,DELIVER,878,,,,900096,
7.350508,DELIVER,879,,,,901120,
7.351059,DELIVER,880,,,,902144,
7.356844,DELIVER,881,,,,903168,
7.357239,DELIVER,882,,,,904192,
7.357628,DELIVER,883,,,,905216,
7.360686,DELIVER,884,,,,906240,
7.361086,DELIVER,885,,,,907264,
7.361461,DELIVER,886,,,,908288,
7.361844,DELIVER,887,,,,909312,
7.362209,DELIVER,888,,,,910336,
7.362553,DELIVER,889,,,,911360,
7.363661,DELIVER,890,,,,912384,
7.363966,DELIVER,891,,,,913408,
7.364237,DELIVER,892,,,,914432,
7.364591,DELIVER,893,,,,915456,
7.390773,DELIVER,894,,,,916480,
7.404312,DELIVER,895,,,,917504,
7.405073,DELIVER,896,,,,918528,
7.405576,DELIVER,897,,,,919552,
7.407045,DELIVER,898,,,,920576,
7.407622,DELIVER,899,,,,921600,
7.408032,DELIVER,900,,,,922624,
7.408327,DELIVER,901,,,,923648,
7.408600,DELIVER,902,,,,924672,
7.408956,DELIVER,903,,,,925696,
7.409315,DELIVER,904,,,,926720,
7.409801,DELIVER,905,,,,927744,
7.415567,DELIVER,906,,,,928768,
7.415819,DELIVER,907,,,,929792,
7.418067,DELIVER,908,,,,930816,
7.418389,DELIVER,909,,,,931840,
7.418783,DELIVER,910,,,,932864,
7.430841,DELIVER,911,,,,933888,
7.443946,DELIVER,912,,,,934912,
7.444352,DELIVER,913,,,,935936,
7.446772,DELIVER,914,,,,936960,
7.449085,DELIVER,915,,,,937984,
7.449467,DELIVER,916,,,,939008,
7.451392,DELIVER,917,,,,940032,
7.451774,DELIVER,918,,,,941056,
7.456077,DELIVER,919,,,,942080,
7.456493,DELIVER,920,,,,943104,
7.456865,DELIVER,921,,,,944128,
7.458695,DELIVER,922,,,,945152,
7.459008,DELIVER,923,,,,946176,
7.459280,DELIVER,924,,,,947200,
7.459538,DELIVER,925,,,,948224,
7.467557,DELIVER,926,,,,949248,
7.467930,DELIVER,927,,,,950272,
7.468274,DELIVER,928,,,,951296,
7.470676,DELIVER,929,,,,952320,
7.482471,GAP,931,,,,952320,expected 930
7.494326,GAP,932,,,,952320,expected 930
7.494563,GAP,933,,,,952320,expected 930
7.495529,GAP,934,,,,952320,expected 930
7.495776,GAP,935,,,,952320,expected 930
7.500443,GAP,936,,,,952320,expected 930
7.507197,GAP,937,,,,952320,expected 930
7.508008,GAP,938,,,,952320,expected 930
7.508311,GAP,939,,,,952320,expected 930
7.508581,GAP,940,,,,952320,expected 930
7.508912,GAP,941,,,,952320,expected 930
7.509118,GAP,942,,,,952320,expected 930
7.511093,GAP,943,,,,952320,expected 930
7.511350,GAP,944,,,,952320,expected 930
7.513742,GAP,945,,,,952320,expected 930
7.523049,GAP,946,,,,952320,expected 930
7.523361,GAP,947,,,,952320,expected 930
7.523665,GAP,948,,,,952320,expected 930
7.523963,GAP,931,,,,952320,expected 930
7.524236,GAP,932,,,,952320,expected 930
7.524513,GAP,933,,,,952320,expected 930
7.524810,GAP,934,,,,952320,expected 930
7.525086,GAP,935,,,,952320,expected 930
7.525363,GAP,936,,,,952320,expected 930
7.526399,GAP,937,,,,952320,expected 930
7.531380,GAP,938,,,,952320,expected 930
7.531698,GAP,939,,,,952320,expected 930
7.531986,GAP,940,,,,952320,expected 930
7.532273,GAP,941,,,,952320,expected 930
7.532618,GAP,942,,,,952320,expected 930
7.532901,GAP,943,,,,952320,expected 930
7.533172,GAP,944,,,,952320,expected 930
7.533421,GAP,946,,,,952320,expected 930
7.731112,DELIVER,930,,,,953344,
7.731432,DELIVER,931,,,,954368,
7.731663,GAP,934,,,,954368,expected 932
7.731904,GAP,935,,,,954368,expected 932
7.735839,GAP,936,,,,954368,expected 932
7.736306,GAP,937,,,,954368,expected 932
7.736521,GAP,938,,,,954368,expected 932
7.736723,GAP,939,,,,954368,expected 932
7.736925,GAP,940,,,,954368,expected 932
7.737151,GAP,941,,,,954368,expected 932
7.737445,GAP,942,,,,954368,expected 932
7.737736,GAP,943,,,,954368,expected 932
7.738046,GAP,944,,,,954368,expected 932
7.738358,GAP,945,,,,954368,expected 932
7.738620,GAP,946,,,,954368,expected 932
7.776981,GAP,947,,,,954368,expected 932
7.777458,DELIVER,932,,,,955392,
7.779812,DELIVER,933,,,,956416,
7.780370,DELIVER,934,,,,957440,
7.780741,DELIVER,935,,,,958464,
7.781137,DELIVER,936,,,,959488,
7.781539,DELIVER,937,,,,960512,
7.781908,DELIVER,938,,,,961536,
7.782312,DELIVER,939,,,,962560,
7.782688,DELIVER,940,,,,963584,
7.783022,DELIVER,941,,,,964608,
7.783430,DELIVER,942,,,,965632,
7.783851,DELIVER,943,,,,966656,
7.784286,DELIVER,944,,,,967680,
7.784600,DELIVER,945,,,,968704,
7.784947,DELIVER,946,,,,969728,
7.785192,DELIVER,947,,,,970752,
7.785439,DELIVER,948,,,,971776,
7.834432,DELIVER,949,,,,972800,
7.834797,DELIVER,950,,,,973824,
7.835135,GAP,952,,,,973824,expected 951
7.835681,GAP,953,,,,973824,expected 951
7.836255,GAP,954,,,,973824,expected 951
7.836598,GAP,955,,,,973824,expected 951
7.836836,GAP,956,,,,973824,expected 951
7.837050,GAP,957,,,,973824,expected 951
7.837618,GAP,958,,,,973824,expected 951
7.837984,GAP,959,,,,973824,expected 951
7.838406,GAP,960,,,,973824,expected 951
7.838763,GAP,961,,,,973824,expected 951
7.839070,GAP,962,,,,973824,expected 951
7.839418,GAP,963,,,,973824,expected 951
7.839783,GAP,964,,,,973824,expected 951
7.841046,GAP,965,,,,973824,expected 951
7.876307,GAP,966,,,,973824,expected 951
7.881578,GAP,967,,,,973824,expected 951
7.881960,DELIVER,951,,,,974848,
7.882214,GAP,953,,,,974848,expected 952
7.882472,GAP,954,,,,974848,expected 952
7.888450,GAP,955,,,,974848,expected 952
7.888844,GAP,956,,,,974848,expected 952
7.889547,GAP,957,,,,974848,expected 952
7.890097,GAP,958,,,,974848,expected 952
7.890619,GAP,959,,,,974848,expected 952
7.891071,GAP,960,,,,974848,expected 952
7.891618,GAP,961,,,,974848,expected 952
7.891897,GAP,962,,,,974848,expected 952
7.892212,GAP,963,,,,974848,expected 952
7.892475,GAP,964,,,,974848,expected 952
7.892711,GAP,965,,,,974848,expected 952
7.893069,GAP,966,,,,974848,expected 952
7.942831,DELIVER,952,,,,975872,
7.943164,DELIVER,953,,,,976896,
7.943592,DELIVER,954,,,,977920,
7.943975,DELIVER,955,,,,978944,
7.944280,DELIVER,956,,,,979968,
7.944545,DELIVER,957,,,,980992,
7.944812,DELIVER,958,,,,982016,
7.945064,DELIVER,959,,,,983040,
7.945334,DELIVER,960,,,,984064,
7.945597,DELIVER,961,,,,985088,
7.945861,DELIVER,962,,,,986112,
7.946150,DELIVER,963,,,,987136,
7.946359,DELIVER,964,,,,988160,
7.946509,DELIVER,965,,,,989184,
7.946650,DELIVER,966,,,,990208,
7.946791,DELIVER,967,,,,991232,
7.993963,DELIVER,968,,,,992256,
7.994280,DELIVER,969,,,,993280,
7.996675,DELIVER,970,,,,994304,
7.996968,DELIVER,971,,,,995328,
7.999405,DELIVER,972,,,,996352,
7.999838,DELIVER,973,,,,997376,
8.000306,DELIVER,974,,,,998400,
8.000629,DELIVER,975,,,,999424,
8.000861,DELIVER,976,,,,1000448,
8.001070,DELIVER,977,,,,1001472,
8.003049,DELIVER,978,,,,1002496,
8.003922,DELIVER,979,,,,1003520,
8.004544,DELIVER,980,,,,1004544,
8.004785,DELIVER,981,,,,1005568,
8.005137,DELIVER,982,,,,1006592,
8.005395,DELIVER,983,,,,1007616,
8.005604,DELIVER,984,,,,1008640,
8.040835,DELIVER,985,,,,1009664,
8.041155,DELIVER,986,,,,1010688,
8.048069,GAP,988,,,,1010688,expected 987
8.048396,GAP,989,,,,1010688,expected 987
8.048658,GAP,990,,,,1010688,expected 987
8.048916,GAP,991,,,,1010688,expected 987
8.049162,GAP,992,,,,1010688,expected 987
8.049369,GAP,993,,,,1010688,expected 987
8.049603,GAP,994,,,,1010688,expected 987
8.055213,GAP,996,,,,1010688,expected 987
8.055587,GAP,997,,,,1010688,expected 987
8.056378,GAP,998,,,,1010688,expected 987
8.056713,GAP,999,,,,1010688,expected 987
8.057249,GAP,1000,,,,1010688,expected 987
8.057840,GAP,1001,,,,1010688,expected 987
8.087791,GAP,1002,,,,1010688,expected 987
8.088331,GAP,1003,,,,1010688,expected 987
8.088983,GAP,1004,,,,1010688,expected 987
8.094841,DELIVER,987,,,,1011712,
8.095150,DELIVER,988,,,,1012736,
8.099012,DELIVER,989,,,,1013760,
8.099401,DELIVER,990,,,,1014784,
8.099711,DELIVER,991,,,,1015808,
8.100035,DELIVER,992,,,,1016832,
8.100317,DELIVER,993,,,,1017856,
8.100552,DELIVER,994,,,,1018880,
8.100823,DELIVER,995,,,,1019904,
8.101112,DELIVER,996,,,,1020928,
8.101378,DELIVER,997,,,,1021952,
8.101683,DELIVER,998,,,,1022976,
8.101971,DELIVER,999,,,,1024000,
8.102603,DELIVER,1000,,,,1025024,
8.103287,DELIVER,1001,,,,1026048,
8.103595,DELIVER,1002,,,,1027072,
8.134274,DELIVER,1003,,,,1028096,
8.141037,DELIVER,1004,,,,1029120,
8.146071,DELIVER,1005,,,,1030144,
8.146512,DELIVER,1006,,,,1031168,
8.146897,DELIVER,1007,,,,1032192,
8.147191,DELIVER,1008,,,,1033216,
8.150009,DELIVER,1009,,,,1034240,
8.150413,DELIVER,1010,,,,1035264,
8.150699,DELIVER,1011,,,,1036288,
8.151138,DELIVER,1012,,,,1037312,
8.152783,DELIVER,1013,,,,1038336,
8.155644,DELIVER,1014,,,,1039360,
8.156159,DELIVER,1015,,,,1040384,
8.156880,DELIVER,1016,,,,1041408,
8.157366,DELIVER,1017,,,,1042432,
8.157677,DELIVER,1018,,,,1043456,
8.158324,DELIVER,1019,,,,1044480,
8.181053,DELIVER,1020,,,,1045504,
8.185564,DELIVER,1021,,,,1046528,
8.187995,DELIVER,1022,,,,1047552,
8.199238,DELIVER,1023,,,,1048576,
8.199856,DELIVER,1024,,,,1049600,
8.200196,DELIVER,1025,,,,1050624,
8.200535,GAP,1027,,,,1050624,expected 1026
8.200950,GAP,1028,,,,1050624,expected 1026
8.201355,GAP,1029,,,,1050624,expected 1026
8.201709,GAP,1030,,,,1050624,expected 1026
8.202001,GAP,1031,,,,1050624,expected 1026
8.204894,GAP,1032,,,,1050624,expected 1026
8.205562,GAP,1033,,,,1050624,expected 1026
8.205877,GAP,1034,,,,1050624,expected 1026
8.206143,GAP,1035,,,,1050624,expected 1026
8.207526,GAP,1036,,,,1050624,expected 1026
8.208266,GAP,1037,,,,1050624,expected 1026
8.233545,GAP,1038,,,,1050624,expected 1026
8.233961,GAP,1039,,,,1050624,expected 1026
8.237915,GAP,1040,,,,1050624,expected 1026
8.258052,DELIVER,1026,,,,1051648,
8.259317,DELIVER,1027,,,,1052672,
8.259596,DELIVER,1028,,,,1053696,
8.259972,DELIVER,1029,,,,1054720,
8.260298,GAP,1031,,,,1054720,expected 1030
8.260565,GAP,1032,,,,1054720,expected 1030
8.260800,GAP,1033,,,,1054720,expected 1030
8.261104,GAP,1034,,,,1054720,expected 1030
8.261406,GAP,1035,,,,1054720,expected 1030
8.261744,GAP,1036,,,,1054720,expected 1030
8.262015,GAP,1037,,,,1054720,expected 1030
8.262254,GAP,1038,,,,1054720,expected 1030
8.262552,GAP,1039,,,,1054720,expected 1030
8.262847,GAP,1040,,,,1054720,expected 1030
8.263108,GAP,1041,,,,1054720,expected 1030
8.298193,GAP,1042,,,,1054720,expected 1030
8.308541,GAP,1043,,,,1054720,expected 1030
8.308874,GAP,1044,,,,1054720,expected 1030
8.313286,DELIVER,1030,,,,1055744,
8.313771,DELIVER,1031,,,,1056768,
8.315100,DELIVER,1032,,,,1057792,
8.315421,DELIVER,1033,,,,1058816,
8.315964,DELIVER,1034,,,,1059840,
8.316252,DELIVER,1035,,,,1060864,
8.316487,DELIVER,1036,,,,1061888,
8.316722,DELIVER,1037,,,,1062912,
8.317059,DELIVER,1038,,,,1063936,
8.317263,DELIVER,1039,,,,1064960,
8.317551,DELIVER,1040,,,,1065984,
8.317851,DELIVER,1041,,,,1067008,
8.318107,DELIVER,1042,,,,1068032,
8.318358,DELIVER,1043,,,,1069056,
8.318628,DELIVER,1044,,,,1070080,
8.318880,DELIVER,1045,,,,1071104,
8.354476,DELIVER,1046,,,,1072128,
8.354798,DELIVER,1047,,,,1073152,
8.363263,DELIVER,1048,,,,1074176,
8.368350,DELIVER,1049,,,,1075200,
8.368588,DELIVER,1050,,,,1076224,
8.368887,DELIVER,1051,,,,1077248,
8.369136,DELIVER,1052,,,,1078272,
8.370100,DELIVER,1053,,,,1079296,
8.370480,DELIVER,1054,,,,1080320,
8.370905,DELIVER,1055,,,,1081344,
8.371144,DELIVER,1056,,,,1082368,
8.372518,DELIVER,1057,,,,1083392,
8.372893,DELIVER,1058,,,,1084416,
8.373137,DELIVER,1059,,,,1085440,
8.373476,DELIVER,1060,,,,1086464,
8.373731,GAP,1062,,,,1086464,expected 1061
8.397032,GAP,1064,,,,1086464,expected 1061
8.400773,GAP,1065,,,,1086464,expected 1061
8.412876,GAP,1066,,,,1086464,expected 1061
8.413205,GAP,1067,,,,1086464,expected 1061
8.413456,GAP,1068,,,,1086464,expected 1061
8.413695,GAP,1069,,,,1086464,expected 1061
8.423847,GAP,1070,,,,1086464,expected 1061
8.424625,GAP,1071,,,,1086464,expected 1061
8.424921,GAP,1072,,,,1086464,expected 1061
8.425131,GAP,1073,,,,1086464,expected 1061
8.425349,GAP,1074,,,,1086464,expected 1061
8.425738,GAP,1075,,,,1086464,expected 1061
8.426034,GAP,1076,,,,1086464,expected 1061
8.426294,GAP,1077,,,,1086464,expected 1061
8.426539,GAP,1078,,,,1086464,expected 1061
8.426868,DELIVER,1061,,,,1087488,
8.433996,DELIVER,1062,,,,1088512,
8.434211,DELIVER,1063,,,,1089536,
8.434409,DELIVER,1064,,,,1090560,
8.434608,DELIVER,1065,,,,1091584,
8.434802,DELIVER,1066,,,,1092608,
8.434996,DELIVER,1067,,,,1093632,
8.435188,DELIVER,1068,,,,1094656,
8.435572,DELIVER,1069,,,,1095680,
8.435772,DELIVER,1070,,,,1096704,
8.435966,DELIVER,1071,,,,1097728,
8.436160,DELIVER,1072,,,,1098752,
8.436352,DELIVER,1073,,,,1099776,
8.436544,DELIVER,1074,,,,1100800,
8.438937,DELIVER,1075,,,,1101824,
8.439146,DELIVER,1076,,,,1102848,
8.471830,DELIVER,1077,,,,1103872,
8.479699,DELIVER,1078,,,,1104896,
8.483206,DELIVER,1079,,,,1105920,
8.483540,DELIVER,1080,,,,1106944,
8.483823,DELIVER,1081,,,,1107968,
8.484068,DELIVER,1082,,,,1108992,
8.484328,GAP,1084,,,,1108992,expected 1083
8.488900,GAP,1085,,,,1108992,expected 1083
8.489415,GAP,1086,,,,1108992,expected 1083
8.490402,GAP,1088,,,,1108992,expected 1083
8.490913,GAP,1089,,,,1108992,expected 1083
8.491285,GAP,1090,,,,1108992,expected 1083
8.491571,GAP,1091,,,,1108992,expected 1083
8.492426,GAP,1092,,,,1108992,expected 1083
8.514894,GAP,1093,,,,1108992,expected 1083
8.515197,GAP,1094,,,,1108992,expected 1083
8.527848,GAP,1095,,,,1108992,expected 1083
8.528224,GAP,1096,,,,1108992,expected 1083
8.528497,GAP,1097,,,,1108992,expected 1083
8.533032,DELIVER,1083,,,,1110016,
8.533409,DELIVER,1084,,,,1111040,
8.533897,DELIVER,1085,,,,1112064,
8.534454,DELIVER,1086,,,,1113088,
8.534778,DELIVER,1087,,,,1114112,
8.535055,DELIVER,1088,,,,1115136,
8.535421,DELIVER,1089,,,,1116160,
8.535753,DELIVER,1090,,,,1117184,
8.536099,DELIVER,1091,,,,1118208,
8.536388,DELIVER,1092,,,,1119232,
8.536653,DELIVER,1093,,,,1120256,
8.536928,DELIVER,1094,,,,1121280,
8.537255,DELIVER,1095,,,,1122304,
8.537563,DELIVER,1096,,,,1123328,
8.537935,DELIVER,1097,,,,1124352,
8.588072,DELIVER,1098,,,,1125376,
8.588488,DELIVER,1099,,,,1126400,
8.589092,DELIVER,1100,,,,1127424,
8.589325,DELIVER,1101,,,,1128448,
8.589634,DELIVER,1102,,,,1129472,
8.590410,DELIVER,1103,,,,1130496,
8.590771,GAP,1105,,,,1130496,expected 1104
8.591096,GAP,1106,,,,1130496,expected 1104
8.591365,GAP,1107,,,,1130496,expected 1104
8.591625,GAP,1108,,,,1130496,expected 1104
8.591881,GAP,1109,,,,1130496,expected 1104
8.592135,GAP,1110,,,,1130496,expected 1104
8.592393,GAP,1111,,,,1130496,expected 1104
8.592647,GAP,1112,,,,1130496,expected 1104
8.592915,GAP,1113,,,,1130496,expected 1104
8.634886,GAP,1114,,,,1130496,expected 1104
8.635181,GAP,1115,,,,1130496,expected 1104
8.635527,GAP,1116,,,,1130496,expected 1104
8.635816,GAP,1117,,,,1130496,expected 1104
8.636846,GAP,1118,,,,1130496,expected 1104
8.639362,DELIVER,1104,,,,1131520,
8.639811,DELIVER,1105,,,,1132544,
8.645356,DELIVER,1106,,,,1133568,
8.645614,DELIVER,1107,,,,1134592,
8.645862,DELIVER,1108,,,,1135616,
8.646111,DELIVER,1109,,,,1136640,
8.646358,DELIVER,1110,,,,1137664,
8.646606,DELIVER,1111,,,,1138688,
8.646854,DELIVER,1112,,,,1139712,
8.647106,DELIVER,1113,,,,1140736,
8.647376,DELIVER,1114,,,,1141760,
8.647625,DELIVER,1115,,,,1142784,
8.647871,DELIVER,1116,,,,1143808,
8.648122,DELIVER,1117,,,,1144832,
8.648367,DELIVER,1118,,,,1145856,
8.682687,DELIVER,1119,,,,1146880,
8.688010,DELIVER,1120,,,,1147904,
8.688383,DELIVER,1121,,,,1148928,
8.691486,DELIVER,1122,,,,1149952,
8.694833,DELIVER,1123,,,,1150976,
8.695181,DELIVER,1124,,,,1152000,
8.695452,DELIVER,1125,,,,1153024,
8.700810,DELIVER,1126,,,,1154048,
8.701242,DELIVER,1127,,,,1155072,
8.701652,DELIVER,1128,,,,1156096,
8.703495,DELIVER,1129,,,,1157120,
8.703844,DELIVER,1130,,,,1158144,
8.704100,DELIVER,1131,,,,1159168,
8.704493,DELIVER,1132,,,,1160192,
8.704815,DELIVER,1133,,,,1161216,
8.705077,DELIVER,1134,,,,1162240,
8.728316,DELIVER,1135,,,,1163264,
8.728665,DELIVER,1136,,,,1164288,
8.733732,DELIVER,1137,,,,1165312,
8.744907,GAP,1139,,,,1165312,expected 1138
8.745616,GAP,1140,,,,1165312,expected 1138
8.747996,GAP,1141,,,,1165312,expected 1138
8.748465,GAP,1142,,,,1165312,expected 1138
8.749651,GAP,1143,,,,1165312,expected 1138
8.750285,GAP,1144,,,,1165312,expected 1138
8.754046,GAP,1145,,,,1165312,expected 1138
8.755803,GAP,1146,,,,1165312,expected 1138
8.756749,GAP,1147,,,,1165312,expected 1138
8.758335,GAP,1148,,,,1165312,expected 1138
8.758765,GAP,1149,,,,1165312,expected 1138
8.759122,GAP,1150,,,,1165312,expected 1138
8.759520,GAP,1151,,,,1165312,expected 1138
8.775392,GAP,1152,,,,1165312,expected 1138
8.779528,GAP,1153,,,,1165312,expected 1138
8.785224,GAP,1154,,,,1165312,expected 1138
8.792380,DELIVER,1138,,,,1166336,
8.800633,DELIVER,1139,,,,1167360,
8.800973,GAP,1143,,,,1167360,expected 1140
8.801257,GAP,1144,,,,1167360,expected 1140
8.803588,GAP,1145,,,,1167360,expected 1140
8.804161,GAP,1146,,,,1167360,expected 1140
8.804455,GAP,1147,,,,1167360,expected 1140
8.804728,GAP,1148,,,,1167360,expected 1140
8.804965,GAP,1149,,,,1167360,expected 1140
8.805329,GAP,1150,,,,1167360,expected 1140
8.805614,GAP,1151,,,,1167360,expected 1140
8.805963,GAP,1152,,,,1167360,expected 1140
8.840571,GAP,1153,,,,1167360,expected 1140
8.841371,DELIVER,1140,,,,1168384,
8.841660,DELIVER,1141,,,,1169408,
8.847876,DELIVER,1142,,,,1170432,
8.848167,DELIVER,1143,,,,1171456,
8.848467,DELIVER,1144,,,,1172480,
8.848741,DELIVER,1145,,,,1173504,
8.849002,DELIVER,1146,,,,1174528,
8.849238,DELIVER,1147,,,,1175552,
8.849511,DELIVER,1148,,,,1176576,
8.849774,DELIVER,1149,,,,1177600,
8.850079,DELIVER,1150,,,,1178624,
8.850376,DELIVER,1151,,,,1179648,
8.850819,DELIVER,1152,,,,1180672,
8.852508,DELIVER,1153,,,,1181696,
8.852812,DELIVER,1154,,,,1182720,
8.892787,DELIVER,1155,,,,1183744,
8.893136,DELIVER,1156,,,,1184768,
8.894707,DELIVER,1157,,,,1185792,
8.900527,DELIVER,1158,,,,1186816,
8.900966,DELIVER,1159,,,,1187840,
8.901367,DELIVER,1160,,,,1188864,
8.901790,DELIVER,1161,,,,1189888,
8.902419,DELIVER,1162,,,,1190912,
8.906417,DELIVER,1163,,,,1191936,
8.906783,DELIVER,1164,,,,1192960,
8.907033,DELIVER,1165,,,,1193984,
8.907363,DELIVER,1166,,,,1195008,
8.907677,DELIVER,1167,,,,1196032,
8.908825,DELIVER,1168,,,,1197056,
8.909176,DELIVER,1169,,,,1198080,
8.910336,DELIVER,1170,,,,1199104,
8.940012,DELIVER,1171,,,,1200128,
8.940345,DELIVER,1172,,,,1201152,
8.940686,DELIVER,1173,,,,1202176,
8.940999,DELIVER,1174,,,,1203200,
8.958131,DELIVER,1175,,,,1204224,
8.958464,DELIVER,1176,,,,1205248,
8.958756,DELIVER,1177,,,,1206272,
8.959018,DELIVER,1178,,,,1207296,
8.959349,GAP,1180,,,,1207296,expected 1179
8.959607,GAP,1181,,,,1207296,expected 1179
8.961318,GAP,1182,,,,1207296,expected 1179
8.961593,GAP,1183,,,,1207296,expected 1179
8.961887,GAP,1185,,,,1207296,expected 1179
8.962135,GAP,1186,,,,1207296,expected 1179
8.962379,GAP,1187,,,,1207296,expected 1179
8.982559,GAP,1188,,,,1207296,expected 1179
8.987186,GAP,1189,,,,1207296,expected 1179
8.987335,GAP,1190,,,,1207296,expected 1179
8.987739,GAP,1191,,,,1207296,expected 1179
9.003545,DELIVER,1179,,,,1208320,
9.007280,DELIVER,1180,,,,1209344,
9.007572,DELIVER,1181,,,,1210368,
9.007821,DELIVER,1182,,,,1211392,
9.009985,DELIVER,1183,,,,1212416,
9.010299,DELIVER,1184,,,,1213440,
9.010548,DELIVER,1185,,,,1214464,
9.010857,DELIVER,1186,,,,1215488,
9.011133,DELIVER,1187,,,,1216512,
9.011399,DELIVER,1188,,,,1217536,
9.011640,DELIVER,1189,,,,1218560,
9.011891,DELIVER,1190,,,,1219584,
9.012171,DELIVER,1191,,,,1220608,
9.012622,DELIVER,1192,,,,1221632,
9.012898,DELIVER,1193,,,,1222656,
9.045448,DELIVER,1194,,,,1223680,
9.049696,DELIVER,1195,,,,1224704,
9.050090,DELIVER,1196,,,,1225728,
9.050432,DELIVER,1197,,,,1226752,
9.062359,DELIVER,1198,,,,1227776,
9.062632,DELIVER,1199,,,,1228800,
9.062876,DELIVER,1200,,,,1229824,
9.063087,DELIVER,1201,,,,1230848,
9.063318,DELIVER,1202,,,,1231872,
9.063790,DELIVER,1203,,,,1232896,
9.064017,DELIVER,1204,,,,1233920,
9.065570,GAP,1206,,,,1233920,expected 1205
9.066202,GAP,1207,,,,1233920,expected 1205
9.066847,GAP,1208,,,,1233920,expected 1205
9.067348,GAP,1209,,,,1233920,expected 1205
9.091733,GAP,1211,,,,1233920,expected 1205
9.100270,GAP,1212,,,,1233920,expected 1205
9.100595,GAP,1213,,,,1233920,expected 1205
9.106280,GAP,1214,,,,1233920,expected 1205
9.106990,GAP,1215,,,,1233920,expected 1205
9.120349,GAP,1216,,,,1233920,expected 1205
9.120783,GAP,1217,,,,1233920,expected 1205
9.121383,GAP,1218,,,,1233920,expected 1205
9.121756,GAP,1219,,,,1233920,expected 1205
9.122182,DELIVER,1205,,,,1234944,
9.122428,DELIVER,1206,,,,1235968,
9.122896,DELIVER,1207,,,,1236992,
9.123182,DELIVER,1208,,,,1238016,
9.123549,DELIVER,1209,,,,1239040,
9.123795,DELIVER,1210,,,,1240064,
9.124049,DELIVER,1211,,,,1241088,
9.124155,DELIVER,1212,,,,1242112,
9.124240,GAP,1214,,,,1242112,expected 1213
9.124324,GAP,1215,,,,1242112,expected 1213
9.124416,GAP,1216,,,,1242112,expected 1213
9.124523,GAP,1217,,,,1242112,expected 1213
9.124615,GAP,1219,,,,1242112,expected 1213
9.165821,GAP,1220,,,,1242112,expected 1213
9.172266,GAP,1221,,,,1242112,expected 1213
9.172714,GAP,1222,,,,1242112,expected 1213
9.173181,GAP,1223,,,,1242112,expected 1213
9.173646,GAP,1224,,,,1242112,expected 1213
9.175488,GAP,1225,,,,1242112,expected 1213
9.175805,DELIVER,1213,,,,1243136,
9.176071,DELIVER,1214,,,,1244160,
9.179128,GAP,1216,,,,1244160,expected 1215
9.179616,GAP,1217,,,,1244160,expected 1215
9.180475,GAP,1218,,,,1244160,expected 1215
9.180771,GAP,1219,,,,1244160,expected 1215
9.181081,GAP,1220,,,,1244160,expected 1215
9.181370,GAP,1222,,,,1244160,expected 1215
9.181623,GAP,1223,,,,1244160,expected 1215
9.181922,GAP,1224,,,,1244160,expected 1215
9.182381,GAP,1225,,,,1244160,expected 1215
9.182684,GAP,1226,,,,1244160,expected 1215
9.182970,GAP,1227,,,,1244160,expected 1215
9.183273,GAP,1228,,,,1244160,expected 1215
9.228838,GAP,1229,,,,1244160,expected 1215
9.229118,GAP,1230,,,,1244160,expected 1215
9.229352,DELIVER,1215,,,,1245184,
9.229565,DELIVER,1216,,,,1246208,
9.229787,DELIVER,1217,,,,1247232,
9.233890,DELIVER,1218,,,,1248256,
9.234147,DELIVER,1219,,,,1249280,
9.234366,DELIVER,1220,,,,1250304,
9.234574,DELIVER,1221,,,,1251328,
9.234790,DELIVER,1222,,,,1252352,
9.235004,DELIVER,1223,,,,1253376,
9.235222,DELIVER,1224,,,,1254400,
9.235508,DELIVER,1225,,,,1255424,
9.235861,DELIVER,1226,,,,1256448,
9.236101,DELIVER,1227,,,,1257472,
9.236459,DELIVER,1228,,,,1258496,
9.236689,DELIVER,1229,,,,1259520,
9.236977,DELIVER,1230,,,,1260544,
9.286831,DELIVER,1231,,,,1261568,
9.287185,DELIVER,1232,,,,1262592,
9.287720,DELIVER,1233,,,,1263616,
9.288053,DELIVER,1234,,,,1264640,
9.288372,DELIVER,1235,,,,1265664,
9.288608,DELIVER,1236,,,,1266688,
9.289168,DELIVER,1237,,,,1267712,
9.289399,DELIVER,1238,,,,1268736,
9.289632,DELIVER,1239,,,,1269760,
9.289846,DELIVER,1240,,,,1270784,
9.290066,DELIVER,1241,,,,1271808,
9.290330,DELIVER,1242,,,,1272832,
9.290713,DELIVER,1243,,,,1273856,
9.291010,DELIVER,1244,,,,1274880,
9.291255,DELIVER,1245,,,,1275904,
9.291495,DELIVER,1246,,,,1276928,
9.291729,DELIVER,1247,,,,1277952,
9.333322,DELIVER,1248,,,,1278976,
9.335085,GAP,1250,,,,1278976,expected 1249
9.335419,GAP,1251,,,,1278976,expected 1249
9.335770,GAP,1252,,,,1278976,expected 1249
9.339124,GAP,1253,,,,1278976,expected 1249
9.339575,GAP,1254,,,,1278976,expected 1249
9.341156,GAP,1256,,,,1278976,expected 1249
9.341448,GAP,1257,,,,1278976,expected 1249
9.341751,GAP,1258,,,,1278976,expected 1249
9.342064,GAP,1259,,,,1278976,expected 1249
9.342372,GAP,1260,,,,1278976,expected 1249
9.343613,GAP,1261,,,,1278976,expected 1249
9.343874,GAP,1262,,,,1278976,expected 1249
9.344115,GAP,1263,,,,1278976,expected 1249
9.344360,GAP,1264,,,,1278976,expected 1249
9.344614,GAP,1265,,,,1278976,expected 1249
9.377275,GAP,1266,,,,1278976,expected 1249
9.383261,DELIVER,1249,,,,1280000,
9.385391,DELIVER,1250,,,,1281024,
9.387050,DELIVER,1251,,,,1282048,
9.387517,DELIVER,1252,,,,1283072,
9.387734,DELIVER,1253,,,,1284096,
9.387955,DELIVER,1254,,,,1285120,
9.389194,DELIVER,1255,,,,1286144,
9.389567,DELIVER,1256,,,,1287168,
9.390005,DELIVER,1257,,,,1288192,
9.390480,DELIVER,1258,,,,1289216,
9.390820,DELIVER,1259,,,,1290240,
9.391095,DELIVER,1260,,,,1291264,
9.391333,DELIVER,1261,,,,1292288,
9.391545,DELIVER,1262,,,,1293312,
9.391827,DELIVER,1263,,,,1294336,
9.425263,GAP,1265,,,,1294336,expected 1264
9.434793,GAP,1266,,,,1294336,expected 1264
9.438745,GAP,1267,,,,1294336,expected 1264
9.439673,GAP,1268,,,,1294336,expected 1264
9.440032,GAP,1269,,,,1294336,expected 1264
9.440760,GAP,1270,,,,1294336,expected 1264
9.441026,GAP,1271,,,,1294336,expected 1264
9.441298,GAP,1272,,,,1294336,expected 1264
9.441540,GAP,1273,,,,1294336,expected 1264
9.441776,GAP,1274,,,,1294336,expected 1264
9.442058,GAP,1275,,,,1294336,expected 1264
9.442272,GAP,1276,,,,1294336,expected 1264
9.442523,GAP,1277,,,,1294336,expected 1264
9.442835,GAP,1279,,,,1294336,expected 1264
9.465319,DELIVER,1264,,,,1295360,
9.467148,DELIVER,1265,,,,1296384,
9.473372,DELIVER,1266,,,,1297408,
9.473698,DELIVER,1267,,,,1298432,
9.474031,DELIVER,1268,,,,1299456,
9.474282,DELIVER,1269,,,,1300480,
9.474572,DELIVER,1270,,,,1301504,
9.474798,DELIVER,1271,,,,1302528,
9.475013,DELIVER,1272,,,,1303552,
9.475243,DELIVER,1273,,,,1304576,
9.475710,DELIVER,1274,,,,1305600,
9.476120,DELIVER,1275,,,,1306624,
9.476457,DELIVER,1276,,,,1307648,
9.476806,DELIVER,1277,,,,1308672,
9.477148,GAP,1279,,,,1308672,expected 1278
9.477545,GAP,1280,,,,1308672,expected 1278
9.507645,GAP,1281,,,,1308672,expected 1278
9.512284,GAP,1282,,,,1308672,expected 1278
9.512629,GAP,1283,,,,1308672,expected 1278
9.520527,GAP,1284,,,,1308672,expected 1278
9.522056,GAP,1285,,,,1308672,expected 1278
9.525864,GAP,1287,,,,1308672,expected 1278
9.531615,GAP,1288,,,,1308672,expected 1278
9.531938,DELIVER,1278,,,,1309696,
9.532237,DELIVER,1279,,,,1310720,
9.532975,DELIVER,1280,,,,1311744,
9.533311,DELIVER,1281,,,,1312768,
9.533536,DELIVER,1282,,,,1313792,
9.533799,DELIVER,1283,,,,1314816,
9.534047,DELIVER,1284,,,,1315840,
9.534281,DELIVER,1285,,,,1316864,
9.534485,DELIVER,1286,,,,1317888,
9.534711,DELIVER,1287,,,,1318912,
9.534949,DELIVER,1288,,,,1319936,
9.535169,DELIVER,1289,,,,1320960,
9.535401,DELIVER,1290,,,,1321984,
9.535823,DELIVER,1291,,,,1323008,
9.536187,DELIVER,1292,,,,1324032,
9.591902,GAP,1294,,,,1324032,expected 1293
9.592350,GAP,1295,,,,1324032,expected 1293
9.592732,GAP,1296,,,,1324032,expected 1293
9.593223,GAP,1297,,,,1324032,expected 1293
9.593890,GAP,1299,,,,1324032,expected 1293
9.594173,GAP,1300,,,,1324032,expected 1293
9.594579,GAP,1301,,,,1324032,expected 1293
9.594921,GAP,1302,,,,1324032,expected 1293
9.595347,GAP,1303,,,,1324032,expected 1293
9.595659,GAP,1304,,,,1324032,expected 1293
9.595953,GAP,1305,,,,1324032,expected 1293
9.596245,GAP,1306,,,,1324032,expected 1293
9.596537,GAP,1307,,,,1324032,expected 1293
9.596821,GAP,1308,,,,1324032,expected 1293
9.632110,DELIVER,1293,,,,1325056,
9.637879,DELIVER,1294,,,,1326080,
9.638413,DELIVER,1295,,,,1327104,
9.638808,GAP,1297,,,,1327104,expected 1296
9.639633,GAP,1298,,,,1327104,expected 1296
9.640009,GAP,1299,,,,1327104,expected 1296
9.640385,GAP,1300,,,,1327104,expected 1296
9.640664,GAP,1301,,,,1327104,expected 1296
9.640929,GAP,1302,,,,1327104,expected 1296
9.641166,GAP,1303,,,,1327104,expected 1296
9.641441,GAP,1305,,,,1327104,expected 1296
9.641683,GAP,1306,,,,1327104,expected 1296
9.682593,GAP,1307,,,,1327104,expected 1296
9.686171,GAP,1308,,,,1327104,expected 1296
9.686458,GAP,1309,,,,1327104,expected 1296
9.686810,DELIVER,1296,,,,1328128,
9.687168,DELIVER,1297,,,,1329152,
9.688775,DELIVER,1298,,,,1330176,
9.689287,DELIVER,1299,,,,1331200,
9.689762,DELIVER,1300,,,,1332224,
9.690042,DELIVER,1301,,,,1333248,
9.690376,DELIVER,1302,,,,1334272,
9.690675,DELIVER,1303,,,,1335296,
9.690905,DELIVER,1304,,,,1336320,
9.691107,DELIVER,1305,,,,1337344,
9.691325,DELIVER,1306,,,,1338368,
9.691555,DELIVER,1307,,,,1339392,
9.691773,DELIVER,1308,,,,1340416,
9.691998,DELIVER,1309,,,,1341440,
9.692270,DELIVER,1310,,,,1342464,
9.741379,GAP,1312,,,,1342464,expected 1311
9.741704,GAP,1313,,,,1342464,expected 1311
9.741962,GAP,1314,,,,1342464,expected 1311
9.742217,GAP,1315,,,,1342464,expected 1311
9.742671,GAP,1317,,,,1342464,expected 1311
9.743012,GAP,1318,,,,1342464,expected 1311
9.743235,GAP,1319,,,,1342464,expected 1311
9.745983,GAP,1320,,,,1342464,expected 1311
9.746348,GAP,1321,,,,1342464,expected 1311
9.746735,GAP,1322,,,,1342464,expected 1311
9.750032,GAP,1323,,,,1342464,expected 1311
9.750506,GAP,1324,,,,1342464,expected 1311
9.750891,GAP,1325,,,,1342464,expected 1311
9.751896,GAP,1326,,,,1342464,expected 1311
9.794081,DELIVER,1311,,,,1343488,
9.794267,GAP,1313,,,,1343488,expected 1312
9.796754,GAP,1314,,,,1343488,expected 1312
9.796928,GAP,1315,,,,1343488,expected 1312
9.797104,GAP,1316,,,,1343488,expected 1312
9.797290,GAP,1317,,,,1343488,expected 1312
9.797472,GAP,1318,,,,1343488,expected 1312
9.797619,GAP,1319,,,,1343488,expected 1312
9.797764,GAP,1320,,,,1343488,expected 1312
9.797914,GAP,1321,,,,1343488,expected 1312
9.798053,GAP,1322,,,,1343488,expected 1312
9.798205,GAP,1323,,,,1343488,expected 1312
9.798345,GAP,1324,,,,1343488,expected 1312
9.846733,GAP,1325,,,,1343488,expected 1312
9.847053,DELIVER,1312,,,,1344512,
9.847275,DELIVER,1313,,,,1345536,
9.847489,DELIVER,1314,,,,1346560,
9.847682,DELIVER,1315,,,,1347584,
9.847916,DELIVER,1316,,,,1348608,
9.848164,DELIVER,1317,,,,1349632,
9.848391,DELIVER,1318,,,,1350656,
9.848611,DELIVER,1319,,,,1351680,
9.848888,DELIVER,1320,,,,1352704,
9.849158,DELIVER,1321,,,,1353728,
9.849385,DELIVER,1322,,,,1354752,
9.849608,DELIVER,1323,,,,1355776,
9.849818,DELIVER,1324,,,,1356800,
9.850037,DELIVER,1325,,,,1357824,
9.890563,DELIVER,1326,,,,1358848,
9.895600,GAP,1328,,,,1358848,expected 1327
9.903098,GAP,1329,,,,1358848,expected 1327
9.903760,GAP,1330,,,,1358848,expected 1327
9.904281,GAP,1332,,,,1358848,expected 1327
9.904526,GAP,1333,,,,1358848,expected 1327
9.904766,GAP,1335,,,,1358848,expected 1327
9.905088,GAP,1336,,,,1358848,expected 1327
9.905571,GAP,1337,,,,1358848,expected 1327
9.906231,GAP,1338,,,,1358848,expected 1327
9.907466,GAP,1339,,,,1358848,expected 1327
9.907711,GAP,1340,,,,1358848,expected 1327
9.938351,GAP,1341,,,,1358848,expected 1327
9.942644,GAP,1328,,,,1358848,expected 1327
9.946343,GAP,1331,,,,1358848,expected 1327
9.946620,GAP,1332,,,,1358848,expected 1327
9.950389,GAP,1334,,,,1358848,expected 1327
9.950668,GAP,1335,,,,1358848,expected 1327
9.950933,GAP,1336,,,,1358848,expected 1327
9.953090,GAP,1337,,,,1358848,expected 1327
10.146493,DELIVER,1327,,,,1359872,
10.149709,DELIVER,1328,,,,1360896,
10.149961,DELIVER,1329,,,,1361920,
10.154700,DELIVER,1330,,,,1362944,
10.155040,DELIVER,1331,,,,1363968,
10.155801,GAP,1333,,,,1363968,expected 1332
10.156494,GAP,1334,,,,1363968,expected 1332
10.156889,GAP,1335,,,,1363968,expected 1332
10.157332,GAP,1336,,,,1363968,expected 1332
10.157717,GAP,1337,,,,1363968,expected 1332
10.158133,GAP,1338,,,,1363968,expected 1332
10.158558,GAP,1339,,,,1363968,expected 1332
10.187581,GAP,1340,,,,1363968,expected 1332
10.187992,GAP,1341,,,,1363968,expected 1332
10.188450,GAP,1342,,,,1363968,expected 1332
10.206626,DELIVER,1332,,,,1364992,
10.207162,DELIVER,1333,,,,1366016,
10.207543,DELIVER,1334,,,,1367040,
10.207877,GAP,1337,,,,1367040,expected 1335
10.208315,GAP,1338,,,,1367040,expected 1335
10.208571,GAP,1339,,,,1367040,expected 1335
10.208891,GAP,1340,,,,1367040,expected 1335
10.209186,GAP,1341,,,,1367040,expected 1335
10.209483,GAP,1342,,,,1367040,expected 1335
10.209803,GAP,1343,,,,1367040,expected 1335
10.210112,GAP,1344,,,,1367040,expected 1335
10.210499,GAP,1345,,,,1367040,expected 1335
10.253184,GAP,1346,,,,1367040,expected 1335
10.259044,DELIVER,1335,,,,1368064,
10.259458,DELIVER,1336,,,,1369088,
10.259931,DELIVER,1337,,,,1370112,
10.260529,DELIVER,1338,,,,1371136,
10.260949,DELIVER,1339,,,,1372160,
10.261344,DELIVER,1340,,,,1373184,
10.261646,DELIVER,1341,,,,1374208,
10.261939,DELIVER,1342,,,,1375232,
10.262182,DELIVER,1343,,,,1376256,
10.262421,DELIVER,1344,,,,1377280,
10.262694,DELIVER,1345,,,,1378304,
10.262978,DELIVER,1346,,,,1379328,
10.265864,DELIVER,1347,,,,1380352,
10.266175,DELIVER,1348,,,,1381376,
10.314493,DELIVER,1349,,,,1382400,
10.314904,DELIVER,1350,,,,1383424,
10.315207,GAP,1352,,,,1383424,expected 1351
10.315575,GAP,1353,,,,1383424,expected 1351
10.315934,GAP,1354,,,,1383424,expected 1351
10.316609,GAP,1356,,,,1383424,expected 1351
10.317031,GAP,1357,,,,1383424,expected 1351
10.317834,GAP,1359,,,,1383424,expected 1351
10.318409,GAP,1360,,,,1383424,expected 1351
10.318963,GAP,1361,,,,1383424,expected 1351
10.319388,GAP,1362,,,,1383424,expected 1351
10.319759,GAP,1363,,,,1383424,expected 1351
10.365794,DELIVER,1351,,,,1384448,
10.373425,DELIVER,1352,,,,1385472,
10.373923,DELIVER,1353,,,,1386496,
10.375701,GAP,1355,,,,1386496,expected 1354
10.376258,GAP,1356,,,,1386496,expected 1354
10.377092,GAP,1357,,,,1386496,expected 1354
10.378093,GAP,1358,,,,1386496,expected 1354
10.378624,GAP,1359,,,,1386496,expected 1354
10.378986,GAP,1360,,,,1386496,expected 1354
10.379311,GAP,1361,,,,1386496,expected 1354
10.379584,GAP,1362,,,,1386496,expected 1354
10.379849,GAP,1363,,,,1386496,expected 1354
10.417113,DELIVER,1354,,,,1387520,
10.420763,DELIVER,1355,,,,1388544,
10.421038,DELIVER,1356,,,,1389568,
10.421277,DELIVER,1357,,,,1390592,
10.421488,DELIVER,1358,,,,1391616,
10.421703,DELIVER,1359,,,,1392640,
10.421928,DELIVER,1360,,,,1393664,
10.423053,DELIVER,1361,,,,1394688,
10.423311,DELIVER,1362,,,,1395712,
10.423588,DELIVER,1363,,,,1396736,
10.424180,DELIVER,1364,,,,1397760,
10.424408,DELIVER,1365,,,,1398784,
10.466149,GAP,1367,,,,1398784,expected 1366
10.471637,GAP,1368,,,,1398784,expected 1366
10.471971,GAP,1369,,,,1398784,expected 1366
10.475353,GAP,1370,,,,1398784,expected 1366
10.475594,GAP,1371,,,,1398784,expected 1366
10.475985,GAP,1372,,,,1398784,expected 1366
10.476262,GAP,1373,,,,1398784,expected 1366
10.476828,GAP,1374,,,,1398784,expected 1366
10.477118,GAP,1375,,,,1398784,expected 1366
10.477866,GAP,1376,,,,1398784,expected 1366
10.478151,GAP,1377,,,,1398784,expected 1366
10.478385,GAP,1378,,,,1398784,expected 1366
10.478609,GAP,1379,,,,1398784,expected 1366
10.511001,DELIVER,1366,,,,1399808,
10.511557,DELIVER,1367,,,,1400832,
10.512029,DELIVER,1368,,,,1401856,
10.512536,DELIVER,1369,,,,1402880,
10.513207,DELIVER,1370,,,,1403904,
10.513585,DELIVER,1371,,,,1404928,
10.513927,DELIVER,1372,,,,1405952,
10.514339,DELIVER,1373,,,,1406976,
10.514678,DELIVER,1374,,,,1408000,
10.515040,DELIVER,1375,,,,1409024,
10.515376,DELIVER,1376,,,,1410048,
10.515674,DELIVER,1377,,,,1411072,
10.515955,DELIVER,1378,,,,1412096,
10.554575,GAP,1380,,,,1412096,expected 1379
10.560675,GAP,1381,,,,1412096,expected 1379
10.560966,GAP,1382,,,,1412096,expected 1379
10.563240,GAP,1383,,,,1412096,expected 1379
10.563549,GAP,1384,,,,1412096,expected 1379
10.563879,GAP,1385,,,,1412096,expected 1379
10.564236,GAP,1386,,,,1412096,expected 1379
10.564517,GAP,1387,,,,1412096,expected 1379
10.564785,GAP,1388,,,,1412096,expected 1379
10.568707,GAP,1389,,,,1412096,expected 1379
10.569275,GAP,1390,,,,1412096,expected 1379
10.569538,GAP,1391,,,,1412096,expected 1379
10.570007,GAP,1392,,,,1412096,expected 1379
10.598839,DELIVER,1379,,,,1413120,
10.600970,DELIVER,1380,,,,1414144,
10.601292,DELIVER,1381,,,,1415168,
10.601525,DELIVER,1382,,,,1416192,
10.605030,DELIVER,1383,,,,1417216,
10.605540,DELIVER,1384,,,,1418240,
10.605986,DELIVER,1385,,,,1419264,
10.606578,DELIVER,1386,,,,1420288,
10.607231,DELIVER,1387,,,,1421312,
10.607574,DELIVER,1388,,,,1422336,
10.607840,DELIVER,1389,,,,1423360,
10.608071,DELIVER,1390,,,,1424384,
10.608285,DELIVER,1391,,,,1425408,
10.608579,DELIVER,1392,,,,1426432,
10.652929,DELIVER,1393,,,,1427456,
10.653326,DELIVER,1394,,,,1428480,
10.653696,DELIVER,1395,,,,1429504,
10.654399,DELIVER,1396,,,,1430528,
10.654672,GAP,1398,,,,1430528,expected 1397
10.654965,GAP,1399,,,,1430528,expected 1397
10.655385,GAP,1400,,,,1430528,expected 1397
10.655674,GAP,1401,,,,1430528,expected 1397
10.661499,GAP,1402,,,,1430528,expected 1397
10.662055,GAP,1403,,,,1430528,expected 1397
10.662427,GAP,1404,,,,1430528,expected 1397
10.662942,GAP,1405,,,,1430528,expected 1397
10.666172,GAP,1406,,,,1430528,expected 1397
10.703346,GAP,1407,,,,1430528,expected 1397
10.703995,GAP,1408,,,,1430528,expected 1397
10.704310,GAP,1409,,,,1430528,expected 1397
10.704533,GAP,1410,,,,1430528,expected 1397
10.704743,DELIVER,1397,,,,1431552,
10.707318,DELIVER,1398,,,,1432576,
10.709732,DELIVER,1399,,,,1433600,
10.710056,DELIVER,1400,,,,1434624,
10.710294,DELIVER,1401,,,,1435648,
10.710694,DELIVER,1402,,,,1436672,
10.710967,DELIVER,1403,,,,1437696,
10.711223,DELIVER,1404,,,,1438720,
10.713723,DELIVER,1405,,,,1439744,
10.714328,DELIVER,1406,,,,1440768,
10.714992,DELIVER,1407,,,,1441792,
10.715456,DELIVER,1408,,,,1442816,
10.715805,DELIVER,1409,,,,1443840,
10.756511,DELIVER,1410,,,,1444864,
10.757319,DELIVER,1411,,,,1445888,
10.757763,DELIVER,1412,,,,1446912,
10.758117,DELIVER,1413,,,,1447936,
10.758559,DELIVER,1414,,,,1448960,
10.760453,DELIVER,1415,,,,1449984,
10.760865,DELIVER,1416,,,,1451008,
10.761191,DELIVER,1417,,,,1452032,
10.766084,DELIVER,1418,,,,1453056,
10.766574,DELIVER,1419,,,,1454080,
10.768437,DELIVER,1420,,,,1455104,
10.769060,DELIVER,1421,,,,1456128,
10.769559,DELIVER,1422,,,,1457152,
10.770001,DELIVER,1423,,,,1458176,
10.805475,DELIVER,1424,,,,1459200,
10.810785,DELIVER,1425,,,,1460224,
10.811249,DELIVER,1426,,,,1461248,
10.811551,DELIVER,1427,,,,1462272,
10.815155,DELIVER,1428,,,,1463296,
10.815600,DELIVER,1429,,,,1464320,
10.815992,DELIVER,1430,,,,1465344,
10.816416,DELIVER,1431,,,,1466368,
10.816795,DELIVER,1432,,,,1467392,
10.818636,DELIVER,1433,,,,1468416,
10.819129,DELIVER,1434,,,,1469440,
10.819526,DELIVER,1435,,,,1470464,
10.819946,DELIVER,1436,,,,1471488,
10.820624,DELIVER,1437,,,,1472512,
10.821051,DELIVER,1438,,,,1473536,
10.844815,DELIVER,1439,,,,1474560,
10.848973,DELIVER,1440,,,,1475584,
10.864845,DELIVER,1441,,,,1476608,
10.867903,DELIVER,1442,,,,1477632,
10.868340,DELIVER,1443,,,,1478656,
10.873276,DELIVER,1444,,,,1479680,
10.873820,DELIVER,1445,,,,1480704,
10.874661,GAP,1447,,,,1480704,expected 1446
10.874974,GAP,1448,,,,1480704,expected 1446
10.875253,GAP,1449,,,,1480704,expected 1446
10.875591,GAP,1450,,,,1480704,expected 1446
10.875833,GAP,1451,,,,1480704,expected 1446
10.876173,GAP,1452,,,,1480704,expected 1446
10.876553,GAP,1453,,,,1480704,expected 1446
10.877008,GAP,1454,,,,1480704,expected 1446
10.895530,GAP,1455,,,,1480704,expected 1446
10.899296,GAP,1456,,,,1480704,expected 1446
10.907963,GAP,1457,,,,1480704,expected 1446
10.909688,GAP,1458,,,,1480704,expected 1446
10.910156,GAP,1459,,,,1480704,expected 1446
10.918336,GAP,1460,,,,1480704,expected 1446
10.920460,GAP,1461,,,,1480704,expected 1446
10.929123,DELIVER,1446,,,,1481728,
10.929472,DELIVER,1447,,,,1482752,
10.929864,DELIVER,1448,,,,1483776,
10.930119,DELIVER,1449,,,,1484800,
10.930353,DELIVER,1450,,,,1485824,
10.930583,DELIVER,1451,,,,1486848,
10.930915,DELIVER,1452,,,,1487872,
10.931189,DELIVER,1453,,,,1488896,
10.931448,DELIVER,1454,,,,1489920,
10.931703,DELIVER,1455,,,,1490944,
10.931957,DELIVER,1456,,,,1491968,
10.932208,DELIVER,1457,,,,1492992,
10.932459,DELIVER,1458,,,,1494016,
10.932699,DELIVER,1459,,,,1495040,
10.963825,DELIVER,1460,,,,1496064,
10.978363,DELIVER,1461,,,,1497088,
10.978731,DELIVER,1462,,,,1498112,
10.979088,DELIVER,1463,,,,1499136,
10.979369,DELIVER,1464,,,,1500160,
10.979660,GAP,1466,,,,1500160,expected 1465
10.986098,GAP,1467,,,,1500160,expected 1465
10.986456,GAP,1468,,,,1500160,expected 1465
10.986734,GAP,1469,,,,1500160,expected 1465
10.987065,GAP,1470,,,,1500160,expected 1465
10.987554,GAP,1471,,,,1500160,expected 1465
10.987892,GAP,1472,,,,1500160,expected 1465
10.988183,GAP,1473,,,,1500160,expected 1465
10.988482,GAP,1474,,,,1500160,expected 1465
11.015180,GAP,1476,,,,1500160,expected 1465
11.031572,DELIVER,1465,,,,1501184,
11.031872,DELIVER,1466,,,,1502208,
11.032114,DELIVER,1467,,,,1503232,
11.032350,DELIVER,1468,,,,1504256,
11.032598,DELIVER,1469,,,,1505280,
11.033263,DELIVER,1470,,,,1506304,
11.033526,DELIVER,1471,,,,1507328,
11.033765,DELIVER,1472,,,,1508352,
11.034039,DELIVER,1473,,,,1509376,
11.034287,DELIVER,1474,,,,1510400,
11.034521,DELIVER,1475,,,,1511424,
11.034741,DELIVER,1476,,,,1512448,
11.035067,DELIVER,1477,,,,1513472,
11.035316,DELIVER,1478,,,,1514496,
11.067494,DELIVER,1479,,,,1515520,
11.080163,DELIVER,1480,,,,1516544,
11.080547,GAP,1482,,,,1516544,expected 1481
11.080871,GAP,1483,,,,1516544,expected 1481
11.081232,GAP,1484,,,,1516544,expected 1481
11.081484,GAP,1485,,,,1516544,expected 1481
11.081994,GAP,1486,,,,1516544,expected 1481
11.082652,GAP,1487,,,,1516544,expected 1481
11.083000,GAP,1488,,,,1516544,expected 1481
11.083245,GAP,1489,,,,1516544,expected 1481
11.083563,GAP,1490,,,,1516544,expected 1481
11.084116,GAP,1491,,,,1516544,expected 1481
11.084380,GAP,1492,,,,1516544,expected 1481
11.084615,GAP,1493,,,,1516544,expected 1481
11.114157,GAP,1494,,,,1516544,expected 1481
11.130348,DELIVER,1481,,,,1517568,
11.136634,DELIVER,1482,,,,1518592,
11.137787,DELIVER,1483,,,,1519616,
11.138236,GAP,1485,,,,1519616,expected 1484
11.139100,GAP,1486,,,,1519616,expected 1484
11.139363,GAP,1487,,,,1519616,expected 1484
11.139651,GAP,1488,,,,1519616,expected 1484
11.139885,GAP,1489,,,,1519616,expected 1484
11.140366,GAP,1490,,,,1519616,expected 1484
11.140663,GAP,1491,,,,1519616,expected 1484
11.140954,GAP,1492,,,,1519616,expected 1484
11.141323,GAP,1493,,,,1519616,expected 1484
11.168658,GAP,1494,,,,1519616,expected 1484
11.187319,GAP,1495,,,,1519616,expected 1484
11.187958,DELIVER,1484,,,,1520640,
11.188362,DELIVER,1485,,,,1521664,
11.188812,DELIVER,1486,,,,1522688,
11.189254,DELIVER,1487,,,,1523712,
11.190711,DELIVER,1488,,,,1524736,
11.191067,DELIVER,1489,,,,1525760,
11.191875,DELIVER,1490,,,,1526784,
11.192200,DELIVER,1491,,,,1527808,
11.192511,DELIVER,1492,,,,1528832,
11.192873,DELIVER,1493,,,,1529856,
11.193240,DELIVER,1494,,,,1530880,
11.193723,DELIVER,1495,,,,1531904,
11.194012,DELIVER,1496,,,,1532928,
11.233504,DELIVER,1497,,,,1533952,
11.239550,DELIVER,1498,,,,1534976,
11.240232,DELIVER,1499,,,,1536000,
11.242153,DELIVER,1500,,,,1537024,
11.242612,DELIVER,1501,,,,1538048,
11.242884,DELIVER,1502,,,,1539072,
11.248623,DELIVER,1503,,,,1540096,
11.248961,DELIVER,1504,,,,1541120,
11.249214,DELIVER,1505,,,,1542144,
11.249463,GAP,1507,,,,1542144,expected 1506
11.249666,GAP,1508,,,,1542144,expected 1506
11.249867,GAP,1509,,,,1542144,expected 1506
11.250057,GAP,1510,,,,1542144,expected 1506
11.279494,GAP,1511,,,,1542144,expected 1506
11.283347,GAP,1512,,,,1542144,expected 1506
11.294309,GAP,1514,,,,1542144,expected 1506
11.296231,GAP,1515,,,,1542144,expected 1506
11.296548,GAP,1516,,,,1542144,expected 1506
11.297189,GAP,1517,,,,1542144,expected 1506
11.297465,GAP,1518,,,,1542144,expected 1506
11.297717,GAP,1519,,,,1542144,expected 1506
11.297921,GAP,1520,,,,1542144,expected 1506
11.298781,DELIVER,1506,,,,1543168,
11.299026,DELIVER,1507,,,,1544192,
11.306500,DELIVER,1508,,,,1545216,
11.306776,GAP,1510,,,,1545216,expected 1509
11.307069,GAP,1511,,,,1545216,expected 1509
11.307341,GAP,1513,,,,1545216,expected 1509
11.307456,GAP,1514,,,,1545216,expected 1509
11.307546,GAP,1515,,,,1545216,expected 1509
11.307619,GAP,1516,,,,1545216,expected 1509
11.307693,GAP,1517,,,,1545216,expected 1509
11.307767,GAP,1518,,,,1545216,expected 1509
11.352771,GAP,1519,,,,1545216,expected 1509
11.353122,GAP,1520,,,,1545216,expected 1509
11.353415,GAP,1521,,,,1545216,expected 1509
11.353720,DELIVER,1509,,,,1546240,
11.353954,DELIVER,1510,,,,1547264,
11.357087,DELIVER,1511,,,,1548288,
11.357361,DELIVER,1512,,,,1549312,
11.357603,DELIVER,1513,,,,1550336,
11.357882,DELIVER,1514,,,,1551360,
11.358104,DELIVER,1515,,,,1552384,
11.358345,DELIVER,1516,,,,1553408,
11.358593,DELIVER,1517,,,,1554432,
11.358814,DELIVER,1518,,,,1555456,
11.359033,DELIVER,1519,,,,1556480,
11.359267,DELIVER,1520,,,,1557504,
11.359640,DELIVER,1521,,,,1558528,
11.399592,DELIVER,1522,,,,1559552,
11.406228,DELIVER,1523,,,,1560576,
11.406627,DELIVER,1524,,,,1561600,
11.406979,DELIVER,1525,,,,1562624,
11.407432,DELIVER,1526,,,,1563648,
11.407756,DELIVER,1527,,,,1564672,
11.408007,DELIVER,1528,,,,1565696,
11.408241,DELIVER,1529,,,,1566720,
11.408461,DELIVER,1530,,,,1567744,
11.411922,DELIVER,1531,,,,1568768,
11.412281,DELIVER,1532,,,,1569792,
11.412647,DELIVER,1533,,,,1570816,
11.412928,DELIVER,1534,,,,1571840,
11.442624,DELIVER,1535,,,,1572864,
11.443053,DELIVER,1536,,,,1573888,
11.449498,DELIVER,1537,,,,1574912,
11.449772,DELIVER,1538,,,,1575936,
11.449995,DELIVER,1539,,,,1576960,
11.452187,DELIVER,1540,,,,1577984,
11.456890,DELIVER,1541,,,,1579008,
11.457353,DELIVER,1542,,,,1580032,
11.459789,DELIVER,1543,,,,1581056,
11.460357,DELIVER,1544,,,,1582080,
11.460661,DELIVER,1545,,,,1583104,
11.460943,DELIVER,1546,,,,1584128,
11.461265,DELIVER,1547,,,,1585152,
11.462280,DELIVER,1548,,,,1586176,
11.462570,DELIVER,1549,,,,1587200,
11.476165,DELIVER,1550,,,,1588224,
11.490639,DELIVER,1551,,,,1589248,
11.495224,DELIVER,1552,,,,1590272,
11.495535,DELIVER,1553,,,,1591296,
11.497103,DELIVER,1554,,,,1592320,
11.498396,DELIVER,1555,,,,1593344,
11.498678,DELIVER,1556,,,,1594368,
11.506823,DELIVER,1557,,,,1595392,
11.507178,DELIVER,1558,,,,1596416,
11.511225,DELIVER,1559,,,,1597440,
11.511532,DELIVER,1560,,,,1598464,
11.511798,DELIVER,1561,,,,1599488,
11.512063,DELIVER,1562,,,,1600512,
11.512348,DELIVER,1563,,,,1601536,
11.512682,DELIVER,1564,,,,1602560,
11.512995,DELIVER,1565,,,,1603584,
11.517762,DELIVER,1566,,,,1604608,
11.534240,DELIVER,1567,,,,1605632,
11.534511,DELIVER,1568,,,,1606656,
11.535912,DELIVER,1569,,,,1607680,
11.546118,DELIVER,1570,,,,1608704,
11.546395,DELIVER,1571,,,,1609728,
11.546627,DELIVER,1572,,,,1610752,
11.549648,DELIVER,1573,,,,1611776,
11.550152,DELIVER,1574,,,,1612800,
11.550815,DELIVER,1575,,,,1613824,
11.563453,DELIVER,1576,,,,1614848,
11.563960,DELIVER,1577,,,,1615872,
11.564612,DELIVER,1578,,,,1616896,
11.565112,DELIVER,1579,,,,1617920,
11.565480,DELIVER,1580,,,,1618944,
11.565937,DELIVER,1581,,,,1619968,
11.566224,DELIVER,1582,,,,1620992,
11.566508,DELIVER,1583,,,,1622016,
11.580343,DELIVER,1584,,,,1623040,
11.583006,DELIVER,1585,,,,1624064,
11.588054,DELIVER,1586,,,,1625088,
11.589380,DELIVER,1587,,,,1626112,
11.593960,DELIVER,1588,,,,1627136,
11.594327,DELIVER,1589,,,,1628160,
11.605592,DELIVER,1590,,,,1629184,
11.606119,DELIVER,1591,,,,1630208,
11.607234,DELIVER,1592,,,,1631232,
11.607917,DELIVER,1593,,,,1632256,
11.608371,DELIVER,1594,,,,1633280,
11.613365,DELIVER,1595,,,,1634304,
11.617124,DELIVER,1596,,,,1635328,
11.617539,DELIVER,1597,,,,1636352,
11.617804,DELIVER,1598,,,,1637376,
11.618069,DELIVER,1599,,,,1638400,
11.618340,DELIVER,1600,,,,1639424,
11.619715,DELIVER,1601,,,,1640448,
11.635239,DELIVER,1602,,,,1641472,
11.635856,DELIVER,1603,,,,1642496,
11.636401,DELIVER,1604,,,,1643520,
11.636826,DELIVER,1605,,,,1644544,
11.638817,DELIVER,1606,,,,1645568,
11.650929,DELIVER,1607,,,,1646592,
11.658170,DELIVER,1608,,,,1647616,
11.658707,DELIVER,1609,,,,1648640,
11.660546,DELIVER,1610,,,,1649664,
11.660943,DELIVER,1611,,,,1650688,
11.661382,DELIVER,1612,,,,1651712,
11.661709,DELIVER,1613,,,,1652736,
11.661949,DELIVER,1614,,,,1653760,
11.668251,GAP,1616,,,,1653760,expected 1615
11.668836,GAP,1617,,,,1653760,expected 1615
11.669556,GAP,1618,,,,1653760,expected 1615
11.670138,GAP,1619,,,,1653760,expected 1615
11.670579,GAP,1620,,,,1653760,expected 1615
11.689822,GAP,1621,,,,1653760,expected 1615
11.690155,GAP,1622,,,,1653760,expected 1615
11.690426,GAP,1623,,,,1653760,expected 1615
11.690924,GAP,1624,,,,1653760,expected 1615
11.691321,GAP,1625,,,,1653760,expected 1615
11.696727,GAP,1626,,,,1653760,expected 1615
11.706621,GAP,1627,,,,1653760,expected 1615
11.706957,GAP,1628,,,,1653760,expected 1615
11.707228,GAP,1629,,,,1653760,expected 1615
11.713242,GAP,1630,,,,1653760,expected 1615
11.713540,GAP,1631,,,,1653760,expected 1615
11.713759,GAP,1632,,,,1653760,expected 1615
11.714003,DELIVER,1615,,,,1654784,
11.714269,DELIVER,1616,,,,1655808,
11.715077,DELIVER,1617,,,,1656832,
11.717173,DELIVER,1618,,,,1657856,
11.717531,DELIVER,1619,,,,1658880,
11.717802,DELIVER,1620,,,,1659904,
11.721239,DELIVER,1621,,,,1660928,
11.721644,DELIVER,1622,,,,1661952,
11.722002,DELIVER,1623,,,,1662976,
11.722747,DELIVER,1624,,,,1664000,
11.723068,DELIVER,1625,,,,1665024,
11.723356,DELIVER,1626,,,,1666048,
11.723614,DELIVER,1627,,,,1667072,
11.723868,DELIVER,1628,,,,1668096,
11.724117,DELIVER,1629,,,,1669120,
11.724364,DELIVER,1630,,,,1670144,
11.724566,DELIVER,1631,,,,1671168,
11.766879,DELIVER,1632,,,,1672192,
11.767201,DELIVER,1633,,,,1673216,
11.767514,DELIVER,1634,,,,1674240,
11.767730,DELIVER,1635,,,,1675264,
11.767962,DELIVER,1636,,,,1676288,
11.768201,DELIVER,1637,,,,1677312,
11.768406,GAP,1639,,,,1677312,expected 1638
11.771734,GAP,1640,,,,1677312,expected 1638
11.772124,GAP,1641,,,,1677312,expected 1638
11.772859,GAP,1642,,,,1677312,expected 1638
11.773121,GAP,1643,,,,1677312,expected 1638
11.774338,GAP,1644,,,,1677312,expected 1638
11.774688,GAP,1645,,,,1677312,expected 1638
11.774969,GAP,1646,,,,1677312,expected 1638
11.775196,GAP,1647,,,,1677312,expected 1638
11.775439,GAP,1648,,,,1677312,expected 1638
11.780458,GAP,1649,,,,1677312,expected 1638
11.824106,DUP,1637,,,,1677312,
11.824930,DELIVER,1638,,,,1678336,
11.825271,DELIVER,1639,,,,1679360,
11.825551,DELIVER,1640,,,,1680384,
11.825861,DELIVER,1641,,,,1681408,
11.826186,DELIVER,1642,,,,1682432,
11.826553,DELIVER,1643,,,,1683456,
11.826862,DELIVER,1644,,,,1684480,
11.827121,DELIVER,1645,,,,1685504,
11.827373,DELIVER,1646,,,,1686528,
11.827622,DELIVER,1647,,,,1687552,
11.827876,DELIVER,1648,,,,1688576,
11.828125,GAP,1650,,,,1688576,expected 1649
11.828383,GAP,1651,,,,1688576,expected 1649
11.828637,GAP,1652,,,,1688576,expected 1649
11.828891,GAP,1653,,,,1688576,expected 1649
11.829146,GAP,1654,,,,1688576,expected 1649
11.829399,DUP,1638,,,,1688576,
11.829644,DUP,1639,,,,1688576,
11.829888,DUP,1640,,,,1688576,
11.830134,DUP,1641,,,,1688576,
11.830335,DUP,1642,,,,1688576,
11.830527,DUP,1643,,,,1688576,
11.830722,DUP,1644,,,,1688576,
11.830914,DUP,1645,,,,1688576,
11.831105,DUP,1646,,,,1688576,
11.831298,DUP,1647,,,,1688576,
11.831491,DUP,1648,,,,1688576,
11.831686,DELIVER,1649,,,,1689600,
11.831879,DELIVER,1650,,,,1690624,
11.832070,DELIVER,1651,,,,1691648,
11.832262,DELIVER,1652,,,,1692672,
11.832455,DELIVER,1653,,,,1693696,
11.832649,DELIVER,1654,,,,1694720,
11.876316,DELIVER,1655,,,,1695744,
11.876632,DELIVER,1656,,,,1696768,
11.876932,DELIVER,1657,,,,1697792,
11.877186,DELIVER,1658,,,,1698816,
11.877444,DELIVER,1659,,,,1699840,
11.877694,DELIVER,1660,,,,1700864,
11.877944,GAP,1662,,,,1700864,expected 1661
11.878199,GAP,1663,,,,1700864,expected 1661
11.878455,GAP,1664,,,,1700864,expected 1661
11.878710,DUP,1649,,,,1700864,
11.878996,DUP,1650,,,,1700864,
11.879208,DUP,1651,,,,1700864,
11.879402,DUP,1653,,,,1700864,
11.879595,DUP,1654,,,,1700864,
11.879790,DUP,1655,,,,1700864,
11.879982,DUP,1656,,,,1700864,
11.883596,DUP,1657,,,,1700864,
11.883853,DUP,1658,,,,1700864,
11.884099,DUP,1659,,,,1700864,
11.884347,DUP,1660,,,,1700864,
11.884594,DELIVER,1661,,,,1701888,
11.884840,DELIVER,1662,,,,1702912,
11.885088,DELIVER,1663,,,,1703936,
11.885407,DELIVER,1664,,,,1704960,
11.885660,DELIVER,1665,,,,1705984,
11.885907,DELIVER,1666,,,,1707008,
11.886151,DELIVER,1667,,,,1708032,
11.886395,DELIVER,1668,,,,1709056,
11.886594,DELIVER,1669,,,,1710080,
11.886787,DELIVER,1670,,,,1711104,
11.886979,GAP,1672,,,,1711104,expected 1671
11.918513,GAP,1673,,,,1711104,expected 1671
11.924874,GAP,1674,,,,1711104,expected 1671
11.935467,DUP,1661,,,,1711104,
11.936027,DUP,1662,,,,1711104,
11.936357,DUP,1664,,,,1711104,
11.936649,DUP,1665,,,,1711104,
11.936853,DUP,1666,,,,1711104,
11.937192,DUP,1668,,,,1711104,
11.937490,DUP,1669,,,,1711104,
11.937794,DUP,1670,,,,1711104,
11.938048,DELIVER,1671,,,,1712128,
11.938298,DELIVER,1672,,,,1713152,
11.938548,DELIVER,1673,,,,1714176,
11.938794,DELIVER,1674,,,,1715200,
11.939038,DELIVER,1675,,,,1716224,
11.939283,DELIVER,1676,,,,1717248,
11.939504,DUP,1672,,,,1717248,
11.939727,DUP,1673,,,,1717248,
11.939940,DUP,1674,,,,1717248,
11.940136,DUP,1675,,,,1717248,
11.940332,DUP,1676,,,,1717248,
11.940529,DELIVER,1677,,,,1718272,
11.940731,DELIVER,1678,,,,1719296,
11.940926,DELIVER,1679,,,,1720320,
11.941122,DELIVER,1680,,,,1721344,
11.941315,DELIVER,1681,,,,1722368,
11.941508,DELIVER,1682,,,,1723392,
11.941702,DELIVER,1683,,,,1724416,
11.941896,DELIVER,1684,,,,1725440,
11.942089,DELIVER,1685,,,,1726464,
11.942282,DELIVER,1686,,,,1727488,
11.989208,DELIVER,1687,,,,1728512,
11.990187,DELIVER,1688,,,,1729536,
11.990652,DELIVER,1689,,,,1730560,
11.990989,DELIVER,1690,,,,1731584,
11.991286,DELIVER,1691,,,,1732608,
11.992407,DELIVER,1692,,,,1733632,
11.993263,DELIVER,1693,,,,1734656,
11.993528,DELIVER,1694,,,,1735680,
11.993779,DELIVER,1695,,,,1736704,
11.994028,DELIVER,1696,,,,1737728,
11.994276,DELIVER,1697,,,,1738752,
11.994520,DELIVER,1698,,,,1739776,
11.994767,DELIVER,1699,,,,1740800,
11.995014,DELIVER,1700,,,,1741824,
11.997237,DELIVER,1701,,,,1742848,
11.997550,DELIVER,1702,,,,1743872,
12.037447,DELIVER,1703,,,,1744896,
12.037879,DELIVER,1704,,,,1745920,
12.038245,DELIVER,1705,,,,1746944,
12.038536,DELIVER,1706,,,,1747968,
12.039123,DELIVER,1707,,,,1748992,
12.045111,DELIVER,1708,,,,1750016,
12.047868,DELIVER,1709,,,,1751040,
12.048071,DELIVER,1710,,,,1752064,
12.048267,DELIVER,1711,,,,1753088,
12.048463,DELIVER,1712,,,,1754112,
12.048660,DELIVER,1713,,,,1755136,
12.048853,DELIVER,1714,,,,1756160,
12.049048,DELIVER,1715,,,,1757184,
12.049241,DELIVER,1716,,,,1758208,
12.050907,DELIVER,1717,,,,1759232,
12.053600,DELIVER,1718,,,,1760256,
12.053803,DELIVER,1719,,,,1761280,
12.053998,DELIVER,1720,,,,1762304,
12.084516,DELIVER,1721,,,,1763328,
12.084788,DELIVER,1722,,,,1764352,
12.087481,DELIVER,1723,,,,1765376,
12.087729,DELIVER,1724,,,,1766400,
12.087983,DELIVER,1725,,,,1767424,
12.088230,DELIVER,1726,,,,1768448,
12.092923,DELIVER,1727,,,,1769472,
12.105451,DELIVER,1728,,,,1770496,
12.105972,DELIVER,1729,,,,1771520,
12.106393,DELIVER,1730,,,,1772544,
12.106871,DELIVER,1731,,,,1773568,
12.107251,DELIVER,1732,,,,1774592,
12.107673,DELIVER,1733,,,,1775616,
12.108367,DELIVER,1734,,,,1776640,
12.108721,DELIVER,1735,,,,1777664,
12.108976,DELIVER,1736,,,,1778688,
12.109226,DELIVER,1737,,,,1779712,
12.109473,DELIVER,1738,,,,1780736,
12.109719,DELIVER,1739,,,,1781760,
12.138515,DELIVER,1740,,,,1782784,
12.139798,DELIVER,1741,,,,1783808,
12.140706,GAP,1743,,,,1783808,expected 1742
12.141224,GAP,1744,,,,1783808,expected 1742
12.141505,GAP,1745,,,,1783808,expected 1742
12.142234,GAP,1746,,,,1783808,expected 1742
12.142631,GAP,1747,,,,1783808,expected 1742
12.151690,GAP,1748,,,,1783808,expected 1742
12.152217,GAP,1749,,,,1783808,expected 1742
12.153847,GAP,1750,,,,1783808,expected 1742
12.154281,GAP,1751,,,,1783808,expected 1742
12.160839,GAP,1752,,,,1783808,expected 1742
12.161258,GAP,1753,,,,1783808,expected 1742
12.161701,GAP,1754,,,,1783808,expected 1742
12.162000,GAP,1755,,,,1783808,expected 1742
12.162311,GAP,1756,,,,1783808,expected 1742
12.165964,GAP,1757,,,,1783808,expected 1742
12.166259,GAP,1758,,,,1783808,expected 1742
12.166551,GAP,1759,,,,1783808,expected 1742
12.188581,DELIVER,1742,,,,1784832,
12.188909,DELIVER,1743,,,,1785856,
12.189551,DELIVER,1744,,,,1786880,
12.189915,DELIVER,1745,,,,1787904,
12.190608,DELIVER,1746,,,,1788928,
12.190949,DELIVER,1747,,,,1789952,
12.191214,DELIVER,1748,,,,1790976,
12.191464,DELIVER,1749,,,,1792000,
12.191711,GAP,1751,,,,1792000,expected 1750
12.191969,GAP,1752,,,,1792000,expected 1750
12.192223,GAP,1753,,,,1792000,expected 1750
12.192479,GAP,1754,,,,1792000,expected 1750
12.192734,GAP,1755,,,,1792000,expected 1750
12.193009,GAP,1756,,,,1792000,expected 1750
12.193284,GAP,1757,,,,1792000,expected 1750
12.193555,GAP,1758,,,,1792000,expected 1750
12.193836,GAP,1759,,,,1792000,expected 1750
12.232273,GAP,1760,,,,1792000,expected 1750
12.233290,GAP,1761,,,,1792000,expected 1750
12.233580,GAP,1762,,,,1792000,expected 1750
12.241937,GAP,1763,,,,1792000,expected 1750
12.242358,GAP,1764,,,,1792000,expected 1750
12.242728,GAP,1765,,,,1792000,expected 1750
12.243130,GAP,1766,,,,1792000,expected 1750
12.243400,DELIVER,1750,,,,1793024,
12.243641,DELIVER,1751,,,,1794048,
12.244035,DELIVER,1752,,,,1795072,
12.244339,DELIVER,1753,,,,1796096,
12.244604,DELIVER,1754,,,,1797120,
12.244856,DELIVER,1755,,,,1798144,
12.245104,DELIVER,1756,,,,1799168,
12.245350,GAP,1758,,,,1799168,expected 1757
12.245605,GAP,1759,,,,1799168,expected 1757
12.246785,GAP,1760,,,,1799168,expected 1757
12.247023,GAP,1761,,,,1799168,expected 1757
12.247246,GAP,1762,,,,1799168,expected 1757
12.247465,GAP,1763,,,,1799168,expected 1757
12.247667,GAP,1764,,,,1799168,expected 1757
12.247868,GAP,1765,,,,1799168,expected 1757
12.295320,GAP,1768,,,,1799168,expected 1757
12.297397,GAP,1769,,,,1799168,expected 1757
12.297774,GAP,1770,,,,1799168,expected 1757
12.298074,GAP,1771,,,,1799168,expected 1757
12.298384,GAP,1772,,,,1799168,expected 1757
12.298754,DELIVER,1757,,,,1800192,
12.299610,DELIVER,1758,,,,1801216,
12.299862,DELIVER,1759,,,,1802240,
12.301693,GAP,1761,,,,1802240,expected 1760
12.301986,GAP,1762,,,,1802240,expected 1760
12.303032,GAP,1763,,,,1802240,expected 1760
12.303730,GAP,1764,,,,1802240,expected 1760
12.304113,GAP,1765,,,,1802240,expected 1760
12.304353,GAP,1766,,,,1802240,expected 1760
12.304729,GAP,1767,,,,1802240,expected 1760
12.305095,GAP,1768,,,,1802240,expected 1760
12.305415,GAP,1769,,,,1802240,expected 1760
12.305685,GAP,1770,,,,1802240,expected 1760
12.305943,GAP,1771,,,,1802240,expected 1760
12.306201,GAP,1772,,,,1802240,expected 1760
12.306457,GAP,1773,,,,1802240,expected 1760
12.306714,GAP,1774,,,,1802240,expected 1760
12.306952,GAP,1775,,,,1802240,expected 1760
12.340407,DELIVER,1760,,,,1803264,
12.342044,DELIVER,1761,,,,1804288,
12.342307,DELIVER,1762,,,,1805312,
12.342603,DELIVER,1763,,,,1806336,
12.342818,DELIVER,1764,,,,1807360,
12.343021,DELIVER,1765,,,,1808384,
12.343221,DELIVER,1766,,,,1809408,
12.352621,DELIVER,1767,,,,1810432,
12.352820,DELIVER,1768,,,,1811456,
12.353023,DELIVER,1769,,,,1812480,
12.353220,DELIVER,1770,,,,1813504,
12.353414,GAP,1772,,,,1813504,expected 1771
12.353616,GAP,1773,,,,1813504,expected 1771
12.353816,GAP,1774,,,,1813504,expected 1771
12.354015,GAP,1775,,,,1813504,expected 1771
12.354214,GAP,1776,,,,1813504,expected 1771
12.382608,GAP,1777,,,,1813504,expected 1771
12.382849,GAP,1778,,,,1813504,expected 1771
12.393468,GAP,1779,,,,1813504,expected 1771
12.393715,GAP,1780,,,,1813504,expected 1771
12.394006,GAP,1781,,,,1813504,expected 1771
12.394293,GAP,1782,,,,1813504,expected 1771
12.395312,GAP,1783,,,,1813504,expected 1771
12.395597,GAP,1784,,,,1813504,expected 1771
12.395885,GAP,1785,,,,1813504,expected 1771
12.398702,DELIVER,1771,,,,1814528,
12.401997,DELIVER,1772,,,,1815552,
12.402260,DELIVER,1773,,,,1816576,
12.405975,DELIVER,1774,,,,1817600,
12.406475,DELIVER,1775,,,,1818624,
12.406789,DELIVER,1776,,,,1819648,
12.407143,DELIVER,1777,,,,1820672,
12.407506,DELIVER,1778,,,,1821696,
12.407762,DELIVER,1779,,,,1822720,
12.408016,DELIVER,1780,,,,1823744,
12.408266,DELIVER,1781,,,,1824768,
12.408515,DELIVER,1782,,,,1825792,
12.408764,DELIVER,1783,,,,1826816,
12.409011,DELIVER,1784,,,,1827840,
12.409258,DELIVER,1785,,,,1828864,
12.409461,DELIVER,1786,,,,1829888,
12.409655,DELIVER,1787,,,,1830912,
12.439971,DELIVER,1788,,,,1831936,
12.450359,DELIVER,1789,,,,1832960,
12.451141,DELIVER,1790,,,,1833984,
12.451595,DELIVER,1791,,,,1835008,
12.452020,DELIVER,1792,,,,1836032,
12.460331,DELIVER,1793,,,,1837056,
12.460658,DELIVER,1794,,,,1838080,
12.462749,DELIVER,1795,,,,1839104,
12.463054,DELIVER,1796,,,,1840128,
12.463357,DELIVER,1797,,,,1841152,
12.463664,DELIVER,1798,,,,1842176,
12.463997,DELIVER,1799,,,,1843200,
12.464474,DELIVER,1800,,,,1844224,
12.464790,DELIVER,1801,,,,1845248,
12.465036,DELIVER,1802,,,,1846272,
12.465353,DELIVER,1803,,,,1847296,
12.465622,DELIVER,1804,,,,1848320,
12.465847,DELIVER,1805,,,,1849344,
12.478597,DELIVER,1806,,,,1850368,
12.491174,DELIVER,1807,,,,1851392,
12.503375,DELIVER,1808,,,,1852416,
12.503653,DELIVER,1809,,,,1853440,
12.503905,DELIVER,1810,,,,1854464,
12.504405,DELIVER,1811,,,,1855488,
12.504673,DELIVER,1812,,,,1856512,
12.513308,DELIVER,1813,,,,1857536,
12.513629,DELIVER,1814,,,,1858560,
12.513892,DELIVER,1815,,,,1859584,
12.514187,DELIVER,1816,,,,1860608,
12.514433,DELIVER,1817,,,,1861632,
12.515168,GAP,1819,,,,1861632,expected 1818
12.515459,GAP,1821,,,,1861632,expected 1818
12.517343,GAP,1822,,,,1861632,expected 1818
12.517644,GAP,1823,,,,1861632,expected 1818
12.517952,GAP,1824,,,,1861632,expected 1818
12.520029,GAP,1825,,,,1861632,expected 1818
12.532814,GAP,1826,,,,1861632,expected 1818
12.546404,GAP,1828,,,,1861632,expected 1818
12.546704,GAP,1829,,,,1861632,expected 1818
12.552267,GAP,1830,,,,1861632,expected 1818
12.552561,GAP,1831,,,,1861632,expected 1818
12.555827,GAP,1832,,,,1861632,expected 1818
12.570346,DELIVER,1818,,,,1862656,
12.570653,DELIVER,1819,,,,1863680,
12.571207,DELIVER,1820,,,,1864704,
12.571591,DELIVER,1821,,,,1865728,
12.571886,GAP,1823,,,,1865728,expected 1822
12.572431,GAP,1824,,,,1865728,expected 1822
12.572945,GAP,1825,,,,1865728,expected 1822
12.573274,GAP,1826,,,,1865728,expected 1822
12.573824,GAP,1827,,,,1865728,expected 1822
12.574161,GAP,1828,,,,1865728,expected 1822
12.574436,GAP,1829,,,,1865728,expected 1822
12.574693,GAP,1830,,,,1865728,expected 1822
12.574952,GAP,1831,,,,1865728,expected 1822
12.575211,GAP,1832,,,,1865728,expected 1822
12.575470,GAP,1833,,,,1865728,expected 1822
12.575703,GAP,1834,,,,1865728,expected 1822
12.575904,GAP,1835,,,,1865728,expected 1822
12.610276,GAP,1836,,,,1865728,expected 1822
12.610771,GAP,1837,,,,1865728,expected 1822
12.616799,GAP,1838,,,,1865728,expected 1822
12.621467,GAP,1839,,,,1865728,expected 1822
12.621917,DELIVER,1822,,,,1866752,
12.622776,DELIVER,1823,,,,1867776,
12.623084,DELIVER,1824,,,,1868800,
12.623341,DELIVER,1825,,,,1869824,
12.623556,DELIVER,1826,,,,1870848,
12.623903,GAP,1828,,,,1870848,expected 1827
12.624193,GAP,1829,,,,1870848,expected 1827
12.624435,GAP,1830,,,,1870848,expected 1827
12.624818,GAP,1832,,,,1870848,expected 1827
12.625616,GAP,1833,,,,1870848,expected 1827
12.625905,GAP,1834,,,,1870848,expected 1827
12.626185,GAP,1835,,,,1870848,expected 1827
12.626520,GAP,1836,,,,1870848,expected 1827
12.626798,GAP,1837,,,,1870848,expected 1827
12.627545,GAP,1838,,,,1870848,expected 1827
12.627830,GAP,1839,,,,1870848,expected 1827
12.662710,DELIVER,1827,,,,1871872,
12.670285,DELIVER,1828,,,,1872896,
12.670783,DELIVER,1829,,,,1873920,
12.671184,DELIVER,1830,,,,1874944,
12.671532,DELIVER,1831,,,,1875968,
12.671796,DELIVER,1832,,,,1876992,
12.672202,GAP,1834,,,,1876992,expected 1833
12.672497,GAP,1835,,,,1876992,expected 1833
12.672783,GAP,1836,,,,1876992,expected 1833
12.673072,GAP,1837,,,,1876992,expected 1833
12.673353,GAP,1838,,,,1876992,expected 1833
12.673650,GAP,1839,,,,1876992,expected 1833
12.673925,GAP,1840,,,,1876992,expected 1833
12.674201,GAP,1841,,,,1876992,expected 1833
12.674483,GAP,1842,,,,1876992,expected 1833
12.674770,GAP,1843,,,,1876992,expected 1833
12.675025,GAP,1844,,,,1876992,expected 1833
12.705385,GAP,1845,,,,1876992,expected 1833
12.710609,GAP,1846,,,,1876992,expected 1833
12.714838,GAP,1847,,,,1876992,expected 1833
12.715184,GAP,1848,,,,1876992,expected 1833
12.719057,GAP,1849,,,,1876992,expected 1833
12.727070,DELIVER,1833,,,,1878016,
12.727453,DELIVER,1834,,,,1879040,
12.727851,DELIVER,1835,,,,1880064,
12.728542,DELIVER,1836,,,,1881088,
12.728837,DELIVER,1837,,,,1882112,
12.729060,DELIVER,1838,,,,1883136,
12.729285,DELIVER,1839,,,,1884160,
12.729563,DELIVER,1840,,,,1885184,
12.729814,DELIVER,1841,,,,1886208,
12.730037,DELIVER,1842,,,,1887232,
12.730302,DELIVER,1843,,,,1888256,
12.730673,DELIVER,1844,,,,1889280,
12.730966,DELIVER,1845,,,,1890304,
12.731221,DELIVER,1846,,,,1891328,
12.731469,GAP,1848,,,,1891328,expected 1847
12.779406,GAP,1849,,,,1891328,expected 1847
12.779713,GAP,1850,,,,1891328,expected 1847
12.779982,GAP,1852,,,,1891328,expected 1847
12.780366,GAP,1853,,,,1891328,expected 1847
12.780628,GAP,1854,,,,1891328,expected 1847
12.780861,GAP,1855,,,,1891328,expected 1847
12.781093,GAP,1856,,,,1891328,expected 1847
12.781970,GAP,1857,,,,1891328,expected 1847
12.782232,DELIVER,1847,,,,1892352,
12.782489,DELIVER,1848,,,,1893376,
12.782731,DELIVER,1849,,,,1894400,
12.783026,DELIVER,1850,,,,1895424,
12.785902,DELIVER,1851,,,,1896448,
12.786383,DELIVER,1852,,,,1897472,
12.786699,DELIVER,1853,,,,1898496,
12.787038,DELIVER,1854,,,,1899520,
12.787447,DELIVER,1855,,,,1900544,
12.787743,DELIVER,1856,,,,1901568,
12.788030,DELIVER,1857,,,,1902592,
12.788287,DELIVER,1858,,,,1903616,
12.788535,DELIVER,1859,,,,1904640,
12.788780,DELIVER,1860,,,,1905664,
12.789025,DELIVER,1861,,,,1906688,
12.789271,DELIVER,1862,,,,1907712,
12.789473,DELIVER,1863,,,,1908736,
12.832779,DELIVER,1864,,,,1909760,
12.838065,GAP,1866,,,,1909760,expected 1865
12.838571,GAP,1867,,,,1909760,expected 1865
12.838853,GAP,1868,,,,1909760,expected 1865
12.840256,GAP,1869,,,,1909760,expected 1865
12.840726,GAP,1870,,,,1909760,expected 1865
12.841027,GAP,1871,,,,1909760,expected 1865
12.841691,GAP,1872,,,,1909760,expected 1865
12.841943,GAP,1873,,,,1909760,expected 1865
12.842185,GAP,1874,,,,1909760,expected 1865
12.842502,GAP,1875,,,,1909760,expected 1865
12.842824,GAP,1876,,,,1909760,expected 1865
12.843115,GAP,1877,,,,1909760,expected 1865
12.843405,GAP,1878,,,,1909760,expected 1865
12.844369,GAP,1879,,,,1909760,expected 1865
12.844656,GAP,1880,,,,1909760,expected 1865
12.844946,GAP,1881,,,,1909760,expected 1865
12.879812,GAP,1882,,,,1909760,expected 1865
12.880167,DELIVER,1865,,,,1910784,
12.880500,DELIVER,1866,,,,1911808,
12.880823,DELIVER,1867,,,,1912832,
12.881071,DELIVER,1868,,,,1913856,
12.881328,DELIVER,1869,,,,1914880,
12.881583,DELIVER,1870,,,,1915904,
12.881818,DELIVER,1871,,,,1916928,
12.882182,DELIVER,1872,,,,1917952,
12.882441,DELIVER,1873,,,,1918976,
12.884887,DELIVER,1874,,,,1920000,
12.885141,DELIVER,1875,,,,1921024,
12.885389,DELIVER,1876,,,,1922048,
12.885635,DELIVER,1877,,,,1923072,
12.885880,DELIVER,1878,,,,1924096,
12.886126,DELIVER,1879,,,,1925120,
12.886370,DELIVER,1880,,,,1926144,
12.939456,DELIVER,1881,,,,1927168,
12.939785,DELIVER,1882,,,,1928192,
12.940028,DELIVER,1883,,,,1929216,
12.940457,DELIVER,1884,,,,1930240,
12.940784,DELIVER,1885,,,,1931264,
12.941021,DELIVER,1886,,,,1932288,
12.941411,DELIVER,1887,,,,1933312,
12.941778,DELIVER,1888,,,,1934336,
12.942053,DELIVER,1889,,,,1935360,
12.942497,DELIVER,1890,,,,1936384,
12.942954,DELIVER,1891,,,,1937408,
12.943278,DELIVER,1892,,,,1938432,
12.943573,GAP,1894,,,,1938432,expected 1893
12.943860,GAP,1895,,,,1938432,expected 1893
12.944161,GAP,1896,,,,1938432,expected 1893
12.944446,GAP,1897,,,,1938432,expected 1893
12.984406,GAP,1898,,,,1938432,expected 1893
12.992976,GAP,1899,,,,1938432,expected 1893
12.993348,GAP,1900,,,,1938432,expected 1893
12.993799,GAP,1901,,,,1938432,expected 1893
12.994300,GAP,1902,,,,1938432,expected 1893
12.994612,GAP,1903,,,,1938432,expected 1893
12.994908,GAP,1904,,,,1938432,expected 1893
12.995229,GAP,1905,,,,1938432,expected 1893
12.995552,DELIVER,1893,,,,1939456,
12.995809,DELIVER,1894,,,,1940480,
12.996058,DELIVER,1895,,,,1941504,
12.996260,GAP,1897,,,,1941504,expected 1896
12.996460,GAP,1898,,,,1941504,expected 1896
12.999247,GAP,1899,,,,1941504,expected 1896
12.999536,GAP,1900,,,,1941504,expected 1896
12.999811,GAP,1901,,,,1941504,expected 1896
13.000089,GAP,1902,,,,1941504,expected 1896
13.000379,GAP,1903,,,,1941504,expected 1896
13.000656,GAP,1904,,,,1941504,expected 1896
13.000929,GAP,1905,,,,1941504,expected 1896
13.001203,GAP,1906,,,,1941504,expected 1896
13.001488,GAP,1907,,,,1941504,expected 1896
13.001768,GAP,1908,,,,1941504,expected 1896
13.046183,DELIVER,1896,,,,1942528,
13.046552,DELIVER,1897,,,,1943552,
13.046778,DELIVER,1898,,,,1944576,
13.047126,GAP,1900,,,,1944576,expected 1899
13.047453,GAP,1901,,,,1944576,expected 1899
13.050869,GAP,1902,,,,1944576,expected 1899
13.051251,GAP,1903,,,,1944576,expected 1899
13.051475,GAP,1904,,,,1944576,expected 1899
13.051709,GAP,1905,,,,1944576,expected 1899
13.051947,GAP,1906,,,,1944576,expected 1899
13.052370,GAP,1908,,,,1944576,expected 1899
13.052607,GAP,1910,,,,1944576,expected 1899
13.052935,GAP,1911,,,,1944576,expected 1899
13.084781,GAP,1912,,,,1944576,expected 1899
13.098041,DELIVER,1899,,,,1945600,
13.098991,DELIVER,1900,,,,1946624,
13.099721,DELIVER,1901,,,,1947648,
13.100826,DELIVER,1902,,,,1948672,
13.101098,DELIVER,1903,,,,1949696,
13.101359,DELIVER,1904,,,,1950720,
13.101672,DELIVER,1905,,,,1951744,
13.101878,DELIVER,1906,,,,1952768,
13.102082,DELIVER,1907,,,,1953792,
13.102457,DELIVER,1908,,,,1954816,
13.102749,DELIVER,1909,,,,1955840,
13.103001,DELIVER,1910,,,,1956864,
13.103248,DELIVER,1911,,,,1957888,
13.103496,DELIVER,1912,,,,1958912,
13.103742,DELIVER,1913,,,,1959936,
13.103988,DELIVER,1914,,,,1960960,
13.142737,DELIVER,1915,,,,1961984,
13.142934,DELIVER,1916,,,,1963008,
13.143103,GAP,1918,,,,1963008,expected 1917
13.147786,GAP,1919,,,,1963008,expected 1917
13.147990,GAP,1920,,,,1963008,expected 1917
13.148184,GAP,1921,,,,1963008,expected 1917
13.148379,GAP,1922,,,,1963008,expected 1917
13.154744,GAP,1923,,,,1963008,expected 1917
13.154940,GAP,1924,,,,1963008,expected 1917
13.155118,GAP,1925,,,,1963008,expected 1917
13.155301,GAP,1926,,,,1963008,expected 1917
13.155484,GAP,1927,,,,1963008,expected 1917
13.155663,GAP,1928,,,,1963008,expected 1917
13.158423,GAP,1929,,,,1963008,expected 1917
13.158608,GAP,1930,,,,1963008,expected 1917
13.158792,GAP,1931,,,,1963008,expected 1917
13.193175,DELIVER,1917,,,,1964032,
13.193383,DELIVER,1918,,,,1965056,
13.193579,DELIVER,1919,,,,1966080,
13.193854,DELIVER,1920,,,,1967104,
13.194351,DELIVER,1921,,,,1968128,
13.194550,DELIVER,1922,,,,1969152,
13.194743,DELIVER,1923,,,,1970176,
13.194936,DELIVER,1924,,,,1971200,
13.195128,DELIVER,1925,,,,1972224,
13.195321,DELIVER,1926,,,,1973248,
13.195519,DELIVER,1927,,,,1974272,
13.195711,DELIVER,1928,,,,1975296,
13.195905,DELIVER,1929,,,,1976320,
13.196098,DELIVER,1930,,,,1977344,
13.196291,DELIVER,1931,,,,1978368,
13.251927,DELIVER,1932,,,,1979392,
13.252312,DELIVER,1933,,,,1980416,
13.252868,DELIVER,1934,,,,1981440,
13.253317,DELIVER,1935,,,,1982464,
13.253666,DELIVER,1936,,,,1983488,
13.254377,DELIVER,1937,,,,1984512,
13.254817,DELIVER,1938,,,,1985536,
13.255113,DELIVER,1939,,,,1986560,
13.255784,DELIVER,1940,,,,1987584,
13.256081,DELIVER,1941,,,,1988608,
13.256329,DELIVER,1942,,,,1989632,
13.256581,DELIVER,1943,,,,1990656,
13.256830,DELIVER,1944,,,,1991680,
13.257079,DELIVER,1945,,,,1992704,
13.257326,DELIVER,1946,,,,1993728,
13.292507,DELIVER,1947,,,,1994752,
13.296467,DELIVER,1948,,,,1995776,
13.299299,DELIVER,1949,,,,1996800,
13.299635,DELIVER,1950,,,,1997824,
13.302340,DELIVER,1951,,,,1998848,
13.302724,DELIVER,1952,,,,1999872,
13.302981,DELIVER,1953,,,,2000896,
13.308002,DELIVER,1954,,,,2001920,
13.308258,DELIVER,1955,,,,2002944,
13.308508,DELIVER,1956,,,,2003968,
13.308755,DELIVER,1957,,,,2004992,
13.309002,DELIVER,1958,,,,2006016,
13.309248,DELIVER,1959,,,,2007040,
13.309495,DELIVER,1960,,,,2008064,
13.309743,DELIVER,1961,,,,2009088,
13.309988,DELIVER,1962,,,,2010112,
13.310242,DELIVER,1963,,,,2011136,
13.336065,DELIVER,1964,,,,2012160,
13.341011,DELIVER,1965,,,,2013184,
13.341360,GAP,1967,,,,2013184,expected 1966
13.347233,GAP,1968,,,,2013184,expected 1966
13.349298,GAP,1969,,,,2013184,expected 1966
13.349601,GAP,1970,,,,2013184,expected 1966
13.358646,GAP,1971,,,,2013184,expected 1966
13.359106,GAP,1972,,,,2013184,expected 1966
13.359423,GAP,1974,,,,2013184,expected 1966
13.360721,GAP,1975,,,,2013184,expected 1966
13.365002,GAP,1976,,,,2013184,expected 1966
13.365339,GAP,1977,,,,2013184,expected 1966
13.365750,GAP,1978,,,,2013184,expected 1966
13.366035,GAP,1979,,,,2013184,expected 1966
13.366331,GAP,1980,,,,2013184,expected 1966
13.366665,GAP,1981,,,,2013184,expected 1966
13.374649,GAP,1982,,,,2013184,expected 1966
13.385373,DELIVER,1966,,,,2014208,
13.385893,DELIVER,1967,,,,2015232,
13.386646,DELIVER,1968,,,,2016256,
13.387312,DELIVER,1969,,,,2017280,
13.390596,DELIVER,1970,,,,2018304,
13.390894,DELIVER,1971,,,,2019328,
13.391202,DELIVER,1972,,,,2020352,
13.391456,DELIVER,1973,,,,2021376,
13.391707,GAP,1975,,,,2021376,expected 1974
13.391964,GAP,1976,,,,2021376,expected 1974
13.392218,GAP,1977,,,,2021376,expected 1974
13.392434,GAP,1978,,,,2021376,expected 1974
13.392779,GAP,1979,,,,2021376,expected 1974
13.393039,GAP,1980,,,,2021376,expected 1974
13.393246,GAP,1981,,,,2021376,expected 1974
13.434883,GAP,1982,,,,2021376,expected 1974
13.435124,GAP,1983,,,,2021376,expected 1974
13.435344,GAP,1984,,,,2021376,expected 1974
13.435548,GAP,1985,,,,2021376,expected 1974
13.435774,GAP,1986,,,,2021376,expected 1974
13.435978,DELIVER,1974,,,,2022400,
13.436166,DELIVER,1975,,,,2023424,
13.441428,DELIVER,1976,,,,2024448,
13.445434,DELIVER,1977,,,,2025472,
13.445583,GAP,1979,,,,2025472,expected 1978
13.445735,GAP,1980,,,,2025472,expected 1978
13.445901,GAP,1981,,,,2025472,expected 1978
13.446042,GAP,1982,,,,2025472,expected 1978
13.446189,GAP,1983,,,,2025472,expected 1978
13.446907,GAP,1984,,,,2025472,expected 1978
13.447069,GAP,1985,,,,2025472,expected 1978
13.447213,GAP,1986,,,,2025472,expected 1978
13.447354,GAP,1987,,,,2025472,expected 1978
13.447483,GAP,1988,,,,2025472,expected 1978
13.447708,GAP,1989,,,,2025472,expected 1978
13.487189,GAP,1990,,,,2025472,expected 1978
13.491521,GAP,1991,,,,2025472,expected 1978
13.491995,GAP,1992,,,,2025472,expected 1978
13.492834,GAP,1993,,,,2025472,expected 1978
13.493497,DELIVER,1978,,,,2026496,
13.493913,DELIVER,1979,,,,2027520,
13.494315,DELIVER,1980,,,,2028544,
13.494613,DELIVER,1981,,,,2029568,
13.494871,DELIVER,1982,,,,2030592,
13.495165,DELIVER,1983,,,,2031616,
13.495438,DELIVER,1984,,,,2032640,
13.495675,DELIVER,1985,,,,2033664,
13.495954,DELIVER,1986,,,,2034688,
13.496111,DELIVER,1987,,,,2035712,
13.496212,DELIVER,1988,,,,2036736,
13.496308,DELIVER,1989,,,,2037760,
13.496403,DELIVER,1990,,,,2038784,
13.496498,DELIVER,1991,,,,2039808,
13.496592,DELIVER,1992,,,,2040832,
13.496686,DELIVER,1993,,,,2041856,
13.496782,DELIVER,1994,,,,2042880,
13.541472,DELIVER,1995,,,,2043904,
13.542333,GAP,1997,,,,2043904,expected 1996
13.553751,GAP,1998,,,,2043904,expected 1996
13.554055,GAP,1999,,,,2043904,expected 1996
13.554392,GAP,2000,,,,2043904,expected 1996
13.554656,GAP,2001,,,,2043904,expected 1996
13.554986,GAP,2002,,,,2043904,expected 1996
13.555294,GAP,2003,,,,2043904,expected 1996
13.555694,GAP,2004,,,,2043904,expected 1996
13.555998,GAP,2005,,,,2043904,expected 1996
13.556252,GAP,2006,,,,2043904,expected 1996
13.556476,GAP,2007,,,,2043904,expected 1996
13.556718,GAP,2008,,,,2043904,expected 1996
13.557340,GAP,2009,,,,2043904,expected 1996
13.557551,GAP,2010,,,,2043904,expected 1996
13.557737,GAP,2011,,,,2043904,expected 1996
13.557938,GAP,2012,,,,2043904,expected 1996
13.576903,GAP,2013,,,,2043904,expected 1996
13.594646,DELIVER,1996,,,,2044928,
13.595053,DELIVER,1997,,,,2045952,
13.595455,DELIVER,1998,,,,2046976,
13.595780,DELIVER,1999,,,,2048000,
13.596157,DELIVER,2000,,,,2049024,
13.596559,DELIVER,2001,,,,2050048,
13.596831,DELIVER,2002,,,,2051072,
13.597084,DELIVER,2003,,,,2052096,
13.597334,DELIVER,2004,,,,2053120,
13.597585,DELIVER,2005,,,,2054144,
13.597833,DELIVER,2006,,,,2055168,
13.598081,DELIVER,2007,,,,2056192,
13.598328,DELIVER,2008,,,,2057216,
13.598625,DELIVER,2009,,,,2058240,
13.598942,DELIVER,2010,,,,2059264,
13.599240,DELIVER,2011,,,,2060288,
13.642700,DELIVER,2012,,,,2061312,
13.642931,DELIVER,2013,,,,2062336,
13.643132,DELIVER,2014,,,,2063360,
13.645374,DELIVER,2015,,,,2064384,
13.654720,DELIVER,2016,,,,2065408,
13.654948,DELIVER,2017,,,,2066432,
13.655154,DELIVER,2018,,,,2067456,
13.655357,DELIVER,2019,,,,2068480,
13.655811,DELIVER,2020,,,,2069504,
13.656593,DELIVER,2021,,,,2070528,
13.657633,DELIVER,2022,,,,2071552,
13.657959,DELIVER,2023,,,,2072576,
13.658380,DELIVER,2024,,,,2073600,
13.658753,DELIVER,2025,,,,2074624,
13.659215,DELIVER,2026,,,,2075648,
13.659818,GAP,2028,,,,2075648,expected 2027
13.700445,GAP,2029,,,,2075648,expected 2027
13.700590,GAP,2031,,,,2075648,expected 2027
13.700716,GAP,2032,,,,2075648,expected 2027
13.700842,GAP,2033,,,,2075648,expected 2027
13.700966,GAP,2034,,,,2075648,expected 2027
13.706931,GAP,2035,,,,2075648,expected 2027
13.707083,GAP,2036,,,,2075648,expected 2027
13.707237,GAP,2037,,,,2075648,expected 2027
13.707378,GAP,2038,,,,2075648,expected 2027
13.707504,GAP,2039,,,,2075648,expected 2027
13.707628,GAP,2040,,,,2075648,expected 2027
13.707749,GAP,2041,,,,2075648,expected 2027
13.707871,GAP,2042,,,,2075648,expected 2027
13.707995,GAP,2043,,,,2075648,expected 2027
13.741287,DELIVER,2027,,,,2076672,
13.744409,DELIVER,2028,,,,2077696,
13.744579,DELIVER,2029,,,,2078720,
13.744741,DELIVER,2030,,,,2079744,
13.744904,DELIVER,2031,,,,2080768,
13.745064,DELIVER,2032,,,,2081792,
13.745224,DELIVER,2033,,,,2082816,
13.745383,DELIVER,2034,,,,2083840,
13.745541,DELIVER,2035,,,,2084864,
13.745704,GAP,2037,,,,2084864,expected 2036
13.745868,GAP,2038,,,,2084864,expected 2036
13.746032,GAP,2039,,,,2084864,expected 2036
13.746220,GAP,2040,,,,2084864,expected 2036
13.784073,GAP,2042,,,,2084864,expected 2036
13.785562,GAP,2043,,,,2084864,expected 2036
13.796338,GAP,2044,,,,2084864,expected 2036
13.796487,GAP,2045,,,,2084864,expected 2036
13.796620,GAP,2046,,,,2084864,expected 2036
13.796751,GAP,2047,,,,2084864,expected 2036
13.796878,DELIVER,2036,,,,2085888,
13.799131,GAP,2038,,,,2085888,expected 2037
13.799273,GAP,2039,,,,2085888,expected 2037
13.799409,GAP,2040,,,,2085888,expected 2037
13.799538,GAP,2041,,,,2085888,expected 2037
13.799663,GAP,2042,,,,2085888,expected 2037
13.799789,GAP,2043,,,,2085888,expected 2037
13.799913,GAP,2044,,,,2085888,expected 2037
13.800048,GAP,2045,,,,2085888,expected 2037
13.800176,GAP,2046,,,,2085888,expected 2037
13.800296,GAP,2047,,,,2085888,expected 2037
13.851892,DELIVER,2037,,,,2086912,
13.852356,DELIVER,2038,,,,2087936,
13.852830,DELIVER,2039,,,,2088960,
13.854624,DELIVER,2040,,,,2089984,
13.856899,DELIVER,2041,,,,2091008,
13.857193,DELIVER,2042,,,,2092032,
13.857575,DELIVER,2043,,,,2093056,
13.857850,DELIVER,2044,,,,2094080,
13.858192,DELIVER,2045,,,,2095104,
13.858543,DELIVER,2046,,,,2096128,
13.858795,DELIVER,2047,,,,2097152,
13.912348,FIN,2048,,,,2097152,"all data received, acking FIN"
