t,event,seq,cwnd,srtt_ms,rto_ms,bytes_acked,info
0.000914,SEND,0,4.000,,200.000,0,
0.001000,SEND,1,4.000,,200.000,0,
0.001078,SEND,2,4.000,,200.000,0,
0.001151,SEND,3,4.000,,200.000,0,
0.001156,STATS,-1,4.000,,200.000,0,base=0 next=4
0.051389,ACK,1,4.250,,,1024,"cum ack, base->1"
0.051427,ACK,2,4.485,,,2048,"cum ack, base->2"
0.051447,ACK,3,4.708,,,3072,"cum ack, base->3"
0.052345,ACK,4,4.921,,,4096,"cum ack, base->4"
0.053948,SEND,4,4.921,,200.000,4096,
0.054039,SEND,5,4.921,,200.000,4096,
0.054124,SEND,6,4.921,,200.000,4096,
0.054210,SEND,7,4.921,,200.000,4096,
0.101638,STATS,-1,4.921,,200.000,4096,base=4 next=8
0.109377,ACK,5,5.124,,,5120,"cum ack, base->5"
0.109406,ACK,6,5.319,,,6144,"cum ack, base->6"
0.109426,ACK,7,5.507,,,7168,"cum ack, base->7"
0.109445,ACK,8,5.689,,,8192,"cum ack, base->8"
0.111836,SEND,8,5.689,,200.000,8192,
0.111965,SEND,9,5.689,,200.000,8192,
0.112090,SEND,10,5.689,,200.000,8192,
0.112215,SEND,11,5.689,,200.000,8192,
0.112339,SEND,12,5.689,,200.000,8192,
0.157050,ACK,9,5.864,,,9216,"cum ack, base->9"
0.157082,ACK,10,6.035,,,10240,"cum ack, base->10"
0.157744,SEND,13,6.035,,200.000,10240,
0.157904,SEND,14,6.035,,200.000,10240,
0.158054,SEND,15,6.035,,200.000,10240,
0.158820,ACK,11,6.201,,,11264,"cum ack, base->11"
0.158845,ACK,12,6.362,,,12288,"cum ack, base->12"
0.160757,SEND,16,6.362,,200.000,12288,
0.160936,SEND,17,6.362,,200.000,12288,
0.161614,ACK,13,6.519,,,13312,"cum ack, base->13"
0.163639,SEND,18,6.519,,200.000,13312,
0.202806,STATS,-1,6.519,,200.000,13312,base=13 next=19
0.202939,ACK,14,6.672,,,14336,"cum ack, base->14"
0.204617,ACK,16,6.969,,,16384,"cum ack, base->16"
0.208087,SEND,19,6.969,,200.000,16384,
0.209058,SEND,20,6.969,,200.000,16384,
0.209263,SEND,21,6.969,,200.000,16384,
0.210500,ACK,17,7.112,,,17408,"cum ack, base->17"
0.210555,NAK,17,7.112,,,17408,
0.210577,FASTRETX,17,6.322,,200.000,17408,nak
0.210605,DUPACK,17,6.322,,,17408,
0.212000,RETX,17,6.322,,200.000,17408,
0.212197,RETX,18,6.322,,200.000,17408,
0.212376,RETX,19,6.322,,200.000,17408,
0.212553,RETX,20,6.322,,200.000,17408,
0.212731,RETX,21,6.322,,200.000,17408,
0.212908,SEND,22,6.322,,200.000,17408,
0.243206,NAK,17,6.322,,,17408,
0.243299,DUPACK,17,6.322,,,17408,
0.243334,NAK,17,6.322,,,17408,
0.243527,DUPACK,17,6.322,,,17408,
0.247442,NAK,17,6.322,,,17408,
0.247522,DUPACK,17,6.322,,,17408,
0.252776,NAK,17,6.322,,,17408,
0.252835,DUPACK,17,6.322,,,17408,
0.254358,NAK,17,6.322,,,17408,
0.266155,DUPACK,17,6.322,,,17408,
0.266215,NAK,17,6.322,,,17408,
0.266249,DUPACK,17,6.322,,,17408,
0.266275,NAK,17,6.322,,,17408,
0.266300,DUPACK,17,6.322,,,17408,
0.266330,NAK,17,6.322,,,17408,
0.266355,DUPACK,17,6.322,,,17408,
0.308226,STATS,-1,6.322,,200.000,17408,base=17 next=23
0.409399,STATS,-1,6.322,,200.000,17408,base=17 next=23
0.411989,TIMEOUT,17,6.322,,200.000,17408,timeout
0.415455,RETX,17,6.322,,200.000,17408,
0.415656,RETX,18,6.322,,200.000,17408,
0.415821,RETX,19,6.322,,200.000,17408,
0.415991,RETX,20,6.322,,200.000,17408,
0.416160,RETX,21,6.322,,200.000,17408,
0.416366,RETX,22,6.322,,200.000,17408,
0.469615,ACK,18,6.480,,,18432,"cum ack, base->18"
0.469667,ACK,19,6.635,,,19456,"cum ack, base->19"
0.469692,NAK,19,6.635,,,19456,
0.469701,FASTRETX,19,6.635,,200.000,19456,nak
0.469725,DUPACK,19,6.635,,,19456,
0.469746,NAK,19,6.635,,,19456,
0.469766,DUPACK,19,6.635,,,19456,
0.469785,NAK,19,6.635,,,19456,
0.469805,DUPACK,19,6.635,,,19456,
0.472117,RETX,19,6.635,,200.000,19456,
0.472299,RETX,20,6.635,,200.000,19456,
0.472477,RETX,21,6.635,,200.000,19456,
0.472653,RETX,22,6.635,,200.000,19456,
0.472830,SEND,23,6.635,,200.000,19456,
0.473007,SEND,24,6.635,,200.000,19456,
0.509597,STATS,-1,6.635,,200.000,19456,base=19 next=25
0.526091,ACK,20,6.785,,,20480,"cum ack, base->20"
0.526172,ACK,22,7.077,,,22528,"cum ack, base->22"
0.526307,ACK,23,7.218,,,23552,"cum ack, base->23"
0.526349,ACK,24,7.357,,,24576,"cum ack, base->24"
0.526383,ACK,25,7.493,,,25600,"cum ack, base->25"
0.528196,SEND,25,7.493,,200.000,25600,
0.528398,SEND,26,7.493,,200.000,25600,
0.528571,SEND,27,7.493,,200.000,25600,
0.529184,SEND,28,7.493,,200.000,25600,
0.529448,SEND,29,7.493,,200.000,25600,
0.530010,SEND,30,7.493,,200.000,25600,
0.530192,SEND,31,7.493,,200.000,25600,
0.587670,ACK,26,7.626,,,26624,"cum ack, base->26"
0.587757,ACK,27,7.757,,,27648,"cum ack, base->27"
0.587798,ACK,28,7.886,,,28672,"cum ack, base->28"
0.587832,ACK,29,8.013,,,29696,"cum ack, base->29"
0.587899,ACK,30,8.138,,,30720,"cum ack, base->30"
0.587954,ACK,32,8.382,,,32768,"cum ack, base->32"
0.588972,SEND,32,8.382,,200.000,32768,
0.589156,SEND,33,8.382,,200.000,32768,
0.589384,SEND,34,8.382,,200.000,32768,
0.589559,SEND,35,8.382,,200.000,32768,
0.589765,SEND,36,8.382,,200.000,32768,
0.589970,SEND,37,8.382,,200.000,32768,
0.590142,SEND,38,8.382,,200.000,32768,
0.590375,SEND,39,8.382,,200.000,32768,
0.611545,STATS,-1,8.382,,200.000,32768,base=32 next=40
0.630754,ACK,33,8.501,,,33792,"cum ack, base->33"
0.632520,SEND,40,8.501,,200.000,33792,
0.641309,ACK,34,8.619,,,34816,"cum ack, base->34"
0.641446,ACK,35,8.735,,,35840,"cum ack, base->35"
0.641490,ACK,36,8.849,,,36864,"cum ack, base->36"
0.641523,NAK,36,8.849,,,36864,
0.641550,FASTRETX,36,7.866,,200.000,36864,nak
0.641579,DUPACK,36,7.866,,,36864,
0.642198,RETX,36,7.866,,200.000,36864,
0.642376,RETX,37,7.866,,200.000,36864,
0.642613,RETX,38,7.866,,200.000,36864,
0.642819,RETX,39,7.866,,200.000,36864,
0.643042,RETX,40,7.866,,200.000,36864,
0.643220,SEND,41,7.866,,200.000,36864,
0.643463,SEND,42,7.866,,200.000,36864,
0.643574,NAK,36,7.866,,,36864,
0.643620,DUPACK,36,7.866,,,36864,
0.643652,NAK,36,7.866,,,36864,
0.678797,NAK,36,7.866,,,36864,
0.678868,DUPACK,36,7.866,,,36864,
0.680275,ACK,37,7.993,,,37888,"cum ack, base->37"
0.681120,SEND,43,7.993,,200.000,37888,
0.692747,ACK,38,8.118,,,38912,"cum ack, base->38"
0.692810,ACK,39,8.241,,,39936,"cum ack, base->39"
0.692844,ACK,40,8.363,,,40960,"cum ack, base->40"
0.694711,SEND,44,8.363,,200.000,40960,
0.694916,SEND,45,8.363,,200.000,40960,
0.695120,SEND,46,8.363,,200.000,40960,
0.695362,SEND,47,8.363,,200.000,40960,
0.697523,ACK,41,8.482,,,41984,"cum ack, base->41"
0.697768,ACK,42,8.600,,,43008,"cum ack, base->42"
0.697811,ACK,43,8.716,,,44032,"cum ack, base->43"
0.698521,SEND,48,8.716,,200.000,44032,
0.698734,SEND,49,8.716,,200.000,44032,
0.699003,SEND,50,8.716,,200.000,44032,
0.712292,STATS,-1,8.716,,200.000,44032,base=43 next=51
0.722335,ACK,44,8.831,,,45056,"cum ack, base->44"
0.723330,SEND,51,8.831,,200.000,45056,
0.739398,ACK,45,8.944,,,46080,"cum ack, base->45"
0.741448,SEND,52,8.944,,200.000,46080,
0.747060,ACK,46,9.056,,,47104,"cum ack, base->46"
0.747130,ACK,47,9.167,,,48128,"cum ack, base->47"
0.747166,ACK,48,9.276,,,49152,"cum ack, base->48"
0.747200,ACK,50,9.490,,,51200,"cum ack, base->50"
0.747257,ACK,51,9.596,,,52224,"cum ack, base->51"
0.749417,SEND,53,9.596,,200.000,52224,
0.749649,SEND,54,9.596,,200.000,52224,
0.749824,SEND,55,9.596,,200.000,52224,
0.750038,SEND,56,9.596,,200.000,52224,
0.750216,SEND,57,9.596,,200.000,52224,
0.750396,SEND,58,9.596,,200.000,52224,
0.750620,SEND,59,9.596,,200.000,52224,
0.795903,NAK,52,9.596,,,52224,
0.795941,FASTRETX,51,8.529,,200.000,52224,nak
0.796188,ACK,52,8.647,,,53248,"cum ack, base->52"
0.796561,RETX,51,8.647,,200.000,53248,
0.796739,RETX,52,8.647,,200.000,53248,
0.796907,RETX,53,8.647,,200.000,53248,
0.797075,RETX,54,8.647,,200.000,53248,
0.797293,RETX,55,8.647,,200.000,53248,
0.797471,RETX,56,8.647,,200.000,53248,
0.797639,RETX,57,8.647,,200.000,53248,
0.797805,RETX,58,8.647,,200.000,53248,
0.797990,RETX,59,8.647,,200.000,53248,
0.798090,NAK,52,8.647,,,53248,
0.798101,FASTRETX,52,8.647,,200.000,53248,nak
0.798139,DUPACK,52,8.647,,,53248,
0.800975,RETX,52,8.647,,200.000,53248,
0.801727,RETX,53,8.647,,200.000,53248,
0.802207,RETX,54,8.647,,200.000,53248,
0.803038,RETX,55,8.647,,200.000,53248,
0.803330,RETX,56,8.647,,200.000,53248,
0.803623,RETX,57,8.647,,200.000,53248,
0.803811,RETX,58,8.647,,200.000,53248,
0.804111,RETX,59,8.647,,200.000,53248,
0.804408,NAK,52,8.647,,,53248,
0.804538,NAK,52,8.647,,,53248,
0.804566,NAK,52,8.647,,,53248,
0.804591,DUPACK,52,8.647,,,53248,
0.804617,NAK,52,8.647,,,53248,
0.804642,DUPACK,52,8.647,,,53248,
0.804666,NAK,52,8.647,,,53248,
0.804882,DUPACK,52,8.647,,,53248,
0.814330,STATS,-1,8.647,,200.000,53248,base=52 next=60
0.846573,DUPACK,52,8.647,,,53248,
0.846681,ACK,53,8.762,,,54272,"cum ack, base->53"
0.846740,ACK,54,8.876,,,55296,"cum ack, base->54"
0.846795,ACK,55,8.989,,,56320,"cum ack, base->55"
0.846844,ACK,56,9.100,,,57344,"cum ack, base->56"
0.846895,ACK,57,9.210,,,58368,"cum ack, base->57"
0.846943,ACK,58,9.319,,,59392,"cum ack, base->58"
0.846993,ACK,59,9.426,,,60416,"cum ack, base->59"
0.847039,ACK,60,9.532,,,61440,"cum ack, base->60"
0.847081,DUPACK,60,9.532,,,61440,
0.847119,DUPACK,60,9.532,,,61440,
0.847155,DUPACK,60,9.532,,,61440,
0.847608,SEND,60,9.532,,200.000,61440,
0.847874,SEND,61,9.532,,200.000,61440,
0.848133,SEND,62,9.532,,200.000,61440,
0.848372,SEND,63,9.532,,200.000,61440,
0.848576,SEND,64,9.532,,200.000,61440,
0.848808,SEND,65,9.532,,200.000,61440,
0.849073,SEND,66,9.532,,200.000,61440,
0.849280,SEND,67,9.532,,200.000,61440,
0.849482,SEND,68,9.532,,200.000,61440,
0.850328,DUPACK,60,9.532,,,61440,
0.850384,DUPACK,60,9.532,,,61440,
0.850412,DUPACK,60,9.532,,,61440,
0.850438,DUPACK,60,9.532,,,61440,
0.899639,ACK,61,9.637,,,62464,"cum ack, base->61"
0.899779,ACK,62,9.741,,,63488,"cum ack, base->62"
0.899824,ACK,63,9.843,,,64512,"cum ack, base->63"
0.899858,ACK,64,9.945,,,65536,"cum ack, base->64"
0.899890,ACK,65,10.046,,,66560,"cum ack, base->65"
0.899923,ACK,66,10.145,,,67584,"cum ack, base->66"
0.899954,ACK,67,10.244,,,68608,"cum ack, base->67"
0.899984,ACK,68,10.341,,,69632,"cum ack, base->68"
0.900014,ACK,69,10.438,,,70656,"cum ack, base->69"
0.900368,SEND,69,10.438,,200.000,70656,
0.900980,SEND,70,10.438,,200.000,70656,
0.902268,SEND,71,10.438,,200.000,70656,
0.904467,SEND,72,10.438,,200.000,70656,
0.904702,SEND,73,10.438,,200.000,70656,
0.905160,SEND,74,10.438,,200.000,70656,
0.905340,SEND,75,10.438,,200.000,70656,
0.905722,SEND,76,10.438,,200.000,70656,
0.905904,SEND,77,10.438,,200.000,70656,
0.906214,SEND,78,10.438,,200.000,70656,
0.916294,STATS,-1,10.438,,200.000,70656,base=69 next=79
0.948489,ACK,70,10.534,,,71680,"cum ack, base->70"
0.948783,ACK,71,10.629,,,72704,"cum ack, base->71"
0.949665,ACK,72,10.723,,,73728,"cum ack, base->72"
0.949780,ACK,73,10.816,,,74752,"cum ack, base->73"
0.952072,SEND,79,10.816,,200.000,74752,
0.952263,SEND,80,10.816,,200.000,74752,
0.952435,SEND,81,10.816,,200.000,74752,
0.952603,SEND,82,10.816,,200.000,74752,
0.954528,ACK,74,10.909,,,75776,"cum ack, base->74"
0.954598,ACK,76,11.091,,,77824,"cum ack, base->76"
0.954649,ACK,77,11.181,,,78848,"cum ack, base->77"
0.954872,ACK,78,11.271,,,79872,"cum ack, base->78"
0.955568,SEND,83,11.271,,200.000,79872,
0.956496,SEND,84,11.271,,200.000,79872,
0.956704,SEND,85,11.271,,200.000,79872,
0.956874,SEND,86,11.271,,200.000,79872,
0.957047,SEND,87,11.271,,200.000,79872,
0.957214,SEND,88,11.271,,200.000,79872,
0.997354,NAK,78,11.271,,,79872,
0.997409,FASTRETX,78,10.018,,200.000,79872,nak
0.997460,DUPACK,78,10.018,,,79872,
0.999886,RETX,78,10.018,,200.000,79872,
1.000155,RETX,79,10.018,,200.000,79872,
1.000372,RETX,80,10.018,,200.000,79872,
1.000574,RETX,81,10.018,,200.000,79872,
1.000777,RETX,82,10.018,,200.000,79872,
1.001168,RETX,83,10.018,,200.000,79872,
1.001394,RETX,84,10.018,,200.000,79872,
1.001774,RETX,85,10.018,,200.000,79872,
1.001994,RETX,86,10.018,,200.000,79872,
1.002314,RETX,87,10.018,,200.000,79872,
1.002582,NAK,78,10.018,,,79872,
1.002742,DUPACK,78,10.018,,,79872,
1.002809,NAK,78,10.018,,,79872,
1.002848,DUPACK,78,10.018,,,79872,
1.002982,NAK,78,10.018,,,79872,
1.006289,DUPACK,78,10.018,,,79872,
1.006478,NAK,78,10.018,,,79872,
1.006533,DUPACK,78,10.018,,,79872,
1.006611,NAK,78,10.018,,,79872,
1.006749,DUPACK,78,10.018,,,79872,
1.006784,NAK,78,10.018,,,79872,
1.006816,DUPACK,78,10.018,,,79872,
1.006847,NAK,78,10.018,,,79872,
1.006878,DUPACK,78,10.018,,,79872,
1.006907,DUPACK,78,10.018,,,79872,
1.006940,NAK,78,10.018,,,79872,
1.006970,DUPACK,78,10.018,,,79872,
1.018195,STATS,-1,10.018,,200.000,79872,base=78 next=88
1.046464,ACK,79,10.118,,,80896,"cum ack, base->79"
1.047387,ACK,80,10.217,,,81920,"cum ack, base->80"
1.047459,ACK,81,10.315,,,82944,"cum ack, base->81"
1.048317,ACK,82,10.412,,,83968,"cum ack, base->82"
1.048399,ACK,83,10.508,,,84992,"cum ack, base->83"
1.048454,ACK,84,10.603,,,86016,"cum ack, base->84"
1.048503,ACK,85,10.697,,,87040,"cum ack, base->85"
1.048553,NAK,85,10.697,,,87040,
1.048575,FASTRETX,85,10.697,,200.000,87040,nak
1.048938,RETX,85,10.697,,200.000,87040,
1.049363,RETX,86,10.697,,200.000,87040,
1.049640,RETX,87,10.697,,200.000,87040,
1.050059,RETX,88,10.697,,200.000,87040,
1.050570,SEND,89,10.697,,200.000,87040,
1.051295,SEND,90,10.697,,200.000,87040,
1.051759,SEND,91,10.697,,200.000,87040,
1.052299,SEND,92,10.697,,200.000,87040,
1.052672,SEND,93,10.697,,200.000,87040,
1.052962,SEND,94,10.697,,200.000,87040,
1.055112,DUPACK,85,10.697,,,87040,
1.055176,NAK,85,10.697,,,87040,
1.099166,ACK,86,10.791,,,88064,"cum ack, base->86"
1.099264,ACK,87,10.884,,,89088,"cum ack, base->87"
1.099318,ACK,88,10.975,,,90112,"cum ack, base->88"
1.100294,SEND,95,10.975,,200.000,90112,
1.100605,SEND,96,10.975,,200.000,90112,
1.101088,SEND,97,10.975,,200.000,90112,
1.107545,ACK,89,11.067,,,91136,"cum ack, base->89"
1.107615,ACK,90,11.157,,,92160,"cum ack, base->90"
1.107658,ACK,91,11.247,,,93184,"cum ack, base->91"
1.107696,ACK,92,11.335,,,94208,"cum ack, base->92"
1.107732,ACK,93,11.424,,,95232,"cum ack, base->93"
1.107770,ACK,94,11.511,,,96256,"cum ack, base->94"
1.107809,ACK,95,11.598,,,97280,"cum ack, base->95"
1.109149,SEND,98,11.598,,200.000,97280,
1.109398,SEND,99,11.598,,200.000,97280,
1.109616,SEND,100,11.598,,200.000,97280,
1.109826,SEND,101,11.598,,200.000,97280,
1.110030,SEND,102,11.598,,200.000,97280,
1.110234,SEND,103,11.598,,200.000,97280,
1.110437,SEND,104,11.598,,200.000,97280,
1.110646,SEND,105,11.598,,200.000,97280,
1.118316,STATS,-1,11.598,,200.000,97280,base=95 next=106
1.147614,NAK,95,11.598,,,97280,
1.147664,FASTRETX,95,10.309,,200.000,97280,nak
1.147732,DUPACK,95,10.309,,,97280,
1.148691,RETX,95,10.309,,200.000,97280,
1.149067,RETX,96,10.309,,200.000,97280,
1.149421,RETX,97,10.309,,200.000,97280,
1.149773,RETX,98,10.309,,200.000,97280,
1.150129,RETX,99,10.309,,200.000,97280,
1.150480,RETX,100,10.309,,200.000,97280,
1.150926,RETX,101,10.309,,200.000,97280,
1.151309,RETX,102,10.309,,200.000,97280,
1.151953,RETX,103,10.309,,200.000,97280,
1.152185,RETX,104,10.309,,200.000,97280,
1.153054,NAK,95,10.309,,,97280,
1.153127,DUPACK,95,10.309,,,97280,
1.153163,NAK,95,10.309,,,97280,
1.155219,DUPACK,95,10.309,,,97280,
1.160629,NAK,95,10.309,,,97280,
1.160716,DUPACK,95,10.309,,,97280,
1.160762,NAK,95,10.309,,,97280,
1.160803,DUPACK,95,10.309,,,97280,
1.160841,NAK,95,10.309,,,97280,
1.160884,DUPACK,95,10.309,,,97280,
1.168308,NAK,95,10.309,,,97280,
1.168432,DUPACK,95,10.309,,,97280,
1.168493,NAK,95,10.309,,,97280,
1.168550,DUPACK,95,10.309,,,97280,
1.168602,NAK,95,10.309,,,97280,
1.168657,DUPACK,95,10.309,,,97280,
1.201128,ACK,96,10.406,,,98304,"cum ack, base->96"
1.201207,ACK,97,10.503,,,99328,"cum ack, base->97"
1.201250,ACK,98,10.598,,,100352,"cum ack, base->98"
1.201562,ACK,99,10.692,,,101376,"cum ack, base->99"
1.201770,ACK,100,10.786,,,102400,"cum ack, base->100"
1.201851,ACK,101,10.878,,,103424,"cum ack, base->101"
1.201893,ACK,102,10.970,,,104448,"cum ack, base->102"
1.201932,ACK,103,11.061,,,105472,"cum ack, base->103"
1.201967,NAK,103,11.061,,,105472,
1.201982,FASTRETX,103,11.061,,200.000,105472,nak
1.202014,DUPACK,103,11.061,,,105472,
1.203369,RETX,103,11.061,,200.000,105472,
1.203820,RETX,104,11.061,,200.000,105472,
1.204373,RETX,105,11.061,,200.000,105472,
1.205423,SEND,106,11.061,,200.000,105472,
1.205644,SEND,107,11.061,,200.000,105472,
1.205868,SEND,108,11.061,,200.000,105472,
1.206135,SEND,109,11.061,,200.000,105472,
1.206353,SEND,110,11.061,,200.000,105472,
1.206559,SEND,111,11.061,,200.000,105472,
1.206765,SEND,112,11.061,,200.000,105472,
1.206968,SEND,113,11.061,,200.000,105472,
1.219747,STATS,-1,11.061,,200.000,105472,base=103 next=114
1.254914,ACK,104,11.152,,,106496,"cum ack, base->104"
1.254979,ACK,105,11.242,,,107520,"cum ack, base->105"
1.256025,ACK,107,11.419,,,109568,"cum ack, base->107"
1.256096,ACK,108,11.506,,,110592,"cum ack, base->108"
1.256131,ACK,109,11.593,,,111616,"cum ack, base->109"
1.256163,ACK,110,11.679,,,112640,"cum ack, base->110"
1.256194,ACK,111,11.765,,,113664,"cum ack, base->111"
1.256226,ACK,112,11.850,,,114688,"cum ack, base->112"
1.256255,ACK,113,11.934,,,115712,"cum ack, base->113"
1.256430,ACK,114,12.018,,,116736,"cum ack, base->114"
1.257282,SEND,114,12.018,,200.000,116736,
1.257460,SEND,115,12.018,,200.000,116736,
1.257631,SEND,116,12.018,,200.000,116736,
1.257800,SEND,117,12.018,,200.000,116736,
1.257966,SEND,118,12.018,,200.000,116736,
1.258132,SEND,119,12.018,,200.000,116736,
1.258297,SEND,120,12.018,,200.000,116736,
1.258463,SEND,121,12.018,,200.000,116736,
1.258630,SEND,122,12.018,,200.000,116736,
1.258797,SEND,123,12.018,,200.000,116736,
1.258963,SEND,124,12.018,,200.000,116736,
1.259131,SEND,125,12.018,,200.000,116736,
1.302866,ACK,115,12.101,,,117760,"cum ack, base->115"
1.302950,ACK,117,12.266,,,119808,"cum ack, base->117"
1.305378,SEND,126,12.266,,200.000,119808,
1.305616,SEND,127,12.266,,200.000,119808,
1.305818,SEND,128,12.266,,200.000,119808,
1.309971,ACK,118,12.348,,,120832,"cum ack, base->118"
1.310093,ACK,119,12.429,,,121856,"cum ack, base->119"
1.310169,ACK,120,12.509,,,122880,"cum ack, base->120"
1.310245,ACK,121,12.589,,,123904,"cum ack, base->121"
1.310311,ACK,122,12.669,,,124928,"cum ack, base->122"
1.311372,SEND,129,12.669,,200.000,124928,
1.311741,SEND,130,12.669,,200.000,124928,
1.312103,SEND,131,12.669,,200.000,124928,
1.312455,SEND,132,12.669,,200.000,124928,
1.312813,SEND,133,12.669,,200.000,124928,
1.312964,ACK,123,12.747,,,125952,"cum ack, base->123"
1.313020,ACK,124,12.826,,,126976,"cum ack, base->124"
1.313056,ACK,125,12.904,,,128000,"cum ack, base->125"
1.313093,ACK,126,12.981,,,129024,"cum ack, base->126"
1.315596,SEND,134,12.981,,200.000,129024,
1.315777,SEND,135,12.981,,200.000,129024,
1.315944,SEND,136,12.981,,200.000,129024,
1.316110,SEND,137,12.981,,200.000,129024,
1.321257,STATS,-1,12.981,,200.000,129024,base=126 next=138
1.345187,ACK,128,13.135,,,131072,"cum ack, base->128"
1.347454,SEND,138,13.135,,200.000,131072,
1.347647,SEND,139,13.135,,200.000,131072,
1.347818,SEND,140,13.135,,200.000,131072,
1.359197,NAK,128,13.135,,,131072,
1.359242,FASTRETX,128,11.676,,200.000,131072,nak
1.359311,DUPACK,128,11.676,,,131072,
1.360657,RETX,128,11.676,,200.000,131072,
1.360914,RETX,129,11.676,,200.000,131072,
1.361119,RETX,130,11.676,,200.000,131072,
1.361325,RETX,131,11.676,,200.000,131072,
1.361575,RETX,132,11.676,,200.000,131072,
1.361854,RETX,133,11.676,,200.000,131072,
1.362133,RETX,134,11.676,,200.000,131072,
1.362401,RETX,135,11.676,,200.000,131072,
1.362611,RETX,136,11.676,,200.000,131072,
1.362864,RETX,137,11.676,,200.000,131072,
1.363073,RETX,138,11.676,,200.000,131072,
1.363500,NAK,128,11.676,,,131072,
1.366403,DUPACK,128,11.676,,,131072,
1.366689,NAK,128,11.676,,,131072,
1.366789,DUPACK,128,11.676,,,131072,
1.366867,NAK,128,11.676,,,131072,
1.366910,DUPACK,128,11.676,,,131072,
1.366945,NAK,128,11.676,,,131072,
1.366990,DUPACK,128,11.676,,,131072,
1.367022,NAK,128,11.676,,,131072,
1.367054,DUPACK,128,11.676,,,131072,
1.367085,NAK,128,11.676,,,131072,
1.367403,DUPACK,128,11.676,,,131072,
1.368993,NAK,128,11.676,,,131072,
1.369057,DUPACK,128,11.676,,,131072,
1.369091,NAK,128,11.676,,,131072,
1.369125,DUPACK,128,11.676,,,131072,
1.391819,NAK,128,11.676,,,131072,
1.391876,DUPACK,128,11.676,,,131072,
1.391908,NAK,128,11.676,,,131072,
1.391938,DUPACK,128,11.676,,,131072,
1.391964,NAK,128,11.676,,,131072,
1.399225,DUPACK,128,11.676,,,131072,
1.405364,ACK,129,11.761,,,132096,"cum ack, base->129"
1.407357,RETX,139,11.761,,200.000,132096,
1.407475,ACK,130,11.846,,,133120,"cum ack, base->130"
1.409802,RETX,140,11.846,,200.000,133120,
1.410730,ACK,131,11.931,,,134144,"cum ack, base->131"
1.410790,ACK,133,12.098,,,136192,"cum ack, base->133"
1.410825,ACK,134,12.180,,,137216,"cum ack, base->134"
1.410901,ACK,135,12.262,,,138240,"cum ack, base->135"
1.412623,SEND,141,12.262,,200.000,138240,
1.412857,SEND,142,12.262,,200.000,138240,
1.413035,SEND,143,12.262,,200.000,138240,
1.413204,SEND,144,12.262,,200.000,138240,
1.413370,SEND,145,12.262,,200.000,138240,
1.413537,SEND,146,12.262,,200.000,138240,
1.417914,ACK,136,12.344,,,139264,"cum ack, base->136"
1.418126,ACK,137,12.425,,,140288,"cum ack, base->137"
1.418534,ACK,138,12.505,,,141312,"cum ack, base->138"
1.418595,ACK,139,12.585,,,142336,"cum ack, base->139"
1.419106,SEND,147,12.585,,200.000,142336,
1.419329,SEND,148,12.585,,200.000,142336,
1.419753,SEND,149,12.585,,200.000,142336,
1.420213,SEND,150,12.585,,200.000,142336,
1.422966,STATS,-1,12.585,,200.000,142336,base=139 next=151
1.459229,ACK,140,12.665,,,143360,"cum ack, base->140"
1.459475,SEND,151,12.665,,200.000,143360,
1.459580,NAK,140,12.665,,,143360,
1.459592,FASTRETX,140,12.665,,200.000,143360,nak
1.459663,DUPACK,140,12.665,,,143360,
1.459703,NAK,140,12.665,,,143360,
1.459735,DUPACK,140,12.665,,,143360,
1.461764,RETX,140,12.665,,200.000,143360,
1.461977,RETX,141,12.665,,200.000,143360,
1.462153,RETX,142,12.665,,200.000,143360,
1.462398,RETX,143,12.665,,200.000,143360,
1.462637,RETX,144,12.665,,200.000,143360,
1.462836,RETX,145,12.665,,200.000,143360,
1.463010,RETX,146,12.665,,200.000,143360,
1.463213,RETX,147,12.665,,200.000,143360,
1.463446,RETX,148,12.665,,200.000,143360,
1.463619,RETX,149,12.665,,200.000,143360,
1.463813,RETX,150,12.665,,200.000,143360,
1.463986,RETX,151,12.665,,200.000,143360,
1.464508,NAK,140,12.665,,,143360,
1.464558,DUPACK,140,12.665,,,143360,
1.464586,NAK,140,12.665,,,143360,
1.467106,DUPACK,140,12.665,,,143360,
1.467991,NAK,140,12.665,,,143360,
1.468035,DUPACK,140,12.665,,,143360,
1.468065,NAK,140,12.665,,,143360,
1.468133,DUPACK,140,12.665,,,143360,
1.468166,NAK,140,12.665,,,143360,
1.468196,DUPACK,140,12.665,,,143360,
1.468226,NAK,140,12.665,,,143360,
1.468382,DUPACK,140,12.665,,,143360,
1.468413,NAK,140,12.665,,,143360,
1.468445,DUPACK,140,12.665,,,143360,
1.468472,NAK,140,12.665,,,143360,
1.468497,DUPACK,140,12.665,,,143360,
1.509162,NAK,140,12.665,,,143360,
1.509224,DUPACK,140,12.665,,,143360,
1.509256,NAK,140,12.665,,,143360,
1.509283,DUPACK,140,12.665,,,143360,
1.509308,NAK,140,12.665,,,143360,
1.509337,DUPACK,140,12.665,,,143360,
1.510431,NAK,140,12.665,,,143360,
1.510484,DUPACK,140,12.665,,,143360,
1.510512,NAK,140,12.665,,,143360,
1.510540,DUPACK,140,12.665,,,143360,
1.510588,NAK,140,12.665,,,143360,
1.510627,DUPACK,140,12.665,,,143360,
1.510654,NAK,140,12.665,,,143360,
1.510681,DUPACK,140,12.665,,,143360,
1.510712,NAK,140,12.665,,,143360,
1.510867,DUPACK,140,12.665,,,143360,
1.510901,NAK,140,12.665,,,143360,
1.515449,DUPACK,140,12.665,,,143360,
1.515509,NAK,140,12.665,,,143360,
1.515540,DUPACK,140,12.665,,,143360,
1.515567,NAK,140,12.665,,,143360,
1.515598,DUPACK,140,12.665,,,143360,
1.515625,NAK,140,12.665,,,143360,
1.515664,DUPACK,140,12.665,,,143360,
1.525005,STATS,-1,12.665,,200.000,143360,base=140 next=152
1.625358,STATS,-1,12.665,,200.000,143360,base=140 next=152
1.660350,TIMEOUT,140,12.665,,200.000,143360,timeout
1.662910,RETX,140,12.665,,200.000,143360,
1.663095,RETX,141,12.665,,200.000,143360,
1.663259,RETX,142,12.665,,200.000,143360,
1.663504,RETX,143,12.665,,200.000,143360,
1.663673,RETX,144,12.665,,200.000,143360,
1.663840,RETX,145,12.665,,200.000,143360,
1.664051,RETX,146,12.665,,200.000,143360,
1.664233,RETX,147,12.665,,200.000,143360,
1.664421,RETX,148,12.665,,200.000,143360,
1.664612,RETX,149,12.665,,200.000,143360,
1.664772,RETX,150,12.665,,200.000,143360,
1.664939,RETX,151,12.665,,200.000,143360,
1.727594,STATS,-1,12.665,,200.000,143360,base=140 next=152
1.828020,STATS,-1,12.665,,200.000,143360,base=140 next=152
1.860451,TIMEOUT,140,12.665,,200.000,143360,timeout
1.863122,RETX,140,12.665,,200.000,143360,
1.863354,RETX,141,12.665,,200.000,143360,
1.863541,RETX,142,12.665,,200.000,143360,
1.863723,RETX,143,12.665,,200.000,143360,
1.863888,RETX,144,12.665,,200.000,143360,
1.864134,RETX,145,12.665,,200.000,143360,
1.864336,RETX,146,12.665,,200.000,143360,
1.864501,RETX,147,12.665,,200.000,143360,
1.864681,RETX,148,12.665,,200.000,143360,
1.864853,RETX,149,12.665,,200.000,143360,
1.865015,RETX,150,12.665,,200.000,143360,
1.865300,RETX,151,12.665,,200.000,143360,
1.928454,STATS,-1,12.665,,200.000,143360,base=140 next=152
2.028806,STATS,-1,12.665,,200.000,143360,base=140 next=152
2.061834,TIMEOUT,140,12.665,,200.000,143360,timeout
2.064693,RETX,140,12.665,,200.000,143360,
2.064899,RETX,141,12.665,,200.000,143360,
2.065073,RETX,142,12.665,,200.000,143360,
2.065236,RETX,143,12.665,,200.000,143360,
2.065397,RETX,144,12.665,,200.000,143360,
2.065557,RETX,145,12.665,,200.000,143360,
2.065717,RETX,146,12.665,,200.000,143360,
2.065955,RETX,147,12.665,,200.000,143360,
2.066258,RETX,148,12.665,,200.000,143360,
2.066428,RETX,149,12.665,,200.000,143360,
2.066590,RETX,150,12.665,,200.000,143360,
2.066751,RETX,151,12.665,,200.000,143360,
2.130878,STATS,-1,12.665,,200.000,143360,base=140 next=152
2.232306,STATS,-1,12.665,,200.000,143360,base=140 next=152
2.264211,TIMEOUT,140,12.665,,200.000,143360,timeout
2.266582,RETX,140,12.665,,200.000,143360,
2.266764,RETX,141,12.665,,200.000,143360,
2.266926,RETX,142,12.665,,200.000,143360,
2.267088,RETX,143,12.665,,200.000,143360,
2.267338,RETX,144,12.665,,200.000,143360,
2.267554,RETX,145,12.665,,200.000,143360,
2.267755,RETX,146,12.665,,200.000,143360,
2.268067,RETX,147,12.665,,200.000,143360,
2.268315,RETX,148,12.665,,200.000,143360,
2.268540,RETX,149,12.665,,200.000,143360,
2.268708,RETX,150,12.665,,200.000,143360,
2.268958,RETX,151,12.665,,200.000,143360,
2.333771,STATS,-1,12.665,,200.000,143360,base=140 next=152
2.436327,STATS,-1,12.665,,200.000,143360,base=140 next=152
2.465099,TIMEOUT,140,12.665,,200.000,143360,timeout
2.467854,RETX,140,12.665,,200.000,143360,
2.468101,RETX,141,12.665,,200.000,143360,
2.468279,RETX,142,12.665,,200.000,143360,
2.468483,RETX,143,12.665,,200.000,143360,
2.468722,RETX,144,12.665,,200.000,143360,
2.468927,RETX,145,12.665,,200.000,143360,
2.469212,RETX,146,12.665,,200.000,143360,
2.469420,RETX,147,12.665,,200.000,143360,
2.469621,RETX,148,12.665,,200.000,143360,
2.469823,RETX,149,12.665,,200.000,143360,
2.470082,RETX,150,12.665,,200.000,143360,
2.470663,RETX,151,12.665,,200.000,143360,
2.513750,NAK,140,12.665,,,143360,
2.513812,DUPACK,140,12.665,,,143360,
2.513840,NAK,140,12.665,,,143360,
2.513867,DUPACK,140,12.665,,,143360,
2.513891,NAK,140,12.665,,,143360,
2.517762,DUPACK,140,12.665,,,143360,
2.517852,NAK,140,12.665,,,143360,
2.517885,DUPACK,140,12.665,,,143360,
2.517952,NAK,140,12.665,,,143360,
2.517992,DUPACK,140,12.665,,,143360,
2.519660,NAK,140,12.665,,,143360,
2.519724,DUPACK,140,12.665,,,143360,
2.519754,NAK,140,12.665,,,143360,
2.519781,DUPACK,140,12.665,,,143360,
2.519810,DUPACK,140,12.665,,,143360,
2.519833,NAK,140,12.665,,,143360,
2.519863,DUPACK,140,12.665,,,143360,
2.519963,DUPACK,140,12.665,,,143360,
2.519990,NAK,140,12.665,,,143360,
2.520016,DUPACK,140,12.665,,,143360,
2.537752,STATS,-1,12.665,,200.000,143360,base=140 next=152
2.639445,STATS,-1,12.665,,200.000,143360,base=140 next=152
2.666506,TIMEOUT,140,12.665,,200.000,143360,timeout
2.669450,RETX,140,12.665,,200.000,143360,
2.669704,RETX,141,12.665,,200.000,143360,
2.669889,RETX,142,12.665,,200.000,143360,
2.670136,RETX,143,12.665,,200.000,143360,
2.670316,RETX,144,12.665,,200.000,143360,
2.670504,RETX,145,12.665,,200.000,143360,
2.670679,RETX,146,12.665,,200.000,143360,
2.670931,RETX,147,12.665,,200.000,143360,
2.671115,RETX,148,12.665,,200.000,143360,
2.671326,RETX,149,12.665,,200.000,143360,
2.671497,RETX,150,12.665,,200.000,143360,
2.671664,RETX,151,12.665,,200.000,143360,
2.718372,ACK,141,12.744,,,144384,"cum ack, base->141"
2.718448,ACK,142,12.822,,,145408,"cum ack, base->142"
2.718492,ACK,143,12.900,,,146432,"cum ack, base->143"
2.718714,ACK,144,12.978,,,147456,"cum ack, base->144"
2.718765,ACK,145,13.055,,,148480,"cum ack, base->145"
2.718868,ACK,146,13.131,,,149504,"cum ack, base->146"
2.720152,SEND,152,13.131,,200.000,149504,
2.720519,SEND,153,13.131,,200.000,149504,
2.720878,SEND,154,13.131,,200.000,149504,
2.721263,SEND,155,13.131,,200.000,149504,
2.721585,SEND,156,13.131,,200.000,149504,
2.722054,SEND,157,13.131,,200.000,149504,
2.722360,SEND,158,13.131,,200.000,149504,
2.722584,ACK,147,13.208,,,150528,"cum ack, base->147"
2.722671,ACK,148,13.283,,,151552,"cum ack, base->148"
2.722724,ACK,149,13.359,,,152576,"cum ack, base->149"
2.724161,ACK,150,13.433,,,153600,"cum ack, base->150"
2.724292,ACK,151,13.508,,,154624,"cum ack, base->151"
2.724568,ACK,152,13.582,,,155648,"cum ack, base->152"
2.725952,SEND,159,13.582,,200.000,155648,
2.726255,SEND,160,13.582,,200.000,155648,
2.726612,SEND,161,13.582,,200.000,155648,
2.726889,SEND,162,13.582,,200.000,155648,
2.727165,SEND,163,13.582,,200.000,155648,
2.727481,SEND,164,13.582,,200.000,155648,
2.740589,STATS,-1,13.582,,200.000,155648,base=152 next=165
2.761677,ACK,153,13.656,,,156672,"cum ack, base->153"
2.761759,ACK,154,13.729,,,157696,"cum ack, base->154"
2.763753,SEND,165,13.729,,200.000,157696,
2.763971,SEND,166,13.729,,200.000,157696,
2.771998,ACK,155,13.802,,,158720,"cum ack, base->155"
2.772097,ACK,156,13.874,,,159744,"cum ack, base->156"
2.772166,ACK,157,13.946,,,160768,"cum ack, base->157"
2.772207,ACK,158,14.018,,,161792,"cum ack, base->158"
2.772350,ACK,159,14.089,,,162816,"cum ack, base->159"
2.772395,ACK,160,14.160,,,163840,"cum ack, base->160"
2.772429,ACK,161,14.231,,,164864,"cum ack, base->161"
2.772461,ACK,162,14.301,,,165888,"cum ack, base->162"
2.773949,SEND,167,14.301,,200.000,165888,
2.774138,SEND,168,14.301,,200.000,165888,
2.774378,SEND,169,14.301,,200.000,165888,
2.774619,SEND,170,14.301,,200.000,165888,
2.774878,SEND,171,14.301,,200.000,165888,
2.775174,SEND,172,14.301,,200.000,165888,
2.775425,SEND,173,14.301,,200.000,165888,
2.775597,SEND,174,14.301,,200.000,165888,
2.775765,SEND,175,14.301,,200.000,165888,
2.776126,ACK,163,14.371,,,166912,"cum ack, base->163"
2.776196,ACK,164,14.441,,,167936,"cum ack, base->164"
2.776234,ACK,165,14.510,,,168960,"cum ack, base->165"
2.778664,SEND,176,14.510,,200.000,168960,
2.778902,SEND,177,14.510,,200.000,168960,
2.779107,SEND,178,14.510,,200.000,168960,
2.806703,ACK,166,14.579,,,169984,"cum ack, base->166"
2.806794,ACK,167,14.647,,,171008,"cum ack, base->167"
2.807100,SEND,179,14.647,,200.000,171008,
2.807313,SEND,180,14.647,,200.000,171008,
2.823467,ACK,168,14.716,,,172032,"cum ack, base->168"
2.823546,ACK,169,14.784,,,173056,"cum ack, base->169"
2.823587,ACK,170,14.851,,,174080,"cum ack, base->170"
2.825346,SEND,181,14.851,,200.000,174080,
2.825617,SEND,182,14.851,,200.000,174080,
2.825830,SEND,183,14.851,,200.000,174080,
2.827458,ACK,171,14.919,,,175104,"cum ack, base->171"
2.827524,ACK,172,14.986,,,176128,"cum ack, base->172"
2.828722,SEND,184,14.986,,200.000,176128,
2.828940,SEND,185,14.986,,200.000,176128,
2.830759,ACK,173,15.052,,,177152,"cum ack, base->173"
2.830877,ACK,174,15.119,,,178176,"cum ack, base->174"
2.830949,ACK,175,15.185,,,179200,"cum ack, base->175"
2.831097,ACK,176,15.251,,,180224,"cum ack, base->176"
2.831657,SEND,186,15.251,,200.000,180224,
2.832048,SEND,187,15.251,,200.000,180224,
2.832416,SEND,188,15.251,,200.000,180224,
2.832906,SEND,189,15.251,,200.000,180224,
2.833188,SEND,190,15.251,,200.000,180224,
2.833393,ACK,177,15.316,,,181248,"cum ack, base->177"
2.833523,ACK,178,15.382,,,182272,"cum ack, base->178"
2.833583,ACK,179,15.447,,,183296,"cum ack, base->179"
2.836374,SEND,191,15.447,,200.000,183296,
2.836811,SEND,192,15.447,,200.000,183296,
2.837101,SEND,193,15.447,,200.000,183296,
2.842273,STATS,-1,15.447,,200.000,183296,base=179 next=194
2.858376,ACK,181,15.576,,,185344,"cum ack, base->181"
2.859941,SEND,194,15.576,,200.000,185344,
2.860158,SEND,195,15.576,,200.000,185344,
2.874351,ACK,182,15.640,,,186368,"cum ack, base->182"
2.874428,ACK,183,15.704,,,187392,"cum ack, base->183"
2.874469,ACK,184,15.768,,,188416,"cum ack, base->184"
2.875733,SEND,196,15.768,,200.000,188416,
2.875975,SEND,197,15.768,,200.000,188416,
2.876188,SEND,198,15.768,,200.000,188416,
2.877148,ACK,185,15.831,,,189440,"cum ack, base->185"
2.877217,ACK,186,15.894,,,190464,"cum ack, base->186"
2.877258,ACK,187,15.957,,,191488,"cum ack, base->187"
2.879052,SEND,199,15.957,,200.000,191488,
2.879331,SEND,200,15.957,,200.000,191488,
2.879548,SEND,201,15.957,,200.000,191488,
2.880296,ACK,188,16.020,,,192512,"cum ack, base->188"
2.880362,ACK,189,16.082,,,193536,"cum ack, base->189"
2.880404,ACK,190,16.144,,,194560,"cum ack, base->190"
2.880446,ACK,191,16.206,,,195584,"cum ack, base->191"
2.880485,ACK,192,16.268,,,196608,"cum ack, base->192"
2.880521,ACK,193,16.330,,,197632,"cum ack, base->193"
2.882313,SEND,202,16.330,,200.000,197632,
2.882532,SEND,203,16.330,,200.000,197632,
2.882736,SEND,204,16.330,,200.000,197632,
2.883027,SEND,205,16.330,,200.000,197632,
2.883259,SEND,206,16.330,,200.000,197632,
2.883466,SEND,207,16.330,,200.000,197632,
2.883671,SEND,208,16.330,,200.000,197632,
2.886821,ACK,194,16.391,,,198656,"cum ack, base->194"
2.889851,SEND,209,16.391,,200.000,198656,
2.908400,ACK,195,16.452,,,199680,"cum ack, base->195"
2.909349,ACK,196,16.513,,,200704,"cum ack, base->196"
2.910956,SEND,210,16.513,,200.000,200704,
2.911413,SEND,211,16.513,,200.000,200704,
2.913323,ACK,197,16.573,,,201728,"cum ack, base->197"
2.914230,SEND,212,16.573,,200.000,201728,
2.914727,ACK,198,16.633,,,202752,"cum ack, base->198"
2.916998,SEND,213,16.633,,200.000,202752,
2.921399,ACK,199,16.694,,,203776,"cum ack, base->199"
2.922411,SEND,214,16.694,,200.000,203776,
2.926814,ACK,201,16.813,,,205824,"cum ack, base->201"
2.927605,SEND,215,16.813,,200.000,205824,
2.927867,SEND,216,16.813,,200.000,205824,
2.930706,ACK,202,16.873,,,206848,"cum ack, base->202"
2.930776,ACK,203,16.932,,,207872,"cum ack, base->203"
2.930970,ACK,204,16.991,,,208896,"cum ack, base->204"
2.933259,SEND,217,16.991,,200.000,208896,
2.933479,SEND,218,16.991,,200.000,208896,
2.933821,SEND,219,16.991,,200.000,208896,
2.933923,ACK,205,17.050,,,209920,"cum ack, base->205"
2.933996,ACK,206,17.109,,,210944,"cum ack, base->206"
2.934432,ACK,207,17.167,,,211968,"cum ack, base->207"
2.934490,ACK,208,17.225,,,212992,"cum ack, base->208"
2.935193,ACK,209,17.283,,,214016,"cum ack, base->209"
2.937204,SEND,220,17.283,,200.000,214016,
2.937471,SEND,221,17.283,,200.000,214016,
2.937880,SEND,222,17.283,,200.000,214016,
2.938101,SEND,223,17.283,,200.000,214016,
2.938466,SEND,224,17.283,,200.000,214016,
2.938728,SEND,225,17.283,,200.000,214016,
2.938869,ACK,210,17.341,,,215040,"cum ack, base->210"
2.941023,SEND,226,17.341,,200.000,215040,
2.943616,STATS,-1,17.341,,200.000,215040,base=210 next=227
2.957003,ACK,213,17.514,,,218112,"cum ack, base->213"
2.957832,SEND,227,17.514,,200.000,218112,
2.958071,SEND,228,17.514,,200.000,218112,
2.958243,SEND,229,17.514,,200.000,218112,
2.972238,NAK,213,17.514,,,218112,
2.972289,FASTRETX,213,15.568,,200.000,218112,nak
2.972363,DUPACK,213,15.568,,,218112,
2.972672,NAK,213,15.568,,,218112,
2.972730,DUPACK,213,15.568,,,218112,
2.973098,RETX,213,15.568,,200.000,218112,
2.973377,RETX,214,15.568,,200.000,218112,
2.973590,RETX,215,15.568,,200.000,218112,
2.973834,RETX,216,15.568,,200.000,218112,
2.974120,RETX,217,15.568,,200.000,218112,
2.974326,RETX,218,15.568,,200.000,218112,
2.974529,RETX,219,15.568,,200.000,218112,
2.974729,RETX,220,15.568,,200.000,218112,
2.974928,RETX,221,15.568,,200.000,218112,
2.975132,RETX,222,15.568,,200.000,218112,
2.975378,RETX,223,15.568,,200.000,218112,
2.975594,RETX,224,15.568,,200.000,218112,
2.975798,RETX,225,15.568,,200.000,218112,
2.975999,RETX,226,15.568,,200.000,218112,
2.976177,RETX,227,15.568,,200.000,218112,
2.976289,NAK,213,15.568,,,218112,
2.976341,DUPACK,213,15.568,,,218112,
2.976384,NAK,213,15.568,,,218112,
2.976434,DUPACK,213,15.568,,,218112,
2.976461,NAK,213,15.568,,,218112,
2.976487,DUPACK,213,15.568,,,218112,
2.988421,NAK,213,15.568,,,218112,
2.988542,DUPACK,213,15.568,,,218112,
2.988580,NAK,213,15.568,,,218112,
2.988615,DUPACK,213,15.568,,,218112,
2.988648,NAK,213,15.568,,,218112,
2.988701,DUPACK,213,15.568,,,218112,
2.988736,DUPACK,213,15.568,,,218112,
2.988766,NAK,213,15.568,,,218112,
2.989054,DUPACK,213,15.568,,,218112,
2.989135,NAK,213,15.568,,,218112,
2.989174,DUPACK,213,15.568,,,218112,
2.989205,NAK,213,15.568,,,218112,
2.989513,DUPACK,213,15.568,,,218112,
2.999961,NAK,213,15.568,,,218112,
3.000207,DUPACK,213,15.568,,,218112,
3.001789,NAK,213,15.568,,,218112,
3.008969,DUPACK,213,15.568,,,218112,
3.012181,ACK,214,15.632,,,219136,"cum ack, base->214"
3.013706,ACK,215,15.696,,,220160,"cum ack, base->215"
3.014530,RETX,228,15.696,,200.000,220160,
3.014725,RETX,229,15.696,,200.000,220160,
3.023434,ACK,216,15.760,,,221184,"cum ack, base->216"
3.023556,ACK,217,15.823,,,222208,"cum ack, base->217"
3.023620,ACK,218,15.886,,,223232,"cum ack, base->218"
3.023666,ACK,219,15.949,,,224256,"cum ack, base->219"
3.023708,ACK,220,16.012,,,225280,"cum ack, base->220"
3.025149,SEND,230,16.012,,200.000,225280,
3.025375,SEND,231,16.012,,200.000,225280,
3.025578,SEND,232,16.012,,200.000,225280,
3.025879,SEND,233,16.012,,200.000,225280,
3.026145,SEND,234,16.012,,200.000,225280,
3.026388,SEND,235,16.012,,200.000,225280,
3.028654,ACK,221,16.074,,,226304,"cum ack, base->221"
3.028724,ACK,222,16.136,,,227328,"cum ack, base->222"
3.028768,ACK,223,16.198,,,228352,"cum ack, base->223"
3.028810,ACK,224,16.260,,,229376,"cum ack, base->224"
3.028847,ACK,225,16.322,,,230400,"cum ack, base->225"
3.028884,ACK,226,16.383,,,231424,"cum ack, base->226"
3.028922,ACK,227,16.444,,,232448,"cum ack, base->227"
3.029397,SEND,236,16.444,,200.000,232448,
3.029773,SEND,237,16.444,,200.000,232448,
3.030602,SEND,238,16.444,,200.000,232448,
3.030925,SEND,239,16.444,,200.000,232448,
3.031217,SEND,240,16.444,,200.000,232448,
3.031448,SEND,241,16.444,,200.000,232448,
3.031676,SEND,242,16.444,,200.000,232448,
3.031774,ACK,228,16.505,,,233472,"cum ack, base->228"
3.034437,SEND,243,16.505,,200.000,233472,
3.044551,STATS,-1,16.505,,200.000,233472,base=228 next=244
3.057431,ACK,229,16.565,,,234496,"cum ack, base->229"
3.057468,ACK,230,16.626,,,235520,"cum ack, base->230"
3.059820,SEND,244,16.626,,200.000,235520,
3.059983,SEND,245,16.626,,200.000,235520,
3.066237,ACK,231,16.686,,,236544,"cum ack, base->231"
3.067718,SEND,246,16.686,,200.000,236544,
3.074943,ACK,232,16.746,,,237568,"cum ack, base->232"
3.074983,ACK,233,16.806,,,238592,"cum ack, base->233"
3.075011,ACK,234,16.865,,,239616,"cum ack, base->234"
3.075038,ACK,235,16.924,,,240640,"cum ack, base->235"
3.075453,SEND,247,16.924,,200.000,240640,
3.075632,SEND,248,16.924,,200.000,240640,
3.075815,SEND,249,16.924,,200.000,240640,
3.075993,SEND,250,16.924,,200.000,240640,
3.076930,ACK,236,16.983,,,241664,"cum ack, base->236"
3.076977,ACK,237,17.042,,,242688,"cum ack, base->237"
3.078744,SEND,251,17.042,,200.000,242688,
3.078939,SEND,252,17.042,,200.000,242688,
3.079119,SEND,253,17.042,,200.000,242688,
3.081855,ACK,239,17.159,,,244736,"cum ack, base->239"
3.081888,ACK,240,17.218,,,245760,"cum ack, base->240"
3.081915,ACK,241,17.276,,,246784,"cum ack, base->241"
3.081940,ACK,242,17.334,,,247808,"cum ack, base->242"
3.081964,ACK,243,17.391,,,248832,"cum ack, base->243"
3.081988,ACK,244,17.449,,,249856,"cum ack, base->244"
3.084355,SEND,254,17.449,,200.000,249856,
3.084539,SEND,255,17.449,,200.000,249856,
3.084716,SEND,256,17.449,,200.000,249856,
3.084897,SEND,257,17.449,,200.000,249856,
3.085076,SEND,258,17.449,,200.000,249856,
3.085255,SEND,259,17.449,,200.000,249856,
3.085433,SEND,260,17.449,,200.000,249856,
3.104146,ACK,245,17.506,,,250880,"cum ack, base->245"
3.104266,ACK,246,17.563,,,251904,"cum ack, base->246"
3.106893,SEND,261,17.563,,200.000,251904,
3.107497,SEND,262,17.563,,200.000,251904,
3.108228,ACK,247,17.620,,,252928,"cum ack, base->247"
3.110338,SEND,263,17.620,,200.000,252928,
3.121454,ACK,248,17.677,,,253952,"cum ack, base->248"
3.121527,ACK,249,17.734,,,254976,"cum ack, base->249"
3.121566,ACK,250,17.790,,,256000,"cum ack, base->250"
3.121632,ACK,251,17.846,,,257024,"cum ack, base->251"
3.121678,ACK,252,17.902,,,258048,"cum ack, base->252"
3.121712,ACK,253,17.958,,,259072,"cum ack, base->253"
3.121744,ACK,254,18.014,,,260096,"cum ack, base->254"
3.121780,ACK,256,18.125,,,262144,"cum ack, base->256"
3.123057,SEND,264,18.125,,200.000,262144,
3.123324,SEND,265,18.125,,200.000,262144,
3.123506,SEND,266,18.125,,200.000,262144,
3.123697,SEND,267,18.125,,200.000,262144,
3.123870,SEND,268,18.125,,200.000,262144,
3.124037,SEND,269,18.125,,200.000,262144,
3.124237,SEND,270,18.125,,200.000,262144,
3.124457,SEND,271,18.125,,200.000,262144,
3.124718,SEND,272,18.125,,200.000,262144,
3.124920,SEND,273,18.125,,200.000,262144,
3.126195,ACK,257,18.180,,,263168,"cum ack, base->257"
3.126316,ACK,258,18.235,,,264192,"cum ack, base->258"
3.127362,ACK,259,18.290,,,265216,"cum ack, base->259"
3.127419,ACK,260,18.344,,,266240,"cum ack, base->260"
3.127716,SEND,274,18.344,,200.000,266240,
3.127890,SEND,275,18.344,,200.000,266240,
3.128058,SEND,276,18.344,,200.000,266240,
3.128226,SEND,277,18.344,,200.000,266240,
3.129093,ACK,261,18.399,,,267264,"cum ack, base->261"
3.131080,SEND,278,18.399,,200.000,267264,
3.145948,STATS,-1,18.399,,200.000,267264,base=261 next=279
3.158080,ACK,262,18.453,,,268288,"cum ack, base->262"
3.158144,ACK,263,18.507,,,269312,"cum ack, base->263"
3.158180,ACK,264,18.561,,,270336,"cum ack, base->264"
3.158807,SEND,279,18.561,,200.000,270336,
3.158992,SEND,280,18.561,,200.000,270336,
3.159195,SEND,281,18.561,,200.000,270336,
3.174707,ACK,265,18.615,,,271360,"cum ack, base->265"
3.174795,DUPACK,265,18.615,,,271360,
3.174843,NAK,265,18.615,,,271360,
3.174861,FASTRETX,265,16.547,,200.000,271360,nak
3.174934,DUPACK,265,16.547,,,271360,
3.175002,NAK,265,16.547,,,271360,
3.175058,DUPACK,265,16.547,,,271360,
3.175100,NAK,265,16.547,,,271360,
3.175142,DUPACK,265,16.547,,,271360,
3.175181,NAK,265,16.547,,,271360,
3.175221,DUPACK,265,16.547,,,271360,
3.175260,NAK,265,16.547,,,271360,
3.175381,NAK,265,16.547,,,271360,
3.175453,DUPACK,265,16.547,,,271360,
3.177158,RETX,265,16.547,,200.000,271360,
3.177737,RETX,266,16.547,,200.000,271360,
3.178318,RETX,267,16.547,,200.000,271360,
3.178598,RETX,268,16.547,,200.000,271360,
3.178859,RETX,269,16.547,,200.000,271360,
3.179194,RETX,270,16.547,,200.000,271360,
3.179768,RETX,271,16.547,,200.000,271360,
3.179993,RETX,272,16.547,,200.000,271360,
3.180199,RETX,273,16.547,,200.000,271360,
3.180402,RETX,274,16.547,,200.000,271360,
3.180606,RETX,275,16.547,,200.000,271360,
3.180809,RETX,276,16.547,,200.000,271360,
3.181011,RETX,277,16.547,,200.000,271360,
3.181212,RETX,278,16.547,,200.000,271360,
3.181545,RETX,279,16.547,,200.000,271360,
3.181731,RETX,280,16.547,,200.000,271360,
3.181894,NAK,265,16.547,,,271360,
3.182017,DUPACK,265,16.547,,,271360,
3.182078,NAK,265,16.547,,,271360,
3.182260,DUPACK,265,16.547,,,271360,
3.182290,NAK,265,16.547,,,271360,
3.182317,DUPACK,265,16.547,,,271360,
3.182343,NAK,265,16.547,,,271360,
3.182369,DUPACK,265,16.547,,,271360,
3.182395,NAK,265,16.547,,,271360,
3.182420,DUPACK,265,16.547,,,271360,
3.182446,NAK,265,16.547,,,271360,
3.182472,DUPACK,265,16.547,,,271360,
3.204479,NAK,265,16.547,,,271360,
3.204534,DUPACK,265,16.547,,,271360,
3.207142,NAK,265,16.547,,,271360,
3.207195,DUPACK,265,16.547,,,271360,
3.207222,NAK,265,16.547,,,271360,
3.207250,DUPACK,265,16.547,,,271360,
3.226814,NAK,266,16.547,,,271360,
3.229343,ACK,266,16.607,,,272384,"cum ack, base->266"
3.229454,NAK,266,16.607,,,272384,
3.229468,FASTRETX,266,16.607,,200.000,272384,nak
3.229915,RETX,266,16.607,,200.000,272384,
3.230144,RETX,267,16.607,,200.000,272384,
3.230415,RETX,268,16.607,,200.000,272384,
3.230630,RETX,269,16.607,,200.000,272384,
3.230826,RETX,270,16.607,,200.000,272384,
3.230996,RETX,271,16.607,,200.000,272384,
3.231176,RETX,272,16.607,,200.000,272384,
3.231346,RETX,273,16.607,,200.000,272384,
3.231516,RETX,274,16.607,,200.000,272384,
3.231684,RETX,275,16.607,,200.000,272384,
3.231857,RETX,276,16.607,,200.000,272384,
3.232035,RETX,277,16.607,,200.000,272384,
3.232257,RETX,278,16.607,,200.000,272384,
3.232453,RETX,279,16.607,,200.000,272384,
3.232627,RETX,280,16.607,,200.000,272384,
3.232919,RETX,281,16.607,,200.000,272384,
3.233053,DUPACK,266,16.607,,,272384,
3.233111,NAK,266,16.607,,,272384,
3.233149,DUPACK,266,16.607,,,272384,
3.233178,NAK,266,16.607,,,272384,
3.233206,DUPACK,266,16.607,,,272384,
3.233232,NAK,266,16.607,,,272384,
3.233259,DUPACK,266,16.607,,,272384,
3.233286,NAK,266,16.607,,,272384,
3.233324,DUPACK,266,16.607,,,272384,
3.233349,NAK,266,16.607,,,272384,
3.233377,DUPACK,266,16.607,,,272384,
3.233401,NAK,266,16.607,,,272384,
3.233433,DUPACK,266,16.607,,,272384,
3.233458,DUPACK,266,16.607,,,272384,
3.233481,NAK,266,16.607,,,272384,
3.233510,DUPACK,266,16.607,,,272384,
3.233535,NAK,266,16.607,,,272384,
3.233561,DUPACK,266,16.607,,,272384,
3.233587,NAK,266,16.607,,,272384,
3.233611,DUPACK,266,16.607,,,272384,
3.233635,NAK,266,16.607,,,272384,
3.233659,DUPACK,266,16.607,,,272384,
3.248248,STATS,-1,16.607,,200.000,272384,base=266 next=282
3.273889,ACK,267,16.668,,,273408,"cum ack, base->267"
3.273982,ACK,268,16.728,,,274432,"cum ack, base->268"
3.275687,SEND,282,16.728,,200.000,274432,
3.275987,SEND,283,16.728,,200.000,274432,
3.276110,ACK,269,16.787,,,275456,"cum ack, base->269"
3.278838,SEND,284,16.787,,200.000,275456,
3.280741,ACK,270,16.847,,,276480,"cum ack, base->270"
3.280815,ACK,271,16.906,,,277504,"cum ack, base->271"
3.280860,ACK,272,16.965,,,278528,"cum ack, base->272"
3.280904,ACK,273,17.024,,,279552,"cum ack, base->273"
3.281436,SEND,285,17.024,,200.000,279552,
3.281681,SEND,286,17.024,,200.000,279552,
3.281885,SEND,287,17.024,,200.000,279552,
3.282150,SEND,288,17.024,,200.000,279552,
3.282361,SEND,289,17.024,,200.000,279552,
3.282501,ACK,274,17.083,,,280576,"cum ack, base->274"
3.282561,ACK,275,17.142,,,281600,"cum ack, base->275"
3.282606,ACK,276,17.200,,,282624,"cum ack, base->276"
3.282645,ACK,277,17.258,,,283648,"cum ack, base->277"
3.282690,ACK,278,17.316,,,284672,"cum ack, base->278"
3.282734,ACK,279,17.374,,,285696,"cum ack, base->279"
3.282771,ACK,280,17.431,,,286720,"cum ack, base->280"
3.282808,ACK,281,17.489,,,287744,"cum ack, base->281"
3.283214,ACK,282,17.546,,,288768,"cum ack, base->282"
3.285122,SEND,290,17.546,,200.000,288768,
3.285305,SEND,291,17.546,,200.000,288768,
3.285765,SEND,292,17.546,,200.000,288768,
3.285947,SEND,293,17.546,,200.000,288768,
3.286117,SEND,294,17.546,,200.000,288768,
3.286338,SEND,295,17.546,,200.000,288768,
3.286533,SEND,296,17.546,,200.000,288768,
3.286708,SEND,297,17.546,,200.000,288768,
3.286944,SEND,298,17.546,,200.000,288768,
3.312848,ACK,283,17.603,,,289792,"cum ack, base->283"
3.314477,SEND,299,17.603,,200.000,289792,
3.315335,ACK,284,17.660,,,290816,"cum ack, base->284"
3.317546,SEND,300,17.660,,200.000,290816,
3.323492,ACK,285,17.716,,,291840,"cum ack, base->285"
3.324971,SEND,301,17.716,,200.000,291840,
3.326788,ACK,286,17.773,,,292864,"cum ack, base->286"
3.328001,SEND,302,17.773,,200.000,292864,
3.330330,ACK,287,17.829,,,293888,"cum ack, base->287"
3.330399,NAK,287,17.829,,,293888,
3.330424,FASTRETX,287,15.848,,200.000,293888,nak
3.330677,DUPACK,287,15.848,,,293888,
3.330745,NAK,287,15.848,,,293888,
3.330795,DUPACK,287,15.848,,,293888,
3.330836,NAK,287,15.848,,,293888,
3.330877,DUPACK,287,15.848,,,293888,
3.330918,NAK,287,15.848,,,293888,
3.330953,DUPACK,287,15.848,,,293888,
3.333086,RETX,287,15.848,,200.000,293888,
3.333315,RETX,288,15.848,,200.000,293888,
3.333593,RETX,289,15.848,,200.000,293888,
3.333846,RETX,290,15.848,,200.000,293888,
3.334237,RETX,291,15.848,,200.000,293888,
3.334499,RETX,292,15.848,,200.000,293888,
3.334704,RETX,293,15.848,,200.000,293888,
3.334933,RETX,294,15.848,,200.000,293888,
3.335134,RETX,295,15.848,,200.000,293888,
3.335316,RETX,296,15.848,,200.000,293888,
3.335493,RETX,297,15.848,,200.000,293888,
3.335669,RETX,298,15.848,,200.000,293888,
3.335845,RETX,299,15.848,,200.000,293888,
3.336020,RETX,300,15.848,,200.000,293888,
3.336198,RETX,301,15.848,,200.000,293888,
3.336340,NAK,287,15.848,,,293888,
3.337366,DUPACK,287,15.848,,,293888,
3.337393,NAK,287,15.848,,,293888,
3.337415,DUPACK,287,15.848,,,293888,
3.337436,NAK,287,15.848,,,293888,
3.337457,DUPACK,287,15.848,,,293888,
3.337481,NAK,287,15.848,,,293888,
3.337500,DUPACK,287,15.848,,,293888,
3.337519,NAK,287,15.848,,,293888,
3.339087,DUPACK,287,15.848,,,293888,
3.339176,NAK,287,15.848,,,293888,
3.339213,DUPACK,287,15.848,,,293888,
3.339269,DUPACK,287,15.848,,,293888,
3.348274,STATS,-1,15.848,,200.000,293888,base=287 next=302
3.348903,NAK,287,15.848,,,293888,
3.348965,DUPACK,287,15.848,,,293888,
3.365771,NAK,287,15.848,,,293888,
3.365836,DUPACK,287,15.848,,,293888,
3.376860,NAK,287,15.848,,,293888,
3.376929,DUPACK,287,15.848,,,293888,
3.376963,NAK,287,15.848,,,293888,
3.379513,DUPACK,287,15.848,,,293888,
3.379607,ACK,288,15.911,,,294912,"cum ack, base->288"
3.381781,RETX,302,15.911,,200.000,294912,
3.382119,ACK,289,15.974,,,295936,"cum ack, base->289"
3.383782,ACK,290,16.037,,,296960,"cum ack, base->290"
3.384472,SEND,303,16.037,,200.000,296960,
3.384983,SEND,304,16.037,,200.000,296960,
3.385380,SEND,305,16.037,,200.000,296960,
3.385647,ACK,291,16.099,,,297984,"cum ack, base->291"
3.385717,ACK,292,16.161,,,299008,"cum ack, base->292"
3.385929,ACK,293,16.223,,,300032,"cum ack, base->293"
3.388903,SEND,306,16.223,,200.000,300032,
3.389381,SEND,307,16.223,,200.000,300032,
3.389693,SEND,308,16.223,,200.000,300032,
3.389995,ACK,294,16.285,,,301056,"cum ack, base->294"
3.390087,NAK,294,16.285,,,301056,
3.390109,FASTRETX,294,16.285,,200.000,301056,nak
3.390151,DUPACK,294,16.285,,,301056,
3.390183,NAK,294,16.285,,,301056,
3.390369,DUPACK,294,16.285,,,301056,
3.390405,NAK,294,16.285,,,301056,
3.390437,DUPACK,294,16.285,,,301056,
3.390468,NAK,294,16.285,,,301056,
3.390499,DUPACK,294,16.285,,,301056,
3.390529,NAK,294,16.285,,,301056,
3.390563,DUPACK,294,16.285,,,301056,
3.390592,NAK,294,16.285,,,301056,
3.390622,DUPACK,294,16.285,,,301056,
3.390656,NAK,294,16.285,,,301056,
3.390686,DUPACK,294,16.285,,,301056,
3.392360,RETX,294,16.285,,200.000,301056,
3.392586,RETX,295,16.285,,200.000,301056,
3.392792,RETX,296,16.285,,200.000,301056,
3.392995,RETX,297,16.285,,200.000,301056,
3.393200,RETX,298,16.285,,200.000,301056,
3.393419,RETX,299,16.285,,200.000,301056,
3.393683,RETX,300,16.285,,200.000,301056,
3.393898,RETX,301,16.285,,200.000,301056,
3.394102,RETX,302,16.285,,200.000,301056,
3.394307,RETX,303,16.285,,200.000,301056,
3.394513,RETX,304,16.285,,200.000,301056,
3.394734,RETX,305,16.285,,200.000,301056,
3.395013,RETX,306,16.285,,200.000,301056,
3.395228,RETX,307,16.285,,200.000,301056,
3.395430,RETX,308,16.285,,200.000,301056,
3.395623,SEND,309,16.285,,200.000,301056,
3.425471,NAK,294,16.285,,,301056,
3.428641,DUPACK,294,16.285,,,301056,
3.428685,NAK,294,16.285,,,301056,
3.428736,DUPACK,294,16.285,,,301056,
3.428762,NAK,294,16.285,,,301056,
3.428789,DUPACK,294,16.285,,,301056,
3.428814,NAK,294,16.285,,,301056,
3.433061,DUPACK,294,16.285,,,301056,
3.433091,NAK,294,16.285,,,301056,
3.435955,DUPACK,294,16.285,,,301056,
3.436015,NAK,294,16.285,,,301056,
3.436046,DUPACK,294,16.285,,,301056,
3.436071,NAK,294,16.285,,,301056,
3.436204,DUPACK,294,16.285,,,301056,
3.436256,ACK,295,16.346,,,302080,"cum ack, base->295"
3.436289,ACK,296,16.407,,,303104,"cum ack, base->296"
3.436320,ACK,297,16.468,,,304128,"cum ack, base->297"
3.436634,SEND,310,16.468,,200.000,304128,
3.436898,SEND,311,16.468,,200.000,304128,
3.437070,SEND,312,16.468,,200.000,304128,
3.441096,ACK,298,16.529,,,305152,"cum ack, base->298"
3.441182,ACK,299,16.589,,,306176,"cum ack, base->299"
3.442208,ACK,300,16.650,,,307200,"cum ack, base->300"
3.442520,SEND,313,16.650,,200.000,307200,
3.442731,SEND,314,16.650,,200.000,307200,
3.442987,SEND,315,16.650,,200.000,307200,
3.443084,ACK,301,16.710,,,308224,"cum ack, base->301"
3.443190,ACK,302,16.770,,,309248,"cum ack, base->302"
3.445060,ACK,303,16.829,,,310272,"cum ack, base->303"
3.445124,ACK,304,16.889,,,311296,"cum ack, base->304"
3.445165,ACK,305,16.948,,,312320,"cum ack, base->305"
3.445204,ACK,306,17.007,,,313344,"cum ack, base->306"
3.445242,ACK,307,17.066,,,314368,"cum ack, base->307"
3.445612,SEND,316,17.066,,200.000,314368,
3.445894,SEND,317,17.066,,200.000,314368,
3.446172,SEND,318,17.066,,200.000,314368,
3.446455,SEND,319,17.066,,200.000,314368,
3.446691,SEND,320,17.066,,200.000,314368,
3.447004,SEND,321,17.066,,200.000,314368,
3.447236,SEND,322,17.066,,200.000,314368,
3.447466,SEND,323,17.066,,200.000,314368,
3.447571,ACK,308,17.124,,,315392,"cum ack, base->308"
3.447621,ACK,309,17.183,,,316416,"cum ack, base->309"
3.447655,ACK,310,17.241,,,317440,"cum ack, base->310"
3.450233,SEND,324,17.241,,200.000,317440,
3.450461,SEND,325,17.241,,200.000,317440,
3.450946,SEND,326,17.241,,200.000,317440,
3.450979,STATS,-1,17.241,,200.000,317440,base=310 next=327
3.490671,ACK,311,17.299,,,318464,"cum ack, base->311"
3.490771,ACK,312,17.357,,,319488,"cum ack, base->312"
3.490828,ACK,313,17.414,,,320512,"cum ack, base->313"
3.490877,ACK,314,17.472,,,321536,"cum ack, base->314"
3.490924,ACK,315,17.529,,,322560,"cum ack, base->315"
3.491047,ACK,316,17.586,,,323584,"cum ack, base->316"
3.491114,ACK,317,17.643,,,324608,"cum ack, base->317"
3.491166,ACK,318,17.699,,,325632,"cum ack, base->318"
3.492818,SEND,327,17.699,,200.000,325632,
3.493148,SEND,328,17.699,,200.000,325632,
3.493486,SEND,329,17.699,,200.000,325632,
3.493719,SEND,330,17.699,,200.000,325632,
3.494032,SEND,331,17.699,,200.000,325632,
3.494245,SEND,332,17.699,,200.000,325632,
3.494512,SEND,333,17.699,,200.000,325632,
3.494720,SEND,334,17.699,,200.000,325632,
3.495906,ACK,319,17.756,,,326656,"cum ack, base->319"
3.497484,SEND,335,17.756,,200.000,326656,
3.497919,ACK,320,17.812,,,327680,"cum ack, base->320"
3.497989,ACK,321,17.868,,,328704,"cum ack, base->321"
3.498033,ACK,322,17.924,,,329728,"cum ack, base->322"
3.498072,ACK,323,17.980,,,330752,"cum ack, base->323"
3.498112,ACK,324,18.036,,,331776,"cum ack, base->324"
3.498150,ACK,325,18.091,,,332800,"cum ack, base->325"
3.498186,ACK,326,18.147,,,333824,"cum ack, base->326"
3.500358,SEND,336,18.147,,200.000,333824,
3.501024,SEND,337,18.147,,200.000,333824,
3.501612,SEND,338,18.147,,200.000,333824,
3.501829,SEND,339,18.147,,200.000,333824,
3.502033,SEND,340,18.147,,200.000,333824,
3.502458,SEND,341,18.147,,200.000,333824,
3.505245,SEND,342,18.147,,200.000,333824,
3.505515,SEND,343,18.147,,200.000,333824,
3.505717,ACK,327,18.202,,,334848,"cum ack, base->327"
3.507782,SEND,344,18.202,,200.000,334848,
3.533139,ACK,328,18.257,,,335872,"cum ack, base->328"
3.534428,SEND,345,18.257,,200.000,335872,
3.535384,ACK,329,18.311,,,336896,"cum ack, base->329"
3.537271,SEND,346,18.311,,200.000,336896,
3.545400,ACK,330,18.366,,,337920,"cum ack, base->330"
3.545498,ACK,331,18.420,,,338944,"cum ack, base->331"
3.545544,ACK,332,18.475,,,339968,"cum ack, base->332"
3.545579,ACK,333,18.529,,,340992,"cum ack, base->333"
3.545613,ACK,334,18.583,,,342016,"cum ack, base->334"
3.545645,ACK,335,18.637,,,343040,"cum ack, base->335"
3.545680,ACK,336,18.690,,,344064,"cum ack, base->336"
3.546879,ACK,337,18.744,,,345088,"cum ack, base->337"
3.547818,SEND,347,18.744,,200.000,345088,
3.547998,SEND,348,18.744,,200.000,345088,
3.548173,SEND,349,18.744,,200.000,345088,
3.548426,SEND,350,18.744,,200.000,345088,
3.548608,SEND,351,18.744,,200.000,345088,
3.548776,SEND,352,18.744,,200.000,345088,
3.548943,SEND,353,18.744,,200.000,345088,
3.549119,SEND,354,18.744,,200.000,345088,
3.549266,ACK,338,18.797,,,346112,"cum ack, base->338"
3.549322,ACK,339,18.850,,,347136,"cum ack, base->339"
3.549354,NAK,339,18.850,,,347136,
3.549368,FASTRETX,339,16.756,,200.000,347136,nak
3.549397,DUPACK,339,16.756,,,347136,
3.551426,NAK,339,16.756,,,347136,
3.551506,DUPACK,339,16.756,,,347136,
3.552060,RETX,339,16.756,,200.000,347136,
3.552490,RETX,340,16.756,,200.000,347136,
3.552786,RETX,341,16.756,,200.000,347136,
3.553029,RETX,342,16.756,,200.000,347136,
3.553299,RETX,343,16.756,,200.000,347136,
3.553771,RETX,344,16.756,,200.000,347136,
3.554078,RETX,345,16.756,,200.000,347136,
3.554511,RETX,346,16.756,,200.000,347136,
3.555240,RETX,347,16.756,,200.000,347136,
3.555726,RETX,348,16.756,,200.000,347136,
3.556126,RETX,349,16.756,,200.000,347136,
3.556320,RETX,350,16.756,,200.000,347136,
3.556489,RETX,351,16.756,,200.000,347136,
3.556657,RETX,352,16.756,,200.000,347136,
3.556826,RETX,353,16.756,,200.000,347136,
3.557024,RETX,354,16.756,,200.000,347136,
3.557046,STATS,-1,16.756,,200.000,347136,base=339 next=355
3.557201,NAK,339,16.756,,,347136,
3.557244,DUPACK,339,16.756,,,347136,
3.557595,NAK,339,16.756,,,347136,
3.557636,DUPACK,339,16.756,,,347136,
3.579650,NAK,339,16.756,,,347136,
3.579879,DUPACK,339,16.756,,,347136,
3.579906,NAK,339,16.756,,,347136,
3.579929,DUPACK,339,16.756,,,347136,
3.592165,NAK,339,16.756,,,347136,
3.592239,DUPACK,339,16.756,,,347136,
3.601142,NAK,339,16.756,,,347136,
3.601253,DUPACK,339,16.756,,,347136,
3.601295,NAK,339,16.756,,,347136,
3.601330,DUPACK,339,16.756,,,347136,
3.601450,NAK,339,16.756,,,347136,
3.601794,DUPACK,339,16.756,,,347136,
3.601934,NAK,339,16.756,,,347136,
3.602010,DUPACK,339,16.756,,,347136,
3.602046,NAK,339,16.756,,,347136,
3.602078,DUPACK,339,16.756,,,347136,
3.602127,NAK,339,16.756,,,347136,
3.602160,DUPACK,339,16.756,,,347136,
3.602380,ACK,340,16.816,,,348160,"cum ack, base->340"
3.602468,ACK,341,16.875,,,349184,"cum ack, base->341"
3.602693,ACK,342,16.934,,,350208,"cum ack, base->342"
3.602788,ACK,343,16.993,,,351232,"cum ack, base->343"
3.603504,ACK,344,17.052,,,352256,"cum ack, base->344"
3.604808,SEND,355,17.052,,200.000,352256,
3.605047,SEND,356,17.052,,200.000,352256,
3.605278,SEND,357,17.052,,200.000,352256,
3.605502,SEND,358,17.052,,200.000,352256,
3.605728,SEND,359,17.052,,200.000,352256,
3.605951,SEND,360,17.052,,200.000,352256,
3.606028,ACK,345,17.111,,,353280,"cum ack, base->345"
3.606071,ACK,346,17.169,,,354304,"cum ack, base->346"
3.606104,ACK,347,17.227,,,355328,"cum ack, base->347"
3.606136,ACK,348,17.286,,,356352,"cum ack, base->348"
3.606406,ACK,349,17.343,,,357376,"cum ack, base->349"
3.606441,ACK,350,17.401,,,358400,"cum ack, base->350"
3.606471,ACK,351,17.459,,,359424,"cum ack, base->351"
3.606500,ACK,352,17.516,,,360448,"cum ack, base->352"
3.606805,ACK,353,17.573,,,361472,"cum ack, base->353"
3.606843,ACK,354,17.630,,,362496,"cum ack, base->354"
3.609476,SEND,361,17.630,,200.000,362496,
3.609743,SEND,362,17.630,,200.000,362496,
3.610089,SEND,363,17.630,,200.000,362496,
3.610268,SEND,364,17.630,,200.000,362496,
3.610464,SEND,365,17.630,,200.000,362496,
3.610696,SEND,366,17.630,,200.000,362496,
3.611006,SEND,367,17.630,,200.000,362496,
3.611273,SEND,368,17.630,,200.000,362496,
3.611512,SEND,369,17.630,,200.000,362496,
3.611742,SEND,370,17.630,,200.000,362496,
3.654130,ACK,356,17.743,,,364544,"cum ack, base->356"
3.654334,ACK,357,17.799,,,365568,"cum ack, base->357"
3.656294,SEND,371,17.799,,200.000,365568,
3.656856,SEND,372,17.799,,200.000,365568,
3.657127,SEND,373,17.799,,200.000,365568,
3.657148,STATS,-1,17.799,,200.000,365568,base=357 next=374
3.657327,ACK,359,17.912,,,367616,"cum ack, base->359"
3.657400,ACK,360,17.967,,,368640,"cum ack, base->360"
3.657453,ACK,361,18.023,,,369664,"cum ack, base->361"
3.657505,ACK,362,18.079,,,370688,"cum ack, base->362"
3.660063,SEND,374,18.079,,200.000,370688,
3.660577,SEND,375,18.079,,200.000,370688,
3.661064,SEND,376,18.079,,200.000,370688,
3.661441,SEND,377,18.079,,200.000,370688,
3.661718,SEND,378,18.079,,200.000,370688,
3.662036,SEND,379,18.079,,200.000,370688,
3.662219,ACK,363,18.134,,,371712,"cum ack, base->363"
3.662291,ACK,364,18.189,,,372736,"cum ack, base->364"
3.662356,ACK,365,18.244,,,373760,"cum ack, base->365"
3.662414,ACK,366,18.299,,,374784,"cum ack, base->366"
3.662490,NAK,366,18.299,,,374784,
3.662508,FASTRETX,366,16.266,,200.000,374784,nak
3.662553,NAK,366,16.266,,,374784,
3.662589,DUPACK,366,16.266,,,374784,
3.662621,NAK,366,16.266,,,374784,
3.662653,DUPACK,366,16.266,,,374784,
3.662683,NAK,366,16.266,,,374784,
3.662714,DUPACK,366,16.266,,,374784,
3.664835,RETX,366,16.266,,200.000,374784,
3.665220,RETX,367,16.266,,200.000,374784,
3.665437,RETX,368,16.266,,200.000,374784,
3.665642,RETX,369,16.266,,200.000,374784,
3.665848,RETX,370,16.266,,200.000,374784,
3.666050,RETX,371,16.266,,200.000,374784,
3.666307,RETX,372,16.266,,200.000,374784,
3.666598,RETX,373,16.266,,200.000,374784,
3.666817,RETX,374,16.266,,200.000,374784,
3.667023,RETX,375,16.266,,200.000,374784,
3.668160,RETX,376,16.266,,200.000,374784,
3.668437,RETX,377,16.266,,200.000,374784,
3.669004,RETX,378,16.266,,200.000,374784,
3.669251,RETX,379,16.266,,200.000,374784,
3.669421,SEND,380,16.266,,200.000,374784,
3.669592,SEND,381,16.266,,200.000,374784,
3.699977,NAK,366,16.266,,,374784,
3.709105,DUPACK,366,16.266,,,374784,
3.709144,NAK,366,16.266,,,374784,
3.709168,DUPACK,366,16.266,,,374784,
3.709190,NAK,366,16.266,,,374784,
3.709211,DUPACK,366,16.266,,,374784,
3.709230,NAK,366,16.266,,,374784,
3.709251,DUPACK,366,16.266,,,374784,
3.709273,NAK,366,16.266,,,374784,
3.709300,DUPACK,366,16.266,,,374784,
3.709320,NAK,366,16.266,,,374784,
3.710119,DUPACK,366,16.266,,,374784,
3.710149,NAK,366,16.266,,,374784,
3.710173,DUPACK,366,16.266,,,374784,
3.710194,NAK,366,16.266,,,374784,
3.710213,DUPACK,366,16.266,,,374784,
3.710232,NAK,366,16.266,,,374784,
3.710257,DUPACK,366,16.266,,,374784,
3.710282,NAK,366,16.266,,,374784,
3.710302,DUPACK,366,16.266,,,374784,
3.710326,NAK,366,16.266,,,374784,
3.710346,DUPACK,366,16.266,,,374784,
3.710368,NAK,366,16.266,,,374784,
3.710387,DUPACK,366,16.266,,,374784,
3.710406,NAK,366,16.266,,,374784,
3.712494,NAK,366,16.266,,,374784,
3.712522,DUPACK,366,16.266,,,374784,
3.715135,NAK,366,16.266,,,374784,
3.715163,DUPACK,366,16.266,,,374784,
3.717604,NAK,366,16.266,,,374784,
3.717637,DUPACK,366,16.266,,,374784,
3.717661,NAK,366,16.266,,,374784,
3.717685,DUPACK,366,16.266,,,374784,
3.717708,NAK,366,16.266,,,374784,
3.717983,NAK,366,16.266,,,374784,
3.718012,DUPACK,366,16.266,,,374784,
3.718035,NAK,366,16.266,,,374784,
3.718060,DUPACK,366,16.266,,,374784,
3.718085,NAK,366,16.266,,,374784,
3.719669,DUPACK,366,16.266,,,374784,
3.719695,NAK,366,16.266,,,374784,
3.719720,DUPACK,366,16.266,,,374784,
3.719743,NAK,366,16.266,,,374784,
3.721718,DUPACK,366,16.266,,,374784,
3.721744,NAK,366,16.266,,,374784,
3.721767,DUPACK,366,16.266,,,374784,
3.757165,STATS,-1,16.266,,200.000,374784,base=366 next=382
3.858264,STATS,-1,16.266,,200.000,374784,base=366 next=382
3.863211,TIMEOUT,366,16.266,,200.000,374784,timeout
3.866283,RETX,366,16.266,,200.000,374784,
3.866686,RETX,367,16.266,,200.000,374784,
3.867060,RETX,368,16.266,,200.000,374784,
3.867858,RETX,369,16.266,,200.000,374784,
3.868428,RETX,370,16.266,,200.000,374784,
3.869042,RETX,371,16.266,,200.000,374784,
3.869625,RETX,372,16.266,,200.000,374784,
3.870182,RETX,373,16.266,,200.000,374784,
3.870601,RETX,374,16.266,,200.000,374784,
3.870938,RETX,375,16.266,,200.000,374784,
3.871280,RETX,376,16.266,,200.000,374784,
3.873353,RETX,377,16.266,,200.000,374784,
3.873621,RETX,378,16.266,,200.000,374784,
3.873812,RETX,379,16.266,,200.000,374784,
3.874158,RETX,380,16.266,,200.000,374784,
3.874343,RETX,381,16.266,,200.000,374784,
3.904543,ACK,367,16.327,,,375808,"cum ack, base->367"
3.907078,SEND,382,16.327,,200.000,375808,
3.921777,ACK,368,16.388,,,376832,"cum ack, base->368"
3.921847,ACK,369,16.449,,,377856,"cum ack, base->369"
3.921885,ACK,370,16.510,,,378880,"cum ack, base->370"
3.921919,ACK,373,16.691,,,381952,"cum ack, base->373"
3.922073,ACK,374,16.751,,,382976,"cum ack, base->374"
3.922452,SEND,383,16.751,,200.000,382976,
3.922633,SEND,384,16.751,,200.000,382976,
3.922820,SEND,385,16.751,,200.000,382976,
3.923216,SEND,386,16.751,,200.000,382976,
3.923812,SEND,387,16.751,,200.000,382976,
3.924125,SEND,388,16.751,,200.000,382976,
3.924325,SEND,389,16.751,,200.000,382976,
3.924555,ACK,375,16.811,,,384000,"cum ack, base->375"
3.924616,ACK,376,16.870,,,385024,"cum ack, base->376"
3.924649,ACK,377,16.930,,,386048,"cum ack, base->377"
3.924685,ACK,378,16.989,,,387072,"cum ack, base->378"
3.924711,NAK,378,16.989,,,387072,
3.924721,FASTRETX,378,16.989,,200.000,387072,nak
3.924750,DUPACK,378,16.989,,,387072,
3.924779,NAK,378,16.989,,,387072,
3.924804,DUPACK,378,16.989,,,387072,
3.924877,NAK,378,16.989,,,387072,
3.924906,DUPACK,378,16.989,,,387072,
3.927124,RETX,378,16.989,,200.000,387072,
3.927356,RETX,379,16.989,,200.000,387072,
3.927582,RETX,380,16.989,,200.000,387072,
3.927806,RETX,381,16.989,,200.000,387072,
3.928034,RETX,382,16.989,,200.000,387072,
3.928260,RETX,383,16.989,,200.000,387072,
3.928489,RETX,384,16.989,,200.000,387072,
3.928715,RETX,385,16.989,,200.000,387072,
3.928942,RETX,386,16.989,,200.000,387072,
3.929177,RETX,387,16.989,,200.000,387072,
3.929408,RETX,388,16.989,,200.000,387072,
3.929637,RETX,389,16.989,,200.000,387072,
3.929865,SEND,390,16.989,,200.000,387072,
3.930087,SEND,391,16.989,,200.000,387072,
3.930312,SEND,392,16.989,,200.000,387072,
3.930525,SEND,393,16.989,,200.000,387072,
3.950300,NAK,378,16.989,,,387072,
3.956255,DUPACK,378,16.989,,,387072,
3.959906,STATS,-1,16.989,,200.000,387072,base=378 next=394
3.973606,NAK,378,16.989,,,387072,
3.973675,DUPACK,378,16.989,,,387072,
3.973738,NAK,378,16.989,,,387072,
3.973788,DUPACK,378,16.989,,,387072,
3.978321,NAK,378,16.989,,,387072,
3.978393,DUPACK,378,16.989,,,387072,
3.978423,NAK,378,16.989,,,387072,
3.978453,DUPACK,378,16.989,,,387072,
3.978479,NAK,378,16.989,,,387072,
3.978511,DUPACK,378,16.989,,,387072,
3.978536,NAK,378,16.989,,,387072,
3.978561,DUPACK,378,16.989,,,387072,
3.978585,NAK,378,16.989,,,387072,
3.978611,DUPACK,378,16.989,,,387072,
3.978653,ACK,379,17.047,,,388096,"cum ack, base->379"
3.978686,ACK,380,17.106,,,389120,"cum ack, base->380"
3.978719,ACK,381,17.165,,,390144,"cum ack, base->381"
3.978745,NAK,381,17.165,,,390144,
3.978759,FASTRETX,381,15.257,,200.000,390144,nak
3.980538,RETX,381,15.257,,200.000,390144,
3.980738,RETX,382,15.257,,200.000,390144,
3.980910,RETX,383,15.257,,200.000,390144,
3.981079,RETX,384,15.257,,200.000,390144,
3.981248,RETX,385,15.257,,200.000,390144,
3.981416,RETX,386,15.257,,200.000,390144,
3.981591,RETX,387,15.257,,200.000,390144,
3.981762,RETX,388,15.257,,200.000,390144,
3.982187,RETX,389,15.257,,200.000,390144,
3.982427,RETX,390,15.257,,200.000,390144,
3.982656,RETX,391,15.257,,200.000,390144,
3.982883,RETX,392,15.257,,200.000,390144,
3.983113,RETX,393,15.257,,200.000,390144,
3.983337,SEND,394,15.257,,200.000,390144,
3.983564,SEND,395,15.257,,200.000,390144,
3.983679,DUPACK,381,15.257,,,390144,
3.983737,NAK,381,15.257,,,390144,
3.983771,DUPACK,381,15.257,,,390144,
3.983798,NAK,381,15.257,,,390144,
3.983827,DUPACK,381,15.257,,,390144,
3.983853,NAK,381,15.257,,,390144,
3.983878,DUPACK,381,15.257,,,390144,
3.983902,NAK,381,15.257,,,390144,
3.983926,DUPACK,381,15.257,,,390144,
3.983948,NAK,381,15.257,,,390144,
3.983972,DUPACK,381,15.257,,,390144,
3.983994,NAK,381,15.257,,,390144,
3.984014,DUPACK,381,15.257,,,390144,
3.984032,DUPACK,381,15.257,,,390144,
3.984049,NAK,381,15.257,,,390144,
3.984069,DUPACK,381,15.257,,,390144,
3.984087,NAK,381,15.257,,,390144,
3.984106,DUPACK,381,15.257,,,390144,
3.984124,NAK,381,15.257,,,390144,
3.984142,DUPACK,381,15.257,,,390144,
4.034620,ACK,382,15.323,,,391168,"cum ack, base->382"
4.036629,SEND,396,15.323,,200.000,391168,
4.038067,ACK,383,15.388,,,392192,"cum ack, base->383"
4.038161,ACK,384,15.453,,,393216,"cum ack, base->384"
4.038287,ACK,385,15.518,,,394240,"cum ack, base->385"
4.038334,ACK,386,15.582,,,395264,"cum ack, base->386"
4.038373,ACK,387,15.647,,,396288,"cum ack, base->387"
4.038411,ACK,388,15.710,,,397312,"cum ack, base->388"
4.038448,ACK,389,15.774,,,398336,"cum ack, base->389"
4.038485,ACK,390,15.838,,,399360,"cum ack, base->390"
4.038523,ACK,392,15.964,,,401408,"cum ack, base->392"
4.038560,ACK,393,16.026,,,402432,"cum ack, base->393"
4.039852,SEND,397,16.026,,200.000,402432,
4.040107,SEND,398,16.026,,200.000,402432,
4.040478,SEND,399,16.026,,200.000,402432,
4.040689,SEND,400,16.026,,200.000,402432,
4.040892,SEND,401,16.026,,200.000,402432,
4.041122,SEND,402,16.026,,200.000,402432,
4.041401,SEND,403,16.026,,200.000,402432,
4.041620,SEND,404,16.026,,200.000,402432,
4.041834,SEND,405,16.026,,200.000,402432,
4.042043,SEND,406,16.026,,200.000,402432,
4.042388,SEND,407,16.026,,200.000,402432,
4.042600,SEND,408,16.026,,200.000,402432,
4.042672,ACK,394,16.089,,,403456,"cum ack, base->394"
4.042775,ACK,395,16.151,,,404480,"cum ack, base->395"
4.042839,ACK,396,16.213,,,405504,"cum ack, base->396"
4.045227,SEND,409,16.213,,200.000,405504,
4.045462,SEND,410,16.213,,200.000,405504,
4.045713,SEND,411,16.213,,200.000,405504,
4.062697,STATS,-1,16.213,,200.000,405504,base=396 next=412
4.097298,ACK,397,16.274,,,406528,"cum ack, base->397"
4.097528,ACK,399,16.397,,,408576,"cum ack, base->399"
4.097687,ACK,400,16.458,,,409600,"cum ack, base->400"
4.097782,ACK,401,16.519,,,410624,"cum ack, base->401"
4.098229,ACK,402,16.579,,,411648,"cum ack, base->402"
4.098542,ACK,403,16.640,,,412672,"cum ack, base->403"
4.098741,ACK,404,16.700,,,413696,"cum ack, base->404"
4.099100,SEND,412,16.700,,200.000,413696,
4.099616,SEND,413,16.700,,200.000,413696,
4.099792,SEND,414,16.700,,200.000,413696,
4.099923,SEND,415,16.700,,200.000,413696,
4.100043,SEND,416,16.700,,200.000,413696,
4.100160,SEND,417,16.700,,200.000,413696,
4.100287,SEND,418,16.700,,200.000,413696,
4.100425,SEND,419,16.700,,200.000,413696,
4.100500,ACK,405,16.760,,,414720,"cum ack, base->405"
4.100534,ACK,406,16.819,,,415744,"cum ack, base->406"
4.100603,ACK,407,16.879,,,416768,"cum ack, base->407"
4.100652,ACK,408,16.938,,,417792,"cum ack, base->408"
4.100678,ACK,409,16.997,,,418816,"cum ack, base->409"
4.100698,ACK,410,17.056,,,419840,"cum ack, base->410"
4.100715,ACK,411,17.114,,,420864,"cum ack, base->411"
4.100733,ACK,412,17.173,,,421888,"cum ack, base->412"
4.103208,SEND,420,17.173,,200.000,421888,
4.103623,SEND,421,17.173,,200.000,421888,
4.104229,SEND,422,17.173,,200.000,421888,
4.104693,SEND,423,17.173,,200.000,421888,
4.107240,SEND,424,17.173,,200.000,421888,
4.107478,SEND,425,17.173,,200.000,421888,
4.107617,SEND,426,17.173,,200.000,421888,
4.107731,SEND,427,17.173,,200.000,421888,
4.107843,SEND,428,17.173,,200.000,421888,
4.145569,ACK,413,17.231,,,422912,"cum ack, base->413"
4.147146,ACK,414,17.289,,,423936,"cum ack, base->414"
4.147173,ACK,415,17.347,,,424960,"cum ack, base->415"
4.147191,ACK,416,17.405,,,425984,"cum ack, base->416"
4.147202,ACK,417,17.462,,,427008,"cum ack, base->417"
4.147211,DUPACK,417,17.462,,,427008,
4.147221,NAK,417,17.462,,,427008,
4.147226,FASTRETX,417,15.522,,200.000,427008,nak
4.147236,DUPACK,417,15.522,,,427008,
4.147244,NAK,417,15.522,,,427008,
4.148016,RETX,417,15.522,,200.000,427008,
4.148093,RETX,418,15.522,,200.000,427008,
4.148166,RETX,419,15.522,,200.000,427008,
4.148238,RETX,420,15.522,,200.000,427008,
4.148309,RETX,421,15.522,,200.000,427008,
4.148382,RETX,422,15.522,,200.000,427008,
4.148455,RETX,423,15.522,,200.000,427008,
4.148528,RETX,424,15.522,,200.000,427008,
4.148601,RETX,425,15.522,,200.000,427008,
4.148674,RETX,426,15.522,,200.000,427008,
4.148746,RETX,427,15.522,,200.000,427008,
4.148819,RETX,428,15.522,,200.000,427008,
4.148894,SEND,429,15.522,,200.000,427008,
4.148967,SEND,430,15.522,,200.000,427008,
4.149039,SEND,431,15.522,,200.000,427008,
4.152124,DUPACK,417,15.522,,,427008,
4.152162,NAK,417,15.522,,,427008,
4.152188,DUPACK,417,15.522,,,427008,
4.152199,NAK,417,15.522,,,427008,
4.152209,DUPACK,417,15.522,,,427008,
4.152217,NAK,417,15.522,,,427008,
4.152226,DUPACK,417,15.522,,,427008,
4.152234,NAK,417,15.522,,,427008,
4.152242,DUPACK,417,15.522,,,427008,
4.152250,NAK,417,15.522,,,427008,
4.152258,DUPACK,417,15.522,,,427008,
4.152268,NAK,417,15.522,,,427008,
4.152278,DUPACK,417,15.522,,,427008,
4.158316,NAK,417,15.522,,,427008,
4.158340,DUPACK,417,15.522,,,427008,
4.158350,NAK,417,15.522,,,427008,
4.158359,DUPACK,417,15.522,,,427008,
4.164083,STATS,-1,15.522,,200.000,427008,base=417 next=432
4.190544,ACK,418,15.586,,,428032,"cum ack, base->418"
4.191440,SEND,432,15.586,,200.000,428032,
4.192197,ACK,419,15.650,,,429056,"cum ack, base->419"
4.194079,SEND,433,15.650,,200.000,429056,
4.194126,ACK,420,15.714,,,430080,"cum ack, base->420"
4.194147,ACK,421,15.778,,,431104,"cum ack, base->421"
4.195313,NAK,421,15.778,,,431104,
4.195318,FASTRETX,421,15.778,,200.000,431104,nak
4.195330,DUPACK,421,15.778,,,431104,
4.196684,RETX,421,15.778,,200.000,431104,
4.196765,RETX,422,15.778,,200.000,431104,
4.196843,RETX,423,15.778,,200.000,431104,
4.196922,RETX,424,15.778,,200.000,431104,
4.197000,RETX,425,15.778,,200.000,431104,
4.197078,RETX,426,15.778,,200.000,431104,
4.197156,RETX,427,15.778,,200.000,431104,
4.197234,RETX,428,15.778,,200.000,431104,
4.197311,RETX,429,15.778,,200.000,431104,
4.197389,RETX,430,15.778,,200.000,431104,
4.197466,RETX,431,15.778,,200.000,431104,
4.197545,RETX,432,15.778,,200.000,431104,
4.197623,RETX,433,15.778,,200.000,431104,
4.197701,SEND,434,15.778,,200.000,431104,
4.197780,SEND,435,15.778,,200.000,431104,
4.197808,NAK,421,15.778,,,431104,
4.197820,DUPACK,421,15.778,,,431104,
4.197830,NAK,421,15.778,,,431104,
4.197840,DUPACK,421,15.778,,,431104,
4.197849,NAK,421,15.778,,,431104,
4.197861,DUPACK,421,15.778,,,431104,
4.197870,NAK,421,15.778,,,431104,
4.197879,DUPACK,421,15.778,,,431104,
4.198743,NAK,421,15.778,,,431104,
4.198754,DUPACK,421,15.778,,,431104,
4.199492,NAK,421,15.778,,,431104,
4.199502,DUPACK,421,15.778,,,431104,
4.199512,NAK,421,15.778,,,431104,
4.201094,DUPACK,421,15.778,,,431104,
4.201120,NAK,421,15.778,,,431104,
4.201134,DUPACK,421,15.778,,,431104,
4.201227,NAK,421,15.778,,,431104,
4.201259,DUPACK,421,15.778,,,431104,
4.237501,NAK,421,15.778,,,431104,
4.237534,DUPACK,421,15.778,,,431104,
4.237546,NAK,421,15.778,,,431104,
4.237559,DUPACK,421,15.778,,,431104,
4.241378,ACK,422,15.841,,,432128,"cum ack, base->422"
4.242905,SEND,436,15.841,,200.000,432128,
4.251891,ACK,423,15.904,,,433152,"cum ack, base->423"
4.251931,ACK,424,15.967,,,434176,"cum ack, base->424"
4.251948,ACK,425,16.030,,,435200,"cum ack, base->425"
4.251963,ACK,426,16.092,,,436224,"cum ack, base->426"
4.251980,ACK,427,16.155,,,437248,"cum ack, base->427"
4.251992,ACK,428,16.216,,,438272,"cum ack, base->428"
4.252004,ACK,429,16.278,,,439296,"cum ack, base->429"
4.252015,ACK,430,16.340,,,440320,"cum ack, base->430"
4.252025,NAK,430,16.340,,,440320,
4.252031,FASTRETX,430,14.524,,200.000,440320,nak
4.252042,DUPACK,430,14.524,,,440320,
4.252051,NAK,430,14.524,,,440320,
4.252061,DUPACK,430,14.524,,,440320,
4.252070,NAK,430,14.524,,,440320,
4.252079,DUPACK,430,14.524,,,440320,
4.252087,NAK,430,14.524,,,440320,
4.252096,DUPACK,430,14.524,,,440320,
4.252106,NAK,430,14.524,,,440320,
4.252114,DUPACK,430,14.524,,,440320,
4.253028,RETX,430,14.524,,200.000,440320,
4.253119,RETX,431,14.524,,200.000,440320,
4.253199,RETX,432,14.524,,200.000,440320,
4.253279,RETX,433,14.524,,200.000,440320,
4.253356,RETX,434,14.524,,200.000,440320,
4.253435,RETX,435,14.524,,200.000,440320,
4.253512,RETX,436,14.524,,200.000,440320,
4.253590,SEND,437,14.524,,200.000,440320,
4.253668,SEND,438,14.524,,200.000,440320,
4.253742,SEND,439,14.524,,200.000,440320,
4.253813,SEND,440,14.524,,200.000,440320,
4.253889,SEND,441,14.524,,200.000,440320,
4.253961,SEND,442,14.524,,200.000,440320,
4.254033,SEND,443,14.524,,200.000,440320,
4.264097,STATS,-1,14.524,,200.000,440320,base=430 next=444
4.280745,DUPACK,430,14.524,,,440320,
4.297115,ACK,431,14.593,,,441344,"cum ack, base->431"
4.297192,ACK,432,14.661,,,442368,"cum ack, base->432"
4.297240,ACK,433,14.730,,,443392,"cum ack, base->433"
4.297280,ACK,434,14.797,,,444416,"cum ack, base->434"
4.299508,SEND,444,14.797,,200.000,444416,
4.299747,SEND,445,14.797,,200.000,444416,
4.299952,SEND,446,14.797,,200.000,444416,
4.300131,SEND,447,14.797,,200.000,444416,
4.300248,ACK,435,14.865,,,445440,"cum ack, base->435"
4.300305,ACK,436,14.932,,,446464,"cum ack, base->436"
4.300340,ACK,437,14.999,,,447488,"cum ack, base->437"
4.303000,SEND,448,14.999,,200.000,447488,
4.303298,SEND,449,14.999,,200.000,447488,
4.303472,SEND,450,14.999,,200.000,447488,
4.304358,ACK,438,15.066,,,448512,"cum ack, base->438"
4.304411,NAK,438,15.066,,,448512,
4.304425,FASTRETX,438,13.392,,200.000,448512,nak
4.304454,NAK,438,13.392,,,448512,
4.304862,DUPACK,438,13.392,,,448512,
4.304954,NAK,438,13.392,,,448512,
4.304984,DUPACK,438,13.392,,,448512,
4.305011,NAK,438,13.392,,,448512,
4.305039,DUPACK,438,13.392,,,448512,
4.305064,NAK,438,13.392,,,448512,
4.306230,RETX,438,13.392,,200.000,448512,
4.306412,RETX,439,13.392,,200.000,448512,
4.306580,RETX,440,13.392,,200.000,448512,
4.306747,RETX,441,13.392,,200.000,448512,
4.307264,RETX,442,13.392,,200.000,448512,
4.307456,RETX,443,13.392,,200.000,448512,
4.307626,RETX,444,13.392,,200.000,448512,
4.307794,RETX,445,13.392,,200.000,448512,
4.307974,RETX,446,13.392,,200.000,448512,
4.308293,RETX,447,13.392,,200.000,448512,
4.308479,RETX,448,13.392,,200.000,448512,
4.308646,RETX,449,13.392,,200.000,448512,
4.308788,RETX,450,13.392,,200.000,448512,
4.348446,NAK,438,13.392,,,448512,
4.352261,DUPACK,438,13.392,,,448512,
4.352335,NAK,438,13.392,,,448512,
4.352375,DUPACK,438,13.392,,,448512,
4.352408,NAK,438,13.392,,,448512,
4.352518,DUPACK,438,13.392,,,448512,
4.352580,NAK,438,13.392,,,448512,
4.352650,DUPACK,438,13.392,,,448512,
4.357985,NAK,438,13.392,,,448512,
4.358063,DUPACK,438,13.392,,,448512,
4.358097,NAK,438,13.392,,,448512,
4.358129,DUPACK,438,13.392,,,448512,
4.358180,ACK,439,13.467,,,449536,"cum ack, base->439"
4.358225,ACK,440,13.541,,,450560,"cum ack, base->440"
4.358263,ACK,441,13.615,,,451584,"cum ack, base->441"
4.358522,ACK,442,13.688,,,452608,"cum ack, base->442"
4.358579,ACK,443,13.761,,,453632,"cum ack, base->443"
4.358622,ACK,444,13.834,,,454656,"cum ack, base->444"
4.358662,ACK,445,13.906,,,455680,"cum ack, base->445"
4.358710,ACK,446,13.978,,,456704,"cum ack, base->446"
4.358749,ACK,447,14.050,,,457728,"cum ack, base->447"
4.358789,ACK,448,14.121,,,458752,"cum ack, base->448"
4.359606,ACK,449,14.192,,,459776,"cum ack, base->449"
4.359660,ACK,450,14.262,,,460800,"cum ack, base->450"
4.359699,ACK,451,14.332,,,461824,"cum ack, base->451"
4.360522,SEND,451,14.332,,200.000,461824,
4.360740,SEND,452,14.332,,200.000,461824,
4.360948,SEND,453,14.332,,200.000,461824,
4.361150,SEND,454,14.332,,200.000,461824,
4.361412,SEND,455,14.332,,200.000,461824,
4.361627,SEND,456,14.332,,200.000,461824,
4.361831,SEND,457,14.332,,200.000,461824,
4.362035,SEND,458,14.332,,200.000,461824,
4.362248,SEND,459,14.332,,200.000,461824,
4.362473,SEND,460,14.332,,200.000,461824,
4.362684,SEND,461,14.332,,200.000,461824,
4.362911,SEND,462,14.332,,200.000,461824,
4.363138,SEND,463,14.332,,200.000,461824,
4.363401,SEND,464,14.332,,200.000,461824,
4.365996,STATS,-1,14.332,,200.000,461824,base=451 next=465
4.411330,ACK,452,14.402,,,462848,"cum ack, base->452"
4.412259,SEND,465,14.402,,200.000,462848,
4.415784,ACK,453,14.471,,,463872,"cum ack, base->453"
4.415856,ACK,454,14.541,,,464896,"cum ack, base->454"
4.415891,ACK,455,14.609,,,465920,"cum ack, base->455"
4.415924,ACK,456,14.678,,,466944,"cum ack, base->456"
4.418740,SEND,466,14.678,,200.000,466944,
4.418927,SEND,467,14.678,,200.000,466944,
4.419138,SEND,468,14.678,,200.000,466944,
4.419315,SEND,469,14.678,,200.000,466944,
4.419412,NAK,456,14.678,,,466944,
4.419425,FASTRETX,456,13.047,,200.000,466944,nak
4.419472,NAK,456,13.047,,,466944,
4.419501,DUPACK,456,13.047,,,466944,
4.419527,NAK,456,13.047,,,466944,
4.419553,DUPACK,456,13.047,,,466944,
4.419579,NAK,456,13.047,,,466944,
4.419661,DUPACK,456,13.047,,,466944,
4.419695,NAK,456,13.047,,,466944,
4.419725,DUPACK,456,13.047,,,466944,
4.419751,NAK,456,13.047,,,466944,
4.419778,DUPACK,456,13.047,,,466944,
4.419803,NAK,456,13.047,,,466944,
4.419828,DUPACK,456,13.047,,,466944,
4.419853,NAK,456,13.047,,,466944,
4.422034,RETX,456,13.047,,200.000,466944,
4.422231,RETX,457,13.047,,200.000,466944,
4.422404,RETX,458,13.047,,200.000,466944,
4.422572,RETX,459,13.047,,200.000,466944,
4.422740,RETX,460,13.047,,200.000,466944,
4.422983,RETX,461,13.047,,200.000,466944,
4.423165,RETX,462,13.047,,200.000,466944,
4.423337,RETX,463,13.047,,200.000,466944,
4.423510,RETX,464,13.047,,200.000,466944,
4.423679,RETX,465,13.047,,200.000,466944,
4.423843,RETX,466,13.047,,200.000,466944,
4.424010,RETX,467,13.047,,200.000,466944,
4.424173,RETX,468,13.047,,200.000,466944,
4.447285,NAK,456,13.047,,,466944,
4.451887,DUPACK,456,13.047,,,466944,
4.461856,NAK,456,13.047,,,466944,
4.466050,NAK,456,13.047,,,466944,
4.468477,STATS,-1,13.047,,200.000,466944,base=456 next=469
4.469083,DUPACK,456,13.047,,,466944,
4.469185,DUPACK,456,13.047,,,466944,
4.469257,ACK,457,13.124,,,467968,"cum ack, base->457"
4.469313,ACK,458,13.200,,,468992,"cum ack, base->458"
4.469354,ACK,459,13.276,,,470016,"cum ack, base->459"
4.469392,ACK,460,13.351,,,471040,"cum ack, base->460"
4.471612,RETX,469,13.351,,200.000,471040,
4.471823,SEND,470,13.351,,200.000,471040,
4.472001,SEND,471,13.351,,200.000,471040,
4.472174,SEND,472,13.351,,200.000,471040,
4.472283,ACK,461,13.426,,,472064,"cum ack, base->461"
4.472338,ACK,462,13.500,,,473088,"cum ack, base->462"
4.472372,ACK,463,13.574,,,474112,"cum ack, base->463"
4.472404,ACK,464,13.648,,,475136,"cum ack, base->464"
4.472435,ACK,465,13.721,,,476160,"cum ack, base->465"
4.472466,ACK,466,13.794,,,477184,"cum ack, base->466"
4.472502,ACK,467,13.867,,,478208,"cum ack, base->467"
4.472534,ACK,468,13.939,,,479232,"cum ack, base->468"
4.474892,SEND,473,13.939,,200.000,479232,
4.475081,SEND,474,13.939,,200.000,479232,
4.475251,SEND,475,13.939,,200.000,479232,
4.475430,SEND,476,13.939,,200.000,479232,
4.475605,SEND,477,13.939,,200.000,479232,
4.475774,SEND,478,13.939,,200.000,479232,
4.475942,SEND,479,13.939,,200.000,479232,
4.476116,SEND,480,13.939,,200.000,479232,
4.512589,NAK,468,13.939,,,479232,
4.512615,FASTRETX,468,13.939,,200.000,479232,nak
4.512655,DUPACK,468,13.939,,,479232,
4.514727,RETX,468,13.939,,200.000,479232,
4.514942,RETX,469,13.939,,200.000,479232,
4.515114,RETX,470,13.939,,200.000,479232,
4.515411,RETX,471,13.939,,200.000,479232,
4.515588,RETX,472,13.939,,200.000,479232,
4.515911,RETX,473,13.939,,200.000,479232,
4.516095,RETX,474,13.939,,200.000,479232,
4.516339,RETX,475,13.939,,200.000,479232,
4.516415,RETX,476,13.939,,200.000,479232,
4.516481,RETX,477,13.939,,200.000,479232,
4.516547,RETX,478,13.939,,200.000,479232,
4.516611,RETX,479,13.939,,200.000,479232,
4.516675,RETX,480,13.939,,200.000,479232,
4.522100,NAK,468,13.939,,,479232,
4.522131,DUPACK,468,13.939,,,479232,
4.522142,NAK,468,13.939,,,479232,
4.522153,DUPACK,468,13.939,,,479232,
4.522161,NAK,468,13.939,,,479232,
4.522589,DUPACK,468,13.939,,,479232,
4.522639,NAK,468,13.939,,,479232,
4.523556,DUPACK,468,13.939,,,479232,
4.523597,NAK,468,13.939,,,479232,
4.523626,DUPACK,468,13.939,,,479232,
4.523652,NAK,468,13.939,,,479232,
4.523678,DUPACK,468,13.939,,,479232,
4.523703,NAK,468,13.939,,,479232,
4.523728,DUPACK,468,13.939,,,479232,
4.523754,NAK,468,13.939,,,479232,
4.523781,DUPACK,468,13.939,,,479232,
4.531094,NAK,468,13.939,,,479232,
4.531156,DUPACK,468,13.939,,,479232,
4.531188,NAK,468,13.939,,,479232,
4.531218,DUPACK,468,13.939,,,479232,
4.561743,ACK,469,14.010,,,480256,"cum ack, base->469"
4.561770,ACK,470,14.082,,,481280,"cum ack, base->470"
4.562593,SEND,481,14.082,,200.000,481280,
4.562673,SEND,482,14.082,,200.000,481280,
4.562748,SEND,483,14.082,,200.000,481280,
4.563807,NAK,470,14.082,,,481280,
4.563830,FASTRETX,470,12.517,,200.000,481280,nak
4.563871,DUPACK,470,12.517,,,481280,
4.563904,NAK,470,12.517,,,481280,
4.563933,DUPACK,470,12.517,,,481280,
4.563960,NAK,470,12.517,,,481280,
4.565491,RETX,470,12.517,,200.000,481280,
4.565984,RETX,471,12.517,,200.000,481280,
4.566167,RETX,472,12.517,,200.000,481280,
4.566517,RETX,473,12.517,,200.000,481280,
4.566745,RETX,474,12.517,,200.000,481280,
4.566992,RETX,475,12.517,,200.000,481280,
4.567207,RETX,476,12.517,,200.000,481280,
4.567379,RETX,477,12.517,,200.000,481280,
4.567628,RETX,478,12.517,,200.000,481280,
4.567715,RETX,479,12.517,,200.000,481280,
4.567793,RETX,480,12.517,,200.000,481280,
4.567871,RETX,481,12.517,,200.000,481280,
4.567916,DUPACK,470,12.517,,,481280,
4.567940,NAK,470,12.517,,,481280,
4.567953,DUPACK,470,12.517,,,481280,
4.567963,NAK,470,12.517,,,481280,
4.567973,DUPACK,470,12.517,,,481280,
4.567982,NAK,470,12.517,,,481280,
4.567991,DUPACK,470,12.517,,,481280,
4.567999,NAK,470,12.517,,,481280,
4.568008,DUPACK,470,12.517,,,481280,
4.568016,NAK,470,12.517,,,481280,
4.568024,DUPACK,470,12.517,,,481280,
4.568032,NAK,470,12.517,,,481280,
4.568041,DUPACK,470,12.517,,,481280,
4.570221,STATS,-1,12.517,,200.000,481280,base=470 next=482
4.618170,NAK,470,12.517,,,481280,
4.618242,DUPACK,470,12.517,,,481280,
4.618275,NAK,470,12.517,,,481280,
4.618302,DUPACK,470,12.517,,,481280,
4.618327,NAK,470,12.517,,,481280,
4.618354,DUPACK,470,12.517,,,481280,
4.618427,ACK,471,12.597,,,482304,"cum ack, base->471"
4.619299,RETX,482,12.597,,200.000,482304,
4.620082,ACK,472,12.676,,,483328,"cum ack, base->472"
4.620301,ACK,473,12.755,,,484352,"cum ack, base->473"
4.620393,ACK,474,12.834,,,485376,"cum ack, base->474"
4.620459,NAK,474,12.834,,,485376,
4.620473,FASTRETX,474,12.834,,200.000,485376,nak
4.620516,DUPACK,474,12.834,,,485376,
4.621449,NAK,474,12.834,,,485376,
4.621574,DUPACK,474,12.834,,,485376,
4.621641,NAK,474,12.834,,,485376,
4.621688,DUPACK,474,12.834,,,485376,
4.621728,DUPACK,474,12.834,,,485376,
4.621769,NAK,474,12.834,,,485376,
4.621808,DUPACK,474,12.834,,,485376,
4.621973,NAK,474,12.834,,,485376,
4.622468,RETX,474,12.834,,200.000,485376,
4.622788,RETX,475,12.834,,200.000,485376,
4.623025,RETX,476,12.834,,200.000,485376,
4.623228,RETX,477,12.834,,200.000,485376,
4.623429,RETX,478,12.834,,200.000,485376,
4.623694,RETX,479,12.834,,200.000,485376,
4.623970,RETX,480,12.834,,200.000,485376,
4.624184,RETX,481,12.834,,200.000,485376,
4.624395,RETX,482,12.834,,200.000,485376,
4.624597,RETX,483,12.834,,200.000,485376,
4.624809,SEND,484,12.834,,200.000,485376,
4.625014,SEND,485,12.834,,200.000,485376,
4.625082,DUPACK,474,12.834,,,485376,
4.670809,STATS,-1,12.834,,200.000,485376,base=474 next=486
4.671099,NAK,474,12.834,,,485376,
4.672794,DUPACK,474,12.834,,,485376,
4.672925,ACK,475,12.912,,,486400,"cum ack, base->475"
4.673072,ACK,476,12.989,,,487424,"cum ack, base->476"
4.673275,ACK,477,13.066,,,488448,"cum ack, base->477"
4.673381,ACK,478,13.143,,,489472,"cum ack, base->478"
4.673535,ACK,479,13.219,,,490496,"cum ack, base->479"
4.674031,SEND,486,13.219,,200.000,490496,
4.674394,SEND,487,13.219,,200.000,490496,
4.674825,SEND,488,13.219,,200.000,490496,
4.675381,SEND,489,13.219,,200.000,490496,
4.675707,SEND,490,13.219,,200.000,490496,
4.675966,SEND,491,13.219,,200.000,490496,
4.676127,ACK,480,13.294,,,491520,"cum ack, base->480"
4.676187,ACK,481,13.370,,,492544,"cum ack, base->481"
4.676228,ACK,482,13.444,,,493568,"cum ack, base->482"
4.676268,ACK,483,13.519,,,494592,"cum ack, base->483"
4.676311,ACK,485,13.666,,,496640,"cum ack, base->485"
4.677652,ACK,486,13.739,,,497664,"cum ack, base->486"
4.678757,SEND,492,13.739,,200.000,497664,
4.678971,SEND,493,13.739,,200.000,497664,
4.679175,SEND,494,13.739,,200.000,497664,
4.679377,SEND,495,13.739,,200.000,497664,
4.679578,SEND,496,13.739,,200.000,497664,
4.679788,SEND,497,13.739,,200.000,497664,
4.679993,SEND,498,13.739,,200.000,497664,
4.710564,ACK,487,13.812,,,498688,"cum ack, base->487"
4.711161,SEND,499,13.812,,200.000,498688,
4.714842,ACK,488,13.885,,,499712,"cum ack, base->488"
4.716604,SEND,500,13.885,,200.000,499712,
4.724559,ACK,489,13.957,,,500736,"cum ack, base->489"
4.724929,ACK,490,14.028,,,501760,"cum ack, base->490"
4.727187,SEND,501,14.028,,200.000,501760,
4.727412,SEND,502,14.028,,200.000,501760,
4.727616,SEND,503,14.028,,200.000,501760,
4.727735,ACK,491,14.100,,,502784,"cum ack, base->491"
4.727795,ACK,492,14.171,,,503808,"cum ack, base->492"
4.727836,ACK,493,14.241,,,504832,"cum ack, base->493"
4.729443,ACK,494,14.311,,,505856,"cum ack, base->494"
4.729517,ACK,495,14.381,,,506880,"cum ack, base->495"
4.729562,ACK,496,14.451,,,507904,"cum ack, base->496"
4.729600,ACK,497,14.520,,,508928,"cum ack, base->497"
4.729637,ACK,498,14.589,,,509952,"cum ack, base->498"
4.729676,ACK,499,14.657,,,510976,"cum ack, base->499"
4.730414,SEND,504,14.657,,200.000,510976,
4.730677,SEND,505,14.657,,200.000,510976,
4.730887,SEND,506,14.657,,200.000,510976,
4.731090,SEND,507,14.657,,200.000,510976,
4.731291,SEND,508,14.657,,200.000,510976,
4.731495,SEND,509,14.657,,200.000,510976,
4.731701,SEND,510,14.657,,200.000,510976,
4.731905,SEND,511,14.657,,200.000,510976,
4.732107,SEND,512,14.657,,200.000,510976,
4.763094,ACK,500,14.726,,,512000,"cum ack, base->500"
4.763135,ACK,501,14.794,,,513024,"cum ack, base->501"
4.763433,ACK,502,14.861,,,514048,"cum ack, base->502"
4.764379,ACK,503,14.928,,,515072,"cum ack, base->503"
4.765611,SEND,513,14.928,,200.000,515072,
4.765765,SEND,514,14.928,,200.000,515072,
4.765911,SEND,515,14.928,,200.000,515072,
4.766057,SEND,516,14.928,,200.000,515072,
4.770922,ACK,504,14.995,,,516096,"cum ack, base->504"
4.771429,SEND,517,14.995,,200.000,516096,
4.771453,STATS,-1,14.995,,200.000,516096,base=504 next=518
4.774328,ACK,505,15.062,,,517120,"cum ack, base->505"
4.774400,ACK,506,15.128,,,518144,"cum ack, base->506"
4.774443,ACK,507,15.195,,,519168,"cum ack, base->507"
4.776826,SEND,518,15.195,,200.000,519168,
4.777052,SEND,519,15.195,,200.000,519168,
4.777254,SEND,520,15.195,,200.000,519168,
4.777458,SEND,521,15.195,,200.000,519168,
4.777822,ACK,508,15.260,,,520192,"cum ack, base->508"
4.779240,ACK,509,15.326,,,521216,"cum ack, base->509"
4.779826,SEND,522,15.326,,200.000,521216,
4.780075,SEND,523,15.326,,200.000,521216,
4.780475,ACK,510,15.391,,,522240,"cum ack, base->510"
4.782304,ACK,511,15.456,,,523264,"cum ack, base->511"
4.782379,ACK,512,15.521,,,524288,"cum ack, base->512"
4.782425,ACK,513,15.585,,,525312,"cum ack, base->513"
4.782866,SEND,524,15.585,,200.000,525312,
4.783113,SEND,525,15.585,,200.000,525312,
4.783317,SEND,526,15.585,,200.000,525312,
4.783585,SEND,527,15.585,,200.000,525312,
4.812752,ACK,514,15.649,,,526336,"cum ack, base->514"
4.812788,ACK,515,15.713,,,527360,"cum ack, base->515"
4.812810,ACK,516,15.777,,,528384,"cum ack, base->516"
4.813196,ACK,517,15.840,,,529408,"cum ack, base->517"
4.813230,ACK,518,15.903,,,530432,"cum ack, base->518"
4.814636,SEND,528,15.903,,200.000,530432,
4.814768,SEND,529,15.903,,200.000,530432,
4.814893,SEND,530,15.903,,200.000,530432,
4.815018,SEND,531,15.903,,200.000,530432,
4.815143,SEND,532,15.903,,200.000,530432,
4.823140,ACK,519,15.966,,,531456,"cum ack, base->519"
4.823413,SEND,533,15.966,,200.000,531456,
4.823911,ACK,520,16.029,,,532480,"cum ack, base->520"
4.823964,ACK,521,16.091,,,533504,"cum ack, base->521"
4.825666,ACK,522,16.154,,,534528,"cum ack, base->522"
4.825731,ACK,523,16.215,,,535552,"cum ack, base->523"
4.825768,ACK,524,16.277,,,536576,"cum ack, base->524"
4.826168,SEND,534,16.277,,200.000,536576,
4.826347,SEND,535,16.277,,200.000,536576,
4.826542,SEND,536,16.277,,200.000,536576,
4.826757,SEND,537,16.277,,200.000,536576,
4.826958,SEND,538,16.277,,200.000,536576,
4.827136,SEND,539,16.277,,200.000,536576,
4.832506,ACK,525,16.339,,,537600,"cum ack, base->525"
4.832576,ACK,526,16.400,,,538624,"cum ack, base->526"
4.832611,ACK,527,16.461,,,539648,"cum ack, base->527"
4.832644,ACK,528,16.521,,,540672,"cum ack, base->528"
4.835563,SEND,540,16.521,,200.000,540672,
4.835845,SEND,541,16.521,,200.000,540672,
4.836089,SEND,542,16.521,,200.000,540672,
4.836278,SEND,543,16.521,,200.000,540672,
4.855532,ACK,529,16.582,,,541696,"cum ack, base->529"
4.856907,SEND,544,16.582,,200.000,541696,
4.858126,ACK,530,16.642,,,542720,"cum ack, base->530"
4.859523,SEND,545,16.642,,200.000,542720,
4.867011,ACK,531,16.702,,,543744,"cum ack, base->531"
4.867042,ACK,533,16.822,,,545792,"cum ack, base->533"
4.869745,SEND,546,16.822,,200.000,545792,
4.869943,SEND,547,16.822,,200.000,545792,
4.870115,SEND,548,16.822,,200.000,545792,
4.870786,ACK,534,16.881,,,546816,"cum ack, base->534"
4.872954,SEND,549,16.881,,200.000,546816,
4.872982,STATS,-1,16.881,,200.000,546816,base=534 next=550
4.877828,ACK,535,16.941,,,547840,"cum ack, base->535"
4.877899,ACK,536,17.000,,,548864,"cum ack, base->536"
4.877972,ACK,537,17.058,,,549888,"cum ack, base->537"
4.878210,SEND,550,17.058,,200.000,549888,
4.878436,SEND,551,17.058,,200.000,549888,
4.878709,SEND,552,17.058,,200.000,549888,
4.878923,SEND,553,17.058,,200.000,549888,
4.879421,ACK,538,17.117,,,550912,"cum ack, base->538"
4.879448,ACK,539,17.175,,,551936,"cum ack, base->539"
4.879462,ACK,540,17.234,,,552960,"cum ack, base->540"
4.879476,ACK,541,17.292,,,553984,"cum ack, base->541"
4.880169,ACK,542,17.350,,,555008,"cum ack, base->542"
4.881543,SEND,554,17.350,,200.000,555008,
4.881625,SEND,555,17.350,,200.000,555008,
4.881705,SEND,556,17.350,,200.000,555008,
4.881783,SEND,557,17.350,,200.000,555008,
4.881861,SEND,558,17.350,,200.000,555008,
4.883311,ACK,543,17.407,,,556032,"cum ack, base->543"
4.883329,ACK,544,17.465,,,557056,"cum ack, base->544"
4.884593,SEND,559,17.465,,200.000,557056,
4.884680,SEND,560,17.465,,200.000,557056,
4.898494,ACK,545,17.522,,,558080,"cum ack, base->545"
4.900320,SEND,561,17.522,,200.000,558080,
4.909921,NAK,545,17.522,,,558080,
4.909967,FASTRETX,545,15.575,,200.000,558080,nak
4.910017,DUPACK,545,15.575,,,558080,
4.910795,RETX,545,15.575,,200.000,558080,
4.911022,RETX,546,15.575,,200.000,558080,
4.911298,RETX,547,15.575,,200.000,558080,
4.911480,RETX,548,15.575,,200.000,558080,
4.911653,RETX,549,15.575,,200.000,558080,
4.911822,RETX,550,15.575,,200.000,558080,
4.912041,RETX,551,15.575,,200.000,558080,
4.912254,RETX,552,15.575,,200.000,558080,
4.912463,RETX,553,15.575,,200.000,558080,
4.912699,RETX,554,15.575,,200.000,558080,
4.912906,RETX,555,15.575,,200.000,558080,
4.913074,RETX,556,15.575,,200.000,558080,
4.913356,RETX,557,15.575,,200.000,558080,
4.913539,RETX,558,15.575,,200.000,558080,
4.913705,RETX,559,15.575,,200.000,558080,
4.920278,NAK,545,15.575,,,558080,
4.920336,DUPACK,545,15.575,,,558080,
4.920824,NAK,545,15.575,,,558080,
4.920889,DUPACK,545,15.575,,,558080,
4.921016,NAK,545,15.575,,,558080,
4.921054,DUPACK,545,15.575,,,558080,
4.921085,NAK,545,15.575,,,558080,
4.921917,DUPACK,545,15.575,,,558080,
4.921959,NAK,545,15.575,,,558080,
4.921989,DUPACK,545,15.575,,,558080,
4.922015,NAK,545,15.575,,,558080,
4.922095,DUPACK,545,15.575,,,558080,
4.934080,NAK,545,15.575,,,558080,
4.934150,DUPACK,545,15.575,,,558080,
4.934187,NAK,545,15.575,,,558080,
4.934581,DUPACK,545,15.575,,,558080,
4.934653,NAK,545,15.575,,,558080,
4.934734,DUPACK,545,15.575,,,558080,
4.934811,NAK,545,15.575,,,558080,
4.934850,DUPACK,545,15.575,,,558080,
4.934886,NAK,545,15.575,,,558080,
4.934921,DUPACK,545,15.575,,,558080,
4.934982,DUPACK,545,15.575,,,558080,
4.935307,NAK,545,15.575,,,558080,
4.935341,DUPACK,545,15.575,,,558080,
4.939919,NAK,545,15.575,,,558080,
4.943933,DUPACK,545,15.575,,,558080,
4.962018,ACK,546,15.639,,,559104,"cum ack, base->546"
4.962091,ACK,547,15.703,,,560128,"cum ack, base->547"
4.962160,ACK,548,15.767,,,561152,"cum ack, base->548"
4.962195,ACK,549,15.830,,,562176,"cum ack, base->549"
4.962228,ACK,550,15.893,,,563200,"cum ack, base->550"
4.962268,ACK,551,15.956,,,564224,"cum ack, base->551"
4.962298,ACK,552,16.019,,,565248,"cum ack, base->552"
4.962329,ACK,553,16.081,,,566272,"cum ack, base->553"
4.962359,ACK,554,16.144,,,567296,"cum ack, base->554"
4.962390,ACK,555,16.206,,,568320,"cum ack, base->555"
4.962445,ACK,556,16.267,,,569344,"cum ack, base->556"
4.962477,ACK,558,16.390,,,571392,"cum ack, base->558"
4.964225,RETX,560,16.390,,200.000,571392,
4.964411,RETX,561,16.390,,200.000,571392,
4.964583,SEND,562,16.390,,200.000,571392,
4.964761,SEND,563,16.390,,200.000,571392,
4.964973,SEND,564,16.390,,200.000,571392,
4.965171,SEND,565,16.390,,200.000,571392,
4.965369,SEND,566,16.390,,200.000,571392,
4.965572,SEND,567,16.390,,200.000,571392,
4.965782,SEND,568,16.390,,200.000,571392,
4.966033,SEND,569,16.390,,200.000,571392,
4.966255,SEND,570,16.390,,200.000,571392,
4.966462,SEND,571,16.390,,200.000,571392,
4.966667,SEND,572,16.390,,200.000,571392,
4.966916,SEND,573,16.390,,200.000,571392,
4.967104,ACK,559,16.451,,,572416,"cum ack, base->559"
4.967203,ACK,560,16.512,,,573440,"cum ack, base->560"
4.969721,SEND,574,16.512,,200.000,573440,
4.969913,SEND,575,16.512,,200.000,573440,
4.975053,STATS,-1,16.512,,200.000,573440,base=560 next=576
5.008081,ACK,561,16.572,,,574464,"cum ack, base->561"
5.008146,NAK,561,16.572,,,574464,
5.008158,FASTRETX,561,16.572,,200.000,574464,nak
5.008188,DUPACK,561,16.572,,,574464,
5.008946,NAK,561,16.572,,,574464,
5.010702,RETX,561,16.572,,200.000,574464,
5.010893,RETX,562,16.572,,200.000,574464,
5.011062,RETX,563,16.572,,200.000,574464,
5.011235,RETX,564,16.572,,200.000,574464,
5.011405,RETX,565,16.572,,200.000,574464,
5.011571,RETX,566,16.572,,200.000,574464,
5.011734,RETX,567,16.572,,200.000,574464,
5.011903,RETX,568,16.572,,200.000,574464,
5.012066,RETX,569,16.572,,200.000,574464,
5.012243,RETX,570,16.572,,200.000,574464,
5.012458,RETX,571,16.572,,200.000,574464,
5.012631,RETX,572,16.572,,200.000,574464,
5.012843,RETX,573,16.572,,200.000,574464,
5.013027,RETX,574,16.572,,200.000,574464,
5.013199,RETX,575,16.572,,200.000,574464,
5.013377,SEND,576,16.572,,200.000,574464,
5.013506,DUPACK,561,16.572,,,574464,
5.013565,NAK,561,16.572,,,574464,
5.013599,DUPACK,561,16.572,,,574464,
5.013627,NAK,561,16.572,,,574464,
5.013673,DUPACK,561,16.572,,,574464,
5.013732,DUPACK,561,16.572,,,574464,
5.013762,NAK,561,16.572,,,574464,
5.016158,DUPACK,561,16.572,,,574464,
5.016936,NAK,561,16.572,,,574464,
5.017028,DUPACK,561,16.572,,,574464,
5.017096,NAK,561,16.572,,,574464,
5.017129,DUPACK,561,16.572,,,574464,
5.017159,NAK,561,16.572,,,574464,
5.017189,DUPACK,561,16.572,,,574464,
5.017216,NAK,561,16.572,,,574464,
5.017317,DUPACK,561,16.572,,,574464,
5.017362,NAK,561,16.572,,,574464,
5.017395,DUPACK,561,16.572,,,574464,
5.017422,NAK,561,16.572,,,574464,
5.017451,DUPACK,561,16.572,,,574464,
5.017476,NAK,561,16.572,,,574464,
5.017615,DUPACK,561,16.572,,,574464,
5.061030,ACK,562,16.633,,,575488,"cum ack, base->562"
5.061151,ACK,563,16.693,,,576512,"cum ack, base->563"
5.061223,ACK,564,16.753,,,577536,"cum ack, base->564"
5.061276,ACK,565,16.812,,,578560,"cum ack, base->565"
5.061315,ACK,566,16.872,,,579584,"cum ack, base->566"
5.061347,ACK,567,16.931,,,580608,"cum ack, base->567"
5.061374,NAK,567,16.931,,,580608,
5.061387,FASTRETX,567,15.050,,200.000,580608,nak
5.061415,DUPACK,567,15.050,,,580608,
5.061440,NAK,567,15.050,,,580608,
5.061878,DUPACK,567,15.050,,,580608,
5.062497,NAK,567,15.050,,,580608,
5.063028,RETX,567,15.050,,200.000,580608,
5.063233,RETX,568,15.050,,200.000,580608,
5.063410,RETX,569,15.050,,200.000,580608,
5.063581,RETX,570,15.050,,200.000,580608,
5.063750,RETX,571,15.050,,200.000,580608,
5.063920,RETX,572,15.050,,200.000,580608,
5.064086,RETX,573,15.050,,200.000,580608,
5.064255,RETX,574,15.050,,200.000,580608,
5.064438,RETX,575,15.050,,200.000,580608,
5.064609,RETX,576,15.050,,200.000,580608,
5.064777,SEND,577,15.050,,200.000,580608,
5.064961,SEND,578,15.050,,200.000,580608,
5.065131,SEND,579,15.050,,200.000,580608,
5.065298,SEND,580,15.050,,200.000,580608,
5.065473,SEND,581,15.050,,200.000,580608,
5.066870,DUPACK,567,15.050,,,580608,
5.066933,NAK,567,15.050,,,580608,
5.066965,DUPACK,567,15.050,,,580608,
5.067000,NAK,567,15.050,,,580608,
5.067027,DUPACK,567,15.050,,,580608,
5.067052,NAK,567,15.050,,,580608,
5.067077,DUPACK,567,15.050,,,580608,
5.067102,NAK,567,15.050,,,580608,
5.067127,DUPACK,567,15.050,,,580608,
5.067150,NAK,567,15.050,,,580608,
5.067175,DUPACK,567,15.050,,,580608,
5.075231,STATS,-1,15.050,,200.000,580608,base=567 next=582
5.118271,ACK,568,15.116,,,581632,"cum ack, base->568"
5.118400,ACK,569,15.183,,,582656,"cum ack, base->569"
5.118440,ACK,570,15.248,,,583680,"cum ack, base->570"
5.118559,ACK,571,15.314,,,584704,"cum ack, base->571"
5.118609,ACK,572,15.379,,,585728,"cum ack, base->572"
5.118647,ACK,573,15.444,,,586752,"cum ack, base->573"
5.118681,ACK,574,15.509,,,587776,"cum ack, base->574"
5.118713,ACK,575,15.574,,,588800,"cum ack, base->575"
5.118745,ACK,576,15.638,,,589824,"cum ack, base->576"
5.118776,ACK,577,15.702,,,590848,"cum ack, base->577"
5.118807,ACK,578,15.765,,,591872,"cum ack, base->578"
5.118837,ACK,579,15.829,,,592896,"cum ack, base->579"
5.118868,ACK,580,15.892,,,593920,"cum ack, base->580"
5.118898,ACK,581,15.955,,,594944,"cum ack, base->581"
5.118929,ACK,582,16.018,,,595968,"cum ack, base->582"
5.119229,SEND,582,16.018,,200.000,595968,
5.119461,SEND,583,16.018,,200.000,595968,
5.119586,SEND,584,16.018,,200.000,595968,
5.119710,SEND,585,16.018,,200.000,595968,
5.119820,SEND,586,16.018,,200.000,595968,
5.119929,SEND,587,16.018,,200.000,595968,
5.120038,SEND,588,16.018,,200.000,595968,
5.120145,SEND,589,16.018,,200.000,595968,
5.120252,SEND,590,16.018,,200.000,595968,
5.120360,SEND,591,16.018,,200.000,595968,
5.120572,SEND,592,16.018,,200.000,595968,
5.120695,SEND,593,16.018,,200.000,595968,
5.120807,SEND,594,16.018,,200.000,595968,
5.120917,SEND,595,16.018,,200.000,595968,
5.121025,SEND,596,16.018,,200.000,595968,
5.121145,SEND,597,16.018,,200.000,595968,
5.167146,NAK,582,16.018,,,595968,
5.167179,FASTRETX,582,14.238,,200.000,595968,nak
5.167405,DUPACK,582,14.238,,,595968,
5.168404,NAK,582,14.238,,,595968,
5.169580,RETX,582,14.238,,200.000,595968,
5.169769,RETX,583,14.238,,200.000,595968,
5.169939,RETX,584,14.238,,200.000,595968,
5.170139,RETX,585,14.238,,200.000,595968,
5.170327,RETX,586,14.238,,200.000,595968,
5.170560,RETX,587,14.238,,200.000,595968,
5.170762,RETX,588,14.238,,200.000,595968,
5.170937,RETX,589,14.238,,200.000,595968,
5.171106,RETX,590,14.238,,200.000,595968,
5.171279,RETX,591,14.238,,200.000,595968,
5.171589,RETX,592,14.238,,200.000,595968,
5.171789,RETX,593,14.238,,200.000,595968,
5.171970,RETX,594,14.238,,200.000,595968,
5.172140,RETX,595,14.238,,200.000,595968,
5.172237,DUPACK,582,14.238,,,595968,
5.172285,NAK,582,14.238,,,595968,
5.172315,DUPACK,582,14.238,,,595968,
5.172406,NAK,582,14.238,,,595968,
5.174682,DUPACK,582,14.238,,,595968,
5.174720,NAK,582,14.238,,,595968,
5.174739,DUPACK,582,14.238,,,595968,
5.174753,NAK,582,14.238,,,595968,
5.176272,DUPACK,582,14.238,,,595968,
5.177025,STATS,-1,14.238,,200.000,595968,base=582 next=596
5.177435,NAK,582,14.238,,,595968,
5.177464,DUPACK,582,14.238,,,595968,
5.177496,NAK,582,14.238,,,595968,
5.177517,DUPACK,582,14.238,,,595968,
5.177532,NAK,582,14.238,,,595968,
5.177546,DUPACK,582,14.238,,,595968,
5.177561,NAK,582,14.238,,,595968,
5.177573,DUPACK,582,14.238,,,595968,
5.177585,NAK,582,14.238,,,595968,
5.177597,DUPACK,582,14.238,,,595968,
5.177608,NAK,582,14.238,,,595968,
5.177621,DUPACK,582,14.238,,,595968,
5.177685,NAK,582,14.238,,,595968,
5.178686,DUPACK,582,14.238,,,595968,
5.178701,NAK,582,14.238,,,595968,
5.178714,DUPACK,582,14.238,,,595968,
5.178727,NAK,582,14.238,,,595968,
5.178739,DUPACK,582,14.238,,,595968,
5.218852,ACK,584,14.378,,,598016,"cum ack, base->584"
5.219628,ACK,585,14.448,,,599040,"cum ack, base->585"
5.219688,NAK,585,14.448,,,599040,
5.219701,FASTRETX,585,14.448,,200.000,599040,nak
5.219737,DUPACK,585,14.448,,,599040,
5.219801,NAK,585,14.448,,,599040,
5.219846,DUPACK,585,14.448,,,599040,
5.219880,NAK,585,14.448,,,599040,
5.219912,DUPACK,585,14.448,,,599040,
5.221692,RETX,585,14.448,,200.000,599040,
5.221915,RETX,586,14.448,,200.000,599040,
5.222398,RETX,587,14.448,,200.000,599040,
5.222666,RETX,588,14.448,,200.000,599040,
5.222875,RETX,589,14.448,,200.000,599040,
5.223129,RETX,590,14.448,,200.000,599040,
5.223277,RETX,591,14.448,,200.000,599040,
5.223405,RETX,592,14.448,,200.000,599040,
5.223532,RETX,593,14.448,,200.000,599040,
5.223728,RETX,594,14.448,,200.000,599040,
5.223857,RETX,595,14.448,,200.000,599040,
5.223988,RETX,596,14.448,,200.000,599040,
5.224114,RETX,597,14.448,,200.000,599040,
5.224238,SEND,598,14.448,,200.000,599040,
5.224321,NAK,585,14.448,,,599040,
5.224351,DUPACK,585,14.448,,,599040,
5.224369,NAK,585,14.448,,,599040,
5.224386,DUPACK,585,14.448,,,599040,
5.224402,NAK,585,14.448,,,599040,
5.224416,DUPACK,585,14.448,,,599040,
5.224431,NAK,585,14.448,,,599040,
5.224445,DUPACK,585,14.448,,,599040,
5.225180,NAK,585,14.448,,,599040,
5.225214,DUPACK,585,14.448,,,599040,
5.225233,NAK,585,14.448,,,599040,
5.225250,DUPACK,585,14.448,,,599040,
5.259060,ACK,586,14.517,,,600064,"cum ack, base->586"
5.261473,SEND,599,14.517,,200.000,600064,
5.261611,ACK,587,14.586,,,601088,"cum ack, base->587"
5.264341,SEND,600,14.586,,200.000,601088,
5.271490,ACK,588,14.654,,,602112,"cum ack, base->588"
5.271556,ACK,589,14.722,,,603136,"cum ack, base->589"
5.271592,ACK,590,14.790,,,604160,"cum ack, base->590"
5.271628,ACK,591,14.858,,,605184,"cum ack, base->591"
5.271865,SEND,601,14.858,,200.000,605184,
5.272062,SEND,602,14.858,,200.000,605184,
5.272243,SEND,603,14.858,,200.000,605184,
5.272413,SEND,604,14.858,,200.000,605184,
5.272573,ACK,592,14.925,,,606208,"cum ack, base->592"
5.272639,ACK,593,14.992,,,607232,"cum ack, base->593"
5.272678,ACK,594,15.059,,,608256,"cum ack, base->594"
5.272718,ACK,595,15.125,,,609280,"cum ack, base->595"
5.272753,ACK,596,15.192,,,610304,"cum ack, base->596"
5.272790,ACK,597,15.257,,,611328,"cum ack, base->597"
5.275207,SEND,605,15.257,,200.000,611328,
5.275397,SEND,606,15.257,,200.000,611328,
5.275595,SEND,607,15.257,,200.000,611328,
5.275778,SEND,608,15.257,,200.000,611328,
5.275975,SEND,609,15.257,,200.000,611328,
5.276145,SEND,610,15.257,,200.000,611328,
5.276315,SEND,611,15.257,,200.000,611328,
5.276463,ACK,598,15.323,,,612352,"cum ack, base->598"
5.278849,SEND,612,15.323,,200.000,612352,
5.278882,STATS,-1,15.323,,200.000,612352,base=598 next=613
5.305602,NAK,598,15.323,,,612352,
5.305632,FASTRETX,598,13.620,,200.000,612352,nak
5.305700,DUPACK,598,13.620,,,612352,
5.307612,RETX,598,13.620,,200.000,612352,
5.307853,RETX,599,13.620,,200.000,612352,
5.308085,RETX,600,13.620,,200.000,612352,
5.308263,RETX,601,13.620,,200.000,612352,
5.308433,RETX,602,13.620,,200.000,612352,
5.308605,RETX,603,13.620,,200.000,612352,
5.308778,RETX,604,13.620,,200.000,612352,
5.308948,RETX,605,13.620,,200.000,612352,
5.309117,RETX,606,13.620,,200.000,612352,
5.309381,RETX,607,13.620,,200.000,612352,
5.309583,RETX,608,13.620,,200.000,612352,
5.309823,RETX,609,13.620,,200.000,612352,
5.309994,RETX,610,13.620,,200.000,612352,
5.311600,NAK,598,13.620,,,612352,
5.311756,DUPACK,598,13.620,,,612352,
5.311789,NAK,598,13.620,,,612352,
5.311818,DUPACK,598,13.620,,,612352,
5.311845,NAK,598,13.620,,,612352,
5.318520,DUPACK,598,13.620,,,612352,
5.318589,NAK,598,13.620,,,612352,
5.318621,DUPACK,598,13.620,,,612352,
5.318652,NAK,598,13.620,,,612352,
5.320775,DUPACK,598,13.620,,,612352,
5.320844,NAK,598,13.620,,,612352,
5.320875,DUPACK,598,13.620,,,612352,
5.320903,NAK,598,13.620,,,612352,
5.320929,DUPACK,598,13.620,,,612352,
5.320954,NAK,598,13.620,,,612352,
5.320978,DUPACK,598,13.620,,,612352,
5.322617,NAK,598,13.620,,,612352,
5.322680,DUPACK,598,13.620,,,612352,
5.323146,DUPACK,598,13.620,,,612352,
5.327759,NAK,598,13.620,,,612352,
5.327824,DUPACK,598,13.620,,,612352,
5.346283,ACK,599,13.694,,,613376,"cum ack, base->599"
5.346347,ACK,600,13.767,,,614400,"cum ack, base->600"
5.348781,RETX,611,13.767,,200.000,614400,
5.348981,RETX,612,13.767,,200.000,614400,
5.351346,ACK,601,13.839,,,615424,"cum ack, base->601"
5.351421,ACK,602,13.912,,,616448,"cum ack, base->602"
5.351979,SEND,613,13.912,,200.000,616448,
5.352200,SEND,614,13.912,,200.000,616448,
5.352651,ACK,603,13.984,,,617472,"cum ack, base->603"
5.354572,SEND,615,13.984,,200.000,617472,
5.361288,ACK,604,14.055,,,618496,"cum ack, base->604"
5.361353,ACK,605,14.126,,,619520,"cum ack, base->605"
5.361388,ACK,606,14.197,,,620544,"cum ack, base->606"
5.361421,ACK,608,14.338,,,622592,"cum ack, base->608"
5.361453,ACK,609,14.407,,,623616,"cum ack, base->609"
5.361483,ACK,610,14.477,,,624640,"cum ack, base->610"
5.361513,ACK,611,14.546,,,625664,"cum ack, base->611"
5.362061,SEND,616,14.546,,200.000,625664,
5.362251,SEND,617,14.546,,200.000,625664,
5.362496,SEND,618,14.546,,200.000,625664,
5.362756,SEND,619,14.546,,200.000,625664,
5.363075,SEND,620,14.546,,200.000,625664,
5.363393,SEND,621,14.546,,200.000,625664,
5.363703,SEND,622,14.546,,200.000,625664,
5.363965,SEND,623,14.546,,200.000,625664,
5.364240,SEND,624,14.546,,200.000,625664,
5.379427,STATS,-1,14.546,,200.000,625664,base=611 next=625
5.390039,ACK,612,14.615,,,626688,"cum ack, base->612"
5.391204,SEND,625,14.615,,200.000,626688,
5.395894,ACK,613,14.683,,,627712,"cum ack, base->613"
5.396601,SEND,626,14.683,,200.000,627712,
5.406317,ACK,615,14.819,,,629760,"cum ack, base->615"
5.407182,SEND,627,14.819,,200.000,629760,
5.407621,SEND,628,14.819,,200.000,629760,
5.407762,ACK,618,15.020,,,632832,"cum ack, base->618"
5.407817,ACK,619,15.087,,,633856,"cum ack, base->619"
5.407852,ACK,620,15.153,,,634880,"cum ack, base->620"
5.407886,ACK,621,15.219,,,635904,"cum ack, base->621"
5.408479,ACK,622,15.285,,,636928,"cum ack, base->622"
5.408533,ACK,623,15.350,,,637952,"cum ack, base->623"
5.408570,ACK,624,15.415,,,638976,"cum ack, base->624"
5.409743,ACK,625,15.480,,,640000,"cum ack, base->625"
5.410607,SEND,629,15.480,,200.000,640000,
5.411213,SEND,630,15.480,,200.000,640000,
5.411531,SEND,631,15.480,,200.000,640000,
5.411763,SEND,632,15.480,,200.000,640000,
5.411973,SEND,633,15.480,,200.000,640000,
5.412142,SEND,634,15.480,,200.000,640000,
5.412309,SEND,635,15.480,,200.000,640000,
5.412474,SEND,636,15.480,,200.000,640000,
5.412709,SEND,637,15.480,,200.000,640000,
5.412942,SEND,638,15.480,,200.000,640000,
5.413114,SEND,639,15.480,,200.000,640000,
5.435336,ACK,626,15.545,,,641024,"cum ack, base->626"
5.436258,SEND,640,15.545,,200.000,641024,
5.441143,ACK,627,15.609,,,642048,"cum ack, base->627"
5.441544,SEND,641,15.609,,200.000,642048,
5.451316,NAK,627,15.609,,,642048,
5.451355,FASTRETX,627,13.875,,200.000,642048,nak
5.452623,RETX,627,13.875,,200.000,642048,
5.452797,RETX,628,13.875,,200.000,642048,
5.452965,RETX,629,13.875,,200.000,642048,
5.453384,RETX,630,13.875,,200.000,642048,
5.453571,RETX,631,13.875,,200.000,642048,
5.453740,RETX,632,13.875,,200.000,642048,
5.453926,RETX,633,13.875,,200.000,642048,
5.454258,RETX,634,13.875,,200.000,642048,
5.454542,RETX,635,13.875,,200.000,642048,
5.454723,RETX,636,13.875,,200.000,642048,
5.454971,RETX,637,13.875,,200.000,642048,
5.455150,RETX,638,13.875,,200.000,642048,
5.455321,RETX,639,13.875,,200.000,642048,
5.455634,DUPACK,627,13.875,,,642048,
5.459288,NAK,627,13.875,,,642048,
5.459348,DUPACK,627,13.875,,,642048,
5.459376,DUPACK,627,13.875,,,642048,
5.459403,NAK,627,13.875,,,642048,
5.460040,DUPACK,627,13.875,,,642048,
5.460085,DUPACK,627,13.875,,,642048,
5.460114,NAK,627,13.875,,,642048,
5.460719,DUPACK,627,13.875,,,642048,
5.460780,NAK,627,13.875,,,642048,
5.460808,DUPACK,627,13.875,,,642048,
5.462122,NAK,627,13.875,,,642048,
5.462170,DUPACK,627,13.875,,,642048,
5.465648,NAK,627,13.875,,,642048,
5.465762,DUPACK,627,13.875,,,642048,
5.465846,NAK,627,13.875,,,642048,
5.465885,DUPACK,627,13.875,,,642048,
5.465918,NAK,627,13.875,,,642048,
5.465950,DUPACK,627,13.875,,,642048,
5.465980,NAK,627,13.875,,,642048,
5.466011,DUPACK,627,13.875,,,642048,
5.480486,STATS,-1,13.875,,200.000,642048,base=627 next=640
5.485465,NAK,627,13.875,,,642048,
5.485528,DUPACK,627,13.875,,,642048,
5.486713,NAK,627,13.875,,,642048,
5.493640,DUPACK,627,13.875,,,642048,
5.495412,ACK,628,13.947,,,643072,"cum ack, base->628"
5.495475,ACK,629,14.019,,,644096,"cum ack, base->629"
5.496131,RETX,640,14.019,,200.000,644096,
5.496365,RETX,641,14.019,,200.000,644096,
5.496539,SEND,642,14.019,,200.000,644096,
5.498036,ACK,630,14.090,,,645120,"cum ack, base->630"
5.499371,SEND,643,14.090,,200.000,645120,
5.499473,ACK,631,14.161,,,646144,"cum ack, base->631"
5.501525,ACK,632,14.232,,,647168,"cum ack, base->632"
5.502263,SEND,644,14.232,,200.000,647168,
5.502692,SEND,645,14.232,,200.000,647168,
5.504405,ACK,633,14.302,,,648192,"cum ack, base->633"
5.504497,ACK,634,14.372,,,649216,"cum ack, base->634"
5.504546,ACK,635,14.441,,,650240,"cum ack, base->635"
5.504583,ACK,636,14.511,,,651264,"cum ack, base->636"
5.505500,SEND,646,14.511,,200.000,651264,
5.505749,SEND,647,14.511,,200.000,651264,
5.505989,SEND,648,14.511,,200.000,651264,
5.506170,SEND,649,14.511,,200.000,651264,
5.508803,ACK,637,14.580,,,652288,"cum ack, base->637"
5.508956,ACK,638,14.648,,,653312,"cum ack, base->638"
5.509037,ACK,639,14.716,,,654336,"cum ack, base->639"
5.509081,ACK,640,14.784,,,655360,"cum ack, base->640"
5.509602,SEND,650,14.784,,200.000,655360,
5.510056,SEND,651,14.784,,200.000,655360,
5.510394,SEND,652,14.784,,200.000,655360,
5.510649,SEND,653,14.784,,200.000,655360,
5.532211,ACK,641,14.852,,,656384,"cum ack, base->641"
5.532926,SEND,654,14.852,,200.000,656384,
5.536356,ACK,642,14.919,,,657408,"cum ack, base->642"
5.539109,SEND,655,14.919,,200.000,657408,
5.548687,ACK,643,14.986,,,658432,"cum ack, base->643"
5.548796,ACK,644,15.053,,,659456,"cum ack, base->644"
5.548843,ACK,645,15.120,,,660480,"cum ack, base->645"
5.550873,SEND,656,15.120,,200.000,660480,
5.551157,SEND,657,15.120,,200.000,660480,
5.551331,SEND,658,15.120,,200.000,660480,
5.551497,SEND,659,15.120,,200.000,660480,
5.551690,ACK,646,15.186,,,661504,"cum ack, base->646"
5.552782,ACK,647,15.252,,,662528,"cum ack, base->647"
5.554350,SEND,660,15.252,,200.000,662528,
5.554588,SEND,661,15.252,,200.000,662528,
5.555084,ACK,648,15.317,,,663552,"cum ack, base->648"
5.557473,SEND,662,15.317,,200.000,663552,
5.558437,ACK,649,15.382,,,664576,"cum ack, base->649"
5.558486,ACK,650,15.447,,,665600,"cum ack, base->650"
5.558522,ACK,651,15.512,,,666624,"cum ack, base->651"
5.559835,ACK,652,15.577,,,667648,"cum ack, base->652"
5.560066,SEND,663,15.577,,200.000,667648,
5.560245,SEND,664,15.577,,200.000,667648,
5.560445,SEND,665,15.577,,200.000,667648,
5.560625,SEND,666,15.577,,200.000,667648,
5.560733,ACK,653,15.641,,,668672,"cum ack, base->653"
5.560778,ACK,654,15.705,,,669696,"cum ack, base->654"
5.563166,SEND,667,15.705,,200.000,669696,
5.563378,SEND,668,15.705,,200.000,669696,
5.568512,ACK,655,15.768,,,670720,"cum ack, base->655"
5.569014,SEND,669,15.768,,200.000,670720,
5.581124,STATS,-1,15.768,,200.000,670720,base=655 next=670
5.603079,ACK,657,15.895,,,672768,"cum ack, base->657"
5.603172,ACK,658,15.958,,,673792,"cum ack, base->658"
5.603211,ACK,659,16.021,,,674816,"cum ack, base->659"
5.603243,ACK,660,16.083,,,675840,"cum ack, base->660"
5.603275,ACK,661,16.145,,,676864,"cum ack, base->661"
5.603306,ACK,662,16.207,,,677888,"cum ack, base->662"
5.604737,SEND,670,16.207,,200.000,677888,
5.605063,SEND,671,16.207,,200.000,677888,
5.605824,SEND,672,16.207,,200.000,677888,
5.606763,SEND,673,16.207,,200.000,677888,
5.608010,SEND,674,16.207,,200.000,677888,
5.608331,SEND,675,16.207,,200.000,677888,
5.608562,SEND,676,16.207,,200.000,677888,
5.608827,SEND,677,16.207,,200.000,677888,
5.609000,ACK,663,16.269,,,678912,"cum ack, base->663"
5.609162,ACK,664,16.330,,,679936,"cum ack, base->664"
5.609199,ACK,665,16.391,,,680960,"cum ack, base->665"
5.609232,ACK,666,16.452,,,681984,"cum ack, base->666"
5.610866,ACK,667,16.513,,,683008,"cum ack, base->667"
5.610920,NAK,667,16.513,,,683008,
5.610932,FASTRETX,667,14.678,,200.000,683008,nak
5.610962,DUPACK,667,14.678,,,683008,
5.610988,NAK,667,14.678,,,683008,
5.611016,DUPACK,667,14.678,,,683008,
5.611619,RETX,667,14.678,,200.000,683008,
5.611863,RETX,668,14.678,,200.000,683008,
5.612037,RETX,669,14.678,,200.000,683008,
5.612206,RETX,670,14.678,,200.000,683008,
5.612377,RETX,671,14.678,,200.000,683008,
5.612544,RETX,672,14.678,,200.000,683008,
5.612716,RETX,673,14.678,,200.000,683008,
5.612883,RETX,674,14.678,,200.000,683008,
5.613050,RETX,675,14.678,,200.000,683008,
5.613219,RETX,676,14.678,,200.000,683008,
5.613387,RETX,677,14.678,,200.000,683008,
5.613556,SEND,678,14.678,,200.000,683008,
5.613724,SEND,679,14.678,,200.000,683008,
5.613891,SEND,680,14.678,,200.000,683008,
5.637568,NAK,667,14.678,,,683008,
5.641197,DUPACK,667,14.678,,,683008,
5.641926,NAK,667,14.678,,,683008,
5.642104,DUPACK,667,14.678,,,683008,
5.642388,NAK,667,14.678,,,683008,
5.642623,DUPACK,667,14.678,,,683008,
5.648223,NAK,667,14.678,,,683008,
5.652768,DUPACK,667,14.678,,,683008,
5.664576,NAK,667,14.678,,,683008,
5.664711,DUPACK,667,14.678,,,683008,
5.664768,NAK,667,14.678,,,683008,
5.664825,DUPACK,667,14.678,,,683008,
5.664858,NAK,667,14.678,,,683008,
5.664886,DUPACK,667,14.678,,,683008,
5.664931,NAK,667,14.678,,,683008,
5.665004,DUPACK,667,14.678,,,683008,
5.665160,ACK,668,14.747,,,684032,"cum ack, base->668"
5.665199,ACK,669,14.814,,,685056,"cum ack, base->669"
5.665285,ACK,670,14.882,,,686080,"cum ack, base->670"
5.665327,ACK,671,14.949,,,687104,"cum ack, base->671"
5.665363,ACK,672,15.016,,,688128,"cum ack, base->672"
5.665397,ACK,673,15.083,,,689152,"cum ack, base->673"
5.665429,ACK,674,15.149,,,690176,"cum ack, base->674"
5.665461,ACK,675,15.215,,,691200,"cum ack, base->675"
5.665493,ACK,676,15.281,,,692224,"cum ack, base->676"
5.665604,ACK,677,15.346,,,693248,"cum ack, base->677"
5.666000,SEND,681,15.346,,200.000,693248,
5.666298,SEND,682,15.346,,200.000,693248,
5.666477,SEND,683,15.346,,200.000,693248,
5.666728,SEND,684,15.346,,200.000,693248,
5.666945,SEND,685,15.346,,200.000,693248,
5.667219,SEND,686,15.346,,200.000,693248,
5.667478,SEND,687,15.346,,200.000,693248,
5.667717,SEND,688,15.346,,200.000,693248,
5.667956,SEND,689,15.346,,200.000,693248,
5.668193,SEND,690,15.346,,200.000,693248,
5.668425,SEND,691,15.346,,200.000,693248,
5.668535,ACK,678,15.411,,,694272,"cum ack, base->678"
5.669210,ACK,679,15.476,,,695296,"cum ack, base->679"
5.669245,ACK,680,15.541,,,696320,"cum ack, base->680"
5.669272,ACK,681,15.605,,,697344,"cum ack, base->681"
5.671146,SEND,692,15.605,,200.000,697344,
5.671348,SEND,693,15.605,,200.000,697344,
5.671526,SEND,694,15.605,,200.000,697344,
5.671704,SEND,695,15.605,,200.000,697344,
5.681681,STATS,-1,15.605,,200.000,697344,base=681 next=696
5.710503,ACK,682,15.669,,,698368,"cum ack, base->682"
5.711516,SEND,696,15.669,,200.000,698368,
5.718579,ACK,683,15.733,,,699392,"cum ack, base->683"
5.718648,ACK,685,15.860,,,701440,"cum ack, base->685"
5.718729,ACK,686,15.923,,,702464,"cum ack, base->686"
5.718914,ACK,687,15.986,,,703488,"cum ack, base->687"
5.718948,ACK,688,16.048,,,704512,"cum ack, base->688"
5.718982,ACK,689,16.111,,,705536,"cum ack, base->689"
5.719015,ACK,690,16.173,,,706560,"cum ack, base->690"
5.719045,ACK,691,16.234,,,707584,"cum ack, base->691"
5.719076,ACK,692,16.296,,,708608,"cum ack, base->692"
5.719106,ACK,693,16.357,,,709632,"cum ack, base->693"
5.719136,ACK,694,16.419,,,710656,"cum ack, base->694"
5.719194,ACK,695,16.479,,,711680,"cum ack, base->695"
5.719465,SEND,697,16.479,,200.000,711680,
5.719641,SEND,698,16.479,,200.000,711680,
5.719809,SEND,699,16.479,,200.000,711680,
5.720116,SEND,700,16.479,,200.000,711680,
5.720325,SEND,701,16.479,,200.000,711680,
5.720515,SEND,702,16.479,,200.000,711680,
5.720889,SEND,703,16.479,,200.000,711680,
5.721099,SEND,704,16.479,,200.000,711680,
5.721295,SEND,705,16.479,,200.000,711680,
5.721465,SEND,706,16.479,,200.000,711680,
5.721634,SEND,707,16.479,,200.000,711680,
5.722219,SEND,708,16.479,,200.000,711680,
5.722473,SEND,709,16.479,,200.000,711680,
5.722708,SEND,710,16.479,,200.000,711680,
5.722861,ACK,696,16.540,,,712704,"cum ack, base->696"
5.725517,SEND,711,16.540,,200.000,712704,
5.758187,ACK,697,16.601,,,713728,"cum ack, base->697"
5.758255,ACK,698,16.661,,,714752,"cum ack, base->698"
5.758947,SEND,712,16.661,,200.000,714752,
5.759177,SEND,713,16.661,,200.000,714752,
5.767682,ACK,699,16.721,,,715776,"cum ack, base->699"
5.769458,SEND,714,16.721,,200.000,715776,
5.773716,ACK,700,16.781,,,716800,"cum ack, base->700"
5.773806,ACK,701,16.840,,,717824,"cum ack, base->701"
5.773849,ACK,702,16.900,,,718848,"cum ack, base->702"
5.773885,ACK,703,16.959,,,719872,"cum ack, base->703"
5.773918,ACK,704,17.018,,,720896,"cum ack, base->704"
5.773951,ACK,705,17.077,,,721920,"cum ack, base->705"
5.773982,ACK,706,17.135,,,722944,"cum ack, base->706"
5.774012,ACK,707,17.193,,,723968,"cum ack, base->707"
5.774044,ACK,709,17.310,,,726016,"cum ack, base->709"
5.774365,NAK,709,17.310,,,726016,
5.774383,FASTRETX,709,15.386,,200.000,726016,nak
5.774435,DUPACK,709,15.386,,,726016,
5.774463,NAK,709,15.386,,,726016,
5.774490,DUPACK,709,15.386,,,726016,
5.774828,RETX,709,15.386,,200.000,726016,
5.775153,RETX,710,15.386,,200.000,726016,
5.775340,RETX,711,15.386,,200.000,726016,
5.775672,RETX,712,15.386,,200.000,726016,
5.775847,RETX,713,15.386,,200.000,726016,
5.776098,RETX,714,15.386,,200.000,726016,
5.776291,SEND,715,15.386,,200.000,726016,
5.776460,SEND,716,15.386,,200.000,726016,
5.776647,SEND,717,15.386,,200.000,726016,
5.776818,SEND,718,15.386,,200.000,726016,
5.777052,SEND,719,15.386,,200.000,726016,
5.777258,SEND,720,15.386,,200.000,726016,
5.777442,SEND,721,15.386,,200.000,726016,
5.777621,SEND,722,15.386,,200.000,726016,
5.777799,SEND,723,15.386,,200.000,726016,
5.782885,STATS,-1,15.386,,200.000,726016,base=709 next=724
5.809250,NAK,709,15.386,,,726016,
5.809294,DUPACK,709,15.386,,,726016,
5.809319,NAK,709,15.386,,,726016,
5.812650,NAK,709,15.386,,,726016,
5.812717,DUPACK,709,15.386,,,726016,
5.819367,ACK,710,15.451,,,727040,"cum ack, base->710"
5.820186,SEND,724,15.451,,200.000,727040,
5.825745,ACK,711,15.516,,,728064,"cum ack, base->711"
5.825818,ACK,712,15.580,,,729088,"cum ack, base->712"
5.825854,ACK,714,15.709,,,731136,"cum ack, base->714"
5.825888,ACK,715,15.772,,,732160,"cum ack, base->715"
5.826161,ACK,716,15.836,,,733184,"cum ack, base->716"
5.828577,SEND,725,15.836,,200.000,733184,
5.828796,SEND,726,15.836,,200.000,733184,
5.829095,SEND,727,15.836,,200.000,733184,
5.830040,SEND,728,15.836,,200.000,733184,
5.830257,SEND,729,15.836,,200.000,733184,
5.830440,SEND,730,15.836,,200.000,733184,
5.830512,NAK,717,15.836,,,733184,
5.830525,FASTRETX,716,14.076,,200.000,733184,nak
5.830572,ACK,717,14.147,,,734208,"cum ack, base->717"
5.830599,NAK,717,14.147,,,734208,
5.830605,FASTRETX,717,14.147,,200.000,734208,nak
5.830628,DUPACK,717,14.147,,,734208,
5.830648,NAK,717,14.147,,,734208,
5.830669,DUPACK,717,14.147,,,734208,
5.830688,NAK,717,14.147,,,734208,
5.830709,DUPACK,717,14.147,,,734208,
5.830728,NAK,717,14.147,,,734208,
5.830748,DUPACK,717,14.147,,,734208,
5.830767,NAK,717,14.147,,,734208,
5.830786,DUPACK,717,14.147,,,734208,
5.833166,RETX,717,14.147,,200.000,734208,
5.833351,RETX,718,14.147,,200.000,734208,
5.833528,RETX,719,14.147,,200.000,734208,
5.833704,RETX,720,14.147,,200.000,734208,
5.833883,RETX,721,14.147,,200.000,734208,
5.834060,RETX,722,14.147,,200.000,734208,
5.834237,RETX,723,14.147,,200.000,734208,
5.834412,RETX,724,14.147,,200.000,734208,
5.834588,RETX,725,14.147,,200.000,734208,
5.834763,RETX,726,14.147,,200.000,734208,
5.834939,RETX,727,14.147,,200.000,734208,
5.835114,RETX,728,14.147,,200.000,734208,
5.835290,RETX,729,14.147,,200.000,734208,
5.835466,RETX,730,14.147,,200.000,734208,
5.856894,NAK,717,14.147,,,734208,
5.857379,DUPACK,717,14.147,,,734208,
5.872591,NAK,717,14.147,,,734208,
5.878739,DUPACK,717,14.147,,,734208,
5.878799,NAK,717,14.147,,,734208,
5.878900,DUPACK,717,14.147,,,734208,
5.878932,NAK,717,14.147,,,734208,
5.879403,DUPACK,717,14.147,,,734208,
5.909541,STATS,-1,14.147,,200.000,734208,base=717 next=731
5.911915,NAK,717,14.147,,,734208,
5.911966,DUPACK,717,14.147,,,734208,
5.911981,NAK,717,14.147,,,734208,
5.911994,DUPACK,717,14.147,,,734208,
5.912005,NAK,717,14.147,,,734208,
5.912045,ACK,718,14.218,,,735232,"cum ack, base->718"
5.912078,ACK,719,14.288,,,736256,"cum ack, base->719"
5.912122,ACK,720,14.358,,,737280,"cum ack, base->720"
5.912146,ACK,721,14.428,,,738304,"cum ack, base->721"
5.912162,ACK,722,14.497,,,739328,"cum ack, base->722"
5.912175,ACK,723,14.566,,,740352,"cum ack, base->723"
5.912187,ACK,724,14.635,,,741376,"cum ack, base->724"
5.912199,ACK,725,14.703,,,742400,"cum ack, base->725"
5.912211,ACK,726,14.771,,,743424,"cum ack, base->726"
5.912222,ACK,727,14.839,,,744448,"cum ack, base->727"
5.912233,ACK,728,14.906,,,745472,"cum ack, base->728"
5.912244,ACK,729,14.973,,,746496,"cum ack, base->729"
5.912255,ACK,730,15.040,,,747520,"cum ack, base->730"
5.912266,ACK,731,15.107,,,748544,"cum ack, base->731"
5.914361,SEND,731,15.107,,200.000,748544,
5.914446,SEND,732,15.107,,200.000,748544,
5.914526,SEND,733,15.107,,200.000,748544,
5.914607,SEND,734,15.107,,200.000,748544,
5.914688,SEND,735,15.107,,200.000,748544,
5.914768,SEND,736,15.107,,200.000,748544,
5.914849,SEND,737,15.107,,200.000,748544,
5.914929,SEND,738,15.107,,200.000,748544,
5.915008,SEND,739,15.107,,200.000,748544,
5.915088,SEND,740,15.107,,200.000,748544,
5.915179,SEND,741,15.107,,200.000,748544,
5.915260,SEND,742,15.107,,200.000,748544,
5.915340,SEND,743,15.107,,200.000,748544,
5.915418,SEND,744,15.107,,200.000,748544,
5.915496,SEND,745,15.107,,200.000,748544,
5.957220,ACK,732,15.173,,,749568,"cum ack, base->732"
5.958437,SEND,746,15.173,,200.000,749568,
5.962728,ACK,733,15.239,,,750592,"cum ack, base->733"
5.962770,ACK,734,15.304,,,751616,"cum ack, base->734"
5.962791,ACK,735,15.370,,,752640,"cum ack, base->735"
5.962810,ACK,736,15.435,,,753664,"cum ack, base->736"
5.962827,ACK,737,15.499,,,754688,"cum ack, base->737"
5.962845,ACK,738,15.564,,,755712,"cum ack, base->738"
5.962861,ACK,739,15.628,,,756736,"cum ack, base->739"
5.962879,ACK,740,15.692,,,757760,"cum ack, base->740"
5.962895,ACK,741,15.756,,,758784,"cum ack, base->741"
5.963340,ACK,742,15.819,,,759808,"cum ack, base->742"
5.963373,ACK,743,15.883,,,760832,"cum ack, base->743"
5.963621,SEND,747,15.883,,200.000,760832,
5.963764,SEND,748,15.883,,200.000,760832,
5.963891,SEND,749,15.883,,200.000,760832,
5.964016,SEND,750,15.883,,200.000,760832,
5.964140,SEND,751,15.883,,200.000,760832,
5.964265,SEND,752,15.883,,200.000,760832,
5.964400,SEND,753,15.883,,200.000,760832,
5.964524,SEND,754,15.883,,200.000,760832,
5.964649,SEND,755,15.883,,200.000,760832,
5.964774,SEND,756,15.883,,200.000,760832,
5.964899,SEND,757,15.883,,200.000,760832,
5.964953,ACK,744,15.946,,,761856,"cum ack, base->744"
5.964981,NAK,744,15.946,,,761856,
5.964989,FASTRETX,744,14.174,,200.000,761856,nak
5.965011,DUPACK,744,14.174,,,761856,
5.967550,RETX,744,14.174,,200.000,761856,
5.967677,RETX,745,14.174,,200.000,761856,
5.967801,RETX,746,14.174,,200.000,761856,
5.967925,RETX,747,14.174,,200.000,761856,
5.968048,RETX,748,14.174,,200.000,761856,
5.968171,RETX,749,14.174,,200.000,761856,
5.968295,RETX,750,14.174,,200.000,761856,
5.968419,RETX,751,14.174,,200.000,761856,
5.968545,RETX,752,14.174,,200.000,761856,
5.968672,RETX,753,14.174,,200.000,761856,
5.968797,RETX,754,14.174,,200.000,761856,
5.968921,RETX,755,14.174,,200.000,761856,
5.969046,RETX,756,14.174,,200.000,761856,
5.969171,RETX,757,14.174,,200.000,761856,
6.001309,NAK,744,14.174,,,761856,
6.001349,DUPACK,744,14.174,,,761856,
6.011878,STATS,-1,14.174,,200.000,761856,base=744 next=758
6.012084,NAK,744,14.174,,,761856,
6.012121,DUPACK,744,14.174,,,761856,
6.012146,NAK,744,14.174,,,761856,
6.012169,DUPACK,744,14.174,,,761856,
6.012191,NAK,744,14.174,,,761856,
6.012212,DUPACK,744,14.174,,,761856,
6.012230,NAK,744,14.174,,,761856,
6.012250,DUPACK,744,14.174,,,761856,
6.013320,NAK,744,14.174,,,761856,
6.013363,DUPACK,744,14.174,,,761856,
6.013390,NAK,744,14.174,,,761856,
6.013414,DUPACK,744,14.174,,,761856,
6.013435,NAK,744,14.174,,,761856,
6.013457,DUPACK,744,14.174,,,761856,
6.013478,NAK,744,14.174,,,761856,
6.013500,DUPACK,744,14.174,,,761856,
6.013520,NAK,744,14.174,,,761856,
6.013540,DUPACK,744,14.174,,,761856,
6.013560,NAK,744,14.174,,,761856,
6.013585,DUPACK,744,14.174,,,761856,
6.013621,ACK,746,14.315,,,763904,"cum ack, base->746"
6.014621,SEND,758,14.315,,200.000,763904,
6.014806,SEND,759,14.315,,200.000,763904,
6.016459,ACK,748,14.454,,,765952,"cum ack, base->748"
6.016489,ACK,749,14.523,,,766976,"cum ack, base->749"
6.016514,ACK,750,14.592,,,768000,"cum ack, base->750"
6.016539,ACK,751,14.661,,,769024,"cum ack, base->751"
6.016561,ACK,752,14.729,,,770048,"cum ack, base->752"
6.016583,ACK,753,14.797,,,771072,"cum ack, base->753"
6.016605,ACK,754,14.864,,,772096,"cum ack, base->754"
6.017524,SEND,760,14.864,,200.000,772096,
6.017705,SEND,761,14.864,,200.000,772096,
6.017881,SEND,762,14.864,,200.000,772096,
6.018057,SEND,763,14.864,,200.000,772096,
6.018232,SEND,764,14.864,,200.000,772096,
6.018426,SEND,765,14.864,,200.000,772096,
6.018603,SEND,766,14.864,,200.000,772096,
6.018778,SEND,767,14.864,,200.000,772096,
6.021462,ACK,755,14.932,,,773120,"cum ack, base->755"
6.021518,ACK,756,14.999,,,774144,"cum ack, base->756"
6.021547,ACK,757,15.065,,,775168,"cum ack, base->757"
6.021574,ACK,758,15.132,,,776192,"cum ack, base->758"
6.024004,SEND,768,15.132,,200.000,776192,
6.024194,SEND,769,15.132,,200.000,776192,
6.024372,SEND,770,15.132,,200.000,776192,
6.024550,SEND,771,15.132,,200.000,776192,
6.024727,SEND,772,15.132,,200.000,776192,
6.060464,ACK,759,15.198,,,777216,"cum ack, base->759"
6.061228,SEND,773,15.198,,200.000,777216,
6.071225,ACK,760,15.263,,,778240,"cum ack, base->760"
6.071406,ACK,761,15.329,,,779264,"cum ack, base->761"
6.071452,ACK,762,15.394,,,780288,"cum ack, base->762"
6.071556,ACK,764,15.524,,,782336,"cum ack, base->764"
6.071659,ACK,765,15.588,,,783360,"cum ack, base->765"
6.071691,ACK,766,15.652,,,784384,"cum ack, base->766"
6.071723,ACK,767,15.716,,,785408,"cum ack, base->767"
6.071757,ACK,768,15.780,,,786432,"cum ack, base->768"
6.071788,ACK,769,15.843,,,787456,"cum ack, base->769"
6.073774,SEND,774,15.843,,200.000,787456,
6.073965,SEND,775,15.843,,200.000,787456,
6.074130,SEND,776,15.843,,200.000,787456,
6.074321,SEND,777,15.843,,200.000,787456,
6.074522,SEND,778,15.843,,200.000,787456,
6.074699,SEND,779,15.843,,200.000,787456,
6.074866,SEND,780,15.843,,200.000,787456,
6.075052,SEND,781,15.843,,200.000,787456,
6.075222,SEND,782,15.843,,200.000,787456,
6.075392,SEND,783,15.843,,200.000,787456,
6.075635,ACK,770,15.906,,,788480,"cum ack, base->770"
6.075682,ACK,771,15.969,,,789504,"cum ack, base->771"
6.075710,ACK,772,16.032,,,790528,"cum ack, base->772"
6.075735,ACK,773,16.094,,,791552,"cum ack, base->773"
6.078165,SEND,784,16.094,,200.000,791552,
6.078364,SEND,785,16.094,,200.000,791552,
6.078542,SEND,786,16.094,,200.000,791552,
6.078716,SEND,787,16.094,,200.000,791552,
6.078893,SEND,788,16.094,,200.000,791552,
6.106180,ACK,774,16.156,,,792576,"cum ack, base->774"
6.108341,SEND,789,16.156,,200.000,792576,
6.111374,ACK,775,16.218,,,793600,"cum ack, base->775"
6.113699,SEND,790,16.218,,200.000,793600,
6.113724,STATS,-1,16.218,,200.000,793600,base=775 next=791
6.113822,ACK,776,16.280,,,794624,"cum ack, base->776"
6.116558,SEND,791,16.280,,200.000,794624,
6.121932,NAK,776,16.280,,,794624,
6.121965,FASTRETX,776,14.471,,200.000,794624,nak
6.122011,DUPACK,776,14.471,,,794624,
6.122041,NAK,776,14.471,,,794624,
6.124712,RETX,776,14.471,,200.000,794624,
6.124905,RETX,777,14.471,,200.000,794624,
6.125073,RETX,778,14.471,,200.000,794624,
6.125241,RETX,779,14.471,,200.000,794624,
6.125581,RETX,780,14.471,,200.000,794624,
6.125772,RETX,781,14.471,,200.000,794624,
6.125942,RETX,782,14.471,,200.000,794624,
6.126109,RETX,783,14.471,,200.000,794624,
6.126280,RETX,784,14.471,,200.000,794624,
6.126449,RETX,785,14.471,,200.000,794624,
6.126684,RETX,786,14.471,,200.000,794624,
6.126917,RETX,787,14.471,,200.000,794624,
6.127277,RETX,788,14.471,,200.000,794624,
6.127481,RETX,789,14.471,,200.000,794624,
6.127653,DUPACK,776,14.471,,,794624,
6.127693,NAK,776,14.471,,,794624,
6.127722,DUPACK,776,14.471,,,794624,
6.127747,NAK,776,14.471,,,794624,
6.127774,DUPACK,776,14.471,,,794624,
6.127799,NAK,776,14.471,,,794624,
6.127824,DUPACK,776,14.471,,,794624,
6.127849,NAK,776,14.471,,,794624,
6.127874,DUPACK,776,14.471,,,794624,
6.127898,NAK,776,14.471,,,794624,
6.127923,DUPACK,776,14.471,,,794624,
6.127946,NAK,776,14.471,,,794624,
6.127971,DUPACK,776,14.471,,,794624,
6.127995,NAK,776,14.471,,,794624,
6.128019,DUPACK,776,14.471,,,794624,
6.128827,NAK,776,14.471,,,794624,
6.128941,DUPACK,776,14.471,,,794624,
6.154379,NAK,776,14.471,,,794624,
6.154592,DUPACK,776,14.471,,,794624,
6.159470,DUPACK,776,14.471,,,794624,
6.161731,NAK,776,14.471,,,794624,
6.161790,DUPACK,776,14.471,,,794624,
6.171668,ACK,777,14.540,,,795648,"cum ack, base->777"
6.174147,RETX,790,14.540,,200.000,795648,
6.174673,ACK,778,14.609,,,796672,"cum ack, base->778"
6.174727,ACK,779,14.677,,,797696,"cum ack, base->779"
6.174961,ACK,780,14.746,,,798720,"cum ack, base->780"
6.175004,ACK,781,14.813,,,799744,"cum ack, base->781"
6.175223,ACK,783,14.948,,,801792,"cum ack, base->783"
6.175260,ACK,785,15.082,,,803840,"cum ack, base->785"
6.175292,ACK,786,15.148,,,804864,"cum ack, base->786"
6.175329,ACK,787,15.214,,,805888,"cum ack, base->787"
6.175359,ACK,788,15.280,,,806912,"cum ack, base->788"
6.177008,RETX,791,15.280,,200.000,806912,
6.177212,SEND,792,15.280,,200.000,806912,
6.177417,SEND,793,15.280,,200.000,806912,
6.177594,SEND,794,15.280,,200.000,806912,
6.178014,SEND,795,15.280,,200.000,806912,
6.178191,SEND,796,15.280,,200.000,806912,
6.178360,SEND,797,15.280,,200.000,806912,
6.178541,SEND,798,15.280,,200.000,806912,
6.178818,SEND,799,15.280,,200.000,806912,
6.179002,SEND,800,15.280,,200.000,806912,
6.179196,SEND,801,15.280,,200.000,806912,
6.179402,SEND,802,15.280,,200.000,806912,
6.179540,ACK,789,15.345,,,807936,"cum ack, base->789"
6.179590,ACK,790,15.410,,,808960,"cum ack, base->790"
6.181924,SEND,803,15.410,,200.000,808960,
6.182114,SEND,804,15.410,,200.000,808960,
6.211320,ACK,791,15.475,,,809984,"cum ack, base->791"
6.213027,SEND,805,15.475,,200.000,809984,
6.213895,ACK,792,15.540,,,811008,"cum ack, base->792"
6.213940,ACK,793,15.604,,,812032,"cum ack, base->793"
6.215836,SEND,806,15.604,,200.000,812032,
6.216082,SEND,807,15.604,,200.000,812032,
6.216097,STATS,-1,15.604,,200.000,812032,base=793 next=808
6.219178,ACK,794,15.668,,,813056,"cum ack, base->794"
6.221488,SEND,808,15.668,,200.000,813056,
6.221611,ACK,795,15.732,,,814080,"cum ack, base->795"
6.221790,ACK,796,15.796,,,815104,"cum ack, base->796"
6.225587,SEND,809,15.796,,200.000,815104,
6.225840,SEND,810,15.796,,200.000,815104,
6.231143,ACK,797,15.859,,,816128,"cum ack, base->797"
6.231199,ACK,798,15.922,,,817152,"cum ack, base->798"
6.231237,ACK,799,15.985,,,818176,"cum ack, base->799"
6.231271,ACK,800,16.047,,,819200,"cum ack, base->800"
6.231302,ACK,801,16.110,,,820224,"cum ack, base->801"
6.231334,ACK,802,16.172,,,821248,"cum ack, base->802"
6.231364,ACK,803,16.234,,,822272,"cum ack, base->803"
6.233333,SEND,811,16.234,,200.000,822272,
6.233549,SEND,812,16.234,,200.000,822272,
6.233918,SEND,813,16.234,,200.000,822272,
6.234130,SEND,814,16.234,,200.000,822272,
6.242445,SEND,815,16.234,,200.000,822272,
6.243079,SEND,816,16.234,,200.000,822272,
6.243266,SEND,817,16.234,,200.000,822272,
6.243436,SEND,818,16.234,,200.000,822272,
6.243523,ACK,804,16.295,,,823296,"cum ack, base->804"
6.243597,ACK,805,16.356,,,824320,"cum ack, base->805"
6.245983,SEND,819,16.356,,200.000,824320,
6.246138,SEND,820,16.356,,200.000,824320,
6.265475,ACK,806,16.418,,,825344,"cum ack, base->806"
6.265545,ACK,807,16.479,,,826368,"cum ack, base->807"
6.265597,ACK,808,16.539,,,827392,"cum ack, base->808"
6.266813,SEND,821,16.539,,200.000,827392,
6.267182,SEND,822,16.539,,200.000,827392,
6.267451,SEND,823,16.539,,200.000,827392,
6.267636,ACK,809,16.600,,,828416,"cum ack, base->809"
6.267674,NAK,809,16.600,,,828416,
6.267686,FASTRETX,809,14.755,,200.000,828416,nak
6.267714,DUPACK,809,14.755,,,828416,
6.270386,RETX,809,14.755,,200.000,828416,
6.270785,RETX,810,14.755,,200.000,828416,
6.271149,RETX,811,14.755,,200.000,828416,
6.271500,RETX,812,14.755,,200.000,828416,
6.271830,RETX,813,14.755,,200.000,828416,
6.272011,RETX,814,14.755,,200.000,828416,
6.272180,RETX,815,14.755,,200.000,828416,
6.272349,RETX,816,14.755,,200.000,828416,
6.272601,RETX,817,14.755,,200.000,828416,
6.272778,RETX,818,14.755,,200.000,828416,
6.272947,RETX,819,14.755,,200.000,828416,
6.273114,RETX,820,14.755,,200.000,828416,
6.273912,RETX,821,14.755,,200.000,828416,
6.274095,RETX,822,14.755,,200.000,828416,
6.290137,NAK,809,14.755,,,828416,
6.290220,DUPACK,809,14.755,,,828416,
6.290262,NAK,809,14.755,,,828416,
6.290302,DUPACK,809,14.755,,,828416,
6.290338,NAK,809,14.755,,,828416,
6.290364,DUPACK,809,14.755,,,828416,
6.290389,NAK,809,14.755,,,828416,
6.290489,DUPACK,809,14.755,,,828416,
6.290530,NAK,809,14.755,,,828416,
6.290556,DUPACK,809,14.755,,,828416,
6.290580,NAK,809,14.755,,,828416,
6.290605,DUPACK,809,14.755,,,828416,
6.290733,NAK,809,14.755,,,828416,
6.290808,DUPACK,809,14.755,,,828416,
6.290837,DUPACK,809,14.755,,,828416,
6.297117,NAK,809,14.755,,,828416,
6.299071,DUPACK,809,14.755,,,828416,
6.299101,NAK,809,14.755,,,828416,
6.299126,DUPACK,809,14.755,,,828416,
6.318737,STATS,-1,14.755,,200.000,828416,base=809 next=823
6.325291,NAK,809,14.755,,,828416,
6.325489,DUPACK,809,14.755,,,828416,
6.325572,NAK,809,14.755,,,828416,
6.325605,DUPACK,809,14.755,,,828416,
6.325642,DUPACK,809,14.755,,,828416,
6.325690,ACK,811,14.891,,,830464,"cum ack, base->811"
6.325870,ACK,812,14.958,,,831488,"cum ack, base->812"
6.326163,RETX,823,14.958,,200.000,831488,
6.326495,SEND,824,14.958,,200.000,831488,
6.326858,SEND,825,14.958,,200.000,831488,
6.326947,NAK,812,14.958,,,831488,
6.326980,FASTRETX,812,14.958,,200.000,831488,nak
6.327019,DUPACK,812,14.958,,,831488,
6.327047,NAK,812,14.958,,,831488,
6.327274,DUPACK,812,14.958,,,831488,
6.327310,NAK,812,14.958,,,831488,
6.327493,DUPACK,812,14.958,,,831488,
6.327526,NAK,812,14.958,,,831488,
6.327556,DUPACK,812,14.958,,,831488,
6.327583,NAK,812,14.958,,,831488,
6.327665,DUPACK,812,14.958,,,831488,
6.327698,NAK,812,14.958,,,831488,
6.327726,DUPACK,812,14.958,,,831488,
6.327752,NAK,812,14.958,,,831488,
6.327782,DUPACK,812,14.958,,,831488,
6.327806,NAK,812,14.958,,,831488,
6.327955,DUPACK,812,14.958,,,831488,
6.328195,NAK,812,14.958,,,831488,
6.328226,DUPACK,812,14.958,,,831488,
6.328252,NAK,812,14.958,,,831488,
6.329583,RETX,812,14.958,,200.000,831488,
6.329766,RETX,813,14.958,,200.000,831488,
6.329934,RETX,814,14.958,,200.000,831488,
6.330100,RETX,815,14.958,,200.000,831488,
6.330267,RETX,816,14.958,,200.000,831488,
6.330439,RETX,817,14.958,,200.000,831488,
6.330614,RETX,818,14.958,,200.000,831488,
6.330783,RETX,819,14.958,,200.000,831488,
6.330951,RETX,820,14.958,,200.000,831488,
6.331120,RETX,821,14.958,,200.000,831488,
6.331459,RETX,822,14.958,,200.000,831488,
6.331594,RETX,823,14.958,,200.000,831488,
6.331665,RETX,824,14.958,,200.000,831488,
6.331731,RETX,825,14.958,,200.000,831488,
6.393355,NAK,812,14.958,,,831488,
6.393532,DUPACK,812,14.958,,,831488,
6.393567,NAK,812,14.958,,,831488,
6.393597,DUPACK,812,14.958,,,831488,
6.393625,NAK,812,14.958,,,831488,
6.393652,DUPACK,812,14.958,,,831488,
6.393697,ACK,813,15.025,,,832512,"cum ack, base->813"
6.393751,ACK,814,15.091,,,833536,"cum ack, base->814"
6.393787,ACK,815,15.157,,,834560,"cum ack, base->815"
6.393818,ACK,816,15.223,,,835584,"cum ack, base->816"
6.393849,ACK,817,15.289,,,836608,"cum ack, base->817"
6.393878,ACK,818,15.354,,,837632,"cum ack, base->818"
6.393908,ACK,819,15.420,,,838656,"cum ack, base->819"
6.394145,SEND,826,15.420,,200.000,838656,
6.396388,SEND,827,15.420,,200.000,838656,
6.396521,SEND,828,15.420,,200.000,838656,
6.396632,SEND,829,15.420,,200.000,838656,
6.396743,SEND,830,15.420,,200.000,838656,
6.396850,SEND,831,15.420,,200.000,838656,
6.396959,SEND,832,15.420,,200.000,838656,
6.397068,SEND,833,15.420,,200.000,838656,
6.397144,ACK,820,15.484,,,839680,"cum ack, base->820"
6.397175,ACK,821,15.549,,,840704,"cum ack, base->821"
6.397195,ACK,822,15.613,,,841728,"cum ack, base->822"
6.397212,ACK,823,15.677,,,842752,"cum ack, base->823"
6.397228,ACK,824,15.741,,,843776,"cum ack, base->824"
6.397243,ACK,825,15.805,,,844800,"cum ack, base->825"
6.397258,ACK,826,15.868,,,845824,"cum ack, base->826"
6.399705,SEND,834,15.868,,200.000,845824,
6.399814,SEND,835,15.868,,200.000,845824,
6.399922,SEND,836,15.868,,200.000,845824,
6.400041,SEND,837,15.868,,200.000,845824,
6.400150,SEND,838,15.868,,200.000,845824,
6.400259,SEND,839,15.868,,200.000,845824,
6.400367,SEND,840,15.868,,200.000,845824,
6.420548,STATS,-1,15.868,,200.000,845824,base=826 next=841
6.451850,ACK,827,15.931,,,846848,"cum ack, base->827"
6.451959,ACK,828,15.994,,,847872,"cum ack, base->828"
6.452000,ACK,829,16.056,,,848896,"cum ack, base->829"
6.452033,ACK,830,16.119,,,849920,"cum ack, base->830"
6.452209,ACK,831,16.181,,,850944,"cum ack, base->831"
6.452282,ACK,832,16.242,,,851968,"cum ack, base->832"
6.452366,ACK,833,16.304,,,852992,"cum ack, base->833"
6.452438,ACK,834,16.365,,,854016,"cum ack, base->834"
6.452482,ACK,835,16.426,,,855040,"cum ack, base->835"
6.452508,NAK,835,16.426,,,855040,
6.452520,FASTRETX,835,14.601,,200.000,855040,nak
6.452548,DUPACK,835,14.601,,,855040,
6.452573,NAK,835,14.601,,,855040,
6.452598,DUPACK,835,14.601,,,855040,
6.452629,NAK,835,14.601,,,855040,
6.452655,DUPACK,835,14.601,,,855040,
6.452749,NAK,835,14.601,,,855040,
6.452785,DUPACK,835,14.601,,,855040,
6.452817,NAK,835,14.601,,,855040,
6.452846,DUPACK,835,14.601,,,855040,
6.454065,RETX,835,14.601,,200.000,855040,
6.454304,RETX,836,14.601,,200.000,855040,
6.454475,RETX,837,14.601,,200.000,855040,
6.456164,RETX,838,14.601,,200.000,855040,
6.456369,RETX,839,14.601,,200.000,855040,
6.456538,RETX,840,14.601,,200.000,855040,
6.456704,SEND,841,14.601,,200.000,855040,
6.456877,SEND,842,14.601,,200.000,855040,
6.457044,SEND,843,14.601,,200.000,855040,
6.457213,SEND,844,14.601,,200.000,855040,
6.457382,SEND,845,14.601,,200.000,855040,
6.457640,SEND,846,14.601,,200.000,855040,
6.457828,SEND,847,14.601,,200.000,855040,
6.457996,SEND,848,14.601,,200.000,855040,
6.500804,ACK,836,14.670,,,856064,"cum ack, base->836"
6.501091,SEND,849,14.670,,200.000,856064,
6.501199,ACK,837,14.738,,,857088,"cum ack, base->837"
6.503914,SEND,850,14.738,,200.000,857088,
6.506998,ACK,838,14.806,,,858112,"cum ack, base->838"
6.507069,ACK,839,14.873,,,859136,"cum ack, base->839"
6.507103,ACK,840,14.941,,,860160,"cum ack, base->840"
6.507135,ACK,841,15.007,,,861184,"cum ack, base->841"
6.507166,ACK,842,15.074,,,862208,"cum ack, base->842"
6.507204,ACK,843,15.140,,,863232,"cum ack, base->843"
6.507235,ACK,844,15.206,,,864256,"cum ack, base->844"
6.507265,ACK,845,15.272,,,865280,"cum ack, base->845"
6.507348,ACK,846,15.338,,,866304,"cum ack, base->846"
6.508347,ACK,847,15.403,,,867328,"cum ack, base->847"
6.509043,SEND,851,15.403,,200.000,867328,
6.509225,SEND,852,15.403,,200.000,867328,
6.509399,SEND,853,15.403,,200.000,867328,
6.509636,SEND,854,15.403,,200.000,867328,
6.509838,SEND,855,15.403,,200.000,867328,
6.510010,SEND,856,15.403,,200.000,867328,
6.510222,SEND,857,15.403,,200.000,867328,
6.510407,SEND,858,15.403,,200.000,867328,
6.510579,SEND,859,15.403,,200.000,867328,
6.510748,SEND,860,15.403,,200.000,867328,
6.510953,SEND,861,15.403,,200.000,867328,
6.511093,ACK,848,15.468,,,868352,"cum ack, base->848"
6.511149,ACK,849,15.532,,,869376,"cum ack, base->849"
6.513786,SEND,862,15.532,,200.000,869376,
6.513977,SEND,863,15.532,,200.000,869376,
6.521422,STATS,-1,15.532,,200.000,869376,base=849 next=864
6.550045,ACK,850,15.597,,,870400,"cum ack, base->850"
6.550113,ACK,852,15.725,,,872448,"cum ack, base->852"
6.550709,SEND,864,15.725,,200.000,872448,
6.550901,SEND,865,15.725,,200.000,872448,
6.551070,SEND,866,15.725,,200.000,872448,
6.559078,ACK,853,15.788,,,873472,"cum ack, base->853"
6.559138,NAK,853,15.788,,,873472,
6.559150,FASTRETX,853,14.034,,200.000,873472,nak
6.559183,DUPACK,853,14.034,,,873472,
6.559209,NAK,853,14.034,,,873472,
6.559236,DUPACK,853,14.034,,,873472,
6.559262,NAK,853,14.034,,,873472,
6.559291,DUPACK,853,14.034,,,873472,
6.559315,DUPACK,853,14.034,,,873472,
6.559339,NAK,853,14.034,,,873472,
6.559365,DUPACK,853,14.034,,,873472,
6.559390,DUPACK,853,14.034,,,873472,
6.561349,RETX,853,14.034,,200.000,873472,
6.561554,RETX,854,14.034,,200.000,873472,
6.561734,RETX,855,14.034,,200.000,873472,
6.561904,RETX,856,14.034,,200.000,873472,
6.562074,RETX,857,14.034,,200.000,873472,
6.562240,RETX,858,14.034,,200.000,873472,
6.562455,RETX,859,14.034,,200.000,873472,
6.562654,RETX,860,14.034,,200.000,873472,
6.562828,RETX,861,14.034,,200.000,873472,
6.563031,RETX,862,14.034,,200.000,873472,
6.563205,RETX,863,14.034,,200.000,873472,
6.563373,RETX,864,14.034,,200.000,873472,
6.563541,RETX,865,14.034,,200.000,873472,
6.563715,RETX,866,14.034,,200.000,873472,
6.563824,NAK,853,14.034,,,873472,
6.563872,DUPACK,853,14.034,,,873472,
6.563901,NAK,853,14.034,,,873472,
6.563929,DUPACK,853,14.034,,,873472,
6.563954,NAK,853,14.034,,,873472,
6.563979,DUPACK,853,14.034,,,873472,
6.564003,NAK,853,14.034,,,873472,
6.596322,NAK,853,14.034,,,873472,
6.596381,DUPACK,853,14.034,,,873472,
6.596454,NAK,853,14.034,,,873472,
6.602357,DUPACK,853,14.034,,,873472,
6.602415,NAK,853,14.034,,,873472,
6.602445,DUPACK,853,14.034,,,873472,
6.602485,ACK,854,14.105,,,874496,"cum ack, base->854"
6.604142,SEND,867,14.105,,200.000,874496,
6.616919,NAK,854,14.105,,,874496,
6.616946,FASTRETX,854,14.105,,200.000,874496,nak
6.617037,DUPACK,854,14.105,,,874496,
6.617120,NAK,854,14.105,,,874496,
6.617150,NAK,854,14.105,,,874496,
6.617179,DUPACK,854,14.105,,,874496,
6.617205,NAK,854,14.105,,,874496,
6.617299,DUPACK,854,14.105,,,874496,
6.617375,NAK,854,14.105,,,874496,
6.617576,DUPACK,854,14.105,,,874496,
6.617642,NAK,854,14.105,,,874496,
6.617724,DUPACK,854,14.105,,,874496,
6.617752,NAK,854,14.105,,,874496,
6.617779,DUPACK,854,14.105,,,874496,
6.617803,NAK,854,14.105,,,874496,
6.617830,DUPACK,854,14.105,,,874496,
6.617854,NAK,854,14.105,,,874496,
6.617879,DUPACK,854,14.105,,,874496,
6.617902,NAK,854,14.105,,,874496,
6.617926,DUPACK,854,14.105,,,874496,
6.617950,NAK,854,14.105,,,874496,
6.617975,DUPACK,854,14.105,,,874496,
6.617998,NAK,854,14.105,,,874496,
6.618022,DUPACK,854,14.105,,,874496,
6.618818,RETX,854,14.105,,200.000,874496,
6.618999,RETX,855,14.105,,200.000,874496,
6.619253,RETX,856,14.105,,200.000,874496,
6.619441,RETX,857,14.105,,200.000,874496,
6.619611,RETX,858,14.105,,200.000,874496,
6.619817,RETX,859,14.105,,200.000,874496,
6.619995,RETX,860,14.105,,200.000,874496,
6.620301,RETX,861,14.105,,200.000,874496,
6.620549,RETX,862,14.105,,200.000,874496,
6.620783,RETX,863,14.105,,200.000,874496,
6.620996,RETX,864,14.105,,200.000,874496,
6.621176,RETX,865,14.105,,200.000,874496,
6.621874,RETX,866,14.105,,200.000,874496,
6.622396,RETX,867,14.105,,200.000,874496,
6.622415,STATS,-1,14.105,,200.000,874496,base=854 next=868
6.639269,NAK,854,14.105,,,874496,
6.640273,DUPACK,854,14.105,,,874496,
6.663788,ACK,855,14.176,,,875520,"cum ack, base->855"
6.664655,SEND,868,14.176,,200.000,875520,
6.667069,ACK,856,14.247,,,876544,"cum ack, base->856"
6.668037,SEND,869,14.247,,200.000,876544,
6.669725,ACK,857,14.317,,,877568,"cum ack, base->857"
6.669805,ACK,858,14.387,,,878592,"cum ack, base->858"
6.669894,ACK,859,14.456,,,879616,"cum ack, base->859"
6.669935,ACK,860,14.526,,,880640,"cum ack, base->860"
6.669970,ACK,861,14.594,,,881664,"cum ack, base->861"
6.670001,ACK,862,14.663,,,882688,"cum ack, base->862"
6.670033,ACK,864,14.799,,,884736,"cum ack, base->864"
6.670180,ACK,865,14.867,,,885760,"cum ack, base->865"
6.670232,ACK,866,14.934,,,886784,"cum ack, base->866"
6.670268,ACK,867,15.001,,,887808,"cum ack, base->867"
6.670300,ACK,868,15.067,,,888832,"cum ack, base->868"
6.670984,SEND,870,15.067,,200.000,888832,
6.671768,SEND,871,15.067,,200.000,888832,
6.671948,SEND,872,15.067,,200.000,888832,
6.672335,SEND,873,15.067,,200.000,888832,
6.672950,SEND,874,15.067,,200.000,888832,
6.673136,SEND,875,15.067,,200.000,888832,
6.673305,SEND,876,15.067,,200.000,888832,
6.673641,SEND,877,15.067,,200.000,888832,
6.673818,SEND,878,15.067,,200.000,888832,
6.673985,SEND,879,15.067,,200.000,888832,
6.674200,SEND,880,15.067,,200.000,888832,
6.674427,SEND,881,15.067,,200.000,888832,
6.674695,SEND,882,15.067,,200.000,888832,
6.706299,ACK,869,15.134,,,889856,"cum ack, base->869"
6.707942,SEND,883,15.134,,200.000,889856,
6.713191,ACK,870,15.200,,,890880,"cum ack, base->870"
6.713250,ACK,871,15.266,,,891904,"cum ack, base->871"
6.713285,ACK,872,15.331,,,892928,"cum ack, base->872"
6.715495,SEND,884,15.331,,200.000,892928,
6.715709,SEND,885,15.331,,200.000,892928,
6.715883,SEND,886,15.331,,200.000,892928,
6.723813,STATS,-1,15.331,,200.000,892928,base=872 next=887
6.727785,ACK,873,15.396,,,893952,"cum ack, base->873"
6.727852,ACK,874,15.461,,,894976,"cum ack, base->874"
6.727883,NAK,874,15.461,,,894976,
6.727895,FASTRETX,874,13.743,,200.000,894976,nak
6.727924,DUPACK,874,13.743,,,894976,
6.727950,DUPACK,874,13.743,,,894976,
6.727976,NAK,874,13.743,,,894976,
6.728001,DUPACK,874,13.743,,,894976,
6.728025,NAK,874,13.743,,,894976,
6.728050,DUPACK,874,13.743,,,894976,
6.728075,NAK,874,13.743,,,894976,
6.728101,DUPACK,874,13.743,,,894976,
6.728125,NAK,874,13.743,,,894976,
6.728150,DUPACK,874,13.743,,,894976,
6.728174,NAK,874,13.743,,,894976,
6.728199,DUPACK,874,13.743,,,894976,
6.728223,NAK,874,13.743,,,894976,
6.728250,DUPACK,874,13.743,,,894976,
6.728708,RETX,874,13.743,,200.000,894976,
6.728914,RETX,875,13.743,,200.000,894976,
6.729086,RETX,876,13.743,,200.000,894976,
6.729301,RETX,877,13.743,,200.000,894976,
6.729480,RETX,878,13.743,,200.000,894976,
6.729648,RETX,879,13.743,,200.000,894976,
6.729921,RETX,880,13.743,,200.000,894976,
6.730104,RETX,881,13.743,,200.000,894976,
6.730277,RETX,882,13.743,,200.000,894976,
6.730452,RETX,883,13.743,,200.000,894976,
6.730660,RETX,884,13.743,,200.000,894976,
6.730842,RETX,885,13.743,,200.000,894976,
6.731013,RETX,886,13.743,,200.000,894976,
6.748162,NAK,874,13.743,,,894976,
6.752239,DUPACK,874,13.743,,,894976,
6.764065,NAK,874,13.743,,,894976,
6.764133,DUPACK,874,13.743,,,894976,
6.764165,NAK,874,13.743,,,894976,
6.764196,DUPACK,874,13.743,,,894976,
6.764223,NAK,874,13.743,,,894976,
6.764766,DUPACK,874,13.743,,,894976,
6.781919,NAK,874,13.743,,,894976,
6.782083,DUPACK,874,13.743,,,894976,
6.782122,DUPACK,874,13.743,,,894976,
6.782198,NAK,874,13.743,,,894976,
6.782310,DUPACK,874,13.743,,,894976,
6.782336,NAK,874,13.743,,,894976,
6.782362,DUPACK,874,13.743,,,894976,
6.782386,NAK,874,13.743,,,894976,
6.782413,DUPACK,874,13.743,,,894976,
6.782437,NAK,874,13.743,,,894976,
6.782462,DUPACK,874,13.743,,,894976,
6.782561,NAK,874,13.743,,,894976,
6.782592,DUPACK,874,13.743,,,894976,
6.782618,NAK,874,13.743,,,894976,
6.782643,DUPACK,874,13.743,,,894976,
6.782667,NAK,874,13.743,,,894976,
6.782692,NAK,874,13.743,,,894976,
6.782720,DUPACK,874,13.743,,,894976,
6.782745,NAK,874,13.743,,,894976,
6.783105,DUPACK,874,13.743,,,894976,
6.826292,STATS,-1,13.743,,200.000,894976,base=874 next=887
6.926766,STATS,-1,13.743,,200.000,894976,base=874 next=887
6.929430,TIMEOUT,874,13.743,,200.000,894976,timeout
6.932417,RETX,874,13.743,,200.000,894976,
6.963835,RETX,875,13.743,,200.000,894976,
6.964028,RETX,876,13.743,,200.000,894976,
6.964192,RETX,877,13.743,,200.000,894976,
6.965880,RETX,878,13.743,,200.000,894976,
6.966079,RETX,879,13.743,,200.000,894976,
6.966566,RETX,880,13.743,,200.000,894976,
6.966661,RETX,881,13.743,,200.000,894976,
6.966740,RETX,882,13.743,,200.000,894976,
6.966819,RETX,883,13.743,,200.000,894976,
6.966897,RETX,884,13.743,,200.000,894976,
6.966976,RETX,885,13.743,,200.000,894976,
6.967054,RETX,886,13.743,,200.000,894976,
6.987989,ACK,875,13.816,,,896000,"cum ack, base->875"
6.989761,SEND,887,13.816,,200.000,896000,
7.010842,ACK,876,13.889,,,897024,"cum ack, base->876"
7.010888,DUPACK,876,13.889,,,897024,
7.010909,NAK,876,13.889,,,897024,
7.010916,FASTRETX,876,13.889,,200.000,897024,nak
7.010934,DUPACK,876,13.889,,,897024,
7.010950,DUPACK,876,13.889,,,897024,
7.012499,RETX,876,13.889,,200.000,897024,
7.012631,RETX,877,13.889,,200.000,897024,
7.012755,RETX,878,13.889,,200.000,897024,
7.012880,RETX,879,13.889,,200.000,897024,
7.013005,RETX,880,13.889,,200.000,897024,
7.013129,RETX,881,13.889,,200.000,897024,
7.013251,RETX,882,13.889,,200.000,897024,
7.013376,RETX,883,13.889,,200.000,897024,
7.013499,RETX,884,13.889,,200.000,897024,
7.013623,RETX,885,13.889,,200.000,897024,
7.013748,RETX,886,13.889,,200.000,897024,
7.013872,RETX,887,13.889,,200.000,897024,
7.013997,SEND,888,13.889,,200.000,897024,
7.016209,NAK,876,13.889,,,897024,
7.016233,DUPACK,876,13.889,,,897024,
7.016245,NAK,876,13.889,,,897024,
7.016258,NAK,876,13.889,,,897024,
7.016268,DUPACK,876,13.889,,,897024,
7.016278,NAK,876,13.889,,,897024,
7.016287,DUPACK,876,13.889,,,897024,
7.016296,NAK,876,13.889,,,897024,
7.016306,DUPACK,876,13.889,,,897024,
7.016314,NAK,876,13.889,,,897024,
7.016323,DUPACK,876,13.889,,,897024,
7.029354,STATS,-1,13.889,,200.000,897024,base=876 next=889
7.041478,DUPACK,876,13.889,,,897024,
7.065903,ACK,877,13.961,,,898048,"cum ack, base->877"
7.066123,ACK,878,14.032,,,899072,"cum ack, base->878"
7.066197,ACK,879,14.103,,,900096,"cum ack, base->879"
7.066257,ACK,880,14.174,,,901120,"cum ack, base->880"
7.066293,ACK,881,14.245,,,902144,"cum ack, base->881"
7.066324,ACK,882,14.315,,,903168,"cum ack, base->882"
7.066540,NAK,882,14.315,,,903168,
7.066553,FASTRETX,882,14.315,,200.000,903168,nak
7.066584,DUPACK,882,14.315,,,903168,
7.066610,NAK,882,14.315,,,903168,
7.068535,RETX,882,14.315,,200.000,903168,
7.071147,RETX,883,14.315,,200.000,903168,
7.071434,RETX,884,14.315,,200.000,903168,
7.071684,RETX,885,14.315,,200.000,903168,
7.071862,RETX,886,14.315,,200.000,903168,
7.072083,RETX,887,14.315,,200.000,903168,
7.072291,RETX,888,14.315,,200.000,903168,
7.072458,SEND,889,14.315,,200.000,903168,
7.072630,SEND,890,14.315,,200.000,903168,
7.072897,SEND,891,14.315,,200.000,903168,
7.073120,SEND,892,14.315,,200.000,903168,
7.073424,SEND,893,14.315,,200.000,903168,
7.076133,SEND,894,14.315,,200.000,903168,
7.076436,SEND,895,14.315,,200.000,903168,
7.076570,DUPACK,882,14.315,,,903168,
7.076616,NAK,882,14.315,,,903168,
7.076646,DUPACK,882,14.315,,,903168,
7.076673,NAK,882,14.315,,,903168,
7.076700,DUPACK,882,14.315,,,903168,
7.076726,NAK,882,14.315,,,903168,
7.076753,DUPACK,882,14.315,,,903168,
7.107859,ACK,883,14.385,,,904192,"cum ack, base->883"
7.109792,SEND,896,14.385,,200.000,904192,
7.110018,ACK,884,14.455,,,905216,"cum ack, base->884"
7.112654,SEND,897,14.455,,200.000,905216,
7.114847,ACK,885,14.524,,,906240,"cum ack, base->885"
7.115299,SEND,898,14.524,,200.000,906240,
7.117689,ACK,886,14.593,,,907264,"cum ack, base->886"
7.118028,SEND,899,14.593,,200.000,907264,
7.118119,ACK,887,14.661,,,908288,"cum ack, base->887"
7.121226,SEND,900,14.661,,200.000,908288,
7.123091,ACK,888,14.729,,,909312,"cum ack, base->888"
7.123167,ACK,889,14.797,,,910336,"cum ack, base->889"
7.123197,NAK,889,14.797,,,910336,
7.123210,FASTRETX,889,13.153,,200.000,910336,nak
7.123239,DUPACK,889,13.153,,,910336,
7.123266,NAK,889,13.153,,,910336,
7.123294,DUPACK,889,13.153,,,910336,
7.123319,NAK,889,13.153,,,910336,
7.123432,DUPACK,889,13.153,,,910336,
7.123457,NAK,889,13.153,,,910336,
7.123482,DUPACK,889,13.153,,,910336,
7.123507,NAK,889,13.153,,,910336,
7.123532,DUPACK,889,13.153,,,910336,
7.124023,RETX,889,13.153,,200.000,910336,
7.124230,RETX,890,13.153,,200.000,910336,
7.124446,RETX,891,13.153,,200.000,910336,
7.124625,RETX,892,13.153,,200.000,910336,
7.124796,RETX,893,13.153,,200.000,910336,
7.125162,RETX,894,13.153,,200.000,910336,
7.125341,RETX,895,13.153,,200.000,910336,
7.125540,RETX,896,13.153,,200.000,910336,
7.125760,RETX,897,13.153,,200.000,910336,
7.125945,RETX,898,13.153,,200.000,910336,
7.126198,RETX,899,13.153,,200.000,910336,
7.126702,RETX,900,13.153,,200.000,910336,
7.126877,SEND,901,13.153,,200.000,910336,
7.129520,STATS,-1,13.153,,200.000,910336,base=889 next=902
7.150287,NAK,889,13.153,,,910336,
7.162656,DUPACK,889,13.153,,,910336,
7.162724,NAK,889,13.153,,,910336,
7.162762,NAK,889,13.153,,,910336,
7.162793,DUPACK,889,13.153,,,910336,
7.166141,NAK,889,13.153,,,910336,
7.166175,DUPACK,889,13.153,,,910336,
7.175900,NAK,889,13.153,,,910336,
7.176013,DUPACK,889,13.153,,,910336,
7.176166,NAK,889,13.153,,,910336,
7.176231,DUPACK,889,13.153,,,910336,
7.176259,NAK,889,13.153,,,910336,
7.176285,DUPACK,889,13.153,,,910336,
7.176310,NAK,889,13.153,,,910336,
7.176477,DUPACK,889,13.153,,,910336,
7.176518,NAK,889,13.153,,,910336,
7.176549,DUPACK,889,13.153,,,910336,
7.176575,NAK,889,13.153,,,910336,
7.176602,DUPACK,889,13.153,,,910336,
7.176629,DUPACK,889,13.153,,,910336,
7.178328,NAK,889,13.153,,,910336,
7.178388,DUPACK,889,13.153,,,910336,
7.178417,NAK,889,13.153,,,910336,
7.178443,DUPACK,889,13.153,,,910336,
7.178493,NAK,889,13.153,,,910336,
7.178534,DUPACK,889,13.153,,,910336,
7.178661,NAK,889,13.153,,,910336,
7.178697,DUPACK,889,13.153,,,910336,
7.178724,NAK,889,13.153,,,910336,
7.178750,DUPACK,889,13.153,,,910336,
7.230890,STATS,-1,13.153,,200.000,910336,base=889 next=902
7.323749,TIMEOUT,889,13.153,,200.000,910336,timeout
7.326598,RETX,889,13.153,,200.000,910336,
7.326790,RETX,890,13.153,,200.000,910336,
7.326970,RETX,891,13.153,,200.000,910336,
7.327231,RETX,892,13.153,,200.000,910336,
7.327414,RETX,893,13.153,,200.000,910336,
7.327583,RETX,894,13.153,,200.000,910336,
7.327750,RETX,895,13.153,,200.000,910336,
7.327919,RETX,896,13.153,,200.000,910336,
7.328086,RETX,897,13.153,,200.000,910336,
7.328253,RETX,898,13.153,,200.000,910336,
7.328439,RETX,899,13.153,,200.000,910336,
7.328611,RETX,900,13.153,,200.000,910336,
7.328885,RETX,901,13.153,,200.000,910336,
7.331482,STATS,-1,13.153,,200.000,910336,base=889 next=902
7.372075,ACK,890,13.229,,,911360,"cum ack, base->890"
7.372375,ACK,891,13.305,,,912384,"cum ack, base->891"
7.374283,SEND,902,13.305,,200.000,912384,
7.374484,SEND,903,13.305,,200.000,912384,
7.375263,ACK,892,13.380,,,913408,"cum ack, base->892"
7.375385,ACK,893,13.455,,,914432,"cum ack, base->893"
7.377348,SEND,904,13.455,,200.000,914432,
7.377584,SEND,905,13.455,,200.000,914432,
7.377736,ACK,894,13.529,,,915456,"cum ack, base->894"
7.377809,ACK,895,13.603,,,916480,"cum ack, base->895"
7.377855,ACK,896,13.676,,,917504,"cum ack, base->896"
7.377901,ACK,897,13.749,,,918528,"cum ack, base->897"
7.377936,ACK,898,13.822,,,919552,"cum ack, base->898"
7.377968,ACK,899,13.895,,,920576,"cum ack, base->899"
7.380521,SEND,906,13.895,,200.000,920576,
7.380761,SEND,907,13.895,,200.000,920576,
7.380936,SEND,908,13.895,,200.000,920576,
7.381288,SEND,909,13.895,,200.000,920576,
7.381874,SEND,910,13.895,,200.000,920576,
7.382059,SEND,911,13.895,,200.000,920576,
7.382325,ACK,900,13.966,,,921600,"cum ack, base->900"
7.382386,ACK,901,14.038,,,922624,"cum ack, base->901"
7.382423,ACK,902,14.109,,,923648,"cum ack, base->902"
7.386295,SEND,912,14.109,,200.000,923648,
7.386882,SEND,913,14.109,,200.000,923648,
7.387066,SEND,914,14.109,,200.000,923648,
7.387238,SEND,915,14.109,,200.000,923648,
7.412664,ACK,903,14.180,,,924672,"cum ack, base->903"
7.415278,SEND,916,14.180,,200.000,924672,
7.431026,ACK,904,14.251,,,925696,"cum ack, base->904"
7.431087,ACK,905,14.321,,,926720,"cum ack, base->905"
7.431119,ACK,906,14.391,,,927744,"cum ack, base->906"
7.431145,ACK,907,14.460,,,928768,"cum ack, base->907"
7.431170,ACK,908,14.529,,,929792,"cum ack, base->908"
7.431195,ACK,909,14.598,,,930816,"cum ack, base->909"
7.431219,ACK,910,14.667,,,931840,"cum ack, base->910"
7.431242,ACK,911,14.735,,,932864,"cum ack, base->911"
7.433090,SEND,917,14.735,,200.000,932864,
7.433274,SEND,918,14.735,,200.000,932864,
7.433452,SEND,919,14.735,,200.000,932864,
7.433629,SEND,920,14.735,,200.000,932864,
7.433820,SEND,921,14.735,,200.000,932864,
7.433999,SEND,922,14.735,,200.000,932864,
7.434174,SEND,923,14.735,,200.000,932864,
7.434352,SEND,924,14.735,,200.000,932864,
7.434361,STATS,-1,14.735,,200.000,932864,base=911 next=925
7.434422,ACK,912,14.803,,,933888,"cum ack, base->912"
7.434451,ACK,913,14.870,,,934912,"cum ack, base->913"
7.435295,ACK,914,14.938,,,935936,"cum ack, base->914"
7.435321,ACK,915,15.004,,,936960,"cum ack, base->915"
7.437073,SEND,925,15.004,,200.000,936960,
7.437254,SEND,926,15.004,,200.000,936960,
7.437428,SEND,927,15.004,,200.000,936960,
7.437602,SEND,928,15.004,,200.000,936960,
7.437778,SEND,929,15.004,,200.000,936960,
7.455707,ACK,917,15.137,,,939008,"cum ack, base->917"
7.458152,SEND,930,15.137,,200.000,939008,
7.458342,SEND,931,15.137,,200.000,939008,
7.486731,ACK,918,15.204,,,940032,"cum ack, base->918"
7.486796,ACK,919,15.269,,,941056,"cum ack, base->919"
7.486836,ACK,920,15.335,,,942080,"cum ack, base->920"
7.486868,ACK,921,15.400,,,943104,"cum ack, base->921"
7.487142,ACK,922,15.465,,,944128,"cum ack, base->922"
7.487504,ACK,923,15.530,,,945152,"cum ack, base->923"
7.487553,ACK,924,15.594,,,946176,"cum ack, base->924"
7.487588,ACK,925,15.658,,,947200,"cum ack, base->925"
7.487649,ACK,926,15.722,,,948224,"cum ack, base->926"
7.487695,ACK,927,15.786,,,949248,"cum ack, base->927"
7.487725,NAK,927,15.786,,,949248,
7.487738,FASTRETX,927,14.032,,200.000,949248,nak
7.488666,RETX,927,14.032,,200.000,949248,
7.488851,RETX,928,14.032,,200.000,949248,
7.489089,RETX,929,14.032,,200.000,949248,
7.489271,RETX,930,14.032,,200.000,949248,
7.489477,RETX,931,14.032,,200.000,949248,
7.489668,SEND,932,14.032,,200.000,949248,
7.489881,SEND,933,14.032,,200.000,949248,
7.490053,SEND,934,14.032,,200.000,949248,
7.490224,SEND,935,14.032,,200.000,949248,
7.490391,SEND,936,14.032,,200.000,949248,
7.490560,SEND,937,14.032,,200.000,949248,
7.490730,SEND,938,14.032,,200.000,949248,
7.490901,SEND,939,14.032,,200.000,949248,
7.491067,SEND,940,14.032,,200.000,949248,
7.491220,DUPACK,927,14.032,,,949248,
7.491268,NAK,927,14.032,,,949248,
7.491298,DUPACK,927,14.032,,,949248,
7.511585,NAK,927,14.032,,,949248,
7.512916,DUPACK,927,14.032,,,949248,
7.512961,NAK,927,14.032,,,949248,
7.512994,DUPACK,927,14.032,,,949248,
7.529693,ACK,928,14.103,,,950272,"cum ack, base->928"
7.532326,SEND,941,14.103,,200.000,950272,
7.532658,ACK,929,14.174,,,951296,"cum ack, base->929"
7.532783,ACK,930,14.244,,,952320,"cum ack, base->930"
7.535186,SEND,942,14.244,,200.000,952320,
7.535747,SEND,943,14.244,,200.000,952320,
7.535769,STATS,-1,14.244,,200.000,952320,base=930 next=944
7.537122,ACK,931,14.315,,,953344,"cum ack, base->931"
7.537195,ACK,932,14.384,,,954368,"cum ack, base->932"
7.537240,ACK,933,14.454,,,955392,"cum ack, base->933"
7.537280,ACK,934,14.523,,,956416,"cum ack, base->934"
7.537317,ACK,935,14.592,,,957440,"cum ack, base->935"
7.537351,ACK,936,14.661,,,958464,"cum ack, base->936"
7.537383,ACK,937,14.729,,,959488,"cum ack, base->937"
7.538583,SEND,944,14.729,,200.000,959488,
7.538804,SEND,945,14.729,,200.000,959488,
7.538969,SEND,946,14.729,,200.000,959488,
7.539144,SEND,947,14.729,,200.000,959488,
7.539363,SEND,948,14.729,,200.000,959488,
7.539588,SEND,949,14.729,,200.000,959488,
7.539850,SEND,950,14.729,,200.000,959488,
7.541071,DUPACK,937,14.729,,,959488,
7.541125,NAK,937,14.729,,,959488,
7.541139,FASTRETX,937,13.092,,200.000,959488,nak
7.541168,DUPACK,937,13.092,,,959488,
7.541194,NAK,937,13.092,,,959488,
7.541245,DUPACK,937,13.092,,,959488,
7.542642,RETX,937,13.092,,200.000,959488,
7.542896,RETX,938,13.092,,200.000,959488,
7.543069,RETX,939,13.092,,200.000,959488,
7.543240,RETX,940,13.092,,200.000,959488,
7.543455,RETX,941,13.092,,200.000,959488,
7.543678,RETX,942,13.092,,200.000,959488,
7.543887,RETX,943,13.092,,200.000,959488,
7.544064,RETX,944,13.092,,200.000,959488,
7.544272,RETX,945,13.092,,200.000,959488,
7.544539,RETX,946,13.092,,200.000,959488,
7.544717,RETX,947,13.092,,200.000,959488,
7.544944,RETX,948,13.092,,200.000,959488,
7.545115,RETX,949,13.092,,200.000,959488,
7.575254,NAK,937,13.092,,,959488,
7.575492,DUPACK,937,13.092,,,959488,
7.582045,NAK,937,13.092,,,959488,
7.585556,DUPACK,937,13.092,,,959488,
7.586017,NAK,937,13.092,,,959488,
7.586169,DUPACK,937,13.092,,,959488,
7.586215,NAK,937,13.092,,,959488,
7.587922,DUPACK,937,13.092,,,959488,
7.588037,NAK,937,13.092,,,959488,
7.588115,DUPACK,937,13.092,,,959488,
7.588142,NAK,937,13.092,,,959488,
7.588373,DUPACK,937,13.092,,,959488,
7.588403,DUPACK,937,13.092,,,959488,
7.589594,NAK,937,13.092,,,959488,
7.589645,DUPACK,937,13.092,,,959488,
7.589673,NAK,937,13.092,,,959488,
7.589700,DUPACK,937,13.092,,,959488,
7.589744,ACK,938,13.169,,,960512,"cum ack, base->938"
7.590868,RETX,950,13.169,,200.000,960512,
7.593563,ACK,939,13.245,,,961536,"cum ack, base->939"
7.593626,ACK,940,13.320,,,962560,"cum ack, base->940"
7.593661,ACK,941,13.395,,,963584,"cum ack, base->941"
7.593694,ACK,942,13.470,,,964608,"cum ack, base->942"
7.593727,ACK,943,13.544,,,965632,"cum ack, base->943"
7.593757,ACK,944,13.618,,,966656,"cum ack, base->944"
7.594142,NAK,944,13.618,,,966656,
7.594159,FASTRETX,944,13.618,,200.000,966656,nak
7.595187,DUPACK,944,13.618,,,966656,
7.595260,NAK,944,13.618,,,966656,
7.595293,DUPACK,944,13.618,,,966656,
7.595319,NAK,944,13.618,,,966656,
7.595346,DUPACK,944,13.618,,,966656,
7.595370,NAK,944,13.618,,,966656,
7.595395,DUPACK,944,13.618,,,966656,
7.595420,DUPACK,944,13.618,,,966656,
7.596202,RETX,944,13.618,,200.000,966656,
7.596402,RETX,945,13.618,,200.000,966656,
7.596600,RETX,946,13.618,,200.000,966656,
7.596801,RETX,947,13.618,,200.000,966656,
7.597037,RETX,948,13.618,,200.000,966656,
7.597212,RETX,949,13.618,,200.000,966656,
7.597383,RETX,950,13.618,,200.000,966656,
7.597552,SEND,951,13.618,,200.000,966656,
7.597722,SEND,952,13.618,,200.000,966656,
7.597886,SEND,953,13.618,,200.000,966656,
7.598055,SEND,954,13.618,,200.000,966656,
7.598225,SEND,955,13.618,,200.000,966656,
7.598395,SEND,956,13.618,,200.000,966656,
7.636504,STATS,-1,13.618,,200.000,966656,base=944 next=957
7.637553,NAK,944,13.618,,,966656,
7.640030,DUPACK,944,13.618,,,966656,
7.640143,ACK,945,13.691,,,967680,"cum ack, base->945"
7.640252,ACK,946,13.764,,,968704,"cum ack, base->946"
7.641750,SEND,957,13.764,,200.000,968704,
7.641943,SEND,958,13.764,,200.000,968704,
7.644976,ACK,947,13.837,,,969728,"cum ack, base->947"
7.645045,ACK,948,13.909,,,970752,"cum ack, base->948"
7.645082,ACK,949,13.981,,,971776,"cum ack, base->949"
7.645116,ACK,950,14.053,,,972800,"cum ack, base->950"
7.645147,ACK,951,14.124,,,973824,"cum ack, base->951"
7.645178,ACK,952,14.195,,,974848,"cum ack, base->952"
7.647224,SEND,959,14.195,,200.000,974848,
7.647424,SEND,960,14.195,,200.000,974848,
7.647599,SEND,961,14.195,,200.000,974848,
7.647769,SEND,962,14.195,,200.000,974848,
7.647935,SEND,963,14.195,,200.000,974848,
7.648101,SEND,964,14.195,,200.000,974848,
7.648333,SEND,965,14.195,,200.000,974848,
7.649068,ACK,953,14.265,,,975872,"cum ack, base->953"
7.649125,NAK,953,14.265,,,975872,
7.649138,FASTRETX,953,12.680,,200.000,975872,nak
7.649170,DUPACK,953,12.680,,,975872,
7.649201,DUPACK,953,12.680,,,975872,
7.651191,RETX,953,12.680,,200.000,975872,
7.651715,RETX,954,12.680,,200.000,975872,
7.651937,RETX,955,12.680,,200.000,975872,
7.652164,RETX,956,12.680,,200.000,975872,
7.652387,RETX,957,12.680,,200.000,975872,
7.652561,RETX,958,12.680,,200.000,975872,
7.652907,RETX,959,12.680,,200.000,975872,
7.653106,RETX,960,12.680,,200.000,975872,
7.653520,RETX,961,12.680,,200.000,975872,
7.653694,RETX,962,12.680,,200.000,975872,
7.654172,RETX,963,12.680,,200.000,975872,
7.654848,RETX,964,12.680,,200.000,975872,
7.655025,NAK,953,12.680,,,975872,
7.655085,DUPACK,953,12.680,,,975872,
7.673428,NAK,953,12.680,,,975872,
7.675246,DUPACK,953,12.680,,,975872,
7.690904,NAK,953,12.680,,,975872,
7.690975,DUPACK,953,12.680,,,975872,
7.700871,NAK,953,12.680,,,975872,
7.700991,DUPACK,953,12.680,,,975872,
7.701061,NAK,953,12.680,,,975872,
7.701129,DUPACK,953,12.680,,,975872,
7.701170,NAK,953,12.680,,,975872,
7.701196,DUPACK,953,12.680,,,975872,
7.701223,NAK,953,12.680,,,975872,
7.701248,DUPACK,953,12.680,,,975872,
7.701272,NAK,953,12.680,,,975872,
7.701297,DUPACK,953,12.680,,,975872,
7.701320,NAK,953,12.680,,,975872,
7.701345,DUPACK,953,12.680,,,975872,
7.701368,NAK,953,12.680,,,975872,
7.701393,DUPACK,953,12.680,,,975872,
7.701435,ACK,954,12.759,,,976896,"cum ack, base->954"
7.702873,RETX,965,12.759,,200.000,976896,
7.703518,ACK,955,12.837,,,977920,"cum ack, base->955"
7.703576,ACK,956,12.915,,,978944,"cum ack, base->956"
7.703611,ACK,957,12.993,,,979968,"cum ack, base->957"
7.703642,ACK,958,13.070,,,980992,"cum ack, base->958"
7.703673,ACK,959,13.146,,,982016,"cum ack, base->959"
7.703703,ACK,960,13.222,,,983040,"cum ack, base->960"
7.703738,ACK,961,13.298,,,984064,"cum ack, base->961"
7.704608,ACK,962,13.373,,,985088,"cum ack, base->962"
7.704666,ACK,964,13.522,,,987136,"cum ack, base->964"
7.704703,ACK,965,13.596,,,988160,"cum ack, base->965"
7.705702,SEND,966,13.596,,200.000,988160,
7.705886,SEND,967,13.596,,200.000,988160,
7.706101,SEND,968,13.596,,200.000,988160,
7.706313,SEND,969,13.596,,200.000,988160,
7.706487,SEND,970,13.596,,200.000,988160,
7.706655,SEND,971,13.596,,200.000,988160,
7.706821,SEND,972,13.596,,200.000,988160,
7.706989,SEND,973,13.596,,200.000,988160,
7.707156,SEND,974,13.596,,200.000,988160,
7.707321,SEND,975,13.596,,200.000,988160,
7.707491,SEND,976,13.596,,200.000,988160,
7.707660,SEND,977,13.596,,200.000,988160,
7.737799,STATS,-1,13.596,,200.000,988160,base=965 next=978
7.758109,ACK,966,13.670,,,989184,"cum ack, base->966"
7.758177,ACK,967,13.743,,,990208,"cum ack, base->967"
7.758213,ACK,968,13.816,,,991232,"cum ack, base->968"
7.758249,ACK,969,13.888,,,992256,"cum ack, base->969"
7.760621,SEND,978,13.888,,200.000,992256,
7.760822,SEND,979,13.888,,200.000,992256,
7.760991,SEND,980,13.888,,200.000,992256,
7.761213,SEND,981,13.888,,200.000,992256,
7.761421,ACK,970,13.960,,,993280,"cum ack, base->970"
7.761478,NAK,970,13.960,,,993280,
7.761491,FASTRETX,970,12.409,,200.000,993280,nak
7.761562,DUPACK,970,12.409,,,993280,
7.761609,NAK,970,12.409,,,993280,
7.761642,DUPACK,970,12.409,,,993280,
7.761669,NAK,970,12.409,,,993280,
7.761696,DUPACK,970,12.409,,,993280,
7.761722,NAK,970,12.409,,,993280,
7.762563,DUPACK,970,12.409,,,993280,
7.762619,NAK,970,12.409,,,993280,
7.762698,DUPACK,970,12.409,,,993280,
7.762733,NAK,970,12.409,,,993280,
7.762762,DUPACK,970,12.409,,,993280,
7.762789,NAK,970,12.409,,,993280,
7.762816,DUPACK,970,12.409,,,993280,
7.763993,RETX,970,12.409,,200.000,993280,
7.764232,RETX,971,12.409,,200.000,993280,
7.764401,RETX,972,12.409,,200.000,993280,
7.764569,RETX,973,12.409,,200.000,993280,
7.764737,RETX,974,12.409,,200.000,993280,
7.764904,RETX,975,12.409,,200.000,993280,
7.765071,RETX,976,12.409,,200.000,993280,
7.765299,RETX,977,12.409,,200.000,993280,
7.765518,RETX,978,12.409,,200.000,993280,
7.765723,RETX,979,12.409,,200.000,993280,
7.765928,RETX,980,12.409,,200.000,993280,
7.766134,RETX,981,12.409,,200.000,993280,
7.802976,NAK,970,12.409,,,993280,
7.803040,DUPACK,970,12.409,,,993280,
7.803069,NAK,970,12.409,,,993280,
7.803096,DUPACK,970,12.409,,,993280,
7.803122,NAK,970,12.409,,,993280,
7.808895,DUPACK,970,12.409,,,993280,
7.808957,NAK,970,12.409,,,993280,
7.810009,DUPACK,970,12.409,,,993280,
7.810216,ACK,971,12.489,,,994304,"cum ack, base->971"
7.811113,ACK,972,12.570,,,995328,"cum ack, base->972"
7.811824,ACK,973,12.649,,,996352,"cum ack, base->973"
7.812720,SEND,982,12.649,,200.000,996352,
7.812907,SEND,983,12.649,,200.000,996352,
7.813078,SEND,984,12.649,,200.000,996352,
7.816107,ACK,974,12.728,,,997376,"cum ack, base->974"
7.816178,ACK,975,12.807,,,998400,"cum ack, base->975"
7.817494,ACK,976,12.885,,,999424,"cum ack, base->976"
7.817878,ACK,977,12.962,,,1000448,"cum ack, base->977"
7.818073,ACK,978,13.040,,,1001472,"cum ack, base->978"
7.818549,ACK,979,13.116,,,1002496,"cum ack, base->979"
7.818891,ACK,980,13.192,,,1003520,"cum ack, base->980"
7.818950,ACK,981,13.268,,,1004544,"cum ack, base->981"
7.818994,ACK,982,13.344,,,1005568,"cum ack, base->982"
7.819473,SEND,985,13.344,,200.000,1005568,
7.819696,SEND,986,13.344,,200.000,1005568,
7.820025,SEND,987,13.344,,200.000,1005568,
7.820296,SEND,988,13.344,,200.000,1005568,
7.820647,SEND,989,13.344,,200.000,1005568,
7.821100,SEND,990,13.344,,200.000,1005568,
7.821355,SEND,991,13.344,,200.000,1005568,
7.821631,SEND,992,13.344,,200.000,1005568,
7.821895,SEND,993,13.344,,200.000,1005568,
7.823331,SEND,994,13.344,,200.000,1005568,
7.838735,STATS,-1,13.344,,200.000,1005568,base=982 next=995
7.864377,ACK,983,13.419,,,1006592,"cum ack, base->983"
7.864511,ACK,984,13.493,,,1007616,"cum ack, base->984"
7.864741,ACK,985,13.567,,,1008640,"cum ack, base->985"
7.867264,SEND,995,13.567,,200.000,1008640,
7.868062,SEND,996,13.567,,200.000,1008640,
7.868277,SEND,997,13.567,,200.000,1008640,
7.871251,ACK,986,13.641,,,1009664,"cum ack, base->986"
7.871356,ACK,987,13.714,,,1010688,"cum ack, base->987"
7.871459,ACK,988,13.787,,,1011712,"cum ack, base->988"
7.871502,ACK,989,13.860,,,1012736,"cum ack, base->989"
7.871543,ACK,990,13.932,,,1013760,"cum ack, base->990"
7.871576,ACK,991,14.004,,,1014784,"cum ack, base->991"
7.871608,ACK,992,14.075,,,1015808,"cum ack, base->992"
7.871639,ACK,993,14.146,,,1016832,"cum ack, base->993"
7.871669,ACK,994,14.217,,,1017856,"cum ack, base->994"
7.871785,ACK,995,14.287,,,1018880,"cum ack, base->995"
7.873649,SEND,998,14.287,,200.000,1018880,
7.873940,SEND,999,14.287,,200.000,1018880,
7.874116,SEND,1000,14.287,,200.000,1018880,
7.874283,SEND,1001,14.287,,200.000,1018880,
7.874451,SEND,1002,14.287,,200.000,1018880,
7.874621,SEND,1003,14.287,,200.000,1018880,
7.874790,SEND,1004,14.287,,200.000,1018880,
7.874995,SEND,1005,14.287,,200.000,1018880,
7.875211,SEND,1006,14.287,,200.000,1018880,
7.875391,SEND,1007,14.287,,200.000,1018880,
7.875566,SEND,1008,14.287,,200.000,1018880,
7.909686,ACK,996,14.357,,,1019904,"cum ack, base->996"
7.910571,SEND,1009,14.357,,200.000,1019904,
7.918128,ACK,997,14.427,,,1020928,"cum ack, base->997"
7.918368,ACK,998,14.496,,,1021952,"cum ack, base->998"
7.918651,SEND,1010,14.496,,200.000,1021952,
7.918924,SEND,1011,14.496,,200.000,1021952,
7.921241,ACK,999,14.565,,,1022976,"cum ack, base->999"
7.921501,SEND,1012,14.565,,200.000,1022976,
7.922361,ACK,1000,14.634,,,1024000,"cum ack, base->1000"
7.922418,ACK,1001,14.702,,,1025024,"cum ack, base->1001"
7.922455,ACK,1002,14.770,,,1026048,"cum ack, base->1002"
7.922489,ACK,1003,14.838,,,1027072,"cum ack, base->1003"
7.924614,SEND,1013,14.838,,200.000,1027072,
7.925011,SEND,1014,14.838,,200.000,1027072,
7.925362,SEND,1015,14.838,,200.000,1027072,
7.925638,SEND,1016,14.838,,200.000,1027072,
7.925983,ACK,1004,14.905,,,1028096,"cum ack, base->1004"
7.926057,ACK,1005,14.972,,,1029120,"cum ack, base->1005"
7.926110,ACK,1006,15.039,,,1030144,"cum ack, base->1006"
7.926159,ACK,1007,15.106,,,1031168,"cum ack, base->1007"
7.928635,SEND,1017,15.106,,200.000,1031168,
7.928943,SEND,1018,15.106,,200.000,1031168,
7.929240,SEND,1019,15.106,,200.000,1031168,
7.929588,SEND,1020,15.106,,200.000,1031168,
7.930021,SEND,1021,15.106,,200.000,1031168,
7.930224,ACK,1008,15.172,,,1032192,"cum ack, base->1008"
7.930367,ACK,1009,15.238,,,1033216,"cum ack, base->1009"
7.932921,SEND,1022,15.238,,200.000,1033216,
7.933346,SEND,1023,15.238,,200.000,1033216,
7.940789,STATS,-1,15.238,,200.000,1033216,base=1009 next=1024
7.950549,ACK,1010,15.303,,,1034240,"cum ack, base->1010"
7.952932,SEND,1024,15.303,,200.000,1034240,
7.961809,ACK,1011,15.369,,,1035264,"cum ack, base->1011"
7.963174,SEND,1025,15.369,,200.000,1035264,
7.972070,ACK,1012,15.434,,,1036288,"cum ack, base->1012"
7.973762,ACK,1013,15.498,,,1037312,"cum ack, base->1013"
7.973823,ACK,1014,15.563,,,1038336,"cum ack, base->1014"
7.973858,ACK,1015,15.627,,,1039360,"cum ack, base->1015"
7.973890,ACK,1016,15.691,,,1040384,"cum ack, base->1016"
7.974431,SEND,1026,15.691,,200.000,1040384,
7.974603,SEND,1027,15.691,,200.000,1040384,
7.974770,SEND,1028,15.691,,200.000,1040384,
7.974966,SEND,1029,15.691,,200.000,1040384,
7.975132,SEND,1030,15.691,,200.000,1040384,
7.976578,ACK,1017,15.755,,,1041408,"cum ack, base->1017"
7.976640,ACK,1018,15.818,,,1042432,"cum ack, base->1018"
7.976675,ACK,1019,15.882,,,1043456,"cum ack, base->1019"
7.976708,ACK,1020,15.945,,,1044480,"cum ack, base->1020"
7.977512,SEND,1031,15.945,,200.000,1044480,
7.977695,SEND,1032,15.945,,200.000,1044480,
7.977864,SEND,1033,15.945,,200.000,1044480,
7.978032,SEND,1034,15.945,,200.000,1044480,
7.978139,NAK,1020,15.945,,,1044480,
7.978158,FASTRETX,1020,14.173,,200.000,1044480,nak
7.978230,DUPACK,1020,14.173,,,1044480,
7.978288,NAK,1020,14.173,,,1044480,
7.978345,DUPACK,1020,14.173,,,1044480,
7.980649,RETX,1020,14.173,,200.000,1044480,
7.981105,RETX,1021,14.173,,200.000,1044480,
7.981486,RETX,1022,14.173,,200.000,1044480,
7.981854,RETX,1023,14.173,,200.000,1044480,
7.982301,RETX,1024,14.173,,200.000,1044480,
7.982575,RETX,1025,14.173,,200.000,1044480,
7.982836,RETX,1026,14.173,,200.000,1044480,
7.983095,RETX,1027,14.173,,200.000,1044480,
7.983420,RETX,1028,14.173,,200.000,1044480,
7.983702,RETX,1029,14.173,,200.000,1044480,
7.983979,RETX,1030,14.173,,200.000,1044480,
7.984216,RETX,1031,14.173,,200.000,1044480,
7.984420,RETX,1032,14.173,,200.000,1044480,
7.984698,RETX,1033,14.173,,200.000,1044480,
7.991191,NAK,1020,14.173,,,1044480,
7.991264,DUPACK,1020,14.173,,,1044480,
8.006132,NAK,1020,14.173,,,1044480,
8.006371,DUPACK,1020,14.173,,,1044480,
8.016043,NAK,1020,14.173,,,1044480,
8.016104,DUPACK,1020,14.173,,,1044480,
8.024870,NAK,1020,14.173,,,1044480,
8.024939,DUPACK,1020,14.173,,,1044480,
8.024973,NAK,1020,14.173,,,1044480,
8.025005,DUPACK,1020,14.173,,,1044480,
8.025034,NAK,1020,14.173,,,1044480,
8.025060,DUPACK,1020,14.173,,,1044480,
8.025085,NAK,1020,14.173,,,1044480,
8.025110,DUPACK,1020,14.173,,,1044480,
8.025136,DUPACK,1020,14.173,,,1044480,
8.025162,NAK,1020,14.173,,,1044480,
8.032271,DUPACK,1020,14.173,,,1044480,
8.032397,ACK,1021,14.244,,,1045504,"cum ack, base->1021"
8.032436,ACK,1022,14.314,,,1046528,"cum ack, base->1022"
8.032471,ACK,1024,14.453,,,1048576,"cum ack, base->1024"
8.032503,ACK,1025,14.522,,,1049600,"cum ack, base->1025"
8.032536,ACK,1026,14.591,,,1050624,"cum ack, base->1026"
8.032567,ACK,1027,14.660,,,1051648,"cum ack, base->1027"
8.032596,ACK,1028,14.728,,,1052672,"cum ack, base->1028"
8.032626,ACK,1029,14.796,,,1053696,"cum ack, base->1029"
8.032656,ACK,1030,14.863,,,1054720,"cum ack, base->1030"
8.032686,ACK,1031,14.931,,,1055744,"cum ack, base->1031"
8.032716,ACK,1032,14.998,,,1056768,"cum ack, base->1032"
8.032746,ACK,1033,15.064,,,1057792,"cum ack, base->1033"
8.032781,ACK,1034,15.131,,,1058816,"cum ack, base->1034"
8.035718,RETX,1034,15.131,,200.000,1058816,
8.035919,SEND,1035,15.131,,200.000,1058816,
8.036598,SEND,1036,15.131,,200.000,1058816,
8.036980,SEND,1037,15.131,,200.000,1058816,
8.037158,SEND,1038,15.131,,200.000,1058816,
8.037499,SEND,1039,15.131,,200.000,1058816,
8.037765,SEND,1040,15.131,,200.000,1058816,
8.038138,SEND,1041,15.131,,200.000,1058816,
8.038358,SEND,1042,15.131,,200.000,1058816,
8.038533,SEND,1043,15.131,,200.000,1058816,
8.038833,SEND,1044,15.131,,200.000,1058816,
8.039082,SEND,1045,15.131,,200.000,1058816,
8.039266,SEND,1046,15.131,,200.000,1058816,
8.039562,SEND,1047,15.131,,200.000,1058816,
8.039821,SEND,1048,15.131,,200.000,1058816,
8.042390,STATS,-1,15.131,,200.000,1058816,base=1034 next=1049
8.078404,ACK,1035,15.197,,,1059840,"cum ack, base->1035"
8.080131,SEND,1049,15.197,,200.000,1059840,
8.086016,ACK,1036,15.263,,,1060864,"cum ack, base->1036"
8.086082,ACK,1037,15.328,,,1061888,"cum ack, base->1037"
8.086118,ACK,1038,15.393,,,1062912,"cum ack, base->1038"
8.086194,ACK,1039,15.458,,,1063936,"cum ack, base->1039"
8.086236,ACK,1040,15.523,,,1064960,"cum ack, base->1040"
8.086271,ACK,1041,15.587,,,1065984,"cum ack, base->1041"
8.086303,ACK,1042,15.652,,,1067008,"cum ack, base->1042"
8.086332,NAK,1042,15.652,,,1067008,
8.086345,FASTRETX,1042,13.913,,200.000,1067008,nak
8.086373,DUPACK,1042,13.913,,,1067008,
8.088213,RETX,1042,13.913,,200.000,1067008,
8.088406,RETX,1043,13.913,,200.000,1067008,
8.088574,RETX,1044,13.913,,200.000,1067008,
8.088745,RETX,1045,13.913,,200.000,1067008,
8.088913,RETX,1046,13.913,,200.000,1067008,
8.089922,RETX,1047,13.913,,200.000,1067008,
8.092149,RETX,1048,13.913,,200.000,1067008,
8.092450,RETX,1049,13.913,,200.000,1067008,
8.092634,SEND,1050,13.913,,200.000,1067008,
8.092803,SEND,1051,13.913,,200.000,1067008,
8.093005,SEND,1052,13.913,,200.000,1067008,
8.093202,SEND,1053,13.913,,200.000,1067008,
8.093373,SEND,1054,13.913,,200.000,1067008,
8.093497,NAK,1042,13.913,,,1067008,
8.093546,DUPACK,1042,13.913,,,1067008,
8.093625,NAK,1042,13.913,,,1067008,
8.093903,DUPACK,1042,13.913,,,1067008,
8.093943,NAK,1042,13.913,,,1067008,
8.093986,DUPACK,1042,13.913,,,1067008,
8.094009,NAK,1042,13.913,,,1067008,
8.094030,DUPACK,1042,13.913,,,1067008,
8.094052,NAK,1042,13.913,,,1067008,
8.094072,DUPACK,1042,13.913,,,1067008,
8.119649,NAK,1042,13.913,,,1067008,
8.127021,DUPACK,1042,13.913,,,1067008,
8.127113,ACK,1043,13.984,,,1068032,"cum ack, base->1043"
8.127157,ACK,1044,14.056,,,1069056,"cum ack, base->1044"
8.129034,SEND,1055,14.056,,200.000,1069056,
8.129255,SEND,1056,14.056,,200.000,1069056,
8.129459,SEND,1057,14.056,,200.000,1069056,
8.138150,ACK,1045,14.127,,,1070080,"cum ack, base->1045"
8.138281,ACK,1046,14.198,,,1071104,"cum ack, base->1046"
8.138319,ACK,1047,14.268,,,1072128,"cum ack, base->1047"
8.138348,NAK,1047,14.268,,,1072128,
8.138359,FASTRETX,1047,14.268,,200.000,1072128,nak
8.139727,RETX,1047,14.268,,200.000,1072128,
8.139911,RETX,1048,14.268,,200.000,1072128,
8.140084,RETX,1049,14.268,,200.000,1072128,
8.140253,RETX,1050,14.268,,200.000,1072128,
8.140419,RETX,1051,14.268,,200.000,1072128,
8.140588,RETX,1052,14.268,,200.000,1072128,
8.140755,RETX,1053,14.268,,200.000,1072128,
8.140921,RETX,1054,14.268,,200.000,1072128,
8.141090,RETX,1055,14.268,,200.000,1072128,
8.141272,RETX,1056,14.268,,200.000,1072128,
8.141488,RETX,1057,14.268,,200.000,1072128,
8.141702,SEND,1058,14.268,,200.000,1072128,
8.141879,SEND,1059,14.268,,200.000,1072128,
8.142187,SEND,1060,14.268,,200.000,1072128,
8.142213,DUPACK,1047,14.268,,,1072128,
8.142296,NAK,1047,14.268,,,1072128,
8.142329,DUPACK,1047,14.268,,,1072128,
8.142356,NAK,1047,14.268,,,1072128,
8.144778,STATS,-1,14.268,,200.000,1072128,base=1047 next=1061
8.146101,DUPACK,1047,14.268,,,1072128,
8.146165,NAK,1047,14.268,,,1072128,
8.146196,DUPACK,1047,14.268,,,1072128,
8.146225,NAK,1047,14.268,,,1072128,
8.146251,DUPACK,1047,14.268,,,1072128,
8.146276,NAK,1047,14.268,,,1072128,
8.146302,DUPACK,1047,14.268,,,1072128,
8.164877,NAK,1047,14.268,,,1072128,
8.169585,DUPACK,1047,14.268,,,1072128,
8.170240,NAK,1047,14.268,,,1072128,
8.170550,DUPACK,1047,14.268,,,1072128,
8.172456,NAK,1047,14.268,,,1072128,
8.180600,DUPACK,1047,14.268,,,1072128,
8.189536,ACK,1048,14.338,,,1073152,"cum ack, base->1048"
8.189726,ACK,1049,14.408,,,1074176,"cum ack, base->1049"
8.191900,SEND,1061,14.408,,200.000,1074176,
8.192145,SEND,1062,14.408,,200.000,1074176,
8.196510,ACK,1050,14.478,,,1075200,"cum ack, base->1050"
8.196591,ACK,1051,14.547,,,1076224,"cum ack, base->1051"
8.196636,ACK,1052,14.615,,,1077248,"cum ack, base->1052"
8.196677,ACK,1053,14.684,,,1078272,"cum ack, base->1053"
8.196717,ACK,1054,14.752,,,1079296,"cum ack, base->1054"
8.196756,ACK,1055,14.820,,,1080320,"cum ack, base->1055"
8.196834,ACK,1056,14.887,,,1081344,"cum ack, base->1056"
8.196894,ACK,1057,14.954,,,1082368,"cum ack, base->1057"
8.196940,ACK,1058,15.021,,,1083392,"cum ack, base->1058"
8.196982,ACK,1059,15.088,,,1084416,"cum ack, base->1059"
8.197022,ACK,1060,15.154,,,1085440,"cum ack, base->1060"
8.197060,ACK,1061,15.220,,,1086464,"cum ack, base->1061"
8.197499,SEND,1063,15.220,,200.000,1086464,
8.197712,SEND,1064,15.220,,200.000,1086464,
8.197959,SEND,1065,15.220,,200.000,1086464,
8.198155,SEND,1066,15.220,,200.000,1086464,
8.198323,SEND,1067,15.220,,200.000,1086464,
8.198490,SEND,1068,15.220,,200.000,1086464,
8.198660,SEND,1069,15.220,,200.000,1086464,
8.198831,SEND,1070,15.220,,200.000,1086464,
8.199014,SEND,1071,15.220,,200.000,1086464,
8.199180,SEND,1072,15.220,,200.000,1086464,
8.199347,SEND,1073,15.220,,200.000,1086464,
8.199514,SEND,1074,15.220,,200.000,1086464,
8.199681,SEND,1075,15.220,,200.000,1086464,
8.233441,ACK,1062,15.286,,,1087488,"cum ack, base->1062"
8.233510,ACK,1063,15.351,,,1088512,"cum ack, base->1063"
8.235624,SEND,1076,15.351,,200.000,1088512,
8.235880,SEND,1077,15.351,,200.000,1088512,
8.243802,ACK,1064,15.416,,,1089536,"cum ack, base->1064"
8.246321,SEND,1078,15.416,,200.000,1089536,
8.246353,STATS,-1,15.416,,200.000,1089536,base=1064 next=1079
8.249906,ACK,1065,15.481,,,1090560,"cum ack, base->1065"
8.249979,ACK,1066,15.546,,,1091584,"cum ack, base->1066"
8.250014,ACK,1067,15.610,,,1092608,"cum ack, base->1067"
8.250047,ACK,1068,15.674,,,1093632,"cum ack, base->1068"
8.250079,ACK,1069,15.738,,,1094656,"cum ack, base->1069"
8.251238,SEND,1079,15.738,,200.000,1094656,
8.251424,SEND,1080,15.738,,200.000,1094656,
8.251593,SEND,1081,15.738,,200.000,1094656,
8.251820,SEND,1082,15.738,,200.000,1094656,
8.251991,SEND,1083,15.738,,200.000,1094656,
8.252960,ACK,1070,15.801,,,1095680,"cum ack, base->1070"
8.253017,ACK,1071,15.865,,,1096704,"cum ack, base->1071"
8.253053,ACK,1072,15.928,,,1097728,"cum ack, base->1072"
8.253082,NAK,1072,15.928,,,1097728,
8.253094,FASTRETX,1072,14.158,,200.000,1097728,nak
8.253126,DUPACK,1072,14.158,,,1097728,
8.253156,NAK,1072,14.158,,,1097728,
8.253196,DUPACK,1072,14.158,,,1097728,
8.253245,NAK,1072,14.158,,,1097728,
8.253272,DUPACK,1072,14.158,,,1097728,
8.254814,RETX,1072,14.158,,200.000,1097728,
8.255099,RETX,1073,14.158,,200.000,1097728,
8.255281,RETX,1074,14.158,,200.000,1097728,
8.255608,RETX,1075,14.158,,200.000,1097728,
8.255796,RETX,1076,14.158,,200.000,1097728,
8.256036,RETX,1077,14.158,,200.000,1097728,
8.256269,RETX,1078,14.158,,200.000,1097728,
8.256449,RETX,1079,14.158,,200.000,1097728,
8.256618,RETX,1080,14.158,,200.000,1097728,
8.256886,RETX,1081,14.158,,200.000,1097728,
8.257061,RETX,1082,14.158,,200.000,1097728,
8.257234,RETX,1083,14.158,,200.000,1097728,
8.257473,SEND,1084,14.158,,200.000,1097728,
8.257731,SEND,1085,14.158,,200.000,1097728,
8.278115,NAK,1072,14.158,,,1097728,
8.278366,DUPACK,1072,14.158,,,1097728,
8.279110,NAK,1072,14.158,,,1097728,
8.280982,NAK,1072,14.158,,,1097728,
8.289968,DUPACK,1072,14.158,,,1097728,
8.296366,NAK,1072,14.158,,,1097728,
8.300570,DUPACK,1072,14.158,,,1097728,
8.300704,NAK,1072,14.158,,,1097728,
8.300748,DUPACK,1072,14.158,,,1097728,
8.300786,DUPACK,1072,14.158,,,1097728,
8.300818,NAK,1072,14.158,,,1097728,
8.300852,DUPACK,1072,14.158,,,1097728,
8.300897,NAK,1072,14.158,,,1097728,
8.303339,DUPACK,1072,14.158,,,1097728,
8.303451,ACK,1073,14.229,,,1098752,"cum ack, base->1073"
8.303499,ACK,1074,14.299,,,1099776,"cum ack, base->1074"
8.303539,ACK,1075,14.369,,,1100800,"cum ack, base->1075"
8.303579,ACK,1076,14.438,,,1101824,"cum ack, base->1076"
8.303616,ACK,1077,14.508,,,1102848,"cum ack, base->1077"
8.303654,ACK,1078,14.577,,,1103872,"cum ack, base->1078"
8.303725,ACK,1079,14.645,,,1104896,"cum ack, base->1079"
8.303763,ACK,1080,14.714,,,1105920,"cum ack, base->1080"
8.303800,ACK,1081,14.782,,,1106944,"cum ack, base->1081"
8.305316,SEND,1086,14.782,,200.000,1106944,
8.305677,SEND,1087,14.782,,200.000,1106944,
8.306268,SEND,1088,14.782,,200.000,1106944,
8.306570,SEND,1089,14.782,,200.000,1106944,
8.306792,SEND,1090,14.782,,200.000,1106944,
8.306997,SEND,1091,14.782,,200.000,1106944,
8.307199,SEND,1092,14.782,,200.000,1106944,
8.307445,SEND,1093,14.782,,200.000,1106944,
8.307670,SEND,1094,14.782,,200.000,1106944,
8.307914,ACK,1082,14.849,,,1107968,"cum ack, base->1082"
8.308135,ACK,1083,14.917,,,1108992,"cum ack, base->1083"
8.308194,ACK,1084,14.984,,,1110016,"cum ack, base->1084"
8.308232,ACK,1085,15.050,,,1111040,"cum ack, base->1085"
8.308268,ACK,1086,15.117,,,1112064,"cum ack, base->1086"
8.310507,SEND,1095,15.117,,200.000,1112064,
8.310749,SEND,1096,15.117,,200.000,1112064,
8.310979,SEND,1097,15.117,,200.000,1112064,
8.311207,SEND,1098,15.117,,200.000,1112064,
8.311431,SEND,1099,15.117,,200.000,1112064,
8.311657,SEND,1100,15.117,,200.000,1112064,
8.347874,STATS,-1,15.117,,200.000,1112064,base=1086 next=1101
8.357210,ACK,1087,15.183,,,1113088,"cum ack, base->1087"
8.357276,ACK,1088,15.249,,,1114112,"cum ack, base->1088"
8.358016,SEND,1101,15.249,,200.000,1114112,
8.358198,SEND,1102,15.249,,200.000,1114112,
8.359796,ACK,1089,15.314,,,1115136,"cum ack, base->1089"
8.359864,ACK,1090,15.380,,,1116160,"cum ack, base->1090"
8.359907,ACK,1091,15.445,,,1117184,"cum ack, base->1091"
8.359947,ACK,1092,15.509,,,1118208,"cum ack, base->1092"
8.360589,SEND,1103,15.509,,200.000,1118208,
8.360852,SEND,1104,15.509,,200.000,1118208,
8.361061,SEND,1105,15.509,,200.000,1118208,
8.361274,SEND,1106,15.509,,200.000,1118208,
8.365387,ACK,1093,15.574,,,1119232,"cum ack, base->1093"
8.366530,SEND,1107,15.574,,200.000,1119232,
8.366686,ACK,1094,15.638,,,1120256,"cum ack, base->1094"
8.366747,ACK,1095,15.702,,,1121280,"cum ack, base->1095"
8.366791,ACK,1096,15.766,,,1122304,"cum ack, base->1096"
8.366855,ACK,1097,15.829,,,1123328,"cum ack, base->1097"
8.366904,ACK,1098,15.892,,,1124352,"cum ack, base->1098"
8.368386,ACK,1099,15.955,,,1125376,"cum ack, base->1099"
8.368462,ACK,1100,16.018,,,1126400,"cum ack, base->1100"
8.368504,ACK,1101,16.080,,,1127424,"cum ack, base->1101"
8.369490,SEND,1108,16.080,,200.000,1127424,
8.369782,SEND,1109,16.080,,200.000,1127424,
8.370048,SEND,1110,16.080,,200.000,1127424,
8.370338,SEND,1111,16.080,,200.000,1127424,
8.370797,SEND,1112,16.080,,200.000,1127424,
8.371857,SEND,1113,16.080,,200.000,1127424,
8.372111,SEND,1114,16.080,,200.000,1127424,
8.372435,SEND,1115,16.080,,200.000,1127424,
8.373345,SEND,1116,16.080,,200.000,1127424,
8.393196,NAK,1102,16.080,,,1127424,
8.393216,FASTRETX,1101,14.294,,200.000,1127424,nak
8.395899,RETX,1101,14.294,,200.000,1127424,
8.396099,RETX,1102,14.294,,200.000,1127424,
8.396285,RETX,1103,14.294,,200.000,1127424,
8.396468,RETX,1104,14.294,,200.000,1127424,
8.396650,RETX,1105,14.294,,200.000,1127424,
8.396847,RETX,1106,14.294,,200.000,1127424,
8.397029,RETX,1107,14.294,,200.000,1127424,
8.397211,RETX,1108,14.294,,200.000,1127424,
8.397393,RETX,1109,14.294,,200.000,1127424,
8.397577,RETX,1110,14.294,,200.000,1127424,
8.397764,RETX,1111,14.294,,200.000,1127424,
8.397948,RETX,1112,14.294,,200.000,1127424,
8.398133,RETX,1113,14.294,,200.000,1127424,
8.398292,RETX,1114,14.294,,200.000,1127424,
8.401003,ACK,1102,14.364,,,1128448,"cum ack, base->1102"
8.402056,NAK,1102,14.364,,,1128448,
8.402069,FASTRETX,1102,14.364,,200.000,1128448,nak
8.402095,DUPACK,1102,14.364,,,1128448,
8.403517,RETX,1102,14.364,,200.000,1128448,
8.403695,RETX,1103,14.364,,200.000,1128448,
8.403870,RETX,1104,14.364,,200.000,1128448,
8.404046,RETX,1105,14.364,,200.000,1128448,
8.404221,RETX,1106,14.364,,200.000,1128448,
8.404396,RETX,1107,14.364,,200.000,1128448,
8.404570,RETX,1108,14.364,,200.000,1128448,
8.404745,RETX,1109,14.364,,200.000,1128448,
8.404920,RETX,1110,14.364,,200.000,1128448,
8.405095,RETX,1111,14.364,,200.000,1128448,
8.405271,RETX,1112,14.364,,200.000,1128448,
8.405448,RETX,1113,14.364,,200.000,1128448,
8.405623,RETX,1114,14.364,,200.000,1128448,
8.405798,RETX,1115,14.364,,200.000,1128448,
8.408252,NAK,1102,14.364,,,1128448,
8.408276,NAK,1102,14.364,,,1128448,
8.412259,DUPACK,1102,14.364,,,1128448,
8.418504,NAK,1102,14.364,,,1128448,
8.418545,DUPACK,1102,14.364,,,1128448,
8.418576,NAK,1102,14.364,,,1128448,
8.418608,DUPACK,1102,14.364,,,1128448,
8.418631,NAK,1102,14.364,,,1128448,
8.418656,DUPACK,1102,14.364,,,1128448,
8.418677,NAK,1102,14.364,,,1128448,
8.418697,DUPACK,1102,14.364,,,1128448,
8.418718,NAK,1102,14.364,,,1128448,
8.418738,DUPACK,1102,14.364,,,1128448,
8.421390,NAK,1102,14.364,,,1128448,
8.421427,DUPACK,1102,14.364,,,1128448,
8.421451,NAK,1102,14.364,,,1128448,
8.421473,DUPACK,1102,14.364,,,1128448,
8.421493,NAK,1102,14.364,,,1128448,
8.421513,DUPACK,1102,14.364,,,1128448,
8.426009,NAK,1102,14.364,,,1128448,
8.448761,STATS,-1,14.364,,200.000,1128448,base=1102 next=1116
8.448985,DUPACK,1102,14.364,,,1128448,
8.449031,ACK,1103,14.433,,,1129472,"cum ack, base->1103"
8.449689,ACK,1104,14.503,,,1130496,"cum ack, base->1104"
8.449728,ACK,1105,14.571,,,1131520,"cum ack, base->1105"
8.449758,ACK,1106,14.640,,,1132544,"cum ack, base->1106"
8.449781,ACK,1107,14.708,,,1133568,"cum ack, base->1107"
8.449804,ACK,1108,14.776,,,1134592,"cum ack, base->1108"
8.449824,ACK,1109,14.844,,,1135616,"cum ack, base->1109"
8.449844,ACK,1110,14.911,,,1136640,"cum ack, base->1110"
8.449864,ACK,1111,14.978,,,1137664,"cum ack, base->1111"
8.449883,ACK,1112,15.045,,,1138688,"cum ack, base->1112"
8.449903,ACK,1113,15.112,,,1139712,"cum ack, base->1113"
8.449923,ACK,1114,15.178,,,1140736,"cum ack, base->1114"
8.450832,ACK,1115,15.244,,,1141760,"cum ack, base->1115"
8.451465,RETX,1116,15.244,,200.000,1141760,
8.451623,SEND,1117,15.244,,200.000,1141760,
8.451804,SEND,1118,15.244,,200.000,1141760,
8.451957,SEND,1119,15.244,,200.000,1141760,
8.452103,SEND,1120,15.244,,200.000,1141760,
8.452250,SEND,1121,15.244,,200.000,1141760,
8.452399,SEND,1122,15.244,,200.000,1141760,
8.452549,SEND,1123,15.244,,200.000,1141760,
8.452699,SEND,1124,15.244,,200.000,1141760,
8.452859,SEND,1125,15.244,,200.000,1141760,
8.452988,SEND,1126,15.244,,200.000,1141760,
8.453117,SEND,1127,15.244,,200.000,1141760,
8.453246,SEND,1128,15.244,,200.000,1141760,
8.453447,SEND,1129,15.244,,200.000,1141760,
8.453552,DUPACK,1115,15.244,,,1141760,
8.453583,DUPACK,1115,15.244,,,1141760,
8.453618,DUPACK,1115,15.244,,,1141760,
8.458078,DUPACK,1115,15.244,,,1141760,
8.458174,DUPACK,1115,15.244,,,1141760,
8.458193,DUPACK,1115,15.244,,,1141760,
8.458212,DUPACK,1115,15.244,,,1141760,
8.458227,DUPACK,1115,15.244,,,1141760,
8.458242,DUPACK,1115,15.244,,,1141760,
8.458257,DUPACK,1115,15.244,,,1141760,
8.458272,DUPACK,1115,15.244,,,1141760,
8.458286,DUPACK,1115,15.244,,,1141760,
8.458313,ACK,1116,15.309,,,1142784,"cum ack, base->1116"
8.458680,SEND,1130,15.309,,200.000,1142784,
8.494187,ACK,1117,15.375,,,1143808,"cum ack, base->1117"
8.494232,ACK,1118,15.440,,,1144832,"cum ack, base->1118"
8.494257,ACK,1119,15.505,,,1145856,"cum ack, base->1119"
8.496718,SEND,1131,15.505,,200.000,1145856,
8.496869,SEND,1132,15.505,,200.000,1145856,
8.496998,SEND,1133,15.505,,200.000,1145856,
8.497084,ACK,1120,15.569,,,1146880,"cum ack, base->1120"
8.497120,NAK,1120,15.569,,,1146880,
8.497130,FASTRETX,1120,13.839,,200.000,1146880,nak
8.497152,DUPACK,1120,13.839,,,1146880,
8.497172,NAK,1120,13.839,,,1146880,
8.497191,DUPACK,1120,13.839,,,1146880,
8.499389,NAK,1120,13.839,,,1146880,
8.499678,RETX,1120,13.839,,200.000,1146880,
8.499818,RETX,1121,13.839,,200.000,1146880,
8.499949,RETX,1122,13.839,,200.000,1146880,
8.500081,RETX,1123,13.839,,200.000,1146880,
8.500211,RETX,1124,13.839,,200.000,1146880,
8.500341,RETX,1125,13.839,,200.000,1146880,
8.500470,RETX,1126,13.839,,200.000,1146880,
8.500601,RETX,1127,13.839,,200.000,1146880,
8.500731,RETX,1128,13.839,,200.000,1146880,
8.500977,RETX,1129,13.839,,200.000,1146880,
8.501127,RETX,1130,13.839,,200.000,1146880,
8.501580,RETX,1131,13.839,,200.000,1146880,
8.501729,RETX,1132,13.839,,200.000,1146880,
8.502403,DUPACK,1120,13.839,,,1146880,
8.502434,NAK,1120,13.839,,,1146880,
8.502453,DUPACK,1120,13.839,,,1146880,
8.502469,NAK,1120,13.839,,,1146880,
8.502485,DUPACK,1120,13.839,,,1146880,
8.502499,NAK,1120,13.839,,,1146880,
8.502515,DUPACK,1120,13.839,,,1146880,
8.502530,NAK,1120,13.839,,,1146880,
8.504153,DUPACK,1120,13.839,,,1146880,
8.504181,NAK,1120,13.839,,,1146880,
8.504200,DUPACK,1120,13.839,,,1146880,
8.506620,NAK,1120,13.839,,,1146880,
8.506644,DUPACK,1120,13.839,,,1146880,
8.541717,NAK,1120,13.839,,,1146880,
8.544115,DUPACK,1120,13.839,,,1146880,
8.549072,STATS,-1,13.839,,200.000,1146880,base=1120 next=1133
8.549114,NAK,1120,13.839,,,1146880,
8.549142,DUPACK,1120,13.839,,,1146880,
8.549158,NAK,1120,13.839,,,1146880,
8.549172,DUPACK,1120,13.839,,,1146880,
8.549195,ACK,1121,13.911,,,1147904,"cum ack, base->1121"
8.549214,ACK,1122,13.983,,,1148928,"cum ack, base->1122"
8.549232,ACK,1123,14.055,,,1149952,"cum ack, base->1123"
8.549247,ACK,1124,14.126,,,1150976,"cum ack, base->1124"
8.549260,NAK,1124,14.126,,,1150976,
8.549265,FASTRETX,1124,14.126,,200.000,1150976,nak
8.549278,DUPACK,1124,14.126,,,1150976,
8.551304,DUPACK,1124,14.126,,,1150976,
8.551332,NAK,1124,14.126,,,1150976,
8.551763,RETX,1124,14.126,,200.000,1150976,
8.551877,RETX,1125,14.126,,200.000,1150976,
8.551986,RETX,1126,14.126,,200.000,1150976,
8.552093,RETX,1127,14.126,,200.000,1150976,
8.552201,RETX,1128,14.126,,200.000,1150976,
8.552310,RETX,1129,14.126,,200.000,1150976,
8.552448,RETX,1130,14.126,,200.000,1150976,
8.552567,RETX,1131,14.126,,200.000,1150976,
8.552676,RETX,1132,14.126,,200.000,1150976,
8.552783,RETX,1133,14.126,,200.000,1150976,
8.552921,SEND,1134,14.126,,200.000,1150976,
8.553161,SEND,1135,14.126,,200.000,1150976,
8.553282,SEND,1136,14.126,,200.000,1150976,
8.553413,SEND,1137,14.126,,200.000,1150976,
8.553474,DUPACK,1124,14.126,,,1150976,
8.553495,NAK,1124,14.126,,,1150976,
8.553511,DUPACK,1124,14.126,,,1150976,
8.553525,NAK,1124,14.126,,,1150976,
8.553538,DUPACK,1124,14.126,,,1150976,
8.553550,NAK,1124,14.126,,,1150976,
8.553563,DUPACK,1124,14.126,,,1150976,
8.553575,DUPACK,1124,14.126,,,1150976,
8.553586,DUPACK,1124,14.126,,,1150976,
8.608187,ACK,1125,14.197,,,1152000,"cum ack, base->1125"
8.608521,ACK,1126,14.267,,,1153024,"cum ack, base->1126"
8.609012,SEND,1138,14.267,,200.000,1153024,
8.609234,SEND,1139,14.267,,200.000,1153024,
8.609460,ACK,1127,14.337,,,1154048,"cum ack, base->1127"
8.609533,ACK,1128,14.407,,,1155072,"cum ack, base->1128"
8.609607,ACK,1129,14.476,,,1156096,"cum ack, base->1129"
8.609640,NAK,1129,14.476,,,1156096,
8.609650,FASTRETX,1129,14.476,,200.000,1156096,nak
8.609680,DUPACK,1129,14.476,,,1156096,
8.609894,NAK,1129,14.476,,,1156096,
8.609963,DUPACK,1129,14.476,,,1156096,
8.609995,NAK,1129,14.476,,,1156096,
8.610023,DUPACK,1129,14.476,,,1156096,
8.610062,NAK,1129,14.476,,,1156096,
8.610160,DUPACK,1129,14.476,,,1156096,
8.610333,NAK,1129,14.476,,,1156096,
8.610975,DUPACK,1129,14.476,,,1156096,
8.611011,NAK,1129,14.476,,,1156096,
8.611085,DUPACK,1129,14.476,,,1156096,
8.611207,NAK,1129,14.476,,,1156096,
8.611240,DUPACK,1129,14.476,,,1156096,
8.611685,RETX,1129,14.476,,200.000,1156096,
8.611793,RETX,1130,14.476,,200.000,1156096,
8.611891,RETX,1131,14.476,,200.000,1156096,
8.611989,RETX,1132,14.476,,200.000,1156096,
8.612089,RETX,1133,14.476,,200.000,1156096,
8.612177,RETX,1134,14.476,,200.000,1156096,
8.612263,RETX,1135,14.476,,200.000,1156096,
8.612350,RETX,1136,14.476,,200.000,1156096,
8.612437,RETX,1137,14.476,,200.000,1156096,
8.612523,RETX,1138,14.476,,200.000,1156096,
8.612613,RETX,1139,14.476,,200.000,1156096,
8.612700,SEND,1140,14.476,,200.000,1156096,
8.612788,SEND,1141,14.476,,200.000,1156096,
8.612875,SEND,1142,14.476,,200.000,1156096,
8.650312,NAK,1129,14.476,,,1156096,
8.650393,STATS,-1,14.476,,200.000,1156096,base=1129 next=1143
8.656226,DUPACK,1129,14.476,,,1156096,
8.656314,ACK,1130,14.545,,,1157120,"cum ack, base->1130"
8.656368,ACK,1131,14.614,,,1158144,"cum ack, base->1131"
8.656407,ACK,1132,14.683,,,1159168,"cum ack, base->1132"
8.658117,SEND,1143,14.683,,200.000,1159168,
8.658369,SEND,1144,14.683,,200.000,1159168,
8.658615,SEND,1145,14.683,,200.000,1159168,
8.664697,ACK,1134,14.819,,,1161216,"cum ack, base->1134"
8.664776,ACK,1135,14.886,,,1162240,"cum ack, base->1135"
8.664819,ACK,1136,14.953,,,1163264,"cum ack, base->1136"
8.664863,ACK,1137,15.020,,,1164288,"cum ack, base->1137"
8.664902,ACK,1138,15.087,,,1165312,"cum ack, base->1138"
8.666015,SEND,1146,15.087,,200.000,1165312,
8.666266,SEND,1147,15.087,,200.000,1165312,
8.666481,SEND,1148,15.087,,200.000,1165312,
8.666729,SEND,1149,15.087,,200.000,1165312,
8.666937,SEND,1150,15.087,,200.000,1165312,
8.667150,SEND,1151,15.087,,200.000,1165312,
8.667355,SEND,1152,15.087,,200.000,1165312,
8.667505,ACK,1139,15.153,,,1166336,"cum ack, base->1139"
8.667614,ACK,1140,15.219,,,1167360,"cum ack, base->1140"
8.667676,ACK,1141,15.285,,,1168384,"cum ack, base->1141"
8.667722,ACK,1142,15.350,,,1169408,"cum ack, base->1142"
8.667872,ACK,1143,15.415,,,1170432,"cum ack, base->1143"
8.670163,SEND,1153,15.415,,200.000,1170432,
8.670481,SEND,1154,15.415,,200.000,1170432,
8.670687,SEND,1155,15.415,,200.000,1170432,
8.670856,SEND,1156,15.415,,200.000,1170432,
8.671213,SEND,1157,15.415,,200.000,1170432,
8.705566,ACK,1144,15.480,,,1171456,"cum ack, base->1144"
8.705640,ACK,1145,15.545,,,1172480,"cum ack, base->1145"
8.705675,ACK,1146,15.609,,,1173504,"cum ack, base->1146"
8.706894,SEND,1158,15.609,,200.000,1173504,
8.707081,SEND,1159,15.609,,200.000,1173504,
8.707307,SEND,1160,15.609,,200.000,1173504,
8.709434,ACK,1147,15.673,,,1174528,"cum ack, base->1147"
8.710046,SEND,1161,15.673,,200.000,1174528,
8.714724,ACK,1148,15.737,,,1175552,"cum ack, base->1148"
8.715089,SEND,1162,15.737,,200.000,1175552,
8.716359,ACK,1149,15.800,,,1176576,"cum ack, base->1149"
8.716424,ACK,1150,15.864,,,1177600,"cum ack, base->1150"
8.716475,ACK,1151,15.927,,,1178624,"cum ack, base->1151"
8.717262,ACK,1152,15.990,,,1179648,"cum ack, base->1152"
8.717984,SEND,1163,15.990,,200.000,1179648,
8.718201,SEND,1164,15.990,,200.000,1179648,
8.718409,SEND,1165,15.990,,200.000,1179648,
8.718818,SEND,1166,15.990,,200.000,1179648,
8.719072,ACK,1153,16.052,,,1180672,"cum ack, base->1153"
8.720606,ACK,1154,16.114,,,1181696,"cum ack, base->1154"
8.720676,NAK,1154,16.114,,,1181696,
8.720692,FASTRETX,1154,14.324,,200.000,1181696,nak
8.720730,DUPACK,1154,14.324,,,1181696,
8.720762,NAK,1154,14.324,,,1181696,
8.720794,DUPACK,1154,14.324,,,1181696,
8.720824,NAK,1154,14.324,,,1181696,
8.720855,DUPACK,1154,14.324,,,1181696,
8.721649,RETX,1154,14.324,,200.000,1181696,
8.721860,RETX,1155,14.324,,200.000,1181696,
8.722070,RETX,1156,14.324,,200.000,1181696,
8.722340,RETX,1157,14.324,,200.000,1181696,
8.722731,RETX,1158,14.324,,200.000,1181696,
8.722953,RETX,1159,14.324,,200.000,1181696,
8.723163,RETX,1160,14.324,,200.000,1181696,
8.723584,RETX,1161,14.324,,200.000,1181696,
8.723921,RETX,1162,14.324,,200.000,1181696,
8.724181,RETX,1163,14.324,,200.000,1181696,
8.724489,RETX,1164,14.324,,200.000,1181696,
8.724696,RETX,1165,14.324,,200.000,1181696,
8.724901,RETX,1166,14.324,,200.000,1181696,
8.725359,SEND,1167,14.324,,200.000,1181696,
8.743477,NAK,1154,14.324,,,1181696,
8.749189,NAK,1154,14.324,,,1181696,
8.749252,DUPACK,1154,14.324,,,1181696,
8.751397,STATS,-1,14.324,,200.000,1181696,base=1154 next=1168
8.751658,NAK,1154,14.324,,,1181696,
8.752496,DUPACK,1154,14.324,,,1181696,
8.754144,NAK,1154,14.324,,,1181696,
8.754203,DUPACK,1154,14.324,,,1181696,
8.761336,NAK,1154,14.324,,,1181696,
8.761414,DUPACK,1154,14.324,,,1181696,
8.766212,NAK,1154,14.324,,,1181696,
8.766284,DUPACK,1154,14.324,,,1181696,
8.766320,NAK,1154,14.324,,,1181696,
8.766355,DUPACK,1154,14.324,,,1181696,
8.770315,NAK,1154,14.324,,,1181696,
8.770405,DUPACK,1154,14.324,,,1181696,
8.770464,ACK,1155,14.394,,,1182720,"cum ack, base->1155"
8.770511,ACK,1156,14.463,,,1183744,"cum ack, base->1156"
8.770554,ACK,1157,14.532,,,1184768,"cum ack, base->1157"
8.770830,ACK,1158,14.601,,,1185792,"cum ack, base->1158"
8.770881,ACK,1159,14.670,,,1186816,"cum ack, base->1159"
8.770923,ACK,1160,14.738,,,1187840,"cum ack, base->1160"
8.772134,SEND,1168,14.738,,200.000,1187840,
8.772387,SEND,1169,14.738,,200.000,1187840,
8.772909,SEND,1170,14.738,,200.000,1187840,
8.773166,SEND,1171,14.738,,200.000,1187840,
8.773378,SEND,1172,14.738,,200.000,1187840,
8.773617,SEND,1173,14.738,,200.000,1187840,
8.773779,ACK,1161,14.806,,,1188864,"cum ack, base->1161"
8.773849,ACK,1162,14.873,,,1189888,"cum ack, base->1162"
8.773893,ACK,1163,14.940,,,1190912,"cum ack, base->1163"
8.773933,ACK,1165,15.074,,,1192960,"cum ack, base->1165"
8.776463,SEND,1174,15.074,,200.000,1192960,
8.776689,SEND,1175,15.074,,200.000,1192960,
8.776897,SEND,1176,15.074,,200.000,1192960,
8.777100,SEND,1177,15.074,,200.000,1192960,
8.777360,SEND,1178,15.074,,200.000,1192960,
8.777581,SEND,1179,15.074,,200.000,1192960,
8.778429,ACK,1166,15.140,,,1193984,"cum ack, base->1166"
8.778497,ACK,1167,15.206,,,1195008,"cum ack, base->1167"
8.778539,ACK,1168,15.272,,,1196032,"cum ack, base->1168"
8.780739,SEND,1180,15.272,,200.000,1196032,
8.781503,SEND,1181,15.272,,200.000,1196032,
8.782201,SEND,1182,15.272,,200.000,1196032,
8.811273,ACK,1169,15.338,,,1197056,"cum ack, base->1169"
8.812273,SEND,1183,15.338,,200.000,1197056,
8.817964,ACK,1170,15.403,,,1198080,"cum ack, base->1170"
8.818055,ACK,1171,15.468,,,1199104,"cum ack, base->1171"
8.819337,ACK,1172,15.532,,,1200128,"cum ack, base->1172"
8.819418,ACK,1173,15.597,,,1201152,"cum ack, base->1173"
8.819473,ACK,1174,15.661,,,1202176,"cum ack, base->1174"
8.819523,ACK,1175,15.725,,,1203200,"cum ack, base->1175"
8.820299,SEND,1184,15.725,,200.000,1203200,
8.820719,SEND,1185,15.725,,200.000,1203200,
8.821774,SEND,1186,15.725,,200.000,1203200,
8.822100,SEND,1187,15.725,,200.000,1203200,
8.822556,SEND,1188,15.725,,200.000,1203200,
8.822903,SEND,1189,15.725,,200.000,1203200,
8.825830,ACK,1176,15.788,,,1204224,"cum ack, base->1176"
8.826129,SEND,1190,15.788,,200.000,1204224,
8.826194,ACK,1177,15.852,,,1205248,"cum ack, base->1177"
8.826270,ACK,1178,15.915,,,1206272,"cum ack, base->1178"
8.826314,ACK,1179,15.978,,,1207296,"cum ack, base->1179"
8.826347,ACK,1180,16.040,,,1208320,"cum ack, base->1180"
8.826378,ACK,1181,16.103,,,1209344,"cum ack, base->1181"
8.829019,SEND,1191,16.103,,200.000,1209344,
8.829219,SEND,1192,16.103,,200.000,1209344,
8.829388,SEND,1193,16.103,,200.000,1209344,
8.829564,SEND,1194,16.103,,200.000,1209344,
8.829815,SEND,1195,16.103,,200.000,1209344,
8.830014,SEND,1196,16.103,,200.000,1209344,
8.832760,ACK,1182,16.165,,,1210368,"cum ack, base->1182"
8.835417,SEND,1197,16.165,,200.000,1210368,
8.852105,STATS,-1,16.165,,200.000,1210368,base=1182 next=1198
8.853928,ACK,1184,16.288,,,1212416,"cum ack, base->1184"
8.855005,SEND,1198,16.288,,200.000,1212416,
8.856148,SEND,1199,16.288,,200.000,1212416,
8.872285,NAK,1184,16.288,,,1212416,
8.872322,FASTRETX,1184,14.478,,200.000,1212416,nak
8.872425,DUPACK,1184,14.478,,,1212416,
8.873553,NAK,1184,14.478,,,1212416,
8.873641,DUPACK,1184,14.478,,,1212416,
8.873686,NAK,1184,14.478,,,1212416,
8.873724,DUPACK,1184,14.478,,,1212416,
8.873758,NAK,1184,14.478,,,1212416,
8.875930,RETX,1184,14.478,,200.000,1212416,
8.876117,RETX,1185,14.478,,200.000,1212416,
8.876286,RETX,1186,14.478,,200.000,1212416,
8.876632,RETX,1187,14.478,,200.000,1212416,
8.876822,RETX,1188,14.478,,200.000,1212416,
8.876996,RETX,1189,14.478,,200.000,1212416,
8.877365,RETX,1190,14.478,,200.000,1212416,
8.877670,RETX,1191,14.478,,200.000,1212416,
8.877932,RETX,1192,14.478,,200.000,1212416,
8.878164,RETX,1193,14.478,,200.000,1212416,
8.878391,RETX,1194,14.478,,200.000,1212416,
8.878617,RETX,1195,14.478,,200.000,1212416,
8.878842,RETX,1196,14.478,,200.000,1212416,
8.879068,RETX,1197,14.478,,200.000,1212416,
8.879199,DUPACK,1184,14.478,,,1212416,
8.879269,NAK,1184,14.478,,,1212416,
8.879309,DUPACK,1184,14.478,,,1212416,
8.879339,NAK,1184,14.478,,,1212416,
8.879367,DUPACK,1184,14.478,,,1212416,
8.879393,NAK,1184,14.478,,,1212416,
8.879419,DUPACK,1184,14.478,,,1212416,
8.879444,NAK,1184,14.478,,,1212416,
8.879470,DUPACK,1184,14.478,,,1212416,
8.884093,NAK,1184,14.478,,,1212416,
8.884124,DUPACK,1184,14.478,,,1212416,
8.884173,NAK,1184,14.478,,,1212416,
8.884201,DUPACK,1184,14.478,,,1212416,
8.884224,NAK,1184,14.478,,,1212416,
8.884248,DUPACK,1184,14.478,,,1212416,
8.884269,NAK,1184,14.478,,,1212416,
8.884291,DUPACK,1184,14.478,,,1212416,
8.884347,NAK,1184,14.478,,,1212416,
8.884396,DUPACK,1184,14.478,,,1212416,
8.899086,NAK,1184,14.478,,,1212416,
8.899165,DUPACK,1184,14.478,,,1212416,
8.922675,ACK,1185,14.547,,,1213440,"cum ack, base->1185"
8.924620,RETX,1198,14.547,,200.000,1213440,
8.925722,ACK,1186,14.616,,,1214464,"cum ack, base->1186"
8.925785,ACK,1187,14.685,,,1215488,"cum ack, base->1187"
8.927015,RETX,1199,14.685,,200.000,1215488,
8.927199,SEND,1200,14.685,,200.000,1215488,
8.927316,ACK,1188,14.753,,,1216512,"cum ack, base->1188"
8.927370,ACK,1189,14.820,,,1217536,"cum ack, base->1189"
8.927406,ACK,1190,14.888,,,1218560,"cum ack, base->1190"
8.927461,ACK,1191,14.955,,,1219584,"cum ack, base->1191"
8.927497,ACK,1192,15.022,,,1220608,"cum ack, base->1192"
8.927529,ACK,1193,15.089,,,1221632,"cum ack, base->1193"
8.927560,ACK,1194,15.155,,,1222656,"cum ack, base->1194"
8.930347,SEND,1201,15.155,,200.000,1222656,
8.930573,SEND,1202,15.155,,200.000,1222656,
8.930801,SEND,1203,15.155,,200.000,1222656,
8.930980,SEND,1204,15.155,,200.000,1222656,
8.931149,SEND,1205,15.155,,200.000,1222656,
8.931320,SEND,1206,15.155,,200.000,1222656,
8.931490,SEND,1207,15.155,,200.000,1222656,
8.931660,SEND,1208,15.155,,200.000,1222656,
8.931778,ACK,1195,15.221,,,1223680,"cum ack, base->1195"
8.931884,ACK,1196,15.286,,,1224704,"cum ack, base->1196"
8.931921,ACK,1197,15.352,,,1225728,"cum ack, base->1197"
8.931955,ACK,1198,15.417,,,1226752,"cum ack, base->1198"
8.934146,SEND,1209,15.417,,200.000,1226752,
8.935615,SEND,1210,15.417,,200.000,1226752,
8.935805,SEND,1211,15.417,,200.000,1226752,
8.936064,SEND,1212,15.417,,200.000,1226752,
8.953927,STATS,-1,15.417,,200.000,1226752,base=1198 next=1213
8.958513,ACK,1199,15.482,,,1227776,"cum ack, base->1199"
8.959344,SEND,1213,15.482,,200.000,1227776,
8.983246,ACK,1200,15.546,,,1228800,"cum ack, base->1200"
8.983425,ACK,1201,15.611,,,1229824,"cum ack, base->1201"
8.983480,ACK,1202,15.675,,,1230848,"cum ack, base->1202"
8.983517,ACK,1203,15.739,,,1231872,"cum ack, base->1203"
8.983559,ACK,1204,15.802,,,1232896,"cum ack, base->1204"
8.983591,ACK,1205,15.865,,,1233920,"cum ack, base->1205"
8.983629,ACK,1206,15.929,,,1234944,"cum ack, base->1206"
8.983661,ACK,1207,15.991,,,1235968,"cum ack, base->1207"
8.983692,ACK,1208,16.054,,,1236992,"cum ack, base->1208"
8.983734,ACK,1209,16.116,,,1238016,"cum ack, base->1209"
8.983799,ACK,1210,16.178,,,1239040,"cum ack, base->1210"
8.983835,ACK,1211,16.240,,,1240064,"cum ack, base->1211"
8.983866,ACK,1212,16.302,,,1241088,"cum ack, base->1212"
8.983901,ACK,1213,16.363,,,1242112,"cum ack, base->1213"
8.985863,SEND,1214,16.363,,200.000,1242112,
8.986103,SEND,1215,16.363,,200.000,1242112,
8.986372,SEND,1216,16.363,,200.000,1242112,
8.986589,SEND,1217,16.363,,200.000,1242112,
8.986786,SEND,1218,16.363,,200.000,1242112,
8.986964,SEND,1219,16.363,,200.000,1242112,
8.987193,SEND,1220,16.363,,200.000,1242112,
8.988433,SEND,1221,16.363,,200.000,1242112,
8.988645,SEND,1222,16.363,,200.000,1242112,
8.988816,SEND,1223,16.363,,200.000,1242112,
8.989103,SEND,1224,16.363,,200.000,1242112,
8.989292,SEND,1225,16.363,,200.000,1242112,
8.989624,SEND,1226,16.363,,200.000,1242112,
8.989770,SEND,1227,16.363,,200.000,1242112,
8.989882,SEND,1228,16.363,,200.000,1242112,
9.005496,ACK,1214,16.424,,,1243136,"cum ack, base->1214"
9.008054,SEND,1229,16.424,,200.000,1243136,
9.026785,ACK,1215,16.485,,,1244160,"cum ack, base->1215"
9.028545,SEND,1230,16.485,,200.000,1244160,
9.030693,ACK,1216,16.546,,,1245184,"cum ack, base->1216"
9.031211,SEND,1231,16.546,,200.000,1245184,
9.036693,ACK,1218,16.666,,,1247232,"cum ack, base->1218"
9.036755,ACK,1219,16.726,,,1248256,"cum ack, base->1219"
9.036790,ACK,1220,16.786,,,1249280,"cum ack, base->1220"
9.039027,SEND,1232,16.786,,200.000,1249280,
9.039164,SEND,1233,16.786,,200.000,1249280,
9.039272,SEND,1234,16.786,,200.000,1249280,
9.039381,SEND,1235,16.786,,200.000,1249280,
9.039454,ACK,1221,16.846,,,1250304,"cum ack, base->1221"
9.039484,NAK,1221,16.846,,,1250304,
9.039491,FASTRETX,1221,14.974,,200.000,1250304,nak
9.039509,DUPACK,1221,14.974,,,1250304,
9.039522,NAK,1221,14.974,,,1250304,
9.039536,DUPACK,1221,14.974,,,1250304,
9.039548,DUPACK,1221,14.974,,,1250304,
9.039560,NAK,1221,14.974,,,1250304,
9.039572,DUPACK,1221,14.974,,,1250304,
9.039583,NAK,1221,14.974,,,1250304,
9.039595,DUPACK,1221,14.974,,,1250304,
9.039606,NAK,1221,14.974,,,1250304,
9.039617,DUPACK,1221,14.974,,,1250304,
9.039629,NAK,1221,14.974,,,1250304,
9.039640,DUPACK,1221,14.974,,,1250304,
9.042012,RETX,1221,14.974,,200.000,1250304,
9.042122,RETX,1222,14.974,,200.000,1250304,
9.042231,RETX,1223,14.974,,200.000,1250304,
9.042338,RETX,1224,14.974,,200.000,1250304,
9.042446,RETX,1225,14.974,,200.000,1250304,
9.042556,RETX,1226,14.974,,200.000,1250304,
9.042664,RETX,1227,14.974,,200.000,1250304,
9.042773,RETX,1228,14.974,,200.000,1250304,
9.042881,RETX,1229,14.974,,200.000,1250304,
9.042990,RETX,1230,14.974,,200.000,1250304,
9.043123,RETX,1231,14.974,,200.000,1250304,
9.043239,RETX,1232,14.974,,200.000,1250304,
9.043348,RETX,1233,14.974,,200.000,1250304,
9.043457,RETX,1234,14.974,,200.000,1250304,
9.052734,NAK,1221,14.974,,,1250304,
9.052826,DUPACK,1221,14.974,,,1250304,
9.056098,STATS,-1,14.974,,200.000,1250304,base=1221 next=1235
9.084267,NAK,1221,14.974,,,1250304,
9.084311,NAK,1221,14.974,,,1250304,
9.084329,DUPACK,1221,14.974,,,1250304,
9.084343,NAK,1221,14.974,,,1250304,
9.084358,NAK,1221,14.974,,,1250304,
9.084371,DUPACK,1221,14.974,,,1250304,
9.084385,NAK,1221,14.974,,,1250304,
9.086113,DUPACK,1221,14.974,,,1250304,
9.089860,ACK,1222,15.041,,,1251328,"cum ack, base->1222"
9.089925,ACK,1223,15.107,,,1252352,"cum ack, base->1223"
9.091900,RETX,1235,15.107,,200.000,1252352,
9.092123,SEND,1236,15.107,,200.000,1252352,
9.092294,SEND,1237,15.107,,200.000,1252352,
9.092894,ACK,1224,15.173,,,1253376,"cum ack, base->1224"
9.092951,NAK,1224,15.173,,,1253376,
9.092963,FASTRETX,1224,15.173,,200.000,1253376,nak
9.092995,DUPACK,1224,15.173,,,1253376,
9.093023,NAK,1224,15.173,,,1253376,
9.093049,DUPACK,1224,15.173,,,1253376,
9.093075,NAK,1224,15.173,,,1253376,
9.093104,DUPACK,1224,15.173,,,1253376,
9.093132,NAK,1224,15.173,,,1253376,
9.093158,DUPACK,1224,15.173,,,1253376,
9.093273,NAK,1224,15.173,,,1253376,
9.095083,RETX,1224,15.173,,200.000,1253376,
9.095320,RETX,1225,15.173,,200.000,1253376,
9.095491,RETX,1226,15.173,,200.000,1253376,
9.095659,RETX,1227,15.173,,200.000,1253376,
9.095830,RETX,1228,15.173,,200.000,1253376,
9.096001,RETX,1229,15.173,,200.000,1253376,
9.096168,RETX,1230,15.173,,200.000,1253376,
9.096426,RETX,1231,15.173,,200.000,1253376,
9.096646,RETX,1232,15.173,,200.000,1253376,
9.096814,RETX,1233,15.173,,200.000,1253376,
9.096980,RETX,1234,15.173,,200.000,1253376,
9.097146,RETX,1235,15.173,,200.000,1253376,
9.097323,RETX,1236,15.173,,200.000,1253376,
9.097447,RETX,1237,15.173,,200.000,1253376,
9.097556,SEND,1238,15.173,,200.000,1253376,
9.097621,DUPACK,1224,15.173,,,1253376,
9.097643,NAK,1224,15.173,,,1253376,
9.097659,DUPACK,1224,15.173,,,1253376,
9.097673,DUPACK,1224,15.173,,,1253376,
9.097686,NAK,1224,15.173,,,1253376,
9.097699,DUPACK,1224,15.173,,,1253376,
9.097712,NAK,1224,15.173,,,1253376,
9.097724,DUPACK,1224,15.173,,,1253376,
9.097736,NAK,1224,15.173,,,1253376,
9.097748,DUPACK,1224,15.173,,,1253376,
9.139015,NAK,1224,15.173,,,1253376,
9.145650,DUPACK,1224,15.173,,,1253376,
9.145682,NAK,1224,15.173,,,1253376,
9.145698,DUPACK,1224,15.173,,,1253376,
9.145721,ACK,1226,15.305,,,1255424,"cum ack, base->1226"
9.145735,NAK,1226,15.305,,,1255424,
9.145740,FASTRETX,1226,15.305,,200.000,1255424,nak
9.145754,DUPACK,1226,15.305,,,1255424,
9.146479,RETX,1226,15.305,,200.000,1255424,
9.146580,RETX,1227,15.305,,200.000,1255424,
9.146676,RETX,1228,15.305,,200.000,1255424,
9.146771,RETX,1229,15.305,,200.000,1255424,
9.146866,RETX,1230,15.305,,200.000,1255424,
9.146961,RETX,1231,15.305,,200.000,1255424,
9.147055,RETX,1232,15.305,,200.000,1255424,
9.147151,RETX,1233,15.305,,200.000,1255424,
9.147246,RETX,1234,15.305,,200.000,1255424,
9.147341,RETX,1235,15.305,,200.000,1255424,
9.147437,RETX,1236,15.305,,200.000,1255424,
9.147531,RETX,1237,15.305,,200.000,1255424,
9.147626,RETX,1238,15.305,,200.000,1255424,
9.147722,SEND,1239,15.305,,200.000,1255424,
9.147817,SEND,1240,15.305,,200.000,1255424,
9.149012,NAK,1226,15.305,,,1255424,
9.149032,DUPACK,1226,15.305,,,1255424,
9.149048,NAK,1226,15.305,,,1255424,
9.149067,NAK,1226,15.305,,,1255424,
9.149084,DUPACK,1226,15.305,,,1255424,
9.149098,NAK,1226,15.305,,,1255424,
9.149111,DUPACK,1226,15.305,,,1255424,
9.149123,NAK,1226,15.305,,,1255424,
9.149135,DUPACK,1226,15.305,,,1255424,
9.149156,NAK,1226,15.305,,,1255424,
9.149168,DUPACK,1226,15.305,,,1255424,
9.149187,NAK,1226,15.305,,,1255424,
9.149205,DUPACK,1226,15.305,,,1255424,
9.149217,NAK,1226,15.305,,,1255424,
9.149228,DUPACK,1226,15.305,,,1255424,
9.149240,NAK,1226,15.305,,,1255424,
9.149251,DUPACK,1226,15.305,,,1255424,
9.158003,STATS,-1,15.305,,200.000,1255424,base=1226 next=1241
9.188967,ACK,1227,15.370,,,1256448,"cum ack, base->1227"
9.191424,SEND,1241,15.370,,200.000,1256448,
9.195514,ACK,1228,15.435,,,1257472,"cum ack, base->1228"
9.195541,ACK,1229,15.500,,,1258496,"cum ack, base->1229"
9.195556,ACK,1230,15.565,,,1259520,"cum ack, base->1230"
9.195571,ACK,1231,15.629,,,1260544,"cum ack, base->1231"
9.195585,ACK,1232,15.693,,,1261568,"cum ack, base->1232"
9.196574,SEND,1242,15.693,,200.000,1261568,
9.196674,SEND,1243,15.693,,200.000,1261568,
9.196770,SEND,1244,15.693,,200.000,1261568,
9.196882,SEND,1245,15.693,,200.000,1261568,
9.196976,SEND,1246,15.693,,200.000,1261568,
9.199676,ACK,1233,15.757,,,1262592,"cum ack, base->1233"
9.199956,ACK,1234,15.820,,,1263616,"cum ack, base->1234"
9.199975,ACK,1235,15.883,,,1264640,"cum ack, base->1235"
9.199989,ACK,1236,15.946,,,1265664,"cum ack, base->1236"
9.200003,ACK,1237,16.009,,,1266688,"cum ack, base->1237"
9.200016,ACK,1238,16.071,,,1267712,"cum ack, base->1238"
9.200196,ACK,1239,16.134,,,1268736,"cum ack, base->1239"
9.200211,ACK,1240,16.196,,,1269760,"cum ack, base->1240"
9.200225,ACK,1241,16.257,,,1270784,"cum ack, base->1241"
9.202136,SEND,1247,16.257,,200.000,1270784,
9.202239,SEND,1248,16.257,,200.000,1270784,
9.202335,SEND,1249,16.257,,200.000,1270784,
9.202432,SEND,1250,16.257,,200.000,1270784,
9.202527,SEND,1251,16.257,,200.000,1270784,
9.202651,SEND,1252,16.257,,200.000,1270784,
9.202754,SEND,1253,16.257,,200.000,1270784,
9.202851,SEND,1254,16.257,,200.000,1270784,
9.202946,SEND,1255,16.257,,200.000,1270784,
9.203042,SEND,1256,16.257,,200.000,1270784,
9.226566,ACK,1242,16.319,,,1271808,"cum ack, base->1242"
9.228507,SEND,1257,16.319,,200.000,1271808,
9.236298,ACK,1243,16.380,,,1272832,"cum ack, base->1243"
9.238232,SEND,1258,16.380,,200.000,1272832,
9.239122,ACK,1244,16.441,,,1273856,"cum ack, base->1244"
9.241167,SEND,1259,16.441,,200.000,1273856,
9.246684,ACK,1245,16.502,,,1274880,"cum ack, base->1245"
9.246770,ACK,1246,16.563,,,1275904,"cum ack, base->1246"
9.246808,NAK,1246,16.563,,,1275904,
9.246823,FASTRETX,1246,14.722,,200.000,1275904,nak
9.246858,DUPACK,1246,14.722,,,1275904,
9.249397,RETX,1246,14.722,,200.000,1275904,
9.249652,RETX,1247,14.722,,200.000,1275904,
9.249863,RETX,1248,14.722,,200.000,1275904,
9.250064,RETX,1249,14.722,,200.000,1275904,
9.250267,RETX,1250,14.722,,200.000,1275904,
9.250472,RETX,1251,14.722,,200.000,1275904,
9.250675,RETX,1252,14.722,,200.000,1275904,
9.251988,RETX,1253,14.722,,200.000,1275904,
9.252105,RETX,1254,14.722,,200.000,1275904,
9.252201,RETX,1255,14.722,,200.000,1275904,
9.252325,RETX,1256,14.722,,200.000,1275904,
9.252422,RETX,1257,14.722,,200.000,1275904,
9.252519,RETX,1258,14.722,,200.000,1275904,
9.252646,RETX,1259,14.722,,200.000,1275904,
9.252710,NAK,1246,14.722,,,1275904,
9.252733,DUPACK,1246,14.722,,,1275904,
9.252747,NAK,1246,14.722,,,1275904,
9.252760,DUPACK,1246,14.722,,,1275904,
9.252772,NAK,1246,14.722,,,1275904,
9.252783,DUPACK,1246,14.722,,,1275904,
9.254766,NAK,1246,14.722,,,1275904,
9.254881,DUPACK,1246,14.722,,,1275904,
9.254917,DUPACK,1246,14.722,,,1275904,
9.254949,NAK,1246,14.722,,,1275904,
9.254981,DUPACK,1246,14.722,,,1275904,
9.255007,NAK,1246,14.722,,,1275904,
9.255032,DUPACK,1246,14.722,,,1275904,
9.255057,NAK,1246,14.722,,,1275904,
9.255085,DUPACK,1246,14.722,,,1275904,
9.255309,NAK,1246,14.722,,,1275904,
9.255352,DUPACK,1246,14.722,,,1275904,
9.259965,STATS,-1,14.722,,200.000,1275904,base=1246 next=1260
9.264383,NAK,1246,14.722,,,1275904,
9.269257,DUPACK,1246,14.722,,,1275904,
9.286141,NAK,1246,14.722,,,1275904,
9.286204,DUPACK,1246,14.722,,,1275904,
9.291144,NAK,1246,14.722,,,1275904,
9.291211,DUPACK,1246,14.722,,,1275904,
9.291259,ACK,1247,14.790,,,1276928,"cum ack, base->1247"
9.293463,SEND,1260,14.790,,200.000,1276928,
9.294660,ACK,1248,14.858,,,1277952,"cum ack, base->1248"
9.294725,ACK,1249,14.925,,,1278976,"cum ack, base->1249"
9.294822,NAK,1249,14.925,,,1278976,
9.294874,FASTRETX,1249,14.925,,200.000,1278976,nak
9.294954,DUPACK,1249,14.925,,,1278976,
9.295005,NAK,1249,14.925,,,1278976,
9.295043,DUPACK,1249,14.925,,,1278976,
9.295077,NAK,1249,14.925,,,1278976,
9.295111,DUPACK,1249,14.925,,,1278976,
9.295140,NAK,1249,14.925,,,1278976,
9.295918,RETX,1249,14.925,,200.000,1278976,
9.296299,RETX,1250,14.925,,200.000,1278976,
9.296743,RETX,1251,14.925,,200.000,1278976,
9.296958,RETX,1252,14.925,,200.000,1278976,
9.297170,RETX,1253,14.925,,200.000,1278976,
9.297379,RETX,1254,14.925,,200.000,1278976,
9.298110,RETX,1255,14.925,,200.000,1278976,
9.298366,RETX,1256,14.925,,200.000,1278976,
9.298576,RETX,1257,14.925,,200.000,1278976,
9.298779,RETX,1258,14.925,,200.000,1278976,
9.298988,RETX,1259,14.925,,200.000,1278976,
9.299191,RETX,1260,14.925,,200.000,1278976,
9.299393,SEND,1261,14.925,,200.000,1278976,
9.299569,SEND,1262,14.925,,200.000,1278976,
9.301962,DUPACK,1249,14.925,,,1278976,
9.302181,NAK,1249,14.925,,,1278976,
9.302265,DUPACK,1249,14.925,,,1278976,
9.304185,NAK,1249,14.925,,,1278976,
9.304277,DUPACK,1249,14.925,,,1278976,
9.304310,NAK,1249,14.925,,,1278976,
9.304434,DUPACK,1249,14.925,,,1278976,
9.304463,NAK,1249,14.925,,,1278976,
9.304563,DUPACK,1249,14.925,,,1278976,
9.304605,NAK,1249,14.925,,,1278976,
9.304636,DUPACK,1249,14.925,,,1278976,
9.329818,NAK,1249,14.925,,,1278976,
9.335632,DUPACK,1249,14.925,,,1278976,
9.352304,ACK,1250,14.992,,,1280000,"cum ack, base->1250"
9.352611,SEND,1263,14.992,,200.000,1280000,
9.352734,ACK,1251,15.059,,,1281024,"cum ack, base->1251"
9.352805,ACK,1252,15.125,,,1282048,"cum ack, base->1252"
9.352847,ACK,1253,15.191,,,1283072,"cum ack, base->1253"
9.352886,ACK,1254,15.257,,,1284096,"cum ack, base->1254"
9.352923,ACK,1255,15.323,,,1285120,"cum ack, base->1255"
9.352961,ACK,1256,15.388,,,1286144,"cum ack, base->1256"
9.352999,ACK,1257,15.453,,,1287168,"cum ack, base->1257"
9.353044,ACK,1259,15.582,,,1289216,"cum ack, base->1259"
9.353082,ACK,1260,15.646,,,1290240,"cum ack, base->1260"
9.353123,ACK,1262,15.774,,,1292288,"cum ack, base->1262"
9.353173,ACK,1263,15.837,,,1293312,"cum ack, base->1263"
9.355787,SEND,1264,15.837,,200.000,1293312,
9.356042,SEND,1265,15.837,,200.000,1293312,
9.356304,SEND,1266,15.837,,200.000,1293312,
9.356566,SEND,1267,15.837,,200.000,1293312,
9.356876,SEND,1268,15.837,,200.000,1293312,
9.357166,SEND,1269,15.837,,200.000,1293312,
9.357426,SEND,1270,15.837,,200.000,1293312,
9.357688,SEND,1271,15.837,,200.000,1293312,
9.357942,SEND,1272,15.837,,200.000,1293312,
9.358146,SEND,1273,15.837,,200.000,1293312,
9.358348,SEND,1274,15.837,,200.000,1293312,
9.358553,SEND,1275,15.837,,200.000,1293312,
9.358756,SEND,1276,15.837,,200.000,1293312,
9.358957,SEND,1277,15.837,,200.000,1293312,
9.361574,STATS,-1,15.837,,200.000,1293312,base=1263 next=1278
9.399384,ACK,1264,15.900,,,1294336,"cum ack, base->1264"
9.402336,SEND,1278,15.900,,200.000,1294336,
9.402481,ACK,1265,15.963,,,1295360,"cum ack, base->1265"
9.403327,ACK,1267,16.088,,,1297408,"cum ack, base->1267"
9.405278,SEND,1279,16.088,,200.000,1297408,
9.405538,SEND,1280,16.088,,200.000,1297408,
9.405741,SEND,1281,16.088,,200.000,1297408,
9.405926,SEND,1282,16.088,,200.000,1297408,
9.406023,ACK,1268,16.150,,,1298432,"cum ack, base->1268"
9.408701,SEND,1283,16.150,,200.000,1298432,
9.409477,ACK,1269,16.212,,,1299456,"cum ack, base->1269"
9.411519,SEND,1284,16.212,,200.000,1299456,
9.412455,ACK,1271,16.336,,,1301504,"cum ack, base->1271"
9.412892,ACK,1272,16.397,,,1302528,"cum ack, base->1272"
9.412962,ACK,1273,16.458,,,1303552,"cum ack, base->1273"
9.413000,ACK,1274,16.518,,,1304576,"cum ack, base->1274"
9.414082,SEND,1285,16.518,,200.000,1304576,
9.414272,SEND,1286,16.518,,200.000,1304576,
9.414475,SEND,1287,16.518,,200.000,1304576,
9.414656,SEND,1288,16.518,,200.000,1304576,
9.414824,SEND,1289,16.518,,200.000,1304576,
9.414957,ACK,1275,16.579,,,1305600,"cum ack, base->1275"
9.415016,ACK,1277,16.699,,,1307648,"cum ack, base->1277"
9.417340,SEND,1290,16.699,,200.000,1307648,
9.418958,SEND,1291,16.699,,200.000,1307648,
9.419323,SEND,1292,16.699,,200.000,1307648,
9.454783,ACK,1279,16.819,,,1309696,"cum ack, base->1279"
9.454849,ACK,1280,16.878,,,1310720,"cum ack, base->1280"
9.454884,ACK,1281,16.938,,,1311744,"cum ack, base->1281"
9.454917,ACK,1282,16.997,,,1312768,"cum ack, base->1282"
9.454948,ACK,1283,17.056,,,1313792,"cum ack, base->1283"
9.455797,SEND,1293,17.056,,200.000,1313792,
9.455987,SEND,1294,17.056,,200.000,1313792,
9.456100,SEND,1295,17.056,,200.000,1313792,
9.456197,SEND,1296,17.056,,200.000,1313792,
9.456292,SEND,1297,17.056,,200.000,1313792,
9.456387,SEND,1298,17.056,,200.000,1313792,
9.456482,SEND,1299,17.056,,200.000,1313792,
9.457646,ACK,1284,17.114,,,1314816,"cum ack, base->1284"
9.459103,SEND,1300,17.114,,200.000,1314816,
9.460255,ACK,1285,17.173,,,1315840,"cum ack, base->1285"
9.461780,SEND,1301,17.173,,200.000,1315840,
9.461789,STATS,-1,17.173,,200.000,1315840,base=1285 next=1302
9.463449,ACK,1286,17.231,,,1316864,"cum ack, base->1286"
9.464574,SEND,1302,17.231,,200.000,1316864,
9.465346,ACK,1287,17.289,,,1317888,"cum ack, base->1287"
9.465414,ACK,1288,17.347,,,1318912,"cum ack, base->1288"
9.465452,ACK,1289,17.404,,,1319936,"cum ack, base->1289"
9.465485,ACK,1290,17.462,,,1320960,"cum ack, base->1290"
9.467392,SEND,1303,17.462,,200.000,1320960,
9.468747,SEND,1304,17.462,,200.000,1320960,
9.469050,SEND,1305,17.462,,200.000,1320960,
9.469353,SEND,1306,17.462,,200.000,1320960,
9.469501,ACK,1291,17.519,,,1321984,"cum ack, base->1291"
9.469598,NAK,1291,17.519,,,1321984,
9.469623,FASTRETX,1291,15.573,,200.000,1321984,nak
9.469660,DUPACK,1291,15.573,,,1321984,
9.472057,RETX,1291,15.573,,200.000,1321984,
9.472164,RETX,1292,15.573,,200.000,1321984,
9.472261,RETX,1293,15.573,,200.000,1321984,
9.472357,RETX,1294,15.573,,200.000,1321984,
9.472453,RETX,1295,15.573,,200.000,1321984,
9.472547,RETX,1296,15.573,,200.000,1321984,
9.472644,RETX,1297,15.573,,200.000,1321984,
9.472739,RETX,1298,15.573,,200.000,1321984,
9.472835,RETX,1299,15.573,,200.000,1321984,
9.472941,RETX,1300,15.573,,200.000,1321984,
9.473036,RETX,1301,15.573,,200.000,1321984,
9.473132,RETX,1302,15.573,,200.000,1321984,
9.473227,RETX,1303,15.573,,200.000,1321984,
9.473322,RETX,1304,15.573,,200.000,1321984,
9.473418,RETX,1305,15.573,,200.000,1321984,
9.492757,NAK,1291,15.573,,,1321984,
9.493849,DUPACK,1291,15.573,,,1321984,
9.506841,NAK,1291,15.573,,,1321984,
9.506908,DUPACK,1291,15.573,,,1321984,
9.506942,NAK,1291,15.573,,,1321984,
9.506995,DUPACK,1291,15.573,,,1321984,
9.507032,NAK,1291,15.573,,,1321984,
9.507061,DUPACK,1291,15.573,,,1321984,
9.507087,DUPACK,1291,15.573,,,1321984,
9.507112,NAK,1291,15.573,,,1321984,
9.507141,DUPACK,1291,15.573,,,1321984,
9.507166,NAK,1291,15.573,,,1321984,
9.507191,DUPACK,1291,15.573,,,1321984,
9.514809,NAK,1291,15.573,,,1321984,
9.514884,DUPACK,1291,15.573,,,1321984,
9.514917,NAK,1291,15.573,,,1321984,
9.514949,DUPACK,1291,15.573,,,1321984,
9.516030,NAK,1291,15.573,,,1321984,
9.516208,DUPACK,1291,15.573,,,1321984,
9.520009,NAK,1291,15.573,,,1321984,
9.520113,DUPACK,1291,15.573,,,1321984,
9.520269,NAK,1291,15.573,,,1321984,
9.520344,DUPACK,1291,15.573,,,1321984,
9.520606,NAK,1291,15.573,,,1321984,
9.520681,DUPACK,1291,15.573,,,1321984,
9.521161,ACK,1292,15.637,,,1323008,"cum ack, base->1292"
9.522483,RETX,1306,15.637,,200.000,1323008,
9.525349,ACK,1293,15.701,,,1324032,"cum ack, base->1293"
9.525428,ACK,1294,15.764,,,1325056,"cum ack, base->1294"
9.525476,ACK,1295,15.828,,,1326080,"cum ack, base->1295"
9.525525,ACK,1296,15.891,,,1327104,"cum ack, base->1296"
9.525567,ACK,1297,15.954,,,1328128,"cum ack, base->1297"
9.525605,ACK,1298,16.017,,,1329152,"cum ack, base->1298"
9.525642,ACK,1299,16.079,,,1330176,"cum ack, base->1299"
9.525679,ACK,1300,16.141,,,1331200,"cum ack, base->1300"
9.525716,ACK,1301,16.203,,,1332224,"cum ack, base->1301"
9.525753,ACK,1302,16.265,,,1333248,"cum ack, base->1302"
9.525823,ACK,1303,16.326,,,1334272,"cum ack, base->1303"
9.525879,ACK,1304,16.388,,,1335296,"cum ack, base->1304"
9.525930,ACK,1305,16.449,,,1336320,"cum ack, base->1305"
9.525970,ACK,1306,16.509,,,1337344,"cum ack, base->1306"
9.527877,SEND,1307,16.509,,200.000,1337344,
9.528100,SEND,1308,16.509,,200.000,1337344,
9.528307,SEND,1309,16.509,,200.000,1337344,
9.528510,SEND,1310,16.509,,200.000,1337344,
9.528714,SEND,1311,16.509,,200.000,1337344,
9.529060,SEND,1312,16.509,,200.000,1337344,
9.529277,SEND,1313,16.509,,200.000,1337344,
9.529479,SEND,1314,16.509,,200.000,1337344,
9.529680,SEND,1315,16.509,,200.000,1337344,
9.529881,SEND,1316,16.509,,200.000,1337344,
9.530132,SEND,1317,16.509,,200.000,1337344,
9.530309,SEND,1318,16.509,,200.000,1337344,
9.530474,SEND,1319,16.509,,200.000,1337344,
9.530641,SEND,1320,16.509,,200.000,1337344,
9.530805,SEND,1321,16.509,,200.000,1337344,
9.562337,STATS,-1,16.509,,200.000,1337344,base=1306 next=1322
9.563986,ACK,1307,16.570,,,1338368,"cum ack, base->1307"
9.564886,SEND,1322,16.570,,200.000,1338368,
9.570361,ACK,1308,16.630,,,1339392,"cum ack, base->1308"
9.572231,SEND,1323,16.630,,200.000,1339392,
9.577463,ACK,1309,16.691,,,1340416,"cum ack, base->1309"
9.577489,ACK,1311,16.810,,,1342464,"cum ack, base->1311"
9.577504,ACK,1312,16.870,,,1343488,"cum ack, base->1312"
9.577517,ACK,1313,16.929,,,1344512,"cum ack, base->1313"
9.579386,ACK,1314,16.988,,,1345536,"cum ack, base->1314"
9.579413,ACK,1315,17.047,,,1346560,"cum ack, base->1315"
9.579430,ACK,1316,17.105,,,1347584,"cum ack, base->1316"
9.579444,ACK,1317,17.164,,,1348608,"cum ack, base->1317"
9.579457,ACK,1318,17.222,,,1349632,"cum ack, base->1318"
9.579470,ACK,1319,17.280,,,1350656,"cum ack, base->1319"
9.579486,ACK,1320,17.338,,,1351680,"cum ack, base->1320"
9.579499,ACK,1321,17.396,,,1352704,"cum ack, base->1321"
9.579512,ACK,1322,17.453,,,1353728,"cum ack, base->1322"
9.579902,SEND,1324,17.453,,200.000,1353728,
9.580007,SEND,1325,17.453,,200.000,1353728,
9.580104,SEND,1326,17.453,,200.000,1353728,
9.580199,SEND,1327,17.453,,200.000,1353728,
9.580294,SEND,1328,17.453,,200.000,1353728,
9.580400,SEND,1329,17.453,,200.000,1353728,
9.580496,SEND,1330,17.453,,200.000,1353728,
9.580591,SEND,1331,17.453,,200.000,1353728,
9.580686,SEND,1332,17.453,,200.000,1353728,
9.580783,SEND,1333,17.453,,200.000,1353728,
9.580878,SEND,1334,17.453,,200.000,1353728,
9.580973,SEND,1335,17.453,,200.000,1353728,
9.581067,SEND,1336,17.453,,200.000,1353728,
9.581162,SEND,1337,17.453,,200.000,1353728,
9.581257,SEND,1338,17.453,,200.000,1353728,
9.618851,ACK,1323,17.511,,,1354752,"cum ack, base->1323"
9.620422,ACK,1324,17.568,,,1355776,"cum ack, base->1324"
9.621230,SEND,1339,17.568,,200.000,1355776,
9.621324,SEND,1340,17.568,,200.000,1355776,
9.621895,ACK,1325,17.625,,,1356800,"cum ack, base->1325"
9.621919,ACK,1326,17.681,,,1357824,"cum ack, base->1326"
9.624172,SEND,1341,17.681,,200.000,1357824,
9.624371,SEND,1342,17.681,,200.000,1357824,
9.629839,ACK,1327,17.738,,,1358848,"cum ack, base->1327"
9.629903,ACK,1328,17.794,,,1359872,"cum ack, base->1328"
9.629939,ACK,1329,17.851,,,1360896,"cum ack, base->1329"
9.630000,ACK,1330,17.907,,,1361920,"cum ack, base->1330"
9.630068,ACK,1331,17.962,,,1362944,"cum ack, base->1331"
9.630117,ACK,1332,18.018,,,1363968,"cum ack, base->1332"
9.630157,ACK,1333,18.074,,,1364992,"cum ack, base->1333"
9.630190,ACK,1334,18.129,,,1366016,"cum ack, base->1334"
9.630222,ACK,1335,18.184,,,1367040,"cum ack, base->1335"
9.632249,SEND,1343,18.184,,200.000,1367040,
9.632495,SEND,1344,18.184,,200.000,1367040,
9.632804,SEND,1345,18.184,,200.000,1367040,
9.633197,SEND,1346,18.184,,200.000,1367040,
9.633958,SEND,1347,18.184,,200.000,1367040,
9.634426,SEND,1348,18.184,,200.000,1367040,
9.634654,SEND,1349,18.184,,200.000,1367040,
9.634754,SEND,1350,18.184,,200.000,1367040,
9.634851,SEND,1351,18.184,,200.000,1367040,
9.634947,SEND,1352,18.184,,200.000,1367040,
9.635042,ACK,1336,18.239,,,1368064,"cum ack, base->1336"
9.635067,ACK,1337,18.294,,,1369088,"cum ack, base->1337"
9.635083,ACK,1338,18.349,,,1370112,"cum ack, base->1338"
9.635098,ACK,1339,18.403,,,1371136,"cum ack, base->1339"
9.637646,SEND,1353,18.403,,200.000,1371136,
9.637834,SEND,1354,18.403,,200.000,1371136,
9.637943,SEND,1355,18.403,,200.000,1371136,
9.638042,SEND,1356,18.403,,200.000,1371136,
9.659341,ACK,1340,18.457,,,1372160,"cum ack, base->1340"
9.661312,SEND,1357,18.457,,200.000,1372160,
9.663755,STATS,-1,18.457,,200.000,1372160,base=1340 next=1358
9.669563,ACK,1341,18.512,,,1373184,"cum ack, base->1341"
9.670017,ACK,1342,18.566,,,1374208,"cum ack, base->1342"
9.670041,ACK,1343,18.619,,,1375232,"cum ack, base->1343"
9.670056,ACK,1344,18.673,,,1376256,"cum ack, base->1344"
9.671860,SEND,1358,18.673,,200.000,1376256,
9.671973,SEND,1359,18.673,,200.000,1376256,
9.672073,SEND,1360,18.673,,200.000,1376256,
9.672171,SEND,1361,18.673,,200.000,1376256,
9.678428,ACK,1345,18.727,,,1377280,"cum ack, base->1345"
9.678529,ACK,1346,18.780,,,1378304,"cum ack, base->1346"
9.680072,SEND,1362,18.780,,200.000,1378304,
9.680266,SEND,1363,18.780,,200.000,1378304,
9.685890,ACK,1347,18.833,,,1379328,"cum ack, base->1347"
9.686013,ACK,1348,18.886,,,1380352,"cum ack, base->1348"
9.686063,ACK,1349,18.939,,,1381376,"cum ack, base->1349"
9.686104,ACK,1350,18.992,,,1382400,"cum ack, base->1350"
9.686143,ACK,1351,19.045,,,1383424,"cum ack, base->1351"
9.686182,ACK,1352,19.097,,,1384448,"cum ack, base->1352"
9.686219,ACK,1353,19.150,,,1385472,"cum ack, base->1353"
9.686256,ACK,1354,19.202,,,1386496,"cum ack, base->1354"
9.686295,ACK,1355,19.254,,,1387520,"cum ack, base->1355"
9.688167,SEND,1364,19.254,,200.000,1387520,
9.688418,SEND,1365,19.254,,200.000,1387520,
9.688600,SEND,1366,19.254,,200.000,1387520,
9.688789,SEND,1367,19.254,,200.000,1387520,
9.689005,SEND,1368,19.254,,200.000,1387520,
9.689191,SEND,1369,19.254,,200.000,1387520,
9.689425,SEND,1370,19.254,,200.000,1387520,
9.689632,SEND,1371,19.254,,200.000,1387520,
9.689841,SEND,1372,19.254,,200.000,1387520,
9.690080,SEND,1373,19.254,,200.000,1387520,
9.690264,ACK,1356,19.306,,,1388544,"cum ack, base->1356"
9.690324,ACK,1357,19.358,,,1389568,"cum ack, base->1357"
9.692855,SEND,1374,19.358,,200.000,1389568,
9.693037,SEND,1375,19.358,,200.000,1389568,
9.694438,ACK,1358,19.409,,,1390592,"cum ack, base->1358"
9.695807,SEND,1376,19.409,,200.000,1390592,
9.707416,ACK,1359,19.461,,,1391616,"cum ack, base->1359"
9.708810,SEND,1377,19.461,,200.000,1391616,
9.710818,ACK,1360,19.512,,,1392640,"cum ack, base->1360"
9.711681,SEND,1378,19.512,,200.000,1392640,
9.713891,ACK,1361,19.564,,,1393664,"cum ack, base->1361"
9.714164,SEND,1379,19.564,,200.000,1393664,
9.722838,ACK,1362,19.615,,,1394688,"cum ack, base->1362"
9.722865,ACK,1363,19.666,,,1395712,"cum ack, base->1363"
9.724434,SEND,1380,19.666,,200.000,1395712,
9.724537,SEND,1381,19.666,,200.000,1395712,
9.725661,ACK,1364,19.716,,,1396736,"cum ack, base->1364"
9.727161,SEND,1382,19.716,,200.000,1396736,
9.730177,ACK,1365,19.767,,,1397760,"cum ack, base->1365"
9.730245,NAK,1365,19.767,,,1397760,
9.730260,FASTRETX,1365,17.571,,200.000,1397760,nak
9.732457,RETX,1365,17.571,,200.000,1397760,
9.732684,RETX,1366,17.571,,200.000,1397760,
9.732857,RETX,1367,17.571,,200.000,1397760,
9.733024,RETX,1368,17.571,,200.000,1397760,
9.733192,RETX,1369,17.571,,200.000,1397760,
9.733359,RETX,1370,17.571,,200.000,1397760,
9.733526,RETX,1371,17.571,,200.000,1397760,
9.733688,RETX,1372,17.571,,200.000,1397760,
9.733856,RETX,1373,17.571,,200.000,1397760,
9.734018,RETX,1374,17.571,,200.000,1397760,
9.734184,RETX,1375,17.571,,200.000,1397760,
9.734479,RETX,1376,17.571,,200.000,1397760,
9.734671,RETX,1377,17.571,,200.000,1397760,
9.734774,RETX,1378,17.571,,200.000,1397760,
9.734870,RETX,1379,17.571,,200.000,1397760,
9.734966,RETX,1380,17.571,,200.000,1397760,
9.735087,RETX,1381,17.571,,200.000,1397760,
9.741973,DUPACK,1365,17.571,,,1397760,
9.742012,NAK,1365,17.571,,,1397760,
9.742030,DUPACK,1365,17.571,,,1397760,
9.742043,NAK,1365,17.571,,,1397760,
9.742057,DUPACK,1365,17.571,,,1397760,
9.742075,NAK,1365,17.571,,,1397760,
9.742088,DUPACK,1365,17.571,,,1397760,
9.742099,NAK,1365,17.571,,,1397760,
9.742111,DUPACK,1365,17.571,,,1397760,
9.742122,NAK,1365,17.571,,,1397760,
9.742133,DUPACK,1365,17.571,,,1397760,
9.742144,NAK,1365,17.571,,,1397760,
9.742154,DUPACK,1365,17.571,,,1397760,
9.742164,NAK,1365,17.571,,,1397760,
9.742174,DUPACK,1365,17.571,,,1397760,
9.742184,NAK,1365,17.571,,,1397760,
9.742195,DUPACK,1365,17.571,,,1397760,
9.742205,NAK,1365,17.571,,,1397760,
9.747080,DUPACK,1365,17.571,,,1397760,
9.747146,NAK,1365,17.571,,,1397760,
9.748523,DUPACK,1365,17.571,,,1397760,
9.765449,STATS,-1,17.571,,200.000,1397760,base=1365 next=1382
9.775284,NAK,1365,17.571,,,1397760,
9.775353,DUPACK,1365,17.571,,,1397760,
9.775383,NAK,1365,17.571,,,1397760,
9.775411,DUPACK,1365,17.571,,,1397760,
9.775436,DUPACK,1365,17.571,,,1397760,
9.775467,NAK,1365,17.571,,,1397760,
9.781474,DUPACK,1365,17.571,,,1397760,
9.783364,NAK,1365,17.571,,,1397760,
9.783431,DUPACK,1365,17.571,,,1397760,
9.783466,NAK,1365,17.571,,,1397760,
9.783500,DUPACK,1365,17.571,,,1397760,
9.783536,NAK,1365,17.571,,,1397760,
9.787505,DUPACK,1365,17.571,,,1397760,
9.787659,NAK,1365,17.571,,,1397760,
9.787721,DUPACK,1365,17.571,,,1397760,
9.787821,NAK,1365,17.571,,,1397760,
9.788200,DUPACK,1365,17.571,,,1397760,
9.788244,NAK,1365,17.571,,,1397760,
9.788446,DUPACK,1365,17.571,,,1397760,
9.788478,NAK,1365,17.571,,,1397760,
9.788507,DUPACK,1365,17.571,,,1397760,
9.788553,NAK,1365,17.571,,,1397760,
9.789363,DUPACK,1365,17.571,,,1397760,
9.789384,NAK,1365,17.571,,,1397760,
9.789399,DUPACK,1365,17.571,,,1397760,
9.789417,NAK,1365,17.571,,,1397760,
9.789435,DUPACK,1365,17.571,,,1397760,
9.789446,NAK,1365,17.571,,,1397760,
9.789461,DUPACK,1365,17.571,,,1397760,
9.789476,NAK,1365,17.571,,,1397760,
9.789487,DUPACK,1365,17.571,,,1397760,
9.789498,NAK,1365,17.571,,,1397760,
9.789508,DUPACK,1365,17.571,,,1397760,
9.867277,STATS,-1,17.571,,200.000,1397760,base=1365 next=1382
9.932716,TIMEOUT,1365,17.571,,200.000,1397760,timeout
9.935408,RETX,1365,17.571,,200.000,1397760,
9.935510,RETX,1366,17.571,,200.000,1397760,
9.935608,RETX,1367,17.571,,200.000,1397760,
9.935703,RETX,1368,17.571,,200.000,1397760,
9.935870,RETX,1369,17.571,,200.000,1397760,
9.935974,RETX,1370,17.571,,200.000,1397760,
9.936072,RETX,1371,17.571,,200.000,1397760,
9.936167,RETX,1372,17.571,,200.000,1397760,
9.936262,RETX,1373,17.571,,200.000,1397760,
9.936358,RETX,1374,17.571,,200.000,1397760,
9.936454,RETX,1375,17.571,,200.000,1397760,
9.936554,RETX,1376,17.571,,200.000,1397760,
9.936650,RETX,1377,17.571,,200.000,1397760,
9.936745,RETX,1378,17.571,,200.000,1397760,
9.936839,RETX,1379,17.571,,200.000,1397760,
9.936933,RETX,1380,17.571,,200.000,1397760,
9.937028,RETX,1381,17.571,,200.000,1397760,
9.967371,STATS,-1,17.571,,200.000,1397760,base=1365 next=1382
9.974969,ACK,1366,17.628,,,1398784,"cum ack, base->1366"
9.975234,RETX,1382,17.628,,200.000,1398784,
9.975327,ACK,1367,17.684,,,1399808,"cum ack, base->1367"
9.978091,SEND,1383,17.684,,200.000,1399808,
9.989331,ACK,1368,17.741,,,1400832,"cum ack, base->1368"
9.989416,ACK,1369,17.797,,,1401856,"cum ack, base->1369"
9.989453,ACK,1370,17.854,,,1402880,"cum ack, base->1370"
9.989482,NAK,1370,17.854,,,1402880,
9.989494,FASTRETX,1370,17.854,,200.000,1402880,nak
9.989523,DUPACK,1370,17.854,,,1402880,
9.989550,NAK,1370,17.854,,,1402880,
9.989576,DUPACK,1370,17.854,,,1402880,
9.989601,NAK,1370,17.854,,,1402880,
9.989626,DUPACK,1370,17.854,,,1402880,
9.989650,NAK,1370,17.854,,,1402880,
9.989675,DUPACK,1370,17.854,,,1402880,
9.989701,NAK,1370,17.854,,,1402880,
9.989727,DUPACK,1370,17.854,,,1402880,
9.989751,NAK,1370,17.854,,,1402880,
9.989777,DUPACK,1370,17.854,,,1402880,
9.989801,NAK,1370,17.854,,,1402880,
9.989826,DUPACK,1370,17.854,,,1402880,
9.989850,NAK,1370,17.854,,,1402880,
9.989874,DUPACK,1370,17.854,,,1402880,
9.989910,NAK,1370,17.854,,,1402880,
9.989934,DUPACK,1370,17.854,,,1402880,
9.989958,NAK,1370,17.854,,,1402880,
9.989982,DUPACK,1370,17.854,,,1402880,
9.990006,NAK,1370,17.854,,,1402880,
9.990031,DUPACK,1370,17.854,,,1402880,
9.991029,RETX,1370,17.854,,200.000,1402880,
9.991215,RETX,1371,17.854,,200.000,1402880,
9.991388,RETX,1372,17.854,,200.000,1402880,
9.991609,RETX,1373,17.854,,200.000,1402880,
9.991792,RETX,1374,17.854,,200.000,1402880,
9.991957,RETX,1375,17.854,,200.000,1402880,
9.992134,RETX,1376,17.854,,200.000,1402880,
9.992328,RETX,1377,17.854,,200.000,1402880,
9.992531,RETX,1378,17.854,,200.000,1402880,
9.992732,RETX,1379,17.854,,200.000,1402880,
9.993008,RETX,1380,17.854,,200.000,1402880,
9.993234,RETX,1381,17.854,,200.000,1402880,
9.993722,RETX,1382,17.854,,200.000,1402880,
9.993999,RETX,1383,17.854,,200.000,1402880,
9.994206,SEND,1384,17.854,,200.000,1402880,
9.994395,SEND,1385,17.854,,200.000,1402880,
9.994563,SEND,1386,17.854,,200.000,1402880,
10.016490,NAK,1370,17.854,,,1402880,
10.016904,DUPACK,1370,17.854,,,1402880,
10.020046,NAK,1370,17.854,,,1402880,
10.024816,DUPACK,1370,17.854,,,1402880,
10.030899,ACK,1371,17.910,,,1403904,"cum ack, base->1371"
10.032942,SEND,1387,17.910,,200.000,1403904,
10.036710,NAK,1371,17.910,,,1403904,
10.036742,FASTRETX,1371,17.910,,200.000,1403904,nak
10.036786,DUPACK,1371,17.910,,,1403904,
10.037138,NAK,1371,17.910,,,1403904,
10.037175,DUPACK,1371,17.910,,,1403904,
10.039151,RETX,1371,17.910,,200.000,1403904,
10.039340,RETX,1372,17.910,,200.000,1403904,
10.039515,RETX,1373,17.910,,200.000,1403904,
10.039683,RETX,1374,17.910,,200.000,1403904,
10.039853,RETX,1375,17.910,,200.000,1403904,
10.040019,RETX,1376,17.910,,200.000,1403904,
10.040192,RETX,1377,17.910,,200.000,1403904,
10.040360,RETX,1378,17.910,,200.000,1403904,
10.040527,RETX,1379,17.910,,200.000,1403904,
10.040694,RETX,1380,17.910,,200.000,1403904,
10.040862,RETX,1381,17.910,,200.000,1403904,
10.041026,RETX,1382,17.910,,200.000,1403904,
10.041206,RETX,1383,17.910,,200.000,1403904,
10.041376,RETX,1384,17.910,,200.000,1403904,
10.041528,RETX,1385,17.910,,200.000,1403904,
10.041628,RETX,1386,17.910,,200.000,1403904,
10.041714,RETX,1387,17.910,,200.000,1403904,
10.041779,NAK,1371,17.910,,,1403904,
10.041805,DUPACK,1371,17.910,,,1403904,
10.041818,NAK,1371,17.910,,,1403904,
10.041829,DUPACK,1371,17.910,,,1403904,
10.041840,NAK,1371,17.910,,,1403904,
10.041851,NAK,1371,17.910,,,1403904,
10.041861,DUPACK,1371,17.910,,,1403904,
10.041870,NAK,1371,17.910,,,1403904,
10.041879,DUPACK,1371,17.910,,,1403904,
10.041888,NAK,1371,17.910,,,1403904,
10.041898,DUPACK,1371,17.910,,,1403904,
10.041907,NAK,1371,17.910,,,1403904,
10.041916,DUPACK,1371,17.910,,,1403904,
10.043554,NAK,1371,17.910,,,1403904,
10.043641,DUPACK,1371,17.910,,,1403904,
10.043694,NAK,1371,17.910,,,1403904,
10.043738,DUPACK,1371,17.910,,,1403904,
10.043768,NAK,1371,17.910,,,1403904,
10.045862,DUPACK,1371,17.910,,,1403904,
10.046630,NAK,1371,17.910,,,1403904,
10.046684,DUPACK,1371,17.910,,,1403904,
10.069259,STATS,-1,17.910,,200.000,1403904,base=1371 next=1388
10.070436,NAK,1371,17.910,,,1403904,
10.072017,DUPACK,1371,17.910,,,1403904,
10.087869,ACK,1372,17.965,,,1404928,"cum ack, base->1372"
10.087996,ACK,1375,18.132,,,1408000,"cum ack, base->1375"
10.088064,ACK,1376,18.187,,,1409024,"cum ack, base->1376"
10.088107,ACK,1377,18.242,,,1410048,"cum ack, base->1377"
10.088902,SEND,1388,18.242,,200.000,1410048,
10.089164,SEND,1389,18.242,,200.000,1410048,
10.089369,SEND,1390,18.242,,200.000,1410048,
10.089572,SEND,1391,18.242,,200.000,1410048,
10.089777,SEND,1392,18.242,,200.000,1410048,
10.089983,SEND,1393,18.242,,200.000,1410048,
10.090281,SEND,1394,18.242,,200.000,1410048,
10.091247,ACK,1378,18.297,,,1411072,"cum ack, base->1378"
10.091312,ACK,1379,18.352,,,1412096,"cum ack, base->1379"
10.091347,ACK,1380,18.406,,,1413120,"cum ack, base->1380"
10.091383,ACK,1381,18.460,,,1414144,"cum ack, base->1381"
10.093036,SEND,1395,18.460,,200.000,1414144,
10.093333,SEND,1396,18.460,,200.000,1414144,
10.093547,SEND,1397,18.460,,200.000,1414144,
10.093739,SEND,1398,18.460,,200.000,1414144,
10.093876,ACK,1382,18.515,,,1415168,"cum ack, base->1382"
10.093926,DUPACK,1382,18.515,,,1415168,
10.093961,NAK,1382,18.515,,,1415168,
10.093979,FASTRETX,1382,18.515,,200.000,1415168,nak
10.094030,DUPACK,1382,18.515,,,1415168,
10.094068,NAK,1382,18.515,,,1415168,
10.094101,DUPACK,1382,18.515,,,1415168,
10.094127,NAK,1382,18.515,,,1415168,
10.094155,DUPACK,1382,18.515,,,1415168,
10.096533,RETX,1382,18.515,,200.000,1415168,
10.096719,RETX,1383,18.515,,200.000,1415168,
10.096888,RETX,1384,18.515,,200.000,1415168,
10.097056,RETX,1385,18.515,,200.000,1415168,
10.097224,RETX,1386,18.515,,200.000,1415168,
10.097393,RETX,1387,18.515,,200.000,1415168,
10.097561,RETX,1388,18.515,,200.000,1415168,
10.097738,RETX,1389,18.515,,200.000,1415168,
10.097970,RETX,1390,18.515,,200.000,1415168,
10.098141,RETX,1391,18.515,,200.000,1415168,
10.098307,RETX,1392,18.515,,200.000,1415168,
10.098473,RETX,1393,18.515,,200.000,1415168,
10.098676,RETX,1394,18.515,,200.000,1415168,
10.098797,RETX,1395,18.515,,200.000,1415168,
10.098897,RETX,1396,18.515,,200.000,1415168,
10.098994,RETX,1397,18.515,,200.000,1415168,
10.099089,RETX,1398,18.515,,200.000,1415168,
10.099186,SEND,1399,18.515,,200.000,1415168,
10.128826,NAK,1382,18.515,,,1415168,
10.128858,DUPACK,1382,18.515,,,1415168,
10.129773,NAK,1382,18.515,,,1415168,
10.131770,DUPACK,1382,18.515,,,1415168,
10.131788,NAK,1382,18.515,,,1415168,
10.131802,DUPACK,1382,18.515,,,1415168,
10.131815,NAK,1382,18.515,,,1415168,
10.131827,DUPACK,1382,18.515,,,1415168,
10.131839,NAK,1382,18.515,,,1415168,
10.131852,DUPACK,1382,18.515,,,1415168,
10.131864,NAK,1382,18.515,,,1415168,
10.135368,DUPACK,1382,18.515,,,1415168,
10.135386,NAK,1382,18.515,,,1415168,
10.135400,DUPACK,1382,18.515,,,1415168,
10.135412,NAK,1382,18.515,,,1415168,
10.135425,DUPACK,1382,18.515,,,1415168,
10.145224,NAK,1382,18.515,,,1415168,
10.145307,DUPACK,1382,18.515,,,1415168,
10.145344,NAK,1382,18.515,,,1415168,
10.145379,NAK,1382,18.515,,,1415168,
10.145481,DUPACK,1382,18.515,,,1415168,
10.145568,ACK,1383,18.569,,,1416192,"cum ack, base->1383"
10.145810,ACK,1384,18.622,,,1417216,"cum ack, base->1384"
10.145858,ACK,1385,18.676,,,1418240,"cum ack, base->1385"
10.146153,SEND,1400,18.676,,200.000,1418240,
10.146557,SEND,1401,18.676,,200.000,1418240,
10.146778,SEND,1402,18.676,,200.000,1418240,
10.152278,ACK,1386,18.730,,,1419264,"cum ack, base->1386"
10.152341,ACK,1387,18.783,,,1420288,"cum ack, base->1387"
10.152379,ACK,1388,18.836,,,1421312,"cum ack, base->1388"
10.152412,ACK,1389,18.889,,,1422336,"cum ack, base->1389"
10.152443,ACK,1390,18.942,,,1423360,"cum ack, base->1390"
10.152556,ACK,1391,18.995,,,1424384,"cum ack, base->1391"
10.152719,ACK,1392,19.048,,,1425408,"cum ack, base->1392"
10.152761,ACK,1393,19.100,,,1426432,"cum ack, base->1393"
10.152796,ACK,1394,19.153,,,1427456,"cum ack, base->1394"
10.152828,ACK,1395,19.205,,,1428480,"cum ack, base->1395"
10.152859,ACK,1396,19.257,,,1429504,"cum ack, base->1396"
10.152889,ACK,1397,19.309,,,1430528,"cum ack, base->1397"
10.152920,ACK,1398,19.361,,,1431552,"cum ack, base->1398"
10.153093,ACK,1399,19.412,,,1432576,"cum ack, base->1399"
10.153127,ACK,1400,19.464,,,1433600,"cum ack, base->1400"
10.154922,SEND,1403,19.464,,200.000,1433600,
10.155113,SEND,1404,19.464,,200.000,1433600,
10.155354,SEND,1405,19.464,,200.000,1433600,
10.155525,SEND,1406,19.464,,200.000,1433600,
10.155692,SEND,1407,19.464,,200.000,1433600,
10.155880,SEND,1408,19.464,,200.000,1433600,
10.156046,SEND,1409,19.464,,200.000,1433600,
10.156213,SEND,1410,19.464,,200.000,1433600,
10.156382,SEND,1411,19.464,,200.000,1433600,
10.156552,SEND,1412,19.464,,200.000,1433600,
10.156866,SEND,1413,19.464,,200.000,1433600,
10.157341,SEND,1414,19.464,,200.000,1433600,
10.157516,SEND,1415,19.464,,200.000,1433600,
10.157741,SEND,1416,19.464,,200.000,1433600,
10.157866,SEND,1417,19.464,,200.000,1433600,
10.157975,SEND,1418,19.464,,200.000,1433600,
10.171178,STATS,-1,19.464,,200.000,1433600,base=1400 next=1419
10.188221,ACK,1401,19.515,,,1434624,"cum ack, base->1401"
10.188569,ACK,1402,19.566,,,1435648,"cum ack, base->1402"
10.188595,ACK,1403,19.617,,,1436672,"cum ack, base->1403"
10.190610,SEND,1419,19.617,,200.000,1436672,
10.190727,SEND,1420,19.617,,200.000,1436672,
10.190835,SEND,1421,19.617,,200.000,1436672,
10.203943,ACK,1404,19.668,,,1437696,"cum ack, base->1404"
10.204901,SEND,1422,19.668,,200.000,1437696,
10.207713,ACK,1405,19.719,,,1438720,"cum ack, base->1405"
10.210329,SEND,1423,19.719,,200.000,1438720,
10.211153,ACK,1406,19.770,,,1439744,"cum ack, base->1406"
10.211217,ACK,1407,19.821,,,1440768,"cum ack, base->1407"
10.211258,ACK,1408,19.871,,,1441792,"cum ack, base->1408"
10.211300,ACK,1409,19.921,,,1442816,"cum ack, base->1409"
10.211333,NAK,1409,19.921,,,1442816,
10.211350,FASTRETX,1409,17.708,,200.000,1442816,nak
10.211415,DUPACK,1409,17.708,,,1442816,
10.211466,NAK,1409,17.708,,,1442816,
10.211502,DUPACK,1409,17.708,,,1442816,
10.211542,NAK,1409,17.708,,,1442816,
10.211600,DUPACK,1409,17.708,,,1442816,
10.211637,NAK,1409,17.708,,,1442816,
10.211669,DUPACK,1409,17.708,,,1442816,
10.211699,NAK,1409,17.708,,,1442816,
10.211730,DUPACK,1409,17.708,,,1442816,
10.212906,RETX,1409,17.708,,200.000,1442816,
10.213199,RETX,1410,17.708,,200.000,1442816,
10.213681,RETX,1411,17.708,,200.000,1442816,
10.213925,RETX,1412,17.708,,200.000,1442816,
10.214821,RETX,1413,17.708,,200.000,1442816,
10.215116,RETX,1414,17.708,,200.000,1442816,
10.215293,RETX,1415,17.708,,200.000,1442816,
10.215463,RETX,1416,17.708,,200.000,1442816,
10.215630,RETX,1417,17.708,,200.000,1442816,
10.215799,RETX,1418,17.708,,200.000,1442816,
10.215967,RETX,1419,17.708,,200.000,1442816,
10.216137,RETX,1420,17.708,,200.000,1442816,
10.216304,RETX,1421,17.708,,200.000,1442816,
10.216509,RETX,1422,17.708,,200.000,1442816,
10.216629,RETX,1423,17.708,,200.000,1442816,
10.216738,SEND,1424,17.708,,200.000,1442816,
10.216858,SEND,1425,17.708,,200.000,1442816,
10.216930,NAK,1409,17.708,,,1442816,
10.216965,DUPACK,1409,17.708,,,1442816,
10.216983,NAK,1409,17.708,,,1442816,
10.216999,DUPACK,1409,17.708,,,1442816,
10.217014,NAK,1409,17.708,,,1442816,
10.217029,DUPACK,1409,17.708,,,1442816,
10.217041,NAK,1409,17.708,,,1442816,
10.217054,DUPACK,1409,17.708,,,1442816,
10.233647,NAK,1409,17.708,,,1442816,
10.239926,DUPACK,1409,17.708,,,1442816,
10.240023,NAK,1409,17.708,,,1442816,
10.240074,DUPACK,1409,17.708,,,1442816,
10.240218,NAK,1409,17.708,,,1442816,
10.240452,DUPACK,1409,17.708,,,1442816,
10.249107,NAK,1409,17.708,,,1442816,
10.249134,DUPACK,1409,17.708,,,1442816,
10.261365,NAK,1409,17.708,,,1442816,
10.261453,DUPACK,1409,17.708,,,1442816,
10.265218,ACK,1410,17.764,,,1443840,"cum ack, base->1410"
10.265496,ACK,1411,17.821,,,1444864,"cum ack, base->1411"
10.265546,NAK,1412,17.821,,,1444864,
10.265559,FASTRETX,1411,17.821,,200.000,1444864,nak
10.265602,ACK,1412,17.877,,,1445888,"cum ack, base->1412"
10.265637,NAK,1412,17.877,,,1445888,
10.265645,FASTRETX,1412,17.877,,200.000,1445888,nak
10.265676,DUPACK,1412,17.877,,,1445888,
10.265719,NAK,1412,17.877,,,1445888,
10.265751,DUPACK,1412,17.877,,,1445888,
10.265780,NAK,1412,17.877,,,1445888,
10.265814,DUPACK,1412,17.877,,,1445888,
10.265848,NAK,1412,17.877,,,1445888,
10.266651,DUPACK,1412,17.877,,,1445888,
10.266704,NAK,1412,17.877,,,1445888,
10.267581,RETX,1412,17.877,,200.000,1445888,
10.269833,RETX,1413,17.877,,200.000,1445888,
10.270022,RETX,1414,17.877,,200.000,1445888,
10.270191,RETX,1415,17.877,,200.000,1445888,
10.270358,RETX,1416,17.877,,200.000,1445888,
10.270532,RETX,1417,17.877,,200.000,1445888,
10.270700,RETX,1418,17.877,,200.000,1445888,
10.270868,RETX,1419,17.877,,200.000,1445888,
10.271034,RETX,1420,17.877,,200.000,1445888,
10.271202,RETX,1421,17.877,,200.000,1445888,
10.271372,RETX,1422,17.877,,200.000,1445888,
10.271540,RETX,1423,17.877,,200.000,1445888,
10.271775,RETX,1424,17.877,,200.000,1445888,
10.271901,RETX,1425,17.877,,200.000,1445888,
10.272012,SEND,1426,17.877,,200.000,1445888,
10.272121,SEND,1427,17.877,,200.000,1445888,
10.272232,SEND,1428,17.877,,200.000,1445888,
10.272240,STATS,-1,17.877,,200.000,1445888,base=1412 next=1429
10.272345,DUPACK,1412,17.877,,,1445888,
10.272371,NAK,1412,17.877,,,1445888,
10.272388,DUPACK,1412,17.877,,,1445888,
10.272403,NAK,1412,17.877,,,1445888,
10.272416,DUPACK,1412,17.877,,,1445888,
10.272430,NAK,1412,17.877,,,1445888,
10.272443,DUPACK,1412,17.877,,,1445888,
10.272455,NAK,1412,17.877,,,1445888,
10.272467,DUPACK,1412,17.877,,,1445888,
10.272479,NAK,1412,17.877,,,1445888,
10.272491,DUPACK,1412,17.877,,,1445888,
10.272503,DUPACK,1412,17.877,,,1445888,
10.272514,NAK,1412,17.877,,,1445888,
10.272525,DUPACK,1412,17.877,,,1445888,
10.310750,ACK,1413,17.933,,,1446912,"cum ack, base->1413"
10.313181,SEND,1429,17.933,,200.000,1446912,
10.317354,ACK,1414,17.988,,,1447936,"cum ack, base->1414"
10.317420,ACK,1416,18.099,,,1449984,"cum ack, base->1416"
10.319111,SEND,1430,18.099,,200.000,1449984,
10.319334,SEND,1431,18.099,,200.000,1449984,
10.319493,SEND,1432,18.099,,200.000,1449984,
10.319611,SEND,1433,18.099,,200.000,1449984,
10.319706,ACK,1417,18.155,,,1451008,"cum ack, base->1417"
10.319741,ACK,1418,18.210,,,1452032,"cum ack, base->1418"
10.322256,SEND,1434,18.210,,200.000,1452032,
10.322358,SEND,1435,18.210,,200.000,1452032,
10.322414,ACK,1419,18.265,,,1453056,"cum ack, base->1419"
10.322447,ACK,1420,18.319,,,1454080,"cum ack, base->1420"
10.322463,ACK,1421,18.374,,,1455104,"cum ack, base->1421"
10.322478,ACK,1422,18.428,,,1456128,"cum ack, base->1422"
10.322491,ACK,1423,18.483,,,1457152,"cum ack, base->1423"
10.322505,ACK,1424,18.537,,,1458176,"cum ack, base->1424"
10.322737,ACK,1425,18.591,,,1459200,"cum ack, base->1425"
10.322752,ACK,1426,18.645,,,1460224,"cum ack, base->1426"
10.322766,ACK,1427,18.698,,,1461248,"cum ack, base->1427"
10.322778,ACK,1428,18.752,,,1462272,"cum ack, base->1428"
10.322791,ACK,1429,18.805,,,1463296,"cum ack, base->1429"
10.324996,SEND,1436,18.805,,200.000,1463296,
10.325111,SEND,1437,18.805,,200.000,1463296,
10.325449,SEND,1438,18.805,,200.000,1463296,
10.325662,SEND,1439,18.805,,200.000,1463296,
10.325838,SEND,1440,18.805,,200.000,1463296,
10.326174,SEND,1441,18.805,,200.000,1463296,
10.326371,SEND,1442,18.805,,200.000,1463296,
10.326541,SEND,1443,18.805,,200.000,1463296,
10.326712,SEND,1444,18.805,,200.000,1463296,
10.326880,SEND,1445,18.805,,200.000,1463296,
10.327046,SEND,1446,18.805,,200.000,1463296,
10.344356,ACK,1430,18.858,,,1464320,"cum ack, base->1430"
10.344983,SEND,1447,18.858,,200.000,1464320,
10.361903,ACK,1431,18.911,,,1465344,"cum ack, base->1431"
10.362843,SEND,1448,18.911,,200.000,1465344,
10.370071,ACK,1432,18.964,,,1466368,"cum ack, base->1432"
10.370138,ACK,1433,19.017,,,1467392,"cum ack, base->1433"
10.370173,ACK,1434,19.069,,,1468416,"cum ack, base->1434"
10.370206,ACK,1435,19.122,,,1469440,"cum ack, base->1435"
10.371922,SEND,1449,19.122,,200.000,1469440,
10.372132,SEND,1450,19.122,,200.000,1469440,
10.372304,SEND,1451,19.122,,200.000,1469440,
10.372484,SEND,1452,19.122,,200.000,1469440,
10.372593,SEND,1453,19.122,,200.000,1469440,
10.372600,STATS,-1,19.122,,200.000,1469440,base=1435 next=1454
10.373773,ACK,1436,19.174,,,1470464,"cum ack, base->1436"
10.373798,ACK,1437,19.226,,,1471488,"cum ack, base->1437"
10.374383,ACK,1438,19.278,,,1472512,"cum ack, base->1438"
10.375226,SEND,1454,19.278,,200.000,1472512,
10.375324,SEND,1455,19.278,,200.000,1472512,
10.375420,SEND,1456,19.278,,200.000,1472512,
10.375793,ACK,1439,19.330,,,1473536,"cum ack, base->1439"
10.378058,SEND,1457,19.330,,200.000,1473536,
10.378243,ACK,1441,19.434,,,1475584,"cum ack, base->1441"
10.378272,ACK,1443,19.536,,,1477632,"cum ack, base->1443"
10.378290,ACK,1444,19.587,,,1478656,"cum ack, base->1444"
10.378654,ACK,1445,19.639,,,1479680,"cum ack, base->1445"
10.378672,NAK,1445,19.639,,,1479680,
10.378679,FASTRETX,1445,17.456,,200.000,1479680,nak
10.378693,DUPACK,1445,17.456,,,1479680,
10.380677,RETX,1445,17.456,,200.000,1479680,
10.380776,RETX,1446,17.456,,200.000,1479680,
10.380873,RETX,1447,17.456,,200.000,1479680,
10.380970,RETX,1448,17.456,,200.000,1479680,
10.381066,RETX,1449,17.456,,200.000,1479680,
10.381161,RETX,1450,17.456,,200.000,1479680,
10.381256,RETX,1451,17.456,,200.000,1479680,
10.381352,RETX,1452,17.456,,200.000,1479680,
10.381447,RETX,1453,17.456,,200.000,1479680,
10.381542,RETX,1454,17.456,,200.000,1479680,
10.381636,RETX,1455,17.456,,200.000,1479680,
10.381731,RETX,1456,17.456,,200.000,1479680,
10.381826,RETX,1457,17.456,,200.000,1479680,
10.381921,SEND,1458,17.456,,200.000,1479680,
10.382017,SEND,1459,17.456,,200.000,1479680,
10.382112,SEND,1460,17.456,,200.000,1479680,
10.382222,SEND,1461,17.456,,200.000,1479680,
10.388253,NAK,1445,17.456,,,1479680,
10.388332,DUPACK,1445,17.456,,,1479680,
10.405375,NAK,1445,17.456,,,1479680,
10.412628,DUPACK,1445,17.456,,,1479680,
10.417000,NAK,1445,17.456,,,1479680,
10.417723,DUPACK,1445,17.456,,,1479680,
10.417743,NAK,1445,17.456,,,1479680,
10.420436,DUPACK,1445,17.456,,,1479680,
10.420473,NAK,1445,17.456,,,1479680,
10.422368,DUPACK,1445,17.456,,,1479680,
10.422391,NAK,1445,17.456,,,1479680,
10.422406,DUPACK,1445,17.456,,,1479680,
10.425247,NAK,1445,17.456,,,1479680,
10.425353,DUPACK,1445,17.456,,,1479680,
10.425369,NAK,1445,17.456,,,1479680,
10.425380,DUPACK,1445,17.456,,,1479680,
10.425390,DUPACK,1445,17.456,,,1479680,
10.425399,NAK,1445,17.456,,,1479680,
10.425409,DUPACK,1445,17.456,,,1479680,
10.430541,ACK,1447,17.571,,,1481728,"cum ack, base->1447"
10.430566,ACK,1448,17.628,,,1482752,"cum ack, base->1448"
10.431788,ACK,1449,17.685,,,1483776,"cum ack, base->1449"
10.431807,ACK,1450,17.741,,,1484800,"cum ack, base->1450"
10.431821,ACK,1451,17.797,,,1485824,"cum ack, base->1451"
10.431834,ACK,1452,17.854,,,1486848,"cum ack, base->1452"
10.432019,ACK,1453,17.910,,,1487872,"cum ack, base->1453"
10.432037,ACK,1454,17.965,,,1488896,"cum ack, base->1454"
10.432053,ACK,1455,18.021,,,1489920,"cum ack, base->1455"
10.432064,NAK,1455,18.021,,,1489920,
10.432068,FASTRETX,1455,18.021,,200.000,1489920,nak
10.432086,DUPACK,1455,18.021,,,1489920,
10.432099,NAK,1455,18.021,,,1489920,
10.432111,DUPACK,1455,18.021,,,1489920,
10.432123,NAK,1455,18.021,,,1489920,
10.432133,DUPACK,1455,18.021,,,1489920,
10.432143,NAK,1455,18.021,,,1489920,
10.432153,DUPACK,1455,18.021,,,1489920,
10.432164,NAK,1455,18.021,,,1489920,
10.432173,DUPACK,1455,18.021,,,1489920,
10.432182,NAK,1455,18.021,,,1489920,
10.432191,DUPACK,1455,18.021,,,1489920,
10.432926,RETX,1455,18.021,,200.000,1489920,
10.433017,RETX,1456,18.021,,200.000,1489920,
10.433104,RETX,1457,18.021,,200.000,1489920,
10.433191,RETX,1458,18.021,,200.000,1489920,
10.433277,RETX,1459,18.021,,200.000,1489920,
10.433364,RETX,1460,18.021,,200.000,1489920,
10.433450,RETX,1461,18.021,,200.000,1489920,
10.433537,SEND,1462,18.021,,200.000,1489920,
10.433627,SEND,1463,18.021,,200.000,1489920,
10.433713,SEND,1464,18.021,,200.000,1489920,
10.433802,SEND,1465,18.021,,200.000,1489920,
10.433888,SEND,1466,18.021,,200.000,1489920,
10.433973,SEND,1467,18.021,,200.000,1489920,
10.434062,SEND,1468,18.021,,200.000,1489920,
10.434172,SEND,1469,18.021,,200.000,1489920,
10.434271,SEND,1470,18.021,,200.000,1489920,
10.434367,SEND,1471,18.021,,200.000,1489920,
10.434503,SEND,1472,18.021,,200.000,1489920,
10.474832,STATS,-1,18.021,,200.000,1489920,base=1455 next=1473
10.480044,ACK,1456,18.077,,,1490944,"cum ack, base->1456"
10.480072,ACK,1457,18.132,,,1491968,"cum ack, base->1457"
10.481733,ACK,1458,18.187,,,1492992,"cum ack, base->1458"
10.481757,ACK,1459,18.242,,,1494016,"cum ack, base->1459"
10.482487,SEND,1473,18.242,,200.000,1494016,
10.482579,SEND,1474,18.242,,200.000,1494016,
10.482665,SEND,1475,18.242,,200.000,1494016,
10.482750,SEND,1476,18.242,,200.000,1494016,
10.485151,ACK,1460,18.297,,,1495040,"cum ack, base->1460"
10.485169,ACK,1461,18.352,,,1496064,"cum ack, base->1461"
10.485351,SEND,1477,18.352,,200.000,1496064,
10.485439,SEND,1478,18.352,,200.000,1496064,
10.486059,ACK,1462,18.406,,,1497088,"cum ack, base->1462"
10.486080,ACK,1463,18.460,,,1498112,"cum ack, base->1463"
10.486095,ACK,1464,18.515,,,1499136,"cum ack, base->1464"
10.486108,ACK,1465,18.569,,,1500160,"cum ack, base->1465"
10.486120,ACK,1466,18.622,,,1501184,"cum ack, base->1466"
10.486629,ACK,1468,18.730,,,1503232,"cum ack, base->1468"
10.486643,ACK,1469,18.783,,,1504256,"cum ack, base->1469"
10.486658,NAK,1469,18.783,,,1504256,
10.486663,FASTRETX,1469,16.696,,200.000,1504256,nak
10.486675,DUPACK,1469,16.696,,,1504256,
10.486730,NAK,1469,16.696,,,1504256,
10.486749,DUPACK,1469,16.696,,,1504256,
10.486762,NAK,1469,16.696,,,1504256,
10.486774,DUPACK,1469,16.696,,,1504256,
10.488094,RETX,1469,16.696,,200.000,1504256,
10.488183,RETX,1470,16.696,,200.000,1504256,
10.488282,RETX,1471,16.696,,200.000,1504256,
10.488362,RETX,1472,16.696,,200.000,1504256,
10.488443,RETX,1473,16.696,,200.000,1504256,
10.488522,RETX,1474,16.696,,200.000,1504256,
10.488601,RETX,1475,16.696,,200.000,1504256,
10.488678,RETX,1476,16.696,,200.000,1504256,
10.488760,RETX,1477,16.696,,200.000,1504256,
10.488838,RETX,1478,16.696,,200.000,1504256,
10.488919,SEND,1479,16.696,,200.000,1504256,
10.488998,SEND,1480,16.696,,200.000,1504256,
10.489077,SEND,1481,16.696,,200.000,1504256,
10.489156,SEND,1482,16.696,,200.000,1504256,
10.489234,SEND,1483,16.696,,200.000,1504256,
10.489313,SEND,1484,16.696,,200.000,1504256,
10.531389,NAK,1469,16.696,,,1504256,
10.531419,DUPACK,1469,16.696,,,1504256,
10.535573,NAK,1469,16.696,,,1504256,
10.535614,NAK,1469,16.696,,,1504256,
10.535628,DUPACK,1469,16.696,,,1504256,
10.535648,NAK,1469,16.696,,,1504256,
10.535661,DUPACK,1469,16.696,,,1504256,
10.535678,NAK,1469,16.696,,,1504256,
10.535691,DUPACK,1469,16.696,,,1504256,
10.535702,NAK,1469,16.696,,,1504256,
10.535712,DUPACK,1469,16.696,,,1504256,
10.535732,ACK,1470,16.756,,,1505280,"cum ack, base->1470"
10.535746,ACK,1471,16.816,,,1506304,"cum ack, base->1471"
10.535757,ACK,1472,16.875,,,1507328,"cum ack, base->1472"
10.535801,ACK,1473,16.934,,,1508352,"cum ack, base->1473"
10.535816,ACK,1474,16.993,,,1509376,"cum ack, base->1474"
10.536782,ACK,1475,17.052,,,1510400,"cum ack, base->1475"
10.536806,ACK,1476,17.111,,,1511424,"cum ack, base->1476"
10.536819,NAK,1476,17.111,,,1511424,
10.536824,FASTRETX,1476,17.111,,200.000,1511424,nak
10.536837,DUPACK,1476,17.111,,,1511424,
10.537135,RETX,1476,17.111,,200.000,1511424,
10.537217,RETX,1477,17.111,,200.000,1511424,
10.537296,RETX,1478,17.111,,200.000,1511424,
10.537373,RETX,1479,17.111,,200.000,1511424,
10.537451,RETX,1480,17.111,,200.000,1511424,
10.537529,RETX,1481,17.111,,200.000,1511424,
10.537618,RETX,1482,17.111,,200.000,1511424,
10.537698,RETX,1483,17.111,,200.000,1511424,
10.537776,RETX,1484,17.111,,200.000,1511424,
10.537866,SEND,1485,17.111,,200.000,1511424,
10.537945,SEND,1486,17.111,,200.000,1511424,
10.538024,SEND,1487,17.111,,200.000,1511424,
10.538102,SEND,1488,17.111,,200.000,1511424,
10.538179,SEND,1489,17.111,,200.000,1511424,
10.538257,SEND,1490,17.111,,200.000,1511424,
10.538335,SEND,1491,17.111,,200.000,1511424,
10.538413,SEND,1492,17.111,,200.000,1511424,
10.540007,NAK,1476,17.111,,,1511424,
10.540033,DUPACK,1476,17.111,,,1511424,
10.540044,NAK,1476,17.111,,,1511424,
10.540054,DUPACK,1476,17.111,,,1511424,
10.540063,NAK,1476,17.111,,,1511424,
10.540072,DUPACK,1476,17.111,,,1511424,
10.540081,NAK,1476,17.111,,,1511424,
10.540090,DUPACK,1476,17.111,,,1511424,
10.540099,NAK,1476,17.111,,,1511424,
10.540712,DUPACK,1476,17.111,,,1511424,
10.540734,NAK,1476,17.111,,,1511424,
10.540744,DUPACK,1476,17.111,,,1511424,
10.540754,NAK,1476,17.111,,,1511424,
10.540763,DUPACK,1476,17.111,,,1511424,
10.575856,STATS,-1,17.111,,200.000,1511424,base=1476 next=1493
10.580422,ACK,1477,17.169,,,1512448,"cum ack, base->1477"
10.580618,ACK,1478,17.228,,,1513472,"cum ack, base->1478"
10.581304,SEND,1493,17.228,,200.000,1513472,
10.581528,SEND,1494,17.228,,200.000,1513472,
10.588770,ACK,1479,17.286,,,1514496,"cum ack, base->1479"
10.588842,ACK,1480,17.343,,,1515520,"cum ack, base->1480"
10.588887,ACK,1481,17.401,,,1516544,"cum ack, base->1481"
10.588925,ACK,1482,17.459,,,1517568,"cum ack, base->1482"
10.588962,ACK,1483,17.516,,,1518592,"cum ack, base->1483"
10.589212,SEND,1495,17.516,,200.000,1518592,
10.589447,SEND,1496,17.516,,200.000,1518592,
10.589686,SEND,1497,17.516,,200.000,1518592,
10.589888,SEND,1498,17.516,,200.000,1518592,
10.590137,SEND,1499,17.516,,200.000,1518592,
10.590256,ACK,1484,17.573,,,1519616,"cum ack, base->1484"
10.590310,ACK,1485,17.630,,,1520640,"cum ack, base->1485"
10.590352,ACK,1486,17.687,,,1521664,"cum ack, base->1486"
10.590500,ACK,1487,17.743,,,1522688,"cum ack, base->1487"
10.590532,ACK,1488,17.799,,,1523712,"cum ack, base->1488"
10.590563,ACK,1489,17.856,,,1524736,"cum ack, base->1489"
10.590903,ACK,1490,17.912,,,1525760,"cum ack, base->1490"
10.591008,ACK,1491,17.967,,,1526784,"cum ack, base->1491"
10.591042,ACK,1492,18.023,,,1527808,"cum ack, base->1492"
10.591074,ACK,1493,18.079,,,1528832,"cum ack, base->1493"
10.592919,SEND,1500,18.079,,200.000,1528832,
10.593104,SEND,1501,18.079,,200.000,1528832,
10.593272,SEND,1502,18.079,,200.000,1528832,
10.593441,SEND,1503,18.079,,200.000,1528832,
10.593609,SEND,1504,18.079,,200.000,1528832,
10.593779,SEND,1505,18.079,,200.000,1528832,
10.593948,SEND,1506,18.079,,200.000,1528832,
10.594119,SEND,1507,18.079,,200.000,1528832,
10.594291,SEND,1508,18.079,,200.000,1528832,
10.594506,SEND,1509,18.079,,200.000,1528832,
10.594680,SEND,1510,18.079,,200.000,1528832,
10.628766,ACK,1494,18.134,,,1529856,"cum ack, base->1494"
10.628795,ACK,1495,18.189,,,1530880,"cum ack, base->1495"
10.629533,SEND,1511,18.189,,200.000,1530880,
10.629616,SEND,1512,18.189,,200.000,1530880,
10.639090,NAK,1495,18.189,,,1530880,
10.639125,FASTRETX,1495,16.168,,200.000,1530880,nak
10.639167,DUPACK,1495,16.168,,,1530880,
10.640538,NAK,1495,16.168,,,1530880,
10.640786,RETX,1495,16.168,,200.000,1530880,
10.640960,RETX,1496,16.168,,200.000,1530880,
10.641134,RETX,1497,16.168,,200.000,1530880,
10.641335,RETX,1498,16.168,,200.000,1530880,
10.641534,RETX,1499,16.168,,200.000,1530880,
10.641710,RETX,1500,16.168,,200.000,1530880,
10.641881,RETX,1501,16.168,,200.000,1530880,
10.642064,RETX,1502,16.168,,200.000,1530880,
10.642279,RETX,1503,16.168,,200.000,1530880,
10.642504,RETX,1504,16.168,,200.000,1530880,
10.642708,RETX,1505,16.168,,200.000,1530880,
10.642940,RETX,1506,16.168,,200.000,1530880,
10.643148,RETX,1507,16.168,,200.000,1530880,
10.643419,RETX,1508,16.168,,200.000,1530880,
10.643638,RETX,1509,16.168,,200.000,1530880,
10.643869,RETX,1510,16.168,,200.000,1530880,
10.643936,DUPACK,1495,16.168,,,1530880,
10.643962,NAK,1495,16.168,,,1530880,
10.643977,DUPACK,1495,16.168,,,1530880,
10.643988,NAK,1495,16.168,,,1530880,
10.644000,DUPACK,1495,16.168,,,1530880,
10.644010,NAK,1495,16.168,,,1530880,
10.644020,DUPACK,1495,16.168,,,1530880,
10.644030,NAK,1495,16.168,,,1530880,
10.644040,DUPACK,1495,16.168,,,1530880,
10.644049,NAK,1495,16.168,,,1530880,
10.644059,DUPACK,1495,16.168,,,1530880,
10.644068,NAK,1495,16.168,,,1530880,
10.644077,DUPACK,1495,16.168,,,1530880,
10.644086,NAK,1495,16.168,,,1530880,
10.644096,DUPACK,1495,16.168,,,1530880,
10.644105,NAK,1495,16.168,,,1530880,
10.644114,DUPACK,1495,16.168,,,1530880,
10.646843,NAK,1495,16.168,,,1530880,
10.646857,DUPACK,1495,16.168,,,1530880,
10.646868,NAK,1495,16.168,,,1530880,
10.646878,DUPACK,1495,16.168,,,1530880,
10.646888,NAK,1495,16.168,,,1530880,
10.646931,DUPACK,1495,16.168,,,1530880,
10.646942,NAK,1495,16.168,,,1530880,
10.646953,DUPACK,1495,16.168,,,1530880,
10.646962,DUPACK,1495,16.168,,,1530880,
10.677647,STATS,-1,16.168,,200.000,1530880,base=1495 next=1511
10.678573,NAK,1495,16.168,,,1530880,
10.678639,DUPACK,1495,16.168,,,1530880,
10.683414,ACK,1496,16.230,,,1531904,"cum ack, base->1496"
10.683491,ACK,1497,16.292,,,1532928,"cum ack, base->1497"
10.685381,ACK,1498,16.353,,,1533952,"cum ack, base->1498"
10.685699,RETX,1511,16.353,,200.000,1533952,
10.685981,RETX,1512,16.353,,200.000,1533952,
10.686153,SEND,1513,16.353,,200.000,1533952,
10.692583,ACK,1499,16.414,,,1534976,"cum ack, base->1499"
10.692704,ACK,1500,16.475,,,1536000,"cum ack, base->1500"
10.692751,ACK,1501,16.536,,,1537024,"cum ack, base->1501"
10.694345,SEND,1514,16.536,,200.000,1537024,
10.694682,SEND,1515,16.536,,200.000,1537024,
10.694937,SEND,1516,16.536,,200.000,1537024,
10.695063,ACK,1502,16.596,,,1538048,"cum ack, base->1502"
10.695118,ACK,1503,16.656,,,1539072,"cum ack, base->1503"
10.695166,ACK,1504,16.716,,,1540096,"cum ack, base->1504"
10.695223,ACK,1505,16.776,,,1541120,"cum ack, base->1505"
10.695387,NAK,1505,16.776,,,1541120,
10.695403,FASTRETX,1505,16.776,,200.000,1541120,nak
10.695446,DUPACK,1505,16.776,,,1541120,
10.695478,NAK,1505,16.776,,,1541120,
10.695510,DUPACK,1505,16.776,,,1541120,
10.695968,NAK,1505,16.776,,,1541120,
10.696011,DUPACK,1505,16.776,,,1541120,
10.696042,DUPACK,1505,16.776,,,1541120,
10.696072,NAK,1505,16.776,,,1541120,
10.696322,DUPACK,1505,16.776,,,1541120,
10.697729,RETX,1505,16.776,,200.000,1541120,
10.697928,RETX,1506,16.776,,200.000,1541120,
10.698093,RETX,1507,16.776,,200.000,1541120,
10.698277,RETX,1508,16.776,,200.000,1541120,
10.698455,RETX,1509,16.776,,200.000,1541120,
10.698631,RETX,1510,16.776,,200.000,1541120,
10.698802,RETX,1511,16.776,,200.000,1541120,
10.699122,RETX,1512,16.776,,200.000,1541120,
10.699316,RETX,1513,16.776,,200.000,1541120,
10.699494,RETX,1514,16.776,,200.000,1541120,
10.699666,RETX,1515,16.776,,200.000,1541120,
10.699850,RETX,1516,16.776,,200.000,1541120,
10.700018,SEND,1517,16.776,,200.000,1541120,
10.700246,SEND,1518,16.776,,200.000,1541120,
10.700429,SEND,1519,16.776,,200.000,1541120,
10.700592,SEND,1520,16.776,,200.000,1541120,
10.723917,NAK,1505,16.776,,,1541120,
10.723983,DUPACK,1505,16.776,,,1541120,
10.736637,NAK,1505,16.776,,,1541120,
10.736681,DUPACK,1505,16.776,,,1541120,
10.740720,NAK,1505,16.776,,,1541120,
10.740752,DUPACK,1505,16.776,,,1541120,
10.740765,NAK,1505,16.776,,,1541120,
10.740776,DUPACK,1505,16.776,,,1541120,
10.740785,NAK,1505,16.776,,,1541120,
10.740795,DUPACK,1505,16.776,,,1541120,
10.740805,NAK,1505,16.776,,,1541120,
10.740823,ACK,1506,16.836,,,1542144,"cum ack, base->1506"
10.740835,ACK,1507,16.895,,,1543168,"cum ack, base->1507"
10.741649,SEND,1521,16.895,,200.000,1543168,
10.741733,SEND,1522,16.895,,200.000,1543168,
10.743233,DUPACK,1507,16.895,,,1543168,
10.750168,NAK,1507,16.895,,,1543168,
10.750205,FASTRETX,1507,16.895,,200.000,1543168,nak
10.750250,DUPACK,1507,16.895,,,1543168,
10.750626,NAK,1507,16.895,,,1543168,
10.750689,DUPACK,1507,16.895,,,1543168,
10.750722,NAK,1507,16.895,,,1543168,
10.750750,DUPACK,1507,16.895,,,1543168,
10.750776,NAK,1507,16.895,,,1543168,
10.750801,DUPACK,1507,16.895,,,1543168,
10.750826,DUPACK,1507,16.895,,,1543168,
10.750851,NAK,1507,16.895,,,1543168,
10.752167,DUPACK,1507,16.895,,,1543168,
10.752651,RETX,1507,16.895,,200.000,1543168,
10.752868,RETX,1508,16.895,,200.000,1543168,
10.753071,RETX,1509,16.895,,200.000,1543168,
10.753244,RETX,1510,16.895,,200.000,1543168,
10.753412,RETX,1511,16.895,,200.000,1543168,
10.753842,RETX,1512,16.895,,200.000,1543168,
10.753971,RETX,1513,16.895,,200.000,1543168,
10.754107,RETX,1514,16.895,,200.000,1543168,
10.754201,RETX,1515,16.895,,200.000,1543168,
10.754448,RETX,1516,16.895,,200.000,1543168,
10.754534,RETX,1517,16.895,,200.000,1543168,
10.754615,RETX,1518,16.895,,200.000,1543168,
10.754694,RETX,1519,16.895,,200.000,1543168,
10.754773,RETX,1520,16.895,,200.000,1543168,
10.754851,RETX,1521,16.895,,200.000,1543168,
10.754929,RETX,1522,16.895,,200.000,1543168,
10.754988,NAK,1507,16.895,,,1543168,
10.755009,DUPACK,1507,16.895,,,1543168,
10.755024,NAK,1507,16.895,,,1543168,
10.755035,DUPACK,1507,16.895,,,1543168,
10.755044,NAK,1507,16.895,,,1543168,
10.755054,DUPACK,1507,16.895,,,1543168,
10.778227,NAK,1507,16.895,,,1543168,
10.779841,STATS,-1,16.895,,200.000,1543168,base=1507 next=1523
10.782874,DUPACK,1507,16.895,,,1543168,
10.782902,NAK,1507,16.895,,,1543168,
10.782915,DUPACK,1507,16.895,,,1543168,
10.793184,ACK,1508,16.954,,,1544192,"cum ack, base->1508"
10.793252,ACK,1509,17.013,,,1545216,"cum ack, base->1509"
10.793286,ACK,1510,17.072,,,1546240,"cum ack, base->1510"
10.794723,SEND,1523,17.072,,200.000,1546240,
10.795063,SEND,1524,17.072,,200.000,1546240,
10.795792,SEND,1525,17.072,,200.000,1546240,
10.795977,SEND,1526,17.072,,200.000,1546240,
10.796092,ACK,1511,17.131,,,1547264,"cum ack, base->1511"
10.798647,SEND,1527,17.131,,200.000,1547264,
10.801662,ACK,1512,17.189,,,1548288,"cum ack, base->1512"
10.801730,ACK,1513,17.247,,,1549312,"cum ack, base->1513"
10.801747,ACK,1514,17.305,,,1550336,"cum ack, base->1514"
10.803470,ACK,1515,17.363,,,1551360,"cum ack, base->1515"
10.803533,ACK,1516,17.421,,,1552384,"cum ack, base->1516"
10.803570,ACK,1517,17.478,,,1553408,"cum ack, base->1517"
10.803599,DUPACK,1517,17.478,,,1553408,
10.804530,NAK,1517,17.478,,,1553408,
10.804559,FASTRETX,1517,15.536,,200.000,1553408,nak
10.804921,RETX,1517,15.536,,200.000,1553408,
10.805165,RETX,1518,15.536,,200.000,1553408,
10.805391,RETX,1519,15.536,,200.000,1553408,
10.805581,RETX,1520,15.536,,200.000,1553408,
10.805748,RETX,1521,15.536,,200.000,1553408,
10.805943,RETX,1522,15.536,,200.000,1553408,
10.806125,RETX,1523,15.536,,200.000,1553408,
10.806329,RETX,1524,15.536,,200.000,1553408,
10.806417,RETX,1525,15.536,,200.000,1553408,
10.806496,RETX,1526,15.536,,200.000,1553408,
10.806574,RETX,1527,15.536,,200.000,1553408,
10.806653,SEND,1528,15.536,,200.000,1553408,
10.806732,SEND,1529,15.536,,200.000,1553408,
10.806809,SEND,1530,15.536,,200.000,1553408,
10.806887,SEND,1531,15.536,,200.000,1553408,
10.806935,DUPACK,1517,15.536,,,1553408,
10.806957,NAK,1517,15.536,,,1553408,
10.806970,DUPACK,1517,15.536,,,1553408,
10.806980,NAK,1517,15.536,,,1553408,
10.806990,DUPACK,1517,15.536,,,1553408,
10.806999,NAK,1517,15.536,,,1553408,
10.807009,DUPACK,1517,15.536,,,1553408,
10.835119,NAK,1517,15.536,,,1553408,
10.837636,DUPACK,1517,15.536,,,1553408,
10.837665,NAK,1517,15.536,,,1553408,
10.837706,DUPACK,1517,15.536,,,1553408,
10.838537,NAK,1517,15.536,,,1553408,
10.842515,NAK,1517,15.536,,,1553408,
10.849518,DUPACK,1517,15.536,,,1553408,
10.849661,NAK,1517,15.536,,,1553408,
10.849712,DUPACK,1517,15.536,,,1553408,
10.849774,ACK,1519,15.665,,,1555456,"cum ack, base->1519"
10.849820,ACK,1520,15.728,,,1556480,"cum ack, base->1520"
10.852546,SEND,1532,15.728,,200.000,1556480,
10.852842,SEND,1533,15.728,,200.000,1556480,
10.853047,SEND,1534,15.728,,200.000,1556480,
10.853277,ACK,1521,15.792,,,1557504,"cum ack, base->1521"
10.853341,ACK,1522,15.855,,,1558528,"cum ack, base->1522"
10.853385,ACK,1523,15.918,,,1559552,"cum ack, base->1523"
10.853426,ACK,1524,15.981,,,1560576,"cum ack, base->1524"
10.855728,SEND,1535,15.981,,200.000,1560576,
10.855919,SEND,1536,15.981,,200.000,1560576,
10.856086,SEND,1537,15.981,,200.000,1560576,
10.856269,SEND,1538,15.981,,200.000,1560576,
10.857701,ACK,1525,16.044,,,1561600,"cum ack, base->1525"
10.857991,ACK,1526,16.106,,,1562624,"cum ack, base->1526"
10.858033,ACK,1527,16.168,,,1563648,"cum ack, base->1527"
10.858066,ACK,1528,16.230,,,1564672,"cum ack, base->1528"
10.858103,ACK,1529,16.292,,,1565696,"cum ack, base->1529"
10.858134,ACK,1530,16.353,,,1566720,"cum ack, base->1530"
10.858165,ACK,1531,16.414,,,1567744,"cum ack, base->1531"
10.858197,ACK,1532,16.475,,,1568768,"cum ack, base->1532"
10.859039,SEND,1539,16.475,,200.000,1568768,
10.859310,SEND,1540,16.475,,200.000,1568768,
10.859489,SEND,1541,16.475,,200.000,1568768,
10.859658,SEND,1542,16.475,,200.000,1568768,
10.859827,SEND,1543,16.475,,200.000,1568768,
10.860094,SEND,1544,16.475,,200.000,1568768,
10.860296,SEND,1545,16.475,,200.000,1568768,
10.860569,SEND,1546,16.475,,200.000,1568768,
10.861009,SEND,1547,16.475,,200.000,1568768,
10.881302,STATS,-1,16.475,,200.000,1568768,base=1532 next=1548
10.908856,ACK,1533,16.536,,,1569792,"cum ack, base->1533"
10.908922,ACK,1534,16.596,,,1570816,"cum ack, base->1534"
10.908959,ACK,1535,16.657,,,1571840,"cum ack, base->1535"
10.908992,ACK,1536,16.717,,,1572864,"cum ack, base->1536"
10.909027,ACK,1538,16.836,,,1574912,"cum ack, base->1538"
10.909058,ACK,1539,16.895,,,1575936,"cum ack, base->1539"
10.909088,ACK,1540,16.955,,,1576960,"cum ack, base->1540"
10.909118,ACK,1541,17.014,,,1577984,"cum ack, base->1541"
10.909148,ACK,1542,17.072,,,1579008,"cum ack, base->1542"
10.910083,SEND,1548,17.072,,200.000,1579008,
10.910281,SEND,1549,17.072,,200.000,1579008,
10.910451,SEND,1550,17.072,,200.000,1579008,
10.910623,SEND,1551,17.072,,200.000,1579008,
10.910794,SEND,1552,17.072,,200.000,1579008,
10.910962,SEND,1553,17.072,,200.000,1579008,
10.911129,SEND,1554,17.072,,200.000,1579008,
10.911295,SEND,1555,17.072,,200.000,1579008,
10.911464,SEND,1556,17.072,,200.000,1579008,
10.911735,SEND,1557,17.072,,200.000,1579008,
10.911919,SEND,1558,17.072,,200.000,1579008,
10.913875,ACK,1543,17.131,,,1580032,"cum ack, base->1543"
10.913940,ACK,1544,17.189,,,1581056,"cum ack, base->1544"
10.913987,ACK,1545,17.247,,,1582080,"cum ack, base->1545"
10.914025,ACK,1546,17.305,,,1583104,"cum ack, base->1546"
10.914062,ACK,1547,17.363,,,1584128,"cum ack, base->1547"
10.914102,ACK,1548,17.421,,,1585152,"cum ack, base->1548"
10.914719,SEND,1559,17.421,,200.000,1585152,
10.914948,SEND,1560,17.421,,200.000,1585152,
10.915169,SEND,1561,17.421,,200.000,1585152,
10.915386,SEND,1562,17.421,,200.000,1585152,
10.915591,SEND,1563,17.421,,200.000,1585152,
10.915796,SEND,1564,17.421,,200.000,1585152,
10.948522,ACK,1549,17.478,,,1586176,"cum ack, base->1549"
10.949666,SEND,1565,17.478,,200.000,1586176,
10.960153,ACK,1550,17.535,,,1587200,"cum ack, base->1550"
10.960229,ACK,1551,17.592,,,1588224,"cum ack, base->1551"
10.962686,SEND,1566,17.592,,200.000,1588224,
10.962913,SEND,1567,17.592,,200.000,1588224,
10.963453,ACK,1552,17.649,,,1589248,"cum ack, base->1552"
10.963551,ACK,1553,17.706,,,1590272,"cum ack, base->1553"
10.965886,SEND,1568,17.706,,200.000,1590272,
10.966398,SEND,1569,17.706,,200.000,1590272,
10.966586,ACK,1554,17.762,,,1591296,"cum ack, base->1554"
10.966684,ACK,1555,17.819,,,1592320,"cum ack, base->1555"
10.966755,ACK,1556,17.875,,,1593344,"cum ack, base->1556"
10.966828,ACK,1557,17.931,,,1594368,"cum ack, base->1557"
10.966895,ACK,1558,17.987,,,1595392,"cum ack, base->1558"
10.966960,ACK,1559,18.042,,,1596416,"cum ack, base->1559"
10.967025,ACK,1560,18.098,,,1597440,"cum ack, base->1560"
10.967090,ACK,1561,18.153,,,1598464,"cum ack, base->1561"
10.968367,ACK,1562,18.208,,,1599488,"cum ack, base->1562"
10.968434,ACK,1563,18.263,,,1600512,"cum ack, base->1563"
10.968475,ACK,1564,18.318,,,1601536,"cum ack, base->1564"
10.968518,ACK,1565,18.372,,,1602560,"cum ack, base->1565"
10.969343,SEND,1570,18.372,,200.000,1602560,
10.969639,SEND,1571,18.372,,200.000,1602560,
10.969849,SEND,1572,18.372,,200.000,1602560,
10.970057,SEND,1573,18.372,,200.000,1602560,
10.970268,SEND,1574,18.372,,200.000,1602560,
10.970472,SEND,1575,18.372,,200.000,1602560,
10.970744,SEND,1576,18.372,,200.000,1602560,
10.971155,SEND,1577,18.372,,200.000,1602560,
10.971511,SEND,1578,18.372,,200.000,1602560,
10.971907,SEND,1579,18.372,,200.000,1602560,
10.972461,SEND,1580,18.372,,200.000,1602560,
10.973038,SEND,1581,18.372,,200.000,1602560,
10.973267,SEND,1582,18.372,,200.000,1602560,
10.983554,STATS,-1,18.372,,200.000,1602560,base=1565 next=1583
11.000166,ACK,1566,18.427,,,1603584,"cum ack, base->1566"
11.001733,SEND,1583,18.427,,200.000,1603584,
11.005689,ACK,1567,18.481,,,1604608,"cum ack, base->1567"
11.005768,ACK,1568,18.535,,,1605632,"cum ack, base->1568"
11.006800,ACK,1569,18.589,,,1606656,"cum ack, base->1569"
11.007085,SEND,1584,18.589,,200.000,1606656,
11.007295,SEND,1585,18.589,,200.000,1606656,
11.007497,SEND,1586,18.589,,200.000,1606656,
11.007601,ACK,1570,18.643,,,1607680,"cum ack, base->1570"
11.007659,ACK,1571,18.696,,,1608704,"cum ack, base->1571"
11.010342,SEND,1587,18.696,,200.000,1608704,
11.010573,SEND,1588,18.696,,200.000,1608704,
11.016277,ACK,1572,18.750,,,1609728,"cum ack, base->1572"
11.016380,ACK,1573,18.803,,,1610752,"cum ack, base->1573"
11.016434,ACK,1574,18.856,,,1611776,"cum ack, base->1574"
11.018229,SEND,1589,18.856,,200.000,1611776,
11.018604,SEND,1590,18.856,,200.000,1611776,
11.018911,SEND,1591,18.856,,200.000,1611776,
11.022335,ACK,1575,18.909,,,1612800,"cum ack, base->1575"
11.022436,ACK,1576,18.962,,,1613824,"cum ack, base->1576"
11.022485,ACK,1577,19.015,,,1614848,"cum ack, base->1577"
11.022525,ACK,1578,19.068,,,1615872,"cum ack, base->1578"
11.022563,ACK,1580,19.172,,,1617920,"cum ack, base->1580"
11.022602,ACK,1581,19.225,,,1618944,"cum ack, base->1581"
11.022638,ACK,1582,19.277,,,1619968,"cum ack, base->1582"
11.022679,ACK,1583,19.328,,,1620992,"cum ack, base->1583"
11.024016,SEND,1592,19.328,,200.000,1620992,
11.024251,SEND,1593,19.328,,200.000,1620992,
11.024455,SEND,1594,19.328,,200.000,1620992,
11.024658,SEND,1595,19.328,,200.000,1620992,
11.024889,SEND,1596,19.328,,200.000,1620992,
11.025091,SEND,1597,19.328,,200.000,1620992,
11.025292,SEND,1598,19.328,,200.000,1620992,
11.025495,SEND,1599,19.328,,200.000,1620992,
11.025698,SEND,1600,19.328,,200.000,1620992,
11.025898,SEND,1601,19.328,,200.000,1620992,
11.037766,ACK,1584,19.380,,,1622016,"cum ack, base->1584"
11.038809,SEND,1602,19.380,,200.000,1622016,
11.043178,ACK,1585,19.432,,,1623040,"cum ack, base->1585"
11.043242,ACK,1586,19.483,,,1624064,"cum ack, base->1586"
11.043608,SEND,1603,19.483,,200.000,1624064,
11.043781,SEND,1604,19.483,,200.000,1624064,
11.055381,ACK,1587,19.535,,,1625088,"cum ack, base->1587"
11.056696,SEND,1605,19.535,,200.000,1625088,
11.060167,ACK,1589,19.637,,,1627136,"cum ack, base->1589"
11.060259,ACK,1590,19.688,,,1628160,"cum ack, base->1590"
11.062099,SEND,1606,19.688,,200.000,1628160,
11.062287,SEND,1607,19.688,,200.000,1628160,
11.062457,SEND,1608,19.688,,200.000,1628160,
11.065857,ACK,1591,19.739,,,1629184,"cum ack, base->1591"
11.065921,ACK,1592,19.789,,,1630208,"cum ack, base->1592"
11.067975,SEND,1609,19.789,,200.000,1630208,
11.068168,SEND,1610,19.789,,200.000,1630208,
11.072791,ACK,1593,19.840,,,1631232,"cum ack, base->1593"
11.072874,ACK,1594,19.890,,,1632256,"cum ack, base->1594"
11.072911,ACK,1595,19.940,,,1633280,"cum ack, base->1595"
11.072945,ACK,1596,19.991,,,1634304,"cum ack, base->1596"
11.072977,ACK,1597,20.041,,,1635328,"cum ack, base->1597"
11.073008,ACK,1598,20.091,,,1636352,"cum ack, base->1598"
11.073971,SEND,1611,20.091,,200.000,1636352,
11.074151,SEND,1612,20.091,,200.000,1636352,
11.074317,SEND,1613,20.091,,200.000,1636352,
11.074536,SEND,1614,20.091,,200.000,1636352,
11.074742,SEND,1615,20.091,,200.000,1636352,
11.074941,SEND,1616,20.091,,200.000,1636352,
11.075144,SEND,1617,20.091,,200.000,1636352,
11.075998,ACK,1599,20.140,,,1637376,"cum ack, base->1599"
11.076053,ACK,1600,20.190,,,1638400,"cum ack, base->1600"
11.076169,ACK,1601,20.239,,,1639424,"cum ack, base->1601"
11.076201,ACK,1602,20.289,,,1640448,"cum ack, base->1602"
11.077961,SEND,1618,20.289,,200.000,1640448,
11.078149,SEND,1619,20.289,,200.000,1640448,
11.078322,SEND,1620,20.289,,200.000,1640448,
11.078496,SEND,1621,20.289,,200.000,1640448,
11.083676,STATS,-1,20.289,,200.000,1640448,base=1602 next=1622
11.095674,NAK,1602,20.289,,,1640448,
11.095713,FASTRETX,1602,18.035,,200.000,1640448,nak
11.095790,DUPACK,1602,18.035,,,1640448,
11.096810,NAK,1602,18.035,,,1640448,
11.097586,RETX,1602,18.035,,200.000,1640448,
11.097770,RETX,1603,18.035,,200.000,1640448,
11.097939,RETX,1604,18.035,,200.000,1640448,
11.098105,RETX,1605,18.035,,200.000,1640448,
11.098272,RETX,1606,18.035,,200.000,1640448,
11.098441,RETX,1607,18.035,,200.000,1640448,
11.098697,RETX,1608,18.035,,200.000,1640448,
11.098903,RETX,1609,18.035,,200.000,1640448,
11.099084,RETX,1610,18.035,,200.000,1640448,
11.099265,RETX,1611,18.035,,200.000,1640448,
11.099449,RETX,1612,18.035,,200.000,1640448,
11.099629,RETX,1613,18.035,,200.000,1640448,
11.099812,RETX,1614,18.035,,200.000,1640448,
11.099997,RETX,1615,18.035,,200.000,1640448,
11.100176,RETX,1616,18.035,,200.000,1640448,
11.100353,RETX,1617,18.035,,200.000,1640448,
11.100532,RETX,1618,18.035,,200.000,1640448,
11.100708,RETX,1619,18.035,,200.000,1640448,
11.100828,NAK,1602,18.035,,,1640448,
11.109813,NAK,1602,18.035,,,1640448,
11.109850,DUPACK,1602,18.035,,,1640448,
11.109875,NAK,1602,18.035,,,1640448,
11.109897,DUPACK,1602,18.035,,,1640448,
11.119403,NAK,1602,18.035,,,1640448,
11.119439,DUPACK,1602,18.035,,,1640448,
11.119467,NAK,1602,18.035,,,1640448,
11.119503,DUPACK,1602,18.035,,,1640448,
11.119529,NAK,1602,18.035,,,1640448,
11.119555,DUPACK,1602,18.035,,,1640448,
11.119579,NAK,1602,18.035,,,1640448,
11.119604,DUPACK,1602,18.035,,,1640448,
11.119628,NAK,1602,18.035,,,1640448,
11.120241,NAK,1602,18.035,,,1640448,
11.126977,DUPACK,1602,18.035,,,1640448,
11.127027,NAK,1602,18.035,,,1640448,
11.127062,DUPACK,1602,18.035,,,1640448,
11.127091,NAK,1602,18.035,,,1640448,
11.127119,DUPACK,1602,18.035,,,1640448,
11.127145,NAK,1602,18.035,,,1640448,
11.127171,DUPACK,1602,18.035,,,1640448,
11.127197,NAK,1602,18.035,,,1640448,
11.127222,NAK,1602,18.035,,,1640448,
11.128755,DUPACK,1602,18.035,,,1640448,
11.128785,NAK,1602,18.035,,,1640448,
11.128811,DUPACK,1602,18.035,,,1640448,
11.150345,ACK,1603,18.090,,,1641472,"cum ack, base->1603"
11.150416,ACK,1605,18.200,,,1643520,"cum ack, base->1605"
11.150452,ACK,1606,18.255,,,1644544,"cum ack, base->1606"
11.150511,ACK,1607,18.310,,,1645568,"cum ack, base->1607"
11.150587,ACK,1608,18.365,,,1646592,"cum ack, base->1608"
11.151100,RETX,1620,18.365,,200.000,1646592,
11.151536,RETX,1621,18.365,,200.000,1646592,
11.151839,SEND,1622,18.365,,200.000,1646592,
11.152346,SEND,1623,18.365,,200.000,1646592,
11.152529,SEND,1624,18.365,,200.000,1646592,
11.152729,SEND,1625,18.365,,200.000,1646592,
11.152831,ACK,1609,18.419,,,1647616,"cum ack, base->1609"
11.152939,ACK,1610,18.473,,,1648640,"cum ack, base->1610"
11.152980,ACK,1611,18.528,,,1649664,"cum ack, base->1611"
11.153016,ACK,1612,18.582,,,1650688,"cum ack, base->1612"
11.153051,ACK,1613,18.635,,,1651712,"cum ack, base->1613"
11.153171,ACK,1614,18.689,,,1652736,"cum ack, base->1614"
11.153214,ACK,1615,18.743,,,1653760,"cum ack, base->1615"
11.153251,ACK,1616,18.796,,,1654784,"cum ack, base->1616"
11.153284,ACK,1617,18.849,,,1655808,"cum ack, base->1617"
11.153316,ACK,1618,18.902,,,1656832,"cum ack, base->1618"
11.153350,ACK,1619,18.955,,,1657856,"cum ack, base->1619"
11.153383,ACK,1620,19.008,,,1658880,"cum ack, base->1620"
11.156178,SEND,1626,19.008,,200.000,1658880,
11.156409,SEND,1627,19.008,,200.000,1658880,
11.156598,SEND,1628,19.008,,200.000,1658880,
11.156928,SEND,1629,19.008,,200.000,1658880,
11.157236,SEND,1630,19.008,,200.000,1658880,
11.157483,SEND,1631,19.008,,200.000,1658880,
11.157723,SEND,1632,19.008,,200.000,1658880,
11.157985,SEND,1633,19.008,,200.000,1658880,
11.158221,SEND,1634,19.008,,200.000,1658880,
11.158451,SEND,1635,19.008,,200.000,1658880,
11.158685,SEND,1636,19.008,,200.000,1658880,
11.158915,SEND,1637,19.008,,200.000,1658880,
11.159114,SEND,1638,19.008,,200.000,1658880,
11.184323,STATS,-1,19.008,,200.000,1658880,base=1620 next=1639
11.199804,ACK,1622,19.113,,,1660928,"cum ack, base->1622"
11.202054,SEND,1639,19.113,,200.000,1660928,
11.202430,SEND,1640,19.113,,200.000,1660928,
11.203154,ACK,1623,19.165,,,1661952,"cum ack, base->1623"
11.203216,ACK,1624,19.217,,,1662976,"cum ack, base->1624"
11.203251,ACK,1625,19.269,,,1664000,"cum ack, base->1625"
11.203315,ACK,1626,19.321,,,1665024,"cum ack, base->1626"
11.203348,ACK,1627,19.373,,,1666048,"cum ack, base->1627"
11.203441,ACK,1629,19.476,,,1668096,"cum ack, base->1629"
11.203473,ACK,1630,19.528,,,1669120,"cum ack, base->1630"
11.203504,ACK,1631,19.579,,,1670144,"cum ack, base->1631"
11.206699,SEND,1641,19.579,,200.000,1670144,
11.206964,SEND,1642,19.579,,200.000,1670144,
11.207245,SEND,1643,19.579,,200.000,1670144,
11.207606,SEND,1644,19.579,,200.000,1670144,
11.207793,SEND,1645,19.579,,200.000,1670144,
11.208056,SEND,1646,19.579,,200.000,1670144,
11.208289,SEND,1647,19.579,,200.000,1670144,
11.208517,SEND,1648,19.579,,200.000,1670144,
11.208744,SEND,1649,19.579,,200.000,1670144,
11.211371,ACK,1632,19.630,,,1671168,"cum ack, base->1632"
11.211419,ACK,1633,19.681,,,1672192,"cum ack, base->1633"
11.211455,ACK,1634,19.732,,,1673216,"cum ack, base->1634"
11.211486,ACK,1635,19.782,,,1674240,"cum ack, base->1635"
11.211516,ACK,1636,19.833,,,1675264,"cum ack, base->1636"
11.211546,ACK,1637,19.883,,,1676288,"cum ack, base->1637"
11.211577,ACK,1638,19.934,,,1677312,"cum ack, base->1638"
11.212573,ACK,1639,19.984,,,1678336,"cum ack, base->1639"
11.214166,SEND,1650,19.984,,200.000,1678336,
11.214407,SEND,1651,19.984,,200.000,1678336,
11.214591,SEND,1652,19.984,,200.000,1678336,
11.214802,SEND,1653,19.984,,200.000,1678336,
11.214972,SEND,1654,19.984,,200.000,1678336,
11.215272,SEND,1655,19.984,,200.000,1678336,
11.215456,SEND,1656,19.984,,200.000,1678336,
11.215628,SEND,1657,19.984,,200.000,1678336,
11.254304,ACK,1640,20.034,,,1679360,"cum ack, base->1640"
11.254383,ACK,1641,20.084,,,1680384,"cum ack, base->1641"
11.254419,ACK,1642,20.133,,,1681408,"cum ack, base->1642"
11.254452,ACK,1643,20.183,,,1682432,"cum ack, base->1643"
11.254566,ACK,1644,20.233,,,1683456,"cum ack, base->1644"
11.254595,NAK,1644,20.233,,,1683456,
11.254608,FASTRETX,1644,17.985,,200.000,1683456,nak
11.254720,DUPACK,1644,17.985,,,1683456,
11.255359,RETX,1644,17.985,,200.000,1683456,
11.255940,RETX,1645,17.985,,200.000,1683456,
11.256233,RETX,1646,17.985,,200.000,1683456,
11.256566,RETX,1647,17.985,,200.000,1683456,
11.256913,RETX,1648,17.985,,200.000,1683456,
11.257170,RETX,1649,17.985,,200.000,1683456,
11.257360,RETX,1650,17.985,,200.000,1683456,
11.257538,RETX,1651,17.985,,200.000,1683456,
11.257717,RETX,1652,17.985,,200.000,1683456,
11.257896,RETX,1653,17.985,,200.000,1683456,
11.258074,RETX,1654,17.985,,200.000,1683456,
11.258254,RETX,1655,17.985,,200.000,1683456,
11.258432,RETX,1656,17.985,,200.000,1683456,
11.258614,RETX,1657,17.985,,200.000,1683456,
11.258797,SEND,1658,17.985,,200.000,1683456,
11.258977,SEND,1659,17.985,,200.000,1683456,
11.259156,SEND,1660,17.985,,200.000,1683456,
11.260545,NAK,1644,17.985,,,1683456,
11.260670,DUPACK,1644,17.985,,,1683456,
11.260716,NAK,1644,17.985,,,1683456,
11.260743,DUPACK,1644,17.985,,,1683456,
11.260766,NAK,1644,17.985,,,1683456,
11.260788,DUPACK,1644,17.985,,,1683456,
11.260810,NAK,1644,17.985,,,1683456,
11.260889,DUPACK,1644,17.985,,,1683456,
11.262923,NAK,1644,17.985,,,1683456,
11.262954,DUPACK,1644,17.985,,,1683456,
11.262976,NAK,1644,17.985,,,1683456,
11.262997,DUPACK,1644,17.985,,,1683456,
11.263017,NAK,1644,17.985,,,1683456,
11.263037,DUPACK,1644,17.985,,,1683456,
11.263056,NAK,1644,17.985,,,1683456,
11.263076,DUPACK,1644,17.985,,,1683456,
11.268760,NAK,1644,17.985,,,1683456,
11.268804,DUPACK,1644,17.985,,,1683456,
11.268828,NAK,1644,17.985,,,1683456,
11.268868,DUPACK,1644,17.985,,,1683456,
11.268888,NAK,1644,17.985,,,1683456,
11.268909,DUPACK,1644,17.985,,,1683456,
11.286603,STATS,-1,17.985,,200.000,1683456,base=1644 next=1661
11.293794,NAK,1644,17.985,,,1683456,
11.293859,DUPACK,1644,17.985,,,1683456,
11.297444,NAK,1644,17.985,,,1683456,
11.303215,DUPACK,1644,17.985,,,1683456,
11.303290,NAK,1644,17.985,,,1683456,
11.303327,DUPACK,1644,17.985,,,1683456,
11.303353,DUPACK,1644,17.985,,,1683456,
11.303379,NAK,1644,17.985,,,1683456,
11.308316,DUPACK,1644,17.985,,,1683456,
11.308383,NAK,1644,17.985,,,1683456,
11.308470,DUPACK,1644,17.985,,,1683456,
11.308498,NAK,1644,17.985,,,1683456,
11.308553,DUPACK,1644,17.985,,,1683456,
11.308594,NAK,1644,17.985,,,1683456,
11.308627,DUPACK,1644,17.985,,,1683456,
11.308654,NAK,1644,17.985,,,1683456,
11.308680,DUPACK,1644,17.985,,,1683456,
11.308705,NAK,1644,17.985,,,1683456,
11.308729,DUPACK,1644,17.985,,,1683456,
11.308754,NAK,1644,17.985,,,1683456,
11.308779,DUPACK,1644,17.985,,,1683456,
11.308805,NAK,1644,17.985,,,1683456,
11.308830,NAK,1644,17.985,,,1683456,
11.308959,DUPACK,1644,17.985,,,1683456,
11.308994,NAK,1644,17.985,,,1683456,
11.311672,DUPACK,1644,17.985,,,1683456,
11.388813,STATS,-1,17.985,,200.000,1683456,base=1644 next=1661
11.455975,TIMEOUT,1644,17.985,,200.000,1683456,timeout
11.459173,RETX,1644,17.985,,200.000,1683456,
11.459792,RETX,1645,17.985,,200.000,1683456,
11.460037,RETX,1646,17.985,,200.000,1683456,
11.460219,RETX,1647,17.985,,200.000,1683456,
11.460388,RETX,1648,17.985,,200.000,1683456,
11.460556,RETX,1649,17.985,,200.000,1683456,
11.460725,RETX,1650,17.985,,200.000,1683456,
11.460894,RETX,1651,17.985,,200.000,1683456,
11.461062,RETX,1652,17.985,,200.000,1683456,
11.461231,RETX,1653,17.985,,200.000,1683456,
11.461442,RETX,1654,17.985,,200.000,1683456,
11.461678,RETX,1655,17.985,,200.000,1683456,
11.461861,RETX,1656,17.985,,200.000,1683456,
11.462031,RETX,1657,17.985,,200.000,1683456,
11.462199,RETX,1658,17.985,,200.000,1683456,
11.462367,RETX,1659,17.985,,200.000,1683456,
11.462537,RETX,1660,17.985,,200.000,1683456,
11.490097,STATS,-1,17.985,,200.000,1683456,base=1644 next=1661
11.511334,ACK,1645,18.040,,,1684480,"cum ack, base->1645"
11.511402,ACK,1646,18.096,,,1685504,"cum ack, base->1646"
11.511433,NAK,1646,18.096,,,1685504,
11.511445,FASTRETX,1646,18.096,,200.000,1685504,nak
11.511472,NAK,1646,18.096,,,1685504,
11.511499,DUPACK,1646,18.096,,,1685504,
11.511525,NAK,1646,18.096,,,1685504,
11.511552,DUPACK,1646,18.096,,,1685504,
11.511577,NAK,1646,18.096,,,1685504,
11.511602,DUPACK,1646,18.096,,,1685504,
11.511629,NAK,1646,18.096,,,1685504,
11.511856,DUPACK,1646,18.096,,,1685504,
11.511934,NAK,1646,18.096,,,1685504,
11.511967,DUPACK,1646,18.096,,,1685504,
11.511993,NAK,1646,18.096,,,1685504,
11.512018,NAK,1646,18.096,,,1685504,
11.512043,DUPACK,1646,18.096,,,1685504,
11.512068,NAK,1646,18.096,,,1685504,
11.512094,DUPACK,1646,18.096,,,1685504,
11.513267,RETX,1646,18.096,,200.000,1685504,
11.513482,RETX,1647,18.096,,200.000,1685504,
11.513665,RETX,1648,18.096,,200.000,1685504,
11.513832,RETX,1649,18.096,,200.000,1685504,
11.513999,RETX,1650,18.096,,200.000,1685504,
11.514167,RETX,1651,18.096,,200.000,1685504,
11.514337,RETX,1652,18.096,,200.000,1685504,
11.514505,RETX,1653,18.096,,200.000,1685504,
11.514673,RETX,1654,18.096,,200.000,1685504,
11.514836,RETX,1655,18.096,,200.000,1685504,
11.515003,RETX,1656,18.096,,200.000,1685504,
11.515173,RETX,1657,18.096,,200.000,1685504,
11.515343,RETX,1658,18.096,,200.000,1685504,
11.515512,RETX,1659,18.096,,200.000,1685504,
11.515681,RETX,1660,18.096,,200.000,1685504,
11.515849,SEND,1661,18.096,,200.000,1685504,
11.516015,SEND,1662,18.096,,200.000,1685504,
11.516182,SEND,1663,18.096,,200.000,1685504,
11.516335,NAK,1646,18.096,,,1685504,
11.516407,DUPACK,1646,18.096,,,1685504,
11.516442,NAK,1646,18.096,,,1685504,
11.516471,DUPACK,1646,18.096,,,1685504,
11.516498,NAK,1646,18.096,,,1685504,
11.516527,DUPACK,1646,18.096,,,1685504,
11.516553,NAK,1646,18.096,,,1685504,
11.516580,DUPACK,1646,18.096,,,1685504,
11.516606,NAK,1646,18.096,,,1685504,
11.516632,DUPACK,1646,18.096,,,1685504,
11.563904,ACK,1647,18.151,,,1686528,"cum ack, base->1647"
11.563968,NAK,1647,18.151,,,1686528,
11.563979,FASTRETX,1647,18.151,,200.000,1686528,nak
11.564017,DUPACK,1647,18.151,,,1686528,
11.564044,NAK,1647,18.151,,,1686528,
11.564070,DUPACK,1647,18.151,,,1686528,
11.564098,NAK,1647,18.151,,,1686528,
11.564126,DUPACK,1647,18.151,,,1686528,
11.564152,NAK,1647,18.151,,,1686528,
11.564177,DUPACK,1647,18.151,,,1686528,
11.564202,NAK,1647,18.151,,,1686528,
11.564227,NAK,1647,18.151,,,1686528,
11.564252,DUPACK,1647,18.151,,,1686528,
11.565145,NAK,1647,18.151,,,1686528,
11.565201,DUPACK,1647,18.151,,,1686528,
11.565234,NAK,1647,18.151,,,1686528,
11.565263,DUPACK,1647,18.151,,,1686528,
11.565288,NAK,1647,18.151,,,1686528,
11.565315,DUPACK,1647,18.151,,,1686528,
11.565340,NAK,1647,18.151,,,1686528,
11.565366,NAK,1647,18.151,,,1686528,
11.566289,RETX,1647,18.151,,200.000,1686528,
11.566473,RETX,1648,18.151,,200.000,1686528,
11.566648,RETX,1649,18.151,,200.000,1686528,
11.566817,RETX,1650,18.151,,200.000,1686528,
11.566985,RETX,1651,18.151,,200.000,1686528,
11.567153,RETX,1652,18.151,,200.000,1686528,
11.567321,RETX,1653,18.151,,200.000,1686528,
11.567490,RETX,1654,18.151,,200.000,1686528,
11.567757,RETX,1655,18.151,,200.000,1686528,
11.567945,RETX,1656,18.151,,200.000,1686528,
11.568117,RETX,1657,18.151,,200.000,1686528,
11.568323,RETX,1658,18.151,,200.000,1686528,
11.568499,RETX,1659,18.151,,200.000,1686528,
11.568668,RETX,1660,18.151,,200.000,1686528,
11.568837,RETX,1661,18.151,,200.000,1686528,
11.569006,RETX,1662,18.151,,200.000,1686528,
11.569176,RETX,1663,18.151,,200.000,1686528,
11.569343,SEND,1664,18.151,,200.000,1686528,
11.569496,DUPACK,1647,18.151,,,1686528,
11.569549,NAK,1647,18.151,,,1686528,
11.569581,DUPACK,1647,18.151,,,1686528,
11.569607,NAK,1647,18.151,,,1686528,
11.569654,NAK,1647,18.151,,,1686528,
11.569681,DUPACK,1647,18.151,,,1686528,
11.569707,NAK,1647,18.151,,,1686528,
11.569733,DUPACK,1647,18.151,,,1686528,
11.591849,STATS,-1,18.151,,200.000,1686528,base=1647 next=1665
11.609243,ACK,1648,18.206,,,1687552,"cum ack, base->1648"
11.609885,SEND,1665,18.206,,200.000,1687552,
11.610513,ACK,1649,18.261,,,1688576,"cum ack, base->1649"
11.611868,ACK,1650,18.316,,,1689600,"cum ack, base->1650"
11.612643,SEND,1666,18.316,,200.000,1689600,
11.612970,SEND,1667,18.316,,200.000,1689600,
11.613061,ACK,1651,18.370,,,1690624,"cum ack, base->1651"
11.613105,ACK,1652,18.425,,,1691648,"cum ack, base->1652"
11.613139,ACK,1653,18.479,,,1692672,"cum ack, base->1653"
11.613171,ACK,1654,18.533,,,1693696,"cum ack, base->1654"
11.613202,ACK,1655,18.587,,,1694720,"cum ack, base->1655"
11.613263,ACK,1656,18.641,,,1695744,"cum ack, base->1656"
11.614877,ACK,1657,18.694,,,1696768,"cum ack, base->1657"
11.614928,ACK,1658,18.748,,,1697792,"cum ack, base->1658"
11.614964,ACK,1659,18.801,,,1698816,"cum ack, base->1659"
11.615793,SEND,1668,18.801,,200.000,1698816,
11.615974,SEND,1669,18.801,,200.000,1698816,
11.616140,SEND,1670,18.801,,200.000,1698816,
11.616307,SEND,1671,18.801,,200.000,1698816,
11.616476,SEND,1672,18.801,,200.000,1698816,
11.616642,SEND,1673,18.801,,200.000,1698816,
11.616808,SEND,1674,18.801,,200.000,1698816,
11.616973,SEND,1675,18.801,,200.000,1698816,
11.617141,SEND,1676,18.801,,200.000,1698816,
11.619867,ACK,1660,18.855,,,1699840,"cum ack, base->1660"
11.619928,ACK,1661,18.908,,,1700864,"cum ack, base->1661"
11.619965,ACK,1662,18.960,,,1701888,"cum ack, base->1662"
11.620000,ACK,1663,19.013,,,1702912,"cum ack, base->1663"
11.620031,ACK,1664,19.066,,,1703936,"cum ack, base->1664"
11.620061,ACK,1665,19.118,,,1704960,"cum ack, base->1665"
11.622507,SEND,1677,19.118,,200.000,1704960,
11.622713,SEND,1678,19.118,,200.000,1704960,
11.622923,SEND,1679,19.118,,200.000,1704960,
11.623099,SEND,1680,19.118,,200.000,1704960,
11.623266,SEND,1681,19.118,,200.000,1704960,
11.623433,SEND,1682,19.118,,200.000,1704960,
11.623610,SEND,1683,19.118,,200.000,1704960,
11.648028,ACK,1666,19.171,,,1705984,"cum ack, base->1666"
11.649032,SEND,1684,19.171,,200.000,1705984,
11.653669,ACK,1667,19.223,,,1707008,"cum ack, base->1667"
11.654854,SEND,1685,19.223,,200.000,1707008,
11.665795,ACK,1668,19.275,,,1708032,"cum ack, base->1668"
11.665860,ACK,1669,19.327,,,1709056,"cum ack, base->1669"
11.667868,SEND,1686,19.327,,200.000,1709056,
11.668058,SEND,1687,19.327,,200.000,1709056,
11.668895,ACK,1670,19.378,,,1710080,"cum ack, base->1670"
11.668944,NAK,1670,19.378,,,1710080,
11.668956,FASTRETX,1670,17.225,,200.000,1710080,nak
11.669250,DUPACK,1670,17.225,,,1710080,
11.669285,NAK,1670,17.225,,,1710080,
11.669314,DUPACK,1670,17.225,,,1710080,
11.669353,NAK,1670,17.225,,,1710080,
11.669429,DUPACK,1670,17.225,,,1710080,
11.670469,NAK,1670,17.225,,,1710080,
11.670526,DUPACK,1670,17.225,,,1710080,
11.670555,NAK,1670,17.225,,,1710080,
11.670583,DUPACK,1670,17.225,,,1710080,
11.671017,RETX,1670,17.225,,200.000,1710080,
11.671289,RETX,1671,17.225,,200.000,1710080,
11.671461,RETX,1672,17.225,,200.000,1710080,
11.671628,RETX,1673,17.225,,200.000,1710080,
11.671816,RETX,1674,17.225,,200.000,1710080,
11.671985,RETX,1675,17.225,,200.000,1710080,
11.672149,RETX,1676,17.225,,200.000,1710080,
11.672315,RETX,1677,17.225,,200.000,1710080,
11.672481,RETX,1678,17.225,,200.000,1710080,
11.672649,RETX,1679,17.225,,200.000,1710080,
11.672818,RETX,1680,17.225,,200.000,1710080,
11.672984,RETX,1681,17.225,,200.000,1710080,
11.673205,RETX,1682,17.225,,200.000,1710080,
11.673390,RETX,1683,17.225,,200.000,1710080,
11.673558,RETX,1684,17.225,,200.000,1710080,
11.673727,RETX,1685,17.225,,200.000,1710080,
11.673894,RETX,1686,17.225,,200.000,1710080,
11.673975,NAK,1670,17.225,,,1710080,
11.674044,DUPACK,1670,17.225,,,1710080,
11.674075,NAK,1670,17.225,,,1710080,
11.674102,DUPACK,1670,17.225,,,1710080,
11.674129,NAK,1670,17.225,,,1710080,
11.674155,DUPACK,1670,17.225,,,1710080,
11.674181,NAK,1670,17.225,,,1710080,
11.674208,DUPACK,1670,17.225,,,1710080,
11.674438,NAK,1670,17.225,,,1710080,
11.674466,DUPACK,1670,17.225,,,1710080,
11.674491,NAK,1670,17.225,,,1710080,
11.674516,DUPACK,1670,17.225,,,1710080,
11.686542,NAK,1670,17.225,,,1710080,
11.690824,DUPACK,1670,17.225,,,1710080,
11.693744,STATS,-1,17.225,,200.000,1710080,base=1670 next=1687
11.696618,NAK,1670,17.225,,,1710080,
11.696676,DUPACK,1670,17.225,,,1710080,
11.706171,NAK,1670,17.225,,,1710080,
11.718063,DUPACK,1670,17.225,,,1710080,
11.718148,NAK,1670,17.225,,,1710080,
11.718215,DUPACK,1670,17.225,,,1710080,
11.722157,ACK,1671,17.283,,,1711104,"cum ack, base->1671"
11.722859,RETX,1687,17.283,,200.000,1711104,
11.722968,ACK,1672,17.341,,,1712128,"cum ack, base->1672"
11.723034,ACK,1673,17.399,,,1713152,"cum ack, base->1673"
11.723073,ACK,1674,17.456,,,1714176,"cum ack, base->1674"
11.723101,NAK,1674,17.456,,,1714176,
11.723111,FASTRETX,1674,17.456,,200.000,1714176,nak
11.723139,DUPACK,1674,17.456,,,1714176,
11.723167,NAK,1674,17.456,,,1714176,
11.723193,DUPACK,1674,17.456,,,1714176,
11.723219,NAK,1674,17.456,,,1714176,
11.723244,DUPACK,1674,17.456,,,1714176,
11.723270,NAK,1674,17.456,,,1714176,
11.723324,DUPACK,1674,17.456,,,1714176,
11.723363,NAK,1674,17.456,,,1714176,
11.723393,DUPACK,1674,17.456,,,1714176,
11.723419,NAK,1674,17.456,,,1714176,
11.723445,DUPACK,1674,17.456,,,1714176,
11.723785,NAK,1674,17.456,,,1714176,
11.723830,DUPACK,1674,17.456,,,1714176,
11.723859,NAK,1674,17.456,,,1714176,
11.725093,DUPACK,1674,17.456,,,1714176,
11.725140,NAK,1674,17.456,,,1714176,
11.725173,DUPACK,1674,17.456,,,1714176,
11.725696,RETX,1674,17.456,,200.000,1714176,
11.725905,RETX,1675,17.456,,200.000,1714176,
11.726104,RETX,1676,17.456,,200.000,1714176,
11.726288,RETX,1677,17.456,,200.000,1714176,
11.726461,RETX,1678,17.456,,200.000,1714176,
11.726719,RETX,1679,17.456,,200.000,1714176,
11.726898,RETX,1680,17.456,,200.000,1714176,
11.727067,RETX,1681,17.456,,200.000,1714176,
11.727235,RETX,1682,17.456,,200.000,1714176,
11.727435,RETX,1683,17.456,,200.000,1714176,
11.727614,RETX,1684,17.456,,200.000,1714176,
11.727813,RETX,1685,17.456,,200.000,1714176,
11.727990,RETX,1686,17.456,,200.000,1714176,
11.728206,RETX,1687,17.456,,200.000,1714176,
11.728384,SEND,1688,17.456,,200.000,1714176,
11.728572,SEND,1689,17.456,,200.000,1714176,
11.728741,SEND,1690,17.456,,200.000,1714176,
11.728831,NAK,1674,17.456,,,1714176,
11.728873,DUPACK,1674,17.456,,,1714176,
11.728900,NAK,1674,17.456,,,1714176,
11.728927,DUPACK,1674,17.456,,,1714176,
11.761858,NAK,1674,17.456,,,1714176,
11.761926,DUPACK,1674,17.456,,,1714176,
11.775260,ACK,1675,17.514,,,1715200,"cum ack, base->1675"
11.779613,SEND,1691,17.514,,200.000,1715200,
11.782702,ACK,1676,17.571,,,1716224,"cum ack, base->1676"
11.782800,ACK,1678,17.684,,,1718272,"cum ack, base->1678"
11.782840,ACK,1679,17.741,,,1719296,"cum ack, base->1679"
11.782876,ACK,1680,17.797,,,1720320,"cum ack, base->1680"
11.782910,ACK,1681,17.853,,,1721344,"cum ack, base->1681"
11.783369,ACK,1682,17.909,,,1722368,"cum ack, base->1682"
11.783419,ACK,1683,17.965,,,1723392,"cum ack, base->1683"
11.783980,ACK,1684,18.021,,,1724416,"cum ack, base->1684"
11.784025,ACK,1685,18.076,,,1725440,"cum ack, base->1685"
11.784057,ACK,1686,18.132,,,1726464,"cum ack, base->1686"
11.784100,ACK,1687,18.187,,,1727488,"cum ack, base->1687"
11.784131,ACK,1688,18.242,,,1728512,"cum ack, base->1688"
11.784281,ACK,1691,18.406,,,1731584,"cum ack, base->1691"
11.785247,SEND,1692,18.406,,200.000,1731584,
11.785463,SEND,1693,18.406,,200.000,1731584,
11.785738,SEND,1694,18.406,,200.000,1731584,
11.785912,SEND,1695,18.406,,200.000,1731584,
11.786100,SEND,1696,18.406,,200.000,1731584,
11.786549,SEND,1697,18.406,,200.000,1731584,
11.786766,SEND,1698,18.406,,200.000,1731584,
11.786938,SEND,1699,18.406,,200.000,1731584,
11.787197,SEND,1700,18.406,,200.000,1731584,
11.787543,SEND,1701,18.406,,200.000,1731584,
11.789905,SEND,1702,18.406,,200.000,1731584,
11.790115,SEND,1703,18.406,,200.000,1731584,
11.790285,SEND,1704,18.406,,200.000,1731584,
11.790453,SEND,1705,18.406,,200.000,1731584,
11.790620,SEND,1706,18.406,,200.000,1731584,
11.790790,SEND,1707,18.406,,200.000,1731584,
11.790962,SEND,1708,18.406,,200.000,1731584,
11.796046,STATS,-1,18.406,,200.000,1731584,base=1691 next=1709
11.851471,ACK,1692,18.460,,,1732608,"cum ack, base->1692"
11.851513,ACK,1693,18.514,,,1733632,"cum ack, base->1693"
11.851533,ACK,1694,18.568,,,1734656,"cum ack, base->1694"
11.851551,ACK,1695,18.622,,,1735680,"cum ack, base->1695"
11.851564,ACK,1696,18.676,,,1736704,"cum ack, base->1696"
11.851576,ACK,1697,18.729,,,1737728,"cum ack, base->1697"
11.851590,ACK,1699,18.836,,,1739776,"cum ack, base->1699"
11.851601,DUPACK,1699,18.836,,,1739776,
11.851613,NAK,1699,18.836,,,1739776,
11.851625,FASTRETX,1699,16.743,,200.000,1739776,nak
11.851636,DUPACK,1699,16.743,,,1739776,
11.851646,NAK,1699,16.743,,,1739776,
11.851656,DUPACK,1699,16.743,,,1739776,
11.851670,NAK,1699,16.743,,,1739776,
11.851680,DUPACK,1699,16.743,,,1739776,
11.851689,NAK,1699,16.743,,,1739776,
11.851699,DUPACK,1699,16.743,,,1739776,
11.851710,NAK,1699,16.743,,,1739776,
11.851720,DUPACK,1699,16.743,,,1739776,
11.851729,NAK,1699,16.743,,,1739776,
11.851738,DUPACK,1699,16.743,,,1739776,
11.851750,NAK,1699,16.743,,,1739776,
11.851758,DUPACK,1699,16.743,,,1739776,
11.851767,NAK,1699,16.743,,,1739776,
11.851775,DUPACK,1699,16.743,,,1739776,
11.853318,RETX,1699,16.743,,200.000,1739776,
11.853405,RETX,1700,16.743,,200.000,1739776,
11.853485,RETX,1701,16.743,,200.000,1739776,
11.853563,RETX,1702,16.743,,200.000,1739776,
11.853641,RETX,1703,16.743,,200.000,1739776,
11.853718,RETX,1704,16.743,,200.000,1739776,
11.853796,RETX,1705,16.743,,200.000,1739776,
11.853874,RETX,1706,16.743,,200.000,1739776,
11.853952,RETX,1707,16.743,,200.000,1739776,
11.854029,RETX,1708,16.743,,200.000,1739776,
11.854107,SEND,1709,16.743,,200.000,1739776,
11.854188,SEND,1710,16.743,,200.000,1739776,
11.854266,SEND,1711,16.743,,200.000,1739776,
11.854343,SEND,1712,16.743,,200.000,1739776,
11.854437,SEND,1713,16.743,,200.000,1739776,
11.854515,SEND,1714,16.743,,200.000,1739776,
11.896838,STATS,-1,16.743,,200.000,1739776,base=1699 next=1715
11.902121,ACK,1700,16.803,,,1740800,"cum ack, base->1700"
11.902166,ACK,1701,16.862,,,1741824,"cum ack, base->1701"
11.902197,ACK,1702,16.922,,,1742848,"cum ack, base->1702"
11.902224,ACK,1703,16.981,,,1743872,"cum ack, base->1703"
11.904658,SEND,1715,16.981,,200.000,1743872,
11.904903,SEND,1716,16.981,,200.000,1743872,
11.905134,SEND,1717,16.981,,200.000,1743872,
11.905359,SEND,1718,16.981,,200.000,1743872,
11.910677,ACK,1704,17.040,,,1744896,"cum ack, base->1704"
11.910834,ACK,1705,17.098,,,1745920,"cum ack, base->1705"
11.910917,NAK,1705,17.098,,,1745920,
11.910942,FASTRETX,1705,17.098,,200.000,1745920,nak
11.910992,DUPACK,1705,17.098,,,1745920,
11.911035,NAK,1705,17.098,,,1745920,
11.911077,DUPACK,1705,17.098,,,1745920,
11.911102,NAK,1705,17.098,,,1745920,
11.911128,DUPACK,1705,17.098,,,1745920,
11.911171,NAK,1705,17.098,,,1745920,
11.911213,DUPACK,1705,17.098,,,1745920,
11.911244,NAK,1705,17.098,,,1745920,
11.911272,DUPACK,1705,17.098,,,1745920,
11.911298,NAK,1705,17.098,,,1745920,
11.911324,DUPACK,1705,17.098,,,1745920,
11.911348,NAK,1705,17.098,,,1745920,
11.911376,DUPACK,1705,17.098,,,1745920,
11.911400,NAK,1705,17.098,,,1745920,
11.911556,DUPACK,1705,17.098,,,1745920,
11.911587,DUPACK,1705,17.098,,,1745920,
11.913227,RETX,1705,17.098,,200.000,1745920,
11.913414,RETX,1706,17.098,,200.000,1745920,
11.913589,RETX,1707,17.098,,200.000,1745920,
11.913970,RETX,1708,17.098,,200.000,1745920,
11.914177,RETX,1709,17.098,,200.000,1745920,
11.914382,RETX,1710,17.098,,200.000,1745920,
11.914615,RETX,1711,17.098,,200.000,1745920,
11.914811,RETX,1712,17.098,,200.000,1745920,
11.914980,RETX,1713,17.098,,200.000,1745920,
11.915179,RETX,1714,17.098,,200.000,1745920,
11.915425,RETX,1715,17.098,,200.000,1745920,
11.915602,RETX,1716,17.098,,200.000,1745920,
11.915772,RETX,1717,17.098,,200.000,1745920,
11.915967,RETX,1718,17.098,,200.000,1745920,
11.916141,SEND,1719,17.098,,200.000,1745920,
11.916364,SEND,1720,17.098,,200.000,1745920,
11.916531,SEND,1721,17.098,,200.000,1745920,
11.963858,NAK,1705,17.098,,,1745920,
11.963879,DUPACK,1705,17.098,,,1745920,
11.963891,NAK,1705,17.098,,,1745920,
11.963902,DUPACK,1705,17.098,,,1745920,
11.963912,DUPACK,1705,17.098,,,1745920,
11.963925,NAK,1705,17.098,,,1745920,
11.963935,DUPACK,1705,17.098,,,1745920,
11.963952,ACK,1706,17.157,,,1746944,"cum ack, base->1706"
11.963965,ACK,1707,17.215,,,1747968,"cum ack, base->1707"
11.964966,ACK,1708,17.273,,,1748992,"cum ack, base->1708"
11.964984,ACK,1709,17.331,,,1750016,"cum ack, base->1709"
11.964997,ACK,1710,17.389,,,1751040,"cum ack, base->1710"
11.965012,ACK,1711,17.446,,,1752064,"cum ack, base->1711"
11.965022,NAK,1711,17.446,,,1752064,
11.965028,FASTRETX,1711,15.508,,200.000,1752064,nak
11.965040,DUPACK,1711,15.508,,,1752064,
11.965050,NAK,1711,15.508,,,1752064,
11.965097,DUPACK,1711,15.508,,,1752064,
11.965113,NAK,1711,15.508,,,1752064,
11.965124,DUPACK,1711,15.508,,,1752064,
11.965168,NAK,1711,15.508,,,1752064,
11.965178,DUPACK,1711,15.508,,,1752064,
11.965188,DUPACK,1711,15.508,,,1752064,
11.965876,NAK,1711,15.508,,,1752064,
11.965888,DUPACK,1711,15.508,,,1752064,
11.965897,NAK,1711,15.508,,,1752064,
11.965907,NAK,1711,15.508,,,1752064,
11.965916,DUPACK,1711,15.508,,,1752064,
11.966201,RETX,1711,15.508,,200.000,1752064,
11.966306,RETX,1712,15.508,,200.000,1752064,
11.966403,RETX,1713,15.508,,200.000,1752064,
11.966498,RETX,1714,15.508,,200.000,1752064,
11.966593,RETX,1715,15.508,,200.000,1752064,
11.966687,RETX,1716,15.508,,200.000,1752064,
11.966782,RETX,1717,15.508,,200.000,1752064,
11.966877,RETX,1718,15.508,,200.000,1752064,
11.966972,RETX,1719,15.508,,200.000,1752064,
11.967067,RETX,1720,15.508,,200.000,1752064,
11.967163,RETX,1721,15.508,,200.000,1752064,
11.967258,SEND,1722,15.508,,200.000,1752064,
11.967355,SEND,1723,15.508,,200.000,1752064,
11.967450,SEND,1724,15.508,,200.000,1752064,
11.967557,SEND,1725,15.508,,200.000,1752064,
11.967588,NAK,1711,15.508,,,1752064,
11.968030,DUPACK,1711,15.508,,,1752064,
11.968042,NAK,1711,15.508,,,1752064,
11.968053,DUPACK,1711,15.508,,,1752064,
12.009329,STATS,-1,15.508,,200.000,1752064,base=1711 next=1726
12.010080,ACK,1712,15.572,,,1753088,"cum ack, base->1712"
12.011944,SEND,1726,15.572,,200.000,1753088,
12.032237,ACK,1713,15.637,,,1754112,"cum ack, base->1713"
12.034644,SEND,1727,15.637,,200.000,1754112,
12.034774,ACK,1714,15.700,,,1755136,"cum ack, base->1714"
12.034799,ACK,1715,15.764,,,1756160,"cum ack, base->1715"
12.034965,ACK,1716,15.828,,,1757184,"cum ack, base->1716"
12.035614,ACK,1717,15.891,,,1758208,"cum ack, base->1717"
12.035633,ACK,1718,15.954,,,1759232,"cum ack, base->1718"
12.035650,ACK,1719,16.016,,,1760256,"cum ack, base->1719"
12.035667,ACK,1720,16.079,,,1761280,"cum ack, base->1720"
12.035684,ACK,1721,16.141,,,1762304,"cum ack, base->1721"
12.035696,ACK,1722,16.203,,,1763328,"cum ack, base->1722"
12.035708,ACK,1723,16.265,,,1764352,"cum ack, base->1723"
12.035719,ACK,1724,16.326,,,1765376,"cum ack, base->1724"
12.035730,ACK,1725,16.387,,,1766400,"cum ack, base->1725"
12.035741,ACK,1726,16.448,,,1767424,"cum ack, base->1726"
12.037260,SEND,1728,16.448,,200.000,1767424,
12.037358,SEND,1729,16.448,,200.000,1767424,
12.037453,SEND,1730,16.448,,200.000,1767424,
12.037548,SEND,1731,16.448,,200.000,1767424,
12.037644,SEND,1732,16.448,,200.000,1767424,
12.037739,SEND,1733,16.448,,200.000,1767424,
12.037834,SEND,1734,16.448,,200.000,1767424,
12.037929,SEND,1735,16.448,,200.000,1767424,
12.038024,SEND,1736,16.448,,200.000,1767424,
12.038129,SEND,1737,16.448,,200.000,1767424,
12.038225,SEND,1738,16.448,,200.000,1767424,
12.038321,SEND,1739,16.448,,200.000,1767424,
12.038416,SEND,1740,16.448,,200.000,1767424,
12.038511,SEND,1741,16.448,,200.000,1767424,
12.065367,ACK,1727,16.509,,,1768448,"cum ack, base->1727"
12.067126,SEND,1742,16.509,,200.000,1768448,
12.092493,ACK,1728,16.570,,,1769472,"cum ack, base->1728"
12.092521,ACK,1729,16.630,,,1770496,"cum ack, base->1729"
12.092540,ACK,1730,16.690,,,1771520,"cum ack, base->1730"
12.092557,ACK,1731,16.750,,,1772544,"cum ack, base->1731"
12.092573,ACK,1732,16.810,,,1773568,"cum ack, base->1732"
12.092585,ACK,1733,16.869,,,1774592,"cum ack, base->1733"
12.092597,ACK,1734,16.929,,,1775616,"cum ack, base->1734"
12.092609,ACK,1735,16.988,,,1776640,"cum ack, base->1735"
12.092623,NAK,1735,16.988,,,1776640,
12.092628,FASTRETX,1735,15.100,,200.000,1776640,nak
12.092640,DUPACK,1735,15.100,,,1776640,
12.092650,NAK,1735,15.100,,,1776640,
12.092660,DUPACK,1735,15.100,,,1776640,
12.092669,NAK,1735,15.100,,,1776640,
12.092678,DUPACK,1735,15.100,,,1776640,
12.092686,NAK,1735,15.100,,,1776640,
12.092696,DUPACK,1735,15.100,,,1776640,
12.092704,NAK,1735,15.100,,,1776640,
12.093447,DUPACK,1735,15.100,,,1776640,
12.093461,NAK,1735,15.100,,,1776640,
12.093472,DUPACK,1735,15.100,,,1776640,
12.094924,RETX,1735,15.100,,200.000,1776640,
12.095006,RETX,1736,15.100,,200.000,1776640,
12.095085,RETX,1737,15.100,,200.000,1776640,
12.095163,RETX,1738,15.100,,200.000,1776640,
12.095241,RETX,1739,15.100,,200.000,1776640,
12.095319,RETX,1740,15.100,,200.000,1776640,
12.095397,RETX,1741,15.100,,200.000,1776640,
12.095475,RETX,1742,15.100,,200.000,1776640,
12.095553,SEND,1743,15.100,,200.000,1776640,
12.095632,SEND,1744,15.100,,200.000,1776640,
12.095710,SEND,1745,15.100,,200.000,1776640,
12.095790,SEND,1746,15.100,,200.000,1776640,
12.095868,SEND,1747,15.100,,200.000,1776640,
12.095946,SEND,1748,15.100,,200.000,1776640,
12.096034,SEND,1749,15.100,,200.000,1776640,
12.111101,STATS,-1,15.100,,200.000,1776640,base=1735 next=1750
12.121470,NAK,1735,15.100,,,1776640,
12.121493,DUPACK,1735,15.100,,,1776640,
12.131309,ACK,1736,15.166,,,1777664,"cum ack, base->1736"
12.135107,SEND,1750,15.166,,200.000,1777664,
12.141861,ACK,1738,15.298,,,1779712,"cum ack, base->1738"
12.141933,NAK,1738,15.298,,,1779712,
12.141948,FASTRETX,1738,15.298,,200.000,1779712,nak
12.141986,DUPACK,1738,15.298,,,1779712,
12.142020,DUPACK,1738,15.298,,,1779712,
12.142051,NAK,1738,15.298,,,1779712,
12.143956,RETX,1738,15.298,,200.000,1779712,
12.144248,RETX,1739,15.298,,200.000,1779712,
12.144514,RETX,1740,15.298,,200.000,1779712,
12.144688,RETX,1741,15.298,,200.000,1779712,
12.144858,RETX,1742,15.298,,200.000,1779712,
12.145026,RETX,1743,15.298,,200.000,1779712,
12.145194,RETX,1744,15.298,,200.000,1779712,
12.145364,RETX,1745,15.298,,200.000,1779712,
12.145533,RETX,1746,15.298,,200.000,1779712,
12.145700,RETX,1747,15.298,,200.000,1779712,
12.145868,RETX,1748,15.298,,200.000,1779712,
12.146039,RETX,1749,15.298,,200.000,1779712,
12.146298,RETX,1750,15.298,,200.000,1779712,
12.146501,SEND,1751,15.298,,200.000,1779712,
12.146673,SEND,1752,15.298,,200.000,1779712,
12.146785,DUPACK,1738,15.298,,,1779712,
12.146828,NAK,1738,15.298,,,1779712,
12.146860,DUPACK,1738,15.298,,,1779712,
12.146886,NAK,1738,15.298,,,1779712,
12.146913,DUPACK,1738,15.298,,,1779712,
12.146939,NAK,1738,15.298,,,1779712,
12.146967,DUPACK,1738,15.298,,,1779712,
12.146992,NAK,1738,15.298,,,1779712,
12.147225,DUPACK,1738,15.298,,,1779712,
12.147265,NAK,1738,15.298,,,1779712,
12.147297,NAK,1738,15.298,,,1779712,
12.147325,DUPACK,1738,15.298,,,1779712,
12.147351,NAK,1738,15.298,,,1779712,
12.147377,DUPACK,1738,15.298,,,1779712,
12.178890,NAK,1738,15.298,,,1779712,
12.178950,DUPACK,1738,15.298,,,1779712,
12.184189,ACK,1739,15.363,,,1780736,"cum ack, base->1739"
12.185196,SEND,1753,15.363,,200.000,1780736,
12.193134,ACK,1740,15.429,,,1781760,"cum ack, base->1740"
12.196447,SEND,1754,15.429,,200.000,1781760,
12.198488,ACK,1741,15.493,,,1782784,"cum ack, base->1741"
12.198573,ACK,1742,15.558,,,1783808,"cum ack, base->1742"
12.198618,ACK,1743,15.622,,,1784832,"cum ack, base->1743"
12.198659,ACK,1744,15.686,,,1785856,"cum ack, base->1744"
12.198697,ACK,1745,15.750,,,1786880,"cum ack, base->1745"
12.198735,ACK,1746,15.813,,,1787904,"cum ack, base->1746"
12.199389,SEND,1755,15.813,,200.000,1787904,
12.199626,SEND,1756,15.813,,200.000,1787904,
12.199907,SEND,1757,15.813,,200.000,1787904,
12.200128,SEND,1758,15.813,,200.000,1787904,
12.200330,SEND,1759,15.813,,200.000,1787904,
12.200539,SEND,1760,15.813,,200.000,1787904,
12.200884,ACK,1747,15.877,,,1788928,"cum ack, base->1747"
12.200941,ACK,1748,15.940,,,1789952,"cum ack, base->1748"
12.201535,ACK,1749,16.002,,,1790976,"cum ack, base->1749"
12.201609,ACK,1750,16.065,,,1792000,"cum ack, base->1750"
12.201865,ACK,1751,16.127,,,1793024,"cum ack, base->1751"
12.201945,ACK,1752,16.189,,,1794048,"cum ack, base->1752"
12.201991,ACK,1753,16.251,,,1795072,"cum ack, base->1753"
12.203470,SEND,1761,16.251,,200.000,1795072,
12.203807,SEND,1762,16.251,,200.000,1795072,
12.204153,SEND,1763,16.251,,200.000,1795072,
12.204907,SEND,1764,16.251,,200.000,1795072,
12.205111,SEND,1765,16.251,,200.000,1795072,
12.205423,SEND,1766,16.251,,200.000,1795072,
12.205664,SEND,1767,16.251,,200.000,1795072,
12.205940,SEND,1768,16.251,,200.000,1795072,
12.213597,STATS,-1,16.251,,200.000,1795072,base=1753 next=1769
12.223741,ACK,1754,16.312,,,1796096,"cum ack, base->1754"
12.224150,SEND,1769,16.312,,200.000,1796096,
12.240999,ACK,1755,16.374,,,1797120,"cum ack, base->1755"
12.241068,ACK,1756,16.435,,,1798144,"cum ack, base->1756"
12.242028,SEND,1770,16.435,,200.000,1798144,
12.242255,SEND,1771,16.435,,200.000,1798144,
12.244919,ACK,1757,16.496,,,1799168,"cum ack, base->1757"
12.244994,ACK,1758,16.556,,,1800192,"cum ack, base->1758"
12.247362,SEND,1772,16.556,,200.000,1800192,
12.247907,SEND,1773,16.556,,200.000,1800192,
12.249622,ACK,1759,16.617,,,1801216,"cum ack, base->1759"
12.249686,ACK,1760,16.677,,,1802240,"cum ack, base->1760"
12.250374,SEND,1774,16.677,,200.000,1802240,
12.250564,SEND,1775,16.677,,200.000,1802240,
12.255109,ACK,1761,16.737,,,1803264,"cum ack, base->1761"
12.255183,ACK,1762,16.797,,,1804288,"cum ack, base->1762"
12.255220,ACK,1763,16.856,,,1805312,"cum ack, base->1763"
12.255262,ACK,1764,16.915,,,1806336,"cum ack, base->1764"
12.255296,ACK,1765,16.975,,,1807360,"cum ack, base->1765"
12.255344,ACK,1766,17.033,,,1808384,"cum ack, base->1766"
12.255398,ACK,1767,17.092,,,1809408,"cum ack, base->1767"
12.255704,SEND,1776,17.092,,200.000,1809408,
12.256602,SEND,1777,17.092,,200.000,1809408,
12.256829,SEND,1778,17.092,,200.000,1809408,
12.257011,SEND,1779,17.092,,200.000,1809408,
12.257189,SEND,1780,17.092,,200.000,1809408,
12.257366,SEND,1781,17.092,,200.000,1809408,
12.257543,SEND,1782,17.092,,200.000,1809408,
12.257721,SEND,1783,17.092,,200.000,1809408,
12.257958,NAK,1767,17.092,,,1809408,
12.258055,FASTRETX,1767,15.193,,200.000,1809408,nak
12.258107,DUPACK,1767,15.193,,,1809408,
12.260331,RETX,1767,15.193,,200.000,1809408,
12.260542,RETX,1768,15.193,,200.000,1809408,
12.260797,RETX,1769,15.193,,200.000,1809408,
12.260988,RETX,1770,15.193,,200.000,1809408,
12.261168,RETX,1771,15.193,,200.000,1809408,
12.261349,RETX,1772,15.193,,200.000,1809408,
12.261528,RETX,1773,15.193,,200.000,1809408,
12.261708,RETX,1774,15.193,,200.000,1809408,
12.261886,RETX,1775,15.193,,200.000,1809408,
12.262063,RETX,1776,15.193,,200.000,1809408,
12.262240,RETX,1777,15.193,,200.000,1809408,
12.262415,RETX,1778,15.193,,200.000,1809408,
12.262598,RETX,1779,15.193,,200.000,1809408,
12.262775,RETX,1780,15.193,,200.000,1809408,
12.262982,RETX,1781,15.193,,200.000,1809408,
12.266576,NAK,1767,15.193,,,1809408,
12.272035,DUPACK,1767,15.193,,,1809408,
12.275627,NAK,1767,15.193,,,1809408,
12.282180,DUPACK,1767,15.193,,,1809408,
12.291067,NAK,1767,15.193,,,1809408,
12.291114,DUPACK,1767,15.193,,,1809408,
12.291142,NAK,1767,15.193,,,1809408,
12.291167,DUPACK,1767,15.193,,,1809408,
12.291277,NAK,1767,15.193,,,1809408,
12.291315,DUPACK,1767,15.193,,,1809408,
12.296762,NAK,1767,15.193,,,1809408,
12.296824,DUPACK,1767,15.193,,,1809408,
12.304950,NAK,1767,15.193,,,1809408,
12.305073,DUPACK,1767,15.193,,,1809408,
12.305107,NAK,1767,15.193,,,1809408,
12.305137,DUPACK,1767,15.193,,,1809408,
12.305163,NAK,1767,15.193,,,1809408,
12.305191,DUPACK,1767,15.193,,,1809408,
12.305218,NAK,1767,15.193,,,1809408,
12.305246,DUPACK,1767,15.193,,,1809408,
12.305270,NAK,1767,15.193,,,1809408,
12.305295,DUPACK,1767,15.193,,,1809408,
12.305323,NAK,1767,15.193,,,1809408,
12.305349,DUPACK,1767,15.193,,,1809408,
12.305443,NAK,1767,15.193,,,1809408,
12.305487,DUPACK,1767,15.193,,,1809408,
12.305517,NAK,1767,15.193,,,1809408,
12.305804,DUPACK,1767,15.193,,,1809408,
12.306010,ACK,1769,15.324,,,1811456,"cum ack, base->1769"
12.306252,RETX,1782,15.324,,200.000,1811456,
12.306594,RETX,1783,15.324,,200.000,1811456,
12.307624,ACK,1770,15.390,,,1812480,"cum ack, base->1770"
12.307847,ACK,1771,15.455,,,1813504,"cum ack, base->1771"
12.307897,ACK,1772,15.519,,,1814528,"cum ack, base->1772"
12.307929,ACK,1773,15.584,,,1815552,"cum ack, base->1773"
12.308950,ACK,1774,15.648,,,1816576,"cum ack, base->1774"
12.309223,SEND,1784,15.648,,200.000,1816576,
12.309490,SEND,1785,15.648,,200.000,1816576,
12.309660,SEND,1786,15.648,,200.000,1816576,
12.309926,SEND,1787,15.648,,200.000,1816576,
12.310111,SEND,1788,15.648,,200.000,1816576,
12.311338,ACK,1775,15.712,,,1817600,"cum ack, base->1775"
12.311406,ACK,1776,15.775,,,1818624,"cum ack, base->1776"
12.311445,ACK,1777,15.839,,,1819648,"cum ack, base->1777"
12.311479,ACK,1778,15.902,,,1820672,"cum ack, base->1778"
12.311512,ACK,1779,15.965,,,1821696,"cum ack, base->1779"
12.313675,SEND,1789,15.965,,200.000,1821696,
12.313961,SEND,1790,15.965,,200.000,1821696,
12.314817,SEND,1791,15.965,,200.000,1821696,
12.315001,SEND,1792,15.965,,200.000,1821696,
12.315171,SEND,1793,15.965,,200.000,1821696,
12.315184,STATS,-1,15.965,,200.000,1821696,base=1779 next=1794
12.315292,ACK,1780,16.028,,,1822720,"cum ack, base->1780"
12.315338,ACK,1781,16.090,,,1823744,"cum ack, base->1781"
12.315372,ACK,1782,16.152,,,1824768,"cum ack, base->1782"
12.318646,SEND,1794,16.152,,200.000,1824768,
12.318841,SEND,1795,16.152,,200.000,1824768,
12.319255,SEND,1796,16.152,,200.000,1824768,
12.319540,SEND,1797,16.152,,200.000,1824768,
12.351923,ACK,1783,16.214,,,1825792,"cum ack, base->1783"
12.353213,SEND,1798,16.214,,200.000,1825792,
12.359152,ACK,1784,16.276,,,1826816,"cum ack, base->1784"
12.359226,ACK,1785,16.337,,,1827840,"cum ack, base->1785"
12.359264,ACK,1786,16.398,,,1828864,"cum ack, base->1786"
12.359301,ACK,1787,16.459,,,1829888,"cum ack, base->1787"
12.359433,ACK,1788,16.520,,,1830912,"cum ack, base->1788"
12.360383,ACK,1790,16.641,,,1832960,"cum ack, base->1790"
12.361242,SEND,1799,16.641,,200.000,1832960,
12.361428,SEND,1800,16.641,,200.000,1832960,
12.361580,SEND,1801,16.641,,200.000,1832960,
12.361732,SEND,1802,16.641,,200.000,1832960,
12.361880,SEND,1803,16.641,,200.000,1832960,
12.362027,SEND,1804,16.641,,200.000,1832960,
12.362173,SEND,1805,16.641,,200.000,1832960,
12.364405,ACK,1791,16.701,,,1833984,"cum ack, base->1791"
12.364465,ACK,1792,16.761,,,1835008,"cum ack, base->1792"
12.364493,ACK,1793,16.821,,,1836032,"cum ack, base->1793"
12.364914,SEND,1806,16.821,,200.000,1836032,
12.365057,SEND,1807,16.821,,200.000,1836032,
12.365185,SEND,1808,16.821,,200.000,1836032,
12.367254,ACK,1794,16.880,,,1837056,"cum ack, base->1794"
12.367302,ACK,1795,16.939,,,1838080,"cum ack, base->1795"
12.371673,SEND,1809,16.939,,200.000,1838080,
12.372022,SEND,1810,16.939,,200.000,1838080,
12.372177,ACK,1796,16.998,,,1839104,"cum ack, base->1796"
12.372317,ACK,1797,17.057,,,1840128,"cum ack, base->1797"
12.372362,ACK,1798,17.116,,,1841152,"cum ack, base->1798"
12.374743,SEND,1811,17.116,,200.000,1841152,
12.374884,SEND,1812,17.116,,200.000,1841152,
12.375012,SEND,1813,17.116,,200.000,1841152,
12.375136,SEND,1814,17.116,,200.000,1841152,
12.399032,ACK,1799,17.174,,,1842176,"cum ack, base->1799"
12.400928,SEND,1815,17.174,,200.000,1842176,
12.407241,NAK,1799,17.174,,,1842176,
12.407276,FASTRETX,1799,15.266,,200.000,1842176,nak
12.408419,RETX,1799,15.266,,200.000,1842176,
12.408603,RETX,1800,15.266,,200.000,1842176,
12.408774,RETX,1801,15.266,,200.000,1842176,
12.408952,RETX,1802,15.266,,200.000,1842176,
12.409121,RETX,1803,15.266,,200.000,1842176,
12.409293,RETX,1804,15.266,,200.000,1842176,
12.409481,RETX,1805,15.266,,200.000,1842176,
12.409653,RETX,1806,15.266,,200.000,1842176,
12.409821,RETX,1807,15.266,,200.000,1842176,
12.409988,RETX,1808,15.266,,200.000,1842176,
12.410155,RETX,1809,15.266,,200.000,1842176,
12.410379,RETX,1810,15.266,,200.000,1842176,
12.410566,RETX,1811,15.266,,200.000,1842176,
12.410736,RETX,1812,15.266,,200.000,1842176,
12.410904,RETX,1813,15.266,,200.000,1842176,
12.413719,DUPACK,1799,15.266,,,1842176,
12.414663,NAK,1799,15.266,,,1842176,
12.414722,DUPACK,1799,15.266,,,1842176,
12.414755,NAK,1799,15.266,,,1842176,
12.414792,DUPACK,1799,15.266,,,1842176,
12.414825,NAK,1799,15.266,,,1842176,
12.414856,DUPACK,1799,15.266,,,1842176,
12.414886,DUPACK,1799,15.266,,,1842176,
12.414919,NAK,1799,15.266,,,1842176,
12.414949,DUPACK,1799,15.266,,,1842176,
12.414979,NAK,1799,15.266,,,1842176,
12.415009,DUPACK,1799,15.266,,,1842176,
12.415038,NAK,1799,15.266,,,1842176,
12.415068,DUPACK,1799,15.266,,,1842176,
12.415553,STATS,-1,15.266,,200.000,1842176,base=1799 next=1814
12.417018,NAK,1799,15.266,,,1842176,
12.417079,DUPACK,1799,15.266,,,1842176,
12.424821,DUPACK,1799,15.266,,,1842176,
12.424916,NAK,1799,15.266,,,1842176,
12.424965,DUPACK,1799,15.266,,,1842176,
12.424999,NAK,1799,15.266,,,1842176,
12.425033,DUPACK,1799,15.266,,,1842176,
12.425066,NAK,1799,15.266,,,1842176,
12.425101,DUPACK,1799,15.266,,,1842176,
12.425130,NAK,1799,15.266,,,1842176,
12.425166,DUPACK,1799,15.266,,,1842176,
12.438400,DUPACK,1799,15.266,,,1842176,
12.450805,ACK,1800,15.331,,,1843200,"cum ack, base->1800"
12.453538,RETX,1814,15.331,,200.000,1843200,
12.456696,ACK,1801,15.397,,,1844224,"cum ack, base->1801"
12.459298,RETX,1815,15.397,,200.000,1844224,
12.460646,ACK,1802,15.462,,,1845248,"cum ack, base->1802"
12.461360,ACK,1803,15.526,,,1846272,"cum ack, base->1803"
12.461429,ACK,1804,15.591,,,1847296,"cum ack, base->1804"
12.461516,ACK,1805,15.655,,,1848320,"cum ack, base->1805"
12.461571,ACK,1806,15.719,,,1849344,"cum ack, base->1806"
12.462077,SEND,1816,15.719,,200.000,1849344,
12.462371,SEND,1817,15.719,,200.000,1849344,
12.462569,SEND,1818,15.719,,200.000,1849344,
12.462908,SEND,1819,15.719,,200.000,1849344,
12.463119,SEND,1820,15.719,,200.000,1849344,
12.463219,ACK,1807,15.782,,,1850368,"cum ack, base->1807"
12.463264,ACK,1808,15.846,,,1851392,"cum ack, base->1808"
12.463298,ACK,1809,15.909,,,1852416,"cum ack, base->1809"
12.463360,ACK,1810,15.972,,,1853440,"cum ack, base->1810"
12.463410,ACK,1811,16.034,,,1854464,"cum ack, base->1811"
12.463479,ACK,1812,16.097,,,1855488,"cum ack, base->1812"
12.463512,ACK,1813,16.159,,,1856512,"cum ack, base->1813"
12.463543,ACK,1814,16.221,,,1857536,"cum ack, base->1814"
12.466030,SEND,1821,16.221,,200.000,1857536,
12.466226,SEND,1822,16.221,,200.000,1857536,
12.466399,SEND,1823,16.221,,200.000,1857536,
12.466626,SEND,1824,16.221,,200.000,1857536,
12.466877,SEND,1825,16.221,,200.000,1857536,
12.467087,SEND,1826,16.221,,200.000,1857536,
12.467375,SEND,1827,16.221,,200.000,1857536,
12.467625,SEND,1828,16.221,,200.000,1857536,
12.467837,SEND,1829,16.221,,200.000,1857536,
12.499586,DUPACK,1814,16.221,,,1857536,
12.503983,NAK,1814,16.221,,,1857536,
12.504193,FASTRETX,1814,16.221,,200.000,1857536,nak
12.504484,RETX,1814,16.221,,200.000,1857536,
12.504659,RETX,1815,16.221,,200.000,1857536,
12.504829,RETX,1816,16.221,,200.000,1857536,
12.505189,RETX,1817,16.221,,200.000,1857536,
12.505482,RETX,1818,16.221,,200.000,1857536,
12.505672,RETX,1819,16.221,,200.000,1857536,
12.505841,RETX,1820,16.221,,200.000,1857536,
12.506126,RETX,1821,16.221,,200.000,1857536,
12.506307,RETX,1822,16.221,,200.000,1857536,
12.506508,RETX,1823,16.221,,200.000,1857536,
12.506710,RETX,1824,16.221,,200.000,1857536,
12.507051,RETX,1825,16.221,,200.000,1857536,
12.507228,RETX,1826,16.221,,200.000,1857536,
12.507399,RETX,1827,16.221,,200.000,1857536,
12.507638,RETX,1828,16.221,,200.000,1857536,
12.507814,RETX,1829,16.221,,200.000,1857536,
12.507839,NAK,1814,16.221,,,1857536,
12.507941,DUPACK,1814,16.221,,,1857536,
12.513203,NAK,1814,16.221,,,1857536,
12.513293,DUPACK,1814,16.221,,,1857536,
12.513330,NAK,1814,16.221,,,1857536,
12.513361,DUPACK,1814,16.221,,,1857536,
12.513389,NAK,1814,16.221,,,1857536,
12.513800,DUPACK,1814,16.221,,,1857536,
12.513839,NAK,1814,16.221,,,1857536,
12.513867,DUPACK,1814,16.221,,,1857536,
12.515097,NAK,1814,16.221,,,1857536,
12.515157,DUPACK,1814,16.221,,,1857536,
12.515186,NAK,1814,16.221,,,1857536,
12.516036,DUPACK,1814,16.221,,,1857536,
12.516099,NAK,1814,16.221,,,1857536,
12.516130,DUPACK,1814,16.221,,,1857536,
12.516156,DUPACK,1814,16.221,,,1857536,
12.516182,NAK,1814,16.221,,,1857536,
12.516207,DUPACK,1814,16.221,,,1857536,
12.518026,STATS,-1,16.221,,200.000,1857536,base=1814 next=1830
12.550990,ACK,1815,16.282,,,1858560,"cum ack, base->1815"
12.551116,ACK,1816,16.344,,,1859584,"cum ack, base->1816"
12.553036,SEND,1830,16.344,,200.000,1859584,
12.553262,SEND,1831,16.344,,200.000,1859584,
12.554410,ACK,1817,16.405,,,1860608,"cum ack, base->1817"
12.554473,ACK,1818,16.466,,,1861632,"cum ack, base->1818"
12.554511,ACK,1819,16.527,,,1862656,"cum ack, base->1819"
12.555750,SEND,1832,16.527,,200.000,1862656,
12.555976,SEND,1833,16.527,,200.000,1862656,
12.556146,SEND,1834,16.527,,200.000,1862656,
12.557817,DUPACK,1819,16.527,,,1862656,
12.557873,NAK,1819,16.527,,,1862656,
12.557889,FASTRETX,1819,14.690,,200.000,1862656,nak
12.557923,DUPACK,1819,14.690,,,1862656,
12.557955,NAK,1819,14.690,,,1862656,
12.557986,DUPACK,1819,14.690,,,1862656,
12.558017,NAK,1819,14.690,,,1862656,
12.558945,RETX,1819,14.690,,200.000,1862656,
12.559215,RETX,1820,14.690,,200.000,1862656,
12.559427,RETX,1821,14.690,,200.000,1862656,
12.559637,RETX,1822,14.690,,200.000,1862656,
12.559845,RETX,1823,14.690,,200.000,1862656,
12.560117,RETX,1824,14.690,,200.000,1862656,
12.560372,RETX,1825,14.690,,200.000,1862656,
12.560641,RETX,1826,14.690,,200.000,1862656,
12.560899,RETX,1827,14.690,,200.000,1862656,
12.561158,RETX,1828,14.690,,200.000,1862656,
12.561421,RETX,1829,14.690,,200.000,1862656,
12.561681,RETX,1830,14.690,,200.000,1862656,
12.562014,RETX,1831,14.690,,200.000,1862656,
12.562372,RETX,1832,14.690,,200.000,1862656,
12.562509,NAK,1819,14.690,,,1862656,
12.562569,DUPACK,1819,14.690,,,1862656,
12.562614,NAK,1819,14.690,,,1862656,
12.562671,DUPACK,1819,14.690,,,1862656,
12.562714,NAK,1819,14.690,,,1862656,
12.562753,DUPACK,1819,14.690,,,1862656,
12.562792,NAK,1819,14.690,,,1862656,
12.562832,DUPACK,1819,14.690,,,1862656,
12.562879,NAK,1819,14.690,,,1862656,
12.562920,DUPACK,1819,14.690,,,1862656,
12.562958,NAK,1819,14.690,,,1862656,
12.563000,DUPACK,1819,14.690,,,1862656,
12.603235,NAK,1819,14.690,,,1862656,
12.603302,DUPACK,1819,14.690,,,1862656,
12.603332,NAK,1819,14.690,,,1862656,
12.603363,DUPACK,1819,14.690,,,1862656,
12.609831,NAK,1819,14.690,,,1862656,
12.609921,DUPACK,1819,14.690,,,1862656,
12.610025,NAK,1819,14.690,,,1862656,
12.610097,DUPACK,1819,14.690,,,1862656,
12.610145,NAK,1819,14.690,,,1862656,
12.610189,DUPACK,1819,14.690,,,1862656,
12.610251,ACK,1820,14.758,,,1863680,"cum ack, base->1820"
12.610309,ACK,1821,14.826,,,1864704,"cum ack, base->1821"
12.610358,ACK,1822,14.894,,,1865728,"cum ack, base->1822"
12.610405,ACK,1823,14.961,,,1866752,"cum ack, base->1823"
12.610455,ACK,1824,15.028,,,1867776,"cum ack, base->1824"
12.611076,RETX,1833,15.028,,200.000,1867776,
12.611352,RETX,1834,15.028,,200.000,1867776,
12.611615,SEND,1835,15.028,,200.000,1867776,
12.611883,SEND,1836,15.028,,200.000,1867776,
12.612146,SEND,1837,15.028,,200.000,1867776,
12.612411,SEND,1838,15.028,,200.000,1867776,
12.612662,ACK,1825,15.094,,,1868800,"cum ack, base->1825"
12.612742,ACK,1827,15.226,,,1870848,"cum ack, base->1827"
12.612796,ACK,1828,15.292,,,1871872,"cum ack, base->1828"
12.612845,ACK,1829,15.357,,,1872896,"cum ack, base->1829"
12.614373,ACK,1830,15.422,,,1873920,"cum ack, base->1830"
12.614531,ACK,1831,15.487,,,1874944,"cum ack, base->1831"
12.614600,ACK,1832,15.552,,,1875968,"cum ack, base->1832"
12.614653,ACK,1833,15.616,,,1876992,"cum ack, base->1833"
12.615267,SEND,1839,15.616,,200.000,1876992,
12.615589,SEND,1840,15.616,,200.000,1876992,
12.615902,SEND,1841,15.616,,200.000,1876992,
12.616165,SEND,1842,15.616,,200.000,1876992,
12.616427,SEND,1843,15.616,,200.000,1876992,
12.616685,SEND,1844,15.616,,200.000,1876992,
12.616986,SEND,1845,15.616,,200.000,1876992,
12.617326,SEND,1846,15.616,,200.000,1876992,
12.617646,SEND,1847,15.616,,200.000,1876992,
12.620316,STATS,-1,15.616,,200.000,1876992,base=1833 next=1848
12.645806,ACK,1834,15.680,,,1878016,"cum ack, base->1834"
12.646491,SEND,1848,15.680,,200.000,1878016,
12.655792,ACK,1835,15.744,,,1879040,"cum ack, base->1835"
12.655886,ACK,1836,15.808,,,1880064,"cum ack, base->1836"
12.656655,SEND,1849,15.808,,200.000,1880064,
12.656969,SEND,1850,15.808,,200.000,1880064,
12.662125,ACK,1837,15.871,,,1881088,"cum ack, base->1837"
12.662187,ACK,1838,15.934,,,1882112,"cum ack, base->1838"
12.662251,ACK,1839,15.997,,,1883136,"cum ack, base->1839"
12.662295,ACK,1840,16.059,,,1884160,"cum ack, base->1840"
12.662330,ACK,1841,16.121,,,1885184,"cum ack, base->1841"
12.662361,ACK,1842,16.183,,,1886208,"cum ack, base->1842"
12.664719,SEND,1851,16.183,,200.000,1886208,
12.665132,SEND,1852,16.183,,200.000,1886208,
12.665416,SEND,1853,16.183,,200.000,1886208,
12.665682,SEND,1854,16.183,,200.000,1886208,
12.666032,SEND,1855,16.183,,200.000,1886208,
12.666312,SEND,1856,16.183,,200.000,1886208,
12.666712,SEND,1857,16.183,,200.000,1886208,
12.667128,ACK,1843,16.245,,,1887232,"cum ack, base->1843"
12.667203,ACK,1844,16.307,,,1888256,"cum ack, base->1844"
12.667775,ACK,1845,16.368,,,1889280,"cum ack, base->1845"
12.667887,ACK,1847,16.490,,,1891328,"cum ack, base->1847"
12.667950,ACK,1848,16.551,,,1892352,"cum ack, base->1848"
12.669580,SEND,1858,16.551,,200.000,1892352,
12.669797,SEND,1859,16.551,,200.000,1892352,
12.669973,SEND,1860,16.551,,200.000,1892352,
12.670145,SEND,1861,16.551,,200.000,1892352,
12.670585,SEND,1862,16.551,,200.000,1892352,
12.670793,SEND,1863,16.551,,200.000,1892352,
12.688426,ACK,1849,16.611,,,1893376,"cum ack, base->1849"
12.690363,SEND,1864,16.611,,200.000,1893376,
12.700940,ACK,1850,16.671,,,1894400,"cum ack, base->1850"
12.703105,SEND,1865,16.671,,200.000,1894400,
12.711013,ACK,1851,16.731,,,1895424,"cum ack, base->1851"
12.711552,SEND,1866,16.731,,200.000,1895424,
12.711649,ACK,1852,16.791,,,1896448,"cum ack, base->1852"
12.711834,ACK,1853,16.851,,,1897472,"cum ack, base->1853"
12.711927,ACK,1854,16.910,,,1898496,"cum ack, base->1854"
12.714528,SEND,1867,16.910,,200.000,1898496,
12.714817,SEND,1868,16.910,,200.000,1898496,
12.715124,SEND,1869,16.910,,200.000,1898496,
12.716859,ACK,1855,16.969,,,1899520,"cum ack, base->1855"
12.717063,ACK,1856,17.028,,,1900544,"cum ack, base->1856"
12.717122,ACK,1857,17.087,,,1901568,"cum ack, base->1857"
12.717718,SEND,1870,17.087,,200.000,1901568,
12.718233,SEND,1871,17.087,,200.000,1901568,
12.718597,SEND,1872,17.087,,200.000,1901568,
12.718888,SEND,1873,17.087,,200.000,1901568,
12.719180,ACK,1858,17.145,,,1902592,"cum ack, base->1858"
12.719390,ACK,1859,17.204,,,1903616,"cum ack, base->1859"
12.719784,ACK,1860,17.262,,,1904640,"cum ack, base->1860"
12.721735,SEND,1874,17.262,,200.000,1904640,
12.722415,SEND,1875,17.262,,200.000,1904640,
12.722674,SEND,1876,17.262,,200.000,1904640,
12.722818,STATS,-1,17.262,,200.000,1904640,base=1860 next=1877
12.722988,ACK,1861,17.320,,,1905664,"cum ack, base->1861"
12.723246,ACK,1862,17.377,,,1906688,"cum ack, base->1862"
12.723311,ACK,1863,17.435,,,1907712,"cum ack, base->1863"
12.723509,ACK,1864,17.492,,,1908736,"cum ack, base->1864"
12.725669,SEND,1877,17.492,,200.000,1908736,
12.725904,SEND,1878,17.492,,200.000,1908736,
12.726113,SEND,1879,17.492,,200.000,1908736,
12.726343,SEND,1880,17.492,,200.000,1908736,
12.735806,ACK,1865,17.549,,,1909760,"cum ack, base->1865"
12.735959,ACK,1866,17.606,,,1910784,"cum ack, base->1866"
12.736785,SEND,1881,17.606,,200.000,1910784,
12.737005,SEND,1882,17.606,,200.000,1910784,
12.751529,ACK,1867,17.663,,,1911808,"cum ack, base->1867"
12.752217,SEND,1883,17.663,,200.000,1911808,
12.762298,ACK,1868,17.720,,,1912832,"cum ack, base->1868"
12.762396,ACK,1869,17.776,,,1913856,"cum ack, base->1869"
12.762522,ACK,1870,17.833,,,1914880,"cum ack, base->1870"
12.762597,ACK,1871,17.889,,,1915904,"cum ack, base->1871"
12.762655,ACK,1873,18.000,,,1917952,"cum ack, base->1873"
12.765005,SEND,1884,18.000,,200.000,1917952,
12.765290,SEND,1885,18.000,,200.000,1917952,
12.765560,SEND,1886,18.000,,200.000,1917952,
12.765931,SEND,1887,18.000,,200.000,1917952,
12.766528,SEND,1888,18.000,,200.000,1917952,
12.766905,SEND,1889,18.000,,200.000,1917952,
12.767292,SEND,1890,18.000,,200.000,1917952,
12.769161,ACK,1874,18.056,,,1918976,"cum ack, base->1874"
12.770248,SEND,1891,18.056,,200.000,1918976,
12.773199,ACK,1876,18.166,,,1921024,"cum ack, base->1876"
12.773296,ACK,1877,18.221,,,1922048,"cum ack, base->1877"
12.773350,ACK,1878,18.276,,,1923072,"cum ack, base->1878"
12.773481,ACK,1879,18.331,,,1924096,"cum ack, base->1879"
12.773591,ACK,1880,18.386,,,1925120,"cum ack, base->1880"
12.773641,ACK,1881,18.440,,,1926144,"cum ack, base->1881"
12.776987,SEND,1892,18.440,,200.000,1926144,
12.777512,SEND,1893,18.440,,200.000,1926144,
12.777929,SEND,1894,18.440,,200.000,1926144,
12.778292,SEND,1895,18.440,,200.000,1926144,
12.778504,SEND,1896,18.440,,200.000,1926144,
12.778709,SEND,1897,18.440,,200.000,1926144,
12.778916,SEND,1898,18.440,,200.000,1926144,
12.789515,ACK,1883,18.548,,,1928192,"cum ack, base->1883"
12.790616,ACK,1884,18.602,,,1929216,"cum ack, base->1884"
12.792034,SEND,1899,18.602,,200.000,1929216,
12.792251,SEND,1900,18.602,,200.000,1929216,
12.792561,SEND,1901,18.602,,200.000,1929216,
12.814590,ACK,1885,18.656,,,1930240,"cum ack, base->1885"
12.814667,ACK,1886,18.710,,,1931264,"cum ack, base->1886"
12.814708,ACK,1887,18.763,,,1932288,"cum ack, base->1887"
12.814747,ACK,1888,18.816,,,1933312,"cum ack, base->1888"
12.815926,SEND,1902,18.816,,200.000,1933312,
12.816147,SEND,1903,18.816,,200.000,1933312,
12.816356,SEND,1904,18.816,,200.000,1933312,
12.816593,SEND,1905,18.816,,200.000,1933312,
12.819453,ACK,1889,18.869,,,1934336,"cum ack, base->1889"
12.819534,ACK,1890,18.922,,,1935360,"cum ack, base->1890"
12.819571,ACK,1891,18.975,,,1936384,"cum ack, base->1891"
12.819603,ACK,1892,19.028,,,1937408,"cum ack, base->1892"
12.822053,SEND,1906,19.028,,200.000,1937408,
12.822285,SEND,1907,19.028,,200.000,1937408,
12.822454,SEND,1908,19.028,,200.000,1937408,
12.822795,SEND,1909,19.028,,200.000,1937408,
12.823129,SEND,1910,19.028,,200.000,1937408,
12.823157,STATS,-1,19.028,,200.000,1937408,base=1892 next=1911
12.830511,DUPACK,1892,19.028,,,1937408,
12.830597,NAK,1892,19.028,,,1937408,
12.830618,FASTRETX,1892,16.914,,200.000,1937408,nak
12.830655,DUPACK,1892,16.914,,,1937408,
12.830691,DUPACK,1892,16.914,,,1937408,
12.830727,NAK,1892,16.914,,,1937408,
12.830796,DUPACK,1892,16.914,,,1937408,
12.830832,NAK,1892,16.914,,,1937408,
12.830868,DUPACK,1892,16.914,,,1937408,
12.830897,NAK,1892,16.914,,,1937408,
12.830927,DUPACK,1892,16.914,,,1937408,
12.832580,RETX,1892,16.914,,200.000,1937408,
12.832839,RETX,1893,16.914,,200.000,1937408,
12.833054,RETX,1894,16.914,,200.000,1937408,
12.833354,RETX,1895,16.914,,200.000,1937408,
12.833571,RETX,1896,16.914,,200.000,1937408,
12.833775,RETX,1897,16.914,,200.000,1937408,
12.833982,RETX,1898,16.914,,200.000,1937408,
12.834262,RETX,1899,16.914,,200.000,1937408,
12.834531,RETX,1900,16.914,,200.000,1937408,
12.834800,RETX,1901,16.914,,200.000,1937408,
12.835257,RETX,1902,16.914,,200.000,1937408,
12.835580,RETX,1903,16.914,,200.000,1937408,
12.835778,RETX,1904,16.914,,200.000,1937408,
12.835948,RETX,1905,16.914,,200.000,1937408,
12.836115,RETX,1906,16.914,,200.000,1937408,
12.836285,RETX,1907,16.914,,200.000,1937408,
12.839306,NAK,1892,16.914,,,1937408,
12.841312,DUPACK,1892,16.914,,,1937408,
12.843631,NAK,1892,16.914,,,1937408,
12.843675,DUPACK,1892,16.914,,,1937408,
12.843705,NAK,1892,16.914,,,1937408,
12.843733,DUPACK,1892,16.914,,,1937408,
12.862661,NAK,1892,16.914,,,1937408,
12.865084,DUPACK,1892,16.914,,,1937408,
12.865361,NAK,1892,16.914,,,1937408,
12.865660,DUPACK,1892,16.914,,,1937408,
12.866739,NAK,1892,16.914,,,1937408,
12.866772,DUPACK,1892,16.914,,,1937408,
12.866797,DUPACK,1892,16.914,,,1937408,
12.868013,NAK,1892,16.914,,,1937408,
12.870747,DUPACK,1892,16.914,,,1937408,
12.870777,NAK,1892,16.914,,,1937408,
12.870810,DUPACK,1892,16.914,,,1937408,
12.870836,NAK,1892,16.914,,,1937408,
12.873110,DUPACK,1892,16.914,,,1937408,
12.873145,NAK,1892,16.914,,,1937408,
12.873170,DUPACK,1892,16.914,,,1937408,
12.873194,NAK,1892,16.914,,,1937408,
12.873219,DUPACK,1892,16.914,,,1937408,
12.888684,ACK,1893,16.973,,,1938432,"cum ack, base->1893"
12.888801,ACK,1894,17.032,,,1939456,"cum ack, base->1894"
12.888858,ACK,1895,17.090,,,1940480,"cum ack, base->1895"
12.888901,ACK,1896,17.149,,,1941504,"cum ack, base->1896"
12.888975,ACK,1897,17.207,,,1942528,"cum ack, base->1897"
12.889032,ACK,1898,17.265,,,1943552,"cum ack, base->1898"
12.889080,ACK,1899,17.323,,,1944576,"cum ack, base->1899"
12.889141,ACK,1900,17.381,,,1945600,"cum ack, base->1900"
12.889272,ACK,1901,17.439,,,1946624,"cum ack, base->1901"
12.891024,RETX,1908,17.439,,200.000,1946624,
12.891256,RETX,1909,17.439,,200.000,1946624,
12.891464,RETX,1910,17.439,,200.000,1946624,
12.891668,SEND,1911,17.439,,200.000,1946624,
12.891876,SEND,1912,17.439,,200.000,1946624,
12.892079,SEND,1913,17.439,,200.000,1946624,
12.892348,SEND,1914,17.439,,200.000,1946624,
12.892615,SEND,1915,17.439,,200.000,1946624,
12.892824,SEND,1916,17.439,,200.000,1946624,
12.893137,SEND,1917,17.439,,200.000,1946624,
12.893280,ACK,1902,17.496,,,1947648,"cum ack, base->1902"
12.893345,ACK,1903,17.553,,,1948672,"cum ack, base->1903"
12.893385,ACK,1904,17.610,,,1949696,"cum ack, base->1904"
12.893424,ACK,1905,17.667,,,1950720,"cum ack, base->1905"
12.893522,ACK,1906,17.723,,,1951744,"cum ack, base->1906"
12.893569,ACK,1907,17.780,,,1952768,"cum ack, base->1907"
12.893632,ACK,1908,17.836,,,1953792,"cum ack, base->1908"
12.895984,SEND,1918,17.836,,200.000,1953792,
12.896221,SEND,1919,17.836,,200.000,1953792,
12.896429,SEND,1920,17.836,,200.000,1953792,
12.896633,SEND,1921,17.836,,200.000,1953792,
12.896834,SEND,1922,17.836,,200.000,1953792,
12.897037,SEND,1923,17.836,,200.000,1953792,
12.897285,SEND,1924,17.836,,200.000,1953792,
12.924356,STATS,-1,17.836,,200.000,1953792,base=1908 next=1925
12.932859,ACK,1909,17.892,,,1954816,"cum ack, base->1909"
12.932936,ACK,1910,17.948,,,1955840,"cum ack, base->1910"
12.935014,SEND,1925,17.948,,200.000,1955840,
12.935568,SEND,1926,17.948,,200.000,1955840,
12.936946,ACK,1911,18.004,,,1956864,"cum ack, base->1911"
12.937039,ACK,1912,18.059,,,1957888,"cum ack, base->1912"
12.937096,ACK,1913,18.115,,,1958912,"cum ack, base->1913"
12.938597,SEND,1927,18.115,,200.000,1958912,
12.938969,SEND,1928,18.115,,200.000,1958912,
12.939395,SEND,1929,18.115,,200.000,1958912,
12.940052,SEND,1930,18.115,,200.000,1958912,
12.940732,ACK,1914,18.170,,,1959936,"cum ack, base->1914"
12.943001,SEND,1931,18.170,,200.000,1959936,
12.944351,ACK,1915,18.225,,,1960960,"cum ack, base->1915"
12.944421,ACK,1916,18.280,,,1961984,"cum ack, base->1916"
12.944463,ACK,1917,18.335,,,1963008,"cum ack, base->1917"
12.944631,ACK,1918,18.389,,,1964032,"cum ack, base->1918"
12.945863,SEND,1932,18.389,,200.000,1964032,
12.946147,SEND,1933,18.389,,200.000,1964032,
12.946360,SEND,1934,18.389,,200.000,1964032,
12.946565,SEND,1935,18.389,,200.000,1964032,
12.948444,ACK,1919,18.443,,,1965056,"cum ack, base->1919"
12.948530,ACK,1920,18.498,,,1966080,"cum ack, base->1920"
12.949523,SEND,1936,18.498,,200.000,1966080,
12.949849,SEND,1937,18.498,,200.000,1966080,
12.950011,ACK,1922,18.606,,,1968128,"cum ack, base->1922"
12.950068,ACK,1923,18.659,,,1969152,"cum ack, base->1923"
12.950106,ACK,1924,18.713,,,1970176,"cum ack, base->1924"
12.950145,ACK,1925,18.766,,,1971200,"cum ack, base->1925"
12.952790,SEND,1938,18.766,,200.000,1971200,
12.953140,SEND,1939,18.766,,200.000,1971200,
12.953422,SEND,1940,18.766,,200.000,1971200,
12.953813,SEND,1941,18.766,,200.000,1971200,
12.954228,SEND,1942,18.766,,200.000,1971200,
12.980198,ACK,1926,18.820,,,1972224,"cum ack, base->1926"
12.980250,NAK,1926,18.820,,,1972224,
12.980266,FASTRETX,1926,16.729,,200.000,1972224,nak
12.980305,DUPACK,1926,16.729,,,1972224,
12.982181,RETX,1926,16.729,,200.000,1972224,
12.982403,RETX,1927,16.729,,200.000,1972224,
12.982607,RETX,1928,16.729,,200.000,1972224,
12.982812,RETX,1929,16.729,,200.000,1972224,
12.983145,RETX,1930,16.729,,200.000,1972224,
12.983399,RETX,1931,16.729,,200.000,1972224,
12.983635,RETX,1932,16.729,,200.000,1972224,
12.983844,RETX,1933,16.729,,200.000,1972224,
12.984099,RETX,1934,16.729,,200.000,1972224,
12.984314,RETX,1935,16.729,,200.000,1972224,
12.984584,RETX,1936,16.729,,200.000,1972224,
12.984796,RETX,1937,16.729,,200.000,1972224,
12.985152,RETX,1938,16.729,,200.000,1972224,
12.985394,RETX,1939,16.729,,200.000,1972224,
12.985623,RETX,1940,16.729,,200.000,1972224,
12.985847,RETX,1941,16.729,,200.000,1972224,
12.987883,NAK,1926,16.729,,,1972224,
12.987914,DUPACK,1926,16.729,,,1972224,
12.987944,NAK,1926,16.729,,,1972224,
12.987969,DUPACK,1926,16.729,,,1972224,
12.987993,NAK,1926,16.729,,,1972224,
12.988018,DUPACK,1926,16.729,,,1972224,
12.988066,NAK,1926,16.729,,,1972224,
12.988094,DUPACK,1926,16.729,,,1972224,
12.988118,NAK,1926,16.729,,,1972224,
12.988142,NAK,1926,16.729,,,1972224,
12.988166,DUPACK,1926,16.729,,,1972224,
12.990906,NAK,1926,16.729,,,1972224,
12.993106,DUPACK,1926,16.729,,,1972224,
12.993160,NAK,1926,16.729,,,1972224,
12.993194,DUPACK,1926,16.729,,,1972224,
12.998815,NAK,1926,16.729,,,1972224,
12.998896,DUPACK,1926,16.729,,,1972224,
12.999629,NAK,1926,16.729,,,1972224,
13.005293,DUPACK,1926,16.729,,,1972224,
13.005370,NAK,1926,16.729,,,1972224,
13.005427,DUPACK,1926,16.729,,,1972224,
13.005460,NAK,1926,16.729,,,1972224,
13.005486,DUPACK,1926,16.729,,,1972224,
13.005511,NAK,1926,16.729,,,1972224,
13.005537,DUPACK,1926,16.729,,,1972224,
13.005561,NAK,1926,16.729,,,1972224,
13.005589,DUPACK,1926,16.729,,,1972224,
13.005615,NAK,1926,16.729,,,1972224,
13.005645,DUPACK,1926,16.729,,,1972224,
13.024959,STATS,-1,16.729,,200.000,1972224,base=1926 next=1942
13.040185,ACK,1927,16.788,,,1973248,"cum ack, base->1927"
13.040325,ACK,1928,16.848,,,1974272,"cum ack, base->1928"
13.040368,ACK,1929,16.907,,,1975296,"cum ack, base->1929"
13.040407,ACK,1930,16.966,,,1976320,"cum ack, base->1930"
13.040452,ACK,1931,17.025,,,1977344,"cum ack, base->1931"
13.040589,ACK,1932,17.084,,,1978368,"cum ack, base->1932"
13.040630,ACK,1933,17.143,,,1979392,"cum ack, base->1933"
13.040666,ACK,1934,17.201,,,1980416,"cum ack, base->1934"
13.040703,ACK,1935,17.259,,,1981440,"cum ack, base->1935"
13.040739,ACK,1936,17.317,,,1982464,"cum ack, base->1936"
13.040776,ACK,1937,17.375,,,1983488,"cum ack, base->1937"
13.041050,RETX,1942,17.375,,200.000,1983488,
13.041269,SEND,1943,17.375,,200.000,1983488,
13.041474,SEND,1944,17.375,,200.000,1983488,
13.041678,SEND,1945,17.375,,200.000,1983488,
13.041870,SEND,1946,17.375,,200.000,1983488,
13.042036,SEND,1947,17.375,,200.000,1983488,
13.042209,SEND,1948,17.375,,200.000,1983488,
13.042379,SEND,1949,17.375,,200.000,1983488,
13.042548,SEND,1950,17.375,,200.000,1983488,
13.042722,SEND,1951,17.375,,200.000,1983488,
13.042891,SEND,1952,17.375,,200.000,1983488,
13.043100,SEND,1953,17.375,,200.000,1983488,
13.043263,ACK,1938,17.432,,,1984512,"cum ack, base->1938"
13.043331,ACK,1939,17.490,,,1985536,"cum ack, base->1939"
13.043368,ACK,1940,17.547,,,1986560,"cum ack, base->1940"
13.043402,ACK,1941,17.604,,,1987584,"cum ack, base->1941"
13.043435,ACK,1942,17.661,,,1988608,"cum ack, base->1942"
13.045932,SEND,1954,17.661,,200.000,1988608,
13.046140,SEND,1955,17.661,,200.000,1988608,
13.046313,SEND,1956,17.661,,200.000,1988608,
13.046482,SEND,1957,17.661,,200.000,1988608,
13.046651,SEND,1958,17.661,,200.000,1988608,
13.096316,ACK,1943,17.717,,,1989632,"cum ack, base->1943"
13.096370,ACK,1945,17.830,,,1991680,"cum ack, base->1945"
13.096400,ACK,1946,17.886,,,1992704,"cum ack, base->1946"
13.096422,ACK,1947,17.942,,,1993728,"cum ack, base->1947"
13.096444,ACK,1948,17.998,,,1994752,"cum ack, base->1948"
13.096465,ACK,1949,18.053,,,1995776,"cum ack, base->1949"
13.096992,SEND,1959,18.053,,200.000,1995776,
13.097150,SEND,1960,18.053,,200.000,1995776,
13.097298,SEND,1961,18.053,,200.000,1995776,
13.097442,SEND,1962,18.053,,200.000,1995776,
13.097585,SEND,1963,18.053,,200.000,1995776,
13.097729,SEND,1964,18.053,,200.000,1995776,
13.097891,SEND,1965,18.053,,200.000,1995776,
13.098037,SEND,1966,18.053,,200.000,1995776,
13.098156,ACK,1950,18.109,,,1996800,"cum ack, base->1950"
13.098184,ACK,1951,18.164,,,1997824,"cum ack, base->1951"
13.098205,ACK,1952,18.219,,,1998848,"cum ack, base->1952"
13.098231,ACK,1953,18.274,,,1999872,"cum ack, base->1953"
13.098250,ACK,1954,18.329,,,2000896,"cum ack, base->1954"
13.098270,ACK,1955,18.383,,,2001920,"cum ack, base->1955"
13.098289,ACK,1956,18.438,,,2002944,"cum ack, base->1956"
13.098308,ACK,1957,18.492,,,2003968,"cum ack, base->1957"
13.098904,ACK,1958,18.546,,,2004992,"cum ack, base->1958"
13.098925,ACK,1959,18.600,,,2006016,"cum ack, base->1959"
13.100707,SEND,1967,18.600,,200.000,2006016,
13.100854,SEND,1968,18.600,,200.000,2006016,
13.100999,SEND,1969,18.600,,200.000,2006016,
13.101143,SEND,1970,18.600,,200.000,2006016,
13.101288,SEND,1971,18.600,,200.000,2006016,
13.101433,SEND,1972,18.600,,200.000,2006016,
13.101578,SEND,1973,18.600,,200.000,2006016,
13.101722,SEND,1974,18.600,,200.000,2006016,
13.101867,SEND,1975,18.600,,200.000,2006016,
13.102011,SEND,1976,18.600,,200.000,2006016,
13.127159,STATS,-1,18.600,,200.000,2006016,base=1959 next=1977
13.144498,ACK,1960,18.654,,,2007040,"cum ack, base->1960"
13.145020,SEND,1977,18.654,,200.000,2007040,
13.146655,ACK,1961,18.707,,,2008064,"cum ack, base->1961"
13.146713,ACK,1962,18.761,,,2009088,"cum ack, base->1962"
13.146747,NAK,1962,18.761,,,2009088,
13.146761,FASTRETX,1962,16.676,,200.000,2009088,nak
13.146798,DUPACK,1962,16.676,,,2009088,
13.146825,NAK,1962,16.676,,,2009088,
13.146852,DUPACK,1962,16.676,,,2009088,
13.146876,NAK,1962,16.676,,,2009088,
13.146902,DUPACK,1962,16.676,,,2009088,
13.147778,RETX,1962,16.676,,200.000,2009088,
13.148008,RETX,1963,16.676,,200.000,2009088,
13.148232,RETX,1964,16.676,,200.000,2009088,
13.148461,RETX,1965,16.676,,200.000,2009088,
13.148685,RETX,1966,16.676,,200.000,2009088,
13.148910,RETX,1967,16.676,,200.000,2009088,
13.149136,RETX,1968,16.676,,200.000,2009088,
13.149359,RETX,1969,16.676,,200.000,2009088,
13.149585,RETX,1970,16.676,,200.000,2009088,
13.149809,RETX,1971,16.676,,200.000,2009088,
13.150034,RETX,1972,16.676,,200.000,2009088,
13.150257,RETX,1973,16.676,,200.000,2009088,
13.150480,RETX,1974,16.676,,200.000,2009088,
13.150671,RETX,1975,16.676,,200.000,2009088,
13.150847,RETX,1976,16.676,,200.000,2009088,
13.151022,RETX,1977,16.676,,200.000,2009088,
13.151077,NAK,1962,16.676,,,2009088,
13.151106,DUPACK,1962,16.676,,,2009088,
13.152271,NAK,1962,16.676,,,2009088,
13.152299,DUPACK,1962,16.676,,,2009088,
13.152320,NAK,1962,16.676,,,2009088,
13.153244,DUPACK,1962,16.676,,,2009088,
13.153268,NAK,1962,16.676,,,2009088,
13.153295,NAK,1962,16.676,,,2009088,
13.153316,DUPACK,1962,16.676,,,2009088,
13.153341,NAK,1962,16.676,,,2009088,
13.153362,DUPACK,1962,16.676,,,2009088,
13.153382,NAK,1962,16.676,,,2009088,
13.153412,DUPACK,1962,16.676,,,2009088,
13.153437,NAK,1962,16.676,,,2009088,
13.153457,DUPACK,1962,16.676,,,2009088,
13.153475,NAK,1962,16.676,,,2009088,
13.153494,DUPACK,1962,16.676,,,2009088,
13.153513,NAK,1962,16.676,,,2009088,
13.153532,DUPACK,1962,16.676,,,2009088,
13.193973,NAK,1962,16.676,,,2009088,
13.194037,DUPACK,1962,16.676,,,2009088,
13.202071,ACK,1963,16.736,,,2010112,"cum ack, base->1963"
13.202219,ACK,1964,16.796,,,2011136,"cum ack, base->1964"
13.202345,ACK,1966,16.915,,,2013184,"cum ack, base->1966"
13.202636,SEND,1978,16.915,,200.000,2013184,
13.202848,SEND,1979,16.915,,200.000,2013184,
13.203340,SEND,1980,16.915,,200.000,2013184,
13.203596,SEND,1981,16.915,,200.000,2013184,
13.203695,ACK,1967,16.974,,,2014208,"cum ack, base->1967"
13.203784,ACK,1969,17.091,,,2016256,"cum ack, base->1969"
13.203902,ACK,1970,17.150,,,2017280,"cum ack, base->1970"
13.203982,ACK,1971,17.208,,,2018304,"cum ack, base->1971"
13.204026,ACK,1972,17.266,,,2019328,"cum ack, base->1972"
13.204060,ACK,1973,17.324,,,2020352,"cum ack, base->1973"
13.204092,ACK,1974,17.382,,,2021376,"cum ack, base->1974"
13.204123,ACK,1975,17.440,,,2022400,"cum ack, base->1975"
13.204208,ACK,1977,17.554,,,2024448,"cum ack, base->1977"
13.204241,ACK,1978,17.611,,,2025472,"cum ack, base->1978"
13.206427,SEND,1982,17.611,,200.000,2025472,
13.206635,SEND,1983,17.611,,200.000,2025472,
13.206838,SEND,1984,17.611,,200.000,2025472,
13.207015,SEND,1985,17.611,,200.000,2025472,
13.207183,SEND,1986,17.611,,200.000,2025472,
13.207352,SEND,1987,17.611,,200.000,2025472,
13.207520,SEND,1988,17.611,,200.000,2025472,
13.207735,SEND,1989,17.611,,200.000,2025472,
13.208057,SEND,1990,17.611,,200.000,2025472,
13.208302,SEND,1991,17.611,,200.000,2025472,
13.208530,SEND,1992,17.611,,200.000,2025472,
13.208758,SEND,1993,17.611,,200.000,2025472,
13.208985,SEND,1994,17.611,,200.000,2025472,
13.228060,STATS,-1,17.611,,200.000,2025472,base=1978 next=1995
13.253107,ACK,1979,17.668,,,2026496,"cum ack, base->1979"
13.253203,ACK,1980,17.724,,,2027520,"cum ack, base->1980"
13.253259,ACK,1981,17.781,,,2028544,"cum ack, base->1981"
13.253309,ACK,1982,17.837,,,2029568,"cum ack, base->1982"
13.253474,ACK,1983,17.893,,,2030592,"cum ack, base->1983"
13.253532,ACK,1984,17.949,,,2031616,"cum ack, base->1984"
13.253579,ACK,1985,18.005,,,2032640,"cum ack, base->1985"
13.253631,ACK,1986,18.060,,,2033664,"cum ack, base->1986"
13.253679,ACK,1987,18.116,,,2034688,"cum ack, base->1987"
13.256174,SEND,1995,18.116,,200.000,2034688,
13.256786,SEND,1996,18.116,,200.000,2034688,
13.257562,SEND,1997,18.116,,200.000,2034688,
13.257847,SEND,1998,18.116,,200.000,2034688,
13.258307,SEND,1999,18.116,,200.000,2034688,
13.258562,SEND,2000,18.116,,200.000,2034688,
13.258838,SEND,2001,18.116,,200.000,2034688,
13.259095,SEND,2002,18.116,,200.000,2034688,
13.259351,SEND,2003,18.116,,200.000,2034688,
13.259658,SEND,2004,18.116,,200.000,2034688,
13.259864,ACK,1988,18.171,,,2035712,"cum ack, base->1988"
13.259929,ACK,1989,18.226,,,2036736,"cum ack, base->1989"
13.259964,ACK,1990,18.281,,,2037760,"cum ack, base->1990"
13.259999,ACK,1991,18.335,,,2038784,"cum ack, base->1991"
13.260030,ACK,1992,18.390,,,2039808,"cum ack, base->1992"
13.260091,ACK,1993,18.444,,,2040832,"cum ack, base->1993"
13.260122,ACK,1994,18.499,,,2041856,"cum ack, base->1994"
13.262462,SEND,2005,18.499,,200.000,2041856,
13.262649,SEND,2006,18.499,,200.000,2041856,
13.262856,SEND,2007,18.499,,200.000,2041856,
13.263038,SEND,2008,18.499,,200.000,2041856,
13.263208,SEND,2009,18.499,,200.000,2041856,
13.263474,SEND,2010,18.499,,200.000,2041856,
13.263667,SEND,2011,18.499,,200.000,2041856,
13.263845,ACK,1995,18.553,,,2042880,"cum ack, base->1995"
13.266536,SEND,2012,18.553,,200.000,2042880,
13.309204,ACK,1996,18.607,,,2043904,"cum ack, base->1996"
13.309283,ACK,1997,18.660,,,2044928,"cum ack, base->1997"
13.309325,ACK,1998,18.714,,,2045952,"cum ack, base->1998"
13.309364,ACK,1999,18.767,,,2046976,"cum ack, base->1999"
13.309402,ACK,2000,18.821,,,2048000,"cum ack, base->2000"
13.309439,ACK,2001,18.874,,,2049024,"cum ack, base->2001"
13.309527,NAK,2001,18.874,,,2049024,
13.309542,FASTRETX,2001,16.777,,200.000,2049024,nak
13.309580,DUPACK,2001,16.777,,,2049024,
13.309611,NAK,2001,16.777,,,2049024,
13.310341,RETX,2001,16.777,,200.000,2049024,
13.310570,RETX,2002,16.777,,200.000,2049024,
13.310778,RETX,2003,16.777,,200.000,2049024,
13.311065,RETX,2004,16.777,,200.000,2049024,
13.311291,RETX,2005,16.777,,200.000,2049024,
13.311506,RETX,2006,16.777,,200.000,2049024,
13.311748,RETX,2007,16.777,,200.000,2049024,
13.312007,RETX,2008,16.777,,200.000,2049024,
13.312259,RETX,2009,16.777,,200.000,2049024,
13.312480,RETX,2010,16.777,,200.000,2049024,
13.312687,RETX,2011,16.777,,200.000,2049024,
13.312900,RETX,2012,16.777,,200.000,2049024,
13.313100,SEND,2013,16.777,,200.000,2049024,
13.313418,SEND,2014,16.777,,200.000,2049024,
13.313589,SEND,2015,16.777,,200.000,2049024,
13.313756,SEND,2016,16.777,,200.000,2049024,
13.313781,DUPACK,2001,16.777,,,2049024,
13.313876,NAK,2001,16.777,,,2049024,
13.313917,DUPACK,2001,16.777,,,2049024,
13.313948,NAK,2001,16.777,,,2049024,
13.313977,DUPACK,2001,16.777,,,2049024,
13.314278,NAK,2001,16.777,,,2049024,
13.314321,DUPACK,2001,16.777,,,2049024,
13.314348,NAK,2001,16.777,,,2049024,
13.314423,DUPACK,2001,16.777,,,2049024,
13.314461,NAK,2001,16.777,,,2049024,
13.314491,DUPACK,2001,16.777,,,2049024,
13.314517,NAK,2001,16.777,,,2049024,
13.314543,DUPACK,2001,16.777,,,2049024,
13.314572,NAK,2001,16.777,,,2049024,
13.314598,DUPACK,2001,16.777,,,2049024,
13.314623,NAK,2001,16.777,,,2049024,
13.314649,DUPACK,2001,16.777,,,2049024,
13.314675,NAK,2001,16.777,,,2049024,
13.314700,DUPACK,2001,16.777,,,2049024,
13.328568,STATS,-1,16.777,,200.000,2049024,base=2001 next=2017
13.351447,ACK,2003,16.896,,,2051072,"cum ack, base->2003"
13.351589,ACK,2004,16.955,,,2052096,"cum ack, base->2004"
13.351681,ACK,2005,17.014,,,2053120,"cum ack, base->2005"
13.352802,SEND,2017,17.014,,200.000,2053120,
13.353017,SEND,2018,17.014,,200.000,2053120,
13.353307,SEND,2019,17.014,,200.000,2053120,
13.353525,SEND,2020,17.014,,200.000,2053120,
13.353813,SEND,2021,17.014,,200.000,2053120,
13.358662,ACK,2006,17.073,,,2054144,"cum ack, base->2006"
13.358738,ACK,2007,17.131,,,2055168,"cum ack, base->2007"
13.358774,NAK,2007,17.131,,,2055168,
13.358788,FASTRETX,2007,17.131,,200.000,2055168,nak
13.358821,DUPACK,2007,17.131,,,2055168,
13.358851,NAK,2007,17.131,,,2055168,
13.358913,DUPACK,2007,17.131,,,2055168,
13.359194,RETX,2007,17.131,,200.000,2055168,
13.359422,RETX,2008,17.131,,200.000,2055168,
13.359657,RETX,2009,17.131,,200.000,2055168,
13.359883,RETX,2010,17.131,,200.000,2055168,
13.360090,RETX,2011,17.131,,200.000,2055168,
13.360294,RETX,2012,17.131,,200.000,2055168,
13.360596,RETX,2013,17.131,,200.000,2055168,
13.360824,RETX,2014,17.131,,200.000,2055168,
13.361051,RETX,2015,17.131,,200.000,2055168,
13.361275,RETX,2016,17.131,,200.000,2055168,
13.361501,RETX,2017,17.131,,200.000,2055168,
13.361727,RETX,2018,17.131,,200.000,2055168,
13.361951,RETX,2019,17.131,,200.000,2055168,
13.362178,RETX,2020,17.131,,200.000,2055168,
13.362403,RETX,2021,17.131,,200.000,2055168,
13.362627,SEND,2022,17.131,,200.000,2055168,
13.362853,SEND,2023,17.131,,200.000,2055168,
13.362897,NAK,2007,17.131,,,2055168,
13.362976,DUPACK,2007,17.131,,,2055168,
13.363013,NAK,2007,17.131,,,2055168,
13.363040,DUPACK,2007,17.131,,,2055168,
13.363066,NAK,2007,17.131,,,2055168,
13.363090,DUPACK,2007,17.131,,,2055168,
13.363114,NAK,2007,17.131,,,2055168,
13.363139,DUPACK,2007,17.131,,,2055168,
13.363164,NAK,2007,17.131,,,2055168,
13.364527,DUPACK,2007,17.131,,,2055168,
13.364560,NAK,2007,17.131,,,2055168,
13.364589,DUPACK,2007,17.131,,,2055168,
13.364614,NAK,2007,17.131,,,2055168,
13.364639,DUPACK,2007,17.131,,,2055168,
13.398346,NAK,2007,17.131,,,2055168,
13.398378,DUPACK,2007,17.131,,,2055168,
13.398404,NAK,2007,17.131,,,2055168,
13.398429,DUPACK,2007,17.131,,,2055168,
13.398453,NAK,2007,17.131,,,2055168,
13.398477,NAK,2007,17.131,,,2055168,
13.398501,DUPACK,2007,17.131,,,2055168,
13.403027,NAK,2007,17.131,,,2055168,
13.403065,DUPACK,2007,17.131,,,2055168,
13.412675,ACK,2008,17.190,,,2056192,"cum ack, base->2008"
13.412745,ACK,2010,17.306,,,2058240,"cum ack, base->2010"
13.412781,ACK,2011,17.363,,,2059264,"cum ack, base->2011"
13.414570,SEND,2024,17.363,,200.000,2059264,
13.414846,SEND,2025,17.363,,200.000,2059264,
13.415023,SEND,2026,17.363,,200.000,2059264,
13.415191,SEND,2027,17.363,,200.000,2059264,
13.416291,ACK,2012,17.421,,,2060288,"cum ack, base->2012"
13.416362,ACK,2013,17.478,,,2061312,"cum ack, base->2013"
13.416402,ACK,2014,17.536,,,2062336,"cum ack, base->2014"
13.416489,ACK,2015,17.593,,,2063360,"cum ack, base->2015"
13.416533,ACK,2016,17.650,,,2064384,"cum ack, base->2016"
13.416567,ACK,2017,17.706,,,2065408,"cum ack, base->2017"
13.416601,ACK,2018,17.763,,,2066432,"cum ack, base->2018"
13.416633,ACK,2019,17.819,,,2067456,"cum ack, base->2019"
13.416675,ACK,2020,17.875,,,2068480,"cum ack, base->2020"
13.416707,ACK,2021,17.931,,,2069504,"cum ack, base->2021"
13.416800,ACK,2022,17.987,,,2070528,"cum ack, base->2022"
13.416870,NAK,2022,17.987,,,2070528,
13.416884,FASTRETX,2022,15.988,,200.000,2070528,nak
13.416946,DUPACK,2022,15.988,,,2070528,
13.417952,RETX,2022,15.988,,200.000,2070528,
13.418133,RETX,2023,15.988,,200.000,2070528,
13.418299,RETX,2024,15.988,,200.000,2070528,
13.418606,RETX,2025,15.988,,200.000,2070528,
13.418792,RETX,2026,15.988,,200.000,2070528,
13.418996,RETX,2027,15.988,,200.000,2070528,
13.419166,SEND,2028,15.988,,200.000,2070528,
13.419530,SEND,2029,15.988,,200.000,2070528,
13.419771,SEND,2030,15.988,,200.000,2070528,
13.419946,SEND,2031,15.988,,200.000,2070528,
13.420124,SEND,2032,15.988,,200.000,2070528,
13.420702,SEND,2033,15.988,,200.000,2070528,
13.421082,SEND,2034,15.988,,200.000,2070528,
13.421396,SEND,2035,15.988,,200.000,2070528,
13.421632,SEND,2036,15.988,,200.000,2070528,
13.429224,STATS,-1,15.988,,200.000,2070528,base=2022 next=2037
13.475894,NAK,2022,15.988,,,2070528,
13.475960,DUPACK,2022,15.988,,,2070528,
13.475989,NAK,2022,15.988,,,2070528,
13.476018,DUPACK,2022,15.988,,,2070528,
13.476044,NAK,2022,15.988,,,2070528,
13.476070,DUPACK,2022,15.988,,,2070528,
13.476099,NAK,2022,15.988,,,2070528,
13.476168,DUPACK,2022,15.988,,,2070528,
13.476309,ACK,2023,16.051,,,2071552,"cum ack, base->2023"
13.476379,ACK,2024,16.113,,,2072576,"cum ack, base->2024"
13.476420,ACK,2025,16.175,,,2073600,"cum ack, base->2025"
13.476681,SEND,2037,16.175,,200.000,2073600,
13.476864,SEND,2038,16.175,,200.000,2073600,
13.477039,SEND,2039,16.175,,200.000,2073600,
13.477223,SEND,2040,16.175,,200.000,2073600,
13.477291,ACK,2026,16.237,,,2074624,"cum ack, base->2026"
13.477382,ACK,2027,16.299,,,2075648,"cum ack, base->2027"
13.477419,ACK,2029,16.421,,,2077696,"cum ack, base->2029"
13.477452,ACK,2030,16.482,,,2078720,"cum ack, base->2030"
13.477487,ACK,2031,16.543,,,2079744,"cum ack, base->2031"
13.477519,ACK,2033,16.663,,,2081792,"cum ack, base->2033"
13.477550,ACK,2034,16.723,,,2082816,"cum ack, base->2034"
13.477581,ACK,2035,16.783,,,2083840,"cum ack, base->2035"
13.477611,ACK,2036,16.843,,,2084864,"cum ack, base->2036"
13.477646,ACK,2037,16.902,,,2085888,"cum ack, base->2037"
13.480041,SEND,2041,16.902,,200.000,2085888,
13.480238,SEND,2042,16.902,,200.000,2085888,
13.480466,SEND,2043,16.902,,200.000,2085888,
13.480680,SEND,2044,16.902,,200.000,2085888,
13.480931,SEND,2045,16.902,,200.000,2085888,
13.481103,SEND,2046,16.902,,200.000,2085888,
13.481271,SEND,2047,16.902,,200.000,2085888,
13.519342,ACK,2038,16.961,,,2086912,"cum ack, base->2038"
13.519415,ACK,2039,17.020,,,2087936,"cum ack, base->2039"
13.529745,STATS,-1,17.020,,200.000,2087936,base=2039 next=2048
13.535337,ACK,2040,17.079,,,2088960,"cum ack, base->2040"
13.535410,ACK,2041,17.138,,,2089984,"cum ack, base->2041"
13.535448,ACK,2042,17.196,,,2091008,"cum ack, base->2042"
13.535480,ACK,2043,17.254,,,2092032,"cum ack, base->2043"
13.535512,ACK,2044,17.312,,,2093056,"cum ack, base->2044"
13.535544,ACK,2045,17.370,,,2094080,"cum ack, base->2045"
13.535575,ACK,2046,17.427,,,2095104,"cum ack, base->2046"
13.535606,ACK,2047,17.485,,,2096128,"cum ack, base->2047"
13.535636,ACK,2048,17.542,,,2097152,"cum ack, base->2048"
13.537801,FIN,2048,,,,2097152,attempt 1
13.584862,ACK,-1,17.542,,,2097152,FIN acked
