t,event,seq,cwnd,srtt_ms,rto_ms,bytes_acked,info
0.651251,DELIVER,0,,,,1024,
0.654332,DELIVER,1,,,,2048,
0.654437,DELIVER,2,,,,3072,
0.654530,DELIVER,3,,,,4096,
0.699303,DELIVER,4,,,,5120,
0.699439,DELIVER,5,,,,6144,
0.699551,DELIVER,6,,,,7168,
0.699660,DELIVER,7,,,,8192,
0.745150,DELIVER,8,,,,9216,
0.751183,DELIVER,9,,,,10240,
0.751356,DELIVER,10,,,,11264,
0.752972,DELIVER,11,,,,12288,
0.753637,DELIVER,12,,,,13312,
0.794116,DELIVER,13,,,,14336,
0.800439,DELIVER,14,,,,15360,
0.806724,DELIVER,15,,,,16384,
0.807042,DELIVER,16,,,,17408,
0.807310,DELIVER,17,,,,18432,
0.807572,DELIVER,18,,,,19456,
0.866190,DELIVER,19,,,,20480,
0.866324,DELIVER,20,,,,21504,
0.866442,DELIVER,21,,,,22528,
0.866535,DELIVER,22,,,,23552,
0.866623,DELIVER,23,,,,24576,
0.866714,DELIVER,24,,,,25600,
0.866801,DELIVER,25,,,,26624,
0.914009,DELIVER,26,,,,27648,
0.923659,DELIVER,27,,,,28672,
0.924011,DELIVER,28,,,,29696,
0.924265,DELIVER,29,,,,30720,
0.924602,DELIVER,30,,,,31744,
0.924860,DELIVER,31,,,,32768,
0.925114,DELIVER,32,,,,33792,
0.925350,DELIVER,33,,,,34816,
0.977832,GAP,35,,,,34816,expected 34
0.982221,GAP,36,,,,34816,expected 34
0.983164,GAP,37,,,,34816,expected 34
0.983451,GAP,38,,,,34816,expected 34
0.983711,GAP,39,,,,34816,expected 34
0.984006,GAP,40,,,,34816,expected 34
0.984299,GAP,41,,,,34816,expected 34
0.984600,GAP,42,,,,34816,expected 34
1.030117,DELIVER,34,,,,35840,
1.030460,DELIVER,35,,,,36864,
1.030692,DELIVER,36,,,,37888,
1.032898,DELIVER,37,,,,38912,
1.033546,GAP,39,,,,38912,expected 38
1.033789,GAP,40,,,,38912,expected 38
1.034026,GAP,41,,,,38912,expected 38
1.069009,GAP,42,,,,38912,expected 38
1.076800,GAP,44,,,,38912,expected 38
1.077140,GAP,45,,,,38912,expected 38
1.099272,DELIVER,38,,,,39936,
1.099550,DELIVER,39,,,,40960,
1.099790,DELIVER,40,,,,41984,
1.100043,DELIVER,41,,,,43008,
1.100240,DELIVER,42,,,,44032,
1.100454,DELIVER,43,,,,45056,
1.100654,DELIVER,44,,,,46080,
1.100867,DELIVER,45,,,,47104,
1.161649,DELIVER,46,,,,48128,
1.165131,DELIVER,47,,,,49152,
1.165311,GAP,49,,,,49152,expected 48
1.165491,GAP,50,,,,49152,expected 48
1.165672,GAP,51,,,,49152,expected 48
1.165955,GAP,52,,,,49152,expected 48
1.166179,GAP,54,,,,49152,expected 48
1.209741,DELIVER,48,,,,50176,
1.220320,DELIVER,49,,,,51200,
1.220672,DELIVER,50,,,,52224,
1.221015,DELIVER,51,,,,53248,
1.221230,DELIVER,52,,,,54272,
1.221442,DELIVER,53,,,,55296,
1.221661,DELIVER,54,,,,56320,
1.221864,DELIVER,55,,,,57344,
1.254340,DELIVER,56,,,,58368,
1.274732,DELIVER,57,,,,59392,
1.275195,DELIVER,58,,,,60416,
1.275459,DELIVER,59,,,,61440,
1.275717,DELIVER,60,,,,62464,
1.275956,DELIVER,61,,,,63488,
1.276179,DELIVER,62,,,,64512,
1.276389,DELIVER,63,,,,65536,
1.276641,DELIVER,64,,,,66560,
1.325391,GAP,66,,,,66560,expected 65
1.325696,GAP,67,,,,66560,expected 65
1.325933,GAP,68,,,,66560,expected 65
1.326200,GAP,69,,,,66560,expected 65
1.326460,GAP,70,,,,66560,expected 65
1.326718,GAP,71,,,,66560,expected 65
1.326990,GAP,72,,,,66560,expected 65
1.327226,GAP,73,,,,66560,expected 65
1.329824,GAP,74,,,,66560,expected 65
1.380339,DELIVER,65,,,,67584,
1.390745,DELIVER,66,,,,68608,
1.397941,DELIVER,67,,,,69632,
1.398217,DELIVER,68,,,,70656,
1.398781,DELIVER,69,,,,71680,
1.399067,DELIVER,70,,,,72704,
1.399307,GAP,72,,,,72704,expected 71
1.399532,GAP,73,,,,72704,expected 71
1.430365,GAP,74,,,,72704,expected 71
1.435802,GAP,75,,,,72704,expected 71
1.452316,DELIVER,71,,,,73728,
1.452755,DELIVER,72,,,,74752,
1.453119,DELIVER,73,,,,75776,
1.453342,DELIVER,74,,,,76800,
1.453643,GAP,77,,,,76800,expected 75
1.454102,GAP,78,,,,76800,expected 75
1.454420,GAP,79,,,,76800,expected 75
1.500972,GAP,80,,,,76800,expected 75
1.501412,GAP,81,,,,76800,expected 75
1.502500,DELIVER,75,,,,77824,
1.502766,DELIVER,76,,,,78848,
1.503006,DELIVER,77,,,,79872,
1.503264,DELIVER,78,,,,80896,
1.504218,DELIVER,79,,,,81920,
1.505198,DELIVER,80,,,,82944,
1.505587,DELIVER,81,,,,83968,
1.505934,DELIVER,82,,,,84992,
1.506309,DELIVER,83,,,,86016,
1.552768,DELIVER,84,,,,87040,
1.553058,DELIVER,85,,,,88064,
1.556521,DELIVER,86,,,,89088,
1.556870,DELIVER,87,,,,90112,
1.557160,DELIVER,88,,,,91136,
1.557379,DELIVER,89,,,,92160,
1.557604,DELIVER,90,,,,93184,
1.557810,DELIVER,91,,,,94208,
1.558025,GAP,93,,,,94208,expected 92
1.596791,GAP,94,,,,94208,expected 92
1.598581,GAP,95,,,,94208,expected 92
1.607253,GAP,96,,,,94208,expected 92
1.607489,DELIVER,92,,,,95232,
1.609748,GAP,94,,,,95232,expected 93
1.610002,GAP,95,,,,95232,expected 93
1.610226,GAP,96,,,,95232,expected 93
1.610441,GAP,97,,,,95232,expected 93
1.610640,GAP,98,,,,95232,expected 93
1.610843,GAP,99,,,,95232,expected 93
1.611044,GAP,100,,,,95232,expected 93
1.657552,GAP,101,,,,95232,expected 93
1.658035,DELIVER,93,,,,96256,
1.658437,DELIVER,94,,,,97280,
1.659881,DELIVER,95,,,,98304,
1.660285,DELIVER,96,,,,99328,
1.661144,GAP,98,,,,99328,expected 97
1.662527,GAP,99,,,,99328,expected 97
1.663372,GAP,100,,,,99328,expected 97
1.663713,GAP,101,,,,99328,expected 97
1.701636,GAP,102,,,,99328,expected 97
1.707711,GAP,103,,,,99328,expected 97
1.708622,GAP,104,,,,99328,expected 97
1.709025,GAP,105,,,,99328,expected 97
1.709453,GAP,106,,,,99328,expected 97
1.714806,DELIVER,97,,,,100352,
1.715301,DELIVER,98,,,,101376,
1.715791,DELIVER,99,,,,102400,
1.717236,DELIVER,100,,,,103424,
1.717653,DELIVER,101,,,,104448,
1.718714,DELIVER,102,,,,105472,
1.719419,DELIVER,103,,,,106496,
1.719649,DELIVER,104,,,,107520,
1.719909,DELIVER,105,,,,108544,
1.763480,DELIVER,106,,,,109568,
1.763829,DELIVER,107,,,,110592,
1.765185,DELIVER,108,,,,111616,
1.769175,DELIVER,109,,,,112640,
1.769488,DELIVER,110,,,,113664,
1.769727,DELIVER,111,,,,114688,
1.769972,DELIVER,112,,,,115712,
1.770178,DELIVER,113,,,,116736,
1.802796,GAP,115,,,,116736,expected 114
1.803211,GAP,116,,,,116736,expected 114
1.820586,GAP,118,,,,116736,expected 114
1.821040,GAP,119,,,,116736,expected 114
1.821411,GAP,120,,,,116736,expected 114
1.821820,GAP,121,,,,116736,expected 114
1.823924,GAP,122,,,,116736,expected 114
1.824437,GAP,123,,,,116736,expected 114
1.849807,DELIVER,114,,,,117760,
1.850267,DELIVER,115,,,,118784,
1.850720,DELIVER,116,,,,119808,
1.851039,DELIVER,117,,,,120832,
1.851392,DELIVER,118,,,,121856,
1.851709,DELIVER,119,,,,122880,
1.855003,DELIVER,120,,,,123904,
1.855337,DELIVER,121,,,,124928,
1.855936,DELIVER,122,,,,125952,
1.899140,DELIVER,123,,,,126976,
1.899727,DELIVER,124,,,,128000,
1.899995,DELIVER,125,,,,129024,
1.900215,DELIVER,126,,,,130048,
1.902344,GAP,128,,,,130048,expected 127
1.903252,GAP,129,,,,130048,expected 127
1.903561,GAP,130,,,,130048,expected 127
1.904122,GAP,131,,,,130048,expected 127
1.904374,GAP,132,,,,130048,expected 127
1.946538,DELIVER,127,,,,131072,
1.956188,DELIVER,128,,,,132096,
1.956659,DELIVER,129,,,,133120,
1.956972,DELIVER,130,,,,134144,
1.958281,DELIVER,131,,,,135168,
1.958558,DELIVER,132,,,,136192,
1.958784,DELIVER,133,,,,137216,
1.959666,DELIVER,134,,,,138240,
1.960053,DELIVER,135,,,,139264,
1.999897,DELIVER,136,,,,140288,
2.000848,DELIVER,137,,,,141312,
2.004928,DELIVER,138,,,,142336,
2.005987,GAP,140,,,,142336,expected 139
2.008569,GAP,141,,,,142336,expected 139
2.009124,GAP,142,,,,142336,expected 139
2.009368,GAP,143,,,,142336,expected 139
2.009601,GAP,144,,,,142336,expected 139
2.009847,GAP,145,,,,142336,expected 139
2.047402,GAP,146,,,,142336,expected 139
2.048210,GAP,147,,,,142336,expected 139
2.056856,DELIVER,139,,,,143360,
2.057227,DELIVER,140,,,,144384,
2.059131,DELIVER,141,,,,145408,
2.059526,DELIVER,142,,,,146432,
2.059758,DELIVER,143,,,,147456,
2.062372,DELIVER,144,,,,148480,
2.062733,DELIVER,145,,,,149504,
2.062976,DELIVER,146,,,,150528,
2.063260,DELIVER,147,,,,151552,
2.101541,DELIVER,148,,,,152576,
2.101829,DELIVER,149,,,,153600,
2.115105,DELIVER,150,,,,154624,
2.115821,DELIVER,151,,,,155648,
2.116321,DELIVER,152,,,,156672,
2.116717,DELIVER,153,,,,157696,
2.117168,DELIVER,154,,,,158720,
2.117501,DELIVER,155,,,,159744,
2.117728,DELIVER,156,,,,160768,
2.117926,DELIVER,157,,,,161792,
2.979234,DELIVER,158,,,,162816,
2.979562,DELIVER,159,,,,163840,
2.981951,DELIVER,160,,,,164864,
2.982482,DELIVER,161,,,,165888,
2.983113,DELIVER,162,,,,166912,
2.983569,DELIVER,163,,,,167936,
2.984138,DELIVER,164,,,,168960,
2.984709,DELIVER,165,,,,169984,
2.985223,DELIVER,166,,,,171008,
2.985529,DELIVER,167,,,,172032,
3.015783,DELIVER,168,,,,173056,
3.025445,DELIVER,169,,,,174080,
3.031653,DELIVER,170,,,,175104,
3.031931,DELIVER,171,,,,176128,
3.032182,DELIVER,172,,,,177152,
3.032481,DELIVER,173,,,,178176,
3.032695,DELIVER,174,,,,179200,
3.038312,DELIVER,175,,,,180224,
3.038592,DELIVER,176,,,,181248,
3.038815,DELIVER,177,,,,182272,
3.039102,DELIVER,178,,,,183296,
3.062814,DELIVER,179,,,,184320,
3.073710,DELIVER,180,,,,185344,
3.076678,DELIVER,181,,,,186368,
3.079419,GAP,183,,,,186368,expected 182
3.083565,GAP,184,,,,186368,expected 182
3.083860,GAP,185,,,,186368,expected 182
3.095012,GAP,186,,,,186368,expected 182
3.095413,GAP,187,,,,186368,expected 182
3.095695,GAP,188,,,,186368,expected 182
3.096318,GAP,189,,,,186368,expected 182
3.096968,GAP,190,,,,186368,expected 182
3.108552,GAP,191,,,,186368,expected 182
3.116597,GAP,192,,,,186368,expected 182
3.120898,GAP,193,,,,186368,expected 182
3.126467,DELIVER,182,,,,187392,
3.126752,DELIVER,183,,,,188416,
3.126960,DELIVER,184,,,,189440,
3.127188,DELIVER,185,,,,190464,
3.127439,DELIVER,186,,,,191488,
3.127741,DELIVER,187,,,,192512,
3.128634,DELIVER,188,,,,193536,
3.129408,DELIVER,189,,,,194560,
3.129948,DELIVER,190,,,,195584,
3.130686,DELIVER,191,,,,196608,
3.178436,DELIVER,192,,,,197632,
3.182830,DELIVER,193,,,,198656,
3.183285,DELIVER,194,,,,199680,
3.183609,DELIVER,195,,,,200704,
3.184096,DELIVER,196,,,,201728,
3.184398,DELIVER,197,,,,202752,
3.184601,DELIVER,198,,,,203776,
3.184819,DELIVER,199,,,,204800,
3.185049,GAP,201,,,,204800,expected 200
3.185295,GAP,202,,,,204800,expected 200
3.219313,GAP,203,,,,204800,expected 200
3.229148,GAP,204,,,,204800,expected 200
3.235154,GAP,205,,,,204800,expected 200
3.235499,GAP,206,,,,204800,expected 200
3.235768,GAP,207,,,,204800,expected 200
3.236948,GAP,208,,,,204800,expected 200
3.237210,GAP,209,,,,204800,expected 200
3.237467,DELIVER,200,,,,205824,
3.237710,DELIVER,201,,,,206848,
3.237958,GAP,203,,,,206848,expected 202
3.238749,GAP,204,,,,206848,expected 202
3.239020,GAP,206,,,,206848,expected 202
3.239296,GAP,207,,,,206848,expected 202
3.239571,GAP,208,,,,206848,expected 202
3.239814,GAP,209,,,,206848,expected 202
3.240212,GAP,210,,,,206848,expected 202
3.294222,DELIVER,202,,,,207872,
3.294903,DELIVER,203,,,,208896,
3.295302,DELIVER,204,,,,209920,
3.295611,DELIVER,205,,,,210944,
3.296004,DELIVER,206,,,,211968,
3.296400,DELIVER,207,,,,212992,
3.296757,DELIVER,208,,,,214016,
3.297053,DELIVER,209,,,,215040,
3.297381,DELIVER,210,,,,216064,
3.297674,DELIVER,211,,,,217088,
3.297939,DELIVER,212,,,,218112,
3.339038,DELIVER,213,,,,219136,
3.343124,DELIVER,214,,,,220160,
3.347569,DELIVER,215,,,,221184,
3.348033,DELIVER,216,,,,222208,
3.348346,DELIVER,217,,,,223232,
3.348590,DELIVER,218,,,,224256,
3.348959,DELIVER,219,,,,225280,
3.349312,DELIVER,220,,,,226304,
3.349556,DELIVER,221,,,,227328,
3.349792,DELIVER,222,,,,228352,
3.350028,DELIVER,223,,,,229376,
3.350236,DELIVER,224,,,,230400,
3.377332,DELIVER,225,,,,231424,
3.395088,DELIVER,226,,,,232448,
3.395384,DELIVER,227,,,,233472,
3.395622,DELIVER,228,,,,234496,
3.395877,DELIVER,229,,,,235520,
3.398608,DELIVER,230,,,,236544,
3.398924,DELIVER,231,,,,237568,
3.399177,DELIVER,232,,,,238592,
3.399425,GAP,235,,,,238592,expected 233
3.399712,GAP,236,,,,238592,expected 233
3.400091,GAP,237,,,,238592,expected 233
3.421675,GAP,238,,,,238592,expected 233
3.441888,GAP,239,,,,238592,expected 233
3.445801,GAP,240,,,,238592,expected 233
3.446250,GAP,241,,,,238592,expected 233
3.447788,GAP,242,,,,238592,expected 233
3.448069,GAP,243,,,,238592,expected 233
3.448370,GAP,244,,,,238592,expected 233
3.453641,DELIVER,233,,,,239616,
3.453908,DELIVER,234,,,,240640,
3.454135,GAP,236,,,,240640,expected 235
3.454389,GAP,237,,,,240640,expected 235
3.454663,GAP,238,,,,240640,expected 235
3.454902,GAP,239,,,,240640,expected 235
3.455163,GAP,240,,,,240640,expected 235
3.455416,GAP,241,,,,240640,expected 235
3.455694,GAP,242,,,,240640,expected 235
3.455934,GAP,243,,,,240640,expected 235
3.456165,GAP,244,,,,240640,expected 235
3.492875,GAP,245,,,,240640,expected 235
3.493174,GAP,246,,,,240640,expected 235
3.504152,DELIVER,235,,,,241664,
3.507757,DELIVER,236,,,,242688,
3.508041,DELIVER,237,,,,243712,
3.508289,DELIVER,238,,,,244736,
3.508580,DELIVER,239,,,,245760,
3.508791,DELIVER,240,,,,246784,
3.509045,GAP,242,,,,246784,expected 241
3.509345,GAP,243,,,,246784,expected 241
3.509617,GAP,244,,,,246784,expected 241
3.509851,GAP,245,,,,246784,expected 241
3.510140,GAP,246,,,,246784,expected 241
3.553376,GAP,247,,,,246784,expected 241
3.553690,GAP,248,,,,246784,expected 241
3.553956,GAP,249,,,,246784,expected 241
3.559068,DELIVER,241,,,,247808,
3.559355,DELIVER,242,,,,248832,
3.559579,DELIVER,243,,,,249856,
3.559767,DELIVER,244,,,,250880,
3.559987,DELIVER,245,,,,251904,
3.560207,DELIVER,246,,,,252928,
3.560448,DELIVER,247,,,,253952,
3.560642,DELIVER,248,,,,254976,
3.560873,DELIVER,249,,,,256000,
3.561105,DELIVER,250,,,,257024,
3.563398,DELIVER,251,,,,258048,
3.563678,DELIVER,252,,,,259072,
3.598693,DELIVER,253,,,,260096,
3.602439,DELIVER,254,,,,261120,
3.603330,DELIVER,255,,,,262144,
3.604181,DELIVER,256,,,,263168,
3.608543,DELIVER,257,,,,264192,
3.608828,DELIVER,258,,,,265216,
3.609098,DELIVER,259,,,,266240,
3.614686,DELIVER,260,,,,267264,
3.614988,DELIVER,261,,,,268288,
3.615329,DELIVER,262,,,,269312,
3.615872,DELIVER,263,,,,270336,
3.616170,DELIVER,264,,,,271360,
3.616621,DELIVER,265,,,,272384,
3.649908,DELIVER,266,,,,273408,
3.654337,DELIVER,267,,,,274432,
3.654803,DELIVER,268,,,,275456,
3.655099,DELIVER,269,,,,276480,
3.655580,DELIVER,270,,,,277504,
3.655823,DELIVER,271,,,,278528,
3.656046,DELIVER,272,,,,279552,
3.662170,DELIVER,273,,,,280576,
3.662511,DELIVER,274,,,,281600,
3.666158,DELIVER,275,,,,282624,
3.670757,DELIVER,276,,,,283648,
3.671025,DELIVER,277,,,,284672,
3.671292,DELIVER,278,,,,285696,
3.671536,DELIVER,279,,,,286720,
3.683668,DELIVER,280,,,,287744,
3.697542,DELIVER,281,,,,288768,
3.698055,DELIVER,282,,,,289792,
3.704684,DELIVER,283,,,,290816,
3.705125,DELIVER,284,,,,291840,
3.705419,DELIVER,285,,,,292864,
3.710505,DELIVER,286,,,,293888,
3.711167,DELIVER,287,,,,294912,
3.713479,DELIVER,288,,,,295936,
3.713901,DELIVER,289,,,,296960,
3.714216,DELIVER,290,,,,297984,
3.714644,DELIVER,291,,,,299008,
3.720654,DELIVER,292,,,,300032,
3.720915,DELIVER,293,,,,301056,
3.721163,DELIVER,294,,,,302080,
3.735908,DELIVER,295,,,,303104,
3.736842,DELIVER,296,,,,304128,
3.737134,DELIVER,297,,,,305152,
3.756145,DELIVER,298,,,,306176,
3.756599,DELIVER,299,,,,307200,
3.756973,DELIVER,300,,,,308224,
3.759834,DELIVER,301,,,,309248,
3.760250,DELIVER,302,,,,310272,
3.760548,DELIVER,303,,,,311296,
3.766987,DELIVER,304,,,,312320,
3.767587,DELIVER,305,,,,313344,
3.768096,DELIVER,306,,,,314368,
3.768457,DELIVER,307,,,,315392,
3.768827,DELIVER,308,,,,316416,
3.769253,DELIVER,309,,,,317440,
3.769613,DELIVER,310,,,,318464,
3.780425,DELIVER,311,,,,319488,
3.787187,DELIVER,312,,,,320512,
3.787489,DELIVER,313,,,,321536,
3.801158,DELIVER,314,,,,322560,
3.801728,DELIVER,315,,,,323584,
3.806701,GAP,317,,,,323584,expected 316
3.807273,GAP,318,,,,323584,expected 316
3.815163,GAP,319,,,,323584,expected 316
3.815506,GAP,321,,,,323584,expected 316
3.816437,GAP,322,,,,323584,expected 316
3.816921,GAP,323,,,,323584,expected 316
3.817406,GAP,324,,,,323584,expected 316
3.819650,GAP,326,,,,323584,expected 316
3.820116,GAP,327,,,,323584,expected 316
3.824904,GAP,328,,,,323584,expected 316
3.833715,GAP,329,,,,323584,expected 316
3.834349,GAP,330,,,,323584,expected 316
3.853970,DELIVER,316,,,,324608,
3.856028,DELIVER,317,,,,325632,
3.856533,DELIVER,318,,,,326656,
3.856885,DELIVER,319,,,,327680,
3.857223,DELIVER,320,,,,328704,
3.857534,DELIVER,321,,,,329728,
3.857819,DELIVER,322,,,,330752,
3.858097,DELIVER,323,,,,331776,
3.858445,DELIVER,324,,,,332800,
3.858777,DELIVER,325,,,,333824,
3.859062,DELIVER,326,,,,334848,
3.859377,DELIVER,327,,,,335872,
3.859629,DELIVER,328,,,,336896,
3.859841,DELIVER,329,,,,337920,
3.860046,DELIVER,330,,,,338944,
3.890525,DELIVER,331,,,,339968,
3.902872,DELIVER,332,,,,340992,
3.909606,DELIVER,333,,,,342016,
3.910123,DELIVER,334,,,,343040,
3.910390,DELIVER,335,,,,344064,
3.910772,DELIVER,336,,,,345088,
3.911109,DELIVER,337,,,,346112,
3.911345,DELIVER,338,,,,347136,
3.913964,DELIVER,339,,,,348160,
3.914689,DELIVER,340,,,,349184,
3.915433,DELIVER,341,,,,350208,
3.916133,DELIVER,342,,,,351232,
3.916498,DELIVER,343,,,,352256,
3.916747,DELIVER,344,,,,353280,
3.917075,DELIVER,345,,,,354304,
3.917351,DELIVER,346,,,,355328,
3.932821,DELIVER,347,,,,356352,
3.941142,DELIVER,348,,,,357376,
3.956727,GAP,350,,,,357376,expected 349
3.957348,GAP,351,,,,357376,expected 349
3.958860,GAP,352,,,,357376,expected 349
3.959183,GAP,353,,,,357376,expected 349
3.960394,GAP,354,,,,357376,expected 349
3.966333,GAP,355,,,,357376,expected 349
3.967189,GAP,356,,,,357376,expected 349
3.968239,GAP,357,,,,357376,expected 349
3.968710,GAP,358,,,,357376,expected 349
3.969267,GAP,359,,,,357376,expected 349
3.970126,GAP,360,,,,357376,expected 349
3.970480,GAP,361,,,,357376,expected 349
3.970782,GAP,362,,,,357376,expected 349
3.971085,GAP,363,,,,357376,expected 349
3.983440,GAP,364,,,,357376,expected 349
3.983778,GAP,365,,,,357376,expected 349
4.002752,DELIVER,349,,,,358400,
4.008583,DELIVER,350,,,,359424,
4.008825,DELIVER,351,,,,360448,
4.009099,DELIVER,352,,,,361472,
4.009335,DELIVER,353,,,,362496,
4.009552,DELIVER,354,,,,363520,
4.009772,DELIVER,355,,,,364544,
4.009966,DELIVER,356,,,,365568,
4.011443,DELIVER,357,,,,366592,
4.011852,GAP,359,,,,366592,expected 358
4.012088,GAP,360,,,,366592,expected 358
4.012317,GAP,361,,,,366592,expected 358
4.012627,GAP,362,,,,366592,expected 358
4.012923,GAP,363,,,,366592,expected 358
4.054603,GAP,365,,,,366592,expected 358
4.054943,GAP,366,,,,366592,expected 358
4.055222,GAP,367,,,,366592,expected 358
4.055475,GAP,368,,,,366592,expected 358
4.057220,DELIVER,358,,,,367616,
4.060383,DELIVER,359,,,,368640,
4.060657,DELIVER,360,,,,369664,
4.060913,DELIVER,361,,,,370688,
4.061116,DELIVER,362,,,,371712,
4.061463,DELIVER,363,,,,372736,
4.061757,DELIVER,364,,,,373760,
4.061969,DELIVER,365,,,,374784,
4.062168,DELIVER,366,,,,375808,
4.062365,DELIVER,367,,,,376832,
4.062560,DELIVER,368,,,,377856,
4.062776,DELIVER,369,,,,378880,
4.062975,DELIVER,370,,,,379904,
4.063169,DELIVER,371,,,,380928,
4.063363,DELIVER,372,,,,381952,
4.063556,DELIVER,373,,,,382976,
4.106529,DELIVER,374,,,,384000,
4.106811,DELIVER,375,,,,385024,
4.107063,DELIVER,376,,,,386048,
4.116628,DELIVER,377,,,,387072,
4.116840,DELIVER,378,,,,388096,
4.117039,GAP,380,,,,388096,expected 379
4.117243,GAP,381,,,,388096,expected 379
4.117444,GAP,382,,,,388096,expected 379
4.117644,GAP,383,,,,388096,expected 379
4.117846,GAP,384,,,,388096,expected 379
4.118045,GAP,385,,,,388096,expected 379
4.118245,GAP,386,,,,388096,expected 379
4.118444,GAP,387,,,,388096,expected 379
4.118645,GAP,388,,,,388096,expected 379
4.118844,GAP,389,,,,388096,expected 379
4.119043,GAP,390,,,,388096,expected 379
4.149759,GAP,391,,,,388096,expected 379
4.150061,GAP,392,,,,388096,expected 379
4.150302,GAP,393,,,,388096,expected 379
4.165305,GAP,394,,,,388096,expected 379
4.165996,DELIVER,379,,,,389120,
4.166346,DELIVER,380,,,,390144,
4.166634,DELIVER,381,,,,391168,
4.167012,DELIVER,382,,,,392192,
4.167296,DELIVER,383,,,,393216,
4.167901,DELIVER,384,,,,394240,
4.168325,DELIVER,385,,,,395264,
4.168629,DELIVER,386,,,,396288,
4.168895,DELIVER,387,,,,397312,
4.169174,DELIVER,388,,,,398336,
4.169462,DELIVER,389,,,,399360,
4.169762,DELIVER,390,,,,400384,
4.170056,DELIVER,391,,,,401408,
4.170442,DELIVER,392,,,,402432,
4.170748,DELIVER,393,,,,403456,
4.219587,DELIVER,394,,,,404480,
4.220005,DELIVER,395,,,,405504,
4.220482,DELIVER,396,,,,406528,
4.220864,DELIVER,397,,,,407552,
4.221278,GAP,399,,,,407552,expected 398
4.221712,GAP,400,,,,407552,expected 398
4.222050,GAP,401,,,,407552,expected 398
4.222547,GAP,402,,,,407552,expected 398
4.222892,GAP,404,,,,407552,expected 398
4.223192,GAP,406,,,,407552,expected 398
4.224614,GAP,407,,,,407552,expected 398
4.225068,GAP,408,,,,407552,expected 398
4.225460,GAP,409,,,,407552,expected 398
4.256322,GAP,410,,,,407552,expected 398
4.274819,DELIVER,398,,,,408576,
4.275107,DELIVER,399,,,,409600,
4.275339,DELIVER,400,,,,410624,
4.275591,DELIVER,401,,,,411648,
4.275932,DELIVER,402,,,,412672,
4.276507,DELIVER,403,,,,413696,
4.276756,DELIVER,404,,,,414720,
4.276997,DELIVER,405,,,,415744,
4.279004,DELIVER,406,,,,416768,
4.279431,DELIVER,407,,,,417792,
4.279677,DELIVER,408,,,,418816,
4.279965,DELIVER,409,,,,419840,
4.280386,GAP,411,,,,419840,expected 410
4.320700,GAP,412,,,,419840,expected 410
4.320993,GAP,413,,,,419840,expected 410
4.321286,GAP,414,,,,419840,expected 410
4.328202,GAP,415,,,,419840,expected 410
4.328819,GAP,416,,,,419840,expected 410
4.329249,GAP,417,,,,419840,expected 410
4.329589,GAP,418,,,,419840,expected 410
4.329853,GAP,419,,,,419840,expected 410
4.330110,GAP,420,,,,419840,expected 410
4.330367,GAP,421,,,,419840,expected 410
4.330619,GAP,422,,,,419840,expected 410
4.330874,GAP,423,,,,419840,expected 410
4.331127,GAP,424,,,,419840,expected 410
4.331329,DELIVER,410,,,,420864,
4.331523,DELIVER,411,,,,421888,
4.331717,DELIVER,412,,,,422912,
4.331909,DELIVER,413,,,,423936,
4.332102,GAP,415,,,,423936,expected 414
4.332302,GAP,416,,,,423936,expected 414
4.332502,GAP,417,,,,423936,expected 414
4.332702,GAP,418,,,,423936,expected 414
4.332901,GAP,419,,,,423936,expected 414
4.333101,GAP,420,,,,423936,expected 414
4.333301,GAP,421,,,,423936,expected 414
4.333499,GAP,422,,,,423936,expected 414
4.333696,GAP,423,,,,423936,expected 414
4.333894,GAP,424,,,,423936,expected 414
4.386095,DELIVER,414,,,,424960,
4.386407,DELIVER,415,,,,425984,
4.386657,DELIVER,416,,,,427008,
4.386889,DELIVER,417,,,,428032,
4.387147,DELIVER,418,,,,429056,
4.387356,DELIVER,419,,,,430080,
4.387629,DELIVER,420,,,,431104,
4.387906,DELIVER,421,,,,432128,
4.388172,DELIVER,422,,,,433152,
4.388425,DELIVER,423,,,,434176,
4.388663,DELIVER,424,,,,435200,
4.388905,DELIVER,425,,,,436224,
4.389191,DELIVER,426,,,,437248,
4.389495,DELIVER,427,,,,438272,
4.428504,DELIVER,428,,,,439296,
4.438132,DELIVER,429,,,,440320,
4.438731,DELIVER,430,,,,441344,
4.439007,DELIVER,431,,,,442368,
4.439276,GAP,433,,,,442368,expected 432
4.439635,GAP,434,,,,442368,expected 432
4.439893,GAP,435,,,,442368,expected 432
4.440180,GAP,436,,,,442368,expected 432
4.440445,GAP,437,,,,442368,expected 432
4.440691,GAP,438,,,,442368,expected 432
4.442722,GAP,439,,,,442368,expected 432
4.443224,GAP,440,,,,442368,expected 432
4.443649,GAP,441,,,,442368,expected 432
4.444142,GAP,442,,,,442368,expected 432
4.475072,GAP,443,,,,442368,expected 432
4.481583,DELIVER,432,,,,443392,
4.481926,DELIVER,433,,,,444416,
4.482238,DELIVER,434,,,,445440,
4.486378,DELIVER,435,,,,446464,
4.489801,DELIVER,436,,,,447488,
4.490083,DELIVER,437,,,,448512,
4.490374,DELIVER,438,,,,449536,
4.491175,DELIVER,439,,,,450560,
4.491451,DELIVER,440,,,,451584,
4.491679,DELIVER,441,,,,452608,
4.492013,DELIVER,442,,,,453632,
4.492361,DELIVER,443,,,,454656,
4.492565,DELIVER,444,,,,455680,
4.517025,DELIVER,445,,,,456704,
4.530325,DELIVER,446,,,,457728,
4.530649,DELIVER,447,,,,458752,
4.533080,DELIVER,448,,,,459776,
4.536183,DELIVER,449,,,,460800,
4.536602,DELIVER,450,,,,461824,
4.541458,DELIVER,451,,,,462848,
4.542079,DELIVER,452,,,,463872,
4.542442,DELIVER,453,,,,464896,
4.542790,DELIVER,454,,,,465920,
4.543117,DELIVER,455,,,,466944,
4.543402,DELIVER,456,,,,467968,
4.543659,DELIVER,457,,,,468992,
4.547175,DELIVER,458,,,,470016,
4.560675,DELIVER,459,,,,471040,
4.581282,DELIVER,460,,,,472064,
4.584831,DELIVER,461,,,,473088,
4.585581,DELIVER,462,,,,474112,
4.586227,DELIVER,463,,,,475136,
4.586641,DELIVER,464,,,,476160,
4.586993,DELIVER,465,,,,477184,
4.587380,DELIVER,466,,,,478208,
4.592538,DELIVER,467,,,,479232,
4.592987,DELIVER,468,,,,480256,
4.593393,DELIVER,469,,,,481280,
4.593772,DELIVER,470,,,,482304,
4.595715,DELIVER,471,,,,483328,
4.598027,DELIVER,472,,,,484352,
4.598366,DELIVER,473,,,,485376,
4.598733,DELIVER,474,,,,486400,
4.624222,DELIVER,475,,,,487424,
4.638205,DELIVER,476,,,,488448,
4.638650,GAP,478,,,,488448,expected 477
4.639075,GAP,479,,,,488448,expected 477
4.639429,GAP,481,,,,488448,expected 477
4.639728,GAP,482,,,,488448,expected 477
4.640020,GAP,483,,,,488448,expected 477
4.640343,GAP,484,,,,488448,expected 477
4.650620,GAP,485,,,,488448,expected 477
4.651061,GAP,486,,,,488448,expected 477
4.651377,GAP,487,,,,488448,expected 477
4.651651,GAP,488,,,,488448,expected 477
4.651959,GAP,489,,,,488448,expected 477
4.652261,GAP,490,,,,488448,expected 477
4.672338,GAP,491,,,,488448,expected 477
4.682567,DELIVER,477,,,,489472,
4.683109,DELIVER,478,,,,490496,
4.683423,GAP,480,,,,490496,expected 479
4.683705,GAP,482,,,,490496,expected 479
4.684017,GAP,483,,,,490496,expected 479
4.684319,GAP,484,,,,490496,expected 479
4.684700,GAP,485,,,,490496,expected 479
4.685261,GAP,486,,,,490496,expected 479
4.685685,GAP,487,,,,490496,expected 479
4.687051,GAP,489,,,,490496,expected 479
4.687409,GAP,490,,,,490496,expected 479
4.732731,DELIVER,479,,,,491520,
4.733349,DELIVER,480,,,,492544,
4.733697,DELIVER,481,,,,493568,
4.738298,DELIVER,482,,,,494592,
4.738652,DELIVER,483,,,,495616,
4.738886,DELIVER,484,,,,496640,
4.739182,DELIVER,485,,,,497664,
4.739457,DELIVER,486,,,,498688,
4.740458,DELIVER,487,,,,499712,
4.740767,GAP,489,,,,499712,expected 488
4.741060,GAP,490,,,,499712,expected 488
4.741406,GAP,491,,,,499712,expected 488
4.742003,GAP,492,,,,499712,expected 488
4.778864,GAP,493,,,,499712,expected 488
4.779369,GAP,494,,,,499712,expected 488
4.779682,GAP,495,,,,499712,expected 488
4.782494,GAP,496,,,,499712,expected 488
4.783038,GAP,497,,,,499712,expected 488
4.783442,GAP,498,,,,499712,expected 488
4.783723,GAP,499,,,,499712,expected 488
4.784711,DELIVER,488,,,,500736,
4.794845,DELIVER,489,,,,501760,
4.795294,DELIVER,490,,,,502784,
4.796242,DELIVER,491,,,,503808,
4.796986,GAP,493,,,,503808,expected 492
4.797433,GAP,494,,,,503808,expected 492
4.797657,GAP,495,,,,503808,expected 492
4.797905,GAP,496,,,,503808,expected 492
4.798153,GAP,497,,,,503808,expected 492
4.798430,GAP,498,,,,503808,expected 492
4.798709,GAP,499,,,,503808,expected 492
4.798950,GAP,500,,,,503808,expected 492
4.799197,GAP,501,,,,503808,expected 492
4.829215,GAP,503,,,,503808,expected 492
4.829552,GAP,504,,,,503808,expected 492
4.853230,GAP,505,,,,503808,expected 492
4.853577,GAP,506,,,,503808,expected 492
4.853897,DELIVER,492,,,,504832,
4.854250,DELIVER,493,,,,505856,
4.854559,DELIVER,494,,,,506880,
4.854903,DELIVER,495,,,,507904,
4.855240,DELIVER,496,,,,508928,
4.855595,DELIVER,497,,,,509952,
4.855992,DELIVER,498,,,,510976,
4.856335,DELIVER,499,,,,512000,
4.856618,DELIVER,500,,,,513024,
4.856884,DELIVER,501,,,,514048,
4.857150,DELIVER,502,,,,515072,
4.857392,DELIVER,503,,,,516096,
4.857741,DELIVER,504,,,,517120,
4.858036,DELIVER,505,,,,518144,
4.902826,DELIVER,506,,,,519168,
4.903139,DELIVER,507,,,,520192,
4.905188,DELIVER,508,,,,521216,
4.905554,DELIVER,509,,,,522240,
4.910081,DELIVER,510,,,,523264,
4.910513,DELIVER,511,,,,524288,
4.911629,DELIVER,512,,,,525312,
4.912385,DELIVER,513,,,,526336,
4.912774,DELIVER,514,,,,527360,
4.913104,DELIVER,515,,,,528384,
4.913505,DELIVER,516,,,,529408,
4.913863,DELIVER,517,,,,530432,
4.914218,DELIVER,518,,,,531456,
4.914470,DELIVER,519,,,,532480,
4.914750,DELIVER,520,,,,533504,
4.944551,DELIVER,521,,,,534528,
4.947382,DELIVER,522,,,,535552,
4.950171,DELIVER,523,,,,536576,
4.950594,DELIVER,524,,,,537600,
4.951005,DELIVER,525,,,,538624,
4.956221,DELIVER,526,,,,539648,
4.963226,DELIVER,527,,,,540672,
4.963744,DELIVER,528,,,,541696,
4.964299,DELIVER,529,,,,542720,
4.968864,DELIVER,530,,,,543744,
4.969257,DELIVER,531,,,,544768,
4.970209,DELIVER,532,,,,545792,
4.970578,DELIVER,533,,,,546816,
4.970804,DELIVER,534,,,,547840,
4.971022,DELIVER,535,,,,548864,
4.988721,DELIVER,536,,,,549888,
4.992624,DELIVER,537,,,,550912,
4.993033,DELIVER,538,,,,551936,
4.993416,DELIVER,539,,,,552960,
5.001241,DELIVER,540,,,,553984,
5.001680,DELIVER,541,,,,555008,
5.002005,DELIVER,542,,,,556032,
5.014898,DELIVER,543,,,,557056,
5.015580,DELIVER,544,,,,558080,
5.016143,DELIVER,545,,,,559104,
5.016715,DELIVER,546,,,,560128,
5.017055,DELIVER,547,,,,561152,
5.017464,DELIVER,548,,,,562176,
5.017777,DELIVER,549,,,,563200,
5.018036,DELIVER,550,,,,564224,
5.018291,DELIVER,551,,,,565248,
5.029594,DELIVER,552,,,,566272,
5.039953,GAP,554,,,,566272,expected 553
5.040318,GAP,555,,,,566272,expected 553
5.040685,GAP,556,,,,566272,expected 553
5.050355,GAP,557,,,,566272,expected 553
5.050910,GAP,558,,,,566272,expected 553
5.051508,GAP,559,,,,566272,expected 553
5.059697,GAP,560,,,,566272,expected 553
5.071420,GAP,561,,,,566272,expected 553
5.071762,GAP,562,,,,566272,expected 553
5.072136,GAP,563,,,,566272,expected 553
5.072475,GAP,564,,,,566272,expected 553
5.072779,GAP,565,,,,566272,expected 553
5.073083,GAP,566,,,,566272,expected 553
5.073308,GAP,567,,,,566272,expected 553
5.073540,GAP,568,,,,566272,expected 553
5.078800,GAP,569,,,,566272,expected 553
5.088537,DELIVER,553,,,,567296,
5.088845,DELIVER,554,,,,568320,
5.089123,DELIVER,555,,,,569344,
5.094714,DELIVER,556,,,,570368,
5.095238,DELIVER,557,,,,571392,
5.095548,DELIVER,558,,,,572416,
5.095928,DELIVER,559,,,,573440,
5.096290,DELIVER,560,,,,574464,
5.096606,DELIVER,561,,,,575488,
5.096873,DELIVER,562,,,,576512,
5.097123,DELIVER,563,,,,577536,
5.097371,DELIVER,564,,,,578560,
5.097621,DELIVER,565,,,,579584,
5.097869,DELIVER,566,,,,580608,
5.098112,DELIVER,567,,,,581632,
5.137235,DELIVER,568,,,,582656,
5.137577,DELIVER,569,,,,583680,
5.137855,DELIVER,570,,,,584704,
5.142063,DELIVER,571,,,,585728,
5.142545,DELIVER,572,,,,586752,
5.142888,DELIVER,573,,,,587776,
5.143940,DELIVER,574,,,,588800,
5.147477,DELIVER,575,,,,589824,
5.149085,DELIVER,576,,,,590848,
5.150148,DELIVER,577,,,,591872,
5.150519,DELIVER,578,,,,592896,
5.150824,DELIVER,579,,,,593920,
5.151105,DELIVER,580,,,,594944,
5.151401,DELIVER,581,,,,595968,
5.151683,DELIVER,582,,,,596992,
5.151917,DELIVER,583,,,,598016,
5.185709,DELIVER,584,,,,599040,
5.186184,DELIVER,585,,,,600064,
5.186570,DELIVER,586,,,,601088,
5.189319,DELIVER,587,,,,602112,
5.193113,DELIVER,588,,,,603136,
5.193548,GAP,590,,,,603136,expected 589
5.193918,GAP,591,,,,603136,expected 589
5.194572,GAP,592,,,,603136,expected 589
5.195107,GAP,593,,,,603136,expected 589
5.195890,GAP,594,,,,603136,expected 589
5.200915,GAP,595,,,,603136,expected 589
5.201496,GAP,596,,,,603136,expected 589
5.203547,GAP,597,,,,603136,expected 589
5.204161,GAP,598,,,,603136,expected 589
5.204715,GAP,599,,,,603136,expected 589
5.205086,GAP,600,,,,603136,expected 589
5.234889,GAP,601,,,,603136,expected 589
5.240606,GAP,602,,,,603136,expected 589
5.240978,GAP,603,,,,603136,expected 589
5.241277,GAP,604,,,,603136,expected 589
5.243418,GAP,606,,,,603136,expected 589
5.243787,DELIVER,589,,,,604160,
5.244633,DELIVER,590,,,,605184,
5.245005,DELIVER,591,,,,606208,
5.245343,DELIVER,592,,,,607232,
5.245748,GAP,594,,,,607232,expected 593
5.246351,GAP,596,,,,607232,expected 593
5.246998,GAP,597,,,,607232,expected 593
5.247535,GAP,599,,,,607232,expected 593
5.247820,GAP,600,,,,607232,expected 593
5.248127,GAP,601,,,,607232,expected 593
5.248447,GAP,602,,,,607232,expected 593
5.248719,GAP,603,,,,607232,expected 593
5.248982,GAP,604,,,,607232,expected 593
5.290127,DELIVER,593,,,,608256,
5.290481,DELIVER,594,,,,609280,
5.298111,DELIVER,595,,,,610304,
5.298598,DELIVER,596,,,,611328,
5.299052,DELIVER,597,,,,612352,
5.299581,DELIVER,598,,,,613376,
5.300773,DELIVER,599,,,,614400,
5.301158,DELIVER,600,,,,615424,
5.301547,DELIVER,601,,,,616448,
5.301940,DELIVER,602,,,,617472,
5.302339,DELIVER,603,,,,618496,
5.302587,DELIVER,604,,,,619520,
5.302838,DELIVER,605,,,,620544,
5.303080,DELIVER,606,,,,621568,
5.303391,DELIVER,607,,,,622592,
5.303689,DELIVER,608,,,,623616,
5.329573,DELIVER,609,,,,624640,
5.333597,DELIVER,610,,,,625664,
5.333866,DELIVER,611,,,,626688,
5.346018,DELIVER,612,,,,627712,
5.346474,DELIVER,613,,,,628736,
5.346773,DELIVER,614,,,,629760,
5.347115,DELIVER,615,,,,630784,
5.350633,DELIVER,616,,,,631808,
5.352676,DELIVER,617,,,,632832,
5.352970,DELIVER,618,,,,633856,
5.354009,DELIVER,619,,,,634880,
5.354353,DELIVER,620,,,,635904,
5.355605,DELIVER,621,,,,636928,
5.356080,DELIVER,622,,,,637952,
5.356449,DELIVER,623,,,,638976,
5.356746,DELIVER,624,,,,640000,
5.357002,DELIVER,625,,,,641024,
5.381929,DELIVER,626,,,,642048,
5.382300,DELIVER,627,,,,643072,
5.382527,DELIVER,628,,,,644096,
5.400491,DELIVER,629,,,,645120,
5.400860,DELIVER,630,,,,646144,
5.401278,DELIVER,631,,,,647168,
5.401972,DELIVER,632,,,,648192,
5.402274,DELIVER,633,,,,649216,
5.402587,DELIVER,634,,,,650240,
5.403967,DELIVER,635,,,,651264,
5.406662,DELIVER,636,,,,652288,
5.407004,DELIVER,637,,,,653312,
5.407854,DELIVER,638,,,,654336,
5.408790,DELIVER,639,,,,655360,
5.409608,DELIVER,640,,,,656384,
5.410170,DELIVER,641,,,,657408,
5.410510,DELIVER,642,,,,658432,
5.410817,DELIVER,643,,,,659456,
5.418757,DELIVER,644,,,,660480,
5.427785,DELIVER,645,,,,661504,
5.428629,DELIVER,646,,,,662528,
5.435073,DELIVER,647,,,,663552,
5.452719,DELIVER,648,,,,664576,
5.453086,DELIVER,649,,,,665600,
5.453346,DELIVER,650,,,,666624,
5.453583,DELIVER,651,,,,667648,
5.453819,DELIVER,652,,,,668672,
5.454042,DELIVER,653,,,,669696,
5.454583,DELIVER,654,,,,670720,
5.460193,DELIVER,655,,,,671744,
5.460441,DELIVER,656,,,,672768,
5.460695,DELIVER,657,,,,673792,
5.460945,GAP,659,,,,673792,expected 658
5.461206,GAP,660,,,,673792,expected 658
5.461464,GAP,661,,,,673792,expected 658
5.463902,GAP,663,,,,673792,expected 658
5.471634,GAP,664,,,,673792,expected 658
5.471989,GAP,665,,,,673792,expected 658
5.492021,GAP,666,,,,673792,expected 658
5.499794,GAP,667,,,,673792,expected 658
5.500113,GAP,668,,,,673792,expected 658
5.505905,GAP,669,,,,673792,expected 658
5.506313,GAP,670,,,,673792,expected 658
5.506618,GAP,671,,,,673792,expected 658
5.506904,GAP,672,,,,673792,expected 658
5.507192,GAP,673,,,,673792,expected 658
5.507541,DELIVER,658,,,,674816,
5.509533,DELIVER,659,,,,675840,
5.509865,DELIVER,660,,,,676864,
5.510108,DELIVER,661,,,,677888,
5.510334,DELIVER,662,,,,678912,
5.510596,DELIVER,663,,,,679936,
5.512705,DELIVER,664,,,,680960,
5.513043,DELIVER,665,,,,681984,
5.513377,DELIVER,666,,,,683008,
5.515453,GAP,668,,,,683008,expected 667
5.515944,GAP,669,,,,683008,expected 667
5.516725,GAP,670,,,,683008,expected 667
5.517193,GAP,671,,,,683008,expected 667
5.517699,GAP,672,,,,683008,expected 667
5.518039,GAP,673,,,,683008,expected 667
5.518789,GAP,674,,,,683008,expected 667
5.549199,GAP,675,,,,683008,expected 667
5.551640,GAP,676,,,,683008,expected 667
5.559371,GAP,677,,,,683008,expected 667
5.562446,GAP,678,,,,683008,expected 667
5.562750,GAP,679,,,,683008,expected 667
5.563102,GAP,680,,,,683008,expected 667
5.563419,GAP,681,,,,683008,expected 667
5.563695,GAP,682,,,,683008,expected 667
5.563954,GAP,683,,,,683008,expected 667
5.564208,GAP,684,,,,683008,expected 667
5.567424,DELIVER,667,,,,684032,
5.567683,DELIVER,668,,,,685056,
5.567930,DELIVER,669,,,,686080,
5.571182,DELIVER,670,,,,687104,
5.571443,DELIVER,671,,,,688128,
5.571694,DELIVER,672,,,,689152,
5.571973,DELIVER,673,,,,690176,
5.572230,DELIVER,674,,,,691200,
5.572503,DELIVER,675,,,,692224,
5.572760,DELIVER,676,,,,693248,
5.573010,DELIVER,677,,,,694272,
5.573253,DELIVER,678,,,,695296,
5.574015,GAP,680,,,,695296,expected 679
5.574278,GAP,681,,,,695296,expected 679
5.574534,GAP,682,,,,695296,expected 679
5.574791,GAP,683,,,,695296,expected 679
5.575045,GAP,684,,,,695296,expected 679
5.618718,GAP,685,,,,695296,expected 679
5.619106,GAP,686,,,,695296,expected 679
5.619709,GAP,687,,,,695296,expected 679
5.619984,GAP,688,,,,695296,expected 679
5.620281,GAP,689,,,,695296,expected 679
5.620593,GAP,690,,,,695296,expected 679
5.620915,GAP,691,,,,695296,expected 679
5.621192,GAP,692,,,,695296,expected 679
5.621450,GAP,693,,,,695296,expected 679
5.621709,DELIVER,679,,,,696320,
5.621959,DELIVER,680,,,,697344,
5.622207,DELIVER,681,,,,698368,
5.622455,DELIVER,682,,,,699392,
5.625290,DELIVER,683,,,,700416,
5.625510,DELIVER,684,,,,701440,
5.625706,DELIVER,685,,,,702464,
5.625901,DELIVER,686,,,,703488,
5.626096,DELIVER,687,,,,704512,
5.626292,DELIVER,688,,,,705536,
5.626487,DELIVER,689,,,,706560,
5.626681,DELIVER,690,,,,707584,
5.626879,DELIVER,691,,,,708608,
5.627073,DELIVER,692,,,,709632,
5.627264,DELIVER,693,,,,710656,
5.627458,DELIVER,694,,,,711680,
5.667923,DELIVER,695,,,,712704,
5.673923,DELIVER,696,,,,713728,
5.674368,GAP,698,,,,713728,expected 697
5.674747,GAP,699,,,,713728,expected 697
5.678262,GAP,700,,,,713728,expected 697
5.678695,GAP,701,,,,713728,expected 697
5.679046,GAP,702,,,,713728,expected 697
5.679490,GAP,704,,,,713728,expected 697
5.679927,GAP,705,,,,713728,expected 697
5.680209,GAP,707,,,,713728,expected 697
5.680498,GAP,708,,,,713728,expected 697
5.681187,GAP,709,,,,713728,expected 697
5.710652,GAP,711,,,,713728,expected 697
5.711497,GAP,712,,,,713728,expected 697
5.720033,DELIVER,697,,,,714752,
5.725296,GAP,699,,,,714752,expected 698
5.725691,GAP,700,,,,714752,expected 698
5.726077,GAP,701,,,,714752,expected 698
5.726495,GAP,702,,,,714752,expected 698
5.726836,GAP,703,,,,714752,expected 698
5.727116,GAP,704,,,,714752,expected 698
5.727395,GAP,705,,,,714752,expected 698
5.727936,GAP,706,,,,714752,expected 698
5.728268,GAP,707,,,,714752,expected 698
5.728596,GAP,708,,,,714752,expected 698
5.728830,GAP,709,,,,714752,expected 698
5.729144,GAP,710,,,,714752,expected 698
5.729431,GAP,711,,,,714752,expected 698
5.762257,GAP,712,,,,714752,expected 698
5.772537,DELIVER,698,,,,715776,
5.772888,DELIVER,699,,,,716800,
5.773178,DELIVER,700,,,,717824,
5.773739,DELIVER,701,,,,718848,
5.774127,DELIVER,702,,,,719872,
5.774401,DELIVER,703,,,,720896,
5.774702,DELIVER,704,,,,721920,
5.775094,DELIVER,705,,,,722944,
5.776404,DELIVER,706,,,,723968,
5.776719,DELIVER,707,,,,724992,
5.776997,DELIVER,708,,,,726016,
5.777290,DELIVER,709,,,,727040,
5.777666,DELIVER,710,,,,728064,
5.778062,DELIVER,711,,,,729088,
5.778326,DELIVER,712,,,,730112,
5.814709,GAP,714,,,,730112,expected 713
5.817784,GAP,715,,,,730112,expected 713
5.818249,GAP,716,,,,730112,expected 713
5.821278,GAP,717,,,,730112,expected 713
5.821697,GAP,718,,,,730112,expected 713
5.822398,GAP,719,,,,730112,expected 713
5.827860,GAP,720,,,,730112,expected 713
5.828263,GAP,721,,,,730112,expected 713
5.831968,GAP,722,,,,730112,expected 713
5.832246,GAP,723,,,,730112,expected 713
5.832839,GAP,724,,,,730112,expected 713
5.833111,GAP,725,,,,730112,expected 713
5.833389,GAP,726,,,,730112,expected 713
5.833599,GAP,727,,,,730112,expected 713
5.834060,GAP,728,,,,730112,expected 713
5.847793,DELIVER,713,,,,731136,
5.850032,DELIVER,714,,,,732160,
5.850888,DELIVER,715,,,,733184,
5.862074,DELIVER,716,,,,734208,
5.862389,DELIVER,717,,,,735232,
5.863335,DELIVER,718,,,,736256,
5.863667,DELIVER,719,,,,737280,
5.864233,DELIVER,720,,,,738304,
5.864721,DELIVER,721,,,,739328,
5.865140,DELIVER,722,,,,740352,
5.865459,DELIVER,723,,,,741376,
5.865825,DELIVER,724,,,,742400,
5.866413,DELIVER,725,,,,743424,
5.866788,DELIVER,726,,,,744448,
5.890182,DELIVER,727,,,,745472,
5.901156,DELIVER,728,,,,746496,
5.901454,DELIVER,729,,,,747520,
5.901698,DELIVER,730,,,,748544,
5.904837,DELIVER,731,,,,749568,
5.905114,GAP,733,,,,749568,expected 732
5.912785,GAP,734,,,,749568,expected 732
5.913388,GAP,735,,,,749568,expected 732
5.913613,GAP,736,,,,749568,expected 732
5.914812,GAP,737,,,,749568,expected 732
5.915094,GAP,738,,,,749568,expected 732
5.915332,GAP,739,,,,749568,expected 732
5.915661,GAP,740,,,,749568,expected 732
5.916033,GAP,741,,,,749568,expected 732
5.934823,GAP,742,,,,749568,expected 732
5.946190,GAP,743,,,,749568,expected 732
5.946537,GAP,744,,,,749568,expected 732
5.946876,GAP,745,,,,749568,expected 732
5.947211,GAP,746,,,,749568,expected 732
5.947516,GAP,747,,,,749568,expected 732
5.949539,DELIVER,732,,,,750592,
5.956912,DELIVER,733,,,,751616,
5.957447,DELIVER,734,,,,752640,
5.957695,DELIVER,735,,,,753664,
5.957956,DELIVER,736,,,,754688,
5.958307,DELIVER,737,,,,755712,
5.958559,DELIVER,738,,,,756736,
5.958852,DELIVER,739,,,,757760,
5.959155,DELIVER,740,,,,758784,
5.959412,DELIVER,741,,,,759808,
5.959664,DELIVER,742,,,,760832,
5.959912,DELIVER,743,,,,761856,
5.960159,DELIVER,744,,,,762880,
5.960407,DELIVER,745,,,,763904,
5.989614,DELIVER,746,,,,764928,
6.000049,DELIVER,747,,,,765952,
6.001158,DELIVER,748,,,,766976,
6.016186,DELIVER,749,,,,768000,
6.016460,DELIVER,750,,,,769024,
6.016712,DELIVER,751,,,,770048,
6.016947,DELIVER,752,,,,771072,
6.017152,DELIVER,753,,,,772096,
6.017381,DELIVER,754,,,,773120,
6.017624,DELIVER,755,,,,774144,
6.017876,DELIVER,756,,,,775168,
6.018080,DELIVER,757,,,,776192,
6.018277,DELIVER,758,,,,777216,
6.018479,DELIVER,759,,,,778240,
6.018708,DELIVER,760,,,,779264,
6.034655,DELIVER,761,,,,780288,
6.038728,DELIVER,762,,,,781312,
6.040953,DELIVER,763,,,,782336,
6.054243,DELIVER,764,,,,783360,
6.056927,DELIVER,765,,,,784384,
6.057548,DELIVER,766,,,,785408,
6.067598,DELIVER,767,,,,786432,
6.067847,GAP,769,,,,786432,expected 768
6.068133,GAP,770,,,,786432,expected 768
6.069346,GAP,771,,,,786432,expected 768
6.074981,GAP,772,,,,786432,expected 768
6.075276,GAP,773,,,,786432,expected 768
6.075512,GAP,774,,,,786432,expected 768
6.082929,GAP,775,,,,786432,expected 768
6.083302,GAP,776,,,,786432,expected 768
6.090440,GAP,778,,,,786432,expected 768
6.090833,GAP,779,,,,786432,expected 768
6.101785,GAP,780,,,,786432,expected 768
6.120314,GAP,781,,,,786432,expected 768
6.120716,GAP,782,,,,786432,expected 768
6.120980,GAP,783,,,,786432,expected 768
6.121354,DELIVER,768,,,,787456,
6.121586,DELIVER,769,,,,788480,
6.121798,DELIVER,770,,,,789504,
6.122012,DELIVER,771,,,,790528,
6.122316,DELIVER,772,,,,791552,
6.122440,DELIVER,773,,,,792576,
6.122557,DELIVER,774,,,,793600,
6.122665,DELIVER,775,,,,794624,
6.126365,DELIVER,776,,,,795648,
6.127088,DELIVER,777,,,,796672,
6.127997,DELIVER,778,,,,797696,
6.128111,DELIVER,779,,,,798720,
6.128219,DELIVER,780,,,,799744,
6.128325,DELIVER,781,,,,800768,
6.176412,DELIVER,782,,,,801792,
6.176766,DELIVER,783,,,,802816,
6.177034,DELIVER,784,,,,803840,
6.177320,DELIVER,785,,,,804864,
6.184662,DELIVER,786,,,,805888,
6.185381,DELIVER,787,,,,806912,
6.185708,GAP,789,,,,806912,expected 788
6.186011,GAP,790,,,,806912,expected 788
6.186298,GAP,791,,,,806912,expected 788
6.186585,GAP,792,,,,806912,expected 788
6.186882,GAP,793,,,,806912,expected 788
6.187164,GAP,794,,,,806912,expected 788
6.187448,GAP,795,,,,806912,expected 788
6.187728,GAP,796,,,,806912,expected 788
6.218523,GAP,797,,,,806912,expected 788
6.218731,GAP,798,,,,806912,expected 788
6.233726,DELIVER,788,,,,807936,
6.234044,DELIVER,789,,,,808960,
6.234271,DELIVER,790,,,,809984,
6.234476,DELIVER,791,,,,811008,
6.234707,DELIVER,792,,,,812032,
6.234935,DELIVER,793,,,,813056,
6.235155,DELIVER,794,,,,814080,
6.235375,DELIVER,795,,,,815104,
6.235602,DELIVER,796,,,,816128,
6.235886,DELIVER,797,,,,817152,
6.237713,DELIVER,798,,,,818176,
6.237956,DELIVER,799,,,,819200,
6.238163,DELIVER,800,,,,820224,
6.272451,GAP,802,,,,820224,expected 801
6.283639,GAP,803,,,,820224,expected 801
6.283948,GAP,804,,,,820224,expected 801
6.284212,GAP,805,,,,820224,expected 801
6.285501,GAP,806,,,,820224,expected 801
6.289705,GAP,807,,,,820224,expected 801
6.290125,GAP,808,,,,820224,expected 801
6.290534,GAP,809,,,,820224,expected 801
6.290765,GAP,810,,,,820224,expected 801
6.291019,GAP,811,,,,820224,expected 801
6.295689,GAP,812,,,,820224,expected 801
6.296231,GAP,813,,,,820224,expected 801
6.296524,GAP,814,,,,820224,expected 801
6.296799,GAP,815,,,,820224,expected 801
6.317529,DELIVER,801,,,,821248,
6.317862,DELIVER,802,,,,822272,
6.318185,DELIVER,803,,,,823296,
6.318448,DELIVER,804,,,,824320,
6.318700,DELIVER,805,,,,825344,
6.318950,DELIVER,806,,,,826368,
6.319189,DELIVER,807,,,,827392,
6.319384,DELIVER,808,,,,828416,
6.319578,DELIVER,809,,,,829440,
6.319787,DELIVER,810,,,,830464,
6.319982,DELIVER,811,,,,831488,
6.320175,DELIVER,812,,,,832512,
6.320367,DELIVER,813,,,,833536,
6.356141,GAP,815,,,,833536,expected 814
6.363513,GAP,816,,,,833536,expected 814
6.368647,GAP,818,,,,833536,expected 814
6.369062,GAP,819,,,,833536,expected 814
6.374269,GAP,820,,,,833536,expected 814
6.374586,GAP,821,,,,833536,expected 814
6.374854,GAP,822,,,,833536,expected 814
6.375134,GAP,823,,,,833536,expected 814
6.375404,GAP,824,,,,833536,expected 814
6.375715,GAP,825,,,,833536,expected 814
6.376118,GAP,826,,,,833536,expected 814
6.376459,GAP,827,,,,833536,expected 814
6.415249,DELIVER,814,,,,834560,
6.415757,DELIVER,815,,,,835584,
6.416096,DELIVER,816,,,,836608,
6.416339,DELIVER,817,,,,837632,
6.416566,DELIVER,818,,,,838656,
6.416766,DELIVER,819,,,,839680,
6.417001,DELIVER,820,,,,840704,
6.417371,GAP,822,,,,840704,expected 821
6.417820,GAP,823,,,,840704,expected 821
6.418094,GAP,824,,,,840704,expected 821
6.418382,GAP,825,,,,840704,expected 821
6.418620,GAP,826,,,,840704,expected 821
6.418907,GAP,827,,,,840704,expected 821
6.465948,GAP,828,,,,840704,expected 821
6.466384,DELIVER,821,,,,841728,
6.466611,DELIVER,822,,,,842752,
6.466858,DELIVER,823,,,,843776,
6.469926,DELIVER,824,,,,844800,
6.470228,DELIVER,825,,,,845824,
6.470470,DELIVER,826,,,,846848,
6.471796,DELIVER,827,,,,847872,
6.472062,DELIVER,828,,,,848896,
6.472512,DELIVER,829,,,,849920,
6.473027,DELIVER,830,,,,850944,
6.473299,DELIVER,831,,,,851968,
6.473552,DELIVER,832,,,,852992,
6.473793,DELIVER,833,,,,854016,
6.510958,DELIVER,834,,,,855040,
6.518586,DELIVER,835,,,,856064,
6.519204,DELIVER,836,,,,857088,
6.519462,DELIVER,837,,,,858112,
6.519723,DELIVER,838,,,,859136,
6.519996,DELIVER,839,,,,860160,
6.520260,DELIVER,840,,,,861184,
6.525410,DELIVER,841,,,,862208,
6.525708,DELIVER,842,,,,863232,
6.525977,DELIVER,843,,,,864256,
6.526247,DELIVER,844,,,,865280,
6.526539,DELIVER,845,,,,866304,
6.526744,DELIVER,846,,,,867328,
6.529248,DELIVER,847,,,,868352,
6.566399,DELIVER,848,,,,869376,
6.566608,DELIVER,849,,,,870400,
6.566907,DELIVER,850,,,,871424,
6.570826,DELIVER,851,,,,872448,
6.577876,DELIVER,852,,,,873472,
6.581895,DELIVER,853,,,,874496,
6.582258,DELIVER,854,,,,875520,
6.582519,DELIVER,855,,,,876544,
6.582700,DELIVER,856,,,,877568,
6.582862,DELIVER,857,,,,878592,
6.583024,DELIVER,858,,,,879616,
6.583185,DELIVER,859,,,,880640,
6.583344,DELIVER,860,,,,881664,
6.583502,DELIVER,861,,,,882688,
6.583662,DELIVER,862,,,,883712,
6.610232,DELIVER,863,,,,884736,
6.623738,DELIVER,864,,,,885760,
6.624012,DELIVER,865,,,,886784,
6.624252,DELIVER,866,,,,887808,
6.624701,DELIVER,867,,,,888832,
6.632013,DELIVER,868,,,,889856,
6.632713,DELIVER,869,,,,890880,
6.632949,DELIVER,870,,,,891904,
6.634838,DELIVER,871,,,,892928,
6.635218,DELIVER,872,,,,893952,
6.635450,DELIVER,873,,,,894976,
6.635663,DELIVER,874,,,,896000,
6.635914,DELIVER,875,,,,897024,
6.636109,DELIVER,876,,,,898048,
6.636355,DELIVER,877,,,,899072,
6.636582,DELIVER,878,,,,900096,
6.657591,DELIVER,879,,,,901120,
6.670684,DELIVER,880,,,,902144,
6.671067,DELIVER,881,,,,903168,
6.677128,DELIVER,882,,,,904192,
6.679699,DELIVER,883,,,,905216,
6.684149,GAP,885,,,,905216,expected 884
6.684537,GAP,887,,,,905216,expected 884
6.684848,GAP,888,,,,905216,expected 884
6.688641,GAP,890,,,,905216,expected 884
6.689320,GAP,891,,,,905216,expected 884
6.689664,GAP,892,,,,905216,expected 884
6.689948,GAP,893,,,,905216,expected 884
6.690505,GAP,894,,,,905216,expected 884
6.691048,GAP,895,,,,905216,expected 884
6.692223,GAP,896,,,,905216,expected 884
6.716906,GAP,897,,,,905216,expected 884
6.717350,GAP,898,,,,905216,expected 884
6.724883,GAP,899,,,,905216,expected 884
6.732864,GAP,900,,,,905216,expected 884
6.734016,DELIVER,884,,,,906240,
6.734619,DELIVER,885,,,,907264,
6.735232,DELIVER,886,,,,908288,
6.735654,DELIVER,887,,,,909312,
6.736054,DELIVER,888,,,,910336,
6.736324,DELIVER,889,,,,911360,
6.736622,DELIVER,890,,,,912384,
6.736911,DELIVER,891,,,,913408,
6.737179,DELIVER,892,,,,914432,
6.737489,DELIVER,893,,,,915456,
6.737754,DELIVER,894,,,,916480,
6.737984,DELIVER,895,,,,917504,
6.738410,DELIVER,896,,,,918528,
6.738667,GAP,898,,,,918528,expected 897
6.774116,GAP,899,,,,918528,expected 897
6.784185,GAP,900,,,,918528,expected 897
6.784456,GAP,901,,,,918528,expected 897
6.784688,GAP,902,,,,918528,expected 897
6.784912,GAP,903,,,,918528,expected 897
6.787919,GAP,904,,,,918528,expected 897
6.788208,GAP,905,,,,918528,expected 897
6.788490,GAP,906,,,,918528,expected 897
6.793238,DELIVER,897,,,,919552,
6.793499,DELIVER,898,,,,920576,
6.793750,DELIVER,899,,,,921600,
6.794096,DELIVER,900,,,,922624,
6.794341,DELIVER,901,,,,923648,
6.794588,DELIVER,902,,,,924672,
6.794844,DELIVER,903,,,,925696,
6.795093,DELIVER,904,,,,926720,
6.795342,DELIVER,905,,,,927744,
6.795590,DELIVER,906,,,,928768,
6.795842,DELIVER,907,,,,929792,
6.796109,DELIVER,908,,,,930816,
6.797696,DELIVER,909,,,,931840,
6.797961,DELIVER,910,,,,932864,
6.798211,DELIVER,911,,,,933888,
6.798459,DELIVER,912,,,,934912,
6.842536,DELIVER,913,,,,935936,
6.842894,DELIVER,914,,,,936960,
6.843116,DELIVER,915,,,,937984,
6.843340,DELIVER,916,,,,939008,
6.843588,DELIVER,917,,,,940032,
6.845396,DELIVER,918,,,,941056,
6.847941,DELIVER,919,,,,942080,
6.848369,DELIVER,920,,,,943104,
6.850699,DELIVER,921,,,,944128,
6.851020,DELIVER,922,,,,945152,
6.851260,DELIVER,923,,,,946176,
6.851512,DELIVER,924,,,,947200,
6.851874,DELIVER,925,,,,948224,
6.852225,DELIVER,926,,,,949248,
6.852646,DELIVER,927,,,,950272,
6.852883,DELIVER,928,,,,951296,
6.853107,DELIVER,929,,,,952320,
6.884096,DELIVER,930,,,,953344,
6.900168,GAP,932,,,,953344,expected 931
6.900466,GAP,933,,,,953344,expected 931
6.900702,GAP,934,,,,953344,expected 931
6.900944,GAP,935,,,,953344,expected 931
6.901178,GAP,936,,,,953344,expected 931
6.901391,GAP,937,,,,953344,expected 931
6.901660,GAP,938,,,,953344,expected 931
6.902763,GAP,940,,,,953344,expected 931
6.903081,GAP,941,,,,953344,expected 931
6.903384,GAP,942,,,,953344,expected 931
6.904445,GAP,943,,,,953344,expected 931
6.904722,GAP,944,,,,953344,expected 931
6.905300,GAP,945,,,,953344,expected 931
6.905556,GAP,946,,,,953344,expected 931
6.905783,GAP,947,,,,953344,expected 931
6.928478,GAP,948,,,,953344,expected 931
6.947242,DELIVER,931,,,,954368,
6.947622,DELIVER,932,,,,955392,
6.953541,DELIVER,933,,,,956416,
6.953892,DELIVER,934,,,,957440,
6.954097,DELIVER,935,,,,958464,
6.954321,DELIVER,936,,,,959488,
6.954561,DELIVER,937,,,,960512,
6.954805,DELIVER,938,,,,961536,
6.955089,DELIVER,939,,,,962560,
6.955329,DELIVER,940,,,,963584,
6.955558,DELIVER,941,,,,964608,
6.955787,DELIVER,942,,,,965632,
6.956028,DELIVER,943,,,,966656,
6.956359,DELIVER,944,,,,967680,
6.956648,DELIVER,945,,,,968704,
6.956902,DELIVER,946,,,,969728,
6.986189,DELIVER,947,,,,970752,
6.989382,DELIVER,948,,,,971776,
6.989855,DELIVER,949,,,,972800,
6.990076,DELIVER,950,,,,973824,
6.997460,DELIVER,951,,,,974848,
7.000025,GAP,953,,,,974848,expected 952
7.000446,GAP,954,,,,974848,expected 952
7.009301,GAP,955,,,,974848,expected 952
7.009669,GAP,956,,,,974848,expected 952
7.009890,GAP,957,,,,974848,expected 952
7.010113,GAP,958,,,,974848,expected 952
7.012508,GAP,959,,,,974848,expected 952
7.012841,GAP,960,,,,974848,expected 952
7.013203,GAP,961,,,,974848,expected 952
7.013455,GAP,962,,,,974848,expected 952
7.013812,GAP,963,,,,974848,expected 952
7.028712,GAP,964,,,,974848,expected 952
7.037197,GAP,965,,,,974848,expected 952
7.037564,GAP,966,,,,974848,expected 952
7.037868,GAP,967,,,,974848,expected 952
7.047291,DELIVER,952,,,,975872,
7.047613,DELIVER,953,,,,976896,
7.049948,DELIVER,954,,,,977920,
7.050466,DELIVER,955,,,,978944,
7.051526,DELIVER,956,,,,979968,
7.051793,DELIVER,957,,,,980992,
7.052057,DELIVER,958,,,,982016,
7.052320,DELIVER,959,,,,983040,
7.052565,DELIVER,960,,,,984064,
7.052786,DELIVER,961,,,,985088,
7.053015,DELIVER,962,,,,986112,
7.053232,DELIVER,963,,,,987136,
7.053516,DELIVER,964,,,,988160,
7.053966,DELIVER,965,,,,989184,
7.054346,DELIVER,966,,,,990208,
7.087706,DELIVER,967,,,,991232,
7.095820,DELIVER,968,,,,992256,
7.101108,DELIVER,969,,,,993280,
7.101404,DELIVER,970,,,,994304,
7.101661,DELIVER,971,,,,995328,
7.101914,DELIVER,972,,,,996352,
7.102180,DELIVER,973,,,,997376,
7.102400,DELIVER,974,,,,998400,
7.102622,DELIVER,975,,,,999424,
7.105661,DELIVER,976,,,,1000448,
7.105959,DELIVER,977,,,,1001472,
7.106194,DELIVER,978,,,,1002496,
7.106425,DELIVER,979,,,,1003520,
7.106672,DELIVER,980,,,,1004544,
7.106923,DELIVER,981,,,,1005568,
7.109923,DELIVER,982,,,,1006592,
7.133826,DELIVER,983,,,,1007616,
7.140095,DELIVER,984,,,,1008640,
7.151662,DELIVER,985,,,,1009664,
7.158400,DELIVER,986,,,,1010688,
7.158680,DELIVER,987,,,,1011712,
7.158946,DELIVER,988,,,,1012736,
7.159178,DELIVER,989,,,,1013760,
7.159401,DELIVER,990,,,,1014784,
7.159606,DELIVER,991,,,,1015808,
7.159846,DELIVER,992,,,,1016832,
7.160045,DELIVER,993,,,,1017856,
7.160259,DELIVER,994,,,,1018880,
7.160516,DELIVER,995,,,,1019904,
7.160877,DELIVER,996,,,,1020928,
7.161322,GAP,998,,,,1020928,expected 997
7.161710,GAP,999,,,,1020928,expected 997
7.177016,GAP,1000,,,,1020928,expected 997
7.181585,GAP,1001,,,,1020928,expected 997
7.200551,GAP,1002,,,,1020928,expected 997
7.200879,GAP,1003,,,,1020928,expected 997
7.201118,GAP,1004,,,,1020928,expected 997
7.206738,GAP,1005,,,,1020928,expected 997
7.207039,GAP,1006,,,,1020928,expected 997
7.207321,GAP,1007,,,,1020928,expected 997
7.207570,GAP,1008,,,,1020928,expected 997
7.213152,GAP,1009,,,,1020928,expected 997
7.213667,GAP,1010,,,,1020928,expected 997
7.213937,GAP,1011,,,,1020928,expected 997
7.214194,GAP,1012,,,,1020928,expected 997
7.214567,GAP,998,,,,1020928,expected 997
7.214842,GAP,999,,,,1020928,expected 997
7.215080,GAP,1000,,,,1020928,expected 997
7.215636,GAP,1001,,,,1020928,expected 997
7.216085,GAP,1002,,,,1020928,expected 997
7.216355,GAP,1003,,,,1020928,expected 997
7.216612,GAP,1004,,,,1020928,expected 997
7.216848,GAP,1005,,,,1020928,expected 997
7.217082,GAP,1006,,,,1020928,expected 997
7.217309,GAP,1007,,,,1020928,expected 997
7.217542,GAP,1008,,,,1020928,expected 997
7.217791,GAP,1009,,,,1020928,expected 997
7.218008,GAP,1010,,,,1020928,expected 997
7.218211,GAP,1011,,,,1020928,expected 997
7.218468,GAP,1012,,,,1020928,expected 997
7.416023,DELIVER,997,,,,1021952,
7.416430,DELIVER,998,,,,1022976,
7.416940,DELIVER,999,,,,1024000,
7.417297,DELIVER,1000,,,,1025024,
7.417655,DELIVER,1001,,,,1026048,
7.418039,DELIVER,1002,,,,1027072,
7.418402,DELIVER,1003,,,,1028096,
7.418773,DELIVER,1004,,,,1029120,
7.419216,DELIVER,1005,,,,1030144,
7.419653,GAP,1007,,,,1030144,expected 1006
7.420362,GAP,1008,,,,1030144,expected 1006
7.420718,GAP,1009,,,,1030144,expected 1006
7.421118,GAP,1010,,,,1030144,expected 1006
7.421577,GAP,1011,,,,1030144,expected 1006
7.421944,GAP,1012,,,,1030144,expected 1006
7.473839,DELIVER,1006,,,,1031168,
7.474203,DELIVER,1007,,,,1032192,
7.474488,DELIVER,1008,,,,1033216,
7.474756,DELIVER,1009,,,,1034240,
7.475076,DELIVER,1010,,,,1035264,
7.475532,DELIVER,1011,,,,1036288,
7.475908,DELIVER,1012,,,,1037312,
7.477535,DELIVER,1013,,,,1038336,
7.478094,DELIVER,1014,,,,1039360,
7.478878,DELIVER,1015,,,,1040384,
7.479172,DELIVER,1016,,,,1041408,
7.479491,DELIVER,1017,,,,1042432,
7.479892,DELIVER,1018,,,,1043456,
7.480198,DELIVER,1019,,,,1044480,
7.480478,DELIVER,1020,,,,1045504,
7.481034,DELIVER,1021,,,,1046528,
7.533310,DELIVER,1022,,,,1047552,
7.533709,DELIVER,1023,,,,1048576,
7.534349,DELIVER,1024,,,,1049600,
7.534813,DELIVER,1025,,,,1050624,
7.535097,DELIVER,1026,,,,1051648,
7.535301,DELIVER,1027,,,,1052672,
7.535571,GAP,1029,,,,1052672,expected 1028
7.535859,GAP,1030,,,,1052672,expected 1028
7.536207,GAP,1031,,,,1052672,expected 1028
7.536580,GAP,1032,,,,1052672,expected 1028
7.536885,GAP,1033,,,,1052672,expected 1028
7.537255,GAP,1034,,,,1052672,expected 1028
7.537558,GAP,1035,,,,1052672,expected 1028
7.537876,GAP,1036,,,,1052672,expected 1028
7.538173,GAP,1037,,,,1052672,expected 1028
7.538394,GAP,1038,,,,1052672,expected 1028
7.577721,DELIVER,1028,,,,1053696,
7.577967,DELIVER,1029,,,,1054720,
7.579154,DELIVER,1030,,,,1055744,
7.580322,DELIVER,1031,,,,1056768,
7.582019,DELIVER,1032,,,,1057792,
7.582188,DELIVER,1033,,,,1058816,
7.582353,DELIVER,1034,,,,1059840,
7.582515,DELIVER,1035,,,,1060864,
7.582677,DELIVER,1036,,,,1061888,
7.582838,DELIVER,1037,,,,1062912,
7.583195,DELIVER,1038,,,,1063936,
7.583360,DELIVER,1039,,,,1064960,
7.583524,DELIVER,1040,,,,1065984,
7.583685,DELIVER,1041,,,,1067008,
7.583848,DELIVER,1042,,,,1068032,
7.626060,DELIVER,1043,,,,1069056,
7.631079,DELIVER,1044,,,,1070080,
7.631880,DELIVER,1045,,,,1071104,
7.632139,DELIVER,1046,,,,1072128,
7.632383,DELIVER,1047,,,,1073152,
7.632973,DELIVER,1048,,,,1074176,
7.633255,DELIVER,1049,,,,1075200,
7.633512,DELIVER,1050,,,,1076224,
7.633762,DELIVER,1051,,,,1077248,
7.634011,DELIVER,1052,,,,1078272,
7.634259,DELIVER,1053,,,,1079296,
7.634561,DELIVER,1054,,,,1080320,
7.634761,DELIVER,1055,,,,1081344,
7.634955,DELIVER,1056,,,,1082368,
7.635152,DELIVER,1057,,,,1083392,
7.636645,DELIVER,1058,,,,1084416,
7.683507,DELIVER,1059,,,,1085440,
7.684033,GAP,1061,,,,1085440,expected 1060
7.684501,GAP,1062,,,,1085440,expected 1060
7.685073,GAP,1063,,,,1085440,expected 1060
7.685480,GAP,1064,,,,1085440,expected 1060
7.685867,GAP,1065,,,,1085440,expected 1060
7.686198,GAP,1066,,,,1085440,expected 1060
7.686427,GAP,1067,,,,1085440,expected 1060
7.686725,GAP,1068,,,,1085440,expected 1060
7.686995,GAP,1069,,,,1085440,expected 1060
7.687273,GAP,1070,,,,1085440,expected 1060
7.687524,GAP,1071,,,,1085440,expected 1060
7.690056,GAP,1073,,,,1085440,expected 1060
7.690352,GAP,1074,,,,1085440,expected 1060
7.690636,GAP,1075,,,,1085440,expected 1060
7.722615,GAP,1061,,,,1085440,expected 1060
7.728844,GAP,1062,,,,1085440,expected 1060
7.729431,GAP,1063,,,,1085440,expected 1060
7.729881,GAP,1064,,,,1085440,expected 1060
7.731595,GAP,1065,,,,1085440,expected 1060
7.731975,GAP,1066,,,,1085440,expected 1060
7.732259,GAP,1067,,,,1085440,expected 1060
7.732552,GAP,1068,,,,1085440,expected 1060
7.732859,GAP,1069,,,,1085440,expected 1060
7.733157,GAP,1070,,,,1085440,expected 1060
7.733543,GAP,1071,,,,1085440,expected 1060
7.733894,GAP,1072,,,,1085440,expected 1060
7.734209,GAP,1073,,,,1085440,expected 1060
7.734500,GAP,1074,,,,1085440,expected 1060
7.924640,DELIVER,1060,,,,1086464,
7.929432,GAP,1062,,,,1086464,expected 1061
7.932556,GAP,1063,,,,1086464,expected 1061
7.933455,GAP,1065,,,,1086464,expected 1061
7.933947,GAP,1066,,,,1086464,expected 1061
7.934320,GAP,1067,,,,1086464,expected 1061
7.934581,GAP,1068,,,,1086464,expected 1061
7.934828,GAP,1069,,,,1086464,expected 1061
7.935083,GAP,1070,,,,1086464,expected 1061
7.935330,GAP,1072,,,,1086464,expected 1061
7.935574,GAP,1073,,,,1086464,expected 1061
7.935837,GAP,1074,,,,1086464,expected 1061
7.980263,GAP,1075,,,,1086464,expected 1061
7.985241,DELIVER,1061,,,,1087488,
7.985625,DELIVER,1062,,,,1088512,
7.985922,DELIVER,1063,,,,1089536,
7.986250,DELIVER,1064,,,,1090560,
7.986639,DELIVER,1065,,,,1091584,
7.989241,DELIVER,1066,,,,1092608,
7.989560,DELIVER,1067,,,,1093632,
7.989772,DELIVER,1068,,,,1094656,
7.990037,DELIVER,1069,,,,1095680,
7.990281,DELIVER,1070,,,,1096704,
7.990526,DELIVER,1071,,,,1097728,
7.990751,DELIVER,1072,,,,1098752,
7.990970,DELIVER,1073,,,,1099776,
7.991167,DELIVER,1074,,,,1100800,
7.991429,DELIVER,1075,,,,1101824,
8.022400,DELIVER,1076,,,,1102848,
8.030745,DELIVER,1077,,,,1103872,
8.034497,DELIVER,1078,,,,1104896,
8.040637,DELIVER,1079,,,,1105920,
8.041039,DELIVER,1080,,,,1106944,
8.041296,DELIVER,1081,,,,1107968,
8.042029,DELIVER,1082,,,,1108992,
8.049073,DELIVER,1083,,,,1110016,
8.049464,DELIVER,1084,,,,1111040,
8.049733,DELIVER,1085,,,,1112064,
8.049992,DELIVER,1086,,,,1113088,
8.050244,DELIVER,1087,,,,1114112,
8.050494,DELIVER,1088,,,,1115136,
8.050744,DELIVER,1089,,,,1116160,
8.050950,DELIVER,1090,,,,1117184,
8.074693,GAP,1092,,,,1117184,expected 1091
8.075002,GAP,1093,,,,1117184,expected 1091
8.080924,GAP,1094,,,,1117184,expected 1091
8.083021,GAP,1095,,,,1117184,expected 1091
8.090049,GAP,1096,,,,1117184,expected 1091
8.090500,GAP,1097,,,,1117184,expected 1091
8.090785,GAP,1098,,,,1117184,expected 1091
8.091212,GAP,1099,,,,1117184,expected 1091
8.091528,GAP,1100,,,,1117184,expected 1091
8.092068,GAP,1101,,,,1117184,expected 1091
8.092440,GAP,1102,,,,1117184,expected 1091
8.104528,GAP,1103,,,,1117184,expected 1091
8.104679,GAP,1104,,,,1117184,expected 1091
8.104813,GAP,1105,,,,1117184,expected 1091
8.104927,GAP,1106,,,,1117184,expected 1091
8.112721,DUP,1090,,,,1117184,
8.125782,DELIVER,1091,,,,1118208,
8.126144,DELIVER,1092,,,,1119232,
8.126371,DELIVER,1093,,,,1120256,
8.126670,DELIVER,1094,,,,1121280,
8.126978,DELIVER,1095,,,,1122304,
8.127232,DELIVER,1096,,,,1123328,
8.127455,DELIVER,1097,,,,1124352,
8.127809,DELIVER,1098,,,,1125376,
8.128183,DELIVER,1099,,,,1126400,
8.128557,DELIVER,1100,,,,1127424,
8.128847,DELIVER,1101,,,,1128448,
8.129086,DELIVER,1102,,,,1129472,
8.129342,DELIVER,1103,,,,1130496,
8.129426,DELIVER,1104,,,,1131520,
8.129499,DELIVER,1105,,,,1132544,
8.129574,DUP,1091,,,,1132544,
8.129649,DUP,1092,,,,1132544,
8.129719,DUP,1093,,,,1132544,
8.129788,DUP,1094,,,,1132544,
8.129903,DUP,1095,,,,1132544,
8.129989,DUP,1096,,,,1132544,
8.130064,DUP,1097,,,,1132544,
8.130134,DUP,1098,,,,1132544,
8.130204,DUP,1099,,,,1132544,
8.130273,DUP,1101,,,,1132544,
8.130346,DUP,1102,,,,1132544,
8.130415,DUP,1103,,,,1132544,
8.130487,DUP,1104,,,,1132544,
8.130558,DUP,1105,,,,1132544,
8.177951,DELIVER,1106,,,,1133568,
8.179820,DELIVER,1107,,,,1134592,
8.180394,DELIVER,1108,,,,1135616,
8.181344,DELIVER,1109,,,,1136640,
8.181854,DELIVER,1110,,,,1137664,
8.182792,DELIVER,1111,,,,1138688,
8.183249,DELIVER,1112,,,,1139712,
8.183674,DELIVER,1113,,,,1140736,
8.184112,DELIVER,1114,,,,1141760,
8.184405,DELIVER,1115,,,,1142784,
8.184649,DELIVER,1116,,,,1143808,
8.184843,DELIVER,1117,,,,1144832,
8.185069,DELIVER,1118,,,,1145856,
8.185297,DELIVER,1119,,,,1146880,
8.185505,DELIVER,1120,,,,1147904,
8.185791,DELIVER,1121,,,,1148928,
8.224542,DELIVER,1122,,,,1149952,
8.224908,DELIVER,1123,,,,1150976,
8.233404,DELIVER,1124,,,,1152000,
8.233970,DELIVER,1125,,,,1153024,
8.234363,DELIVER,1126,,,,1154048,
8.234927,DELIVER,1127,,,,1155072,
8.235455,DELIVER,1128,,,,1156096,
8.235928,DELIVER,1129,,,,1157120,
8.236262,DELIVER,1130,,,,1158144,
8.236568,GAP,1132,,,,1158144,expected 1131
8.236881,GAP,1133,,,,1158144,expected 1131
8.239720,GAP,1134,,,,1158144,expected 1131
8.240152,GAP,1135,,,,1158144,expected 1131
8.240610,GAP,1136,,,,1158144,expected 1131
8.240947,GAP,1137,,,,1158144,expected 1131
8.241528,GAP,1138,,,,1158144,expected 1131
8.265576,GAP,1139,,,,1158144,expected 1131
8.283946,GAP,1140,,,,1158144,expected 1131
8.284328,GAP,1142,,,,1158144,expected 1131
8.284633,GAP,1143,,,,1158144,expected 1131
8.284951,DELIVER,1131,,,,1159168,
8.285241,DELIVER,1132,,,,1160192,
8.285530,DELIVER,1133,,,,1161216,
8.285799,DELIVER,1134,,,,1162240,
8.287923,DELIVER,1135,,,,1163264,
8.288301,DELIVER,1136,,,,1164288,
8.288585,DELIVER,1137,,,,1165312,
8.288826,DELIVER,1138,,,,1166336,
8.289097,DELIVER,1139,,,,1167360,
8.289383,DELIVER,1140,,,,1168384,
8.289731,DELIVER,1141,,,,1169408,
8.290260,DELIVER,1142,,,,1170432,
8.290545,DELIVER,1143,,,,1171456,
8.290803,DELIVER,1144,,,,1172480,
8.291123,DELIVER,1145,,,,1173504,
8.291366,DELIVER,1146,,,,1174528,
8.336596,DELIVER,1147,,,,1175552,
8.336957,DELIVER,1148,,,,1176576,
8.337291,DELIVER,1149,,,,1177600,
8.340713,DELIVER,1150,,,,1178624,
8.341066,DELIVER,1151,,,,1179648,
8.341541,DELIVER,1152,,,,1180672,
8.341786,DELIVER,1153,,,,1181696,
8.342031,DELIVER,1154,,,,1182720,
8.342272,DELIVER,1155,,,,1183744,
8.342510,DELIVER,1156,,,,1184768,
8.342740,DELIVER,1157,,,,1185792,
8.342956,DELIVER,1158,,,,1186816,
8.343175,DELIVER,1159,,,,1187840,
8.343387,DELIVER,1160,,,,1188864,
8.343619,DELIVER,1161,,,,1189888,
8.343840,DELIVER,1162,,,,1190912,
8.344072,DELIVER,1163,,,,1191936,
8.377062,DELIVER,1164,,,,1192960,
8.383977,DELIVER,1165,,,,1193984,
8.387414,DELIVER,1166,,,,1195008,
8.387771,DELIVER,1167,,,,1196032,
8.391448,DELIVER,1168,,,,1197056,
8.391727,DELIVER,1169,,,,1198080,
8.391951,DELIVER,1170,,,,1199104,
8.398503,GAP,1172,,,,1199104,expected 1171
8.398797,GAP,1173,,,,1199104,expected 1171
8.399063,GAP,1174,,,,1199104,expected 1171
8.399394,GAP,1175,,,,1199104,expected 1171
8.399625,GAP,1176,,,,1199104,expected 1171
8.399970,GAP,1177,,,,1199104,expected 1171
8.400244,GAP,1178,,,,1199104,expected 1171
8.400499,GAP,1179,,,,1199104,expected 1171
8.400779,GAP,1180,,,,1199104,expected 1171
8.423268,GAP,1181,,,,1199104,expected 1171
8.423582,GAP,1182,,,,1199104,expected 1171
8.423854,GAP,1183,,,,1199104,expected 1171
8.428841,GAP,1184,,,,1199104,expected 1171
8.439529,GAP,1185,,,,1199104,expected 1171
8.439990,GAP,1186,,,,1199104,expected 1171
8.448773,GAP,1188,,,,1199104,expected 1171
8.449305,DELIVER,1171,,,,1200128,
8.449598,DELIVER,1172,,,,1201152,
8.449849,DELIVER,1173,,,,1202176,
8.450697,DELIVER,1174,,,,1203200,
8.450954,DELIVER,1175,,,,1204224,
8.451186,DELIVER,1176,,,,1205248,
8.451413,DELIVER,1177,,,,1206272,
8.451655,DELIVER,1178,,,,1207296,
8.451877,DELIVER,1179,,,,1208320,
8.452326,DELIVER,1180,,,,1209344,
8.452734,DELIVER,1181,,,,1210368,
8.452989,DELIVER,1182,,,,1211392,
8.453232,DELIVER,1183,,,,1212416,
8.453456,DELIVER,1184,,,,1213440,
8.453823,DELIVER,1185,,,,1214464,
8.454147,DELIVER,1186,,,,1215488,
8.493391,DELIVER,1187,,,,1216512,
8.493743,DELIVER,1188,,,,1217536,
8.495184,DELIVER,1189,,,,1218560,
8.500081,DELIVER,1190,,,,1219584,
8.501241,DELIVER,1191,,,,1220608,
8.503315,DELIVER,1192,,,,1221632,
8.503699,DELIVER,1193,,,,1222656,
8.503991,DELIVER,1194,,,,1223680,
8.505093,GAP,1196,,,,1223680,expected 1195
8.505503,GAP,1197,,,,1223680,expected 1195
8.506073,GAP,1198,,,,1223680,expected 1195
8.506705,GAP,1199,,,,1223680,expected 1195
8.506997,GAP,1200,,,,1223680,expected 1195
8.507265,GAP,1201,,,,1223680,expected 1195
8.507510,GAP,1202,,,,1223680,expected 1195
8.507776,GAP,1203,,,,1223680,expected 1195
8.529663,GAP,1204,,,,1223680,expected 1195
8.535489,GAP,1205,,,,1223680,expected 1195
8.540852,GAP,1206,,,,1223680,expected 1195
8.543743,GAP,1207,,,,1223680,expected 1195
8.544037,GAP,1208,,,,1223680,expected 1195
8.544443,GAP,1209,,,,1223680,expected 1195
8.544772,GAP,1210,,,,1223680,expected 1195
8.555289,DELIVER,1195,,,,1224704,
8.555707,DELIVER,1196,,,,1225728,
8.556107,DELIVER,1197,,,,1226752,
8.556364,DELIVER,1198,,,,1227776,
8.556652,DELIVER,1199,,,,1228800,
8.556940,DELIVER,1200,,,,1229824,
8.557221,DELIVER,1201,,,,1230848,
8.557576,DELIVER,1202,,,,1231872,
8.557826,DELIVER,1203,,,,1232896,
8.558072,DELIVER,1204,,,,1233920,
8.558310,DELIVER,1205,,,,1234944,
8.558545,DELIVER,1206,,,,1235968,
8.558780,DELIVER,1207,,,,1236992,
8.558994,DELIVER,1208,,,,1238016,
8.559195,DELIVER,1209,,,,1239040,
8.600480,DELIVER,1210,,,,1240064,
8.608920,DELIVER,1211,,,,1241088,
8.609348,DELIVER,1212,,,,1242112,
8.609710,DELIVER,1213,,,,1243136,
8.610100,GAP,1215,,,,1243136,expected 1214
8.610495,GAP,1216,,,,1243136,expected 1214
8.610845,GAP,1217,,,,1243136,expected 1214
8.611750,GAP,1218,,,,1243136,expected 1214
8.612095,GAP,1219,,,,1243136,expected 1214
8.612375,GAP,1220,,,,1243136,expected 1214
8.612752,GAP,1221,,,,1243136,expected 1214
8.613034,GAP,1222,,,,1243136,expected 1214
8.613263,GAP,1223,,,,1243136,expected 1214
8.613488,GAP,1225,,,,1243136,expected 1214
8.658316,DELIVER,1214,,,,1244160,
8.660410,DELIVER,1215,,,,1245184,
8.660903,DELIVER,1216,,,,1246208,
8.664547,DELIVER,1217,,,,1247232,
8.665557,DELIVER,1218,,,,1248256,
8.666234,DELIVER,1219,,,,1249280,
8.666586,GAP,1221,,,,1249280,expected 1220
8.666956,GAP,1222,,,,1249280,expected 1220
8.667308,GAP,1223,,,,1249280,expected 1220
8.667862,GAP,1224,,,,1249280,expected 1220
8.668222,GAP,1225,,,,1249280,expected 1220
8.668507,GAP,1226,,,,1249280,expected 1220
8.668775,GAP,1227,,,,1249280,expected 1220
8.669036,GAP,1228,,,,1249280,expected 1220
8.713593,GAP,1229,,,,1249280,expected 1220
8.714008,GAP,1230,,,,1249280,expected 1220
8.714422,GAP,1231,,,,1249280,expected 1220
8.714887,GAP,1232,,,,1249280,expected 1220
8.715258,DELIVER,1220,,,,1250304,
8.715656,DELIVER,1221,,,,1251328,
8.715967,DELIVER,1222,,,,1252352,
8.717333,DELIVER,1223,,,,1253376,
8.717838,DELIVER,1224,,,,1254400,
8.718205,DELIVER,1225,,,,1255424,
8.718486,DELIVER,1226,,,,1256448,
8.718780,DELIVER,1227,,,,1257472,
8.719076,DELIVER,1228,,,,1258496,
8.719304,DELIVER,1229,,,,1259520,
8.719557,DELIVER,1230,,,,1260544,
8.719789,DELIVER,1231,,,,1261568,
8.720041,DELIVER,1232,,,,1262592,
8.720252,DELIVER,1233,,,,1263616,
8.720571,DELIVER,1234,,,,1264640,
8.761601,DELIVER,1235,,,,1265664,
8.762861,DELIVER,1236,,,,1266688,
8.763401,DELIVER,1237,,,,1267712,
8.764269,DELIVER,1238,,,,1268736,
8.768271,DELIVER,1239,,,,1269760,
8.768613,DELIVER,1240,,,,1270784,
8.769851,DELIVER,1241,,,,1271808,
8.770201,DELIVER,1242,,,,1272832,
8.770486,DELIVER,1243,,,,1273856,
8.775220,DELIVER,1244,,,,1274880,
8.775429,DELIVER,1245,,,,1275904,
8.775631,DELIVER,1246,,,,1276928,
8.778254,DELIVER,1247,,,,1277952,
8.778492,DELIVER,1248,,,,1278976,
8.778728,DELIVER,1249,,,,1280000,
8.778963,DELIVER,1250,,,,1281024,
8.812830,DELIVER,1251,,,,1282048,
8.813195,DELIVER,1252,,,,1283072,
8.814014,DELIVER,1253,,,,1284096,
8.814476,DELIVER,1254,,,,1285120,
8.814757,DELIVER,1255,,,,1286144,
8.815059,DELIVER,1256,,,,1287168,
8.815311,DELIVER,1257,,,,1288192,
8.815535,DELIVER,1258,,,,1289216,
8.815901,DELIVER,1259,,,,1290240,
8.828366,GAP,1261,,,,1290240,expected 1260
8.828726,GAP,1262,,,,1290240,expected 1260
8.829157,GAP,1263,,,,1290240,expected 1260
8.829618,GAP,1264,,,,1290240,expected 1260
8.830083,GAP,1265,,,,1290240,expected 1260
8.831546,GAP,1266,,,,1290240,expected 1260
8.848433,GAP,1267,,,,1290240,expected 1260
8.848733,GAP,1268,,,,1290240,expected 1260
8.866383,GAP,1270,,,,1290240,expected 1260
8.866699,GAP,1271,,,,1290240,expected 1260
8.866936,GAP,1272,,,,1290240,expected 1260
8.867180,GAP,1273,,,,1290240,expected 1260
8.867406,GAP,1274,,,,1290240,expected 1260
8.867623,GAP,1275,,,,1290240,expected 1260
8.867876,GAP,1276,,,,1290240,expected 1260
8.868106,DELIVER,1260,,,,1291264,
8.868336,DELIVER,1261,,,,1292288,
8.868587,DELIVER,1262,,,,1293312,
8.877179,DELIVER,1263,,,,1294336,
8.877531,GAP,1265,,,,1294336,expected 1264
8.877929,GAP,1267,,,,1294336,expected 1264
8.878205,GAP,1268,,,,1294336,expected 1264
8.878724,GAP,1269,,,,1294336,expected 1264
8.878943,GAP,1270,,,,1294336,expected 1264
8.879166,GAP,1271,,,,1294336,expected 1264
8.879442,GAP,1272,,,,1294336,expected 1264
8.879762,GAP,1273,,,,1294336,expected 1264
8.880037,GAP,1274,,,,1294336,expected 1264
8.915505,GAP,1275,,,,1294336,expected 1264
8.916025,GAP,1276,,,,1294336,expected 1264
8.917819,GAP,1277,,,,1294336,expected 1264
8.918125,GAP,1278,,,,1294336,expected 1264
8.923043,DELIVER,1264,,,,1295360,
8.923376,DELIVER,1265,,,,1296384,
8.923696,GAP,1267,,,,1296384,expected 1266
8.927345,GAP,1268,,,,1296384,expected 1266
8.927644,GAP,1269,,,,1296384,expected 1266
8.928231,GAP,1270,,,,1296384,expected 1266
8.928486,GAP,1271,,,,1296384,expected 1266
8.932323,GAP,1272,,,,1296384,expected 1266
8.932709,GAP,1273,,,,1296384,expected 1266
8.932964,GAP,1274,,,,1296384,expected 1266
8.933477,GAP,1275,,,,1296384,expected 1266
8.933769,GAP,1276,,,,1296384,expected 1266
8.934056,GAP,1277,,,,1296384,expected 1266
8.934338,GAP,1278,,,,1296384,expected 1266
8.934615,GAP,1279,,,,1296384,expected 1266
8.962543,DELIVER,1266,,,,1297408,
8.971674,DELIVER,1267,,,,1298432,
8.971968,DELIVER,1268,,,,1299456,
8.972214,DELIVER,1269,,,,1300480,
8.972431,DELIVER,1270,,,,1301504,
8.973432,DELIVER,1271,,,,1302528,
8.974092,DELIVER,1272,,,,1303552,
8.974380,DELIVER,1273,,,,1304576,
8.974630,DELIVER,1274,,,,1305600,
8.974885,DELIVER,1275,,,,1306624,
8.975100,DELIVER,1276,,,,1307648,
8.975337,DELIVER,1277,,,,1308672,
8.975586,DELIVER,1278,,,,1309696,
8.975867,DELIVER,1279,,,,1310720,
8.976276,DELIVER,1280,,,,1311744,
8.976603,DELIVER,1281,,,,1312768,
9.018812,DELIVER,1282,,,,1313792,
9.027419,DELIVER,1283,,,,1314816,
9.028517,DELIVER,1284,,,,1315840,
9.028954,DELIVER,1285,,,,1316864,
9.030103,DELIVER,1286,,,,1317888,
9.030383,DELIVER,1287,,,,1318912,
9.031166,DELIVER,1288,,,,1319936,
9.031722,DELIVER,1289,,,,1320960,
9.032042,DELIVER,1290,,,,1321984,
9.032344,DELIVER,1291,,,,1323008,
9.032641,DELIVER,1292,,,,1324032,
9.032934,DELIVER,1293,,,,1325056,
9.033189,DELIVER,1294,,,,1326080,
9.033441,DELIVER,1295,,,,1327104,
9.033691,DELIVER,1296,,,,1328128,
9.033938,DELIVER,1297,,,,1329152,
9.034183,DELIVER,1298,,,,1330176,
9.064910,DELIVER,1299,,,,1331200,
9.082037,DELIVER,1300,,,,1332224,
9.082778,DELIVER,1301,,,,1333248,
9.083701,DELIVER,1302,,,,1334272,
9.085699,DELIVER,1303,,,,1335296,
9.086364,DELIVER,1304,,,,1336320,
9.086863,DELIVER,1305,,,,1337344,
9.087138,DELIVER,1306,,,,1338368,
9.087345,DELIVER,1307,,,,1339392,
9.087567,DELIVER,1308,,,,1340416,
9.087791,DELIVER,1309,,,,1341440,
9.088020,DELIVER,1310,,,,1342464,
9.088428,DELIVER,1311,,,,1343488,
9.088786,DELIVER,1312,,,,1344512,
9.089090,DELIVER,1313,,,,1345536,
9.089315,DELIVER,1314,,,,1346560,
9.089630,DELIVER,1315,,,,1347584,
9.089848,DELIVER,1316,,,,1348608,
9.110841,DELIVER,1317,,,,1349632,
9.126379,DELIVER,1318,,,,1350656,
9.128434,GAP,1320,,,,1350656,expected 1319
9.128859,GAP,1321,,,,1350656,expected 1319
9.132661,GAP,1322,,,,1350656,expected 1319
9.133409,GAP,1323,,,,1350656,expected 1319
9.134102,GAP,1324,,,,1350656,expected 1319
9.134372,GAP,1325,,,,1350656,expected 1319
9.141142,GAP,1326,,,,1350656,expected 1319
9.141550,GAP,1327,,,,1350656,expected 1319
9.141935,GAP,1328,,,,1350656,expected 1319
9.143297,GAP,1329,,,,1350656,expected 1319
9.143640,GAP,1330,,,,1350656,expected 1319
9.143972,GAP,1331,,,,1350656,expected 1319
9.144274,GAP,1332,,,,1350656,expected 1319
9.144968,GAP,1333,,,,1350656,expected 1319
9.146974,GAP,1334,,,,1350656,expected 1319
9.147375,GAP,1335,,,,1350656,expected 1319
9.185038,DELIVER,1319,,,,1351680,
9.185313,DELIVER,1320,,,,1352704,
9.185573,DELIVER,1321,,,,1353728,
9.185804,DELIVER,1322,,,,1354752,
9.186038,DELIVER,1323,,,,1355776,
9.186322,DELIVER,1324,,,,1356800,
9.186597,DELIVER,1325,,,,1357824,
9.186724,DELIVER,1326,,,,1358848,
9.186816,DELIVER,1327,,,,1359872,
9.186904,GAP,1329,,,,1359872,expected 1328
9.186995,GAP,1330,,,,1359872,expected 1328
9.187086,GAP,1331,,,,1359872,expected 1328
9.187177,GAP,1332,,,,1359872,expected 1328
9.187265,GAP,1333,,,,1359872,expected 1328
9.187354,GAP,1334,,,,1359872,expected 1328
9.187443,GAP,1335,,,,1359872,expected 1328
9.238397,DELIVER,1328,,,,1360896,
9.240871,DELIVER,1329,,,,1361920,
9.241386,DELIVER,1330,,,,1362944,
9.247319,GAP,1332,,,,1362944,expected 1331
9.247614,GAP,1333,,,,1362944,expected 1331
9.247876,GAP,1334,,,,1362944,expected 1331
9.248140,GAP,1335,,,,1362944,expected 1331
9.248399,GAP,1336,,,,1362944,expected 1331
9.248655,GAP,1337,,,,1362944,expected 1331
9.248910,GAP,1338,,,,1362944,expected 1331
9.249167,GAP,1339,,,,1362944,expected 1331
9.249424,GAP,1340,,,,1362944,expected 1331
9.249679,GAP,1341,,,,1362944,expected 1331
9.249879,GAP,1342,,,,1362944,expected 1331
9.250078,GAP,1344,,,,1362944,expected 1331
9.273247,GAP,1345,,,,1362944,expected 1331
9.293544,GAP,1346,,,,1362944,expected 1331
9.293697,GAP,1347,,,,1362944,expected 1331
9.293919,DELIVER,1331,,,,1363968,
9.296113,DELIVER,1332,,,,1364992,
9.298016,DELIVER,1333,,,,1366016,
9.298161,DELIVER,1334,,,,1367040,
9.298299,DELIVER,1335,,,,1368064,
9.298438,DELIVER,1336,,,,1369088,
9.298575,DELIVER,1337,,,,1370112,
9.302125,DELIVER,1338,,,,1371136,
9.302289,DELIVER,1339,,,,1372160,
9.302453,DELIVER,1340,,,,1373184,
9.302612,DELIVER,1341,,,,1374208,
9.302772,DELIVER,1342,,,,1375232,
9.302932,DELIVER,1343,,,,1376256,
9.303092,DELIVER,1344,,,,1377280,
9.303252,DELIVER,1345,,,,1378304,
9.303411,DELIVER,1346,,,,1379328,
9.303569,DELIVER,1347,,,,1380352,
9.346276,DELIVER,1348,,,,1381376,
9.346612,GAP,1350,,,,1381376,expected 1349
9.348184,GAP,1351,,,,1381376,expected 1349
9.348701,GAP,1352,,,,1381376,expected 1349
9.348999,GAP,1353,,,,1381376,expected 1349
9.350902,GAP,1354,,,,1381376,expected 1349
9.351677,GAP,1355,,,,1381376,expected 1349
9.352012,GAP,1356,,,,1381376,expected 1349
9.352400,GAP,1357,,,,1381376,expected 1349
9.352652,GAP,1358,,,,1381376,expected 1349
9.352866,GAP,1359,,,,1381376,expected 1349
9.353671,GAP,1361,,,,1381376,expected 1349
9.353960,GAP,1362,,,,1381376,expected 1349
9.354229,GAP,1363,,,,1381376,expected 1349
9.354478,GAP,1364,,,,1381376,expected 1349
9.354720,GAP,1365,,,,1381376,expected 1349
9.397336,DELIVER,1349,,,,1382400,
9.397613,DELIVER,1350,,,,1383424,
9.397891,DELIVER,1351,,,,1384448,
9.398115,DELIVER,1352,,,,1385472,
9.398362,DELIVER,1353,,,,1386496,
9.398581,DELIVER,1354,,,,1387520,
9.398781,DELIVER,1355,,,,1388544,
9.399260,DELIVER,1356,,,,1389568,
9.399509,DELIVER,1357,,,,1390592,
9.399712,DELIVER,1358,,,,1391616,
9.399908,DELIVER,1359,,,,1392640,
9.400103,DELIVER,1360,,,,1393664,
9.400297,DELIVER,1361,,,,1394688,
9.400491,DELIVER,1362,,,,1395712,
9.400685,DELIVER,1363,,,,1396736,
9.400883,DELIVER,1364,,,,1397760,
9.450817,DELIVER,1365,,,,1398784,
9.451467,DELIVER,1366,,,,1399808,
9.451838,DELIVER,1367,,,,1400832,
9.452129,DELIVER,1368,,,,1401856,
9.452514,DELIVER,1369,,,,1402880,
9.452765,DELIVER,1370,,,,1403904,
9.452988,DELIVER,1371,,,,1404928,
9.453271,GAP,1373,,,,1404928,expected 1372
9.453699,GAP,1374,,,,1404928,expected 1372
9.454031,GAP,1375,,,,1404928,expected 1372
9.454270,GAP,1376,,,,1404928,expected 1372
9.454613,GAP,1377,,,,1404928,expected 1372
9.456787,GAP,1378,,,,1404928,expected 1372
9.457112,GAP,1379,,,,1404928,expected 1372
9.457386,GAP,1380,,,,1404928,expected 1372
9.457645,GAP,1381,,,,1404928,expected 1372
9.493105,GAP,1382,,,,1404928,expected 1372
9.500239,DELIVER,1372,,,,1405952,
9.501914,DELIVER,1373,,,,1406976,
9.502245,DELIVER,1374,,,,1408000,
9.502746,DELIVER,1375,,,,1409024,
9.504389,DELIVER,1376,,,,1410048,
9.504707,DELIVER,1377,,,,1411072,
9.504956,DELIVER,1378,,,,1412096,
9.505210,DELIVER,1379,,,,1413120,
9.505549,DELIVER,1380,,,,1414144,
9.505898,DELIVER,1381,,,,1415168,
9.506200,DELIVER,1382,,,,1416192,
9.506497,GAP,1384,,,,1416192,expected 1383
9.506813,GAP,1385,,,,1416192,expected 1383
9.507534,GAP,1386,,,,1416192,expected 1383
9.507937,GAP,1387,,,,1416192,expected 1383
9.544469,GAP,1388,,,,1416192,expected 1383
9.550374,GAP,1389,,,,1416192,expected 1383
9.551117,GAP,1390,,,,1416192,expected 1383
9.551543,GAP,1391,,,,1416192,expected 1383
9.551811,DELIVER,1383,,,,1417216,
9.552765,DELIVER,1384,,,,1418240,
9.553954,DELIVER,1385,,,,1419264,
9.557609,DELIVER,1386,,,,1420288,
9.559453,DELIVER,1387,,,,1421312,
9.559790,DELIVER,1388,,,,1422336,
9.560044,DELIVER,1389,,,,1423360,
9.560278,DELIVER,1390,,,,1424384,
9.563303,DELIVER,1391,,,,1425408,
9.564781,DELIVER,1392,,,,1426432,
9.565155,DELIVER,1393,,,,1427456,
9.565402,DELIVER,1394,,,,1428480,
9.566080,GAP,1396,,,,1428480,expected 1395
9.594789,GAP,1397,,,,1428480,expected 1395
9.598671,GAP,1398,,,,1428480,expected 1395
9.610177,GAP,1399,,,,1428480,expected 1395
9.610492,GAP,1400,,,,1428480,expected 1395
9.610838,GAP,1401,,,,1428480,expected 1395
9.614291,GAP,1402,,,,1428480,expected 1395
9.614786,DELIVER,1395,,,,1429504,
9.615149,DELIVER,1396,,,,1430528,
9.615779,DELIVER,1397,,,,1431552,
9.616104,DELIVER,1398,,,,1432576,
9.616403,DELIVER,1399,,,,1433600,
9.616616,DELIVER,1400,,,,1434624,
9.616908,DELIVER,1401,,,,1435648,
9.617158,DELIVER,1402,,,,1436672,
9.617617,DELIVER,1403,,,,1437696,
9.618243,DELIVER,1404,,,,1438720,
9.618489,DELIVER,1405,,,,1439744,
9.618739,DELIVER,1406,,,,1440768,
9.618978,DELIVER,1407,,,,1441792,
9.668761,DELIVER,1408,,,,1442816,
9.669065,DELIVER,1409,,,,1443840,
9.669388,DELIVER,1410,,,,1444864,
9.669634,DELIVER,1411,,,,1445888,
9.670324,DELIVER,1412,,,,1446912,
9.670759,DELIVER,1413,,,,1447936,
9.671084,DELIVER,1414,,,,1448960,
9.674810,DELIVER,1415,,,,1449984,
9.675212,DELIVER,1416,,,,1451008,
9.675559,DELIVER,1417,,,,1452032,
9.675954,DELIVER,1418,,,,1453056,
9.676302,DELIVER,1419,,,,1454080,
9.676584,DELIVER,1420,,,,1455104,
9.676831,DELIVER,1421,,,,1456128,
9.717006,GAP,1425,,,,1456128,expected 1422
9.717958,GAP,1426,,,,1456128,expected 1422
9.718300,GAP,1427,,,,1456128,expected 1422
9.723659,GAP,1428,,,,1456128,expected 1422
9.723948,GAP,1429,,,,1456128,expected 1422
9.724188,GAP,1430,,,,1456128,expected 1422
9.724426,GAP,1431,,,,1456128,expected 1422
9.724675,GAP,1432,,,,1456128,expected 1422
9.724917,GAP,1433,,,,1456128,expected 1422
9.726181,GAP,1434,,,,1456128,expected 1422
9.732280,GAP,1435,,,,1456128,expected 1422
9.732627,GAP,1436,,,,1456128,expected 1422
9.756848,DELIVER,1422,,,,1457152,
9.757197,DELIVER,1423,,,,1458176,
9.757489,DELIVER,1424,,,,1459200,
9.757768,DELIVER,1425,,,,1460224,
9.759263,DELIVER,1426,,,,1461248,
9.759647,DELIVER,1427,,,,1462272,
9.759944,DELIVER,1428,,,,1463296,
9.760239,DELIVER,1429,,,,1464320,
9.765730,DELIVER,1430,,,,1465344,
9.766659,DELIVER,1431,,,,1466368,
9.767078,DELIVER,1432,,,,1467392,
9.767478,GAP,1434,,,,1467392,expected 1433
9.803073,GAP,1435,,,,1467392,expected 1433
9.804081,GAP,1436,,,,1467392,expected 1433
9.804439,GAP,1437,,,,1467392,expected 1433
9.811713,GAP,1438,,,,1467392,expected 1433
9.812061,GAP,1439,,,,1467392,expected 1433
9.812445,GAP,1441,,,,1467392,expected 1433
9.812758,GAP,1442,,,,1467392,expected 1433
9.812990,GAP,1443,,,,1467392,expected 1433
9.815466,DELIVER,1433,,,,1468416,
9.816082,DELIVER,1434,,,,1469440,
9.816407,DELIVER,1435,,,,1470464,
9.816672,DELIVER,1436,,,,1471488,
9.816932,DELIVER,1437,,,,1472512,
9.817201,DELIVER,1438,,,,1473536,
9.817501,DELIVER,1439,,,,1474560,
9.817795,DELIVER,1440,,,,1475584,
9.818532,DELIVER,1441,,,,1476608,
9.818815,DELIVER,1442,,,,1477632,
9.819070,DELIVER,1443,,,,1478656,
9.819323,GAP,1445,,,,1478656,expected 1444
9.819582,GAP,1446,,,,1478656,expected 1444
9.858730,GAP,1447,,,,1478656,expected 1444
9.859043,GAP,1448,,,,1478656,expected 1444
9.862652,GAP,1449,,,,1478656,expected 1444
9.863142,GAP,1450,,,,1478656,expected 1444
9.863652,GAP,1451,,,,1478656,expected 1444
9.863992,DELIVER,1444,,,,1479680,
9.866885,DELIVER,1445,,,,1480704,
9.869040,DELIVER,1446,,,,1481728,
9.869466,DELIVER,1447,,,,1482752,
9.869720,DELIVER,1448,,,,1483776,
9.869932,DELIVER,1449,,,,1484800,
9.870167,DELIVER,1450,,,,1485824,
9.870803,DELIVER,1451,,,,1486848,
9.871037,DELIVER,1452,,,,1487872,
9.871351,DELIVER,1453,,,,1488896,
9.871634,DELIVER,1454,,,,1489920,
9.871925,DELIVER,1455,,,,1490944,
9.872161,DELIVER,1456,,,,1491968,
9.909052,DELIVER,1457,,,,1492992,
9.919775,DELIVER,1458,,,,1494016,
9.920277,DELIVER,1459,,,,1495040,
9.920656,DELIVER,1460,,,,1496064,
9.921120,DELIVER,1461,,,,1497088,
9.922859,DELIVER,1462,,,,1498112,
9.923173,DELIVER,1463,,,,1499136,
9.923461,DELIVER,1464,,,,1500160,
9.923745,DELIVER,1465,,,,1501184,
9.924442,DELIVER,1466,,,,1502208,
9.924736,DELIVER,1467,,,,1503232,
9.925047,DELIVER,1468,,,,1504256,
9.925318,DELIVER,1469,,,,1505280,
9.930023,DELIVER,1470,,,,1506304,
9.943914,DELIVER,1471,,,,1507328,
9.959227,DELIVER,1472,,,,1508352,
9.973137,DELIVER,1473,,,,1509376,
9.973493,DELIVER,1474,,,,1510400,
9.973775,DELIVER,1475,,,,1511424,
9.974068,DELIVER,1476,,,,1512448,
9.974389,DELIVER,1477,,,,1513472,
9.974679,DELIVER,1478,,,,1514496,
9.974969,DELIVER,1479,,,,1515520,
9.975244,DELIVER,1480,,,,1516544,
9.975540,DELIVER,1481,,,,1517568,
9.975793,DELIVER,1482,,,,1518592,
9.976032,GAP,1484,,,,1518592,expected 1483
9.976284,GAP,1485,,,,1518592,expected 1483
9.980801,GAP,1486,,,,1518592,expected 1483
10.003846,GAP,1487,,,,1518592,expected 1483
10.026307,GAP,1488,,,,1518592,expected 1483
10.026651,GAP,1489,,,,1518592,expected 1483
10.026963,GAP,1490,,,,1518592,expected 1483
10.027255,GAP,1491,,,,1518592,expected 1483
10.027575,GAP,1492,,,,1518592,expected 1483
10.028024,GAP,1494,,,,1518592,expected 1483
10.028306,GAP,1495,,,,1518592,expected 1483
10.028580,GAP,1496,,,,1518592,expected 1483
10.028830,GAP,1497,,,,1518592,expected 1483
10.029101,GAP,1498,,,,1518592,expected 1483
10.029393,DELIVER,1483,,,,1519616,
10.032221,DELIVER,1484,,,,1520640,
10.032509,DELIVER,1485,,,,1521664,
10.032799,DELIVER,1486,,,,1522688,
10.033080,DELIVER,1487,,,,1523712,
10.033312,DELIVER,1488,,,,1524736,
10.033659,DELIVER,1489,,,,1525760,
10.034064,DELIVER,1490,,,,1526784,
10.034321,DELIVER,1491,,,,1527808,
10.034519,DELIVER,1492,,,,1528832,
10.034999,DELIVER,1493,,,,1529856,
10.035376,DELIVER,1494,,,,1530880,
10.035612,DELIVER,1495,,,,1531904,
10.035834,DELIVER,1496,,,,1532928,
10.083489,DELIVER,1497,,,,1533952,
10.083863,DELIVER,1498,,,,1534976,
10.084091,DELIVER,1499,,,,1536000,
10.084316,DELIVER,1500,,,,1537024,
10.084559,DELIVER,1501,,,,1538048,
10.084847,DELIVER,1502,,,,1539072,
10.085072,DELIVER,1503,,,,1540096,
10.085376,DELIVER,1504,,,,1541120,
10.085758,DELIVER,1505,,,,1542144,
10.086097,DELIVER,1506,,,,1543168,
10.086439,DELIVER,1507,,,,1544192,
10.088150,DELIVER,1508,,,,1545216,
10.088431,DELIVER,1509,,,,1546240,
10.091623,DELIVER,1510,,,,1547264,
10.091934,DELIVER,1511,,,,1548288,
10.128828,DELIVER,1512,,,,1549312,
10.129128,DELIVER,1513,,,,1550336,
10.129446,DELIVER,1514,,,,1551360,
10.135006,DELIVER,1515,,,,1552384,
10.135353,DELIVER,1516,,,,1553408,
10.135606,DELIVER,1517,,,,1554432,
10.135875,DELIVER,1518,,,,1555456,
10.136154,DELIVER,1519,,,,1556480,
10.136822,DELIVER,1520,,,,1557504,
10.138811,DELIVER,1521,,,,1558528,
10.139038,DELIVER,1522,,,,1559552,
10.139308,DELIVER,1523,,,,1560576,
10.141785,DELIVER,1524,,,,1561600,
10.142098,DELIVER,1525,,,,1562624,
10.142424,DELIVER,1526,,,,1563648,
10.142710,DELIVER,1527,,,,1564672,
10.180210,DELIVER,1528,,,,1565696,
10.182295,DELIVER,1529,,,,1566720,
10.182590,DELIVER,1530,,,,1567744,
10.183310,DELIVER,1531,,,,1568768,
10.183641,DELIVER,1532,,,,1569792,
10.186399,DELIVER,1533,,,,1570816,
10.186731,DELIVER,1534,,,,1571840,
10.186959,DELIVER,1535,,,,1572864,
10.187318,DELIVER,1536,,,,1573888,
10.187602,DELIVER,1537,,,,1574912,
10.194678,DELIVER,1538,,,,1575936,
10.195013,DELIVER,1539,,,,1576960,
10.195554,DELIVER,1540,,,,1577984,
10.195870,DELIVER,1541,,,,1579008,
10.196188,DELIVER,1542,,,,1580032,
10.196566,DELIVER,1543,,,,1581056,
10.196817,DELIVER,1544,,,,1582080,
10.223745,DELIVER,1545,,,,1583104,
10.224024,DELIVER,1546,,,,1584128,
10.234435,DELIVER,1547,,,,1585152,
10.234831,DELIVER,1548,,,,1586176,
10.235155,DELIVER,1549,,,,1587200,
10.238821,DELIVER,1550,,,,1588224,
10.239251,DELIVER,1551,,,,1589248,
10.239627,DELIVER,1552,,,,1590272,
10.240153,DELIVER,1553,,,,1591296,
10.240490,DELIVER,1554,,,,1592320,
10.240818,DELIVER,1555,,,,1593344,
10.242103,DELIVER,1556,,,,1594368,
10.242491,DELIVER,1557,,,,1595392,
10.245321,DELIVER,1558,,,,1596416,
10.250442,DELIVER,1559,,,,1597440,
10.250935,DELIVER,1560,,,,1598464,
10.251664,DELIVER,1561,,,,1599488,
10.252297,DELIVER,1562,,,,1600512,
10.270619,DELIVER,1563,,,,1601536,
10.270969,DELIVER,1564,,,,1602560,
10.281758,DELIVER,1565,,,,1603584,
10.282250,GAP,1567,,,,1603584,expected 1566
10.292720,GAP,1568,,,,1603584,expected 1566
10.293093,GAP,1569,,,,1603584,expected 1566
10.294814,GAP,1570,,,,1603584,expected 1566
10.295450,GAP,1571,,,,1603584,expected 1566
10.295830,GAP,1572,,,,1603584,expected 1566
10.296642,GAP,1573,,,,1603584,expected 1566
10.297130,GAP,1574,,,,1603584,expected 1566
10.297560,GAP,1575,,,,1603584,expected 1566
10.298203,GAP,1576,,,,1603584,expected 1566
10.299576,GAP,1577,,,,1603584,expected 1566
10.300081,GAP,1578,,,,1603584,expected 1566
10.301106,GAP,1579,,,,1603584,expected 1566
10.301415,GAP,1580,,,,1603584,expected 1566
10.301710,GAP,1581,,,,1603584,expected 1566
10.320042,GAP,1582,,,,1603584,expected 1566
10.320770,GAP,1583,,,,1603584,expected 1566
10.327045,DELIVER,1566,,,,1604608,
10.328878,DELIVER,1567,,,,1605632,
10.329144,DELIVER,1568,,,,1606656,
10.329395,DELIVER,1569,,,,1607680,
10.329644,DELIVER,1570,,,,1608704,
10.329891,DELIVER,1571,,,,1609728,
10.330140,DELIVER,1572,,,,1610752,
10.330387,DELIVER,1573,,,,1611776,
10.330634,DELIVER,1574,,,,1612800,
10.330885,DELIVER,1575,,,,1613824,
10.331134,DELIVER,1576,,,,1614848,
10.331380,DELIVER,1577,,,,1615872,
10.334549,DELIVER,1578,,,,1616896,
10.334803,DELIVER,1579,,,,1617920,
10.335051,DELIVER,1580,,,,1618944,
10.335299,DELIVER,1581,,,,1619968,
10.335545,DELIVER,1582,,,,1620992,
10.382441,GAP,1584,,,,1620992,expected 1583
10.383267,GAP,1585,,,,1620992,expected 1583
10.383681,GAP,1586,,,,1620992,expected 1583
10.384003,GAP,1587,,,,1620992,expected 1583
10.384367,GAP,1588,,,,1620992,expected 1583
10.384820,GAP,1589,,,,1620992,expected 1583
10.385283,GAP,1590,,,,1620992,expected 1583
10.385802,GAP,1591,,,,1620992,expected 1583
10.386114,GAP,1592,,,,1620992,expected 1583
10.386407,GAP,1593,,,,1620992,expected 1583
10.386699,GAP,1594,,,,1620992,expected 1583
10.386977,GAP,1595,,,,1620992,expected 1583
10.387259,GAP,1596,,,,1620992,expected 1583
10.387861,GAP,1597,,,,1620992,expected 1583
10.388120,GAP,1598,,,,1620992,expected 1583
10.388377,GAP,1599,,,,1620992,expected 1583
10.388629,GAP,1600,,,,1620992,expected 1583
10.430465,DELIVER,1583,,,,1622016,
10.430854,DELIVER,1584,,,,1623040,
10.431106,DELIVER,1585,,,,1624064,
10.431348,DELIVER,1586,,,,1625088,
10.431561,DELIVER,1587,,,,1626112,
10.431801,DELIVER,1588,,,,1627136,
10.432041,DELIVER,1589,,,,1628160,
10.432277,DELIVER,1590,,,,1629184,
10.432596,DELIVER,1591,,,,1630208,
10.433066,DELIVER,1592,,,,1631232,
10.433392,DELIVER,1593,,,,1632256,
10.433696,DELIVER,1594,,,,1633280,
10.434002,DELIVER,1595,,,,1634304,
10.434302,DELIVER,1596,,,,1635328,
10.434561,DELIVER,1597,,,,1636352,
10.434809,DELIVER,1598,,,,1637376,
10.435035,DELIVER,1599,,,,1638400,
10.435240,DELIVER,1600,,,,1639424,
10.467895,DELIVER,1601,,,,1640448,
10.484583,DELIVER,1602,,,,1641472,
10.485111,DELIVER,1603,,,,1642496,
10.485572,DELIVER,1604,,,,1643520,
10.485825,DELIVER,1605,,,,1644544,
10.486137,DELIVER,1606,,,,1645568,
10.486451,DELIVER,1607,,,,1646592,
10.486965,DELIVER,1608,,,,1647616,
10.487257,DELIVER,1609,,,,1648640,
10.487765,DELIVER,1610,,,,1649664,
10.488098,DELIVER,1611,,,,1650688,
10.488376,DELIVER,1612,,,,1651712,
10.488649,DELIVER,1613,,,,1652736,
10.488935,DELIVER,1614,,,,1653760,
10.491175,DELIVER,1615,,,,1654784,
10.491436,DELIVER,1616,,,,1655808,
10.491644,DELIVER,1617,,,,1656832,
10.491855,DELIVER,1618,,,,1657856,
10.492094,DELIVER,1619,,,,1658880,
10.508560,DELIVER,1620,,,,1659904,
10.528728,DELIVER,1621,,,,1660928,
10.532863,DELIVER,1622,,,,1661952,
10.536107,DELIVER,1623,,,,1662976,
10.536943,DELIVER,1624,,,,1664000,
10.538237,DELIVER,1625,,,,1665024,
10.538602,DELIVER,1626,,,,1666048,
10.538955,DELIVER,1627,,,,1667072,
10.539224,DELIVER,1628,,,,1668096,
10.539485,DELIVER,1629,,,,1669120,
10.542502,DELIVER,1630,,,,1670144,
10.542849,DELIVER,1631,,,,1671168,
10.543188,DELIVER,1632,,,,1672192,
10.543420,DELIVER,1633,,,,1673216,
10.543675,DELIVER,1634,,,,1674240,
10.543930,DELIVER,1635,,,,1675264,
10.544156,DELIVER,1636,,,,1676288,
10.544795,DELIVER,1637,,,,1677312,
10.545086,DELIVER,1638,,,,1678336,
10.545329,DELIVER,1639,,,,1679360,
10.557270,DELIVER,1640,,,,1680384,
10.573902,DELIVER,1641,,,,1681408,
10.574174,DELIVER,1642,,,,1682432,
10.574430,DELIVER,1643,,,,1683456,
10.574679,DELIVER,1644,,,,1684480,
10.591008,GAP,1646,,,,1684480,expected 1645
10.591453,GAP,1647,,,,1684480,expected 1645
10.591822,GAP,1648,,,,1684480,expected 1645
10.592217,GAP,1649,,,,1684480,expected 1645
10.592505,GAP,1650,,,,1684480,expected 1645
10.592767,GAP,1651,,,,1684480,expected 1645
10.593080,GAP,1652,,,,1684480,expected 1645
10.593355,GAP,1653,,,,1684480,expected 1645
10.593615,GAP,1654,,,,1684480,expected 1645
10.593950,GAP,1655,,,,1684480,expected 1645
10.594270,GAP,1656,,,,1684480,expected 1645
10.594548,GAP,1657,,,,1684480,expected 1645
10.594808,GAP,1658,,,,1684480,expected 1645
10.595061,GAP,1659,,,,1684480,expected 1645
10.595316,GAP,1660,,,,1684480,expected 1645
10.602049,GAP,1661,,,,1684480,expected 1645
10.624135,GAP,1662,,,,1684480,expected 1645
10.628600,GAP,1664,,,,1684480,expected 1645
10.628910,GAP,1665,,,,1684480,expected 1645
10.636022,DELIVER,1645,,,,1685504,
10.636319,DELIVER,1646,,,,1686528,
10.636559,DELIVER,1647,,,,1687552,
10.637727,DELIVER,1648,,,,1688576,
10.638029,DELIVER,1649,,,,1689600,
10.638375,DELIVER,1650,,,,1690624,
10.638720,DELIVER,1651,,,,1691648,
10.643897,DELIVER,1652,,,,1692672,
10.644941,GAP,1654,,,,1692672,expected 1653
10.645357,GAP,1655,,,,1692672,expected 1653
10.645746,GAP,1657,,,,1692672,expected 1653
10.646143,GAP,1658,,,,1692672,expected 1653
10.646699,GAP,1659,,,,1692672,expected 1653
10.646997,GAP,1660,,,,1692672,expected 1653
10.647281,GAP,1661,,,,1692672,expected 1653
10.647563,GAP,1662,,,,1692672,expected 1653
10.682249,GAP,1663,,,,1692672,expected 1653
10.682506,GAP,1664,,,,1692672,expected 1653
10.682724,GAP,1665,,,,1692672,expected 1653
10.685265,GAP,1666,,,,1692672,expected 1653
10.688562,GAP,1667,,,,1692672,expected 1653
10.690765,GAP,1668,,,,1692672,expected 1653
10.691062,GAP,1669,,,,1692672,expected 1653
10.691308,GAP,1670,,,,1692672,expected 1653
10.691606,DELIVER,1653,,,,1693696,
10.691916,DELIVER,1654,,,,1694720,
10.692437,DELIVER,1655,,,,1695744,
10.696690,DELIVER,1656,,,,1696768,
10.697153,DELIVER,1657,,,,1697792,
10.697544,DELIVER,1658,,,,1698816,
10.697896,DELIVER,1659,,,,1699840,
10.698153,DELIVER,1660,,,,1700864,
10.698405,DELIVER,1661,,,,1701888,
10.698657,DELIVER,1662,,,,1702912,
10.698906,DELIVER,1663,,,,1703936,
10.699210,DELIVER,1664,,,,1704960,
10.699462,DELIVER,1665,,,,1705984,
10.699658,DELIVER,1666,,,,1707008,
10.699851,DELIVER,1667,,,,1708032,
10.700044,DELIVER,1668,,,,1709056,
10.700236,DELIVER,1669,,,,1710080,
10.700429,GAP,1671,,,,1710080,expected 1670
10.743637,GAP,1672,,,,1710080,expected 1670
10.743940,GAP,1673,,,,1710080,expected 1670
10.744235,GAP,1674,,,,1710080,expected 1670
10.749212,GAP,1675,,,,1710080,expected 1670
10.749532,GAP,1676,,,,1710080,expected 1670
10.749869,GAP,1677,,,,1710080,expected 1670
10.750111,GAP,1678,,,,1710080,expected 1670
10.750443,GAP,1679,,,,1710080,expected 1670
10.751049,DELIVER,1670,,,,1711104,
10.751354,DELIVER,1671,,,,1712128,
10.754644,DELIVER,1672,,,,1713152,
10.754927,DELIVER,1673,,,,1714176,
10.755134,DELIVER,1674,,,,1715200,
10.755353,DELIVER,1675,,,,1716224,
10.755557,DELIVER,1676,,,,1717248,
10.755791,DELIVER,1677,,,,1718272,
10.756022,DELIVER,1678,,,,1719296,
10.756369,DELIVER,1679,,,,1720320,
10.756676,DELIVER,1680,,,,1721344,
10.756958,DELIVER,1681,,,,1722368,
10.757212,DELIVER,1682,,,,1723392,
10.757463,DELIVER,1683,,,,1724416,
10.757713,GAP,1685,,,,1724416,expected 1684
10.757972,GAP,1686,,,,1724416,expected 1684
10.758211,GAP,1687,,,,1724416,expected 1684
10.796616,GAP,1688,,,,1724416,expected 1684
10.802315,GAP,1689,,,,1724416,expected 1684
10.802762,GAP,1690,,,,1724416,expected 1684
10.803026,DELIVER,1684,,,,1725440,
10.804860,DELIVER,1685,,,,1726464,
10.808039,DELIVER,1686,,,,1727488,
10.808378,DELIVER,1687,,,,1728512,
10.808658,DELIVER,1688,,,,1729536,
10.808970,DELIVER,1689,,,,1730560,
10.809232,DELIVER,1690,,,,1731584,
10.809743,DELIVER,1691,,,,1732608,
10.810034,DELIVER,1692,,,,1733632,
10.811173,DELIVER,1693,,,,1734656,
10.811459,DELIVER,1694,,,,1735680,
10.811702,DELIVER,1695,,,,1736704,
10.811951,DELIVER,1696,,,,1737728,
10.812199,DELIVER,1697,,,,1738752,
10.812446,DELIVER,1698,,,,1739776,
10.812692,DELIVER,1699,,,,1740800,
10.850115,DELIVER,1700,,,,1741824,
10.859463,DELIVER,1701,,,,1742848,
10.859960,DELIVER,1702,,,,1743872,
10.860241,DELIVER,1703,,,,1744896,
10.860598,DELIVER,1704,,,,1745920,
10.861127,DELIVER,1705,,,,1746944,
10.861395,DELIVER,1706,,,,1747968,
10.861644,DELIVER,1707,,,,1748992,
10.861890,DELIVER,1708,,,,1750016,
10.862137,DELIVER,1709,,,,1751040,
10.862382,DELIVER,1710,,,,1752064,
10.863948,DELIVER,1711,,,,1753088,
10.864218,DELIVER,1712,,,,1754112,
10.864463,DELIVER,1713,,,,1755136,
10.864711,DELIVER,1714,,,,1756160,
10.864957,DELIVER,1715,,,,1757184,
10.865203,DELIVER,1716,,,,1758208,
10.901287,DELIVER,1717,,,,1759232,
10.906507,DELIVER,1718,,,,1760256,
10.906806,DELIVER,1719,,,,1761280,
10.907077,DELIVER,1720,,,,1762304,
10.911935,DELIVER,1721,,,,1763328,
10.912344,DELIVER,1722,,,,1764352,
10.912642,DELIVER,1723,,,,1765376,
10.912933,DELIVER,1724,,,,1766400,
10.913167,DELIVER,1725,,,,1767424,
10.915180,DELIVER,1726,,,,1768448,
10.915538,DELIVER,1727,,,,1769472,
10.915879,DELIVER,1728,,,,1770496,
10.916763,DELIVER,1729,,,,1771520,
10.917137,DELIVER,1730,,,,1772544,
10.917390,DELIVER,1731,,,,1773568,
10.917623,DELIVER,1732,,,,1774592,
10.917923,DELIVER,1733,,,,1775616,
10.918195,DELIVER,1734,,,,1776640,
10.944592,DELIVER,1735,,,,1777664,
10.953878,DELIVER,1736,,,,1778688,
10.954187,DELIVER,1737,,,,1779712,
10.957742,DELIVER,1738,,,,1780736,
10.960437,DELIVER,1739,,,,1781760,
10.961481,DELIVER,1740,,,,1782784,
10.961773,DELIVER,1741,,,,1783808,
10.962715,DELIVER,1742,,,,1784832,
10.963381,DELIVER,1743,,,,1785856,
10.963691,DELIVER,1744,,,,1786880,
10.963954,DELIVER,1745,,,,1787904,
10.964205,DELIVER,1746,,,,1788928,
10.964452,DELIVER,1747,,,,1789952,
10.966764,DELIVER,1748,,,,1790976,
10.967024,DELIVER,1749,,,,1792000,
10.967274,DELIVER,1750,,,,1793024,
10.967524,DELIVER,1751,,,,1794048,
10.967772,GAP,1753,,,,1794048,expected 1752
10.989411,GAP,1754,,,,1794048,expected 1752
11.002466,GAP,1755,,,,1794048,expected 1752
11.006798,GAP,1756,,,,1794048,expected 1752
11.011693,GAP,1757,,,,1794048,expected 1752
11.011991,GAP,1758,,,,1794048,expected 1752
11.012269,GAP,1759,,,,1794048,expected 1752
11.012549,GAP,1760,,,,1794048,expected 1752
11.012802,GAP,1761,,,,1794048,expected 1752
11.018950,GAP,1762,,,,1794048,expected 1752
11.019237,GAP,1763,,,,1794048,expected 1752
11.019469,GAP,1764,,,,1794048,expected 1752
11.019709,GAP,1765,,,,1794048,expected 1752
11.019958,GAP,1766,,,,1794048,expected 1752
11.020253,GAP,1767,,,,1794048,expected 1752
11.020609,GAP,1768,,,,1794048,expected 1752
11.020895,GAP,1769,,,,1794048,expected 1752
11.021174,GAP,1770,,,,1794048,expected 1752
11.021465,GAP,1771,,,,1794048,expected 1752
11.021749,DELIVER,1752,,,,1795072,
11.022006,GAP,1754,,,,1795072,expected 1753
11.022265,GAP,1755,,,,1795072,expected 1753
11.022478,GAP,1756,,,,1795072,expected 1753
11.022677,GAP,1757,,,,1795072,expected 1753
11.024742,GAP,1758,,,,1795072,expected 1753
11.024978,GAP,1759,,,,1795072,expected 1753
11.025226,GAP,1760,,,,1795072,expected 1753
11.025449,GAP,1761,,,,1795072,expected 1753
11.025671,GAP,1762,,,,1795072,expected 1753
11.025897,GAP,1763,,,,1795072,expected 1753
11.026134,GAP,1764,,,,1795072,expected 1753
11.026415,GAP,1765,,,,1795072,expected 1753
11.026697,GAP,1766,,,,1795072,expected 1753
11.026985,GAP,1767,,,,1795072,expected 1753
11.027241,GAP,1768,,,,1795072,expected 1753
11.027498,GAP,1769,,,,1795072,expected 1753
11.072561,DELIVER,1753,,,,1796096,
11.072837,DELIVER,1754,,,,1797120,
11.073057,DELIVER,1755,,,,1798144,
11.073268,GAP,1757,,,,1798144,expected 1756
11.073473,GAP,1758,,,,1798144,expected 1756
11.078036,GAP,1759,,,,1798144,expected 1756
11.078271,GAP,1760,,,,1798144,expected 1756
11.078504,GAP,1761,,,,1798144,expected 1756
11.078723,GAP,1762,,,,1798144,expected 1756
11.078940,GAP,1763,,,,1798144,expected 1756
11.079153,GAP,1764,,,,1798144,expected 1756
11.079369,GAP,1765,,,,1798144,expected 1756
11.079568,GAP,1766,,,,1798144,expected 1756
11.079768,GAP,1767,,,,1798144,expected 1756
11.079968,GAP,1768,,,,1798144,expected 1756
11.080168,GAP,1769,,,,1798144,expected 1756
11.080371,GAP,1770,,,,1798144,expected 1756
11.118595,GAP,1771,,,,1798144,expected 1756
11.127332,DELIVER,1756,,,,1799168,
11.127576,DELIVER,1757,,,,1800192,
11.127781,DELIVER,1758,,,,1801216,
11.127978,DELIVER,1759,,,,1802240,
11.128174,DELIVER,1760,,,,1803264,
11.128368,DELIVER,1761,,,,1804288,
11.128562,DELIVER,1762,,,,1805312,
11.128756,DELIVER,1763,,,,1806336,
11.128968,DELIVER,1764,,,,1807360,
11.129164,DELIVER,1765,,,,1808384,
11.129357,DELIVER,1766,,,,1809408,
11.129552,DELIVER,1767,,,,1810432,
11.129744,DELIVER,1768,,,,1811456,
11.129934,DELIVER,1769,,,,1812480,
11.130126,DELIVER,1770,,,,1813504,
11.130319,DELIVER,1771,,,,1814528,
11.130512,DELIVER,1772,,,,1815552,
11.130704,DELIVER,1773,,,,1816576,
11.172172,DELIVER,1774,,,,1817600,
11.174005,DELIVER,1775,,,,1818624,
11.182004,DELIVER,1776,,,,1819648,
11.182415,DELIVER,1777,,,,1820672,
11.182946,DELIVER,1778,,,,1821696,
11.183516,DELIVER,1779,,,,1822720,
11.183837,DELIVER,1780,,,,1823744,
11.184095,DELIVER,1781,,,,1824768,
11.184345,DELIVER,1782,,,,1825792,
11.184600,DELIVER,1783,,,,1826816,
11.184850,DELIVER,1784,,,,1827840,
11.185098,DELIVER,1785,,,,1828864,
11.185602,DELIVER,1786,,,,1829888,
11.185870,DELIVER,1787,,,,1830912,
11.186122,DELIVER,1788,,,,1831936,
11.186370,DELIVER,1789,,,,1832960,
11.186619,DELIVER,1790,,,,1833984,
11.186869,DELIVER,1791,,,,1835008,
11.187207,DELIVER,1792,,,,1836032,
11.215051,DELIVER,1793,,,,1837056,
11.215376,DELIVER,1794,,,,1838080,
11.225163,DELIVER,1795,,,,1839104,
11.233783,DELIVER,1796,,,,1840128,
11.234166,DELIVER,1797,,,,1841152,
11.238143,DELIVER,1798,,,,1842176,
11.238668,DELIVER,1799,,,,1843200,
11.239184,DELIVER,1800,,,,1844224,
11.239482,DELIVER,1801,,,,1845248,
11.239736,DELIVER,1802,,,,1846272,
11.240002,DELIVER,1803,,,,1847296,
11.240400,DELIVER,1804,,,,1848320,
11.240654,DELIVER,1805,,,,1849344,
11.240897,DELIVER,1806,,,,1850368,
11.241201,DELIVER,1807,,,,1851392,
11.241499,DELIVER,1808,,,,1852416,
11.241730,DELIVER,1809,,,,1853440,
11.241932,DELIVER,1810,,,,1854464,
11.242165,DELIVER,1811,,,,1855488,
11.263235,GAP,1813,,,,1855488,expected 1812
11.263989,GAP,1814,,,,1855488,expected 1812
11.267280,GAP,1815,,,,1855488,expected 1812
11.287936,GAP,1816,,,,1855488,expected 1812
11.288402,GAP,1817,,,,1855488,expected 1812
11.288805,GAP,1818,,,,1855488,expected 1812
11.289159,GAP,1819,,,,1855488,expected 1812
11.294741,GAP,1820,,,,1855488,expected 1812
11.294975,GAP,1821,,,,1855488,expected 1812
11.295192,GAP,1822,,,,1855488,expected 1812
11.295419,GAP,1823,,,,1855488,expected 1812
11.295661,GAP,1824,,,,1855488,expected 1812
11.295862,GAP,1826,,,,1855488,expected 1812
11.296062,GAP,1827,,,,1855488,expected 1812
11.296265,GAP,1828,,,,1855488,expected 1812
11.296483,GAP,1829,,,,1855488,expected 1812
11.296702,GAP,1830,,,,1855488,expected 1812
11.296917,GAP,1831,,,,1855488,expected 1812
11.297129,GAP,1832,,,,1855488,expected 1812
11.311876,DELIVER,1812,,,,1856512,
11.317666,DELIVER,1813,,,,1857536,
11.317929,DELIVER,1814,,,,1858560,
11.318181,DELIVER,1815,,,,1859584,
11.318434,DELIVER,1816,,,,1860608,
11.318682,GAP,1818,,,,1860608,expected 1817
11.318947,GAP,1819,,,,1860608,expected 1817
11.319202,GAP,1820,,,,1860608,expected 1817
11.319458,GAP,1821,,,,1860608,expected 1817
11.319716,GAP,1822,,,,1860608,expected 1817
11.319974,GAP,1823,,,,1860608,expected 1817
11.320229,GAP,1824,,,,1860608,expected 1817
11.320484,GAP,1825,,,,1860608,expected 1817
11.320739,GAP,1826,,,,1860608,expected 1817
11.320997,GAP,1827,,,,1860608,expected 1817
11.321253,GAP,1828,,,,1860608,expected 1817
11.321508,GAP,1829,,,,1860608,expected 1817
11.353608,GAP,1830,,,,1860608,expected 1817
11.371791,DELIVER,1817,,,,1861632,
11.372174,DELIVER,1818,,,,1862656,
11.373690,DELIVER,1819,,,,1863680,
11.374265,DELIVER,1820,,,,1864704,
11.375047,DELIVER,1821,,,,1865728,
11.375465,DELIVER,1822,,,,1866752,
11.375776,DELIVER,1823,,,,1867776,
11.377300,DELIVER,1824,,,,1868800,
11.377699,DELIVER,1825,,,,1869824,
11.378094,DELIVER,1826,,,,1870848,
11.378379,DELIVER,1827,,,,1871872,
11.378648,DELIVER,1828,,,,1872896,
11.379020,DELIVER,1829,,,,1873920,
11.379362,DELIVER,1830,,,,1874944,
11.379691,DELIVER,1831,,,,1875968,
11.379976,DELIVER,1832,,,,1876992,
11.380219,DELIVER,1833,,,,1878016,
11.380690,DELIVER,1834,,,,1879040,
11.380946,DELIVER,1835,,,,1880064,
11.426762,DELIVER,1836,,,,1881088,
11.427231,DELIVER,1837,,,,1882112,
11.427522,DELIVER,1838,,,,1883136,
11.427974,DELIVER,1839,,,,1884160,
11.428367,DELIVER,1840,,,,1885184,
11.428759,DELIVER,1841,,,,1886208,
11.429038,DELIVER,1842,,,,1887232,
11.429362,DELIVER,1843,,,,1888256,
11.432971,DELIVER,1844,,,,1889280,
11.433258,DELIVER,1845,,,,1890304,
11.433614,DELIVER,1846,,,,1891328,
11.433902,DELIVER,1847,,,,1892352,
11.434128,DELIVER,1848,,,,1893376,
11.434393,DELIVER,1849,,,,1894400,
11.434619,DELIVER,1850,,,,1895424,
11.434831,DELIVER,1851,,,,1896448,
11.435032,DELIVER,1852,,,,1897472,
11.435295,DELIVER,1853,,,,1898496,
11.435650,GAP,1855,,,,1898496,expected 1854
11.473191,GAP,1856,,,,1898496,expected 1854
11.480215,GAP,1857,,,,1898496,expected 1854
11.480583,GAP,1858,,,,1898496,expected 1854
11.481041,GAP,1859,,,,1898496,expected 1854
11.481379,GAP,1860,,,,1898496,expected 1854
11.483517,GAP,1861,,,,1898496,expected 1854
11.483820,GAP,1862,,,,1898496,expected 1854
11.484116,GAP,1864,,,,1898496,expected 1854
11.484378,GAP,1865,,,,1898496,expected 1854
11.484656,GAP,1866,,,,1898496,expected 1854
11.485494,DELIVER,1854,,,,1899520,
11.485753,DELIVER,1855,,,,1900544,
11.486048,DELIVER,1856,,,,1901568,
11.486379,DELIVER,1857,,,,1902592,
11.486835,GAP,1859,,,,1902592,expected 1858
11.487255,GAP,1860,,,,1902592,expected 1858
11.487583,GAP,1861,,,,1902592,expected 1858
11.489931,GAP,1863,,,,1902592,expected 1858
11.490234,GAP,1864,,,,1902592,expected 1858
11.490522,GAP,1865,,,,1902592,expected 1858
11.490823,GAP,1866,,,,1902592,expected 1858
11.491104,GAP,1867,,,,1902592,expected 1858
11.491389,GAP,1868,,,,1902592,expected 1858
11.491666,GAP,1869,,,,1902592,expected 1858
11.491951,GAP,1870,,,,1902592,expected 1858
11.492235,GAP,1871,,,,1902592,expected 1858
11.529826,GAP,1872,,,,1902592,expected 1858
11.534123,GAP,1873,,,,1902592,expected 1858
11.534440,GAP,1874,,,,1902592,expected 1858
11.538156,GAP,1875,,,,1902592,expected 1858
11.538499,GAP,1860,,,,1902592,expected 1858
11.546463,GAP,1861,,,,1902592,expected 1858
11.546820,GAP,1862,,,,1902592,expected 1858
11.547107,GAP,1863,,,,1902592,expected 1858
11.547386,GAP,1864,,,,1902592,expected 1858
11.547672,GAP,1865,,,,1902592,expected 1858
11.547950,GAP,1866,,,,1902592,expected 1858
11.548216,GAP,1867,,,,1902592,expected 1858
11.548434,GAP,1868,,,,1902592,expected 1858
11.548653,GAP,1869,,,,1902592,expected 1858
11.548887,GAP,1870,,,,1902592,expected 1858
11.549118,GAP,1871,,,,1902592,expected 1858
11.549323,GAP,1872,,,,1902592,expected 1858
11.549524,GAP,1873,,,,1902592,expected 1858
11.549727,GAP,1874,,,,1902592,expected 1858
11.549926,GAP,1875,,,,1902592,expected 1858
11.734507,DELIVER,1858,,,,1903616,
11.741512,DELIVER,1859,,,,1904640,
11.741958,DELIVER,1860,,,,1905664,
11.742544,DELIVER,1861,,,,1906688,
11.742957,DELIVER,1862,,,,1907712,
11.743326,DELIVER,1863,,,,1908736,
11.743572,DELIVER,1864,,,,1909760,
11.743776,DELIVER,1865,,,,1910784,
11.744034,DELIVER,1866,,,,1911808,
11.744276,DELIVER,1867,,,,1912832,
11.744511,DELIVER,1868,,,,1913856,
11.745012,DELIVER,1869,,,,1914880,
11.745392,DELIVER,1870,,,,1915904,
11.745690,DELIVER,1871,,,,1916928,
11.748527,DELIVER,1872,,,,1917952,
11.749161,DELIVER,1873,,,,1918976,
11.749438,DELIVER,1874,,,,1920000,
11.749675,DELIVER,1875,,,,1921024,
11.772062,DELIVER,1876,,,,1922048,
11.789532,DELIVER,1877,,,,1923072,
11.791376,DELIVER,1878,,,,1924096,
11.793637,DELIVER,1879,,,,1925120,
11.793923,DELIVER,1880,,,,1926144,
11.794149,DELIVER,1881,,,,1927168,
11.794784,DELIVER,1882,,,,1928192,
11.795047,DELIVER,1883,,,,1929216,
11.795284,DELIVER,1884,,,,1930240,
11.795584,DELIVER,1885,,,,1931264,
11.795823,DELIVER,1886,,,,1932288,
11.796037,DELIVER,1887,,,,1933312,
11.796250,DELIVER,1888,,,,1934336,
11.796462,DELIVER,1889,,,,1935360,
11.796798,DELIVER,1890,,,,1936384,
11.799362,DELIVER,1891,,,,1937408,
11.799635,DELIVER,1892,,,,1938432,
11.802694,DELIVER,1893,,,,1939456,
11.802997,DELIVER,1894,,,,1940480,
11.819274,DELIVER,1895,,,,1941504,
11.842722,DELIVER,1896,,,,1942528,
11.843246,DELIVER,1897,,,,1943552,
11.843662,DELIVER,1898,,,,1944576,
11.844185,DELIVER,1899,,,,1945600,
11.845665,DELIVER,1900,,,,1946624,
11.846223,DELIVER,1901,,,,1947648,
11.846612,GAP,1903,,,,1947648,expected 1902
11.846973,GAP,1905,,,,1947648,expected 1902
11.847253,GAP,1906,,,,1947648,expected 1902
11.847946,GAP,1907,,,,1947648,expected 1902
11.850084,GAP,1908,,,,1947648,expected 1902
11.850450,GAP,1909,,,,1947648,expected 1902
11.851746,GAP,1910,,,,1947648,expected 1902
11.852082,GAP,1911,,,,1947648,expected 1902
11.852330,GAP,1912,,,,1947648,expected 1902
11.852579,GAP,1913,,,,1947648,expected 1902
11.857582,GAP,1914,,,,1947648,expected 1902
11.857894,GAP,1915,,,,1947648,expected 1902
11.890418,GAP,1916,,,,1947648,expected 1902
11.890770,DELIVER,1902,,,,1948672,
11.891079,DELIVER,1903,,,,1949696,
11.891332,DELIVER,1904,,,,1950720,
11.899841,DELIVER,1905,,,,1951744,
11.900389,DELIVER,1906,,,,1952768,
11.900803,DELIVER,1907,,,,1953792,
11.901092,DELIVER,1908,,,,1954816,
11.901372,DELIVER,1909,,,,1955840,
11.901678,DELIVER,1910,,,,1956864,
11.901997,DELIVER,1911,,,,1957888,
11.902430,DELIVER,1912,,,,1958912,
11.902743,DELIVER,1913,,,,1959936,
11.903013,DELIVER,1914,,,,1960960,
11.903266,DELIVER,1915,,,,1961984,
11.903515,DELIVER,1916,,,,1963008,
11.903764,DELIVER,1917,,,,1964032,
11.904012,DELIVER,1918,,,,1965056,
11.904235,DELIVER,1919,,,,1966080,
11.937134,DELIVER,1920,,,,1967104,
11.937464,DELIVER,1921,,,,1968128,
11.937928,DELIVER,1922,,,,1969152,
11.941367,DELIVER,1923,,,,1970176,
11.949564,DELIVER,1924,,,,1971200,
11.950342,DELIVER,1925,,,,1972224,
11.950710,DELIVER,1926,,,,1973248,
11.951056,DELIVER,1927,,,,1974272,
11.951559,DELIVER,1928,,,,1975296,
11.951909,DELIVER,1929,,,,1976320,
11.952148,DELIVER,1930,,,,1977344,
11.954435,DELIVER,1931,,,,1978368,
11.954798,DELIVER,1932,,,,1979392,
11.955061,DELIVER,1933,,,,1980416,
11.960324,DELIVER,1934,,,,1981440,
11.960594,DELIVER,1935,,,,1982464,
11.960845,DELIVER,1936,,,,1983488,
11.961045,DELIVER,1937,,,,1984512,
11.961241,DELIVER,1938,,,,1985536,
11.982133,DELIVER,1939,,,,1986560,
11.987682,DELIVER,1940,,,,1987584,
11.987896,DELIVER,1941,,,,1988608,
11.988090,DELIVER,1942,,,,1989632,
11.988288,DELIVER,1943,,,,1990656,
11.992561,DELIVER,1944,,,,1991680,
11.997511,DELIVER,1945,,,,1992704,
11.997726,DELIVER,1946,,,,1993728,
11.997924,DELIVER,1947,,,,1994752,
12.001490,DELIVER,1948,,,,1995776,
12.001690,GAP,1950,,,,1995776,expected 1949
12.001893,GAP,1951,,,,1995776,expected 1949
12.007951,GAP,1952,,,,1995776,expected 1949
12.008194,GAP,1953,,,,1995776,expected 1949
12.008443,GAP,1954,,,,1995776,expected 1949
12.008649,GAP,1955,,,,1995776,expected 1949
12.008851,GAP,1956,,,,1995776,expected 1949
12.009052,GAP,1957,,,,1995776,expected 1949
12.009714,GAP,1958,,,,1995776,expected 1949
12.020920,GAP,1959,,,,1995776,expected 1949
12.023732,GAP,1960,,,,1995776,expected 1949
12.035094,GAP,1961,,,,1995776,expected 1949
12.035318,GAP,1962,,,,1995776,expected 1949
12.035526,GAP,1963,,,,1995776,expected 1949
12.050271,GAP,1965,,,,1995776,expected 1949
12.052101,GAP,1966,,,,1995776,expected 1949
12.052413,GAP,1967,,,,1995776,expected 1949
12.052671,GAP,1968,,,,1995776,expected 1949
12.052919,GAP,1969,,,,1995776,expected 1949
12.053160,DELIVER,1949,,,,1996800,
12.054443,DELIVER,1950,,,,1997824,
12.054710,DELIVER,1951,,,,1998848,
12.056430,DELIVER,1952,,,,1999872,
12.056700,GAP,1954,,,,1999872,expected 1953
12.056954,GAP,1955,,,,1999872,expected 1953
12.057200,GAP,1956,,,,1999872,expected 1953
12.057457,GAP,1957,,,,1999872,expected 1953
12.057698,GAP,1958,,,,1999872,expected 1953
12.057958,GAP,1959,,,,1999872,expected 1953
12.058433,GAP,1960,,,,1999872,expected 1953
12.058954,GAP,1961,,,,1999872,expected 1953
12.059282,GAP,1962,,,,1999872,expected 1953
12.059566,GAP,1963,,,,1999872,expected 1953
12.061120,GAP,1964,,,,1999872,expected 1953
12.061402,GAP,1965,,,,1999872,expected 1953
12.061681,GAP,1966,,,,1999872,expected 1953
12.098630,DELIVER,1953,,,,2000896,
12.102457,DELIVER,1954,,,,2001920,
12.111498,DELIVER,1955,,,,2002944,
12.112070,DELIVER,1956,,,,2003968,
12.112383,DELIVER,1957,,,,2004992,
12.112659,DELIVER,1958,,,,2006016,
12.113067,DELIVER,1959,,,,2007040,
12.113463,DELIVER,1960,,,,2008064,
12.113888,DELIVER,1961,,,,2009088,
12.114265,DELIVER,1962,,,,2010112,
12.114867,GAP,1964,,,,2010112,expected 1963
12.115177,GAP,1965,,,,2010112,expected 1963
12.115548,GAP,1966,,,,2010112,expected 1963
12.116585,GAP,1967,,,,2010112,expected 1963
12.116885,GAP,1968,,,,2010112,expected 1963
12.117164,GAP,1969,,,,2010112,expected 1963
12.117372,GAP,1970,,,,2010112,expected 1963
12.145223,GAP,1971,,,,2010112,expected 1963
12.150412,GAP,1973,,,,2010112,expected 1963
12.157153,GAP,1974,,,,2010112,expected 1963
12.163153,GAP,1975,,,,2010112,expected 1963
12.163770,DELIVER,1963,,,,2011136,
12.165380,DELIVER,1964,,,,2012160,
12.166555,DELIVER,1965,,,,2013184,
12.166816,DELIVER,1966,,,,2014208,
12.167068,DELIVER,1967,,,,2015232,
12.167317,DELIVER,1968,,,,2016256,
12.167565,DELIVER,1969,,,,2017280,
12.167813,DELIVER,1970,,,,2018304,
12.168060,DELIVER,1971,,,,2019328,
12.168310,DELIVER,1972,,,,2020352,
12.168665,GAP,1974,,,,2020352,expected 1973
12.168965,GAP,1975,,,,2020352,expected 1973
12.169255,GAP,1976,,,,2020352,expected 1973
12.169542,GAP,1977,,,,2020352,expected 1973
12.169828,GAP,1978,,,,2020352,expected 1973
12.170112,GAP,1979,,,,2020352,expected 1973
12.170329,GAP,1980,,,,2020352,expected 1973
12.170530,GAP,1981,,,,2020352,expected 1973
12.202027,GAP,1982,,,,2020352,expected 1973
12.202259,GAP,1983,,,,2020352,expected 1973
12.228183,DELIVER,1973,,,,2021376,
12.228482,DELIVER,1974,,,,2022400,
12.228793,DELIVER,1975,,,,2023424,
12.229417,DELIVER,1976,,,,2024448,
12.229752,DELIVER,1977,,,,2025472,
12.230115,DELIVER,1978,,,,2026496,
12.230667,DELIVER,1979,,,,2027520,
12.231550,DELIVER,1980,,,,2028544,
12.231973,DELIVER,1981,,,,2029568,
12.232367,DELIVER,1982,,,,2030592,
12.233302,DELIVER,1983,,,,2031616,
12.233569,DELIVER,1984,,,,2032640,
12.233819,DELIVER,1985,,,,2033664,
12.234065,DELIVER,1986,,,,2034688,
12.234310,DELIVER,1987,,,,2035712,
12.234556,DELIVER,1988,,,,2036736,
12.234803,DELIVER,1989,,,,2037760,
12.282600,DELIVER,1990,,,,2038784,
12.283481,DELIVER,1991,,,,2039808,
12.283996,DELIVER,1992,,,,2040832,
12.284403,DELIVER,1993,,,,2041856,
12.286050,DELIVER,1994,,,,2042880,
12.286318,DELIVER,1995,,,,2043904,
12.286571,DELIVER,1996,,,,2044928,
12.286798,DELIVER,1997,,,,2045952,
12.287037,DELIVER,1998,,,,2046976,
12.287321,DELIVER,1999,,,,2048000,
12.287546,GAP,2001,,,,2048000,expected 2000
12.287805,GAP,2002,,,,2048000,expected 2000
12.288072,GAP,2003,,,,2048000,expected 2000
12.288335,GAP,2004,,,,2048000,expected 2000
12.289784,GAP,2005,,,,2048000,expected 2000
12.290092,GAP,2006,,,,2048000,expected 2000
12.290393,GAP,2007,,,,2048000,expected 2000
12.326081,GAP,2008,,,,2048000,expected 2000
12.326439,GAP,2009,,,,2048000,expected 2000
12.327903,GAP,2010,,,,2048000,expected 2000
12.332576,GAP,2011,,,,2048000,expected 2000
12.333219,GAP,2012,,,,2048000,expected 2000
12.333794,GAP,2013,,,,2048000,expected 2000
12.339025,DELIVER,2000,,,,2049024,
12.339359,DELIVER,2001,,,,2050048,
12.339697,DELIVER,2002,,,,2051072,
12.339981,DELIVER,2003,,,,2052096,
12.340253,DELIVER,2004,,,,2053120,
12.340703,DELIVER,2005,,,,2054144,
12.341126,DELIVER,2006,,,,2055168,
12.341443,DELIVER,2007,,,,2056192,
12.341681,DELIVER,2008,,,,2057216,
12.341900,DELIVER,2009,,,,2058240,
12.342147,DELIVER,2010,,,,2059264,
12.342391,DELIVER,2011,,,,2060288,
12.342614,DELIVER,2012,,,,2061312,
12.342849,DELIVER,2013,,,,2062336,
12.343072,DELIVER,2014,,,,2063360,
12.343385,DELIVER,2015,,,,2064384,
12.343677,DELIVER,2016,,,,2065408,
12.379114,DELIVER,2017,,,,2066432,
12.386908,DELIVER,2018,,,,2067456,
12.392665,DELIVER,2019,,,,2068480,
12.393007,DELIVER,2020,,,,2069504,
12.393238,DELIVER,2021,,,,2070528,
12.394560,DELIVER,2022,,,,2071552,
12.395581,DELIVER,2023,,,,2072576,
12.395922,DELIVER,2024,,,,2073600,
12.396420,DELIVER,2025,,,,2074624,
12.396660,DELIVER,2026,,,,2075648,
12.396942,DELIVER,2027,,,,2076672,
12.397242,DELIVER,2028,,,,2077696,
12.397572,DELIVER,2029,,,,2078720,
12.398090,DELIVER,2030,,,,2079744,
12.398955,DELIVER,2031,,,,2080768,
12.399640,DELIVER,2032,,,,2081792,
12.420240,GAP,2034,,,,2081792,expected 2033
12.420626,GAP,2035,,,,2081792,expected 2033
12.430789,GAP,2036,,,,2081792,expected 2033
12.446250,GAP,2037,,,,2081792,expected 2033
12.446653,GAP,2039,,,,2081792,expected 2033
12.447930,GAP,2040,,,,2081792,expected 2033
12.448342,GAP,2041,,,,2081792,expected 2033
12.448930,GAP,2042,,,,2081792,expected 2033
12.449253,GAP,2043,,,,2081792,expected 2033
12.449630,GAP,2044,,,,2081792,expected 2033
12.449964,GAP,2045,,,,2081792,expected 2033
12.450197,GAP,2046,,,,2081792,expected 2033
12.450753,GAP,2047,,,,2081792,expected 2033
12.458122,DELIVER,2033,,,,2082816,
12.458451,DELIVER,2034,,,,2083840,
12.458677,DELIVER,2035,,,,2084864,
12.465170,DELIVER,2036,,,,2085888,
12.465667,DELIVER,2037,,,,2086912,
12.465888,DELIVER,2038,,,,2087936,
12.466272,DELIVER,2039,,,,2088960,
12.466812,GAP,2041,,,,2088960,expected 2040
12.467094,GAP,2042,,,,2088960,expected 2040
12.467445,GAP,2043,,,,2088960,expected 2040
12.467791,GAP,2044,,,,2088960,expected 2040
12.468165,GAP,2045,,,,2088960,expected 2040
12.468418,GAP,2046,,,,2088960,expected 2040
12.468659,GAP,2047,,,,2088960,expected 2040
12.505473,DELIVER,2040,,,,2089984,
12.513185,DELIVER,2041,,,,2091008,
12.513553,DELIVER,2042,,,,2092032,
12.513836,DELIVER,2043,,,,2093056,
12.514313,DELIVER,2044,,,,2094080,
12.515114,DELIVER,2045,,,,2095104,
12.515470,DELIVER,2046,,,,2096128,
12.515869,DELIVER,2047,,,,2097152,
12.560933,FIN,2048,,,,2097152,"all data received, acking FIN"
