t,event,seq,cwnd,srtt_ms,rto_ms,bytes_acked,info
0.000764,SEND,0,4.000,,1000.000,0,
0.000854,SEND,1,4.000,,1000.000,0,
0.000931,SEND,2,4.000,,1000.000,0,
0.001004,SEND,3,4.000,,1000.000,0,
0.001012,STATS,-1,4.000,,1000.000,0,base=0 next=4 inflight=4
0.046004,ACK,0,4.250,45.224,135.671,1024,base=1
0.046048,ACK,1,4.485,45.219,113.094,2048,base=2
0.046073,ACK,2,4.708,45.208,100.000,3072,base=3
0.046091,ACK,3,4.921,45.193,100.000,4096,base=4
0.048447,SEND,4,4.921,45.193,100.000,4096,
0.048550,SEND,5,4.921,45.193,100.000,4096,
0.048647,SEND,6,4.921,45.193,100.000,4096,
0.048743,SEND,7,4.921,45.193,100.000,4096,
0.093917,ACK,4,5.124,45.226,100.000,5120,base=5
0.096474,SEND,8,5.124,45.226,100.000,5120,
0.096613,SEND,9,5.124,45.226,100.000,5120,
0.100379,ACK,6,5.319,46.038,100.000,6144,base=5
0.100414,NAK,5,5.319,,,6144,
0.100567,RETX,5,4.728,46.038,100.000,6144,retx#1
0.100619,ACK,7,4.940,46.767,100.000,7168,base=5
0.101367,SEND,10,4.940,46.767,100.000,7168,
0.101382,STATS,-1,4.940,46.767,100.000,7168,base=5 next=11 inflight=4
0.133841,ACK,9,5.142,45.573,100.000,8192,base=5
0.134015,RETX,5,5.142,45.573,100.000,8192,retx#2
0.134200,SEND,11,5.142,45.573,100.000,8192,
0.134349,SEND,12,5.142,45.573,100.000,8192,
0.152114,ACK,5,5.336,45.573,100.000,9216,base=8
0.152135,ACK,10,5.524,46.223,100.000,10240,base=8
0.154530,SEND,13,5.524,46.223,100.000,10240,
0.154610,SEND,14,5.524,46.223,100.000,10240,
0.181141,DUPACK,5,5.524,,,10240,
0.181217,ACK,11,5.705,46.321,100.000,11264,base=8
0.181376,ACK,12,5.880,46.408,100.000,12288,base=8
0.181528,RETX,8,5.880,46.408,100.000,12288,retx#1
0.183149,SEND,15,5.880,46.408,100.000,12288,
0.183288,SEND,16,5.880,46.408,100.000,12288,
0.185966,ACK,13,6.050,44.536,100.000,13312,base=8
0.189925,SEND,17,6.050,44.536,100.000,13312,
0.190322,SEND,18,6.050,44.536,100.000,13312,
0.207425,STATS,-1,6.050,44.536,100.000,13312,base=8 next=19 inflight=6
0.232929,ACK,8,6.216,44.536,100.000,14336,base=14
0.234976,SEND,19,6.216,44.536,100.000,14336,
0.235880,ACK,15,6.376,45.557,100.000,15360,base=14
0.235942,ACK,16,6.533,46.444,100.000,16384,base=14
0.237913,SEND,20,6.533,46.444,100.000,16384,
0.238514,SEND,21,6.533,46.444,100.000,16384,
0.240221,ACK,17,6.686,46.924,100.000,17408,base=14
0.240663,RETX,14,5.943,46.924,100.000,17408,retx#1
0.240817,ACK,18,6.112,47.370,100.000,18432,base=14
0.241387,SEND,22,6.112,47.370,100.000,18432,
0.241737,SEND,23,6.112,47.370,100.000,18432,
0.289089,ACK,19,6.275,48.210,100.000,19456,base=14
0.289170,ACK,20,6.435,48.590,100.000,20480,base=14
0.289338,ACK,21,6.590,48.869,100.000,21504,base=14
0.289383,ACK,14,6.742,48.869,100.000,22528,base=22
0.289422,ACK,22,6.890,48.764,100.000,23552,base=23
0.289455,ACK,23,7.035,48.633,100.000,24576,base=24
0.290374,SEND,24,7.035,48.633,100.000,24576,
0.290560,SEND,25,7.035,48.633,100.000,24576,
0.290793,SEND,26,7.035,48.633,100.000,24576,
0.290969,SEND,27,7.035,48.633,100.000,24576,
0.291137,SEND,28,7.035,48.633,100.000,24576,
0.291382,SEND,29,7.035,48.633,100.000,24576,
0.291630,SEND,30,7.035,48.633,100.000,24576,
0.308350,STATS,-1,7.035,48.633,100.000,24576,base=24 next=31 inflight=7
0.340706,ACK,24,7.177,48.841,100.000,25600,base=25
0.340956,SEND,31,7.177,48.841,100.000,25600,
0.342564,ACK,25,7.317,49.232,100.000,26624,base=26
0.342631,ACK,26,7.453,49.557,100.000,27648,base=27
0.342666,ACK,27,7.588,49.824,100.000,28672,base=28
0.342699,ACK,28,7.719,50.041,100.000,29696,base=29
0.343742,SEND,32,7.719,50.041,100.000,29696,
0.343925,SEND,33,7.719,50.041,100.000,29696,
0.344160,SEND,34,7.719,50.041,100.000,29696,
0.344340,SEND,35,7.719,50.041,100.000,29696,
0.347463,ACK,29,7.849,50.792,100.000,30720,base=30
0.347538,ACK,30,7.976,51.431,100.000,31744,base=31
0.349710,SEND,36,7.976,51.431,100.000,31744,
0.349955,SEND,37,7.976,51.431,100.000,31744,
0.378661,ACK,31,8.102,49.712,100.000,32768,base=32
0.380411,SEND,38,8.102,49.712,100.000,32768,
0.380620,SEND,39,8.102,49.712,100.000,32768,
0.384815,ACK,32,8.225,48.617,100.000,33792,base=33
0.386008,SEND,40,8.225,48.617,100.000,33792,
0.389552,ACK,33,8.347,48.240,100.000,34816,base=34
0.391411,SEND,41,8.347,48.240,100.000,34816,
0.391878,ACK,34,8.466,48.172,100.000,35840,base=35
0.392583,ACK,35,8.585,48.171,100.000,36864,base=36
0.392658,ACK,36,8.701,47.518,100.000,37888,base=37
0.392695,ACK,37,8.816,46.920,100.000,38912,base=38
0.394176,SEND,42,8.816,46.920,100.000,38912,
0.394364,SEND,43,8.816,46.920,100.000,38912,
0.394539,SEND,44,8.816,46.920,100.000,38912,
0.394709,SEND,45,8.816,46.920,100.000,38912,
0.410880,STATS,-1,8.816,46.920,100.000,38912,base=38 next=46 inflight=8
0.420727,ACK,39,8.929,46.065,100.000,39936,base=38
0.420830,NAK,38,8.929,,,39936,
0.421069,RETX,38,7.937,46.065,100.000,39936,retx#1
0.433650,ACK,40,8.063,46.259,100.000,40960,base=38
0.433757,ACK,41,8.187,45.769,100.000,41984,base=38
0.434209,RETX,38,8.187,45.769,100.000,41984,retx#2
0.434323,ACK,44,8.309,45.020,100.000,43008,base=38
0.435108,SEND,46,8.309,45.020,100.000,43008,
0.435321,SEND,47,8.309,45.020,100.000,43008,
0.435697,SEND,48,8.309,45.020,100.000,43008,
0.436013,SEND,49,8.309,45.020,100.000,43008,
0.438740,ACK,45,8.430,44.893,100.000,44032,base=38
0.441401,SEND,50,8.430,44.893,100.000,44032,
0.465187,ACK,38,8.548,44.893,100.000,45056,base=42
0.466088,SEND,51,8.548,44.893,100.000,45056,
0.473858,DUPACK,38,8.548,,,45056,
0.473948,ACK,46,8.665,44.135,100.000,46080,base=42
0.476353,SEND,52,8.665,44.135,100.000,46080,
0.479844,ACK,47,8.781,44.180,100.000,47104,base=42
0.479929,ACK,48,8.895,44.186,100.000,48128,base=42
0.480232,RETX,42,8.895,44.186,100.000,48128,retx#1
0.480416,ACK,49,9.007,44.213,100.000,49152,base=42
0.481549,SEND,53,9.007,44.213,100.000,49152,
0.481738,SEND,54,9.007,44.213,100.000,49152,
0.481911,SEND,55,9.007,44.213,100.000,49152,
0.482080,SEND,56,9.007,44.213,100.000,49152,
0.482963,ACK,50,9.118,43.880,100.000,50176,base=42
0.485117,SEND,57,9.118,43.880,100.000,50176,
0.495300,TIMEOUT,43,9.118,43.880,200.000,50176,
0.495625,RETX,43,9.118,43.880,200.000,50176,retx#1
0.509429,ACK,51,9.228,43.809,100.000,51200,base=42
0.511487,ACK,52,9.336,42.722,100.000,52224,base=42
0.511988,SEND,58,9.336,42.722,100.000,52224,
0.512173,SEND,59,9.336,42.722,100.000,52224,
0.512203,STATS,-1,9.336,42.722,100.000,52224,base=42 next=60 inflight=9
0.521427,ACK,42,9.443,42.722,100.000,53248,base=43
0.522320,ACK,53,9.549,42.473,100.000,54272,base=43
0.523402,SEND,60,9.549,42.473,100.000,54272,
0.523700,SEND,61,9.549,42.473,100.000,54272,
0.536530,ACK,54,9.654,44.010,100.000,55296,base=43
0.536602,ACK,55,9.757,45.344,100.000,56320,base=43
0.536824,RETX,43,9.757,45.344,100.000,56320,retx#2
0.536867,ACK,56,9.860,46.524,100.000,57344,base=43
0.536902,ACK,57,9.961,47.181,100.000,58368,base=43
0.537134,SEND,62,9.961,47.181,100.000,58368,
0.537313,SEND,63,9.961,47.181,100.000,58368,
0.537695,SEND,64,9.961,47.181,100.000,58368,
0.537870,SEND,65,9.961,47.181,100.000,58368,
0.541265,ACK,43,10.062,47.181,100.000,59392,base=58
0.545043,SEND,66,10.062,47.181,100.000,59392,
0.545244,SEND,67,10.062,47.181,100.000,59392,
0.553899,ACK,58,10.161,46.519,100.000,60416,base=59
0.555281,SEND,68,10.161,46.519,100.000,60416,
0.561289,ACK,59,10.260,46.841,100.000,61440,base=60
0.562864,SEND,69,10.260,46.841,100.000,61440,
0.573148,ACK,60,10.357,47.200,100.000,62464,base=61
0.573244,ACK,61,10.454,47.493,100.000,63488,base=62
0.573806,SEND,70,10.454,47.493,100.000,63488,
0.574015,SEND,71,10.454,47.493,100.000,63488,
0.578312,DUPACK,43,10.454,,,63488,
0.587066,ACK,62,10.549,47.794,100.000,64512,base=63
0.587181,ACK,63,10.644,48.052,100.000,65536,base=64
0.587224,ACK,64,10.738,48.237,100.000,66560,base=65
0.587972,SEND,72,10.738,48.237,100.000,66560,
0.588278,SEND,73,10.738,48.237,100.000,66560,
0.588522,SEND,74,10.738,48.237,100.000,66560,
0.588769,ACK,66,10.831,47.672,100.000,67584,base=65
0.591432,SEND,75,10.831,47.672,100.000,67584,
0.600609,ACK,68,10.923,47.377,100.000,68608,base=65
0.600727,NAK,67,10.923,,,68608,
0.601034,RETX,67,9.710,47.377,100.000,68608,retx#1
0.605658,ACK,69,9.813,46.801,100.000,69632,base=65
0.605987,RETX,65,9.813,46.801,100.000,69632,retx#1
0.606841,SEND,76,9.813,46.801,100.000,69632,
0.612030,ACK,71,9.915,45.700,100.000,70656,base=65
0.614562,SEND,77,9.915,45.700,100.000,70656,
0.614596,STATS,-1,9.915,45.700,100.000,70656,base=65 next=78 inflight=9
0.622136,ACK,72,10.015,44.254,100.000,71680,base=65
0.623842,SEND,78,10.015,44.254,100.000,71680,
0.624040,SEND,79,10.015,44.254,100.000,71680,
0.628241,ACK,73,10.115,43.715,100.000,72704,base=65
0.629375,SEND,80,10.115,43.715,100.000,72704,
0.631589,ACK,74,10.214,43.631,100.000,73728,base=65
0.631658,ACK,75,10.312,43.205,100.000,74752,base=65
0.631938,SEND,81,10.312,43.205,100.000,74752,
0.632150,SEND,82,10.312,43.205,100.000,74752,
0.648267,ACK,67,10.409,43.205,100.000,75776,base=65
0.648334,ACK,65,10.505,43.205,100.000,76800,base=70
0.650850,SEND,83,10.505,43.205,100.000,76800,
0.651208,SEND,84,10.505,43.205,100.000,76800,
0.653868,ACK,76,10.600,43.679,100.000,77824,base=70
0.654168,SEND,85,10.600,43.679,100.000,77824,
0.658671,ACK,77,10.695,43.730,100.000,78848,base=70
0.659080,SEND,86,10.695,43.730,100.000,78848,
0.669524,ACK,78,10.788,43.972,100.000,79872,base=70
0.670979,RETX,70,10.788,43.972,100.000,79872,retx#1
0.671280,SEND,87,10.788,43.972,100.000,79872,
0.673444,ACK,79,10.881,44.648,100.000,80896,base=70
0.673909,ACK,80,10.973,44.630,100.000,81920,base=70
0.674165,SEND,88,10.973,44.630,100.000,81920,
0.674392,SEND,89,10.973,44.630,100.000,81920,
0.674487,ACK,81,11.064,44.368,100.000,82944,base=70
0.676911,SEND,90,11.064,44.368,100.000,82944,
0.677098,SEND,91,11.064,44.368,100.000,82944,
0.690149,ACK,83,11.154,43.726,100.000,83968,base=70
0.691155,SEND,92,11.154,43.726,100.000,83968,
0.691223,NAK,82,11.154,,,83968,
0.691491,RETX,82,11.154,43.726,100.000,83968,retx#1
0.691613,ACK,84,11.244,43.310,100.000,84992,base=70
0.693967,SEND,93,11.244,43.310,100.000,84992,
0.699765,ACK,86,11.333,42.979,100.000,86016,base=70
0.705228,SEND,94,11.333,42.979,100.000,86016,
0.705388,ACK,70,11.421,42.979,100.000,87040,base=82
0.708116,SEND,95,11.421,42.979,100.000,87040,
0.713348,ACK,87,11.509,42.862,100.000,88064,base=82
0.715908,SEND,96,11.509,42.862,100.000,88064,
0.715949,STATS,-1,11.509,42.862,100.000,88064,base=82 next=97 inflight=11
0.729064,ACK,88,11.596,44.364,100.000,89088,base=82
0.729132,ACK,89,11.682,45.660,100.000,90112,base=82
0.729353,RETX,82,10.384,45.660,100.000,90112,retx#2
0.729399,ACK,90,10.480,46.514,100.000,91136,base=82
0.729467,ACK,91,10.576,47.245,100.000,92160,base=82
0.731327,SEND,97,10.576,47.245,100.000,92160,
0.731518,SEND,98,10.576,47.245,100.000,92160,
0.731690,SEND,99,10.576,47.245,100.000,92160,
0.738106,ACK,92,10.670,47.206,100.000,93184,base=82
0.739164,SEND,100,10.670,47.206,100.000,93184,
0.742073,NAK,82,10.670,,,93184,
0.742150,ACK,82,10.764,47.206,100.000,94208,base=85
0.742193,ACK,93,10.857,47.332,100.000,95232,base=85
0.744522,SEND,101,10.857,47.332,100.000,95232,
0.744731,SEND,102,10.857,47.332,100.000,95232,
0.746105,ACK,94,10.949,46.523,100.000,96256,base=85
0.747536,SEND,103,10.949,46.523,100.000,96256,
0.755013,TIMEOUT,85,10.949,46.523,200.000,96256,
0.755263,RETX,85,10.949,46.523,200.000,96256,retx#1
0.772905,DUPACK,82,10.949,,,96256,
0.776690,ACK,97,11.040,46.377,100.000,97280,base=85
0.776808,RETX,85,11.040,46.377,100.000,97280,retx#2
0.776832,NAK,95,11.040,,,97280,
0.776945,RETX,95,11.040,46.377,100.000,97280,retx#1
0.778484,SEND,104,11.040,46.377,100.000,97280,
0.778584,SEND,105,11.040,46.377,100.000,97280,
0.779778,NAK,96,11.040,,,97280,
0.779896,RETX,96,11.040,46.377,100.000,97280,retx#1
0.779937,ACK,98,11.131,46.632,100.000,98304,base=85
0.779957,ACK,99,11.221,46.836,100.000,99328,base=85
0.781209,SEND,106,11.221,46.836,100.000,99328,
0.781311,SEND,107,11.221,46.836,100.000,99328,
0.795917,ACK,101,11.310,47.405,100.000,100352,base=85
0.795941,NAK,100,11.310,,,100352,
0.796035,RETX,100,11.310,47.405,100.000,100352,retx#1
0.796073,ACK,102,11.398,47.897,100.000,101376,base=85
0.796090,ACK,103,11.486,47.980,100.000,102400,base=85
0.796518,SEND,108,11.486,47.980,100.000,102400,
0.796596,SEND,109,11.486,47.980,100.000,102400,
0.796670,SEND,110,11.486,47.980,100.000,102400,
0.799176,ACK,85,11.573,47.980,100.000,103424,base=95
0.799277,SEND,111,11.573,47.980,100.000,103424,
0.811475,ACK,95,11.659,47.980,100.000,104448,base=96
0.813809,SEND,112,11.659,47.980,100.000,104448,
0.816330,STATS,-1,11.659,47.980,100.000,104448,base=96 next=113 inflight=11
0.819031,ACK,104,11.745,47.050,100.000,105472,base=96
0.819110,ACK,105,11.830,46.234,100.000,106496,base=96
0.821299,SEND,113,11.830,46.234,100.000,106496,
0.821365,SEND,114,11.830,46.234,100.000,106496,
0.822659,NAK,96,11.830,,,106496,
0.822737,RETX,96,11.830,46.234,100.000,106496,retx#2
0.822754,ACK,96,11.915,46.234,100.000,107520,base=100
0.823947,SEND,115,11.915,46.234,100.000,107520,
0.832838,ACK,106,11.999,46.908,100.000,108544,base=100
0.832853,ACK,107,12.082,47.487,100.000,109568,base=100
0.832864,ACK,100,12.165,47.487,100.000,110592,base=108
0.834049,SEND,116,12.165,47.487,100.000,110592,
0.834116,SEND,117,12.165,47.487,100.000,110592,
0.834182,SEND,118,12.165,47.487,100.000,110592,
0.834242,SEND,119,12.165,47.487,100.000,110592,
0.843545,ACK,108,12.247,47.427,100.000,111616,base=109
0.844465,SEND,120,12.247,47.427,100.000,111616,
0.846792,ACK,109,12.329,47.770,100.000,112640,base=110
0.846853,ACK,110,12.410,48.070,100.000,113664,base=111
0.846893,ACK,111,12.490,48.013,100.000,114688,base=112
0.849341,SEND,121,12.490,48.013,100.000,114688,
0.849542,SEND,122,12.490,48.013,100.000,114688,
0.849756,SEND,123,12.490,48.013,100.000,114688,
0.858463,ACK,112,12.570,47.590,100.000,115712,base=113
0.859855,SEND,124,12.570,47.590,100.000,115712,
0.866429,ACK,113,12.650,47.280,100.000,116736,base=114
0.866490,DUPACK,96,12.650,,,116736,
0.867555,SEND,125,12.650,47.280,100.000,116736,
0.871185,NAK,114,12.650,,,116736,
0.871471,RETX,114,11.244,47.280,100.000,116736,retx#1
0.876725,ACK,117,11.333,46.693,100.000,117760,base=114
0.887809,NAK,116,11.333,,,117760,
0.888032,RETX,116,11.333,46.693,100.000,117760,retx#1
0.888122,ACK,119,11.422,47.590,100.000,118784,base=114
0.888155,NAK,118,11.422,,,118784,
0.888342,RETX,118,11.422,47.590,100.000,118784,retx#1
0.888406,ACK,120,11.509,47.133,100.000,119808,base=114
0.888591,RETX,114,11.509,47.133,100.000,119808,retx#2
0.888649,ACK,121,11.596,46.155,100.000,120832,base=114
0.890360,SEND,126,11.596,46.155,100.000,120832,
0.890543,SEND,127,11.596,46.155,100.000,120832,
0.890718,SEND,128,11.596,46.155,100.000,120832,
0.890812,ACK,122,11.682,45.542,100.000,121856,base=114
0.893535,SEND,129,11.682,45.542,100.000,121856,
0.905351,ACK,123,11.768,46.798,100.000,122880,base=114
0.905376,ACK,124,11.853,46.638,100.000,123904,base=114
0.907840,SEND,130,11.853,46.638,100.000,123904,
0.907945,SEND,131,11.853,46.638,100.000,123904,
0.908059,ACK,125,11.937,45.871,100.000,124928,base=114
0.910341,SEND,132,11.937,45.871,100.000,124928,
0.912951,ACK,114,12.021,45.871,100.000,125952,base=115
0.915257,SEND,133,12.021,45.871,100.000,125952,
0.915408,SEND,134,12.021,45.871,100.000,125952,
0.917935,STATS,-1,12.021,45.871,100.000,125952,base=115 next=135 inflight=12
0.924421,ACK,116,12.104,45.871,100.000,126976,base=115
0.925607,SEND,135,12.104,45.871,100.000,126976,
0.925625,TIMEOUT,115,12.104,45.871,200.000,126976,
0.925810,RETX,115,12.104,45.871,200.000,126976,retx#1
0.933145,ACK,118,12.187,45.871,200.000,128000,base=115
0.933203,DUPACK,114,12.187,,,128000,
0.933320,ACK,126,12.269,45.506,100.000,129024,base=115
0.933752,RETX,115,12.269,45.506,100.000,129024,retx#2
0.933802,ACK,128,12.350,45.202,100.000,130048,base=115
0.933831,NAK,127,12.350,,,130048,
0.934012,RETX,127,12.350,45.202,100.000,130048,retx#1
0.934346,SEND,136,12.350,45.202,100.000,130048,
0.935089,SEND,137,12.350,45.202,100.000,130048,
0.935276,SEND,138,12.350,45.202,100.000,130048,
0.946310,ACK,129,12.431,46.146,100.000,131072,base=115
0.946367,ACK,130,12.512,45.193,100.000,132096,base=115
0.946402,ACK,131,12.592,44.351,100.000,133120,base=115
0.949225,SEND,139,12.592,44.351,100.000,133120,
0.949450,SEND,140,12.592,44.351,100.000,133120,
0.949665,SEND,141,12.592,44.351,100.000,133120,
0.952979,ACK,132,12.671,44.136,100.000,134144,base=115
0.953676,ACK,133,12.750,43.421,100.000,135168,base=115
0.955425,SEND,142,12.750,43.421,100.000,135168,
0.955632,SEND,143,12.750,43.421,100.000,135168,
0.960870,ACK,134,12.828,43.674,100.000,136192,base=115
0.963486,SEND,144,12.828,43.674,100.000,136192,
0.968469,ACK,135,12.906,43.470,100.000,137216,base=115
0.968639,ACK,115,12.984,43.470,100.000,138240,base=127
0.969993,SEND,145,12.984,43.470,100.000,138240,
0.970145,SEND,146,12.984,43.470,100.000,138240,
0.971628,DUPACK,115,12.984,,,138240,
0.992229,ACK,127,13.061,43.470,100.000,139264,base=136
0.992266,ACK,136,13.137,45.276,100.000,140288,base=137
0.992282,ACK,137,13.214,46.766,100.000,141312,base=138
0.992296,ACK,138,13.289,48.047,100.000,142336,base=139
0.993105,SEND,147,13.289,48.047,100.000,142336,
0.993187,SEND,148,13.289,48.047,100.000,142336,
0.993266,SEND,149,13.289,48.047,100.000,142336,
0.993345,SEND,150,13.289,48.047,100.000,142336,
0.993423,SEND,151,13.289,48.047,100.000,142336,
1.012837,ACK,139,13.365,49.993,100.000,143360,base=140
1.013111,ACK,140,13.439,51.701,100.000,144384,base=141
1.013128,ACK,141,13.514,53.171,100.000,145408,base=142
1.015248,SEND,152,13.514,53.171,100.000,145408,
1.015337,SEND,153,13.514,53.171,100.000,145408,
1.015425,SEND,154,13.514,53.171,100.000,145408,
1.019448,ACK,142,13.588,54.528,100.000,146432,base=143
1.019895,ACK,143,13.661,55.744,100.000,147456,base=144
1.019915,ACK,144,13.735,55.830,100.000,148480,base=145
1.020361,SEND,155,13.735,55.830,100.000,148480,
1.020469,SEND,156,13.735,55.830,100.000,148480,
1.020565,SEND,157,13.735,55.830,100.000,148480,
1.020573,STATS,-1,13.735,55.830,100.000,148480,base=145 next=158 inflight=13
1.020982,ACK,146,13.807,55.205,100.000,149504,base=145
1.023092,SEND,158,13.807,55.205,100.000,149504,
1.037798,ACK,147,13.880,53.890,100.000,150528,base=145
1.037836,ACK,148,13.952,52.735,100.000,151552,base=145
1.038038,RETX,145,12.402,52.735,100.000,151552,retx#1
1.038102,ACK,149,12.482,51.746,100.000,152576,base=145
1.038139,ACK,150,12.562,50.877,100.000,153600,base=145
1.040237,SEND,159,12.562,50.877,100.000,153600,
1.040424,SEND,160,12.562,50.877,100.000,153600,
1.040601,SEND,161,12.562,50.877,100.000,153600,
1.041096,ACK,151,12.642,50.475,100.000,154624,base=145
1.043337,SEND,162,12.642,50.475,100.000,154624,
1.063793,ACK,152,12.721,50.231,100.000,155648,base=145
1.065724,SEND,163,12.721,50.231,100.000,155648,
1.071135,ACK,153,12.800,50.924,100.000,156672,base=145
1.071783,SEND,164,12.800,50.924,100.000,156672,
1.071908,ACK,155,12.878,51.001,100.000,157696,base=145
1.071952,NAK,154,12.878,,,157696,
1.072131,RETX,154,12.878,51.001,100.000,157696,retx#1
1.072168,ACK,157,12.955,51.075,100.000,158720,base=145
1.072202,ACK,158,13.033,50.829,100.000,159744,base=145
1.074711,SEND,165,13.033,50.829,100.000,159744,
1.074922,SEND,166,13.033,50.829,100.000,159744,
1.075573,SEND,167,13.033,50.829,100.000,159744,
1.075847,SEND,168,13.033,50.829,100.000,159744,
1.083121,ACK,145,13.109,50.829,100.000,160768,base=154
1.083406,SEND,169,13.109,50.829,100.000,160768,
1.084490,ACK,159,13.186,50.005,100.000,161792,base=154
1.084548,ACK,160,13.262,49.269,100.000,162816,base=154
1.086133,SEND,170,13.262,49.269,100.000,162816,
1.086337,SEND,171,13.262,49.269,100.000,162816,
1.091869,ACK,161,13.337,49.516,100.000,163840,base=154
1.092107,RETX,154,13.337,49.516,100.000,163840,retx#2
1.094286,SEND,172,13.337,49.516,100.000,163840,
1.099284,ACK,162,13.412,50.316,100.000,164864,base=154
1.099524,SEND,173,13.412,50.316,100.000,164864,
1.109975,ACK,163,13.486,49.556,100.000,165888,base=154
1.112598,SEND,174,13.486,49.556,100.000,165888,
1.120887,TIMEOUT,156,13.486,49.556,200.000,165888,
1.121156,RETX,156,13.486,49.556,200.000,165888,retx#1
1.121176,STATS,-1,13.486,49.556,200.000,165888,base=154 next=175 inflight=13
1.122927,ACK,164,13.561,49.753,100.000,166912,base=154
1.122982,NAK,154,13.561,,,166912,
1.123190,RETX,154,13.561,49.753,100.000,166912,retx#3
1.123267,ACK,165,13.634,49.603,100.000,167936,base=154
1.123918,SEND,175,13.634,49.603,100.000,167936,
1.124102,SEND,176,13.634,49.603,100.000,167936,
1.124982,ACK,166,13.708,49.657,100.000,168960,base=154
1.125040,ACK,167,13.781,49.633,100.000,169984,base=154
1.125286,ACK,168,13.853,49.608,100.000,171008,base=154
1.126540,SEND,177,13.853,49.608,100.000,171008,
1.126728,SEND,178,13.853,49.608,100.000,171008,
1.126898,SEND,179,13.853,49.608,100.000,171008,
1.129821,ACK,169,13.925,49.206,100.000,172032,base=154
1.132069,SEND,180,13.925,49.206,100.000,172032,
1.139788,ACK,171,13.997,49.734,100.000,173056,base=154
1.139891,ACK,154,14.069,49.734,100.000,174080,base=156
1.141366,ACK,172,14.140,49.402,100.000,175104,base=156
1.142120,SEND,181,14.140,49.402,100.000,175104,
1.142319,SEND,182,14.140,49.402,100.000,175104,
1.142502,SEND,183,14.140,49.402,100.000,175104,
1.142954,SEND,184,14.140,49.402,100.000,175104,
1.143195,ACK,173,14.210,48.684,100.000,176128,base=156
1.145690,SEND,185,14.210,48.684,100.000,176128,
1.159444,ACK,174,14.281,48.452,100.000,177152,base=156
1.159788,RETX,156,14.281,48.452,100.000,177152,retx#2
1.161168,SEND,186,14.281,48.452,100.000,177152,
1.164751,ACK,156,14.351,48.452,100.000,178176,base=170
1.164806,DUPACK,154,14.351,,,178176,
1.166015,SEND,187,14.351,48.452,100.000,178176,
1.171097,ACK,175,14.421,48.292,100.000,179200,base=170
1.171146,ACK,176,14.490,48.136,100.000,180224,base=170
1.171182,ACK,177,14.559,47.699,100.000,181248,base=170
1.171440,RETX,170,12.941,47.699,100.000,181248,retx#1
1.171757,SEND,188,12.941,47.699,100.000,181248,
1.176273,ACK,178,13.019,47.926,100.000,182272,base=170
1.176345,ACK,179,13.095,48.115,100.000,183296,base=170
1.176389,ACK,180,13.172,47.641,100.000,184320,base=170
1.177065,SEND,189,13.172,47.641,100.000,184320,
1.177255,SEND,190,13.172,47.641,100.000,184320,
1.177425,SEND,191,13.172,47.641,100.000,184320,
1.177599,SEND,192,13.172,47.641,100.000,184320,
1.179238,ACK,181,13.248,46.323,100.000,185344,base=170
1.180298,SEND,193,13.248,46.323,100.000,185344,
1.182882,ACK,183,13.323,45.578,100.000,186368,base=170
1.182940,NAK,182,13.323,,,186368,
1.183187,RETX,182,13.323,45.578,100.000,186368,retx#1
1.185614,SEND,194,13.323,45.578,100.000,186368,
1.193330,ACK,185,13.398,45.833,100.000,187392,base=170
1.195516,SEND,195,13.398,45.833,100.000,187392,
1.208930,DUPACK,156,13.398,,,187392,
1.208972,ACK,186,13.473,46.079,100.000,188416,base=170
1.209275,ACK,187,13.547,45.726,100.000,189440,base=170
1.211499,SEND,196,13.547,45.726,100.000,189440,
1.211688,SEND,197,13.547,45.726,100.000,189440,
1.214250,ACK,170,13.621,45.726,100.000,190464,base=182
1.216637,SEND,198,13.621,45.726,100.000,190464,
1.220502,ACK,188,13.694,46.103,100.000,191488,base=182
1.221588,SEND,199,13.694,46.103,100.000,191488,
1.221599,STATS,-1,13.694,46.103,100.000,191488,base=182 next=200 inflight=13
1.233829,ACK,189,13.767,47.435,100.000,192512,base=182
1.233857,ACK,190,13.840,48.581,100.000,193536,base=182
1.234015,RETX,182,13.840,48.581,100.000,193536,retx#2
1.234057,ACK,191,13.912,49.587,100.000,194560,base=182
1.235721,ACK,192,13.984,50.653,100.000,195584,base=182
1.235744,ACK,193,14.056,51.252,100.000,196608,base=182
1.235765,ACK,182,14.127,51.252,100.000,197632,base=184
1.235785,ACK,194,14.197,51.118,100.000,198656,base=184
1.235805,ACK,195,14.268,49.765,100.000,199680,base=184
1.236287,SEND,200,14.268,49.765,100.000,199680,
1.236445,SEND,201,14.268,49.765,100.000,199680,
1.236612,SEND,202,14.268,49.765,100.000,199680,
1.236793,SEND,203,14.268,49.765,100.000,199680,
1.236974,SEND,204,14.268,49.765,100.000,199680,
1.237156,SEND,205,14.268,49.765,100.000,199680,
1.237332,SEND,206,14.268,49.765,100.000,199680,
1.237513,SEND,207,14.268,49.765,100.000,199680,
1.237690,SEND,208,14.268,49.765,100.000,199680,
1.242020,ACK,196,14.338,47.358,100.000,200704,base=184
1.242272,RETX,184,14.338,47.358,100.000,200704,retx#1
1.244379,SEND,209,14.338,47.358,100.000,200704,
1.256559,ACK,197,14.408,47.044,100.000,201728,base=184
1.257762,ACK,198,14.477,46.303,100.000,202752,base=184
1.259045,SEND,210,14.477,46.303,100.000,202752,
1.259235,SEND,211,14.477,46.303,100.000,202752,
1.272875,ACK,199,14.546,46.923,100.000,203776,base=184
1.273759,SEND,212,14.546,46.923,100.000,203776,
1.281930,DUPACK,182,14.546,,,203776,
1.291704,ACK,200,14.615,47.980,100.000,204800,base=184
1.291780,ACK,201,14.683,48.899,100.000,205824,base=184
1.291821,ACK,202,14.751,49.687,100.000,206848,base=184
1.291855,ACK,203,14.819,50.358,100.000,207872,base=184
1.291888,ACK,204,14.887,50.927,100.000,208896,base=184
1.291921,ACK,205,14.954,51.406,100.000,209920,base=184
1.291957,ACK,206,15.021,51.808,100.000,210944,base=184
1.291990,ACK,207,15.087,52.141,100.000,211968,base=184
1.292027,ACK,208,15.154,52.415,100.000,212992,base=184
1.292067,ACK,184,15.220,52.415,100.000,214016,base=209
1.292100,ACK,209,15.285,51.827,100.000,215040,base=210
1.292366,SEND,213,15.285,51.827,100.000,215040,
1.292543,SEND,214,15.285,51.827,100.000,215040,
1.292712,SEND,215,15.285,51.827,100.000,215040,
1.292886,SEND,216,15.285,51.827,100.000,215040,
1.293055,SEND,217,15.285,51.827,100.000,215040,
1.293382,SEND,218,15.285,51.827,100.000,215040,
1.293599,SEND,219,15.285,51.827,100.000,215040,
1.293807,SEND,220,15.285,51.827,100.000,215040,
1.294010,SEND,221,15.285,51.827,100.000,215040,
1.296854,SEND,222,15.285,51.827,100.000,215040,
1.297092,SEND,223,15.285,51.827,100.000,215040,
1.297380,SEND,224,15.285,51.827,100.000,215040,
1.303299,ACK,210,15.351,50.878,100.000,216064,base=211
1.303606,ACK,211,15.416,50.064,100.000,217088,base=212
1.304143,SEND,225,15.416,50.064,100.000,217088,
1.304340,SEND,226,15.416,50.064,100.000,217088,
1.320834,ACK,212,15.481,49.687,100.000,218112,base=213
1.322860,SEND,227,15.481,49.687,100.000,218112,
1.322881,STATS,-1,15.481,49.687,100.000,218112,base=213 next=228 inflight=15
1.340311,ACK,213,15.545,49.467,100.000,219136,base=214
1.340373,ACK,214,15.610,49.262,100.000,220160,base=215
1.342138,SEND,228,15.610,49.262,100.000,220160,
1.342333,SEND,229,15.610,49.262,100.000,220160,
1.344728,ACK,215,15.674,49.602,100.000,221184,base=216
1.346863,SEND,230,15.674,49.602,100.000,221184,
1.349004,ACK,216,15.738,50.414,100.000,222208,base=217
1.349248,SEND,231,15.738,50.414,100.000,222208,
1.349308,ACK,217,15.801,51.142,100.000,223232,base=218
1.349375,ACK,218,15.864,51.748,100.000,224256,base=219
1.349413,ACK,219,15.927,52.256,100.000,225280,base=220
1.349447,ACK,220,15.990,52.678,100.000,226304,base=221
1.349483,ACK,221,16.053,53.027,100.000,227328,base=222
1.349517,ACK,222,16.115,52.981,100.000,228352,base=223
1.349549,ACK,223,16.177,52.915,100.000,229376,base=224
1.349582,ACK,224,16.239,52.826,100.000,230400,base=225
1.351624,SEND,232,16.239,52.826,100.000,230400,
1.351813,SEND,233,16.239,52.826,100.000,230400,
1.351985,SEND,234,16.239,52.826,100.000,230400,
1.352160,SEND,235,16.239,52.826,100.000,230400,
1.352333,SEND,236,16.239,52.826,100.000,230400,
1.352504,SEND,237,16.239,52.826,100.000,230400,
1.352712,SEND,238,16.239,52.826,100.000,230400,
1.352933,SEND,239,16.239,52.826,100.000,230400,
1.353160,SEND,240,16.239,52.826,100.000,230400,
1.355464,ACK,225,16.301,52.635,100.000,231424,base=226
1.355535,ACK,226,16.362,52.454,100.000,232448,base=227
1.357408,SEND,241,16.362,52.454,100.000,232448,
1.357595,SEND,242,16.362,52.454,100.000,232448,
1.357717,ACK,227,16.423,50.253,100.000,233472,base=228
1.359847,SEND,243,16.423,50.253,100.000,233472,
1.394056,ACK,228,16.484,50.458,100.000,234496,base=229
1.394122,ACK,229,16.545,50.623,100.000,235520,base=230
1.394158,ACK,230,16.605,50.207,100.000,236544,base=231
1.394218,ACK,231,16.665,49.552,100.000,237568,base=232
1.394254,ACK,232,16.725,48.687,100.000,238592,base=233
1.394678,ACK,233,16.785,47.957,100.000,239616,base=234
1.394723,ACK,234,16.845,47.304,100.000,240640,base=235
1.395914,SEND,244,16.845,47.304,100.000,240640,
1.396100,SEND,245,16.845,47.304,100.000,240640,
1.396281,SEND,246,16.845,47.304,100.000,240640,
1.396561,SEND,247,16.845,47.304,100.000,240640,
1.396742,SEND,248,16.845,47.304,100.000,240640,
1.396913,SEND,249,16.845,47.304,100.000,240640,
1.397092,SEND,250,16.845,47.304,100.000,240640,
1.400209,ACK,235,16.904,47.393,100.000,241664,base=236
1.400283,ACK,236,16.963,47.462,100.000,242688,base=237
1.401367,SEND,251,16.963,47.462,100.000,242688,
1.401554,SEND,252,16.963,47.462,100.000,242688,
1.405674,ACK,237,17.022,48.172,100.000,243712,base=238
1.405746,ACK,240,17.081,48.723,100.000,244736,base=238
1.405778,NAK,238,17.081,,,244736,
1.405999,RETX,238,15.183,48.723,100.000,244736,retx#1
1.406072,NAK,239,15.183,,,244736,
1.406267,RETX,239,15.183,48.723,100.000,244736,retx#1
1.406336,ACK,241,15.249,48.748,100.000,245760,base=238
1.406373,ACK,242,15.314,48.751,100.000,246784,base=238
1.406561,RETX,238,15.314,48.751,100.000,246784,retx#2
1.406641,ACK,243,15.380,48.506,100.000,247808,base=238
1.407581,SEND,253,15.380,48.506,100.000,247808,
1.407765,SEND,254,15.380,48.506,100.000,247808,
1.407938,SEND,255,15.380,48.506,100.000,247808,
1.408109,SEND,256,15.380,48.506,100.000,247808,
1.423272,STATS,-1,15.380,48.506,100.000,247808,base=238 next=257 inflight=15
1.435975,ACK,244,15.445,47.447,100.000,248832,base=238
1.436351,SEND,257,15.445,47.447,100.000,248832,
1.440617,ACK,245,15.509,47.076,100.000,249856,base=238
1.440903,SEND,258,15.509,47.076,100.000,249856,
1.441018,ACK,246,15.574,46.782,100.000,250880,base=238
1.441069,ACK,247,15.638,46.497,100.000,251904,base=238
1.441106,ACK,248,15.702,46.230,100.000,252928,base=238
1.443291,SEND,259,15.702,46.230,100.000,252928,
1.443483,SEND,260,15.702,46.230,100.000,252928,
1.443657,SEND,261,15.702,46.230,100.000,252928,
1.448179,ACK,249,15.766,46.856,100.000,253952,base=238
1.448256,ACK,250,15.829,47.393,100.000,254976,base=238
1.448310,ACK,251,15.892,47.336,100.000,256000,base=238
1.449319,ACK,252,15.955,47.387,100.000,257024,base=238
1.450528,SEND,262,15.955,47.387,100.000,257024,
1.450723,SEND,263,15.955,47.387,100.000,257024,
1.451104,SEND,264,15.955,47.387,100.000,257024,
1.451376,SEND,265,15.955,47.387,100.000,257024,
1.451551,ACK,238,16.018,47.387,100.000,258048,base=239
1.453627,ACK,239,16.080,47.387,100.000,259072,base=253
1.453977,DUPACK,238,16.080,,,259072,
1.454273,SEND,266,16.080,47.387,100.000,259072,
1.454496,SEND,267,16.080,47.387,100.000,259072,
1.454678,SEND,268,16.080,47.387,100.000,259072,
1.454777,ACK,253,16.143,47.362,100.000,260096,base=254
1.454874,ACK,254,16.205,47.329,100.000,261120,base=255
1.455844,ACK,255,16.266,47.399,100.000,262144,base=256
1.455902,ACK,256,16.328,47.447,100.000,263168,base=257
1.456915,SEND,269,16.328,47.447,100.000,263168,
1.457130,SEND,270,16.328,47.447,100.000,263168,
1.457316,SEND,271,16.328,47.447,100.000,263168,
1.457489,SEND,272,16.328,47.447,100.000,263168,
1.474853,ACK,257,16.389,46.326,100.000,264192,base=258
1.476324,SEND,273,16.389,46.326,100.000,264192,
1.483219,ACK,258,16.450,45.822,100.000,265216,base=259
1.483271,ACK,259,16.511,45.092,100.000,266240,base=260
1.484428,SEND,274,16.511,45.092,100.000,266240,
1.484609,SEND,275,16.511,45.092,100.000,266240,
1.485782,ACK,260,16.571,44.740,100.000,267264,base=261
1.487416,SEND,276,16.571,44.740,100.000,267264,
1.498007,ACK,261,16.632,45.938,100.000,268288,base=262
1.498746,ACK,262,16.692,46.222,100.000,269312,base=263
1.498805,ACK,263,16.752,46.453,100.000,270336,base=264
1.499529,SEND,277,16.752,46.453,100.000,270336,
1.499759,SEND,278,16.752,46.453,100.000,270336,
1.499942,SEND,279,16.752,46.453,100.000,270336,
1.500195,ACK,264,16.811,46.776,100.000,271360,base=265
1.500256,ACK,265,16.871,47.038,100.000,272384,base=266
1.500352,ACK,266,16.930,46.918,100.000,273408,base=267
1.500418,ACK,267,16.989,46.792,100.000,274432,base=268
1.501091,ACK,268,17.048,46.743,100.000,275456,base=269
1.501134,ACK,269,17.107,46.427,100.000,276480,base=270
1.502707,SEND,280,17.107,46.427,100.000,276480,
1.504238,SEND,281,17.107,46.427,100.000,276480,
1.504635,SEND,282,17.107,46.427,100.000,276480,
1.504872,SEND,283,17.107,46.427,100.000,276480,
1.505100,SEND,284,17.107,46.427,100.000,276480,
1.505468,SEND,285,17.107,46.427,100.000,276480,
1.505826,SEND,286,17.107,46.427,100.000,276480,
1.506481,ACK,270,17.165,46.790,100.000,277504,base=271
1.506539,ACK,271,17.223,47.094,100.000,278528,base=272
1.506872,ACK,272,17.282,47.378,100.000,279552,base=273
1.507924,SEND,287,17.282,47.378,100.000,279552,
1.508106,SEND,288,17.282,47.378,100.000,279552,
1.508276,SEND,289,17.282,47.378,100.000,279552,
1.521386,ACK,273,17.339,47.086,100.000,280576,base=274
1.522914,SEND,290,17.339,47.086,100.000,280576,
1.523612,ACK,274,17.397,46.096,100.000,281600,base=275
1.524899,SEND,291,17.397,46.096,100.000,281600,
1.524915,STATS,-1,17.397,46.096,100.000,281600,base=275 next=292 inflight=17
1.534064,ACK,276,17.455,46.163,100.000,282624,base=275
1.534129,NAK,275,17.455,,,282624,
1.534396,RETX,275,15.515,46.163,100.000,282624,retx#1
1.545963,ACK,278,15.580,46.165,100.000,283648,base=275
1.592074,NAK,275,15.580,,,283648,
1.592277,RETX,275,15.580,46.165,100.000,283648,retx#2
1.599909,TIMEOUT,277,15.580,46.165,200.000,283648,
1.600120,RETX,277,15.580,46.165,200.000,283648,retx#1
1.627260,STATS,-1,15.580,46.165,200.000,283648,base=275 next=292 inflight=15
1.643054,NAK,275,15.580,,,283648,
1.643322,RETX,275,15.580,46.165,200.000,283648,retx#3
1.697381,NAK,275,15.580,,,283648,
1.697650,RETX,275,15.580,46.165,200.000,283648,retx#4
1.702337,TIMEOUT,279,15.580,46.165,400.000,283648,
1.702595,RETX,279,15.580,46.165,400.000,283648,retx#1
1.727834,STATS,-1,15.580,46.165,400.000,283648,base=275 next=292 inflight=15
1.755256,NAK,275,15.580,,,283648,
1.755531,RETX,275,15.580,46.165,400.000,283648,retx#5
1.802870,NAK,275,15.580,,,283648,
1.803225,RETX,275,15.580,46.165,400.000,283648,retx#6
1.828524,STATS,-1,15.580,46.165,400.000,283648,base=275 next=292 inflight=15
1.846041,NAK,275,15.580,,,283648,
1.846303,RETX,275,15.580,46.165,400.000,283648,retx#7
1.904025,TIMEOUT,280,15.580,46.165,800.000,283648,
1.904445,RETX,280,15.580,46.165,800.000,283648,retx#1
1.908405,NAK,275,15.580,,,283648,
1.908616,RETX,275,15.580,46.165,800.000,283648,retx#8
1.930749,STATS,-1,15.580,46.165,800.000,283648,base=275 next=292 inflight=15
1.953995,NAK,275,15.580,,,283648,
1.954499,RETX,275,15.580,46.165,800.000,283648,retx#9
2.032570,STATS,-1,15.580,46.165,800.000,283648,base=275 next=292 inflight=15
2.060458,NAK,275,15.580,,,283648,
2.060868,RETX,275,15.580,46.165,800.000,283648,retx#10
2.111620,NAK,275,15.580,,,283648,
2.112109,RETX,275,15.580,46.165,800.000,283648,retx#11
2.133297,STATS,-1,15.580,46.165,800.000,283648,base=275 next=292 inflight=15
2.157317,NAK,275,15.580,,,283648,
2.157658,RETX,275,15.580,46.165,800.000,283648,retx#12
2.204937,NAK,275,15.580,,,283648,
2.205636,RETX,275,15.580,46.165,800.000,283648,retx#13
2.235907,STATS,-1,15.580,46.165,800.000,283648,base=275 next=292 inflight=15
2.306387,TIMEOUT,281,15.580,46.165,1600.000,283648,
2.306780,RETX,281,15.580,46.165,1600.000,283648,retx#1
2.311703,NAK,275,15.580,,,283648,
2.311998,RETX,275,15.580,46.165,1600.000,283648,retx#14
2.336171,STATS,-1,15.580,46.165,1600.000,283648,base=275 next=292 inflight=15
2.357905,ACK,281,15.644,46.165,1600.000,284672,base=275
2.358194,RETX,275,15.644,46.165,1600.000,284672,retx#15
2.358306,NAK,279,15.644,,,284672,
2.358541,RETX,279,15.644,46.165,1600.000,284672,retx#2
2.358642,NAK,280,15.644,,,284672,
2.358878,RETX,280,15.644,46.165,1600.000,284672,retx#2
2.358977,ACK,275,15.708,46.165,1600.000,285696,base=277
2.359281,SEND,292,15.708,46.165,1600.000,285696,
2.359529,SEND,293,15.708,46.165,1600.000,285696,
2.396929,DUPACK,275,15.708,,,285696,
2.399750,ACK,279,15.771,46.165,1600.000,286720,base=277
2.400827,SEND,294,15.771,46.165,1600.000,286720,
2.401013,ACK,280,15.835,46.165,1600.000,287744,base=277
2.404205,SEND,295,15.835,46.165,1600.000,287744,
2.410626,ACK,292,15.898,46.799,100.000,288768,base=277
2.411789,RETX,277,15.898,46.799,100.000,288768,retx#2
2.411979,NAK,282,15.898,,,288768,
2.412491,RETX,282,15.898,46.799,100.000,288768,retx#1
2.412999,SEND,296,15.898,46.799,100.000,288768,
2.413039,TIMEOUT,283,15.898,46.799,200.000,288768,
2.413392,RETX,283,15.898,46.799,200.000,288768,retx#1
2.413429,TIMEOUT,284,15.898,46.799,400.000,288768,
2.413780,RETX,284,15.898,46.799,400.000,288768,retx#1
2.413800,TIMEOUT,285,15.898,46.799,800.000,288768,
2.414150,RETX,285,15.898,46.799,800.000,288768,retx#1
2.414179,TIMEOUT,286,15.898,46.799,1600.000,288768,
2.414454,RETX,286,15.898,46.799,1600.000,288768,retx#1
2.414677,NAK,283,15.898,,,288768,
2.414739,NAK,284,15.898,,,288768,
2.414784,NAK,285,15.898,,,288768,
2.414818,NAK,286,15.898,,,288768,
2.414853,NAK,288,15.898,,,288768,
2.415122,RETX,288,15.898,46.799,1600.000,288768,retx#1
2.415202,NAK,289,15.898,,,288768,
2.415472,RETX,289,15.898,46.799,1600.000,288768,retx#1
2.415557,NAK,290,15.898,,,288768,
2.415782,RETX,290,15.898,46.799,1600.000,288768,retx#1
2.415854,NAK,291,15.898,,,288768,
2.416090,RETX,291,15.898,46.799,1600.000,288768,retx#1
2.416253,ACK,293,15.961,48.027,100.000,289792,base=277
2.417311,SEND,297,15.961,48.027,100.000,289792,
2.417344,TIMEOUT,287,15.961,48.027,200.000,289792,
2.417604,RETX,287,15.961,48.027,200.000,289792,retx#1
2.439650,STATS,-1,15.961,48.027,200.000,289792,base=277 next=298 inflight=15
2.448929,ACK,294,16.023,48.035,100.000,290816,base=277
2.448995,ACK,295,16.086,47.629,100.000,291840,base=277
2.450261,SEND,298,16.086,47.629,100.000,291840,
2.450571,SEND,299,16.086,47.629,100.000,291840,
2.451002,SEND,300,16.086,47.629,100.000,291840,
2.460824,ACK,277,16.148,47.629,100.000,292864,base=282
2.461524,SEND,301,16.148,47.629,100.000,292864,
2.466583,NAK,282,16.148,,,292864,
2.466984,RETX,282,16.148,47.629,100.000,292864,retx#2
2.467039,NAK,283,16.148,,,292864,
2.467228,RETX,283,16.148,47.629,100.000,292864,retx#2
2.467305,NAK,284,16.148,,,292864,
2.467512,RETX,284,16.148,47.629,100.000,292864,retx#2
2.467590,NAK,285,16.148,,,292864,
2.467971,RETX,285,16.148,47.629,100.000,292864,retx#2
2.468020,NAK,286,16.148,,,292864,
2.468349,RETX,286,16.148,47.629,100.000,292864,retx#2
2.468455,NAK,287,16.148,,,292864,
2.468728,RETX,287,16.148,47.629,100.000,292864,retx#2
2.468817,NAK,288,16.148,,,292864,
2.469065,RETX,288,16.148,47.629,100.000,292864,retx#2
2.469238,NAK,289,16.148,,,292864,
2.469516,RETX,289,16.148,47.629,100.000,292864,retx#2
2.469594,NAK,290,16.148,,,292864,
2.469834,RETX,290,16.148,47.629,100.000,292864,retx#2
2.469906,NAK,291,16.148,,,292864,
2.470155,RETX,291,16.148,47.629,100.000,292864,retx#2
2.470227,ACK,296,16.210,48.828,100.000,293888,base=282
2.470260,ACK,283,16.272,48.828,100.000,294912,base=282
2.470286,ACK,285,16.333,48.828,100.000,295936,base=282
2.470476,RETX,282,16.333,48.828,100.000,295936,retx#3
2.470543,ACK,286,16.394,48.828,100.000,296960,base=282
2.470573,ACK,288,16.455,48.828,100.000,297984,base=282
2.470598,ACK,289,16.516,48.828,100.000,299008,base=282
2.470623,ACK,290,16.577,48.828,100.000,300032,base=282
2.470647,ACK,291,16.637,48.828,100.000,301056,base=282
2.470673,ACK,297,16.697,49.394,100.000,302080,base=282
2.470697,ACK,287,16.757,49.394,100.000,303104,base=282
2.471307,SEND,302,16.757,49.394,100.000,303104,
2.471497,SEND,303,16.757,49.394,100.000,303104,
2.471674,SEND,304,16.757,49.394,100.000,303104,
2.471852,SEND,305,16.757,49.394,100.000,303104,
2.472030,SEND,306,16.757,49.394,100.000,303104,
2.472207,SEND,307,16.757,49.394,100.000,303104,
2.472381,SEND,308,16.757,49.394,100.000,303104,
2.472557,SEND,309,16.757,49.394,100.000,303104,
2.472736,SEND,310,16.757,49.394,100.000,303104,
2.472913,SEND,311,16.757,49.394,100.000,303104,
2.492225,ACK,298,16.817,48.464,100.000,304128,base=282
2.492805,SEND,312,16.817,48.464,100.000,304128,
2.496926,ACK,299,16.876,48.200,100.000,305152,base=282
2.497286,ACK,300,16.935,47.960,100.000,306176,base=282
2.499033,SEND,313,16.935,47.960,100.000,306176,
2.499278,SEND,314,16.935,47.960,100.000,306176,
2.511058,ACK,282,16.994,47.960,100.000,307200,base=284
2.511116,DUPACK,283,16.994,,,307200,
2.512171,SEND,315,16.994,47.960,100.000,307200,
2.516459,ACK,284,17.053,47.960,100.000,308224,base=301
2.516565,DUPACK,285,17.053,,,308224,
2.516613,DUPACK,286,17.053,,,308224,
2.516647,DUPACK,287,17.053,,,308224,
2.516707,DUPACK,288,17.053,,,308224,
2.516739,DUPACK,289,17.053,,,308224,
2.516848,DUPACK,290,17.053,,,308224,
2.517164,DUPACK,291,17.053,,,308224,
2.517493,DUPACK,282,17.053,,,308224,
2.517748,ACK,303,17.112,47.742,100.000,309248,base=301
2.517796,NAK,301,17.112,,,309248,
2.518608,RETX,301,15.211,47.742,100.000,309248,retx#1
2.519010,SEND,316,15.211,47.742,100.000,309248,
2.519152,NAK,302,15.211,,,309248,
2.519443,RETX,302,15.211,47.742,100.000,309248,retx#1
2.519698,ACK,304,15.276,47.776,100.000,310272,base=301
2.521408,SEND,317,15.276,47.776,100.000,310272,
2.522123,ACK,305,15.342,48.086,100.000,311296,base=301
2.522370,RETX,301,15.342,48.086,100.000,311296,retx#2
2.522449,ACK,306,15.407,48.377,100.000,312320,base=301
2.522497,ACK,307,15.472,48.615,100.000,313344,base=301
2.523782,SEND,318,15.472,48.615,100.000,313344,
2.524178,SEND,319,15.472,48.615,100.000,313344,
2.524723,SEND,320,15.472,48.615,100.000,313344,
2.525509,ACK,309,15.537,49.155,100.000,314368,base=301
2.525567,NAK,308,15.537,,,314368,
2.525803,RETX,308,15.537,49.155,100.000,314368,retx#1
2.525892,ACK,310,15.601,49.654,100.000,315392,base=301
2.525932,ACK,311,15.665,50.074,100.000,316416,base=301
2.527125,SEND,321,15.665,50.074,100.000,316416,
2.527407,SEND,322,15.665,50.074,100.000,316416,
2.527620,SEND,323,15.665,50.074,100.000,316416,
2.527719,ACK,312,15.729,48.178,100.000,317440,base=301
2.530023,SEND,324,15.729,48.178,100.000,317440,
2.541019,STATS,-1,15.729,48.178,100.000,317440,base=301 next=325 inflight=15
2.545453,ACK,313,15.792,47.955,100.000,318464,base=301
2.545541,ACK,314,15.856,47.743,100.000,319488,base=301
2.547765,SEND,325,15.856,47.743,100.000,319488,
2.547998,SEND,326,15.856,47.743,100.000,319488,
2.564990,ACK,315,15.919,48.373,100.000,320512,base=301
2.567640,SEND,327,15.919,48.373,100.000,320512,
2.568751,ACK,301,15.982,48.373,100.000,321536,base=302
2.568830,ACK,316,16.044,48.552,100.000,322560,base=302
2.568942,ACK,302,16.107,48.552,100.000,323584,base=308
2.569012,ACK,317,16.169,48.432,100.000,324608,base=308
2.570327,SEND,328,16.169,48.432,100.000,324608,
2.570571,SEND,329,16.169,48.432,100.000,324608,
2.571013,SEND,330,16.169,48.432,100.000,324608,
2.571456,SEND,331,16.169,48.432,100.000,324608,
2.571934,SEND,332,16.169,48.432,100.000,324608,
2.572986,DUPACK,301,16.169,,,324608,
2.573091,ACK,318,16.230,48.539,100.000,325632,base=308
2.574239,SEND,333,16.230,48.539,100.000,325632,
2.575737,ACK,319,16.292,48.915,100.000,326656,base=308
2.576009,RETX,308,16.292,48.915,100.000,326656,retx#2
2.576091,NAK,308,16.292,,,326656,
2.576146,ACK,320,16.353,49.227,100.000,327680,base=308
2.576191,ACK,308,16.415,49.227,100.000,328704,base=321
2.576234,ACK,321,16.476,49.212,100.000,329728,base=322
2.576293,ACK,322,16.536,49.170,100.000,330752,base=323
2.576568,SEND,334,16.536,49.170,100.000,330752,
2.576824,SEND,335,16.536,49.170,100.000,330752,
2.577055,SEND,336,16.536,49.170,100.000,330752,
2.577265,SEND,337,16.536,49.170,100.000,330752,
2.577470,SEND,338,16.536,49.170,100.000,330752,
2.577584,ACK,323,16.597,49.267,100.000,331776,base=324
2.577996,ACK,324,16.657,49.106,100.000,332800,base=325
2.579757,SEND,339,16.657,49.106,100.000,332800,
2.579989,SEND,340,16.657,49.106,100.000,332800,
2.584679,ACK,325,16.717,47.579,100.000,333824,base=326
2.588623,SEND,341,16.717,47.579,100.000,333824,
2.590237,ACK,326,16.777,46.909,100.000,334848,base=327
2.591464,SEND,342,16.777,46.909,100.000,334848,
2.606524,ACK,327,16.836,45.904,100.000,335872,base=328
2.607137,SEND,343,16.836,45.904,100.000,335872,
2.615997,ACK,328,16.896,45.871,100.000,336896,base=329
2.616078,ACK,329,16.955,45.824,100.000,337920,base=330
2.616126,ACK,330,17.014,45.735,100.000,338944,base=331
2.616174,ACK,331,17.073,45.607,100.000,339968,base=332
2.616549,SEND,344,17.073,45.607,100.000,339968,
2.616775,SEND,345,17.073,45.607,100.000,339968,
2.617505,SEND,346,17.073,45.607,100.000,339968,
2.617822,SEND,347,17.073,45.607,100.000,339968,
2.618021,SEND,348,17.073,45.607,100.000,339968,
2.621604,ACK,332,17.131,46.111,100.000,340992,base=333
2.622010,SEND,349,17.131,46.111,100.000,340992,
2.622195,ACK,333,17.190,46.340,100.000,342016,base=334
2.623286,DUPACK,308,17.190,,,342016,
2.624375,SEND,350,17.190,46.340,100.000,342016,
2.628615,ACK,334,17.248,47.051,100.000,343040,base=335
2.628693,ACK,335,17.306,47.652,100.000,344064,base=336
2.628739,ACK,336,17.364,48.155,100.000,345088,base=337
2.628780,ACK,337,17.421,48.575,100.000,346112,base=338
2.628822,ACK,338,17.479,48.921,100.000,347136,base=339
2.628862,ACK,339,17.536,48.944,100.000,348160,base=340
2.630425,SEND,351,17.536,48.944,100.000,348160,
2.630655,SEND,352,17.536,48.944,100.000,348160,
2.630970,SEND,353,17.536,48.944,100.000,348160,
2.631191,SEND,354,17.536,48.944,100.000,348160,
2.631456,SEND,355,17.536,48.944,100.000,348160,
2.631682,SEND,356,17.536,48.944,100.000,348160,
2.631821,ACK,340,17.593,49.302,100.000,349184,base=341
2.633700,SEND,357,17.593,49.302,100.000,349184,
2.636812,ACK,341,17.650,49.165,100.000,350208,base=342
2.638191,SEND,358,17.650,49.165,100.000,350208,
2.638650,ACK,342,17.706,48.915,100.000,351232,base=343
2.640307,SEND,359,17.706,48.915,100.000,351232,
2.642295,STATS,-1,17.706,48.915,100.000,351232,base=343 next=360 inflight=17
2.657522,ACK,343,17.763,49.097,100.000,352256,base=344
2.658480,ACK,344,17.819,48.198,100.000,353280,base=345
2.658578,ACK,345,17.875,47.398,100.000,354304,base=346
2.659551,SEND,360,17.875,47.398,100.000,354304,
2.659740,SEND,361,17.875,47.398,100.000,354304,
2.659914,SEND,362,17.875,47.398,100.000,354304,
2.661910,ACK,346,17.931,47.021,100.000,355328,base=347
2.661964,ACK,347,17.987,46.661,100.000,356352,base=348
2.662007,ACK,348,18.043,46.326,100.000,357376,base=349
2.663990,SEND,363,18.043,46.326,100.000,357376,
2.664181,SEND,364,18.043,46.326,100.000,357376,
2.664354,SEND,365,18.043,46.326,100.000,357376,
2.664569,SEND,366,18.043,46.326,100.000,357376,
2.669118,ACK,350,18.098,46.124,100.000,358400,base=349
2.671543,SEND,367,18.098,46.124,100.000,358400,
2.672819,ACK,351,18.153,45.655,100.000,359424,base=349
2.672886,ACK,352,18.208,45.226,100.000,360448,base=349
2.673129,RETX,349,16.185,45.226,100.000,360448,retx#1
2.674121,ACK,353,16.247,44.965,100.000,361472,base=349
2.674278,ACK,354,16.309,44.730,100.000,362496,base=349
2.674320,ACK,355,16.370,44.496,100.000,363520,base=349
2.675579,SEND,368,16.370,44.496,100.000,363520,
2.675878,SEND,369,16.370,44.496,100.000,363520,
2.676065,SEND,370,16.370,44.496,100.000,363520,
2.683177,ACK,356,16.431,45.367,100.000,364544,base=349
2.683252,ACK,357,16.492,45.890,100.000,365568,base=349
2.683288,ACK,358,16.552,45.791,100.000,366592,base=349
2.683322,ACK,359,16.613,45.444,100.000,367616,base=349
2.683886,SEND,371,16.613,45.444,100.000,367616,
2.684069,SEND,372,16.613,45.444,100.000,367616,
2.684266,SEND,373,16.613,45.444,100.000,367616,
2.684616,SEND,374,16.613,45.444,100.000,367616,
2.707586,ACK,360,16.673,45.764,100.000,368640,base=349
2.707679,ACK,361,16.733,46.034,100.000,369664,base=349
2.707780,ACK,362,16.793,46.262,100.000,370688,base=349
2.707847,ACK,363,16.852,45.961,100.000,371712,base=349
2.707902,ACK,365,16.912,45.658,100.000,372736,base=349
2.709747,SEND,375,16.912,45.658,100.000,372736,
2.710034,SEND,376,16.912,45.658,100.000,372736,
2.710297,SEND,377,16.912,45.658,100.000,372736,
2.710567,SEND,378,16.912,45.658,100.000,372736,
2.710832,SEND,379,16.912,45.658,100.000,372736,
2.711014,NAK,364,16.912,,,372736,
2.711324,RETX,364,16.912,45.658,100.000,372736,retx#1
2.715133,ACK,366,16.971,46.269,100.000,373760,base=349
2.715224,ACK,367,17.030,45.945,100.000,374784,base=349
2.717264,SEND,380,17.030,45.945,100.000,374784,
2.717500,SEND,381,17.030,45.945,100.000,374784,
2.717717,SEND,382,17.030,45.945,100.000,374784,
2.722782,ACK,349,17.088,45.945,100.000,375808,base=364
2.723833,ACK,368,17.147,46.231,100.000,376832,base=364
2.723916,ACK,370,17.205,46.433,100.000,377856,base=364
2.723977,ACK,371,17.263,45.639,100.000,378880,base=364
2.724310,RETX,364,17.263,45.639,100.000,378880,retx#2
2.724722,SEND,383,17.263,45.639,100.000,378880,
2.725022,SEND,384,17.263,45.639,100.000,378880,
2.725421,SEND,385,17.263,45.639,100.000,378880,
2.725698,SEND,386,17.263,45.639,100.000,378880,
2.733697,ACK,372,17.321,46.135,100.000,379904,base=364
2.734661,ACK,373,17.379,46.665,100.000,380928,base=364
2.735683,SEND,387,17.379,46.665,100.000,380928,
2.735907,SEND,388,17.379,46.665,100.000,380928,
2.738272,ACK,374,17.437,47.537,100.000,381952,base=364
2.739928,SEND,389,17.437,47.537,100.000,381952,
2.743682,STATS,-1,17.437,47.537,100.000,381952,base=364 next=390 inflight=17
2.758581,ACK,375,17.494,47.697,100.000,382976,base=364
2.758650,ACK,376,17.551,47.812,100.000,384000,base=364
2.760448,SEND,390,17.551,47.812,100.000,384000,
2.760640,SEND,391,17.551,47.812,100.000,384000,
2.761760,ACK,377,17.608,48.266,100.000,385024,base=364
2.761809,ACK,378,17.665,48.637,100.000,386048,base=364
2.761846,ACK,379,17.721,48.934,100.000,387072,base=364
2.762037,NAK,364,17.721,,,387072,
2.762256,RETX,364,17.721,48.934,100.000,387072,retx#3
2.762497,SEND,392,17.721,48.934,100.000,387072,
2.762695,SEND,393,17.721,48.934,100.000,387072,
2.762987,SEND,394,17.721,48.934,100.000,387072,
2.763052,ACK,364,17.778,48.934,100.000,388096,base=369
2.763136,ACK,380,17.834,48.551,100.000,389120,base=369
2.763209,ACK,381,17.890,48.194,100.000,390144,base=369
2.763255,ACK,382,17.946,47.862,100.000,391168,base=369
2.763508,RETX,369,15.952,47.862,100.000,391168,retx#1
2.765108,SEND,395,15.952,47.862,100.000,391168,
2.765339,SEND,396,15.952,47.862,100.000,391168,
2.772146,DUPACK,364,15.952,,,391168,
2.778923,ACK,383,16.015,48.652,100.000,392192,base=369
2.779000,ACK,384,16.077,49.317,100.000,393216,base=369
2.781225,SEND,397,16.077,49.317,100.000,393216,
2.781438,SEND,398,16.077,49.317,100.000,393216,
2.781788,SEND,399,16.077,49.317,100.000,393216,
2.781839,ACK,385,16.139,50.203,100.000,394240,base=369
2.783165,ACK,387,16.201,49.860,100.000,395264,base=369
2.783231,ACK,388,16.263,49.543,100.000,396288,base=369
2.783271,ACK,389,16.325,48.767,100.000,397312,base=369
2.784226,SEND,400,16.325,48.767,100.000,397312,
2.784493,SEND,401,16.325,48.767,100.000,397312,
2.784701,SEND,402,16.325,48.767,100.000,397312,
2.784879,SEND,403,16.325,48.767,100.000,397312,
2.806012,ACK,390,16.386,48.365,100.000,398336,base=369
2.807923,SEND,404,16.386,48.365,100.000,398336,
2.813594,DUPACK,364,16.386,,,398336,
2.813675,ACK,392,16.447,48.714,100.000,399360,base=369
2.813716,ACK,393,16.508,49.002,100.000,400384,base=369
2.813751,ACK,394,16.568,49.222,100.000,401408,base=369
2.813793,ACK,369,16.629,49.222,100.000,402432,base=386
2.813826,ACK,395,16.689,49.158,100.000,403456,base=386
2.814574,SEND,405,16.689,49.158,100.000,403456,
2.814758,SEND,406,16.689,49.158,100.000,403456,
2.814927,SEND,407,16.689,49.158,100.000,403456,
2.815102,SEND,408,16.689,49.158,100.000,403456,
2.815278,SEND,409,16.689,49.158,100.000,403456,
2.815423,ACK,396,16.749,49.272,100.000,404480,base=386
2.817385,SEND,410,16.749,49.272,100.000,404480,
2.817562,ACK,397,16.808,47.654,100.000,405504,base=386
2.818040,RETX,386,16.808,47.654,100.000,405504,retx#1
2.820111,SEND,411,16.808,47.654,100.000,405504,
2.824436,ACK,399,16.868,47.025,100.000,406528,base=386
2.825107,NAK,398,16.868,,,406528,
2.825424,RETX,398,16.868,47.025,100.000,406528,retx#1
2.825897,ACK,400,16.927,46.348,100.000,407552,base=386
2.826009,ACK,401,16.986,45.743,100.000,408576,base=386
2.826477,SEND,412,16.986,45.743,100.000,408576,
2.826738,SEND,413,16.986,45.743,100.000,408576,
2.826975,SEND,414,16.986,45.743,100.000,408576,
2.830620,ACK,402,17.045,45.761,100.000,409600,base=386
2.831469,SEND,415,17.045,45.761,100.000,409600,
2.831777,SEND,416,17.045,45.761,100.000,409600,
2.834824,ACK,403,17.104,46.275,100.000,410624,base=386
2.836368,SEND,417,17.104,46.275,100.000,410624,
2.843801,STATS,-1,17.104,46.275,100.000,410624,base=386 next=418 inflight=17
2.849065,ACK,404,17.162,45.631,100.000,411648,base=386
2.849422,SEND,418,17.162,45.631,100.000,411648,
2.861950,ACK,405,17.221,45.846,100.000,412672,base=386
2.862029,ACK,406,17.279,46.023,100.000,413696,base=386
2.862074,ACK,407,17.336,46.163,100.000,414720,base=386
2.862117,ACK,408,17.394,46.269,100.000,415744,base=386
2.862158,ACK,409,17.452,46.345,100.000,416768,base=386
2.862198,ACK,410,17.509,46.153,100.000,417792,base=386
2.862239,ACK,386,17.566,46.153,100.000,418816,base=391
2.862709,SEND,419,17.566,46.153,100.000,418816,
2.862931,SEND,420,17.566,46.153,100.000,418816,
2.863139,SEND,421,17.566,46.153,100.000,418816,
2.863350,SEND,422,17.566,46.153,100.000,418816,
2.863556,SEND,423,17.566,46.153,100.000,418816,
2.863761,SEND,424,17.566,46.153,100.000,418816,
2.863987,SEND,425,17.566,46.153,100.000,418816,
2.864011,TIMEOUT,391,17.566,46.153,200.000,418816,
2.864266,RETX,391,17.566,46.153,200.000,418816,retx#1
2.864399,ACK,411,17.623,45.919,100.000,419840,base=391
2.867084,SEND,426,17.623,45.919,100.000,419840,
2.868633,ACK,398,17.680,45.919,100.000,420864,base=391
2.868708,ACK,412,17.736,45.456,100.000,421888,base=391
2.868954,RETX,391,17.736,45.456,100.000,421888,retx#2
2.869030,ACK,413,17.793,45.062,100.000,422912,base=391
2.869826,SEND,427,17.793,45.062,100.000,422912,
2.871442,SEND,428,17.793,45.062,100.000,422912,
2.871998,SEND,429,17.793,45.062,100.000,422912,
2.872892,ACK,414,17.849,45.166,100.000,423936,base=391
2.873785,ACK,415,17.905,44.808,100.000,424960,base=391
2.874587,SEND,430,17.905,44.808,100.000,424960,
2.874894,SEND,431,17.905,44.808,100.000,424960,
2.879303,ACK,416,17.961,45.144,100.000,425984,base=391
2.879411,ACK,417,18.016,44.881,100.000,427008,base=391
2.881311,SEND,432,18.016,44.881,100.000,427008,
2.881622,SEND,433,18.016,44.881,100.000,427008,
2.881867,SEND,434,18.016,44.881,100.000,427008,
2.892755,ACK,418,18.072,44.676,100.000,428032,base=391
2.893004,SEND,435,18.072,44.676,100.000,428032,
2.907364,ACK,420,18.127,44.643,100.000,429056,base=391
2.908020,SEND,436,18.127,44.643,100.000,429056,
2.910528,ACK,421,18.182,44.983,100.000,430080,base=391
2.910639,ACK,422,18.237,45.270,100.000,431104,base=391
2.910680,ACK,423,18.292,45.501,100.000,432128,base=391
2.910717,ACK,424,18.347,45.683,100.000,433152,base=391
2.910751,ACK,425,18.401,45.817,100.000,434176,base=391
2.910794,ACK,391,18.456,45.817,100.000,435200,base=419
2.910844,ACK,426,18.510,45.558,100.000,436224,base=419
2.911901,SEND,437,18.510,45.558,100.000,436224,
2.912230,SEND,438,18.510,45.558,100.000,436224,
2.912463,SEND,439,18.510,45.558,100.000,436224,
2.912690,SEND,440,18.510,45.558,100.000,436224,
2.912916,SEND,441,18.510,45.558,100.000,436224,
2.913147,SEND,442,18.510,45.558,100.000,436224,
2.913370,SEND,443,18.510,45.558,100.000,436224,
2.921050,DUPACK,391,18.510,,,436224,
2.921132,ACK,427,18.564,46.275,100.000,437248,base=419
2.921179,ACK,428,18.618,46.708,100.000,438272,base=419
2.921736,RETX,419,16.549,46.708,100.000,438272,retx#1
2.921829,ACK,429,16.610,47.098,100.000,439296,base=419
2.921875,ACK,430,16.670,47.122,100.000,440320,base=419
2.922200,ACK,431,16.730,47.144,100.000,441344,base=419
2.922487,ACK,432,16.790,46.397,100.000,442368,base=419
2.922786,SEND,444,16.790,46.397,100.000,442368,
2.923042,SEND,445,16.790,46.397,100.000,442368,
2.923239,SEND,446,16.790,46.397,100.000,442368,
2.923545,SEND,447,16.790,46.397,100.000,442368,
2.930909,ACK,433,16.849,46.755,100.000,443392,base=419
2.930982,ACK,434,16.909,47.050,100.000,444416,base=419
2.931796,SEND,448,16.909,47.050,100.000,444416,
2.931981,SEND,449,16.909,47.050,100.000,444416,
2.936352,ACK,435,16.968,46.584,100.000,445440,base=419
2.938677,SEND,450,16.968,46.584,100.000,445440,
2.940819,ACK,436,17.027,44.857,100.000,446464,base=419
2.941073,SEND,451,17.027,44.857,100.000,446464,
2.941296,SEND,452,17.027,44.857,100.000,446464,
2.945261,STATS,-1,17.027,44.857,100.000,446464,base=419 next=453 inflight=17
2.954717,ACK,437,17.085,44.564,100.000,447488,base=419
2.956297,SEND,453,17.085,44.564,100.000,447488,
2.959166,ACK,438,17.144,44.859,100.000,448512,base=419
2.960274,SEND,454,17.144,44.859,100.000,448512,
2.961082,ACK,439,17.202,45.328,100.000,449536,base=419
2.961126,ACK,440,17.260,45.715,100.000,450560,base=419
2.962389,SEND,455,17.260,45.715,100.000,450560,
2.962620,SEND,456,17.260,45.715,100.000,450560,
2.967535,ACK,441,17.318,46.826,100.000,451584,base=419
2.967613,ACK,442,17.376,47.780,100.000,452608,base=419
2.967704,ACK,443,17.434,48.598,100.000,453632,base=419
2.967751,ACK,419,17.491,48.598,100.000,454656,base=444
2.968740,SEND,457,17.491,48.598,100.000,454656,
2.968984,SEND,458,17.491,48.598,100.000,454656,
2.969156,SEND,459,17.491,48.598,100.000,454656,
2.969325,SEND,460,17.491,48.598,100.000,454656,
2.972996,ACK,444,17.548,48.796,100.000,455680,base=445
2.973338,SEND,461,17.548,48.796,100.000,455680,
2.973439,ACK,445,17.605,48.995,100.000,456704,base=446
2.973483,ACK,446,17.662,49.150,100.000,457728,base=447
2.973519,ACK,447,17.718,49.253,100.000,458752,base=448
2.973554,ACK,448,17.775,48.316,100.000,459776,base=449
2.975534,SEND,462,17.775,48.316,100.000,459776,
2.975729,SEND,463,17.775,48.316,100.000,459776,
2.975901,SEND,464,17.775,48.316,100.000,459776,
2.976130,SEND,465,17.775,48.316,100.000,459776,
2.980213,ACK,449,17.831,48.303,100.000,460800,base=450
2.980279,ACK,450,17.887,47.465,100.000,461824,base=451
2.980577,ACK,451,17.943,46.468,100.000,462848,base=452
2.981019,ACK,452,17.999,45.624,100.000,463872,base=453
2.982099,SEND,466,17.999,45.624,100.000,463872,
2.982290,SEND,467,17.999,45.624,100.000,463872,
2.982555,SEND,468,17.999,45.624,100.000,463872,
2.982760,SEND,469,17.999,45.624,100.000,463872,
3.000752,ACK,453,18.054,45.474,100.000,464896,base=454
3.002031,SEND,470,18.054,45.474,100.000,464896,
3.002221,SEND,471,18.054,45.474,100.000,464896,
3.012431,ACK,454,18.110,46.306,100.000,465920,base=455
3.013272,SEND,472,18.110,46.306,100.000,465920,
3.015322,ACK,455,18.165,47.131,100.000,466944,base=456
3.015418,ACK,456,18.220,47.838,100.000,467968,base=457
3.015465,ACK,457,18.275,47.698,100.000,468992,base=458
3.015511,ACK,458,18.330,47.551,100.000,470016,base=459
3.016845,SEND,473,18.330,47.551,100.000,470016,
3.017300,SEND,474,18.330,47.551,100.000,470016,
3.017607,SEND,475,18.330,47.551,100.000,470016,
3.017897,SEND,476,18.330,47.551,100.000,470016,
3.020010,ACK,459,18.384,47.961,100.000,471040,base=460
3.020154,ACK,460,18.439,48.318,100.000,472064,base=461
3.020205,ACK,461,18.493,48.136,100.000,473088,base=462
3.022399,SEND,477,18.493,48.136,100.000,473088,
3.022670,SEND,478,18.493,48.136,100.000,473088,
3.023176,SEND,479,18.493,48.136,100.000,473088,
3.029515,ACK,462,18.547,48.864,100.000,474112,base=463
3.029599,ACK,463,18.601,49.489,100.000,475136,base=464
3.029638,ACK,464,18.655,50.019,100.000,476160,base=465
3.029675,ACK,465,18.708,50.459,100.000,477184,base=466
3.030548,SEND,480,18.708,50.459,100.000,477184,
3.030771,SEND,481,18.708,50.459,100.000,477184,
3.030980,SEND,482,18.708,50.459,100.000,477184,
3.031183,SEND,483,18.708,50.459,100.000,477184,
3.033460,ACK,466,18.762,50.569,100.000,478208,base=467
3.033514,ACK,467,18.815,50.650,100.000,479232,base=468
3.033550,ACK,468,18.868,50.693,100.000,480256,base=469
3.035112,SEND,484,18.868,50.693,100.000,480256,
3.035487,SEND,485,18.868,50.693,100.000,480256,
3.035712,SEND,486,18.868,50.693,100.000,480256,
3.046740,STATS,-1,18.868,50.693,100.000,480256,base=469 next=487 inflight=18
3.051405,ACK,470,18.921,50.514,100.000,481280,base=469
3.051513,NAK,469,18.921,,,481280,
3.051997,RETX,469,16.819,50.514,100.000,481280,retx#1
3.052512,ACK,471,16.878,50.484,100.000,482304,base=469
3.052589,ACK,472,16.938,49.088,100.000,483328,base=469
3.052884,RETX,469,16.938,49.088,100.000,483328,retx#2
3.054759,SEND,487,16.938,49.088,100.000,483328,
3.060330,ACK,473,16.997,48.384,100.000,484352,base=469
3.061062,SEND,488,16.997,48.384,100.000,484352,
3.063915,ACK,474,17.055,48.160,100.000,485376,base=469
3.064005,ACK,475,17.114,47.938,100.000,486400,base=469
3.065447,SEND,489,17.114,47.938,100.000,486400,
3.065821,SEND,490,17.114,47.938,100.000,486400,
3.066094,SEND,491,17.114,47.938,100.000,486400,
3.068881,ACK,477,17.172,47.773,100.000,487424,base=469
3.069133,ACK,478,17.231,47.608,100.000,488448,base=469
3.070265,SEND,492,17.231,47.608,100.000,488448,
3.070807,SEND,493,17.231,47.608,100.000,488448,
3.072976,ACK,479,17.289,47.876,100.000,489472,base=469
3.073201,ACK,480,17.347,47.222,100.000,490496,base=469
3.073441,ACK,481,17.404,46.650,100.000,491520,base=469
3.075149,SEND,494,17.404,46.650,100.000,491520,
3.075483,SEND,495,17.404,46.650,100.000,491520,
3.075858,SEND,496,17.404,46.650,100.000,491520,
3.077949,ACK,482,17.462,46.686,100.000,492544,base=469
3.079029,NAK,483,17.462,,,492544,
3.079346,RETX,483,17.462,46.686,100.000,492544,retx#1
3.079415,ACK,485,17.519,46.340,100.000,493568,base=469
3.079527,ACK,486,17.576,46.023,100.000,494592,base=469
3.079843,SEND,497,17.576,46.023,100.000,494592,
3.080113,SEND,498,17.576,46.023,100.000,494592,
3.080378,SEND,499,17.576,46.023,100.000,494592,
3.087027,ACK,469,17.633,46.023,100.000,495616,base=476
3.088634,SEND,500,17.633,46.023,100.000,495616,
3.103683,ACK,487,17.690,46.382,100.000,496640,base=476
3.103866,ACK,488,17.746,45.934,100.000,497664,base=476
3.103976,ACK,489,17.803,45.007,100.000,498688,base=476
3.104317,RETX,476,17.803,45.007,100.000,498688,retx#1
3.105957,SEND,501,17.803,45.007,100.000,498688,
3.106756,SEND,502,17.803,45.007,100.000,498688,
3.107049,SEND,503,17.803,45.007,100.000,498688,
3.113124,ACK,490,17.859,45.290,100.000,499712,base=476
3.115114,SEND,504,17.859,45.290,100.000,499712,
3.116374,ACK,491,17.915,45.910,100.000,500736,base=476
3.116472,ACK,492,17.970,45.960,100.000,501760,base=476
3.117519,SEND,505,17.970,45.960,100.000,501760,
3.117845,SEND,506,17.970,45.960,100.000,501760,
3.119666,ACK,493,18.026,46.319,100.000,502784,base=476
3.120210,SEND,507,18.026,46.319,100.000,502784,
3.120527,SEND,508,18.026,46.319,100.000,502784,
3.125104,ACK,494,18.082,46.770,100.000,503808,base=476
3.125186,ACK,495,18.137,47.136,100.000,504832,base=476
3.125233,ACK,496,18.192,47.415,100.000,505856,base=476
3.125345,ACK,483,18.247,47.415,100.000,506880,base=476
3.125418,ACK,497,18.302,47.183,100.000,507904,base=476
3.126138,SEND,509,18.302,47.183,100.000,507904,
3.126420,SEND,510,18.302,47.183,100.000,507904,
3.126692,SEND,511,18.302,47.183,100.000,507904,
3.126972,SEND,512,18.302,47.183,100.000,507904,
3.127238,SEND,513,18.302,47.183,100.000,507904,
3.127805,ACK,498,18.356,47.244,100.000,508928,base=476
3.127882,ACK,499,18.411,47.276,100.000,509952,base=476
3.129443,SEND,514,18.411,47.276,100.000,509952,
3.129729,SEND,515,18.411,47.276,100.000,509952,
3.136989,TIMEOUT,484,18.411,47.276,200.000,509952,
3.137671,RETX,484,18.411,47.276,200.000,509952,retx#1
3.137835,ACK,500,18.465,47.521,100.000,510976,base=476
3.140956,SEND,516,18.465,47.521,100.000,510976,
3.148235,STATS,-1,18.465,47.521,100.000,510976,base=476 next=517 inflight=18
3.154209,ACK,476,18.519,47.521,100.000,512000,base=484
3.156026,SEND,517,18.519,47.521,100.000,512000,
3.156726,ACK,502,18.573,47.824,100.000,513024,base=484
3.158042,SEND,518,18.573,47.824,100.000,513024,
3.160145,ACK,504,18.627,47.472,100.000,514048,base=484
3.160224,ACK,505,18.681,46.876,100.000,515072,base=484
3.160482,RETX,484,18.681,46.876,100.000,515072,retx#2
3.160556,ACK,506,18.734,46.355,100.000,516096,base=484
3.160600,ACK,508,18.788,45.569,100.000,517120,base=484
3.161216,NAK,507,18.788,,,517120,
3.161506,RETX,507,18.788,45.569,100.000,517120,retx#1
3.161787,SEND,519,18.788,45.569,100.000,517120,
3.162002,SEND,520,18.788,45.569,100.000,517120,
3.162208,SEND,521,18.788,45.569,100.000,517120,
3.162413,SEND,522,18.788,45.569,100.000,517120,
3.163322,ACK,509,18.841,44.518,100.000,518144,base=484
3.164454,SEND,523,18.841,44.518,100.000,518144,
3.175044,ACK,510,18.894,45.026,100.000,519168,base=484
3.175145,ACK,512,18.947,45.418,100.000,520192,base=484
3.175202,ACK,513,19.000,45.736,100.000,521216,base=484
3.175254,ACK,514,19.052,45.745,100.000,522240,base=484
3.175305,ACK,515,19.105,45.723,100.000,523264,base=484
3.175899,SEND,524,19.105,45.723,100.000,523264,
3.176186,SEND,525,19.105,45.723,100.000,523264,
3.176456,SEND,526,19.105,45.723,100.000,523264,
3.176730,SEND,527,19.105,45.723,100.000,523264,
3.177009,SEND,528,19.105,45.723,100.000,523264,
3.177275,SEND,529,19.105,45.723,100.000,523264,
3.179200,ACK,484,19.157,45.723,100.000,524288,base=501
3.179384,ACK,516,19.210,44.809,100.000,525312,base=501
3.180774,SEND,530,19.210,44.809,100.000,525312,
3.181008,SEND,531,19.210,44.809,100.000,525312,
3.198279,ACK,517,19.262,44.486,100.000,526336,base=501
3.199598,SEND,532,19.262,44.486,100.000,526336,
3.202362,ACK,518,19.313,44.463,100.000,527360,base=501
3.202603,RETX,501,17.168,44.463,100.000,527360,retx#1
3.202673,DUPACK,484,17.168,,,527360,
3.202734,ACK,507,17.226,44.463,100.000,528384,base=501
3.205439,ACK,519,17.284,44.359,100.000,529408,base=501
3.207188,SEND,533,17.284,44.359,100.000,529408,
3.207224,TIMEOUT,503,17.284,44.359,200.000,529408,
3.207454,RETX,503,17.284,44.359,200.000,529408,retx#1
3.209952,ACK,520,17.342,44.804,100.000,530432,base=501
3.210052,ACK,521,17.399,45.182,100.000,531456,base=501
3.210102,ACK,522,17.457,45.495,100.000,532480,base=501
3.212495,SEND,534,17.457,45.495,100.000,532480,
3.212690,SEND,535,17.457,45.495,100.000,532480,
3.212918,SEND,536,17.457,45.495,100.000,532480,
3.214178,ACK,524,17.514,44.591,100.000,533504,base=501
3.214924,SEND,537,17.514,44.591,100.000,533504,
3.215039,NAK,523,17.514,,,533504,
3.215254,RETX,523,17.514,44.591,100.000,533504,retx#1
3.215369,ACK,525,17.571,43.913,100.000,534528,base=501
3.215940,ACK,526,17.628,43.358,100.000,535552,base=501
3.216952,SEND,538,17.628,43.358,100.000,535552,
3.217246,SEND,539,17.628,43.358,100.000,535552,
3.226954,TIMEOUT,511,17.628,43.358,200.000,535552,
3.227256,RETX,511,17.628,43.358,200.000,535552,retx#1
3.228579,ACK,528,17.685,44.382,100.000,536576,base=501
3.228744,NAK,527,17.685,,,536576,
3.228990,RETX,527,17.685,44.382,100.000,536576,retx#1
3.229074,ACK,531,17.741,44.841,100.000,537600,base=501
3.230087,SEND,540,17.741,44.841,100.000,537600,
3.230274,SEND,541,17.741,44.841,100.000,537600,
3.241240,ACK,532,17.798,44.439,100.000,538624,base=501
3.242616,SEND,542,17.798,44.439,100.000,538624,
3.249805,STATS,-1,17.798,44.439,100.000,538624,base=501 next=543 inflight=17
3.250145,ACK,501,17.854,44.439,100.000,539648,base=503
3.252125,SEND,543,17.854,44.439,100.000,539648,
3.255596,ACK,533,17.910,44.933,100.000,540672,base=503
3.255955,ACK,503,17.966,44.933,100.000,541696,base=511
3.256197,SEND,544,17.966,44.933,100.000,541696,
3.256377,SEND,545,17.966,44.933,100.000,541696,
3.264192,ACK,534,18.021,45.776,100.000,542720,base=511
3.266062,SEND,546,18.021,45.776,100.000,542720,
3.266259,SEND,547,18.021,45.776,100.000,542720,
3.266403,ACK,535,18.077,46.766,100.000,543744,base=511
3.266465,ACK,536,18.132,47.613,100.000,544768,base=511
3.266677,RETX,511,18.132,47.613,100.000,544768,retx#2
3.266975,ACK,537,18.187,48.167,100.000,545792,base=511
3.267622,ACK,523,18.242,48.167,100.000,546816,base=511
3.268463,ACK,538,18.297,48.583,100.000,547840,base=511
3.268550,ACK,539,18.352,48.923,100.000,548864,base=511
3.269058,ACK,511,18.406,48.923,100.000,549888,base=527
3.269505,SEND,548,18.406,48.923,100.000,549888,
3.269683,SEND,549,18.406,48.923,100.000,549888,
3.269894,SEND,550,18.406,48.923,100.000,549888,
3.270464,SEND,551,18.406,48.923,100.000,549888,
3.271109,SEND,552,18.406,48.923,100.000,549888,
3.271396,SEND,553,18.406,48.923,100.000,549888,
3.271610,SEND,554,18.406,48.923,100.000,549888,
3.271774,ACK,527,18.461,48.923,100.000,550912,base=529
3.273656,SEND,555,18.461,48.923,100.000,550912,
3.276726,ACK,540,18.515,48.636,100.000,551936,base=529
3.276768,ACK,541,18.569,48.368,100.000,552960,base=529
3.277201,SEND,556,18.569,48.368,100.000,552960,
3.277433,SEND,557,18.569,48.368,100.000,552960,
3.277447,TIMEOUT,529,18.569,48.368,200.000,552960,
3.277674,RETX,529,18.569,48.368,200.000,552960,retx#1
3.287123,ACK,542,18.623,47.883,100.000,553984,base=529
3.287478,RETX,529,18.623,47.883,100.000,553984,retx#2
3.287573,ACK,543,18.676,46.328,100.000,555008,base=529
3.289099,SEND,558,18.676,46.328,100.000,555008,
3.289344,SEND,559,18.676,46.328,100.000,555008,
3.289359,TIMEOUT,530,18.676,46.328,200.000,555008,
3.289588,RETX,530,18.676,46.328,200.000,555008,retx#1
3.299338,ACK,544,18.730,45.928,100.000,556032,base=529
3.299384,ACK,545,18.783,45.562,100.000,557056,base=529
3.300044,SEND,560,18.783,45.562,100.000,557056,
3.300276,SEND,561,18.783,45.562,100.000,557056,
3.310670,ACK,546,18.837,45.440,100.000,558080,base=529
3.310744,ACK,547,18.890,45.320,100.000,559104,base=529
3.311294,SEND,562,18.890,45.320,100.000,559104,
3.311480,SEND,563,18.890,45.320,100.000,559104,
3.323541,DUPACK,511,18.890,,,559104,
3.323624,ACK,548,18.943,46.418,100.000,560128,base=529
3.323665,ACK,549,18.995,47.363,100.000,561152,base=529
3.323707,ACK,550,19.048,48.169,100.000,562176,base=529
3.323742,ACK,551,19.101,48.807,100.000,563200,base=529
3.323779,ACK,552,19.153,49.290,100.000,564224,base=529
3.323813,ACK,553,19.205,49.680,100.000,565248,base=529
3.323846,ACK,554,19.257,49.999,100.000,566272,base=529
3.323882,ACK,555,19.309,50.027,100.000,567296,base=529
3.323917,ACK,556,19.361,49.613,100.000,568320,base=529
3.323950,ACK,557,19.413,49.225,100.000,569344,base=529
3.324702,SEND,564,19.413,49.225,100.000,569344,
3.324885,SEND,565,19.413,49.225,100.000,569344,
3.325495,SEND,566,19.413,49.225,100.000,569344,
3.325682,SEND,567,19.413,49.225,100.000,569344,
3.325856,SEND,568,19.413,49.225,100.000,569344,
3.326028,SEND,569,19.413,49.225,100.000,569344,
3.326198,SEND,570,19.413,49.225,100.000,569344,
3.326523,SEND,571,19.413,49.225,100.000,569344,
3.326708,SEND,572,19.413,49.225,100.000,569344,
3.326879,SEND,573,19.413,49.225,100.000,569344,
3.327178,SEND,574,19.413,49.225,100.000,569344,
3.334114,ACK,529,19.464,49.225,100.000,570368,base=530
3.334178,ACK,558,19.515,48.705,100.000,571392,base=530
3.334228,ACK,530,19.567,48.705,100.000,572416,base=559
3.335808,SEND,575,19.567,48.705,100.000,572416,
3.336053,SEND,576,19.567,48.705,100.000,572416,
3.336282,SEND,577,19.567,48.705,100.000,572416,
3.350037,STATS,-1,19.567,48.705,100.000,572416,base=559 next=578 inflight=19
3.356739,ACK,560,19.618,49.703,100.000,573440,base=559
3.358294,SEND,578,19.618,49.703,100.000,573440,
3.359165,NAK,559,19.618,,,573440,
3.361489,RETX,559,17.438,49.703,100.000,573440,retx#1
3.361596,ACK,561,17.495,51.154,100.000,574464,base=559
3.361631,ACK,562,17.553,51.052,100.000,575488,base=559
3.361823,RETX,559,17.553,51.052,100.000,575488,retx#2
3.361924,ACK,563,17.610,50.974,100.000,576512,base=559
3.363606,SEND,579,17.610,50.974,100.000,576512,
3.379029,ACK,564,17.666,51.391,100.000,577536,base=559
3.379103,ACK,565,17.723,51.744,100.000,578560,base=559
3.379196,ACK,566,17.779,51.987,100.000,579584,base=559
3.379249,ACK,567,17.836,52.184,100.000,580608,base=559
3.379288,ACK,568,17.892,52.339,100.000,581632,base=559
3.379326,ACK,569,17.948,52.459,100.000,582656,base=559
3.379360,ACK,570,18.003,52.546,100.000,583680,base=559
3.379434,ACK,571,18.059,52.591,100.000,584704,base=559
3.379484,ACK,573,18.114,52.592,100.000,585728,base=559
3.379521,ACK,574,18.169,52.560,100.000,586752,base=559
3.379556,ACK,576,18.224,51.428,100.000,587776,base=559
3.379593,NAK,575,18.224,,,587776,
3.379851,RETX,575,18.224,51.428,100.000,587776,retx#1
3.379935,ACK,577,18.279,50.455,100.000,588800,base=559
3.380981,SEND,580,18.279,50.455,100.000,588800,
3.381170,SEND,581,18.279,50.455,100.000,588800,
3.381342,SEND,582,18.279,50.455,100.000,588800,
3.381510,SEND,583,18.279,50.455,100.000,588800,
3.381676,SEND,584,18.279,50.455,100.000,588800,
3.381849,SEND,585,18.279,50.455,100.000,588800,
3.382030,SEND,586,18.279,50.455,100.000,588800,
3.382262,SEND,587,18.279,50.455,100.000,588800,
3.382444,SEND,588,18.279,50.455,100.000,588800,
3.382626,SEND,589,18.279,50.455,100.000,588800,
3.382802,SEND,590,18.279,50.455,100.000,588800,
3.382974,SEND,591,18.279,50.455,100.000,588800,
3.383145,SEND,592,18.279,50.455,100.000,588800,
3.397625,ACK,578,18.334,49.061,100.000,589824,base=559
3.399149,SEND,593,18.334,49.061,100.000,589824,
3.406993,NAK,559,18.334,,,589824,
3.407431,RETX,559,18.334,49.061,100.000,589824,retx#3
3.407506,ACK,559,18.389,49.061,100.000,590848,base=572
3.407540,DUPACK,559,18.389,,,590848,
3.408066,SEND,594,18.389,49.061,100.000,590848,
3.411962,ACK,579,18.443,48.971,100.000,591872,base=572
3.413774,SEND,595,18.443,48.971,100.000,591872,
3.426825,ACK,575,18.497,48.971,100.000,592896,base=572
3.426944,ACK,580,18.551,48.593,100.000,593920,base=572
3.427221,RETX,572,18.551,48.593,100.000,593920,retx#1
3.428607,SEND,596,18.551,48.593,100.000,593920,
3.428810,SEND,597,18.551,48.593,100.000,593920,
3.433819,ACK,581,18.605,49.097,100.000,594944,base=572
3.433940,ACK,582,18.659,49.534,100.000,595968,base=572
3.433985,ACK,585,18.712,49.858,100.000,596992,base=572
3.434015,NAK,583,18.712,,,596992,
3.434240,RETX,583,18.712,49.858,100.000,596992,retx#1
3.434276,NAK,584,18.712,,,596992,
3.434534,RETX,584,18.712,49.858,100.000,596992,retx#1
3.434765,SEND,598,18.712,49.858,100.000,596992,
3.434940,SEND,599,18.712,49.858,100.000,596992,
3.435166,SEND,600,18.712,49.858,100.000,596992,
3.435281,ACK,586,18.766,50.281,100.000,598016,base=572
3.435334,ACK,587,18.819,50.629,100.000,599040,base=572
3.435372,ACK,588,18.872,50.916,100.000,600064,base=572
3.435407,ACK,589,18.925,51.149,100.000,601088,base=572
3.435441,ACK,590,18.978,51.334,100.000,602112,base=572
3.435475,ACK,591,19.031,51.480,100.000,603136,base=572
3.437203,SEND,601,19.031,51.480,100.000,603136,
3.437648,SEND,602,19.031,51.480,100.000,603136,
3.437965,SEND,603,19.031,51.480,100.000,603136,
3.438217,SEND,604,19.031,51.480,100.000,603136,
3.438501,SEND,605,19.031,51.480,100.000,603136,
3.438680,SEND,606,19.031,51.480,100.000,603136,
3.438856,SEND,607,19.031,51.480,100.000,603136,
3.440271,ACK,593,19.083,50.182,100.000,604160,base=572
3.440774,SEND,608,19.083,50.182,100.000,604160,
3.447836,DUPACK,559,19.083,,,604160,
3.451369,ACK,594,19.136,49.299,100.000,605184,base=572
3.451824,SEND,609,19.136,49.299,100.000,605184,
3.451854,STATS,-1,19.136,49.299,100.000,605184,base=572 next=610 inflight=19
3.451971,ACK,595,19.188,47.910,100.000,606208,base=572
3.453921,SEND,610,19.188,47.910,100.000,606208,
3.473479,ACK,596,19.240,47.529,100.000,607232,base=572
3.474902,SEND,611,19.240,47.529,100.000,607232,
3.478806,ACK,583,19.292,47.529,100.000,608256,base=572
3.479870,SEND,612,19.292,47.529,100.000,608256,
3.481081,NAK,584,19.292,,,608256,
3.481176,RETX,584,19.292,47.529,100.000,608256,retx#2
3.481210,ACK,584,19.344,47.529,100.000,609280,base=572
3.481231,ACK,598,19.396,47.396,100.000,610304,base=572
3.481615,SEND,613,19.396,47.396,100.000,610304,
3.481695,SEND,614,19.396,47.396,100.000,610304,
3.482181,NAK,597,19.396,,,610304,
3.482270,RETX,597,19.396,47.396,100.000,610304,retx#1
3.483331,ACK,599,19.447,47.520,100.000,611328,base=572
3.483351,ACK,600,19.499,47.603,100.000,612352,base=572
3.483444,SEND,615,19.499,47.603,100.000,612352,
3.483526,SEND,616,19.499,47.603,100.000,612352,
3.483531,TIMEOUT,592,19.499,47.603,200.000,612352,
3.483611,RETX,592,19.499,47.603,200.000,612352,retx#1
3.493666,ACK,603,19.550,48.613,100.000,613376,base=572
3.493910,SEND,617,19.550,48.613,100.000,613376,
3.493969,ACK,605,19.601,49.469,100.000,614400,base=572
3.494035,ACK,606,19.652,50.204,100.000,615424,base=572
3.495827,SEND,618,19.652,50.204,100.000,615424,
3.496011,SEND,619,19.652,50.204,100.000,615424,
3.497834,ACK,607,19.703,51.299,100.000,616448,base=572
3.499604,SEND,620,19.703,51.299,100.000,616448,
3.500159,ACK,608,19.754,52.308,100.000,617472,base=572
3.500265,ACK,609,19.804,51.824,100.000,618496,base=572
3.500370,ACK,610,19.855,51.150,100.000,619520,base=572
3.501812,SEND,621,19.855,51.150,100.000,619520,
3.502004,SEND,622,19.855,51.150,100.000,619520,
3.502950,SEND,623,19.855,51.150,100.000,619520,
3.518436,ACK,612,19.905,49.575,100.000,620544,base=572
3.518479,NAK,611,19.905,,,620544,
3.518789,RETX,611,19.905,49.575,100.000,620544,retx#1
3.519743,SEND,624,19.905,49.575,100.000,620544,
3.524732,DUPACK,584,19.905,,,620544,
3.524809,ACK,613,19.955,48.775,100.000,621568,base=572
3.525076,SEND,625,19.955,48.775,100.000,621568,
3.528417,TIMEOUT,572,19.955,48.775,200.000,621568,
3.528631,RETX,572,19.955,48.775,200.000,621568,retx#2
3.529558,ACK,614,20.006,48.659,100.000,622592,base=572
3.531393,SEND,626,20.006,48.659,100.000,622592,
3.531604,SEND,627,20.006,48.659,100.000,622592,
3.532493,ACK,597,20.056,48.659,100.000,623616,base=572
3.532553,ACK,615,20.105,48.714,100.000,624640,base=572
3.532590,ACK,616,20.155,48.757,100.000,625664,base=572
3.533461,SEND,628,20.155,48.757,100.000,625664,
3.533702,SEND,629,20.155,48.757,100.000,625664,
3.533891,SEND,630,20.155,48.757,100.000,625664,
3.533994,ACK,592,20.205,48.757,100.000,626688,base=572
3.535721,SEND,631,20.205,48.757,100.000,626688,
3.536142,ACK,617,20.254,47.940,100.000,627712,base=572
3.537635,SEND,632,20.254,47.940,100.000,627712,
3.537667,TIMEOUT,601,20.254,47.940,200.000,627712,
3.537854,RETX,601,20.254,47.940,200.000,627712,retx#1
3.537953,ACK,618,20.304,47.212,100.000,628736,base=572
3.540623,SEND,633,20.304,47.212,100.000,628736,
3.540659,TIMEOUT,602,20.304,47.212,200.000,628736,
3.540831,RETX,602,20.304,47.212,200.000,628736,retx#1
3.540946,ACK,619,20.353,46.926,100.000,629760,base=572
3.540998,ACK,620,20.402,46.234,100.000,630784,base=572
3.541033,ACK,621,20.451,45.358,100.000,631808,base=572
3.543645,SEND,634,20.451,45.358,100.000,631808,
3.543837,SEND,635,20.451,45.358,100.000,631808,
3.544010,SEND,636,20.451,45.358,100.000,631808,
3.544030,TIMEOUT,604,20.451,45.358,200.000,631808,
3.544206,RETX,604,20.451,45.358,200.000,631808,retx#1
3.545069,ACK,622,20.500,45.069,100.000,632832,base=572
3.546994,SEND,637,20.500,45.069,100.000,632832,
3.553735,STATS,-1,20.500,45.069,100.000,632832,base=572 next=638 inflight=20
3.555242,ACK,623,20.549,45.968,100.000,633856,base=572
3.555604,SEND,638,20.549,45.968,100.000,633856,
3.562445,ACK,611,20.597,45.968,100.000,634880,base=572
3.563692,SEND,639,20.597,45.968,100.000,634880,
3.563958,ACK,624,20.646,45.747,100.000,635904,base=572
3.564021,ACK,625,20.694,44.896,100.000,636928,base=572
3.565539,SEND,640,20.694,44.896,100.000,636928,
3.565733,SEND,641,20.694,44.896,100.000,636928,
3.578108,ACK,627,20.743,45.094,100.000,637952,base=572
3.578191,NAK,626,20.743,,,637952,
3.578417,RETX,626,20.743,45.094,100.000,637952,retx#1
3.578870,SEND,642,20.743,45.094,100.000,637952,
3.578973,ACK,628,20.791,45.145,100.000,638976,base=572
3.579022,ACK,629,20.839,45.166,100.000,640000,base=572
3.580725,SEND,643,20.839,45.166,100.000,640000,
3.580917,SEND,644,20.839,45.166,100.000,640000,
3.584554,ACK,630,20.887,45.844,100.000,641024,base=572
3.584646,ACK,631,20.935,46.229,100.000,642048,base=572
3.584690,ACK,632,20.983,46.332,100.000,643072,base=572
3.586202,SEND,645,20.983,46.332,100.000,643072,
3.586418,SEND,646,20.983,46.332,100.000,643072,
3.586592,SEND,647,20.983,46.332,100.000,643072,
3.587089,ACK,601,21.030,46.332,100.000,644096,base=572
3.588544,SEND,648,21.030,46.332,100.000,644096,
3.588764,SEND,649,21.030,46.332,100.000,644096,
3.589506,ACK,633,21.078,46.649,100.000,645120,base=572
3.590024,ACK,634,21.125,46.614,100.000,646144,base=572
3.590080,ACK,635,21.173,46.567,100.000,647168,base=572
3.590118,ACK,636,21.220,46.509,100.000,648192,base=572
3.590507,SEND,650,21.220,46.509,100.000,648192,
3.590689,SEND,651,21.220,46.509,100.000,648192,
3.590859,SEND,652,21.220,46.509,100.000,648192,
3.591030,SEND,653,21.220,46.509,100.000,648192,
3.592624,ACK,604,21.267,46.509,100.000,649216,base=572
3.592692,ACK,637,21.314,46.406,100.000,650240,base=572
3.594200,SEND,654,21.314,46.406,100.000,650240,
3.594416,SEND,655,21.314,46.406,100.000,650240,
3.600673,ACK,638,21.361,46.236,100.000,651264,base=572
3.600933,SEND,656,21.361,46.236,100.000,651264,
3.607037,ACK,639,21.408,45.872,100.000,652288,base=572
3.607395,SEND,657,21.408,45.872,100.000,652288,
3.610923,ACK,640,21.454,45.809,100.000,653312,base=572
3.610994,ACK,641,21.501,45.740,100.000,654336,base=572
3.611254,ACK,626,21.548,45.740,100.000,655360,base=572
3.612151,SEND,658,21.548,45.740,100.000,655360,
3.612333,SEND,659,21.548,45.740,100.000,655360,
3.612556,SEND,660,21.548,45.740,100.000,655360,
3.623465,ACK,642,21.594,45.595,100.000,656384,base=572
3.625036,SEND,661,21.594,45.595,100.000,656384,
3.625234,ACK,644,21.640,45.433,100.000,657408,base=572
3.626789,SEND,662,21.640,45.433,100.000,657408,
3.629807,TIMEOUT,572,21.640,45.433,200.000,657408,
3.630073,RETX,572,21.640,45.433,200.000,657408,retx#3
3.631974,ACK,645,21.686,45.473,100.000,658432,base=572
3.632836,SEND,663,21.686,45.473,100.000,658432,
3.633904,ACK,646,21.733,45.723,100.000,659456,base=572
3.633957,ACK,647,21.779,45.928,100.000,660480,base=572
3.634022,ACK,649,21.825,45.840,100.000,661504,base=572
3.634621,SEND,664,21.825,45.840,100.000,661504,
3.634809,SEND,665,21.825,45.840,100.000,661504,
3.634979,SEND,666,21.825,45.840,100.000,661504,
3.637826,NAK,648,21.825,,,661504,
3.638043,RETX,648,21.825,45.840,100.000,661504,retx#1
3.638114,ACK,650,21.870,46.059,100.000,662528,base=572
3.638343,SEND,667,21.870,46.059,100.000,662528,
3.638429,ACK,651,21.916,46.268,100.000,663552,base=572
3.638472,ACK,652,21.962,46.436,100.000,664576,base=572
3.638508,ACK,653,22.007,46.565,100.000,665600,base=572
3.640075,SEND,668,22.007,46.565,100.000,665600,
3.640255,SEND,669,22.007,46.565,100.000,665600,
3.640428,SEND,670,22.007,46.565,100.000,665600,
3.640597,SEND,671,22.007,46.565,100.000,665600,
3.641864,ACK,654,22.053,46.701,100.000,666624,base=572
3.641929,ACK,655,22.098,46.802,100.000,667648,base=572
3.642263,SEND,672,22.098,46.802,100.000,667648,
3.642444,SEND,673,22.098,46.802,100.000,667648,
3.642462,TIMEOUT,602,22.098,46.802,200.000,667648,
3.642637,RETX,602,22.098,46.802,200.000,667648,retx#2
3.644873,ACK,656,22.143,46.442,100.000,668672,base=572
3.645367,SEND,674,22.143,46.442,100.000,668672,
3.649685,ACK,657,22.188,45.921,100.000,669696,base=572
3.650002,SEND,675,22.188,45.921,100.000,669696,
3.654449,STATS,-1,22.188,45.921,100.000,669696,base=572 next=676 inflight=22
3.659955,ACK,658,22.234,46.154,100.000,670720,base=572
3.660025,ACK,659,22.278,46.345,100.000,671744,base=572
3.660741,SEND,676,22.278,46.345,100.000,671744,
3.661060,SEND,677,22.278,46.345,100.000,671744,
3.661379,ACK,660,22.323,46.653,100.000,672768,base=572
3.663068,SEND,678,22.323,46.653,100.000,672768,
3.664684,ACK,661,22.368,45.776,100.000,673792,base=572
3.666108,SEND,679,22.368,45.776,100.000,673792,
3.680905,TIMEOUT,643,22.368,45.776,200.000,673792,
3.681308,RETX,643,22.368,45.776,200.000,673792,retx#1
3.683371,ACK,572,22.413,45.776,200.000,674816,base=602
3.683615,ACK,663,22.457,46.399,100.000,675840,base=602
3.683833,ACK,664,22.502,46.749,100.000,676864,base=602
3.684319,SEND,680,22.502,46.749,100.000,676864,
3.684563,SEND,681,22.502,46.749,100.000,676864,
3.684804,SEND,682,22.502,46.749,100.000,676864,
3.685834,ACK,665,22.546,47.282,100.000,677888,base=602
3.686023,RETX,602,20.041,47.282,100.000,677888,retx#3
3.686068,ACK,666,20.091,47.757,100.000,678912,base=602
3.686106,ACK,648,20.141,47.757,100.000,679936,base=602
3.686357,SEND,683,20.141,47.757,100.000,679936,
3.686420,ACK,667,20.191,47.796,100.000,680960,base=602
3.686486,ACK,668,20.240,47.622,100.000,681984,base=602
3.686522,ACK,669,20.290,47.452,100.000,683008,base=602
3.686556,ACK,672,20.339,47.057,100.000,684032,base=602
3.688157,SEND,684,20.339,47.057,100.000,684032,
3.688333,SEND,685,20.339,47.057,100.000,684032,
3.688503,SEND,686,20.339,47.057,100.000,684032,
3.688672,SEND,687,20.339,47.057,100.000,684032,
3.694057,NAK,670,20.339,,,684032,
3.694659,RETX,670,20.339,47.057,100.000,684032,retx#1
3.694733,ACK,673,20.388,47.709,100.000,685056,base=602
3.694807,ACK,602,20.437,47.709,100.000,686080,base=643
3.694844,ACK,674,20.486,47.930,100.000,687104,base=643
3.694878,ACK,675,20.535,47.548,100.000,688128,base=643
3.695117,SEND,688,20.535,47.548,100.000,688128,
3.695304,SEND,689,20.535,47.548,100.000,688128,
3.695480,SEND,690,20.535,47.548,100.000,688128,
3.695651,SEND,691,20.535,47.548,100.000,688128,
3.705786,ACK,676,20.583,47.232,100.000,689152,base=643
3.706158,RETX,643,20.583,47.232,100.000,689152,retx#2
3.706295,ACK,677,20.632,46.981,100.000,690176,base=643
3.707308,SEND,692,20.632,46.981,100.000,690176,
3.707582,SEND,693,20.632,46.981,100.000,690176,
3.707913,ACK,678,20.681,46.713,100.000,691200,base=643
3.708179,ACK,679,20.729,46.131,100.000,692224,base=643
3.709350,SEND,694,20.729,46.131,100.000,692224,
3.709764,SEND,695,20.729,46.131,100.000,692224,
3.723871,ACK,643,20.777,46.131,100.000,693248,base=662
3.724439,SEND,696,20.777,46.131,100.000,693248,
3.727688,TIMEOUT,662,20.777,46.131,200.000,693248,
3.727930,RETX,662,20.777,46.131,200.000,693248,retx#1
3.731209,ACK,680,20.825,46.223,100.000,694272,base=662
3.731305,ACK,681,20.873,46.289,100.000,695296,base=662
3.731354,ACK,682,20.921,46.325,100.000,696320,base=662
3.731567,RETX,662,20.921,46.325,100.000,696320,retx#2
3.732798,SEND,697,20.921,46.325,100.000,696320,
3.733001,SEND,698,20.921,46.325,100.000,696320,
3.733181,SEND,699,20.921,46.325,100.000,696320,
3.737133,ACK,683,20.969,46.878,100.000,697344,base=662
3.737311,ACK,684,21.017,47.161,100.000,698368,base=662
3.737411,ACK,685,21.064,47.400,100.000,699392,base=662
3.737467,ACK,686,21.112,47.595,100.000,700416,base=662
3.738916,SEND,700,21.112,47.595,100.000,700416,
3.739101,SEND,701,21.112,47.595,100.000,700416,
3.739274,SEND,702,21.112,47.595,100.000,700416,
3.739444,SEND,703,21.112,47.595,100.000,700416,
3.739614,SEND,704,21.112,47.595,100.000,700416,
3.739876,ACK,687,21.159,48.044,100.000,701440,base=662
3.740189,ACK,670,21.206,48.044,100.000,702464,base=662
3.741527,SEND,705,21.206,48.044,100.000,702464,
3.741967,SEND,706,21.206,48.044,100.000,702464,
3.742004,TIMEOUT,671,21.206,48.044,200.000,702464,
3.742499,RETX,671,21.206,48.044,200.000,702464,retx#1
3.745387,ACK,689,21.254,48.296,100.000,703488,base=662
3.745466,NAK,671,21.254,,,703488,
3.745519,NAK,688,21.254,,,703488,
3.745832,RETX,688,21.254,48.296,100.000,703488,retx#1
3.747552,SEND,707,21.254,48.296,100.000,703488,
3.748862,ACK,690,21.301,48.926,100.000,704512,base=662
3.748955,ACK,691,21.348,49.472,100.000,705536,base=662
3.749005,DUPACK,643,21.348,,,705536,
3.749379,SEND,708,21.348,49.472,100.000,705536,
3.749664,SEND,709,21.348,49.472,100.000,705536,
3.751694,ACK,692,21.394,48.817,100.000,706560,base=662
3.753231,SEND,710,21.394,48.817,100.000,706560,
3.754832,STATS,-1,21.394,48.817,100.000,706560,base=662 next=711 inflight=21
3.756316,ACK,693,21.441,48.804,100.000,707584,base=662
3.757110,ACK,694,21.488,48.671,100.000,708608,base=662
3.757182,ACK,695,21.534,48.514,100.000,709632,base=662
3.758641,SEND,711,21.534,48.514,100.000,709632,
3.758934,SEND,712,21.534,48.514,100.000,709632,
3.759205,SEND,713,21.534,48.514,100.000,709632,
3.767907,ACK,696,21.581,47.881,100.000,710656,base=662
3.768153,ACK,662,21.627,47.881,100.000,711680,base=671
3.768533,SEND,714,21.627,47.881,100.000,711680,
3.768713,SEND,715,21.627,47.881,100.000,711680,
3.770106,DUPACK,662,21.627,,,711680,
3.778120,ACK,697,21.673,47.557,100.000,712704,base=671
3.778210,ACK,698,21.719,47.263,100.000,713728,base=671
3.778255,ACK,699,21.765,46.989,100.000,714752,base=671
3.778525,RETX,671,21.765,46.989,100.000,714752,retx#2
3.779434,SEND,716,21.765,46.989,100.000,714752,
3.779677,SEND,717,21.765,46.989,100.000,714752,
3.779895,SEND,718,21.765,46.989,100.000,714752,
3.793633,ACK,700,21.811,47.950,100.000,715776,base=671
3.793716,ACK,702,21.857,48.761,100.000,716800,base=671
3.793752,ACK,703,21.903,49.454,100.000,717824,base=671
3.793791,ACK,704,21.949,50.043,100.000,718848,base=671
3.793824,ACK,705,21.994,50.325,100.000,719872,base=671
3.793888,ACK,706,22.040,50.524,100.000,720896,base=671
3.793932,ACK,671,22.085,50.524,100.000,721920,base=688
3.794360,SEND,719,22.085,50.524,100.000,721920,
3.794547,SEND,720,22.085,50.524,100.000,721920,
3.794717,SEND,721,22.085,50.524,100.000,721920,
3.794897,SEND,722,22.085,50.524,100.000,721920,
3.795070,SEND,723,22.085,50.524,100.000,721920,
3.795243,SEND,724,22.085,50.524,100.000,721920,
3.795411,SEND,725,22.085,50.524,100.000,721920,
3.795588,SEND,726,22.085,50.524,100.000,721920,
3.795708,ACK,688,22.130,50.524,100.000,722944,base=701
3.795765,ACK,707,22.176,50.235,100.000,723968,base=701
3.795828,ACK,709,22.221,49.725,100.000,724992,base=701
3.795929,NAK,708,22.221,,,724992,
3.796229,RETX,708,19.752,49.725,100.000,724992,retx#1
3.800527,ACK,710,19.802,49.420,100.000,726016,base=701
3.800802,RETX,701,19.802,49.420,100.000,726016,retx#1
3.802367,SEND,727,19.802,49.420,100.000,726016,
3.802578,ACK,711,19.853,48.733,100.000,727040,base=701
3.802635,ACK,712,19.903,48.103,100.000,728064,base=701
3.803099,ACK,713,19.953,47.576,100.000,729088,base=701
3.804303,SEND,728,19.953,47.576,100.000,729088,
3.804540,SEND,729,19.953,47.576,100.000,729088,
3.804774,SEND,730,19.953,47.576,100.000,729088,
3.809267,ACK,714,20.004,46.718,100.000,730112,base=701
3.809794,SEND,731,20.004,46.718,100.000,730112,
3.810049,SEND,732,20.004,46.718,100.000,730112,
3.813821,ACK,715,20.054,46.513,100.000,731136,base=701
3.815059,SEND,733,20.054,46.513,100.000,731136,
3.820979,DUPACK,671,20.054,,,731136,
3.824440,ACK,716,20.103,46.324,100.000,732160,base=701
3.825943,SEND,734,20.103,46.324,100.000,732160,
3.827619,ACK,718,20.153,46.498,100.000,733184,base=701
3.829397,SEND,735,20.153,46.498,100.000,733184,
3.835674,ACK,719,20.203,45.847,100.000,734208,base=701
3.836144,SEND,736,20.203,45.847,100.000,734208,
3.841916,ACK,720,20.252,46.034,100.000,735232,base=701
3.841982,ACK,721,20.302,46.187,100.000,736256,base=701
3.842814,SEND,737,20.302,46.187,100.000,736256,
3.843003,SEND,738,20.302,46.187,100.000,736256,
3.847967,ACK,722,20.351,47.045,100.000,737280,base=701
3.848273,SEND,739,20.351,47.045,100.000,737280,
3.848348,ACK,723,20.400,47.823,100.000,738304,base=701
3.848483,ACK,724,20.449,48.499,100.000,739328,base=701
3.848515,NAK,708,20.449,,,739328,
3.848716,RETX,708,20.449,48.499,100.000,739328,retx#2
3.848783,ACK,726,20.498,49.085,100.000,740352,base=701
3.848827,NAK,725,20.498,,,740352,
3.849013,RETX,725,20.498,49.085,100.000,740352,retx#1
3.849066,ACK,708,20.547,49.085,100.000,741376,base=701
3.850131,SEND,740,20.547,49.085,100.000,741376,
3.850334,SEND,741,20.547,49.085,100.000,741376,
3.850513,SEND,742,20.547,49.085,100.000,741376,
3.850686,SEND,743,20.547,49.085,100.000,741376,
3.850841,ACK,701,20.595,49.085,100.000,742400,base=717
3.850920,ACK,727,20.644,49.018,100.000,743424,base=717
3.850958,ACK,728,20.692,48.722,100.000,744448,base=717
3.851809,ACK,729,20.741,48.536,100.000,745472,base=717
3.852236,RETX,717,20.741,48.536,100.000,745472,retx#1
3.852332,ACK,730,20.789,48.413,100.000,746496,base=717
3.852578,SEND,744,20.789,48.413,100.000,746496,
3.852753,SEND,745,20.789,48.413,100.000,746496,
3.852943,SEND,746,20.789,48.413,100.000,746496,
3.853116,SEND,747,20.789,48.413,100.000,746496,
3.853289,SEND,748,20.789,48.413,100.000,746496,
3.854997,STATS,-1,20.789,48.413,100.000,746496,base=717 next=749 inflight=20
3.862845,ACK,731,20.837,48.990,100.000,747520,base=717
3.862911,ACK,732,20.885,49.473,100.000,748544,base=717
3.862948,ACK,733,20.933,49.277,100.000,749568,base=717
3.863345,SEND,749,20.933,49.277,100.000,749568,
3.863519,SEND,750,20.933,49.277,100.000,749568,
3.863690,SEND,751,20.933,49.277,100.000,749568,
3.868277,ACK,734,20.981,48.407,100.000,750592,base=717
3.868399,ACK,735,21.028,47.231,100.000,751616,base=717
3.868486,ACK,736,21.076,45.369,100.000,752640,base=717
3.869820,SEND,752,21.076,45.369,100.000,752640,
3.870009,SEND,753,21.076,45.369,100.000,752640,
3.870309,SEND,754,21.076,45.369,100.000,752640,
3.870534,SEND,755,21.076,45.369,100.000,752640,
3.880961,ACK,737,21.123,44.463,100.000,753664,base=717
3.881624,SEND,756,21.123,44.463,100.000,753664,
3.881738,ACK,738,21.171,43.745,100.000,754688,base=717
3.883188,SEND,757,21.171,43.745,100.000,754688,
3.891808,ACK,739,21.218,43.716,100.000,755712,base=717
3.891858,DUPACK,708,21.218,,,755712,
3.892725,SEND,758,21.218,43.716,100.000,755712,
3.898344,ACK,725,21.265,43.716,100.000,756736,base=717
3.898428,ACK,740,21.312,44.293,100.000,757760,base=717
3.898473,ACK,741,21.359,44.773,100.000,758784,base=717
3.898751,SEND,759,21.359,44.773,100.000,758784,
3.898970,SEND,760,21.359,44.773,100.000,758784,
3.899182,SEND,761,21.359,44.773,100.000,758784,
3.902623,ACK,742,21.406,45.687,100.000,759808,base=717
3.902772,ACK,743,21.453,46.486,100.000,760832,base=717
3.902891,ACK,744,21.499,46.954,100.000,761856,base=717
3.902950,ACK,745,21.546,47.359,100.000,762880,base=717
3.902994,ACK,746,21.592,47.695,100.000,763904,base=717
3.903029,ACK,747,21.638,47.971,100.000,764928,base=717
3.903065,ACK,748,21.685,48.196,100.000,765952,base=717
3.904101,SEND,762,21.685,48.196,100.000,765952,
3.904286,SEND,763,21.685,48.196,100.000,765952,
3.904460,SEND,764,21.685,48.196,100.000,765952,
3.904655,SEND,765,21.685,48.196,100.000,765952,
3.904862,SEND,766,21.685,48.196,100.000,765952,
3.905037,SEND,767,21.685,48.196,100.000,765952,
3.905256,SEND,768,21.685,48.196,100.000,765952,
3.913137,ACK,749,21.731,48.393,100.000,766976,base=717
3.913223,ACK,750,21.777,48.556,100.000,768000,base=717
3.913269,ACK,751,21.823,48.683,100.000,769024,base=717
3.914724,SEND,769,21.823,48.683,100.000,769024,
3.915002,SEND,770,21.823,48.683,100.000,769024,
3.915313,SEND,771,21.823,48.683,100.000,769024,
3.916319,ACK,752,21.868,48.408,100.000,770048,base=717
3.916391,ACK,753,21.914,48.153,100.000,771072,base=717
3.916446,ACK,754,21.960,47.900,100.000,772096,base=717
3.917190,SEND,772,21.960,47.900,100.000,772096,
3.917435,SEND,773,21.960,47.900,100.000,772096,
3.917641,SEND,774,21.960,47.900,100.000,772096,
3.917769,ACK,755,22.005,47.815,100.000,773120,base=717
3.919489,SEND,775,22.005,47.815,100.000,773120,
3.919684,SEND,776,22.005,47.815,100.000,773120,
3.920584,ACK,756,22.051,46.706,100.000,774144,base=717
3.920649,ACK,757,22.096,45.550,100.000,775168,base=717
3.921601,SEND,777,22.096,45.550,100.000,775168,
3.921831,SEND,778,22.096,45.550,100.000,775168,
3.936118,ACK,758,22.141,45.277,100.000,776192,base=717
3.937524,SEND,779,22.141,45.277,100.000,776192,
3.937858,ACK,759,22.187,44.504,100.000,777216,base=717
3.939314,SEND,780,22.187,44.504,100.000,777216,
3.939777,ACK,760,22.232,44.041,100.000,778240,base=717
3.941044,SEND,781,22.232,44.041,100.000,778240,
3.944448,ACK,762,22.277,43.577,100.000,779264,base=717
3.944496,NAK,761,22.277,,,779264,
3.944729,RETX,761,22.277,43.577,100.000,779264,retx#1
3.945671,SEND,782,22.277,43.577,100.000,779264,
3.948256,ACK,763,22.322,43.623,100.000,780288,base=717
3.948844,SEND,783,22.322,43.623,100.000,780288,
3.953453,TIMEOUT,717,22.322,43.623,200.000,780288,
3.953717,RETX,717,22.322,43.623,200.000,780288,retx#2
3.954699,ACK,764,22.366,44.446,100.000,781312,base=717
3.954853,ACK,765,22.411,45.164,100.000,782336,base=717
3.954893,ACK,767,22.456,45.750,100.000,783360,base=717
3.954933,NAK,766,22.456,,,783360,
3.955594,RETX,766,22.456,45.750,100.000,783360,retx#1
3.955707,ACK,768,22.500,46.337,100.000,784384,base=717
3.955749,ACK,769,22.545,45.672,100.000,785408,base=717
3.956480,SEND,784,22.545,45.672,100.000,785408,
3.956663,SEND,785,22.545,45.672,100.000,785408,
3.956833,SEND,786,22.545,45.672,100.000,785408,
3.957002,SEND,787,22.545,45.672,100.000,785408,
3.957200,SEND,788,22.545,45.672,100.000,785408,
3.957234,STATS,-1,22.545,45.672,100.000,785408,base=717 next=789 inflight=22
3.965263,ACK,770,22.589,46.242,100.000,786432,base=717
3.965374,ACK,771,22.633,46.718,100.000,787456,base=717
3.965449,ACK,772,22.677,46.909,100.000,788480,base=717
3.965519,ACK,773,22.722,47.055,100.000,789504,base=717
3.965588,ACK,774,22.766,47.165,100.000,790528,base=717
3.965656,ACK,775,22.809,47.040,100.000,791552,base=717
3.965727,ACK,776,22.853,46.914,100.000,792576,base=717
3.966873,SEND,789,22.853,46.914,100.000,792576,
3.967511,SEND,790,22.853,46.914,100.000,792576,
3.968039,SEND,791,22.853,46.914,100.000,792576,
3.968610,SEND,792,22.853,46.914,100.000,792576,
3.969048,SEND,793,22.853,46.914,100.000,792576,
3.969607,SEND,794,22.853,46.914,100.000,792576,
3.969882,SEND,795,22.853,46.914,100.000,792576,
3.970339,ACK,777,22.897,47.140,100.000,793600,base=717
3.970401,ACK,778,22.941,47.318,100.000,794624,base=717
3.972661,SEND,796,22.941,47.318,100.000,794624,
3.973000,SEND,797,22.941,47.318,100.000,794624,
3.978596,ACK,779,22.984,46.535,100.000,795648,base=717
3.979140,SEND,798,22.984,46.535,100.000,795648,
3.982915,ACK,780,23.028,46.166,100.000,796672,base=717
3.983176,ACK,781,23.071,45.660,100.000,797696,base=717
3.983907,SEND,799,23.071,45.660,100.000,797696,
3.984194,SEND,800,23.071,45.660,100.000,797696,
3.984400,SEND,801,23.071,45.660,100.000,797696,
3.993577,ACK,761,23.115,45.660,100.000,798720,base=717
3.993662,ACK,782,23.158,45.951,100.000,799744,base=717
3.993729,ACK,783,23.201,45.817,100.000,800768,base=717
3.994732,SEND,802,23.201,45.817,100.000,800768,
3.994918,SEND,803,23.201,45.817,100.000,800768,
3.995097,SEND,804,23.201,45.817,100.000,800768,
3.998054,ACK,717,23.244,45.817,100.000,801792,base=766
3.999517,SEND,805,23.244,45.817,100.000,801792,
4.001244,ACK,766,23.287,45.817,100.000,802816,base=784
4.002719,SEND,806,23.287,45.817,100.000,802816,
4.006348,ACK,784,23.330,46.320,100.000,803840,base=785
4.006402,ACK,785,23.373,46.747,100.000,804864,base=786
4.007113,ACK,787,23.416,47.163,100.000,805888,base=786
4.007542,SEND,807,23.416,47.163,100.000,805888,
4.007763,SEND,808,23.416,47.163,100.000,805888,
4.007997,SEND,809,23.416,47.163,100.000,805888,
4.010568,ACK,788,23.458,47.936,100.000,806912,base=786
4.010667,ACK,789,23.501,47.417,100.000,807936,base=786
4.010896,RETX,786,20.890,47.417,100.000,807936,retx#1
4.010963,ACK,790,20.938,46.921,100.000,808960,base=786
4.011195,ACK,791,20.986,46.452,100.000,809984,base=786
4.011241,ACK,794,21.033,45.849,100.000,811008,base=786
4.011272,NAK,793,21.033,,,811008,
4.011525,RETX,793,21.033,45.849,100.000,811008,retx#1
4.012800,SEND,810,21.033,45.849,100.000,811008,
4.013045,SEND,811,21.033,45.849,100.000,811008,
4.013227,SEND,812,21.033,45.849,100.000,811008,
4.022179,ACK,795,21.081,46.651,100.000,812032,base=786
4.022320,ACK,796,21.128,47.023,100.000,813056,base=786
4.022730,SEND,813,21.128,47.023,100.000,813056,
4.023135,SEND,814,21.128,47.023,100.000,813056,
4.026566,ACK,798,21.175,47.070,100.000,814080,base=786
4.026625,NAK,797,21.175,,,814080,
4.026848,RETX,797,21.175,47.070,100.000,814080,retx#1
4.026941,ACK,799,21.223,46.565,100.000,815104,base=786
4.026984,ACK,800,21.270,46.093,100.000,816128,base=786
4.027021,ACK,801,21.317,45.658,100.000,817152,base=786
4.027757,SEND,815,21.317,45.658,100.000,817152,
4.027969,SEND,816,21.317,45.658,100.000,817152,
4.028196,SEND,817,21.317,45.658,100.000,817152,
4.028373,SEND,818,21.317,45.658,100.000,817152,
4.042780,ACK,802,21.364,45.955,100.000,818176,base=786
4.042842,ACK,804,21.411,46.178,100.000,819200,base=786
4.042878,ACK,805,21.457,45.825,100.000,820224,base=786
4.044058,SEND,819,21.457,45.825,100.000,820224,
4.044281,SEND,820,21.457,45.825,100.000,820224,
4.044492,SEND,821,21.457,45.825,100.000,820224,
4.045893,ACK,807,21.504,44.888,100.000,821248,base=786
4.046325,SEND,822,21.504,44.888,100.000,821248,
4.053222,ACK,809,21.550,44.928,100.000,822272,base=786
4.053271,NAK,808,21.550,,,822272,
4.053741,RETX,808,21.550,44.928,100.000,822272,retx#1
4.054706,SEND,823,21.550,44.928,100.000,822272,
4.057852,STATS,-1,21.550,44.928,100.000,822272,base=786 next=824 inflight=21
4.060579,ACK,786,21.597,44.928,100.000,823296,base=792
4.061644,SEND,824,21.597,44.928,100.000,823296,
4.061791,ACK,810,21.643,45.434,100.000,824320,base=792
4.061851,ACK,811,21.689,45.855,100.000,825344,base=792
4.063465,SEND,825,21.689,45.855,100.000,825344,
4.063699,SEND,826,21.689,45.855,100.000,825344,
4.063803,NAK,792,21.689,,,825344,
4.064069,RETX,792,21.689,45.855,100.000,825344,retx#1
4.064182,ACK,812,21.735,46.491,100.000,826368,base=792
4.064398,RETX,792,21.735,46.491,100.000,826368,retx#2
4.064449,ACK,813,21.781,45.894,100.000,827392,base=792
4.064513,ACK,814,21.827,45.329,100.000,828416,base=792
4.065691,SEND,827,21.827,45.329,100.000,828416,
4.065965,SEND,828,21.827,45.329,100.000,828416,
4.066186,SEND,829,21.827,45.329,100.000,828416,
4.073158,ACK,815,21.873,45.335,100.000,829440,base=792
4.074715,SEND,830,21.873,45.335,100.000,829440,
4.078818,ACK,816,21.919,46.021,100.000,830464,base=792
4.078890,ACK,817,21.964,46.604,100.000,831488,base=792
4.078927,ACK,818,22.010,47.097,100.000,832512,base=792
4.079282,ACK,819,22.055,45.613,100.000,833536,base=792
4.079566,SEND,831,22.055,45.613,100.000,833536,
4.079912,SEND,832,22.055,45.613,100.000,833536,
4.080093,SEND,833,22.055,45.613,100.000,833536,
4.080458,SEND,834,22.055,45.613,100.000,833536,
4.080736,SEND,835,22.055,45.613,100.000,833536,
4.092794,ACK,820,22.101,45.974,100.000,834560,base=792
4.092883,ACK,821,22.146,46.275,100.000,835584,base=792
4.092916,ACK,822,22.191,46.314,100.000,836608,base=792
4.094013,SEND,836,22.191,46.314,100.000,836608,
4.094213,SEND,837,22.191,46.314,100.000,836608,
4.094365,SEND,838,22.191,46.314,100.000,836608,
4.095821,TIMEOUT,803,22.191,46.314,200.000,836608,
4.095987,RETX,803,22.191,46.314,200.000,836608,retx#1
4.106541,ACK,808,22.236,46.314,200.000,837632,base=792
4.106579,ACK,823,22.281,47.009,100.000,838656,base=792
4.106606,ACK,824,22.326,46.753,100.000,839680,base=792
4.107103,ACK,825,22.371,46.364,100.000,840704,base=792
4.107128,ACK,826,22.416,45.997,100.000,841728,base=792
4.107151,ACK,792,22.460,45.997,100.000,842752,base=793
4.107170,DUPACK,792,22.460,,,842752,
4.108791,SEND,839,22.460,45.997,100.000,842752,
4.108946,SEND,840,22.460,45.997,100.000,842752,
4.109092,SEND,841,22.460,45.997,100.000,842752,
4.109238,SEND,842,22.460,45.997,100.000,842752,
4.109385,SEND,843,22.460,45.997,100.000,842752,
4.109530,SEND,844,22.460,45.997,100.000,842752,
4.109541,TIMEOUT,806,22.460,45.997,200.000,842752,
4.109690,RETX,806,22.460,45.997,200.000,842752,retx#1
4.114326,ACK,827,22.505,46.326,100.000,843776,base=793
4.114356,ACK,828,22.549,46.584,100.000,844800,base=793
4.114380,ACK,829,22.593,46.785,100.000,845824,base=793
4.114541,RETX,793,22.593,46.785,100.000,845824,retx#2
4.114891,SEND,845,22.593,46.785,100.000,845824,
4.115042,SEND,846,22.593,46.785,100.000,845824,
4.115188,SEND,847,22.593,46.785,100.000,845824,
4.116033,ACK,830,22.638,46.102,100.000,846848,base=793
4.116787,SEND,848,22.638,46.102,100.000,846848,
4.120435,ACK,831,22.682,45.447,100.000,847872,base=793
4.120850,ACK,833,22.726,44.860,100.000,848896,base=793
4.121289,SEND,849,22.726,44.860,100.000,848896,
4.121439,SEND,850,22.726,44.860,100.000,848896,
4.122355,NAK,832,22.726,,,848896,
4.122519,RETX,832,22.726,44.860,100.000,848896,retx#1
4.123751,ACK,834,22.770,44.664,100.000,849920,base=793
4.124472,SEND,851,22.770,44.664,100.000,849920,
4.127262,TIMEOUT,797,22.770,44.664,200.000,849920,
4.127427,RETX,797,22.770,44.664,200.000,849920,retx#2
4.130991,ACK,835,22.814,45.362,100.000,850944,base=793
4.132672,SEND,852,22.814,45.362,100.000,850944,
4.138637,ACK,837,22.858,45.244,100.000,851968,base=793
4.138666,NAK,836,22.858,,,851968,
4.138858,RETX,836,22.858,45.244,100.000,851968,retx#1
4.140077,SEND,853,22.858,45.244,100.000,851968,
4.143501,ACK,838,22.902,45.730,100.000,852992,base=793
4.143534,ACK,803,22.945,45.730,100.000,854016,base=793
4.144485,SEND,854,22.945,45.730,100.000,854016,
4.144669,SEND,855,22.945,45.730,100.000,854016,
4.147084,ACK,839,22.989,44.799,100.000,855040,base=793
4.147751,SEND,856,22.989,44.799,100.000,855040,
4.149210,ACK,840,23.032,44.231,100.000,856064,base=793
4.149242,ACK,841,23.076,43.721,100.000,857088,base=793
4.150734,SEND,857,23.076,43.721,100.000,857088,
4.150916,SEND,858,23.076,43.721,100.000,857088,
4.151094,SEND,859,23.076,43.721,100.000,857088,
4.156990,ACK,842,23.119,44.224,100.000,858112,base=793
4.157023,ACK,843,23.162,44.650,100.000,859136,base=793
4.158127,SEND,860,23.162,44.650,100.000,859136,
4.158310,SEND,861,23.162,44.650,100.000,859136,
4.158327,STATS,-1,23.162,44.650,100.000,859136,base=793 next=862 inflight=23
4.161656,ACK,844,23.205,45.584,100.000,860160,base=793
4.161690,ACK,793,23.249,45.584,100.000,861184,base=797
4.161724,ACK,846,23.292,45.721,100.000,862208,base=797
4.161754,ACK,847,23.334,45.826,100.000,863232,base=797
4.161779,ACK,848,23.377,45.721,100.000,864256,base=797
4.161970,RETX,797,23.377,45.721,100.000,864256,retx#3
4.162018,ACK,849,23.420,45.097,100.000,865280,base=797
4.162653,SEND,862,23.420,45.097,100.000,865280,
4.162834,SEND,863,23.420,45.097,100.000,865280,
4.163013,SEND,864,23.420,45.097,100.000,865280,
4.163192,SEND,865,23.420,45.097,100.000,865280,
4.163370,SEND,866,23.420,45.097,100.000,865280,
4.163547,SEND,867,23.420,45.097,100.000,865280,
4.166273,ACK,850,23.463,45.063,100.000,866304,base=797
4.166551,SEND,868,23.463,45.063,100.000,866304,
4.170742,ACK,832,23.505,45.063,100.000,867328,base=797
4.170789,ACK,851,23.548,45.219,100.000,868352,base=797
4.170829,ACK,797,23.590,45.219,100.000,869376,base=806
4.171083,SEND,869,23.590,45.219,100.000,869376,
4.171312,SEND,870,23.590,45.219,100.000,869376,
4.171538,SEND,871,23.590,45.219,100.000,869376,
4.172295,ACK,852,23.633,44.518,100.000,870400,base=806
4.173165,SEND,872,23.633,44.518,100.000,870400,
4.180999,ACK,853,23.675,44.065,100.000,871424,base=806
4.181745,SEND,873,23.675,44.065,100.000,871424,
4.190633,ACK,854,23.717,44.322,100.000,872448,base=806
4.190911,RETX,806,23.717,44.322,100.000,872448,retx#2
4.191053,ACK,855,23.760,44.578,100.000,873472,base=806
4.191170,ACK,856,23.802,44.432,100.000,874496,base=806
4.191260,ACK,857,23.844,43.943,100.000,875520,base=806
4.191973,SEND,874,23.844,43.943,100.000,875520,
4.192188,SEND,875,23.844,43.943,100.000,875520,
4.192539,SEND,876,23.844,43.943,100.000,875520,
4.192775,SEND,877,23.844,43.943,100.000,875520,
4.193288,ACK,859,23.886,43.723,100.000,876544,base=806
4.194404,SEND,878,23.886,43.723,100.000,876544,
4.197096,ACK,860,23.927,43.126,100.000,877568,base=806
4.197420,SEND,879,23.927,43.126,100.000,877568,
4.200316,ACK,861,23.969,42.984,100.000,878592,base=806
4.201942,SEND,880,23.969,42.984,100.000,878592,
4.207964,ACK,862,24.011,43.272,100.000,879616,base=806
4.209232,SEND,881,24.011,43.272,100.000,879616,
4.209463,SEND,882,24.011,43.272,100.000,879616,
4.215732,ACK,863,24.053,44.471,100.000,880640,base=806
4.216409,SEND,883,24.053,44.471,100.000,880640,
4.216436,TIMEOUT,845,24.053,44.471,200.000,880640,
4.216656,RETX,845,24.053,44.471,200.000,880640,retx#1
4.216751,ACK,864,24.094,45.628,100.000,881664,base=806
4.216822,ACK,865,24.136,46.627,100.000,882688,base=806
4.216951,ACK,867,24.177,47.473,100.000,883712,base=806
4.216996,ACK,868,24.218,47.844,100.000,884736,base=806
4.217077,ACK,869,24.260,47.611,100.000,885760,base=806
4.219594,SEND,884,24.260,47.611,100.000,885760,
4.219822,SEND,885,24.260,47.611,100.000,885760,
4.219999,SEND,886,24.260,47.611,100.000,885760,
4.220368,SEND,887,24.260,47.611,100.000,885760,
4.220570,SEND,888,24.260,47.611,100.000,885760,
4.220823,ACK,870,24.301,47.846,100.000,886784,base=806
4.220945,ACK,871,24.342,48.040,100.000,887808,base=806
4.220985,ACK,872,24.383,48.012,100.000,888832,base=806
4.222169,SEND,889,24.383,48.012,100.000,888832,
4.222351,SEND,890,24.383,48.012,100.000,888832,
4.222566,SEND,891,24.383,48.012,100.000,888832,
4.222820,ACK,873,24.424,47.144,100.000,889856,base=806
4.224249,SEND,892,24.424,47.144,100.000,889856,
4.234394,ACK,806,24.465,47.144,100.000,890880,base=836
4.234539,ACK,874,24.506,46.570,100.000,891904,base=836
4.234580,ACK,876,24.547,46.004,100.000,892928,base=836
4.235498,SEND,893,24.547,46.004,100.000,892928,
4.235725,SEND,894,24.547,46.004,100.000,892928,
4.236001,SEND,895,24.547,46.004,100.000,892928,
4.237383,ACK,877,24.588,45.827,100.000,893952,base=836
4.237604,RETX,836,21.856,45.827,100.000,893952,retx#2
4.237716,ACK,878,21.901,45.511,100.000,894976,base=836
4.247197,ACK,879,21.947,46.042,100.000,896000,base=836
4.247378,ACK,880,21.993,45.964,100.000,897024,base=836
4.248647,SEND,896,21.993,45.964,100.000,897024,
4.249254,ACK,881,22.038,45.220,100.000,898048,base=836
4.249307,ACK,882,22.083,44.547,100.000,899072,base=836
4.251192,SEND,897,22.083,44.547,100.000,899072,
4.251407,SEND,898,22.083,44.547,100.000,899072,
4.251581,SEND,899,22.083,44.547,100.000,899072,
4.251615,TIMEOUT,858,22.083,44.547,200.000,899072,
4.251892,RETX,858,22.083,44.547,200.000,899072,retx#1
4.254933,ACK,845,22.129,44.547,200.000,900096,base=836
4.257076,SEND,900,22.129,44.547,200.000,900096,
4.259691,STATS,-1,22.129,44.547,200.000,900096,base=836 next=901 inflight=22
4.264548,ACK,884,22.174,44.591,100.000,901120,base=836
4.264898,SEND,901,22.174,44.591,100.000,901120,
4.264937,TIMEOUT,866,22.174,44.591,200.000,901120,
4.265163,RETX,866,22.174,44.591,200.000,901120,retx#1
4.267859,ACK,885,22.219,45.019,100.000,902144,base=836
4.267977,ACK,886,22.264,45.387,100.000,903168,base=836
4.270136,SEND,902,22.264,45.387,100.000,903168,
4.270476,SEND,903,22.264,45.387,100.000,903168,
4.272369,ACK,887,22.309,46.211,100.000,904192,base=836
4.272443,ACK,888,22.354,46.918,100.000,905216,base=836
4.272491,ACK,889,22.399,47.343,100.000,906240,base=836
4.272585,ACK,890,22.443,47.703,100.000,907264,base=836
4.272756,ACK,892,22.488,47.803,100.000,908288,base=836
4.272794,NAK,891,22.488,,,908288,
4.273066,RETX,891,22.488,47.803,100.000,908288,retx#1
4.273913,SEND,904,22.488,47.803,100.000,908288,
4.274138,SEND,905,22.488,47.803,100.000,908288,
4.274347,SEND,906,22.488,47.803,100.000,908288,
4.274553,SEND,907,22.488,47.803,100.000,908288,
4.274757,SEND,908,22.488,47.803,100.000,908288,
4.276624,ACK,893,22.532,46.966,100.000,909312,base=836
4.277766,SEND,909,22.532,46.966,100.000,909312,
4.281810,ACK,894,22.577,46.852,100.000,910336,base=836
4.282670,SEND,910,22.577,46.852,100.000,910336,
4.284388,ACK,895,22.621,47.041,100.000,911360,base=836
4.284441,ACK,836,22.665,47.041,100.000,912384,base=858
4.286009,SEND,911,22.665,47.041,100.000,912384,
4.286274,SEND,912,22.665,47.041,100.000,912384,
4.290347,ACK,896,22.709,46.370,100.000,913408,base=858
4.290884,SEND,913,22.709,46.370,100.000,913408,
4.292383,TIMEOUT,875,22.709,46.370,200.000,913408,
4.292611,RETX,875,22.709,46.370,200.000,913408,retx#1
4.295287,ACK,897,22.753,46.083,100.000,914432,base=858
4.295358,ACK,898,22.797,45.816,100.000,915456,base=858
4.295606,RETX,858,22.797,45.816,100.000,915456,retx#2
4.296261,ACK,899,22.841,45.673,100.000,916480,base=858
4.298060,SEND,914,22.841,45.673,100.000,916480,
4.298313,SEND,915,22.841,45.673,100.000,916480,
4.298492,SEND,916,22.841,45.673,100.000,916480,
4.304066,ACK,858,22.885,45.673,100.000,917504,base=866
4.304807,SEND,917,22.885,45.673,100.000,917504,
4.306826,ACK,900,22.929,46.180,100.000,918528,base=866
4.306886,ACK,901,22.972,45.656,100.000,919552,base=866
4.306932,ACK,866,23.016,45.656,100.000,920576,base=875
4.308009,SEND,918,23.016,45.656,100.000,920576,
4.308230,SEND,919,23.016,45.656,100.000,920576,
4.308437,SEND,920,23.016,45.656,100.000,920576,
4.308683,SEND,921,23.016,45.656,100.000,920576,
4.317105,TIMEOUT,883,23.016,45.656,200.000,920576,
4.317401,RETX,883,23.016,45.656,200.000,920576,retx#1
4.319899,ACK,902,23.059,46.165,100.000,921600,base=875
4.320030,ACK,903,23.102,46.587,100.000,922624,base=875
4.320103,ACK,891,23.146,46.587,100.000,923648,base=875
4.320448,RETX,875,23.146,46.587,100.000,923648,retx#2
4.320520,ACK,904,23.189,46.589,100.000,924672,base=875
4.321027,SEND,922,23.189,46.589,100.000,924672,
4.321300,SEND,923,23.189,46.589,100.000,924672,
4.322612,SEND,924,23.189,46.589,100.000,924672,
4.322977,SEND,925,23.189,46.589,100.000,924672,
4.327507,ACK,905,23.232,47.432,100.000,925696,base=875
4.327597,ACK,906,23.275,48.158,100.000,926720,base=875
4.327643,ACK,907,23.318,48.774,100.000,927744,base=875
4.327706,ACK,908,23.361,49.293,100.000,928768,base=875
4.327860,ACK,909,23.404,49.392,100.000,929792,base=875
4.328785,SEND,926,23.404,49.392,100.000,929792,
4.329010,SEND,927,23.404,49.392,100.000,929792,
4.329220,SEND,928,23.404,49.392,100.000,929792,
4.329431,SEND,929,23.404,49.392,100.000,929792,
4.329644,SEND,930,23.404,49.392,100.000,929792,
4.329825,ACK,910,23.447,49.111,100.000,930816,base=875
4.329893,ACK,911,23.489,48.457,100.000,931840,base=875
4.331391,SEND,931,23.489,48.457,100.000,931840,
4.331662,SEND,932,23.489,48.457,100.000,931840,
4.331793,ACK,912,23.532,48.088,100.000,932864,base=875
4.332093,ACK,913,23.574,47.227,100.000,933888,base=875
4.333288,SEND,933,23.574,47.227,100.000,933888,
4.333495,SEND,934,23.574,47.227,100.000,933888,
4.335343,ACK,875,23.617,47.227,100.000,934912,base=883
4.336564,SEND,935,23.617,47.227,100.000,934912,
4.343676,DUPACK,858,23.617,,,934912,
4.343904,ACK,914,23.659,47.052,100.000,935936,base=883
4.343952,ACK,915,23.701,46.875,100.000,936960,base=883
4.344079,ACK,916,23.743,46.713,100.000,937984,base=883
4.344333,RETX,883,23.743,46.713,100.000,937984,retx#2
4.344403,ACK,917,23.786,45.822,100.000,939008,base=883
4.345394,SEND,936,23.786,45.822,100.000,939008,
4.345598,SEND,937,23.786,45.822,100.000,939008,
4.345803,SEND,938,23.786,45.822,100.000,939008,
4.346009,SEND,939,23.786,45.822,100.000,939008,
4.357473,ACK,918,23.828,46.262,100.000,940032,base=883
4.357785,ACK,919,23.870,46.672,100.000,941056,base=883
4.358145,ACK,920,23.911,47.050,100.000,942080,base=883
4.358793,SEND,940,23.911,47.050,100.000,942080,
4.359065,SEND,941,23.911,47.050,100.000,942080,
4.359330,SEND,942,23.911,47.050,100.000,942080,
4.360606,STATS,-1,23.911,47.050,100.000,942080,base=883 next=943 inflight=23
4.365079,ACK,883,23.953,47.050,100.000,943104,base=921
4.366395,SEND,943,23.953,47.050,100.000,943104,
4.369762,DUPACK,875,23.953,,,943104,
4.369861,ACK,922,23.995,47.270,100.000,944128,base=921
4.369917,ACK,923,24.037,47.438,100.000,945152,base=921
4.369968,ACK,924,24.078,47.427,100.000,946176,base=921
4.370386,RETX,921,21.403,47.427,100.000,946176,retx#1
4.370512,ACK,925,21.450,47.440,100.000,947200,base=921
4.371823,SEND,944,21.450,47.440,100.000,947200,
4.372209,SEND,945,21.450,47.440,100.000,947200,
4.384277,ACK,926,21.496,48.442,100.000,948224,base=921
4.384389,ACK,927,21.543,49.307,100.000,949248,base=921
4.384823,SEND,946,21.543,49.307,100.000,949248,
4.385148,SEND,947,21.543,49.307,100.000,949248,
4.385244,ACK,928,21.589,50.145,100.000,950272,base=921
4.385524,ACK,929,21.636,50.887,100.000,951296,base=921
4.385612,ACK,930,21.682,51.521,100.000,952320,base=921
4.385685,ACK,931,21.728,51.867,100.000,953344,base=921
4.385756,ACK,932,21.774,52.144,100.000,954368,base=921
4.387123,SEND,948,21.774,52.144,100.000,954368,
4.387437,SEND,949,21.774,52.144,100.000,954368,
4.387644,SEND,950,21.774,52.144,100.000,954368,
4.387849,SEND,951,21.774,52.144,100.000,954368,
4.388050,SEND,952,21.774,52.144,100.000,954368,
4.388160,ACK,933,21.820,52.484,100.000,955392,base=921
4.388229,DUPACK,883,21.820,,,955392,
4.388283,ACK,936,21.866,51.283,100.000,956416,base=921
4.388624,ACK,938,21.911,50.224,100.000,957440,base=921
4.388671,NAK,937,21.911,,,957440,
4.388911,RETX,937,21.911,50.224,100.000,957440,retx#1
4.389641,SEND,953,21.911,50.224,100.000,957440,
4.389893,SEND,954,21.911,50.224,100.000,957440,
4.390115,SEND,955,21.911,50.224,100.000,957440,
4.390969,ACK,939,21.957,49.563,100.000,958464,base=921
4.392079,SEND,956,21.957,49.563,100.000,958464,
4.403823,ACK,940,22.003,48.992,100.000,959488,base=921
4.404902,SEND,957,22.003,48.992,100.000,959488,
4.405198,SEND,958,22.003,48.992,100.000,959488,
4.407030,ACK,941,22.048,48.861,100.000,960512,base=921
4.407402,ACK,942,22.093,48.761,100.000,961536,base=921
4.407470,ACK,943,22.139,47.799,100.000,962560,base=921
4.408464,SEND,959,22.139,47.799,100.000,962560,
4.408748,SEND,960,22.139,47.799,100.000,962560,
4.409019,SEND,961,22.139,47.799,100.000,962560,
4.416329,ACK,921,22.184,47.799,100.000,963584,base=934
4.416864,SEND,962,22.184,47.799,100.000,963584,
4.423339,ACK,944,22.229,48.260,100.000,964608,base=934
4.423739,SEND,963,22.229,48.260,100.000,964608,
4.423906,ACK,945,22.274,48.688,100.000,965632,base=934
4.423977,ACK,946,22.319,47.495,100.000,966656,base=934
4.424278,RETX,934,22.319,47.495,100.000,966656,retx#1
4.424376,ACK,947,22.364,46.461,100.000,967680,base=934
4.425524,SEND,964,22.364,46.461,100.000,967680,
4.425801,SEND,965,22.364,46.461,100.000,967680,
4.426067,SEND,966,22.364,46.461,100.000,967680,
4.437922,TIMEOUT,935,22.364,46.461,200.000,967680,
4.438337,RETX,935,22.364,46.461,200.000,967680,retx#1
4.439963,ACK,948,22.408,47.255,100.000,968704,base=934
4.440047,ACK,949,22.453,47.923,100.000,969728,base=934
4.440234,ACK,950,22.497,48.503,100.000,970752,base=934
4.441321,SEND,967,22.497,48.503,100.000,970752,
4.441721,SEND,968,22.497,48.503,100.000,970752,
4.442719,SEND,969,22.497,48.503,100.000,970752,
4.442963,ACK,951,22.542,49.326,100.000,971776,base=934
4.443096,ACK,937,22.586,49.326,100.000,972800,base=934
4.443182,ACK,953,22.631,49.852,100.000,973824,base=934
4.443227,NAK,952,22.631,,,973824,
4.443517,RETX,952,22.631,49.852,100.000,973824,retx#1
4.443602,ACK,954,22.675,50.334,100.000,974848,base=934
4.443648,NAK,955,22.675,,,974848,
4.443975,RETX,955,22.675,50.334,100.000,974848,retx#1
4.444845,SEND,970,22.675,50.334,100.000,974848,
4.445118,SEND,971,22.675,50.334,100.000,974848,
4.445550,SEND,972,22.675,50.334,100.000,974848,
4.445765,SEND,973,22.675,50.334,100.000,974848,
4.449616,ACK,957,22.719,49.628,100.000,975872,base=934
4.449681,ACK,958,22.763,48.984,100.000,976896,base=934
4.449725,ACK,959,22.807,48.018,100.000,977920,base=934
4.450298,SEND,974,22.807,48.018,100.000,977920,
4.450554,SEND,975,22.807,48.018,100.000,977920,
4.450772,SEND,976,22.807,48.018,100.000,977920,
4.457073,ACK,960,22.851,48.053,100.000,978944,base=934
4.457166,ACK,961,22.894,48.064,100.000,979968,base=934
4.458374,SEND,977,22.894,48.064,100.000,979968,
4.458557,SEND,978,22.894,48.064,100.000,979968,
4.461482,STATS,-1,22.894,48.064,100.000,979968,base=934 next=979 inflight=22
4.468471,ACK,962,22.938,48.504,100.000,980992,base=934
4.468530,ACK,963,22.982,48.040,100.000,982016,base=934
4.468568,ACK,934,23.025,48.040,100.000,983040,base=935
4.468603,ACK,964,23.069,47.419,100.000,984064,base=935
4.469151,SEND,979,23.069,47.419,100.000,984064,
4.469343,SEND,980,23.069,47.419,100.000,984064,
4.469529,SEND,981,23.069,47.419,100.000,984064,
4.469753,SEND,982,23.069,47.419,100.000,984064,
4.469938,SEND,983,23.069,47.419,100.000,984064,
4.470063,ACK,965,23.112,47.023,100.000,985088,base=935
4.471422,SEND,984,23.112,47.023,100.000,985088,
4.473118,ACK,966,23.155,47.024,100.000,986112,base=935
4.473463,RETX,935,23.155,47.024,100.000,986112,retx#2
4.474506,SEND,985,23.155,47.024,100.000,986112,
4.478580,ACK,935,23.198,47.024,100.000,987136,base=952
4.478663,ACK,967,23.242,45.812,100.000,988160,base=952
4.478979,SEND,986,23.242,45.812,100.000,988160,
4.479197,SEND,987,23.242,45.812,100.000,988160,
4.482252,ACK,968,23.285,45.149,100.000,989184,base=952
4.482790,ACK,969,23.328,44.513,100.000,990208,base=952
4.483020,RETX,952,20.736,44.513,100.000,990208,retx#2
4.492656,NAK,952,20.736,,,990208,
4.492761,TIMEOUT,956,20.736,44.513,200.000,990208,
4.493015,RETX,956,20.736,44.513,200.000,990208,retx#1
4.493089,NAK,955,20.736,,,990208,
4.493346,RETX,955,20.736,44.513,200.000,990208,retx#2
4.493414,ACK,952,20.784,44.513,200.000,991232,base=955
4.494553,ACK,955,20.832,44.513,200.000,992256,base=956
4.494667,ACK,970,20.880,45.175,100.000,993280,base=956
4.494749,ACK,971,20.928,45.732,100.000,994304,base=956
4.494812,ACK,972,20.976,46.172,100.000,995328,base=956
4.495040,RETX,956,20.976,46.172,100.000,995328,retx#2
4.495100,ACK,973,21.023,46.567,100.000,996352,base=956
4.495159,ACK,974,21.071,46.353,100.000,997376,base=956
4.495801,SEND,988,21.071,46.353,100.000,997376,
4.496038,SEND,989,21.071,46.353,100.000,997376,
4.496285,SEND,990,21.071,46.353,100.000,997376,
4.496506,SEND,991,21.071,46.353,100.000,997376,
4.496768,SEND,992,21.071,46.353,100.000,997376,
4.496941,SEND,993,21.071,46.353,100.000,997376,
4.497113,SEND,994,21.071,46.353,100.000,997376,
4.499279,ACK,975,21.118,46.646,100.000,998400,base=956
4.499341,ACK,976,21.166,46.886,100.000,999424,base=956
4.500223,SEND,995,21.166,46.886,100.000,999424,
4.500500,SEND,996,21.166,46.886,100.000,999424,
4.502709,ACK,977,21.213,46.564,100.000,1000448,base=956
4.502772,ACK,978,21.260,46.270,100.000,1001472,base=956
4.503900,SEND,997,21.260,46.270,100.000,1001472,
4.504095,SEND,998,21.260,46.270,100.000,1001472,
4.508648,ACK,979,21.307,45.420,100.000,1002496,base=956
4.509124,SEND,999,21.307,45.420,100.000,1002496,
4.510373,ACK,981,21.354,44.846,100.000,1003520,base=956
4.510654,SEND,1000,21.354,44.846,100.000,1003520,
4.514872,ACK,983,21.401,44.853,100.000,1004544,base=956
4.515531,SEND,1001,21.401,44.853,100.000,1004544,
4.522155,ACK,984,21.448,45.581,100.000,1005568,base=956
4.522447,DUPACK,935,21.448,,,1005568,
4.523622,SEND,1002,21.448,45.581,100.000,1005568,
4.523865,ACK,985,21.494,46.052,100.000,1006592,base=956
4.524152,ACK,986,21.541,45.940,100.000,1007616,base=956
4.525349,SEND,1003,21.541,45.940,100.000,1007616,
4.525531,SEND,1004,21.541,45.940,100.000,1007616,
4.526912,ACK,987,21.587,46.161,100.000,1008640,base=956
4.527135,SEND,1005,21.587,46.161,100.000,1008640,
4.527172,DUPACK,952,21.587,,,1008640,
4.534572,ACK,956,21.633,46.161,100.000,1009664,base=980
4.534961,SEND,1006,21.633,46.161,100.000,1009664,
4.538406,DUPACK,956,21.633,,,1009664,
4.547980,ACK,988,21.680,46.905,100.000,1010688,base=980
4.548056,ACK,989,21.726,47.544,100.000,1011712,base=980
4.548099,ACK,990,21.772,48.077,100.000,1012736,base=980
4.548346,RETX,980,21.772,48.077,100.000,1012736,retx#1
4.548409,ACK,991,21.818,48.555,100.000,1013760,base=980
4.548453,ACK,993,21.864,48.924,100.000,1014784,base=980
4.548489,ACK,994,21.909,49.229,100.000,1015808,base=980
4.549233,SEND,1007,21.909,49.229,100.000,1015808,
4.549415,SEND,1008,21.909,49.229,100.000,1015808,
4.549595,SEND,1009,21.909,49.229,100.000,1015808,
4.549768,SEND,1010,21.909,49.229,100.000,1015808,
4.550012,SEND,1011,21.909,49.229,100.000,1015808,
4.550259,SEND,1012,21.909,49.229,100.000,1015808,
4.550431,ACK,996,21.955,49.315,100.000,1016832,base=980
4.550486,NAK,995,21.955,,,1016832,
4.550925,RETX,995,21.955,49.315,100.000,1016832,retx#1
4.551005,ACK,997,22.001,49.039,100.000,1017856,base=980
4.552043,SEND,1013,22.001,49.039,100.000,1017856,
4.552255,SEND,1014,22.001,49.039,100.000,1017856,
4.552458,SEND,1015,22.001,49.039,100.000,1017856,
4.552567,ACK,999,22.046,48.338,100.000,1018880,base=980
4.552617,NAK,998,22.046,,,1018880,
4.552912,RETX,998,22.046,48.338,100.000,1018880,retx#1
4.554106,SEND,1016,22.046,48.338,100.000,1018880,
4.554635,ACK,1000,22.091,47.792,100.000,1019904,base=980
4.555747,SEND,1017,22.091,47.792,100.000,1019904,
4.561653,STATS,-1,22.091,47.792,100.000,1019904,base=980 next=1018 inflight=22
4.562591,ACK,1001,22.137,47.698,100.000,1020928,base=980
4.562669,ACK,1002,22.182,46.616,100.000,1021952,base=980
4.562717,ACK,1003,22.227,45.459,100.000,1022976,base=980
4.563382,SEND,1018,22.227,45.459,100.000,1022976,
4.563636,SEND,1019,22.227,45.459,100.000,1022976,
4.563826,SEND,1020,22.227,45.459,100.000,1022976,
4.569844,TIMEOUT,982,22.227,45.459,200.000,1022976,
4.570363,RETX,982,22.227,45.459,200.000,1022976,retx#1
4.576811,ACK,1004,22.272,46.183,100.000,1024000,base=980
4.578091,SEND,1021,22.272,46.183,100.000,1024000,
4.578653,ACK,1005,22.317,46.848,100.000,1025024,base=980
4.578704,ACK,1006,22.362,46.459,100.000,1026048,base=980
4.579867,SEND,1022,22.362,46.459,100.000,1026048,
4.580050,SEND,1023,22.362,46.459,100.000,1026048,
4.590556,ACK,1007,22.406,45.815,100.000,1027072,base=980
4.592132,SEND,1024,22.406,45.815,100.000,1027072,
4.592301,NAK,995,22.406,,,1027072,
4.592487,RETX,995,22.406,45.815,100.000,1027072,retx#2
4.592841,ACK,1008,22.451,45.514,100.000,1028096,base=980
4.592889,ACK,1009,22.495,45.236,100.000,1029120,base=980
4.593822,SEND,1025,22.495,45.236,100.000,1029120,
4.594006,SEND,1026,22.495,45.236,100.000,1029120,
4.596086,ACK,1010,22.540,45.368,100.000,1030144,base=980
4.597361,SEND,1027,22.540,45.368,100.000,1030144,
4.597392,TIMEOUT,992,22.540,45.368,200.000,1030144,
4.597574,RETX,992,22.540,45.368,200.000,1030144,retx#1
4.602594,ACK,1011,22.584,46.267,100.000,1031168,base=980
4.602660,ACK,1012,22.629,47.033,100.000,1032192,base=980
4.602696,ACK,995,22.673,47.033,100.000,1033216,base=980
4.602752,ACK,1013,22.717,47.492,100.000,1034240,base=980
4.603017,SEND,1028,22.717,47.492,100.000,1034240,
4.603248,SEND,1029,22.717,47.492,100.000,1034240,
4.603548,SEND,1030,22.717,47.492,100.000,1034240,
4.603743,SEND,1031,22.717,47.492,100.000,1034240,
4.603971,ACK,1014,22.761,48.018,100.000,1035264,base=980
4.604077,NAK,998,22.761,,,1035264,
4.604275,RETX,998,22.761,48.018,100.000,1035264,retx#2
4.604346,ACK,1015,22.805,48.501,100.000,1036288,base=980
4.604427,ACK,998,22.849,48.501,100.000,1037312,base=980
4.604522,ACK,1016,22.892,48.739,100.000,1038336,base=980
4.604581,ACK,1017,22.936,48.751,100.000,1039360,base=980
4.605374,SEND,1032,22.936,48.751,100.000,1039360,
4.605571,SEND,1033,22.936,48.751,100.000,1039360,
4.605746,SEND,1034,22.936,48.751,100.000,1039360,
4.605921,SEND,1035,22.936,48.751,100.000,1039360,
4.606424,SEND,1036,22.936,48.751,100.000,1039360,
4.611531,ACK,1018,22.980,48.672,100.000,1040384,base=980
4.611596,ACK,1019,23.023,48.583,100.000,1041408,base=980
4.611634,ACK,1020,23.067,48.485,100.000,1042432,base=980
4.612559,SEND,1037,23.067,48.485,100.000,1042432,
4.612780,SEND,1038,23.067,48.485,100.000,1042432,
4.612956,SEND,1039,23.067,48.485,100.000,1042432,
4.613130,SEND,1040,23.067,48.485,100.000,1042432,
4.617175,ACK,982,23.110,48.485,100.000,1043456,base=980
4.617247,ACK,1021,23.153,47.318,100.000,1044480,base=980
4.617736,SEND,1041,23.153,47.318,100.000,1044480,
4.617915,SEND,1042,23.153,47.318,100.000,1044480,
4.625677,ACK,1022,23.196,47.125,100.000,1045504,base=980
4.626765,SEND,1043,23.196,47.125,100.000,1045504,
4.629610,ACK,1023,23.240,47.426,100.000,1046528,base=980
4.629983,SEND,1044,23.240,47.426,100.000,1046528,
4.635061,ACK,1024,23.283,46.861,100.000,1047552,base=980
4.635182,ACK,1025,23.326,46.172,100.000,1048576,base=980
4.635896,SEND,1045,23.326,46.172,100.000,1048576,
4.636118,SEND,1046,23.326,46.172,100.000,1048576,
4.638879,ACK,1026,23.368,46.006,100.000,1049600,base=980
4.639186,SEND,1047,23.368,46.006,100.000,1049600,
4.639305,ACK,992,23.411,46.006,100.000,1050624,base=980
4.640851,SEND,1048,23.411,46.006,100.000,1050624,
4.648731,ACK,1028,23.454,45.965,100.000,1051648,base=980
4.648860,ACK,1029,23.497,45.920,100.000,1052672,base=980
4.649642,SEND,1049,23.497,45.920,100.000,1052672,
4.649900,SEND,1050,23.497,45.920,100.000,1052672,
4.649928,TIMEOUT,980,23.497,45.920,200.000,1052672,
4.650655,RETX,980,23.497,45.920,200.000,1052672,retx#2
4.650909,ACK,1030,23.539,46.098,100.000,1053696,base=980
4.651026,ACK,1031,23.582,46.246,100.000,1054720,base=980
4.651427,DUPACK,998,23.582,,,1054720,
4.651505,ACK,1032,23.624,46.228,100.000,1055744,base=980
4.651542,ACK,1033,23.666,46.196,100.000,1056768,base=980
4.653116,SEND,1051,23.666,46.196,100.000,1056768,
4.653499,SEND,1052,23.666,46.196,100.000,1056768,
4.653711,SEND,1053,23.666,46.196,100.000,1056768,
4.653992,SEND,1054,23.666,46.196,100.000,1056768,
4.656524,ACK,1034,23.709,46.764,100.000,1057792,base=980
4.656641,ACK,1035,23.751,47.257,100.000,1058816,base=980
4.656700,ACK,1036,23.793,47.634,100.000,1059840,base=980
4.656744,ACK,1037,23.835,47.202,100.000,1060864,base=980
4.657083,SEND,1055,23.835,47.202,100.000,1060864,
4.657410,SEND,1056,23.835,47.202,100.000,1060864,
4.657691,SEND,1057,23.835,47.202,100.000,1060864,
4.657904,SEND,1058,23.835,47.202,100.000,1060864,
4.659387,ACK,1038,23.877,47.125,100.000,1061888,base=980
4.659703,SEND,1059,23.877,47.125,100.000,1061888,
4.659796,ACK,1039,23.919,47.088,100.000,1062912,base=980
4.659886,ACK,1040,23.961,47.046,100.000,1063936,base=980
4.661362,SEND,1060,23.961,47.046,100.000,1063936,
4.661600,SEND,1061,23.961,47.046,100.000,1063936,
4.661818,ACK,1041,24.002,46.674,100.000,1064960,base=980
4.663313,SEND,1062,24.002,46.674,100.000,1064960,
4.663506,SEND,1063,24.002,46.674,100.000,1064960,
4.663540,STATS,-1,24.002,46.674,100.000,1064960,base=980 next=1064 inflight=24
4.665982,ACK,1042,24.044,46.845,100.000,1065984,base=980
4.666499,SEND,1064,24.044,46.845,100.000,1065984,
4.671577,ACK,1043,24.086,46.539,100.000,1067008,base=980
4.672727,SEND,1065,24.086,46.539,100.000,1067008,
4.676202,ACK,1044,24.127,46.496,100.000,1068032,base=980
4.676297,ACK,1045,24.169,45.734,100.000,1069056,base=980
4.677002,SEND,1066,24.169,45.734,100.000,1069056,
4.677244,SEND,1067,24.169,45.734,100.000,1069056,
4.679245,ACK,1048,24.210,44.812,100.000,1070080,base=980
4.679490,NAK,1046,24.210,,,1070080,
4.679747,RETX,1046,24.210,44.812,100.000,1070080,retx#1
4.680096,SEND,1068,24.210,44.812,100.000,1070080,
4.680179,NAK,1047,24.210,,,1070080,
4.680404,RETX,1047,24.210,44.812,100.000,1070080,retx#1
4.694645,ACK,1049,24.251,44.832,100.000,1071104,base=980
4.694729,ACK,1050,24.292,44.830,100.000,1072128,base=980
4.695380,SEND,1069,24.292,44.830,100.000,1072128,
4.695598,SEND,1070,24.292,44.830,100.000,1072128,
4.696262,ACK,980,24.334,44.830,100.000,1073152,base=1027
4.697149,SEND,1071,24.334,44.830,100.000,1073152,
4.698559,TIMEOUT,1027,21.630,44.830,200.000,1073152,
4.698858,RETX,1027,21.630,44.830,200.000,1073152,retx#1
4.701436,ACK,1051,21.676,45.265,100.000,1074176,base=1027
4.703707,ACK,1052,21.722,45.880,100.000,1075200,base=1027
4.704671,ACK,1053,21.768,46.513,100.000,1076224,base=1027
4.705073,RETX,1027,21.768,46.513,100.000,1076224,retx#2
4.705329,ACK,1054,21.814,47.114,100.000,1077248,base=1027
4.705405,ACK,1055,21.860,47.265,100.000,1078272,base=1027
4.705476,ACK,1056,21.906,47.364,100.000,1079296,base=1027
4.705522,ACK,1057,21.951,47.422,100.000,1080320,base=1027
4.705564,ACK,1059,21.997,47.226,100.000,1081344,base=1027
4.705606,NAK,1058,21.997,,,1081344,
4.705840,RETX,1058,21.997,47.226,100.000,1081344,retx#1
4.705913,ACK,1060,22.042,46.891,100.000,1082368,base=1027
4.705958,ACK,1061,22.088,46.573,100.000,1083392,base=1027
4.706970,SEND,1072,22.088,46.573,100.000,1083392,
4.707289,SEND,1073,22.088,46.573,100.000,1083392,
4.707520,SEND,1074,22.088,46.573,100.000,1083392,
4.707816,SEND,1075,22.088,46.573,100.000,1083392,
4.708163,SEND,1076,22.088,46.573,100.000,1083392,
4.708415,SEND,1077,22.088,46.573,100.000,1083392,
4.708635,SEND,1078,22.088,46.573,100.000,1083392,
4.708850,SEND,1079,22.088,46.573,100.000,1083392,
4.711744,ACK,1062,22.133,46.802,100.000,1084416,base=1027
4.712059,SEND,1080,22.133,46.802,100.000,1084416,
4.713865,ACK,1063,22.178,47.244,100.000,1085440,base=1027
4.713961,ACK,1064,22.223,47.270,100.000,1086464,base=1027
4.714014,ACK,1065,22.268,46.522,100.000,1087488,base=1027
4.715434,SEND,1081,22.268,46.522,100.000,1087488,
4.715668,SEND,1082,22.268,46.522,100.000,1087488,
4.715877,SEND,1083,22.268,46.522,100.000,1087488,
4.720921,ACK,1066,22.313,46.193,100.000,1088512,base=1027
4.722405,SEND,1084,22.313,46.193,100.000,1088512,
4.725415,ACK,1067,22.358,46.436,100.000,1089536,base=1027
4.725945,SEND,1085,22.358,46.436,100.000,1089536,
4.732258,ACK,1046,22.403,46.436,100.000,1090560,base=1027
4.732642,ACK,1068,22.447,47.198,100.000,1091584,base=1027
4.733056,ACK,1047,22.492,47.198,100.000,1092608,base=1027
4.733785,SEND,1086,22.492,47.198,100.000,1092608,
4.734081,SEND,1087,22.492,47.198,100.000,1092608,
4.734626,SEND,1088,22.492,47.198,100.000,1092608,
4.745587,ACK,1069,22.536,47.571,100.000,1093632,base=1027
4.745668,ACK,1070,22.581,47.883,100.000,1094656,base=1027
4.745715,ACK,1071,22.625,47.968,100.000,1095680,base=1027
4.745861,ACK,1027,22.669,47.968,100.000,1096704,base=1058
4.745924,DUPACK,1027,22.669,,,1096704,
4.747148,SEND,1089,22.669,47.968,100.000,1096704,
4.747394,SEND,1090,22.669,47.968,100.000,1096704,
4.747625,SEND,1091,22.669,47.968,100.000,1096704,
4.747853,SEND,1092,22.669,47.968,100.000,1096704,
4.755127,ACK,1072,22.713,47.989,100.000,1097728,base=1058
4.755523,SEND,1093,22.713,47.989,100.000,1097728,
4.757185,ACK,1073,22.757,48.226,100.000,1098752,base=1058
4.757246,ACK,1075,22.801,48.376,100.000,1099776,base=1058
4.757611,RETX,1058,22.801,48.376,100.000,1099776,retx#2
4.758602,SEND,1094,22.801,48.376,100.000,1099776,
4.758816,SEND,1095,22.801,48.376,100.000,1099776,
4.759705,ACK,1076,22.845,48.769,100.000,1100800,base=1058
4.759783,ACK,1077,22.889,49.092,100.000,1101824,base=1058
4.759830,ACK,1078,22.933,49.354,100.000,1102848,base=1058
4.760522,SEND,1096,22.933,49.354,100.000,1102848,
4.760702,SEND,1097,22.933,49.354,100.000,1102848,
4.760873,SEND,1098,22.933,49.354,100.000,1102848,
4.761599,ACK,1079,22.976,49.776,100.000,1103872,base=1058
4.761656,ACK,1080,23.020,49.753,100.000,1104896,base=1058
4.761691,ACK,1081,23.063,49.317,100.000,1105920,base=1058
4.761725,ACK,1082,23.107,48.909,100.000,1106944,base=1058
4.761761,ACK,1083,23.150,48.530,100.000,1107968,base=1058
4.762333,ACK,1084,23.193,47.454,100.000,1108992,base=1058
4.762565,SEND,1099,23.193,47.454,100.000,1108992,
4.762760,SEND,1100,23.193,47.454,100.000,1108992,
4.762938,SEND,1101,23.193,47.454,100.000,1108992,
4.763112,SEND,1102,23.193,47.454,100.000,1108992,
4.763292,SEND,1103,23.193,47.454,100.000,1108992,
4.763466,SEND,1104,23.193,47.454,100.000,1108992,
4.763640,SEND,1105,23.193,47.454,100.000,1108992,
4.763673,STATS,-1,23.193,47.454,100.000,1108992,base=1058 next=1106 inflight=23
4.776251,ACK,1086,23.236,46.827,100.000,1110016,base=1058
4.776401,NAK,1085,23.236,,,1110016,
4.776655,RETX,1085,23.236,46.827,100.000,1110016,retx#1
4.776932,SEND,1106,23.236,46.827,100.000,1110016,
4.777004,ACK,1087,23.279,46.338,100.000,1111040,base=1058
4.777086,ACK,1088,23.322,45.852,100.000,1112064,base=1058
4.778583,SEND,1107,23.322,45.852,100.000,1112064,
4.778801,SEND,1108,23.322,45.852,100.000,1112064,
4.789748,ACK,1089,23.365,45.444,100.000,1113088,base=1058
4.790323,ACK,1090,23.408,45.128,100.000,1114112,base=1058
4.790590,ACK,1091,23.451,44.856,100.000,1115136,base=1058
4.790823,SEND,1109,23.451,44.856,100.000,1115136,
4.791303,SEND,1110,23.451,44.856,100.000,1115136,
4.791512,SEND,1111,23.451,44.856,100.000,1115136,
4.798503,ACK,1093,23.493,44.617,100.000,1116160,base=1058
4.798793,SEND,1112,23.493,44.617,100.000,1116160,
4.802434,ACK,1058,23.536,44.617,100.000,1117184,base=1074
4.802578,ACK,1094,23.578,44.537,100.000,1118208,base=1074
4.802623,ACK,1095,23.621,44.445,100.000,1119232,base=1074
4.803223,SEND,1113,23.621,44.445,100.000,1119232,
4.803591,SEND,1114,23.621,44.445,100.000,1119232,
4.803778,SEND,1115,23.621,44.445,100.000,1119232,
4.808236,TIMEOUT,1074,20.996,44.445,200.000,1119232,
4.808535,RETX,1074,20.996,44.445,200.000,1119232,retx#1
4.808697,ACK,1096,21.044,44.908,100.000,1120256,base=1074
4.809043,RETX,1074,21.044,44.908,100.000,1120256,retx#2
4.809913,NAK,1074,21.044,,,1120256,
4.810566,ACK,1098,21.091,45.504,100.000,1121280,base=1074
4.815080,ACK,1099,21.139,46.376,100.000,1122304,base=1074
4.815158,ACK,1100,21.186,47.128,100.000,1123328,base=1074
4.815206,ACK,1101,21.233,47.770,100.000,1124352,base=1074
4.815248,ACK,1102,21.280,48.315,100.000,1125376,base=1074
4.815289,ACK,1103,21.327,48.774,100.000,1126400,base=1074
4.815331,ACK,1104,21.374,49.160,100.000,1127424,base=1074
4.815371,ACK,1105,21.421,49.481,100.000,1128448,base=1074
4.815807,SEND,1116,21.421,49.481,100.000,1128448,
4.816026,SEND,1117,21.421,49.481,100.000,1128448,
4.816240,SEND,1118,21.421,49.481,100.000,1128448,
4.816452,SEND,1119,21.421,49.481,100.000,1128448,
4.816856,SEND,1120,21.421,49.481,100.000,1128448,
4.817302,SEND,1121,21.421,49.481,100.000,1128448,
4.817482,SEND,1122,21.421,49.481,100.000,1128448,
4.818605,ACK,1085,21.468,49.481,100.000,1129472,base=1074
4.819332,SEND,1123,21.468,49.481,100.000,1129472,
4.820266,ACK,1106,21.514,48.711,100.000,1130496,base=1074
4.821117,SEND,1124,21.514,48.711,100.000,1130496,
4.824356,ACK,1107,21.561,48.343,100.000,1131520,base=1074
4.824402,ACK,1108,21.607,47.999,100.000,1132544,base=1074
4.825920,SEND,1125,21.607,47.999,100.000,1132544,
4.826152,SEND,1126,21.607,47.999,100.000,1132544,
4.835710,ACK,1109,21.653,47.608,100.000,1133568,base=1074
4.835786,ACK,1111,21.700,47.190,100.000,1134592,base=1074
4.835835,ACK,1112,21.746,45.921,100.000,1135616,base=1074
4.837328,SEND,1127,21.746,45.921,100.000,1135616,
4.838032,SEND,1128,21.746,45.921,100.000,1135616,
4.838265,SEND,1129,21.746,45.921,100.000,1135616,
4.848133,ACK,1113,21.792,45.792,100.000,1136640,base=1074
4.848202,ACK,1114,21.838,45.644,100.000,1137664,base=1074
4.848239,ACK,1115,21.883,45.496,100.000,1138688,base=1074
4.849290,SEND,1130,21.883,45.496,100.000,1138688,
4.849485,SEND,1131,21.883,45.496,100.000,1138688,
4.849656,SEND,1132,21.883,45.496,100.000,1138688,
4.849679,TIMEOUT,1092,21.883,45.496,200.000,1138688,
4.849855,RETX,1092,21.883,45.496,200.000,1138688,retx#1
4.849986,ACK,1074,21.929,45.496,200.000,1139712,base=1092
4.850043,DUPACK,1074,21.929,,,1139712,
4.852678,SEND,1133,21.929,45.496,200.000,1139712,
4.859182,ACK,1116,21.975,45.228,100.000,1140736,base=1092
4.860140,SEND,1134,21.975,45.228,100.000,1140736,
4.861752,TIMEOUT,1097,21.975,45.228,200.000,1140736,
4.862063,RETX,1097,21.975,45.228,200.000,1140736,retx#1
4.864667,STATS,-1,21.975,45.228,200.000,1140736,base=1092 next=1135 inflight=21
4.866007,ACK,1117,22.020,45.818,100.000,1141760,base=1092
4.867436,SEND,1135,22.020,45.818,100.000,1141760,
4.867956,SEND,1136,22.020,45.818,100.000,1141760,
4.869080,NAK,1097,22.020,,,1141760,
4.869171,ACK,1118,22.066,46.705,100.000,1142784,base=1092
4.869476,RETX,1092,22.066,46.705,100.000,1142784,retx#2
4.869573,ACK,1119,22.111,47.506,100.000,1143808,base=1092
4.869623,ACK,1120,22.156,48.163,100.000,1144832,base=1092
4.869666,ACK,1121,22.201,48.687,100.000,1145856,base=1092
4.869734,ACK,1122,22.246,49.132,100.000,1146880,base=1092
4.870176,SEND,1137,22.246,49.132,100.000,1146880,
4.870461,SEND,1138,22.246,49.132,100.000,1146880,
4.870678,SEND,1139,22.246,49.132,100.000,1146880,
4.871076,SEND,1140,22.246,49.132,100.000,1146880,
4.871453,SEND,1141,22.246,49.132,100.000,1146880,
4.871604,ACK,1123,22.291,49.523,100.000,1147904,base=1092
4.871729,ACK,1124,22.336,49.658,100.000,1148928,base=1092
4.871771,ACK,1125,22.381,49.182,100.000,1149952,base=1092
4.871806,ACK,1126,22.426,48.740,100.000,1150976,base=1092
4.873183,SEND,1142,22.426,48.740,100.000,1150976,
4.873416,SEND,1143,22.426,48.740,100.000,1150976,
4.873643,SEND,1144,22.426,48.740,100.000,1150976,
4.873871,SEND,1145,22.426,48.740,100.000,1150976,
4.873946,ACK,1127,22.470,47.225,100.000,1152000,base=1092
4.875591,SEND,1146,22.470,47.225,100.000,1152000,
4.883161,ACK,1129,22.515,46.932,100.000,1153024,base=1092
4.883247,NAK,1128,22.515,,,1153024,
4.883474,RETX,1128,22.515,46.932,100.000,1153024,retx#1
4.884779,SEND,1147,22.515,46.932,100.000,1153024,
4.892337,TIMEOUT,1110,22.515,46.932,200.000,1153024,
4.892643,RETX,1110,22.515,46.932,200.000,1153024,retx#1
4.896733,ACK,1130,22.559,46.992,100.000,1154048,base=1092
4.897224,ACK,1131,22.603,47.083,100.000,1155072,base=1092
4.897316,ACK,1132,22.648,47.154,100.000,1156096,base=1092
4.897357,ACK,1092,22.692,47.154,100.000,1157120,base=1097
4.897394,ACK,1133,22.736,46.850,100.000,1158144,base=1097
4.897956,SEND,1148,22.736,46.850,100.000,1158144,
4.898143,SEND,1149,22.736,46.850,100.000,1158144,
4.898332,SEND,1150,22.736,46.850,100.000,1158144,
4.898508,SEND,1151,22.736,46.850,100.000,1158144,
4.898704,SEND,1152,22.736,46.850,100.000,1158144,
4.900304,ACK,1134,22.780,46.012,100.000,1159168,base=1097
4.901602,SEND,1153,22.780,46.012,100.000,1159168,
4.908569,ACK,1097,22.824,46.012,100.000,1160192,base=1110
4.908652,ACK,1135,22.868,45.411,100.000,1161216,base=1110
4.909347,SEND,1154,22.868,45.411,100.000,1161216,
4.909573,SEND,1155,22.868,45.411,100.000,1161216,
4.912833,ACK,1136,22.911,45.341,100.000,1162240,base=1110
4.912911,DUPACK,1092,22.911,,,1162240,
4.912964,ACK,1137,22.955,45.021,100.000,1163264,base=1110
4.913259,RETX,1110,22.955,45.021,100.000,1163264,retx#2
4.913360,ACK,1138,22.999,44.755,100.000,1164288,base=1110
4.913439,ACK,1139,23.042,44.505,100.000,1165312,base=1110
4.914129,SEND,1156,23.042,44.505,100.000,1165312,
4.914421,SEND,1157,23.042,44.505,100.000,1165312,
4.914641,SEND,1158,23.042,44.505,100.000,1165312,
4.914906,SEND,1159,23.042,44.505,100.000,1165312,
4.915128,SEND,1160,23.042,44.505,100.000,1165312,
4.920693,ACK,1140,23.085,45.141,100.000,1166336,base=1110
4.920920,ACK,1142,23.129,45.464,100.000,1167360,base=1110
4.920974,ACK,1143,23.172,45.725,100.000,1168384,base=1110
4.921021,ACK,1144,23.215,45.931,100.000,1169408,base=1110
4.921067,ACK,1145,23.258,46.088,100.000,1170432,base=1110
4.921108,ACK,1146,23.301,46.016,100.000,1171456,base=1110
4.921592,SEND,1161,23.301,46.016,100.000,1171456,
4.921906,SEND,1162,23.301,46.016,100.000,1171456,
4.922214,SEND,1163,23.301,46.016,100.000,1171456,
4.922984,SEND,1164,23.301,46.016,100.000,1171456,
4.923182,SEND,1165,23.301,46.016,100.000,1171456,
4.923362,SEND,1166,23.301,46.016,100.000,1171456,
4.926016,ACK,1128,23.344,46.016,100.000,1172480,base=1110
4.926414,SEND,1167,23.344,46.016,100.000,1172480,
4.932988,ACK,1110,23.387,46.016,100.000,1173504,base=1141
4.934434,SEND,1168,23.387,46.016,100.000,1173504,
4.942182,ACK,1148,23.430,45.789,100.000,1174528,base=1141
4.942573,ACK,1149,23.472,45.617,100.000,1175552,base=1141
4.943468,SEND,1169,23.472,45.617,100.000,1175552,
4.943664,SEND,1170,23.472,45.617,100.000,1175552,
4.948284,ACK,1152,23.515,46.110,100.000,1176576,base=1141
4.948559,RETX,1141,20.902,46.110,100.000,1176576,retx#1
4.948730,NAK,1150,20.902,,,1176576,
4.948976,RETX,1150,20.902,46.110,100.000,1176576,retx#1
4.949093,NAK,1151,20.902,,,1176576,
4.949319,RETX,1151,20.902,46.110,100.000,1176576,retx#1
4.949597,ACK,1153,20.950,46.344,100.000,1177600,base=1141
4.958208,ACK,1154,20.998,46.655,100.000,1178624,base=1141
4.961913,ACK,1155,21.045,47.362,100.000,1179648,base=1141
4.961992,DUPACK,1110,21.045,,,1179648,
4.962040,ACK,1156,21.093,47.430,100.000,1180672,base=1141
4.962784,SEND,1171,21.093,47.430,100.000,1180672,
4.963013,SEND,1172,21.093,47.430,100.000,1180672,
4.963295,SEND,1173,21.093,47.430,100.000,1180672,
4.965849,ACK,1157,21.140,47.927,100.000,1181696,base=1141
4.965925,ACK,1158,21.188,48.346,100.000,1182720,base=1141
4.965970,ACK,1159,21.235,48.685,100.000,1183744,base=1141
4.966013,ACK,1160,21.282,48.960,100.000,1184768,base=1141
4.966054,ACK,1161,21.329,48.397,100.000,1185792,base=1141
4.966363,SEND,1174,21.329,48.397,100.000,1185792,
4.966638,SEND,1175,21.329,48.397,100.000,1185792,
4.966909,SEND,1176,21.329,48.397,100.000,1185792,
4.967183,SEND,1177,21.329,48.397,100.000,1185792,
4.967431,SEND,1178,21.329,48.397,100.000,1185792,
4.967585,STATS,-1,21.329,48.397,100.000,1185792,base=1141 next=1179 inflight=21
4.970731,ACK,1162,21.376,48.448,100.000,1186816,base=1141
4.970791,ACK,1163,21.423,48.463,100.000,1187840,base=1141
4.972412,SEND,1179,21.423,48.463,100.000,1187840,
4.972612,SEND,1180,21.423,48.463,100.000,1187840,
4.973785,ACK,1164,21.469,48.753,100.000,1188864,base=1141
4.973861,ACK,1165,21.516,48.993,100.000,1189888,base=1141
4.973904,ACK,1166,21.562,49.186,100.000,1190912,base=1141
4.973965,ACK,1167,21.609,48.981,100.000,1191936,base=1141
4.974228,SEND,1181,21.609,48.981,100.000,1191936,
4.974405,SEND,1182,21.609,48.981,100.000,1191936,
4.974578,SEND,1183,21.609,48.981,100.000,1191936,
4.974751,SEND,1184,21.609,48.981,100.000,1191936,
4.985734,TIMEOUT,1147,21.609,48.981,200.000,1191936,
4.986370,RETX,1147,21.609,48.981,200.000,1191936,retx#1
4.988448,ACK,1168,21.655,49.608,100.000,1192960,base=1141
4.988852,ACK,1169,21.701,49.079,100.000,1193984,base=1141
4.989514,SEND,1185,21.701,49.079,100.000,1193984,
4.989750,SEND,1186,21.701,49.079,100.000,1193984,
4.989855,ACK,1170,21.747,48.716,100.000,1195008,base=1141
4.989912,ACK,1141,21.793,48.716,100.000,1196032,base=1147
4.991576,SEND,1187,21.793,48.716,100.000,1196032,
4.991811,SEND,1188,21.793,48.716,100.000,1196032,
4.998113,ACK,1150,21.839,48.716,100.000,1197056,base=1147
4.999418,SEND,1189,21.839,48.716,100.000,1197056,
5.010702,ACK,1171,21.885,48.614,100.000,1198080,base=1147
5.010770,NAK,1151,21.885,,,1198080,
5.011038,RETX,1151,21.885,48.614,100.000,1198080,retx#2
5.011520,ACK,1172,21.931,48.598,100.000,1199104,base=1147
5.011797,RETX,1147,21.931,48.598,100.000,1199104,retx#2
5.012093,SEND,1190,21.931,48.598,100.000,1199104,
5.012308,SEND,1191,21.931,48.598,100.000,1199104,
5.012407,ACK,1173,21.976,48.661,100.000,1200128,base=1147
5.012493,ACK,1174,22.022,48.344,100.000,1201152,base=1147
5.012539,ACK,1175,22.067,48.038,100.000,1202176,base=1147
5.014079,SEND,1192,22.067,48.038,100.000,1202176,
5.014302,SEND,1193,22.067,48.038,100.000,1202176,
5.014509,SEND,1194,22.067,48.038,100.000,1202176,
5.014713,SEND,1195,22.067,48.038,100.000,1202176,
5.014837,ACK,1176,22.112,48.021,100.000,1203200,base=1147
5.014896,ACK,1178,22.158,47.951,100.000,1204224,base=1147
5.016481,SEND,1196,22.158,47.951,100.000,1204224,
5.016726,SEND,1197,22.158,47.951,100.000,1204224,
5.021793,ACK,1179,22.203,48.124,100.000,1205248,base=1147
5.021907,ACK,1180,22.248,48.269,100.000,1206272,base=1147
5.021958,ACK,1181,22.293,48.201,100.000,1207296,base=1147
5.022004,ACK,1182,22.338,48.125,100.000,1208320,base=1147
5.022457,ACK,1183,22.382,48.092,100.000,1209344,base=1147
5.022518,ACK,1184,22.427,48.051,100.000,1210368,base=1147
5.022788,SEND,1198,22.427,48.051,100.000,1210368,
5.023044,SEND,1199,22.427,48.051,100.000,1210368,
5.023419,SEND,1200,22.427,48.051,100.000,1210368,
5.023813,SEND,1201,22.427,48.051,100.000,1210368,
5.024498,SEND,1202,22.427,48.051,100.000,1210368,
5.024778,SEND,1203,22.427,48.051,100.000,1210368,
5.033305,ACK,1147,22.472,48.051,100.000,1211392,base=1151
5.034177,SEND,1204,22.472,48.051,100.000,1211392,
5.035401,ACK,1185,22.516,47.777,100.000,1212416,base=1151
5.035471,ACK,1187,22.561,47.292,100.000,1213440,base=1151
5.035897,SEND,1205,22.561,47.292,100.000,1213440,
5.036116,SEND,1206,22.561,47.292,100.000,1213440,
5.044183,ACK,1188,22.605,47.925,100.000,1214464,base=1151
5.044445,RETX,1151,22.605,47.925,100.000,1214464,retx#3
5.044514,ACK,1189,22.649,47.571,100.000,1215488,base=1151
5.045661,SEND,1207,22.649,47.571,100.000,1215488,
5.045897,SEND,1208,22.649,47.571,100.000,1215488,
5.050236,ACK,1151,22.693,47.571,100.000,1216512,base=1177
5.050668,SEND,1209,22.693,47.571,100.000,1216512,
5.056618,DUPACK,1147,22.693,,,1216512,
5.057229,ACK,1190,22.737,47.264,100.000,1217536,base=1177
5.057314,ACK,1191,22.781,46.981,100.000,1218560,base=1177
5.058489,SEND,1210,22.781,46.981,100.000,1218560,
5.058823,SEND,1211,22.781,46.981,100.000,1218560,
5.062997,ACK,1192,22.825,47.221,100.000,1219584,base=1177
5.063304,RETX,1177,20.289,47.221,100.000,1219584,retx#1
5.063440,ACK,1193,20.338,47.459,100.000,1220608,base=1177
5.063491,ACK,1194,20.388,47.649,100.000,1221632,base=1177
5.063538,ACK,1195,20.437,47.795,100.000,1222656,base=1177
5.063582,ACK,1196,20.486,47.708,100.000,1223680,base=1177
5.065429,SEND,1212,20.486,47.708,100.000,1223680,
5.065677,SEND,1213,20.486,47.708,100.000,1223680,
5.066043,SEND,1214,20.486,47.708,100.000,1223680,
5.066190,ACK,1197,20.534,47.925,100.000,1224704,base=1177
5.066273,ACK,1198,20.583,47.369,100.000,1225728,base=1177
5.068379,SEND,1215,20.583,47.369,100.000,1225728,
5.068776,SEND,1216,20.583,47.369,100.000,1225728,
5.068811,STATS,-1,20.583,47.369,100.000,1225728,base=1177 next=1217 inflight=20
5.071859,ACK,1199,20.632,47.547,100.000,1226752,base=1177
5.073186,ACK,1201,20.680,47.773,100.000,1227776,base=1177
5.073266,ACK,1202,20.728,47.897,100.000,1228800,base=1177
5.073312,ACK,1203,20.777,47.976,100.000,1229824,base=1177
5.073599,SEND,1217,20.777,47.976,100.000,1229824,
5.073855,SEND,1218,20.777,47.976,100.000,1229824,
5.074066,SEND,1219,20.777,47.976,100.000,1229824,
5.074275,SEND,1220,20.777,47.976,100.000,1229824,
5.076477,ACK,1204,20.825,47.263,100.000,1230848,base=1177
5.077590,SEND,1221,20.825,47.263,100.000,1230848,
5.077801,ACK,1205,20.873,46.592,100.000,1231872,base=1177
5.079486,SEND,1222,20.873,46.592,100.000,1231872,
5.090443,TIMEOUT,1186,20.873,46.592,200.000,1231872,
5.090870,RETX,1186,20.873,46.592,200.000,1231872,retx#1
5.091421,ACK,1206,20.921,47.678,100.000,1232896,base=1177
5.091466,DUPACK,1151,20.921,,,1232896,
5.091504,ACK,1207,20.969,47.448,100.000,1233920,base=1177
5.091539,ACK,1208,21.016,47.222,100.000,1234944,base=1177
5.091572,ACK,1209,21.064,46.432,100.000,1235968,base=1177
5.093378,SEND,1223,21.064,46.432,100.000,1235968,
5.093611,SEND,1224,21.064,46.432,100.000,1235968,
5.093798,SEND,1225,21.064,46.432,100.000,1235968,
5.093978,SEND,1226,21.064,46.432,100.000,1235968,
5.094154,SEND,1227,21.064,46.432,100.000,1235968,
5.099908,ACK,1210,21.111,45.805,100.000,1236992,base=1177
5.100392,SEND,1228,21.111,45.805,100.000,1236992,
5.108140,ACK,1211,21.159,46.243,100.000,1238016,base=1177
5.109732,SEND,1229,21.159,46.243,100.000,1238016,
5.112178,ACK,1177,21.206,46.243,100.000,1239040,base=1186
5.112223,ACK,1212,21.253,46.312,100.000,1240064,base=1186
5.112260,ACK,1213,21.300,46.346,100.000,1241088,base=1186
5.113020,SEND,1230,21.300,46.346,100.000,1241088,
5.113258,SEND,1231,21.300,46.346,100.000,1241088,
5.113488,SEND,1232,21.300,46.346,100.000,1241088,
5.118058,ACK,1214,21.347,47.052,100.000,1242112,base=1186
5.118294,RETX,1186,21.347,47.052,100.000,1242112,retx#2
5.118362,ACK,1215,21.394,47.418,100.000,1243136,base=1186
5.118628,SEND,1233,21.394,47.418,100.000,1243136,
5.118864,SEND,1234,21.394,47.418,100.000,1243136,
5.119215,ACK,1216,21.441,47.788,100.000,1244160,base=1186
5.119275,ACK,1217,21.487,47.524,100.000,1245184,base=1186
5.119329,ACK,1219,21.534,47.241,100.000,1246208,base=1186
5.121576,SEND,1235,21.534,47.241,100.000,1246208,
5.121951,SEND,1236,21.534,47.241,100.000,1246208,
5.122524,SEND,1237,21.534,47.241,100.000,1246208,
5.122824,ACK,1220,21.580,47.402,100.000,1247232,base=1186
5.124452,SEND,1238,21.580,47.402,100.000,1247232,
5.124473,TIMEOUT,1200,21.580,47.402,200.000,1247232,
5.124710,RETX,1200,21.580,47.402,200.000,1247232,retx#1
5.139072,ACK,1186,21.627,47.402,200.000,1248256,base=1200
5.139891,ACK,1223,21.673,47.290,100.000,1249280,base=1200
5.139938,ACK,1224,21.719,47.169,100.000,1250304,base=1200
5.139974,ACK,1225,21.765,47.044,100.000,1251328,base=1200
5.140223,RETX,1200,21.765,47.044,100.000,1251328,retx#2
5.140301,ACK,1226,21.811,46.954,100.000,1252352,base=1200
5.140338,ACK,1227,21.857,46.857,100.000,1253376,base=1200
5.140853,SEND,1239,21.857,46.857,100.000,1253376,
5.141094,SEND,1240,21.857,46.857,100.000,1253376,
5.141322,SEND,1241,21.857,46.857,100.000,1253376,
5.141548,SEND,1242,21.857,46.857,100.000,1253376,
5.141774,SEND,1243,21.857,46.857,100.000,1253376,
5.142001,SEND,1244,21.857,46.857,100.000,1253376,
5.143010,ACK,1228,21.903,46.326,100.000,1254400,base=1200
5.143781,SEND,1245,21.903,46.326,100.000,1254400,
5.161305,ACK,1229,21.948,46.979,100.000,1255424,base=1200
5.162623,SEND,1246,21.948,46.979,100.000,1255424,
5.164778,ACK,1231,21.994,47.544,100.000,1256448,base=1200
5.164827,NAK,1230,21.994,,,1256448,
5.165036,RETX,1230,21.994,47.544,100.000,1256448,retx#1
5.165112,ACK,1232,22.039,48.053,100.000,1257472,base=1200
5.166066,SEND,1247,22.039,48.053,100.000,1257472,
5.166255,SEND,1248,22.039,48.053,100.000,1257472,
5.166431,SEND,1249,22.039,48.053,100.000,1257472,
5.166521,DUPACK,1186,22.039,,,1257472,
5.170033,STATS,-1,22.039,48.053,100.000,1257472,base=1200 next=1250 inflight=22
5.171054,ACK,1233,22.085,48.597,100.000,1258496,base=1200
5.171111,ACK,1234,22.130,49.053,100.000,1259520,base=1200
5.171152,ACK,1235,22.175,49.119,100.000,1260544,base=1200
5.171181,ACK,1236,22.220,49.132,100.000,1261568,base=1200
5.171210,ACK,1237,22.265,49.076,100.000,1262592,base=1200
5.171236,ACK,1238,22.310,48.790,100.000,1263616,base=1200
5.171269,ACK,1200,22.355,48.790,100.000,1264640,base=1218
5.171714,SEND,1250,22.355,48.790,100.000,1264640,
5.171905,SEND,1251,22.355,48.790,100.000,1264640,
5.172081,SEND,1252,22.355,48.790,100.000,1264640,
5.172259,SEND,1253,22.355,48.790,100.000,1264640,
5.172438,SEND,1254,22.355,48.790,100.000,1264640,
5.172618,SEND,1255,22.355,48.790,100.000,1264640,
5.172797,SEND,1256,22.355,48.790,100.000,1264640,
5.174265,TIMEOUT,1218,19.871,48.790,200.000,1264640,
5.174470,RETX,1218,19.871,48.790,200.000,1264640,retx#1
5.178344,DUPACK,1200,19.871,,,1264640,
5.183429,ACK,1240,19.921,47.979,100.000,1265664,base=1218
5.184511,NAK,1239,19.921,,,1265664,
5.185299,RETX,1239,19.921,47.979,100.000,1265664,retx#1
5.185455,ACK,1241,19.972,47.496,100.000,1266688,base=1218
5.185797,TIMEOUT,1221,19.972,47.496,200.000,1266688,
5.185990,RETX,1221,19.972,47.496,200.000,1266688,retx#1
5.186106,ACK,1242,20.022,47.127,100.000,1267712,base=1218
5.186315,RETX,1218,20.022,47.127,100.000,1267712,retx#2
5.188715,SEND,1257,20.022,47.127,100.000,1267712,
5.188730,TIMEOUT,1222,20.022,47.127,200.000,1267712,
5.188911,RETX,1222,20.022,47.127,200.000,1267712,retx#1
5.193522,ACK,1243,20.072,47.704,100.000,1268736,base=1218
5.193563,ACK,1244,20.121,48.185,100.000,1269760,base=1218
5.193592,ACK,1245,20.171,48.388,100.000,1270784,base=1218
5.194255,SEND,1258,20.171,48.388,100.000,1270784,
5.194452,SEND,1259,20.171,48.388,100.000,1270784,
5.194629,SEND,1260,20.171,48.388,100.000,1270784,
5.202898,ACK,1246,20.221,47.366,100.000,1271808,base=1218
5.203285,ACK,1247,20.270,46.096,100.000,1272832,base=1218
5.204918,SEND,1261,20.270,46.096,100.000,1272832,
5.205431,SEND,1262,20.270,46.096,100.000,1272832,
5.212641,ACK,1248,20.319,46.129,100.000,1273856,base=1218
5.212718,ACK,1249,20.369,46.147,100.000,1274880,base=1218
5.212770,ACK,1250,20.418,45.510,100.000,1275904,base=1218
5.214269,SEND,1263,20.418,45.510,100.000,1275904,
5.214489,SEND,1264,20.418,45.510,100.000,1275904,
5.214697,SEND,1265,20.418,45.510,100.000,1275904,
5.221915,ACK,1251,20.467,46.070,100.000,1276928,base=1218
5.222011,ACK,1253,20.516,46.529,100.000,1277952,base=1218
5.222197,NAK,1252,20.516,,,1277952,
5.222599,RETX,1252,20.516,46.529,100.000,1277952,retx#1
5.222767,ACK,1254,20.564,47.003,100.000,1278976,base=1218
5.222865,ACK,1255,20.613,47.406,100.000,1280000,base=1218
5.222909,ACK,1256,20.662,47.744,100.000,1281024,base=1218
5.222946,ACK,1218,20.710,47.744,100.000,1282048,base=1221
5.223320,SEND,1266,20.710,47.744,100.000,1282048,
5.223736,SEND,1267,20.710,47.744,100.000,1282048,
5.223992,SEND,1268,20.710,47.744,100.000,1282048,
5.224314,SEND,1269,20.710,47.744,100.000,1282048,
5.224503,SEND,1270,20.710,47.744,100.000,1282048,
5.224677,SEND,1271,20.710,47.744,100.000,1282048,
5.230338,ACK,1239,20.758,47.744,100.000,1283072,base=1221
5.231321,SEND,1272,20.758,47.744,100.000,1283072,
5.236237,DUPACK,1218,20.758,,,1283072,
5.236320,ACK,1257,20.806,47.724,100.000,1284096,base=1221
5.236363,ACK,1222,20.854,47.724,100.000,1285120,base=1221
5.236613,RETX,1221,20.854,47.724,100.000,1285120,retx#2
5.236943,ACK,1258,20.902,47.090,100.000,1286144,base=1221
5.237886,SEND,1273,20.902,47.090,100.000,1286144,
5.238146,SEND,1274,20.902,47.090,100.000,1286144,
5.238741,SEND,1275,20.902,47.090,100.000,1286144,
5.243155,ACK,1260,20.950,47.266,100.000,1287168,base=1221
5.243638,SEND,1276,20.950,47.266,100.000,1287168,
5.249911,ACK,1261,20.998,46.980,100.000,1288192,base=1221
5.250040,ACK,1262,21.046,46.683,100.000,1289216,base=1221
5.250508,SEND,1277,21.046,46.683,100.000,1289216,
5.250879,SEND,1278,21.046,46.683,100.000,1289216,
5.251154,SEND,1279,21.046,46.683,100.000,1289216,
5.253373,ACK,1264,21.093,45.705,100.000,1290240,base=1221
5.255024,SEND,1280,21.093,45.705,100.000,1290240,
5.264060,ACK,1265,21.141,46.159,100.000,1291264,base=1221
5.264137,ACK,1252,21.188,46.159,100.000,1292288,base=1221
5.265727,SEND,1281,21.188,46.159,100.000,1292288,
5.265957,SEND,1282,21.188,46.159,100.000,1292288,
5.265980,TIMEOUT,1230,21.188,46.159,200.000,1292288,
5.266203,RETX,1230,21.188,46.159,200.000,1292288,retx#2
5.269118,ACK,1266,21.235,46.110,100.000,1293312,base=1221
5.269200,ACK,1267,21.282,46.029,100.000,1294336,base=1221
5.269245,ACK,1268,21.329,45.935,100.000,1295360,base=1221
5.271248,SEND,1283,21.329,45.935,100.000,1295360,
5.271469,SEND,1284,21.329,45.935,100.000,1295360,
5.271676,SEND,1285,21.329,45.935,100.000,1295360,
5.271709,STATS,-1,21.329,45.935,100.000,1295360,base=1221 next=1286 inflight=21
5.272062,ACK,1270,21.376,46.136,100.000,1296384,base=1221
5.272123,NAK,1269,21.376,,,1296384,
5.272703,RETX,1269,21.376,46.136,100.000,1296384,retx#1
5.273365,SEND,1286,21.376,46.136,100.000,1296384,
5.274949,ACK,1271,21.423,46.649,100.000,1297408,base=1221
5.275347,SEND,1287,21.423,46.649,100.000,1297408,
5.280450,ACK,1272,21.469,46.956,100.000,1298432,base=1221
5.280514,ACK,1221,21.516,46.956,100.000,1299456,base=1230
5.280557,ACK,1273,21.562,46.420,100.000,1300480,base=1230
5.281021,ACK,1274,21.609,45.976,100.000,1301504,base=1230
5.281886,SEND,1288,21.609,45.976,100.000,1301504,
5.282109,SEND,1289,21.609,45.976,100.000,1301504,
5.282322,SEND,1290,21.609,45.976,100.000,1301504,
5.282577,SEND,1291,21.609,45.976,100.000,1301504,
5.290832,ACK,1275,21.655,46.736,100.000,1302528,base=1230
5.291120,RETX,1230,21.655,46.736,100.000,1302528,retx#3
5.291359,SEND,1292,21.655,46.736,100.000,1302528,
5.291884,ACK,1276,21.701,46.923,100.000,1303552,base=1230
5.291974,ACK,1277,21.747,46.240,100.000,1304576,base=1230
5.293160,SEND,1293,21.747,46.240,100.000,1304576,
5.293384,SEND,1294,21.747,46.240,100.000,1304576,
5.294951,TIMEOUT,1259,21.747,46.240,200.000,1304576,
5.295230,RETX,1259,21.747,46.240,200.000,1304576,retx#1
5.296112,ACK,1278,21.793,46.111,100.000,1305600,base=1230
5.298124,SEND,1295,21.793,46.111,100.000,1305600,
5.298301,ACK,1279,21.839,46.238,100.000,1306624,base=1230
5.300000,SEND,1296,21.839,46.238,100.000,1306624,
5.301391,ACK,1280,21.885,46.252,100.000,1307648,base=1230
5.301792,SEND,1297,21.885,46.252,100.000,1307648,
5.314556,TIMEOUT,1263,21.885,46.252,200.000,1307648,
5.314880,RETX,1263,21.885,46.252,200.000,1307648,retx#1
5.317397,ACK,1281,21.931,46.923,100.000,1308672,base=1230
5.317819,SEND,1298,21.931,46.923,100.000,1308672,
5.318122,ACK,1282,21.976,47.576,100.000,1309696,base=1230
5.318231,ACK,1230,22.022,47.576,100.000,1310720,base=1259
5.318385,ACK,1283,22.067,47.521,100.000,1311744,base=1259
5.318695,ACK,1285,22.113,47.457,100.000,1312768,base=1259
5.318744,ACK,1269,22.158,47.457,100.000,1313792,base=1259
5.319078,RETX,1259,19.696,47.457,100.000,1313792,retx#2
5.319621,SEND,1299,19.696,47.457,100.000,1313792,
5.319920,SEND,1300,19.696,47.457,100.000,1313792,
5.320176,SEND,1301,19.696,47.457,100.000,1313792,
5.320291,ACK,1286,19.747,47.390,100.000,1314816,base=1259
5.322216,SEND,1302,19.747,47.390,100.000,1314816,
5.322508,ACK,1287,19.797,47.360,100.000,1315840,base=1259
5.324333,SEND,1303,19.797,47.360,100.000,1315840,
5.331422,ACK,1288,19.848,47.628,100.000,1316864,base=1259
5.331513,ACK,1289,19.898,47.849,100.000,1317888,base=1259
5.331559,ACK,1290,19.948,48.022,100.000,1318912,base=1259
5.331603,ACK,1291,19.999,48.147,100.000,1319936,base=1259
5.331641,DUPACK,1230,19.999,,,1319936,
5.333300,SEND,1304,19.999,48.147,100.000,1319936,
5.333804,SEND,1305,19.999,48.147,100.000,1319936,
5.334135,SEND,1306,19.999,48.147,100.000,1319936,
5.334371,SEND,1307,19.999,48.147,100.000,1319936,
5.337733,ACK,1293,20.049,47.698,100.000,1320960,base=1259
5.337867,NAK,1292,20.049,,,1320960,
5.338164,RETX,1292,20.049,47.698,100.000,1320960,retx#1
5.338246,ACK,1294,20.098,47.342,100.000,1321984,base=1259
5.339513,SEND,1308,20.098,47.342,100.000,1321984,
5.339710,SEND,1309,20.098,47.342,100.000,1321984,
5.339884,SEND,1310,20.098,47.342,100.000,1321984,
5.343127,ACK,1259,20.148,47.342,100.000,1323008,base=1263
5.343386,SEND,1311,20.148,47.342,100.000,1323008,
5.343467,ACK,1296,20.198,46.861,100.000,1324032,base=1263
5.343531,NAK,1295,20.198,,,1324032,
5.343728,RETX,1295,20.198,46.861,100.000,1324032,retx#1
5.343803,ACK,1297,20.247,46.254,100.000,1325056,base=1263
5.345269,SEND,1312,20.247,46.254,100.000,1325056,
5.345464,SEND,1313,20.247,46.254,100.000,1325056,
5.358403,ACK,1298,20.297,45.541,100.000,1326080,base=1263
5.358750,RETX,1263,20.297,45.541,100.000,1326080,retx#2
5.359138,SEND,1314,20.297,45.541,100.000,1326080,
5.359315,DUPACK,1259,20.297,,,1326080,
5.359553,ACK,1299,20.346,44.838,100.000,1327104,base=1263
5.361064,SEND,1315,20.346,44.838,100.000,1327104,
5.365378,ACK,1300,20.395,44.914,100.000,1328128,base=1263
5.365426,ACK,1301,20.444,44.955,100.000,1329152,base=1263
5.365465,ACK,1302,20.493,44.742,100.000,1330176,base=1263
5.366010,SEND,1316,20.493,44.742,100.000,1330176,
5.366247,SEND,1317,20.493,44.742,100.000,1330176,
5.366477,SEND,1318,20.493,44.742,100.000,1330176,
5.366579,ACK,1303,20.542,44.430,100.000,1331200,base=1263
5.368144,SEND,1319,20.542,44.430,100.000,1331200,
5.372935,TIMEOUT,1284,20.542,44.430,200.000,1331200,
5.373132,RETX,1284,20.542,44.430,200.000,1331200,retx#1
5.373146,STATS,-1,20.542,44.430,200.000,1331200,base=1263 next=1320 inflight=20
5.375418,ACK,1304,20.591,44.140,100.000,1332224,base=1263
5.375857,SEND,1320,20.591,44.140,100.000,1332224,
5.383138,ACK,1305,20.639,44.789,100.000,1333248,base=1263
5.383180,ACK,1306,20.688,45.321,100.000,1334272,base=1263
5.384034,SEND,1321,20.688,45.321,100.000,1334272,
5.384267,SEND,1322,20.688,45.321,100.000,1334272,
5.386850,ACK,1307,20.736,46.214,100.000,1335296,base=1263
5.386890,ACK,1292,20.784,46.214,100.000,1336320,base=1263
5.386925,ACK,1309,20.832,46.339,100.000,1337344,base=1263
5.386954,NAK,1308,20.832,,,1337344,
5.387206,RETX,1308,20.832,46.339,100.000,1337344,retx#1
5.387264,ACK,1310,20.880,46.469,100.000,1338368,base=1263
5.387693,SEND,1323,20.880,46.469,100.000,1338368,
5.387927,SEND,1324,20.880,46.469,100.000,1338368,
5.388156,SEND,1325,20.880,46.469,100.000,1338368,
5.388383,SEND,1326,20.880,46.469,100.000,1338368,
5.389210,ACK,1311,20.928,46.387,100.000,1339392,base=1263
5.389242,ACK,1295,20.976,46.387,100.000,1340416,base=1263
5.389270,ACK,1312,21.024,46.089,100.000,1341440,base=1263
5.390161,SEND,1327,21.024,46.089,100.000,1341440,
5.390341,SEND,1328,21.024,46.089,100.000,1341440,
5.390520,SEND,1329,21.024,46.089,100.000,1341440,
5.390699,SEND,1330,21.024,46.089,100.000,1341440,
5.398312,ACK,1313,21.071,46.933,100.000,1342464,base=1263
5.399823,SEND,1331,21.071,46.933,100.000,1342464,
5.409760,ACK,1263,21.119,46.933,100.000,1343488,base=1284
5.409834,ACK,1314,21.166,47.402,100.000,1344512,base=1284
5.409874,ACK,1315,21.213,47.578,100.000,1345536,base=1284
5.410746,SEND,1332,21.213,47.578,100.000,1345536,
5.410937,SEND,1333,21.213,47.578,100.000,1345536,
5.411109,SEND,1334,21.213,47.578,100.000,1345536,
5.412914,ACK,1316,21.260,47.491,100.000,1346560,base=1284
5.413160,RETX,1284,21.260,47.491,100.000,1346560,retx#2
5.413286,ACK,1317,21.307,47.433,100.000,1347584,base=1284
5.413346,ACK,1318,21.354,47.362,100.000,1348608,base=1284
5.413396,ACK,1319,21.401,47.098,100.000,1349632,base=1284
5.413452,ACK,1284,21.448,47.098,100.000,1350656,base=1308
5.414256,SEND,1335,21.448,47.098,100.000,1350656,
5.414463,SEND,1336,21.448,47.098,100.000,1350656,
5.414641,SEND,1337,21.448,47.098,100.000,1350656,
5.414814,SEND,1338,21.448,47.098,100.000,1350656,
5.414984,SEND,1339,21.448,47.098,100.000,1350656,
5.415942,ACK,1320,21.494,46.219,100.000,1351680,base=1308
5.416778,SEND,1340,21.494,46.219,100.000,1351680,
5.431451,ACK,1321,21.541,46.366,100.000,1352704,base=1308
5.431542,ACK,1322,21.587,46.478,100.000,1353728,base=1308
5.431918,RETX,1308,19.189,46.478,100.000,1353728,retx#2
5.432104,ACK,1308,19.241,46.478,100.000,1354752,base=1323
5.434055,SEND,1341,19.241,46.478,100.000,1354752,
5.434959,ACK,1323,19.293,46.572,100.000,1355776,base=1324
5.435029,ACK,1324,19.345,46.637,100.000,1356800,base=1325
5.435121,ACK,1325,19.396,46.671,100.000,1357824,base=1326
5.435517,ACK,1326,19.448,46.727,100.000,1358848,base=1327
5.436085,SEND,1342,19.448,46.727,100.000,1358848,
5.436534,SEND,1343,19.448,46.727,100.000,1358848,
5.436796,SEND,1344,19.448,46.727,100.000,1358848,
5.437695,SEND,1345,19.448,46.727,100.000,1358848,
5.439450,ACK,1327,19.499,47.045,100.000,1359872,base=1328
5.440737,ACK,1328,19.551,47.462,100.000,1360896,base=1329
5.440790,ACK,1329,19.602,47.812,100.000,1361920,base=1330
5.440828,ACK,1330,19.653,48.101,100.000,1362944,base=1331
5.441290,SEND,1346,19.653,48.101,100.000,1362944,
5.441546,SEND,1347,19.653,48.101,100.000,1362944,
5.441774,SEND,1348,19.653,48.101,100.000,1362944,
5.441998,SEND,1349,19.653,48.101,100.000,1362944,
5.450555,ACK,1331,19.704,48.428,100.000,1363968,base=1332
5.452098,ACK,1332,19.755,47.529,100.000,1364992,base=1333
5.452466,SEND,1350,19.755,47.529,100.000,1364992,
5.452648,SEND,1351,19.755,47.529,100.000,1364992,
5.456227,ACK,1333,19.805,47.246,100.000,1366016,base=1334
5.456296,ACK,1334,19.856,46.988,100.000,1367040,base=1335
5.456332,DUPACK,1284,19.856,,,1367040,
5.457053,SEND,1352,19.856,46.988,100.000,1367040,
5.457252,SEND,1353,19.856,46.988,100.000,1367040,
5.465638,ACK,1335,19.906,47.533,100.000,1368064,base=1336
5.465720,ACK,1336,19.956,47.998,100.000,1369088,base=1337
5.465765,ACK,1338,20.006,48.366,100.000,1370112,base=1337
5.465802,NAK,1337,20.006,,,1370112,
5.466106,RETX,1337,20.006,48.366,100.000,1370112,retx#1
5.466212,ACK,1339,20.056,48.723,100.000,1371136,base=1337
5.466260,ACK,1340,20.106,48.817,100.000,1372160,base=1337
5.466604,RETX,1337,20.106,48.817,100.000,1372160,retx#2
5.466895,SEND,1354,20.106,48.817,100.000,1372160,
5.467338,SEND,1355,20.106,48.817,100.000,1372160,
5.467554,SEND,1356,20.106,48.817,100.000,1372160,
5.467761,SEND,1357,20.106,48.817,100.000,1372160,
5.468006,SEND,1358,20.106,48.817,100.000,1372160,
5.468214,SEND,1359,20.106,48.817,100.000,1372160,
5.473042,STATS,-1,20.106,48.817,100.000,1372160,base=1337 next=1360 inflight=20
5.485381,DUPACK,1308,20.106,,,1372160,
5.485475,ACK,1341,20.156,49.141,100.000,1373184,base=1337
5.485609,ACK,1342,20.206,49.177,100.000,1374208,base=1337
5.485653,ACK,1343,20.255,49.169,100.000,1375232,base=1337
5.485691,ACK,1344,20.304,49.135,100.000,1376256,base=1337
5.486493,SEND,1360,20.304,49.135,100.000,1376256,
5.486899,SEND,1361,20.304,49.135,100.000,1376256,
5.487268,SEND,1362,20.304,49.135,100.000,1376256,
5.487474,SEND,1363,20.304,49.135,100.000,1376256,
5.488872,ACK,1345,20.354,49.387,100.000,1377280,base=1337
5.489282,SEND,1364,20.354,49.387,100.000,1377280,
5.489599,ACK,1347,20.403,49.220,100.000,1378304,base=1337
5.489768,ACK,1348,20.452,49.065,100.000,1379328,base=1337
5.490842,ACK,1350,20.501,47.727,100.000,1380352,base=1337
5.491234,SEND,1365,20.501,47.727,100.000,1380352,
5.491488,SEND,1366,20.501,47.727,100.000,1380352,
5.491957,SEND,1367,20.501,47.727,100.000,1380352,
5.498570,NAK,1349,20.501,,,1380352,
5.498827,RETX,1349,20.501,47.727,100.000,1380352,retx#1
5.498930,ACK,1351,20.549,47.545,100.000,1381376,base=1337
5.498977,ACK,1352,20.598,46.842,100.000,1382400,base=1337
5.499013,ACK,1353,20.647,46.206,100.000,1383424,base=1337
5.500398,SEND,1368,20.647,46.206,100.000,1383424,
5.500630,SEND,1369,20.647,46.206,100.000,1383424,
5.500805,SEND,1370,20.647,46.206,100.000,1383424,
5.512485,ACK,1337,20.695,46.206,100.000,1384448,base=1346
5.512960,SEND,1371,20.695,46.206,100.000,1384448,
5.513703,DUPACK,1337,20.695,,,1384448,
5.515057,ACK,1354,20.743,46.448,100.000,1385472,base=1346
5.515128,ACK,1355,20.792,46.615,100.000,1386496,base=1346
5.516052,ACK,1357,20.840,46.822,100.000,1387520,base=1346
5.516321,RETX,1346,18.524,46.822,100.000,1387520,retx#1
5.516592,SEND,1372,18.524,46.822,100.000,1387520,
5.516713,ACK,1358,18.578,47.056,100.000,1388544,base=1346
5.516775,ACK,1359,18.632,47.243,100.000,1389568,base=1346
5.518868,SEND,1373,18.632,47.243,100.000,1389568,
5.519092,SEND,1374,18.632,47.243,100.000,1389568,
5.526296,ACK,1360,18.686,46.310,100.000,1390592,base=1346
5.526603,SEND,1375,18.686,46.310,100.000,1390592,
5.538894,ACK,1363,18.739,46.945,100.000,1391616,base=1346
5.538973,NAK,1362,18.739,,,1391616,
5.539903,RETX,1362,18.739,46.945,100.000,1391616,retx#1
5.540088,ACK,1364,18.793,47.425,100.000,1392640,base=1346
5.540458,SEND,1376,18.793,47.425,100.000,1392640,
5.540807,SEND,1377,18.793,47.425,100.000,1392640,
5.541558,ACK,1365,18.846,47.791,100.000,1393664,base=1346
5.541820,ACK,1366,18.899,48.107,100.000,1394688,base=1346
5.541887,ACK,1367,18.952,48.335,100.000,1395712,base=1346
5.541935,ACK,1349,19.005,48.335,100.000,1396736,base=1346
5.543232,SEND,1378,19.005,48.335,100.000,1396736,
5.543460,SEND,1379,19.005,48.335,100.000,1396736,
5.543669,SEND,1380,19.005,48.335,100.000,1396736,
5.543883,SEND,1381,19.005,48.335,100.000,1396736,
5.544093,SEND,1382,19.005,48.335,100.000,1396736,
5.548799,ACK,1368,19.057,48.341,100.000,1397760,base=1346
5.548862,ACK,1369,19.110,48.326,100.000,1398784,base=1346
5.548898,ACK,1371,19.162,46.778,100.000,1399808,base=1346
5.549292,SEND,1383,19.162,46.778,100.000,1399808,
5.549515,SEND,1384,19.162,46.778,100.000,1399808,
5.549725,SEND,1385,19.162,46.778,100.000,1399808,
5.565679,ACK,1346,19.214,46.778,100.000,1400832,base=1356
5.565767,ACK,1372,19.266,47.076,100.000,1401856,base=1356
5.565824,ACK,1373,19.318,47.060,100.000,1402880,base=1356
5.565967,ACK,1374,19.370,47.035,100.000,1403904,base=1356
5.566321,RETX,1356,19.370,47.035,100.000,1403904,retx#1
5.566430,ACK,1375,19.421,46.133,100.000,1404928,base=1356
5.568402,SEND,1386,19.421,46.133,100.000,1404928,
5.568641,SEND,1387,19.421,46.133,100.000,1404928,
5.568869,SEND,1388,19.421,46.133,100.000,1404928,
5.569098,SEND,1389,19.421,46.133,100.000,1404928,
5.569327,SEND,1390,19.421,46.133,100.000,1404928,
5.574463,STATS,-1,19.421,46.133,100.000,1404928,base=1356 next=1391 inflight=19
5.589079,TIMEOUT,1361,19.421,46.133,200.000,1404928,
5.589932,RETX,1361,19.421,46.133,200.000,1404928,retx#1
5.590088,ACK,1362,19.473,46.133,200.000,1405952,base=1356
5.590150,ACK,1376,19.524,46.577,100.000,1406976,base=1356
5.592763,SEND,1391,19.524,46.577,100.000,1406976,
5.593047,SEND,1392,19.524,46.577,100.000,1406976,
5.593242,ACK,1377,19.576,47.305,100.000,1408000,base=1356
5.593942,ACK,1378,19.627,47.729,100.000,1409024,base=1356
5.594004,ACK,1380,19.678,48.054,100.000,1410048,base=1356
5.594049,ACK,1381,19.728,48.317,100.000,1411072,base=1356
5.594084,ACK,1382,19.779,48.526,100.000,1412096,base=1356
5.594119,ACK,1383,19.830,48.063,100.000,1413120,base=1356
5.594160,ACK,1384,19.880,47.635,100.000,1414144,base=1356
5.594195,ACK,1385,19.930,47.239,100.000,1415168,base=1356
5.594765,SEND,1393,19.930,47.239,100.000,1415168,
5.594979,SEND,1394,19.930,47.239,100.000,1415168,
5.595198,SEND,1395,19.930,47.239,100.000,1415168,
5.595372,SEND,1396,19.930,47.239,100.000,1415168,
5.595553,SEND,1397,19.930,47.239,100.000,1415168,
5.595731,SEND,1398,19.930,47.239,100.000,1415168,
5.595904,SEND,1399,19.930,47.239,100.000,1415168,
5.596117,SEND,1400,19.930,47.239,100.000,1415168,
5.601533,TIMEOUT,1370,19.930,47.239,200.000,1415168,
5.602055,RETX,1370,19.930,47.239,200.000,1415168,retx#1
5.609001,ACK,1356,19.981,47.239,200.000,1416192,base=1361
5.609063,ACK,1386,20.031,46.415,100.000,1417216,base=1361
5.609107,ACK,1387,20.081,45.671,100.000,1418240,base=1361
5.610872,SEND,1401,20.081,45.671,100.000,1418240,
5.611072,SEND,1402,20.081,45.671,100.000,1418240,
5.611303,SEND,1403,20.081,45.671,100.000,1418240,
5.611486,SEND,1404,20.081,45.671,100.000,1418240,
5.614035,ACK,1388,20.130,45.605,100.000,1419264,base=1361
5.614269,RETX,1361,20.130,45.605,100.000,1419264,retx#2
5.614352,ACK,1389,20.180,45.560,100.000,1420288,base=1361
5.614413,ACK,1390,20.230,45.500,100.000,1421312,base=1361
5.615269,SEND,1405,20.230,45.500,100.000,1421312,
5.615476,SEND,1406,20.230,45.500,100.000,1421312,
5.615647,SEND,1407,20.230,45.500,100.000,1421312,
5.628672,ACK,1361,20.279,45.500,100.000,1422336,base=1370
5.629589,SEND,1408,20.279,45.500,100.000,1422336,
5.634662,ACK,1391,20.328,45.047,100.000,1423360,base=1370
5.636650,SEND,1409,20.328,45.047,100.000,1423360,
5.640259,ACK,1393,20.377,45.101,100.000,1424384,base=1370
5.640502,SEND,1410,20.377,45.101,100.000,1424384,
5.641926,ACK,1394,20.427,45.329,100.000,1425408,base=1370
5.642160,RETX,1370,20.427,45.329,100.000,1425408,retx#2
5.642362,SEND,1411,20.427,45.329,100.000,1425408,
5.642500,ACK,1395,20.476,45.574,100.000,1426432,base=1370
5.642546,ACK,1397,20.524,45.750,100.000,1427456,base=1370
5.644423,SEND,1412,20.524,45.750,100.000,1427456,
5.644809,SEND,1413,20.524,45.750,100.000,1427456,
5.644851,TIMEOUT,1379,20.524,45.750,200.000,1427456,
5.645228,RETX,1379,20.524,45.750,200.000,1427456,retx#1
5.645408,ACK,1398,20.573,46.239,100.000,1428480,base=1370
5.645486,ACK,1399,20.622,46.656,100.000,1429504,base=1370
5.648137,SEND,1414,20.622,46.656,100.000,1429504,
5.648329,SEND,1415,20.622,46.656,100.000,1429504,
5.649124,ACK,1400,20.670,47.447,100.000,1430528,base=1370
5.649193,ACK,1370,20.719,47.447,100.000,1431552,base=1379
5.650234,SEND,1416,20.719,47.447,100.000,1431552,
5.650587,SEND,1417,20.719,47.447,100.000,1431552,
5.651963,ACK,1401,20.767,46.650,100.000,1432576,base=1379
5.652787,SEND,1418,20.767,46.650,100.000,1432576,
5.653283,ACK,1402,20.815,46.093,100.000,1433600,base=1379
5.653341,ACK,1403,20.863,45.585,100.000,1434624,base=1379
5.653587,RETX,1379,18.545,45.585,100.000,1434624,retx#2
5.656540,ACK,1404,18.599,45.517,100.000,1435648,base=1379
5.658237,SEND,1419,18.599,45.517,100.000,1435648,
5.662425,DUPACK,1361,18.599,,,1435648,
5.662525,ACK,1405,18.653,45.732,100.000,1436672,base=1379
5.662567,ACK,1406,18.706,45.901,100.000,1437696,base=1379
5.662603,ACK,1407,18.760,46.033,100.000,1438720,base=1379
5.663897,SEND,1420,18.760,46.033,100.000,1438720,
5.664164,SEND,1421,18.760,46.033,100.000,1438720,
5.664350,SEND,1422,18.760,46.033,100.000,1438720,
5.673831,ACK,1408,18.813,45.808,100.000,1439744,base=1379
5.675739,SEND,1423,18.813,45.808,100.000,1439744,
5.675761,STATS,-1,18.813,45.808,100.000,1439744,base=1379 next=1424 inflight=18
5.678832,ACK,1409,18.866,45.354,100.000,1440768,base=1379
5.679243,SEND,1424,18.866,45.354,100.000,1440768,
5.686572,ACK,1410,18.919,45.443,100.000,1441792,base=1379
5.686736,DUPACK,1370,18.919,,,1441792,
5.688197,SEND,1425,18.919,45.443,100.000,1441792,
5.693478,TIMEOUT,1392,18.919,45.443,200.000,1441792,
5.693639,RETX,1392,18.919,45.443,200.000,1441792,retx#1
5.694497,ACK,1412,18.972,46.022,100.000,1442816,base=1379
5.694526,ACK,1413,19.025,46.484,100.000,1443840,base=1379
5.694553,ACK,1379,19.077,46.484,100.000,1444864,base=1392
5.696313,SEND,1426,19.077,46.484,100.000,1444864,
5.696462,SEND,1427,19.077,46.484,100.000,1444864,
5.696609,SEND,1428,19.077,46.484,100.000,1444864,
5.696755,SEND,1429,19.077,46.484,100.000,1444864,
5.696764,TIMEOUT,1396,19.077,46.484,200.000,1444864,
5.696911,RETX,1396,19.077,46.484,200.000,1444864,retx#1
5.697834,ACK,1415,19.130,46.861,100.000,1445888,base=1392
5.697860,ACK,1417,19.182,46.914,100.000,1446912,base=1392
5.697883,ACK,1418,19.234,46.687,100.000,1447936,base=1392
5.698033,RETX,1392,19.234,46.687,100.000,1447936,retx#2
5.698052,DUPACK,1379,19.234,,,1447936,
5.698074,ACK,1419,19.286,45.831,100.000,1448960,base=1392
5.699585,SEND,1430,19.286,45.831,100.000,1448960,
5.699733,SEND,1431,19.286,45.831,100.000,1448960,
5.699879,SEND,1432,19.286,45.831,100.000,1448960,
5.700025,SEND,1433,19.286,45.831,100.000,1448960,
5.701001,ACK,1420,19.338,44.740,100.000,1449984,base=1392
5.701877,SEND,1434,19.338,44.740,100.000,1449984,
5.712415,ACK,1421,19.390,45.178,100.000,1451008,base=1392
5.712448,ACK,1422,19.441,45.543,100.000,1452032,base=1392
5.712475,ACK,1423,19.493,44.442,100.000,1453056,base=1392
5.713725,SEND,1435,19.493,44.442,100.000,1453056,
5.713907,SEND,1436,19.493,44.442,100.000,1453056,
5.714085,SEND,1437,19.493,44.442,100.000,1453056,
5.723413,ACK,1424,19.544,44.407,100.000,1454080,base=1392
5.724267,SEND,1438,19.544,44.407,100.000,1454080,
5.729115,ACK,1425,19.595,43.970,100.000,1455104,base=1392
5.730803,SEND,1439,19.595,43.970,100.000,1455104,
5.735745,ACK,1392,19.646,43.970,100.000,1456128,base=1396
5.735923,SEND,1440,19.646,43.970,100.000,1456128,
5.740651,ACK,1426,19.697,44.015,100.000,1457152,base=1396
5.741056,SEND,1441,19.697,44.015,100.000,1457152,
5.742730,TIMEOUT,1411,19.697,44.015,200.000,1457152,
5.742867,RETX,1411,19.697,44.015,200.000,1457152,retx#1
5.747570,ACK,1427,19.748,44.901,100.000,1458176,base=1396
5.747593,ACK,1428,19.798,45.661,100.000,1459200,base=1396
5.747732,RETX,1396,19.798,45.661,100.000,1459200,retx#2
5.747775,ACK,1429,19.849,46.331,100.000,1460224,base=1396
5.747799,ACK,1430,19.899,46.566,100.000,1461248,base=1396
5.747818,ACK,1431,19.950,46.755,100.000,1462272,base=1396
5.747836,ACK,1432,20.000,46.905,100.000,1463296,base=1396
5.747855,ACK,1433,20.050,47.021,100.000,1464320,base=1396
5.747873,ACK,1434,20.100,46.892,100.000,1465344,base=1396
5.750096,SEND,1442,20.100,46.892,100.000,1465344,
5.750226,SEND,1443,20.100,46.892,100.000,1465344,
5.750352,SEND,1444,20.100,46.892,100.000,1465344,
5.750477,SEND,1445,20.100,46.892,100.000,1465344,
5.750600,SEND,1446,20.100,46.892,100.000,1465344,
5.750724,SEND,1447,20.100,46.892,100.000,1465344,
5.750849,SEND,1448,20.100,46.892,100.000,1465344,
5.750974,SEND,1449,20.100,46.892,100.000,1465344,
5.751099,SEND,1450,20.100,46.892,100.000,1465344,
5.751107,TIMEOUT,1414,20.100,46.892,200.000,1465344,
5.751233,RETX,1414,20.100,46.892,200.000,1465344,retx#1
5.762423,ACK,1435,20.149,47.117,100.000,1466368,base=1396
5.762902,ACK,1436,20.199,47.351,100.000,1467392,base=1396
5.763988,SEND,1451,20.199,47.351,100.000,1467392,
5.764137,SEND,1452,20.199,47.351,100.000,1467392,
5.764146,TIMEOUT,1416,20.199,47.351,200.000,1467392,
5.764297,RETX,1416,20.199,47.351,200.000,1467392,retx#1
5.766936,ACK,1437,20.248,48.038,100.000,1468416,base=1396
5.769497,SEND,1453,20.248,48.038,100.000,1468416,
5.775204,ACK,1438,20.298,48.400,100.000,1469440,base=1396
5.775231,ACK,1439,20.347,47.903,100.000,1470464,base=1396
5.775254,ACK,1440,20.396,46.831,100.000,1471488,base=1396
5.776000,SEND,1454,20.396,46.831,100.000,1471488,
5.776150,SEND,1455,20.396,46.831,100.000,1471488,
5.776297,SEND,1456,20.396,46.831,100.000,1471488,
5.776310,STATS,-1,20.396,46.831,100.000,1471488,base=1396 next=1457 inflight=20
5.784368,ACK,1441,20.445,46.390,100.000,1472512,base=1396
5.784684,ACK,1411,20.494,46.390,100.000,1473536,base=1396
5.784719,ACK,1396,20.543,46.390,100.000,1474560,base=1414
5.785929,SEND,1457,20.543,46.390,100.000,1474560,
5.786113,SEND,1458,20.543,46.390,100.000,1474560,
5.786289,SEND,1459,20.543,46.390,100.000,1474560,
5.796704,ACK,1442,20.592,46.416,100.000,1475584,base=1414
5.796744,ACK,1443,20.640,46.428,100.000,1476608,base=1414
5.796774,ACK,1444,20.689,46.427,100.000,1477632,base=1414
5.796975,RETX,1414,20.689,46.427,100.000,1477632,retx#2
5.797049,ACK,1445,20.737,46.444,100.000,1478656,base=1414
5.797388,NAK,1446,20.737,,,1478656,
5.797586,RETX,1446,20.737,46.444,100.000,1478656,retx#1
5.797831,SEND,1460,20.737,46.444,100.000,1478656,
5.798039,SEND,1461,20.737,46.444,100.000,1478656,
5.798220,SEND,1462,20.737,46.444,100.000,1478656,
5.798402,SEND,1463,20.737,46.444,100.000,1478656,
5.802780,ACK,1448,20.785,47.129,100.000,1479680,base=1414
5.802819,ACK,1449,20.833,47.718,100.000,1480704,base=1414
5.802847,ACK,1450,20.881,48.221,100.000,1481728,base=1414
5.802876,ACK,1414,20.929,48.221,100.000,1482752,base=1416
5.802903,ACK,1451,20.977,47.057,100.000,1483776,base=1416
5.802928,ACK,1452,21.025,46.024,100.000,1484800,base=1416
5.803267,SEND,1464,21.025,46.024,100.000,1484800,
5.803447,SEND,1465,21.025,46.024,100.000,1484800,
5.803626,SEND,1466,21.025,46.024,100.000,1484800,
5.803805,SEND,1467,21.025,46.024,100.000,1484800,
5.803982,SEND,1468,21.025,46.024,100.000,1484800,
5.804160,SEND,1469,21.025,46.024,100.000,1484800,
5.804338,SEND,1470,21.025,46.024,100.000,1484800,
5.812997,ACK,1416,21.072,46.024,100.000,1485824,base=1446
5.813047,ACK,1453,21.120,45.713,100.000,1486848,base=1446
5.813609,SEND,1471,21.120,45.713,100.000,1486848,
5.813792,SEND,1472,21.120,45.713,100.000,1486848,
5.827499,ACK,1454,21.167,46.436,100.000,1487872,base=1446
5.827531,ACK,1455,21.214,47.053,100.000,1488896,base=1446
5.827698,RETX,1446,18.857,47.053,100.000,1488896,retx#2
5.827757,ACK,1456,18.910,47.603,100.000,1489920,base=1446
5.827789,ACK,1457,18.963,46.885,100.000,1490944,base=1446
5.827812,ACK,1458,19.016,46.236,100.000,1491968,base=1446
5.829023,SEND,1473,19.016,46.236,100.000,1491968,
5.829172,SEND,1474,19.016,46.236,100.000,1491968,
5.829317,SEND,1475,19.016,46.236,100.000,1491968,
5.846641,DUPACK,1414,19.016,,,1491968,
5.846676,ACK,1446,19.068,46.236,100.000,1492992,base=1447
5.846703,ACK,1460,19.121,46.565,100.000,1494016,base=1447
5.846724,NAK,1459,19.121,,,1494016,
5.846884,RETX,1459,19.121,46.565,100.000,1494016,retx#1
5.846922,ACK,1463,19.173,46.809,100.000,1495040,base=1447
5.846941,NAK,1461,19.173,,,1495040,
5.847094,RETX,1461,19.173,46.809,100.000,1495040,retx#1
5.847126,NAK,1462,19.173,,,1495040,
5.847279,RETX,1462,19.173,46.809,100.000,1495040,retx#1
5.847322,ACK,1464,19.225,46.465,100.000,1496064,base=1447
5.847509,RETX,1447,19.225,46.465,100.000,1496064,retx#1
5.847548,ACK,1465,19.277,46.169,100.000,1497088,base=1447
5.847575,ACK,1466,19.329,45.891,100.000,1498112,base=1447
5.847801,SEND,1476,19.329,45.891,100.000,1498112,
5.847990,SEND,1477,19.329,45.891,100.000,1498112,
5.848172,SEND,1478,19.329,45.891,100.000,1498112,
5.848351,SEND,1479,19.329,45.891,100.000,1498112,
5.848533,SEND,1480,19.329,45.891,100.000,1498112,
5.848711,SEND,1481,19.329,45.891,100.000,1498112,
5.853706,ACK,1467,19.381,46.391,100.000,1499136,base=1447
5.853739,ACK,1468,19.433,46.811,100.000,1500160,base=1447
5.853994,ACK,1469,19.484,47.189,100.000,1501184,base=1447
5.854443,ACK,1470,19.535,47.553,100.000,1502208,base=1447
5.855414,SEND,1482,19.535,47.553,100.000,1502208,
5.855596,SEND,1483,19.535,47.553,100.000,1502208,
5.855774,SEND,1484,19.535,47.553,100.000,1502208,
5.855951,SEND,1485,19.535,47.553,100.000,1502208,
5.856478,ACK,1471,19.587,46.967,100.000,1503232,base=1447
5.856511,ACK,1472,19.638,46.435,100.000,1504256,base=1447
5.857809,SEND,1486,19.638,46.435,100.000,1504256,
5.857988,SEND,1487,19.638,46.435,100.000,1504256,
5.875187,DUPACK,1446,19.638,,,1504256,
5.875222,ACK,1473,19.688,46.405,100.000,1505280,base=1447
5.875251,ACK,1474,19.739,46.364,100.000,1506304,base=1447
5.875277,ACK,1475,19.790,46.313,100.000,1507328,base=1447
5.876519,SEND,1488,19.790,46.313,100.000,1507328,
5.876701,SEND,1489,19.790,46.313,100.000,1507328,
5.876879,SEND,1490,19.790,46.313,100.000,1507328,
5.876895,STATS,-1,19.790,46.313,100.000,1507328,base=1447 next=1491 inflight=19
5.885963,ACK,1459,19.840,46.313,100.000,1508352,base=1447
5.887137,SEND,1491,19.840,46.313,100.000,1508352,
5.895408,NAK,1462,19.840,,,1508352,
5.895682,RETX,1462,19.840,46.313,100.000,1508352,retx#2
5.895826,ACK,1462,19.891,46.313,100.000,1509376,base=1447
5.895879,ACK,1447,19.941,46.313,100.000,1510400,base=1461
5.897302,ACK,1476,19.991,46.709,100.000,1511424,base=1461
5.897357,ACK,1477,20.041,47.041,100.000,1512448,base=1461
5.897393,ACK,1478,20.091,47.312,100.000,1513472,base=1461
5.897614,RETX,1461,20.091,47.312,100.000,1513472,retx#2
5.897689,ACK,1479,20.141,47.565,100.000,1514496,base=1461
5.897782,ACK,1480,20.191,47.774,100.000,1515520,base=1461
5.898033,SEND,1492,20.191,47.774,100.000,1515520,
5.898244,SEND,1493,20.191,47.774,100.000,1515520,
5.898420,SEND,1494,20.191,47.774,100.000,1515520,
5.898591,SEND,1495,20.191,47.774,100.000,1515520,
5.898763,SEND,1496,20.191,47.774,100.000,1515520,
5.898932,SEND,1497,20.191,47.774,100.000,1515520,
5.899104,SEND,1498,20.191,47.774,100.000,1515520,
5.899277,SEND,1499,20.191,47.774,100.000,1515520,
5.899420,ACK,1481,20.240,48.139,100.000,1516544,base=1461
5.901124,SEND,1500,20.240,48.139,100.000,1516544,
5.901254,ACK,1482,20.290,47.849,100.000,1517568,base=1461
5.901333,ACK,1483,20.339,47.584,100.000,1518592,base=1461
5.901371,ACK,1484,20.388,47.335,100.000,1519616,base=1461
5.903031,SEND,1501,20.388,47.335,100.000,1519616,
5.903483,SEND,1502,20.388,47.335,100.000,1519616,
5.903784,SEND,1503,20.388,47.335,100.000,1519616,
5.905685,ACK,1485,20.437,47.631,100.000,1520640,base=1461
5.906245,SEND,1504,20.437,47.631,100.000,1520640,
5.906437,ACK,1486,20.486,47.754,100.000,1521664,base=1461
5.906516,ACK,1487,20.535,47.850,100.000,1522688,base=1461
5.908127,SEND,1505,20.535,47.850,100.000,1522688,
5.908363,SEND,1506,20.535,47.850,100.000,1522688,
5.922075,ACK,1489,20.584,47.536,100.000,1523712,base=1461
5.922421,ACK,1490,20.632,47.285,100.000,1524736,base=1461
5.923228,SEND,1507,20.632,47.285,100.000,1524736,
5.923709,SEND,1508,20.632,47.285,100.000,1524736,
5.931988,DUPACK,1462,20.632,,,1524736,
5.932033,ACK,1461,20.681,47.285,100.000,1525760,base=1488
5.933046,SEND,1509,20.681,47.285,100.000,1525760,
5.934111,ACK,1492,20.729,45.883,100.000,1526784,base=1488
5.934140,NAK,1491,20.729,,,1526784,
5.934334,RETX,1491,18.426,45.883,100.000,1526784,retx#1
5.934383,ACK,1493,18.480,44.665,100.000,1527808,base=1488
5.943593,ACK,1494,18.534,44.727,100.000,1528832,base=1488
5.943833,RETX,1488,18.534,44.727,100.000,1528832,retx#1
5.943911,ACK,1495,18.588,44.801,100.000,1529856,base=1488
5.945425,SEND,1510,18.588,44.801,100.000,1529856,
5.945671,SEND,1511,18.588,44.801,100.000,1529856,
5.952115,ACK,1496,18.642,45.862,100.000,1530880,base=1488
5.952482,ACK,1497,18.695,46.784,100.000,1531904,base=1488
5.952570,ACK,1498,18.749,47.618,100.000,1532928,base=1488
5.952611,ACK,1499,18.802,48.332,100.000,1533952,base=1488
5.952693,ACK,1500,18.855,48.736,100.000,1534976,base=1488
5.952735,ACK,1501,18.909,48.857,100.000,1536000,base=1488
5.952782,ACK,1502,18.961,48.912,100.000,1537024,base=1488
5.952867,ACK,1503,19.014,48.930,100.000,1538048,base=1488
5.953105,SEND,1512,19.014,48.930,100.000,1538048,
5.953432,SEND,1513,19.014,48.930,100.000,1538048,
5.953775,SEND,1514,19.014,48.930,100.000,1538048,
5.954007,SEND,1515,19.014,48.930,100.000,1538048,
5.954233,SEND,1516,19.014,48.930,100.000,1538048,
5.954459,SEND,1517,19.014,48.930,100.000,1538048,
5.954684,SEND,1518,19.014,48.930,100.000,1538048,
5.954911,SEND,1519,19.014,48.930,100.000,1538048,
5.955140,SEND,1520,19.014,48.930,100.000,1538048,
5.955185,ACK,1504,19.067,48.930,100.000,1539072,base=1488
5.955239,ACK,1505,19.119,48.703,100.000,1540096,base=1488
5.955279,ACK,1506,19.171,48.479,100.000,1541120,base=1488
5.957006,SEND,1521,19.171,48.479,100.000,1541120,
5.957187,SEND,1522,19.171,48.479,100.000,1541120,
5.957364,SEND,1523,19.171,48.479,100.000,1541120,
5.970279,ACK,1508,19.224,48.249,100.000,1542144,base=1488
5.970316,NAK,1507,19.224,,,1542144,
5.970564,RETX,1507,19.224,48.249,100.000,1542144,retx#1
5.970623,ACK,1509,19.276,46.914,100.000,1543168,base=1488
5.970948,SEND,1524,19.276,46.914,100.000,1543168,
5.971179,SEND,1525,19.276,46.914,100.000,1543168,
5.978196,STATS,-1,19.276,46.914,100.000,1543168,base=1488 next=1526 inflight=19
5.981514,ACK,1491,19.328,46.914,100.000,1544192,base=1488
5.982022,ACK,1488,19.379,46.914,100.000,1545216,base=1507
5.983195,SEND,1526,19.379,46.914,100.000,1545216,
5.983416,SEND,1527,19.379,46.914,100.000,1545216,
5.988542,ACK,1510,19.431,46.436,100.000,1546240,base=1507
5.989016,SEND,1528,19.431,46.436,100.000,1546240,
5.989201,ACK,1511,19.482,46.072,100.000,1547264,base=1507
5.989239,ACK,1512,19.534,44.829,100.000,1548288,base=1507
5.989479,RETX,1507,19.534,44.829,100.000,1548288,retx#2
5.989537,ACK,1513,19.585,43.738,100.000,1549312,base=1507
5.990942,SEND,1529,19.585,43.738,100.000,1549312,
5.991172,SEND,1530,19.585,43.738,100.000,1549312,
5.991399,SEND,1531,19.585,43.738,100.000,1549312,
6.001763,ACK,1514,19.636,44.262,100.000,1550336,base=1507
6.002082,SEND,1532,19.636,44.262,100.000,1550336,
6.002256,ACK,1515,19.687,44.759,100.000,1551360,base=1507
6.002378,ACK,1516,19.738,45.181,100.000,1552384,base=1507
6.002453,ACK,1517,19.788,45.532,100.000,1553408,base=1507
6.002498,ACK,1518,19.839,45.816,100.000,1554432,base=1507
6.002542,ACK,1519,19.889,46.042,100.000,1555456,base=1507
6.002582,ACK,1520,19.940,46.216,100.000,1556480,base=1507
6.002623,ACK,1521,19.990,46.141,100.000,1557504,base=1507
6.002842,ACK,1522,20.040,46.078,100.000,1558528,base=1507
6.004929,SEND,1533,20.040,46.078,100.000,1558528,
6.005164,SEND,1534,20.040,46.078,100.000,1558528,
6.005373,SEND,1535,20.040,46.078,100.000,1558528,
6.005706,SEND,1536,20.040,46.078,100.000,1558528,
6.006014,SEND,1537,20.040,46.078,100.000,1558528,
6.006225,SEND,1538,20.040,46.078,100.000,1558528,
6.006521,SEND,1539,20.040,46.078,100.000,1558528,
6.006755,SEND,1540,20.040,46.078,100.000,1558528,
6.006984,SEND,1541,20.040,46.078,100.000,1558528,
6.007085,ACK,1523,20.090,46.532,100.000,1559552,base=1507
6.008837,SEND,1542,20.090,46.532,100.000,1559552,
6.011949,ACK,1507,20.139,46.532,100.000,1560576,base=1524
6.012423,SEND,1543,20.139,46.532,100.000,1560576,
6.017784,ACK,1524,20.189,46.568,100.000,1561600,base=1525
6.019035,SEND,1544,20.189,46.568,100.000,1561600,
6.020296,ACK,1525,20.239,46.884,100.000,1562624,base=1526
6.020880,SEND,1545,20.239,46.884,100.000,1562624,
6.026884,ACK,1526,20.288,46.481,100.000,1563648,base=1527
6.026959,ACK,1527,20.337,46.113,100.000,1564672,base=1528
6.027678,SEND,1546,20.337,46.113,100.000,1564672,
6.027946,SEND,1547,20.337,46.113,100.000,1564672,
6.028748,ACK,1528,20.386,45.313,100.000,1565696,base=1529
6.029150,ACK,1529,20.436,44.423,100.000,1566720,base=1530
6.029792,SEND,1548,20.436,44.423,100.000,1566720,
6.030025,SEND,1549,20.436,44.423,100.000,1566720,
6.034318,ACK,1530,20.484,44.262,100.000,1567744,base=1531
6.034360,ACK,1531,20.533,44.099,100.000,1568768,base=1532
6.034826,SEND,1550,20.533,44.099,100.000,1568768,
6.035057,SEND,1551,20.533,44.099,100.000,1568768,
6.052967,ACK,1532,20.582,44.944,100.000,1569792,base=1533
6.053048,ACK,1533,20.631,45.341,100.000,1570816,base=1534
6.053094,ACK,1534,20.679,45.663,100.000,1571840,base=1535
6.053134,ACK,1535,20.727,45.925,100.000,1572864,base=1536
6.053177,ACK,1536,20.776,46.118,100.000,1573888,base=1537
6.053219,ACK,1537,20.824,46.253,100.000,1574912,base=1538
6.053259,ACK,1538,20.872,46.350,100.000,1575936,base=1539
6.053434,ACK,1539,20.920,46.419,100.000,1576960,base=1540
6.055122,SEND,1552,20.920,46.419,100.000,1576960,
6.055475,SEND,1553,20.920,46.419,100.000,1576960,
6.055709,SEND,1554,20.920,46.419,100.000,1576960,
6.055934,SEND,1555,20.920,46.419,100.000,1576960,
6.056160,SEND,1556,20.920,46.419,100.000,1576960,
6.056386,SEND,1557,20.920,46.419,100.000,1576960,
6.056612,SEND,1558,20.920,46.419,100.000,1576960,
6.056837,SEND,1559,20.920,46.419,100.000,1576960,
6.056918,ACK,1540,20.967,46.885,100.000,1577984,base=1541
6.056959,ACK,1541,21.015,47.271,100.000,1579008,base=1542
6.056994,ACK,1542,21.063,47.381,100.000,1580032,base=1543
6.057760,ACK,1543,21.110,47.125,100.000,1581056,base=1544
6.058669,SEND,1560,21.110,47.125,100.000,1581056,
6.058897,SEND,1561,21.110,47.125,100.000,1581056,
6.059123,SEND,1562,21.110,47.125,100.000,1581056,
6.059460,SEND,1563,21.110,47.125,100.000,1581056,
6.059664,SEND,1564,21.110,47.125,100.000,1581056,
6.061516,ACK,1544,21.158,46.543,100.000,1582080,base=1545
6.063065,SEND,1565,21.158,46.543,100.000,1582080,
6.066480,ACK,1545,21.205,46.422,100.000,1583104,base=1546
6.068342,SEND,1566,21.205,46.422,100.000,1583104,
6.071622,ACK,1546,21.252,46.109,100.000,1584128,base=1547
6.071685,ACK,1547,21.299,45.812,100.000,1585152,base=1548
6.073374,SEND,1567,21.299,45.812,100.000,1585152,
6.073606,SEND,1568,21.299,45.812,100.000,1585152,
6.076369,ACK,1548,21.346,45.903,100.000,1586176,base=1549
6.076443,ACK,1549,21.393,45.967,100.000,1587200,base=1550
6.076487,ACK,1550,21.440,45.428,100.000,1588224,base=1551
6.076537,ACK,1551,21.486,44.934,100.000,1589248,base=1552
6.076845,SEND,1569,21.486,44.934,100.000,1589248,
6.077061,SEND,1570,21.486,44.934,100.000,1589248,
6.077307,SEND,1571,21.486,44.934,100.000,1589248,
6.077535,SEND,1572,21.486,44.934,100.000,1589248,
6.079113,STATS,-1,21.486,44.934,100.000,1589248,base=1552 next=1573 inflight=21
6.098317,ACK,1552,21.533,44.712,100.000,1590272,base=1553
6.098935,SEND,1573,21.533,44.712,100.000,1590272,
6.104599,ACK,1554,21.579,45.231,100.000,1591296,base=1553
6.104682,NAK,1553,21.579,,,1591296,
6.104952,RETX,1553,19.182,45.231,100.000,1591296,retx#1
6.105048,ACK,1555,19.234,45.715,100.000,1592320,base=1553
6.105096,ACK,1556,19.286,46.117,100.000,1593344,base=1553
6.105507,RETX,1553,19.286,46.117,100.000,1593344,retx#2
6.105871,SEND,1574,19.286,46.117,100.000,1593344,
6.105990,ACK,1557,19.338,46.551,100.000,1594368,base=1553
6.106045,ACK,1558,19.389,46.911,100.000,1595392,base=1553
6.106093,ACK,1559,19.441,47.203,100.000,1596416,base=1553
6.106135,ACK,1560,19.492,47.235,100.000,1597440,base=1553
6.108053,SEND,1575,19.492,47.235,100.000,1597440,
6.108408,SEND,1576,19.492,47.235,100.000,1597440,
6.108640,SEND,1577,19.492,47.235,100.000,1597440,
6.108851,SEND,1578,19.492,47.235,100.000,1597440,
6.109009,ACK,1562,19.544,47.564,100.000,1598464,base=1553
6.109707,NAK,1561,19.544,,,1598464,
6.109976,RETX,1561,19.544,47.564,100.000,1598464,retx#1
6.110073,ACK,1563,19.595,47.944,100.000,1599488,base=1553
6.110141,ACK,1564,19.646,48.260,100.000,1600512,base=1553
6.110188,ACK,1565,19.697,48.118,100.000,1601536,base=1553
6.110783,SEND,1579,19.697,48.118,100.000,1601536,
6.111000,SEND,1580,19.697,48.118,100.000,1601536,
6.111209,SEND,1581,19.697,48.118,100.000,1601536,
6.111417,SEND,1582,19.697,48.118,100.000,1601536,
6.112828,ACK,1566,19.747,47.661,100.000,1602560,base=1553
6.113439,SEND,1583,19.747,47.661,100.000,1602560,
6.120913,ACK,1567,19.798,47.643,100.000,1603584,base=1553
6.120989,ACK,1568,19.849,47.610,100.000,1604608,base=1553
6.122478,SEND,1584,19.849,47.610,100.000,1604608,
6.122772,SEND,1585,19.849,47.610,100.000,1604608,
6.126497,ACK,1569,19.899,47.861,100.000,1605632,base=1553
6.127351,ACK,1570,19.949,48.160,100.000,1606656,base=1553
6.127899,SEND,1586,19.949,48.160,100.000,1606656,
6.128210,SEND,1587,19.949,48.160,100.000,1606656,
6.128341,ACK,1571,19.999,48.518,100.000,1607680,base=1553
6.128400,ACK,1572,20.049,48.811,100.000,1608704,base=1553
6.130170,SEND,1588,20.049,48.811,100.000,1608704,
6.130395,SEND,1589,20.049,48.811,100.000,1608704,
6.130602,SEND,1590,20.049,48.811,100.000,1608704,
6.139196,ACK,1573,20.099,47.741,100.000,1609728,base=1553
6.140084,SEND,1591,20.099,47.741,100.000,1609728,
6.148233,ACK,1553,20.149,47.741,100.000,1610752,base=1561
6.148501,SEND,1592,20.149,47.741,100.000,1610752,
6.150706,DUPACK,1553,20.149,,,1610752,
6.155088,ACK,1574,20.199,47.923,100.000,1611776,base=1561
6.155787,SEND,1593,20.199,47.923,100.000,1611776,
6.156581,ACK,1575,20.248,47.997,100.000,1612800,base=1561
6.156647,ACK,1576,20.298,48.026,100.000,1613824,base=1561
6.156890,RETX,1561,20.298,48.026,100.000,1613824,retx#2
6.156961,ACK,1577,20.347,48.062,100.000,1614848,base=1561
6.157008,ACK,1578,20.396,48.073,100.000,1615872,base=1561
6.157177,ACK,1561,20.445,48.073,100.000,1616896,base=1579
6.157709,SEND,1594,20.445,48.073,100.000,1616896,
6.157946,SEND,1595,20.445,48.073,100.000,1616896,
6.158175,SEND,1596,20.445,48.073,100.000,1616896,
6.158408,SEND,1597,20.445,48.073,100.000,1616896,
6.158637,SEND,1598,20.445,48.073,100.000,1616896,
6.158735,ACK,1579,20.494,48.057,100.000,1617920,base=1580
6.158781,ACK,1580,20.543,48.022,100.000,1618944,base=1581
6.158816,ACK,1581,20.591,47.970,100.000,1619968,base=1582
6.158849,ACK,1582,20.640,47.902,100.000,1620992,base=1583
6.160223,ACK,1583,20.688,47.760,100.000,1622016,base=1584
6.160487,SEND,1599,20.688,47.760,100.000,1622016,
6.160669,SEND,1600,20.688,47.760,100.000,1622016,
6.160845,SEND,1601,20.688,47.760,100.000,1622016,
6.161022,SEND,1602,20.688,47.760,100.000,1622016,
6.161194,SEND,1603,20.688,47.760,100.000,1622016,
6.161350,ACK,1584,20.737,46.647,100.000,1623040,base=1585
6.163102,SEND,1604,20.737,46.647,100.000,1623040,
6.165467,ACK,1585,20.785,46.150,100.000,1624064,base=1586
6.166584,SEND,1605,20.785,46.150,100.000,1624064,
6.172063,ACK,1586,20.833,45.898,100.000,1625088,base=1587
6.172172,ACK,1587,20.881,45.655,100.000,1626112,base=1588
6.172223,ACK,1588,20.929,45.204,100.000,1627136,base=1589
6.173401,SEND,1606,20.929,45.204,100.000,1627136,
6.173673,SEND,1607,20.929,45.204,100.000,1627136,
6.173895,SEND,1608,20.929,45.204,100.000,1627136,
6.178250,ACK,1589,20.977,45.532,100.000,1628160,base=1590
6.178325,ACK,1590,21.024,45.805,100.000,1629184,base=1591
6.178371,ACK,1591,21.072,44.865,100.000,1630208,base=1592
6.178859,SEND,1609,21.072,44.865,100.000,1630208,
6.179083,SEND,1610,21.072,44.865,100.000,1630208,
6.179293,SEND,1611,21.072,44.865,100.000,1630208,
6.179617,SEND,1612,21.072,44.865,100.000,1630208,
6.179649,STATS,-1,21.072,44.865,100.000,1630208,base=1592 next=1613 inflight=21
6.185596,ACK,1592,21.119,43.885,100.000,1631232,base=1593
6.186539,SEND,1613,21.119,43.885,100.000,1631232,
6.196784,ACK,1593,21.167,43.515,100.000,1632256,base=1594
6.197588,SEND,1614,21.167,43.515,100.000,1632256,
6.206164,DUPACK,1561,21.167,,,1632256,
6.206265,ACK,1594,21.214,44.142,100.000,1633280,base=1595
6.207231,SEND,1615,21.214,44.142,100.000,1633280,
6.208709,ACK,1595,21.261,44.966,100.000,1634304,base=1596
6.209016,SEND,1616,21.261,44.966,100.000,1634304,
6.209118,ACK,1596,21.308,45.712,100.000,1635328,base=1597
6.209203,ACK,1597,21.355,46.346,100.000,1636352,base=1598
6.209263,ACK,1598,21.402,46.880,100.000,1637376,base=1599
6.209309,ACK,1599,21.449,47.122,100.000,1638400,base=1600
6.209352,ACK,1601,21.495,47.294,100.000,1639424,base=1600
6.209393,ACK,1602,21.542,47.428,100.000,1640448,base=1600
6.209433,ACK,1603,21.588,47.529,100.000,1641472,base=1600
6.209675,RETX,1600,19.190,47.529,100.000,1641472,retx#1
6.210870,SEND,1617,19.190,47.529,100.000,1641472,
6.211148,SEND,1618,19.190,47.529,100.000,1641472,
6.211362,SEND,1619,19.190,47.529,100.000,1641472,
6.211571,SEND,1620,19.190,47.529,100.000,1641472,
6.211777,SEND,1621,19.190,47.529,100.000,1641472,
6.214586,ACK,1604,19.242,48.020,100.000,1642496,base=1600
6.214663,ACK,1605,19.294,48.027,100.000,1643520,base=1600
6.215575,SEND,1622,19.294,48.027,100.000,1643520,
6.215759,SEND,1623,19.294,48.027,100.000,1643520,
6.218859,ACK,1607,19.345,47.669,100.000,1644544,base=1600
6.218926,ACK,1608,19.397,47.339,100.000,1645568,base=1600
6.219060,ACK,1609,19.449,46.445,100.000,1646592,base=1600
6.219510,SEND,1624,19.449,46.445,100.000,1646592,
6.219831,SEND,1625,19.449,46.445,100.000,1646592,
6.220013,SEND,1626,19.449,46.445,100.000,1646592,
6.227197,ACK,1610,19.500,46.649,100.000,1647616,base=1600
6.227294,ACK,1611,19.551,46.817,100.000,1648640,base=1600
6.227342,ACK,1612,19.603,46.930,100.000,1649664,base=1600
6.228893,SEND,1627,19.603,46.930,100.000,1649664,
6.229127,SEND,1628,19.603,46.930,100.000,1649664,
6.229345,SEND,1629,19.603,46.930,100.000,1649664,
6.238696,ACK,1613,19.654,47.580,100.000,1650688,base=1600
6.239019,ACK,1614,19.704,46.810,100.000,1651712,base=1600
6.240457,SEND,1630,19.704,46.810,100.000,1651712,
6.240728,SEND,1631,19.704,46.810,100.000,1651712,
6.256832,ACK,1615,19.755,47.156,100.000,1652736,base=1600
6.256919,ACK,1616,19.806,47.249,100.000,1653760,base=1600
6.257914,SEND,1632,19.806,47.249,100.000,1653760,
6.258128,SEND,1633,19.806,47.249,100.000,1653760,
6.259582,ACK,1617,19.856,47.429,100.000,1654784,base=1600
6.259661,ACK,1618,19.907,47.563,100.000,1655808,base=1600
6.260078,SEND,1634,19.907,47.563,100.000,1655808,
6.260297,SEND,1635,19.907,47.563,100.000,1655808,
6.263267,ACK,1619,19.957,48.098,100.000,1656832,base=1600
6.263670,ACK,1620,20.007,48.595,100.000,1657856,base=1600
6.264078,SEND,1636,20.007,48.595,100.000,1657856,
6.264401,SEND,1637,20.007,48.595,100.000,1657856,
6.264638,SEND,1638,20.007,48.595,100.000,1657856,
6.264778,ACK,1621,20.057,49.143,100.000,1658880,base=1600
6.264848,ACK,1622,20.107,49.159,100.000,1659904,base=1600
6.264899,ACK,1623,20.157,49.156,100.000,1660928,base=1600
6.264946,ACK,1625,20.206,48.650,100.000,1661952,base=1600
6.264984,NAK,1624,20.206,,,1661952,
6.265253,RETX,1624,20.206,48.650,100.000,1661952,retx#1
6.266482,SEND,1639,20.206,48.650,100.000,1661952,
6.266677,SEND,1640,20.206,48.650,100.000,1661952,
6.266852,SEND,1641,20.206,48.650,100.000,1661952,
6.267331,SEND,1642,20.206,48.650,100.000,1661952,
6.269334,ACK,1626,20.256,48.731,100.000,1662976,base=1600
6.269396,NAK,1606,20.256,,,1662976,
6.269683,RETX,1606,20.256,48.731,100.000,1662976,retx#1
6.270730,SEND,1643,20.256,48.731,100.000,1662976,
6.273027,ACK,1627,20.305,48.155,100.000,1664000,base=1600
6.274401,SEND,1644,20.305,48.155,100.000,1664000,
6.281199,STATS,-1,20.305,48.155,100.000,1664000,base=1600 next=1645 inflight=20
6.284667,ACK,1628,20.354,49.075,100.000,1665024,base=1600
6.284758,ACK,1629,20.403,49.866,100.000,1666048,base=1600
6.284805,ACK,1630,20.452,49.179,100.000,1667072,base=1600
6.285261,SEND,1645,20.452,49.179,100.000,1667072,
6.286104,SEND,1646,20.452,49.179,100.000,1667072,
6.286445,SEND,1647,20.452,49.179,100.000,1667072,
6.286877,ACK,1631,20.501,48.798,100.000,1668096,base=1600
6.289093,SEND,1648,20.501,48.798,100.000,1668096,
6.297672,ACK,1632,20.550,47.665,100.000,1669120,base=1600
6.299067,SEND,1649,20.550,47.665,100.000,1669120,
6.310388,TIMEOUT,1600,20.550,47.665,200.000,1669120,
6.310717,RETX,1600,20.550,47.665,200.000,1669120,retx#2
6.312297,ACK,1633,20.599,48.476,100.000,1670144,base=1600
6.312348,ACK,1634,20.647,48.950,100.000,1671168,base=1600
6.312385,ACK,1635,20.696,49.342,100.000,1672192,base=1600
6.312489,ACK,1636,20.744,49.225,100.000,1673216,base=1600
6.312535,ACK,1638,20.792,49.058,100.000,1674240,base=1600
6.313507,SEND,1650,20.792,49.058,100.000,1674240,
6.313746,SEND,1651,20.792,49.058,100.000,1674240,
6.313980,SEND,1652,20.792,49.058,100.000,1674240,
6.314208,SEND,1653,20.792,49.058,100.000,1674240,
6.314440,SEND,1654,20.792,49.058,100.000,1674240,
6.314519,ACK,1624,20.840,49.058,100.000,1675264,base=1600
6.314550,ACK,1639,20.888,48.934,100.000,1676288,base=1600
6.314578,ACK,1640,20.936,48.805,100.000,1677312,base=1600
6.314603,ACK,1641,20.984,48.673,100.000,1678336,base=1600
6.316223,SEND,1655,20.984,48.673,100.000,1678336,
6.316407,SEND,1656,20.984,48.673,100.000,1678336,
6.316584,SEND,1657,20.984,48.673,100.000,1678336,
6.316762,SEND,1658,20.984,48.673,100.000,1678336,
6.318156,ACK,1642,21.032,48.941,100.000,1679360,base=1600
6.318192,ACK,1606,21.079,48.941,100.000,1680384,base=1600
6.318220,ACK,1643,21.127,48.759,100.000,1681408,base=1600
6.318532,SEND,1659,21.127,48.759,100.000,1681408,
6.318713,SEND,1660,21.127,48.759,100.000,1681408,
6.318892,SEND,1661,21.127,48.759,100.000,1681408,
6.319069,SEND,1662,21.127,48.759,100.000,1681408,
6.328100,ACK,1645,21.174,48.019,100.000,1682432,base=1600
6.328133,ACK,1646,21.221,47.271,100.000,1683456,base=1600
6.328351,SEND,1663,21.221,47.271,100.000,1683456,
6.328539,SEND,1664,21.221,47.271,100.000,1683456,
6.337409,ACK,1647,21.268,47.732,100.000,1684480,base=1600
6.337443,ACK,1648,21.315,47.810,100.000,1685504,base=1600
6.337803,SEND,1665,21.315,47.810,100.000,1685504,
6.337985,SEND,1666,21.315,47.810,100.000,1685504,
6.343408,ACK,1649,21.362,47.375,100.000,1686528,base=1600
6.344308,SEND,1667,21.362,47.375,100.000,1686528,
6.344849,ACK,1600,21.409,47.375,100.000,1687552,base=1637
6.346081,SEND,1668,21.409,47.375,100.000,1687552,
6.353278,ACK,1650,21.456,46.424,100.000,1688576,base=1637
6.353320,ACK,1651,21.502,45.567,100.000,1689600,base=1637
6.353353,ACK,1652,21.549,44.792,100.000,1690624,base=1637
6.353591,RETX,1637,19.155,44.792,100.000,1690624,retx#1
6.353900,SEND,1669,19.155,44.792,100.000,1690624,
6.357570,ACK,1653,19.207,44.611,100.000,1691648,base=1637
6.359334,SEND,1670,19.207,44.611,100.000,1691648,
6.360688,ACK,1654,19.259,44.813,100.000,1692672,base=1637
6.361271,SEND,1671,19.259,44.813,100.000,1692672,
6.365991,ACK,1655,19.311,45.429,100.000,1693696,base=1637
6.366436,SEND,1672,19.311,45.429,100.000,1693696,
6.369533,ACK,1656,19.363,46.386,100.000,1694720,base=1637
6.369665,ACK,1657,19.414,47.222,100.000,1695744,base=1637
6.369712,ACK,1658,19.466,47.937,100.000,1696768,base=1637
6.369745,ACK,1659,19.517,48.346,100.000,1697792,base=1637
6.369778,ACK,1660,19.568,48.685,100.000,1698816,base=1637
6.369809,ACK,1661,19.619,48.964,100.000,1699840,base=1637
6.369841,ACK,1662,19.670,49.189,100.000,1700864,base=1637
6.369998,ACK,1663,19.721,48.246,100.000,1701888,base=1637
6.370030,ACK,1664,19.772,47.401,100.000,1702912,base=1637
6.371298,SEND,1673,19.772,47.401,100.000,1702912,
6.371618,SEND,1674,19.772,47.401,100.000,1702912,
6.371833,SEND,1675,19.772,47.401,100.000,1702912,
6.372183,SEND,1676,19.772,47.401,100.000,1702912,
6.372404,SEND,1677,19.772,47.401,100.000,1702912,
6.372606,SEND,1678,19.772,47.401,100.000,1702912,
6.372811,SEND,1679,19.772,47.401,100.000,1702912,
6.372983,SEND,1680,19.772,47.401,100.000,1702912,
6.373198,SEND,1681,19.772,47.401,100.000,1702912,
6.374950,TIMEOUT,1644,19.772,47.401,200.000,1702912,
6.375290,RETX,1644,19.772,47.401,200.000,1702912,retx#1
6.382675,STATS,-1,19.772,47.401,200.000,1702912,base=1637 next=1682 inflight=19
6.383744,ACK,1665,19.822,47.216,100.000,1703936,base=1637
6.383826,ACK,1666,19.873,47.043,100.000,1704960,base=1637
6.385616,SEND,1682,19.873,47.043,100.000,1704960,
6.385854,SEND,1683,19.873,47.043,100.000,1704960,
6.387038,NAK,1667,19.873,,,1704960,
6.387299,RETX,1667,19.873,47.043,100.000,1704960,retx#1
6.392377,ACK,1669,19.923,45.969,100.000,1705984,base=1637
6.392940,SEND,1684,19.923,45.969,100.000,1705984,
6.400113,ACK,1670,19.973,45.319,100.000,1707008,base=1637
6.401570,SEND,1685,19.973,45.319,100.000,1707008,
6.401904,ACK,1671,20.024,44.732,100.000,1708032,base=1637
6.403747,SEND,1686,20.024,44.732,100.000,1708032,
6.403998,SEND,1687,20.024,44.732,100.000,1708032,
6.405474,ACK,1672,20.073,44.017,100.000,1709056,base=1637
6.405880,SEND,1688,20.073,44.017,100.000,1709056,
6.406648,ACK,1673,20.123,42.931,100.000,1710080,base=1637
6.407814,SEND,1689,20.123,42.931,100.000,1710080,
6.413166,ACK,1674,20.173,42.756,100.000,1711104,base=1637
6.414604,SEND,1690,20.173,42.756,100.000,1711104,
6.424146,ACK,1675,20.223,43.946,100.000,1712128,base=1637
6.424250,ACK,1676,20.272,44.961,100.000,1713152,base=1637
6.424307,ACK,1677,20.321,45.828,100.000,1714176,base=1637
6.424364,ACK,1678,20.371,46.568,100.000,1715200,base=1637
6.424475,ACK,1679,20.420,47.199,100.000,1716224,base=1637
6.424588,ACK,1680,20.469,47.749,100.000,1717248,base=1637
6.424667,ACK,1681,20.517,48.213,100.000,1718272,base=1637
6.424772,ACK,1644,20.566,48.213,100.000,1719296,base=1637
6.424835,ACK,1682,20.615,47.088,100.000,1720320,base=1637
6.424893,ACK,1683,20.663,46.081,100.000,1721344,base=1637
6.425470,SEND,1691,20.663,46.081,100.000,1721344,
6.425762,SEND,1692,20.663,46.081,100.000,1721344,
6.426152,SEND,1693,20.663,46.081,100.000,1721344,
6.426386,SEND,1694,20.663,46.081,100.000,1721344,
6.426600,SEND,1695,20.663,46.081,100.000,1721344,
6.426930,SEND,1696,20.663,46.081,100.000,1721344,
6.427160,SEND,1697,20.663,46.081,100.000,1721344,
6.427443,SEND,1698,20.663,46.081,100.000,1721344,
6.427673,SEND,1699,20.663,46.081,100.000,1721344,
6.427882,SEND,1700,20.663,46.081,100.000,1721344,
6.429215,ACK,1667,20.712,46.081,100.000,1722368,base=1637
6.429775,SEND,1701,20.712,46.081,100.000,1722368,
6.440550,ACK,1684,20.760,46.269,100.000,1723392,base=1637
6.441403,SEND,1702,20.760,46.269,100.000,1723392,
6.446211,TIMEOUT,1668,20.760,46.269,200.000,1723392,
6.446521,RETX,1668,20.760,46.269,200.000,1723392,retx#1
6.449222,ACK,1685,20.808,46.440,100.000,1724416,base=1637
6.449461,SEND,1703,20.808,46.440,100.000,1724416,
6.451739,ACK,1686,20.856,46.632,100.000,1725440,base=1637
6.451800,ACK,1687,20.904,46.777,100.000,1726464,base=1637
6.451845,ACK,1688,20.952,46.675,100.000,1727488,base=1637
6.451889,ACK,1689,21.000,46.351,100.000,1728512,base=1637
6.453901,SEND,1704,21.000,46.351,100.000,1728512,
6.454125,SEND,1705,21.000,46.351,100.000,1728512,
6.454331,SEND,1706,21.000,46.351,100.000,1728512,
6.454907,SEND,1707,21.000,46.351,100.000,1728512,
6.454971,TIMEOUT,1637,21.000,46.351,200.000,1728512,
6.455202,RETX,1637,21.000,46.351,200.000,1728512,retx#2
6.459023,ACK,1690,21.047,46.107,100.000,1729536,base=1637
6.460540,SEND,1708,21.047,46.107,100.000,1729536,
6.460771,SEND,1709,21.047,46.107,100.000,1729536,
6.471441,ACK,1691,21.095,46.079,100.000,1730560,base=1637
6.471615,ACK,1692,21.142,46.050,100.000,1731584,base=1637
6.472352,SEND,1710,21.142,46.050,100.000,1731584,
6.473022,SEND,1711,21.142,46.050,100.000,1731584,
6.473208,ACK,1693,21.190,46.174,100.000,1732608,base=1637
6.473270,ACK,1694,21.237,46.262,100.000,1733632,base=1637
6.473315,ACK,1695,21.284,46.318,100.000,1734656,base=1637
6.473356,ACK,1696,21.331,46.331,100.000,1735680,base=1637
6.475097,SEND,1712,21.331,46.331,100.000,1735680,
6.475292,SEND,1713,21.331,46.331,100.000,1735680,
6.475470,SEND,1714,21.331,46.331,100.000,1735680,
6.475643,SEND,1715,21.331,46.331,100.000,1735680,
6.476677,ACK,1697,21.378,46.726,100.000,1736704,base=1637
6.476741,ACK,1698,21.424,47.047,100.000,1737728,base=1637
6.476777,ACK,1699,21.471,47.304,100.000,1738752,base=1637
6.476811,ACK,1700,21.518,47.507,100.000,1739776,base=1637
6.476845,ACK,1701,21.564,47.451,100.000,1740800,base=1637
6.477472,SEND,1716,21.564,47.451,100.000,1740800,
6.477658,SEND,1717,21.564,47.451,100.000,1740800,
6.477830,SEND,1718,21.564,47.451,100.000,1740800,
6.478007,SEND,1719,21.564,47.451,100.000,1740800,
6.478179,SEND,1720,21.564,47.451,100.000,1740800,
6.482654,STATS,-1,21.564,47.451,100.000,1740800,base=1637 next=1721 inflight=21
6.493919,ACK,1668,21.611,47.451,100.000,1741824,base=1637
6.493964,ACK,1704,21.657,46.528,100.000,1742848,base=1637
6.494994,SEND,1721,21.657,46.528,100.000,1742848,
6.495148,SEND,1722,21.657,46.528,100.000,1742848,
6.495553,ACK,1705,21.703,45.890,100.000,1743872,base=1637
6.496819,SEND,1723,21.703,45.890,100.000,1743872,
6.496902,ACK,1706,21.749,45.474,100.000,1744896,base=1637
6.496944,ACK,1637,21.795,45.474,100.000,1745920,base=1702
6.497121,ACK,1708,21.841,44.363,100.000,1746944,base=1702
6.498424,SEND,1724,21.841,44.363,100.000,1746944,
6.498574,SEND,1725,21.841,44.363,100.000,1746944,
6.498722,SEND,1726,21.841,44.363,100.000,1746944,
6.499091,NAK,1707,21.841,,,1746944,
6.499259,RETX,1707,19.414,44.363,100.000,1746944,retx#1
6.513421,ACK,1709,19.466,45.398,100.000,1747968,base=1702
6.520187,ACK,1710,19.517,45.702,100.000,1748992,base=1702
6.520319,RETX,1702,19.517,45.702,100.000,1748992,retx#1
6.520350,ACK,1711,19.568,45.918,100.000,1750016,base=1702
6.520368,ACK,1712,19.619,45.837,100.000,1751040,base=1702
6.520385,ACK,1713,19.670,45.744,100.000,1752064,base=1702
6.520401,ACK,1714,19.721,45.642,100.000,1753088,base=1702
6.521918,SEND,1727,19.721,45.642,100.000,1753088,
6.522029,SEND,1728,19.721,45.642,100.000,1753088,
6.522138,SEND,1729,19.721,45.642,100.000,1753088,
6.522247,SEND,1730,19.721,45.642,100.000,1753088,
6.522990,ACK,1715,19.772,45.855,100.000,1754112,base=1702
6.523803,ACK,1716,19.823,45.914,100.000,1755136,base=1702
6.524009,SEND,1731,19.823,45.914,100.000,1755136,
6.524107,SEND,1732,19.823,45.914,100.000,1755136,
6.526200,ACK,1717,19.873,46.243,100.000,1756160,base=1702
6.526216,ACK,1718,19.923,46.510,100.000,1757184,base=1702
6.527243,ACK,1719,19.973,46.851,100.000,1758208,base=1702
6.527259,ACK,1720,20.024,47.129,100.000,1759232,base=1702
6.527522,SEND,1733,20.024,47.129,100.000,1759232,
6.527620,SEND,1734,20.024,47.129,100.000,1759232,
6.527717,SEND,1735,20.024,47.129,100.000,1759232,
6.527811,SEND,1736,20.024,47.129,100.000,1759232,
6.527908,SEND,1737,20.024,47.129,100.000,1759232,
6.537783,ACK,1721,20.073,46.586,100.000,1760256,base=1702
6.537808,ACK,1722,20.123,46.095,100.000,1761280,base=1702
6.538810,ACK,1723,20.173,45.582,100.000,1762304,base=1702
6.539020,SEND,1738,20.173,45.582,100.000,1762304,
6.539107,SEND,1739,20.173,45.582,100.000,1762304,
6.539192,SEND,1740,20.173,45.582,100.000,1762304,
6.541746,ACK,1724,20.223,45.299,100.000,1763328,base=1702
6.541764,ACK,1725,20.272,45.035,100.000,1764352,base=1702
6.541777,ACK,1726,20.321,44.787,100.000,1765376,base=1702
6.542422,SEND,1741,20.321,44.787,100.000,1765376,
6.542502,SEND,1742,20.321,44.787,100.000,1765376,
6.542580,SEND,1743,20.321,44.787,100.000,1765376,
6.543877,ACK,1707,20.371,44.787,100.000,1766400,base=1702
6.544236,SEND,1744,20.371,44.787,100.000,1766400,
6.550533,TIMEOUT,1703,20.371,44.787,200.000,1766400,
6.550628,RETX,1703,20.371,44.787,200.000,1766400,retx#1
6.559812,ACK,1702,20.420,44.787,200.000,1767424,base=1703
6.559827,NAK,1703,20.420,,,1767424,
6.559844,ACK,1727,20.469,43.929,100.000,1768448,base=1703
6.560760,SEND,1745,20.469,43.929,100.000,1768448,
6.560847,SEND,1746,20.469,43.929,100.000,1768448,
6.573452,ACK,1728,20.517,44.866,100.000,1769472,base=1703
6.573476,ACK,1729,20.566,45.674,100.000,1770496,base=1703
6.573569,RETX,1703,20.566,45.674,100.000,1770496,retx#2
6.573599,ACK,1730,20.615,46.384,100.000,1771520,base=1703
6.573616,ACK,1731,20.663,46.786,100.000,1772544,base=1703
6.573629,ACK,1732,20.712,47.128,100.000,1773568,base=1703
6.573642,ACK,1733,20.760,47.002,100.000,1774592,base=1703
6.573655,ACK,1734,20.808,46.881,100.000,1775616,base=1703
6.573668,ACK,1737,20.856,46.740,100.000,1776640,base=1703
6.573678,NAK,1736,20.856,,,1776640,
6.573775,RETX,1736,20.856,46.740,100.000,1776640,retx#1
6.575104,SEND,1747,20.856,46.740,100.000,1776640,
6.575203,SEND,1748,20.856,46.740,100.000,1776640,
6.575299,SEND,1749,20.856,46.740,100.000,1776640,
6.575395,SEND,1750,20.856,46.740,100.000,1776640,
6.575490,SEND,1751,20.856,46.740,100.000,1776640,
6.575586,SEND,1752,20.856,46.740,100.000,1776640,
6.575681,SEND,1753,20.856,46.740,100.000,1776640,
6.575777,SEND,1754,20.856,46.740,100.000,1776640,
6.583656,STATS,-1,20.856,46.740,100.000,1776640,base=1703 next=1755 inflight=20
6.587501,ACK,1738,20.904,46.958,100.000,1777664,base=1703
6.587521,ACK,1739,20.952,47.139,100.000,1778688,base=1703
6.587536,ACK,1740,21.000,47.290,100.000,1779712,base=1703
6.587551,ACK,1741,21.047,47.019,100.000,1780736,base=1703
6.587564,ACK,1742,21.095,46.775,100.000,1781760,base=1703
6.587578,ACK,1743,21.142,46.552,100.000,1782784,base=1703
6.588477,SEND,1755,21.142,46.552,100.000,1782784,
6.588573,SEND,1756,21.142,46.552,100.000,1782784,
6.588669,SEND,1757,21.142,46.552,100.000,1782784,
6.588765,SEND,1758,21.142,46.552,100.000,1782784,
6.588860,SEND,1759,21.142,46.552,100.000,1782784,
6.588955,SEND,1760,21.142,46.552,100.000,1782784,
6.589051,SEND,1761,21.142,46.552,100.000,1782784,
6.589084,ACK,1744,21.190,46.339,100.000,1783808,base=1703
6.590652,SEND,1762,21.190,46.339,100.000,1783808,
6.601996,ACK,1745,21.237,45.700,100.000,1784832,base=1703
6.602760,SEND,1763,21.237,45.700,100.000,1784832,
6.605861,ACK,1746,21.284,45.614,100.000,1785856,base=1703
6.606214,ACK,1703,21.331,45.614,100.000,1786880,base=1735
6.607379,SEND,1764,21.331,45.614,100.000,1786880,
6.607490,SEND,1765,21.331,45.614,100.000,1786880,
6.616499,ACK,1736,21.378,45.614,100.000,1787904,base=1735
6.616519,ACK,1748,21.425,45.076,100.000,1788928,base=1735
6.616536,ACK,1749,21.471,44.596,100.000,1789952,base=1735
6.616661,RETX,1735,19.086,44.596,100.000,1789952,retx#1
6.617992,SEND,1766,19.086,44.596,100.000,1789952,
6.628464,ACK,1750,19.138,45.655,100.000,1790976,base=1735
6.628488,ACK,1751,19.190,46.572,100.000,1792000,base=1735
6.628516,ACK,1752,19.242,47.367,100.000,1793024,base=1735
6.628535,ACK,1753,19.294,48.052,100.000,1794048,base=1735
6.628553,ACK,1754,19.346,48.642,100.000,1795072,base=1735
6.628571,ACK,1755,19.398,47.574,100.000,1796096,base=1735
6.629754,SEND,1767,19.398,47.574,100.000,1796096,
6.629883,SEND,1768,19.398,47.574,100.000,1796096,
6.630008,SEND,1769,19.398,47.574,100.000,1796096,
6.630134,SEND,1770,19.398,47.574,100.000,1796096,
6.630259,SEND,1771,19.398,47.574,100.000,1796096,
6.630384,SEND,1772,19.398,47.574,100.000,1796096,
6.639400,ACK,1756,19.449,47.980,100.000,1797120,base=1735
6.639424,ACK,1757,19.501,48.326,100.000,1798144,base=1735
6.639444,ACK,1758,19.552,48.620,100.000,1799168,base=1735
6.639462,ACK,1759,19.603,48.867,100.000,1800192,base=1735
6.639480,ACK,1760,19.654,49.074,100.000,1801216,base=1735
6.639498,ACK,1761,19.705,49.245,100.000,1802240,base=1735
6.639516,ACK,1762,19.756,49.198,100.000,1803264,base=1735
6.640477,SEND,1773,19.756,49.198,100.000,1803264,
6.640604,SEND,1774,19.756,49.198,100.000,1803264,
6.640729,SEND,1775,19.756,49.198,100.000,1803264,
6.640853,SEND,1776,19.756,49.198,100.000,1803264,
6.640978,SEND,1777,19.756,49.198,100.000,1803264,
6.641104,SEND,1778,19.756,49.198,100.000,1803264,
6.641231,SEND,1779,19.756,49.198,100.000,1803264,
6.641280,ACK,1763,19.806,47.862,100.000,1804288,base=1735
6.643029,SEND,1780,19.806,47.862,100.000,1804288,
6.644650,ACK,1764,19.857,46.538,100.000,1805312,base=1735
6.646320,SEND,1781,19.857,46.538,100.000,1805312,
6.651899,ACK,1765,19.907,46.272,100.000,1806336,base=1735
6.653111,SEND,1782,19.907,46.272,100.000,1806336,
6.654985,ACK,1735,19.957,46.272,100.000,1807360,base=1747
6.656592,SEND,1783,19.957,46.272,100.000,1807360,
6.666357,ACK,1766,20.008,46.533,100.000,1808384,base=1747
6.666747,SEND,1784,20.008,46.533,100.000,1808384,
6.666897,SEND,1785,20.008,46.533,100.000,1808384,
6.674889,ACK,1767,20.058,46.357,100.000,1809408,base=1747
6.674981,ACK,1768,20.107,46.199,100.000,1810432,base=1747
6.675145,RETX,1747,20.107,46.199,100.000,1810432,retx#1
6.676494,SEND,1786,20.107,46.199,100.000,1810432,
6.676646,SEND,1787,20.107,46.199,100.000,1810432,
6.680386,ACK,1769,20.157,46.721,100.000,1811456,base=1747
6.680413,ACK,1770,20.207,47.165,100.000,1812480,base=1747
6.680435,ACK,1771,20.256,47.541,100.000,1813504,base=1747
6.680670,ACK,1772,20.306,47.884,100.000,1814528,base=1747
6.681545,SEND,1788,20.306,47.884,100.000,1814528,
6.681697,SEND,1789,20.306,47.884,100.000,1814528,
6.681844,SEND,1790,20.306,47.884,100.000,1814528,
6.681990,SEND,1791,20.306,47.884,100.000,1814528,
6.683669,ACK,1773,20.355,47.297,100.000,1815552,base=1747
6.685340,SEND,1792,20.355,47.297,100.000,1815552,
6.685357,STATS,-1,20.355,47.297,100.000,1815552,base=1747 next=1793 inflight=20
6.685884,ACK,1775,20.404,47.028,100.000,1816576,base=1747
6.685913,ACK,1777,20.453,46.766,100.000,1817600,base=1747
6.687127,SEND,1793,20.453,46.766,100.000,1817600,
6.687309,SEND,1794,20.453,46.766,100.000,1817600,
6.688564,ACK,1778,20.502,46.852,100.000,1818624,base=1747
6.688594,ACK,1780,20.551,46.691,100.000,1819648,base=1747
6.689118,SEND,1795,20.551,46.691,100.000,1819648,
6.689299,SEND,1796,20.551,46.691,100.000,1819648,
6.692133,ACK,1782,20.599,45.731,100.000,1820672,base=1747
6.692162,NAK,1781,20.599,,,1820672,
6.692355,RETX,1781,20.599,45.731,100.000,1820672,retx#1
6.692401,ACK,1783,20.648,44.491,100.000,1821696,base=1747
6.692652,SEND,1797,20.648,44.491,100.000,1821696,
6.692830,SEND,1798,20.648,44.491,100.000,1821696,
6.711655,ACK,1784,20.696,44.542,100.000,1822720,base=1747
6.712071,SEND,1799,20.696,44.542,100.000,1822720,
6.715021,ACK,1785,20.745,44.989,100.000,1823744,base=1747
6.715419,SEND,1800,20.745,44.989,100.000,1823744,
6.722883,ACK,1747,20.793,44.989,100.000,1824768,base=1774
6.722924,ACK,1786,20.841,45.168,100.000,1825792,base=1774
6.722958,ACK,1787,20.889,45.311,100.000,1826816,base=1774
6.723593,SEND,1801,20.889,45.311,100.000,1826816,
6.723823,SEND,1802,20.889,45.311,100.000,1826816,
6.724050,SEND,1803,20.889,45.311,100.000,1826816,
6.732948,ACK,1788,20.937,46.069,100.000,1827840,base=1774
6.733180,RETX,1774,18.610,46.069,100.000,1827840,retx#1
6.733274,ACK,1790,18.664,46.738,100.000,1828864,base=1774
6.733317,ACK,1791,18.718,47.311,100.000,1829888,base=1774
6.733353,ACK,1792,18.771,47.398,100.000,1830912,base=1774
6.733388,ACK,1793,18.824,47.256,100.000,1831936,base=1774
6.733422,ACK,1794,18.878,47.112,100.000,1832960,base=1774
6.733456,ACK,1796,18.931,46.742,100.000,1833984,base=1774
6.734217,SEND,1804,18.931,46.742,100.000,1833984,
6.734472,SEND,1805,18.931,46.742,100.000,1833984,
6.734950,SEND,1806,18.931,46.742,100.000,1833984,
6.735425,SEND,1807,18.931,46.742,100.000,1833984,
6.735658,SEND,1808,18.931,46.742,100.000,1833984,
6.738698,ACK,1781,18.983,46.742,100.000,1835008,base=1774
6.738778,ACK,1797,19.036,46.664,100.000,1836032,base=1774
6.739689,SEND,1809,19.036,46.664,100.000,1836032,
6.739968,SEND,1810,19.036,46.664,100.000,1836032,
6.740260,SEND,1811,19.036,46.664,100.000,1836032,
6.742046,TIMEOUT,1776,19.036,46.664,200.000,1836032,
6.742343,RETX,1776,19.036,46.664,200.000,1836032,retx#1
6.762479,ACK,1801,19.089,45.688,100.000,1837056,base=1774
6.762541,NAK,1798,19.089,,,1837056,
6.762844,RETX,1798,19.089,45.688,100.000,1837056,retx#1
6.764471,SEND,1812,19.089,45.688,100.000,1837056,
6.764504,TIMEOUT,1779,19.089,45.688,200.000,1837056,
6.764690,RETX,1779,19.089,45.688,200.000,1837056,retx#1
6.764789,NAK,1799,19.089,,,1837056,
6.764980,RETX,1799,19.089,45.688,200.000,1837056,retx#1
6.770502,NAK,1800,19.089,,,1837056,
6.770757,RETX,1800,19.089,45.688,200.000,1837056,retx#1
6.770836,ACK,1802,19.141,45.852,100.000,1838080,base=1774
6.770876,ACK,1803,19.193,45.973,100.000,1839104,base=1774
6.772544,SEND,1813,19.193,45.973,100.000,1839104,
6.772778,SEND,1814,19.193,45.973,100.000,1839104,
6.778458,ACK,1774,19.245,45.973,100.000,1840128,base=1776
6.778541,ACK,1804,19.297,45.768,100.000,1841152,base=1776
6.778581,ACK,1805,19.349,45.560,100.000,1842176,base=1776
6.778619,ACK,1806,19.401,45.324,100.000,1843200,base=1776
6.778851,RETX,1776,19.401,45.324,100.000,1843200,retx#2
6.778936,ACK,1807,19.452,45.096,100.000,1844224,base=1776
6.779014,ACK,1808,19.504,44.878,100.000,1845248,base=1776
6.779821,SEND,1815,19.504,44.878,100.000,1845248,
6.780004,SEND,1816,19.504,44.878,100.000,1845248,
6.780174,SEND,1817,19.504,44.878,100.000,1845248,
6.780350,SEND,1818,19.504,44.878,100.000,1845248,
6.780610,SEND,1819,19.504,44.878,100.000,1845248,
6.780800,SEND,1820,19.504,44.878,100.000,1845248,
6.782544,TIMEOUT,1789,19.504,44.878,200.000,1845248,
6.782788,RETX,1789,19.504,44.878,200.000,1845248,retx#1
6.783919,ACK,1809,19.555,44.795,100.000,1846272,base=1776
6.785584,SEND,1821,19.555,44.795,100.000,1846272,
6.785621,STATS,-1,19.555,44.795,100.000,1846272,base=1776 next=1822 inflight=19
6.789618,TIMEOUT,1795,19.555,44.795,200.000,1846272,
6.789912,RETX,1795,19.555,44.795,200.000,1846272,retx#1
6.792260,ACK,1810,19.606,45.729,100.000,1847296,base=1776
6.792466,ACK,1811,19.657,46.535,100.000,1848320,base=1776
6.792699,SEND,1822,19.657,46.535,100.000,1848320,
6.792880,SEND,1823,19.657,46.535,100.000,1848320,
6.793023,ACK,1776,19.708,46.535,100.000,1849344,base=1779
6.794602,SEND,1824,19.708,46.535,100.000,1849344,
6.806569,ACK,1798,19.759,46.535,100.000,1850368,base=1779
6.808377,SEND,1825,19.759,46.535,100.000,1850368,
6.811679,ACK,1812,19.809,46.615,100.000,1851392,base=1779
6.811774,ACK,1779,19.860,46.615,100.000,1852416,base=1789
6.812034,SEND,1826,19.860,46.615,100.000,1852416,
6.812214,SEND,1827,19.860,46.615,100.000,1852416,
6.812328,ACK,1800,19.910,46.615,100.000,1853440,base=1789
6.814136,SEND,1828,19.910,46.615,100.000,1853440,
6.815839,ACK,1813,19.960,46.197,100.000,1854464,base=1789
6.815906,ACK,1814,20.011,45.813,100.000,1855488,base=1789
6.816114,RETX,1789,20.011,45.813,100.000,1855488,retx#2
6.817643,SEND,1829,20.011,45.813,100.000,1855488,
6.817961,SEND,1830,20.011,45.813,100.000,1855488,
6.818317,SEND,1831,20.011,45.813,100.000,1855488,
6.828925,DUPACK,1776,20.011,,,1855488,
6.828979,ACK,1815,20.061,46.230,100.000,1856512,base=1789
6.829016,ACK,1816,20.110,46.577,100.000,1857536,base=1789
6.829050,ACK,1817,20.160,46.864,100.000,1858560,base=1789
6.830008,SEND,1832,20.160,46.864,100.000,1858560,
6.830242,SEND,1833,20.160,46.864,100.000,1858560,
6.830471,SEND,1834,20.160,46.864,100.000,1858560,
6.833938,ACK,1818,20.210,47.700,100.000,1859584,base=1789
6.834010,ACK,1819,20.259,48.412,100.000,1860608,base=1789
6.834051,ACK,1820,20.309,49.016,100.000,1861632,base=1789
6.834092,ACK,1789,20.358,49.016,100.000,1862656,base=1795
6.834224,ACK,1821,20.407,48.968,100.000,1863680,base=1795
6.835636,SEND,1835,20.407,48.968,100.000,1863680,
6.835922,SEND,1836,20.407,48.968,100.000,1863680,
6.836148,SEND,1837,20.407,48.968,100.000,1863680,
6.836403,SEND,1838,20.407,48.968,100.000,1863680,
6.836583,SEND,1839,20.407,48.968,100.000,1863680,
6.836723,ACK,1795,20.456,48.968,100.000,1864704,base=1799
6.836852,ACK,1822,20.505,48.357,100.000,1865728,base=1799
6.838372,SEND,1840,20.505,48.357,100.000,1865728,
6.838664,SEND,1841,20.505,48.357,100.000,1865728,
6.840762,ACK,1823,20.554,48.296,100.000,1866752,base=1799
6.841579,ACK,1824,20.602,48.131,100.000,1867776,base=1799
6.841834,RETX,1799,20.602,48.131,100.000,1867776,retx#2
6.842367,SEND,1842,20.602,48.131,100.000,1867776,
6.842601,SEND,1843,20.602,48.131,100.000,1867776,
6.842923,ACK,1825,20.651,46.432,100.000,1868800,base=1799
6.844434,SEND,1844,20.651,46.432,100.000,1868800,
6.858783,ACK,1826,20.699,46.469,100.000,1869824,base=1799
6.858920,ACK,1827,20.748,46.497,100.000,1870848,base=1799
6.859440,SEND,1845,20.748,46.497,100.000,1870848,
6.859696,SEND,1846,20.748,46.497,100.000,1870848,
6.862177,ACK,1828,20.796,46.687,100.000,1871872,base=1799
6.862255,DUPACK,1789,20.796,,,1871872,
6.862301,ACK,1829,20.844,46.433,100.000,1872896,base=1799
6.863007,ACK,1830,20.892,46.258,100.000,1873920,base=1799
6.863305,SEND,1847,20.892,46.258,100.000,1873920,
6.863524,SEND,1848,20.892,46.258,100.000,1873920,
6.863733,SEND,1849,20.892,46.258,100.000,1873920,
6.863870,ACK,1831,20.940,46.168,100.000,1874944,base=1799
6.865614,SEND,1850,20.940,46.168,100.000,1874944,
6.876125,ACK,1832,20.987,46.152,100.000,1875968,base=1799
6.876273,ACK,1833,21.035,46.135,100.000,1876992,base=1799
6.877142,SEND,1851,21.035,46.135,100.000,1876992,
6.877599,SEND,1852,21.035,46.135,100.000,1876992,
6.877851,SEND,1853,21.035,46.135,100.000,1876992,
6.883933,ACK,1834,21.083,47.047,100.000,1878016,base=1799
6.885217,SEND,1854,21.083,47.047,100.000,1878016,
6.885751,ACK,1835,21.130,47.430,100.000,1879040,base=1799
6.885859,ACK,1836,21.177,47.743,100.000,1880064,base=1799
6.886372,ACK,1837,21.225,48.052,100.000,1881088,base=1799
6.886422,ACK,1838,21.272,48.297,100.000,1882112,base=1799
6.886465,ACK,1839,21.319,48.495,100.000,1883136,base=1799
6.887054,SEND,1855,21.319,48.495,100.000,1883136,
6.887288,SEND,1856,21.319,48.495,100.000,1883136,
6.887473,SEND,1857,21.319,48.495,100.000,1883136,
6.887739,SEND,1858,21.319,48.495,100.000,1883136,
6.887919,SEND,1859,21.319,48.495,100.000,1883136,
6.887946,STATS,-1,21.319,48.495,100.000,1883136,base=1799 next=1860 inflight=21
6.890714,ACK,1840,21.366,48.973,100.000,1884160,base=1799
6.890807,ACK,1799,21.412,48.973,100.000,1885184,base=1841
6.890850,ACK,1842,21.459,48.911,100.000,1886208,base=1841
6.890881,NAK,1841,21.459,,,1886208,
6.891217,RETX,1841,19.075,48.911,100.000,1886208,retx#1
6.891638,SEND,1860,19.075,48.911,100.000,1886208,
6.891848,ACK,1843,19.127,48.951,100.000,1887232,base=1841
6.891900,ACK,1844,19.179,48.765,100.000,1888256,base=1841
6.892134,RETX,1841,19.179,48.765,100.000,1888256,retx#2
6.893327,SEND,1861,19.179,48.765,100.000,1888256,
6.893549,SEND,1862,19.179,48.765,100.000,1888256,
6.898608,NAK,1845,19.179,,,1888256,
6.898903,RETX,1845,19.179,48.765,100.000,1888256,retx#1
6.900887,ACK,1847,19.232,47.363,100.000,1889280,base=1841
6.901904,SEND,1863,19.232,47.363,100.000,1889280,
6.907873,ACK,1848,19.284,46.983,100.000,1890304,base=1841
6.909248,SEND,1864,19.284,46.983,100.000,1890304,
6.911327,ACK,1849,19.335,47.056,100.000,1891328,base=1841
6.911422,ACK,1850,19.387,46.899,100.000,1892352,base=1841
6.911479,ACK,1851,19.439,45.328,100.000,1893376,base=1841
6.912982,SEND,1865,19.439,45.328,100.000,1893376,
6.913267,SEND,1866,19.439,45.328,100.000,1893376,
6.913539,SEND,1867,19.439,45.328,100.000,1893376,
6.922465,ACK,1852,19.490,45.267,100.000,1894400,base=1841
6.922970,ACK,1853,19.541,45.247,100.000,1895424,base=1841
6.923791,SEND,1868,19.541,45.247,100.000,1895424,
6.924023,SEND,1869,19.541,45.247,100.000,1895424,
6.927715,ACK,1854,19.593,44.901,100.000,1896448,base=1841
6.927781,ACK,1855,19.644,44.379,100.000,1897472,base=1841
6.929424,SEND,1870,19.644,44.379,100.000,1897472,
6.929616,SEND,1871,19.644,44.379,100.000,1897472,
6.932753,ACK,1856,19.695,44.511,100.000,1898496,base=1841
6.933199,SEND,1872,19.695,44.511,100.000,1898496,
6.938881,ACK,1857,19.745,45.370,100.000,1899520,base=1841
6.940370,SEND,1873,19.745,45.370,100.000,1899520,
6.941272,ACK,1858,19.796,46.385,100.000,1900544,base=1841
6.941393,ACK,1859,19.847,47.270,100.000,1901568,base=1841
6.941438,NAK,1841,19.847,,,1901568,
6.941696,RETX,1841,19.847,47.270,100.000,1901568,retx#3
6.941770,ACK,1841,19.897,47.270,100.000,1902592,base=1845
6.941826,ACK,1860,19.947,47.634,100.000,1903616,base=1845
6.941862,DUPACK,1841,19.947,,,1903616,
6.941906,ACK,1861,19.997,47.752,100.000,1904640,base=1845
6.942312,SEND,1874,19.997,47.752,100.000,1904640,
6.942522,SEND,1875,19.997,47.752,100.000,1904640,
6.942730,SEND,1876,19.997,47.752,100.000,1904640,
6.942937,SEND,1877,19.997,47.752,100.000,1904640,
6.943259,SEND,1878,19.997,47.752,100.000,1904640,
6.943786,ACK,1862,20.047,48.060,100.000,1905664,base=1845
6.944046,RETX,1845,20.047,48.060,100.000,1905664,retx#2
6.944203,ACK,1845,20.097,48.060,100.000,1906688,base=1846
6.944322,ACK,1863,20.147,47.353,100.000,1907712,base=1846
6.945178,SEND,1879,20.147,47.353,100.000,1907712,
6.945384,SEND,1880,20.147,47.353,100.000,1907712,
6.945558,SEND,1881,20.147,47.353,100.000,1907712,
6.945731,SEND,1882,20.147,47.353,100.000,1907712,
6.948186,ACK,1864,20.197,46.299,100.000,1908736,base=1846
6.948941,SEND,1883,20.197,46.299,100.000,1908736,
6.960589,TIMEOUT,1846,20.197,46.299,200.000,1908736,
6.960912,RETX,1846,20.197,46.299,200.000,1908736,retx#1
6.962849,ACK,1865,20.246,46.742,100.000,1909760,base=1846
6.963068,RETX,1846,20.246,46.742,100.000,1909760,retx#2
6.963146,ACK,1866,20.296,47.134,100.000,1910784,base=1846
6.963183,ACK,1867,20.345,47.447,100.000,1911808,base=1846
6.963222,ACK,1868,20.394,46.445,100.000,1912832,base=1846
6.963681,SEND,1884,20.394,46.445,100.000,1912832,
6.963863,SEND,1885,20.394,46.445,100.000,1912832,
6.964038,SEND,1886,20.394,46.445,100.000,1912832,
6.964208,SEND,1887,20.394,46.445,100.000,1912832,
6.964421,ACK,1869,20.443,45.687,100.000,1913856,base=1846
6.966289,SEND,1888,20.443,45.687,100.000,1913856,
6.968712,ACK,1870,20.492,44.885,100.000,1914880,base=1846
6.969189,ACK,1871,20.541,44.220,100.000,1915904,base=1846
6.969811,SEND,1889,20.541,44.220,100.000,1915904,
6.969988,SEND,1890,20.541,44.220,100.000,1915904,
6.977270,ACK,1872,20.589,44.200,100.000,1916928,base=1846
6.977314,ACK,1873,20.638,43.293,100.000,1917952,base=1846
6.978172,SEND,1891,20.638,43.293,100.000,1917952,
6.978360,SEND,1892,20.638,43.293,100.000,1917952,
6.989490,STATS,-1,20.638,43.293,100.000,1917952,base=1846 next=1893 inflight=20
6.990648,DUPACK,1841,20.638,,,1917952,
6.991721,ACK,1874,20.686,44.056,100.000,1918976,base=1846
6.991748,ACK,1876,20.735,44.676,100.000,1920000,base=1846
6.991769,NAK,1875,20.735,,,1920000,
6.991936,RETX,1875,20.735,44.676,100.000,1920000,retx#1
6.992004,ACK,1877,20.783,45.224,100.000,1921024,base=1846
6.992826,SEND,1893,20.783,45.224,100.000,1921024,
6.992979,SEND,1894,20.783,45.224,100.000,1921024,
6.993139,SEND,1895,20.783,45.224,100.000,1921024,
6.993201,ACK,1878,20.831,45.813,100.000,1922048,base=1846
6.993222,DUPACK,1845,20.831,,,1922048,
6.993652,ACK,1880,20.879,46.120,100.000,1923072,base=1846
6.993674,NAK,1879,20.879,,,1923072,
6.993832,RETX,1879,20.879,46.120,100.000,1923072,retx#1
6.993880,ACK,1881,20.927,46.394,100.000,1924096,base=1846
6.993911,ACK,1882,20.975,46.617,100.000,1925120,base=1846
6.994897,SEND,1896,20.975,46.617,100.000,1925120,
6.995050,SEND,1897,20.975,46.617,100.000,1925120,
6.995196,SEND,1898,20.975,46.617,100.000,1925120,
6.995342,SEND,1899,20.975,46.617,100.000,1925120,
6.996486,ACK,1883,21.022,46.733,100.000,1926144,base=1846
6.997082,SEND,1900,21.022,46.733,100.000,1926144,
6.997233,SEND,1901,21.022,46.733,100.000,1926144,
6.999737,ACK,1846,21.070,46.733,100.000,1927168,base=1875
7.000400,SEND,1902,21.070,46.733,100.000,1927168,
7.007576,DUPACK,1846,21.070,,,1927168,
7.007603,ACK,1884,21.117,46.381,100.000,1928192,base=1875
7.008104,SEND,1903,21.117,46.381,100.000,1928192,
7.009277,ACK,1885,21.165,46.260,100.000,1929216,base=1875
7.009769,SEND,1904,21.165,46.260,100.000,1929216,
7.015917,ACK,1886,21.212,46.962,100.000,1930240,base=1875
7.016075,RETX,1875,18.855,46.962,100.000,1930240,retx#2
7.016116,ACK,1887,18.908,47.580,100.000,1931264,base=1875
7.017229,ACK,1888,18.961,48.000,100.000,1932288,base=1875
7.017253,ACK,1889,19.014,47.931,100.000,1933312,base=1875
7.017274,ACK,1890,19.066,47.850,100.000,1934336,base=1875
7.017481,SEND,1905,19.066,47.850,100.000,1934336,
7.017631,SEND,1906,19.066,47.850,100.000,1934336,
7.017774,SEND,1907,19.066,47.850,100.000,1934336,
7.025791,ACK,1891,19.119,47.820,100.000,1935360,base=1875
7.026044,SEND,1908,19.119,47.820,100.000,1935360,
7.041208,ACK,1875,19.171,47.820,100.000,1936384,base=1879
7.042614,SEND,1909,19.171,47.820,100.000,1936384,
7.042680,ACK,1893,19.223,48.074,100.000,1937408,base=1879
7.042711,NAK,1879,19.223,,,1937408,
7.042899,RETX,1879,19.223,48.074,100.000,1937408,retx#2
7.042955,ACK,1895,19.275,48.290,100.000,1938432,base=1879
7.044021,NAK,1894,19.275,,,1938432,
7.044209,RETX,1894,19.275,48.290,100.000,1938432,retx#1
7.044275,ACK,1879,19.327,48.290,100.000,1939456,base=1892
7.044307,ACK,1896,19.379,48.430,100.000,1940480,base=1892
7.044335,ACK,1897,19.431,48.537,100.000,1941504,base=1892
7.044362,ACK,1899,19.482,48.597,100.000,1942528,base=1892
7.044548,RETX,1892,19.482,48.597,100.000,1942528,retx#1
7.044603,NAK,1898,19.482,,,1942528,
7.044782,RETX,1898,19.482,48.597,100.000,1942528,retx#1
7.044809,ACK,1900,19.533,48.488,100.000,1943552,base=1892
7.044837,ACK,1901,19.585,48.377,100.000,1944576,base=1892
7.044864,ACK,1902,19.636,47.887,100.000,1945600,base=1892
7.045062,SEND,1910,19.636,47.887,100.000,1945600,
7.045242,SEND,1911,19.636,47.887,100.000,1945600,
7.045420,SEND,1912,19.636,47.887,100.000,1945600,
7.045598,SEND,1913,19.636,47.887,100.000,1945600,
7.045775,SEND,1914,19.636,47.887,100.000,1945600,
7.045952,SEND,1915,19.636,47.887,100.000,1945600,
7.046130,SEND,1916,19.636,47.887,100.000,1945600,
7.046308,SEND,1917,19.636,47.887,100.000,1945600,
7.046485,SEND,1918,19.636,47.887,100.000,1945600,
7.054562,ACK,1903,19.687,47.708,100.000,1946624,base=1892
7.055069,SEND,1919,19.687,47.708,100.000,1946624,
7.055145,ACK,1904,19.737,47.415,100.000,1947648,base=1892
7.056985,SEND,1920,19.737,47.415,100.000,1947648,
7.068401,DUPACK,1875,19.737,,,1947648,
7.068492,ACK,1905,19.788,47.862,100.000,1948672,base=1892
7.068534,ACK,1906,19.839,48.242,100.000,1949696,base=1892
7.068574,ACK,1908,19.889,47.527,100.000,1950720,base=1892
7.069170,SEND,1921,19.889,47.527,100.000,1950720,
7.069397,SEND,1922,19.889,47.527,100.000,1950720,
7.069615,SEND,1923,19.889,47.527,100.000,1950720,
7.075321,NAK,1907,19.889,,,1950720,
7.075518,RETX,1907,19.889,47.527,100.000,1950720,retx#1
7.081418,ACK,1909,19.939,46.435,100.000,1951744,base=1892
7.081678,SEND,1924,19.939,46.435,100.000,1951744,
7.090487,STATS,-1,19.939,46.435,100.000,1951744,base=1892 next=1925 inflight=19
7.096191,DUPACK,1879,19.939,,,1951744,
7.096253,NAK,1894,19.939,,,1951744,
7.096506,RETX,1894,19.939,46.435,100.000,1951744,retx#2
7.096555,NAK,1898,19.939,,,1951744,
7.096777,RETX,1898,19.939,46.435,100.000,1951744,retx#2
7.096894,ACK,1894,19.989,46.435,100.000,1952768,base=1892
7.096956,ACK,1892,20.039,46.435,100.000,1953792,base=1898
7.097009,ACK,1910,20.089,47.123,100.000,1954816,base=1898
7.097060,ACK,1911,20.139,47.709,100.000,1955840,base=1898
7.097101,ACK,1912,20.189,48.205,100.000,1956864,base=1898
7.097450,RETX,1898,20.189,48.205,100.000,1956864,retx#3
7.097749,SEND,1925,20.189,48.205,100.000,1956864,
7.097988,SEND,1926,20.189,48.205,100.000,1956864,
7.098176,SEND,1927,20.189,48.205,100.000,1956864,
7.098350,SEND,1928,20.189,48.205,100.000,1956864,
7.098529,SEND,1929,20.189,48.205,100.000,1956864,
7.098819,SEND,1930,20.189,48.205,100.000,1956864,
7.098906,ACK,1913,20.238,48.842,100.000,1957888,base=1898
7.098943,ACK,1914,20.288,49.382,100.000,1958912,base=1898
7.098976,ACK,1915,20.337,49.837,100.000,1959936,base=1898
7.099008,ACK,1916,20.386,50.216,100.000,1960960,base=1898
7.099041,ACK,1917,20.435,50.530,100.000,1961984,base=1898
7.099071,ACK,1918,20.484,50.787,100.000,1963008,base=1898
7.099102,ACK,1919,20.533,49.942,100.000,1964032,base=1898
7.099132,ACK,1920,20.582,48.967,100.000,1965056,base=1898
7.100924,SEND,1931,20.582,48.967,100.000,1965056,
7.101170,SEND,1932,20.582,48.967,100.000,1965056,
7.101434,SEND,1933,20.582,48.967,100.000,1965056,
7.101649,SEND,1934,20.582,48.967,100.000,1965056,
7.101875,SEND,1935,20.582,48.967,100.000,1965056,
7.102083,SEND,1936,20.582,48.967,100.000,1965056,
7.102264,SEND,1937,20.582,48.967,100.000,1965056,
7.102520,SEND,1938,20.582,48.967,100.000,1965056,
7.109116,ACK,1921,20.630,47.839,100.000,1966080,base=1898
7.110729,SEND,1939,20.630,47.839,100.000,1966080,
7.121532,ACK,1922,20.679,48.373,100.000,1967104,base=1898
7.121598,ACK,1923,20.727,48.824,100.000,1968128,base=1898
7.122710,SEND,1940,20.727,48.824,100.000,1968128,
7.122955,SEND,1941,20.727,48.824,100.000,1968128,
7.129903,ACK,1924,20.775,48.748,100.000,1969152,base=1898
7.130857,SEND,1942,20.775,48.748,100.000,1969152,
7.137282,DUPACK,1894,20.775,,,1969152,
7.140644,ACK,1898,20.823,48.748,100.000,1970176,base=1907
7.140746,DUPACK,1898,20.823,,,1970176,
7.140852,ACK,1925,20.872,48.040,100.000,1971200,base=1907
7.142155,SEND,1943,20.872,48.040,100.000,1971200,
7.142361,SEND,1944,20.872,48.040,100.000,1971200,
7.149503,ACK,1926,20.919,48.471,100.000,1972224,base=1907
7.149575,ACK,1927,20.967,48.836,100.000,1973248,base=1907
7.149797,RETX,1907,18.638,48.836,100.000,1973248,retx#2
7.149865,ACK,1928,18.691,49.170,100.000,1974272,base=1907
7.149902,ACK,1929,18.745,49.445,100.000,1975296,base=1907
7.149940,ACK,1930,18.798,49.654,100.000,1976320,base=1907
7.150699,SEND,1945,18.798,49.654,100.000,1976320,
7.150892,SEND,1946,18.798,49.654,100.000,1976320,
7.151354,SEND,1947,18.798,49.654,100.000,1976320,
7.152558,ACK,1931,18.851,49.905,100.000,1977344,base=1907
7.152615,ACK,1933,18.904,50.064,100.000,1978368,base=1907
7.153839,ACK,1934,18.957,50.327,100.000,1979392,base=1907
7.154082,SEND,1948,18.957,50.327,100.000,1979392,
7.154349,SEND,1949,18.957,50.327,100.000,1979392,
7.154532,SEND,1950,18.957,50.327,100.000,1979392,
7.154651,ACK,1935,19.010,50.631,100.000,1980416,base=1907
7.155075,ACK,1936,19.063,50.924,100.000,1981440,base=1907
7.155130,ACK,1937,19.115,51.167,100.000,1982464,base=1907
7.155448,ACK,1938,19.167,51.385,100.000,1983488,base=1907
7.155497,ACK,1939,19.219,50.558,100.000,1984512,base=1907
7.155532,ACK,1940,19.272,48.341,100.000,1985536,base=1907
7.156577,SEND,1951,19.272,48.341,100.000,1985536,
7.156809,SEND,1952,19.272,48.341,100.000,1985536,
7.157037,SEND,1953,19.272,48.341,100.000,1985536,
7.157262,SEND,1954,19.272,48.341,100.000,1985536,
7.157490,SEND,1955,19.272,48.341,100.000,1985536,
7.157722,SEND,1956,19.272,48.341,100.000,1985536,
7.157949,SEND,1957,19.272,48.341,100.000,1985536,
7.161309,ACK,1941,19.323,47.089,100.000,1986560,base=1907
7.161567,SEND,1958,19.323,47.089,100.000,1986560,
7.167453,ACK,1942,19.375,45.774,100.000,1987584,base=1907
7.168804,SEND,1959,19.375,45.774,100.000,1987584,
7.185406,ACK,1943,19.427,45.456,100.000,1988608,base=1907
7.186370,SEND,1960,19.427,45.456,100.000,1988608,
7.187106,ACK,1944,19.478,45.365,100.000,1989632,base=1907
7.188305,SEND,1961,19.478,45.365,100.000,1989632,
7.190806,ACK,1907,19.530,45.365,100.000,1990656,base=1932
7.192318,SEND,1962,19.530,45.365,100.000,1990656,
7.192418,STATS,-1,19.530,45.365,100.000,1990656,base=1932 next=1963 inflight=19
7.201197,ACK,1945,19.581,46.004,100.000,1991680,base=1932
7.201266,ACK,1946,19.632,46.549,100.000,1992704,base=1932
7.202286,ACK,1947,19.683,47.091,100.000,1993728,base=1932
7.202955,RETX,1932,19.683,47.091,100.000,1993728,retx#1
7.203124,ACK,1949,19.734,47.300,100.000,1994752,base=1932
7.203177,NAK,1948,19.734,,,1994752,
7.203370,RETX,1948,19.734,47.300,100.000,1994752,retx#1
7.203434,ACK,1950,19.784,47.500,100.000,1995776,base=1932
7.203476,ACK,1952,19.835,47.395,100.000,1996800,base=1932
7.203571,ACK,1953,19.885,47.287,100.000,1997824,base=1932
7.203608,ACK,1955,19.936,47.140,100.000,1998848,base=1932
7.203636,NAK,1954,19.936,,,1998848,
7.204001,RETX,1954,19.936,47.140,100.000,1998848,retx#1
7.204296,SEND,1963,19.936,47.140,100.000,1998848,
7.204516,SEND,1964,19.936,47.140,100.000,1998848,
7.204779,SEND,1965,19.936,47.140,100.000,1998848,
7.205298,SEND,1966,19.936,47.140,100.000,1998848,
7.205481,SEND,1967,19.936,47.140,100.000,1998848,
7.205656,SEND,1968,19.936,47.140,100.000,1998848,
7.205826,SEND,1969,19.936,47.140,100.000,1998848,
7.205996,SEND,1970,19.936,47.140,100.000,1998848,
7.206160,ACK,1956,19.986,47.295,100.000,1999872,base=1932
7.206264,ACK,1957,20.036,47.422,100.000,2000896,base=1932
7.206305,ACK,1959,20.086,46.181,100.000,2001920,base=1932
7.207781,SEND,1971,20.086,46.181,100.000,2001920,
7.207978,SEND,1972,20.086,46.181,100.000,2001920,
7.208169,SEND,1973,20.086,46.181,100.000,2001920,
7.208352,SEND,1974,20.086,46.181,100.000,2001920,
7.228358,ACK,1960,20.135,45.655,100.000,2002944,base=1932
7.228476,ACK,1961,20.185,44.969,100.000,2003968,base=1932
7.229359,SEND,1975,20.185,44.969,100.000,2003968,
7.229537,SEND,1976,20.185,44.969,100.000,2003968,
7.235059,ACK,1962,20.235,44.687,100.000,2004992,base=1932
7.236359,SEND,1977,20.235,44.687,100.000,2004992,
7.248609,ACK,1932,20.284,44.687,100.000,2006016,base=1948
7.248669,NAK,1948,20.284,,,2006016,
7.248885,RETX,1948,18.030,44.687,100.000,2006016,retx#2
7.248924,ACK,1948,18.086,44.687,100.000,2007040,base=1951
7.251440,ACK,1954,18.141,44.687,100.000,2008064,base=1951
7.252044,SEND,1978,18.141,44.687,100.000,2008064,
7.253070,ACK,1963,18.196,45.195,100.000,2009088,base=1951
7.253130,ACK,1964,18.251,45.622,100.000,2010112,base=1951
7.253691,RETX,1951,18.251,45.622,100.000,2010112,retx#1
7.254068,ACK,1965,18.306,46.078,100.000,2011136,base=1951
7.254478,SEND,1979,18.306,46.078,100.000,2011136,
7.254701,SEND,1980,18.306,46.078,100.000,2011136,
7.254962,SEND,1981,18.306,46.078,100.000,2011136,
7.256625,ACK,1966,18.361,46.734,100.000,2012160,base=1951
7.256669,ACK,1967,18.415,47.290,100.000,2013184,base=1951
7.256703,ACK,1968,18.469,47.759,100.000,2014208,base=1951
7.256735,ACK,1969,18.523,48.153,100.000,2015232,base=1951
7.256771,ACK,1970,18.577,48.480,100.000,2016256,base=1951
7.257027,SEND,1982,18.577,48.480,100.000,2016256,
7.257256,SEND,1983,18.577,48.480,100.000,2016256,
7.257483,SEND,1984,18.577,48.480,100.000,2016256,
7.257707,SEND,1985,18.577,48.480,100.000,2016256,
7.257937,SEND,1986,18.577,48.480,100.000,2016256,
7.257999,ACK,1971,18.631,48.697,100.000,2017280,base=1951
7.258033,ACK,1972,18.685,48.866,100.000,2018304,base=1951
7.258065,ACK,1974,18.738,48.972,100.000,2019328,base=1951
7.259939,SEND,1987,18.738,48.972,100.000,2019328,
7.260172,SEND,1988,18.738,48.972,100.000,2019328,
7.260399,SEND,1989,18.738,48.972,100.000,2019328,
7.262178,TIMEOUT,1958,18.738,48.972,200.000,2019328,
7.262415,RETX,1958,18.738,48.972,200.000,2019328,retx#1
7.271481,ACK,1975,18.792,48.113,100.000,2020352,base=1951
7.272007,ACK,1976,18.845,47.404,100.000,2021376,base=1951
7.273400,SEND,1990,18.845,47.404,100.000,2021376,
7.273630,SEND,1991,18.845,47.404,100.000,2021376,
7.279258,ACK,1977,18.898,46.839,100.000,2022400,base=1951
7.280745,SEND,1992,18.898,46.839,100.000,2022400,
7.289694,ACK,1978,18.951,45.688,100.000,2023424,base=1951
7.291265,SEND,1993,18.951,45.688,100.000,2023424,
7.293121,STATS,-1,18.951,45.688,100.000,2023424,base=1951 next=1994 inflight=18
7.301685,ACK,1979,19.004,45.874,100.000,2024448,base=1951
7.302053,SEND,1994,19.004,45.874,100.000,2024448,
7.302233,SEND,1995,19.004,45.874,100.000,2024448,
7.307433,ACK,1980,19.056,46.728,100.000,2025472,base=1951
7.307513,ACK,1981,19.109,47.455,100.000,2026496,base=1951
7.307633,ACK,1982,19.161,47.847,100.000,2027520,base=1951
7.308012,SEND,1996,19.161,47.847,100.000,2027520,
7.308259,SEND,1997,19.161,47.847,100.000,2027520,
7.308473,SEND,1998,19.161,47.847,100.000,2027520,
7.308497,TIMEOUT,1973,19.161,47.847,200.000,2027520,
7.308835,RETX,1973,19.161,47.847,200.000,2027520,retx#1
7.309007,ACK,1983,19.213,48.333,100.000,2028544,base=1951
7.309072,ACK,1984,19.265,48.739,100.000,2029568,base=1951
7.309119,ACK,1985,19.317,49.072,100.000,2030592,base=1951
7.309164,ACK,1986,19.369,49.341,100.000,2031616,base=1951
7.309206,ACK,1987,19.421,49.331,100.000,2032640,base=1951
7.309251,ACK,1988,19.472,49.299,100.000,2033664,base=1951
7.309293,ACK,1989,19.524,49.247,100.000,2034688,base=1951
7.311670,SEND,1999,19.524,49.247,100.000,2034688,
7.311872,SEND,2000,19.524,49.247,100.000,2034688,
7.312171,SEND,2001,19.524,49.247,100.000,2034688,
7.312390,SEND,2002,19.524,49.247,100.000,2034688,
7.312634,SEND,2003,19.524,49.247,100.000,2034688,
7.312852,SEND,2004,19.524,49.247,100.000,2034688,
7.313056,SEND,2005,19.524,49.247,100.000,2034688,
7.323624,ACK,1992,19.575,48.448,100.000,2035712,base=1951
7.323720,NAK,1991,19.575,,,2035712,
7.324143,RETX,1991,19.575,48.448,100.000,2035712,retx#1
7.324592,SEND,2006,19.575,48.448,100.000,2035712,
7.330532,ACK,1993,19.626,47.297,100.000,2036736,base=1951
7.331631,SEND,2007,19.626,47.297,100.000,2036736,
7.346444,ACK,1994,19.677,46.929,100.000,2037760,base=1951
7.346596,ACK,1995,19.728,46.606,100.000,2038784,base=1951
7.347382,SEND,2008,19.728,46.606,100.000,2038784,
7.347791,SEND,2009,19.728,46.606,100.000,2038784,
7.353374,ACK,1996,19.778,46.446,100.000,2039808,base=1951
7.353513,ACK,1997,19.829,46.296,100.000,2040832,base=1951
7.354201,SEND,2010,19.829,46.296,100.000,2040832,
7.354701,SEND,2011,19.829,46.296,100.000,2040832,
7.354732,TIMEOUT,1951,19.829,46.296,200.000,2040832,
7.354972,RETX,1951,19.829,46.296,200.000,2040832,retx#2
7.356796,ACK,1998,19.879,46.545,100.000,2041856,base=1951
7.356881,ACK,1973,19.930,46.545,100.000,2042880,base=1951
7.356929,ACK,1999,19.980,46.384,100.000,2043904,base=1951
7.356976,ACK,2000,20.030,46.224,100.000,2044928,base=1951
7.357016,ACK,2001,20.080,46.051,100.000,2045952,base=1951
7.357794,SEND,2012,20.080,46.051,100.000,2045952,
7.358014,SEND,2013,20.080,46.051,100.000,2045952,
7.358224,SEND,2014,20.080,46.051,100.000,2045952,
7.358489,SEND,2015,20.080,46.051,100.000,2045952,
7.358736,SEND,2016,20.080,46.051,100.000,2045952,
7.358999,SEND,2017,20.080,46.051,100.000,2045952,
7.360783,ACK,2002,20.130,46.341,100.000,2046976,base=1951
7.360858,ACK,2003,20.179,46.576,100.000,2048000,base=1951
7.360896,ACK,2004,20.229,46.759,100.000,2049024,base=1951
7.362492,SEND,2018,20.229,46.759,100.000,2049024,
7.362685,SEND,2019,20.229,46.759,100.000,2049024,
7.362892,SEND,2020,20.229,46.759,100.000,2049024,
7.362921,TIMEOUT,1958,20.229,46.759,200.000,2049024,
7.363110,RETX,1958,20.229,46.759,200.000,2049024,retx#2
7.370791,ACK,1991,20.278,46.759,200.000,2050048,base=1951
7.370866,ACK,2006,20.328,46.698,100.000,2051072,base=1951
7.370904,NAK,2005,20.328,,,2051072,
7.371509,RETX,2005,20.328,46.698,100.000,2051072,retx#1
7.373080,SEND,2021,20.328,46.698,100.000,2051072,
7.373377,SEND,2022,20.328,46.698,100.000,2051072,
7.373531,ACK,2007,20.377,46.096,100.000,2052096,base=1951
7.375360,SEND,2023,20.377,46.096,100.000,2052096,
7.375404,TIMEOUT,1990,20.377,46.096,200.000,2052096,
7.375657,RETX,1990,20.377,46.096,200.000,2052096,retx#1
7.389824,ACK,2008,20.426,45.637,100.000,2053120,base=1951
7.389928,ACK,2009,20.475,45.198,100.000,2054144,base=1951
7.390335,SEND,2024,20.475,45.198,100.000,2054144,
7.390586,SEND,2025,20.475,45.198,100.000,2054144,
7.393794,STATS,-1,20.475,45.198,100.000,2054144,base=1951 next=2026 inflight=20
7.402010,ACK,2010,20.524,45.522,100.000,2055168,base=1951
7.402877,ACK,2011,20.572,45.836,100.000,2056192,base=1951
7.404597,SEND,2026,20.572,45.836,100.000,2056192,
7.404896,SEND,2027,20.572,45.836,100.000,2056192,
7.405716,ACK,2012,20.621,46.095,100.000,2057216,base=1951
7.406715,SEND,2028,20.621,46.095,100.000,2057216,
7.410330,ACK,2013,20.669,46.870,100.000,2058240,base=1951
7.410414,ACK,2014,20.718,47.534,100.000,2059264,base=1951
7.410453,ACK,2015,20.766,48.088,100.000,2060288,base=1951
7.410490,ACK,2016,20.814,48.545,100.000,2061312,base=1951
7.410614,ACK,2017,20.862,48.928,100.000,2062336,base=1951
7.410672,ACK,2018,20.910,48.835,100.000,2063360,base=1951
7.410710,ACK,2019,20.958,48.733,100.000,2064384,base=1951
7.410749,ACK,1958,21.006,48.733,100.000,2065408,base=1951
7.410780,ACK,2005,21.053,48.733,100.000,2066432,base=1951
7.411752,SEND,2029,21.053,48.733,100.000,2066432,
7.411941,SEND,2030,21.053,48.733,100.000,2066432,
7.412111,SEND,2031,21.053,48.733,100.000,2066432,
7.412284,SEND,2032,21.053,48.733,100.000,2066432,
7.412458,SEND,2033,21.053,48.733,100.000,2066432,
7.412629,SEND,2034,21.053,48.733,100.000,2066432,
7.412800,SEND,2035,21.053,48.733,100.000,2066432,
7.412976,SEND,2036,21.053,48.733,100.000,2066432,
7.413151,SEND,2037,21.053,48.733,100.000,2066432,
7.413328,SEND,2038,21.053,48.733,100.000,2066432,
7.419034,ACK,2021,21.101,48.385,100.000,2067456,base=1951
7.419075,ACK,2022,21.148,48.049,100.000,2068480,base=1951
7.419679,SEND,2039,21.148,48.049,100.000,2068480,
7.419912,SEND,2040,21.148,48.049,100.000,2068480,
7.423276,ACK,2023,21.196,48.030,100.000,2069504,base=1951
7.423339,ACK,1990,21.243,48.030,100.000,2070528,base=1951
7.424869,SEND,2041,21.243,48.030,100.000,2070528,
7.425149,SEND,2042,21.243,48.030,100.000,2070528,
7.429510,ACK,2024,21.290,46.919,100.000,2071552,base=1951
7.429715,ACK,2025,21.337,45.944,100.000,2072576,base=1951
7.430057,SEND,2043,21.337,45.944,100.000,2072576,
7.430272,SEND,2044,21.337,45.944,100.000,2072576,
7.446617,ACK,2027,21.384,45.412,100.000,2073600,base=1951
7.447452,SEND,2045,21.384,45.412,100.000,2073600,
7.455352,TIMEOUT,1951,21.384,45.412,200.000,2073600,
7.455868,RETX,1951,21.384,45.412,200.000,2073600,retx#3
7.457412,NAK,2026,21.384,,,2073600,
7.457771,RETX,2026,21.384,45.412,200.000,2073600,retx#1
7.457882,ACK,2028,21.430,46.130,100.000,2074624,base=1951
7.457936,ACK,2029,21.477,46.136,100.000,2075648,base=1951
7.458670,SEND,2046,21.477,46.136,100.000,2075648,
7.458858,SEND,2047,21.477,46.136,100.000,2075648,
7.461805,ACK,2030,21.524,46.599,100.000,2076672,base=1951
7.461948,ACK,2032,21.570,46.981,100.000,2077696,base=1951
7.462999,TIMEOUT,2020,21.570,46.981,200.000,2077696,
7.463309,RETX,2020,21.570,46.981,200.000,2077696,retx#1
7.465839,NAK,2031,21.570,,,2077696,
7.466084,RETX,2031,21.570,46.981,200.000,2077696,retx#1
7.466206,ACK,2033,21.616,47.825,100.000,2078720,base=1951
7.466273,ACK,2034,21.663,48.552,100.000,2079744,base=1951
7.466309,ACK,2035,21.709,49.171,100.000,2080768,base=1951
7.466343,ACK,2036,21.755,49.695,100.000,2081792,base=1951
7.466377,ACK,2037,21.801,50.136,100.000,2082816,base=1951
7.466409,ACK,2038,21.847,50.503,100.000,2083840,base=1951
7.466445,ACK,2039,21.893,50.036,100.000,2084864,base=1951
7.466480,ACK,2040,21.938,49.602,100.000,2085888,base=1951
7.468385,ACK,2041,21.984,48.839,100.000,2086912,base=1951
7.468673,ACK,2042,22.029,48.172,100.000,2087936,base=1951
7.481629,ACK,2043,22.075,48.594,100.000,2088960,base=1951
7.481706,ACK,2044,22.120,48.948,100.000,2089984,base=1951
7.495075,STATS,-1,22.120,48.948,100.000,2089984,base=1951 next=2048 inflight=7
7.498518,ACK,1951,22.165,48.948,100.000,2091008,base=2020
7.512506,ACK,2046,22.210,49.556,100.000,2092032,base=2020
7.512570,NAK,2045,22.210,,,2092032,
7.512913,RETX,2045,19.743,49.556,100.000,2092032,retx#1
7.512981,ACK,2047,19.793,50.126,100.000,2093056,base=2020
7.513052,ACK,2020,19.844,50.126,100.000,2094080,base=2026
7.513108,NAK,2031,19.844,,,2094080,
7.513481,RETX,2031,19.844,50.126,100.000,2094080,retx#2
7.513617,ACK,2031,19.894,50.126,100.000,2095104,base=2026
7.558032,TIMEOUT,2026,19.894,50.126,200.000,2095104,
7.558727,RETX,2026,19.894,50.126,200.000,2095104,retx#2
7.558966,ACK,2045,19.944,50.126,200.000,2096128,base=2026
7.597337,STATS,-1,19.944,50.126,200.000,2096128,base=2026 next=2048 inflight=1
7.604860,ACK,2026,19.994,50.126,200.000,2097152,base=2048
7.605346,FIN,2048,,,,2097152,attempt 1
7.650315,ACK,-1,19.994,,,2097152,FIN acked
