t,event,seq,cwnd,srtt_ms,rto_ms,bytes_acked,info
0.655149,BUFFER,0,,,,0,held=1
0.655183,DELIVER,0,,,,1024,
0.655332,BUFFER,1,,,,1024,held=1
0.655340,DELIVER,1,,,,2048,
0.655468,BUFFER,2,,,,2048,held=1
0.655475,DELIVER,2,,,,3072,
0.655587,BUFFER,3,,,,3072,held=1
0.655591,DELIVER,3,,,,4096,
0.712718,BUFFER,4,,,,4096,held=1
0.712732,DELIVER,4,,,,5120,
0.712866,BUFFER,5,,,,5120,held=1
0.712870,DELIVER,5,,,,6144,
0.712996,BUFFER,6,,,,6144,held=1
0.712999,DELIVER,6,,,,7168,
0.713122,BUFFER,7,,,,7168,held=1
0.713125,DELIVER,7,,,,8192,
0.757537,BUFFER,8,,,,8192,held=1
0.757556,DELIVER,8,,,,9216,
0.757787,BUFFER,9,,,,9216,held=1
0.757798,DELIVER,9,,,,10240,
0.758069,BUFFER,10,,,,10240,held=1
0.758110,DELIVER,10,,,,11264,
0.758307,BUFFER,11,,,,11264,held=1
0.758313,DELIVER,11,,,,12288,
0.758498,BUFFER,12,,,,12288,held=1
0.758503,DELIVER,12,,,,13312,
0.812119,BUFFER,13,,,,13312,held=1
0.812145,DELIVER,13,,,,14336,
0.812473,BUFFER,14,,,,14336,held=1
0.812489,DELIVER,14,,,,15360,
0.812819,BUFFER,15,,,,15360,held=1
0.812834,DELIVER,15,,,,16384,
0.813165,BUFFER,16,,,,16384,held=1
0.813194,DELIVER,16,,,,17408,
0.813494,BUFFER,17,,,,17408,held=1
0.813504,DELIVER,17,,,,18432,
0.813813,BUFFER,18,,,,18432,held=1
0.813824,DELIVER,18,,,,19456,
0.863784,BUFFER,19,,,,19456,held=1
0.863812,DELIVER,19,,,,20480,
0.864057,BUFFER,20,,,,20480,held=1
0.864065,DELIVER,20,,,,21504,
0.876871,BUFFER,21,,,,21504,held=1
0.876896,DELIVER,21,,,,22528,
0.877248,BUFFER,22,,,,22528,held=1
0.877261,DELIVER,22,,,,23552,
0.877576,BUFFER,24,,,,23552,held=1
0.877606,NAK,23,,,,23552,
0.911555,DUP,16,,,,23552,
0.911802,DUP,16,,,,23552,
0.923777,BUFFER,26,,,,23552,held=2
0.923825,NAK,25,,,,23552,
0.927770,BUFFER,27,,,,23552,held=3
0.927811,NAK,23,,,,23552,
0.928290,BUFFER,28,,,,23552,held=4
0.928544,BUFFER,29,,,,23552,held=5
0.950506,BUFFER,30,,,,23552,held=6
0.970468,BUFFER,25,,,,23552,held=7
0.974007,BUFFER,23,,,,23552,held=8
0.976756,DELIVER,23,,,,24576,
0.976763,DELIVER,24,,,,25600,
0.976768,DELIVER,25,,,,26624,
0.976773,DELIVER,26,,,,27648,
0.976786,DELIVER,27,,,,28672,
0.976792,DELIVER,28,,,,29696,
0.976797,DELIVER,29,,,,30720,
0.976801,DELIVER,30,,,,31744,
0.977248,DUP,23,,,,31744,
0.977472,BUFFER,31,,,,31744,held=1
0.977484,DELIVER,31,,,,32768,
0.977681,BUFFER,32,,,,32768,held=1
0.977698,DELIVER,32,,,,33792,
0.977892,BUFFER,33,,,,33792,held=1
0.977900,DELIVER,33,,,,34816,
0.978089,BUFFER,34,,,,34816,held=1
0.978095,DELIVER,34,,,,35840,
0.995546,BUFFER,35,,,,35840,held=1
0.995576,DELIVER,35,,,,36864,
1.021437,BUFFER,36,,,,36864,held=1
1.021465,DELIVER,36,,,,37888,
1.021836,BUFFER,37,,,,37888,held=1
1.021848,DELIVER,37,,,,38912,
1.022264,BUFFER,38,,,,38912,held=1
1.022275,DELIVER,38,,,,39936,
1.026114,BUFFER,39,,,,39936,held=1
1.026144,DELIVER,39,,,,40960,
1.026672,BUFFER,41,,,,40960,held=1
1.026697,NAK,40,,,,40960,
1.027205,BUFFER,42,,,,40960,held=2
1.031190,BUFFER,43,,,,40960,held=3
1.067741,BUFFER,44,,,,40960,held=4
1.075684,BUFFER,45,,,,40960,held=5
1.076004,BUFFER,46,,,,40960,held=6
1.076301,BUFFER,47,,,,40960,held=7
1.076580,BUFFER,40,,,,40960,held=8
1.076592,DELIVER,40,,,,41984,
1.076598,DELIVER,41,,,,43008,
1.076604,DELIVER,42,,,,44032,
1.076608,DELIVER,43,,,,45056,
1.076613,DELIVER,44,,,,46080,
1.076617,DELIVER,45,,,,47104,
1.076622,DELIVER,46,,,,48128,
1.076626,DELIVER,47,,,,49152,
1.076842,DUP,40,,,,49152,
1.077052,BUFFER,48,,,,49152,held=1
1.077064,DELIVER,48,,,,50176,
1.077269,BUFFER,49,,,,50176,held=1
1.077274,DELIVER,49,,,,51200,
1.077478,BUFFER,50,,,,51200,held=1
1.077483,DELIVER,50,,,,52224,
1.107306,BUFFER,51,,,,52224,held=1
1.107315,DELIVER,51,,,,53248,
1.125149,BUFFER,52,,,,53248,held=1
1.125165,DELIVER,52,,,,54272,
1.128687,BUFFER,53,,,,54272,held=1
1.128697,DELIVER,53,,,,55296,
1.128848,BUFFER,54,,,,55296,held=1
1.128852,DELIVER,54,,,,56320,
1.128995,BUFFER,55,,,,56320,held=1
1.128999,DELIVER,55,,,,57344,
1.129178,BUFFER,56,,,,57344,held=1
1.129184,DELIVER,56,,,,58368,
1.129333,BUFFER,57,,,,58368,held=1
1.129338,DELIVER,57,,,,59392,
1.129482,BUFFER,59,,,,59392,held=1
1.129491,NAK,58,,,,59392,
1.174781,BUFFER,61,,,,59392,held=2
1.174804,NAK,60,,,,59392,
1.175065,BUFFER,62,,,,59392,held=3
1.175306,BUFFER,63,,,,59392,held=4
1.175539,BUFFER,64,,,,59392,held=5
1.222477,DUP,56,,,,59392,
1.222571,NAK,58,,,,59392,
1.225449,BUFFER,65,,,,59392,held=6
1.225483,NAK,60,,,,59392,
1.230507,BUFFER,66,,,,59392,held=7
1.231299,BUFFER,67,,,,59392,held=8
1.232072,BUFFER,68,,,,59392,held=9
1.232370,BUFFER,69,,,,59392,held=10
1.234763,DUP,57,,,,59392,
1.272156,BUFFER,58,,,,59392,held=11
1.272192,DELIVER,58,,,,60416,
1.272198,DELIVER,59,,,,61440,
1.272478,BUFFER,60,,,,61440,held=10
1.272530,DELIVER,60,,,,62464,
1.272538,DELIVER,61,,,,63488,
1.272544,DELIVER,62,,,,64512,
1.272548,DELIVER,63,,,,65536,
1.272571,DELIVER,64,,,,66560,
1.272576,DELIVER,65,,,,67584,
1.272581,DELIVER,66,,,,68608,
1.272586,DELIVER,67,,,,69632,
1.272590,DELIVER,68,,,,70656,
1.272595,DELIVER,69,,,,71680,
1.272885,BUFFER,70,,,,71680,held=1
1.272899,DELIVER,70,,,,72704,
1.273157,BUFFER,71,,,,72704,held=1
1.273174,DELIVER,71,,,,73728,
1.273448,DUP,57,,,,73728,
1.273684,BUFFER,72,,,,73728,held=1
1.273694,DELIVER,72,,,,74752,
1.273900,BUFFER,73,,,,74752,held=1
1.273907,DELIVER,73,,,,75776,
1.279491,BUFFER,74,,,,75776,held=1
1.279515,DELIVER,74,,,,76800,
1.279818,BUFFER,75,,,,76800,held=1
1.279827,DELIVER,75,,,,77824,
1.280088,BUFFER,76,,,,77824,held=1
1.280096,DELIVER,76,,,,78848,
1.316205,BUFFER,78,,,,78848,held=1
1.316240,NAK,77,,,,78848,
1.316516,BUFFER,79,,,,78848,held=2
1.319670,BUFFER,80,,,,78848,held=3
1.319908,DUP,71,,,,78848,
1.320105,BUFFER,81,,,,78848,held=4
1.328307,BUFFER,83,,,,78848,held=5
1.328350,NAK,82,,,,78848,
1.328659,BUFFER,84,,,,78848,held=6
1.359144,BUFFER,77,,,,78848,held=7
1.359207,DELIVER,77,,,,79872,
1.359215,DELIVER,78,,,,80896,
1.359221,DELIVER,79,,,,81920,
1.359235,DELIVER,80,,,,82944,
1.359241,DELIVER,81,,,,83968,
1.359570,BUFFER,85,,,,83968,held=3
1.364468,BUFFER,86,,,,83968,held=4
1.373815,BUFFER,87,,,,83968,held=5
1.375048,BUFFER,88,,,,83968,held=6
1.375375,BUFFER,89,,,,83968,held=7
1.382674,BUFFER,82,,,,83968,held=8
1.382703,DELIVER,82,,,,84992,
1.382711,DELIVER,83,,,,86016,
1.382718,DELIVER,84,,,,87040,
1.382723,DELIVER,85,,,,88064,
1.382729,DELIVER,86,,,,89088,
1.382734,DELIVER,87,,,,90112,
1.382740,DELIVER,88,,,,91136,
1.382745,DELIVER,89,,,,92160,
1.383036,BUFFER,90,,,,92160,held=1
1.383045,DELIVER,90,,,,93184,
1.402253,BUFFER,91,,,,93184,held=1
1.402270,DELIVER,91,,,,94208,
1.405436,BUFFER,92,,,,94208,held=1
1.405455,DELIVER,92,,,,95232,
1.411725,BUFFER,93,,,,95232,held=1
1.411749,DELIVER,93,,,,96256,
1.412004,DUP,79,,,,96256,
1.420026,BUFFER,94,,,,96256,held=1
1.420077,DELIVER,94,,,,97280,
1.420402,BUFFER,95,,,,97280,held=1
1.420413,DELIVER,95,,,,98304,
1.425378,BUFFER,96,,,,98304,held=1
1.425424,DELIVER,96,,,,99328,
1.426924,DUP,81,,,,99328,
1.427746,BUFFER,97,,,,99328,held=1
1.427771,DELIVER,97,,,,100352,
1.428132,BUFFER,98,,,,100352,held=1
1.428144,DELIVER,98,,,,101376,
1.446085,BUFFER,100,,,,101376,held=1
1.446122,NAK,99,,,,101376,
1.446385,BUFFER,101,,,,101376,held=2
1.459729,BUFFER,102,,,,101376,held=3
1.460068,BUFFER,103,,,,101376,held=4
1.473345,BUFFER,104,,,,101376,held=5
1.473602,BUFFER,105,,,,101376,held=6
1.473807,DUP,81,,,,101376,
1.474160,BUFFER,106,,,,101376,held=7
1.474619,BUFFER,108,,,,101376,held=8
1.474644,NAK,107,,,,101376,
1.496731,BUFFER,99,,,,101376,held=9
1.496761,DELIVER,99,,,,102400,
1.496768,DELIVER,100,,,,103424,
1.496773,DELIVER,101,,,,104448,
1.496779,DELIVER,102,,,,105472,
1.496784,DELIVER,103,,,,106496,
1.496788,DELIVER,104,,,,107520,
1.496793,DELIVER,105,,,,108544,
1.496797,DELIVER,106,,,,109568,
1.497223,BUFFER,110,,,,109568,held=2
1.497263,NAK,109,,,,109568,
1.499692,DUP,99,,,,109568,
1.500215,BUFFER,111,,,,109568,held=3
1.500543,BUFFER,112,,,,109568,held=4
1.514053,BUFFER,113,,,,109568,held=5
1.514416,BUFFER,114,,,,109568,held=6
1.514849,BUFFER,115,,,,109568,held=7
1.515208,BUFFER,116,,,,109568,held=8
1.526462,BUFFER,117,,,,109568,held=9
1.526498,NAK,107,,,,109568,
1.541605,BUFFER,118,,,,109568,held=10
1.547145,BUFFER,109,,,,109568,held=11
1.547466,BUFFER,107,,,,109568,held=12
1.547482,DELIVER,107,,,,110592,
1.547489,DELIVER,108,,,,111616,
1.547494,DELIVER,109,,,,112640,
1.547500,DELIVER,110,,,,113664,
1.547505,DELIVER,111,,,,114688,
1.547521,DELIVER,112,,,,115712,
1.547525,DELIVER,113,,,,116736,
1.547530,DELIVER,114,,,,117760,
1.547535,DELIVER,115,,,,118784,
1.547539,DELIVER,116,,,,119808,
1.547543,DELIVER,117,,,,120832,
1.547548,DELIVER,118,,,,121856,
1.547815,BUFFER,119,,,,121856,held=1
1.547829,DELIVER,119,,,,122880,
1.550789,BUFFER,120,,,,122880,held=1
1.550815,DELIVER,120,,,,123904,
1.566101,BUFFER,121,,,,123904,held=1
1.566126,DELIVER,121,,,,124928,
1.566340,BUFFER,122,,,,124928,held=1
1.566348,DELIVER,122,,,,125952,
1.566814,BUFFER,123,,,,125952,held=1
1.566829,DELIVER,123,,,,126976,
1.572441,BUFFER,124,,,,126976,held=1
1.572461,DELIVER,124,,,,128000,
1.572699,DUP,107,,,,128000,
1.572923,BUFFER,125,,,,128000,held=1
1.572932,DELIVER,125,,,,129024,
1.588834,BUFFER,126,,,,129024,held=1
1.588857,DELIVER,126,,,,130048,
1.590909,BUFFER,127,,,,130048,held=1
1.590927,DELIVER,127,,,,131072,
1.599648,BUFFER,128,,,,131072,held=1
1.599792,DELIVER,128,,,,132096,
1.600191,BUFFER,129,,,,132096,held=1
1.600214,DELIVER,129,,,,133120,
1.600608,BUFFER,130,,,,133120,held=1
1.600621,DELIVER,130,,,,134144,
1.600854,BUFFER,131,,,,134144,held=1
1.600862,DELIVER,131,,,,135168,
1.614944,BUFFER,132,,,,135168,held=1
1.614970,DELIVER,132,,,,136192,
1.615599,BUFFER,133,,,,136192,held=1
1.615612,DELIVER,133,,,,137216,
1.616053,BUFFER,134,,,,137216,held=1
1.616065,DELIVER,134,,,,138240,
1.616643,BUFFER,135,,,,138240,held=1
1.616652,DELIVER,135,,,,139264,
1.625388,BUFFER,136,,,,139264,held=1
1.625408,DELIVER,136,,,,140288,
1.625872,BUFFER,137,,,,140288,held=1
1.625889,DELIVER,137,,,,141312,
1.637216,BUFFER,138,,,,141312,held=1
1.637242,DELIVER,138,,,,142336,
1.637502,BUFFER,139,,,,142336,held=1
1.637514,DELIVER,139,,,,143360,
1.637758,BUFFER,140,,,,143360,held=1
1.637768,DELIVER,140,,,,144384,
1.638613,BUFFER,141,,,,144384,held=1
1.638634,DELIVER,141,,,,145408,
1.652094,BUFFER,142,,,,145408,held=1
1.652119,DELIVER,142,,,,146432,
1.652368,BUFFER,143,,,,146432,held=1
1.652379,DELIVER,143,,,,147456,
1.663878,BUFFER,144,,,,147456,held=1
1.663906,DELIVER,144,,,,148480,
1.665403,BUFFER,145,,,,148480,held=1
1.665431,DELIVER,145,,,,149504,
1.665709,BUFFER,146,,,,149504,held=1
1.665719,DELIVER,146,,,,150528,
1.665988,BUFFER,147,,,,150528,held=1
1.666001,DELIVER,147,,,,151552,
1.666242,BUFFER,148,,,,151552,held=1
1.666252,DELIVER,148,,,,152576,
1.672448,BUFFER,149,,,,152576,held=1
1.672475,DELIVER,149,,,,153600,
1.681888,BUFFER,150,,,,153600,held=1
1.681911,DELIVER,150,,,,154624,
1.689431,BUFFER,151,,,,154624,held=1
1.689454,DELIVER,151,,,,155648,
1.689719,BUFFER,152,,,,155648,held=1
1.689727,DELIVER,152,,,,156672,
1.689949,BUFFER,153,,,,156672,held=1
1.689960,DELIVER,153,,,,157696,
1.690182,BUFFER,154,,,,157696,held=1
1.690189,DELIVER,154,,,,158720,
1.702065,BUFFER,155,,,,158720,held=1
1.702085,DELIVER,155,,,,159744,
1.702329,BUFFER,156,,,,159744,held=1
1.702338,DELIVER,156,,,,160768,
1.705058,BUFFER,157,,,,160768,held=1
1.705084,DELIVER,157,,,,161792,
1.712437,BUFFER,158,,,,161792,held=1
1.712466,DELIVER,158,,,,162816,
1.718317,BUFFER,159,,,,162816,held=1
1.718338,DELIVER,159,,,,163840,
1.718588,BUFFER,160,,,,163840,held=1
1.718596,DELIVER,160,,,,164864,
1.719577,BUFFER,161,,,,164864,held=1
1.719600,DELIVER,161,,,,165888,
1.719914,BUFFER,162,,,,165888,held=1
1.719927,DELIVER,162,,,,166912,
1.734495,BUFFER,163,,,,166912,held=1
1.734522,DELIVER,163,,,,167936,
1.734838,BUFFER,164,,,,167936,held=1
1.734852,DELIVER,164,,,,168960,
1.739848,BUFFER,165,,,,168960,held=1
1.739869,DELIVER,165,,,,169984,
1.740199,BUFFER,166,,,,169984,held=1
1.740212,DELIVER,166,,,,171008,
1.743444,BUFFER,167,,,,171008,held=1
1.743474,DELIVER,167,,,,172032,
1.743832,BUFFER,168,,,,172032,held=1
1.743842,DELIVER,168,,,,173056,
1.749042,BUFFER,169,,,,173056,held=1
1.749063,DELIVER,169,,,,174080,
1.749332,BUFFER,170,,,,174080,held=1
1.749340,DELIVER,170,,,,175104,
1.753378,BUFFER,171,,,,175104,held=1
1.753402,DELIVER,171,,,,176128,
1.766194,BUFFER,172,,,,176128,held=1
1.766218,DELIVER,172,,,,177152,
1.766606,BUFFER,173,,,,177152,held=1
1.766617,DELIVER,173,,,,178176,
1.771531,BUFFER,174,,,,178176,held=1
1.771559,DELIVER,174,,,,179200,
1.771815,BUFFER,175,,,,179200,held=1
1.771826,DELIVER,175,,,,180224,
1.772036,BUFFER,176,,,,180224,held=1
1.772044,DELIVER,176,,,,181248,
1.778891,BUFFER,177,,,,181248,held=1
1.778917,DELIVER,177,,,,182272,
1.782093,BUFFER,178,,,,182272,held=1
1.782121,DELIVER,178,,,,183296,
1.783965,BUFFER,179,,,,183296,held=1
1.783993,DELIVER,179,,,,184320,
1.784613,BUFFER,181,,,,184320,held=1
1.784648,NAK,180,,,,184320,
1.796087,BUFFER,182,,,,184320,held=2
1.796406,BUFFER,183,,,,184320,held=3
1.796928,BUFFER,184,,,,184320,held=4
1.801556,BUFFER,185,,,,184320,held=5
1.801830,BUFFER,186,,,,184320,held=6
1.812116,BUFFER,187,,,,184320,held=7
1.812439,BUFFER,188,,,,184320,held=8
1.820199,BUFFER,189,,,,184320,held=9
1.820476,BUFFER,190,,,,184320,held=10
1.820690,BUFFER,191,,,,184320,held=11
1.824288,DUP,175,,,,184320,
1.831891,BUFFER,192,,,,184320,held=12
1.834819,BUFFER,193,,,,184320,held=13
1.834854,NAK,180,,,,184320,
1.835098,BUFFER,180,,,,184320,held=14
1.835111,DELIVER,180,,,,185344,
1.835117,DELIVER,181,,,,186368,
1.835123,DELIVER,182,,,,187392,
1.835128,DELIVER,183,,,,188416,
1.835133,DELIVER,184,,,,189440,
1.835138,DELIVER,185,,,,190464,
1.835142,DELIVER,186,,,,191488,
1.835146,DELIVER,187,,,,192512,
1.835151,DELIVER,188,,,,193536,
1.835156,DELIVER,189,,,,194560,
1.835160,DELIVER,190,,,,195584,
1.835165,DELIVER,191,,,,196608,
1.835169,DELIVER,192,,,,197632,
1.835174,DELIVER,193,,,,198656,
1.839970,BUFFER,194,,,,198656,held=1
1.839991,DELIVER,194,,,,199680,
1.846731,BUFFER,196,,,,199680,held=1
1.846773,NAK,195,,,,199680,
1.847094,BUFFER,197,,,,199680,held=2
1.847793,BUFFER,198,,,,199680,held=3
1.848042,BUFFER,199,,,,199680,held=4
1.848292,BUFFER,200,,,,199680,held=5
1.857922,BUFFER,201,,,,199680,held=6
1.865377,BUFFER,202,,,,199680,held=7
1.872206,BUFFER,203,,,,199680,held=8
1.872465,BUFFER,204,,,,199680,held=9
1.883681,DUP,180,,,,199680,
1.883953,BUFFER,205,,,,199680,held=10
1.889373,BUFFER,206,,,,199680,held=11
1.889643,BUFFER,207,,,,199680,held=12
1.889870,BUFFER,195,,,,199680,held=13
1.889885,DELIVER,195,,,,200704,
1.889892,DELIVER,196,,,,201728,
1.889897,DELIVER,197,,,,202752,
1.889902,DELIVER,198,,,,203776,
1.889906,DELIVER,199,,,,204800,
1.889911,DELIVER,200,,,,205824,
1.889916,DELIVER,201,,,,206848,
1.889921,DELIVER,202,,,,207872,
1.889925,DELIVER,203,,,,208896,
1.889930,DELIVER,204,,,,209920,
1.889934,DELIVER,205,,,,210944,
1.889939,DELIVER,206,,,,211968,
1.889944,DELIVER,207,,,,212992,
1.894337,DUP,190,,,,212992,
1.900104,BUFFER,208,,,,212992,held=1
1.900129,DELIVER,208,,,,214016,
1.901521,BUFFER,209,,,,214016,held=1
1.901543,DELIVER,209,,,,215040,
1.901829,BUFFER,210,,,,215040,held=1
1.901837,DELIVER,210,,,,216064,
1.902224,BUFFER,211,,,,216064,held=1
1.902249,DELIVER,211,,,,217088,
1.902619,BUFFER,212,,,,217088,held=1
1.902629,DELIVER,212,,,,218112,
1.902986,BUFFER,213,,,,218112,held=1
1.903005,DELIVER,213,,,,219136,
1.903510,BUFFER,214,,,,219136,held=1
1.903524,DELIVER,214,,,,220160,
1.903945,BUFFER,215,,,,220160,held=1
1.903959,DELIVER,215,,,,221184,
1.921835,BUFFER,216,,,,221184,held=1
1.921859,DELIVER,216,,,,222208,
1.922242,BUFFER,217,,,,222208,held=1
1.922254,DELIVER,217,,,,223232,
1.931118,BUFFER,218,,,,223232,held=1
1.931139,DELIVER,218,,,,224256,
1.949772,BUFFER,219,,,,224256,held=1
1.949799,DELIVER,219,,,,225280,
1.951607,BUFFER,220,,,,225280,held=1
1.951624,DELIVER,220,,,,226304,
1.951892,BUFFER,221,,,,226304,held=1
1.951899,DELIVER,221,,,,227328,
1.952152,BUFFER,222,,,,227328,held=1
1.952159,DELIVER,222,,,,228352,
1.952413,BUFFER,223,,,,228352,held=1
1.952419,DELIVER,223,,,,229376,
1.952683,BUFFER,224,,,,229376,held=1
1.952694,DELIVER,224,,,,230400,
1.952952,BUFFER,225,,,,230400,held=1
1.952959,DELIVER,225,,,,231424,
1.953211,BUFFER,226,,,,231424,held=1
1.953217,DELIVER,226,,,,232448,
1.953464,BUFFER,227,,,,232448,held=1
1.953471,DELIVER,227,,,,233472,
1.953727,BUFFER,228,,,,233472,held=1
1.953733,DELIVER,228,,,,234496,
1.953982,BUFFER,229,,,,234496,held=1
1.953989,DELIVER,229,,,,235520,
1.954890,BUFFER,230,,,,235520,held=1
1.954905,DELIVER,230,,,,236544,
1.955249,BUFFER,231,,,,236544,held=1
1.955269,DELIVER,231,,,,237568,
1.958975,BUFFER,232,,,,237568,held=1
1.958985,DELIVER,232,,,,238592,
1.969236,BUFFER,233,,,,238592,held=1
1.969244,DELIVER,233,,,,239616,
1.975522,BUFFER,234,,,,239616,held=1
1.975534,DELIVER,234,,,,240640,
1.995425,BUFFER,235,,,,240640,held=1
1.995448,DELIVER,235,,,,241664,
1.995729,BUFFER,236,,,,241664,held=1
1.995771,DELIVER,236,,,,242688,
2.003178,BUFFER,237,,,,242688,held=1
2.003199,DELIVER,237,,,,243712,
2.003540,BUFFER,238,,,,243712,held=1
2.003558,DELIVER,238,,,,244736,
2.003861,DUP,222,,,,244736,
2.005063,BUFFER,239,,,,244736,held=1
2.005074,DELIVER,239,,,,245760,
2.005378,BUFFER,240,,,,245760,held=1
2.005393,DELIVER,240,,,,246784,
2.005654,BUFFER,241,,,,246784,held=1
2.005661,DELIVER,241,,,,247808,
2.009263,BUFFER,242,,,,247808,held=1
2.009273,DELIVER,242,,,,248832,
2.009582,BUFFER,243,,,,248832,held=1
2.009591,DELIVER,243,,,,249856,
2.009906,BUFFER,244,,,,249856,held=1
2.009916,DELIVER,244,,,,250880,
2.010200,BUFFER,245,,,,250880,held=1
2.010207,DELIVER,245,,,,251904,
2.010488,BUFFER,246,,,,251904,held=1
2.010496,DELIVER,246,,,,252928,
2.016996,BUFFER,247,,,,252928,held=1
2.017027,DELIVER,247,,,,253952,
2.024977,BUFFER,248,,,,253952,held=1
2.024989,DELIVER,248,,,,254976,
2.036873,BUFFER,249,,,,254976,held=1
2.036886,DELIVER,249,,,,256000,
2.054969,BUFFER,251,,,,256000,held=1
2.055006,NAK,250,,,,256000,
2.055229,BUFFER,252,,,,256000,held=2
2.055451,BUFFER,253,,,,256000,held=3
2.055660,BUFFER,254,,,,256000,held=4
2.056174,BUFFER,255,,,,256000,held=5
2.056398,BUFFER,256,,,,256000,held=6
2.056592,BUFFER,257,,,,256000,held=7
2.057085,BUFFER,258,,,,256000,held=8
2.070021,BUFFER,259,,,,256000,held=9
2.070348,BUFFER,260,,,,256000,held=10
2.070665,BUFFER,261,,,,256000,held=11
2.070975,BUFFER,262,,,,256000,held=12
2.071250,BUFFER,263,,,,256000,held=13
2.071511,BUFFER,264,,,,256000,held=14
2.094286,BUFFER,250,,,,256000,held=15
2.094306,DELIVER,250,,,,257024,
2.094313,DELIVER,251,,,,258048,
2.094319,DELIVER,252,,,,259072,
2.094324,DELIVER,253,,,,260096,
2.094328,DELIVER,254,,,,261120,
2.094333,DELIVER,255,,,,262144,
2.094434,DELIVER,256,,,,263168,
2.094442,DELIVER,257,,,,264192,
2.094448,DELIVER,258,,,,265216,
2.094453,DELIVER,259,,,,266240,
2.094457,DELIVER,260,,,,267264,
2.094462,DELIVER,261,,,,268288,
2.094467,DELIVER,262,,,,269312,
2.094471,DELIVER,263,,,,270336,
2.094476,DELIVER,264,,,,271360,
2.099480,DUP,250,,,,271360,
2.099987,BUFFER,265,,,,271360,held=1
2.100004,DELIVER,265,,,,272384,
2.103700,BUFFER,266,,,,272384,held=1
2.103734,DELIVER,266,,,,273408,
2.104008,BUFFER,267,,,,273408,held=1
2.104017,DELIVER,267,,,,274432,
2.104255,BUFFER,268,,,,274432,held=1
2.104265,DELIVER,268,,,,275456,
2.104591,BUFFER,269,,,,275456,held=1
2.104598,DELIVER,269,,,,276480,
2.106698,BUFFER,270,,,,276480,held=1
2.106719,DELIVER,270,,,,277504,
2.107010,BUFFER,271,,,,277504,held=1
2.107018,DELIVER,271,,,,278528,
2.115181,BUFFER,272,,,,278528,held=1
2.115205,DELIVER,272,,,,279552,
2.115839,BUFFER,273,,,,279552,held=1
2.115855,DELIVER,273,,,,280576,
2.116080,BUFFER,275,,,,280576,held=1
2.116097,NAK,274,,,,280576,
2.116295,BUFFER,276,,,,280576,held=2
2.144612,BUFFER,277,,,,280576,held=3
2.144897,BUFFER,278,,,,280576,held=4
2.196079,NAK,274,,,,280576,
2.247199,NAK,274,,,,280576,
2.298316,NAK,274,,,,280576,
2.350165,NAK,274,,,,280576,
2.401464,NAK,274,,,,280576,
2.452628,NAK,274,,,,280576,
2.503811,NAK,274,,,,280576,
2.554626,NAK,274,,,,280576,
2.605887,NAK,274,,,,280576,
2.657080,NAK,274,,,,280576,
2.708361,NAK,274,,,,280576,
2.759168,NAK,274,,,,280576,
2.809348,NAK,274,,,,280576,
2.860571,NAK,274,,,,280576,
2.912050,NAK,274,,,,280576,
2.958391,BUFFER,281,,,,280576,held=5
2.958420,NAK,279,,,,280576,
2.958456,NAK,280,,,,280576,
3.002867,BUFFER,280,,,,280576,held=6
3.002916,NAK,274,,,,280576,
3.046397,BUFFER,274,,,,280576,held=7
3.046479,DELIVER,274,,,,281600,
3.046495,DELIVER,275,,,,282624,
3.046501,DELIVER,276,,,,283648,
3.046579,DELIVER,277,,,,284672,
3.046588,DELIVER,278,,,,285696,
3.046614,NAK,279,,,,285696,
3.046879,BUFFER,292,,,,285696,held=3
3.046902,NAK,282,,,,285696,
3.046916,NAK,283,,,,285696,
3.046929,NAK,284,,,,285696,
3.046941,NAK,285,,,,285696,
3.046952,NAK,286,,,,285696,
3.046965,NAK,287,,,,285696,
3.046977,NAK,288,,,,285696,
3.046989,NAK,289,,,,285696,
3.047001,NAK,290,,,,285696,
3.047013,NAK,291,,,,285696,
3.090407,BUFFER,279,,,,285696,held=4
3.090441,DELIVER,279,,,,286720,
3.090450,DELIVER,280,,,,287744,
3.090455,DELIVER,281,,,,288768,
3.090844,BUFFER,293,,,,288768,held=2
3.102813,BUFFER,282,,,,288768,held=3
3.102837,DELIVER,282,,,,289792,
3.102859,NAK,283,,,,289792,
3.102873,NAK,284,,,,289792,
3.102886,NAK,285,,,,289792,
3.102899,NAK,286,,,,289792,
3.102911,NAK,287,,,,289792,
3.102923,NAK,288,,,,289792,
3.102935,NAK,289,,,,289792,
3.102948,NAK,290,,,,289792,
3.102960,NAK,291,,,,289792,
3.112546,BUFFER,283,,,,289792,held=3
3.112577,DELIVER,283,,,,290816,
3.112865,BUFFER,284,,,,290816,held=3
3.112874,DELIVER,284,,,,291840,
3.114373,BUFFER,285,,,,291840,held=3
3.114406,DELIVER,285,,,,292864,
3.114935,BUFFER,294,,,,292864,held=3
3.115194,DUP,253,,,,292864,
3.115431,DUP,262,,,,292864,
3.115673,BUFFER,286,,,,292864,held=4
3.115685,DELIVER,286,,,,293888,
3.115957,BUFFER,287,,,,293888,held=4
3.115967,DELIVER,287,,,,294912,
3.116177,BUFFER,288,,,,294912,held=4
3.116184,DELIVER,288,,,,295936,
3.116496,BUFFER,289,,,,295936,held=4
3.116548,DELIVER,289,,,,296960,
3.117513,BUFFER,290,,,,296960,held=4
3.117532,DELIVER,290,,,,297984,
3.117833,BUFFER,291,,,,297984,held=4
3.117844,DELIVER,291,,,,299008,
3.117850,DELIVER,292,,,,300032,
3.117857,DELIVER,293,,,,301056,
3.117861,DELIVER,294,,,,302080,
3.128350,BUFFER,295,,,,302080,held=1
3.128366,DELIVER,295,,,,303104,
3.133922,BUFFER,296,,,,303104,held=1
3.133946,DELIVER,296,,,,304128,
3.136588,DUP,281,,,,304128,
3.136837,BUFFER,297,,,,304128,held=1
3.136850,DELIVER,297,,,,305152,
3.154612,DUP,283,,,,305152,
3.154862,DUP,284,,,,305152,
3.155084,DUP,285,,,,305152,
3.155308,DUP,286,,,,305152,
3.155575,DUP,287,,,,305152,
3.155802,DUP,288,,,,305152,
3.156038,DUP,289,,,,305152,
3.156247,DUP,290,,,,305152,
3.156471,DUP,291,,,,305152,
3.160183,BUFFER,298,,,,305152,held=1
3.160206,DELIVER,298,,,,306176,
3.163207,BUFFER,299,,,,306176,held=1
3.163233,DELIVER,299,,,,307200,
3.163509,BUFFER,300,,,,307200,held=1
3.163522,DELIVER,300,,,,308224,
3.163880,DUP,281,,,,308224,
3.166896,BUFFER,301,,,,308224,held=1
3.166924,DELIVER,301,,,,309248,
3.167226,BUFFER,302,,,,309248,held=1
3.167243,DELIVER,302,,,,310272,
3.167616,BUFFER,303,,,,310272,held=1
3.167633,DELIVER,303,,,,311296,
3.167874,BUFFER,304,,,,311296,held=1
3.167883,DELIVER,304,,,,312320,
3.168128,BUFFER,305,,,,312320,held=1
3.168154,DELIVER,305,,,,313344,
3.168400,BUFFER,306,,,,313344,held=1
3.168408,DELIVER,306,,,,314368,
3.168628,BUFFER,307,,,,314368,held=1
3.168636,DELIVER,307,,,,315392,
3.178571,BUFFER,308,,,,315392,held=1
3.178596,DELIVER,308,,,,316416,
3.178849,BUFFER,309,,,,316416,held=1
3.178856,DELIVER,309,,,,317440,
3.186189,BUFFER,310,,,,317440,held=1
3.186217,DELIVER,310,,,,318464,
3.186592,BUFFER,311,,,,318464,held=1
3.186610,DELIVER,311,,,,319488,
3.207090,BUFFER,312,,,,319488,held=1
3.207115,DELIVER,312,,,,320512,
3.208208,BUFFER,313,,,,320512,held=1
3.208226,DELIVER,313,,,,321536,
3.214583,BUFFER,314,,,,321536,held=1
3.214610,DELIVER,314,,,,322560,
3.214889,BUFFER,315,,,,322560,held=1
3.214900,DELIVER,315,,,,323584,
3.215169,BUFFER,316,,,,323584,held=1
3.215181,DELIVER,316,,,,324608,
3.215465,BUFFER,317,,,,324608,held=1
3.215477,DELIVER,317,,,,325632,
3.221467,DUP,304,,,,325632,
3.222039,BUFFER,318,,,,325632,held=1
3.222056,DELIVER,318,,,,326656,
3.222312,BUFFER,319,,,,326656,held=1
3.222323,DELIVER,319,,,,327680,
3.222753,BUFFER,320,,,,327680,held=1
3.222838,DELIVER,320,,,,328704,
3.223191,BUFFER,321,,,,328704,held=1
3.223213,DELIVER,321,,,,329728,
3.232371,BUFFER,322,,,,329728,held=1
3.232400,DELIVER,322,,,,330752,
3.232727,BUFFER,323,,,,330752,held=1
3.232739,DELIVER,323,,,,331776,
3.233036,BUFFER,324,,,,331776,held=1
3.233046,DELIVER,324,,,,332800,
3.241517,BUFFER,325,,,,332800,held=1
3.241540,DELIVER,325,,,,333824,
3.261242,BUFFER,327,,,,333824,held=1
3.261270,NAK,326,,,,333824,
3.261529,BUFFER,328,,,,333824,held=2
3.263712,BUFFER,329,,,,333824,held=3
3.263993,BUFFER,330,,,,333824,held=4
3.264259,BUFFER,331,,,,333824,held=5
3.267642,BUFFER,332,,,,333824,held=6
3.268154,BUFFER,333,,,,333824,held=7
3.268397,BUFFER,334,,,,333824,held=8
3.268657,BUFFER,335,,,,333824,held=9
3.268892,BUFFER,336,,,,333824,held=10
3.269130,BUFFER,337,,,,333824,held=11
3.278906,BUFFER,338,,,,333824,held=12
3.282633,BUFFER,339,,,,333824,held=13
3.307619,DUP,324,,,,333824,
3.313878,BUFFER,340,,,,333824,held=14
3.313914,NAK,326,,,,333824,
3.314138,BUFFER,342,,,,333824,held=15
3.314156,NAK,341,,,,333824,
3.314520,BUFFER,343,,,,333824,held=16
3.314868,BUFFER,344,,,,333824,held=17
3.318287,BUFFER,345,,,,333824,held=18
3.318578,BUFFER,346,,,,333824,held=19
3.318789,BUFFER,347,,,,333824,held=20
3.320605,BUFFER,348,,,,333824,held=21
3.324720,BUFFER,349,,,,333824,held=22
3.352470,BUFFER,350,,,,333824,held=23
3.352799,BUFFER,326,,,,333824,held=24
3.352814,DELIVER,326,,,,334848,
3.352821,DELIVER,327,,,,335872,
3.352826,DELIVER,328,,,,336896,
3.352831,DELIVER,329,,,,337920,
3.352838,DELIVER,330,,,,338944,
3.352843,DELIVER,331,,,,339968,
3.352848,DELIVER,332,,,,340992,
3.352852,DELIVER,333,,,,342016,
3.352857,DELIVER,334,,,,343040,
3.352862,DELIVER,335,,,,344064,
3.352866,DELIVER,336,,,,345088,
3.352872,DELIVER,337,,,,346112,
3.352876,DELIVER,338,,,,347136,
3.352881,DELIVER,339,,,,348160,
3.352886,DELIVER,340,,,,349184,
3.353120,BUFFER,351,,,,349184,held=10
3.353406,BUFFER,341,,,,349184,held=11
3.353417,DELIVER,341,,,,350208,
3.353423,DELIVER,342,,,,351232,
3.353428,DELIVER,343,,,,352256,
3.353434,DELIVER,344,,,,353280,
3.353439,DELIVER,345,,,,354304,
3.353448,DELIVER,346,,,,355328,
3.353453,DELIVER,347,,,,356352,
3.353458,DELIVER,348,,,,357376,
3.353463,DELIVER,349,,,,358400,
3.353467,DELIVER,350,,,,359424,
3.353472,DELIVER,351,,,,360448,
3.363082,DUP,326,,,,360448,
3.363321,BUFFER,352,,,,360448,held=1
3.363334,DELIVER,352,,,,361472,
3.363659,BUFFER,354,,,,361472,held=1
3.363680,NAK,353,,,,361472,
3.363902,BUFFER,355,,,,361472,held=2
3.365760,BUFFER,356,,,,361472,held=3
3.366021,DUP,329,,,,361472,
3.366294,BUFFER,359,,,,361472,held=4
3.366317,NAK,357,,,,361472,
3.366332,NAK,358,,,,361472,
3.370142,BUFFER,360,,,,361472,held=5
3.370388,DUP,332,,,,361472,
3.403471,BUFFER,362,,,,361472,held=6
3.403510,NAK,361,,,,361472,
3.407746,DUP,329,,,,361472,
3.408038,BUFFER,353,,,,361472,held=7
3.408052,DELIVER,353,,,,362496,
3.408058,DELIVER,354,,,,363520,
3.408064,DELIVER,355,,,,364544,
3.408069,DELIVER,356,,,,365568,
3.408859,BUFFER,363,,,,365568,held=4
3.409869,BUFFER,364,,,,365568,held=5
3.410121,BUFFER,365,,,,365568,held=6
3.415987,BUFFER,366,,,,365568,held=7
3.416363,BUFFER,357,,,,365568,held=8
3.416377,DELIVER,357,,,,366592,
3.416440,NAK,358,,,,366592,
3.416840,BUFFER,367,,,,366592,held=8
3.417275,BUFFER,358,,,,366592,held=9
3.417290,DELIVER,358,,,,367616,
3.417297,DELIVER,359,,,,368640,
3.417302,DELIVER,360,,,,369664,
3.417597,BUFFER,368,,,,369664,held=7
3.417870,BUFFER,369,,,,369664,held=8
3.440570,BUFFER,361,,,,369664,held=9
3.440655,DELIVER,361,,,,370688,
3.440663,DELIVER,362,,,,371712,
3.440669,DELIVER,363,,,,372736,
3.440674,DELIVER,364,,,,373760,
3.440679,DELIVER,365,,,,374784,
3.440684,DELIVER,366,,,,375808,
3.440689,DELIVER,367,,,,376832,
3.440694,DELIVER,368,,,,377856,
3.440700,DELIVER,369,,,,378880,
3.456008,BUFFER,370,,,,378880,held=1
3.456035,DELIVER,370,,,,379904,
3.456293,DUP,350,,,,379904,
3.459800,DUP,350,,,,379904,
3.461802,BUFFER,371,,,,379904,held=1
3.461830,DELIVER,371,,,,380928,
3.462386,BUFFER,372,,,,380928,held=1
3.462404,DELIVER,372,,,,381952,
3.463230,BUFFER,373,,,,381952,held=1
3.463256,DELIVER,373,,,,382976,
3.463589,BUFFER,374,,,,382976,held=1
3.463600,DELIVER,374,,,,384000,
3.463811,DUP,358,,,,384000,
3.464128,BUFFER,375,,,,384000,held=1
3.464148,DELIVER,375,,,,385024,
3.464690,BUFFER,376,,,,385024,held=1
3.464712,DELIVER,376,,,,386048,
3.465133,BUFFER,377,,,,386048,held=1
3.465149,DELIVER,377,,,,387072,
3.465438,DUP,356,,,,387072,
3.465699,BUFFER,378,,,,387072,held=1
3.465708,DELIVER,378,,,,388096,
3.465946,BUFFER,379,,,,388096,held=1
3.465957,DELIVER,379,,,,389120,
3.486153,BUFFER,380,,,,389120,held=1
3.486175,DELIVER,380,,,,390144,
3.486433,BUFFER,381,,,,390144,held=1
3.486445,DELIVER,381,,,,391168,
3.502231,BUFFER,382,,,,391168,held=1
3.502260,DELIVER,382,,,,392192,
3.502520,BUFFER,383,,,,392192,held=1
3.502531,DELIVER,383,,,,393216,
3.509218,BUFFER,384,,,,393216,held=1
3.509666,DELIVER,384,,,,394240,
3.510361,DUP,351,,,,394240,
3.512236,BUFFER,385,,,,394240,held=1
3.512260,DELIVER,385,,,,395264,
3.512655,BUFFER,386,,,,395264,held=1
3.512671,DELIVER,386,,,,396288,
3.512899,BUFFER,387,,,,396288,held=1
3.512907,DELIVER,387,,,,397312,
3.513398,BUFFER,388,,,,397312,held=1
3.513413,DELIVER,388,,,,398336,
3.513903,BUFFER,389,,,,398336,held=1
3.513918,DELIVER,389,,,,399360,
3.514179,BUFFER,390,,,,399360,held=1
3.514189,DELIVER,390,,,,400384,
3.514475,BUFFER,391,,,,400384,held=1
3.514486,DELIVER,391,,,,401408,
3.514694,BUFFER,392,,,,401408,held=1
3.514701,DELIVER,392,,,,402432,
3.524151,BUFFER,393,,,,402432,held=1
3.524179,DELIVER,393,,,,403456,
3.545641,BUFFER,394,,,,403456,held=1
3.545746,DELIVER,394,,,,404480,
3.555086,BUFFER,395,,,,404480,held=1
3.555112,DELIVER,395,,,,405504,
3.555343,BUFFER,396,,,,405504,held=1
3.555350,DELIVER,396,,,,406528,
3.555574,BUFFER,397,,,,406528,held=1
3.555581,DELIVER,397,,,,407552,
3.555834,BUFFER,398,,,,407552,held=1
3.555846,DELIVER,398,,,,408576,
3.561040,DUP,373,,,,408576,
3.561592,DUP,373,,,,408576,
3.564609,BUFFER,399,,,,408576,held=1
3.564639,DELIVER,399,,,,409600,
3.565121,BUFFER,400,,,,409600,held=1
3.565133,DELIVER,400,,,,410624,
3.565385,BUFFER,401,,,,410624,held=1
3.565486,DELIVER,401,,,,411648,
3.565781,BUFFER,402,,,,411648,held=1
3.565790,DELIVER,402,,,,412672,
3.566089,BUFFER,403,,,,412672,held=1
3.566102,DELIVER,403,,,,413696,
3.566466,BUFFER,404,,,,413696,held=1
3.566477,DELIVER,404,,,,414720,
3.578574,BUFFER,405,,,,414720,held=1
3.578728,DELIVER,405,,,,415744,
3.584799,DUP,381,,,,415744,
3.589699,BUFFER,406,,,,415744,held=1
3.589718,DELIVER,406,,,,416768,
3.603397,BUFFER,407,,,,416768,held=1
3.603424,DELIVER,407,,,,417792,
3.603638,BUFFER,408,,,,417792,held=1
3.603647,DELIVER,408,,,,418816,
3.604957,BUFFER,409,,,,418816,held=1
3.604987,DELIVER,409,,,,419840,
3.607417,BUFFER,410,,,,419840,held=1
3.607444,DELIVER,410,,,,420864,
3.607870,BUFFER,411,,,,420864,held=1
3.607884,DELIVER,411,,,,421888,
3.608476,DUP,381,,,,421888,
3.615286,BUFFER,412,,,,421888,held=1
3.615309,DELIVER,412,,,,422912,
3.615771,BUFFER,413,,,,422912,held=1
3.615787,DELIVER,413,,,,423936,
3.616574,BUFFER,414,,,,423936,held=1
3.616610,DELIVER,414,,,,424960,
3.616859,BUFFER,415,,,,424960,held=1
3.616869,DELIVER,415,,,,425984,
3.617108,BUFFER,416,,,,425984,held=1
3.617117,DELIVER,416,,,,427008,
3.617379,BUFFER,417,,,,427008,held=1
3.617390,DELIVER,417,,,,428032,
3.631131,BUFFER,418,,,,428032,held=1
3.631152,DELIVER,418,,,,429056,
3.638896,BUFFER,419,,,,429056,held=1
3.638923,DELIVER,419,,,,430080,
3.639226,BUFFER,420,,,,430080,held=1
3.639239,DELIVER,420,,,,431104,
3.651702,DUP,395,,,,431104,
3.653747,BUFFER,421,,,,431104,held=1
3.653775,DELIVER,421,,,,432128,
3.655563,BUFFER,422,,,,432128,held=1
3.655586,DELIVER,422,,,,433152,
3.657182,BUFFER,423,,,,433152,held=1
3.657262,DELIVER,423,,,,434176,
3.657669,BUFFER,424,,,,434176,held=1
3.657683,DELIVER,424,,,,435200,
3.657922,BUFFER,425,,,,435200,held=1
3.657932,DELIVER,425,,,,436224,
3.658149,BUFFER,426,,,,436224,held=1
3.658175,DELIVER,426,,,,437248,
3.664878,BUFFER,427,,,,437248,held=1
3.664934,DELIVER,427,,,,438272,
3.665339,BUFFER,428,,,,438272,held=1
3.665349,DELIVER,428,,,,439296,
3.667642,BUFFER,429,,,,439296,held=1
3.667667,DELIVER,429,,,,440320,
3.667925,BUFFER,430,,,,440320,held=1
3.667935,DELIVER,430,,,,441344,
3.668189,BUFFER,431,,,,441344,held=1
3.668201,DELIVER,431,,,,442368,
3.668474,BUFFER,432,,,,442368,held=1
3.668486,DELIVER,432,,,,443392,
3.670415,BUFFER,433,,,,443392,held=1
3.670446,DELIVER,433,,,,444416,
3.683004,BUFFER,434,,,,444416,held=1
3.683023,DELIVER,434,,,,445440,
3.683252,BUFFER,435,,,,445440,held=1
3.683317,DELIVER,435,,,,446464,
3.705644,BUFFER,436,,,,446464,held=1
3.705671,DELIVER,436,,,,447488,
3.705965,BUFFER,439,,,,447488,held=1
3.706017,NAK,437,,,,447488,
3.706029,NAK,438,,,,447488,
3.706261,BUFFER,440,,,,447488,held=2
3.706533,BUFFER,441,,,,447488,held=3
3.706761,BUFFER,443,,,,447488,held=4
3.706781,NAK,442,,,,447488,
3.718690,BUFFER,444,,,,447488,held=5
3.718975,BUFFER,445,,,,447488,held=6
3.719264,BUFFER,447,,,,447488,held=7
3.719286,NAK,446,,,,447488,
3.719564,BUFFER,448,,,,447488,held=8
3.719851,BUFFER,449,,,,447488,held=9
3.720097,BUFFER,450,,,,447488,held=10
3.728556,BUFFER,451,,,,447488,held=11
3.735680,BUFFER,452,,,,447488,held=12
3.749673,BUFFER,437,,,,447488,held=13
3.749693,DELIVER,437,,,,448512,
3.749912,DUP,437,,,,448512,
3.750571,BUFFER,453,,,,448512,held=13
3.755377,BUFFER,454,,,,448512,held=14
3.755640,BUFFER,442,,,,448512,held=15
3.758144,BUFFER,455,,,,448512,held=16
3.758176,NAK,438,,,,448512,
3.758477,BUFFER,456,,,,448512,held=17
3.758704,BUFFER,457,,,,448512,held=18
3.764526,BUFFER,446,,,,448512,held=19
3.764918,BUFFER,458,,,,448512,held=20
3.767118,BUFFER,459,,,,448512,held=21
3.768562,BUFFER,460,,,,448512,held=22
3.769328,BUFFER,461,,,,448512,held=23
3.774967,BUFFER,462,,,,448512,held=24
3.775272,BUFFER,463,,,,448512,held=25
3.785708,BUFFER,464,,,,448512,held=26
3.788132,BUFFER,465,,,,448512,held=27
3.805269,BUFFER,438,,,,448512,held=28
3.805291,DELIVER,438,,,,449536,
3.805297,DELIVER,439,,,,450560,
3.805303,DELIVER,440,,,,451584,
3.805309,DELIVER,441,,,,452608,
3.805314,DELIVER,442,,,,453632,
3.805319,DELIVER,443,,,,454656,
3.805324,DELIVER,444,,,,455680,
3.805329,DELIVER,445,,,,456704,
3.805333,DELIVER,446,,,,457728,
3.805338,DELIVER,447,,,,458752,
3.805343,DELIVER,448,,,,459776,
3.805348,DELIVER,449,,,,460800,
3.805353,DELIVER,450,,,,461824,
3.805357,DELIVER,451,,,,462848,
3.805361,DELIVER,452,,,,463872,
3.805366,DELIVER,453,,,,464896,
3.805370,DELIVER,454,,,,465920,
3.805375,DELIVER,455,,,,466944,
3.805379,DELIVER,456,,,,467968,
3.805385,DELIVER,457,,,,468992,
3.805389,DELIVER,458,,,,470016,
3.805394,DELIVER,459,,,,471040,
3.805398,DELIVER,460,,,,472064,
3.805402,DELIVER,461,,,,473088,
3.805410,DELIVER,462,,,,474112,
3.805415,DELIVER,463,,,,475136,
3.805419,DELIVER,464,,,,476160,
3.805424,DELIVER,465,,,,477184,
3.805699,BUFFER,466,,,,477184,held=1
3.805712,DELIVER,466,,,,478208,
3.805965,BUFFER,467,,,,478208,held=1
3.805977,DELIVER,467,,,,479232,
3.806224,BUFFER,468,,,,479232,held=1
3.806232,DELIVER,468,,,,480256,
3.806444,BUFFER,469,,,,480256,held=1
3.806452,DELIVER,469,,,,481280,
3.813854,BUFFER,470,,,,481280,held=1
3.813873,DELIVER,470,,,,482304,
3.814125,BUFFER,471,,,,482304,held=1
3.814133,DELIVER,471,,,,483328,
3.821068,BUFFER,472,,,,483328,held=1
3.821093,DELIVER,472,,,,484352,
3.821358,BUFFER,473,,,,484352,held=1
3.821367,DELIVER,473,,,,485376,
3.821605,BUFFER,474,,,,485376,held=1
3.821620,DELIVER,474,,,,486400,
3.821854,BUFFER,475,,,,486400,held=1
3.821862,DELIVER,475,,,,487424,
3.822092,BUFFER,476,,,,487424,held=1
3.822100,DELIVER,476,,,,488448,
3.822331,BUFFER,477,,,,488448,held=1
3.822340,DELIVER,477,,,,489472,
3.822547,BUFFER,478,,,,489472,held=1
3.822554,DELIVER,478,,,,490496,
3.822778,BUFFER,479,,,,490496,held=1
3.822789,DELIVER,479,,,,491520,
3.839978,BUFFER,480,,,,491520,held=1
3.840003,DELIVER,480,,,,492544,
3.840265,DUP,452,,,,492544,
3.849399,BUFFER,481,,,,492544,held=1
3.849422,DELIVER,481,,,,493568,
3.849660,DUP,452,,,,493568,
3.850837,BUFFER,482,,,,493568,held=1
3.850855,DELIVER,482,,,,494592,
3.854211,BUFFER,483,,,,494592,held=1
3.854237,DELIVER,483,,,,495616,
3.859288,BUFFER,484,,,,495616,held=1
3.859315,DELIVER,484,,,,496640,
3.859552,BUFFER,486,,,,496640,held=1
3.859570,NAK,485,,,,496640,
3.859831,BUFFER,487,,,,496640,held=2
3.861063,BUFFER,488,,,,496640,held=3
3.871080,BUFFER,489,,,,496640,held=4
3.871363,BUFFER,490,,,,496640,held=5
3.871659,BUFFER,491,,,,496640,held=6
3.871923,BUFFER,492,,,,496640,held=7
3.872155,BUFFER,493,,,,496640,held=8
3.872957,BUFFER,494,,,,496640,held=9
3.873258,BUFFER,495,,,,496640,held=10
3.873562,BUFFER,496,,,,496640,held=11
3.887066,BUFFER,497,,,,496640,held=12
3.887478,BUFFER,498,,,,496640,held=13
3.891742,BUFFER,500,,,,496640,held=14
3.891783,NAK,499,,,,496640,
3.902525,BUFFER,501,,,,496640,held=15
3.908726,BUFFER,485,,,,496640,held=16
3.908754,DELIVER,485,,,,497664,
3.908765,DELIVER,486,,,,498688,
3.908772,DELIVER,487,,,,499712,
3.908779,DELIVER,488,,,,500736,
3.908785,DELIVER,489,,,,501760,
3.908790,DELIVER,490,,,,502784,
3.908796,DELIVER,491,,,,503808,
3.908802,DELIVER,492,,,,504832,
3.908807,DELIVER,493,,,,505856,
3.908813,DELIVER,494,,,,506880,
3.908818,DELIVER,495,,,,507904,
3.908824,DELIVER,496,,,,508928,
3.908831,DELIVER,497,,,,509952,
3.908837,DELIVER,498,,,,510976,
3.909110,DUP,485,,,,510976,
3.909400,BUFFER,502,,,,510976,held=3
3.909841,BUFFER,503,,,,510976,held=4
3.920204,BUFFER,504,,,,510976,held=5
3.923622,BUFFER,505,,,,510976,held=6
3.924332,BUFFER,506,,,,510976,held=7
3.924943,BUFFER,507,,,,510976,held=8
3.925562,BUFFER,508,,,,510976,held=9
3.925979,BUFFER,509,,,,510976,held=10
3.926325,BUFFER,510,,,,510976,held=11
3.926712,BUFFER,511,,,,510976,held=12
3.926964,BUFFER,512,,,,510976,held=13
3.927204,BUFFER,513,,,,510976,held=14
3.929410,BUFFER,514,,,,510976,held=15
3.932796,BUFFER,499,,,,510976,held=16
3.932822,DELIVER,499,,,,512000,
3.932828,DELIVER,500,,,,513024,
3.932834,DELIVER,501,,,,514048,
3.932839,DELIVER,502,,,,515072,
3.932844,DELIVER,503,,,,516096,
3.932849,DELIVER,504,,,,517120,
3.932854,DELIVER,505,,,,518144,
3.932858,DELIVER,506,,,,519168,
3.932863,DELIVER,507,,,,520192,
3.932868,DELIVER,508,,,,521216,
3.932873,DELIVER,509,,,,522240,
3.932878,DELIVER,510,,,,523264,
3.932884,DELIVER,511,,,,524288,
3.933071,DELIVER,512,,,,525312,
3.933079,DELIVER,513,,,,526336,
3.933084,DELIVER,514,,,,527360,
3.938262,BUFFER,515,,,,527360,held=1
3.938310,DELIVER,515,,,,528384,
3.947597,BUFFER,516,,,,528384,held=1
3.947617,DELIVER,516,,,,529408,
3.947950,BUFFER,517,,,,529408,held=1
3.948001,DELIVER,517,,,,530432,
3.955368,BUFFER,518,,,,530432,held=1
3.955389,DELIVER,518,,,,531456,
3.972590,DUP,499,,,,531456,
3.972913,BUFFER,520,,,,531456,held=1
3.972941,NAK,519,,,,531456,
3.974591,BUFFER,521,,,,531456,held=2
3.974941,BUFFER,522,,,,531456,held=3
3.975317,BUFFER,523,,,,531456,held=4
3.975600,BUFFER,524,,,,531456,held=5
3.976131,BUFFER,525,,,,531456,held=6
3.976734,BUFFER,526,,,,531456,held=7
3.977442,BUFFER,528,,,,531456,held=8
3.977534,NAK,527,,,,531456,
3.978931,BUFFER,529,,,,531456,held=9
3.979181,BUFFER,530,,,,531456,held=10
3.979404,BUFFER,531,,,,531456,held=11
3.993797,DUP,510,,,,531456,
4.006997,BUFFER,533,,,,531456,held=12
4.007042,NAK,532,,,,531456,
4.011812,BUFFER,519,,,,531456,held=13
4.011835,DELIVER,519,,,,532480,
4.011843,DELIVER,520,,,,533504,
4.011849,DELIVER,521,,,,534528,
4.011856,DELIVER,522,,,,535552,
4.011862,DELIVER,523,,,,536576,
4.011868,DELIVER,524,,,,537600,
4.011873,DELIVER,525,,,,538624,
4.011879,DELIVER,526,,,,539648,
4.019665,BUFFER,534,,,,539648,held=6
4.023133,BUFFER,535,,,,539648,held=7
4.027013,BUFFER,536,,,,539648,held=8
4.027591,BUFFER,538,,,,539648,held=9
4.027715,NAK,527,,,,539648,
4.027733,NAK,537,,,,539648,
4.028186,BUFFER,539,,,,539648,held=10
4.029123,BUFFER,540,,,,539648,held=11
4.029432,BUFFER,541,,,,539648,held=12
4.029876,BUFFER,542,,,,539648,held=13
4.030259,BUFFER,543,,,,539648,held=14
4.031057,BUFFER,544,,,,539648,held=15
4.036893,BUFFER,545,,,,539648,held=16
4.037437,BUFFER,546,,,,539648,held=17
4.039362,BUFFER,547,,,,539648,held=18
4.053125,BUFFER,532,,,,539648,held=19
4.053859,BUFFER,548,,,,539648,held=20
4.060580,BUFFER,549,,,,539648,held=21
4.068822,BUFFER,550,,,,539648,held=22
4.078243,BUFFER,551,,,,539648,held=23
4.078292,NAK,527,,,,539648,
4.078317,NAK,537,,,,539648,
4.078839,BUFFER,552,,,,539648,held=24
4.083177,BUFFER,553,,,,539648,held=25
4.083564,BUFFER,554,,,,539648,held=26
4.083921,BUFFER,555,,,,539648,held=27
4.084266,BUFFER,556,,,,539648,held=28
4.084634,BUFFER,557,,,,539648,held=29
4.084944,BUFFER,558,,,,539648,held=30
4.089288,BUFFER,559,,,,539648,held=31
4.089606,BUFFER,560,,,,539648,held=32
4.089910,BUFFER,561,,,,539648,held=33
4.103843,BUFFER,562,,,,539648,held=34
4.106080,BUFFER,563,,,,539648,held=35
4.106340,BUFFER,564,,,,539648,held=36
4.106553,BUFFER,565,,,,539648,held=37
4.123953,BUFFER,537,,,,539648,held=38
4.129042,BUFFER,527,,,,539648,held=39
4.129062,DELIVER,527,,,,540672,
4.129069,DELIVER,528,,,,541696,
4.129075,DELIVER,529,,,,542720,
4.129080,DELIVER,530,,,,543744,
4.129086,DELIVER,531,,,,544768,
4.129091,DELIVER,532,,,,545792,
4.129096,DELIVER,533,,,,546816,
4.129101,DELIVER,534,,,,547840,
4.129106,DELIVER,535,,,,548864,
4.129110,DELIVER,536,,,,549888,
4.129115,DELIVER,537,,,,550912,
4.129120,DELIVER,538,,,,551936,
4.129125,DELIVER,539,,,,552960,
4.129129,DELIVER,540,,,,553984,
4.129160,DELIVER,541,,,,555008,
4.129166,DELIVER,542,,,,556032,
4.129172,DELIVER,543,,,,557056,
4.129177,DELIVER,544,,,,558080,
4.129182,DELIVER,545,,,,559104,
4.129187,DELIVER,546,,,,560128,
4.129192,DELIVER,547,,,,561152,
4.129196,DELIVER,548,,,,562176,
4.129201,DELIVER,549,,,,563200,
4.129206,DELIVER,550,,,,564224,
4.129210,DELIVER,551,,,,565248,
4.129215,DELIVER,552,,,,566272,
4.129219,DELIVER,553,,,,567296,
4.129224,DELIVER,554,,,,568320,
4.129229,DELIVER,555,,,,569344,
4.129233,DELIVER,556,,,,570368,
4.129238,DELIVER,557,,,,571392,
4.129242,DELIVER,558,,,,572416,
4.129246,DELIVER,559,,,,573440,
4.129251,DELIVER,560,,,,574464,
4.129256,DELIVER,561,,,,575488,
4.129260,DELIVER,562,,,,576512,
4.129265,DELIVER,563,,,,577536,
4.129269,DELIVER,564,,,,578560,
4.129274,DELIVER,565,,,,579584,
4.129508,BUFFER,566,,,,579584,held=1
4.129518,DELIVER,566,,,,580608,
4.129913,BUFFER,567,,,,580608,held=1
4.129925,DELIVER,567,,,,581632,
4.130187,BUFFER,568,,,,581632,held=1
4.130199,DELIVER,568,,,,582656,
4.130415,BUFFER,569,,,,582656,held=1
4.130423,DELIVER,569,,,,583680,
4.132000,BUFFER,570,,,,583680,held=1
4.132022,DELIVER,570,,,,584704,
4.132472,BUFFER,571,,,,584704,held=1
4.132490,DELIVER,571,,,,585728,
4.133920,BUFFER,572,,,,585728,held=1
4.133945,DELIVER,572,,,,586752,
4.134178,BUFFER,573,,,,586752,held=1
4.134186,DELIVER,573,,,,587776,
4.134382,BUFFER,575,,,,587776,held=1
4.134407,NAK,574,,,,587776,
4.139885,BUFFER,576,,,,587776,held=2
4.147598,BUFFER,577,,,,587776,held=3
4.155476,BUFFER,580,,,,587776,held=4
4.155505,NAK,578,,,,587776,
4.155520,NAK,579,,,,587776,
4.158877,DUP,549,,,,587776,
4.173678,BUFFER,581,,,,587776,held=5
4.173952,BUFFER,582,,,,587776,held=6
4.174266,BUFFER,583,,,,587776,held=7
4.174806,BUFFER,584,,,,587776,held=8
4.175194,BUFFER,585,,,,587776,held=9
4.178722,BUFFER,586,,,,587776,held=10
4.179237,BUFFER,587,,,,587776,held=11
4.179625,BUFFER,588,,,,587776,held=12
4.179987,BUFFER,574,,,,587776,held=13
4.180008,DELIVER,574,,,,588800,
4.180018,DELIVER,575,,,,589824,
4.180026,DELIVER,576,,,,590848,
4.180034,DELIVER,577,,,,591872,
4.180418,BUFFER,589,,,,591872,held=10
4.180748,BUFFER,590,,,,591872,held=11
4.181121,BUFFER,591,,,,591872,held=12
4.188109,BUFFER,592,,,,591872,held=13
4.198463,BUFFER,593,,,,591872,held=14
4.201585,BUFFER,579,,,,591872,held=15
4.208202,BUFFER,594,,,,591872,held=16
4.208256,NAK,578,,,,591872,
4.212396,BUFFER,595,,,,591872,held=17
4.222705,BUFFER,596,,,,591872,held=18
4.223173,BUFFER,597,,,,591872,held=19
4.223425,BUFFER,598,,,,591872,held=20
4.223666,BUFFER,599,,,,591872,held=21
4.223898,DUP,527,,,,591872,
4.224161,BUFFER,600,,,,591872,held=22
4.231369,BUFFER,601,,,,591872,held=23
4.231906,BUFFER,602,,,,591872,held=24
4.233657,BUFFER,603,,,,591872,held=25
4.235160,BUFFER,604,,,,591872,held=26
4.235437,BUFFER,605,,,,591872,held=27
4.235682,BUFFER,606,,,,591872,held=28
4.235909,BUFFER,607,,,,591872,held=29
4.242312,DUP,575,,,,591872,
4.242569,BUFFER,608,,,,591872,held=30
4.255165,BUFFER,578,,,,591872,held=31
4.255199,DELIVER,578,,,,592896,
4.255206,DELIVER,579,,,,593920,
4.255212,DELIVER,580,,,,594944,
4.255220,DELIVER,581,,,,595968,
4.255225,DELIVER,582,,,,596992,
4.255230,DELIVER,583,,,,598016,
4.255235,DELIVER,584,,,,599040,
4.255240,DELIVER,585,,,,600064,
4.255245,DELIVER,586,,,,601088,
4.255250,DELIVER,587,,,,602112,
4.255254,DELIVER,588,,,,603136,
4.255259,DELIVER,589,,,,604160,
4.255263,DELIVER,590,,,,605184,
4.255268,DELIVER,591,,,,606208,
4.255273,DELIVER,592,,,,607232,
4.255277,DELIVER,593,,,,608256,
4.255282,DELIVER,594,,,,609280,
4.255287,DELIVER,595,,,,610304,
4.255291,DELIVER,596,,,,611328,
4.255296,DELIVER,597,,,,612352,
4.255301,DELIVER,598,,,,613376,
4.255306,DELIVER,599,,,,614400,
4.255311,DELIVER,600,,,,615424,
4.255316,DELIVER,601,,,,616448,
4.255321,DELIVER,602,,,,617472,
4.255325,DELIVER,603,,,,618496,
4.255330,DELIVER,604,,,,619520,
4.255334,DELIVER,605,,,,620544,
4.255339,DELIVER,606,,,,621568,
4.255343,DELIVER,607,,,,622592,
4.255348,DELIVER,608,,,,623616,
4.255730,BUFFER,609,,,,623616,held=1
4.255743,DELIVER,609,,,,624640,
4.256737,BUFFER,610,,,,624640,held=1
4.256753,DELIVER,610,,,,625664,
4.267808,BUFFER,611,,,,625664,held=1
4.267833,DELIVER,611,,,,626688,
4.280399,BUFFER,612,,,,626688,held=1
4.280431,DELIVER,612,,,,627712,
4.280802,BUFFER,613,,,,627712,held=1
4.280816,DELIVER,613,,,,628736,
4.281147,BUFFER,615,,,,628736,held=1
4.281173,NAK,614,,,,628736,
4.281535,BUFFER,616,,,,628736,held=2
4.281912,DUP,582,,,,628736,
4.282185,DUP,575,,,,628736,
4.283122,BUFFER,617,,,,628736,held=3
4.283481,BUFFER,618,,,,628736,held=4
4.284979,BUFFER,619,,,,628736,held=5
4.285248,BUFFER,620,,,,628736,held=6
4.285506,BUFFER,621,,,,628736,held=7
4.285896,BUFFER,622,,,,628736,held=8
4.286310,BUFFER,623,,,,628736,held=9
4.303065,DUP,579,,,,628736,
4.303381,BUFFER,624,,,,628736,held=10
4.303800,BUFFER,625,,,,628736,held=11
4.304077,BUFFER,626,,,,628736,held=12
4.311011,DUP,579,,,,628736,
4.315158,BUFFER,627,,,,628736,held=13
4.315484,BUFFER,628,,,,628736,held=14
4.320117,BUFFER,614,,,,628736,held=15
4.320131,DELIVER,614,,,,629760,
4.320139,DELIVER,615,,,,630784,
4.320145,DELIVER,616,,,,631808,
4.320151,DELIVER,617,,,,632832,
4.320157,DELIVER,618,,,,633856,
4.320163,DELIVER,619,,,,634880,
4.320169,DELIVER,620,,,,635904,
4.320175,DELIVER,621,,,,636928,
4.320181,DELIVER,622,,,,637952,
4.320186,DELIVER,623,,,,638976,
4.320192,DELIVER,624,,,,640000,
4.320198,DELIVER,625,,,,641024,
4.320203,DELIVER,626,,,,642048,
4.320299,DELIVER,627,,,,643072,
4.320308,DELIVER,628,,,,644096,
4.328169,BUFFER,629,,,,644096,held=1
4.328193,DELIVER,629,,,,645120,
4.328778,BUFFER,630,,,,645120,held=1
4.328798,DELIVER,630,,,,646144,
4.329116,BUFFER,631,,,,646144,held=1
4.329126,DELIVER,631,,,,647168,
4.336350,BUFFER,632,,,,647168,held=1
4.336361,DELIVER,632,,,,648192,
4.336677,BUFFER,633,,,,648192,held=1
4.336685,DELIVER,633,,,,649216,
4.336941,BUFFER,634,,,,649216,held=1
4.336948,DELIVER,634,,,,650240,
4.337203,BUFFER,635,,,,650240,held=1
4.337210,DELIVER,635,,,,651264,
4.338506,BUFFER,636,,,,651264,held=1
4.338520,DELIVER,636,,,,652288,
4.338791,BUFFER,637,,,,652288,held=1
4.338799,DELIVER,637,,,,653312,
4.339056,BUFFER,638,,,,653312,held=1
4.339063,DELIVER,638,,,,654336,
4.339317,BUFFER,639,,,,654336,held=1
4.339324,DELIVER,639,,,,655360,
4.353506,DUP,614,,,,655360,
4.353842,BUFFER,640,,,,655360,held=1
4.353986,DELIVER,640,,,,656384,
4.354333,BUFFER,641,,,,656384,held=1
4.354343,DELIVER,641,,,,657408,
4.354632,BUFFER,642,,,,657408,held=1
4.354640,DELIVER,642,,,,658432,
4.354893,BUFFER,643,,,,658432,held=1
4.354900,DELIVER,643,,,,659456,
4.355523,BUFFER,644,,,,659456,held=1
4.355532,DELIVER,644,,,,660480,
4.366077,BUFFER,645,,,,660480,held=1
4.366098,DELIVER,645,,,,661504,
4.369501,BUFFER,646,,,,661504,held=1
4.369519,DELIVER,646,,,,662528,
4.376197,BUFFER,647,,,,662528,held=1
4.376215,DELIVER,647,,,,663552,
4.376614,BUFFER,648,,,,663552,held=1
4.376784,DELIVER,648,,,,664576,
4.378805,BUFFER,649,,,,664576,held=1
4.378861,DELIVER,649,,,,665600,
4.379732,DUP,621,,,,665600,
4.382167,BUFFER,650,,,,665600,held=1
4.382184,DELIVER,650,,,,666624,
4.391033,BUFFER,651,,,,666624,held=1
4.391046,DELIVER,651,,,,667648,
4.391262,BUFFER,653,,,,667648,held=1
4.391278,NAK,652,,,,667648,
4.391483,BUFFER,654,,,,667648,held=2
4.394767,BUFFER,655,,,,667648,held=3
4.395536,BUFFER,656,,,,667648,held=4
4.397109,BUFFER,657,,,,667648,held=5
4.397492,BUFFER,658,,,,667648,held=6
4.400565,BUFFER,660,,,,667648,held=7
4.400598,NAK,659,,,,667648,
4.409692,BUFFER,661,,,,667648,held=8
4.411765,BUFFER,662,,,,667648,held=9
4.416116,BUFFER,663,,,,667648,held=10
4.430107,BUFFER,664,,,,667648,held=11
4.430592,BUFFER,665,,,,667648,held=12
4.430898,BUFFER,666,,,,667648,held=13
4.431157,DUP,629,,,,667648,
4.431438,DUP,629,,,,667648,
4.431721,BUFFER,652,,,,667648,held=14
4.431736,DELIVER,652,,,,668672,
4.431743,DELIVER,653,,,,669696,
4.431748,DELIVER,654,,,,670720,
4.431753,DELIVER,655,,,,671744,
4.431758,DELIVER,656,,,,672768,
4.431763,DELIVER,657,,,,673792,
4.431767,DELIVER,658,,,,674816,
4.441250,BUFFER,667,,,,674816,held=8
4.441798,BUFFER,668,,,,674816,held=9
4.442156,BUFFER,669,,,,674816,held=10
4.444900,BUFFER,670,,,,674816,held=11
4.445230,BUFFER,671,,,,674816,held=12
4.446860,BUFFER,672,,,,674816,held=13
4.447233,BUFFER,673,,,,674816,held=14
4.447523,BUFFER,674,,,,674816,held=15
4.447875,BUFFER,659,,,,674816,held=16
4.447893,DELIVER,659,,,,675840,
4.447899,DELIVER,660,,,,676864,
4.447904,DELIVER,661,,,,677888,
4.447909,DELIVER,662,,,,678912,
4.447915,DELIVER,663,,,,679936,
4.447920,DELIVER,664,,,,680960,
4.447925,DELIVER,665,,,,681984,
4.447930,DELIVER,666,,,,683008,
4.447935,DELIVER,667,,,,684032,
4.447942,DELIVER,668,,,,685056,
4.447946,DELIVER,669,,,,686080,
4.447951,DELIVER,670,,,,687104,
4.447955,DELIVER,671,,,,688128,
4.447960,DELIVER,672,,,,689152,
4.447965,DELIVER,673,,,,690176,
4.447969,DELIVER,674,,,,691200,
4.448264,BUFFER,675,,,,691200,held=1
4.448273,DELIVER,675,,,,692224,
4.460183,BUFFER,676,,,,692224,held=1
4.460202,DELIVER,676,,,,693248,
4.468513,BUFFER,677,,,,693248,held=1
4.468534,DELIVER,677,,,,694272,
4.468808,BUFFER,678,,,,694272,held=1
4.468820,DELIVER,678,,,,695296,
4.469076,BUFFER,679,,,,695296,held=1
4.469090,DELIVER,679,,,,696320,
4.471763,DUP,648,,,,696320,
4.473869,BUFFER,680,,,,696320,held=1
4.473886,DELIVER,680,,,,697344,
4.484056,BUFFER,681,,,,697344,held=1
4.484130,DELIVER,681,,,,698368,
4.484470,BUFFER,682,,,,698368,held=1
4.484483,DELIVER,682,,,,699392,
4.484776,DUP,648,,,,699392,
4.484995,BUFFER,683,,,,699392,held=1
4.485004,DELIVER,683,,,,700416,
4.486812,BUFFER,684,,,,700416,held=1
4.486831,DELIVER,684,,,,701440,
4.492442,BUFFER,685,,,,701440,held=1
4.492467,DELIVER,685,,,,702464,
4.492885,BUFFER,686,,,,702464,held=1
4.492898,DELIVER,686,,,,703488,
4.493237,BUFFER,687,,,,703488,held=1
4.493251,DELIVER,687,,,,704512,
4.493666,BUFFER,688,,,,704512,held=1
4.493681,DELIVER,688,,,,705536,
4.493952,DUP,655,,,,705536,
4.494210,BUFFER,689,,,,705536,held=1
4.494221,DELIVER,689,,,,706560,
4.494827,BUFFER,690,,,,706560,held=1
4.494842,DELIVER,690,,,,707584,
4.504439,BUFFER,692,,,,707584,held=1
4.504478,NAK,691,,,,707584,
4.526122,BUFFER,693,,,,707584,held=2
4.526584,BUFFER,694,,,,707584,held=3
4.526820,BUFFER,695,,,,707584,held=4
4.527021,BUFFER,696,,,,707584,held=5
4.527262,BUFFER,697,,,,707584,held=6
4.535481,DUP,655,,,,707584,
4.535825,BUFFER,698,,,,707584,held=7
4.536601,BUFFER,699,,,,707584,held=8
4.548389,BUFFER,701,,,,707584,held=9
4.548448,NAK,700,,,,707584,
4.548704,BUFFER,702,,,,707584,held=10
4.548951,BUFFER,703,,,,707584,held=11
4.549169,BUFFER,704,,,,707584,held=12
4.549371,BUFFER,705,,,,707584,held=13
4.549597,BUFFER,706,,,,707584,held=14
4.549897,DUP,672,,,,707584,
4.553462,DUP,659,,,,707584,
4.553884,BUFFER,691,,,,707584,held=15
4.553899,DELIVER,691,,,,708608,
4.553906,DELIVER,692,,,,709632,
4.553911,DELIVER,693,,,,710656,
4.553917,DELIVER,694,,,,711680,
4.553921,DELIVER,695,,,,712704,
4.553927,DELIVER,696,,,,713728,
4.553932,DELIVER,697,,,,714752,
4.553936,DELIVER,698,,,,715776,
4.553941,DELIVER,699,,,,716800,
4.554173,BUFFER,707,,,,716800,held=7
4.572875,BUFFER,709,,,,716800,held=8
4.572920,NAK,708,,,,716800,
4.576147,BUFFER,710,,,,716800,held=9
4.576554,BUFFER,711,,,,716800,held=10
4.576810,BUFFER,712,,,,716800,held=11
4.580816,BUFFER,713,,,,716800,held=12
4.581127,BUFFER,714,,,,716800,held=13
4.583533,BUFFER,715,,,,716800,held=14
4.594980,BUFFER,700,,,,716800,held=15
4.595006,DELIVER,700,,,,717824,
4.595013,DELIVER,701,,,,718848,
4.595019,DELIVER,702,,,,719872,
4.595024,DELIVER,703,,,,720896,
4.595029,DELIVER,704,,,,721920,
4.595034,DELIVER,705,,,,722944,
4.595038,DELIVER,706,,,,723968,
4.595043,DELIVER,707,,,,724992,
4.595379,BUFFER,716,,,,724992,held=8
4.595614,BUFFER,717,,,,724992,held=9
4.595872,BUFFER,718,,,,724992,held=10
4.599345,BUFFER,719,,,,724992,held=11
4.599602,BUFFER,720,,,,724992,held=12
4.599831,BUFFER,721,,,,724992,held=13
4.600108,BUFFER,722,,,,724992,held=14
4.602122,BUFFER,723,,,,724992,held=15
4.622067,BUFFER,708,,,,724992,held=16
4.622095,DELIVER,708,,,,726016,
4.622103,DELIVER,709,,,,727040,
4.622110,DELIVER,710,,,,728064,
4.622116,DELIVER,711,,,,729088,
4.622122,DELIVER,712,,,,730112,
4.622128,DELIVER,713,,,,731136,
4.622134,DELIVER,714,,,,732160,
4.622139,DELIVER,715,,,,733184,
4.622292,DELIVER,716,,,,734208,
4.622439,DELIVER,717,,,,735232,
4.622447,DELIVER,718,,,,736256,
4.622453,DELIVER,719,,,,737280,
4.622459,DELIVER,720,,,,738304,
4.622465,DELIVER,721,,,,739328,
4.622472,DELIVER,722,,,,740352,
4.622478,DELIVER,723,,,,741376,
4.622914,BUFFER,724,,,,741376,held=1
4.622928,DELIVER,724,,,,742400,
4.623265,DUP,691,,,,742400,
4.626792,BUFFER,725,,,,742400,held=1
4.626813,DELIVER,725,,,,743424,
4.627057,BUFFER,726,,,,743424,held=1
4.627067,DELIVER,726,,,,744448,
4.627303,BUFFER,727,,,,744448,held=1
4.627312,DELIVER,727,,,,745472,
4.627844,BUFFER,728,,,,745472,held=1
4.627859,DELIVER,728,,,,746496,
4.628320,BUFFER,729,,,,746496,held=1
4.628332,DELIVER,729,,,,747520,
4.628806,BUFFER,730,,,,747520,held=1
4.628818,DELIVER,730,,,,748544,
4.649165,BUFFER,731,,,,748544,held=1
4.649185,DELIVER,731,,,,749568,
4.649443,BUFFER,732,,,,749568,held=1
4.649455,DELIVER,732,,,,750592,
4.649788,BUFFER,733,,,,750592,held=1
4.649800,DELIVER,733,,,,751616,
4.651198,BUFFER,734,,,,751616,held=1
4.651219,DELIVER,734,,,,752640,
4.651556,BUFFER,735,,,,752640,held=1
4.651566,DELIVER,735,,,,753664,
4.651919,BUFFER,736,,,,753664,held=1
4.651960,DELIVER,736,,,,754688,
4.652289,DUP,704,,,,754688,
4.652499,BUFFER,737,,,,754688,held=1
4.652507,DELIVER,737,,,,755712,
4.652680,BUFFER,738,,,,755712,held=1
4.652685,DELIVER,738,,,,756736,
4.655132,BUFFER,739,,,,756736,held=1
4.655141,DELIVER,739,,,,757760,
4.655365,BUFFER,740,,,,757760,held=1
4.655378,DELIVER,740,,,,758784,
4.661061,BUFFER,741,,,,758784,held=1
4.661084,DELIVER,741,,,,759808,
4.668722,BUFFER,742,,,,759808,held=1
4.668746,DELIVER,742,,,,760832,
4.671540,BUFFER,743,,,,760832,held=1
4.671564,DELIVER,743,,,,761856,
4.671984,BUFFER,744,,,,761856,held=1
4.671996,DELIVER,744,,,,762880,
4.672543,BUFFER,745,,,,762880,held=1
4.672557,DELIVER,745,,,,763904,
4.672822,DUP,704,,,,763904,
4.682535,BUFFER,747,,,,763904,held=1
4.682573,NAK,746,,,,763904,
4.697527,BUFFER,748,,,,763904,held=2
4.697874,BUFFER,749,,,,763904,held=3
4.698172,BUFFER,750,,,,763904,held=4
4.698452,BUFFER,751,,,,763904,held=5
4.698742,BUFFER,752,,,,763904,held=6
4.703535,BUFFER,754,,,,763904,held=7
4.703550,NAK,753,,,,763904,
4.703668,BUFFER,755,,,,763904,held=8
4.703795,BUFFER,757,,,,763904,held=9
4.703808,NAK,756,,,,763904,
4.703938,BUFFER,758,,,,763904,held=10
4.704081,BUFFER,759,,,,763904,held=11
4.723912,DUP,741,,,,763904,
4.726817,BUFFER,760,,,,763904,held=12
4.727076,BUFFER,761,,,,763904,held=13
4.727273,BUFFER,762,,,,763904,held=14
4.727502,BUFFER,763,,,,763904,held=15
4.727896,BUFFER,746,,,,763904,held=16
4.727909,DELIVER,746,,,,764928,
4.727915,DELIVER,747,,,,765952,
4.727921,DELIVER,748,,,,766976,
4.727928,DELIVER,749,,,,768000,
4.727932,DELIVER,750,,,,769024,
4.727937,DELIVER,751,,,,770048,
4.727941,DELIVER,752,,,,771072,
4.733463,BUFFER,764,,,,771072,held=10
4.745962,BUFFER,765,,,,771072,held=11
4.753083,BUFFER,766,,,,771072,held=12
4.753427,BUFFER,767,,,,771072,held=13
4.753756,BUFFER,768,,,,771072,held=14
4.753811,NAK,753,,,,771072,
4.754114,BUFFER,753,,,,771072,held=15
4.754127,DELIVER,753,,,,772096,
4.754133,DELIVER,754,,,,773120,
4.754138,DELIVER,755,,,,774144,
4.754179,NAK,756,,,,774144,
4.754503,BUFFER,756,,,,774144,held=13
4.754520,DELIVER,756,,,,775168,
4.754527,DELIVER,757,,,,776192,
4.754532,DELIVER,758,,,,777216,
4.754536,DELIVER,759,,,,778240,
4.754541,DELIVER,760,,,,779264,
4.754545,DELIVER,761,,,,780288,
4.754549,DELIVER,762,,,,781312,
4.754554,DELIVER,763,,,,782336,
4.754558,DELIVER,764,,,,783360,
4.754563,DELIVER,765,,,,784384,
4.754567,DELIVER,766,,,,785408,
4.754572,DELIVER,767,,,,786432,
4.754769,DELIVER,768,,,,787456,
4.755024,BUFFER,769,,,,787456,held=1
4.755033,DELIVER,769,,,,788480,
4.755264,BUFFER,770,,,,788480,held=1
4.755271,DELIVER,770,,,,789504,
4.755494,BUFFER,771,,,,789504,held=1
4.755500,DELIVER,771,,,,790528,
4.755707,BUFFER,772,,,,790528,held=1
4.755713,DELIVER,772,,,,791552,
4.755985,BUFFER,773,,,,791552,held=1
4.756001,DELIVER,773,,,,792576,
4.756099,BUFFER,774,,,,792576,held=1
4.756102,DELIVER,774,,,,793600,
4.771909,BUFFER,775,,,,793600,held=1
4.771934,DELIVER,775,,,,794624,
4.772265,DUP,746,,,,794624,
4.775401,BUFFER,776,,,,794624,held=1
4.775422,DELIVER,776,,,,795648,
4.775672,BUFFER,777,,,,795648,held=1
4.775679,DELIVER,777,,,,796672,
4.775906,BUFFER,778,,,,796672,held=1
4.775917,DELIVER,778,,,,797696,
4.777354,BUFFER,779,,,,797696,held=1
4.777374,DELIVER,779,,,,798720,
4.789669,BUFFER,780,,,,798720,held=1
4.789692,DELIVER,780,,,,799744,
4.789953,BUFFER,781,,,,799744,held=1
4.789962,DELIVER,781,,,,800768,
4.790266,DUP,753,,,,800768,
4.795079,BUFFER,782,,,,800768,held=1
4.795106,DELIVER,782,,,,801792,
4.795505,BUFFER,783,,,,801792,held=1
4.795518,DELIVER,783,,,,802816,
4.798646,DUP,756,,,,802816,
4.799021,BUFFER,784,,,,802816,held=1
4.799035,DELIVER,784,,,,803840,
4.799292,BUFFER,785,,,,803840,held=1
4.799302,DELIVER,785,,,,804864,
4.799503,BUFFER,786,,,,804864,held=1
4.799510,DELIVER,786,,,,805888,
4.807690,BUFFER,788,,,,805888,held=1
4.808198,NAK,787,,,,805888,
4.808697,BUFFER,789,,,,805888,held=2
4.809899,BUFFER,790,,,,805888,held=3
4.810153,BUFFER,791,,,,805888,held=4
4.810670,BUFFER,792,,,,805888,held=5
4.810967,BUFFER,793,,,,805888,held=6
4.822667,BUFFER,794,,,,805888,held=7
4.822919,BUFFER,795,,,,805888,held=8
4.823165,BUFFER,796,,,,805888,held=9
4.823383,BUFFER,797,,,,805888,held=10
4.831868,BUFFER,798,,,,805888,held=11
4.839863,DUP,780,,,,805888,
4.844696,BUFFER,799,,,,805888,held=12
4.845040,BUFFER,800,,,,805888,held=13
4.848613,BUFFER,801,,,,805888,held=14
4.852200,BUFFER,802,,,,805888,held=15
4.852497,BUFFER,787,,,,805888,held=16
4.852510,DELIVER,787,,,,806912,
4.852516,DELIVER,788,,,,807936,
4.852522,DELIVER,789,,,,808960,
4.852526,DELIVER,790,,,,809984,
4.852531,DELIVER,791,,,,811008,
4.852535,DELIVER,792,,,,812032,
4.852540,DELIVER,793,,,,813056,
4.852544,DELIVER,794,,,,814080,
4.852549,DELIVER,795,,,,815104,
4.852554,DELIVER,796,,,,816128,
4.852561,DELIVER,797,,,,817152,
4.852565,DELIVER,798,,,,818176,
4.852615,DELIVER,799,,,,819200,
4.852626,DELIVER,800,,,,820224,
4.852632,DELIVER,801,,,,821248,
4.852637,DELIVER,802,,,,822272,
4.853444,BUFFER,803,,,,822272,held=1
4.853459,DELIVER,803,,,,823296,
4.853779,BUFFER,804,,,,823296,held=1
4.853791,DELIVER,804,,,,824320,
4.854125,BUFFER,805,,,,824320,held=1
4.854136,DELIVER,805,,,,825344,
4.860321,BUFFER,806,,,,825344,held=1
4.860367,DELIVER,806,,,,826368,
4.860596,BUFFER,807,,,,826368,held=1
4.860715,DELIVER,807,,,,827392,
4.873782,BUFFER,808,,,,827392,held=1
4.873814,DELIVER,808,,,,828416,
4.874077,BUFFER,809,,,,828416,held=1
4.874088,DELIVER,809,,,,829440,
4.874451,BUFFER,810,,,,829440,held=1
4.874464,DELIVER,810,,,,830464,
4.874733,BUFFER,811,,,,830464,held=1
4.874782,DELIVER,811,,,,831488,
4.877771,BUFFER,812,,,,831488,held=1
4.877790,DELIVER,812,,,,832512,
4.889494,BUFFER,813,,,,832512,held=1
4.889669,DELIVER,813,,,,833536,
4.894150,DUP,783,,,,833536,
4.895114,BUFFER,814,,,,833536,held=1
4.895140,DELIVER,814,,,,834560,
4.895491,BUFFER,815,,,,834560,held=1
4.895502,DELIVER,815,,,,835584,
4.897293,BUFFER,816,,,,835584,held=1
4.897327,DELIVER,816,,,,836608,
4.897590,BUFFER,817,,,,836608,held=1
4.897601,DELIVER,817,,,,837632,
4.900539,BUFFER,818,,,,837632,held=1
4.900562,DELIVER,818,,,,838656,
4.900841,BUFFER,819,,,,838656,held=1
4.900854,DELIVER,819,,,,839680,
4.901156,BUFFER,820,,,,839680,held=1
4.901181,DELIVER,820,,,,840704,
4.901636,BUFFER,821,,,,840704,held=1
4.901656,DELIVER,821,,,,841728,
4.902087,BUFFER,822,,,,841728,held=1
4.902097,DELIVER,822,,,,842752,
4.905215,BUFFER,823,,,,842752,held=1
4.905235,DELIVER,823,,,,843776,
4.912055,BUFFER,824,,,,843776,held=1
4.912103,DELIVER,824,,,,844800,
4.917527,BUFFER,825,,,,844800,held=1
4.917553,DELIVER,825,,,,845824,
4.920345,BUFFER,826,,,,845824,held=1
4.920363,DELIVER,826,,,,846848,
4.920616,BUFFER,827,,,,846848,held=1
4.920627,DELIVER,827,,,,847872,
4.920906,BUFFER,828,,,,847872,held=1
4.920917,DELIVER,828,,,,848896,
4.921541,BUFFER,829,,,,848896,held=1
4.921555,DELIVER,829,,,,849920,
4.928677,BUFFER,830,,,,849920,held=1
4.928702,DELIVER,830,,,,850944,
4.942008,BUFFER,831,,,,850944,held=1
4.942033,DELIVER,831,,,,851968,
4.942347,BUFFER,832,,,,851968,held=1
4.942360,DELIVER,832,,,,852992,
4.945842,BUFFER,833,,,,852992,held=1
4.945868,DELIVER,833,,,,854016,
4.946264,BUFFER,834,,,,854016,held=1
4.946277,DELIVER,834,,,,855040,
4.946552,BUFFER,835,,,,855040,held=1
4.946562,DELIVER,835,,,,856064,
4.946774,BUFFER,836,,,,856064,held=1
4.946783,DELIVER,836,,,,857088,
4.947506,BUFFER,837,,,,857088,held=1
4.947528,DELIVER,837,,,,858112,
4.953467,BUFFER,838,,,,858112,held=1
4.953493,DELIVER,838,,,,859136,
4.953969,BUFFER,839,,,,859136,held=1
4.954004,DELIVER,839,,,,860160,
4.956737,BUFFER,840,,,,860160,held=1
4.956770,DELIVER,840,,,,861184,
4.957204,BUFFER,841,,,,861184,held=1
4.957217,DELIVER,841,,,,862208,
4.958041,BUFFER,842,,,,862208,held=1
4.958064,DELIVER,842,,,,863232,
4.958677,BUFFER,843,,,,863232,held=1
4.958693,DELIVER,843,,,,864256,
4.959818,BUFFER,844,,,,864256,held=1
4.959837,DELIVER,844,,,,865280,
4.960224,BUFFER,845,,,,865280,held=1
4.960238,DELIVER,845,,,,866304,
4.960586,BUFFER,846,,,,866304,held=1
4.960597,DELIVER,846,,,,867328,
4.963162,BUFFER,847,,,,867328,held=1
4.963189,DELIVER,847,,,,868352,
4.969212,BUFFER,848,,,,868352,held=1
4.969232,DELIVER,848,,,,869376,
4.995386,DUP,828,,,,869376,
4.996245,BUFFER,849,,,,869376,held=1
4.996268,DELIVER,849,,,,870400,
4.996620,BUFFER,850,,,,870400,held=1
4.996641,DELIVER,850,,,,871424,
4.997129,BUFFER,851,,,,871424,held=1
4.997142,DELIVER,851,,,,872448,
4.997456,BUFFER,852,,,,872448,held=1
4.997465,DELIVER,852,,,,873472,
4.997770,BUFFER,853,,,,873472,held=1
4.997779,DELIVER,853,,,,874496,
4.999386,BUFFER,854,,,,874496,held=1
4.999396,DELIVER,854,,,,875520,
5.005529,BUFFER,855,,,,875520,held=1
5.005552,DELIVER,855,,,,876544,
5.007845,BUFFER,856,,,,876544,held=1
5.007866,DELIVER,856,,,,877568,
5.008210,BUFFER,857,,,,877568,held=1
5.008221,DELIVER,857,,,,878592,
5.008698,BUFFER,858,,,,878592,held=1
5.008715,DELIVER,858,,,,879616,
5.015026,BUFFER,859,,,,879616,held=1
5.015048,DELIVER,859,,,,880640,
5.015314,BUFFER,860,,,,880640,held=1
5.015323,DELIVER,860,,,,881664,
5.015533,BUFFER,861,,,,881664,held=1
5.015540,DELIVER,861,,,,882688,
5.015769,BUFFER,862,,,,882688,held=1
5.015781,DELIVER,862,,,,883712,
5.016032,BUFFER,863,,,,883712,held=1
5.016043,DELIVER,863,,,,884736,
5.040530,BUFFER,864,,,,884736,held=1
5.040558,DELIVER,864,,,,885760,
5.040859,DUP,836,,,,885760,
5.041274,BUFFER,866,,,,885760,held=1
5.041296,NAK,865,,,,885760,
5.042664,BUFFER,867,,,,885760,held=2
5.042925,BUFFER,868,,,,885760,held=3
5.043254,BUFFER,869,,,,885760,held=4
5.045229,BUFFER,870,,,,885760,held=5
5.055671,BUFFER,871,,,,885760,held=6
5.056687,BUFFER,872,,,,885760,held=7
5.057045,BUFFER,873,,,,885760,held=8
5.057293,BUFFER,874,,,,885760,held=9
5.060102,BUFFER,875,,,,885760,held=10
5.063218,BUFFER,876,,,,885760,held=11
5.063507,BUFFER,878,,,,885760,held=12
5.063527,NAK,877,,,,885760,
5.063766,BUFFER,879,,,,885760,held=13
5.066763,DUP,848,,,,885760,
5.083619,BUFFER,880,,,,885760,held=14
5.085580,BUFFER,881,,,,885760,held=15
5.085870,BUFFER,865,,,,885760,held=16
5.085884,DELIVER,865,,,,886784,
5.085891,DELIVER,866,,,,887808,
5.085897,DELIVER,867,,,,888832,
5.085902,DELIVER,868,,,,889856,
5.085908,DELIVER,869,,,,890880,
5.085932,DELIVER,870,,,,891904,
5.085943,DELIVER,871,,,,892928,
5.085948,DELIVER,872,,,,893952,
5.085953,DELIVER,873,,,,894976,
5.085958,DELIVER,874,,,,896000,
5.085962,DELIVER,875,,,,897024,
5.085967,DELIVER,876,,,,898048,
5.086254,BUFFER,882,,,,898048,held=5
5.086486,BUFFER,883,,,,898048,held=6
5.086689,BUFFER,884,,,,898048,held=7
5.089266,BUFFER,885,,,,898048,held=8
5.089531,BUFFER,886,,,,898048,held=9
5.094043,BUFFER,887,,,,898048,held=10
5.098587,BUFFER,888,,,,898048,held=11
5.098854,BUFFER,889,,,,898048,held=12
5.105931,BUFFER,890,,,,898048,held=13
5.106586,BUFFER,891,,,,898048,held=14
5.109792,BUFFER,892,,,,898048,held=15
5.110089,BUFFER,877,,,,898048,held=16
5.110109,DELIVER,877,,,,899072,
5.110117,DELIVER,878,,,,900096,
5.110124,DELIVER,879,,,,901120,
5.110130,DELIVER,880,,,,902144,
5.110135,DELIVER,881,,,,903168,
5.110141,DELIVER,882,,,,904192,
5.110146,DELIVER,883,,,,905216,
5.110152,DELIVER,884,,,,906240,
5.110158,DELIVER,885,,,,907264,
5.110163,DELIVER,886,,,,908288,
5.110168,DELIVER,887,,,,909312,
5.110174,DELIVER,888,,,,910336,
5.110179,DELIVER,889,,,,911360,
5.110184,DELIVER,890,,,,912384,
5.110189,DELIVER,891,,,,913408,
5.110195,DELIVER,892,,,,914432,
5.110507,BUFFER,893,,,,914432,held=1
5.110516,DELIVER,893,,,,915456,
5.114009,BUFFER,894,,,,915456,held=1
5.114034,DELIVER,894,,,,916480,
5.114922,BUFFER,895,,,,916480,held=1
5.114945,DELIVER,895,,,,917504,
5.115241,DUP,862,,,,917504,
5.132963,BUFFER,896,,,,917504,held=1
5.133169,DELIVER,896,,,,918528,
5.133721,BUFFER,897,,,,918528,held=1
5.133741,DELIVER,897,,,,919552,
5.136939,BUFFER,898,,,,919552,held=1
5.136967,DELIVER,898,,,,920576,
5.137321,BUFFER,899,,,,920576,held=1
5.137348,DELIVER,899,,,,921600,
5.137670,BUFFER,900,,,,921600,held=1
5.137683,DELIVER,900,,,,922624,
5.138062,BUFFER,901,,,,922624,held=1
5.138092,DELIVER,901,,,,923648,
5.138353,BUFFER,902,,,,923648,held=1
5.138363,DELIVER,902,,,,924672,
5.138629,BUFFER,903,,,,924672,held=1
5.138638,DELIVER,903,,,,925696,
5.143565,BUFFER,904,,,,925696,held=1
5.143604,DELIVER,904,,,,926720,
5.144153,BUFFER,905,,,,926720,held=1
5.144175,DELIVER,905,,,,927744,
5.159616,BUFFER,906,,,,927744,held=1
5.159635,DELIVER,906,,,,928768,
5.159878,BUFFER,908,,,,928768,held=1
5.159894,NAK,907,,,,928768,
5.160785,BUFFER,909,,,,928768,held=2
5.160999,BUFFER,910,,,,928768,held=3
5.161206,BUFFER,911,,,,928768,held=4
5.161515,BUFFER,912,,,,928768,held=5
5.161856,BUFFER,913,,,,928768,held=6
5.171765,BUFFER,914,,,,928768,held=7
5.172090,BUFFER,915,,,,928768,held=8
5.181689,DUP,898,,,,928768,
5.184729,BUFFER,916,,,,928768,held=9
5.185032,BUFFER,917,,,,928768,held=10
5.193143,BUFFER,920,,,,928768,held=11
5.193181,NAK,918,,,,928768,
5.193198,NAK,919,,,,928768,
5.193433,BUFFER,921,,,,928768,held=12
5.204843,BUFFER,907,,,,928768,held=13
5.204864,DELIVER,907,,,,929792,
5.204871,DELIVER,908,,,,930816,
5.204877,DELIVER,909,,,,931840,
5.204882,DELIVER,910,,,,932864,
5.204887,DELIVER,911,,,,933888,
5.204944,DELIVER,912,,,,934912,
5.204951,DELIVER,913,,,,935936,
5.204956,DELIVER,914,,,,936960,
5.204960,DELIVER,915,,,,937984,
5.204965,DELIVER,916,,,,939008,
5.204970,DELIVER,917,,,,940032,
5.205222,BUFFER,923,,,,940032,held=3
5.205241,NAK,922,,,,940032,
5.206590,BUFFER,924,,,,940032,held=4
5.209960,BUFFER,925,,,,940032,held=5
5.212723,BUFFER,926,,,,940032,held=6
5.213009,BUFFER,927,,,,940032,held=7
5.218109,BUFFER,928,,,,940032,held=8
5.222680,BUFFER,930,,,,940032,held=9
5.222734,NAK,929,,,,940032,
5.222965,BUFFER,931,,,,940032,held=10
5.226543,BUFFER,932,,,,940032,held=11
5.234354,DUP,907,,,,940032,
5.238149,BUFFER,918,,,,940032,held=12
5.238220,DELIVER,918,,,,941056,
5.238739,BUFFER,919,,,,941056,held=12
5.238761,DELIVER,919,,,,942080,
5.238770,DELIVER,920,,,,943104,
5.238777,DELIVER,921,,,,944128,
5.239380,BUFFER,934,,,,944128,held=10
5.239434,NAK,933,,,,944128,
5.243734,BUFFER,922,,,,944128,held=11
5.243748,DELIVER,922,,,,945152,
5.243754,DELIVER,923,,,,946176,
5.243759,DELIVER,924,,,,947200,
5.243764,DELIVER,925,,,,948224,
5.243769,DELIVER,926,,,,949248,
5.243773,DELIVER,927,,,,950272,
5.243778,DELIVER,928,,,,951296,
5.252612,DUP,911,,,,951296,
5.252814,BUFFER,936,,,,951296,held=5
5.252829,NAK,935,,,,951296,
5.253000,BUFFER,937,,,,951296,held=6
5.253168,BUFFER,938,,,,951296,held=7
5.255250,BUFFER,939,,,,951296,held=8
5.255579,BUFFER,940,,,,951296,held=9
5.258326,BUFFER,941,,,,951296,held=10
5.265217,BUFFER,929,,,,951296,held=11
5.265235,DELIVER,929,,,,952320,
5.265241,DELIVER,930,,,,953344,
5.265245,DELIVER,931,,,,954368,
5.265249,DELIVER,932,,,,955392,
5.265470,BUFFER,942,,,,955392,held=8
5.270054,BUFFER,943,,,,955392,held=9
5.270249,BUFFER,944,,,,955392,held=10
5.274238,BUFFER,945,,,,955392,held=11
5.287764,BUFFER,946,,,,955392,held=12
5.288037,BUFFER,933,,,,955392,held=13
5.288052,DELIVER,933,,,,956416,
5.288059,DELIVER,934,,,,957440,
5.295536,BUFFER,947,,,,957440,held=12
5.295787,BUFFER,935,,,,957440,held=13
5.295796,DELIVER,935,,,,958464,
5.295801,DELIVER,936,,,,959488,
5.295806,DELIVER,937,,,,960512,
5.295810,DELIVER,938,,,,961536,
5.295816,DELIVER,939,,,,962560,
5.295821,DELIVER,940,,,,963584,
5.295825,DELIVER,941,,,,964608,
5.295830,DELIVER,942,,,,965632,
5.295834,DELIVER,943,,,,966656,
5.295838,DELIVER,944,,,,967680,
5.295843,DELIVER,945,,,,968704,
5.295848,DELIVER,946,,,,969728,
5.295852,DELIVER,947,,,,970752,
5.305649,BUFFER,948,,,,970752,held=1
5.305660,DELIVER,948,,,,971776,
5.305868,BUFFER,949,,,,971776,held=1
5.305875,DELIVER,949,,,,972800,
5.306074,BUFFER,950,,,,972800,held=1
5.306080,DELIVER,950,,,,973824,
5.306277,BUFFER,951,,,,973824,held=1
5.306284,DELIVER,951,,,,974848,
5.306483,BUFFER,952,,,,974848,held=1
5.306488,DELIVER,952,,,,975872,
5.306682,BUFFER,954,,,,975872,held=1
5.306693,NAK,953,,,,975872,
5.313909,BUFFER,955,,,,975872,held=2
5.318672,BUFFER,956,,,,975872,held=3
5.318978,BUFFER,957,,,,975872,held=4
5.319946,BUFFER,958,,,,975872,held=5
5.320229,BUFFER,959,,,,975872,held=6
5.328546,BUFFER,960,,,,975872,held=7
5.336226,BUFFER,961,,,,975872,held=8
5.343776,BUFFER,962,,,,975872,held=9
5.344176,BUFFER,963,,,,975872,held=10
5.344963,DUP,934,,,,975872,
5.348926,BUFFER,964,,,,975872,held=11
5.352968,BUFFER,965,,,,975872,held=12
5.353271,DUP,911,,,,975872,
5.353494,BUFFER,966,,,,975872,held=13
5.361210,BUFFER,967,,,,975872,held=14
5.361255,NAK,953,,,,975872,
5.361611,BUFFER,969,,,,975872,held=15
5.361652,NAK,968,,,,975872,
5.362353,BUFFER,970,,,,975872,held=16
5.368083,BUFFER,971,,,,975872,held=17
5.368395,BUFFER,972,,,,975872,held=18
5.373152,BUFFER,973,,,,975872,held=19
5.373558,BUFFER,974,,,,975872,held=20
5.374008,BUFFER,975,,,,975872,held=21
5.381530,BUFFER,976,,,,975872,held=22
5.385555,BUFFER,978,,,,975872,held=23
5.385601,NAK,977,,,,975872,
5.387199,BUFFER,979,,,,975872,held=24
5.397393,BUFFER,980,,,,975872,held=25
5.405476,BUFFER,981,,,,975872,held=26
5.405816,BUFFER,982,,,,975872,held=27
5.406051,BUFFER,983,,,,975872,held=28
5.406253,BUFFER,953,,,,975872,held=29
5.406266,DELIVER,953,,,,976896,
5.406272,DELIVER,954,,,,977920,
5.406278,DELIVER,955,,,,978944,
5.406283,DELIVER,956,,,,979968,
5.406288,DELIVER,957,,,,980992,
5.406294,DELIVER,958,,,,982016,
5.406298,DELIVER,959,,,,983040,
5.406303,DELIVER,960,,,,984064,
5.406308,DELIVER,961,,,,985088,
5.406312,DELIVER,962,,,,986112,
5.406317,DELIVER,963,,,,987136,
5.406322,DELIVER,964,,,,988160,
5.406333,DELIVER,965,,,,989184,
5.406338,DELIVER,966,,,,990208,
5.406342,DELIVER,967,,,,991232,
5.406637,DUP,930,,,,991232,
5.410524,BUFFER,968,,,,991232,held=15
5.410668,DELIVER,968,,,,992256,
5.410680,DELIVER,969,,,,993280,
5.410687,DELIVER,970,,,,994304,
5.410693,DELIVER,971,,,,995328,
5.410699,DELIVER,972,,,,996352,
5.410704,DELIVER,973,,,,997376,
5.410710,DELIVER,974,,,,998400,
5.410716,DELIVER,975,,,,999424,
5.410722,DELIVER,976,,,,1000448,
5.411792,BUFFER,984,,,,1000448,held=7
5.416319,BUFFER,985,,,,1000448,held=8
5.416631,BUFFER,986,,,,1000448,held=9
5.421617,BUFFER,987,,,,1000448,held=10
5.421926,BUFFER,988,,,,1000448,held=11
5.422171,BUFFER,989,,,,1000448,held=12
5.427437,BUFFER,990,,,,1000448,held=13
5.431252,BUFFER,977,,,,1000448,held=14
5.431279,DELIVER,977,,,,1001472,
5.431287,DELIVER,978,,,,1002496,
5.431294,DELIVER,979,,,,1003520,
5.431300,DELIVER,980,,,,1004544,
5.431306,DELIVER,981,,,,1005568,
5.431311,DELIVER,982,,,,1006592,
5.431317,DELIVER,983,,,,1007616,
5.431323,DELIVER,984,,,,1008640,
5.431331,DELIVER,985,,,,1009664,
5.431336,DELIVER,986,,,,1010688,
5.431342,DELIVER,987,,,,1011712,
5.431348,DELIVER,988,,,,1012736,
5.431353,DELIVER,989,,,,1013760,
5.431359,DELIVER,990,,,,1014784,
5.431918,BUFFER,991,,,,1014784,held=1
5.431930,DELIVER,991,,,,1015808,
5.432285,BUFFER,992,,,,1015808,held=1
5.432305,DELIVER,992,,,,1016832,
5.445555,BUFFER,993,,,,1016832,held=1
5.445605,DELIVER,993,,,,1017856,
5.450702,BUFFER,994,,,,1017856,held=1
5.450725,DELIVER,994,,,,1018880,
5.459863,BUFFER,995,,,,1018880,held=1
5.459930,DELIVER,995,,,,1019904,
5.460251,BUFFER,996,,,,1019904,held=1
5.460264,DELIVER,996,,,,1020928,
5.460499,BUFFER,997,,,,1020928,held=1
5.460508,DELIVER,997,,,,1021952,
5.461011,BUFFER,998,,,,1021952,held=1
5.461057,DELIVER,998,,,,1022976,
5.461479,BUFFER,999,,,,1022976,held=1
5.461493,DELIVER,999,,,,1024000,
5.466471,DUP,934,,,,1024000,
5.467025,BUFFER,1000,,,,1024000,held=1
5.467042,DELIVER,1000,,,,1025024,
5.467373,BUFFER,1001,,,,1025024,held=1
5.467381,DELIVER,1001,,,,1026048,
5.467577,BUFFER,1002,,,,1026048,held=1
5.467584,DELIVER,1002,,,,1027072,
5.467843,BUFFER,1003,,,,1027072,held=1
5.467855,DELIVER,1003,,,,1028096,
5.468141,BUFFER,1004,,,,1028096,held=1
5.468151,DELIVER,1004,,,,1029120,
5.472540,BUFFER,1005,,,,1029120,held=1
5.472564,DELIVER,1005,,,,1030144,
5.472835,DUP,972,,,,1030144,
5.474181,BUFFER,1006,,,,1030144,held=1
5.474198,DELIVER,1006,,,,1031168,
5.474821,BUFFER,1007,,,,1031168,held=1
5.474876,DELIVER,1007,,,,1032192,
5.475257,BUFFER,1008,,,,1032192,held=1
5.475267,DELIVER,1008,,,,1033216,
5.493881,BUFFER,1009,,,,1033216,held=1
5.493901,DELIVER,1009,,,,1034240,
5.497412,BUFFER,1010,,,,1034240,held=1
5.497434,DELIVER,1010,,,,1035264,
5.502143,BUFFER,1011,,,,1035264,held=1
5.502191,DELIVER,1011,,,,1036288,
5.504005,BUFFER,1012,,,,1036288,held=1
5.504029,DELIVER,1012,,,,1037312,
5.505150,BUFFER,1013,,,,1037312,held=1
5.505170,DELIVER,1013,,,,1038336,
5.515754,BUFFER,1014,,,,1038336,held=1
5.515782,DELIVER,1014,,,,1039360,
5.516118,BUFFER,1015,,,,1039360,held=1
5.516130,DELIVER,1015,,,,1040384,
5.516407,BUFFER,1016,,,,1040384,held=1
5.516418,DELIVER,1016,,,,1041408,
5.516836,BUFFER,1017,,,,1041408,held=1
5.516849,DELIVER,1017,,,,1042432,
5.517109,DUP,972,,,,1042432,
5.517624,BUFFER,1018,,,,1042432,held=1
5.517647,DELIVER,1018,,,,1043456,
5.517967,BUFFER,1019,,,,1043456,held=1
5.518020,DELIVER,1019,,,,1044480,
5.518269,BUFFER,1020,,,,1044480,held=1
5.518277,DELIVER,1020,,,,1045504,
5.518564,BUFFER,1021,,,,1045504,held=1
5.518572,DELIVER,1021,,,,1046528,
5.520548,BUFFER,1022,,,,1046528,held=1
5.520567,DELIVER,1022,,,,1047552,
5.520807,BUFFER,1023,,,,1047552,held=1
5.520815,DELIVER,1023,,,,1048576,
5.521070,DUP,992,,,,1048576,
5.521286,BUFFER,1024,,,,1048576,held=1
5.521437,DELIVER,1024,,,,1049600,
5.523005,BUFFER,1025,,,,1049600,held=1
5.523062,DELIVER,1025,,,,1050624,
5.536791,BUFFER,1026,,,,1050624,held=1
5.536814,DELIVER,1026,,,,1051648,
5.548680,BUFFER,1027,,,,1051648,held=1
5.548705,DELIVER,1027,,,,1052672,
5.548978,BUFFER,1028,,,,1052672,held=1
5.548990,DELIVER,1028,,,,1053696,
5.549400,BUFFER,1029,,,,1053696,held=1
5.549413,DELIVER,1029,,,,1054720,
5.549674,BUFFER,1030,,,,1054720,held=1
5.549682,DELIVER,1030,,,,1055744,
5.564730,BUFFER,1031,,,,1055744,held=1
5.564756,DELIVER,1031,,,,1056768,
5.567394,BUFFER,1032,,,,1056768,held=1
5.567420,DELIVER,1032,,,,1057792,
5.571926,BUFFER,1033,,,,1057792,held=1
5.571948,DELIVER,1033,,,,1058816,
5.572180,BUFFER,1034,,,,1058816,held=1
5.572188,DELIVER,1034,,,,1059840,
5.572420,BUFFER,1035,,,,1059840,held=1
5.572431,DELIVER,1035,,,,1060864,
5.572645,BUFFER,1036,,,,1060864,held=1
5.572653,DELIVER,1036,,,,1061888,
5.572935,BUFFER,1037,,,,1061888,held=1
5.572949,DELIVER,1037,,,,1062912,
5.573203,BUFFER,1038,,,,1062912,held=1
5.573215,DELIVER,1038,,,,1063936,
5.573496,BUFFER,1039,,,,1063936,held=1
5.573505,DELIVER,1039,,,,1064960,
5.573760,BUFFER,1040,,,,1064960,held=1
5.573770,DELIVER,1040,,,,1065984,
5.574015,BUFFER,1041,,,,1065984,held=1
5.574024,DELIVER,1041,,,,1067008,
5.574383,BUFFER,1042,,,,1067008,held=1
5.574395,DELIVER,1042,,,,1068032,
5.576109,BUFFER,1043,,,,1068032,held=1
5.576131,DELIVER,1043,,,,1069056,
5.576444,BUFFER,1044,,,,1069056,held=1
5.576455,DELIVER,1044,,,,1070080,
5.576736,BUFFER,1045,,,,1070080,held=1
5.576749,DELIVER,1045,,,,1071104,
5.591574,BUFFER,1046,,,,1071104,held=1
5.591598,DELIVER,1046,,,,1072128,
5.594317,BUFFER,1047,,,,1072128,held=1
5.594384,DELIVER,1047,,,,1073152,
5.594963,BUFFER,1048,,,,1073152,held=1
5.594984,DELIVER,1048,,,,1074176,
5.608793,BUFFER,1050,,,,1074176,held=1
5.608832,NAK,1049,,,,1074176,
5.617028,BUFFER,1051,,,,1074176,held=2
5.617366,BUFFER,1052,,,,1074176,held=3
5.617616,DUP,1035,,,,1074176,
5.627262,BUFFER,1053,,,,1074176,held=4
5.627618,BUFFER,1054,,,,1074176,held=5
5.627984,BUFFER,1055,,,,1074176,held=6
5.628339,BUFFER,1056,,,,1074176,held=7
5.628626,BUFFER,1058,,,,1074176,held=8
5.628648,NAK,1057,,,,1074176,
5.628857,BUFFER,1059,,,,1074176,held=9
5.629300,BUFFER,1060,,,,1074176,held=10
5.629680,BUFFER,1061,,,,1074176,held=11
5.633116,BUFFER,1063,,,,1074176,held=12
5.633156,NAK,1062,,,,1074176,
5.646380,BUFFER,1064,,,,1074176,held=13
5.646758,BUFFER,1065,,,,1074176,held=14
5.654246,BUFFER,1049,,,,1074176,held=15
5.654264,DELIVER,1049,,,,1075200,
5.654271,DELIVER,1050,,,,1076224,
5.654277,DELIVER,1051,,,,1077248,
5.654282,DELIVER,1052,,,,1078272,
5.654287,DELIVER,1053,,,,1079296,
5.654292,DELIVER,1054,,,,1080320,
5.654297,DELIVER,1055,,,,1081344,
5.654301,DELIVER,1056,,,,1082368,
5.659679,BUFFER,1066,,,,1082368,held=8
5.667616,BUFFER,1068,,,,1082368,held=9
5.667654,NAK,1067,,,,1082368,
5.667925,BUFFER,1069,,,,1082368,held=10
5.672903,DUP,1049,,,,1082368,
5.676528,BUFFER,1070,,,,1082368,held=11
5.676817,BUFFER,1071,,,,1082368,held=12
5.677095,BUFFER,1072,,,,1082368,held=13
5.679449,BUFFER,1057,,,,1082368,held=14
5.679475,DELIVER,1057,,,,1083392,
5.679482,DELIVER,1058,,,,1084416,
5.679488,DELIVER,1059,,,,1085440,
5.679493,DELIVER,1060,,,,1086464,
5.679498,DELIVER,1061,,,,1087488,
5.679794,BUFFER,1073,,,,1087488,held=10
5.680008,BUFFER,1074,,,,1087488,held=11
5.680371,BUFFER,1075,,,,1087488,held=12
5.680606,BUFFER,1076,,,,1087488,held=13
5.681535,BUFFER,1062,,,,1087488,held=14
5.681551,DELIVER,1062,,,,1088512,
5.681557,DELIVER,1063,,,,1089536,
5.681563,DELIVER,1064,,,,1090560,
5.681568,DELIVER,1065,,,,1091584,
5.681574,DELIVER,1066,,,,1092608,
5.684624,BUFFER,1078,,,,1092608,held=10
5.684658,NAK,1077,,,,1092608,
5.696941,BUFFER,1079,,,,1092608,held=11
5.697241,BUFFER,1080,,,,1092608,held=12
5.697486,BUFFER,1081,,,,1092608,held=13
5.697720,BUFFER,1082,,,,1092608,held=14
5.712398,BUFFER,1083,,,,1092608,held=15
5.712791,BUFFER,1067,,,,1092608,held=16
5.712807,DELIVER,1067,,,,1093632,
5.712813,DELIVER,1068,,,,1094656,
5.712819,DELIVER,1069,,,,1095680,
5.712825,DELIVER,1070,,,,1096704,
5.712830,DELIVER,1071,,,,1097728,
5.712835,DELIVER,1072,,,,1098752,
5.712840,DELIVER,1073,,,,1099776,
5.712844,DELIVER,1074,,,,1100800,
5.712849,DELIVER,1075,,,,1101824,
5.712854,DELIVER,1076,,,,1102848,
5.715690,DUP,1057,,,,1102848,
5.720652,BUFFER,1084,,,,1102848,held=7
5.720961,BUFFER,1085,,,,1102848,held=8
5.726574,BUFFER,1086,,,,1102848,held=9
5.726919,BUFFER,1087,,,,1102848,held=10
5.727231,BUFFER,1088,,,,1102848,held=11
5.727629,BUFFER,1089,,,,1102848,held=12
5.730111,BUFFER,1090,,,,1102848,held=13
5.732147,BUFFER,1091,,,,1102848,held=14
5.732421,BUFFER,1077,,,,1102848,held=15
5.732435,DELIVER,1077,,,,1103872,
5.732441,DELIVER,1078,,,,1104896,
5.732447,DELIVER,1079,,,,1105920,
5.732452,DELIVER,1080,,,,1106944,
5.732457,DELIVER,1081,,,,1107968,
5.732463,DELIVER,1082,,,,1108992,
5.732468,DELIVER,1083,,,,1110016,
5.732472,DELIVER,1084,,,,1111040,
5.732476,DELIVER,1085,,,,1112064,
5.732481,DELIVER,1086,,,,1113088,
5.732486,DELIVER,1087,,,,1114112,
5.732491,DELIVER,1088,,,,1115136,
5.732495,DELIVER,1089,,,,1116160,
5.732500,DELIVER,1090,,,,1117184,
5.732505,DELIVER,1091,,,,1118208,
5.735925,BUFFER,1092,,,,1118208,held=1
5.735945,DELIVER,1092,,,,1119232,
5.736223,DUP,1067,,,,1119232,
5.747405,BUFFER,1093,,,,1119232,held=1
5.747430,DELIVER,1093,,,,1120256,
5.747697,BUFFER,1094,,,,1120256,held=1
5.747705,DELIVER,1094,,,,1121280,
5.748040,BUFFER,1095,,,,1121280,held=1
5.748047,DELIVER,1095,,,,1122304,
5.748271,BUFFER,1096,,,,1122304,held=1
5.748278,DELIVER,1096,,,,1123328,
5.756226,BUFFER,1097,,,,1123328,held=1
5.756248,DELIVER,1097,,,,1124352,
5.756510,BUFFER,1098,,,,1124352,held=1
5.756523,DELIVER,1098,,,,1125376,
5.763321,BUFFER,1099,,,,1125376,held=1
5.763342,DELIVER,1099,,,,1126400,
5.764838,BUFFER,1100,,,,1126400,held=1
5.764865,DELIVER,1100,,,,1127424,
5.767184,DUP,1072,,,,1127424,
5.772936,BUFFER,1101,,,,1127424,held=1
5.772968,DELIVER,1101,,,,1128448,
5.773330,BUFFER,1102,,,,1128448,held=1
5.773342,DELIVER,1102,,,,1129472,
5.773575,BUFFER,1104,,,,1129472,held=1
5.773592,NAK,1103,,,,1129472,
5.773852,BUFFER,1105,,,,1129472,held=2
5.774097,BUFFER,1106,,,,1129472,held=3
5.784248,BUFFER,1107,,,,1129472,held=4
5.784677,BUFFER,1108,,,,1129472,held=5
5.787853,BUFFER,1109,,,,1129472,held=6
5.788229,BUFFER,1110,,,,1129472,held=7
5.797783,BUFFER,1111,,,,1129472,held=8
5.799004,BUFFER,1112,,,,1129472,held=9
5.799391,BUFFER,1113,,,,1129472,held=10
5.799671,BUFFER,1114,,,,1129472,held=11
5.799898,BUFFER,1115,,,,1129472,held=12
5.800109,BUFFER,1116,,,,1129472,held=13
5.809213,BUFFER,1118,,,,1129472,held=14
5.809248,NAK,1117,,,,1129472,
5.814600,BUFFER,1119,,,,1129472,held=15
5.816411,BUFFER,1120,,,,1129472,held=16
5.823049,BUFFER,1121,,,,1129472,held=17
5.823310,BUFFER,1122,,,,1129472,held=18
5.823540,BUFFER,1103,,,,1129472,held=19
5.823565,DELIVER,1103,,,,1130496,
5.823578,DELIVER,1104,,,,1131520,
5.823589,DELIVER,1105,,,,1132544,
5.823600,DELIVER,1106,,,,1133568,
5.823610,DELIVER,1107,,,,1134592,
5.823621,DELIVER,1108,,,,1135616,
5.823631,DELIVER,1109,,,,1136640,
5.823640,DELIVER,1110,,,,1137664,
5.823650,DELIVER,1111,,,,1138688,
5.823660,DELIVER,1112,,,,1139712,
5.823669,DELIVER,1113,,,,1140736,
5.823680,DELIVER,1114,,,,1141760,
5.823690,DELIVER,1115,,,,1142784,
5.823700,DELIVER,1116,,,,1143808,
5.824117,BUFFER,1123,,,,1143808,held=6
5.824430,BUFFER,1124,,,,1143808,held=7
5.827643,BUFFER,1125,,,,1143808,held=8
5.828392,BUFFER,1126,,,,1143808,held=9
5.836011,BUFFER,1127,,,,1143808,held=10
5.843047,BUFFER,1128,,,,1143808,held=11
5.843420,BUFFER,1129,,,,1143808,held=12
5.843764,BUFFER,1131,,,,1143808,held=13
5.843797,NAK,1130,,,,1143808,
5.844375,BUFFER,1132,,,,1143808,held=14
5.853930,BUFFER,1133,,,,1143808,held=15
5.861423,BUFFER,1117,,,,1143808,held=16
5.861446,DELIVER,1117,,,,1144832,
5.861454,DELIVER,1118,,,,1145856,
5.861460,DELIVER,1119,,,,1146880,
5.861466,DELIVER,1120,,,,1147904,
5.861471,DELIVER,1121,,,,1148928,
5.861476,DELIVER,1122,,,,1149952,
5.861480,DELIVER,1123,,,,1150976,
5.861485,DELIVER,1124,,,,1152000,
5.861490,DELIVER,1125,,,,1153024,
5.861495,DELIVER,1126,,,,1154048,
5.861499,DELIVER,1127,,,,1155072,
5.861504,DELIVER,1128,,,,1156096,
5.861509,DELIVER,1129,,,,1157120,
5.861785,BUFFER,1134,,,,1157120,held=4
5.862071,BUFFER,1135,,,,1157120,held=5
5.862337,BUFFER,1136,,,,1157120,held=6
5.862578,BUFFER,1137,,,,1157120,held=7
5.869969,BUFFER,1138,,,,1157120,held=8
5.870245,DUP,1117,,,,1157120,
5.871272,BUFFER,1140,,,,1157120,held=9
5.871303,NAK,1139,,,,1157120,
5.876466,BUFFER,1141,,,,1157120,held=10
5.876732,BUFFER,1142,,,,1157120,held=11
5.877001,BUFFER,1143,,,,1157120,held=12
5.883393,BUFFER,1144,,,,1157120,held=13
5.888236,BUFFER,1145,,,,1157120,held=14
5.888625,BUFFER,1146,,,,1157120,held=15
5.888905,BUFFER,1130,,,,1157120,held=16
5.888918,DELIVER,1130,,,,1158144,
5.888927,DELIVER,1131,,,,1159168,
5.888932,DELIVER,1132,,,,1160192,
5.888937,DELIVER,1133,,,,1161216,
5.888942,DELIVER,1134,,,,1162240,
5.888947,DELIVER,1135,,,,1163264,
5.888952,DELIVER,1136,,,,1164288,
5.888956,DELIVER,1137,,,,1165312,
5.888961,DELIVER,1138,,,,1166336,
5.894040,BUFFER,1147,,,,1166336,held=8
5.896022,BUFFER,1148,,,,1166336,held=9
5.909002,BUFFER,1149,,,,1166336,held=10
5.909867,BUFFER,1150,,,,1166336,held=11
5.910264,DUP,1128,,,,1166336,
5.914701,BUFFER,1151,,,,1166336,held=12
5.916387,BUFFER,1152,,,,1166336,held=13
5.916975,BUFFER,1153,,,,1166336,held=14
5.917214,BUFFER,1139,,,,1166336,held=15
5.917228,DELIVER,1139,,,,1167360,
5.917234,DELIVER,1140,,,,1168384,
5.917240,DELIVER,1141,,,,1169408,
5.917245,DELIVER,1142,,,,1170432,
5.917250,DELIVER,1143,,,,1171456,
5.917255,DELIVER,1144,,,,1172480,
5.917260,DELIVER,1145,,,,1173504,
5.917265,DELIVER,1146,,,,1174528,
5.917270,DELIVER,1147,,,,1175552,
5.917274,DELIVER,1148,,,,1176576,
5.917279,DELIVER,1149,,,,1177600,
5.917283,DELIVER,1150,,,,1178624,
5.917343,DELIVER,1151,,,,1179648,
5.917526,DELIVER,1152,,,,1180672,
5.917534,DELIVER,1153,,,,1181696,
5.921380,BUFFER,1154,,,,1181696,held=1
5.921403,DELIVER,1154,,,,1182720,
5.923764,BUFFER,1155,,,,1182720,held=1
5.923917,DELIVER,1155,,,,1183744,
5.927206,BUFFER,1156,,,,1183744,held=1
5.927285,DELIVER,1156,,,,1184768,
5.931272,BUFFER,1157,,,,1184768,held=1
5.931291,DELIVER,1157,,,,1185792,
5.933442,BUFFER,1158,,,,1185792,held=1
5.933458,DELIVER,1158,,,,1186816,
5.935044,BUFFER,1159,,,,1186816,held=1
5.935086,DELIVER,1159,,,,1187840,
5.937002,BUFFER,1160,,,,1187840,held=1
5.937024,DELIVER,1160,,,,1188864,
5.937259,BUFFER,1161,,,,1188864,held=1
5.937266,DELIVER,1161,,,,1189888,
5.937487,BUFFER,1162,,,,1189888,held=1
5.937494,DELIVER,1162,,,,1190912,
5.942314,BUFFER,1163,,,,1190912,held=1
5.942333,DELIVER,1163,,,,1191936,
5.950891,BUFFER,1164,,,,1191936,held=1
5.950917,DELIVER,1164,,,,1192960,
5.953916,BUFFER,1165,,,,1192960,held=1
5.953958,DELIVER,1165,,,,1193984,
5.954330,BUFFER,1166,,,,1193984,held=1
5.954362,DELIVER,1166,,,,1195008,
5.960051,BUFFER,1167,,,,1195008,held=1
5.960074,DELIVER,1167,,,,1196032,
5.960347,BUFFER,1168,,,,1196032,held=1
5.960359,DELIVER,1168,,,,1197056,
5.960616,DUP,1139,,,,1197056,
5.961026,BUFFER,1169,,,,1197056,held=1
5.961040,DELIVER,1169,,,,1198080,
5.965706,BUFFER,1171,,,,1198080,held=1
5.965739,NAK,1170,,,,1198080,
5.966009,BUFFER,1172,,,,1198080,held=2
5.973481,BUFFER,1173,,,,1198080,held=3
5.974123,BUFFER,1174,,,,1198080,held=4
5.977375,BUFFER,1175,,,,1198080,held=5
5.978668,BUFFER,1176,,,,1198080,held=6
5.979822,BUFFER,1177,,,,1198080,held=7
5.980368,BUFFER,1178,,,,1198080,held=8
5.980746,BUFFER,1179,,,,1198080,held=9
5.986309,BUFFER,1181,,,,1198080,held=10
5.986338,NAK,1180,,,,1198080,
5.996796,BUFFER,1182,,,,1198080,held=11
6.005126,BUFFER,1183,,,,1198080,held=12
6.005476,BUFFER,1184,,,,1198080,held=13
6.006999,BUFFER,1185,,,,1198080,held=14
6.009361,BUFFER,1186,,,,1198080,held=15
6.011119,BUFFER,1187,,,,1198080,held=16
6.019959,BUFFER,1188,,,,1198080,held=17
6.019992,NAK,1170,,,,1198080,
6.020291,BUFFER,1170,,,,1198080,held=18
6.020309,DELIVER,1170,,,,1199104,
6.020317,DELIVER,1171,,,,1200128,
6.020323,DELIVER,1172,,,,1201152,
6.020330,DELIVER,1173,,,,1202176,
6.020336,DELIVER,1174,,,,1203200,
6.020342,DELIVER,1175,,,,1204224,
6.020348,DELIVER,1176,,,,1205248,
6.020353,DELIVER,1177,,,,1206272,
6.020359,DELIVER,1178,,,,1207296,
6.020365,DELIVER,1179,,,,1208320,
6.020663,BUFFER,1190,,,,1208320,held=9
6.020724,NAK,1189,,,,1208320,
6.027177,BUFFER,1191,,,,1208320,held=10
6.027423,BUFFER,1193,,,,1208320,held=11
6.027442,NAK,1192,,,,1208320,
6.029115,BUFFER,1194,,,,1208320,held=12
6.030738,BUFFER,1195,,,,1208320,held=13
6.034391,BUFFER,1196,,,,1208320,held=14
6.035823,BUFFER,1180,,,,1208320,held=15
6.035840,DELIVER,1180,,,,1209344,
6.035847,DELIVER,1181,,,,1210368,
6.035958,DELIVER,1182,,,,1211392,
6.035969,DELIVER,1183,,,,1212416,
6.035975,DELIVER,1184,,,,1213440,
6.035980,DELIVER,1185,,,,1214464,
6.035986,DELIVER,1186,,,,1215488,
6.035990,DELIVER,1187,,,,1216512,
6.035995,DELIVER,1188,,,,1217536,
6.039437,BUFFER,1197,,,,1217536,held=7
6.052908,BUFFER,1198,,,,1217536,held=8
6.053204,BUFFER,1199,,,,1217536,held=9
6.054772,BUFFER,1200,,,,1217536,held=10
6.055011,BUFFER,1201,,,,1217536,held=11
6.062765,BUFFER,1202,,,,1217536,held=12
6.063902,BUFFER,1203,,,,1217536,held=13
6.064322,DUP,1170,,,,1217536,
6.072676,BUFFER,1204,,,,1217536,held=14
6.072710,NAK,1189,,,,1217536,
6.073084,BUFFER,1205,,,,1217536,held=15
6.073468,BUFFER,1189,,,,1217536,held=16
6.073484,DELIVER,1189,,,,1218560,
6.073493,DELIVER,1190,,,,1219584,
6.073499,DELIVER,1191,,,,1220608,
6.073907,DUP,1180,,,,1220608,
6.074319,BUFFER,1192,,,,1220608,held=14
6.074331,DELIVER,1192,,,,1221632,
6.074338,DELIVER,1193,,,,1222656,
6.074344,DELIVER,1194,,,,1223680,
6.074350,DELIVER,1195,,,,1224704,
6.074355,DELIVER,1196,,,,1225728,
6.074359,DELIVER,1197,,,,1226752,
6.074364,DELIVER,1198,,,,1227776,
6.074369,DELIVER,1199,,,,1228800,
6.074375,DELIVER,1200,,,,1229824,
6.074380,DELIVER,1201,,,,1230848,
6.074384,DELIVER,1202,,,,1231872,
6.074389,DELIVER,1203,,,,1232896,
6.074394,DELIVER,1204,,,,1233920,
6.074399,DELIVER,1205,,,,1234944,
6.075894,BUFFER,1206,,,,1234944,held=1
6.075922,DELIVER,1206,,,,1235968,
6.076300,BUFFER,1207,,,,1235968,held=1
6.076319,DELIVER,1207,,,,1236992,
6.077937,BUFFER,1208,,,,1236992,held=1
6.077949,DELIVER,1208,,,,1238016,
6.078265,BUFFER,1209,,,,1238016,held=1
6.078277,DELIVER,1209,,,,1239040,
6.078630,BUFFER,1210,,,,1239040,held=1
6.078649,DELIVER,1210,,,,1240064,
6.085423,BUFFER,1211,,,,1240064,held=1
6.085450,DELIVER,1211,,,,1241088,
6.090152,DUP,1189,,,,1241088,
6.093651,BUFFER,1213,,,,1241088,held=1
6.093676,NAK,1212,,,,1241088,
6.093973,BUFFER,1214,,,,1241088,held=2
6.098045,BUFFER,1215,,,,1241088,held=3
6.111541,BUFFER,1216,,,,1241088,held=4
6.111908,BUFFER,1217,,,,1241088,held=5
6.112217,BUFFER,1218,,,,1241088,held=6
6.119899,BUFFER,1219,,,,1241088,held=7
6.120166,BUFFER,1220,,,,1241088,held=8
6.120407,BUFFER,1221,,,,1241088,held=9
6.120658,BUFFER,1222,,,,1241088,held=10
6.120894,BUFFER,1223,,,,1241088,held=11
6.122332,BUFFER,1224,,,,1241088,held=12
6.122664,BUFFER,1225,,,,1241088,held=13
6.122978,BUFFER,1226,,,,1241088,held=14
6.126032,BUFFER,1227,,,,1241088,held=15
6.134092,BUFFER,1212,,,,1241088,held=16
6.134115,DELIVER,1212,,,,1242112,
6.134122,DELIVER,1213,,,,1243136,
6.134128,DELIVER,1214,,,,1244160,
6.134133,DELIVER,1215,,,,1245184,
6.134138,DELIVER,1216,,,,1246208,
6.134143,DELIVER,1217,,,,1247232,
6.134148,DELIVER,1218,,,,1248256,
6.134152,DELIVER,1219,,,,1249280,
6.134157,DELIVER,1220,,,,1250304,
6.134165,DELIVER,1221,,,,1251328,
6.134170,DELIVER,1222,,,,1252352,
6.134175,DELIVER,1223,,,,1253376,
6.134183,DELIVER,1224,,,,1254400,
6.134188,DELIVER,1225,,,,1255424,
6.134192,DELIVER,1226,,,,1256448,
6.134197,DELIVER,1227,,,,1257472,
6.134433,BUFFER,1228,,,,1257472,held=1
6.134441,DELIVER,1228,,,,1258496,
6.135869,BUFFER,1229,,,,1258496,held=1
6.135890,DELIVER,1229,,,,1259520,
6.147473,BUFFER,1230,,,,1259520,held=1
6.147503,DELIVER,1230,,,,1260544,
6.148491,DUP,1212,,,,1260544,
6.149317,BUFFER,1231,,,,1260544,held=1
6.149333,DELIVER,1231,,,,1261568,
6.163599,BUFFER,1232,,,,1261568,held=1
6.163623,DELIVER,1232,,,,1262592,
6.165771,BUFFER,1233,,,,1262592,held=1
6.165797,DELIVER,1233,,,,1263616,
6.166487,BUFFER,1234,,,,1263616,held=1
6.166502,DELIVER,1234,,,,1264640,
6.168499,BUFFER,1235,,,,1264640,held=1
6.168508,DELIVER,1235,,,,1265664,
6.176687,BUFFER,1237,,,,1265664,held=1
6.177308,NAK,1236,,,,1265664,
6.177854,BUFFER,1238,,,,1265664,held=2
6.179098,BUFFER,1239,,,,1265664,held=3
6.179733,BUFFER,1240,,,,1265664,held=4
6.180294,BUFFER,1241,,,,1265664,held=5
6.180601,BUFFER,1242,,,,1265664,held=6
6.183507,BUFFER,1243,,,,1265664,held=7
6.184881,BUFFER,1244,,,,1265664,held=8
6.185269,BUFFER,1245,,,,1265664,held=9
6.190475,DUP,1226,,,,1265664,
6.202939,BUFFER,1246,,,,1265664,held=10
6.214001,BUFFER,1247,,,,1265664,held=11
6.214301,BUFFER,1248,,,,1265664,held=12
6.214557,BUFFER,1249,,,,1265664,held=13
6.214759,BUFFER,1250,,,,1265664,held=14
6.229109,BUFFER,1236,,,,1265664,held=15
6.229135,DELIVER,1236,,,,1266688,
6.229142,DELIVER,1237,,,,1267712,
6.229148,DELIVER,1238,,,,1268736,
6.229153,DELIVER,1239,,,,1269760,
6.229158,DELIVER,1240,,,,1270784,
6.229164,DELIVER,1241,,,,1271808,
6.229168,DELIVER,1242,,,,1272832,
6.229173,DELIVER,1243,,,,1273856,
6.229178,DELIVER,1244,,,,1274880,
6.229182,DELIVER,1245,,,,1275904,
6.229187,DELIVER,1246,,,,1276928,
6.229194,DELIVER,1247,,,,1277952,
6.229199,DELIVER,1248,,,,1278976,
6.229204,DELIVER,1249,,,,1280000,
6.229208,DELIVER,1250,,,,1281024,
6.229504,BUFFER,1251,,,,1281024,held=1
6.229517,DELIVER,1251,,,,1282048,
6.231045,BUFFER,1252,,,,1282048,held=1
6.231175,DELIVER,1252,,,,1283072,
6.231525,BUFFER,1253,,,,1283072,held=1
6.231541,DELIVER,1253,,,,1284096,
6.231809,BUFFER,1254,,,,1284096,held=1
6.231818,DELIVER,1254,,,,1285120,
6.232144,BUFFER,1255,,,,1285120,held=1
6.232153,DELIVER,1255,,,,1286144,
6.232506,BUFFER,1256,,,,1286144,held=1
6.232515,DELIVER,1256,,,,1287168,
6.233010,BUFFER,1257,,,,1287168,held=1
6.233022,DELIVER,1257,,,,1288192,
6.234331,BUFFER,1258,,,,1288192,held=1
6.234358,DELIVER,1258,,,,1289216,
6.253193,BUFFER,1259,,,,1289216,held=1
6.253212,DELIVER,1259,,,,1290240,
6.261332,DUP,1236,,,,1290240,
6.262541,BUFFER,1260,,,,1290240,held=1
6.262566,DELIVER,1260,,,,1291264,
6.262902,BUFFER,1261,,,,1291264,held=1
6.262921,DELIVER,1261,,,,1292288,
6.263166,BUFFER,1262,,,,1292288,held=1
6.263178,DELIVER,1262,,,,1293312,
6.268281,BUFFER,1263,,,,1293312,held=1
6.268305,DELIVER,1263,,,,1294336,
6.268556,BUFFER,1264,,,,1294336,held=1
6.268564,DELIVER,1264,,,,1295360,
6.268802,BUFFER,1265,,,,1295360,held=1
6.268809,DELIVER,1265,,,,1296384,
6.269038,BUFFER,1266,,,,1296384,held=1
6.269048,DELIVER,1266,,,,1297408,
6.275746,DUP,1237,,,,1297408,
6.276296,BUFFER,1267,,,,1297408,held=1
6.276318,DELIVER,1267,,,,1298432,
6.276627,BUFFER,1268,,,,1298432,held=1
6.276642,DELIVER,1268,,,,1299456,
6.276891,BUFFER,1269,,,,1299456,held=1
6.276899,DELIVER,1269,,,,1300480,
6.277153,DUP,1240,,,,1300480,
6.282196,BUFFER,1270,,,,1300480,held=1
6.282276,DELIVER,1270,,,,1301504,
6.282635,BUFFER,1271,,,,1301504,held=1
6.282647,DELIVER,1271,,,,1302528,
6.282906,BUFFER,1272,,,,1302528,held=1
6.282914,DELIVER,1272,,,,1303552,
6.283121,BUFFER,1273,,,,1303552,held=1
6.283128,DELIVER,1273,,,,1304576,
6.295752,BUFFER,1274,,,,1304576,held=1
6.295771,DELIVER,1274,,,,1305600,
6.305437,BUFFER,1275,,,,1305600,held=1
6.305463,DELIVER,1275,,,,1306624,
6.309939,BUFFER,1276,,,,1306624,held=1
6.309957,DELIVER,1276,,,,1307648,
6.314127,BUFFER,1277,,,,1307648,held=1
6.314586,DELIVER,1277,,,,1308672,
6.321902,BUFFER,1279,,,,1308672,held=1
6.321936,NAK,1278,,,,1308672,
6.322174,BUFFER,1280,,,,1308672,held=2
6.322379,BUFFER,1281,,,,1308672,held=3
6.322614,BUFFER,1282,,,,1308672,held=4
6.322869,BUFFER,1283,,,,1308672,held=5
6.323162,BUFFER,1284,,,,1308672,held=6
6.323472,BUFFER,1285,,,,1308672,held=7
6.328617,DUP,1240,,,,1308672,
6.328919,BUFFER,1287,,,,1308672,held=8
6.329202,NAK,1286,,,,1308672,
6.331353,BUFFER,1288,,,,1308672,held=9
6.331616,BUFFER,1289,,,,1308672,held=10
6.334151,BUFFER,1290,,,,1308672,held=11
6.338591,BUFFER,1291,,,,1308672,held=12
6.338866,BUFFER,1292,,,,1308672,held=13
6.343149,BUFFER,1293,,,,1308672,held=14
6.354467,BUFFER,1294,,,,1308672,held=15
6.368241,BUFFER,1278,,,,1308672,held=16
6.368266,DELIVER,1278,,,,1309696,
6.368273,DELIVER,1279,,,,1310720,
6.368413,DELIVER,1280,,,,1311744,
6.368420,DELIVER,1281,,,,1312768,
6.368426,DELIVER,1282,,,,1313792,
6.368431,DELIVER,1283,,,,1314816,
6.368435,DELIVER,1284,,,,1315840,
6.368440,DELIVER,1285,,,,1316864,
6.368691,DUP,1278,,,,1316864,
6.370866,BUFFER,1296,,,,1316864,held=9
6.370903,NAK,1295,,,,1316864,
6.373261,BUFFER,1297,,,,1316864,held=10
6.373549,BUFFER,1298,,,,1316864,held=11
6.373843,BUFFER,1299,,,,1316864,held=12
6.374304,BUFFER,1300,,,,1316864,held=13
6.375851,BUFFER,1301,,,,1316864,held=14
6.376769,BUFFER,1286,,,,1316864,held=15
6.376789,DELIVER,1286,,,,1317888,
6.376796,DELIVER,1287,,,,1318912,
6.376801,DELIVER,1288,,,,1319936,
6.376806,DELIVER,1289,,,,1320960,
6.376811,DELIVER,1290,,,,1321984,
6.376815,DELIVER,1291,,,,1323008,
6.376820,DELIVER,1292,,,,1324032,
6.376825,DELIVER,1293,,,,1325056,
6.376829,DELIVER,1294,,,,1326080,
6.377107,BUFFER,1303,,,,1326080,held=7
6.377153,NAK,1302,,,,1326080,
6.379282,BUFFER,1304,,,,1326080,held=8
6.385927,BUFFER,1305,,,,1326080,held=9
6.391673,BUFFER,1306,,,,1326080,held=10
6.392228,BUFFER,1307,,,,1326080,held=11
6.392904,BUFFER,1308,,,,1326080,held=12
6.394706,BUFFER,1309,,,,1326080,held=13
6.422184,BUFFER,1295,,,,1326080,held=14
6.422222,DELIVER,1295,,,,1327104,
6.422230,DELIVER,1296,,,,1328128,
6.422235,DELIVER,1297,,,,1329152,
6.422240,DELIVER,1298,,,,1330176,
6.422245,DELIVER,1299,,,,1331200,
6.422250,DELIVER,1300,,,,1332224,
6.422255,DELIVER,1301,,,,1333248,
6.422561,BUFFER,1310,,,,1333248,held=8
6.423970,BUFFER,1311,,,,1333248,held=9
6.424321,BUFFER,1312,,,,1333248,held=10
6.425150,DUP,1286,,,,1333248,
6.425723,BUFFER,1313,,,,1333248,held=11
6.426075,BUFFER,1314,,,,1333248,held=12
6.426382,BUFFER,1315,,,,1333248,held=13
6.427300,BUFFER,1302,,,,1333248,held=14
6.427314,DELIVER,1302,,,,1334272,
6.427322,DELIVER,1303,,,,1335296,
6.427328,DELIVER,1304,,,,1336320,
6.427333,DELIVER,1305,,,,1337344,
6.427339,DELIVER,1306,,,,1338368,
6.427344,DELIVER,1307,,,,1339392,
6.427351,DELIVER,1308,,,,1340416,
6.427357,DELIVER,1309,,,,1341440,
6.427363,DELIVER,1310,,,,1342464,
6.427369,DELIVER,1311,,,,1343488,
6.427375,DELIVER,1312,,,,1344512,
6.427380,DELIVER,1313,,,,1345536,
6.427386,DELIVER,1314,,,,1346560,
6.427392,DELIVER,1315,,,,1347584,
6.427656,BUFFER,1316,,,,1347584,held=1
6.427664,DELIVER,1316,,,,1348608,
6.427914,BUFFER,1317,,,,1348608,held=1
6.427921,DELIVER,1317,,,,1349632,
6.428175,BUFFER,1318,,,,1349632,held=1
6.428181,DELIVER,1318,,,,1350656,
6.428432,BUFFER,1319,,,,1350656,held=1
6.428438,DELIVER,1319,,,,1351680,
6.428689,BUFFER,1320,,,,1351680,held=1
6.428695,DELIVER,1320,,,,1352704,
6.429094,DUP,1295,,,,1352704,
6.429390,BUFFER,1321,,,,1352704,held=1
6.429399,DELIVER,1321,,,,1353728,
6.441947,BUFFER,1322,,,,1353728,held=1
6.442009,DELIVER,1322,,,,1354752,
6.442486,BUFFER,1323,,,,1354752,held=1
6.442503,DELIVER,1323,,,,1355776,
6.442958,BUFFER,1324,,,,1355776,held=1
6.442976,DELIVER,1324,,,,1356800,
6.467253,BUFFER,1325,,,,1356800,held=1
6.467288,DELIVER,1325,,,,1357824,
6.471323,DUP,1302,,,,1357824,
6.471668,BUFFER,1328,,,,1357824,held=1
6.471693,NAK,1326,,,,1357824,
6.471710,NAK,1327,,,,1357824,
6.478110,BUFFER,1330,,,,1357824,held=2
6.478143,NAK,1329,,,,1357824,
6.478462,DUP,1308,,,,1357824,
6.478705,BUFFER,1331,,,,1357824,held=3
6.479287,BUFFER,1332,,,,1357824,held=4
6.479601,BUFFER,1333,,,,1357824,held=5
6.479849,BUFFER,1334,,,,1357824,held=6
6.480068,BUFFER,1335,,,,1357824,held=7
6.480294,BUFFER,1336,,,,1357824,held=8
6.486827,BUFFER,1337,,,,1357824,held=9
6.507181,BUFFER,1338,,,,1357824,held=10
6.525026,BUFFER,1327,,,,1357824,held=11
6.525263,NAK,1326,,,,1357824,
6.525609,BUFFER,1339,,,,1357824,held=12
6.525901,DUP,1311,,,,1357824,
6.526249,DUP,1311,,,,1357824,
6.526641,BUFFER,1340,,,,1357824,held=13
6.526901,BUFFER,1341,,,,1357824,held=14
6.530809,BUFFER,1342,,,,1357824,held=15
6.530845,NAK,1329,,,,1357824,
6.531091,BUFFER,1343,,,,1357824,held=16
6.531353,BUFFER,1344,,,,1357824,held=17
6.531658,BUFFER,1345,,,,1357824,held=18
6.531925,BUFFER,1346,,,,1357824,held=19
6.532173,DUP,1317,,,,1357824,
6.532712,BUFFER,1347,,,,1357824,held=20
6.547981,DUP,1324,,,,1357824,
6.554797,BUFFER,1349,,,,1357824,held=21
6.554830,NAK,1348,,,,1357824,
6.564454,BUFFER,1326,,,,1357824,held=22
6.564481,DELIVER,1326,,,,1358848,
6.564490,DELIVER,1327,,,,1359872,
6.564497,DELIVER,1328,,,,1360896,
6.570465,DUP,1317,,,,1360896,
6.570687,BUFFER,1351,,,,1360896,held=20
6.570706,NAK,1350,,,,1360896,
6.570930,BUFFER,1352,,,,1360896,held=21
6.573638,BUFFER,1353,,,,1360896,held=22
6.577524,BUFFER,1354,,,,1360896,held=23
6.578015,BUFFER,1355,,,,1360896,held=24
6.579782,BUFFER,1329,,,,1360896,held=25
6.579808,DELIVER,1329,,,,1361920,
6.579815,DELIVER,1330,,,,1362944,
6.579821,DELIVER,1331,,,,1363968,
6.579826,DELIVER,1332,,,,1364992,
6.579831,DELIVER,1333,,,,1366016,
6.579836,DELIVER,1334,,,,1367040,
6.579841,DELIVER,1335,,,,1368064,
6.579846,DELIVER,1336,,,,1369088,
6.579850,DELIVER,1337,,,,1370112,
6.579855,DELIVER,1338,,,,1371136,
6.579862,DELIVER,1339,,,,1372160,
6.579867,DELIVER,1340,,,,1373184,
6.579872,DELIVER,1341,,,,1374208,
6.579876,DELIVER,1342,,,,1375232,
6.579880,DELIVER,1343,,,,1376256,
6.579885,DELIVER,1344,,,,1377280,
6.579890,DELIVER,1345,,,,1378304,
6.579894,DELIVER,1346,,,,1379328,
6.579899,DELIVER,1347,,,,1380352,
6.580283,BUFFER,1356,,,,1380352,held=7
6.580536,BUFFER,1357,,,,1380352,held=8
6.580772,BUFFER,1358,,,,1380352,held=9
6.581000,BUFFER,1359,,,,1380352,held=10
6.585924,BUFFER,1361,,,,1380352,held=11
6.585972,NAK,1360,,,,1380352,
6.586225,BUFFER,1362,,,,1380352,held=12
6.586447,BUFFER,1363,,,,1380352,held=13
6.602111,BUFFER,1348,,,,1380352,held=14
6.602145,DELIVER,1348,,,,1381376,
6.602152,DELIVER,1349,,,,1382400,
6.610167,BUFFER,1364,,,,1382400,held=13
6.620685,BUFFER,1365,,,,1382400,held=14
6.620969,BUFFER,1350,,,,1382400,held=15
6.620983,DELIVER,1350,,,,1383424,
6.620992,DELIVER,1351,,,,1384448,
6.620997,DELIVER,1352,,,,1385472,
6.621002,DELIVER,1353,,,,1386496,
6.621007,DELIVER,1354,,,,1387520,
6.621012,DELIVER,1355,,,,1388544,
6.621016,DELIVER,1356,,,,1389568,
6.621021,DELIVER,1357,,,,1390592,
6.621026,DELIVER,1358,,,,1391616,
6.621030,DELIVER,1359,,,,1392640,
6.622997,DUP,1327,,,,1392640,
6.623282,BUFFER,1366,,,,1392640,held=6
6.623857,BUFFER,1367,,,,1392640,held=7
6.624377,BUFFER,1368,,,,1392640,held=8
6.624787,BUFFER,1369,,,,1392640,held=9
6.627757,BUFFER,1370,,,,1392640,held=10
6.628615,BUFFER,1371,,,,1392640,held=11
6.629188,BUFFER,1372,,,,1392640,held=12
6.629468,BUFFER,1373,,,,1392640,held=13
6.631100,BUFFER,1374,,,,1392640,held=14
6.631376,BUFFER,1375,,,,1392640,held=15
6.636801,BUFFER,1360,,,,1392640,held=16
6.636849,DELIVER,1360,,,,1393664,
6.636860,DELIVER,1361,,,,1394688,
6.636902,DELIVER,1362,,,,1395712,
6.636910,DELIVER,1363,,,,1396736,
6.636915,DELIVER,1364,,,,1397760,
6.636920,DELIVER,1365,,,,1398784,
6.637025,DELIVER,1366,,,,1399808,
6.637031,DELIVER,1367,,,,1400832,
6.637037,DELIVER,1368,,,,1401856,
6.637042,DELIVER,1369,,,,1402880,
6.637047,DELIVER,1370,,,,1403904,
6.637052,DELIVER,1371,,,,1404928,
6.637056,DELIVER,1372,,,,1405952,
6.637067,DELIVER,1373,,,,1406976,
6.637071,DELIVER,1374,,,,1408000,
6.637076,DELIVER,1375,,,,1409024,
6.637356,BUFFER,1376,,,,1409024,held=1
6.637369,DELIVER,1376,,,,1410048,
6.637601,BUFFER,1377,,,,1410048,held=1
6.637609,DELIVER,1377,,,,1411072,
6.637847,BUFFER,1378,,,,1411072,held=1
6.637858,DELIVER,1378,,,,1412096,
6.654396,BUFFER,1379,,,,1412096,held=1
6.654416,DELIVER,1379,,,,1413120,
6.654724,BUFFER,1380,,,,1413120,held=1
6.654738,DELIVER,1380,,,,1414144,
6.668005,DUP,1360,,,,1414144,
6.668272,BUFFER,1381,,,,1414144,held=1
6.668287,DELIVER,1381,,,,1415168,
6.668531,BUFFER,1382,,,,1415168,held=1
6.668540,DELIVER,1382,,,,1416192,
6.668769,BUFFER,1383,,,,1416192,held=1
6.668777,DELIVER,1383,,,,1417216,
6.669003,BUFFER,1384,,,,1417216,held=1
6.669011,DELIVER,1384,,,,1418240,
6.675359,BUFFER,1385,,,,1418240,held=1
6.675380,DELIVER,1385,,,,1419264,
6.675730,BUFFER,1386,,,,1419264,held=1
6.675742,DELIVER,1386,,,,1420288,
6.677529,BUFFER,1388,,,,1420288,held=1
6.677651,NAK,1387,,,,1420288,
6.681069,BUFFER,1389,,,,1420288,held=2
6.681458,BUFFER,1390,,,,1420288,held=3
6.681720,BUFFER,1391,,,,1420288,held=4
6.681981,BUFFER,1392,,,,1420288,held=5
6.684804,BUFFER,1393,,,,1420288,held=6
6.686297,BUFFER,1394,,,,1420288,held=7
6.686637,BUFFER,1395,,,,1420288,held=8
6.686895,BUFFER,1396,,,,1420288,held=9
6.696155,BUFFER,1397,,,,1420288,held=10
6.700678,BUFFER,1398,,,,1420288,held=11
6.709599,BUFFER,1399,,,,1420288,held=12
6.711709,BUFFER,1400,,,,1420288,held=13
6.711994,BUFFER,1401,,,,1420288,held=14
6.715438,BUFFER,1402,,,,1420288,held=15
6.716754,BUFFER,1403,,,,1420288,held=16
6.718904,BUFFER,1404,,,,1420288,held=17
6.722620,BUFFER,1387,,,,1420288,held=18
6.722640,DELIVER,1387,,,,1421312,
6.722648,DELIVER,1388,,,,1422336,
6.722654,DELIVER,1389,,,,1423360,
6.722659,DELIVER,1390,,,,1424384,
6.722664,DELIVER,1391,,,,1425408,
6.722669,DELIVER,1392,,,,1426432,
6.722674,DELIVER,1393,,,,1427456,
6.722678,DELIVER,1394,,,,1428480,
6.722683,DELIVER,1395,,,,1429504,
6.722687,DELIVER,1396,,,,1430528,
6.722692,DELIVER,1397,,,,1431552,
6.722697,DELIVER,1398,,,,1432576,
6.722702,DELIVER,1399,,,,1433600,
6.722707,DELIVER,1400,,,,1434624,
6.722712,DELIVER,1401,,,,1435648,
6.722717,DELIVER,1402,,,,1436672,
6.722722,DELIVER,1403,,,,1437696,
6.722726,DELIVER,1404,,,,1438720,
6.730054,DUP,1387,,,,1438720,
6.730333,BUFFER,1405,,,,1438720,held=1
6.730346,DELIVER,1405,,,,1439744,
6.730580,BUFFER,1406,,,,1439744,held=1
6.730587,DELIVER,1406,,,,1440768,
6.730798,BUFFER,1407,,,,1440768,held=1
6.730805,DELIVER,1407,,,,1441792,
6.731026,BUFFER,1408,,,,1441792,held=1
6.731138,DELIVER,1408,,,,1442816,
6.731360,BUFFER,1409,,,,1442816,held=1
6.731368,DELIVER,1409,,,,1443840,
6.731818,BUFFER,1410,,,,1443840,held=1
6.731827,DELIVER,1410,,,,1444864,
6.738309,BUFFER,1411,,,,1444864,held=1
6.738328,DELIVER,1411,,,,1445888,
6.740637,BUFFER,1412,,,,1445888,held=1
6.740662,DELIVER,1412,,,,1446912,
6.743940,BUFFER,1413,,,,1446912,held=1
6.743965,DELIVER,1413,,,,1447936,
6.747813,BUFFER,1414,,,,1447936,held=1
6.747829,DELIVER,1414,,,,1448960,
6.754785,BUFFER,1415,,,,1448960,held=1
6.754816,DELIVER,1415,,,,1449984,
6.755092,BUFFER,1416,,,,1449984,held=1
6.755102,DELIVER,1416,,,,1451008,
6.760409,BUFFER,1417,,,,1451008,held=1
6.760438,DELIVER,1417,,,,1452032,
6.760720,BUFFER,1418,,,,1452032,held=1
6.760732,DELIVER,1418,,,,1453056,
6.776587,BUFFER,1419,,,,1453056,held=1
6.776663,DELIVER,1419,,,,1454080,
6.776936,DUP,1396,,,,1454080,
6.781108,BUFFER,1420,,,,1454080,held=1
6.781162,DELIVER,1420,,,,1455104,
6.781434,BUFFER,1421,,,,1455104,held=1
6.781443,DELIVER,1421,,,,1456128,
6.781787,BUFFER,1422,,,,1456128,held=1
6.781800,DELIVER,1422,,,,1457152,
6.782210,BUFFER,1423,,,,1457152,held=1
6.782224,DELIVER,1423,,,,1458176,
6.782505,BUFFER,1424,,,,1458176,held=1
6.782513,DELIVER,1424,,,,1459200,
6.782763,BUFFER,1425,,,,1459200,held=1
6.782775,DELIVER,1425,,,,1460224,
6.787807,BUFFER,1426,,,,1460224,held=1
6.787831,DELIVER,1426,,,,1461248,
6.788126,BUFFER,1427,,,,1461248,held=1
6.788136,DELIVER,1427,,,,1462272,
6.788635,BUFFER,1428,,,,1462272,held=1
6.788648,DELIVER,1428,,,,1463296,
6.788896,BUFFER,1429,,,,1463296,held=1
6.788907,DELIVER,1429,,,,1464320,
6.804907,BUFFER,1430,,,,1464320,held=1
6.804928,DELIVER,1430,,,,1465344,
6.805295,BUFFER,1431,,,,1465344,held=1
6.805318,DELIVER,1431,,,,1466368,
6.805629,BUFFER,1432,,,,1466368,held=1
6.805640,DELIVER,1432,,,,1467392,
6.805946,BUFFER,1433,,,,1467392,held=1
6.805957,DELIVER,1433,,,,1468416,
6.806238,BUFFER,1434,,,,1468416,held=1
6.806247,DELIVER,1434,,,,1469440,
6.808319,DUP,1399,,,,1469440,
6.832093,BUFFER,1435,,,,1469440,held=1
6.832114,DELIVER,1435,,,,1470464,
6.832455,BUFFER,1436,,,,1470464,held=1
6.832468,DELIVER,1436,,,,1471488,
6.832694,BUFFER,1437,,,,1471488,held=1
6.832703,DELIVER,1437,,,,1472512,
6.833903,DUP,1399,,,,1472512,
6.834241,BUFFER,1438,,,,1472512,held=1
6.834257,DELIVER,1438,,,,1473536,
6.834522,BUFFER,1439,,,,1473536,held=1
6.834534,DELIVER,1439,,,,1474560,
6.834779,BUFFER,1440,,,,1474560,held=1
6.834787,DELIVER,1440,,,,1475584,
6.835046,BUFFER,1442,,,,1475584,held=1
6.835078,NAK,1441,,,,1475584,
6.835301,BUFFER,1443,,,,1475584,held=2
6.837215,BUFFER,1444,,,,1475584,held=3
6.837461,BUFFER,1445,,,,1475584,held=4
6.848191,BUFFER,1446,,,,1475584,held=5
6.853957,BUFFER,1447,,,,1475584,held=6
6.854227,BUFFER,1448,,,,1475584,held=7
6.855079,BUFFER,1449,,,,1475584,held=8
6.855367,BUFFER,1450,,,,1475584,held=9
6.855680,BUFFER,1451,,,,1475584,held=10
6.855913,BUFFER,1452,,,,1475584,held=11
6.871270,BUFFER,1453,,,,1475584,held=12
6.879047,DUP,1425,,,,1475584,
6.879438,BUFFER,1454,,,,1475584,held=13
6.881507,BUFFER,1441,,,,1475584,held=14
6.881531,DELIVER,1441,,,,1476608,
6.881550,DELIVER,1442,,,,1477632,
6.881557,DELIVER,1443,,,,1478656,
6.881564,DELIVER,1444,,,,1479680,
6.881570,DELIVER,1445,,,,1480704,
6.881575,DELIVER,1446,,,,1481728,
6.881581,DELIVER,1447,,,,1482752,
6.881586,DELIVER,1448,,,,1483776,
6.881592,DELIVER,1449,,,,1484800,
6.881598,DELIVER,1450,,,,1485824,
6.881603,DELIVER,1451,,,,1486848,
6.881611,DELIVER,1452,,,,1487872,
6.881616,DELIVER,1453,,,,1488896,
6.881622,DELIVER,1454,,,,1489920,
6.888669,BUFFER,1455,,,,1489920,held=1
6.888693,DELIVER,1455,,,,1490944,
6.888954,BUFFER,1456,,,,1490944,held=1
6.888963,DELIVER,1456,,,,1491968,
6.889220,BUFFER,1458,,,,1491968,held=1
6.889246,NAK,1457,,,,1491968,
6.889496,BUFFER,1459,,,,1491968,held=2
6.890517,BUFFER,1460,,,,1491968,held=3
6.904113,BUFFER,1461,,,,1491968,held=4
6.904378,BUFFER,1462,,,,1491968,held=5
6.904602,BUFFER,1463,,,,1491968,held=6
6.910255,BUFFER,1464,,,,1491968,held=7
6.932904,BUFFER,1465,,,,1491968,held=8
6.933160,BUFFER,1466,,,,1491968,held=9
6.933460,BUFFER,1467,,,,1491968,held=10
6.933688,BUFFER,1468,,,,1491968,held=11
6.934027,BUFFER,1469,,,,1491968,held=12
6.934362,BUFFER,1470,,,,1491968,held=13
6.934635,DUP,1442,,,,1491968,
6.936984,BUFFER,1457,,,,1491968,held=14
6.937006,DELIVER,1457,,,,1492992,
6.937013,DELIVER,1458,,,,1494016,
6.937018,DELIVER,1459,,,,1495040,
6.937023,DELIVER,1460,,,,1496064,
6.937147,DELIVER,1461,,,,1497088,
6.937153,DELIVER,1462,,,,1498112,
6.937158,DELIVER,1463,,,,1499136,
6.937163,DELIVER,1464,,,,1500160,
6.937167,DELIVER,1465,,,,1501184,
6.937172,DELIVER,1466,,,,1502208,
6.937176,DELIVER,1467,,,,1503232,
6.937181,DELIVER,1468,,,,1504256,
6.937187,DELIVER,1469,,,,1505280,
6.937192,DELIVER,1470,,,,1506304,
6.937426,BUFFER,1471,,,,1506304,held=1
6.937435,DELIVER,1471,,,,1507328,
6.937668,BUFFER,1472,,,,1507328,held=1
6.937678,DELIVER,1472,,,,1508352,
6.937943,BUFFER,1473,,,,1508352,held=1
6.937954,DELIVER,1473,,,,1509376,
6.955321,DUP,1450,,,,1509376,
6.956918,BUFFER,1474,,,,1509376,held=1
6.956936,DELIVER,1474,,,,1510400,
6.959662,BUFFER,1475,,,,1510400,held=1
6.959684,DELIVER,1475,,,,1511424,
6.959984,BUFFER,1476,,,,1511424,held=1
6.960021,DELIVER,1476,,,,1512448,
6.960411,DUP,1452,,,,1512448,
6.979941,BUFFER,1478,,,,1512448,held=1
6.979979,NAK,1477,,,,1512448,
6.980224,DUP,1453,,,,1512448,
6.982478,BUFFER,1479,,,,1512448,held=2
6.983621,BUFFER,1480,,,,1512448,held=3
6.983910,BUFFER,1481,,,,1512448,held=4
6.984228,BUFFER,1482,,,,1512448,held=5
6.984527,BUFFER,1483,,,,1512448,held=6
6.984811,BUFFER,1484,,,,1512448,held=7
6.985057,BUFFER,1485,,,,1512448,held=8
6.985305,DUP,1450,,,,1512448,
6.985518,BUFFER,1486,,,,1512448,held=9
6.985738,BUFFER,1487,,,,1512448,held=10
6.985981,BUFFER,1488,,,,1512448,held=11
7.006343,BUFFER,1489,,,,1512448,held=12
7.006898,BUFFER,1490,,,,1512448,held=13
7.007244,BUFFER,1491,,,,1512448,held=14
7.007528,BUFFER,1492,,,,1512448,held=15
7.023930,DUP,1452,,,,1512448,
7.024574,BUFFER,1477,,,,1512448,held=16
7.024594,DELIVER,1477,,,,1513472,
7.024602,DELIVER,1478,,,,1514496,
7.024609,DELIVER,1479,,,,1515520,
7.024620,DELIVER,1480,,,,1516544,
7.024626,DELIVER,1481,,,,1517568,
7.024632,DELIVER,1482,,,,1518592,
7.024638,DELIVER,1483,,,,1519616,
7.024644,DELIVER,1484,,,,1520640,
7.024650,DELIVER,1485,,,,1521664,
7.024657,DELIVER,1486,,,,1522688,
7.024662,DELIVER,1487,,,,1523712,
7.024689,DELIVER,1488,,,,1524736,
7.024701,DELIVER,1489,,,,1525760,
7.024708,DELIVER,1490,,,,1526784,
7.024714,DELIVER,1491,,,,1527808,
7.024724,DELIVER,1492,,,,1528832,
7.029168,BUFFER,1493,,,,1528832,held=1
7.029194,DELIVER,1493,,,,1529856,
7.029444,BUFFER,1494,,,,1529856,held=1
7.029456,DELIVER,1494,,,,1530880,
7.029936,BUFFER,1495,,,,1530880,held=1
7.029953,DELIVER,1495,,,,1531904,
7.030278,BUFFER,1496,,,,1531904,held=1
7.030288,DELIVER,1496,,,,1532928,
7.030502,BUFFER,1497,,,,1532928,held=1
7.030509,DELIVER,1497,,,,1533952,
7.030744,BUFFER,1500,,,,1533952,held=1
7.030765,NAK,1498,,,,1533952,
7.030779,NAK,1499,,,,1533952,
7.031015,BUFFER,1501,,,,1533952,held=2
7.037131,BUFFER,1502,,,,1533952,held=3
7.038427,BUFFER,1503,,,,1533952,held=4
7.050700,BUFFER,1505,,,,1533952,held=5
7.050814,NAK,1504,,,,1533952,
7.052934,BUFFER,1506,,,,1533952,held=6
7.054834,BUFFER,1507,,,,1533952,held=7
7.057103,DUP,1475,,,,1533952,
7.059395,BUFFER,1508,,,,1533952,held=8
7.067650,BUFFER,1509,,,,1533952,held=9
7.067913,BUFFER,1510,,,,1533952,held=10
7.072528,DUP,1475,,,,1533952,
7.074595,BUFFER,1498,,,,1533952,held=11
7.074613,DELIVER,1498,,,,1534976,
7.074856,BUFFER,1499,,,,1534976,held=11
7.074866,DELIVER,1499,,,,1536000,
7.074872,DELIVER,1500,,,,1537024,
7.074881,DELIVER,1501,,,,1538048,
7.074886,DELIVER,1502,,,,1539072,
7.074890,DELIVER,1503,,,,1540096,
7.083471,BUFFER,1511,,,,1540096,held=7
7.083696,BUFFER,1512,,,,1540096,held=8
7.083902,BUFFER,1513,,,,1540096,held=9
7.084102,BUFFER,1514,,,,1540096,held=10
7.084300,BUFFER,1515,,,,1540096,held=11
7.084499,DUP,1479,,,,1540096,
7.087776,BUFFER,1516,,,,1540096,held=12
7.101143,BUFFER,1504,,,,1540096,held=13
7.101153,DELIVER,1504,,,,1541120,
7.101158,DELIVER,1505,,,,1542144,
7.101163,DELIVER,1506,,,,1543168,
7.101168,DELIVER,1507,,,,1544192,
7.101173,DELIVER,1508,,,,1545216,
7.101177,DELIVER,1509,,,,1546240,
7.101182,DELIVER,1510,,,,1547264,
7.101187,DELIVER,1511,,,,1548288,
7.101192,DELIVER,1512,,,,1549312,
7.101196,DELIVER,1513,,,,1550336,
7.101201,DELIVER,1514,,,,1551360,
7.101205,DELIVER,1515,,,,1552384,
7.101210,DELIVER,1516,,,,1553408,
7.101415,BUFFER,1517,,,,1553408,held=1
7.101421,DELIVER,1517,,,,1554432,
7.101815,BUFFER,1518,,,,1554432,held=1
7.101822,DELIVER,1518,,,,1555456,
7.102057,BUFFER,1519,,,,1555456,held=1
7.102068,DELIVER,1519,,,,1556480,
7.104391,BUFFER,1520,,,,1556480,held=1
7.104398,DELIVER,1520,,,,1557504,
7.109504,BUFFER,1521,,,,1557504,held=1
7.109513,DELIVER,1521,,,,1558528,
7.109819,DUP,1479,,,,1558528,
7.111884,BUFFER,1522,,,,1558528,held=1
7.111895,DELIVER,1522,,,,1559552,
7.117321,BUFFER,1523,,,,1559552,held=1
7.117329,DELIVER,1523,,,,1560576,
7.124177,BUFFER,1524,,,,1560576,held=1
7.124187,DELIVER,1524,,,,1561600,
7.124448,BUFFER,1525,,,,1561600,held=1
7.124456,DELIVER,1525,,,,1562624,
7.127822,BUFFER,1526,,,,1562624,held=1
7.127833,DELIVER,1526,,,,1563648,
7.128114,BUFFER,1527,,,,1563648,held=1
7.128122,DELIVER,1527,,,,1564672,
7.134486,BUFFER,1528,,,,1564672,held=1
7.134503,DELIVER,1528,,,,1565696,
7.134777,BUFFER,1529,,,,1565696,held=1
7.134788,DELIVER,1529,,,,1566720,
7.135009,BUFFER,1530,,,,1566720,held=1
7.135017,DELIVER,1530,,,,1567744,
7.135247,BUFFER,1531,,,,1567744,held=1
7.135258,DELIVER,1531,,,,1568768,
7.135480,BUFFER,1532,,,,1568768,held=1
7.135487,DELIVER,1532,,,,1569792,
7.135683,BUFFER,1533,,,,1569792,held=1
7.135690,DELIVER,1533,,,,1570816,
7.135911,DUP,1502,,,,1570816,
7.149161,BUFFER,1534,,,,1570816,held=1
7.149182,DELIVER,1534,,,,1571840,
7.149418,DUP,1502,,,,1571840,
7.149751,BUFFER,1535,,,,1571840,held=1
7.149760,DELIVER,1535,,,,1572864,
7.150020,BUFFER,1536,,,,1572864,held=1
7.150160,DELIVER,1536,,,,1573888,
7.150423,BUFFER,1537,,,,1573888,held=1
7.150434,DELIVER,1537,,,,1574912,
7.151981,BUFFER,1539,,,,1574912,held=1
7.152009,NAK,1538,,,,1574912,
7.152275,BUFFER,1540,,,,1574912,held=2
7.156577,BUFFER,1541,,,,1574912,held=3
7.171950,BUFFER,1542,,,,1574912,held=4
7.172758,BUFFER,1543,,,,1574912,held=5
7.177428,BUFFER,1544,,,,1574912,held=6
7.177826,BUFFER,1545,,,,1574912,held=7
7.178086,BUFFER,1546,,,,1574912,held=8
7.178672,BUFFER,1547,,,,1574912,held=9
7.178900,BUFFER,1548,,,,1574912,held=10
7.179730,BUFFER,1549,,,,1574912,held=11
7.183760,BUFFER,1550,,,,1574912,held=12
7.186039,BUFFER,1551,,,,1574912,held=13
7.186328,BUFFER,1552,,,,1574912,held=14
7.187605,BUFFER,1553,,,,1574912,held=15
7.194473,BUFFER,1538,,,,1574912,held=16
7.194492,DELIVER,1538,,,,1575936,
7.194498,DELIVER,1539,,,,1576960,
7.194504,DELIVER,1540,,,,1577984,
7.194509,DELIVER,1541,,,,1579008,
7.194514,DELIVER,1542,,,,1580032,
7.194519,DELIVER,1543,,,,1581056,
7.194524,DELIVER,1544,,,,1582080,
7.194528,DELIVER,1545,,,,1583104,
7.194533,DELIVER,1546,,,,1584128,
7.194538,DELIVER,1547,,,,1585152,
7.194543,DELIVER,1548,,,,1586176,
7.194547,DELIVER,1549,,,,1587200,
7.194552,DELIVER,1550,,,,1588224,
7.194556,DELIVER,1551,,,,1589248,
7.194561,DELIVER,1552,,,,1590272,
7.194565,DELIVER,1553,,,,1591296,
7.198058,BUFFER,1554,,,,1591296,held=1
7.198080,DELIVER,1554,,,,1592320,
7.198478,BUFFER,1555,,,,1592320,held=1
7.198491,DELIVER,1555,,,,1593344,
7.198744,BUFFER,1556,,,,1593344,held=1
7.198753,DELIVER,1556,,,,1594368,
7.199003,BUFFER,1557,,,,1594368,held=1
7.199012,DELIVER,1557,,,,1595392,
7.204845,DUP,1538,,,,1595392,
7.205137,BUFFER,1558,,,,1595392,held=1
7.205151,DELIVER,1558,,,,1596416,
7.212885,BUFFER,1559,,,,1596416,held=1
7.212918,DELIVER,1559,,,,1597440,
7.213468,BUFFER,1560,,,,1597440,held=1
7.213485,DELIVER,1560,,,,1598464,
7.214526,BUFFER,1561,,,,1598464,held=1
7.214558,DELIVER,1561,,,,1599488,
7.217486,BUFFER,1563,,,,1599488,held=1
7.217519,NAK,1562,,,,1599488,
7.222604,BUFFER,1564,,,,1599488,held=2
7.224482,BUFFER,1566,,,,1599488,held=3
7.224535,NAK,1565,,,,1599488,
7.224994,BUFFER,1567,,,,1599488,held=4
7.230407,BUFFER,1568,,,,1599488,held=5
7.231061,BUFFER,1569,,,,1599488,held=6
7.234862,BUFFER,1570,,,,1599488,held=7
7.242211,BUFFER,1571,,,,1599488,held=8
7.242972,BUFFER,1572,,,,1599488,held=9
7.243316,DUP,1548,,,,1599488,
7.247343,BUFFER,1573,,,,1599488,held=10
7.252172,BUFFER,1574,,,,1599488,held=11
7.252444,BUFFER,1575,,,,1599488,held=12
7.253702,BUFFER,1576,,,,1599488,held=13
7.253962,BUFFER,1577,,,,1599488,held=14
7.255735,BUFFER,1578,,,,1599488,held=15
7.256271,BUFFER,1579,,,,1599488,held=16
7.262233,BUFFER,1562,,,,1599488,held=17
7.262264,DELIVER,1562,,,,1600512,
7.262273,DELIVER,1563,,,,1601536,
7.262280,DELIVER,1564,,,,1602560,
7.267000,BUFFER,1580,,,,1602560,held=15
7.267310,BUFFER,1581,,,,1602560,held=16
7.267664,BUFFER,1582,,,,1602560,held=17
7.268369,BUFFER,1565,,,,1602560,held=18
7.268390,DELIVER,1565,,,,1603584,
7.268471,DELIVER,1566,,,,1604608,
7.268477,DELIVER,1567,,,,1605632,
7.268482,DELIVER,1568,,,,1606656,
7.268487,DELIVER,1569,,,,1607680,
7.268493,DELIVER,1570,,,,1608704,
7.268497,DELIVER,1571,,,,1609728,
7.268502,DELIVER,1572,,,,1610752,
7.268507,DELIVER,1573,,,,1611776,
7.268512,DELIVER,1574,,,,1612800,
7.268517,DELIVER,1575,,,,1613824,
7.268521,DELIVER,1576,,,,1614848,
7.268526,DELIVER,1577,,,,1615872,
7.268530,DELIVER,1578,,,,1616896,
7.268550,DELIVER,1579,,,,1617920,
7.268651,DELIVER,1580,,,,1618944,
7.268677,DELIVER,1581,,,,1619968,
7.268682,DELIVER,1582,,,,1620992,
7.273934,BUFFER,1583,,,,1620992,held=1
7.273944,DELIVER,1583,,,,1622016,
7.277943,BUFFER,1584,,,,1622016,held=1
7.277951,DELIVER,1584,,,,1623040,
7.281682,BUFFER,1585,,,,1623040,held=1
7.281703,DELIVER,1585,,,,1624064,
7.282301,BUFFER,1586,,,,1624064,held=1
7.282317,DELIVER,1586,,,,1625088,
7.284859,BUFFER,1587,,,,1625088,held=1
7.284882,DELIVER,1587,,,,1626112,
7.285141,BUFFER,1588,,,,1626112,held=1
7.285153,DELIVER,1588,,,,1627136,
7.289031,BUFFER,1589,,,,1627136,held=1
7.289052,DELIVER,1589,,,,1628160,
7.292901,BUFFER,1591,,,,1628160,held=1
7.292998,NAK,1590,,,,1628160,
7.293341,BUFFER,1592,,,,1628160,held=2
7.293682,BUFFER,1593,,,,1628160,held=3
7.303570,BUFFER,1594,,,,1628160,held=4
7.303805,BUFFER,1595,,,,1628160,held=5
7.304058,BUFFER,1596,,,,1628160,held=6
7.310922,BUFFER,1597,,,,1628160,held=7
7.312693,BUFFER,1598,,,,1628160,held=8
7.315420,BUFFER,1599,,,,1628160,held=9
7.316292,BUFFER,1600,,,,1628160,held=10
7.316893,BUFFER,1601,,,,1628160,held=11
7.321218,BUFFER,1602,,,,1628160,held=12
7.321401,BUFFER,1603,,,,1628160,held=13
7.321750,BUFFER,1604,,,,1628160,held=14
7.327434,BUFFER,1605,,,,1628160,held=15
7.330712,BUFFER,1606,,,,1628160,held=16
7.331032,BUFFER,1607,,,,1628160,held=17
7.337982,BUFFER,1608,,,,1628160,held=18
7.338252,BUFFER,1590,,,,1628160,held=19
7.338265,DELIVER,1590,,,,1629184,
7.338271,DELIVER,1591,,,,1630208,
7.338277,DELIVER,1592,,,,1631232,
7.338282,DELIVER,1593,,,,1632256,
7.338287,DELIVER,1594,,,,1633280,
7.338321,DELIVER,1595,,,,1634304,
7.338329,DELIVER,1596,,,,1635328,
7.338334,DELIVER,1597,,,,1636352,
7.338340,DELIVER,1598,,,,1637376,
7.338345,DELIVER,1599,,,,1638400,
7.338350,DELIVER,1600,,,,1639424,
7.338355,DELIVER,1601,,,,1640448,
7.338359,DELIVER,1602,,,,1641472,
7.338364,DELIVER,1603,,,,1642496,
7.338368,DELIVER,1604,,,,1643520,
7.338373,DELIVER,1605,,,,1644544,
7.338378,DELIVER,1606,,,,1645568,
7.338382,DELIVER,1607,,,,1646592,
7.338387,DELIVER,1608,,,,1647616,
7.338670,BUFFER,1609,,,,1647616,held=1
7.338682,DELIVER,1609,,,,1648640,
7.338943,BUFFER,1610,,,,1648640,held=1
7.338952,DELIVER,1610,,,,1649664,
7.339202,BUFFER,1611,,,,1649664,held=1
7.339213,DELIVER,1611,,,,1650688,
7.344547,DUP,1548,,,,1650688,
7.346925,BUFFER,1612,,,,1650688,held=1
7.346937,DELIVER,1612,,,,1651712,
7.349662,BUFFER,1613,,,,1651712,held=1
7.349682,DELIVER,1613,,,,1652736,
7.350656,BUFFER,1614,,,,1652736,held=1
7.350677,DELIVER,1614,,,,1653760,
7.350954,BUFFER,1615,,,,1653760,held=1
7.350972,DELIVER,1615,,,,1654784,
7.355337,BUFFER,1617,,,,1654784,held=1
7.355377,NAK,1616,,,,1654784,
7.358122,BUFFER,1618,,,,1654784,held=2
7.363720,BUFFER,1619,,,,1654784,held=3
7.364058,BUFFER,1620,,,,1654784,held=4
7.364596,BUFFER,1621,,,,1654784,held=5
7.365166,BUFFER,1622,,,,1654784,held=6
7.366372,BUFFER,1623,,,,1654784,held=7
7.382458,BUFFER,1625,,,,1654784,held=8
7.382771,NAK,1624,,,,1654784,
7.383597,BUFFER,1626,,,,1654784,held=9
7.392900,BUFFER,1627,,,,1654784,held=10
7.393483,BUFFER,1628,,,,1654784,held=11
7.393855,BUFFER,1629,,,,1654784,held=12
7.394310,BUFFER,1630,,,,1654784,held=13
7.395396,BUFFER,1631,,,,1654784,held=14
7.395982,BUFFER,1632,,,,1654784,held=15
7.396445,BUFFER,1633,,,,1654784,held=16
7.396789,BUFFER,1634,,,,1654784,held=17
7.397148,BUFFER,1635,,,,1654784,held=18
7.397478,BUFFER,1636,,,,1654784,held=19
7.397832,BUFFER,1637,,,,1654784,held=20
7.401122,BUFFER,1616,,,,1654784,held=21
7.401137,DELIVER,1616,,,,1655808,
7.401143,DELIVER,1617,,,,1656832,
7.401149,DELIVER,1618,,,,1657856,
7.401153,DELIVER,1619,,,,1658880,
7.401159,DELIVER,1620,,,,1659904,
7.401163,DELIVER,1621,,,,1660928,
7.401168,DELIVER,1622,,,,1661952,
7.401172,DELIVER,1623,,,,1662976,
7.406059,DUP,1616,,,,1662976,
7.408383,BUFFER,1638,,,,1662976,held=14
7.412322,BUFFER,1639,,,,1662976,held=15
7.412603,BUFFER,1640,,,,1662976,held=16
7.418652,BUFFER,1641,,,,1662976,held=17
7.429216,BUFFER,1624,,,,1662976,held=18
7.429243,DELIVER,1624,,,,1664000,
7.429252,DELIVER,1625,,,,1665024,
7.429259,DELIVER,1626,,,,1666048,
7.429265,DELIVER,1627,,,,1667072,
7.429272,DELIVER,1628,,,,1668096,
7.429279,DELIVER,1629,,,,1669120,
7.429285,DELIVER,1630,,,,1670144,
7.429290,DELIVER,1631,,,,1671168,
7.429296,DELIVER,1632,,,,1672192,
7.429302,DELIVER,1633,,,,1673216,
7.429307,DELIVER,1634,,,,1674240,
7.429313,DELIVER,1635,,,,1675264,
7.429319,DELIVER,1636,,,,1676288,
7.429324,DELIVER,1637,,,,1677312,
7.429333,DELIVER,1638,,,,1678336,
7.429338,DELIVER,1639,,,,1679360,
7.429344,DELIVER,1640,,,,1680384,
7.429349,DELIVER,1641,,,,1681408,
7.433906,BUFFER,1642,,,,1681408,held=1
7.433927,DELIVER,1642,,,,1682432,
7.436403,BUFFER,1644,,,,1682432,held=1
7.436435,NAK,1643,,,,1682432,
7.447699,BUFFER,1645,,,,1682432,held=2
7.448051,BUFFER,1646,,,,1682432,held=3
7.448272,BUFFER,1647,,,,1682432,held=4
7.448571,BUFFER,1648,,,,1682432,held=5
7.449093,BUFFER,1649,,,,1682432,held=6
7.449435,BUFFER,1650,,,,1682432,held=7
7.449669,BUFFER,1651,,,,1682432,held=8
7.449899,BUFFER,1652,,,,1682432,held=9
7.450143,BUFFER,1653,,,,1682432,held=10
7.450362,BUFFER,1654,,,,1682432,held=11
7.450610,BUFFER,1655,,,,1682432,held=12
7.455703,BUFFER,1656,,,,1682432,held=13
7.460197,DUP,1624,,,,1682432,
7.460581,BUFFER,1657,,,,1682432,held=14
7.461823,BUFFER,1658,,,,1682432,held=15
7.478264,BUFFER,1659,,,,1682432,held=16
7.481760,BUFFER,1660,,,,1682432,held=17
7.482046,BUFFER,1643,,,,1682432,held=18
7.482060,DELIVER,1643,,,,1683456,
7.482121,DELIVER,1644,,,,1684480,
7.482128,DELIVER,1645,,,,1685504,
7.482133,DELIVER,1646,,,,1686528,
7.482138,DELIVER,1647,,,,1687552,
7.482142,DELIVER,1648,,,,1688576,
7.482147,DELIVER,1649,,,,1689600,
7.482151,DELIVER,1650,,,,1690624,
7.482155,DELIVER,1651,,,,1691648,
7.482160,DELIVER,1652,,,,1692672,
7.482164,DELIVER,1653,,,,1693696,
7.482169,DELIVER,1654,,,,1694720,
7.482174,DELIVER,1655,,,,1695744,
7.482178,DELIVER,1656,,,,1696768,
7.482182,DELIVER,1657,,,,1697792,
7.482186,DELIVER,1658,,,,1698816,
7.482191,DELIVER,1659,,,,1699840,
7.482195,DELIVER,1660,,,,1700864,
7.482460,BUFFER,1661,,,,1700864,held=1
7.482475,DELIVER,1661,,,,1701888,
7.482691,DUP,1625,,,,1701888,
7.502874,DUP,1625,,,,1701888,
7.503218,BUFFER,1662,,,,1701888,held=1
7.503235,DELIVER,1662,,,,1702912,
7.503467,BUFFER,1663,,,,1702912,held=1
7.503478,DELIVER,1663,,,,1703936,
7.503702,BUFFER,1664,,,,1703936,held=1
7.503872,DELIVER,1664,,,,1704960,
7.504129,BUFFER,1665,,,,1704960,held=1
7.504139,DELIVER,1665,,,,1705984,
7.504500,BUFFER,1666,,,,1705984,held=1
7.504520,DELIVER,1666,,,,1707008,
7.505714,BUFFER,1667,,,,1707008,held=1
7.505724,DELIVER,1667,,,,1708032,
7.506055,BUFFER,1668,,,,1708032,held=1
7.506071,DELIVER,1668,,,,1709056,
7.506393,BUFFER,1669,,,,1709056,held=1
7.506405,DELIVER,1669,,,,1710080,
7.506636,BUFFER,1671,,,,1710080,held=1
7.506652,NAK,1670,,,,1710080,
7.506857,BUFFER,1672,,,,1710080,held=2
7.507059,BUFFER,1673,,,,1710080,held=3
7.507261,DUP,1637,,,,1710080,
7.510585,BUFFER,1674,,,,1710080,held=4
7.510922,BUFFER,1675,,,,1710080,held=5
7.511243,BUFFER,1676,,,,1710080,held=6
7.528273,BUFFER,1677,,,,1710080,held=7
7.528542,BUFFER,1678,,,,1710080,held=8
7.529469,BUFFER,1679,,,,1710080,held=9
7.529700,BUFFER,1680,,,,1710080,held=10
7.531735,BUFFER,1681,,,,1710080,held=11
7.544723,BUFFER,1682,,,,1710080,held=12
7.551934,DUP,1637,,,,1710080,
7.552082,BUFFER,1683,,,,1710080,held=13
7.552215,BUFFER,1684,,,,1710080,held=14
7.552346,BUFFER,1685,,,,1710080,held=15
7.552474,BUFFER,1686,,,,1710080,held=16
7.552603,BUFFER,1687,,,,1710080,held=17
7.557061,BUFFER,1670,,,,1710080,held=18
7.557069,DELIVER,1670,,,,1711104,
7.557073,DELIVER,1671,,,,1712128,
7.557077,DELIVER,1672,,,,1713152,
7.557080,DELIVER,1673,,,,1714176,
7.557083,DELIVER,1674,,,,1715200,
7.557086,DELIVER,1675,,,,1716224,
7.557088,DELIVER,1676,,,,1717248,
7.557092,DELIVER,1677,,,,1718272,
7.557095,DELIVER,1678,,,,1719296,
7.557097,DELIVER,1679,,,,1720320,
7.557100,DELIVER,1680,,,,1721344,
7.557103,DELIVER,1681,,,,1722368,
7.557106,DELIVER,1682,,,,1723392,
7.557109,DELIVER,1683,,,,1724416,
7.557112,DELIVER,1684,,,,1725440,
7.557115,DELIVER,1685,,,,1726464,
7.557117,DELIVER,1686,,,,1727488,
7.557120,DELIVER,1687,,,,1728512,
7.557928,BUFFER,1688,,,,1728512,held=1
7.557937,DELIVER,1688,,,,1729536,
7.558064,BUFFER,1689,,,,1729536,held=1
7.558068,DELIVER,1689,,,,1730560,
7.558191,BUFFER,1690,,,,1730560,held=1
7.558195,DELIVER,1690,,,,1731584,
7.558316,BUFFER,1691,,,,1731584,held=1
7.558320,DELIVER,1691,,,,1732608,
7.558442,BUFFER,1692,,,,1732608,held=1
7.558445,DELIVER,1692,,,,1733632,
7.560770,BUFFER,1693,,,,1733632,held=1
7.560775,DELIVER,1693,,,,1734656,
7.560911,BUFFER,1694,,,,1734656,held=1
7.560915,DELIVER,1694,,,,1735680,
7.561036,DUP,1670,,,,1735680,
7.569985,BUFFER,1695,,,,1735680,held=1
7.569994,DELIVER,1695,,,,1736704,
7.580538,BUFFER,1696,,,,1736704,held=1
7.580544,DELIVER,1696,,,,1737728,
7.580691,BUFFER,1697,,,,1737728,held=1
7.580696,DELIVER,1697,,,,1738752,
7.580836,BUFFER,1698,,,,1738752,held=1
7.580839,DELIVER,1698,,,,1739776,
7.580979,BUFFER,1699,,,,1739776,held=1
7.580983,DELIVER,1699,,,,1740800,
7.584267,BUFFER,1701,,,,1740800,held=1
7.584277,NAK,1700,,,,1740800,
7.595097,BUFFER,1702,,,,1740800,held=2
7.603463,BUFFER,1703,,,,1740800,held=3
7.603664,BUFFER,1704,,,,1740800,held=4
7.603836,BUFFER,1705,,,,1740800,held=5
7.604004,BUFFER,1706,,,,1740800,held=6
7.604170,BUFFER,1707,,,,1740800,held=7
7.604338,BUFFER,1708,,,,1740800,held=8
7.604503,BUFFER,1709,,,,1740800,held=9
7.604716,BUFFER,1710,,,,1740800,held=10
7.605733,DUP,1689,,,,1740800,
7.607930,BUFFER,1711,,,,1740800,held=11
7.608663,BUFFER,1712,,,,1740800,held=12
7.608838,BUFFER,1713,,,,1740800,held=13
7.609003,BUFFER,1714,,,,1740800,held=14
7.629759,BUFFER,1700,,,,1740800,held=15
7.629768,DELIVER,1700,,,,1741824,
7.629772,DELIVER,1701,,,,1742848,
7.629776,DELIVER,1702,,,,1743872,
7.629780,DELIVER,1703,,,,1744896,
7.629784,DELIVER,1704,,,,1745920,
7.629787,DELIVER,1705,,,,1746944,
7.629791,DELIVER,1706,,,,1747968,
7.629795,DELIVER,1707,,,,1748992,
7.629799,DELIVER,1708,,,,1750016,
7.629802,DELIVER,1709,,,,1751040,
7.629806,DELIVER,1710,,,,1752064,
7.629810,DELIVER,1711,,,,1753088,
7.629814,DELIVER,1712,,,,1754112,
7.629817,DELIVER,1713,,,,1755136,
7.629821,DELIVER,1714,,,,1756160,
7.629988,BUFFER,1715,,,,1756160,held=1
7.629992,DELIVER,1715,,,,1757184,
7.630154,BUFFER,1716,,,,1757184,held=1
7.630159,DELIVER,1716,,,,1758208,
7.630320,BUFFER,1717,,,,1758208,held=1
7.630325,DELIVER,1717,,,,1759232,
7.630485,BUFFER,1718,,,,1759232,held=1
7.630490,DELIVER,1718,,,,1760256,
7.630650,BUFFER,1719,,,,1760256,held=1
7.630654,DELIVER,1719,,,,1761280,
7.630814,BUFFER,1720,,,,1761280,held=1
7.630818,DELIVER,1720,,,,1762304,
7.630980,BUFFER,1721,,,,1762304,held=1
7.630989,DELIVER,1721,,,,1763328,
7.659334,BUFFER,1722,,,,1763328,held=1
7.659352,DELIVER,1722,,,,1764352,
7.659610,BUFFER,1724,,,,1764352,held=1
7.659625,NAK,1723,,,,1764352,
7.659830,BUFFER,1725,,,,1764352,held=2
7.660038,BUFFER,1726,,,,1764352,held=3
7.660236,BUFFER,1727,,,,1764352,held=4
7.660434,BUFFER,1728,,,,1764352,held=5
7.660629,BUFFER,1729,,,,1764352,held=6
7.660826,BUFFER,1730,,,,1764352,held=7
7.661023,DUP,1700,,,,1764352,
7.661222,BUFFER,1731,,,,1764352,held=8
7.687544,BUFFER,1732,,,,1764352,held=9
7.687787,DUP,1713,,,,1764352,
7.688052,BUFFER,1733,,,,1764352,held=10
7.688484,BUFFER,1734,,,,1764352,held=11
7.688747,BUFFER,1735,,,,1764352,held=12
7.688984,BUFFER,1736,,,,1764352,held=13
7.689202,BUFFER,1737,,,,1764352,held=14
7.689463,BUFFER,1738,,,,1764352,held=15
7.689701,BUFFER,1739,,,,1764352,held=16
7.712243,BUFFER,1723,,,,1764352,held=17
7.712264,DELIVER,1723,,,,1765376,
7.712273,DELIVER,1724,,,,1766400,
7.712279,DELIVER,1725,,,,1767424,
7.712284,DELIVER,1726,,,,1768448,
7.712292,DELIVER,1727,,,,1769472,
7.712297,DELIVER,1728,,,,1770496,
7.712301,DELIVER,1729,,,,1771520,
7.712306,DELIVER,1730,,,,1772544,
7.712311,DELIVER,1731,,,,1773568,
7.712316,DELIVER,1732,,,,1774592,
7.712321,DELIVER,1733,,,,1775616,
7.712326,DELIVER,1734,,,,1776640,
7.712331,DELIVER,1735,,,,1777664,
7.712336,DELIVER,1736,,,,1778688,
7.712344,DELIVER,1737,,,,1779712,
7.712349,DELIVER,1738,,,,1780736,
7.712353,DELIVER,1739,,,,1781760,
7.712700,BUFFER,1741,,,,1781760,held=1
7.712723,NAK,1740,,,,1781760,
7.713151,BUFFER,1742,,,,1781760,held=2
7.713421,BUFFER,1743,,,,1781760,held=3
7.713663,BUFFER,1744,,,,1781760,held=4
7.715174,BUFFER,1745,,,,1781760,held=5
7.715670,BUFFER,1746,,,,1781760,held=6
7.715900,BUFFER,1747,,,,1781760,held=7
7.716127,BUFFER,1748,,,,1781760,held=8
7.716348,BUFFER,1749,,,,1781760,held=9
7.733844,BUFFER,1750,,,,1781760,held=10
7.734307,BUFFER,1751,,,,1781760,held=11
7.735079,BUFFER,1752,,,,1781760,held=12
7.737641,BUFFER,1753,,,,1781760,held=13
7.738709,DUP,1723,,,,1781760,
7.739147,BUFFER,1754,,,,1781760,held=14
7.739403,BUFFER,1755,,,,1781760,held=15
7.743933,BUFFER,1757,,,,1781760,held=16
7.743971,NAK,1756,,,,1781760,
7.744252,BUFFER,1758,,,,1781760,held=17
7.752857,BUFFER,1740,,,,1781760,held=18
7.752887,DELIVER,1740,,,,1782784,
7.752894,DELIVER,1741,,,,1783808,
7.752901,DELIVER,1742,,,,1784832,
7.752906,DELIVER,1743,,,,1785856,
7.752912,DELIVER,1744,,,,1786880,
7.752917,DELIVER,1745,,,,1787904,
7.752922,DELIVER,1746,,,,1788928,
7.752927,DELIVER,1747,,,,1789952,
7.752931,DELIVER,1748,,,,1790976,
7.752936,DELIVER,1749,,,,1792000,
7.752942,DELIVER,1750,,,,1793024,
7.753068,DELIVER,1751,,,,1794048,
7.753077,DELIVER,1752,,,,1795072,
7.753082,DELIVER,1753,,,,1796096,
7.753088,DELIVER,1754,,,,1797120,
7.753093,DELIVER,1755,,,,1798144,
7.753429,BUFFER,1759,,,,1798144,held=3
7.753753,BUFFER,1760,,,,1798144,held=4
7.764820,BUFFER,1761,,,,1798144,held=5
7.765298,BUFFER,1762,,,,1798144,held=6
7.765624,BUFFER,1763,,,,1798144,held=7
7.766167,BUFFER,1764,,,,1798144,held=8
7.766475,BUFFER,1765,,,,1798144,held=9
7.769356,BUFFER,1766,,,,1798144,held=10
7.780808,BUFFER,1767,,,,1798144,held=11
7.781066,BUFFER,1768,,,,1798144,held=12
7.781348,BUFFER,1769,,,,1798144,held=13
7.788626,BUFFER,1770,,,,1798144,held=14
7.788899,BUFFER,1771,,,,1798144,held=15
7.789143,BUFFER,1772,,,,1798144,held=16
7.789377,BUFFER,1756,,,,1798144,held=17
7.789388,DELIVER,1756,,,,1799168,
7.789394,DELIVER,1757,,,,1800192,
7.789399,DELIVER,1758,,,,1801216,
7.789405,DELIVER,1759,,,,1802240,
7.789410,DELIVER,1760,,,,1803264,
7.789414,DELIVER,1761,,,,1804288,
7.789419,DELIVER,1762,,,,1805312,
7.789424,DELIVER,1763,,,,1806336,
7.789428,DELIVER,1764,,,,1807360,
7.789433,DELIVER,1765,,,,1808384,
7.789437,DELIVER,1766,,,,1809408,
7.789442,DELIVER,1767,,,,1810432,
7.789447,DELIVER,1768,,,,1811456,
7.789452,DELIVER,1769,,,,1812480,
7.789456,DELIVER,1770,,,,1813504,
7.789461,DELIVER,1771,,,,1814528,
7.789466,DELIVER,1772,,,,1815552,
7.789698,BUFFER,1773,,,,1815552,held=1
7.789707,DELIVER,1773,,,,1816576,
7.789964,BUFFER,1774,,,,1816576,held=1
7.789972,DELIVER,1774,,,,1817600,
7.792351,BUFFER,1775,,,,1817600,held=1
7.792362,DELIVER,1775,,,,1818624,
7.803420,BUFFER,1776,,,,1818624,held=1
7.803446,DELIVER,1776,,,,1819648,
7.803747,BUFFER,1778,,,,1819648,held=1
7.803766,NAK,1777,,,,1819648,
7.803982,DUP,1756,,,,1819648,
7.812372,BUFFER,1779,,,,1819648,held=2
7.813748,BUFFER,1780,,,,1819648,held=3
7.814117,BUFFER,1781,,,,1819648,held=4
7.816276,BUFFER,1782,,,,1819648,held=5
7.816591,BUFFER,1783,,,,1819648,held=6
7.816834,BUFFER,1784,,,,1819648,held=7
7.831995,BUFFER,1785,,,,1819648,held=8
7.832364,BUFFER,1786,,,,1819648,held=9
7.832887,BUFFER,1787,,,,1819648,held=10
7.833086,BUFFER,1788,,,,1819648,held=11
7.834597,BUFFER,1789,,,,1819648,held=12
7.836217,BUFFER,1790,,,,1819648,held=13
7.836366,BUFFER,1791,,,,1819648,held=14
7.836500,BUFFER,1792,,,,1819648,held=15
7.836632,BUFFER,1793,,,,1819648,held=16
7.839730,BUFFER,1794,,,,1819648,held=17
7.839860,BUFFER,1795,,,,1819648,held=18
7.851824,BUFFER,1777,,,,1819648,held=19
7.851842,DELIVER,1777,,,,1820672,
7.851849,DELIVER,1778,,,,1821696,
7.851855,DELIVER,1779,,,,1822720,
7.851860,DELIVER,1780,,,,1823744,
7.851865,DELIVER,1781,,,,1824768,
7.851870,DELIVER,1782,,,,1825792,
7.851875,DELIVER,1783,,,,1826816,
7.851879,DELIVER,1784,,,,1827840,
7.851884,DELIVER,1785,,,,1828864,
7.851891,DELIVER,1786,,,,1829888,
7.851896,DELIVER,1787,,,,1830912,
7.851901,DELIVER,1788,,,,1831936,
7.851905,DELIVER,1789,,,,1832960,
7.851910,DELIVER,1790,,,,1833984,
7.851915,DELIVER,1791,,,,1835008,
7.852035,DELIVER,1792,,,,1836032,
7.852043,DELIVER,1793,,,,1837056,
7.852047,DELIVER,1794,,,,1838080,
7.852052,DELIVER,1795,,,,1839104,
7.852354,BUFFER,1796,,,,1839104,held=1
7.852366,DELIVER,1796,,,,1840128,
7.854606,DUP,1777,,,,1840128,
7.854708,BUFFER,1797,,,,1840128,held=1
7.854714,DELIVER,1797,,,,1841152,
7.858681,BUFFER,1798,,,,1841152,held=1
7.858689,DELIVER,1798,,,,1842176,
7.860506,BUFFER,1799,,,,1842176,held=1
7.860512,DELIVER,1799,,,,1843200,
7.863592,BUFFER,1800,,,,1843200,held=1
7.863596,DELIVER,1800,,,,1844224,
7.863694,BUFFER,1801,,,,1844224,held=1
7.863697,DELIVER,1801,,,,1845248,
7.879733,BUFFER,1802,,,,1845248,held=1
7.879752,DELIVER,1802,,,,1846272,
7.880452,BUFFER,1803,,,,1846272,held=1
7.880461,DELIVER,1803,,,,1847296,
7.880802,BUFFER,1805,,,,1847296,held=1
7.880811,NAK,1804,,,,1847296,
7.880885,BUFFER,1806,,,,1847296,held=2
7.880961,BUFFER,1807,,,,1847296,held=3
7.881030,BUFFER,1808,,,,1847296,held=4
7.885942,BUFFER,1809,,,,1847296,held=5
7.886026,BUFFER,1810,,,,1847296,held=6
7.889721,BUFFER,1811,,,,1847296,held=7
7.901471,DUP,1794,,,,1847296,
7.901845,BUFFER,1813,,,,1847296,held=8
7.901865,NAK,1812,,,,1847296,
7.902106,BUFFER,1814,,,,1847296,held=9
7.902358,BUFFER,1815,,,,1847296,held=10
7.902617,BUFFER,1816,,,,1847296,held=11
7.902880,BUFFER,1817,,,,1847296,held=12
7.907437,BUFFER,1818,,,,1847296,held=13
7.908595,BUFFER,1819,,,,1847296,held=14
7.919851,BUFFER,1804,,,,1847296,held=15
7.919871,DELIVER,1804,,,,1848320,
7.919878,DELIVER,1805,,,,1849344,
7.919883,DELIVER,1806,,,,1850368,
7.919889,DELIVER,1807,,,,1851392,
7.919894,DELIVER,1808,,,,1852416,
7.919899,DELIVER,1809,,,,1853440,
7.919904,DELIVER,1810,,,,1854464,
7.919909,DELIVER,1811,,,,1855488,
7.926114,BUFFER,1820,,,,1855488,held=8
7.928493,BUFFER,1821,,,,1855488,held=9
7.930287,BUFFER,1822,,,,1855488,held=10
7.930681,BUFFER,1823,,,,1855488,held=11
7.934884,BUFFER,1824,,,,1855488,held=12
7.935272,BUFFER,1825,,,,1855488,held=13
7.936590,BUFFER,1826,,,,1855488,held=14
7.939923,BUFFER,1827,,,,1855488,held=15
7.942531,DUP,1803,,,,1855488,
7.945426,BUFFER,1828,,,,1855488,held=16
7.946491,BUFFER,1829,,,,1855488,held=17
7.946854,BUFFER,1830,,,,1855488,held=18
7.949217,BUFFER,1831,,,,1855488,held=19
7.961052,BUFFER,1832,,,,1855488,held=20
7.961104,NAK,1812,,,,1855488,
7.961469,BUFFER,1833,,,,1855488,held=21
7.976251,BUFFER,1834,,,,1855488,held=22
7.976540,BUFFER,1835,,,,1855488,held=23
7.976787,BUFFER,1836,,,,1855488,held=24
7.977030,BUFFER,1837,,,,1855488,held=25
7.979832,BUFFER,1838,,,,1855488,held=26
7.980091,BUFFER,1839,,,,1855488,held=27
7.980758,BUFFER,1840,,,,1855488,held=28
7.981038,BUFFER,1841,,,,1855488,held=29
7.981274,BUFFER,1842,,,,1855488,held=30
7.984619,DUP,1808,,,,1855488,
8.001348,DUP,1808,,,,1855488,
8.001819,BUFFER,1843,,,,1855488,held=31
8.002061,BUFFER,1844,,,,1855488,held=32
8.002295,BUFFER,1845,,,,1855488,held=33
8.002578,BUFFER,1812,,,,1855488,held=34
8.002592,DELIVER,1812,,,,1856512,
8.002599,DELIVER,1813,,,,1857536,
8.002605,DELIVER,1814,,,,1858560,
8.002610,DELIVER,1815,,,,1859584,
8.002615,DELIVER,1816,,,,1860608,
8.002620,DELIVER,1817,,,,1861632,
8.002625,DELIVER,1818,,,,1862656,
8.002629,DELIVER,1819,,,,1863680,
8.002634,DELIVER,1820,,,,1864704,
8.002639,DELIVER,1821,,,,1865728,
8.002644,DELIVER,1822,,,,1866752,
8.002649,DELIVER,1823,,,,1867776,
8.002653,DELIVER,1824,,,,1868800,
8.002658,DELIVER,1825,,,,1869824,
8.002662,DELIVER,1826,,,,1870848,
8.002667,DELIVER,1827,,,,1871872,
8.002672,DELIVER,1828,,,,1872896,
8.002676,DELIVER,1829,,,,1873920,
8.002681,DELIVER,1830,,,,1874944,
8.002685,DELIVER,1831,,,,1875968,
8.002690,DELIVER,1832,,,,1876992,
8.002695,DELIVER,1833,,,,1878016,
8.002700,DELIVER,1834,,,,1879040,
8.002756,DELIVER,1835,,,,1880064,
8.002761,DELIVER,1836,,,,1881088,
8.002766,DELIVER,1837,,,,1882112,
8.002771,DELIVER,1838,,,,1883136,
8.002776,DELIVER,1839,,,,1884160,
8.002780,DELIVER,1840,,,,1885184,
8.002785,DELIVER,1841,,,,1886208,
8.002789,DELIVER,1842,,,,1887232,
8.002793,DELIVER,1843,,,,1888256,
8.002798,DELIVER,1844,,,,1889280,
8.002803,DELIVER,1845,,,,1890304,
8.003090,BUFFER,1846,,,,1890304,held=1
8.003098,DELIVER,1846,,,,1891328,
8.010071,BUFFER,1847,,,,1891328,held=1
8.010091,DELIVER,1847,,,,1892352,
8.025283,BUFFER,1848,,,,1892352,held=1
8.025314,DELIVER,1848,,,,1893376,
8.025680,BUFFER,1849,,,,1893376,held=1
8.025693,DELIVER,1849,,,,1894400,
8.026282,BUFFER,1850,,,,1894400,held=1
8.026298,DELIVER,1850,,,,1895424,
8.029225,BUFFER,1851,,,,1895424,held=1
8.029246,DELIVER,1851,,,,1896448,
8.032659,BUFFER,1852,,,,1896448,held=1
8.032762,DELIVER,1852,,,,1897472,
8.033054,BUFFER,1853,,,,1897472,held=1
8.033066,DELIVER,1853,,,,1898496,
8.033381,BUFFER,1854,,,,1898496,held=1
8.033389,DELIVER,1854,,,,1899520,
8.033620,BUFFER,1855,,,,1899520,held=1
8.033630,DELIVER,1855,,,,1900544,
8.033886,BUFFER,1856,,,,1900544,held=1
8.033938,DELIVER,1856,,,,1901568,
8.034150,BUFFER,1857,,,,1901568,held=1
8.034158,DELIVER,1857,,,,1902592,
8.034397,BUFFER,1858,,,,1902592,held=1
8.034407,DELIVER,1858,,,,1903616,
8.035112,DUP,1826,,,,1903616,
8.049023,DUP,1812,,,,1903616,
8.055113,BUFFER,1859,,,,1903616,held=1
8.055137,DELIVER,1859,,,,1904640,
8.057048,BUFFER,1860,,,,1904640,held=1
8.057064,DELIVER,1860,,,,1905664,
8.057308,BUFFER,1861,,,,1905664,held=1
8.057315,DELIVER,1861,,,,1906688,
8.057530,BUFFER,1862,,,,1906688,held=1
8.057538,DELIVER,1862,,,,1907712,
8.057762,BUFFER,1863,,,,1907712,held=1
8.057773,DELIVER,1863,,,,1908736,
8.058157,BUFFER,1864,,,,1908736,held=1
8.058170,DELIVER,1864,,,,1909760,
8.058508,DUP,1829,,,,1909760,
8.068312,DUP,1826,,,,1909760,
8.076098,BUFFER,1865,,,,1909760,held=1
8.076116,DELIVER,1865,,,,1910784,
8.076506,BUFFER,1866,,,,1910784,held=1
8.076530,DELIVER,1866,,,,1911808,
8.078896,BUFFER,1867,,,,1911808,held=1
8.078924,DELIVER,1867,,,,1912832,
8.079196,BUFFER,1868,,,,1912832,held=1
8.079204,DELIVER,1868,,,,1913856,
8.079431,BUFFER,1869,,,,1913856,held=1
8.079439,DELIVER,1869,,,,1914880,
8.079692,BUFFER,1870,,,,1914880,held=1
8.079703,DELIVER,1870,,,,1915904,
8.080306,BUFFER,1871,,,,1915904,held=1
8.080319,DELIVER,1871,,,,1916928,
8.082018,BUFFER,1872,,,,1916928,held=1
8.082040,DELIVER,1872,,,,1917952,
8.082353,BUFFER,1874,,,,1917952,held=1
8.082383,NAK,1873,,,,1917952,
8.082617,BUFFER,1875,,,,1917952,held=2
8.082924,BUFFER,1876,,,,1917952,held=3
8.086201,BUFFER,1877,,,,1917952,held=4
8.102003,DUP,1829,,,,1917952,
8.102277,BUFFER,1878,,,,1917952,held=5
8.106235,BUFFER,1879,,,,1917952,held=6
8.109792,BUFFER,1880,,,,1917952,held=7
8.117470,BUFFER,1881,,,,1917952,held=8
8.117723,BUFFER,1882,,,,1917952,held=9
8.124211,BUFFER,1883,,,,1917952,held=10
8.124485,BUFFER,1884,,,,1917952,held=11
8.124703,BUFFER,1873,,,,1917952,held=12
8.124715,DELIVER,1873,,,,1918976,
8.124722,DELIVER,1874,,,,1920000,
8.124727,DELIVER,1875,,,,1921024,
8.124733,DELIVER,1876,,,,1922048,
8.124737,DELIVER,1877,,,,1923072,
8.124742,DELIVER,1878,,,,1924096,
8.124747,DELIVER,1879,,,,1925120,
8.124752,DELIVER,1880,,,,1926144,
8.124757,DELIVER,1881,,,,1927168,
8.124761,DELIVER,1882,,,,1928192,
8.124768,DELIVER,1883,,,,1929216,
8.124773,DELIVER,1884,,,,1930240,
8.129645,BUFFER,1885,,,,1930240,held=1
8.129671,DELIVER,1885,,,,1931264,
8.129942,BUFFER,1886,,,,1931264,held=1
8.129955,DELIVER,1886,,,,1932288,
8.134473,BUFFER,1887,,,,1932288,held=1
8.134546,DELIVER,1887,,,,1933312,
8.135056,BUFFER,1888,,,,1933312,held=1
8.135068,DELIVER,1888,,,,1934336,
8.135341,BUFFER,1889,,,,1934336,held=1
8.135352,DELIVER,1889,,,,1935360,
8.135557,BUFFER,1890,,,,1935360,held=1
8.135564,DELIVER,1890,,,,1936384,
8.135791,BUFFER,1891,,,,1936384,held=1
8.135802,DELIVER,1891,,,,1937408,
8.138736,BUFFER,1892,,,,1937408,held=1
8.138765,DELIVER,1892,,,,1938432,
8.145021,BUFFER,1893,,,,1938432,held=1
8.145048,DELIVER,1893,,,,1939456,
8.145355,BUFFER,1894,,,,1939456,held=1
8.145367,DELIVER,1894,,,,1940480,
8.150451,DUP,1864,,,,1940480,
8.150707,BUFFER,1895,,,,1940480,held=1
8.150721,DELIVER,1895,,,,1941504,
8.150955,BUFFER,1896,,,,1941504,held=1
8.150965,DELIVER,1896,,,,1942528,
8.165278,BUFFER,1897,,,,1942528,held=1
8.165304,DELIVER,1897,,,,1943552,
8.165669,BUFFER,1898,,,,1943552,held=1
8.165681,DELIVER,1898,,,,1944576,
8.165933,BUFFER,1900,,,,1944576,held=1
8.165952,NAK,1899,,,,1944576,
8.168640,BUFFER,1901,,,,1944576,held=2
8.168899,BUFFER,1902,,,,1944576,held=3
8.169136,BUFFER,1903,,,,1944576,held=4
8.179438,BUFFER,1904,,,,1944576,held=5
8.179692,BUFFER,1905,,,,1944576,held=6
8.179936,BUFFER,1906,,,,1944576,held=7
8.180222,BUFFER,1907,,,,1944576,held=8
8.180554,BUFFER,1908,,,,1944576,held=9
8.193620,BUFFER,1909,,,,1944576,held=10
8.197372,BUFFER,1910,,,,1944576,held=11
8.203466,BUFFER,1911,,,,1944576,held=12
8.203733,BUFFER,1912,,,,1944576,held=13
8.203966,BUFFER,1913,,,,1944576,held=14
8.211798,DUP,1887,,,,1944576,
8.212091,BUFFER,1914,,,,1944576,held=15
8.223583,BUFFER,1915,,,,1944576,held=16
8.223616,NAK,1899,,,,1944576,
8.223860,BUFFER,1916,,,,1944576,held=17
8.224136,BUFFER,1917,,,,1944576,held=18
8.224515,BUFFER,1918,,,,1944576,held=19
8.226541,BUFFER,1919,,,,1944576,held=20
8.229771,BUFFER,1920,,,,1944576,held=21
8.235936,BUFFER,1921,,,,1944576,held=22
8.236204,BUFFER,1922,,,,1944576,held=23
8.236490,DUP,1891,,,,1944576,
8.241180,BUFFER,1924,,,,1944576,held=24
8.241209,NAK,1923,,,,1944576,
8.245586,BUFFER,1925,,,,1944576,held=25
8.245888,BUFFER,1926,,,,1944576,held=26
8.246130,BUFFER,1927,,,,1944576,held=27
8.252242,BUFFER,1928,,,,1944576,held=28
8.261102,BUFFER,1929,,,,1944576,held=29
8.261351,DUP,1897,,,,1944576,
8.261676,BUFFER,1899,,,,1944576,held=30
8.261692,DELIVER,1899,,,,1945600,
8.261699,DELIVER,1900,,,,1946624,
8.261704,DELIVER,1901,,,,1947648,
8.261709,DELIVER,1902,,,,1948672,
8.261714,DELIVER,1903,,,,1949696,
8.261719,DELIVER,1904,,,,1950720,
8.261724,DELIVER,1905,,,,1951744,
8.261729,DELIVER,1906,,,,1952768,
8.261734,DELIVER,1907,,,,1953792,
8.261738,DELIVER,1908,,,,1954816,
8.261743,DELIVER,1909,,,,1955840,
8.261748,DELIVER,1910,,,,1956864,
8.261752,DELIVER,1911,,,,1957888,
8.261759,DELIVER,1912,,,,1958912,
8.261764,DELIVER,1913,,,,1959936,
8.261768,DELIVER,1914,,,,1960960,
8.261773,DELIVER,1915,,,,1961984,
8.261777,DELIVER,1916,,,,1963008,
8.261782,DELIVER,1917,,,,1964032,
8.261786,DELIVER,1918,,,,1965056,
8.261791,DELIVER,1919,,,,1966080,
8.261951,DELIVER,1920,,,,1967104,
8.262067,DELIVER,1921,,,,1968128,
8.262076,DELIVER,1922,,,,1969152,
8.265432,BUFFER,1930,,,,1969152,held=7
8.280282,BUFFER,1931,,,,1969152,held=8
8.280646,BUFFER,1932,,,,1969152,held=9
8.281128,BUFFER,1933,,,,1969152,held=10
8.281392,BUFFER,1934,,,,1969152,held=11
8.281883,BUFFER,1935,,,,1969152,held=12
8.283926,BUFFER,1936,,,,1969152,held=13
8.284269,BUFFER,1937,,,,1969152,held=14
8.284680,BUFFER,1938,,,,1969152,held=15
8.294369,DUP,1897,,,,1969152,
8.294400,NAK,1923,,,,1969152,
8.294644,BUFFER,1939,,,,1969152,held=16
8.294923,BUFFER,1940,,,,1969152,held=17
8.295194,BUFFER,1941,,,,1969152,held=18
8.295494,BUFFER,1942,,,,1969152,held=19
8.295747,BUFFER,1943,,,,1969152,held=20
8.296075,BUFFER,1944,,,,1969152,held=21
8.310117,BUFFER,1945,,,,1969152,held=22
8.310353,BUFFER,1946,,,,1969152,held=23
8.312700,BUFFER,1947,,,,1969152,held=24
8.312973,BUFFER,1948,,,,1969152,held=25
8.322921,BUFFER,1949,,,,1969152,held=26
8.323220,BUFFER,1923,,,,1969152,held=27
8.323235,DELIVER,1923,,,,1970176,
8.323243,DELIVER,1924,,,,1971200,
8.323250,DELIVER,1925,,,,1972224,
8.323257,DELIVER,1926,,,,1973248,
8.323263,DELIVER,1927,,,,1974272,
8.323269,DELIVER,1928,,,,1975296,
8.323274,DELIVER,1929,,,,1976320,
8.323280,DELIVER,1930,,,,1977344,
8.323286,DELIVER,1931,,,,1978368,
8.323292,DELIVER,1932,,,,1979392,
8.323299,DELIVER,1933,,,,1980416,
8.323304,DELIVER,1934,,,,1981440,
8.323310,DELIVER,1935,,,,1982464,
8.323315,DELIVER,1936,,,,1983488,
8.323321,DELIVER,1937,,,,1984512,
8.323326,DELIVER,1938,,,,1985536,
8.323332,DELIVER,1939,,,,1986560,
8.323337,DELIVER,1940,,,,1987584,
8.323344,DELIVER,1941,,,,1988608,
8.323349,DELIVER,1942,,,,1989632,
8.323354,DELIVER,1943,,,,1990656,
8.323360,DELIVER,1944,,,,1991680,
8.323365,DELIVER,1945,,,,1992704,
8.323371,DELIVER,1946,,,,1993728,
8.323376,DELIVER,1947,,,,1994752,
8.323382,DELIVER,1948,,,,1995776,
8.323388,DELIVER,1949,,,,1996800,
8.335825,BUFFER,1950,,,,1996800,held=1
8.335853,DELIVER,1950,,,,1997824,
8.336095,BUFFER,1951,,,,1997824,held=1
8.336105,DELIVER,1951,,,,1998848,
8.336418,BUFFER,1952,,,,1998848,held=1
8.336427,DELIVER,1952,,,,1999872,
8.336686,BUFFER,1953,,,,1999872,held=1
8.336697,DELIVER,1953,,,,2000896,
8.340874,BUFFER,1954,,,,2000896,held=1
8.340898,DELIVER,1954,,,,2001920,
8.343469,BUFFER,1955,,,,2001920,held=1
8.343496,DELIVER,1955,,,,2002944,
8.343870,BUFFER,1956,,,,2002944,held=1
8.343881,DELIVER,1956,,,,2003968,
8.344137,BUFFER,1957,,,,2003968,held=1
8.344147,DELIVER,1957,,,,2004992,
8.344784,BUFFER,1958,,,,2004992,held=1
8.344897,DELIVER,1958,,,,2006016,
8.345319,BUFFER,1959,,,,2006016,held=1
8.345331,DELIVER,1959,,,,2007040,
8.357464,BUFFER,1960,,,,2007040,held=1
8.357490,DELIVER,1960,,,,2008064,
8.357783,BUFFER,1961,,,,2008064,held=1
8.357794,DELIVER,1961,,,,2009088,
8.360726,BUFFER,1962,,,,2009088,held=1
8.360742,DELIVER,1962,,,,2010112,
8.365249,BUFFER,1963,,,,2010112,held=1
8.365341,DELIVER,1963,,,,2011136,
8.366109,BUFFER,1964,,,,2011136,held=1
8.366135,DELIVER,1964,,,,2012160,
8.371941,BUFFER,1965,,,,2012160,held=1
8.371973,DELIVER,1965,,,,2013184,
8.372366,DUP,1933,,,,2013184,
8.381387,DUP,1933,,,,2013184,
8.387953,BUFFER,1966,,,,2013184,held=1
8.387975,DELIVER,1966,,,,2014208,
8.388329,BUFFER,1967,,,,2014208,held=1
8.388342,DELIVER,1967,,,,2015232,
8.388709,BUFFER,1968,,,,2015232,held=1
8.388723,DELIVER,1968,,,,2016256,
8.389024,BUFFER,1969,,,,2016256,held=1
8.389037,DELIVER,1969,,,,2017280,
8.389342,BUFFER,1970,,,,2017280,held=1
8.389356,DELIVER,1970,,,,2018304,
8.391108,BUFFER,1971,,,,2018304,held=1
8.391132,DELIVER,1971,,,,2019328,
8.391687,BUFFER,1972,,,,2019328,held=1
8.391703,DELIVER,1972,,,,2020352,
8.397201,BUFFER,1973,,,,2020352,held=1
8.397221,DELIVER,1973,,,,2021376,
8.397545,BUFFER,1975,,,,2021376,held=1
8.397572,NAK,1974,,,,2021376,
8.406447,BUFFER,1976,,,,2021376,held=2
8.406856,BUFFER,1977,,,,2021376,held=3
8.407316,BUFFER,1978,,,,2021376,held=4
8.407636,BUFFER,1979,,,,2021376,held=5
8.411000,BUFFER,1980,,,,2021376,held=6
8.414028,BUFFER,1981,,,,2021376,held=7
8.421671,BUFFER,1982,,,,2021376,held=8
8.422160,BUFFER,1983,,,,2021376,held=9
8.431762,BUFFER,1984,,,,2021376,held=10
8.432079,DUP,1949,,,,2021376,
8.432335,BUFFER,1985,,,,2021376,held=11
8.432758,DUP,1949,,,,2021376,
8.439873,BUFFER,1986,,,,2021376,held=12
8.440317,BUFFER,1987,,,,2021376,held=13
8.440757,BUFFER,1988,,,,2021376,held=14
8.441234,BUFFER,1989,,,,2021376,held=15
8.443350,BUFFER,1990,,,,2021376,held=16
8.445850,BUFFER,1991,,,,2021376,held=17
8.446245,BUFFER,1974,,,,2021376,held=18
8.446289,DELIVER,1974,,,,2022400,
8.446298,DELIVER,1975,,,,2023424,
8.446305,DELIVER,1976,,,,2024448,
8.446311,DELIVER,1977,,,,2025472,
8.446320,DELIVER,1978,,,,2026496,
8.446327,DELIVER,1979,,,,2027520,
8.446332,DELIVER,1980,,,,2028544,
8.446338,DELIVER,1981,,,,2029568,
8.446343,DELIVER,1982,,,,2030592,
8.446349,DELIVER,1983,,,,2031616,
8.446354,DELIVER,1984,,,,2032640,
8.446361,DELIVER,1985,,,,2033664,
8.446366,DELIVER,1986,,,,2034688,
8.446372,DELIVER,1987,,,,2035712,
8.446396,DELIVER,1988,,,,2036736,
8.446404,DELIVER,1989,,,,2037760,
8.446411,DELIVER,1990,,,,2038784,
8.446417,DELIVER,1991,,,,2039808,
8.446926,BUFFER,1992,,,,2039808,held=1
8.446943,DELIVER,1992,,,,2040832,
8.448166,BUFFER,1993,,,,2040832,held=1
8.448190,DELIVER,1993,,,,2041856,
8.453710,BUFFER,1994,,,,2041856,held=1
8.453737,DELIVER,1994,,,,2042880,
8.454739,BUFFER,1995,,,,2042880,held=1
8.454764,DELIVER,1995,,,,2043904,
8.460654,BUFFER,1996,,,,2043904,held=1
8.460687,DELIVER,1996,,,,2044928,
8.461560,BUFFER,1997,,,,2044928,held=1
8.461579,DELIVER,1997,,,,2045952,
8.462257,BUFFER,1998,,,,2045952,held=1
8.462274,DELIVER,1998,,,,2046976,
8.468261,BUFFER,1999,,,,2046976,held=1
8.468282,DELIVER,1999,,,,2048000,
8.469755,BUFFER,2000,,,,2048000,held=1
8.469766,DELIVER,2000,,,,2049024,
8.472210,BUFFER,2001,,,,2049024,held=1
8.472222,DELIVER,2001,,,,2050048,
8.472504,BUFFER,2002,,,,2050048,held=1
8.472512,DELIVER,2002,,,,2051072,
8.475017,BUFFER,2003,,,,2051072,held=1
8.475028,DELIVER,2003,,,,2052096,
8.488287,DUP,1973,,,,2052096,
8.490828,BUFFER,2004,,,,2052096,held=1
8.490850,DELIVER,2004,,,,2053120,
8.491486,BUFFER,2006,,,,2053120,held=1
8.491512,NAK,2005,,,,2053120,
8.491950,BUFFER,2007,,,,2053120,held=2
8.495025,BUFFER,2008,,,,2053120,held=3
8.495305,BUFFER,2009,,,,2053120,held=4
8.495915,BUFFER,2010,,,,2053120,held=5
8.499775,BUFFER,2011,,,,2053120,held=6
8.500170,BUFFER,2012,,,,2053120,held=7
8.506477,BUFFER,2013,,,,2053120,held=8
8.513215,BUFFER,2014,,,,2053120,held=9
8.513488,BUFFER,2015,,,,2053120,held=10
8.517924,BUFFER,2017,,,,2053120,held=11
8.517953,NAK,2016,,,,2053120,
8.518178,BUFFER,2018,,,,2053120,held=12
8.518519,BUFFER,2019,,,,2053120,held=13
8.532923,BUFFER,2021,,,,2053120,held=14
8.532967,NAK,2020,,,,2053120,
8.533239,BUFFER,2022,,,,2053120,held=15
8.535068,BUFFER,2023,,,,2053120,held=16
8.542868,DUP,2003,,,,2053120,
8.542901,NAK,2005,,,,2053120,
8.543225,BUFFER,2025,,,,2053120,held=17
8.543253,NAK,2024,,,,2053120,
8.543516,BUFFER,2026,,,,2053120,held=18
8.544597,BUFFER,2027,,,,2053120,held=19
8.545051,BUFFER,2028,,,,2053120,held=20
8.545387,BUFFER,2029,,,,2053120,held=21
8.551144,BUFFER,2030,,,,2053120,held=22
8.552254,BUFFER,2031,,,,2053120,held=23
8.566546,BUFFER,2016,,,,2053120,held=24
8.566965,BUFFER,2032,,,,2053120,held=25
8.572082,BUFFER,2033,,,,2053120,held=26
8.572408,BUFFER,2034,,,,2053120,held=27
8.579043,BUFFER,2035,,,,2053120,held=28
8.579334,BUFFER,2020,,,,2053120,held=29
8.579572,BUFFER,2036,,,,2053120,held=30
8.579812,BUFFER,2037,,,,2053120,held=31
8.589884,BUFFER,2024,,,,2053120,held=32
8.590817,BUFFER,2005,,,,2053120,held=33
8.590844,DELIVER,2005,,,,2054144,
8.590854,DELIVER,2006,,,,2055168,
8.590862,DELIVER,2007,,,,2056192,
8.590870,DELIVER,2008,,,,2057216,
8.590878,DELIVER,2009,,,,2058240,
8.590885,DELIVER,2010,,,,2059264,
8.590892,DELIVER,2011,,,,2060288,
8.590899,DELIVER,2012,,,,2061312,
8.590907,DELIVER,2013,,,,2062336,
8.590914,DELIVER,2014,,,,2063360,
8.590921,DELIVER,2015,,,,2064384,
8.591029,DELIVER,2016,,,,2065408,
8.591038,DELIVER,2017,,,,2066432,
8.591046,DELIVER,2018,,,,2067456,
8.591053,DELIVER,2019,,,,2068480,
8.591061,DELIVER,2020,,,,2069504,
8.591067,DELIVER,2021,,,,2070528,
8.591075,DELIVER,2022,,,,2071552,
8.591081,DELIVER,2023,,,,2072576,
8.591088,DELIVER,2024,,,,2073600,
8.591096,DELIVER,2025,,,,2074624,
8.591103,DELIVER,2026,,,,2075648,
8.591110,DELIVER,2027,,,,2076672,
8.591117,DELIVER,2028,,,,2077696,
8.591124,DELIVER,2029,,,,2078720,
8.591132,DELIVER,2030,,,,2079744,
8.591138,DELIVER,2031,,,,2080768,
8.591145,DELIVER,2032,,,,2081792,
8.591153,DELIVER,2033,,,,2082816,
8.591160,DELIVER,2034,,,,2083840,
8.591167,DELIVER,2035,,,,2084864,
8.591174,DELIVER,2036,,,,2085888,
8.591181,DELIVER,2037,,,,2086912,
8.595426,BUFFER,2038,,,,2086912,held=1
8.595450,DELIVER,2038,,,,2087936,
8.595991,BUFFER,2039,,,,2087936,held=1
8.596005,DELIVER,2039,,,,2088960,
8.596285,BUFFER,2040,,,,2088960,held=1
8.596296,DELIVER,2040,,,,2089984,
8.596550,BUFFER,2041,,,,2089984,held=1
8.596558,DELIVER,2041,,,,2091008,
8.596787,BUFFER,2042,,,,2091008,held=1
8.596794,DELIVER,2042,,,,2092032,
8.600193,DUP,2012,,,,2092032,
8.606627,BUFFER,2044,,,,2092032,held=1
8.606683,NAK,2043,,,,2092032,
8.610494,BUFFER,2045,,,,2092032,held=2
8.618988,BUFFER,2046,,,,2092032,held=3
8.619487,BUFFER,2047,,,,2092032,held=4
8.645588,DUP,2012,,,,2092032,
8.646156,DUP,2025,,,,2092032,
8.664264,DUP,2025,,,,2092032,
8.664385,NAK,2043,,,,2092032,
8.713717,BUFFER,2043,,,,2092032,held=5
8.713900,DELIVER,2043,,,,2093056,
8.713911,DELIVER,2044,,,,2094080,
8.713918,DELIVER,2045,,,,2095104,
8.713924,DELIVER,2046,,,,2096128,
8.713928,DELIVER,2047,,,,2097152,
8.915702,DUP,2043,,,,2097152,
8.962434,FIN,2048,,,,2097152,"all data delivered, acking FIN"
