t,event,seq,cwnd,srtt_ms,rto_ms,bytes_acked,info
0.000940,SEND,0,4.000,,1000.000,0,
0.001028,SEND,1,4.000,,1000.000,0,
0.001110,SEND,2,4.000,,1000.000,0,
0.001184,SEND,3,4.000,,1000.000,0,
0.001192,STATS,-1,4.000,,1000.000,0,base=0 next=4 inflight=4
0.046535,ACK,0,4.250,45.580,136.740,1024,base=1
0.046573,ACK,1,4.485,45.575,113.989,2048,base=2
0.048999,SEND,4,4.485,45.575,113.989,2048,
0.049095,SEND,5,4.485,45.575,113.989,2048,
0.050702,ACK,2,4.708,46.076,101.398,3072,base=3
0.051710,SEND,6,4.708,46.076,101.398,3072,
0.054515,ACK,3,4.921,46.982,100.000,4096,base=4
0.056833,SEND,7,4.921,46.982,100.000,4096,
0.102054,STATS,-1,4.921,46.982,100.000,4096,base=4 next=8 inflight=4
0.104058,ACK,4,5.124,47.991,100.000,5120,base=5
0.104085,ACK,5,5.319,48.866,100.000,6144,base=6
0.104107,ACK,6,5.507,49.307,100.000,7168,base=7
0.104126,ACK,7,5.689,49.055,100.000,8192,base=8
0.104705,SEND,8,5.689,49.055,100.000,8192,
0.104832,SEND,9,5.689,49.055,100.000,8192,
0.104962,SEND,10,5.689,49.055,100.000,8192,
0.105089,SEND,11,5.689,49.055,100.000,8192,
0.105214,SEND,12,5.689,49.055,100.000,8192,
0.147832,ACK,8,5.864,48.312,100.000,9216,base=9
0.147860,ACK,9,6.035,47.651,100.000,10240,base=10
0.148039,SEND,13,6.035,47.651,100.000,10240,
0.148153,SEND,14,6.035,47.651,100.000,10240,
0.148267,SEND,15,6.035,47.651,100.000,10240,
0.150898,ACK,10,6.201,47.437,100.000,11264,base=11
0.150921,ACK,11,6.362,47.236,100.000,12288,base=12
0.153406,SEND,16,6.362,47.236,100.000,12288,
0.153517,SEND,17,6.362,47.236,100.000,12288,
0.153769,ACK,12,6.519,47.400,100.000,13312,base=13
0.156143,SEND,18,6.519,47.400,100.000,13312,
0.190790,ACK,13,6.672,46.816,100.000,14336,base=14
0.191422,SEND,19,6.672,46.816,100.000,14336,
0.194700,ACK,15,6.822,46.768,100.000,15360,base=14
0.196617,SEND,20,6.822,46.768,100.000,15360,
0.202416,ACK,16,6.969,47.048,100.000,16384,base=14
0.202443,ACK,18,7.112,46.954,100.000,17408,base=14
0.202622,RETX,14,6.322,46.954,100.000,17408,retx#1
0.202670,NAK,17,6.322,,,17408,
0.202826,RETX,17,6.322,46.954,100.000,17408,retx#1
0.204318,SEND,21,6.322,46.954,100.000,17408,
0.204468,SEND,22,6.322,46.954,100.000,17408,
0.204478,STATS,-1,6.322,46.954,100.000,17408,base=14 next=23 inflight=6
0.225339,ACK,19,6.480,45.323,100.000,18432,base=14
0.227310,SEND,23,6.480,45.323,100.000,18432,
0.228595,ACK,20,6.635,43.654,100.000,19456,base=14
0.230056,SEND,24,6.635,43.654,100.000,19456,
0.235276,ACK,14,6.785,43.654,100.000,20480,base=17
0.237808,SEND,25,6.785,43.654,100.000,20480,
0.240117,ACK,21,6.933,42.672,100.000,21504,base=17
0.242696,SEND,26,6.933,42.672,100.000,21504,
0.248620,ACK,22,7.077,42.855,100.000,22528,base=17
0.248664,NAK,17,7.077,,,22528,
0.248912,RETX,17,7.077,42.855,100.000,22528,retx#2
0.250240,SEND,27,7.077,42.855,100.000,22528,
0.250479,SEND,28,7.077,42.855,100.000,22528,
0.271379,ACK,23,7.218,43.005,100.000,23552,base=17
0.271616,RETX,17,7.218,43.005,100.000,23552,retx#3
0.271814,ACK,24,7.357,42.847,100.000,24576,base=17
0.273857,SEND,29,7.357,42.847,100.000,24576,
0.274098,SEND,30,7.357,42.847,100.000,24576,
0.282611,ACK,25,7.493,43.088,100.000,25600,base=17
0.284468,SEND,31,7.493,43.088,100.000,25600,
0.293906,ACK,26,7.626,44.100,100.000,26624,base=17
0.293985,ACK,17,7.757,44.100,100.000,27648,base=27
0.294022,ACK,28,7.886,44.030,100.000,28672,base=27
0.294062,NAK,27,7.886,,,28672,
0.294298,RETX,27,7.010,44.030,100.000,28672,retx#1
0.295229,SEND,32,7.010,44.030,100.000,28672,
0.295486,SEND,33,7.010,44.030,100.000,28672,
0.295665,SEND,34,7.010,44.030,100.000,28672,
0.305977,STATS,-1,7.010,44.030,100.000,28672,base=27 next=35 inflight=7
0.320055,DUPACK,17,7.010,,,28672,
0.320135,ACK,29,7.153,44.309,100.000,29696,base=27
0.322379,SEND,35,7.153,44.309,100.000,29696,
0.325322,ACK,30,7.292,45.171,100.000,30720,base=27
0.325579,RETX,27,7.292,45.171,100.000,30720,retx#2
0.327789,SEND,36,7.292,45.171,100.000,30720,
0.335453,ACK,31,7.430,45.896,100.000,31744,base=27
0.335516,ACK,27,7.564,45.896,100.000,32768,base=32
0.337835,SEND,37,7.564,45.896,100.000,32768,
0.338118,SEND,38,7.564,45.896,100.000,32768,
0.342885,ACK,32,7.696,46.113,100.000,33792,base=33
0.342954,ACK,33,7.826,46.282,100.000,34816,base=34
0.342993,ACK,34,7.954,46.412,100.000,35840,base=35
0.343490,SEND,39,7.954,46.412,100.000,35840,
0.343680,SEND,40,7.954,46.412,100.000,35840,
0.343895,SEND,41,7.954,46.412,100.000,35840,
0.371330,ACK,35,8.080,46.726,100.000,36864,base=36
0.373117,SEND,42,8.080,46.726,100.000,36864,
0.373305,SEND,43,8.080,46.726,100.000,36864,
0.374979,DUPACK,27,8.080,,,36864,
0.375057,ACK,36,8.204,46.792,100.000,37888,base=37
0.376153,SEND,44,8.204,46.792,100.000,37888,
0.386125,ACK,37,8.325,46.977,100.000,38912,base=38
0.386281,ACK,39,8.446,46.445,100.000,39936,base=38
0.388150,SEND,45,8.446,46.445,100.000,39936,
0.388365,SEND,46,8.446,46.445,100.000,39936,
0.388454,ACK,40,8.564,46.234,100.000,40960,base=38
0.388519,ACK,41,8.681,46.033,100.000,41984,base=38
0.388711,RETX,38,7.716,46.033,100.000,41984,retx#1
0.393105,SEND,47,7.716,46.033,100.000,41984,
0.407288,STATS,-1,7.716,46.033,100.000,41984,base=38 next=48 inflight=7
0.447425,ACK,42,7.846,49.565,100.000,43008,base=38
0.447504,ACK,43,7.973,52.643,103.282,44032,base=38
0.447545,ACK,44,8.099,54.987,111.716,45056,base=38
0.447581,ACK,46,8.222,55.515,102.286,46080,base=38
0.447610,NAK,45,8.222,,,46080,
0.447936,RETX,45,8.222,55.515,102.286,46080,retx#1
0.447982,ACK,38,8.344,55.515,102.286,47104,base=45
0.448958,SEND,48,8.344,55.515,102.286,47104,
0.449047,SEND,49,8.344,55.515,102.286,47104,
0.449133,SEND,50,8.344,55.515,102.286,47104,
0.449219,SEND,51,8.344,55.515,102.286,47104,
0.449304,SEND,52,8.344,55.515,102.286,47104,
0.449390,SEND,53,8.344,55.515,102.286,47104,
0.503069,TIMEOUT,47,8.344,55.515,204.573,47104,
0.503314,RETX,47,8.344,55.515,204.573,47104,retx#1
0.503398,NAK,45,8.344,,,47104,
0.503554,RETX,45,8.344,55.515,204.573,47104,retx#2
0.503628,ACK,45,8.464,55.515,204.573,48128,base=47
0.503663,ACK,48,8.582,55.413,100.000,49152,base=47
0.503688,ACK,49,8.698,55.316,100.000,50176,base=47
0.503716,ACK,50,8.813,55.224,100.000,51200,base=47
0.503855,RETX,47,7.834,55.224,100.000,51200,retx#2
0.503882,ACK,51,7.962,55.154,100.000,52224,base=47
0.503903,ACK,52,8.087,55.084,100.000,53248,base=47
0.503923,ACK,53,8.211,55.015,100.000,54272,base=47
0.505973,SEND,54,8.211,55.015,100.000,54272,
0.506102,SEND,55,8.211,55.015,100.000,54272,
0.506228,SEND,56,8.211,55.015,100.000,54272,
0.506353,SEND,57,8.211,55.015,100.000,54272,
0.506479,SEND,58,8.211,55.015,100.000,54272,
0.506605,SEND,59,8.211,55.015,100.000,54272,
0.506732,SEND,60,8.211,55.015,100.000,54272,
0.509255,STATS,-1,8.211,55.015,100.000,54272,base=47 next=61 inflight=8
0.541715,ACK,47,8.333,55.015,100.000,55296,base=54
0.541962,DUPACK,45,8.333,,,55296,
0.544326,SEND,61,8.333,55.015,100.000,55296,
0.552013,ACK,54,8.453,53.890,100.000,56320,base=55
0.552241,ACK,55,8.571,52.902,100.000,57344,base=56
0.552289,ACK,56,8.688,52.047,100.000,58368,base=57
0.552465,ACK,57,8.803,51.296,100.000,59392,base=58
0.552547,ACK,58,8.916,50.637,100.000,60416,base=59
0.552672,ACK,59,9.029,50.064,100.000,61440,base=60
0.554497,SEND,62,9.029,50.064,100.000,61440,
0.555460,SEND,63,9.029,50.064,100.000,61440,
0.555736,SEND,64,9.029,50.064,100.000,61440,
0.555918,SEND,65,9.029,50.064,100.000,61440,
0.556098,SEND,66,9.029,50.064,100.000,61440,
0.556268,SEND,67,9.029,50.064,100.000,61440,
0.556436,SEND,68,9.029,50.064,100.000,61440,
0.556574,ACK,60,9.139,50.034,100.000,62464,base=61
0.559247,SEND,69,9.139,50.034,100.000,62464,
0.602976,ACK,62,9.249,49.837,100.000,63488,base=61
0.603029,NAK,61,9.249,,,63488,
0.603275,RETX,61,8.221,49.837,100.000,63488,retx#1
0.603351,ACK,63,8.343,49.593,100.000,64512,base=61
0.603398,ACK,64,8.463,49.351,100.000,65536,base=61
0.603712,RETX,61,8.463,49.351,100.000,65536,retx#2
0.605310,SEND,70,8.463,49.351,100.000,65536,
0.605504,SEND,71,8.463,49.351,100.000,65536,
0.605881,ACK,65,8.581,49.425,100.000,66560,base=61
0.608309,SEND,72,8.581,49.425,100.000,66560,
0.609060,ACK,66,8.697,49.865,100.000,67584,base=61
0.609150,ACK,67,8.812,50.241,100.000,68608,base=61
0.611076,SEND,73,8.812,50.241,100.000,68608,
0.611267,SEND,74,8.812,50.241,100.000,68608,
0.611289,STATS,-1,8.812,50.241,100.000,68608,base=61 next=75 inflight=8
0.612013,ACK,69,8.926,50.555,100.000,69632,base=61
0.614221,SEND,75,8.926,50.555,100.000,69632,
0.651303,ACK,61,9.038,50.555,100.000,70656,base=68
0.651399,ACK,70,9.148,49.996,100.000,71680,base=68
0.651439,ACK,71,9.258,49.488,100.000,72704,base=68
0.653912,SEND,76,9.258,49.488,100.000,72704,
0.654157,SEND,77,9.258,49.488,100.000,72704,
0.654392,SEND,78,9.258,49.488,100.000,72704,
0.654626,SEND,79,9.258,49.488,100.000,72704,
0.654740,ACK,72,9.366,49.104,100.000,73728,base=68
0.654995,RETX,68,9.366,49.104,100.000,73728,retx#1
0.655083,ACK,73,9.473,48.467,100.000,74752,base=68
0.657445,SEND,80,9.473,48.467,100.000,74752,
0.657685,SEND,81,9.473,48.467,100.000,74752,
0.663338,ACK,74,9.578,48.906,100.000,75776,base=68
0.666111,SEND,82,9.578,48.906,100.000,75776,
0.702682,ACK,76,9.683,48.887,100.000,76800,base=68
0.702837,ACK,78,9.786,48.831,100.000,77824,base=68
0.702882,ACK,79,9.888,48.758,100.000,78848,base=68
0.702917,ACK,68,9.989,48.758,100.000,79872,base=75
0.702952,ACK,80,10.089,48.352,100.000,80896,base=75
0.705634,SEND,83,10.089,48.352,100.000,80896,
0.706648,SEND,84,10.089,48.352,100.000,80896,
0.706913,SEND,85,10.089,48.352,100.000,80896,
0.707095,SEND,86,10.089,48.352,100.000,80896,
0.707269,SEND,87,10.089,48.352,100.000,80896,
0.707437,SEND,88,10.089,48.352,100.000,80896,
0.707653,ACK,82,10.188,47.498,100.000,81920,base=75
0.707855,NAK,81,10.188,,,81920,
0.708107,RETX,81,9.056,47.498,100.000,81920,retx#1
0.711977,STATS,-1,9.056,47.498,100.000,81920,base=75 next=89 inflight=9
0.714568,TIMEOUT,75,9.056,47.498,200.000,81920,
0.714821,RETX,75,9.056,47.498,200.000,81920,retx#1
0.762012,ACK,83,9.167,48.602,100.000,82944,base=75
0.762346,RETX,75,9.167,48.602,100.000,82944,retx#2
0.762587,SEND,89,9.167,48.602,100.000,82944,
0.762610,TIMEOUT,77,9.167,48.602,200.000,82944,
0.762952,RETX,77,9.167,48.602,200.000,82944,retx#1
0.763165,ACK,84,9.276,49.590,100.000,83968,base=75
0.763219,ACK,85,9.384,50.429,100.000,84992,base=75
0.763263,ACK,86,9.490,51.146,100.000,86016,base=75
0.763303,ACK,87,9.596,51.756,100.000,87040,base=75
0.763342,ACK,88,9.700,52.274,100.000,88064,base=75
0.763380,ACK,81,9.803,52.274,100.000,89088,base=75
0.763422,ACK,75,9.905,52.274,100.000,90112,base=77
0.766137,SEND,90,9.905,52.274,100.000,90112,
0.766493,SEND,91,9.905,52.274,100.000,90112,
0.766788,SEND,92,9.905,52.274,100.000,90112,
0.767197,SEND,93,9.905,52.274,100.000,90112,
0.767381,SEND,94,9.905,52.274,100.000,90112,
0.767555,SEND,95,9.905,52.274,100.000,90112,
0.767726,SEND,96,9.905,52.274,100.000,90112,
0.808621,DUPACK,75,9.905,,,90112,
0.808716,ACK,89,10.006,51.503,100.000,91136,base=77
0.808765,ACK,77,10.106,51.503,100.000,92160,base=90
0.808806,ACK,90,10.205,50.399,100.000,93184,base=91
0.811149,SEND,97,10.205,50.399,100.000,93184,
0.812130,SEND,98,10.205,50.399,100.000,93184,
0.812580,SEND,99,10.205,50.399,100.000,93184,
0.812796,SEND,100,10.205,50.399,100.000,93184,
0.812822,STATS,-1,10.205,50.399,100.000,93184,base=91 next=101 inflight=10
0.812987,ACK,91,10.303,49.908,100.000,94208,base=92
0.813056,ACK,92,10.400,49.453,100.000,95232,base=93
0.813102,ACK,93,10.496,49.008,100.000,96256,base=94
0.813145,ACK,94,10.591,48.602,100.000,97280,base=95
0.815699,SEND,101,10.591,48.602,100.000,97280,
0.815913,SEND,102,10.591,48.602,100.000,97280,
0.816251,SEND,103,10.591,48.602,100.000,97280,
0.816429,SEND,104,10.591,48.602,100.000,97280,
0.816547,ACK,95,10.686,48.648,100.000,98304,base=96
0.816594,ACK,96,10.779,48.675,100.000,99328,base=97
0.820261,SEND,105,10.779,48.675,100.000,99328,
0.820459,SEND,106,10.779,48.675,100.000,99328,
0.872254,ACK,98,10.872,50.112,100.000,100352,base=97
0.872497,SEND,107,10.872,50.112,100.000,100352,
0.872588,NAK,97,10.872,,,100352,
0.872831,RETX,97,9.664,50.112,100.000,100352,retx#1
0.872917,ACK,99,9.767,51.390,100.000,101376,base=97
0.873012,ACK,100,9.870,52.491,100.000,102400,base=97
0.873196,RETX,97,9.870,52.491,100.000,102400,retx#2
0.873265,ACK,101,9.971,53.125,100.000,103424,base=97
0.873293,ACK,102,10.071,53.657,100.000,104448,base=97
0.873317,ACK,103,10.171,54.083,100.000,105472,base=97
0.873340,ACK,104,10.269,54.436,100.000,106496,base=97
0.873361,ACK,105,10.366,54.270,100.000,107520,base=97
0.873382,ACK,106,10.463,54.101,100.000,108544,base=97
0.875210,SEND,108,10.463,54.101,100.000,108544,
0.875364,SEND,109,10.463,54.101,100.000,108544,
0.875512,SEND,110,10.463,54.101,100.000,108544,
0.875660,SEND,111,10.463,54.101,100.000,108544,
0.875807,SEND,112,10.463,54.101,100.000,108544,
0.875953,SEND,113,10.463,54.101,100.000,108544,
0.876098,SEND,114,10.463,54.101,100.000,108544,
0.876245,SEND,115,10.463,54.101,100.000,108544,
0.914153,STATS,-1,10.463,54.101,100.000,108544,base=97 next=116 inflight=10
0.920803,ACK,107,10.559,53.374,100.000,109568,base=97
0.921656,SEND,116,10.559,53.374,100.000,109568,
0.925185,NAK,97,10.559,,,109568,
0.925444,RETX,97,10.559,53.374,100.000,109568,retx#3
0.925543,ACK,97,10.653,53.374,100.000,110592,base=108
0.925591,ACK,108,10.747,52.998,100.000,111616,base=109
0.925628,ACK,109,10.840,52.655,100.000,112640,base=110
0.925662,ACK,110,10.932,52.341,100.000,113664,base=111
0.925694,ACK,111,11.024,52.052,100.000,114688,base=112
0.925727,ACK,112,11.115,51.785,100.000,115712,base=113
0.926520,ACK,114,11.205,51.612,100.000,116736,base=113
0.926573,NAK,113,11.205,,,116736,
0.926781,RETX,113,9.960,51.612,100.000,116736,retx#1
0.927000,SEND,117,9.960,51.612,100.000,116736,
0.927185,SEND,118,9.960,51.612,100.000,116736,
0.927360,SEND,119,9.960,51.612,100.000,116736,
0.927676,SEND,120,9.960,51.612,100.000,116736,
0.927999,SEND,121,9.960,51.612,100.000,116736,
0.928368,SEND,122,9.960,51.612,100.000,116736,
0.928638,ACK,115,10.060,51.708,100.000,117760,base=113
0.931508,SEND,123,10.060,51.708,100.000,117760,
0.931771,SEND,124,10.060,51.708,100.000,117760,
0.976125,ACK,116,10.159,52.050,100.000,118784,base=113
0.976360,RETX,113,10.159,52.050,100.000,118784,retx#2
0.976940,SEND,125,10.159,52.050,100.000,118784,
0.978264,DUPACK,97,10.159,,,118784,
0.978347,ACK,113,10.258,52.050,100.000,119808,base=117
0.978392,ACK,117,10.355,51.967,100.000,120832,base=118
0.978428,ACK,118,10.452,51.876,100.000,121856,base=119
0.979755,SEND,126,10.452,51.876,100.000,121856,
0.980019,SEND,127,10.452,51.876,100.000,121856,
0.980238,SEND,128,10.452,51.876,100.000,121856,
0.980346,ACK,119,10.548,52.013,100.000,122880,base=120
0.980388,ACK,120,10.642,52.100,100.000,123904,base=121
0.981239,ACK,121,10.736,52.241,100.000,124928,base=122
0.981315,ACK,122,10.829,52.329,100.000,125952,base=123
0.981390,ACK,123,10.922,52.022,100.000,126976,base=124
0.983138,SEND,129,10.922,52.022,100.000,126976,
0.983644,SEND,130,10.922,52.022,100.000,126976,
0.984026,SEND,131,10.922,52.022,100.000,126976,
0.984209,SEND,132,10.922,52.022,100.000,126976,
0.984425,SEND,133,10.922,52.022,100.000,126976,
1.014221,STATS,-1,10.922,52.022,100.000,126976,base=124 next=134 inflight=10
1.022313,ACK,126,11.013,50.836,100.000,128000,base=124
1.024460,SEND,134,11.013,50.836,100.000,128000,
1.024663,SEND,135,11.013,50.836,100.000,128000,
1.025509,NAK,124,11.013,,,128000,
1.025736,RETX,124,9.790,50.836,100.000,128000,retx#1
1.027233,NAK,125,9.790,,,128000,
1.027450,RETX,125,9.790,50.836,100.000,128000,retx#1
1.027533,ACK,127,9.892,50.420,100.000,129024,base=124
1.030687,ACK,128,9.993,50.420,100.000,130048,base=124
1.030927,RETX,124,9.993,50.420,100.000,130048,retx#2
1.031014,ACK,129,10.093,50.102,100.000,131072,base=124
1.031052,ACK,130,10.192,49.765,100.000,132096,base=124
1.031087,ACK,131,10.290,49.427,100.000,133120,base=124
1.031121,ACK,132,10.387,49.112,100.000,134144,base=124
1.031158,ACK,133,10.484,48.814,100.000,135168,base=124
1.032377,SEND,136,10.484,48.814,100.000,135168,
1.032578,SEND,137,10.484,48.814,100.000,135168,
1.032748,SEND,138,10.484,48.814,100.000,135168,
1.032914,SEND,139,10.484,48.814,100.000,135168,
1.033161,SEND,140,10.484,48.814,100.000,135168,
1.033334,SEND,141,10.484,48.814,100.000,135168,
1.066076,ACK,134,10.579,47.914,100.000,136192,base=124
1.067226,SEND,142,10.579,47.914,100.000,136192,
1.079768,ACK,135,10.674,48.810,100.000,137216,base=124
1.080022,SEND,143,10.674,48.810,100.000,137216,
1.080139,ACK,124,10.767,48.810,100.000,138240,base=125
1.080177,DUPACK,124,10.767,,,138240,
1.080218,ACK,136,10.860,48.688,100.000,139264,base=125
1.080252,ACK,137,10.952,48.561,100.000,140288,base=125
1.083126,SEND,144,10.952,48.561,100.000,140288,
1.083350,SEND,145,10.952,48.561,100.000,140288,
1.083653,SEND,146,10.952,48.561,100.000,140288,
1.086570,ACK,138,11.043,49.216,100.000,141312,base=125
1.087026,RETX,125,11.043,49.216,100.000,141312,retx#2
1.087141,ACK,140,11.134,49.810,100.000,142336,base=125
1.087179,NAK,139,11.134,,,142336,
1.087536,RETX,139,11.134,49.810,100.000,142336,retx#1
1.087646,ACK,141,11.224,50.371,100.000,143360,base=125
1.089129,SEND,147,11.224,50.371,100.000,143360,
1.089419,SEND,148,11.224,50.371,100.000,143360,
1.089745,SEND,149,11.224,50.371,100.000,143360,
1.089954,SEND,150,11.224,50.371,100.000,143360,
1.106062,ACK,142,11.313,48.927,100.000,144384,base=125
1.108562,SEND,151,11.313,48.927,100.000,144384,
1.116215,STATS,-1,11.313,48.927,100.000,144384,base=125 next=152 inflight=11
1.135112,ACK,143,11.401,49.694,100.000,145408,base=125
1.135191,ACK,144,11.489,49.990,100.000,146432,base=125
1.135232,ACK,145,11.576,50.226,100.000,147456,base=125
1.135268,ACK,146,11.662,50.400,100.000,148480,base=125
1.135304,ACK,125,11.748,50.400,100.000,149504,base=139
1.135405,ACK,139,11.833,50.400,100.000,150528,base=147
1.135440,ACK,147,11.918,49.888,100.000,151552,base=148
1.137756,SEND,152,11.918,49.888,100.000,151552,
1.137950,SEND,153,11.918,49.888,100.000,151552,
1.138122,SEND,154,11.918,49.888,100.000,151552,
1.138292,SEND,155,11.918,49.888,100.000,151552,
1.138462,SEND,156,11.918,49.888,100.000,151552,
1.138636,SEND,157,11.918,49.888,100.000,151552,
1.138811,SEND,158,11.918,49.888,100.000,151552,
1.138943,ACK,148,12.002,49.840,100.000,152576,base=149
1.139008,ACK,149,12.085,49.768,100.000,153600,base=150
1.139050,ACK,150,12.168,49.684,100.000,154624,base=151
1.141681,SEND,159,12.168,49.684,100.000,154624,
1.141885,SEND,160,12.168,49.684,100.000,154624,
1.142091,SEND,161,12.168,49.684,100.000,154624,
1.142286,SEND,162,12.168,49.684,100.000,154624,
1.148488,ACK,151,12.250,48.461,100.000,155648,base=152
1.150311,SEND,163,12.250,48.461,100.000,155648,
1.173012,ACK,152,12.332,46.806,100.000,156672,base=153
1.173808,SEND,164,12.332,46.806,100.000,156672,
1.186597,ACK,153,12.413,47.033,100.000,157696,base=154
1.186673,ACK,154,12.493,47.221,100.000,158720,base=155
1.188649,SEND,165,12.493,47.221,100.000,158720,
1.188843,SEND,166,12.493,47.221,100.000,158720,
1.192286,ACK,155,12.573,48.065,100.000,159744,base=156
1.192354,ACK,156,12.653,48.793,100.000,160768,base=157
1.192391,ACK,157,12.732,49.412,100.000,161792,base=158
1.192425,ACK,158,12.810,49.937,100.000,162816,base=159
1.192460,ACK,159,12.889,50.042,100.000,163840,base=160
1.192494,ACK,160,12.966,50.112,100.000,164864,base=161
1.192526,ACK,161,13.043,50.152,100.000,165888,base=162
1.192559,ACK,162,13.120,50.167,100.000,166912,base=163
1.194768,SEND,167,13.120,50.167,100.000,166912,
1.195039,SEND,168,13.120,50.167,100.000,166912,
1.195538,SEND,169,13.120,50.167,100.000,166912,
1.196387,SEND,170,13.120,50.167,100.000,166912,
1.196606,SEND,171,13.120,50.167,100.000,166912,
1.196875,SEND,172,13.120,50.167,100.000,166912,
1.197095,SEND,173,13.120,50.167,100.000,166912,
1.197337,SEND,174,13.120,50.167,100.000,166912,
1.197881,SEND,175,13.120,50.167,100.000,166912,
1.198592,ACK,163,13.196,49.928,100.000,167936,base=164
1.200733,SEND,176,13.196,49.928,100.000,167936,
1.218661,STATS,-1,13.196,49.928,100.000,167936,base=164 next=177 inflight=13
1.235470,ACK,165,13.272,49.537,100.000,168960,base=164
1.235614,NAK,164,13.272,,,168960,
1.235905,RETX,164,11.797,49.537,100.000,168960,retx#1
1.236024,ACK,166,11.882,49.241,100.000,169984,base=164
1.236069,ACK,167,11.966,48.259,100.000,171008,base=164
1.236262,RETX,164,11.966,48.259,100.000,171008,retx#2
1.236338,ACK,168,12.050,47.388,100.000,172032,base=164
1.236392,ACK,169,12.133,46.571,100.000,173056,base=164
1.238764,SEND,177,12.133,46.571,100.000,173056,
1.239097,SEND,178,12.133,46.571,100.000,173056,
1.239337,SEND,179,12.133,46.571,100.000,173056,
1.239547,SEND,180,12.133,46.571,100.000,173056,
1.244271,ACK,170,12.215,46.732,100.000,174080,base=164
1.244483,ACK,171,12.297,46.874,100.000,175104,base=164
1.245010,SEND,181,12.297,46.874,100.000,175104,
1.245230,SEND,182,12.297,46.874,100.000,175104,
1.245345,ACK,172,12.378,47.072,100.000,176128,base=164
1.247608,ACK,174,12.459,47.468,100.000,177152,base=164
1.247683,ACK,175,12.539,47.759,100.000,178176,base=164
1.248193,SEND,183,12.539,47.759,100.000,178176,
1.248443,SEND,184,12.539,47.759,100.000,178176,
1.249205,SEND,185,12.539,47.759,100.000,178176,
1.250399,ACK,176,12.619,47.995,100.000,179200,base=164
1.252939,SEND,186,12.619,47.995,100.000,179200,
1.285956,ACK,164,12.698,47.995,100.000,180224,base=173
1.286006,DUPACK,164,12.698,,,180224,
1.286037,ACK,177,12.777,47.905,100.000,181248,base=173
1.286063,ACK,178,12.855,47.787,100.000,182272,base=173
1.286380,SEND,187,12.855,47.787,100.000,182272,
1.286638,SEND,188,12.855,47.787,100.000,182272,
1.286817,SEND,189,12.855,47.787,100.000,182272,
1.287819,ACK,179,12.933,47.874,100.000,183296,base=173
1.287990,RETX,173,12.933,47.874,100.000,183296,retx#1
1.288069,ACK,180,13.010,47.953,100.000,184320,base=173
1.289564,SEND,190,13.010,47.953,100.000,184320,
1.289722,SEND,191,13.010,47.953,100.000,184320,
1.289871,SEND,192,13.010,47.953,100.000,184320,
1.291276,ACK,182,13.087,47.714,100.000,185344,base=173
1.292467,SEND,193,13.087,47.714,100.000,185344,
1.294201,ACK,183,13.164,47.500,100.000,186368,base=173
1.295049,SEND,194,13.164,47.500,100.000,186368,
1.295100,ACK,184,13.240,47.394,100.000,187392,base=173
1.295133,ACK,185,13.315,47.210,100.000,188416,base=173
1.295158,ACK,186,13.390,46.587,100.000,189440,base=173
1.297719,SEND,195,13.390,46.587,100.000,189440,
1.297875,SEND,196,13.390,46.587,100.000,189440,
1.298022,SEND,197,13.390,46.587,100.000,189440,
1.320268,STATS,-1,13.390,46.587,100.000,189440,base=173 next=198 inflight=13
1.333745,ACK,188,13.465,46.650,100.000,190464,base=173
1.333804,NAK,187,13.465,,,190464,
1.333996,RETX,187,13.465,46.650,100.000,190464,retx#1
1.334035,ACK,189,13.539,46.720,100.000,191488,base=173
1.336221,SEND,198,13.539,46.720,100.000,191488,
1.336439,SEND,199,13.539,46.720,100.000,191488,
1.338210,ACK,173,13.613,46.720,100.000,192512,base=181
1.339326,SEND,200,13.613,46.720,100.000,192512,
1.339450,ACK,190,13.687,47.114,100.000,193536,base=181
1.339503,ACK,192,13.760,47.428,100.000,194560,base=181
1.341839,SEND,201,13.760,47.428,100.000,194560,
1.342076,SEND,202,13.760,47.428,100.000,194560,
1.342215,ACK,193,13.832,47.716,100.000,195584,base=181
1.342457,RETX,181,12.295,47.716,100.000,195584,retx#1
1.342577,ACK,194,12.377,47.691,100.000,196608,base=181
1.344764,SEND,203,12.377,47.691,100.000,196608,
1.347364,ACK,195,12.458,47.931,100.000,197632,base=181
1.347691,SEND,204,12.458,47.931,100.000,197632,
1.350489,ACK,196,12.538,48.514,100.000,198656,base=181
1.350560,ACK,197,12.618,49.016,100.000,199680,base=181
1.353157,SEND,205,12.618,49.016,100.000,199680,
1.353397,SEND,206,12.618,49.016,100.000,199680,
1.375453,ACK,198,12.697,47.790,100.000,200704,base=181
1.376907,SEND,207,12.697,47.790,100.000,200704,
1.379255,ACK,199,12.776,47.162,100.000,201728,base=181
1.379611,SEND,208,12.776,47.162,100.000,201728,
1.389751,TIMEOUT,191,12.776,47.162,200.000,201728,
1.389929,RETX,191,12.776,47.162,200.000,201728,retx#1
1.390007,ACK,200,12.854,47.602,100.000,202752,base=181
1.390070,NAK,187,12.854,,,202752,
1.390219,RETX,187,12.854,47.602,100.000,202752,retx#2
1.390282,ACK,201,12.932,47.707,100.000,203776,base=181
1.390310,ACK,202,13.009,47.772,100.000,204800,base=181
1.390334,ACK,181,13.086,47.772,100.000,205824,base=187
1.392355,ACK,203,13.162,47.749,100.000,206848,base=187
1.392387,ACK,204,13.238,47.367,100.000,207872,base=187
1.392594,SEND,209,13.238,47.367,100.000,207872,
1.392725,SEND,210,13.238,47.367,100.000,207872,
1.392851,SEND,211,13.238,47.367,100.000,207872,
1.392977,SEND,212,13.238,47.367,100.000,207872,
1.393102,SEND,213,13.238,47.367,100.000,207872,
1.393229,SEND,214,13.238,47.367,100.000,207872,
1.393355,SEND,215,13.238,47.367,100.000,207872,
1.407557,ACK,205,13.314,48.245,100.000,208896,base=187
1.407720,RETX,187,13.314,48.245,100.000,208896,retx#3
1.407794,ACK,206,13.389,49.013,100.000,209920,base=187
1.408040,SEND,216,13.389,49.013,100.000,209920,
1.408169,SEND,217,13.389,49.013,100.000,209920,
1.418018,ACK,207,13.464,48.025,100.000,210944,base=187
1.420438,SEND,218,13.464,48.025,100.000,210944,
1.420453,STATS,-1,13.464,48.025,100.000,210944,base=187 next=219 inflight=13
1.434549,ACK,191,13.538,48.025,100.000,211968,base=187
1.434620,ACK,187,13.612,48.025,100.000,212992,base=208
1.434663,ACK,209,13.685,47.279,100.000,214016,base=208
1.434693,NAK,208,13.685,,,214016,
1.434971,RETX,208,12.165,47.279,100.000,214016,retx#1
1.435090,ACK,210,12.247,46.664,100.000,215040,base=208
1.435365,SEND,219,12.247,46.664,100.000,215040,
1.435578,SEND,220,12.247,46.664,100.000,215040,
1.435799,SEND,221,12.247,46.664,100.000,215040,
1.435869,ACK,211,12.328,46.207,100.000,216064,base=208
1.436052,RETX,208,12.328,46.207,100.000,216064,retx#2
1.438857,SEND,222,12.328,46.207,100.000,216064,
1.439230,ACK,212,12.410,46.210,100.000,217088,base=208
1.439284,ACK,213,12.490,46.206,100.000,218112,base=208
1.439321,ACK,214,12.570,46.191,100.000,219136,base=208
1.439356,ACK,215,12.650,46.167,100.000,220160,base=208
1.441868,SEND,223,12.650,46.167,100.000,220160,
1.442055,SEND,224,12.650,46.167,100.000,220160,
1.442232,SEND,225,12.650,46.167,100.000,220160,
1.442448,SEND,226,12.650,46.167,100.000,220160,
1.445035,ACK,216,12.729,45.016,100.000,221184,base=208
1.445122,ACK,217,12.807,44.007,100.000,222208,base=208
1.447605,SEND,227,12.807,44.007,100.000,222208,
1.447917,SEND,228,12.807,44.007,100.000,222208,
1.461599,ACK,218,12.886,43.648,100.000,223232,base=208
1.463320,SEND,229,12.886,43.648,100.000,223232,
1.491258,ACK,208,12.963,43.648,100.000,224256,base=219
1.491435,ACK,219,13.040,45.199,100.000,225280,base=220
1.491482,ACK,220,13.117,46.536,100.000,226304,base=221
1.491524,ACK,221,13.193,47.684,100.000,227328,base=222
1.491564,DUPACK,208,13.193,,,227328,
1.491887,SEND,230,13.193,47.684,100.000,227328,
1.492107,SEND,231,13.193,47.684,100.000,227328,
1.492348,SEND,232,13.193,47.684,100.000,227328,
1.492567,SEND,233,13.193,47.684,100.000,227328,
1.492775,SEND,234,13.193,47.684,100.000,227328,
1.492904,ACK,222,13.269,48.498,100.000,228352,base=223
1.492960,ACK,223,13.344,48.821,100.000,229376,base=224
1.493003,ACK,224,13.419,49.086,100.000,230400,base=225
1.493043,ACK,225,13.494,49.301,100.000,231424,base=226
1.493083,ACK,226,13.568,49.467,100.000,232448,base=227
1.493123,ACK,227,13.642,48.973,100.000,233472,base=228
1.493181,ACK,228,13.715,48.509,100.000,234496,base=229
1.495505,SEND,235,13.715,48.509,100.000,234496,
1.495730,SEND,236,13.715,48.509,100.000,234496,
1.495938,SEND,237,13.715,48.509,100.000,234496,
1.496216,SEND,238,13.715,48.509,100.000,234496,
1.496488,SEND,239,13.715,48.509,100.000,234496,
1.496854,SEND,240,13.715,48.509,100.000,234496,
1.497116,SEND,241,13.715,48.509,100.000,234496,
1.520598,ACK,229,13.788,49.602,100.000,235520,base=230
1.522881,SEND,242,13.788,49.602,100.000,235520,
1.522923,STATS,-1,13.788,49.602,100.000,235520,base=230 next=243 inflight=13
1.528220,ACK,230,13.860,47.938,100.000,236544,base=231
1.528308,ACK,231,13.932,46.470,100.000,237568,base=232
1.530365,SEND,243,13.932,46.470,100.000,237568,
1.530649,SEND,244,13.932,46.470,100.000,237568,
1.530809,ACK,232,14.004,45.465,100.000,238592,base=233
1.533534,SEND,245,14.004,45.465,100.000,238592,
1.533766,SEND,246,14.004,45.465,100.000,238592,
1.539622,ACK,233,14.076,45.660,100.000,239616,base=234
1.541770,SEND,247,14.076,45.660,100.000,239616,
1.544217,ACK,234,14.147,46.379,100.000,240640,base=235
1.544289,ACK,235,14.217,46.680,100.000,241664,base=236
1.544365,ACK,236,14.288,46.923,100.000,242688,base=237
1.544418,ACK,237,14.358,47.117,100.000,243712,base=238
1.544473,ACK,238,14.427,47.258,100.000,244736,base=239
1.544522,ACK,239,14.497,47.355,100.000,245760,base=240
1.544584,ACK,240,14.566,47.399,100.000,246784,base=241
1.544627,ACK,241,14.634,47.412,100.000,247808,base=242
1.546345,SEND,248,14.634,47.412,100.000,247808,
1.546573,SEND,249,14.634,47.412,100.000,247808,
1.546854,SEND,250,14.634,47.412,100.000,247808,
1.547177,SEND,251,14.634,47.412,100.000,247808,
1.547393,SEND,252,14.634,47.412,100.000,247808,
1.547605,SEND,253,14.634,47.412,100.000,247808,
1.547806,SEND,254,14.634,47.412,100.000,247808,
1.548006,SEND,255,14.634,47.412,100.000,247808,
1.623834,TIMEOUT,242,13.008,47.412,200.000,247808,
1.624063,RETX,242,13.008,47.412,200.000,247808,retx#1
1.624080,STATS,-1,13.008,47.412,200.000,247808,base=242 next=256 inflight=14
1.726040,STATS,-1,13.008,47.412,200.000,247808,base=242 next=256 inflight=14
1.731217,TIMEOUT,243,13.008,47.412,400.000,247808,
1.731492,RETX,243,13.008,47.412,400.000,247808,retx#1
1.826583,STATS,-1,13.008,47.412,400.000,247808,base=242 next=256 inflight=14
1.927628,STATS,-1,13.008,47.412,400.000,247808,base=242 next=256 inflight=14
1.932592,TIMEOUT,244,13.008,47.412,800.000,247808,
1.933398,RETX,244,13.008,47.412,800.000,247808,retx#1
2.030096,STATS,-1,13.008,47.412,800.000,247808,base=242 next=256 inflight=14
2.131935,STATS,-1,13.008,47.412,800.000,247808,base=242 next=256 inflight=14
2.233554,STATS,-1,13.008,47.412,800.000,247808,base=242 next=256 inflight=14
2.334876,TIMEOUT,245,13.008,47.412,1600.000,247808,
2.335440,RETX,245,13.008,47.412,1600.000,247808,retx#1
2.335551,STATS,-1,13.008,47.412,1600.000,247808,base=242 next=256 inflight=14
2.386716,ACK,245,13.085,47.412,1600.000,248832,base=242
2.386873,NAK,242,13.085,,,248832,
2.387096,RETX,242,13.085,47.412,1600.000,248832,retx#2
2.387302,NAK,243,13.085,,,248832,
2.387564,RETX,243,13.085,47.412,1600.000,248832,retx#2
2.387690,NAK,244,13.085,,,248832,
2.387878,RETX,244,13.085,47.412,1600.000,248832,retx#2
2.425988,ACK,242,13.162,47.412,1600.000,249856,base=243
2.427713,SEND,256,13.162,47.412,1600.000,249856,
2.435894,STATS,-1,13.162,47.412,1600.000,249856,base=243 next=257 inflight=13
2.438546,ACK,243,13.238,47.412,1600.000,250880,base=244
2.438917,SEND,257,13.238,47.412,1600.000,250880,
2.439045,NAK,244,13.238,,,250880,
2.439353,RETX,244,13.238,47.412,1600.000,250880,retx#3
2.439478,ACK,244,13.313,47.412,1600.000,251904,base=246
2.441572,SEND,258,13.313,47.412,1600.000,251904,
2.470585,ACK,256,13.388,46.839,100.000,252928,base=246
2.470753,NAK,246,13.388,,,252928,
2.471382,RETX,246,13.388,46.839,100.000,252928,retx#1
2.471474,NAK,247,13.388,,,252928,
2.471779,RETX,247,13.388,46.839,100.000,252928,retx#1
2.471856,NAK,248,13.388,,,252928,
2.472078,RETX,248,13.388,46.839,100.000,252928,retx#1
2.472342,SEND,259,13.388,46.839,100.000,252928,
2.472364,TIMEOUT,249,13.388,46.839,200.000,252928,
2.472539,RETX,249,13.388,46.839,200.000,252928,retx#1
2.472555,TIMEOUT,250,13.388,46.839,400.000,252928,
2.472727,RETX,250,13.388,46.839,400.000,252928,retx#1
2.472735,TIMEOUT,251,13.388,46.839,800.000,252928,
2.472958,RETX,251,13.388,46.839,800.000,252928,retx#1
2.472970,TIMEOUT,252,13.388,46.839,1600.000,252928,
2.473143,RETX,252,13.388,46.839,1600.000,252928,retx#1
2.473233,NAK,249,13.388,,,252928,
2.473283,NAK,250,13.388,,,252928,
2.473312,NAK,251,13.388,,,252928,
2.473340,NAK,252,13.388,,,252928,
2.473367,NAK,253,13.388,,,252928,
2.473554,RETX,253,13.388,46.839,1600.000,252928,retx#1
2.474252,NAK,254,13.388,,,252928,
2.474478,RETX,254,13.388,46.839,1600.000,252928,retx#1
2.474583,NAK,255,13.388,,,252928,
2.474840,RETX,255,13.388,46.839,1600.000,252928,retx#1
2.477687,ACK,257,13.463,45.826,100.000,253952,base=246
2.478502,SEND,260,13.463,45.826,100.000,253952,
2.479547,DUPACK,244,13.463,,,253952,
2.483564,ACK,258,13.537,45.344,100.000,254976,base=246
2.484156,RETX,246,13.537,45.344,100.000,254976,retx#2
2.486724,SEND,261,13.537,45.344,100.000,254976,
2.505429,ACK,246,13.611,45.344,100.000,256000,base=247
2.507152,SEND,262,13.611,45.344,100.000,256000,
2.522623,ACK,247,13.685,45.344,100.000,257024,base=248
2.522718,NAK,248,13.685,,,257024,
2.522941,RETX,248,13.685,45.344,100.000,257024,retx#2
2.523046,NAK,249,13.685,,,257024,
2.523302,RETX,249,13.685,45.344,100.000,257024,retx#2
2.523364,NAK,250,13.685,,,257024,
2.523557,RETX,250,13.685,45.344,100.000,257024,retx#2
2.523785,SEND,263,13.685,45.344,100.000,257024,
2.523899,NAK,251,13.685,,,257024,
2.524096,RETX,251,13.685,45.344,100.000,257024,retx#2
2.524168,NAK,252,13.685,,,257024,
2.524351,RETX,252,13.685,45.344,100.000,257024,retx#2
2.524399,NAK,253,13.685,,,257024,
2.524578,RETX,253,13.685,45.344,100.000,257024,retx#2
2.524630,NAK,254,13.685,,,257024,
2.524818,RETX,254,13.685,45.344,100.000,257024,retx#2
2.524866,NAK,255,13.685,,,257024,
2.525045,RETX,255,13.685,45.344,100.000,257024,retx#2
2.525102,ACK,248,13.758,45.344,100.000,258048,base=249
2.525143,ACK,259,13.830,46.275,100.000,259072,base=249
2.525176,ACK,249,13.903,46.275,100.000,260096,base=250
2.525207,ACK,250,13.975,46.275,100.000,261120,base=251
2.525277,ACK,251,14.046,46.275,100.000,262144,base=252
2.525323,ACK,252,14.117,46.275,100.000,263168,base=253
2.525357,ACK,254,14.188,46.275,100.000,264192,base=253
2.525389,ACK,255,14.259,46.275,100.000,265216,base=253
2.525425,ACK,260,14.329,46.359,100.000,266240,base=253
2.525618,RETX,253,14.329,46.359,100.000,266240,retx#3
2.526522,SEND,264,14.329,46.359,100.000,266240,
2.526735,SEND,265,14.329,46.359,100.000,266240,
2.526932,SEND,266,14.329,46.359,100.000,266240,
2.527118,SEND,267,14.329,46.359,100.000,266240,
2.527289,SEND,268,14.329,46.359,100.000,266240,
2.527462,SEND,269,14.329,46.359,100.000,266240,
2.527644,SEND,270,14.329,46.359,100.000,266240,
2.527815,SEND,271,14.329,46.359,100.000,266240,
2.528020,SEND,272,14.329,46.359,100.000,266240,
2.528221,SEND,273,14.329,46.359,100.000,266240,
2.531711,ACK,261,14.399,46.178,100.000,267264,base=253
2.534685,SEND,274,14.399,46.178,100.000,267264,
2.537038,STATS,-1,14.399,46.178,100.000,267264,base=253 next=275 inflight=14
2.546892,ACK,262,14.468,45.371,100.000,268288,base=253
2.549253,SEND,275,14.468,45.371,100.000,268288,
2.558425,DUPACK,248,14.468,,,268288,
2.574746,DUPACK,249,14.468,,,268288,
2.574834,DUPACK,250,14.468,,,268288,
2.574886,ACK,263,14.537,46.086,100.000,269312,base=253
2.574919,DUPACK,251,14.537,,,269312,
2.574946,DUPACK,252,14.537,,,269312,
2.574981,ACK,253,14.606,46.086,100.000,270336,base=264
2.575016,DUPACK,254,14.606,,,270336,
2.575040,DUPACK,255,14.606,,,270336,
2.575064,DUPACK,253,14.606,,,270336,
2.576790,SEND,276,14.606,46.086,100.000,270336,
2.576982,SEND,277,14.606,46.086,100.000,270336,
2.578544,ACK,264,14.674,46.825,100.000,271360,base=265
2.578650,ACK,265,14.743,47.461,100.000,272384,base=266
2.578696,ACK,266,14.810,47.998,100.000,273408,base=267
2.578733,ACK,267,14.878,48.450,100.000,274432,base=268
2.578767,ACK,268,14.945,48.827,100.000,275456,base=269
2.578801,ACK,269,15.012,49.141,100.000,276480,base=270
2.578835,ACK,270,15.079,49.397,100.000,277504,base=271
2.578870,ACK,271,15.145,49.603,100.000,278528,base=272
2.578903,ACK,272,15.211,49.763,100.000,279552,base=273
2.578936,ACK,273,15.277,49.881,100.000,280576,base=274
2.579473,SEND,278,15.277,49.881,100.000,280576,
2.579656,SEND,279,15.277,49.881,100.000,280576,
2.579834,SEND,280,15.277,49.881,100.000,280576,
2.580006,SEND,281,15.277,49.881,100.000,280576,
2.580173,SEND,282,15.277,49.881,100.000,280576,
2.580341,SEND,283,15.277,49.881,100.000,280576,
2.580521,SEND,284,15.277,49.881,100.000,280576,
2.580709,SEND,285,15.277,49.881,100.000,280576,
2.580923,SEND,286,15.277,49.881,100.000,280576,
2.581177,SEND,287,15.277,49.881,100.000,280576,
2.581399,SEND,288,15.277,49.881,100.000,280576,
2.581563,ACK,274,15.342,49.504,100.000,281600,base=275
2.583889,SEND,289,15.342,49.504,100.000,281600,
2.595446,ACK,275,15.407,49.088,100.000,282624,base=276
2.597238,SEND,290,15.407,49.088,100.000,282624,
2.621329,ACK,276,15.472,48.518,100.000,283648,base=277
2.623154,SEND,291,15.472,48.518,100.000,283648,
2.626328,ACK,278,15.537,48.306,100.000,284672,base=277
2.626396,NAK,277,15.537,,,284672,
2.626615,RETX,277,13.811,48.306,100.000,284672,retx#1
2.626685,ACK,279,13.883,48.146,100.000,285696,base=277
2.626722,ACK,280,13.955,47.988,100.000,286720,base=277
2.626909,RETX,277,13.955,47.988,100.000,286720,retx#2
2.626978,ACK,281,14.027,47.860,100.000,287744,base=277
2.627017,ACK,283,14.098,47.712,100.000,288768,base=277
2.627045,NAK,282,14.098,,,288768,
2.627300,RETX,282,14.098,47.712,100.000,288768,retx#1
2.627390,ACK,284,14.169,47.605,100.000,289792,base=277
2.627700,SEND,292,14.169,47.605,100.000,289792,
2.627923,SEND,293,14.169,47.605,100.000,289792,
2.628212,SEND,294,14.169,47.605,100.000,289792,
2.628480,SEND,295,14.169,47.605,100.000,289792,
2.628741,SEND,296,14.169,47.605,100.000,289792,
2.629902,ACK,285,14.239,47.800,100.000,290816,base=277
2.629963,ACK,286,14.310,47.955,100.000,291840,base=277
2.631205,SEND,297,14.310,47.955,100.000,291840,
2.631400,SEND,298,14.310,47.955,100.000,291840,
2.633179,ACK,287,14.380,48.458,100.000,292864,base=277
2.633247,ACK,288,14.449,48.881,100.000,293888,base=277
2.633351,ACK,289,14.518,48.953,100.000,294912,base=277
2.633388,ACK,290,14.587,47.353,100.000,295936,base=277
2.633881,SEND,299,14.587,47.353,100.000,295936,
2.634063,SEND,300,14.587,47.353,100.000,295936,
2.634234,SEND,301,14.587,47.353,100.000,295936,
2.634407,SEND,302,14.587,47.353,100.000,295936,
2.639087,STATS,-1,14.587,47.353,100.000,295936,base=277 next=303 inflight=14
2.671290,ACK,277,14.656,47.353,100.000,296960,base=282
2.673370,SEND,303,14.656,47.353,100.000,296960,
2.678192,DUPACK,277,14.656,,,296960,
2.678275,ACK,282,14.724,47.353,100.000,297984,base=291
2.679936,NAK,291,14.724,,,297984,
2.680214,RETX,291,14.724,47.353,100.000,297984,retx#1
2.680530,SEND,304,14.724,47.353,100.000,297984,
2.680605,ACK,293,14.792,48.018,100.000,299008,base=291
2.680686,ACK,294,14.859,48.573,100.000,300032,base=291
2.680745,ACK,295,14.927,49.034,100.000,301056,base=291
2.681035,RETX,291,14.927,49.034,100.000,301056,retx#2
2.681133,ACK,296,14.994,49.453,100.000,302080,base=291
2.681203,ACK,297,15.060,49.521,100.000,303104,base=291
2.681312,ACK,298,15.127,49.569,100.000,304128,base=291
2.681350,ACK,299,15.193,49.306,100.000,305152,base=291
2.681384,ACK,300,15.259,49.058,100.000,306176,base=291
2.681418,ACK,301,15.324,48.823,100.000,307200,base=291
2.681451,ACK,302,15.390,48.600,100.000,308224,base=291
2.683219,SEND,305,15.390,48.600,100.000,308224,
2.683478,SEND,306,15.390,48.600,100.000,308224,
2.683739,SEND,307,15.390,48.600,100.000,308224,
2.683974,SEND,308,15.390,48.600,100.000,308224,
2.684248,SEND,309,15.390,48.600,100.000,308224,
2.684523,SEND,310,15.390,48.600,100.000,308224,
2.684698,SEND,311,15.390,48.600,100.000,308224,
2.685011,SEND,312,15.390,48.600,100.000,308224,
2.685368,SEND,313,15.390,48.600,100.000,308224,
2.685621,SEND,314,15.390,48.600,100.000,308224,
2.685800,SEND,315,15.390,48.600,100.000,308224,
2.718799,ACK,303,15.455,48.201,100.000,309248,base=291
2.720331,SEND,316,15.455,48.201,100.000,309248,
2.728020,ACK,291,15.519,48.201,100.000,310272,base=292
2.728945,SEND,317,15.519,48.201,100.000,310272,
2.728991,TIMEOUT,292,13.795,48.201,200.000,310272,
2.729371,RETX,292,13.795,48.201,200.000,310272,retx#1
2.734750,ACK,304,13.867,48.951,100.000,311296,base=292
2.734803,DUPACK,291,13.867,,,311296,
2.734838,ACK,305,13.940,49.285,100.000,312320,base=292
2.734872,ACK,306,14.011,49.548,100.000,313344,base=292
2.735152,RETX,292,14.011,49.548,100.000,313344,retx#2
2.735241,ACK,307,14.083,49.791,100.000,314368,base=292
2.735286,ACK,308,14.154,49.981,100.000,315392,base=292
2.735414,ACK,310,14.224,50.094,100.000,316416,base=292
2.737359,SEND,318,14.224,50.094,100.000,316416,
2.737558,SEND,319,14.224,50.094,100.000,316416,
2.737736,SEND,320,14.224,50.094,100.000,316416,
2.737906,SEND,321,14.224,50.094,100.000,316416,
2.738076,SEND,322,14.224,50.094,100.000,316416,
2.738303,ACK,311,14.295,50.530,100.000,317440,base=292
2.738407,ACK,312,14.365,50.887,100.000,318464,base=292
2.738444,ACK,313,14.434,51.161,100.000,319488,base=292
2.739811,ACK,314,14.503,51.537,100.000,320512,base=292
2.739878,ACK,315,14.572,51.854,100.000,321536,base=292
2.740658,SEND,323,14.572,51.854,100.000,321536,
2.741040,SEND,324,14.572,51.854,100.000,321536,
2.741250,SEND,325,14.572,51.854,100.000,321536,
2.741519,SEND,326,14.572,51.854,100.000,321536,
2.741712,SEND,327,14.572,51.854,100.000,321536,
2.741739,STATS,-1,14.572,51.854,100.000,321536,base=292 next=328 inflight=14
2.770839,ACK,316,14.641,51.683,100.000,322560,base=292
2.770907,ACK,317,14.709,50.468,100.000,323584,base=292
2.771660,SEND,328,14.709,50.468,100.000,323584,
2.771896,SEND,329,14.709,50.468,100.000,323584,
2.785604,ACK,292,14.777,50.468,100.000,324608,base=309
2.785678,DUPACK,292,14.777,,,324608,
2.785981,SEND,330,14.777,50.468,100.000,324608,
2.786005,TIMEOUT,309,14.777,50.468,200.000,324608,
2.786164,RETX,309,14.777,50.468,200.000,324608,retx#1
2.786250,ACK,320,14.845,50.223,100.000,325632,base=309
2.786342,ACK,321,14.912,49.998,100.000,326656,base=309
2.786383,ACK,322,14.979,49.786,100.000,327680,base=309
2.786553,RETX,309,14.979,49.786,100.000,327680,retx#2
2.786587,ACK,323,15.046,49.304,100.000,328704,base=309
2.787373,ACK,324,15.113,48.930,100.000,329728,base=309
2.788848,SEND,331,15.113,48.930,100.000,329728,
2.789001,SEND,332,15.113,48.930,100.000,329728,
2.789147,SEND,333,15.113,48.930,100.000,329728,
2.789295,SEND,334,15.113,48.930,100.000,329728,
2.789442,SEND,335,15.113,48.930,100.000,329728,
2.789588,SEND,336,15.113,48.930,100.000,329728,
2.789656,ACK,325,15.179,48.864,100.000,330752,base=309
2.789690,ACK,326,15.245,48.777,100.000,331776,base=309
2.789717,ACK,327,15.310,48.680,100.000,332800,base=309
2.791899,SEND,337,15.310,48.680,100.000,332800,
2.792077,SEND,338,15.310,48.680,100.000,332800,
2.792306,SEND,339,15.310,48.680,100.000,332800,
2.816443,ACK,328,15.376,48.191,100.000,333824,base=309
2.816547,ACK,329,15.441,47.748,100.000,334848,base=309
2.817835,SEND,340,15.441,47.748,100.000,334848,
2.818035,SEND,341,15.441,47.748,100.000,334848,
2.838138,ACK,330,15.505,48.297,100.000,335872,base=309
2.839427,SEND,342,15.505,48.297,100.000,335872,
2.839448,TIMEOUT,318,15.505,48.297,200.000,335872,
2.839635,RETX,318,15.505,48.297,200.000,335872,retx#1
2.842194,STATS,-1,15.505,48.297,200.000,335872,base=309 next=343 inflight=15
2.843262,ACK,309,15.570,48.297,200.000,336896,base=318
2.843303,DUPACK,309,15.570,,,336896,
2.843339,ACK,331,15.634,49.070,100.000,337920,base=318
2.843369,ACK,332,15.698,49.732,100.000,338944,base=318
2.843397,ACK,333,15.762,50.296,100.000,339968,base=318
2.843601,RETX,318,14.010,50.296,100.000,339968,retx#2
2.843676,ACK,334,14.082,50.806,100.000,340992,base=318
2.843717,ACK,336,14.153,51.221,100.000,342016,base=318
2.843747,ACK,338,14.224,51.276,100.000,343040,base=318
2.843771,NAK,337,14.224,,,343040,
2.843977,RETX,337,14.224,51.276,100.000,343040,retx#1
2.844104,ACK,339,14.294,51.341,100.000,344064,base=318
2.844968,SEND,343,14.294,51.341,100.000,344064,
2.845201,SEND,344,14.294,51.341,100.000,344064,
2.845435,SEND,345,14.294,51.341,100.000,344064,
2.845664,SEND,346,14.294,51.341,100.000,344064,
2.845891,SEND,347,14.294,51.341,100.000,344064,
2.846117,SEND,348,14.294,51.341,100.000,344064,
2.846344,SEND,349,14.294,51.341,100.000,344064,
2.846361,TIMEOUT,319,14.294,51.341,200.000,344064,
2.846593,RETX,319,14.294,51.341,200.000,344064,retx#1
2.862772,ACK,340,14.364,50.538,100.000,345088,base=318
2.865110,SEND,350,14.364,50.538,100.000,345088,
2.868488,ACK,341,14.433,50.527,100.000,346112,base=318
2.869917,SEND,351,14.433,50.527,100.000,346112,
2.888438,ACK,342,14.503,50.335,100.000,347136,base=318
2.888494,ACK,318,14.572,50.335,100.000,348160,base=319
2.888531,DUPACK,318,14.572,,,348160,
2.888563,ACK,337,14.640,50.335,100.000,349184,base=319
2.888600,ACK,343,14.709,49.496,100.000,350208,base=319
2.888636,ACK,344,14.777,48.738,100.000,351232,base=319
2.888848,RETX,319,14.777,48.738,100.000,351232,retx#2
2.888918,ACK,345,14.844,48.080,100.000,352256,base=319
2.889775,ACK,346,14.912,47.582,100.000,353280,base=319
2.890059,SEND,352,14.912,47.582,100.000,353280,
2.890252,SEND,353,14.912,47.582,100.000,353280,
2.890421,SEND,354,14.912,47.582,100.000,353280,
2.890619,SEND,355,14.912,47.582,100.000,353280,
2.890793,SEND,356,14.912,47.582,100.000,353280,
2.891041,SEND,357,14.912,47.582,100.000,353280,
2.891254,SEND,358,14.912,47.582,100.000,353280,
2.891282,TIMEOUT,335,14.912,47.582,200.000,353280,
2.891465,RETX,335,14.912,47.582,200.000,353280,retx#1
2.891548,ACK,347,14.979,47.339,100.000,354304,base=319
2.891639,ACK,348,15.045,47.111,100.000,355328,base=319
2.891682,ACK,349,15.112,46.889,100.000,356352,base=319
2.891724,ACK,319,15.178,46.889,100.000,357376,base=335
2.894312,SEND,359,15.178,46.889,100.000,357376,
2.894546,SEND,360,15.178,46.889,100.000,357376,
2.894730,SEND,361,15.178,46.889,100.000,357376,
2.894906,SEND,362,15.178,46.889,100.000,357376,
2.895079,SEND,363,15.178,46.889,100.000,357376,
2.915821,ACK,350,15.244,47.364,100.000,358400,base=335
2.916151,SEND,364,15.244,47.364,100.000,358400,
2.933561,DUPACK,319,15.244,,,358400,
2.943172,ACK,352,15.310,48.080,100.000,359424,base=335
2.943237,NAK,351,15.310,,,359424,
2.943458,RETX,351,15.310,48.080,100.000,359424,retx#1
2.943503,ACK,353,15.375,48.725,100.000,360448,base=335
2.943685,RETX,335,15.375,48.725,100.000,360448,retx#2
2.943747,ACK,355,15.440,49.275,100.000,361472,base=335
2.943780,NAK,354,15.440,,,361472,
2.943962,RETX,354,15.440,49.275,100.000,361472,retx#1
2.944174,SEND,365,15.440,49.275,100.000,361472,
2.944353,SEND,366,15.440,49.275,100.000,361472,
2.944526,SEND,367,15.440,49.275,100.000,361472,
2.944546,STATS,-1,15.440,49.275,100.000,361472,base=335 next=368 inflight=15
2.944602,ACK,356,15.505,49.840,100.000,362496,base=335
2.944699,ACK,357,15.569,50.317,100.000,363520,base=335
2.944741,ACK,358,15.633,50.713,100.000,364544,base=335
2.944783,ACK,335,15.697,50.713,100.000,365568,base=351
2.945874,ACK,359,15.761,50.818,100.000,366592,base=351
2.945932,ACK,360,15.825,50.888,100.000,367616,base=351
2.945970,ACK,361,15.888,50.931,100.000,368640,base=351
2.946194,RETX,351,14.122,50.931,100.000,368640,retx#2
2.946281,ACK,362,14.193,50.986,100.000,369664,base=351
2.946324,ACK,363,14.264,51.018,100.000,370688,base=351
2.946864,SEND,368,14.264,51.018,100.000,370688,
2.947044,SEND,369,14.264,51.018,100.000,370688,
2.947216,SEND,370,14.264,51.018,100.000,370688,
2.947387,SEND,371,14.264,51.018,100.000,370688,
2.947558,SEND,372,14.264,51.018,100.000,370688,
2.947732,SEND,373,14.264,51.018,100.000,370688,
2.947904,SEND,374,14.264,51.018,100.000,370688,
2.948075,SEND,375,14.264,51.018,100.000,370688,
2.948707,ACK,364,14.334,48.704,100.000,371712,base=351
2.951308,SEND,376,14.334,48.704,100.000,371712,
2.991724,DUPACK,335,14.334,,,371712,
2.993928,ACK,354,14.404,48.704,100.000,372736,base=351
2.994054,ACK,365,14.473,48.849,100.000,373760,base=351
2.994130,ACK,366,14.542,48.964,100.000,374784,base=351
2.994201,ACK,367,14.611,49.051,100.000,375808,base=351
2.994280,ACK,351,14.679,49.051,100.000,376832,base=368
2.994350,ACK,368,14.747,48.854,100.000,377856,base=369
2.994419,ACK,369,14.815,48.668,100.000,378880,base=370
2.994865,SEND,377,14.815,48.668,100.000,378880,
2.995248,SEND,378,14.815,48.668,100.000,378880,
2.995611,SEND,379,14.815,48.668,100.000,378880,
2.995947,SEND,380,14.815,48.668,100.000,378880,
2.996203,SEND,381,14.815,48.668,100.000,378880,
2.996470,SEND,382,14.815,48.668,100.000,378880,
2.996734,SEND,383,14.815,48.668,100.000,378880,
2.996869,ACK,370,14.883,48.789,100.000,379904,base=371
2.996975,ACK,371,14.950,48.888,100.000,380928,base=372
2.997063,ACK,372,15.017,48.964,100.000,381952,base=373
2.997119,ACK,373,15.083,49.016,100.000,382976,base=374
2.997175,ACK,374,15.150,49.047,100.000,384000,base=375
2.997227,ACK,375,15.216,49.059,100.000,385024,base=376
2.997278,ACK,376,15.281,48.672,100.000,386048,base=377
2.999325,SEND,384,15.281,48.672,100.000,386048,
2.999608,SEND,385,15.281,48.672,100.000,386048,
2.999796,SEND,386,15.281,48.672,100.000,386048,
3.000322,SEND,387,15.281,48.672,100.000,386048,
3.000504,SEND,388,15.281,48.672,100.000,386048,
3.000677,SEND,389,15.281,48.672,100.000,386048,
3.000867,SEND,390,15.281,48.672,100.000,386048,
3.001037,SEND,391,15.281,48.672,100.000,386048,
3.033757,ACK,377,15.347,47.447,100.000,387072,base=378
3.035676,SEND,392,15.347,47.447,100.000,387072,
3.040542,ACK,379,15.412,47.130,100.000,388096,base=378
3.040608,ACK,380,15.477,46.820,100.000,389120,base=378
3.040644,ACK,382,15.541,46.489,100.000,390144,base=378
3.040871,RETX,378,13.815,46.489,100.000,390144,retx#1
3.040932,NAK,381,13.815,,,390144,
3.041115,RETX,381,13.815,46.489,100.000,390144,retx#1
3.041172,ACK,383,13.887,46.232,100.000,391168,base=378
3.041207,ACK,384,13.959,45.688,100.000,392192,base=378
3.042648,SEND,393,13.959,45.688,100.000,392192,
3.043039,SEND,394,13.959,45.688,100.000,392192,
3.043487,SEND,395,13.959,45.688,100.000,392192,
3.046031,STATS,-1,13.959,45.688,100.000,392192,base=378 next=396 inflight=13
3.051541,ACK,385,14.031,46.465,100.000,393216,base=378
3.051645,ACK,386,14.102,47.138,100.000,394240,base=378
3.051685,ACK,387,14.173,47.665,100.000,395264,base=378
3.051721,ACK,388,14.243,48.109,100.000,396288,base=378
3.051757,ACK,390,14.314,48.456,100.000,397312,base=378
3.051792,ACK,391,14.384,48.743,100.000,398336,base=378
3.053801,SEND,396,14.384,48.743,100.000,398336,
3.054196,SEND,397,14.384,48.743,100.000,398336,
3.054561,SEND,398,14.384,48.743,100.000,398336,
3.055053,SEND,399,14.384,48.743,100.000,398336,
3.055337,SEND,400,14.384,48.743,100.000,398336,
3.055604,SEND,401,14.384,48.743,100.000,398336,
3.055863,SEND,402,14.384,48.743,100.000,398336,
3.079196,ACK,392,14.453,48.086,100.000,399360,base=378
3.080901,SEND,403,14.453,48.086,100.000,399360,
3.081055,ACK,378,14.522,48.086,100.000,400384,base=381
3.082639,ACK,381,14.591,48.086,100.000,401408,base=389
3.083566,SEND,404,14.591,48.086,100.000,401408,
3.083752,SEND,405,14.591,48.086,100.000,401408,
3.093479,ACK,393,14.660,48.425,100.000,402432,base=389
3.093565,ACK,394,14.728,48.687,100.000,403456,base=389
3.093611,ACK,395,14.796,48.866,100.000,404480,base=389
3.093898,RETX,389,14.796,48.866,100.000,404480,retx#1
3.095682,SEND,406,14.796,48.866,100.000,404480,
3.095902,SEND,407,14.796,48.866,100.000,404480,
3.096155,SEND,408,14.796,48.866,100.000,404480,
3.105617,ACK,396,14.863,49.234,100.000,405504,base=389
3.105700,ACK,397,14.931,49.515,100.000,406528,base=389
3.105754,ACK,399,14.998,49.663,100.000,407552,base=389
3.105794,ACK,400,15.064,49.762,100.000,408576,base=389
3.107844,SEND,409,15.064,49.762,100.000,408576,
3.108029,SEND,410,15.064,49.762,100.000,408576,
3.108241,SEND,411,15.064,49.762,100.000,408576,
3.108447,SEND,412,15.064,49.762,100.000,408576,
3.108659,SEND,413,15.064,49.762,100.000,408576,
3.109521,ACK,401,15.131,50.279,100.000,409600,base=389
3.111051,SEND,414,15.131,50.279,100.000,409600,
3.122258,ACK,403,15.197,49.160,100.000,410624,base=389
3.122350,NAK,402,15.197,,,410624,
3.122596,RETX,402,15.197,49.160,100.000,410624,retx#1
3.122662,ACK,404,15.263,47.902,100.000,411648,base=389
3.123536,ACK,405,15.328,46.885,100.000,412672,base=389
3.123887,SEND,415,15.328,46.885,100.000,412672,
3.124263,SEND,416,15.328,46.885,100.000,412672,
3.124634,SEND,417,15.328,46.885,100.000,412672,
3.135465,ACK,389,15.393,46.885,100.000,413696,base=398
3.135861,SEND,418,15.393,46.885,100.000,413696,
3.140920,ACK,406,15.458,46.664,100.000,414720,base=398
3.141003,ACK,407,15.523,46.468,100.000,415744,base=398
3.141046,ACK,408,15.587,46.271,100.000,416768,base=398
3.141499,RETX,398,13.855,46.271,100.000,416768,retx#1
3.142577,SEND,419,13.855,46.271,100.000,416768,
3.147190,STATS,-1,13.855,46.271,100.000,416768,base=398 next=420 inflight=13
3.154312,ACK,409,13.928,46.292,100.000,417792,base=398
3.154377,ACK,410,13.999,46.299,100.000,418816,base=398
3.154466,ACK,411,14.071,46.288,100.000,419840,base=398
3.154516,ACK,412,14.142,46.260,100.000,420864,base=398
3.154571,ACK,413,14.213,46.214,100.000,421888,base=398
3.154940,SEND,420,14.213,46.214,100.000,421888,
3.155166,SEND,421,14.213,46.214,100.000,421888,
3.155338,SEND,422,14.213,46.214,100.000,421888,
3.155625,SEND,423,14.213,46.214,100.000,421888,
3.155808,SEND,424,14.213,46.214,100.000,421888,
3.155981,SEND,425,14.213,46.214,100.000,421888,
3.157777,ACK,414,14.283,46.276,100.000,422912,base=398
3.158444,SEND,426,14.283,46.276,100.000,422912,
3.158644,ACK,402,14.353,46.276,100.000,423936,base=398
3.158694,ACK,415,14.423,44.841,100.000,424960,base=398
3.160878,SEND,427,14.423,44.841,100.000,424960,
3.161072,SEND,428,14.423,44.841,100.000,424960,
3.170481,ACK,416,14.492,45.009,100.000,425984,base=398
3.173046,SEND,429,14.492,45.009,100.000,425984,
3.177445,ACK,418,14.561,44.579,100.000,427008,base=398
3.179786,SEND,430,14.561,44.579,100.000,427008,
3.186733,ACK,398,14.630,44.579,100.000,428032,base=417
3.188577,ACK,419,14.698,44.753,100.000,429056,base=417
3.188897,SEND,431,14.698,44.753,100.000,429056,
3.189120,SEND,432,14.698,44.753,100.000,429056,
3.201006,ACK,420,14.766,44.915,100.000,430080,base=417
3.201270,ACK,421,14.834,45.062,100.000,431104,base=417
3.201716,RETX,417,14.834,45.062,100.000,431104,retx#1
3.201929,SEND,433,14.834,45.062,100.000,431104,
3.202722,SEND,434,14.834,45.062,100.000,431104,
3.203053,ACK,422,14.901,45.392,100.000,432128,base=417
3.203116,ACK,423,14.968,45.653,100.000,433152,base=417
3.203157,ACK,424,15.035,45.865,100.000,434176,base=417
3.203191,ACK,425,15.102,46.032,100.000,435200,base=417
3.205312,SEND,435,15.102,46.032,100.000,435200,
3.205497,SEND,436,15.102,46.032,100.000,435200,
3.205670,SEND,437,15.102,46.032,100.000,435200,
3.205930,SEND,438,15.102,46.032,100.000,435200,
3.206140,SEND,439,15.102,46.032,100.000,435200,
3.206952,ACK,426,15.168,46.339,100.000,436224,base=417
3.207050,ACK,427,15.234,46.318,100.000,437248,base=417
3.208829,SEND,440,15.234,46.318,100.000,437248,
3.209077,SEND,441,15.234,46.318,100.000,437248,
3.212649,ACK,428,15.299,46.972,100.000,438272,base=417
3.212710,ACK,429,15.365,46.059,100.000,439296,base=417
3.213618,SEND,442,15.365,46.059,100.000,439296,
3.213804,SEND,443,15.365,46.059,100.000,439296,
3.229374,ACK,430,15.430,46.498,100.000,440320,base=417
3.229441,ACK,431,15.495,45.753,100.000,441344,base=417
3.231475,SEND,444,15.495,45.753,100.000,441344,
3.231807,SEND,445,15.495,45.753,100.000,441344,
3.241162,ACK,432,15.559,46.536,100.000,442368,base=417
3.242645,SEND,446,15.559,46.536,100.000,442368,
3.244971,ACK,433,15.623,46.097,100.000,443392,base=417
3.245129,ACK,434,15.687,45.635,100.000,444416,base=417
3.247166,SEND,447,15.687,45.635,100.000,444416,
3.247359,SEND,448,15.687,45.635,100.000,444416,
3.247383,STATS,-1,15.687,45.635,100.000,444416,base=417 next=449 inflight=15
3.247479,ACK,435,15.751,45.201,100.000,445440,base=417
3.249921,SEND,449,15.751,45.201,100.000,445440,
3.255861,ACK,436,15.815,45.843,100.000,446464,base=417
3.256054,ACK,437,15.878,46.410,100.000,447488,base=417
3.256093,ACK,438,15.941,46.878,100.000,448512,base=417
3.256222,ACK,439,16.004,47.267,100.000,449536,base=417
3.256281,ACK,440,16.066,47.290,100.000,450560,base=417
3.256323,ACK,441,16.128,47.283,100.000,451584,base=417
3.256764,SEND,450,16.128,47.283,100.000,451584,
3.257007,SEND,451,16.128,47.283,100.000,451584,
3.257229,SEND,452,16.128,47.283,100.000,451584,
3.257554,SEND,453,16.128,47.283,100.000,451584,
3.257733,SEND,454,16.128,47.283,100.000,451584,
3.257905,SEND,455,16.128,47.283,100.000,451584,
3.258154,SEND,456,16.128,47.283,100.000,451584,
3.262054,ACK,442,16.190,47.425,100.000,452608,base=417
3.262119,ACK,443,16.252,47.536,100.000,453632,base=417
3.262416,SEND,457,16.252,47.536,100.000,453632,
3.262628,SEND,458,16.252,47.536,100.000,453632,
3.284726,ACK,444,16.314,48.248,100.000,454656,base=417
3.284776,ACK,445,16.375,48.837,100.000,455680,base=417
3.284811,ACK,446,16.436,48.003,100.000,456704,base=417
3.286228,SEND,459,16.436,48.003,100.000,456704,
3.286417,SEND,460,16.436,48.003,100.000,456704,
3.286626,SEND,461,16.436,48.003,100.000,456704,
3.288189,ACK,447,16.497,47.127,100.000,457728,base=417
3.288366,ACK,448,16.558,46.362,100.000,458752,base=417
3.289004,SEND,462,16.558,46.362,100.000,458752,
3.289204,SEND,463,16.558,46.362,100.000,458752,
3.295250,ACK,449,16.618,46.231,100.000,459776,base=417
3.297211,SEND,464,16.618,46.231,100.000,459776,
3.303020,TIMEOUT,417,16.618,46.231,200.000,459776,
3.303373,RETX,417,16.618,46.231,200.000,459776,retx#2
3.304174,ACK,450,16.678,46.376,100.000,460800,base=417
3.304249,ACK,451,16.738,46.483,100.000,461824,base=417
3.304287,ACK,452,16.798,46.555,100.000,462848,base=417
3.304321,ACK,453,16.857,46.581,100.000,463872,base=417
3.304354,ACK,454,16.917,46.585,100.000,464896,base=417
3.304386,ACK,455,16.976,46.572,100.000,465920,base=417
3.304950,ACK,456,17.035,46.598,100.000,466944,base=417
3.306017,SEND,465,17.035,46.598,100.000,466944,
3.306196,SEND,466,17.035,46.598,100.000,466944,
3.306369,SEND,467,17.035,46.598,100.000,466944,
3.306590,SEND,468,17.035,46.598,100.000,466944,
3.306922,SEND,469,17.035,46.598,100.000,466944,
3.307107,SEND,470,17.035,46.598,100.000,466944,
3.307273,SEND,471,17.035,46.598,100.000,466944,
3.307442,SEND,472,17.035,46.598,100.000,466944,
3.307589,ACK,457,17.093,46.418,100.000,467968,base=417
3.309502,SEND,473,17.093,46.418,100.000,467968,
3.332640,ACK,459,17.152,46.415,100.000,468992,base=417
3.334204,SEND,474,17.152,46.415,100.000,468992,
3.334365,NAK,458,17.152,,,468992,
3.334595,RETX,458,17.152,46.415,100.000,468992,retx#1
3.334681,ACK,460,17.210,46.645,100.000,470016,base=417
3.334719,ACK,461,17.268,46.825,100.000,471040,base=417
3.336077,SEND,475,17.268,46.825,100.000,471040,
3.336263,SEND,476,17.268,46.825,100.000,471040,
3.336395,ACK,462,17.326,46.894,100.000,472064,base=417
3.338073,SEND,477,17.326,46.894,100.000,472064,
3.341657,ACK,464,17.384,46.585,100.000,473088,base=417
3.341750,NAK,463,17.384,,,473088,
3.342040,RETX,463,17.384,46.585,100.000,473088,retx#1
3.342490,SEND,478,17.384,46.585,100.000,473088,
3.345535,ACK,417,17.441,46.585,100.000,474112,base=458
3.346662,SEND,479,17.441,46.585,100.000,474112,
3.347217,ACK,465,17.499,45.908,100.000,475136,base=458
3.348845,SEND,480,17.499,45.908,100.000,475136,
3.348885,STATS,-1,17.499,45.908,100.000,475136,base=458 next=481 inflight=17
3.353971,ACK,466,17.556,46.136,100.000,476160,base=458
3.354075,ACK,467,17.613,46.331,100.000,477184,base=458
3.354295,RETX,458,15.656,46.331,100.000,477184,retx#2
3.354387,ACK,468,15.720,46.514,100.000,478208,base=458
3.354757,SEND,481,15.720,46.514,100.000,478208,
3.355150,ACK,469,15.783,46.737,100.000,479232,base=458
3.356930,SEND,482,15.783,46.737,100.000,479232,
3.358655,ACK,470,15.847,47.335,100.000,480256,base=458
3.359185,SEND,483,15.847,47.335,100.000,480256,
3.360455,ACK,472,15.910,48.043,100.000,481280,base=458
3.360845,NAK,471,15.910,,,481280,
3.361168,RETX,471,15.910,48.043,100.000,481280,retx#1
3.361792,ACK,473,15.973,48.566,100.000,482304,base=458
3.362473,SEND,484,15.973,48.566,100.000,482304,
3.362823,SEND,485,15.973,48.566,100.000,482304,
3.373991,ACK,474,16.035,47.466,100.000,483328,base=458
3.376083,SEND,486,16.035,47.466,100.000,483328,
3.376333,SEND,487,16.035,47.466,100.000,483328,
3.381237,ACK,458,16.098,47.466,100.000,484352,base=463
3.381404,ACK,475,16.160,47.187,100.000,485376,base=463
3.381449,ACK,476,16.222,46.936,100.000,486400,base=463
3.386325,SEND,488,16.222,46.936,100.000,486400,
3.386519,SEND,489,16.222,46.936,100.000,486400,
3.386764,SEND,490,16.222,46.936,100.000,486400,
3.386910,ACK,477,16.283,47.172,100.000,487424,base=463
3.387096,RETX,463,16.283,47.172,100.000,487424,retx#2
3.389048,SEND,491,16.283,47.172,100.000,487424,
3.392393,ACK,463,16.345,47.172,100.000,488448,base=471
3.392508,ACK,478,16.406,47.527,100.000,489472,base=471
3.392560,ACK,479,16.467,47.323,100.000,490496,base=471
3.393466,SEND,492,16.467,47.323,100.000,490496,
3.393844,SEND,493,16.467,47.323,100.000,490496,
3.394025,SEND,494,16.467,47.323,100.000,490496,
3.394424,DUPACK,458,16.467,,,490496,
3.394515,ACK,481,16.528,46.376,100.000,491520,base=471
3.394796,RETX,471,16.528,46.376,100.000,491520,retx#2
3.395003,ACK,482,16.588,45.337,100.000,492544,base=471
3.396392,SEND,495,16.588,45.337,100.000,492544,
3.396675,SEND,496,16.588,45.337,100.000,492544,
3.411020,ACK,483,16.648,46.146,100.000,493568,base=471
3.411080,NAK,471,16.648,,,493568,
3.411133,ACK,471,16.708,46.146,100.000,494592,base=480
3.411181,ACK,484,16.768,46.466,100.000,495616,base=480
3.411222,ACK,485,16.828,46.707,100.000,496640,base=480
3.412766,SEND,497,16.828,46.707,100.000,496640,
3.412983,SEND,498,16.828,46.707,100.000,496640,
3.413189,SEND,499,16.828,46.707,100.000,496640,
3.413395,SEND,500,16.828,46.707,100.000,496640,
3.426463,ACK,486,16.887,47.164,100.000,497664,base=480
3.426796,RETX,480,16.887,47.164,100.000,497664,retx#1
3.426972,ACK,487,16.947,47.596,100.000,498688,base=480
3.427880,SEND,501,16.947,47.596,100.000,498688,
3.428111,SEND,502,16.947,47.596,100.000,498688,
3.430180,ACK,488,17.006,47.127,100.000,499712,base=480
3.431068,ACK,489,17.064,46.802,100.000,500736,base=480
3.432237,SEND,503,17.064,46.802,100.000,500736,
3.432458,SEND,504,17.064,46.802,100.000,500736,
3.432662,SEND,505,17.064,46.802,100.000,500736,
3.435002,ACK,490,17.123,46.978,100.000,501760,base=480
3.435116,DUPACK,463,17.123,,,501760,
3.436910,SEND,506,17.123,46.978,100.000,501760,
3.438557,ACK,491,17.181,47.292,100.000,502784,base=480
3.439174,SEND,507,17.181,47.292,100.000,502784,
3.440764,ACK,492,17.240,47.291,100.000,503808,base=480
3.441505,SEND,508,17.240,47.291,100.000,503808,
3.444874,ACK,493,17.298,47.755,100.000,504832,base=480
3.444957,ACK,494,17.355,48.151,100.000,505856,base=480
3.445014,ACK,495,17.413,48.210,100.000,506880,base=480
3.445059,ACK,496,17.470,48.231,100.000,507904,base=480
3.445481,SEND,509,17.470,48.231,100.000,507904,
3.445698,SEND,510,17.470,48.231,100.000,507904,
3.445906,SEND,511,17.470,48.231,100.000,507904,
3.446130,SEND,512,17.470,48.231,100.000,507904,
3.451597,STATS,-1,17.470,48.231,100.000,507904,base=480 next=513 inflight=17
3.452312,ACK,497,17.528,47.143,100.000,508928,base=480
3.452662,ACK,498,17.585,46.209,100.000,509952,base=480
3.454058,SEND,513,17.585,46.209,100.000,509952,
3.454284,SEND,514,17.585,46.209,100.000,509952,
3.456742,ACK,499,17.642,45.873,100.000,510976,base=480
3.456857,ACK,500,17.698,45.571,100.000,512000,base=480
3.459494,SEND,515,17.698,45.571,100.000,512000,
3.459755,SEND,516,17.698,45.571,100.000,512000,
3.478878,ACK,480,17.755,45.571,100.000,513024,base=501
3.478944,ACK,501,17.811,46.257,100.000,514048,base=502
3.479009,ACK,502,17.867,46.836,100.000,515072,base=503
3.479078,ACK,503,17.923,46.836,100.000,516096,base=504
3.479154,ACK,504,17.979,46.818,100.000,517120,base=505
3.479872,ACK,505,18.035,46.865,100.000,518144,base=506
3.479913,ACK,506,18.090,46.383,100.000,519168,base=507
3.480651,SEND,517,18.090,46.383,100.000,519168,
3.480835,SEND,518,18.090,46.383,100.000,519168,
3.481005,SEND,519,18.090,46.383,100.000,519168,
3.481249,SEND,520,18.090,46.383,100.000,519168,
3.481512,SEND,521,18.090,46.383,100.000,519168,
3.481730,SEND,522,18.090,46.383,100.000,519168,
3.481900,SEND,523,18.090,46.383,100.000,519168,
3.482071,SEND,524,18.090,46.383,100.000,519168,
3.482288,ACK,508,18.145,45.681,100.000,520192,base=507
3.482343,NAK,507,18.145,,,520192,
3.482726,RETX,507,16.129,45.681,100.000,520192,retx#1
3.487244,ACK,509,16.191,45.189,100.000,521216,base=507
3.490103,ACK,510,16.253,45.088,100.000,522240,base=507
3.490393,RETX,507,16.253,45.088,100.000,522240,retx#2
3.490478,ACK,511,16.315,45.023,100.000,523264,base=507
3.490595,ACK,512,16.376,44.952,100.000,524288,base=507
3.490808,SEND,525,16.376,44.952,100.000,524288,
3.490983,SEND,526,16.376,44.952,100.000,524288,
3.491267,SEND,527,16.376,44.952,100.000,524288,
3.502264,ACK,513,16.437,45.357,100.000,525312,base=507
3.502321,ACK,514,16.498,45.691,100.000,526336,base=507
3.502969,SEND,528,16.498,45.691,100.000,526336,
3.503150,SEND,529,16.498,45.691,100.000,526336,
3.506187,ACK,515,16.558,45.814,100.000,527360,base=507
3.506357,ACK,516,16.619,45.910,100.000,528384,base=507
3.507687,SEND,530,16.619,45.910,100.000,528384,
3.508073,SEND,531,16.619,45.910,100.000,528384,
3.524894,ACK,517,16.679,45.699,100.000,529408,base=507
3.524966,ACK,518,16.739,45.502,100.000,530432,base=507
3.525003,ACK,519,16.799,45.314,100.000,531456,base=507
3.526659,SEND,532,16.799,45.314,100.000,531456,
3.526852,SEND,533,16.799,45.314,100.000,531456,
3.527022,SEND,534,16.799,45.314,100.000,531456,
3.534314,ACK,520,16.858,46.280,100.000,532480,base=507
3.534380,ACK,521,16.917,47.103,100.000,533504,base=507
3.534419,ACK,522,16.977,47.801,100.000,534528,base=507
3.534454,ACK,523,17.035,48.394,100.000,535552,base=507
3.534489,ACK,524,17.094,48.897,100.000,536576,base=507
3.534528,ACK,507,17.153,48.897,100.000,537600,base=525
3.535212,SEND,535,17.153,48.897,100.000,537600,
3.535426,SEND,536,17.153,48.897,100.000,537600,
3.535604,SEND,537,17.153,48.897,100.000,537600,
3.535779,SEND,538,17.153,48.897,100.000,537600,
3.535948,SEND,539,17.153,48.897,100.000,537600,
3.536128,SEND,540,17.153,48.897,100.000,537600,
3.536298,SEND,541,17.153,48.897,100.000,537600,
3.536398,DUPACK,507,17.153,,,537600,
3.536463,ACK,525,17.211,48.489,100.000,538624,base=526
3.538245,SEND,542,17.211,48.489,100.000,538624,
3.541938,ACK,526,17.269,48.794,100.000,539648,base=527
3.542005,ACK,527,17.327,49.036,100.000,540672,base=528
3.542247,SEND,543,17.327,49.036,100.000,540672,
3.542429,SEND,544,17.327,49.036,100.000,540672,
3.545372,ACK,528,17.385,48.203,100.000,541696,base=529
3.545895,ACK,529,17.442,47.519,100.000,542720,base=530
3.546394,SEND,545,17.442,47.519,100.000,542720,
3.546781,SEND,546,17.442,47.519,100.000,542720,
3.546968,ACK,530,17.500,46.488,100.000,543744,base=531
3.549197,SEND,547,17.500,46.488,100.000,543744,
3.553098,STATS,-1,17.500,46.488,100.000,543744,base=531 next=548 inflight=17
3.555357,ACK,531,17.557,46.585,100.000,544768,base=532
3.557226,SEND,548,17.557,46.585,100.000,544768,
3.568684,ACK,532,17.614,46.013,100.000,545792,base=533
3.568741,ACK,534,17.670,45.475,100.000,546816,base=533
3.568773,NAK,533,17.670,,,546816,
3.568981,RETX,533,15.707,45.475,100.000,546816,retx#1
3.578358,ACK,535,15.771,45.180,100.000,547840,base=533
3.578757,SEND,549,15.771,45.180,100.000,547840,
3.583300,ACK,536,15.834,45.513,100.000,548864,base=533
3.583747,RETX,533,15.834,45.513,100.000,548864,retx#2
3.583905,ACK,537,15.897,45.859,100.000,549888,base=533
3.584219,ACK,538,15.960,46.180,100.000,550912,base=533
3.584315,ACK,539,16.023,46.452,100.000,551936,base=533
3.584391,ACK,540,16.085,46.677,100.000,552960,base=533
3.584532,ACK,541,16.147,46.870,100.000,553984,base=533
3.585585,SEND,550,16.147,46.870,100.000,553984,
3.586027,SEND,551,16.147,46.870,100.000,553984,
3.586564,SEND,552,16.147,46.870,100.000,553984,
3.587043,SEND,553,16.147,46.870,100.000,553984,
3.587542,SEND,554,16.147,46.870,100.000,553984,
3.588026,SEND,555,16.147,46.870,100.000,553984,
3.588294,SEND,556,16.147,46.870,100.000,553984,
3.588436,ACK,542,16.209,47.284,100.000,555008,base=533
3.590159,ACK,543,16.271,47.360,100.000,556032,base=533
3.590223,ACK,544,16.332,47.413,100.000,557056,base=533
3.590266,ACK,545,16.394,46.970,100.000,558080,base=533
3.590493,SEND,557,16.394,46.970,100.000,558080,
3.590820,SEND,558,16.394,46.970,100.000,558080,
3.591197,SEND,559,16.394,46.970,100.000,558080,
3.591564,SEND,560,16.394,46.970,100.000,558080,
3.591942,ACK,546,16.455,46.742,100.000,559104,base=533
3.593901,SEND,561,16.455,46.742,100.000,559104,
3.597213,ACK,547,16.515,46.900,100.000,560128,base=533
3.598157,SEND,562,16.515,46.900,100.000,560128,
3.618509,ACK,533,16.576,46.900,100.000,561152,base=548
3.618591,ACK,549,16.636,46.015,100.000,562176,base=548
3.619227,NAK,548,16.636,,,562176,
3.619471,RETX,548,16.636,46.015,100.000,562176,retx#1
3.619700,SEND,563,16.636,46.015,100.000,562176,
3.619879,SEND,564,16.636,46.015,100.000,562176,
3.620030,DUPACK,533,16.636,,,562176,
3.627404,ACK,550,16.696,45.484,100.000,563200,base=548
3.628233,SEND,565,16.696,45.484,100.000,563200,
3.638302,ACK,551,16.756,46.330,100.000,564224,base=548
3.638574,RETX,548,16.756,46.330,100.000,564224,retx#2
3.638663,ACK,552,16.816,47.051,100.000,565248,base=548
3.638702,ACK,553,16.876,47.626,100.000,566272,base=548
3.638736,ACK,554,16.935,48.072,100.000,567296,base=548
3.638770,ACK,555,16.994,48.406,100.000,568320,base=548
3.638806,ACK,557,17.053,48.394,100.000,569344,base=548
3.638834,NAK,556,17.053,,,569344,
3.639023,RETX,556,17.053,48.394,100.000,569344,retx#1
3.639090,ACK,558,17.111,48.377,100.000,570368,base=548
3.640979,SEND,566,17.111,48.377,100.000,570368,
3.641294,SEND,567,17.111,48.377,100.000,570368,
3.641476,SEND,568,17.111,48.377,100.000,570368,
3.641765,SEND,569,17.111,48.377,100.000,570368,
3.641997,SEND,570,17.111,48.377,100.000,570368,
3.642186,SEND,571,17.111,48.377,100.000,570368,
3.642598,SEND,572,17.111,48.377,100.000,570368,
3.642794,SEND,573,17.111,48.377,100.000,570368,
3.642938,ACK,559,17.170,48.809,100.000,571392,base=548
3.643149,ACK,560,17.228,49.162,100.000,572416,base=548
3.643250,ACK,561,17.286,49.184,100.000,573440,base=548
3.643843,ACK,562,17.344,48.746,100.000,574464,base=548
3.644896,SEND,574,17.344,48.746,100.000,574464,
3.645084,SEND,575,17.344,48.746,100.000,574464,
3.645260,SEND,576,17.344,48.746,100.000,574464,
3.645429,SEND,577,17.344,48.746,100.000,574464,
3.654641,STATS,-1,17.344,48.746,100.000,574464,base=548 next=578 inflight=17
3.667360,ACK,548,17.402,48.746,100.000,575488,base=556
3.667440,ACK,563,17.459,48.619,100.000,576512,base=556
3.668315,SEND,578,17.459,48.619,100.000,576512,
3.668526,SEND,579,17.459,48.619,100.000,576512,
3.669959,ACK,564,17.516,48.798,100.000,577536,base=556
3.670653,SEND,580,17.516,48.798,100.000,577536,
3.683598,ACK,565,17.573,49.616,100.000,578560,base=556
3.684062,RETX,556,15.621,49.616,100.000,578560,retx#2
3.685698,DUPACK,548,15.621,,,578560,
3.685803,ACK,556,15.685,49.616,100.000,579584,base=566
3.685889,ACK,566,15.749,49.026,100.000,580608,base=567
3.685972,ACK,567,15.812,48.482,100.000,581632,base=568
3.686008,ACK,568,15.875,47.987,100.000,582656,base=569
3.686081,ACK,569,15.938,47.528,100.000,583680,base=570
3.686163,ACK,570,16.001,47.107,100.000,584704,base=571
3.686491,SEND,581,16.001,47.107,100.000,584704,
3.686845,SEND,582,16.001,47.107,100.000,584704,
3.687219,SEND,583,16.001,47.107,100.000,584704,
3.687395,SEND,584,16.001,47.107,100.000,584704,
3.687567,SEND,585,16.001,47.107,100.000,584704,
3.687739,SEND,586,16.001,47.107,100.000,584704,
3.687789,ACK,571,16.064,46.917,100.000,585728,base=572
3.689578,SEND,587,16.064,46.917,100.000,585728,
3.695123,ACK,572,16.126,47.613,100.000,586752,base=573
3.695218,ACK,573,16.188,48.213,100.000,587776,base=574
3.695259,ACK,574,16.250,48.481,100.000,588800,base=575
3.695295,ACK,575,16.311,48.697,100.000,589824,base=576
3.695853,SEND,588,16.311,48.697,100.000,589824,
3.696073,SEND,589,16.311,48.697,100.000,589824,
3.696272,SEND,590,16.311,48.697,100.000,589824,
3.696441,SEND,591,16.311,48.697,100.000,589824,
3.696573,ACK,576,16.372,49.022,100.000,590848,base=577
3.698697,ACK,577,16.433,49.520,100.000,591872,base=578
3.703545,SEND,592,16.433,49.520,100.000,591872,
3.703763,SEND,593,16.433,49.520,100.000,591872,
3.712316,ACK,578,16.494,48.828,100.000,592896,base=579
3.712379,ACK,579,16.555,48.205,100.000,593920,base=580
3.713062,SEND,594,16.555,48.205,100.000,593920,
3.713244,SEND,595,16.555,48.205,100.000,593920,
3.721098,ACK,580,16.615,48.483,100.000,594944,base=581
3.721999,SEND,596,16.615,48.483,100.000,594944,
3.730212,DUPACK,556,16.615,,,594944,
3.739054,ACK,581,16.676,48.990,100.000,595968,base=582
3.739161,ACK,582,16.736,49.405,100.000,596992,base=583
3.739198,ACK,583,16.795,49.726,100.000,598016,base=584
3.739237,ACK,584,16.855,49.989,100.000,599040,base=585
3.739297,ACK,585,16.914,50.206,100.000,600064,base=586
3.739378,ACK,586,16.973,50.384,100.000,601088,base=587
3.739425,ACK,587,17.032,50.317,100.000,602112,base=588
3.740067,SEND,597,17.032,50.317,100.000,602112,
3.740283,SEND,598,17.032,50.317,100.000,602112,
3.740465,SEND,599,17.032,50.317,100.000,602112,
3.740643,SEND,600,17.032,50.317,100.000,602112,
3.740813,SEND,601,17.032,50.317,100.000,602112,
3.740983,SEND,602,17.032,50.317,100.000,602112,
3.741152,SEND,603,17.032,50.317,100.000,602112,
3.741321,SEND,604,17.032,50.317,100.000,602112,
3.748646,ACK,588,17.091,50.623,100.000,603136,base=589
3.749098,SEND,605,17.091,50.623,100.000,603136,
3.749182,ACK,589,17.149,50.933,100.000,604160,base=590
3.749243,ACK,590,17.208,51.186,100.000,605184,base=591
3.749350,ACK,592,17.266,50.510,100.000,606208,base=591
3.749401,NAK,591,17.266,,,606208,
3.749756,RETX,591,15.347,50.510,100.000,606208,retx#1
3.749942,ACK,593,15.413,49.968,100.000,607232,base=591
3.750946,SEND,606,15.413,49.968,100.000,607232,
3.751210,SEND,607,15.413,49.968,100.000,607232,
3.755545,STATS,-1,15.413,49.968,100.000,607232,base=591 next=608 inflight=15
3.762448,ACK,594,15.477,49.892,100.000,608256,base=591
3.762887,RETX,591,15.477,49.892,100.000,608256,retx#2
3.763058,ACK,595,15.542,49.880,100.000,609280,base=591
3.764605,SEND,608,15.542,49.880,100.000,609280,
3.764984,SEND,609,15.542,49.880,100.000,609280,
3.774795,ACK,596,15.606,50.241,100.000,610304,base=591
3.775879,SEND,610,15.606,50.241,100.000,610304,
3.779887,ACK,597,15.670,48.918,100.000,611328,base=591
3.780620,SEND,611,15.670,48.918,100.000,611328,
3.789236,ACK,599,15.734,48.897,100.000,612352,base=591
3.789299,ACK,600,15.798,48.866,100.000,613376,base=591
3.790109,SEND,612,15.798,48.866,100.000,613376,
3.790370,SEND,613,15.798,48.866,100.000,613376,
3.792017,ACK,602,15.861,49.135,100.000,614400,base=591
3.792119,ACK,603,15.924,49.362,100.000,615424,base=591
3.792162,ACK,604,15.987,49.546,100.000,616448,base=591
3.792193,ACK,605,16.050,48.740,100.000,617472,base=591
3.792803,SEND,614,16.050,48.740,100.000,617472,
3.793027,SEND,615,16.050,48.740,100.000,617472,
3.793211,SEND,616,16.050,48.740,100.000,617472,
3.793391,SEND,617,16.050,48.740,100.000,617472,
3.793570,SEND,618,16.050,48.740,100.000,617472,
3.795681,ACK,591,16.112,48.740,100.000,618496,base=598
3.795726,ACK,607,16.174,48.211,100.000,619520,base=598
3.796051,NAK,606,16.174,,,619520,
3.796269,RETX,606,16.174,48.211,100.000,619520,retx#1
3.797705,SEND,619,16.174,48.211,100.000,619520,
3.797892,SEND,620,16.174,48.211,100.000,619520,
3.803709,DUPACK,591,16.174,,,619520,
3.808188,ACK,608,16.236,47.631,100.000,620544,base=598
3.810018,SEND,621,16.236,47.631,100.000,620544,
3.810633,ACK,610,16.297,46.019,100.000,621568,base=598
3.810850,RETX,598,16.297,46.019,100.000,621568,retx#1
3.812210,SEND,622,16.297,46.019,100.000,621568,
3.827290,ACK,611,16.359,46.099,100.000,622592,base=598
3.828369,SEND,623,16.359,46.099,100.000,622592,
3.842117,ACK,612,16.420,46.832,100.000,623616,base=598
3.842198,ACK,613,16.481,47.456,100.000,624640,base=598
3.842237,ACK,614,16.541,47.703,100.000,625664,base=598
3.842272,ACK,615,16.602,47.895,100.000,626688,base=598
3.842306,ACK,616,16.662,48.044,100.000,627712,base=598
3.843052,SEND,624,16.662,48.044,100.000,627712,
3.843300,SEND,625,16.662,48.044,100.000,627712,
3.843574,SEND,626,16.662,48.044,100.000,627712,
3.843948,SEND,627,16.662,48.044,100.000,627712,
3.844139,SEND,628,16.662,48.044,100.000,627712,
3.844154,TIMEOUT,601,16.662,48.044,200.000,627712,
3.844338,RETX,601,16.662,48.044,200.000,627712,retx#1
3.844459,ACK,617,16.722,48.420,100.000,628736,base=598
3.844513,ACK,618,16.782,48.735,100.000,629760,base=598
3.844545,ACK,606,16.841,48.735,100.000,630784,base=598
3.844574,ACK,619,16.901,48.501,100.000,631808,base=598
3.844601,ACK,620,16.960,48.277,100.000,632832,base=598
3.847127,SEND,629,16.960,48.277,100.000,632832,
3.847363,SEND,630,16.960,48.277,100.000,632832,
3.847591,SEND,631,16.960,48.277,100.000,632832,
3.847819,SEND,632,16.960,48.277,100.000,632832,
3.848047,SEND,633,16.960,48.277,100.000,632832,
3.848807,ACK,621,17.019,47.090,100.000,633856,base=598
3.850337,SEND,634,17.019,47.090,100.000,633856,
3.850533,SEND,635,17.019,47.090,100.000,633856,
3.856239,STATS,-1,17.019,47.090,100.000,633856,base=598 next=636 inflight=17
3.860457,ACK,598,17.078,47.090,100.000,634880,base=601
3.860665,ACK,622,17.136,47.259,100.000,635904,base=601
3.862181,SEND,636,17.136,47.259,100.000,635904,
3.862408,SEND,637,17.136,47.259,100.000,635904,
3.866273,TIMEOUT,609,17.136,47.259,200.000,635904,
3.866696,RETX,609,17.136,47.259,200.000,635904,retx#1
3.868063,ACK,623,17.195,46.312,100.000,636928,base=601
3.869445,SEND,638,17.195,46.312,100.000,636928,
3.884805,ACK,624,17.253,45.738,100.000,637952,base=601
3.885232,RETX,601,17.253,45.738,100.000,637952,retx#2
3.885534,ACK,626,17.311,45.263,100.000,638976,base=601
3.885577,NAK,625,17.311,,,638976,
3.885772,RETX,625,17.311,45.263,100.000,638976,retx#1
3.886602,SEND,639,17.311,45.263,100.000,638976,
3.886858,SEND,640,17.311,45.263,100.000,638976,
3.892598,ACK,627,17.369,45.684,100.000,640000,base=601
3.892660,ACK,628,17.426,46.038,100.000,641024,base=601
3.892699,ACK,601,17.484,46.038,100.000,642048,base=609
3.892732,ACK,629,17.541,45.983,100.000,643072,base=609
3.892766,ACK,630,17.598,45.910,100.000,644096,base=609
3.894711,SEND,641,17.598,45.910,100.000,644096,
3.895155,SEND,642,17.598,45.910,100.000,644096,
3.895545,SEND,643,17.598,45.910,100.000,644096,
3.895991,SEND,644,17.598,45.910,100.000,644096,
3.896378,SEND,645,17.598,45.910,100.000,644096,
3.896597,ACK,631,17.655,46.294,100.000,645120,base=609
3.896994,RETX,609,15.693,46.294,100.000,645120,retx#2
3.897143,ACK,632,15.757,46.671,100.000,646144,base=609
3.897220,ACK,633,15.820,46.982,100.000,647168,base=609
3.897279,ACK,634,15.883,46.977,100.000,648192,base=609
3.897334,ACK,635,15.946,46.954,100.000,649216,base=609
3.898727,SEND,646,15.946,46.954,100.000,649216,
3.899134,SEND,647,15.946,46.954,100.000,649216,
3.899340,SEND,648,15.946,46.954,100.000,649216,
3.902944,ACK,636,16.009,46.176,100.000,650240,base=609
3.903016,ACK,637,16.071,45.479,100.000,651264,base=609
3.903886,SEND,649,16.071,45.479,100.000,651264,
3.904076,SEND,650,16.071,45.479,100.000,651264,
3.904283,SEND,651,16.071,45.479,100.000,651264,
3.929845,DUPACK,601,16.071,,,651264,
3.930332,ACK,625,16.134,45.479,100.000,652288,base=609
3.932466,SEND,652,16.134,45.479,100.000,652288,
3.939038,ACK,639,16.196,46.345,100.000,653312,base=609
3.939112,NAK,638,16.196,,,653312,
3.939368,RETX,638,16.196,46.345,100.000,653312,retx#1
3.940491,ACK,640,16.257,47.254,100.000,654336,base=609
3.940564,ACK,641,16.319,47.079,100.000,655360,base=609
3.940825,SEND,653,16.319,47.079,100.000,655360,
3.941005,SEND,654,16.319,47.079,100.000,655360,
3.941222,SEND,655,16.319,47.079,100.000,655360,
3.943206,ACK,642,16.380,47.197,100.000,656384,base=609
3.943451,SEND,656,16.380,47.197,100.000,656384,
3.947417,ACK,643,16.441,47.779,100.000,657408,base=609
3.947690,SEND,657,16.441,47.779,100.000,657408,
3.947767,ACK,644,16.502,48.277,100.000,658432,base=609
3.947864,ACK,609,16.563,48.277,100.000,659456,base=638
3.947911,ACK,646,16.623,48.390,100.000,660480,base=638
3.947957,ACK,648,16.683,48.418,100.000,661504,base=638
3.947994,NAK,647,16.683,,,661504,
3.948232,RETX,647,16.683,48.418,100.000,661504,retx#1
3.948299,ACK,649,16.743,47.917,100.000,662528,base=638
3.948580,RETX,638,16.743,47.917,100.000,662528,retx#2
3.949806,SEND,658,16.743,47.917,100.000,662528,
3.950070,SEND,659,16.743,47.917,100.000,662528,
3.950252,SEND,660,16.743,47.917,100.000,662528,
3.950426,SEND,661,16.743,47.917,100.000,662528,
3.950790,SEND,662,16.743,47.917,100.000,662528,
3.955014,ACK,650,16.803,48.291,100.000,663552,base=638
3.955085,ACK,651,16.862,48.604,100.000,664576,base=638
3.957100,SEND,663,16.862,48.604,100.000,664576,
3.957412,SEND,664,16.862,48.604,100.000,664576,
3.957488,STATS,-1,16.862,48.604,100.000,664576,base=638 next=665 inflight=16
3.973301,ACK,652,16.922,47.632,100.000,665600,base=638
3.973818,SEND,665,16.922,47.632,100.000,665600,
3.980116,ACK,638,16.981,47.632,100.000,666624,base=645
3.982612,SEND,666,16.981,47.632,100.000,666624,
3.993018,ACK,653,17.040,48.199,100.000,667648,base=645
3.993096,ACK,654,17.098,48.685,100.000,668672,base=645
3.993931,ACK,655,17.157,49.185,100.000,669696,base=645
3.994218,RETX,645,17.157,49.185,100.000,669696,retx#1
3.994315,ACK,656,17.215,49.393,100.000,670720,base=645
3.994413,ACK,657,17.273,49.059,100.000,671744,base=645
3.994458,ACK,647,17.331,49.059,100.000,672768,base=645
3.994492,DUPACK,638,17.331,,,672768,
3.994918,SEND,667,17.331,49.059,100.000,672768,
3.995131,SEND,668,17.331,49.059,100.000,672768,
3.995336,SEND,669,17.331,49.059,100.000,672768,
3.995675,SEND,670,17.331,49.059,100.000,672768,
3.995882,SEND,671,17.331,49.059,100.000,672768,
3.996086,SEND,672,17.331,49.059,100.000,672768,
3.996286,SEND,673,17.331,49.059,100.000,672768,
4.004248,ACK,660,17.389,49.673,100.000,673792,base=645
4.004327,ACK,661,17.446,50.200,100.000,674816,base=645
4.004375,ACK,662,17.504,50.623,100.000,675840,base=645
4.004421,ACK,664,17.561,50.171,100.000,676864,base=645
4.004902,SEND,674,17.561,50.171,100.000,676864,
4.005150,SEND,675,17.561,50.171,100.000,676864,
4.005363,SEND,676,17.561,50.171,100.000,676864,
4.005626,SEND,677,17.561,50.171,100.000,676864,
4.006353,NAK,663,17.561,,,676864,
4.006605,RETX,663,17.561,50.171,100.000,676864,retx#1
4.018000,ACK,665,17.618,49.417,100.000,677888,base=645
4.019416,SEND,678,17.618,49.417,100.000,677888,
4.023168,ACK,666,17.674,48.307,100.000,678912,base=645
4.023530,SEND,679,17.674,48.307,100.000,678912,
4.035587,ACK,645,17.731,48.307,100.000,679936,base=658
4.036959,SEND,680,17.731,48.307,100.000,679936,
4.047483,ACK,667,17.787,48.836,100.000,680960,base=658
4.047552,ACK,668,17.844,49.284,100.000,681984,base=658
4.047650,ACK,669,17.900,49.662,100.000,683008,base=658
4.047869,RETX,658,15.911,49.662,100.000,683008,retx#1
4.047918,ACK,670,15.974,49.984,100.000,684032,base=658
4.047954,ACK,671,16.036,50.244,100.000,685056,base=658
4.048016,ACK,672,16.099,50.454,100.000,686080,base=658
4.048051,ACK,674,16.161,49.541,100.000,687104,base=658
4.048085,NAK,673,16.161,,,687104,
4.048288,RETX,673,16.161,49.541,100.000,687104,retx#1
4.048345,ACK,675,16.223,48.747,100.000,688128,base=658
4.048567,SEND,681,16.223,48.747,100.000,688128,
4.048776,SEND,682,16.223,48.747,100.000,688128,
4.048999,SEND,683,16.223,48.747,100.000,688128,
4.049184,SEND,684,16.223,48.747,100.000,688128,
4.049413,SEND,685,16.223,48.747,100.000,688128,
4.049764,SEND,686,16.223,48.747,100.000,688128,
4.049939,SEND,687,16.223,48.747,100.000,688128,
4.052039,TIMEOUT,659,16.223,48.747,200.000,688128,
4.052277,RETX,659,16.223,48.747,200.000,688128,retx#1
4.052388,ACK,676,16.284,48.530,100.000,689152,base=658
4.055117,SEND,688,16.284,48.530,100.000,689152,
4.055872,ACK,677,16.346,48.742,100.000,690176,base=658
4.055928,ACK,663,16.407,48.742,100.000,691200,base=658
4.055964,ACK,678,16.468,47.218,100.000,692224,base=658
4.055998,ACK,679,16.529,45.375,100.000,693248,base=658
4.057380,SEND,689,16.529,45.375,100.000,693248,
4.057562,SEND,690,16.529,45.375,100.000,693248,
4.057735,SEND,691,16.529,45.375,100.000,693248,
4.057909,SEND,692,16.529,45.375,100.000,693248,
4.057939,STATS,-1,16.529,45.375,100.000,693248,base=658 next=693 inflight=16
4.075239,ACK,680,16.589,44.485,100.000,694272,base=658
4.075756,SEND,693,16.589,44.485,100.000,694272,
4.093180,ACK,658,16.649,44.485,100.000,695296,base=659
4.094550,SEND,694,16.649,44.485,100.000,695296,
4.097230,ACK,673,16.709,44.485,100.000,696320,base=659
4.097514,SEND,695,16.709,44.485,100.000,696320,
4.097934,ACK,681,16.769,45.094,100.000,697344,base=659
4.098016,ACK,682,16.829,45.614,100.000,698368,base=659
4.098240,RETX,659,16.829,45.614,100.000,698368,retx#2
4.098300,ACK,683,16.888,46.074,100.000,699392,base=659
4.098343,ACK,684,16.948,46.460,100.000,700416,base=659
4.098394,ACK,686,17.007,46.730,100.000,701440,base=659
4.098423,NAK,685,17.007,,,701440,
4.098634,RETX,685,17.007,46.730,100.000,701440,retx#1
4.098741,ACK,687,17.065,46.986,100.000,702464,base=659
4.100552,SEND,696,17.065,46.986,100.000,702464,
4.100794,SEND,697,17.065,46.986,100.000,702464,
4.101072,SEND,698,17.065,46.986,100.000,702464,
4.101298,SEND,699,17.065,46.986,100.000,702464,
4.101485,SEND,700,17.065,46.986,100.000,702464,
4.101763,SEND,701,17.065,46.986,100.000,702464,
4.102032,SEND,702,17.065,46.986,100.000,702464,
4.104684,ACK,659,17.124,46.986,100.000,703488,base=685
4.105700,ACK,688,17.182,47.434,100.000,704512,base=685
4.105758,ACK,689,17.241,47.552,100.000,705536,base=685
4.105795,ACK,690,17.299,47.636,100.000,706560,base=685
4.106013,RETX,685,15.376,47.636,100.000,706560,retx#2
4.106212,SEND,703,15.376,47.636,100.000,706560,
4.106402,SEND,704,15.376,47.636,100.000,706560,
4.106522,ACK,691,15.442,47.779,100.000,707584,base=685
4.106607,ACK,692,15.506,47.893,100.000,708608,base=685
4.108815,SEND,705,15.506,47.893,100.000,708608,
4.109007,SEND,706,15.506,47.893,100.000,708608,
4.112583,ACK,693,15.571,46.507,100.000,709632,base=685
4.113603,SEND,707,15.571,46.507,100.000,709632,
4.141171,ACK,694,15.635,46.522,100.000,710656,base=685
4.142800,SEND,708,15.635,46.522,100.000,710656,
4.145629,ACK,695,15.699,46.718,100.000,711680,base=685
4.145707,DUPACK,659,15.699,,,711680,
4.145746,ACK,685,15.763,46.718,100.000,712704,base=696
4.145891,ACK,696,15.826,46.545,100.000,713728,base=697
4.145947,ACK,698,15.889,46.335,100.000,714752,base=697
4.147170,SEND,709,15.889,46.335,100.000,714752,
4.147378,SEND,710,15.889,46.335,100.000,714752,
4.147549,SEND,711,15.889,46.335,100.000,714752,
4.147822,SEND,712,15.889,46.335,100.000,714752,
4.154318,ACK,699,15.952,47.168,100.000,715776,base=697
4.154454,ACK,700,16.015,47.892,100.000,716800,base=697
4.154690,RETX,697,16.015,47.892,100.000,716800,retx#1
4.154740,ACK,701,16.077,48.527,100.000,717824,base=697
4.154825,ACK,702,16.140,49.059,100.000,718848,base=697
4.154884,DUPACK,685,16.140,,,718848,
4.155130,ACK,704,16.201,49.017,100.000,719872,base=697
4.155185,NAK,703,16.201,,,719872,
4.155377,RETX,703,16.201,49.017,100.000,719872,retx#1
4.155424,ACK,705,16.263,48.716,100.000,720896,base=697
4.155509,ACK,706,16.325,48.433,100.000,721920,base=697
4.155854,SEND,713,16.325,48.433,100.000,721920,
4.156098,SEND,714,16.325,48.433,100.000,721920,
4.156328,SEND,715,16.325,48.433,100.000,721920,
4.156556,SEND,716,16.325,48.433,100.000,721920,
4.156785,SEND,717,16.325,48.433,100.000,721920,
4.157011,SEND,718,16.325,48.433,100.000,721920,
4.157241,SEND,719,16.325,48.433,100.000,721920,
4.157469,SEND,720,16.325,48.433,100.000,721920,
4.159502,STATS,-1,16.325,48.433,100.000,721920,base=697 next=721 inflight=16
4.170339,ACK,707,16.386,49.467,100.000,722944,base=697
4.171748,SEND,721,16.386,49.467,100.000,722944,
4.187582,ACK,708,16.447,48.879,100.000,723968,base=697
4.187644,ACK,709,16.508,47.829,100.000,724992,base=697
4.188019,SEND,722,16.508,47.829,100.000,724992,
4.188260,SEND,723,16.508,47.829,100.000,724992,
4.198135,ACK,710,16.568,48.191,100.000,726016,base=697
4.198513,ACK,711,16.629,48.530,100.000,727040,base=697
4.198610,ACK,712,16.689,48.811,100.000,728064,base=697
4.198656,ACK,697,16.749,48.811,100.000,729088,base=703
4.198693,ACK,714,16.808,48.034,100.000,730112,base=703
4.199754,SEND,724,16.808,48.034,100.000,730112,
4.200208,SEND,725,16.808,48.034,100.000,730112,
4.200806,SEND,726,16.808,48.034,100.000,730112,
4.200992,SEND,727,16.808,48.034,100.000,730112,
4.201206,SEND,728,16.808,48.034,100.000,730112,
4.201308,NAK,703,16.808,,,730112,
4.201533,RETX,703,14.941,48.034,100.000,730112,retx#2
4.208811,ACK,715,15.008,48.586,100.000,731136,base=703
4.208881,ACK,716,15.074,49.053,100.000,732160,base=703
4.209102,RETX,703,15.074,49.053,100.000,732160,retx#3
4.209221,ACK,717,15.141,49.475,100.000,733184,base=703
4.209263,ACK,719,15.207,49.793,100.000,734208,base=703
4.209298,ACK,720,15.273,50.047,100.000,735232,base=703
4.210450,SEND,729,15.273,50.047,100.000,735232,
4.210643,SEND,730,15.273,50.047,100.000,735232,
4.210813,SEND,731,15.273,50.047,100.000,735232,
4.211039,SEND,732,15.273,50.047,100.000,735232,
4.220633,ACK,721,15.338,49.899,100.000,736256,base=703
4.221692,SEND,733,15.338,49.899,100.000,736256,
4.227935,ACK,722,15.403,48.642,100.000,737280,base=703
4.230160,SEND,734,15.403,48.642,100.000,737280,
4.237497,ACK,723,15.468,48.714,100.000,738304,base=703
4.237561,ACK,724,15.533,47.351,100.000,739328,base=703
4.238855,SEND,735,15.533,47.351,100.000,739328,
4.239037,SEND,736,15.533,47.351,100.000,739328,
4.243725,ACK,725,15.597,46.868,100.000,740352,base=703
4.245826,SEND,737,15.597,46.868,100.000,740352,
4.252697,ACK,726,15.661,47.494,100.000,741376,base=703
4.252762,ACK,727,15.725,48.027,100.000,742400,base=703
4.252818,ACK,728,15.789,48.475,100.000,743424,base=703
4.252856,ACK,703,15.852,48.475,100.000,744448,base=713
4.252928,DUPACK,703,15.852,,,744448,
4.254412,SEND,738,15.852,48.475,100.000,744448,
4.254605,SEND,739,15.852,48.475,100.000,744448,
4.254907,SEND,740,15.852,48.475,100.000,744448,
4.255099,SEND,741,15.852,48.475,100.000,744448,
4.255214,ACK,729,15.915,48.010,100.000,745472,base=713
4.255262,NAK,718,15.915,,,745472,
4.255452,RETX,718,15.915,48.010,100.000,745472,retx#1
4.255526,ACK,730,15.978,47.618,100.000,746496,base=713
4.257182,SEND,742,15.978,47.618,100.000,746496,
4.257373,SEND,743,15.978,47.618,100.000,746496,
4.257395,TIMEOUT,713,15.978,47.618,200.000,746496,
4.257572,RETX,713,15.978,47.618,200.000,746496,retx#1
4.257697,ACK,731,16.041,47.524,100.000,747520,base=713
4.257887,RETX,713,16.041,47.524,100.000,747520,retx#2
4.260424,SEND,744,16.041,47.524,100.000,747520,
4.260630,SEND,745,16.041,47.524,100.000,747520,
4.260658,STATS,-1,16.041,47.524,100.000,747520,base=713 next=746 inflight=16
4.261935,ACK,732,16.103,47.943,100.000,748544,base=713
4.262857,SEND,746,16.103,47.943,100.000,748544,
4.264425,ACK,733,16.165,47.290,100.000,749568,base=713
4.265223,SEND,747,16.165,47.290,100.000,749568,
4.268353,ACK,734,16.227,46.149,100.000,750592,base=713
4.269403,SEND,748,16.227,46.149,100.000,750592,
4.276933,ACK,735,16.289,45.137,100.000,751616,base=713
4.277754,SEND,749,16.289,45.137,100.000,751616,
4.285071,ACK,737,16.350,44.395,100.000,752640,base=713
4.286067,SEND,750,16.350,44.395,100.000,752640,
4.295287,ACK,738,16.411,43.954,100.000,753664,base=713
4.296401,SEND,751,16.411,43.954,100.000,753664,
4.300305,ACK,739,16.472,44.168,100.000,754688,base=713
4.300374,ACK,740,16.533,44.329,100.000,755712,base=713
4.300726,SEND,752,16.533,44.329,100.000,755712,
4.300911,SEND,753,16.533,44.329,100.000,755712,
4.306194,ACK,741,16.593,45.172,100.000,756736,base=713
4.306268,ACK,718,16.653,45.172,100.000,757760,base=713
4.306307,ACK,742,16.714,45.666,100.000,758784,base=713
4.306347,ACK,743,16.773,46.079,100.000,759808,base=713
4.306388,ACK,713,16.833,46.079,100.000,760832,base=736
4.306416,DUPACK,713,16.833,,,760832,
4.306455,ACK,744,16.892,46.073,100.000,761856,base=736
4.306572,ACK,745,16.952,46.056,100.000,762880,base=736
4.307182,SEND,754,16.952,46.056,100.000,762880,
4.307368,SEND,755,16.952,46.056,100.000,762880,
4.307541,SEND,756,16.952,46.056,100.000,762880,
4.307712,SEND,757,16.952,46.056,100.000,762880,
4.308209,SEND,758,16.952,46.056,100.000,762880,
4.308558,SEND,759,16.952,46.056,100.000,762880,
4.309140,SEND,760,16.952,46.056,100.000,762880,
4.309410,ACK,746,17.011,46.117,100.000,763904,base=736
4.309664,RETX,736,15.121,46.117,100.000,763904,retx#1
4.309721,ACK,747,15.187,45.914,100.000,764928,base=736
4.309757,ACK,748,15.252,45.219,100.000,765952,base=736
4.311416,SEND,761,15.252,45.219,100.000,765952,
4.311602,SEND,762,15.252,45.219,100.000,765952,
4.317440,ACK,749,15.318,44.524,100.000,766976,base=736
4.318470,SEND,763,15.318,44.524,100.000,766976,
4.326823,ACK,750,15.383,44.051,100.000,768000,base=736
4.329070,SEND,764,15.383,44.051,100.000,768000,
4.343447,ACK,751,15.448,44.422,100.000,769024,base=736
4.344563,SEND,765,15.448,44.422,100.000,769024,
4.345604,ACK,752,15.513,44.477,100.000,770048,base=736
4.345658,ACK,753,15.578,44.510,100.000,771072,base=736
4.346945,SEND,766,15.578,44.510,100.000,771072,
4.347126,SEND,767,15.578,44.510,100.000,771072,
4.355606,ACK,754,15.642,44.996,100.000,772096,base=736
4.355714,ACK,755,15.706,45.412,100.000,773120,base=736
4.355809,ACK,756,15.769,45.768,100.000,774144,base=736
4.356232,SEND,768,15.769,45.768,100.000,774144,
4.356502,SEND,769,15.769,45.768,100.000,774144,
4.356681,SEND,770,15.769,45.768,100.000,774144,
4.356773,ACK,757,15.833,46.178,100.000,775168,base=736
4.356827,ACK,758,15.896,46.511,100.000,776192,base=736
4.358316,ACK,759,15.959,46.914,100.000,777216,base=736
4.358381,ACK,760,16.021,47.204,100.000,778240,base=736
4.359038,SEND,771,16.021,47.204,100.000,778240,
4.359221,SEND,772,16.021,47.204,100.000,778240,
4.359395,SEND,773,16.021,47.204,100.000,778240,
4.359621,SEND,774,16.021,47.204,100.000,778240,
4.359809,SEND,775,16.021,47.204,100.000,778240,
4.361509,ACK,736,16.084,47.204,100.000,779264,base=761
4.361575,ACK,761,16.146,47.573,100.000,780288,base=762
4.361611,ACK,762,16.208,47.877,100.000,781312,base=763
4.361645,ACK,763,16.270,47.292,100.000,782336,base=764
4.361678,ACK,764,16.331,45.456,100.000,783360,base=765
4.361903,SEND,776,16.331,45.456,100.000,783360,
4.362085,SEND,777,16.331,45.456,100.000,783360,
4.362256,SEND,778,16.331,45.456,100.000,783360,
4.362427,SEND,779,16.331,45.456,100.000,783360,
4.362598,SEND,780,16.331,45.456,100.000,783360,
4.362619,STATS,-1,16.331,45.456,100.000,783360,base=765 next=781 inflight=16
4.388502,ACK,765,16.392,45.263,100.000,784384,base=766
4.388851,SEND,781,16.392,45.263,100.000,784384,
4.391167,ACK,766,16.453,45.130,100.000,785408,base=767
4.393212,SEND,782,16.453,45.130,100.000,785408,
4.395431,ACK,767,16.514,45.525,100.000,786432,base=768
4.397400,SEND,783,16.514,45.525,100.000,786432,
4.405812,ACK,768,16.575,46.029,100.000,787456,base=769
4.405875,ACK,769,16.635,46.446,100.000,788480,base=770
4.406295,ACK,770,16.695,46.841,100.000,789504,base=771
4.406350,ACK,771,16.755,46.899,100.000,790528,base=772
4.407333,SEND,784,16.755,46.899,100.000,790528,
4.407523,SEND,785,16.755,46.899,100.000,790528,
4.407723,SEND,786,16.755,46.899,100.000,790528,
4.407907,SEND,787,16.755,46.899,100.000,790528,
4.410294,ACK,772,16.815,47.417,100.000,791552,base=773
4.412425,SEND,788,16.815,47.417,100.000,791552,
4.412584,ACK,773,16.874,48.136,100.000,792576,base=774
4.412768,ACK,774,16.933,48.761,100.000,793600,base=775
4.412860,ACK,775,16.993,49.296,100.000,794624,base=776
4.412946,ACK,776,17.051,49.513,100.000,795648,base=777
4.412990,ACK,777,17.110,49.686,100.000,796672,base=778
4.414157,ACK,778,17.168,49.961,100.000,797696,base=779
4.414216,ACK,779,17.227,50.189,100.000,798720,base=780
4.414251,ACK,780,17.285,50.371,100.000,799744,base=781
4.414658,SEND,789,17.285,50.371,100.000,799744,
4.414859,SEND,790,17.285,50.371,100.000,799744,
4.415053,SEND,791,17.285,50.371,100.000,799744,
4.415269,SEND,792,17.285,50.371,100.000,799744,
4.415515,SEND,793,17.285,50.371,100.000,799744,
4.415986,SEND,794,17.285,50.371,100.000,799744,
4.416311,SEND,795,17.285,50.371,100.000,799744,
4.416632,SEND,796,17.285,50.371,100.000,799744,
4.416874,SEND,797,17.285,50.371,100.000,799744,
4.429525,ACK,781,17.343,49.156,100.000,800768,base=782
4.429847,SEND,798,17.343,49.156,100.000,800768,
4.434122,ACK,782,17.400,48.125,100.000,801792,base=783
4.435575,SEND,799,17.400,48.125,100.000,801792,
4.443994,ACK,783,17.458,47.929,100.000,802816,base=784
4.445333,SEND,800,17.458,47.929,100.000,802816,
4.461130,ACK,784,17.515,48.659,100.000,803840,base=785
4.461205,ACK,785,17.572,49.286,100.000,804864,base=786
4.461241,ACK,787,17.629,49.792,100.000,805888,base=786
4.461452,NAK,786,17.629,,,805888,
4.461659,RETX,786,15.670,49.792,100.000,805888,retx#1
4.461734,ACK,788,15.734,49.732,100.000,806912,base=786
4.461780,ACK,789,15.798,49.405,100.000,807936,base=786
4.461987,RETX,786,15.798,49.405,100.000,807936,retx#2
4.462051,ACK,790,15.861,49.128,100.000,808960,base=786
4.462088,ACK,792,15.924,48.838,100.000,809984,base=786
4.462115,NAK,791,15.924,,,809984,
4.462306,RETX,791,15.924,48.838,100.000,809984,retx#1
4.462359,ACK,793,15.987,48.589,100.000,811008,base=786
4.462662,SEND,801,15.987,48.589,100.000,811008,
4.462871,SEND,802,15.987,48.589,100.000,811008,
4.463050,SEND,803,15.987,48.589,100.000,811008,
4.463223,SEND,804,15.987,48.589,100.000,811008,
4.463394,SEND,805,15.987,48.589,100.000,811008,
4.463564,SEND,806,15.987,48.589,100.000,811008,
4.463585,STATS,-1,15.987,48.589,100.000,811008,base=786 next=807 inflight=15
4.464244,ACK,794,16.049,48.546,100.000,812032,base=786
4.464297,ACK,795,16.112,48.475,100.000,813056,base=786
4.464333,ACK,796,16.174,48.378,100.000,814080,base=786
4.464412,ACK,797,16.236,48.272,100.000,815104,base=786
4.466150,SEND,807,16.236,48.272,100.000,815104,
4.466355,SEND,808,16.236,48.272,100.000,815104,
4.466581,SEND,809,16.236,48.272,100.000,815104,
4.466838,SEND,810,16.236,48.272,100.000,815104,
4.467166,SEND,811,16.236,48.272,100.000,815104,
4.475199,ACK,798,16.297,47.904,100.000,816128,base=786
4.476893,SEND,812,16.297,47.904,100.000,816128,
4.479931,ACK,799,16.359,47.457,100.000,817152,base=786
4.481329,SEND,813,16.359,47.457,100.000,817152,
4.487568,ACK,800,16.420,46.802,100.000,818176,base=786
4.489627,SEND,814,16.420,46.802,100.000,818176,
4.500875,ACK,786,16.481,46.802,100.000,819200,base=791
4.500954,ACK,791,16.541,46.802,100.000,820224,base=801
4.501998,SEND,815,16.541,46.802,100.000,820224,
4.502592,SEND,816,16.541,46.802,100.000,820224,
4.502793,ACK,801,16.602,45.966,100.000,821248,base=802
4.503837,ACK,802,16.662,45.338,100.000,822272,base=803
4.503902,ACK,803,16.722,44.776,100.000,823296,base=804
4.504851,SEND,817,16.722,44.776,100.000,823296,
4.505045,SEND,818,16.722,44.776,100.000,823296,
4.505218,SEND,819,16.722,44.776,100.000,823296,
4.507906,ACK,804,16.782,44.760,100.000,824320,base=805
4.508305,ACK,805,16.841,44.778,100.000,825344,base=806
4.508346,ACK,806,16.901,44.778,100.000,826368,base=807
4.509460,SEND,820,16.901,44.778,100.000,826368,
4.509643,SEND,821,16.901,44.778,100.000,826368,
4.509816,SEND,822,16.901,44.778,100.000,826368,
4.512040,ACK,807,16.960,44.915,100.000,827392,base=808
4.512098,ACK,808,17.019,45.018,100.000,828416,base=809
4.512133,ACK,810,17.078,45.052,100.000,829440,base=809
4.514295,SEND,823,17.078,45.052,100.000,829440,
4.514677,SEND,824,17.078,45.052,100.000,829440,
4.515076,SEND,825,17.078,45.052,100.000,829440,
4.515451,SEND,826,17.078,45.052,100.000,829440,
4.519174,ACK,811,17.136,45.919,100.000,830464,base=809
4.519235,ACK,812,17.194,45.472,100.000,831488,base=809
4.519488,RETX,809,15.284,45.472,100.000,831488,retx#1
4.519590,ACK,813,15.349,44.570,100.000,832512,base=809
4.522077,SEND,827,15.349,44.570,100.000,832512,
4.531767,ACK,814,15.415,44.264,100.000,833536,base=809
4.533014,SEND,828,15.415,44.264,100.000,833536,
4.550355,ACK,815,15.479,44.773,100.000,834560,base=809
4.550755,ACK,817,15.544,44.903,100.000,835584,base=809
4.550866,ACK,818,15.608,45.017,100.000,836608,base=809
4.550911,ACK,819,15.672,45.101,100.000,837632,base=809
4.550951,ACK,820,15.736,44.649,100.000,838656,base=809
4.550992,ACK,822,15.800,44.214,100.000,839680,base=809
4.552513,SEND,829,15.800,44.214,100.000,839680,
4.553016,SEND,830,15.800,44.214,100.000,839680,
4.553299,SEND,831,15.800,44.214,100.000,839680,
4.553613,SEND,832,15.800,44.214,100.000,839680,
4.553901,SEND,833,15.800,44.214,100.000,839680,
4.554206,SEND,834,15.800,44.214,100.000,839680,
4.555961,NAK,821,15.800,,,839680,
4.556204,RETX,821,15.800,44.214,100.000,839680,retx#1
4.561632,ACK,823,15.863,44.602,100.000,840704,base=809
4.561701,ACK,824,15.926,44.904,100.000,841728,base=809
4.561737,ACK,825,15.989,45.124,100.000,842752,base=809
4.562738,SEND,835,15.989,45.124,100.000,842752,
4.563009,SEND,836,15.989,45.124,100.000,842752,
4.563189,SEND,837,15.989,45.124,100.000,842752,
4.565341,STATS,-1,15.989,45.124,100.000,842752,base=809 next=838 inflight=15
4.568318,ACK,826,16.051,46.089,100.000,843776,base=809
4.568387,ACK,809,16.114,46.089,100.000,844800,base=816
4.568474,ACK,827,16.176,46.121,100.000,845824,base=816
4.570561,SEND,838,16.176,46.121,100.000,845824,
4.570759,SEND,839,16.176,46.121,100.000,845824,
4.571522,SEND,840,16.176,46.121,100.000,845824,
4.571712,SEND,841,16.176,46.121,100.000,845824,
4.572703,ACK,828,16.238,45.315,100.000,846848,base=816
4.573963,SEND,842,16.238,45.315,100.000,846848,
4.591683,ACK,829,16.299,44.541,100.000,847872,base=816
4.591936,RETX,816,16.299,44.541,100.000,847872,retx#1
4.592331,SEND,843,16.299,44.541,100.000,847872,
4.599517,ACK,830,16.361,44.790,100.000,848896,base=816
4.599560,NAK,816,16.361,,,848896,
4.600522,SEND,844,16.361,44.790,100.000,848896,
4.604783,ACK,831,16.422,45.625,100.000,849920,base=816
4.604834,ACK,832,16.483,46.324,100.000,850944,base=816
4.604861,ACK,833,16.543,46.903,100.000,851968,base=816
4.604884,ACK,834,16.604,47.375,100.000,852992,base=816
4.604906,ACK,821,16.664,47.375,100.000,854016,base=816
4.604929,ACK,836,16.724,46.693,100.000,855040,base=816
4.606703,SEND,845,16.724,46.693,100.000,855040,
4.606861,SEND,846,16.724,46.693,100.000,855040,
4.607010,SEND,847,16.724,46.693,100.000,855040,
4.607161,SEND,848,16.724,46.693,100.000,855040,
4.607373,SEND,849,16.724,46.693,100.000,855040,
4.607523,SEND,850,16.724,46.693,100.000,855040,
4.607747,NAK,835,16.724,,,855040,
4.607938,RETX,835,16.724,46.693,100.000,855040,retx#1
4.613640,ACK,838,16.784,46.240,100.000,856064,base=816
4.613680,NAK,837,16.784,,,856064,
4.613835,RETX,837,16.784,46.240,100.000,856064,retx#1
4.613903,ACK,839,16.843,45.853,100.000,857088,base=816
4.613932,ACK,840,16.903,45.422,100.000,858112,base=816
4.615561,SEND,851,16.903,45.422,100.000,858112,
4.615689,SEND,852,16.903,45.422,100.000,858112,
4.615816,SEND,853,16.903,45.422,100.000,858112,
4.623919,ACK,841,16.962,46.269,100.000,859136,base=816
4.623955,ACK,842,17.021,46.735,100.000,860160,base=816
4.625850,SEND,854,17.021,46.735,100.000,860160,
4.625979,SEND,855,17.021,46.735,100.000,860160,
4.626105,SEND,856,17.021,46.735,100.000,860160,
4.630516,ACK,816,17.080,46.735,100.000,861184,base=835
4.631829,SEND,857,17.080,46.735,100.000,861184,
4.634726,ACK,843,17.138,46.192,100.000,862208,base=835
4.635723,SEND,858,17.138,46.192,100.000,862208,
4.652323,ACK,844,17.196,46.891,100.000,863232,base=835
4.652634,SEND,859,17.196,46.891,100.000,863232,
4.658041,ACK,846,17.255,47.426,100.000,864256,base=835
4.658219,RETX,835,15.337,47.426,100.000,864256,retx#2
4.658303,ACK,847,15.403,47.909,100.000,865280,base=835
4.658333,ACK,848,15.468,48.316,100.000,866304,base=835
4.660291,ACK,849,15.532,48.891,100.000,867328,base=835
4.660321,ACK,850,15.597,49.379,100.000,868352,base=835
4.660552,SEND,860,15.597,49.379,100.000,868352,
4.660735,SEND,861,15.597,49.379,100.000,868352,
4.660913,SEND,862,15.597,49.379,100.000,868352,
4.661022,ACK,835,15.661,49.379,100.000,869376,base=837
4.661074,ACK,837,15.725,49.379,100.000,870400,base=845
4.661104,ACK,851,15.788,48.899,100.000,871424,base=845
4.661131,ACK,852,15.852,48.466,100.000,872448,base=845
4.663228,SEND,863,15.852,48.466,100.000,872448,
4.663414,SEND,864,15.852,48.466,100.000,872448,
4.663593,SEND,865,15.852,48.466,100.000,872448,
4.663771,SEND,866,15.852,48.466,100.000,872448,
4.664565,ACK,853,15.915,48.501,100.000,873472,base=845
4.664762,RETX,845,15.915,48.501,100.000,873472,retx#1
4.666091,SEND,867,15.915,48.501,100.000,873472,
4.666116,STATS,-1,15.915,48.501,100.000,873472,base=845 next=868 inflight=15
4.672576,ACK,854,15.977,48.278,100.000,874496,base=845
4.672610,ACK,855,16.040,48.072,100.000,875520,base=845
4.672638,ACK,856,16.102,47.879,100.000,876544,base=845
4.674698,SEND,868,16.102,47.879,100.000,876544,
4.674880,SEND,869,16.102,47.879,100.000,876544,
4.675058,SEND,870,16.102,47.879,100.000,876544,
4.675237,SEND,871,16.102,47.879,100.000,876544,
4.678645,NAK,857,16.102,,,876544,
4.678844,RETX,857,16.102,47.879,100.000,876544,retx#1
4.699695,ACK,859,16.164,47.775,100.000,877568,base=845
4.700701,DUPACK,835,16.164,,,877568,
4.701165,SEND,872,16.164,47.775,100.000,877568,
4.703613,ACK,861,16.226,47.162,100.000,878592,base=845
4.705500,SEND,873,16.226,47.162,100.000,878592,
4.707631,ACK,862,16.288,47.103,100.000,879616,base=845
4.707929,SEND,874,16.288,47.103,100.000,879616,
4.711710,ACK,864,16.349,47.249,100.000,880640,base=845
4.712038,SEND,875,16.349,47.249,100.000,880640,
4.712120,ACK,865,16.411,47.407,100.000,881664,base=845
4.712191,ACK,866,16.471,47.533,100.000,882688,base=845
4.712235,ACK,845,16.532,47.533,100.000,883712,base=857
4.712270,ACK,867,16.593,47.365,100.000,884736,base=857
4.714375,SEND,876,16.593,47.365,100.000,884736,
4.714627,SEND,877,16.593,47.365,100.000,884736,
4.714802,SEND,878,16.593,47.365,100.000,884736,
4.714976,SEND,879,16.593,47.365,100.000,884736,
4.725260,ACK,868,16.653,47.761,100.000,885760,base=857
4.725722,SEND,880,16.653,47.761,100.000,885760,
4.725813,ACK,869,16.713,48.156,100.000,886784,base=857
4.726096,RETX,857,16.713,48.156,100.000,886784,retx#2
4.726218,ACK,870,16.773,48.530,100.000,887808,base=857
4.726272,ACK,871,16.832,48.842,100.000,888832,base=857
4.726314,ACK,857,16.892,48.842,100.000,889856,base=858
4.727853,SEND,881,16.892,48.842,100.000,889856,
4.728081,SEND,882,16.892,48.842,100.000,889856,
4.728292,SEND,883,16.892,48.842,100.000,889856,
4.728525,SEND,884,16.892,48.842,100.000,889856,
4.736490,ACK,872,16.951,47.149,100.000,890880,base=858
4.737637,SEND,885,16.951,47.149,100.000,890880,
4.737665,TIMEOUT,858,16.951,47.149,200.000,890880,
4.737883,RETX,858,16.951,47.149,200.000,890880,retx#1
4.754307,ACK,874,17.010,47.050,100.000,891904,base=858
4.755240,SEND,886,17.010,47.050,100.000,891904,
4.755458,SEND,887,17.010,47.050,100.000,891904,
4.755560,NAK,873,17.010,,,891904,
4.755799,RETX,873,17.010,47.050,100.000,891904,retx#1
4.755888,ACK,875,17.069,46.648,100.000,892928,base=858
4.756120,RETX,858,17.069,46.648,100.000,892928,retx#2
4.756190,ACK,876,17.127,46.044,100.000,893952,base=858
4.757716,SEND,888,17.127,46.044,100.000,893952,
4.758008,SEND,889,17.127,46.044,100.000,893952,
4.761693,TIMEOUT,860,17.127,46.044,200.000,893952,
4.761990,RETX,860,17.127,46.044,200.000,893952,retx#1
4.763063,ACK,878,17.186,46.318,100.000,894976,base=858
4.763118,NAK,877,17.186,,,894976,
4.763328,RETX,877,17.186,46.318,100.000,894976,retx#1
4.763406,ACK,879,17.244,46.581,100.000,896000,base=858
4.763460,ACK,880,17.302,45.475,100.000,897024,base=858
4.764458,SEND,890,17.302,45.475,100.000,897024,
4.764677,SEND,891,17.302,45.475,100.000,897024,
4.764923,SEND,892,17.302,45.475,100.000,897024,
4.764948,TIMEOUT,863,17.302,45.475,200.000,897024,
4.765133,RETX,863,17.302,45.475,200.000,897024,retx#1
4.766177,DUPACK,857,17.302,,,897024,
4.768140,STATS,-1,17.302,45.475,200.000,897024,base=858 next=893 inflight=17
4.769196,ACK,881,17.360,44.929,100.000,898048,base=858
4.771254,SEND,893,17.360,44.929,100.000,898048,
4.773042,ACK,882,17.417,44.929,100.000,899072,base=858
4.773123,ACK,883,17.475,44.916,100.000,900096,base=858
4.773409,SEND,894,17.475,44.916,100.000,900096,
4.773643,SEND,895,17.475,44.916,100.000,900096,
4.776060,ACK,884,17.532,45.240,100.000,901120,base=858
4.777753,SEND,896,17.532,45.240,100.000,901120,
4.778150,ACK,885,17.589,44.647,100.000,902144,base=858
4.779436,ACK,858,17.646,44.647,100.000,903168,base=860
4.780096,SEND,897,17.646,44.647,100.000,903168,
4.780383,SEND,898,17.646,44.647,100.000,903168,
4.787617,ACK,886,17.703,43.110,100.000,904192,base=860
4.789611,SEND,899,17.703,43.110,100.000,904192,
4.801918,ACK,887,17.759,43.525,100.000,905216,base=860
4.802078,NAK,873,17.759,,,905216,
4.802421,RETX,873,15.786,43.525,100.000,905216,retx#2
4.802621,ACK,888,15.849,43.697,100.000,906240,base=860
4.802896,RETX,860,15.849,43.697,100.000,906240,retx#2
4.803084,ACK,889,15.912,43.868,100.000,907264,base=860
4.804163,SEND,900,15.912,43.868,100.000,907264,
4.811202,ACK,860,15.975,43.868,100.000,908288,base=863
4.811263,ACK,877,16.038,43.868,100.000,909312,base=863
4.811312,ACK,890,16.100,44.242,100.000,910336,base=863
4.813068,SEND,901,16.100,44.242,100.000,910336,
4.813312,SEND,902,16.100,44.242,100.000,910336,
4.813521,SEND,903,16.100,44.242,100.000,910336,
4.813734,SEND,904,16.100,44.242,100.000,910336,
4.815836,ACK,892,16.162,45.072,100.000,911360,base=863
4.816283,RETX,863,16.162,45.072,100.000,911360,retx#2
4.816369,NAK,891,16.162,,,911360,
4.817862,RETX,891,16.162,45.072,100.000,911360,retx#1
4.818289,ACK,863,16.224,45.072,100.000,912384,base=873
4.819074,SEND,905,16.224,45.072,100.000,912384,
4.819354,SEND,906,16.224,45.072,100.000,912384,
4.819527,ACK,893,16.286,45.470,100.000,913408,base=873
4.819729,ACK,895,16.347,45.546,100.000,914432,base=873
4.819767,NAK,894,16.347,,,914432,
4.820211,RETX,894,16.347,45.546,100.000,914432,retx#1
4.820324,ACK,896,16.408,45.173,100.000,915456,base=873
4.820589,RETX,873,16.408,45.173,100.000,915456,retx#3
4.820700,ACK,897,16.469,44.603,100.000,916480,base=873
4.821621,SEND,907,16.469,44.603,100.000,916480,
4.821858,SEND,908,16.469,44.603,100.000,916480,
4.822086,SEND,909,16.469,44.603,100.000,916480,
4.822313,SEND,910,16.469,44.603,100.000,916480,
4.824935,ACK,898,16.530,44.595,100.000,917504,base=873
4.826531,SEND,911,16.530,44.595,100.000,917504,
4.833819,ACK,899,16.590,44.546,100.000,918528,base=873
4.836379,SEND,912,16.590,44.546,100.000,918528,
4.838774,ACK,873,16.651,44.546,100.000,919552,base=891
4.840727,SEND,913,16.651,44.546,100.000,919552,
4.843799,ACK,900,16.711,43.930,100.000,920576,base=891
4.845030,SEND,914,16.711,43.930,100.000,920576,
4.864675,ACK,901,16.771,44.886,100.000,921600,base=891
4.864763,ACK,902,16.830,45.706,100.000,922624,base=891
4.865098,RETX,891,16.830,45.706,100.000,922624,retx#2
4.865200,ACK,903,16.890,46.451,100.000,923648,base=891
4.865250,ACK,904,16.949,47.084,100.000,924672,base=891
4.865287,NAK,891,16.949,,,924672,
4.865329,DUPACK,863,16.949,,,924672,
4.865368,ACK,891,17.008,47.084,100.000,925696,base=894
4.866830,SEND,915,17.008,47.084,100.000,925696,
4.867061,SEND,916,17.008,47.084,100.000,925696,
4.867505,SEND,917,17.008,47.084,100.000,925696,
4.867731,SEND,918,17.008,47.084,100.000,925696,
4.868053,SEND,919,17.008,47.084,100.000,925696,
4.868361,SEND,920,17.008,47.084,100.000,925696,
4.868403,STATS,-1,17.008,47.084,100.000,925696,base=894 next=921 inflight=17
4.870207,ACK,905,17.067,47.588,100.000,926720,base=894
4.870269,NAK,894,17.067,,,926720,
4.870533,RETX,894,17.067,47.588,100.000,926720,retx#2
4.870580,ACK,906,17.125,48.042,100.000,927744,base=894
4.870628,ACK,894,17.184,48.042,100.000,928768,base=907
4.870867,SEND,921,17.184,48.042,100.000,928768,
4.871345,SEND,922,17.184,48.042,100.000,928768,
4.871584,SEND,923,17.184,48.042,100.000,928768,
4.871634,DUPACK,873,17.184,,,928768,
4.871716,ACK,907,17.242,48.297,100.000,929792,base=908
4.871761,ACK,908,17.300,48.497,100.000,930816,base=909
4.871798,ACK,909,17.358,48.649,100.000,931840,base=910
4.871832,ACK,910,17.415,48.757,100.000,932864,base=911
4.873698,SEND,924,17.415,48.757,100.000,932864,
4.873927,SEND,925,17.415,48.757,100.000,932864,
4.874150,SEND,926,17.415,48.757,100.000,932864,
4.874377,SEND,927,17.415,48.757,100.000,932864,
4.879754,ACK,911,17.473,49.314,100.000,933888,base=912
4.879798,ACK,912,17.530,48.577,100.000,934912,base=913
4.880212,SEND,928,17.530,48.577,100.000,934912,
4.880443,SEND,929,17.530,48.577,100.000,934912,
4.882027,ACK,913,17.587,47.665,100.000,935936,base=914
4.883850,SEND,930,17.587,47.665,100.000,935936,
4.894750,ACK,914,17.644,47.921,100.000,936960,base=915
4.895326,SEND,931,17.644,47.921,100.000,936960,
4.913112,DUPACK,891,17.644,,,936960,
4.913195,ACK,915,17.700,47.725,100.000,937984,base=916
4.913240,ACK,916,17.757,47.531,100.000,939008,base=917
4.913280,ACK,917,17.813,47.311,100.000,940032,base=918
4.913317,ACK,918,17.869,47.095,100.000,941056,base=919
4.913350,ACK,920,17.925,46.831,100.000,942080,base=919
4.913382,DUPACK,894,17.925,,,942080,
4.913414,ACK,921,17.981,46.295,100.000,943104,base=919
4.913484,ACK,922,18.037,45.775,100.000,944128,base=919
4.913710,RETX,919,16.033,45.775,100.000,944128,retx#1
4.914331,SEND,932,16.033,45.775,100.000,944128,
4.914519,SEND,933,16.033,45.775,100.000,944128,
4.914737,SEND,934,16.033,45.775,100.000,944128,
4.914920,SEND,935,16.033,45.775,100.000,944128,
4.915104,SEND,936,16.033,45.775,100.000,944128,
4.915277,SEND,937,16.033,45.775,100.000,944128,
4.916320,ACK,923,16.095,45.643,100.000,945152,base=919
4.917975,SEND,938,16.095,45.643,100.000,945152,
4.920950,ACK,924,16.157,45.841,100.000,946176,base=919
4.922631,SEND,939,16.157,45.841,100.000,946176,
4.923058,ACK,925,16.219,46.250,100.000,947200,base=919
4.923118,ACK,927,16.281,46.561,100.000,948224,base=919
4.923155,NAK,926,16.281,,,948224,
4.923374,RETX,926,16.281,46.561,100.000,948224,retx#1
4.923456,ACK,928,16.342,46.145,100.000,949248,base=919
4.924875,SEND,940,16.342,46.145,100.000,949248,
4.925073,SEND,941,16.342,46.145,100.000,949248,
4.925243,SEND,942,16.342,46.145,100.000,949248,
4.928547,ACK,929,16.403,46.386,100.000,950272,base=919
4.929626,SEND,943,16.403,46.386,100.000,950272,
4.931705,ACK,930,16.464,46.567,100.000,951296,base=919
4.933749,SEND,944,16.464,46.567,100.000,951296,
4.944511,ACK,931,16.525,46.891,100.000,952320,base=919
4.945543,SEND,945,16.525,46.891,100.000,952320,
4.963030,ACK,919,16.586,46.891,100.000,953344,base=926
4.963125,ACK,932,16.646,47.127,100.000,954368,base=926
4.963181,ACK,933,16.706,47.318,100.000,955392,base=926
4.963554,SEND,946,16.706,47.318,100.000,955392,
4.963775,SEND,947,16.706,47.318,100.000,955392,
4.964025,SEND,948,16.706,47.318,100.000,955392,
4.964105,ACK,935,16.766,47.550,100.000,956416,base=926
4.964334,RETX,926,16.766,47.550,100.000,956416,retx#2
4.966400,SEND,949,16.766,47.550,100.000,956416,
4.968502,STATS,-1,16.766,47.550,100.000,956416,base=926 next=950 inflight=16
4.968799,ACK,936,16.825,48.306,100.000,957440,base=926
4.968896,ACK,937,16.885,48.969,100.000,958464,base=926
4.968988,ACK,938,16.944,49.224,100.000,959488,base=926
4.969033,ACK,939,17.003,48.871,100.000,960512,base=926
4.969526,ACK,926,17.062,48.871,100.000,961536,base=934
4.971415,SEND,950,17.062,48.871,100.000,961536,
4.971749,SEND,951,17.062,48.871,100.000,961536,
4.971976,SEND,952,17.062,48.871,100.000,961536,
4.972185,SEND,953,17.062,48.871,100.000,961536,
4.972470,SEND,954,17.062,48.871,100.000,961536,
4.972690,SEND,955,17.062,48.871,100.000,961536,
4.972849,ACK,940,17.121,48.757,100.000,962560,base=934
4.975043,SEND,956,17.121,48.757,100.000,962560,
4.975212,ACK,941,17.179,48.927,100.000,963584,base=934
4.975278,ACK,942,17.237,49.064,100.000,964608,base=934
4.975520,RETX,934,15.322,49.064,100.000,964608,retx#1
4.982769,ACK,943,15.387,49.574,100.000,965632,base=934
4.982922,ACK,944,15.452,49.523,100.000,966656,base=934
4.983605,SEND,957,15.452,49.523,100.000,966656,
4.983838,SEND,958,15.452,49.523,100.000,966656,
4.988036,ACK,945,15.517,48.642,100.000,967680,base=934
4.988818,SEND,959,15.517,48.642,100.000,967680,
5.010939,ACK,946,15.581,48.481,100.000,968704,base=934
5.012566,ACK,947,15.646,48.517,100.000,969728,base=934
5.012649,ACK,948,15.709,48.529,100.000,970752,base=934
5.013203,SEND,960,15.709,48.529,100.000,970752,
5.013483,SEND,961,15.709,48.529,100.000,970752,
5.013752,SEND,962,15.709,48.529,100.000,970752,
5.017431,DUPACK,926,15.709,,,970752,
5.017590,ACK,949,15.773,48.856,100.000,971776,base=934
5.017671,ACK,950,15.836,48.531,100.000,972800,base=934
5.017728,ACK,951,15.900,48.211,100.000,973824,base=934
5.019002,SEND,963,15.900,48.211,100.000,973824,
5.019228,SEND,964,15.900,48.211,100.000,973824,
5.019499,SEND,965,15.900,48.211,100.000,973824,
5.019632,ACK,952,15.963,48.140,100.000,974848,base=934
5.019747,ACK,953,16.025,48.067,100.000,975872,base=934
5.019889,ACK,954,16.088,47.985,100.000,976896,base=934
5.019930,ACK,955,16.150,47.892,100.000,977920,base=934
5.021931,SEND,966,16.150,47.892,100.000,977920,
5.022159,SEND,967,16.150,47.892,100.000,977920,
5.022369,SEND,968,16.150,47.892,100.000,977920,
5.022575,SEND,969,16.150,47.892,100.000,977920,
5.022779,SEND,970,16.150,47.892,100.000,977920,
5.026211,ACK,956,16.212,48.296,100.000,978944,base=934
5.026299,ACK,934,16.273,48.296,100.000,979968,base=957
5.027576,SEND,971,16.273,48.296,100.000,979968,
5.027803,SEND,972,16.273,48.296,100.000,979968,
5.038268,ACK,957,16.335,49.091,100.000,980992,base=958
5.039593,ACK,958,16.396,49.920,100.000,982016,base=959
5.040065,SEND,973,16.396,49.920,100.000,982016,
5.040254,SEND,974,16.396,49.920,100.000,982016,
5.040323,ACK,959,16.457,50.117,100.000,983040,base=960
5.042374,SEND,975,16.457,50.117,100.000,983040,
5.060493,ACK,960,16.518,49.759,100.000,984064,base=961
5.060945,SEND,976,16.518,49.759,100.000,984064,
5.062396,ACK,961,16.578,49.651,100.000,985088,base=962
5.062457,ACK,962,16.639,49.532,100.000,986112,base=963
5.062501,ACK,963,16.699,48.777,100.000,987136,base=964
5.062543,ACK,964,16.759,48.094,100.000,988160,base=965
5.062584,ACK,965,16.818,47.467,100.000,989184,base=966
5.062822,SEND,977,16.818,47.467,100.000,989184,
5.063060,SEND,978,16.818,47.467,100.000,989184,
5.063311,SEND,979,16.818,47.467,100.000,989184,
5.063542,SEND,980,16.818,47.467,100.000,989184,
5.063751,SEND,981,16.818,47.467,100.000,989184,
5.064742,ACK,966,16.878,46.883,100.000,990208,base=967
5.066394,SEND,982,16.878,46.883,100.000,990208,
5.068091,ACK,967,16.937,46.760,100.000,991232,base=968
5.068864,SEND,983,16.937,46.760,100.000,991232,
5.069050,STATS,-1,16.937,46.760,100.000,991232,base=968 next=984 inflight=16
5.069158,ACK,968,16.996,46.762,100.000,992256,base=969
5.069234,ACK,969,17.055,46.748,100.000,993280,base=970
5.069328,ACK,970,17.114,46.721,100.000,994304,base=971
5.069428,ACK,971,17.172,46.112,100.000,995328,base=972
5.071766,SEND,984,17.172,46.112,100.000,995328,
5.072005,SEND,985,17.172,46.112,100.000,995328,
5.072213,SEND,986,17.172,46.112,100.000,995328,
5.072420,SEND,987,17.172,46.112,100.000,995328,
5.072634,SEND,988,17.172,46.112,100.000,995328,
5.078745,ACK,972,17.230,46.711,100.000,996352,base=973
5.080621,SEND,989,17.230,46.711,100.000,996352,
5.081129,ACK,973,17.288,46.002,100.000,997376,base=974
5.082926,SEND,990,17.288,46.002,100.000,997376,
5.083149,ACK,974,17.346,45.610,100.000,998400,base=975
5.083272,ACK,975,17.404,45.021,100.000,999424,base=976
5.085091,SEND,991,17.404,45.021,100.000,999424,
5.085414,SEND,992,17.404,45.021,100.000,999424,
5.101239,ACK,976,17.461,44.409,100.000,1000448,base=977
5.102363,SEND,993,17.461,44.409,100.000,1000448,
5.109300,ACK,978,17.518,44.634,100.000,1001472,base=977
5.110467,SEND,994,17.518,44.634,100.000,1001472,
5.115494,NAK,977,17.518,,,1001472,
5.115889,RETX,977,15.572,44.634,100.000,1001472,retx#1
5.116038,ACK,980,15.636,45.614,100.000,1002496,base=977
5.116120,ACK,981,15.700,46.457,100.000,1003520,base=977
5.116514,RETX,977,15.700,46.457,100.000,1003520,retx#2
5.118405,ACK,982,15.764,47.149,100.000,1004544,base=977
5.118522,ACK,983,15.827,47.463,100.000,1005568,base=977
5.119686,SEND,995,15.827,47.463,100.000,1005568,
5.120022,SEND,996,15.827,47.463,100.000,1005568,
5.120857,ACK,984,15.890,47.665,100.000,1006592,base=977
5.122545,SEND,997,15.890,47.665,100.000,1006592,
5.126140,ACK,985,15.953,48.470,100.000,1007616,base=977
5.126219,ACK,986,16.016,49.161,100.000,1008640,base=977
5.126263,ACK,987,16.078,49.746,100.000,1009664,base=977
5.126340,ACK,988,16.141,50.240,100.000,1010688,base=977
5.126399,ACK,989,16.203,49.682,100.000,1011712,base=977
5.127336,SEND,998,16.203,49.682,100.000,1011712,
5.127632,SEND,999,16.203,49.682,100.000,1011712,
5.127858,SEND,1000,16.203,49.682,100.000,1011712,
5.128069,SEND,1001,16.203,49.682,100.000,1011712,
5.128278,SEND,1002,16.203,49.682,100.000,1011712,
5.128482,SEND,1003,16.203,49.682,100.000,1011712,
5.134902,ACK,990,16.264,49.967,100.000,1012736,base=977
5.134972,ACK,991,16.326,49.956,100.000,1013760,base=977
5.135034,ACK,992,16.387,49.913,100.000,1014784,base=977
5.137162,SEND,1004,16.387,49.913,100.000,1014784,
5.137491,SEND,1005,16.387,49.913,100.000,1014784,
5.137714,SEND,1006,16.387,49.913,100.000,1014784,
5.154638,ACK,993,16.448,50.174,100.000,1015808,base=977
5.155131,SEND,1007,16.448,50.174,100.000,1015808,
5.159769,ACK,994,16.509,50.062,100.000,1016832,base=977
5.159854,ACK,977,16.569,50.062,100.000,1017856,base=979
5.159885,DUPACK,977,16.569,,,1017856,
5.161064,ACK,995,16.630,48.974,100.000,1018880,base=979
5.161123,ACK,996,16.690,47.989,100.000,1019904,base=979
5.161496,SEND,1008,16.690,47.989,100.000,1019904,
5.161677,SEND,1009,16.690,47.989,100.000,1019904,
5.161854,SEND,1010,16.690,47.989,100.000,1019904,
5.162352,SEND,1011,16.690,47.989,100.000,1019904,
5.164461,TIMEOUT,979,16.690,47.989,200.000,1019904,
5.164776,RETX,979,16.690,47.989,200.000,1019904,retx#1
5.169773,STATS,-1,16.690,47.989,200.000,1019904,base=979 next=1012 inflight=16
5.170474,ACK,997,16.750,47.980,100.000,1020928,base=979
5.172024,RETX,979,16.750,47.980,100.000,1020928,retx#2
5.172382,SEND,1012,16.750,47.980,100.000,1020928,
5.172456,ACK,998,16.810,47.621,100.000,1021952,base=979
5.172534,ACK,999,16.869,47.281,100.000,1022976,base=979
5.174624,SEND,1013,16.869,47.281,100.000,1022976,
5.174857,SEND,1014,16.869,47.281,100.000,1022976,
5.175979,ACK,1000,16.928,47.384,100.000,1024000,base=979
5.176031,ACK,1001,16.987,47.456,100.000,1025024,base=979
5.176069,ACK,1002,17.046,47.497,100.000,1026048,base=979
5.176103,ACK,1003,17.105,47.512,100.000,1027072,base=979
5.177083,SEND,1015,17.105,47.512,100.000,1027072,
5.177315,SEND,1016,17.105,47.512,100.000,1027072,
5.177542,SEND,1017,17.105,47.512,100.000,1027072,
5.177768,SEND,1018,17.105,47.512,100.000,1027072,
5.177994,SEND,1019,17.105,47.512,100.000,1027072,
5.178639,ACK,1004,17.163,46.757,100.000,1028096,base=979
5.180101,SEND,1020,17.163,46.757,100.000,1028096,
5.188972,ACK,1005,17.222,47.345,100.000,1029120,base=979
5.189098,ACK,1006,17.280,47.849,100.000,1030144,base=979
5.189976,SEND,1021,17.280,47.849,100.000,1030144,
5.190240,SEND,1022,17.280,47.849,100.000,1030144,
5.198381,ACK,1007,17.338,47.273,100.000,1031168,base=979
5.200124,SEND,1023,17.338,47.273,100.000,1031168,
5.202384,ACK,1008,17.395,46.474,100.000,1032192,base=979
5.203785,SEND,1024,17.395,46.474,100.000,1032192,
5.204914,ACK,1009,17.453,46.068,100.000,1033216,base=979
5.204956,ACK,1010,17.510,45.697,100.000,1034240,base=979
5.205030,ACK,1011,17.567,45.319,100.000,1035264,base=979
5.205881,SEND,1025,17.567,45.319,100.000,1035264,
5.206065,SEND,1026,17.567,45.319,100.000,1035264,
5.206245,SEND,1027,17.567,45.319,100.000,1035264,
5.208765,ACK,979,17.624,45.319,100.000,1036288,base=1012
5.209950,SEND,1028,17.624,45.319,100.000,1036288,
5.210651,DUPACK,979,17.624,,,1036288,
5.219375,ACK,1012,17.681,45.526,100.000,1037312,base=1013
5.221626,SEND,1029,17.681,45.526,100.000,1037312,
5.224109,ACK,1014,17.737,45.990,100.000,1038336,base=1013
5.225669,SEND,1030,17.737,45.990,100.000,1038336,
5.227987,ACK,1015,17.794,46.603,100.000,1039360,base=1013
5.228231,ACK,1016,17.850,47.141,100.000,1040384,base=1013
5.228444,RETX,1013,15.867,47.141,100.000,1040384,retx#1
5.228517,ACK,1017,15.930,47.619,100.000,1041408,base=1013
5.228556,ACK,1018,15.992,48.015,100.000,1042432,base=1013
5.229137,ACK,1019,16.055,48.405,100.000,1043456,base=1013
5.229165,ACK,1020,16.117,48.487,100.000,1044480,base=1013
5.229587,SEND,1031,16.117,48.487,100.000,1044480,
5.229742,SEND,1032,16.117,48.487,100.000,1044480,
5.229890,SEND,1033,16.117,48.487,100.000,1044480,
5.230037,SEND,1034,16.117,48.487,100.000,1044480,
5.230183,SEND,1035,16.117,48.487,100.000,1044480,
5.231665,ACK,1021,16.179,47.637,100.000,1045504,base=1013
5.231693,ACK,1022,16.241,46.864,100.000,1046528,base=1013
5.232337,SEND,1036,16.241,46.864,100.000,1046528,
5.232954,SEND,1037,16.241,46.864,100.000,1046528,
5.245741,ACK,1023,16.303,46.703,100.000,1047552,base=1013
5.245822,ACK,1024,16.364,46.119,100.000,1048576,base=1013
5.247081,SEND,1038,16.364,46.119,100.000,1048576,
5.247267,SEND,1039,16.364,46.119,100.000,1048576,
5.248971,ACK,1025,16.425,45.738,100.000,1049600,base=1013
5.250034,ACK,1027,16.486,45.492,100.000,1050624,base=1013
5.250294,SEND,1040,16.486,45.492,100.000,1050624,
5.250493,SEND,1041,16.486,45.492,100.000,1050624,
5.250569,NAK,1026,16.486,,,1050624,
5.250808,RETX,1026,16.486,45.492,100.000,1050624,retx#1
5.250915,ACK,1028,16.547,44.925,100.000,1051648,base=1013
5.252768,SEND,1042,16.547,44.925,100.000,1051648,
5.268008,ACK,1029,16.607,45.107,100.000,1052672,base=1013
5.268794,SEND,1043,16.607,45.107,100.000,1052672,
5.270791,STATS,-1,16.607,45.107,100.000,1052672,base=1013 next=1044 inflight=16
5.270846,ACK,1013,16.667,45.107,100.000,1053696,base=1026
5.272914,SEND,1044,16.667,45.107,100.000,1053696,
5.276541,ACK,1031,16.727,45.336,100.000,1054720,base=1026
5.276573,ACK,1032,16.787,45.523,100.000,1055744,base=1026
5.276594,ACK,1033,16.847,45.670,100.000,1056768,base=1026
5.276742,RETX,1026,16.847,45.670,100.000,1056768,retx#2
5.276801,ACK,1034,16.906,45.806,100.000,1057792,base=1026
5.276835,ACK,1035,16.965,45.911,100.000,1058816,base=1026
5.276857,ACK,1036,17.024,45.737,100.000,1059840,base=1026
5.277000,SEND,1045,17.024,45.737,100.000,1059840,
5.277129,SEND,1046,17.024,45.737,100.000,1059840,
5.277254,SEND,1047,17.024,45.737,100.000,1059840,
5.277380,SEND,1048,17.024,45.737,100.000,1059840,
5.277505,SEND,1049,17.024,45.737,100.000,1059840,
5.277631,SEND,1050,17.024,45.737,100.000,1059840,
5.277757,SEND,1051,17.024,45.737,100.000,1059840,
5.281995,ACK,1037,17.083,46.146,100.000,1060864,base=1026
5.283476,SEND,1052,17.083,46.146,100.000,1060864,
5.289825,ACK,1038,17.141,45.719,100.000,1061888,base=1026
5.289862,ACK,1040,17.200,44.950,100.000,1062912,base=1026
5.290054,NAK,1039,17.200,,,1062912,
5.290212,RETX,1039,17.200,44.950,100.000,1062912,retx#1
5.290661,SEND,1053,17.200,44.950,100.000,1062912,
5.290794,SEND,1054,17.200,44.950,100.000,1062912,
5.290853,ACK,1041,17.258,44.376,100.000,1063936,base=1026
5.292782,SEND,1055,17.258,44.376,100.000,1063936,
5.301876,ACK,1042,17.316,44.966,100.000,1064960,base=1026
5.302070,SEND,1056,17.316,44.966,100.000,1064960,
5.311943,ACK,1043,17.374,44.737,100.000,1065984,base=1026
5.313358,SEND,1057,17.374,44.737,100.000,1065984,
5.314144,ACK,1044,17.431,44.298,100.000,1067008,base=1026
5.315352,SEND,1058,17.431,44.298,100.000,1067008,
5.316734,ACK,1026,17.489,44.298,100.000,1068032,base=1030
5.317356,SEND,1059,17.489,44.298,100.000,1068032,
5.318858,ACK,1045,17.546,43.991,100.000,1069056,base=1030
5.319416,SEND,1060,17.546,43.991,100.000,1069056,
5.322169,ACK,1046,17.603,44.121,100.000,1070080,base=1030
5.322201,ACK,1047,17.660,44.224,100.000,1071104,base=1030
5.322364,RETX,1030,17.660,44.224,100.000,1071104,retx#1
5.323290,SEND,1061,17.660,44.224,100.000,1071104,
5.323422,SEND,1062,17.660,44.224,100.000,1071104,
5.324796,ACK,1048,17.716,44.623,100.000,1072128,base=1030
5.324824,ACK,1049,17.773,44.959,100.000,1073152,base=1030
5.324846,ACK,1050,17.829,45.241,100.000,1074176,base=1030
5.324866,ACK,1051,17.885,45.474,100.000,1075200,base=1030
5.324885,ACK,1052,17.941,44.966,100.000,1076224,base=1030
5.325354,SEND,1063,17.941,44.966,100.000,1076224,
5.325484,SEND,1064,17.941,44.966,100.000,1076224,
5.325609,SEND,1065,17.941,44.966,100.000,1076224,
5.325735,SEND,1066,17.941,44.966,100.000,1076224,
5.325863,SEND,1067,17.941,44.966,100.000,1076224,
5.331558,ACK,1039,17.997,44.966,100.000,1077248,base=1030
5.331590,ACK,1053,18.052,44.461,100.000,1078272,base=1030
5.332130,ACK,1054,18.108,44.069,100.000,1079296,base=1030
5.333490,SEND,1068,18.108,44.069,100.000,1079296,
5.333623,SEND,1069,18.108,44.069,100.000,1079296,
5.333750,SEND,1070,18.108,44.069,100.000,1079296,
5.333875,SEND,1071,18.108,44.069,100.000,1079296,
5.339748,ACK,1055,18.163,44.429,100.000,1080320,base=1030
5.341057,SEND,1072,18.163,44.429,100.000,1080320,
5.346957,ACK,1056,18.218,44.486,100.000,1081344,base=1030
5.348214,SEND,1073,18.218,44.486,100.000,1081344,
5.358516,ACK,1057,18.273,44.568,100.000,1082368,base=1030
5.358548,ACK,1058,18.327,44.396,100.000,1083392,base=1030
5.359198,SEND,1074,18.327,44.396,100.000,1083392,
5.359330,SEND,1075,18.327,44.396,100.000,1083392,
5.362412,ACK,1059,18.382,44.479,100.000,1084416,base=1030
5.362434,ACK,1060,18.436,44.296,100.000,1085440,base=1030
5.363163,SEND,1076,18.436,44.296,100.000,1085440,
5.363397,SEND,1077,18.436,44.296,100.000,1085440,
5.365142,ACK,1030,18.491,44.296,100.000,1086464,base=1061
5.365400,SEND,1078,18.491,44.296,100.000,1086464,
5.367403,ACK,1061,18.545,44.270,100.000,1087488,base=1062
5.367470,ACK,1062,18.599,44.241,100.000,1088512,base=1063
5.368858,ACK,1063,18.652,44.146,100.000,1089536,base=1064
5.369083,SEND,1079,18.652,44.146,100.000,1089536,
5.369388,SEND,1080,18.652,44.146,100.000,1089536,
5.369572,SEND,1081,18.652,44.146,100.000,1089536,
5.369689,ACK,1064,18.706,44.152,100.000,1090560,base=1065
5.371611,SEND,1082,18.706,44.152,100.000,1090560,
5.371648,STATS,-1,18.706,44.152,100.000,1090560,base=1065 next=1083 inflight=18
5.372738,ACK,1065,18.759,44.521,100.000,1091584,base=1066
5.373238,ACK,1066,18.813,44.891,100.000,1092608,base=1067
5.373621,SEND,1083,18.813,44.891,100.000,1092608,
5.373801,SEND,1084,18.813,44.891,100.000,1092608,
5.377875,ACK,1067,18.866,45.777,100.000,1093632,base=1068
5.377962,ACK,1068,18.919,45.613,100.000,1094656,base=1069
5.378011,ACK,1069,18.972,45.459,100.000,1095680,base=1070
5.378053,ACK,1070,19.025,45.314,100.000,1096704,base=1071
5.378097,ACK,1071,19.077,45.176,100.000,1097728,base=1072
5.379447,SEND,1085,19.077,45.176,100.000,1097728,
5.379669,SEND,1086,19.077,45.176,100.000,1097728,
5.379882,SEND,1087,19.077,45.176,100.000,1097728,
5.380122,SEND,1088,19.077,45.176,100.000,1097728,
5.380329,SEND,1089,19.077,45.176,100.000,1097728,
5.380528,SEND,1090,19.077,45.176,100.000,1097728,
5.381954,ACK,1072,19.130,44.639,100.000,1098752,base=1073
5.382692,SEND,1091,19.130,44.639,100.000,1098752,
5.397035,ACK,1073,19.182,45.157,100.000,1099776,base=1074
5.398367,SEND,1092,19.182,45.157,100.000,1099776,
5.401364,ACK,1074,19.234,44.780,100.000,1100800,base=1075
5.401433,ACK,1075,19.286,44.444,100.000,1101824,base=1076
5.401894,SEND,1093,19.286,44.444,100.000,1101824,
5.402351,SEND,1094,19.286,44.444,100.000,1101824,
5.404199,ACK,1077,19.338,43.987,100.000,1102848,base=1076
5.405970,SEND,1095,19.338,43.987,100.000,1102848,
5.410007,NAK,1076,19.338,,,1102848,
5.410316,RETX,1076,17.189,43.987,100.000,1102848,retx#1
5.411113,ACK,1078,17.247,44.200,100.000,1103872,base=1076
5.417145,ACK,1080,17.305,44.641,100.000,1104896,base=1076
5.417452,RETX,1076,17.305,44.641,100.000,1104896,retx#2
5.417552,NAK,1079,17.305,,,1104896,
5.417822,RETX,1079,17.305,44.641,100.000,1104896,retx#1
5.417893,ACK,1081,17.363,45.100,100.000,1105920,base=1076
5.418838,SEND,1096,17.363,45.100,100.000,1105920,
5.420381,ACK,1082,17.421,45.555,100.000,1106944,base=1076
5.420597,ACK,1083,17.478,45.732,100.000,1107968,base=1076
5.420651,ACK,1084,17.535,45.871,100.000,1108992,base=1076
5.420696,ACK,1085,17.592,45.294,100.000,1110016,base=1076
5.420738,ACK,1086,17.649,44.765,100.000,1111040,base=1076
5.421017,SEND,1097,17.649,44.765,100.000,1111040,
5.421231,SEND,1098,17.649,44.765,100.000,1111040,
5.421551,SEND,1099,17.649,44.765,100.000,1111040,
5.421757,SEND,1100,17.649,44.765,100.000,1111040,
5.421930,SEND,1101,17.649,44.765,100.000,1111040,
5.422060,ACK,1087,17.706,44.440,100.000,1112064,base=1076
5.423939,SEND,1102,17.706,44.440,100.000,1112064,
5.426172,ACK,1088,17.762,44.638,100.000,1113088,base=1076
5.427652,SEND,1103,17.762,44.638,100.000,1113088,
5.430131,ACK,1089,17.819,45.280,100.000,1114112,base=1076
5.430460,ACK,1090,17.875,45.861,100.000,1115136,base=1076
5.430512,ACK,1091,17.931,46.105,100.000,1116160,base=1076
5.430560,ACK,1092,17.986,44.365,100.000,1117184,base=1076
5.431463,SEND,1104,17.986,44.365,100.000,1117184,
5.431678,SEND,1105,17.986,44.365,100.000,1117184,
5.431885,SEND,1106,17.986,44.365,100.000,1117184,
5.432091,SEND,1107,17.986,44.365,100.000,1117184,
5.443630,ACK,1093,18.042,44.033,100.000,1118208,base=1076
5.443762,ACK,1094,18.097,43.704,100.000,1119232,base=1076
5.445176,ACK,1095,18.153,43.139,100.000,1120256,base=1076
5.445564,SEND,1108,18.153,43.139,100.000,1120256,
5.445739,SEND,1109,18.153,43.139,100.000,1120256,
5.445909,SEND,1110,18.153,43.139,100.000,1120256,
5.446079,SEND,1111,18.153,43.139,100.000,1120256,
5.452203,ACK,1076,18.208,43.139,100.000,1121280,base=1079
5.452247,DUPACK,1076,18.208,,,1121280,
5.453286,SEND,1112,18.208,43.139,100.000,1121280,
5.463242,ACK,1079,18.263,43.139,100.000,1122304,base=1096
5.463875,SEND,1113,18.263,43.139,100.000,1122304,
5.465403,ACK,1096,18.317,43.565,100.000,1123328,base=1097
5.465959,SEND,1114,18.317,43.565,100.000,1123328,
5.470124,ACK,1097,18.372,44.253,100.000,1124352,base=1098
5.470201,ACK,1098,18.426,44.842,100.000,1125376,base=1099
5.470247,ACK,1099,18.481,45.323,100.000,1126400,base=1100
5.470288,ACK,1100,18.535,45.723,100.000,1127424,base=1101
5.471970,SEND,1115,18.535,45.723,100.000,1127424,
5.472194,SEND,1116,18.535,45.723,100.000,1127424,
5.472400,SEND,1117,18.535,45.723,100.000,1127424,
5.472609,SEND,1118,18.535,45.723,100.000,1127424,
5.472640,STATS,-1,18.535,45.723,100.000,1127424,base=1101 next=1119 inflight=18
5.472773,ACK,1101,18.589,46.361,100.000,1128448,base=1102
5.473487,ACK,1102,18.643,46.757,100.000,1129472,base=1103
5.473554,ACK,1103,18.696,46.650,100.000,1130496,base=1104
5.473599,ACK,1104,18.750,46.085,100.000,1131520,base=1105
5.473640,ACK,1105,18.803,45.569,100.000,1132544,base=1106
5.473681,ACK,1106,18.856,45.096,100.000,1133568,base=1107
5.473721,ACK,1107,18.909,44.662,100.000,1134592,base=1108
5.474655,SEND,1119,18.909,44.662,100.000,1134592,
5.474899,SEND,1120,18.909,44.662,100.000,1134592,
5.475109,SEND,1121,18.909,44.662,100.000,1134592,
5.475322,SEND,1122,18.909,44.662,100.000,1134592,
5.475530,SEND,1123,18.909,44.662,100.000,1134592,
5.475736,SEND,1124,18.909,44.662,100.000,1134592,
5.475944,SEND,1125,18.909,44.662,100.000,1134592,
5.487106,ACK,1108,18.962,44.269,100.000,1135616,base=1109
5.487264,ACK,1109,19.015,43.924,100.000,1136640,base=1110
5.487328,ACK,1110,19.068,43.610,100.000,1137664,base=1111
5.488718,SEND,1126,19.068,43.610,100.000,1137664,
5.489000,SEND,1127,19.068,43.610,100.000,1137664,
5.489266,SEND,1128,19.068,43.610,100.000,1137664,
5.489525,SEND,1129,19.068,43.610,100.000,1137664,
5.491854,ACK,1111,19.120,43.877,100.000,1138688,base=1112
5.493165,SEND,1130,19.120,43.877,100.000,1138688,
5.494580,ACK,1112,19.172,43.551,100.000,1139712,base=1113
5.495112,SEND,1131,19.172,43.551,100.000,1139712,
5.512607,ACK,1113,19.224,44.195,100.000,1140736,base=1114
5.512713,ACK,1114,19.276,44.514,100.000,1141760,base=1115
5.513647,SEND,1132,19.276,44.514,100.000,1141760,
5.513931,SEND,1133,19.276,44.514,100.000,1141760,
5.521384,ACK,1115,19.328,45.123,100.000,1142784,base=1116
5.521461,ACK,1116,19.380,45.640,100.000,1143808,base=1117
5.521517,ACK,1117,19.432,46.073,100.000,1144832,base=1118
5.521574,ACK,1118,19.483,46.433,100.000,1145856,base=1119
5.521628,ACK,1120,19.534,46.469,100.000,1146880,base=1119
5.521678,ACK,1121,19.586,46.481,100.000,1147904,base=1119
5.522791,SEND,1134,19.586,46.481,100.000,1147904,
5.523076,SEND,1135,19.586,46.481,100.000,1147904,
5.523340,SEND,1136,19.586,46.481,100.000,1147904,
5.523602,SEND,1137,19.586,46.481,100.000,1147904,
5.523877,SEND,1138,19.586,46.481,100.000,1147904,
5.524151,SEND,1139,19.586,46.481,100.000,1147904,
5.525368,ACK,1122,19.637,46.923,100.000,1148928,base=1119
5.525695,RETX,1119,17.455,46.923,100.000,1148928,retx#1
5.525836,ACK,1123,17.512,47.345,100.000,1149952,base=1119
5.525892,ACK,1124,17.569,47.695,100.000,1150976,base=1119
5.525943,ACK,1125,17.626,47.982,100.000,1152000,base=1119
5.525997,ACK,1126,17.683,46.644,100.000,1153024,base=1119
5.528035,SEND,1140,17.683,46.644,100.000,1153024,
5.528405,SEND,1141,17.683,46.644,100.000,1153024,
5.528786,SEND,1142,17.683,46.644,100.000,1153024,
5.531174,ACK,1127,17.739,46.081,100.000,1154048,base=1119
5.531276,ACK,1128,17.796,45.571,100.000,1155072,base=1119
5.533024,SEND,1143,17.796,45.571,100.000,1155072,
5.533619,SEND,1144,17.796,45.571,100.000,1155072,
5.545033,ACK,1131,17.852,46.110,100.000,1156096,base=1119
5.545118,NAK,1129,17.852,,,1156096,
5.545461,RETX,1129,17.852,46.110,100.000,1156096,retx#1
5.545773,SEND,1145,17.852,46.110,100.000,1156096,
5.545888,NAK,1130,17.852,,,1156096,
5.546166,RETX,1130,17.852,46.110,100.000,1156096,retx#1
5.551488,ACK,1132,17.908,45.074,100.000,1157120,base=1119
5.551791,SEND,1146,17.908,45.074,100.000,1157120,
5.554171,ACK,1133,17.964,44.467,100.000,1158144,base=1119
5.556122,SEND,1147,17.964,44.467,100.000,1158144,
5.560981,ACK,1134,18.020,43.678,100.000,1159168,base=1119
5.562140,SEND,1148,18.020,43.678,100.000,1159168,
5.562423,SEND,1149,18.020,43.678,100.000,1159168,
5.571628,ACK,1135,18.075,44.284,100.000,1160192,base=1119
5.572094,SEND,1150,18.075,44.284,100.000,1160192,
5.572228,ACK,1136,18.130,44.858,100.000,1161216,base=1119
5.572898,NAK,1119,18.130,,,1161216,
5.573148,RETX,1119,18.130,44.858,100.000,1161216,retx#2
5.573224,ACK,1137,18.185,45.452,100.000,1162240,base=1119
5.573267,ACK,1138,18.240,45.944,100.000,1163264,base=1119
5.573308,ACK,1139,18.295,46.345,100.000,1164288,base=1119
5.573350,ACK,1119,18.350,46.345,100.000,1165312,base=1129
5.573390,ACK,1140,18.404,46.221,100.000,1166336,base=1129
5.574109,SEND,1151,18.404,46.221,100.000,1166336,
5.574324,SEND,1152,18.404,46.221,100.000,1166336,
5.574531,SEND,1153,18.404,46.221,100.000,1166336,
5.574753,SEND,1154,18.404,46.221,100.000,1166336,
5.574963,SEND,1155,18.404,46.221,100.000,1166336,
5.575173,SEND,1156,18.404,46.221,100.000,1166336,
5.575205,STATS,-1,18.404,46.221,100.000,1166336,base=1129 next=1157 inflight=18
5.575953,ACK,1141,18.459,46.385,100.000,1167360,base=1129
5.576016,ACK,1142,18.513,46.490,100.000,1168384,base=1129
5.576254,RETX,1129,18.513,46.490,100.000,1168384,retx#2
5.576338,ACK,1143,18.567,46.093,100.000,1169408,base=1129
5.576382,ACK,1144,18.621,45.676,100.000,1170432,base=1129
5.577250,SEND,1157,18.621,45.676,100.000,1170432,
5.577465,SEND,1158,18.621,45.676,100.000,1170432,
5.577673,SEND,1159,18.621,45.676,100.000,1170432,
5.577878,SEND,1160,18.621,45.676,100.000,1170432,
5.580614,ACK,1129,18.675,45.676,100.000,1171456,base=1130
5.581784,SEND,1161,18.675,45.676,100.000,1171456,
5.587077,ACK,1145,18.728,45.125,100.000,1172480,base=1130
5.587522,SEND,1162,18.728,45.125,100.000,1172480,
5.588596,NAK,1130,18.728,,,1172480,
5.589030,RETX,1130,18.728,45.125,100.000,1172480,retx#2
5.593694,ACK,1130,18.781,45.125,100.000,1173504,base=1146
5.593797,ACK,1146,18.835,44.733,100.000,1174528,base=1147
5.593854,ACK,1147,18.888,43.857,100.000,1175552,base=1148
5.595200,SEND,1163,18.888,43.857,100.000,1175552,
5.595486,SEND,1164,18.888,43.857,100.000,1175552,
5.595812,SEND,1165,18.888,43.857,100.000,1175552,
5.604479,ACK,1148,18.941,43.665,100.000,1176576,base=1149
5.604699,ACK,1149,18.994,43.490,100.000,1177600,base=1150
5.605550,SEND,1166,18.994,43.490,100.000,1177600,
5.605754,SEND,1167,18.994,43.490,100.000,1177600,
5.605944,ACK,1150,19.046,42.284,100.000,1178624,base=1151
5.607860,SEND,1168,19.046,42.284,100.000,1178624,
5.608099,SEND,1169,19.046,42.284,100.000,1178624,
5.620360,DUPACK,1119,19.046,,,1178624,
5.620411,ACK,1151,19.099,42.785,100.000,1179648,base=1152
5.620451,ACK,1152,19.151,43.202,100.000,1180672,base=1153
5.620485,ACK,1153,19.203,43.545,100.000,1181696,base=1154
5.620520,ACK,1154,19.255,43.823,100.000,1182720,base=1155
5.622219,SEND,1170,19.255,43.823,100.000,1182720,
5.622454,SEND,1171,19.255,43.823,100.000,1182720,
5.622684,SEND,1172,19.255,43.823,100.000,1182720,
5.622912,SEND,1173,19.255,43.823,100.000,1182720,
5.627644,ACK,1155,19.307,44.929,100.000,1183744,base=1156
5.627894,ACK,1156,19.359,45.900,100.000,1184768,base=1157
5.628229,SEND,1174,19.359,45.900,100.000,1184768,
5.628453,SEND,1175,19.359,45.900,100.000,1184768,
5.629808,DUPACK,1129,19.359,,,1184768,
5.629888,ACK,1157,19.411,46.740,100.000,1185792,base=1158
5.630404,SEND,1176,19.411,46.740,100.000,1185792,
5.632013,ACK,1158,19.462,47.713,100.000,1186816,base=1159
5.632345,SEND,1177,19.462,47.713,100.000,1186816,
5.632521,ACK,1159,19.514,48.604,100.000,1187840,base=1160
5.632564,ACK,1160,19.565,49.363,100.000,1188864,base=1161
5.632599,ACK,1161,19.616,49.544,100.000,1189888,base=1162
5.632632,ACK,1162,19.667,48.990,100.000,1190912,base=1163
5.634342,SEND,1178,19.667,48.990,100.000,1190912,
5.634531,SEND,1179,19.667,48.990,100.000,1190912,
5.634741,SEND,1180,19.667,48.990,100.000,1190912,
5.634930,SEND,1181,19.667,48.990,100.000,1190912,
5.638711,ACK,1163,19.718,48.303,100.000,1191936,base=1164
5.638798,ACK,1164,19.769,47.678,100.000,1192960,base=1165
5.640232,SEND,1182,19.769,47.678,100.000,1192960,
5.640554,SEND,1183,19.769,47.678,100.000,1192960,
5.644746,ACK,1165,19.819,47.831,100.000,1193984,base=1166
5.645974,SEND,1184,19.819,47.831,100.000,1193984,
5.647607,ACK,1166,19.870,47.107,100.000,1195008,base=1167
5.650623,SEND,1185,19.870,47.107,100.000,1195008,
5.651107,ACK,1168,19.920,46.617,100.000,1196032,base=1167
5.652962,SEND,1186,19.920,46.617,100.000,1196032,
5.654280,ACK,1169,19.970,46.554,100.000,1197056,base=1167
5.654881,SEND,1187,19.970,46.554,100.000,1197056,
5.658211,ACK,1170,20.020,45.231,100.000,1198080,base=1167
5.658436,RETX,1167,17.796,45.231,100.000,1198080,retx#1
5.662348,ACK,1171,17.852,44.559,100.000,1199104,base=1167
5.665800,ACK,1172,17.908,44.376,100.000,1200128,base=1167
5.666367,SEND,1188,17.908,44.376,100.000,1200128,
5.670993,ACK,1173,17.964,44.835,100.000,1201152,base=1167
5.671129,ACK,1174,18.019,44.593,100.000,1202176,base=1167
5.672738,SEND,1189,18.019,44.593,100.000,1202176,
5.672932,SEND,1190,18.019,44.593,100.000,1202176,
5.673104,SEND,1191,18.019,44.593,100.000,1202176,
5.673245,ACK,1175,18.075,44.615,100.000,1203200,base=1167
5.674993,SEND,1192,18.075,44.615,100.000,1203200,
5.676819,STATS,-1,18.075,44.615,100.000,1203200,base=1167 next=1193 inflight=18
5.680885,ACK,1176,18.130,45.342,100.000,1204224,base=1167
5.681223,ACK,1177,18.185,45.783,100.000,1205248,base=1167
5.682339,SEND,1193,18.185,45.783,100.000,1205248,
5.682683,SEND,1194,18.185,45.783,100.000,1205248,
5.683674,ACK,1178,18.240,46.224,100.000,1206272,base=1167
5.683985,ACK,1181,18.295,46.577,100.000,1207296,base=1167
5.684067,NAK,1180,18.295,,,1207296,
5.684342,RETX,1180,18.295,46.577,100.000,1207296,retx#1
5.684773,SEND,1195,18.295,46.577,100.000,1207296,
5.685187,SEND,1196,18.295,46.577,100.000,1207296,
5.685847,ACK,1182,18.350,46.451,100.000,1208320,base=1167
5.686242,ACK,1183,18.404,46.355,100.000,1209344,base=1167
5.688051,SEND,1197,18.404,46.355,100.000,1209344,
5.688558,SEND,1198,18.404,46.355,100.000,1209344,
5.688949,ACK,1184,18.459,45.917,100.000,1210368,base=1167
5.690612,SEND,1199,18.459,45.917,100.000,1210368,
5.697917,ACK,1185,18.513,46.086,100.000,1211392,base=1167
5.700110,SEND,1200,18.513,46.086,100.000,1211392,
5.706137,ACK,1187,18.567,46.730,100.000,1212416,base=1167
5.708147,SEND,1201,18.567,46.730,100.000,1212416,
5.712399,ACK,1189,18.621,45.844,100.000,1213440,base=1167
5.713826,SEND,1202,18.621,45.844,100.000,1213440,
5.719674,ACK,1190,18.674,45.954,100.000,1214464,base=1167
5.721576,SEND,1203,18.674,45.954,100.000,1214464,
5.722412,ACK,1191,18.728,46.369,100.000,1215488,base=1167
5.723066,ACK,1192,18.781,46.579,100.000,1216512,base=1167
5.723718,SEND,1204,18.781,46.579,100.000,1216512,
5.723996,SEND,1205,18.781,46.579,100.000,1216512,
5.724326,ACK,1193,18.835,46.004,100.000,1217536,base=1167
5.724398,ACK,1194,18.888,45.467,100.000,1218560,base=1167
5.724448,ACK,1180,18.941,45.467,100.000,1219584,base=1167
5.726139,SEND,1206,18.941,45.467,100.000,1219584,
5.726419,SEND,1207,18.941,45.467,100.000,1219584,
5.726739,SEND,1208,18.941,45.467,100.000,1219584,
5.729781,ACK,1195,18.994,45.401,100.000,1220608,base=1167
5.730715,SEND,1209,18.994,45.401,100.000,1220608,
5.731159,ACK,1196,19.046,45.471,100.000,1221632,base=1167
5.733146,SEND,1210,19.046,45.471,100.000,1221632,
5.733449,SEND,1211,19.046,45.471,100.000,1221632,
5.735613,TIMEOUT,1179,19.046,45.471,200.000,1221632,
5.736786,RETX,1179,19.046,45.471,200.000,1221632,retx#1
5.740109,ACK,1197,19.099,46.286,100.000,1222656,base=1167
5.740379,ACK,1198,19.151,46.977,100.000,1223680,base=1167
5.740424,ACK,1199,19.203,47.331,100.000,1224704,base=1167
5.741021,ACK,1200,19.255,46.528,100.000,1225728,base=1167
5.743028,SEND,1212,19.255,46.528,100.000,1225728,
5.743354,SEND,1213,19.255,46.528,100.000,1225728,
5.743660,SEND,1214,19.255,46.528,100.000,1225728,
5.743986,SEND,1215,19.255,46.528,100.000,1225728,
5.748547,ACK,1201,19.307,45.759,100.000,1226752,base=1167
5.749420,SEND,1216,19.307,45.759,100.000,1226752,
5.754355,TIMEOUT,1186,19.307,45.759,200.000,1226752,
5.754934,RETX,1186,19.307,45.759,200.000,1226752,retx#1
5.756015,ACK,1203,19.359,44.342,100.000,1227776,base=1167
5.756387,ACK,1204,19.411,42.881,100.000,1228800,base=1167
5.757749,SEND,1217,19.411,42.881,100.000,1228800,
5.757969,SEND,1218,19.411,42.881,100.000,1228800,
5.759712,TIMEOUT,1167,19.411,42.881,200.000,1228800,
5.759935,RETX,1167,19.411,42.881,200.000,1228800,retx#2
5.773755,ACK,1205,19.462,43.738,100.000,1229824,base=1167
5.773818,ACK,1207,19.514,44.195,100.000,1230848,base=1167
5.773864,ACK,1208,19.565,44.560,100.000,1231872,base=1167
5.774754,SEND,1219,19.565,44.560,100.000,1231872,
5.775136,SEND,1220,19.565,44.560,100.000,1231872,
5.775461,SEND,1221,19.565,44.560,100.000,1231872,
5.775613,TIMEOUT,1188,19.565,44.560,200.000,1231872,
5.775937,RETX,1188,19.565,44.560,200.000,1231872,retx#1
5.778054,STATS,-1,19.565,44.560,200.000,1231872,base=1167 next=1222 inflight=19
5.778486,ACK,1209,19.616,44.960,100.000,1232896,base=1167
5.778570,ACK,1210,19.667,45.018,100.000,1233920,base=1167
5.778618,ACK,1211,19.718,45.036,100.000,1234944,base=1167
5.779514,ACK,1179,19.768,45.036,100.000,1235968,base=1167
5.779583,ACK,1212,19.819,43.975,100.000,1236992,base=1167
5.780534,SEND,1222,19.819,43.975,100.000,1236992,
5.780781,SEND,1223,19.819,43.975,100.000,1236992,
5.781142,SEND,1224,19.819,43.975,100.000,1236992,
5.781432,SEND,1225,19.819,43.975,100.000,1236992,
5.781655,SEND,1226,19.819,43.975,100.000,1236992,
5.785404,ACK,1213,19.870,43.731,100.000,1238016,base=1167
5.785481,ACK,1215,19.920,43.451,100.000,1239040,base=1167
5.786151,NAK,1214,19.920,,,1239040,
5.786731,RETX,1214,19.920,43.451,100.000,1239040,retx#1
5.787087,SEND,1227,19.920,43.451,100.000,1239040,
5.787416,SEND,1228,19.920,43.451,100.000,1239040,
5.793067,ACK,1216,19.970,43.472,100.000,1240064,base=1167
5.794330,SEND,1229,19.970,43.472,100.000,1240064,
5.800649,ACK,1186,20.020,43.472,100.000,1241088,base=1167
5.800802,ACK,1217,20.070,43.418,100.000,1242112,base=1167
5.800907,ACK,1218,20.120,43.356,100.000,1243136,base=1167
5.801871,SEND,1230,20.120,43.356,100.000,1243136,
5.802121,SEND,1231,20.120,43.356,100.000,1243136,
5.802411,SEND,1232,20.120,43.356,100.000,1243136,
5.802626,SEND,1233,20.120,43.356,100.000,1243136,
5.808823,ACK,1167,20.170,43.356,100.000,1244160,base=1188
5.809069,SEND,1234,20.170,43.356,100.000,1244160,
5.815367,TIMEOUT,1202,17.929,43.356,200.000,1244160,
5.815625,RETX,1202,17.929,43.356,200.000,1244160,retx#1
5.818190,ACK,1219,17.984,43.363,100.000,1245184,base=1188
5.822751,ACK,1220,18.040,43.892,100.000,1246208,base=1188
5.822891,ACK,1221,18.095,44.333,100.000,1247232,base=1188
5.823290,RETX,1188,18.095,44.333,100.000,1247232,retx#2
5.824061,SEND,1235,18.095,44.333,100.000,1247232,
5.827740,TIMEOUT,1206,18.095,44.333,200.000,1247232,
5.828062,RETX,1206,18.095,44.333,200.000,1247232,retx#1
5.828933,ACK,1188,18.151,44.333,200.000,1248256,base=1202
5.829018,ACK,1222,18.206,44.851,100.000,1249280,base=1202
5.829066,ACK,1223,18.261,45.280,100.000,1250304,base=1202
5.829108,ACK,1224,18.315,45.615,100.000,1251328,base=1202
5.829352,RETX,1202,18.315,45.615,100.000,1251328,retx#2
5.829432,ACK,1225,18.370,45.913,100.000,1252352,base=1202
5.829475,ACK,1226,18.424,46.150,100.000,1253376,base=1202
5.829517,ACK,1214,18.479,46.150,100.000,1254400,base=1202
5.830958,SEND,1236,18.479,46.150,100.000,1254400,
5.831190,SEND,1237,18.479,46.150,100.000,1254400,
5.831400,SEND,1238,18.479,46.150,100.000,1254400,
5.831612,SEND,1239,18.479,46.150,100.000,1254400,
5.831828,SEND,1240,18.479,46.150,100.000,1254400,
5.832038,SEND,1241,18.479,46.150,100.000,1254400,
5.832313,SEND,1242,18.479,46.150,100.000,1254400,
5.832652,ACK,1227,18.533,46.075,100.000,1255424,base=1202
5.835113,SEND,1243,18.533,46.075,100.000,1255424,
5.835883,ACK,1228,18.587,46.370,100.000,1256448,base=1202
5.835955,ACK,1229,18.641,45.777,100.000,1257472,base=1202
5.837242,SEND,1244,18.641,45.777,100.000,1257472,
5.837526,SEND,1245,18.641,45.777,100.000,1257472,
5.853982,ACK,1230,18.694,46.565,100.000,1258496,base=1202
5.854055,ACK,1231,18.748,47.235,100.000,1259520,base=1202
5.854094,ACK,1232,18.801,47.791,100.000,1260544,base=1202
5.854127,ACK,1233,18.854,48.254,100.000,1261568,base=1202
5.854164,ACK,1202,18.907,48.254,100.000,1262592,base=1206
5.855065,DUPACK,1188,18.907,,,1262592,
5.855903,SEND,1246,18.907,48.254,100.000,1262592,
5.856341,SEND,1247,18.907,48.254,100.000,1262592,
5.856629,SEND,1248,18.907,48.254,100.000,1262592,
5.857147,SEND,1249,18.907,48.254,100.000,1262592,
5.857722,SEND,1250,18.907,48.254,100.000,1262592,
5.866803,ACK,1235,18.960,47.561,100.000,1263616,base=1206
5.866893,NAK,1234,18.960,,,1263616,
5.867236,RETX,1234,18.960,47.561,100.000,1263616,retx#1
5.868411,SEND,1251,18.960,47.561,100.000,1263616,
5.871180,ACK,1206,19.013,47.561,100.000,1264640,base=1234
5.872425,SEND,1252,19.013,47.561,100.000,1264640,
5.872912,SEND,1253,19.013,47.561,100.000,1264640,
5.877630,DUPACK,1202,19.013,,,1264640,
5.878235,STATS,-1,19.013,47.561,100.000,1264640,base=1234 next=1254 inflight=19
5.880372,ACK,1236,19.066,47.790,100.000,1265664,base=1234
5.880439,ACK,1237,19.118,47.972,100.000,1266688,base=1234
5.882021,SEND,1254,19.118,47.972,100.000,1266688,
5.882390,SEND,1255,19.118,47.972,100.000,1266688,
5.883445,ACK,1238,19.170,48.479,100.000,1267712,base=1234
5.883690,RETX,1234,19.170,48.479,100.000,1267712,retx#2
5.883968,ACK,1239,19.222,48.962,100.000,1268736,base=1234
5.884056,ACK,1240,19.274,49.370,100.000,1269760,base=1234
5.884310,SEND,1256,19.274,49.370,100.000,1269760,
5.884636,SEND,1257,19.274,49.370,100.000,1269760,
5.884872,SEND,1258,19.274,49.370,100.000,1269760,
5.884979,ACK,1241,19.326,49.815,100.000,1270784,base=1234
5.885033,ACK,1242,19.378,50.177,100.000,1271808,base=1234
5.885089,ACK,1243,19.430,50.152,100.000,1272832,base=1234
5.885130,ACK,1244,19.481,49.869,100.000,1273856,base=1234
5.887521,SEND,1259,19.481,49.869,100.000,1273856,
5.887943,SEND,1260,19.481,49.869,100.000,1273856,
5.888322,SEND,1261,19.481,49.869,100.000,1273856,
5.888681,SEND,1262,19.481,49.869,100.000,1273856,
5.907154,NAK,1245,19.481,,,1273856,
5.907490,RETX,1245,19.481,49.869,100.000,1273856,retx#1
5.907697,ACK,1247,19.533,50.053,100.000,1274880,base=1234
5.908286,SEND,1263,19.533,50.053,100.000,1274880,
5.908491,ACK,1248,19.584,50.278,100.000,1275904,base=1234
5.908577,ACK,1249,19.635,50.421,100.000,1276928,base=1234
5.908687,ACK,1250,19.686,50.489,100.000,1277952,base=1234
5.910400,SEND,1264,19.686,50.489,100.000,1277952,
5.910680,SEND,1265,19.686,50.489,100.000,1277952,
5.910945,SEND,1266,19.686,50.489,100.000,1277952,
5.919497,ACK,1234,19.736,50.489,100.000,1278976,base=1245
5.919608,ACK,1251,19.787,50.575,100.000,1280000,base=1245
5.919708,ACK,1252,19.838,50.163,100.000,1281024,base=1245
5.919841,ACK,1253,19.888,49.757,100.000,1282048,base=1245
5.920249,RETX,1245,17.678,49.757,100.000,1282048,retx#2
5.920672,ACK,1254,17.735,48.347,100.000,1283072,base=1245
5.921467,SEND,1267,17.735,48.347,100.000,1283072,
5.921996,SEND,1268,17.735,48.347,100.000,1283072,
5.922351,SEND,1269,17.735,48.347,100.000,1283072,
5.926294,ACK,1255,17.791,47.788,100.000,1284096,base=1245
5.926610,SEND,1270,17.791,47.788,100.000,1284096,
5.926678,DUPACK,1234,17.791,,,1284096,
5.926839,ACK,1256,17.847,47.129,100.000,1285120,base=1245
5.926903,ACK,1257,17.904,46.520,100.000,1286144,base=1245
5.927062,ACK,1258,17.959,45.969,100.000,1287168,base=1245
5.927135,ACK,1259,18.015,45.175,100.000,1288192,base=1245
5.927877,ACK,1260,18.071,44.517,100.000,1289216,base=1245
5.928033,ACK,1261,18.126,43.916,100.000,1290240,base=1245
5.928863,SEND,1271,18.126,43.916,100.000,1290240,
5.929084,SEND,1272,18.126,43.916,100.000,1290240,
5.929295,SEND,1273,18.126,43.916,100.000,1290240,
5.929506,SEND,1274,18.126,43.916,100.000,1290240,
5.929708,SEND,1275,18.126,43.916,100.000,1290240,
5.929991,SEND,1276,18.126,43.916,100.000,1290240,
5.930217,SEND,1277,18.126,43.916,100.000,1290240,
5.930492,ACK,1262,18.181,43.651,100.000,1291264,base=1245
5.932318,SEND,1278,18.181,43.651,100.000,1291264,
5.944153,ACK,1245,18.236,43.651,100.000,1292288,base=1246
5.945184,SEND,1279,18.236,43.651,100.000,1292288,
5.946018,ACK,1263,18.291,42.909,100.000,1293312,base=1246
5.947270,SEND,1280,18.291,42.909,100.000,1293312,
5.951002,ACK,1264,18.346,42.618,100.000,1294336,base=1246
5.951358,SEND,1281,18.346,42.618,100.000,1294336,
5.956134,ACK,1265,18.400,42.969,100.000,1295360,base=1246
5.956426,RETX,1246,18.400,42.969,100.000,1295360,retx#1
5.957324,SEND,1282,18.400,42.969,100.000,1295360,
5.957645,ACK,1266,18.454,43.433,100.000,1296384,base=1246
5.959352,SEND,1283,18.454,43.433,100.000,1296384,
5.968403,DUPACK,1245,18.454,,,1296384,
5.970582,ACK,1267,18.509,44.141,100.000,1297408,base=1246
5.970674,ACK,1268,18.563,44.708,100.000,1298432,base=1246
5.970721,ACK,1269,18.617,45.165,100.000,1299456,base=1246
5.971235,ACK,1270,18.670,45.091,100.000,1300480,base=1246
5.972089,ACK,1271,18.724,44.856,100.000,1301504,base=1246
5.972220,ACK,1272,18.777,44.639,100.000,1302528,base=1246
5.972502,SEND,1284,18.777,44.639,100.000,1302528,
5.973152,SEND,1285,18.777,44.639,100.000,1302528,
5.973379,SEND,1286,18.777,44.639,100.000,1302528,
5.973583,SEND,1287,18.777,44.639,100.000,1302528,
5.973831,SEND,1288,18.777,44.639,100.000,1302528,
5.974045,SEND,1289,18.777,44.639,100.000,1302528,
5.979455,STATS,-1,18.777,44.639,100.000,1302528,base=1246 next=1290 inflight=18
5.979698,ACK,1273,18.830,45.357,100.000,1303552,base=1246
5.980933,ACK,1274,18.884,46.114,100.000,1304576,base=1246
5.981004,ACK,1276,18.937,46.726,100.000,1305600,base=1246
5.981041,NAK,1275,18.937,,,1305600,
5.981303,RETX,1275,18.937,46.726,100.000,1305600,retx#1
5.981643,SEND,1290,18.937,46.726,100.000,1305600,
5.981861,SEND,1291,18.937,46.726,100.000,1305600,
5.982069,SEND,1292,18.937,46.726,100.000,1305600,
5.982303,ACK,1277,18.989,47.394,100.000,1306624,base=1246
5.982411,ACK,1278,19.042,47.729,100.000,1307648,base=1246
5.984580,SEND,1293,19.042,47.729,100.000,1307648,
5.984851,SEND,1294,19.042,47.729,100.000,1307648,
5.985096,SEND,1295,19.042,47.729,100.000,1307648,
5.988848,ACK,1279,19.095,47.216,100.000,1308672,base=1246
5.989152,SEND,1296,19.095,47.216,100.000,1308672,
5.989223,ACK,1280,19.147,46.558,100.000,1309696,base=1246
5.991110,SEND,1297,19.147,46.558,100.000,1309696,
5.995775,ACK,1281,19.199,46.286,100.000,1310720,base=1246
5.995868,ACK,1246,19.251,46.286,100.000,1311744,base=1275
5.995912,ACK,1282,19.303,45.323,100.000,1312768,base=1275
5.996674,SEND,1298,19.303,45.323,100.000,1312768,
5.996904,SEND,1299,19.303,45.323,100.000,1312768,
5.997115,SEND,1300,19.303,45.323,100.000,1312768,
6.008674,ACK,1283,19.355,45.820,100.000,1313792,base=1275
6.010349,SEND,1301,19.355,45.820,100.000,1313792,
6.015725,ACK,1284,19.407,45.494,100.000,1314816,base=1275
6.015982,RETX,1275,17.250,45.494,100.000,1314816,retx#2
6.016029,ACK,1285,17.308,45.166,100.000,1315840,base=1275
6.024441,ACK,1286,17.366,45.901,100.000,1316864,base=1275
6.024692,SEND,1302,17.366,45.901,100.000,1316864,
6.026446,ACK,1288,17.424,46.738,100.000,1317888,base=1275
6.026505,ACK,1289,17.481,47.452,100.000,1318912,base=1275
6.026549,ACK,1275,17.538,47.452,100.000,1319936,base=1287
6.026588,ACK,1290,17.595,47.139,100.000,1320960,base=1287
6.026809,SEND,1303,17.595,47.139,100.000,1320960,
6.026992,SEND,1304,17.595,47.139,100.000,1320960,
6.027174,SEND,1305,17.595,47.139,100.000,1320960,
6.027352,SEND,1306,17.595,47.139,100.000,1320960,
6.027459,ACK,1291,17.652,46.945,100.000,1321984,base=1287
6.028172,ACK,1292,17.709,46.838,100.000,1323008,base=1287
6.028383,RETX,1287,17.709,46.838,100.000,1323008,retx#1
6.028443,ACK,1293,17.765,46.465,100.000,1324032,base=1287
6.029602,SEND,1307,17.765,46.465,100.000,1324032,
6.029859,SEND,1308,17.765,46.465,100.000,1324032,
6.030197,SEND,1309,17.765,46.465,100.000,1324032,
6.030582,ACK,1295,17.822,46.333,100.000,1325056,base=1287
6.030715,NAK,1294,17.822,,,1325056,
6.030966,RETX,1294,17.822,46.333,100.000,1325056,retx#1
6.032501,SEND,1310,17.822,46.333,100.000,1325056,
6.032609,ACK,1296,17.878,45.972,100.000,1326080,base=1287
6.034725,SEND,1311,17.878,45.972,100.000,1326080,
6.037907,ACK,1297,17.934,46.072,100.000,1327104,base=1287
6.037988,ACK,1298,17.989,45.477,100.000,1328128,base=1287
6.038087,ACK,1299,18.045,44.939,100.000,1329152,base=1287
6.039094,ACK,1300,18.100,44.567,100.000,1330176,base=1287
6.039392,SEND,1312,18.100,44.567,100.000,1330176,
6.039662,SEND,1313,18.100,44.567,100.000,1330176,
6.039883,SEND,1314,18.100,44.567,100.000,1330176,
6.040094,SEND,1315,18.100,44.567,100.000,1330176,
6.040311,SEND,1316,18.100,44.567,100.000,1330176,
6.059503,ACK,1302,18.156,43.344,100.000,1331200,base=1287
6.060241,SEND,1317,18.156,43.344,100.000,1331200,
6.063733,NAK,1301,18.156,,,1331200,
6.063970,RETX,1301,18.156,43.344,100.000,1331200,retx#1
6.071834,ACK,1303,18.211,43.552,100.000,1332224,base=1287
6.071889,ACK,1304,18.266,43.720,100.000,1333248,base=1287
6.071923,ACK,1305,18.320,43.848,100.000,1334272,base=1287
6.071954,ACK,1306,18.375,43.942,100.000,1335296,base=1287
6.073116,SEND,1318,18.375,43.942,100.000,1335296,
6.073317,SEND,1319,18.375,43.942,100.000,1335296,
6.073501,SEND,1320,18.375,43.942,100.000,1335296,
6.073682,SEND,1321,18.375,43.942,100.000,1335296,
6.077101,ACK,1287,18.429,43.942,100.000,1336320,base=1294
6.077142,ACK,1307,18.484,44.391,100.000,1337344,base=1294
6.077366,SEND,1322,18.484,44.391,100.000,1337344,
6.077519,SEND,1323,18.484,44.391,100.000,1337344,
6.078453,NAK,1294,18.484,,,1337344,
6.078697,RETX,1294,18.484,44.391,100.000,1337344,retx#2
6.078787,ACK,1308,18.538,44.957,100.000,1338368,base=1294
6.078831,ACK,1294,18.592,44.957,100.000,1339392,base=1301
6.078863,ACK,1310,18.645,45.133,100.000,1340416,base=1301
6.078887,ACK,1311,18.699,45.012,100.000,1341440,base=1301
6.079435,SEND,1324,18.699,45.012,100.000,1341440,
6.079584,SEND,1325,18.699,45.012,100.000,1341440,
6.079734,SEND,1326,18.699,45.012,100.000,1341440,
6.079881,SEND,1327,18.699,45.012,100.000,1341440,
6.079895,STATS,-1,18.699,45.012,100.000,1341440,base=1301 next=1328 inflight=18
6.085218,ACK,1312,18.753,45.113,100.000,1342464,base=1301
6.085377,RETX,1301,18.753,45.113,100.000,1342464,retx#2
6.085411,ACK,1313,18.806,45.192,100.000,1343488,base=1301
6.085436,ACK,1314,18.859,45.237,100.000,1344512,base=1301
6.085460,ACK,1315,18.912,45.253,100.000,1345536,base=1301
6.087089,SEND,1328,18.912,45.253,100.000,1345536,
6.087244,SEND,1329,18.912,45.253,100.000,1345536,
6.087391,SEND,1330,18.912,45.253,100.000,1345536,
6.087542,SEND,1331,18.912,45.253,100.000,1345536,
6.107453,ACK,1317,18.965,45.497,100.000,1346560,base=1301
6.108169,SEND,1332,18.965,45.497,100.000,1346560,
6.112501,ACK,1301,19.018,45.497,100.000,1347584,base=1309
6.113356,ACK,1318,19.070,44.839,100.000,1348608,base=1309
6.113666,SEND,1333,19.070,44.839,100.000,1348608,
6.113856,SEND,1334,19.070,44.839,100.000,1348608,
6.114038,SEND,1335,19.070,44.839,100.000,1348608,
6.119212,ACK,1319,19.123,44.970,100.000,1349632,base=1309
6.120912,SEND,1336,19.123,44.970,100.000,1349632,
6.122605,ACK,1320,19.175,45.486,100.000,1350656,base=1309
6.122805,RETX,1309,17.044,45.486,100.000,1350656,retx#1
6.122901,ACK,1321,17.103,45.952,100.000,1351680,base=1309
6.122943,ACK,1323,17.162,45.885,100.000,1352704,base=1309
6.122971,DUPACK,1294,17.162,,,1352704,
6.124903,SEND,1337,17.162,45.885,100.000,1352704,
6.126276,ACK,1324,17.220,46.004,100.000,1353728,base=1309
6.126956,SEND,1338,17.220,46.004,100.000,1353728,
6.129370,ACK,1326,17.278,46.457,100.000,1354752,base=1309
6.129402,ACK,1327,17.336,46.840,100.000,1355776,base=1309
6.129601,ACK,1328,17.393,46.298,100.000,1356800,base=1309
6.129630,ACK,1329,17.451,45.809,100.000,1357824,base=1309
6.129799,ACK,1330,17.508,45.383,100.000,1358848,base=1309
6.129827,ACK,1331,17.565,44.996,100.000,1359872,base=1309
6.130865,SEND,1339,17.565,44.996,100.000,1359872,
6.131048,SEND,1340,17.565,44.996,100.000,1359872,
6.131227,SEND,1341,17.565,44.996,100.000,1359872,
6.131406,SEND,1342,17.565,44.996,100.000,1359872,
6.131589,SEND,1343,17.565,44.996,100.000,1359872,
6.131767,SEND,1344,17.565,44.996,100.000,1359872,
6.140868,TIMEOUT,1316,17.565,44.996,200.000,1359872,
6.141126,RETX,1316,17.565,44.996,200.000,1359872,retx#1
6.154969,ACK,1333,17.622,44.531,100.000,1360896,base=1309
6.155085,NAK,1332,17.622,,,1360896,
6.155340,RETX,1332,17.622,44.531,100.000,1360896,retx#1
6.156355,SEND,1345,17.622,44.531,100.000,1360896,
6.157391,ACK,1334,17.679,44.405,100.000,1361920,base=1309
6.157948,ACK,1335,17.736,44.342,100.000,1362944,base=1309
6.158217,SEND,1346,17.736,44.342,100.000,1362944,
6.158448,SEND,1347,17.736,44.342,100.000,1362944,
6.160494,NAK,1316,17.736,,,1362944,
6.169605,ACK,1336,17.792,44.882,100.000,1363968,base=1309
6.170025,SEND,1348,17.792,44.882,100.000,1363968,
6.170104,ACK,1309,17.848,44.882,100.000,1364992,base=1316
6.170209,ACK,1337,17.904,44.934,100.000,1366016,base=1316
6.170731,ACK,1339,17.960,44.267,100.000,1367040,base=1316
6.172188,SEND,1349,17.960,44.267,100.000,1367040,
6.172421,SEND,1350,17.960,44.267,100.000,1367040,
6.172648,SEND,1351,17.960,44.267,100.000,1367040,
6.178254,TIMEOUT,1322,17.960,44.267,200.000,1367040,
6.178505,RETX,1322,17.960,44.267,200.000,1367040,retx#1
6.181112,STATS,-1,17.960,44.267,200.000,1367040,base=1316 next=1352 inflight=17
6.183593,NAK,1338,17.960,,,1367040,
6.183950,RETX,1338,17.960,44.267,200.000,1367040,retx#1
6.184051,ACK,1340,18.016,45.357,100.000,1368064,base=1316
6.184237,RETX,1316,18.016,45.357,100.000,1368064,retx#2
6.184637,SEND,1352,18.016,45.357,100.000,1368064,
6.184935,SEND,1353,18.016,45.357,100.000,1368064,
6.184951,TIMEOUT,1325,18.016,45.357,200.000,1368064,
6.185180,RETX,1325,18.016,45.357,200.000,1368064,retx#1
6.185235,ACK,1341,18.071,46.437,100.000,1369088,base=1316
6.185314,ACK,1342,18.127,47.370,100.000,1370112,base=1316
6.185358,ACK,1343,18.182,48.170,100.000,1371136,base=1316
6.185395,ACK,1344,18.237,48.851,100.000,1372160,base=1316
6.185432,ACK,1316,18.292,48.851,100.000,1373184,base=1322
6.187955,SEND,1354,18.292,48.851,100.000,1373184,
6.188192,SEND,1355,18.292,48.851,100.000,1373184,
6.188426,SEND,1356,18.292,48.851,100.000,1373184,
6.188654,SEND,1357,18.292,48.851,100.000,1373184,
6.188882,SEND,1358,18.292,48.851,100.000,1373184,
6.198590,ACK,1332,18.346,48.851,100.000,1374208,base=1322
6.198651,ACK,1345,18.401,48.030,100.000,1375232,base=1322
6.200074,SEND,1359,18.401,48.030,100.000,1375232,
6.200399,SEND,1360,18.401,48.030,100.000,1375232,
6.210776,ACK,1346,18.455,48.593,100.000,1376256,base=1322
6.211137,RETX,1322,18.455,48.593,100.000,1376256,retx#2
6.211828,SEND,1361,18.455,48.593,100.000,1376256,
6.212171,ACK,1348,18.509,47.784,100.000,1377280,base=1322
6.212388,ACK,1349,18.563,46.819,100.000,1378304,base=1322
6.213664,SEND,1362,18.563,46.819,100.000,1378304,
6.213864,SEND,1363,18.563,46.819,100.000,1378304,
6.222932,ACK,1350,18.617,47.276,100.000,1379328,base=1322
6.223711,SEND,1364,18.617,47.276,100.000,1379328,
6.223800,ACK,1351,18.671,47.759,100.000,1380352,base=1322
6.223886,ACK,1322,18.724,47.759,100.000,1381376,base=1325
6.223980,ACK,1338,18.778,47.759,100.000,1382400,base=1325
6.224040,DUPACK,1316,18.778,,,1382400,
6.225827,SEND,1365,18.778,47.759,100.000,1382400,
6.226168,SEND,1366,18.778,47.759,100.000,1382400,
6.226649,SEND,1367,18.778,47.759,100.000,1382400,
6.237667,ACK,1352,18.831,48.415,100.000,1383424,base=1325
6.238066,SEND,1368,18.831,48.415,100.000,1383424,
6.238143,ACK,1353,18.884,49.013,100.000,1384448,base=1325
6.238334,RETX,1325,18.884,49.013,100.000,1384448,retx#2
6.238593,ACK,1325,18.937,49.013,100.000,1385472,base=1347
6.238633,ACK,1354,18.990,49.221,100.000,1386496,base=1347
6.239022,ACK,1355,19.043,49.421,100.000,1387520,base=1347
6.239062,ACK,1356,19.095,49.572,100.000,1388544,base=1347
6.239376,RETX,1347,16.973,49.572,100.000,1388544,retx#1
6.239560,ACK,1357,17.032,49.738,100.000,1389568,base=1347
6.239603,ACK,1358,17.091,49.860,100.000,1390592,base=1347
6.240114,SEND,1369,17.091,49.860,100.000,1390592,
6.240345,SEND,1370,17.091,49.860,100.000,1390592,
6.240571,SEND,1371,17.091,49.860,100.000,1390592,
6.240797,SEND,1372,17.091,49.860,100.000,1390592,
6.241098,SEND,1373,17.091,49.860,100.000,1390592,
6.241328,SEND,1374,17.091,49.860,100.000,1390592,
6.254038,ACK,1359,17.150,50.371,100.000,1391616,base=1347
6.254237,ACK,1360,17.208,50.804,100.000,1392640,base=1347
6.255221,SEND,1375,17.208,50.804,100.000,1392640,
6.255507,SEND,1376,17.208,50.804,100.000,1392640,
6.257800,DUPACK,1322,17.208,,,1392640,
6.263280,ACK,1361,17.266,50.882,100.000,1393664,base=1347
6.263363,ACK,1362,17.324,50.735,100.000,1394688,base=1347
6.263410,ACK,1363,17.382,50.586,100.000,1395712,base=1347
6.264183,ACK,1364,17.439,49.320,100.000,1396736,base=1347
6.265239,SEND,1377,17.439,49.320,100.000,1396736,
6.265756,SEND,1378,17.439,49.320,100.000,1396736,
6.266000,SEND,1379,17.439,49.320,100.000,1396736,
6.266180,SEND,1380,17.439,49.320,100.000,1396736,
6.269677,ACK,1365,17.497,48.638,100.000,1397760,base=1347
6.270767,SEND,1381,17.497,48.638,100.000,1397760,
6.271835,ACK,1366,17.554,48.264,100.000,1398784,base=1347
6.272961,SEND,1382,17.554,48.264,100.000,1398784,
6.279463,ACK,1367,17.611,48.830,100.000,1399808,base=1347
6.279537,ACK,1368,17.667,47.909,100.000,1400832,base=1347
6.280600,SEND,1383,17.667,47.909,100.000,1400832,
6.280823,SEND,1384,17.667,47.909,100.000,1400832,
6.282636,STATS,-1,17.667,47.909,100.000,1400832,base=1347 next=1385 inflight=17
6.285134,DUPACK,1325,17.667,,,1400832,
6.285263,ACK,1347,17.724,47.909,100.000,1401856,base=1369
6.285374,ACK,1369,17.780,47.576,100.000,1402880,base=1370
6.286592,SEND,1385,17.780,47.576,100.000,1402880,
6.286818,SEND,1386,17.780,47.576,100.000,1402880,
6.289417,ACK,1370,17.837,47.760,100.000,1403904,base=1371
6.289494,ACK,1371,17.893,47.904,100.000,1404928,base=1372
6.290073,ACK,1372,17.949,48.074,100.000,1405952,base=1373
6.290132,ACK,1373,18.004,48.193,100.000,1406976,base=1374
6.290170,ACK,1374,18.060,48.273,100.000,1408000,base=1375
6.290208,ACK,1375,18.115,46.612,100.000,1409024,base=1376
6.290896,SEND,1387,18.115,46.612,100.000,1409024,
6.291128,SEND,1388,18.115,46.612,100.000,1409024,
6.291364,SEND,1389,18.115,46.612,100.000,1409024,
6.291642,SEND,1390,18.115,46.612,100.000,1409024,
6.291821,SEND,1391,18.115,46.612,100.000,1409024,
6.292033,SEND,1392,18.115,46.612,100.000,1409024,
6.292217,SEND,1393,18.115,46.612,100.000,1409024,
6.298525,ACK,1376,18.171,46.159,100.000,1410048,base=1377
6.301730,SEND,1394,18.171,46.159,100.000,1410048,
6.309496,ACK,1377,18.226,45.918,100.000,1411072,base=1378
6.309595,ACK,1378,18.280,45.657,100.000,1412096,base=1379
6.309647,ACK,1379,18.335,45.405,100.000,1413120,base=1380
6.310726,SEND,1395,18.335,45.405,100.000,1413120,
6.310954,SEND,1396,18.335,45.405,100.000,1413120,
6.311249,SEND,1397,18.335,45.405,100.000,1413120,
6.321105,ACK,1381,18.390,46.019,100.000,1414144,base=1380
6.321161,NAK,1380,18.390,,,1414144,
6.322532,RETX,1380,16.346,46.019,100.000,1414144,retx#1
6.322697,ACK,1382,16.408,46.482,100.000,1415168,base=1380
6.329639,ACK,1383,16.468,46.799,100.000,1416192,base=1380
6.329982,RETX,1380,16.468,46.799,100.000,1416192,retx#2
6.330141,ACK,1384,16.529,47.113,100.000,1417216,base=1380
6.330192,ACK,1385,16.590,46.673,100.000,1418240,base=1380
6.330234,ACK,1386,16.650,46.266,100.000,1419264,base=1380
6.331075,SEND,1398,16.650,46.266,100.000,1419264,
6.331303,SEND,1399,16.650,46.266,100.000,1419264,
6.331484,SEND,1400,16.650,46.266,100.000,1419264,
6.331660,SEND,1401,16.650,46.266,100.000,1419264,
6.331783,ACK,1387,16.710,45.592,100.000,1420288,base=1380
6.333941,SEND,1402,16.710,45.592,100.000,1420288,
6.335351,ACK,1388,16.770,45.418,100.000,1421312,base=1380
6.336604,SEND,1403,16.770,45.418,100.000,1421312,
6.336784,ACK,1389,16.830,45.416,100.000,1422336,base=1380
6.336834,ACK,1390,16.889,45.387,100.000,1423360,base=1380
6.336876,ACK,1391,16.948,45.345,100.000,1424384,base=1380
6.336911,ACK,1393,17.007,45.263,100.000,1425408,base=1380
6.338943,SEND,1404,17.007,45.263,100.000,1425408,
6.339174,SEND,1405,17.007,45.263,100.000,1425408,
6.339357,SEND,1406,17.007,45.263,100.000,1425408,
6.339530,SEND,1407,17.007,45.263,100.000,1425408,
6.339705,SEND,1408,17.007,45.263,100.000,1425408,
6.359320,ACK,1396,17.066,45.647,100.000,1426432,base=1380
6.359375,NAK,1395,17.066,,,1426432,
6.359657,RETX,1395,17.066,45.647,100.000,1426432,retx#1
6.359885,SEND,1409,17.066,45.647,100.000,1426432,
6.360037,ACK,1397,17.125,46.039,100.000,1427456,base=1380
6.361349,ACK,1380,17.183,46.039,100.000,1428480,base=1392
6.362089,SEND,1410,17.183,46.039,100.000,1428480,
6.362339,SEND,1411,17.183,46.039,100.000,1428480,
6.381722,DUPACK,1380,17.183,,,1428480,
6.381797,ACK,1398,17.241,46.622,100.000,1429504,base=1392
6.381857,ACK,1399,17.299,47.113,100.000,1430528,base=1392
6.384251,SEND,1412,17.299,47.113,100.000,1430528,
6.384433,SEND,1413,17.299,47.113,100.000,1430528,
6.384456,STATS,-1,17.299,47.113,100.000,1430528,base=1392 next=1414 inflight=17
6.384902,ACK,1400,17.357,47.899,100.000,1431552,base=1392
6.385673,RETX,1392,17.357,47.899,100.000,1431552,retx#1
6.385792,ACK,1401,17.415,48.677,100.000,1432576,base=1392
6.385833,ACK,1403,17.472,48.746,100.000,1433600,base=1392
6.385887,NAK,1402,17.472,,,1433600,
6.386218,RETX,1402,17.472,48.746,100.000,1433600,retx#1
6.386288,ACK,1404,17.529,48.571,100.000,1434624,base=1392
6.386330,ACK,1405,17.586,48.393,100.000,1435648,base=1392
6.386550,SEND,1414,17.586,48.393,100.000,1435648,
6.387136,SEND,1415,17.586,48.393,100.000,1435648,
6.387357,SEND,1416,17.586,48.393,100.000,1435648,
6.387587,SEND,1417,17.586,48.393,100.000,1435648,
6.387837,SEND,1418,17.586,48.393,100.000,1435648,
6.388131,ACK,1406,17.643,48.439,100.000,1436672,base=1392
6.388284,ACK,1407,17.700,48.477,100.000,1437696,base=1392
6.389996,SEND,1419,17.700,48.477,100.000,1437696,
6.390191,SEND,1420,17.700,48.477,100.000,1437696,
6.402879,TIMEOUT,1394,17.700,48.477,200.000,1437696,
6.403145,RETX,1394,17.700,48.477,200.000,1437696,retx#1
6.403258,ACK,1395,17.756,48.477,200.000,1438720,base=1392
6.403315,ACK,1409,17.813,47.844,100.000,1439744,base=1392
6.405973,SEND,1421,17.813,47.844,100.000,1439744,
6.406229,SEND,1422,17.813,47.844,100.000,1439744,
6.409356,ACK,1410,17.869,47.769,100.000,1440768,base=1392
6.409452,ACK,1411,17.925,47.686,100.000,1441792,base=1392
6.410333,SEND,1423,17.925,47.686,100.000,1441792,
6.410555,SEND,1424,17.925,47.686,100.000,1441792,
6.427468,ACK,1412,17.981,47.120,100.000,1442816,base=1392
6.427918,ACK,1392,18.036,47.120,100.000,1443840,base=1394
6.428247,SEND,1425,18.036,47.120,100.000,1443840,
6.428421,SEND,1426,18.036,47.120,100.000,1443840,
6.437594,SEND,1427,18.036,47.120,100.000,1443840,
6.438749,NAK,1402,18.036,,,1443840,
6.439161,RETX,1402,18.036,47.120,100.000,1443840,retx#2
6.439212,ACK,1402,18.092,47.120,100.000,1444864,base=1394
6.439266,ACK,1414,18.147,47.819,100.000,1445888,base=1394
6.439304,NAK,1413,18.147,,,1445888,
6.439549,RETX,1413,18.147,47.819,100.000,1445888,retx#1
6.439587,ACK,1415,18.202,48.397,100.000,1446912,base=1394
6.439768,RETX,1394,18.202,48.397,100.000,1446912,retx#2
6.439809,ACK,1416,18.257,48.904,100.000,1447936,base=1394
6.439853,ACK,1417,18.312,49.323,100.000,1448960,base=1394
6.440059,ACK,1418,18.366,49.685,100.000,1449984,base=1394
6.440094,ACK,1419,18.421,49.737,100.000,1451008,base=1394
6.440127,ACK,1420,18.475,49.762,100.000,1452032,base=1394
6.440611,SEND,1428,18.475,49.762,100.000,1452032,
6.440851,SEND,1429,18.475,49.762,100.000,1452032,
6.441085,SEND,1430,18.475,49.762,100.000,1452032,
6.441313,SEND,1431,18.475,49.762,100.000,1452032,
6.441538,SEND,1432,18.475,49.762,100.000,1452032,
6.441764,SEND,1433,18.475,49.762,100.000,1452032,
6.441994,SEND,1434,18.475,49.762,100.000,1452032,
6.442232,SEND,1435,18.475,49.762,100.000,1452032,
6.442247,TIMEOUT,1408,18.475,49.762,200.000,1452032,
6.442455,RETX,1408,18.475,49.762,200.000,1452032,retx#1
6.453161,ACK,1394,18.529,49.762,200.000,1453056,base=1408
6.455488,SEND,1436,18.529,49.762,200.000,1453056,
6.471583,ACK,1421,18.583,51.741,100.000,1454080,base=1408
6.471707,ACK,1422,18.637,53.457,100.000,1455104,base=1408
6.471747,ACK,1423,18.691,54.452,100.000,1456128,base=1408
6.472098,RETX,1408,16.614,54.452,100.000,1456128,retx#2
6.472179,ACK,1424,16.674,55.347,100.000,1457152,base=1408
6.473800,SEND,1437,16.674,55.347,100.000,1457152,
6.473884,SEND,1438,16.674,55.347,100.000,1457152,
6.475486,ACK,1425,16.734,54.333,100.000,1458176,base=1408
6.475797,SEND,1439,16.734,54.333,100.000,1458176,
6.475830,ACK,1427,16.794,52.322,100.000,1459200,base=1408
6.475843,NAK,1426,16.794,,,1459200,
6.475930,RETX,1426,16.794,52.322,100.000,1459200,retx#1
6.477870,SEND,1440,16.794,52.322,100.000,1459200,
6.486513,STATS,-1,16.794,52.322,100.000,1459200,base=1408 next=1441 inflight=16
6.488131,DUPACK,1402,16.794,,,1459200,
6.489250,NAK,1413,16.794,,,1459200,
6.489504,RETX,1413,16.794,52.322,100.000,1459200,retx#2
6.494668,ACK,1413,16.853,52.322,100.000,1460224,base=1408
6.494736,DUPACK,1394,16.853,,,1460224,
6.496600,SEND,1441,16.853,52.322,100.000,1460224,
6.496726,ACK,1428,16.913,52.793,100.000,1461248,base=1408
6.496779,ACK,1429,16.972,53.184,100.000,1462272,base=1408
6.496815,ACK,1430,17.031,53.502,100.000,1463296,base=1408
6.497704,ACK,1431,17.089,53.861,100.000,1464320,base=1408
6.497764,ACK,1432,17.148,54.156,100.000,1465344,base=1408
6.498847,SEND,1442,17.148,54.156,100.000,1465344,
6.501204,SEND,1443,17.148,54.156,100.000,1465344,
6.501517,SEND,1444,17.148,54.156,100.000,1465344,
6.501762,SEND,1445,17.148,54.156,100.000,1465344,
6.501994,SEND,1446,17.148,54.156,100.000,1465344,
6.502224,SEND,1447,17.148,54.156,100.000,1465344,
6.502356,ACK,1433,17.206,54.959,100.000,1466368,base=1408
6.502407,ACK,1434,17.264,55.640,100.000,1467392,base=1408
6.502454,ACK,1408,17.322,55.640,100.000,1468416,base=1426
6.504286,SEND,1448,17.322,55.640,100.000,1468416,
6.504466,SEND,1449,17.322,55.640,100.000,1468416,
6.504644,SEND,1450,17.322,55.640,100.000,1468416,
6.514180,ACK,1436,17.380,56.021,100.000,1469440,base=1426
6.516094,SEND,1451,17.380,56.021,100.000,1469440,
6.516920,DUPACK,1408,17.380,,,1469440,
6.523167,ACK,1437,17.438,55.188,100.000,1470464,base=1426
6.523439,SEND,1452,17.438,55.188,100.000,1470464,
6.525497,ACK,1438,17.495,54.739,100.000,1471488,base=1426
6.525773,RETX,1426,17.495,54.739,100.000,1471488,retx#2
6.525865,ACK,1439,17.552,54.154,100.000,1472512,base=1426
6.526143,NAK,1426,17.552,,,1472512,
6.526203,ACK,1426,17.609,54.154,100.000,1473536,base=1435
6.527502,SEND,1453,17.609,54.154,100.000,1473536,
6.527749,SEND,1454,17.609,54.154,100.000,1473536,
6.527992,SEND,1455,17.609,54.154,100.000,1473536,
6.528914,DUPACK,1413,17.609,,,1473536,
6.543738,TIMEOUT,1435,17.609,54.154,200.000,1473536,
6.544161,RETX,1435,17.609,54.154,200.000,1473536,retx#1
6.545206,ACK,1442,17.666,53.179,100.000,1474560,base=1435
6.545256,ACK,1443,17.722,52.038,100.000,1475584,base=1435
6.545295,ACK,1444,17.779,51.005,100.000,1476608,base=1435
6.545552,RETX,1435,17.779,51.005,100.000,1476608,retx#2
6.546749,ACK,1445,17.835,50.252,100.000,1477632,base=1435
6.547699,SEND,1456,17.835,50.252,100.000,1477632,
6.547948,SEND,1457,17.835,50.252,100.000,1477632,
6.548180,SEND,1458,17.835,50.252,100.000,1477632,
6.548412,SEND,1459,17.835,50.252,100.000,1477632,
6.551656,ACK,1446,17.891,50.177,100.000,1478656,base=1435
6.551698,ACK,1447,17.947,50.088,100.000,1479680,base=1435
6.551733,ACK,1448,18.003,49.758,100.000,1480704,base=1435
6.551765,ACK,1450,18.058,49.428,100.000,1481728,base=1435
6.551794,NAK,1449,18.058,,,1481728,
6.552044,RETX,1449,18.058,49.428,100.000,1481728,retx#1
6.552386,SEND,1460,18.058,49.428,100.000,1481728,
6.552617,SEND,1461,18.058,49.428,100.000,1481728,
6.552845,SEND,1462,18.058,49.428,100.000,1481728,
6.553077,SEND,1463,18.058,49.428,100.000,1481728,
6.553304,SEND,1464,18.058,49.428,100.000,1481728,
6.557876,ACK,1451,18.114,48.470,100.000,1482752,base=1435
6.561279,SEND,1465,18.114,48.470,100.000,1482752,
6.571140,ACK,1452,18.169,48.370,100.000,1483776,base=1435
6.571207,DUPACK,1426,18.169,,,1483776,
6.572148,SEND,1466,18.169,48.370,100.000,1483776,
6.573190,ACK,1453,18.224,48.033,100.000,1484800,base=1435
6.574206,SEND,1467,18.224,48.033,100.000,1484800,
6.575849,ACK,1454,18.279,48.038,100.000,1485824,base=1435
6.576463,SEND,1468,18.279,48.038,100.000,1485824,
6.576567,ACK,1455,18.334,48.104,100.000,1486848,base=1435
6.578489,SEND,1469,18.334,48.104,100.000,1486848,
6.578508,TIMEOUT,1440,18.334,48.104,200.000,1486848,
6.578746,RETX,1440,18.334,48.104,200.000,1486848,retx#1
6.581398,ACK,1435,18.388,48.104,200.000,1487872,base=1440
6.584041,SEND,1470,18.388,48.104,200.000,1487872,
6.584769,DUPACK,1435,18.388,,,1487872,
6.584821,ACK,1456,18.442,46.730,100.000,1488896,base=1440
6.586822,SEND,1471,18.442,46.730,100.000,1488896,
6.586844,STATS,-1,18.442,46.730,100.000,1488896,base=1440 next=1472 inflight=18
6.597376,TIMEOUT,1441,16.393,46.730,200.000,1488896,
6.597620,RETX,1441,16.393,46.730,200.000,1488896,retx#1
6.597771,ACK,1457,16.454,47.115,100.000,1489920,base=1440
6.601370,ACK,1458,16.515,47.873,100.000,1490944,base=1440
6.601621,RETX,1440,16.515,47.873,100.000,1490944,retx#2
6.602879,ACK,1459,16.576,48.694,100.000,1491968,base=1440
6.602964,ACK,1449,16.636,48.694,100.000,1492992,base=1440
6.603010,ACK,1460,16.696,48.935,100.000,1494016,base=1440
6.603048,ACK,1461,16.756,49.121,100.000,1495040,base=1440
6.603081,ACK,1462,16.816,49.260,100.000,1496064,base=1440
6.603175,ACK,1463,16.875,49.364,100.000,1497088,base=1440
6.603219,ACK,1464,16.934,49.432,100.000,1498112,base=1440
6.606228,SEND,1472,16.934,49.432,100.000,1498112,
6.606429,SEND,1473,16.934,49.432,100.000,1498112,
6.606710,SEND,1474,16.934,49.432,100.000,1498112,
6.606893,SEND,1475,16.934,49.432,100.000,1498112,
6.607157,SEND,1476,16.934,49.432,100.000,1498112,
6.607336,SEND,1477,16.934,49.432,100.000,1498112,
6.607507,SEND,1478,16.934,49.432,100.000,1498112,
6.611652,ACK,1465,16.993,49.549,100.000,1499136,base=1440
6.611977,ACK,1466,17.052,48.334,100.000,1500160,base=1440
6.613584,SEND,1479,17.052,48.334,100.000,1500160,
6.613824,SEND,1480,17.052,48.334,100.000,1500160,
6.614060,SEND,1481,17.052,48.334,100.000,1500160,
6.642023,ACK,1467,17.111,50.766,100.000,1501184,base=1440
6.642110,ACK,1468,17.169,52.625,100.000,1502208,base=1440
6.642150,ACK,1469,17.228,54.004,100.000,1503232,base=1440
6.642188,ACK,1440,17.286,54.004,100.000,1504256,base=1441
6.642222,ACK,1470,17.343,54.526,100.000,1505280,base=1441
6.642255,ACK,1471,17.401,54.639,100.000,1506304,base=1441
6.642297,ACK,1441,17.459,54.639,100.000,1507328,base=1472
6.643093,SEND,1482,17.459,54.639,100.000,1507328,
6.643414,SEND,1483,17.459,54.639,100.000,1507328,
6.643522,SEND,1484,17.459,54.639,100.000,1507328,
6.643604,SEND,1485,17.459,54.639,100.000,1507328,
6.643683,SEND,1486,17.459,54.639,100.000,1507328,
6.643765,SEND,1487,17.459,54.639,100.000,1507328,
6.643843,SEND,1488,17.459,54.639,100.000,1507328,
6.664346,DUPACK,1440,17.459,,,1507328,
6.666117,ACK,1472,17.516,55.296,100.000,1508352,base=1473
6.666133,ACK,1473,17.573,55.847,100.000,1509376,base=1474
6.666145,ACK,1474,17.630,56.295,100.000,1510400,base=1475
6.666162,ACK,1475,17.687,56.667,100.000,1511424,base=1476
6.666179,ACK,1477,17.743,56.939,100.000,1512448,base=1476
6.666190,ACK,1478,17.800,57.157,100.000,1513472,base=1476
6.666203,ACK,1479,17.856,56.589,100.000,1514496,base=1476
6.666298,RETX,1476,15.872,56.589,100.000,1514496,retx#1
6.666311,ACK,1480,15.935,56.077,100.000,1515520,base=1476
6.666323,ACK,1481,15.997,55.600,100.000,1516544,base=1476
6.667975,SEND,1489,15.997,55.600,100.000,1516544,
6.668058,SEND,1490,15.997,55.600,100.000,1516544,
6.668140,SEND,1491,15.997,55.600,100.000,1516544,
6.668220,SEND,1492,15.997,55.600,100.000,1516544,
6.668302,SEND,1493,15.997,55.600,100.000,1516544,
6.668385,SEND,1494,15.997,55.600,100.000,1516544,
6.668465,SEND,1495,15.997,55.600,100.000,1516544,
6.687230,STATS,-1,15.997,55.600,100.000,1516544,base=1476 next=1496 inflight=15
6.693773,ACK,1482,16.060,54.984,100.000,1517568,base=1476
6.693823,ACK,1483,16.122,54.412,100.000,1518592,base=1476
6.693863,ACK,1484,16.184,53.903,100.000,1519616,base=1476
6.693901,ACK,1485,16.246,53.451,100.000,1520640,base=1476
6.694221,ACK,1487,16.308,53.076,100.000,1521664,base=1476
6.695905,SEND,1496,16.308,53.076,100.000,1521664,
6.696099,SEND,1497,16.308,53.076,100.000,1521664,
6.696272,SEND,1498,16.308,53.076,100.000,1521664,
6.696528,SEND,1499,16.308,53.076,100.000,1521664,
6.696878,SEND,1500,16.308,53.076,100.000,1521664,
6.697174,SEND,1501,16.308,53.076,100.000,1521664,
6.711156,ACK,1476,16.369,53.076,100.000,1522688,base=1486
6.711792,SEND,1502,16.369,53.076,100.000,1522688,
6.717994,ACK,1489,16.430,52.689,100.000,1523712,base=1486
6.718262,ACK,1490,16.491,52.374,100.000,1524736,base=1486
6.718302,ACK,1491,16.552,52.097,100.000,1525760,base=1486
6.718508,RETX,1486,16.552,52.097,100.000,1525760,retx#1
6.718551,ACK,1492,16.612,51.875,100.000,1526784,base=1486
6.718586,ACK,1493,16.672,51.676,100.000,1527808,base=1486
6.719326,ACK,1494,16.732,51.581,100.000,1528832,base=1486
6.719824,SEND,1503,16.732,51.581,100.000,1528832,
6.720144,SEND,1504,16.732,51.581,100.000,1528832,
6.720857,SEND,1505,16.732,51.581,100.000,1528832,
6.721083,SEND,1506,16.732,51.581,100.000,1528832,
6.721297,SEND,1507,16.732,51.581,100.000,1528832,
6.721683,SEND,1508,16.732,51.581,100.000,1528832,
6.721852,ACK,1495,16.792,51.805,100.000,1529856,base=1486
6.723896,SEND,1509,16.792,51.805,100.000,1529856,
6.742052,ACK,1496,16.851,51.089,100.000,1530880,base=1486
6.742116,ACK,1497,16.911,50.454,100.000,1531904,base=1486
6.742153,ACK,1498,16.970,49.882,100.000,1532928,base=1486
6.742191,ACK,1499,17.029,49.354,100.000,1533952,base=1486
6.743636,SEND,1510,17.029,49.354,100.000,1533952,
6.744058,SEND,1511,17.029,49.354,100.000,1533952,
6.744526,SEND,1512,17.029,49.354,100.000,1533952,
6.744716,SEND,1513,17.029,49.354,100.000,1533952,
6.744991,SEND,1514,17.029,49.354,100.000,1533952,
6.745020,TIMEOUT,1488,17.029,49.354,200.000,1533952,
6.745196,RETX,1488,17.029,49.354,200.000,1533952,retx#1
6.745393,ACK,1500,17.088,49.248,100.000,1534976,base=1486
6.745544,ACK,1501,17.146,49.138,100.000,1536000,base=1486
6.747983,SEND,1515,17.146,49.138,100.000,1536000,
6.748175,SEND,1516,17.146,49.138,100.000,1536000,
6.759544,ACK,1502,17.204,48.961,100.000,1537024,base=1486
6.761363,SEND,1517,17.204,48.961,100.000,1537024,
6.762296,ACK,1503,17.263,48.148,100.000,1538048,base=1486
6.762355,ACK,1505,17.320,47.316,100.000,1539072,base=1486
6.763520,SEND,1518,17.320,47.316,100.000,1539072,
6.763700,SEND,1519,17.320,47.316,100.000,1539072,
6.764339,NAK,1504,17.320,,,1539072,
6.764565,RETX,1504,17.320,47.316,100.000,1539072,retx#1
6.764650,ACK,1506,17.378,46.846,100.000,1540096,base=1486
6.764688,ACK,1507,17.436,46.414,100.000,1541120,base=1486
6.764725,ACK,1508,17.493,45.992,100.000,1542144,base=1486
6.765851,SEND,1520,17.493,45.992,100.000,1542144,
6.766041,SEND,1521,17.493,45.992,100.000,1542144,
6.766215,SEND,1522,17.493,45.992,100.000,1542144,
6.784456,NAK,1509,17.493,,,1542144,
6.784725,RETX,1509,17.493,45.992,100.000,1542144,retx#1
6.788379,STATS,-1,17.493,45.992,100.000,1542144,base=1486 next=1523 inflight=17
6.789490,ACK,1511,17.550,45.920,100.000,1543168,base=1486
6.789544,ACK,1513,17.607,45.783,100.000,1544192,base=1486
6.789578,NAK,1512,17.607,,,1544192,
6.789819,RETX,1512,17.607,45.783,100.000,1544192,retx#1
6.789856,ACK,1514,17.664,45.667,100.000,1545216,base=1486
6.789892,ACK,1488,17.721,45.667,100.000,1546240,base=1486
6.790453,SEND,1523,17.721,45.667,100.000,1546240,
6.790633,SEND,1524,17.721,45.667,100.000,1546240,
6.790858,SEND,1525,17.721,45.667,100.000,1546240,
6.791136,SEND,1526,17.721,45.667,100.000,1546240,
6.795122,ACK,1515,17.777,45.848,100.000,1547264,base=1486
6.795216,ACK,1516,17.833,45.996,100.000,1548288,base=1486
6.797050,SEND,1527,17.833,45.996,100.000,1548288,
6.797234,SEND,1528,17.833,45.996,100.000,1548288,
6.806804,ACK,1517,17.889,45.925,100.000,1549312,base=1486
6.806869,ACK,1518,17.945,45.603,100.000,1550336,base=1486
6.806907,ACK,1519,18.001,45.303,100.000,1551360,base=1486
6.808643,SEND,1529,18.001,45.303,100.000,1551360,
6.808841,SEND,1530,18.001,45.303,100.000,1551360,
6.809076,SEND,1531,18.001,45.303,100.000,1551360,
6.809250,SEND,1532,18.001,45.303,100.000,1551360,
6.813246,ACK,1504,18.057,45.303,100.000,1552384,base=1486
6.813325,ACK,1520,18.112,45.573,100.000,1553408,base=1486
6.813361,ACK,1521,18.167,45.791,100.000,1554432,base=1486
6.814621,ACK,1522,18.222,46.114,100.000,1555456,base=1486
6.815118,SEND,1533,18.222,46.114,100.000,1555456,
6.815426,SEND,1534,18.222,46.114,100.000,1555456,
6.815620,SEND,1535,18.222,46.114,100.000,1555456,
6.817115,SEND,1536,18.222,46.114,100.000,1555456,
6.819269,TIMEOUT,1486,18.222,46.114,200.000,1555456,
6.819594,RETX,1486,18.222,46.114,200.000,1555456,retx#2
6.824191,ACK,1509,18.277,46.114,200.000,1556480,base=1486
6.824654,ACK,1512,18.332,46.114,200.000,1557504,base=1486
6.824997,SEND,1537,18.332,46.114,200.000,1557504,
6.825218,SEND,1538,18.332,46.114,200.000,1557504,
6.833437,ACK,1523,18.386,45.719,100.000,1558528,base=1486
6.833725,ACK,1524,18.441,45.389,100.000,1559552,base=1486
6.834065,SEND,1539,18.441,45.389,100.000,1559552,
6.834581,SEND,1540,18.441,45.389,100.000,1559552,
6.839254,ACK,1525,18.495,45.762,100.000,1560576,base=1486
6.841221,SEND,1541,18.495,45.762,100.000,1560576,
6.845154,ACK,1526,18.549,46.790,100.000,1561600,base=1486
6.845401,SEND,1542,18.549,46.790,100.000,1561600,
6.845427,TIMEOUT,1510,18.549,46.790,200.000,1561600,
6.845894,RETX,1510,18.549,46.790,200.000,1561600,retx#1
6.845937,ACK,1527,18.603,47.051,100.000,1562624,base=1486
6.846019,ACK,1528,18.657,47.267,100.000,1563648,base=1486
6.846084,ACK,1529,18.710,46.038,100.000,1564672,base=1486
6.846650,ACK,1530,18.764,45.008,100.000,1565696,base=1486
6.846978,ACK,1531,18.817,44.118,100.000,1566720,base=1486
6.848093,ACK,1532,18.870,43.458,100.000,1567744,base=1486
6.848710,SEND,1543,18.870,43.458,100.000,1567744,
6.848946,SEND,1544,18.870,43.458,100.000,1567744,
6.849174,SEND,1545,18.870,43.458,100.000,1567744,
6.849399,SEND,1546,18.870,43.458,100.000,1567744,
6.849631,SEND,1547,18.870,43.458,100.000,1567744,
6.849857,SEND,1548,18.870,43.458,100.000,1567744,
6.861174,ACK,1533,18.923,43.777,100.000,1568768,base=1486
6.861676,SEND,1549,18.923,43.777,100.000,1568768,
6.863418,ACK,1534,18.976,44.302,100.000,1569792,base=1486
6.863510,ACK,1536,19.029,44.566,100.000,1570816,base=1486
6.863569,NAK,1535,19.029,,,1570816,
6.863843,RETX,1535,19.029,44.566,100.000,1570816,retx#1
6.865458,SEND,1550,19.029,44.566,100.000,1570816,
6.865814,SEND,1551,19.029,44.566,100.000,1570816,
6.866392,SEND,1552,19.029,44.566,100.000,1570816,
6.873925,ACK,1486,19.081,44.566,100.000,1571840,base=1510
6.874019,ACK,1537,19.134,45.122,100.000,1572864,base=1510
6.874063,ACK,1538,19.186,45.587,100.000,1573888,base=1510
6.875152,SEND,1553,19.186,45.587,100.000,1573888,
6.875378,SEND,1554,19.186,45.587,100.000,1573888,
6.875675,SEND,1555,19.186,45.587,100.000,1573888,
6.878633,ACK,1539,19.238,45.457,100.000,1574912,base=1510
6.878868,RETX,1510,17.101,45.457,100.000,1574912,retx#2
6.878974,ACK,1540,17.159,45.323,100.000,1575936,base=1510
6.881635,ACK,1541,17.217,44.708,100.000,1576960,base=1510
6.881721,ACK,1542,17.275,43.658,100.000,1577984,base=1510
6.883786,SEND,1556,17.275,43.658,100.000,1577984,
6.884101,SEND,1557,17.275,43.658,100.000,1577984,
6.888414,STATS,-1,17.275,43.658,100.000,1577984,base=1510 next=1558 inflight=17
6.891645,ACK,1510,17.333,43.658,100.000,1579008,base=1535
6.892665,SEND,1558,17.333,43.658,100.000,1579008,
6.896947,ACK,1543,17.391,44.228,100.000,1580032,base=1535
6.897018,ACK,1544,17.448,44.708,100.000,1581056,base=1535
6.898841,SEND,1559,17.448,44.708,100.000,1581056,
6.900603,SEND,1560,17.448,44.708,100.000,1581056,
6.904050,ACK,1545,17.506,45.976,100.000,1582080,base=1535
6.904324,RETX,1535,17.506,45.976,100.000,1582080,retx#2
6.904472,ACK,1547,17.563,47.083,100.000,1583104,base=1535
6.904952,NAK,1546,17.563,,,1583104,
6.905255,RETX,1546,17.563,47.083,100.000,1583104,retx#1
6.905343,ACK,1548,17.620,48.132,100.000,1584128,base=1535
6.905973,SEND,1561,17.620,48.132,100.000,1584128,
6.906203,SEND,1562,17.620,48.132,100.000,1584128,
6.906428,SEND,1563,17.620,48.132,100.000,1584128,
6.911400,ACK,1549,17.677,48.329,100.000,1585152,base=1535
6.911528,ACK,1535,17.733,48.329,100.000,1586176,base=1546
6.911572,ACK,1551,17.790,48.007,100.000,1587200,base=1546
6.911601,NAK,1550,17.790,,,1587200,
6.911831,RETX,1550,17.790,48.007,100.000,1587200,retx#1
6.911896,ACK,1552,17.846,47.694,100.000,1588224,base=1546
6.912264,SEND,1564,17.846,47.694,100.000,1588224,
6.912773,SEND,1565,17.846,47.694,100.000,1588224,
6.913030,SEND,1566,17.846,47.694,100.000,1588224,
6.913263,SEND,1567,17.846,47.694,100.000,1588224,
6.917354,ACK,1553,17.902,47.006,100.000,1589248,base=1546
6.917607,RETX,1546,17.902,47.006,100.000,1589248,retx#2
6.919100,SEND,1568,17.902,47.006,100.000,1589248,
6.930681,ACK,1554,17.958,48.021,100.000,1590272,base=1546
6.931012,ACK,1555,18.013,48.932,100.000,1591296,base=1546
6.931124,DUPACK,1510,18.013,,,1591296,
6.931489,SEND,1569,18.013,48.932,100.000,1591296,
6.931680,SEND,1570,18.013,48.932,100.000,1591296,
6.931935,SEND,1571,18.013,48.932,100.000,1591296,
6.932258,ACK,1557,18.069,48.834,100.000,1592320,base=1546
6.934111,SEND,1572,18.069,48.834,100.000,1592320,
6.941355,ACK,1558,18.124,48.815,100.000,1593344,base=1546
6.943170,SEND,1573,18.124,48.815,100.000,1593344,
6.943992,ACK,1559,18.179,48.356,100.000,1594368,base=1546
6.944034,ACK,1560,18.234,47.740,100.000,1595392,base=1546
6.945183,SEND,1574,18.234,47.740,100.000,1595392,
6.945417,SEND,1575,18.234,47.740,100.000,1595392,
6.954949,DUPACK,1535,18.234,,,1595392,
6.955059,NAK,1546,18.234,,,1595392,
6.955448,RETX,1546,18.234,47.740,100.000,1595392,retx#3
6.955904,ACK,1546,18.289,47.740,100.000,1596416,base=1550
6.955986,ACK,1561,18.344,48.023,100.000,1597440,base=1550
6.956297,SEND,1576,18.344,48.023,100.000,1597440,
6.956534,SEND,1577,18.344,48.023,100.000,1597440,
6.956631,ACK,1563,18.398,48.294,100.000,1598464,base=1550
6.956682,ACK,1550,18.453,48.294,100.000,1599488,base=1556
6.956721,ACK,1564,18.507,47.814,100.000,1600512,base=1556
6.956757,ACK,1566,18.561,47.303,100.000,1601536,base=1556
6.958549,SEND,1578,18.561,47.303,100.000,1601536,
6.958782,SEND,1579,18.561,47.303,100.000,1601536,
6.959007,SEND,1580,18.561,47.303,100.000,1601536,
6.959233,SEND,1581,18.561,47.303,100.000,1601536,
6.962775,ACK,1567,18.615,47.578,100.000,1602560,base=1556
6.963020,RETX,1556,16.547,47.578,100.000,1602560,retx#1
6.968667,DUPACK,1546,16.547,,,1602560,
6.968762,ACK,1568,16.607,47.834,100.000,1603584,base=1556
6.968824,ACK,1569,16.667,46.521,100.000,1604608,base=1556
6.969678,SEND,1582,16.667,46.521,100.000,1604608,
6.972860,ACK,1570,16.727,45.850,100.000,1605632,base=1556
6.974108,SEND,1583,16.727,45.850,100.000,1605632,
6.991862,STATS,-1,16.727,45.850,100.000,1605632,base=1556 next=1584 inflight=16
6.992940,ACK,1571,16.787,47.744,100.000,1606656,base=1556
6.992971,ACK,1572,16.847,49.133,100.000,1607680,base=1556
6.993889,SEND,1584,16.847,49.133,100.000,1607680,
6.994022,SEND,1585,16.847,49.133,100.000,1607680,
6.994214,ACK,1574,16.906,49.120,100.000,1608704,base=1556
6.994242,ACK,1575,16.965,49.082,100.000,1609728,base=1556
6.996138,SEND,1586,16.965,49.082,100.000,1609728,
6.996274,SEND,1587,16.965,49.082,100.000,1609728,
7.008104,TIMEOUT,1562,16.965,49.082,200.000,1609728,
7.008206,RETX,1562,16.965,49.082,200.000,1609728,retx#1
7.010869,ACK,1576,17.024,49.768,100.000,1610752,base=1556
7.021760,SEND,1588,17.024,49.768,100.000,1610752,
7.021958,SEND,1589,17.024,49.768,100.000,1610752,
7.021981,TIMEOUT,1565,17.024,49.768,200.000,1610752,
7.022160,RETX,1565,17.024,49.768,200.000,1610752,retx#1
7.024302,ACK,1577,17.083,52.017,100.000,1611776,base=1556
7.024335,ACK,1578,17.141,53.738,100.000,1612800,base=1556
7.024359,ACK,1579,17.200,55.217,100.000,1613824,base=1556
7.024382,ACK,1580,17.258,56.487,100.000,1614848,base=1556
7.024403,ACK,1581,17.316,57.572,100.000,1615872,base=1556
7.024426,ACK,1556,17.373,57.572,100.000,1616896,base=1562
7.024457,ACK,1582,17.431,57.223,100.000,1617920,base=1562
7.024867,SEND,1590,17.431,57.223,100.000,1617920,
7.025018,SEND,1591,17.431,57.223,100.000,1617920,
7.025165,SEND,1592,17.431,57.223,100.000,1617920,
7.025311,SEND,1593,17.431,57.223,100.000,1617920,
7.025457,SEND,1594,17.431,57.223,100.000,1617920,
7.025618,SEND,1595,17.431,57.223,100.000,1617920,
7.025764,SEND,1596,17.431,57.223,100.000,1617920,
7.044502,TIMEOUT,1573,17.431,57.223,200.000,1617920,
7.044784,RETX,1573,17.431,57.223,200.000,1617920,retx#1
7.045833,ACK,1584,17.488,56.561,100.000,1618944,base=1562
7.047050,SEND,1597,17.488,56.561,100.000,1618944,
7.048304,ACK,1585,17.546,56.274,100.000,1619968,base=1562
7.048628,RETX,1562,17.546,56.274,100.000,1619968,retx#2
7.048725,ACK,1586,17.603,55.812,100.000,1620992,base=1562
7.048784,ACK,1587,17.659,55.398,100.000,1622016,base=1562
7.048839,ACK,1562,17.716,55.398,100.000,1623040,base=1565
7.050098,SEND,1598,17.716,55.398,100.000,1623040,
7.050277,SEND,1599,17.716,55.398,100.000,1623040,
7.050453,SEND,1600,17.716,55.398,100.000,1623040,
7.050667,SEND,1601,17.716,55.398,100.000,1623040,
7.069890,ACK,1588,17.772,54.487,100.000,1624064,base=1565
7.069959,ACK,1589,17.829,53.675,100.000,1625088,base=1565
7.070239,ACK,1565,17.885,53.675,100.000,1626112,base=1573
7.070285,ACK,1590,17.941,52.642,100.000,1627136,base=1573
7.070329,ACK,1591,17.996,51.725,100.000,1628160,base=1573
7.070371,ACK,1592,18.052,50.909,100.000,1629184,base=1573
7.070717,RETX,1573,18.052,50.909,100.000,1629184,retx#2
7.070796,ACK,1593,18.107,50.230,100.000,1630208,base=1573
7.070832,ACK,1594,18.163,49.623,100.000,1631232,base=1573
7.070953,ACK,1595,18.218,49.075,100.000,1632256,base=1573
7.071003,ACK,1596,18.273,48.595,100.000,1633280,base=1573
7.071823,SEND,1602,18.273,48.595,100.000,1633280,
7.072041,SEND,1603,18.273,48.595,100.000,1633280,
7.072217,SEND,1604,18.273,48.595,100.000,1633280,
7.072389,SEND,1605,18.273,48.595,100.000,1633280,
7.072559,SEND,1606,18.273,48.595,100.000,1633280,
7.072752,SEND,1607,18.273,48.595,100.000,1633280,
7.072922,SEND,1608,18.273,48.595,100.000,1633280,
7.073095,SEND,1609,18.273,48.595,100.000,1633280,
7.073266,SEND,1610,18.273,48.595,100.000,1633280,
7.073435,SEND,1611,18.273,48.595,100.000,1633280,
7.073604,SEND,1612,18.273,48.595,100.000,1633280,
7.075206,TIMEOUT,1583,18.273,48.595,200.000,1633280,
7.075505,RETX,1583,18.273,48.595,200.000,1633280,retx#1
7.091145,ACK,1573,18.327,48.595,200.000,1634304,base=1583
7.091216,ACK,1597,18.382,48.040,100.000,1635328,base=1583
7.091249,DUPACK,1562,18.382,,,1635328,
7.091922,SEND,1613,18.382,48.040,100.000,1635328,
7.092109,SEND,1614,18.382,48.040,100.000,1635328,
7.092137,STATS,-1,18.382,48.040,100.000,1635328,base=1583 next=1615 inflight=18
7.101789,ACK,1598,18.436,48.493,100.000,1636352,base=1583
7.101868,ACK,1599,18.491,48.880,100.000,1637376,base=1583
7.103103,RETX,1583,16.436,48.880,100.000,1637376,retx#2
7.103298,ACK,1600,16.497,49.373,100.000,1638400,base=1583
7.103369,ACK,1601,16.557,49.788,100.000,1639424,base=1583
7.104486,SEND,1615,16.557,49.788,100.000,1639424,
7.104707,SEND,1616,16.557,49.788,100.000,1639424,
7.112704,DUPACK,1573,16.557,,,1639424,
7.115670,ACK,1602,16.618,49.041,100.000,1640448,base=1583
7.116738,SEND,1617,16.618,49.041,100.000,1640448,
7.120560,ACK,1603,16.678,48.975,100.000,1641472,base=1583
7.120604,ACK,1604,16.738,48.901,100.000,1642496,base=1583
7.120647,ACK,1605,16.798,48.820,100.000,1643520,base=1583
7.120685,ACK,1606,16.857,48.732,100.000,1644544,base=1583
7.120719,ACK,1607,16.917,48.636,100.000,1645568,base=1583
7.120752,ACK,1608,16.976,48.535,100.000,1646592,base=1583
7.120783,ACK,1610,17.035,48.407,100.000,1647616,base=1583
7.120814,ACK,1612,17.093,48.257,100.000,1648640,base=1583
7.120842,NAK,1611,17.093,,,1648640,
7.121096,RETX,1611,17.093,48.257,100.000,1648640,retx#1
7.122446,SEND,1618,17.093,48.257,100.000,1648640,
7.122708,SEND,1619,17.093,48.257,100.000,1648640,
7.122936,SEND,1620,17.093,48.257,100.000,1648640,
7.123165,SEND,1621,17.093,48.257,100.000,1648640,
7.123395,SEND,1622,17.093,48.257,100.000,1648640,
7.123631,SEND,1623,17.093,48.257,100.000,1648640,
7.123922,SEND,1624,17.093,48.257,100.000,1648640,
7.124158,SEND,1625,17.093,48.257,100.000,1648640,
7.124349,SEND,1626,17.093,48.257,100.000,1648640,
7.124543,ACK,1613,17.152,46.302,100.000,1649664,base=1583
7.126452,SEND,1627,17.152,46.302,100.000,1649664,
7.133124,ACK,1614,17.210,45.640,100.000,1650688,base=1583
7.134174,SEND,1628,17.210,45.640,100.000,1650688,
7.149947,ACK,1583,17.268,45.640,100.000,1651712,base=1609
7.151695,SEND,1629,17.268,45.640,100.000,1651712,
7.151775,ACK,1615,17.326,45.845,100.000,1652736,base=1609
7.151820,ACK,1616,17.384,46.003,100.000,1653760,base=1609
7.151854,ACK,1617,17.441,44.642,100.000,1654784,base=1609
7.152107,RETX,1609,17.441,44.642,100.000,1654784,retx#1
7.154224,SEND,1630,17.441,44.642,100.000,1654784,
7.154528,SEND,1631,17.441,44.642,100.000,1654784,
7.154720,SEND,1632,17.441,44.642,100.000,1654784,
7.172155,ACK,1611,17.499,44.642,100.000,1655808,base=1609
7.172419,ACK,1618,17.556,45.307,100.000,1656832,base=1609
7.172474,ACK,1619,17.613,45.863,100.000,1657856,base=1609
7.172521,ACK,1620,17.670,46.328,100.000,1658880,base=1609
7.172589,ACK,1622,17.726,46.685,100.000,1659904,base=1609
7.172637,ACK,1623,17.783,46.974,100.000,1660928,base=1609
7.172679,ACK,1624,17.839,47.197,100.000,1661952,base=1609
7.172724,ACK,1625,17.895,47.367,100.000,1662976,base=1609
7.172764,ACK,1626,17.951,47.497,100.000,1664000,base=1609
7.172803,ACK,1627,18.007,47.353,100.000,1665024,base=1609
7.173517,SEND,1633,18.007,47.353,100.000,1665024,
7.173734,SEND,1634,18.007,47.353,100.000,1665024,
7.173939,SEND,1635,18.007,47.353,100.000,1665024,
7.174145,SEND,1636,18.007,47.353,100.000,1665024,
7.174355,SEND,1637,18.007,47.353,100.000,1665024,
7.174561,SEND,1638,18.007,47.353,100.000,1665024,
7.174772,SEND,1639,18.007,47.353,100.000,1665024,
7.174981,SEND,1640,18.007,47.353,100.000,1665024,
7.175196,SEND,1641,18.007,47.353,100.000,1665024,
7.175508,SEND,1642,18.007,47.353,100.000,1665024,
7.175918,SEND,1643,18.007,47.353,100.000,1665024,
7.180592,ACK,1628,18.062,47.232,100.000,1666048,base=1609
7.181317,SEND,1644,18.062,47.232,100.000,1666048,
7.193935,STATS,-1,18.062,47.232,100.000,1666048,base=1609 next=1645 inflight=18
7.197239,ACK,1629,18.117,47.016,100.000,1667072,base=1609
7.197373,ACK,1609,18.173,47.016,100.000,1668096,base=1621
7.197712,SEND,1645,18.173,47.016,100.000,1668096,
7.197984,SEND,1646,18.173,47.016,100.000,1668096,
7.198963,ACK,1630,18.228,46.730,100.000,1669120,base=1621
7.199177,ACK,1631,18.282,46.460,100.000,1670144,base=1621
7.199237,ACK,1632,18.337,46.216,100.000,1671168,base=1621
7.199453,RETX,1621,16.300,46.216,100.000,1671168,retx#1
7.200275,SEND,1647,16.300,46.216,100.000,1671168,
7.208293,ACK,1633,16.361,44.783,100.000,1672192,base=1621
7.209934,SEND,1648,16.361,44.783,100.000,1672192,
7.210734,ACK,1634,16.422,43.808,100.000,1673216,base=1621
7.212208,SEND,1649,16.422,43.808,100.000,1673216,
7.218061,ACK,1635,16.483,43.844,100.000,1674240,base=1621
7.219247,SEND,1650,16.483,43.844,100.000,1674240,
7.223678,ACK,1636,16.544,44.552,100.000,1675264,base=1621
7.223747,ACK,1637,16.604,45.157,100.000,1676288,base=1621
7.223784,ACK,1638,16.664,45.664,100.000,1677312,base=1621
7.223818,ACK,1639,16.724,46.086,100.000,1678336,base=1621
7.223862,ACK,1640,16.784,46.435,100.000,1679360,base=1621
7.225321,SEND,1651,16.784,46.435,100.000,1679360,
7.225509,SEND,1652,16.784,46.435,100.000,1679360,
7.225675,SEND,1653,16.784,46.435,100.000,1679360,
7.225844,SEND,1654,16.784,46.435,100.000,1679360,
7.226042,SEND,1655,16.784,46.435,100.000,1679360,
7.226183,ACK,1641,16.844,47.000,100.000,1680384,base=1621
7.227153,ACK,1643,16.903,47.528,100.000,1681408,base=1621
7.227209,NAK,1642,16.903,,,1681408,
7.227424,RETX,1642,16.903,47.528,100.000,1681408,retx#1
7.228322,SEND,1656,16.903,47.528,100.000,1681408,
7.228513,SEND,1657,16.903,47.528,100.000,1681408,
7.240797,ACK,1645,16.962,46.970,100.000,1682432,base=1621
7.240864,ACK,1646,17.021,46.459,100.000,1683456,base=1621
7.242659,SEND,1658,17.021,46.459,100.000,1683456,
7.242860,SEND,1659,17.021,46.459,100.000,1683456,
7.243034,SEND,1660,17.021,46.459,100.000,1683456,
7.246576,ACK,1621,17.080,46.459,100.000,1684480,base=1642
7.246673,ACK,1647,17.139,46.449,100.000,1685504,base=1642
7.247782,SEND,1661,17.139,46.449,100.000,1685504,
7.248051,SEND,1662,17.139,46.449,100.000,1685504,
7.254361,ACK,1648,17.197,46.194,100.000,1686528,base=1642
7.254416,ACK,1649,17.255,45.696,100.000,1687552,base=1642
7.254631,RETX,1642,17.255,45.696,100.000,1687552,retx#2
7.256265,SEND,1663,17.255,45.696,100.000,1687552,
7.256459,SEND,1664,17.255,45.696,100.000,1687552,
7.268600,ACK,1650,17.313,46.154,100.000,1688576,base=1642
7.270385,SEND,1665,17.313,46.154,100.000,1688576,
7.273961,ACK,1651,17.371,46.462,100.000,1689600,base=1642
7.274030,ACK,1652,17.428,46.718,100.000,1690624,base=1642
7.274414,SEND,1666,17.428,46.718,100.000,1690624,
7.274618,SEND,1667,17.428,46.718,100.000,1690624,
7.277364,ACK,1655,17.486,47.291,100.000,1691648,base=1642
7.277422,NAK,1653,17.486,,,1691648,
7.277647,RETX,1653,17.486,47.291,100.000,1691648,retx#1
7.277704,NAK,1654,17.486,,,1691648,
7.277878,RETX,1654,17.486,47.291,100.000,1691648,retx#1
7.277915,ACK,1642,17.543,47.291,100.000,1692672,base=1644
7.277954,ACK,1656,17.600,47.584,100.000,1693696,base=1644
7.278639,SEND,1668,17.600,47.584,100.000,1693696,
7.278837,SEND,1669,17.600,47.584,100.000,1693696,
7.279015,SEND,1670,17.600,47.584,100.000,1693696,
7.282858,TIMEOUT,1644,17.600,47.584,200.000,1693696,
7.283162,RETX,1644,17.600,47.584,200.000,1693696,retx#1
7.289034,ACK,1658,17.657,47.431,100.000,1694720,base=1644
7.290751,SEND,1671,17.657,47.431,100.000,1694720,
7.294632,ACK,1659,17.713,47.970,100.000,1695744,base=1644
7.294900,RETX,1644,17.713,47.970,100.000,1695744,retx#2
7.295144,SEND,1672,17.713,47.970,100.000,1695744,
7.295170,STATS,-1,17.713,47.970,100.000,1695744,base=1644 next=1673 inflight=17
7.296129,ACK,1660,17.770,48.609,100.000,1696768,base=1644
7.297365,SEND,1673,17.770,48.609,100.000,1696768,
7.300967,ACK,1661,17.826,49.178,100.000,1697792,base=1644
7.301304,SEND,1674,17.826,49.178,100.000,1697792,
7.301921,ACK,1662,17.882,49.762,100.000,1698816,base=1644
7.302004,DUPACK,1642,17.882,,,1698816,
7.302047,ACK,1664,17.938,49.239,100.000,1699840,base=1644
7.303335,SEND,1675,17.938,49.239,100.000,1699840,
7.303548,SEND,1676,17.938,49.239,100.000,1699840,
7.306589,ACK,1665,17.994,47.607,100.000,1700864,base=1644
7.307673,SEND,1677,17.994,47.607,100.000,1700864,
7.319382,ACK,1666,18.049,47.273,100.000,1701888,base=1644
7.319680,SEND,1678,18.049,47.273,100.000,1701888,
7.319961,SEND,1679,18.049,47.273,100.000,1701888,
7.320121,ACK,1653,18.105,47.273,100.000,1702912,base=1644
7.322022,SEND,1680,18.105,47.273,100.000,1702912,
7.329255,TIMEOUT,1657,18.105,47.273,200.000,1702912,
7.329530,RETX,1657,18.105,47.273,200.000,1702912,retx#1
7.329703,ACK,1668,18.160,47.745,100.000,1703936,base=1644
7.330016,NAK,1654,18.160,,,1703936,
7.330231,RETX,1654,18.160,47.745,100.000,1703936,retx#2
7.330287,ACK,1669,18.215,48.207,100.000,1704960,base=1644
7.330327,ACK,1644,18.270,48.207,100.000,1705984,base=1654
7.330362,ACK,1671,18.325,47.132,100.000,1707008,base=1654
7.332352,SEND,1681,18.325,47.132,100.000,1707008,
7.332580,SEND,1682,18.325,47.132,100.000,1707008,
7.332759,SEND,1683,18.325,47.132,100.000,1707008,
7.332933,SEND,1684,18.325,47.132,100.000,1707008,
7.340211,DUPACK,1644,18.325,,,1707008,
7.340358,ACK,1672,18.379,46.890,100.000,1708032,base=1654
7.341780,ACK,1673,18.434,46.579,100.000,1709056,base=1654
7.342259,RETX,1654,16.386,46.579,100.000,1709056,retx#3
7.348751,ACK,1674,16.447,46.684,100.000,1710080,base=1654
7.348814,ACK,1675,16.507,46.534,100.000,1711104,base=1654
7.348859,ACK,1676,16.568,46.380,100.000,1712128,base=1654
7.351067,SEND,1685,16.568,46.380,100.000,1712128,
7.351713,SEND,1686,16.568,46.380,100.000,1712128,
7.352063,SEND,1687,16.568,46.380,100.000,1712128,
7.358176,TIMEOUT,1663,16.568,46.380,200.000,1712128,
7.358464,RETX,1663,16.568,46.380,200.000,1712128,retx#1
7.361456,ACK,1678,16.628,45.802,100.000,1713152,base=1654
7.363781,SEND,1688,16.628,45.802,100.000,1713152,
7.370035,ACK,1680,16.688,46.076,100.000,1714176,base=1654
7.370756,SEND,1689,16.688,46.076,100.000,1714176,
7.370892,NAK,1679,16.688,,,1714176,
7.371127,RETX,1679,16.688,46.076,100.000,1714176,retx#1
7.371684,ACK,1657,16.748,46.076,100.000,1715200,base=1654
7.372804,SEND,1690,16.748,46.076,100.000,1715200,
7.373696,ACK,1681,16.808,45.481,100.000,1716224,base=1654
7.375074,SEND,1691,16.808,45.481,100.000,1716224,
7.375104,TIMEOUT,1667,16.808,45.481,200.000,1716224,
7.375282,RETX,1667,16.808,45.481,200.000,1716224,retx#1
7.377009,ACK,1682,16.868,45.347,100.000,1717248,base=1654
7.377061,NAK,1654,16.868,,,1717248,
7.377396,RETX,1654,16.868,45.347,100.000,1717248,retx#4
7.377602,SEND,1692,16.868,45.347,100.000,1717248,
7.377704,ACK,1683,16.927,45.296,100.000,1718272,base=1654
7.379835,SEND,1693,16.927,45.296,100.000,1718272,
7.379872,TIMEOUT,1670,16.927,45.296,200.000,1718272,
7.380066,RETX,1670,16.927,45.296,200.000,1718272,retx#1
7.393088,ACK,1685,16.986,44.884,100.000,1719296,base=1654
7.393346,ACK,1687,17.045,44.433,100.000,1720320,base=1654
7.395887,SEND,1694,17.045,44.433,100.000,1720320,
7.396190,SEND,1695,17.045,44.433,100.000,1720320,
7.396461,SEND,1696,17.045,44.433,100.000,1720320,
7.396502,STATS,-1,17.045,44.433,100.000,1720320,base=1654 next=1697 inflight=17
7.398099,NAK,1686,17.045,,,1720320,
7.398396,RETX,1686,17.045,44.433,100.000,1720320,retx#1
7.398520,ACK,1663,17.104,44.433,100.000,1721344,base=1654
7.400685,SEND,1697,17.104,44.433,100.000,1721344,
7.408451,TIMEOUT,1677,17.104,44.433,200.000,1721344,
7.408754,RETX,1677,17.104,44.433,200.000,1721344,retx#1
7.414549,ACK,1688,17.162,45.240,100.000,1722368,base=1654
7.414657,ACK,1689,17.220,45.072,100.000,1723392,base=1654
7.416881,SEND,1698,17.220,45.072,100.000,1723392,
7.417528,SEND,1699,17.220,45.072,100.000,1723392,
7.422497,NAK,1679,17.220,,,1723392,
7.422882,RETX,1679,17.220,45.072,100.000,1723392,retx#2
7.423724,ACK,1679,17.278,45.072,100.000,1724416,base=1654
7.424155,ACK,1690,17.336,45.854,100.000,1725440,base=1654
7.424707,ACK,1691,17.394,46.324,100.000,1726464,base=1654
7.424777,ACK,1667,17.451,46.324,100.000,1727488,base=1654
7.424842,ACK,1654,17.509,46.324,100.000,1728512,base=1670
7.425730,SEND,1700,17.509,46.324,100.000,1728512,
7.426017,SEND,1701,17.509,46.324,100.000,1728512,
7.426283,SEND,1702,17.509,46.324,100.000,1728512,
7.426590,SEND,1703,17.509,46.324,100.000,1728512,
7.426863,SEND,1704,17.509,46.324,100.000,1728512,
7.427060,ACK,1692,17.566,46.714,100.000,1729536,base=1670
7.427145,ACK,1693,17.623,46.788,100.000,1730560,base=1670
7.428794,SEND,1705,17.623,46.788,100.000,1730560,
7.429262,SEND,1706,17.623,46.788,100.000,1730560,
7.430264,ACK,1670,17.679,46.788,100.000,1731584,base=1677
7.431494,SEND,1707,17.679,46.788,100.000,1731584,
7.433493,TIMEOUT,1684,17.679,46.788,200.000,1731584,
7.433912,RETX,1684,17.679,46.788,200.000,1731584,retx#1
7.438364,ACK,1694,17.736,46.239,100.000,1732608,base=1677
7.440301,SEND,1708,17.736,46.239,100.000,1732608,
7.443161,ACK,1695,17.792,46.327,100.000,1733632,base=1677
7.443237,NAK,1686,17.792,,,1733632,
7.443616,RETX,1686,17.792,46.327,100.000,1733632,retx#2
7.444253,SEND,1709,17.792,46.327,100.000,1733632,
7.446972,ACK,1696,17.849,46.846,100.000,1734656,base=1677
7.447395,RETX,1677,17.849,46.846,100.000,1734656,retx#2
7.447686,ACK,1686,17.905,46.846,100.000,1735680,base=1677
7.448104,ACK,1697,17.960,46.916,100.000,1736704,base=1677
7.448425,SEND,1710,17.960,46.916,100.000,1736704,
7.448699,SEND,1711,17.960,46.916,100.000,1736704,
7.449369,SEND,1712,17.960,46.916,100.000,1736704,
7.449511,ACK,1677,18.016,46.916,100.000,1737728,base=1684
7.451526,SEND,1713,18.016,46.916,100.000,1737728,
7.451897,SEND,1714,18.016,46.916,100.000,1737728,
7.463257,ACK,1698,18.072,46.845,100.000,1738752,base=1684
7.463347,ACK,1699,18.127,46.716,100.000,1739776,base=1684
7.464434,SEND,1715,18.127,46.716,100.000,1739776,
7.464667,SEND,1716,18.127,46.716,100.000,1739776,
7.468377,DUPACK,1679,18.127,,,1739776,
7.468519,ACK,1700,18.182,46.216,100.000,1740800,base=1684
7.468791,RETX,1684,18.182,46.216,100.000,1740800,retx#2
7.468977,ACK,1701,18.237,45.808,100.000,1741824,base=1684
7.469253,SEND,1717,18.237,45.808,100.000,1741824,
7.469913,SEND,1718,18.237,45.808,100.000,1741824,
7.471239,ACK,1705,18.292,45.386,100.000,1742848,base=1684
7.471394,NAK,1704,18.292,,,1742848,
7.471604,RETX,1704,18.292,45.386,100.000,1742848,retx#1
7.471894,SEND,1719,18.292,45.386,100.000,1742848,
7.475803,ACK,1707,18.347,45.249,100.000,1743872,base=1684
7.475861,ACK,1684,18.401,45.249,100.000,1744896,base=1702
7.477151,SEND,1720,18.401,45.249,100.000,1744896,
7.477338,SEND,1721,18.401,45.249,100.000,1744896,
7.486431,ACK,1708,18.456,45.336,100.000,1745920,base=1702
7.486814,SEND,1722,18.456,45.336,100.000,1745920,
7.486952,DUPACK,1686,18.456,,,1745920,
7.494158,ACK,1709,18.510,45.903,100.000,1746944,base=1702
7.494473,SEND,1723,18.510,45.903,100.000,1746944,
7.494560,ACK,1710,18.564,45.931,100.000,1747968,base=1702
7.494812,RETX,1702,16.501,45.931,100.000,1747968,retx#1
7.498340,STATS,-1,16.501,45.931,100.000,1747968,base=1702 next=1724 inflight=17
7.500690,ACK,1711,16.562,46.684,100.000,1748992,base=1702
7.500784,ACK,1712,16.622,47.275,100.000,1750016,base=1702
7.500841,ACK,1713,16.682,47.531,100.000,1751040,base=1702
7.501101,ACK,1714,16.742,47.720,100.000,1752064,base=1702
7.501190,ACK,1715,16.802,46.349,100.000,1753088,base=1702
7.502410,SEND,1724,16.802,46.349,100.000,1753088,
7.502931,SEND,1725,16.802,46.349,100.000,1753088,
7.503496,SEND,1726,16.802,46.349,100.000,1753088,
7.504008,SEND,1727,16.802,46.349,100.000,1753088,
7.511519,ACK,1716,16.861,46.408,100.000,1754112,base=1702
7.511596,DUPACK,1684,16.861,,,1754112,
7.512191,SEND,1728,16.861,46.408,100.000,1754112,
7.515611,ACK,1717,16.921,46.399,100.000,1755136,base=1702
7.515671,ACK,1718,16.980,46.327,100.000,1756160,base=1702
7.515709,ACK,1704,17.039,46.327,100.000,1757184,base=1702
7.516613,SEND,1729,17.039,46.327,100.000,1757184,
7.516833,SEND,1730,17.039,46.327,100.000,1757184,
7.517039,SEND,1731,17.039,46.327,100.000,1757184,
7.517252,SEND,1732,17.039,46.327,100.000,1757184,
7.520633,ACK,1720,17.097,45.968,100.000,1758208,base=1702
7.522333,SEND,1733,17.097,45.968,100.000,1758208,
7.528123,TIMEOUT,1703,17.097,45.968,200.000,1758208,
7.528389,RETX,1703,17.097,45.968,200.000,1758208,retx#1
7.532045,ACK,1721,17.156,47.057,100.000,1759232,base=1702
7.532107,ACK,1722,17.214,46.837,100.000,1760256,base=1702
7.534245,SEND,1734,17.214,46.837,100.000,1760256,
7.534442,SEND,1735,17.214,46.837,100.000,1760256,
7.534468,TIMEOUT,1706,17.214,46.837,200.000,1760256,
7.534822,RETX,1706,17.214,46.837,200.000,1760256,retx#1
7.535064,ACK,1723,17.272,46.054,100.000,1761280,base=1702
7.536344,ACK,1702,17.330,46.054,100.000,1762304,base=1703
7.537642,SEND,1736,17.330,46.054,100.000,1762304,
7.537876,SEND,1737,17.330,46.054,100.000,1762304,
7.539943,ACK,1724,17.388,44.991,100.000,1763328,base=1703
7.541860,SEND,1738,17.388,44.991,100.000,1763328,
7.547744,ACK,1725,17.445,44.967,100.000,1764352,base=1703
7.547945,ACK,1726,17.503,44.901,100.000,1765376,base=1703
7.548182,RETX,1703,17.503,44.901,100.000,1765376,retx#2
7.548238,ACK,1727,17.560,44.816,100.000,1766400,base=1703
7.550092,SEND,1739,17.560,44.816,100.000,1766400,
7.550347,SEND,1740,17.560,44.816,100.000,1766400,
7.550646,SEND,1741,17.560,44.816,100.000,1766400,
7.561119,ACK,1728,17.617,45.329,100.000,1767424,base=1703
7.561156,ACK,1729,17.674,45.231,100.000,1768448,base=1703
7.562231,SEND,1742,17.674,45.231,100.000,1768448,
7.562412,SEND,1743,17.674,45.231,100.000,1768448,
7.562486,ACK,1730,17.730,45.283,100.000,1769472,base=1703
7.562523,ACK,1731,17.787,45.308,100.000,1770496,base=1703
7.563336,ACK,1732,17.843,45.404,100.000,1771520,base=1703
7.563968,ACK,1733,17.899,44.932,100.000,1772544,base=1703
7.564472,SEND,1744,17.899,44.932,100.000,1772544,
7.564658,SEND,1745,17.899,44.932,100.000,1772544,
7.564838,SEND,1746,17.899,44.932,100.000,1772544,
7.565017,SEND,1747,17.899,44.932,100.000,1772544,
7.572477,TIMEOUT,1719,17.899,44.932,200.000,1772544,
7.572694,RETX,1719,17.899,44.932,200.000,1772544,retx#1
7.573336,ACK,1703,17.955,44.932,200.000,1773568,base=1706
7.575416,SEND,1748,17.955,44.932,200.000,1773568,
7.576027,ACK,1734,18.010,44.538,100.000,1774592,base=1706
7.576064,ACK,1735,18.066,44.173,100.000,1775616,base=1706
7.576096,ACK,1706,18.121,44.173,100.000,1776640,base=1719
7.578141,SEND,1749,18.121,44.173,100.000,1776640,
7.578326,SEND,1750,18.121,44.173,100.000,1776640,
7.578516,SEND,1751,18.121,44.173,100.000,1776640,
7.578696,SEND,1752,18.121,44.173,100.000,1776640,
7.585234,ACK,1736,18.176,44.599,100.000,1777664,base=1719
7.585623,SEND,1753,18.176,44.599,100.000,1777664,
7.585690,ACK,1737,18.231,45.000,100.000,1778688,base=1719
7.587591,SEND,1754,18.231,45.000,100.000,1778688,
7.590736,ACK,1738,18.286,45.484,100.000,1779712,base=1719
7.590931,RETX,1719,18.286,45.484,100.000,1779712,retx#2
7.591167,SEND,1755,18.286,45.484,100.000,1779712,
7.594926,ACK,1739,18.341,45.417,100.000,1780736,base=1719
7.594959,ACK,1740,18.396,45.316,100.000,1781760,base=1719
7.594986,ACK,1741,18.450,45.194,100.000,1782784,base=1719
7.596636,SEND,1756,18.450,45.194,100.000,1782784,
7.596818,SEND,1757,18.450,45.194,100.000,1782784,
7.596997,SEND,1758,18.450,45.194,100.000,1782784,
7.598771,STATS,-1,18.450,45.194,100.000,1782784,base=1719 next=1759 inflight=18
7.607234,ACK,1742,18.504,45.169,100.000,1783808,base=1719
7.607819,SEND,1759,18.504,45.169,100.000,1783808,
7.612503,ACK,1743,18.558,45.783,100.000,1784832,base=1719
7.612551,ACK,1744,18.612,46.070,100.000,1785856,base=1719
7.612603,ACK,1745,18.666,46.303,100.000,1786880,base=1719
7.612638,ACK,1746,18.719,46.490,100.000,1787904,base=1719
7.612671,ACK,1747,18.773,46.635,100.000,1788928,base=1719
7.612715,ACK,1719,18.826,46.635,100.000,1789952,base=1748
7.613352,SEND,1760,18.826,46.635,100.000,1789952,
7.613583,SEND,1761,18.826,46.635,100.000,1789952,
7.613813,SEND,1762,18.826,46.635,100.000,1789952,
7.614062,SEND,1763,18.826,46.635,100.000,1789952,
7.614290,SEND,1764,18.826,46.635,100.000,1789952,
7.614522,SEND,1765,18.826,46.635,100.000,1789952,
7.622684,ACK,1748,18.879,46.711,100.000,1790976,base=1749
7.623368,SEND,1766,18.879,46.711,100.000,1790976,
7.626754,ACK,1749,18.932,46.946,100.000,1792000,base=1750
7.626825,ACK,1750,18.985,47.139,100.000,1793024,base=1751
7.626863,ACK,1752,19.038,47.267,100.000,1794048,base=1751
7.626894,NAK,1751,19.038,,,1794048,
7.627159,RETX,1751,16.922,47.267,100.000,1794048,retx#1
7.627477,SEND,1767,16.922,47.267,100.000,1794048,
7.629314,ACK,1754,16.981,46.571,100.000,1795072,base=1751
7.631487,SEND,1768,16.981,46.571,100.000,1795072,
7.634461,DUPACK,1719,16.981,,,1795072,
7.641306,ACK,1755,17.040,47.013,100.000,1796096,base=1751
7.641568,RETX,1751,17.040,47.013,100.000,1796096,retx#2
7.641641,ACK,1756,17.099,46.761,100.000,1797120,base=1751
7.642074,SEND,1769,17.099,46.761,100.000,1797120,
7.642291,SEND,1770,17.099,46.761,100.000,1797120,
7.642500,SEND,1771,17.099,46.761,100.000,1797120,
7.649892,ACK,1757,17.157,47.541,100.000,1798144,base=1751
7.650303,SEND,1772,17.157,47.541,100.000,1798144,
7.650420,ACK,1758,17.216,48.272,100.000,1799168,base=1751
7.650527,ACK,1759,17.274,47.576,100.000,1800192,base=1751
7.650585,ACK,1760,17.332,46.282,100.000,1801216,base=1751
7.652936,SEND,1773,17.332,46.282,100.000,1801216,
7.654561,SEND,1774,17.332,46.282,100.000,1801216,
7.655349,SEND,1775,17.332,46.282,100.000,1801216,
7.664745,ACK,1761,17.389,46.889,100.000,1802240,base=1751
7.666958,SEND,1776,17.389,46.889,100.000,1802240,
7.667498,ACK,1762,17.447,47.736,100.000,1803264,base=1751
7.667553,ACK,1763,17.504,48.455,100.000,1804288,base=1751
7.667594,ACK,1764,17.561,49.060,100.000,1805312,base=1751
7.667905,ACK,1765,17.618,49.599,100.000,1806336,base=1751
7.667955,ACK,1766,17.675,48.973,100.000,1807360,base=1751
7.669223,SEND,1777,17.675,48.973,100.000,1807360,
7.669409,SEND,1778,17.675,48.973,100.000,1807360,
7.669699,SEND,1779,17.675,48.973,100.000,1807360,
7.669919,SEND,1780,17.675,48.973,100.000,1807360,
7.670093,SEND,1781,17.675,48.973,100.000,1807360,
7.674244,ACK,1751,17.732,48.973,100.000,1808384,base=1753
7.675593,SEND,1782,17.732,48.973,100.000,1808384,
7.681493,ACK,1767,17.788,49.601,100.000,1809408,base=1753
7.683325,SEND,1783,17.788,49.601,100.000,1809408,
7.684298,ACK,1768,17.844,49.999,100.000,1810432,base=1753
7.684362,DUPACK,1751,17.844,,,1810432,
7.686042,SEND,1784,17.844,49.999,100.000,1810432,
7.686077,TIMEOUT,1753,17.844,49.999,200.000,1810432,
7.686319,RETX,1753,17.844,49.999,200.000,1810432,retx#1
7.686425,ACK,1769,17.900,49.292,100.000,1811456,base=1753
7.686639,RETX,1753,17.900,49.292,100.000,1811456,retx#2
7.686819,ACK,1770,17.956,48.695,100.000,1812480,base=1753
7.686899,ACK,1771,18.012,48.157,100.000,1813504,base=1753
7.689166,SEND,1785,18.012,48.157,100.000,1813504,
7.689490,SEND,1786,18.012,48.157,100.000,1813504,
7.689790,SEND,1787,18.012,48.157,100.000,1813504,
7.690058,SEND,1788,18.012,48.157,100.000,1813504,
7.690685,ACK,1772,18.067,47.182,100.000,1814528,base=1753
7.692029,SEND,1789,18.067,47.182,100.000,1814528,
7.699577,ACK,1773,18.123,47.112,100.000,1815552,base=1753
7.699785,ACK,1774,18.178,46.875,100.000,1816576,base=1753
7.699852,ACK,1775,18.233,46.580,100.000,1817600,base=1753
7.700881,SEND,1790,18.233,46.580,100.000,1817600,
7.701393,SEND,1791,18.233,46.580,100.000,1817600,
7.701970,SEND,1792,18.233,46.580,100.000,1817600,
7.702021,STATS,-1,18.233,46.580,100.000,1817600,base=1753 next=1793 inflight=18
7.708965,ACK,1776,18.288,46.004,100.000,1818624,base=1753
7.709991,SEND,1793,18.288,46.004,100.000,1818624,
7.715173,ACK,1777,18.342,45.995,100.000,1819648,base=1753
7.715435,SEND,1794,18.342,45.995,100.000,1819648,
7.715525,ACK,1778,18.397,46.009,100.000,1820672,base=1753
7.718564,SEND,1795,18.397,46.009,100.000,1820672,
7.718951,ACK,1779,18.451,46.411,100.000,1821696,base=1753
7.720872,SEND,1796,18.451,46.411,100.000,1821696,
7.722567,ACK,1781,18.506,47.166,100.000,1822720,base=1753
7.722640,ACK,1782,18.560,47.150,100.000,1823744,base=1753
7.723000,SEND,1797,18.560,47.150,100.000,1823744,
7.723261,SEND,1798,18.560,47.150,100.000,1823744,
7.730877,ACK,1783,18.613,47.197,100.000,1824768,base=1753
7.732632,SEND,1799,18.613,47.197,100.000,1824768,
7.734452,ACK,1784,18.667,47.345,100.000,1825792,base=1753
7.734565,ACK,1753,18.721,47.345,100.000,1826816,base=1780
7.734915,SEND,1800,18.721,47.345,100.000,1826816,
7.735134,SEND,1801,18.721,47.345,100.000,1826816,
7.735260,DUPACK,1753,18.721,,,1826816,
7.735330,ACK,1786,18.774,47.156,100.000,1827840,base=1780
7.735396,NAK,1785,18.774,,,1827840,
7.736270,RETX,1785,16.688,47.156,100.000,1827840,retx#1
7.736395,ACK,1787,16.748,47.085,100.000,1828864,base=1780
7.736475,ACK,1788,16.808,46.997,100.000,1829888,base=1780
7.736707,RETX,1780,16.808,46.997,100.000,1829888,retx#1
7.736769,ACK,1789,16.867,46.714,100.000,1830912,base=1780
7.737116,SEND,1802,16.867,46.714,100.000,1830912,
7.737480,SEND,1803,16.867,46.714,100.000,1830912,
7.740506,ACK,1790,16.927,45.826,100.000,1831936,base=1780
7.741634,SEND,1804,16.927,45.826,100.000,1831936,
7.751564,ACK,1791,16.986,46.366,100.000,1832960,base=1780
7.751770,ACK,1792,17.044,46.794,100.000,1833984,base=1780
7.753619,SEND,1805,17.044,46.794,100.000,1833984,
7.754172,SEND,1806,17.044,46.794,100.000,1833984,
7.754495,SEND,1807,17.044,46.794,100.000,1833984,
7.754861,ACK,1793,17.103,46.551,100.000,1835008,base=1780
7.756888,SEND,1808,17.103,46.551,100.000,1835008,
7.760188,ACK,1794,17.162,46.324,100.000,1836032,base=1780
7.760798,SEND,1809,17.162,46.324,100.000,1836032,
7.761877,ACK,1795,17.220,45.945,100.000,1837056,base=1780
7.761936,ACK,1797,17.278,45.068,100.000,1838080,base=1780
7.762960,SEND,1810,17.278,45.068,100.000,1838080,
7.763206,SEND,1811,17.278,45.068,100.000,1838080,
7.780705,ACK,1799,17.336,45.440,100.000,1839104,base=1780
7.780872,NAK,1798,17.336,,,1839104,
7.781276,RETX,1798,17.336,45.440,100.000,1839104,retx#1
7.781367,ACK,1800,17.394,45.565,100.000,1840128,base=1780
7.781428,ACK,1801,17.451,45.655,100.000,1841152,base=1780
7.781524,ACK,1785,17.508,45.655,100.000,1842176,base=1780
7.782887,SEND,1812,17.508,45.655,100.000,1842176,
7.783200,SEND,1813,17.508,45.655,100.000,1842176,
7.783534,SEND,1814,17.508,45.655,100.000,1842176,
7.783959,SEND,1815,17.508,45.655,100.000,1842176,
7.785860,ACK,1802,17.565,46.038,100.000,1843200,base=1780
7.786343,SEND,1816,17.565,46.038,100.000,1843200,
7.786426,ACK,1803,17.622,46.401,100.000,1844224,base=1780
7.788518,SEND,1817,17.622,46.401,100.000,1844224,
7.789852,ACK,1804,17.679,46.625,100.000,1845248,base=1780
7.790696,SEND,1818,17.679,46.625,100.000,1845248,
7.793901,ACK,1805,17.736,45.828,100.000,1846272,base=1780
7.794795,SEND,1819,17.736,45.828,100.000,1846272,
7.800153,ACK,1806,17.792,45.868,100.000,1847296,base=1780
7.800288,ACK,1807,17.848,45.858,100.000,1848320,base=1780
7.800379,ACK,1808,17.904,45.561,100.000,1849344,base=1780
7.800660,SEND,1820,17.904,45.561,100.000,1849344,
7.801020,SEND,1821,17.904,45.561,100.000,1849344,
7.801244,SEND,1822,17.904,45.561,100.000,1849344,
7.803242,STATS,-1,17.904,45.561,100.000,1849344,base=1780 next=1823 inflight=17
7.807356,ACK,1809,17.960,45.683,100.000,1850368,base=1780
7.807520,ACK,1810,18.016,45.541,100.000,1851392,base=1780
7.807617,ACK,1811,18.071,45.399,100.000,1852416,base=1780
7.808771,SEND,1823,18.071,45.399,100.000,1852416,
7.809054,SEND,1824,18.071,45.399,100.000,1852416,
7.809324,SEND,1825,18.071,45.399,100.000,1852416,
7.809570,SEND,1826,18.071,45.399,100.000,1852416,
7.821910,TIMEOUT,1796,18.071,45.399,200.000,1852416,
7.822439,RETX,1796,18.071,45.399,200.000,1852416,retx#1
7.825053,ACK,1812,18.127,44.992,100.000,1853440,base=1780
7.825394,SEND,1827,18.127,44.992,100.000,1853440,
7.825485,NAK,1798,18.127,,,1853440,
7.825744,RETX,1798,18.127,44.992,100.000,1853440,retx#2
7.826315,ACK,1813,18.182,44.756,100.000,1854464,base=1780
7.827397,SEND,1828,18.182,44.756,100.000,1854464,
7.828890,ACK,1814,18.237,44.831,100.000,1855488,base=1780
7.828925,ACK,1817,18.292,44.278,100.000,1856512,base=1780
7.828949,NAK,1816,18.292,,,1856512,
7.829144,RETX,1816,18.292,44.278,100.000,1856512,retx#1
7.829349,SEND,1829,18.292,44.278,100.000,1856512,
7.829530,SEND,1830,18.292,44.278,100.000,1856512,
7.832756,ACK,1818,18.346,44.000,100.000,1857536,base=1780
7.832998,ACK,1819,18.401,43.275,100.000,1858560,base=1780
7.833299,SEND,1831,18.401,43.275,100.000,1858560,
7.833529,SEND,1832,18.401,43.275,100.000,1858560,
7.837069,TIMEOUT,1780,18.401,43.275,200.000,1858560,
7.837313,RETX,1780,18.401,43.275,200.000,1858560,retx#2
7.846527,ACK,1820,18.455,43.597,100.000,1859584,base=1780
7.847315,SEND,1833,18.455,43.597,100.000,1859584,
7.849622,ACK,1821,18.509,44.217,100.000,1860608,base=1780
7.852349,SEND,1834,18.509,44.217,100.000,1860608,
7.853054,ACK,1822,18.563,45.165,100.000,1861632,base=1780
7.853101,ACK,1823,18.617,45.060,100.000,1862656,base=1780
7.853137,ACK,1825,18.671,44.904,100.000,1863680,base=1780
7.853166,NAK,1824,18.671,,,1863680,
7.853414,RETX,1824,18.671,44.904,100.000,1863680,retx#1
7.853471,ACK,1826,18.725,44.778,100.000,1864704,base=1780
7.854423,SEND,1835,18.725,44.778,100.000,1864704,
7.854658,SEND,1836,18.725,44.778,100.000,1864704,
7.854886,SEND,1837,18.725,44.778,100.000,1864704,
7.855093,SEND,1838,18.725,44.778,100.000,1864704,
7.874646,ACK,1796,18.778,44.778,100.000,1865728,base=1780
7.874713,ACK,1827,18.831,45.344,100.000,1866752,base=1780
7.874754,ACK,1798,18.884,45.344,100.000,1867776,base=1780
7.875040,SEND,1839,18.884,45.344,100.000,1867776,
7.875281,SEND,1840,18.884,45.344,100.000,1867776,
7.875490,SEND,1841,18.884,45.344,100.000,1867776,
7.875614,ACK,1816,18.937,45.344,100.000,1868800,base=1780
7.877528,SEND,1842,18.937,45.344,100.000,1868800,
7.877679,ACK,1829,18.990,45.717,100.000,1869824,base=1780
7.878528,ACK,1830,19.043,46.126,100.000,1870848,base=1780
7.878565,ACK,1831,19.095,46.018,100.000,1871872,base=1780
7.878600,ACK,1832,19.148,45.899,100.000,1872896,base=1780
7.879544,SEND,1843,19.148,45.899,100.000,1872896,
7.879774,SEND,1844,19.148,45.899,100.000,1872896,
7.880002,SEND,1845,19.148,45.899,100.000,1872896,
7.880227,SEND,1846,19.148,45.899,100.000,1872896,
7.880468,SEND,1847,19.148,45.899,100.000,1872896,
7.883098,ACK,1780,19.200,45.899,100.000,1873920,base=1815
7.884194,SEND,1848,19.200,45.899,100.000,1873920,
7.884229,TIMEOUT,1815,17.067,45.899,200.000,1873920,
7.884413,RETX,1815,17.067,45.899,200.000,1873920,retx#1
7.893282,ACK,1833,17.125,45.902,100.000,1874944,base=1815
7.901013,ACK,1834,17.184,46.246,100.000,1875968,base=1815
7.902537,ACK,1824,17.242,46.246,100.000,1876992,base=1815
7.902734,RETX,1815,17.242,46.246,100.000,1876992,retx#2
7.902772,ACK,1835,17.300,46.509,100.000,1878016,base=1815
7.902803,ACK,1836,17.358,46.713,100.000,1879040,base=1815
7.903758,SEND,1849,17.358,46.713,100.000,1879040,
7.903942,SEND,1850,17.358,46.713,100.000,1879040,
7.904120,SEND,1851,17.358,46.713,100.000,1879040,
7.904135,STATS,-1,17.358,46.713,100.000,1879040,base=1815 next=1852 inflight=17
7.904198,ACK,1837,17.415,47.037,100.000,1880064,base=1815
7.904233,ACK,1838,17.473,47.299,100.000,1881088,base=1815
7.906184,SEND,1852,17.473,47.299,100.000,1881088,
7.906365,SEND,1853,17.473,47.299,100.000,1881088,
7.916913,ACK,1839,17.530,46.620,100.000,1882112,base=1815
7.916953,ACK,1840,17.587,46.001,100.000,1883136,base=1815
7.916988,ACK,1841,17.644,45.438,100.000,1884160,base=1815
7.917109,ACK,1842,17.700,44.705,100.000,1885184,base=1815
7.917477,ACK,1843,17.757,43.858,100.000,1886208,base=1815
7.917778,SEND,1854,17.757,43.858,100.000,1886208,
7.918007,SEND,1855,17.757,43.858,100.000,1886208,
7.918233,SEND,1856,17.757,43.858,100.000,1886208,
7.918458,SEND,1857,17.757,43.858,100.000,1886208,
7.918684,SEND,1858,17.757,43.858,100.000,1886208,
7.920900,ACK,1845,17.813,43.484,100.000,1887232,base=1815
7.922760,SEND,1859,17.813,43.484,100.000,1887232,
7.924050,NAK,1844,17.813,,,1887232,
7.924285,RETX,1844,17.813,43.484,100.000,1887232,retx#1
7.924444,ACK,1846,17.869,43.574,100.000,1888256,base=1815
7.924505,ACK,1847,17.925,43.631,100.000,1889280,base=1815
7.926538,SEND,1860,17.925,43.631,100.000,1889280,
7.926793,SEND,1861,17.925,43.631,100.000,1889280,
7.928531,TIMEOUT,1828,17.925,43.631,200.000,1889280,
7.928807,RETX,1828,17.925,43.631,200.000,1889280,retx#1
7.937158,ACK,1848,17.981,44.793,100.000,1890304,base=1815
7.937612,ACK,1815,18.037,44.793,100.000,1891328,base=1828
7.939226,SEND,1862,18.037,44.793,100.000,1891328,
7.939468,SEND,1863,18.037,44.793,100.000,1891328,
7.939715,SEND,1864,18.037,44.793,100.000,1891328,
7.953587,DUPACK,1815,18.037,,,1891328,
7.953904,ACK,1849,18.092,45.459,100.000,1892352,base=1828
7.954007,ACK,1850,18.147,46.033,100.000,1893376,base=1828
7.954073,ACK,1851,18.202,46.522,100.000,1894400,base=1828
7.954472,RETX,1828,18.202,46.522,100.000,1894400,retx#2
7.955061,SEND,1865,18.202,46.522,100.000,1894400,
7.955642,SEND,1866,18.202,46.522,100.000,1894400,
7.955953,SEND,1867,18.202,46.522,100.000,1894400,
7.956192,ACK,1852,18.257,46.956,100.000,1895424,base=1828
7.956347,ACK,1853,18.312,47.333,100.000,1896448,base=1828
7.958005,SEND,1868,18.312,47.333,100.000,1896448,
7.958225,SEND,1869,18.312,47.333,100.000,1896448,
7.961673,ACK,1855,18.367,46.870,100.000,1897472,base=1828
7.961974,ACK,1856,18.421,46.476,100.000,1898496,base=1828
7.962305,SEND,1870,18.421,46.476,100.000,1898496,
7.962554,SEND,1871,18.421,46.476,100.000,1898496,
7.969830,ACK,1857,18.476,47.084,100.000,1899520,base=1828
7.970091,ACK,1858,18.530,47.622,100.000,1900544,base=1828
7.970257,ACK,1844,18.584,47.622,100.000,1901568,base=1828
7.970430,ACK,1860,18.637,47.155,100.000,1902592,base=1828
7.970986,SEND,1872,18.637,47.155,100.000,1902592,
7.971306,SEND,1873,18.637,47.155,100.000,1902592,
7.971674,SEND,1874,18.637,47.155,100.000,1902592,
7.972014,SEND,1875,18.637,47.155,100.000,1902592,
7.972139,NAK,1859,18.637,,,1902592,
7.972370,RETX,1859,18.637,47.155,100.000,1902592,retx#1
7.972754,ACK,1861,18.691,47.003,100.000,1903616,base=1828
7.974345,SEND,1876,18.691,47.003,100.000,1903616,
7.977494,ACK,1828,18.745,47.003,100.000,1904640,base=1854
7.978390,SEND,1877,18.745,47.003,100.000,1904640,
7.984391,ACK,1862,18.798,46.771,100.000,1905664,base=1854
7.984519,ACK,1863,18.851,46.555,100.000,1906688,base=1854
7.986255,SEND,1878,18.851,46.555,100.000,1906688,
7.986439,SEND,1879,18.851,46.555,100.000,1906688,
7.986571,ACK,1864,18.904,46.591,100.000,1907712,base=1854
7.986772,RETX,1854,16.804,46.591,100.000,1907712,retx#1
8.001329,DUPACK,1828,16.804,,,1907712,
8.003025,ACK,1865,16.863,46.735,100.000,1908736,base=1854
8.004301,STATS,-1,16.863,46.735,100.000,1908736,base=1854 next=1880 inflight=16
8.009369,ACK,1866,16.923,47.606,100.000,1909760,base=1854
8.009457,ACK,1867,16.982,48.343,100.000,1910784,base=1854
8.009516,ACK,1868,17.041,48.738,100.000,1911808,base=1854
8.009868,ACK,1869,17.099,49.099,100.000,1912832,base=1854
8.010205,ACK,1870,17.158,48.948,100.000,1913856,base=1854
8.010266,ACK,1871,17.216,48.793,100.000,1914880,base=1854
8.010724,SEND,1880,17.216,48.793,100.000,1914880,
8.011032,SEND,1881,17.216,48.793,100.000,1914880,
8.011302,SEND,1882,17.216,48.793,100.000,1914880,
8.011575,SEND,1883,17.216,48.793,100.000,1914880,
8.011801,SEND,1884,17.216,48.793,100.000,1914880,
8.012032,SEND,1885,17.216,48.793,100.000,1914880,
8.012250,SEND,1886,17.216,48.793,100.000,1914880,
8.013879,ACK,1872,17.274,48.056,100.000,1915904,base=1854
8.013953,ACK,1873,17.332,47.379,100.000,1916928,base=1854
8.014406,SEND,1887,17.332,47.379,100.000,1916928,
8.014625,SEND,1888,17.332,47.379,100.000,1916928,
8.016381,ACK,1874,17.390,47.042,100.000,1917952,base=1854
8.016447,ACK,1875,17.447,46.715,100.000,1918976,base=1854
8.016491,ACK,1859,17.504,46.715,100.000,1920000,base=1854
8.016741,ACK,1876,17.562,46.174,100.000,1921024,base=1854
8.017139,SEND,1889,17.562,46.174,100.000,1921024,
8.017352,SEND,1890,17.562,46.174,100.000,1921024,
8.017682,SEND,1891,17.562,46.174,100.000,1921024,
8.017989,SEND,1892,17.562,46.174,100.000,1921024,
8.020716,ACK,1877,17.619,45.689,100.000,1922048,base=1854
8.022301,SEND,1893,17.619,45.689,100.000,1922048,
8.026132,ACK,1878,17.675,44.959,100.000,1923072,base=1854
8.028067,SEND,1894,17.675,44.959,100.000,1923072,
8.032187,ACK,1879,17.732,45.054,100.000,1924096,base=1854
8.032318,ACK,1854,17.788,45.054,100.000,1925120,base=1880
8.034282,SEND,1895,17.788,45.054,100.000,1925120,
8.034856,SEND,1896,17.788,45.054,100.000,1925120,
8.054579,ACK,1880,17.844,44.900,100.000,1926144,base=1881
8.054674,ACK,1881,17.901,44.741,100.000,1927168,base=1882
8.056366,SEND,1897,17.901,44.741,100.000,1927168,
8.056676,SEND,1898,17.901,44.741,100.000,1927168,
8.063855,ACK,1882,17.956,45.713,100.000,1928192,base=1883
8.063935,ACK,1883,18.012,46.544,100.000,1929216,base=1884
8.064226,SEND,1899,18.012,46.544,100.000,1929216,
8.064481,SEND,1900,18.012,46.544,100.000,1929216,
8.064723,SEND,1901,18.012,46.544,100.000,1929216,
8.065306,ACK,1884,18.068,47.410,100.000,1930240,base=1885
8.065495,ACK,1885,18.123,48.166,100.000,1931264,base=1886
8.065546,ACK,1886,18.178,48.807,100.000,1932288,base=1887
8.065603,ACK,1887,18.233,49.105,100.000,1933312,base=1888
8.065644,ACK,1888,18.288,49.343,100.000,1934336,base=1889
8.065724,ACK,1889,18.343,49.243,100.000,1935360,base=1890
8.065829,ACK,1890,18.397,49.146,100.000,1936384,base=1891
8.066666,SEND,1902,18.397,49.146,100.000,1936384,
8.067024,SEND,1903,18.397,49.146,100.000,1936384,
8.067310,SEND,1904,18.397,49.146,100.000,1936384,
8.067653,SEND,1905,18.397,49.146,100.000,1936384,
8.067872,SEND,1906,18.397,49.146,100.000,1936384,
8.068158,SEND,1907,18.397,49.146,100.000,1936384,
8.068369,SEND,1908,18.397,49.146,100.000,1936384,
8.069552,ACK,1891,18.452,49.480,100.000,1937408,base=1892
8.069627,ACK,1892,18.506,49.749,100.000,1938432,base=1893
8.069675,ACK,1893,18.560,49.452,100.000,1939456,base=1894
8.070660,SEND,1909,18.560,49.452,100.000,1939456,
8.070993,SEND,1910,18.560,49.452,100.000,1939456,
8.071212,SEND,1911,18.560,49.452,100.000,1939456,
8.081606,ACK,1894,18.614,49.960,100.000,1940480,base=1895
8.081696,ACK,1895,18.667,49.641,100.000,1941504,base=1896
8.081753,ACK,1896,18.721,49.297,100.000,1942528,base=1897
8.082765,SEND,1912,18.721,49.297,100.000,1942528,
8.083270,SEND,1913,18.721,49.297,100.000,1942528,
8.083574,SEND,1914,18.721,49.297,100.000,1942528,
8.098218,ACK,1897,18.774,48.364,100.000,1943552,base=1898
8.098296,ACK,1898,18.828,47.520,100.000,1944576,base=1899
8.099021,SEND,1915,18.828,47.520,100.000,1944576,
8.099507,SEND,1916,18.828,47.520,100.000,1944576,
8.102328,ACK,1899,18.881,46.340,100.000,1945600,base=1900
8.103509,SEND,1917,18.881,46.340,100.000,1945600,
8.105258,STATS,-1,18.881,46.340,100.000,1945600,base=1900 next=1918 inflight=18
8.113393,ACK,1900,18.934,46.660,100.000,1946624,base=1901
8.113476,ACK,1901,18.987,46.921,100.000,1947648,base=1902
8.113521,ACK,1902,19.039,46.912,100.000,1948672,base=1903
8.113563,ACK,1903,19.092,46.865,100.000,1949696,base=1904
8.114507,SEND,1918,19.092,46.865,100.000,1949696,
8.114755,SEND,1919,19.092,46.865,100.000,1949696,
8.114980,SEND,1920,19.092,46.865,100.000,1949696,
8.115400,SEND,1921,19.092,46.865,100.000,1949696,
8.116030,SEND,1922,19.092,46.865,100.000,1949696,
8.116648,ACK,1904,19.144,47.161,100.000,1950720,base=1905
8.118040,SEND,1923,19.144,47.161,100.000,1950720,
8.118371,ACK,1905,19.196,47.602,100.000,1951744,base=1906
8.118428,ACK,1906,19.248,47.970,100.000,1952768,base=1907
8.118471,ACK,1907,19.300,48.263,100.000,1953792,base=1908
8.118515,ACK,1909,19.352,48.211,100.000,1954816,base=1908
8.118548,NAK,1908,19.352,,,1954816,
8.118860,RETX,1908,17.202,48.211,100.000,1954816,retx#1
8.119050,ACK,1910,17.260,48.190,100.000,1955840,base=1908
8.119114,ACK,1911,17.318,48.153,100.000,1956864,base=1908
8.119838,RETX,1908,17.318,48.153,100.000,1956864,retx#2
8.120222,SEND,1924,17.318,48.153,100.000,1956864,
8.120459,SEND,1925,17.318,48.153,100.000,1956864,
8.120791,SEND,1926,17.318,48.153,100.000,1956864,
8.121101,SEND,1927,17.318,48.153,100.000,1956864,
8.127900,ACK,1912,17.376,47.774,100.000,1957888,base=1908
8.127963,ACK,1913,17.433,47.388,100.000,1958912,base=1908
8.128912,SEND,1928,17.433,47.388,100.000,1958912,
8.129235,SEND,1929,17.433,47.388,100.000,1958912,
8.137758,ACK,1915,17.491,46.268,100.000,1959936,base=1908
8.139211,SEND,1930,17.491,46.268,100.000,1959936,
8.140166,NAK,1914,17.491,,,1959936,
8.140444,RETX,1914,17.491,46.268,100.000,1959936,retx#1
8.147865,ACK,1916,17.548,46.525,100.000,1960960,base=1908
8.148046,ACK,1917,17.605,46.276,100.000,1961984,base=1908
8.149019,SEND,1931,17.605,46.276,100.000,1961984,
8.149387,SEND,1932,17.605,46.276,100.000,1961984,
8.162839,ACK,1918,17.662,46.529,100.000,1963008,base=1908
8.162958,ACK,1919,17.718,46.737,100.000,1964032,base=1908
8.164846,SEND,1933,17.718,46.737,100.000,1964032,
8.165293,SEND,1934,17.718,46.737,100.000,1964032,
8.167943,ACK,1920,17.775,47.512,100.000,1965056,base=1908
8.168009,ACK,1921,17.831,48.150,100.000,1966080,base=1908
8.168128,ACK,1922,17.887,48.643,100.000,1967104,base=1908
8.168256,ACK,1923,17.943,48.839,100.000,1968128,base=1908
8.168326,ACK,1908,17.999,48.839,100.000,1969152,base=1914
8.169913,SEND,1935,17.999,48.839,100.000,1969152,
8.170178,SEND,1936,17.999,48.839,100.000,1969152,
8.170445,SEND,1937,17.999,48.839,100.000,1969152,
8.170795,SEND,1938,17.999,48.839,100.000,1969152,
8.171399,SEND,1939,17.999,48.839,100.000,1969152,
8.171675,DUPACK,1908,17.999,,,1969152,
8.171751,ACK,1924,18.054,49.173,100.000,1970176,base=1914
8.171843,ACK,1925,18.110,49.448,100.000,1971200,base=1914
8.171894,ACK,1926,18.165,49.655,100.000,1972224,base=1914
8.172145,RETX,1914,18.165,49.655,100.000,1972224,retx#2
8.172245,ACK,1927,18.220,49.840,100.000,1973248,base=1914
8.172293,ACK,1928,18.275,49.032,100.000,1974272,base=1914
8.172431,ACK,1929,18.329,48.302,100.000,1975296,base=1914
8.173557,SEND,1940,18.329,48.302,100.000,1975296,
8.173789,SEND,1941,18.329,48.302,100.000,1975296,
8.174016,SEND,1942,18.329,48.302,100.000,1975296,
8.174259,SEND,1943,18.329,48.302,100.000,1975296,
8.174488,SEND,1944,18.329,48.302,100.000,1975296,
8.174739,SEND,1945,18.329,48.302,100.000,1975296,
8.174972,SEND,1946,18.329,48.302,100.000,1975296,
8.190765,ACK,1930,18.384,48.707,100.000,1976320,base=1914
8.190847,ACK,1914,18.438,48.707,100.000,1977344,base=1931
8.190893,ACK,1931,18.493,47.852,100.000,1978368,base=1932
8.192007,SEND,1947,18.493,47.852,100.000,1978368,
8.192233,SEND,1948,18.493,47.852,100.000,1978368,
8.192627,SEND,1949,18.493,47.852,100.000,1978368,
8.192766,ACK,1932,18.547,47.290,100.000,1979392,base=1933
8.194674,SEND,1950,18.547,47.290,100.000,1979392,
8.198419,ACK,1933,18.601,45.573,100.000,1980416,base=1934
8.199312,ACK,1934,18.654,44.127,100.000,1981440,base=1935
8.200348,SEND,1951,18.654,44.127,100.000,1981440,
8.200605,SEND,1952,18.654,44.127,100.000,1981440,
8.202107,ACK,1935,18.708,42.633,100.000,1982464,base=1936
8.202876,SEND,1953,18.708,42.633,100.000,1982464,
8.206343,STATS,-1,18.708,42.633,100.000,1982464,base=1936 next=1954 inflight=18
8.218270,ACK,1936,18.761,43.313,100.000,1983488,base=1937
8.218421,ACK,1937,18.815,43.892,100.000,1984512,base=1938
8.218512,ACK,1938,18.868,44.370,100.000,1985536,base=1939
8.218557,ACK,1939,18.921,44.718,100.000,1986560,base=1940
8.218709,DUPACK,1914,18.921,,,1986560,
8.218751,ACK,1940,18.974,44.777,100.000,1987584,base=1941
8.218792,ACK,1941,19.026,44.804,100.000,1988608,base=1942
8.218834,ACK,1942,19.079,44.805,100.000,1989632,base=1943
8.219890,SEND,1954,19.079,44.805,100.000,1989632,
8.220262,SEND,1955,19.079,44.805,100.000,1989632,
8.220480,SEND,1956,19.079,44.805,100.000,1989632,
8.221014,SEND,1957,19.079,44.805,100.000,1989632,
8.221290,SEND,1958,19.079,44.805,100.000,1989632,
8.221540,SEND,1959,19.079,44.805,100.000,1989632,
8.221760,SEND,1960,19.079,44.805,100.000,1989632,
8.222001,SEND,1961,19.079,44.805,100.000,1989632,
8.226295,ACK,1944,19.131,45.676,100.000,1990656,base=1943
8.226386,ACK,1945,19.184,46.422,100.000,1991680,base=1943
8.226894,ACK,1946,19.236,47.107,100.000,1992704,base=1943
8.227274,RETX,1943,17.099,47.107,100.000,1992704,retx#1
8.227630,SEND,1962,17.099,47.107,100.000,1992704,
8.231554,ACK,1947,17.157,46.160,100.000,1993728,base=1943
8.233580,SEND,1963,17.157,46.160,100.000,1993728,
8.236208,ACK,1948,17.215,45.884,100.000,1994752,base=1943
8.238251,SEND,1964,17.215,45.884,100.000,1994752,
8.238436,ACK,1950,17.273,45.617,100.000,1995776,base=1943
8.240725,SEND,1965,17.273,45.617,100.000,1995776,
8.247144,ACK,1951,17.331,45.763,100.000,1996800,base=1943
8.248517,ACK,1952,17.389,46.030,100.000,1997824,base=1943
8.248928,SEND,1966,17.389,46.030,100.000,1997824,
8.249298,SEND,1967,17.389,46.030,100.000,1997824,
8.249373,ACK,1953,17.447,46.088,100.000,1998848,base=1943
8.251418,SEND,1968,17.447,46.088,100.000,1998848,
8.267967,ACK,1954,17.504,46.334,100.000,1999872,base=1943
8.268157,ACK,1955,17.561,46.528,100.000,2000896,base=1943
8.269072,SEND,1969,17.561,46.528,100.000,2000896,
8.269346,SEND,1970,17.561,46.528,100.000,2000896,
8.270990,ACK,1956,17.618,47.023,100.000,2001920,base=1943
8.271106,ACK,1957,17.675,47.405,100.000,2002944,base=1943
8.271155,ACK,1958,17.731,47.712,100.000,2003968,base=1943
8.271219,ACK,1959,17.788,47.956,100.000,2004992,base=1943
8.271923,SEND,1971,17.788,47.956,100.000,2004992,
8.272147,SEND,1972,17.788,47.956,100.000,2004992,
8.272355,SEND,1973,17.788,47.956,100.000,2004992,
8.272616,SEND,1974,17.788,47.956,100.000,2004992,
8.272715,ACK,1960,17.844,48.329,100.000,2006016,base=1943
8.272806,ACK,1961,17.900,48.638,100.000,2007040,base=1943
8.272860,ACK,1943,17.956,48.638,100.000,2008064,base=1949
8.272911,ACK,1962,18.011,48.218,100.000,2009088,base=1949
8.273297,ACK,1963,18.067,47.155,100.000,2010112,base=1949
8.274772,SEND,1975,18.067,47.155,100.000,2010112,
8.274963,SEND,1976,18.067,47.155,100.000,2010112,
8.275138,SEND,1977,18.067,47.155,100.000,2010112,
8.275317,SEND,1978,18.067,47.155,100.000,2010112,
8.275531,SEND,1979,18.067,47.155,100.000,2010112,
8.275709,SEND,1980,18.067,47.155,100.000,2010112,
8.277638,ACK,1964,18.122,46.181,100.000,2011136,base=1949
8.277925,RETX,1949,18.122,46.181,100.000,2011136,retx#1
8.278529,ACK,1965,18.178,45.133,100.000,2012160,base=1949
8.279556,SEND,1981,18.178,45.133,100.000,2012160,
8.279741,SEND,1982,18.178,45.133,100.000,2012160,
8.291310,ACK,1966,18.233,44.786,100.000,2013184,base=1949
8.292188,SEND,1983,18.233,44.786,100.000,2013184,
8.294473,ACK,1967,18.287,44.832,100.000,2014208,base=1949
8.294537,ACK,1968,18.342,44.617,100.000,2015232,base=1949
8.295963,SEND,1984,18.342,44.617,100.000,2015232,
8.296167,SEND,1985,18.342,44.617,100.000,2015232,
8.307629,STATS,-1,18.342,44.617,100.000,2015232,base=1949 next=1986 inflight=18
8.313016,ACK,1969,18.397,44.531,100.000,2016256,base=1949
8.314980,SEND,1986,18.397,44.531,100.000,2016256,
8.316381,ACK,1970,18.451,44.841,100.000,2017280,base=1949
8.316474,ACK,1971,18.505,44.805,100.000,2018304,base=1949
8.317435,SEND,1987,18.505,44.805,100.000,2018304,
8.317756,SEND,1988,18.505,44.805,100.000,2018304,
8.318048,ACK,1972,18.559,44.939,100.000,2019328,base=1949
8.318117,ACK,1973,18.613,45.041,100.000,2020352,base=1949
8.318161,ACK,1974,18.667,45.104,100.000,2021376,base=1949
8.319839,SEND,1989,18.667,45.104,100.000,2021376,
8.320066,SEND,1990,18.667,45.104,100.000,2021376,
8.320296,SEND,1991,18.667,45.104,100.000,2021376,
8.323611,ACK,1975,18.720,45.569,100.000,2022400,base=1949
8.323716,ACK,1976,18.774,45.964,100.000,2023424,base=1949
8.323961,SEND,1992,18.774,45.964,100.000,2023424,
8.324170,SEND,1993,18.774,45.964,100.000,2023424,
8.324275,ACK,1977,18.827,46.360,100.000,2024448,base=1949
8.324325,ACK,1978,18.880,46.690,100.000,2025472,base=1949
8.324364,ACK,1979,18.933,46.957,100.000,2026496,base=1949
8.324406,ACK,1980,18.986,47.174,100.000,2027520,base=1949
8.326198,SEND,1994,18.986,47.174,100.000,2027520,
8.326386,SEND,1995,18.986,47.174,100.000,2027520,
8.326558,SEND,1996,18.986,47.174,100.000,2027520,
8.326731,SEND,1997,18.986,47.174,100.000,2027520,
8.326863,ACK,1949,19.039,47.174,100.000,2028544,base=1981
8.326923,ACK,1981,19.091,47.198,100.000,2029568,base=1982
8.326959,ACK,1982,19.143,47.200,100.000,2030592,base=1983
8.328559,SEND,1998,19.143,47.200,100.000,2030592,
8.328784,SEND,1999,19.143,47.200,100.000,2030592,
8.328991,SEND,2000,19.143,47.200,100.000,2030592,
8.329198,SEND,2001,19.143,47.200,100.000,2030592,
8.332518,ACK,1983,19.196,46.337,100.000,2031616,base=1984
8.332675,ACK,1984,19.248,45.133,100.000,2032640,base=1985
8.332726,ACK,1985,19.300,44.060,100.000,2033664,base=1986
8.333207,SEND,2002,19.300,44.060,100.000,2033664,
8.333511,SEND,2003,19.300,44.060,100.000,2033664,
8.333717,SEND,2004,19.300,44.060,100.000,2033664,
8.347398,ACK,1986,19.352,42.602,100.000,2034688,base=1987
8.348563,SEND,2005,19.352,42.602,100.000,2034688,
8.360231,ACK,1987,19.403,42.624,100.000,2035712,base=1988
8.360461,SEND,2006,19.403,42.624,100.000,2035712,
8.363834,ACK,1988,19.455,43.053,100.000,2036736,base=1989
8.363899,ACK,1989,19.506,43.179,100.000,2037760,base=1990
8.364271,ACK,1990,19.557,43.305,100.000,2038784,base=1991
8.365497,SEND,2007,19.557,43.305,100.000,2038784,
8.365695,SEND,2008,19.557,43.305,100.000,2038784,
8.365868,SEND,2009,19.557,43.305,100.000,2038784,
8.373178,ACK,1991,19.609,44.499,100.000,2039808,base=1992
8.373250,ACK,1993,19.660,45.071,100.000,2040832,base=1992
8.373285,NAK,1992,19.660,,,2040832,
8.373513,RETX,1992,17.475,45.071,100.000,2040832,retx#1
8.373566,ACK,1994,17.532,45.357,100.000,2041856,base=1992
8.373604,ACK,1995,17.589,45.589,100.000,2042880,base=1992
8.373932,RETX,1992,17.589,45.589,100.000,2042880,retx#2
8.374003,ACK,1996,17.646,45.818,100.000,2043904,base=1992
8.374067,ACK,1997,17.703,46.007,100.000,2044928,base=1992
8.374106,ACK,1998,17.759,45.949,100.000,2045952,base=1992
8.375177,SEND,2010,17.759,45.949,100.000,2045952,
8.375651,SEND,2011,17.759,45.949,100.000,2045952,
8.376370,SEND,2012,17.759,45.949,100.000,2045952,
8.376699,SEND,2013,17.759,45.949,100.000,2045952,
8.376917,SEND,2014,17.759,45.949,100.000,2045952,
8.377138,ACK,1999,17.816,46.248,100.000,2046976,base=1992
8.377201,ACK,2001,17.872,46.466,100.000,2048000,base=1992
8.377237,NAK,2000,17.872,,,2048000,
8.377454,RETX,2000,17.872,46.466,100.000,2048000,retx#1
8.377497,ACK,2002,17.928,46.194,100.000,2049024,base=1992
8.378897,SEND,2015,17.928,46.194,100.000,2049024,
8.379113,SEND,2016,17.928,46.194,100.000,2049024,
8.379357,SEND,2017,17.928,46.194,100.000,2049024,
8.386886,ACK,2003,17.984,47.088,100.000,2050048,base=1992
8.387161,ACK,2005,18.039,46.026,100.000,2051072,base=1992
8.387200,NAK,2004,18.039,,,2051072,
8.387486,RETX,2004,18.039,46.026,100.000,2051072,retx#1
8.388368,SEND,2018,18.039,46.026,100.000,2051072,
8.388576,SEND,2019,18.039,46.026,100.000,2051072,
8.388758,SEND,2020,18.039,46.026,100.000,2051072,
8.408033,STATS,-1,18.039,46.026,100.000,2051072,base=1992 next=2021 inflight=18
8.417368,ACK,2007,18.095,46.743,100.000,2052096,base=1992
8.417473,NAK,2006,18.095,,,2052096,
8.417738,RETX,2006,18.095,46.743,100.000,2052096,retx#1
8.417931,ACK,2008,18.150,47.428,100.000,2053120,base=1992
8.417976,ACK,2009,18.205,48.012,100.000,2054144,base=1992
8.419263,SEND,2021,18.205,48.012,100.000,2054144,
8.419511,SEND,2022,18.205,48.012,100.000,2054144,
8.419720,SEND,2023,18.205,48.012,100.000,2054144,
8.423597,ACK,1992,18.260,48.012,100.000,2055168,base=2000
8.423661,ACK,2010,18.315,48.071,100.000,2056192,base=2000
8.424507,ACK,2011,18.369,48.168,100.000,2057216,base=2000
8.424564,ACK,2012,18.424,48.171,100.000,2058240,base=2000
8.424796,RETX,2000,18.424,48.171,100.000,2058240,retx#2
8.424898,ACK,2013,18.478,48.174,100.000,2059264,base=2000
8.424960,ACK,2014,18.532,48.157,100.000,2060288,base=2000
8.424999,ACK,2015,18.586,47.900,100.000,2061312,base=2000
8.425414,SEND,2024,18.586,47.900,100.000,2061312,
8.425593,SEND,2025,18.586,47.900,100.000,2061312,
8.425764,SEND,2026,18.586,47.900,100.000,2061312,
8.425977,SEND,2027,18.586,47.900,100.000,2061312,
8.426150,SEND,2028,18.586,47.900,100.000,2061312,
8.426320,SEND,2029,18.586,47.900,100.000,2061312,
8.426490,SEND,2030,18.586,47.900,100.000,2061312,
8.429775,NAK,2000,18.586,,,2061312,
8.429882,ACK,2017,18.640,48.224,100.000,2062336,base=2000
8.429923,NAK,2016,18.640,,,2062336,
8.430150,RETX,2016,18.640,48.224,100.000,2062336,retx#1
8.430392,SEND,2031,18.640,48.224,100.000,2062336,
8.430447,ACK,2004,18.694,48.224,100.000,2063360,base=2000
8.433396,SEND,2032,18.694,48.224,100.000,2063360,
8.436324,ACK,2018,18.747,48.188,100.000,2064384,base=2000
8.436386,ACK,2019,18.800,48.141,100.000,2065408,base=2000
8.437922,SEND,2033,18.800,48.141,100.000,2065408,
8.438111,SEND,2034,18.800,48.141,100.000,2065408,
8.438228,ACK,2020,18.854,48.305,100.000,2066432,base=2000
8.440279,SEND,2035,18.854,48.305,100.000,2066432,
8.461516,ACK,2006,18.907,48.305,100.000,2067456,base=2000
8.461609,ACK,2021,18.960,47.558,100.000,2068480,base=2000
8.461864,SEND,2036,18.960,47.558,100.000,2068480,
8.462041,SEND,2037,18.960,47.558,100.000,2068480,
8.464954,ACK,2022,19.012,47.291,100.000,2069504,base=2000
8.465020,ACK,2023,19.065,47.042,100.000,2070528,base=2000
8.465613,SEND,2038,19.065,47.042,100.000,2070528,
8.465813,SEND,2039,19.065,47.042,100.000,2070528,
8.466070,SEND,2040,19.065,47.042,100.000,2070528,
8.471216,ACK,2000,19.117,47.042,100.000,2071552,base=2016
8.471579,SEND,2041,19.117,47.042,100.000,2071552,
8.471748,ACK,2024,19.170,46.951,100.000,2072576,base=2016
8.471832,ACK,2025,19.222,46.861,100.000,2073600,base=2016
8.473512,SEND,2042,19.222,46.861,100.000,2073600,
8.473731,SEND,2043,19.222,46.861,100.000,2073600,
8.473859,ACK,2027,19.274,46.987,100.000,2074624,base=2016
8.474054,RETX,2016,17.132,46.987,100.000,2074624,retx#2
8.479985,NAK,2026,17.132,,,2074624,
8.480237,RETX,2026,17.132,46.987,100.000,2074624,retx#1
8.480318,ACK,2028,17.191,47.882,100.000,2075648,base=2016
8.480357,ACK,2029,17.249,48.651,100.000,2076672,base=2016
8.480391,ACK,2030,17.307,49.307,100.000,2077696,base=2016
8.480427,ACK,2016,17.365,49.307,100.000,2078720,base=2026
8.480466,ACK,2031,17.422,49.402,100.000,2079744,base=2026
8.480500,ACK,2033,17.480,48.549,100.000,2080768,base=2026
8.481440,SEND,2044,17.480,48.549,100.000,2080768,
8.481629,SEND,2045,17.480,48.549,100.000,2080768,
8.481816,SEND,2046,17.480,48.549,100.000,2080768,
8.481987,SEND,2047,17.480,48.549,100.000,2080768,
8.487592,ACK,2034,17.537,48.660,100.000,2081792,base=2026
8.487939,RETX,2026,17.537,48.660,100.000,2081792,retx#2
8.489267,ACK,2035,17.594,48.700,100.000,2082816,base=2026
8.508348,STATS,-1,17.594,48.700,100.000,2082816,base=2026 next=2048 inflight=14
8.512697,ACK,2036,17.651,48.963,100.000,2083840,base=2026
8.512776,ACK,2037,17.707,49.184,100.000,2084864,base=2026
8.514630,ACK,2038,17.764,49.161,100.000,2085888,base=2026
8.514693,ACK,2041,17.820,48.405,100.000,2086912,base=2026
8.514729,NAK,2040,17.820,,,2086912,
8.514937,RETX,2040,17.820,48.405,100.000,2086912,retx#1
8.515000,ACK,2043,17.876,47.512,100.000,2087936,base=2026
8.515031,NAK,2042,17.876,,,2087936,
8.515214,RETX,2042,17.876,47.512,100.000,2087936,retx#1
8.533610,TIMEOUT,2032,17.876,47.512,200.000,2087936,
8.533963,RETX,2032,17.876,47.512,200.000,2087936,retx#1
8.534119,ACK,2026,17.932,47.512,200.000,2088960,base=2032
8.534181,ACK,2044,17.988,48.165,100.000,2089984,base=2032
8.534222,ACK,2045,18.043,48.718,100.000,2091008,base=2032
8.534257,ACK,2046,18.099,49.183,100.000,2092032,base=2032
8.534508,RETX,2032,18.099,49.183,100.000,2092032,retx#2
8.534578,ACK,2047,18.154,49.608,100.000,2093056,base=2032
8.534608,DUPACK,2026,18.154,,,2093056,
8.558599,ACK,2040,18.209,49.608,100.000,2094080,base=2032
8.562147,ACK,2042,18.264,49.608,100.000,2095104,base=2032
8.567944,TIMEOUT,2039,18.264,49.608,200.000,2095104,
8.568201,RETX,2039,18.264,49.608,200.000,2095104,retx#1
8.578031,ACK,2032,18.319,49.608,200.000,2096128,base=2039
8.578089,DUPACK,2032,18.319,,,2096128,
8.608494,STATS,-1,18.319,49.608,200.000,2096128,base=2039 next=2048 inflight=1
8.624248,ACK,2039,18.374,49.608,200.000,2097152,base=2048
8.625029,FIN,2048,,,,2097152,attempt 1
8.672741,ACK,-1,18.374,,,2097152,FIN acked
