t,event,seq,cwnd,srtt_ms,rto_ms,bytes_acked,info
0.634158,BUFFER,0,,,,0,held=1
0.634180,DELIVER,0,,,,1024,
0.637184,BUFFER,1,,,,1024,held=1
0.637191,DELIVER,1,,,,2048,
0.637319,BUFFER,2,,,,2048,held=1
0.637326,DELIVER,2,,,,3072,
0.637424,BUFFER,3,,,,3072,held=1
0.637427,DELIVER,3,,,,4096,
0.688702,BUFFER,4,,,,4096,held=1
0.688712,DELIVER,4,,,,5120,
0.688840,BUFFER,5,,,,5120,held=1
0.688844,DELIVER,5,,,,6144,
0.688966,BUFFER,6,,,,6144,held=1
0.688970,DELIVER,6,,,,7168,
0.689091,BUFFER,7,,,,7168,held=1
0.689094,DELIVER,7,,,,8192,
0.736564,BUFFER,8,,,,8192,held=1
0.736580,DELIVER,8,,,,9216,
0.738273,BUFFER,9,,,,9216,held=1
0.738279,DELIVER,9,,,,10240,
0.738485,BUFFER,10,,,,10240,held=1
0.738491,DELIVER,10,,,,11264,
0.740667,BUFFER,11,,,,11264,held=1
0.740673,DELIVER,11,,,,12288,
0.741628,BUFFER,12,,,,12288,held=1
0.741633,DELIVER,12,,,,13312,
0.784561,BUFFER,13,,,,13312,held=1
0.784571,DELIVER,13,,,,14336,
0.784796,BUFFER,14,,,,14336,held=1
0.784802,DELIVER,14,,,,15360,
0.792204,BUFFER,15,,,,15360,held=1
0.792218,DELIVER,15,,,,16384,
0.792480,BUFFER,16,,,,16384,held=1
0.792497,DELIVER,16,,,,17408,
0.792754,BUFFER,17,,,,17408,held=1
0.792761,DELIVER,17,,,,18432,
0.793014,BUFFER,18,,,,18432,held=1
0.793021,DELIVER,18,,,,19456,
0.843945,BUFFER,19,,,,19456,held=1
0.843971,DELIVER,19,,,,20480,
0.844259,BUFFER,20,,,,20480,held=1
0.844271,DELIVER,20,,,,21504,
0.844535,BUFFER,21,,,,21504,held=1
0.844543,DELIVER,21,,,,22528,
0.844774,BUFFER,22,,,,22528,held=1
0.844785,DELIVER,22,,,,23552,
0.845049,BUFFER,23,,,,23552,held=1
0.845058,DELIVER,23,,,,24576,
0.845362,BUFFER,24,,,,24576,held=1
0.845370,DELIVER,24,,,,25600,
0.849316,BUFFER,25,,,,25600,held=1
0.849343,DELIVER,25,,,,26624,
0.885602,BUFFER,26,,,,26624,held=1
0.885625,DELIVER,26,,,,27648,
0.899534,BUFFER,27,,,,27648,held=1
0.899561,DELIVER,27,,,,28672,
0.899992,BUFFER,28,,,,28672,held=1
0.900015,DELIVER,28,,,,29696,
0.900193,BUFFER,29,,,,29696,held=1
0.900201,DELIVER,29,,,,30720,
0.900338,BUFFER,30,,,,30720,held=1
0.900343,DELIVER,30,,,,31744,
0.900471,BUFFER,31,,,,31744,held=1
0.900481,DELIVER,31,,,,32768,
0.900581,BUFFER,32,,,,32768,held=1
0.900588,DELIVER,32,,,,33792,
0.900724,BUFFER,33,,,,33792,held=1
0.900733,DELIVER,33,,,,34816,
0.952327,BUFFER,35,,,,34816,held=1
0.952361,NAK,34,,,,34816,
0.952718,BUFFER,36,,,,34816,held=2
0.953015,BUFFER,37,,,,34816,held=3
0.953281,BUFFER,38,,,,34816,held=4
0.953744,BUFFER,39,,,,34816,held=5
0.954015,BUFFER,40,,,,34816,held=6
0.954247,BUFFER,41,,,,34816,held=7
0.954483,BUFFER,42,,,,34816,held=8
1.004973,BUFFER,34,,,,34816,held=9
1.004999,DELIVER,34,,,,35840,
1.005005,DELIVER,35,,,,36864,
1.005010,DELIVER,36,,,,37888,
1.005015,DELIVER,37,,,,38912,
1.005020,DELIVER,38,,,,39936,
1.005024,DELIVER,39,,,,40960,
1.005028,DELIVER,40,,,,41984,
1.005032,DELIVER,41,,,,43008,
1.005037,DELIVER,42,,,,44032,
1.005306,DUP,34,,,,44032,
1.005598,BUFFER,43,,,,44032,held=1
1.005608,DELIVER,43,,,,45056,
1.006197,BUFFER,44,,,,45056,held=1
1.006209,DELIVER,44,,,,46080,
1.007474,BUFFER,46,,,,46080,held=1
1.007510,NAK,45,,,,46080,
1.007833,BUFFER,47,,,,46080,held=2
1.008104,BUFFER,48,,,,46080,held=3
1.008523,BUFFER,49,,,,46080,held=4
1.049301,BUFFER,51,,,,46080,held=5
1.049325,NAK,50,,,,46080,
1.049516,BUFFER,52,,,,46080,held=6
1.055957,BUFFER,53,,,,46080,held=7
1.056476,BUFFER,54,,,,46080,held=8
1.056706,BUFFER,45,,,,46080,held=9
1.056716,DELIVER,45,,,,47104,
1.056721,DELIVER,46,,,,48128,
1.056726,DELIVER,47,,,,49152,
1.056738,DELIVER,48,,,,50176,
1.056743,DELIVER,49,,,,51200,
1.056955,DUP,45,,,,51200,
1.057876,BUFFER,55,,,,51200,held=5
1.060777,BUFFER,56,,,,51200,held=6
1.085795,BUFFER,50,,,,51200,held=7
1.085807,DELIVER,50,,,,52224,
1.085813,DELIVER,51,,,,53248,
1.085817,DELIVER,52,,,,54272,
1.085820,DELIVER,53,,,,55296,
1.085824,DELIVER,54,,,,56320,
1.085827,DELIVER,55,,,,57344,
1.085831,DELIVER,56,,,,58368,
1.099344,BUFFER,57,,,,58368,held=1
1.099367,DELIVER,57,,,,59392,
1.101004,BUFFER,58,,,,59392,held=1
1.101024,DELIVER,58,,,,60416,
1.106610,BUFFER,59,,,,60416,held=1
1.106637,DELIVER,59,,,,61440,
1.106866,BUFFER,61,,,,61440,held=1
1.106883,NAK,60,,,,61440,
1.107114,BUFFER,62,,,,61440,held=2
1.108343,BUFFER,63,,,,61440,held=3
1.108594,BUFFER,64,,,,61440,held=4
1.154106,BUFFER,66,,,,61440,held=5
1.154141,NAK,65,,,,61440,
1.154406,BUFFER,67,,,,61440,held=6
1.159514,BUFFER,68,,,,61440,held=7
1.159557,NAK,60,,,,61440,
1.159865,BUFFER,69,,,,61440,held=8
1.160116,BUFFER,70,,,,61440,held=9
1.160385,BUFFER,60,,,,61440,held=10
1.160402,DELIVER,60,,,,62464,
1.160409,DELIVER,61,,,,63488,
1.160415,DELIVER,62,,,,64512,
1.160419,DELIVER,63,,,,65536,
1.160443,DELIVER,64,,,,66560,
1.160757,DUP,60,,,,66560,
1.160982,BUFFER,71,,,,66560,held=6
1.204750,BUFFER,65,,,,66560,held=7
1.204783,DELIVER,65,,,,67584,
1.204789,DELIVER,66,,,,68608,
1.204803,DELIVER,67,,,,69632,
1.204809,DELIVER,68,,,,70656,
1.204814,DELIVER,69,,,,71680,
1.204820,DELIVER,70,,,,72704,
1.204824,DELIVER,71,,,,73728,
1.205135,BUFFER,72,,,,73728,held=1
1.205150,DELIVER,72,,,,74752,
1.205383,BUFFER,73,,,,74752,held=1
1.205391,DELIVER,73,,,,75776,
1.208354,DUP,60,,,,75776,
1.212127,BUFFER,74,,,,75776,held=1
1.212153,DELIVER,74,,,,76800,
1.212800,BUFFER,75,,,,76800,held=1
1.212816,DELIVER,75,,,,77824,
1.213268,BUFFER,76,,,,77824,held=1
1.213319,DELIVER,76,,,,78848,
1.213676,BUFFER,77,,,,78848,held=1
1.213718,DELIVER,77,,,,79872,
1.214169,BUFFER,78,,,,79872,held=1
1.214183,DELIVER,78,,,,80896,
1.215113,DUP,64,,,,80896,
1.252573,BUFFER,79,,,,80896,held=1
1.252687,DELIVER,79,,,,81920,
1.253057,BUFFER,80,,,,81920,held=1
1.253094,DELIVER,80,,,,82944,
1.253421,BUFFER,81,,,,82944,held=1
1.253436,DELIVER,81,,,,83968,
1.253696,BUFFER,82,,,,83968,held=1
1.253705,DELIVER,82,,,,84992,
1.268559,BUFFER,83,,,,84992,held=1
1.268587,DELIVER,83,,,,86016,
1.268876,BUFFER,84,,,,86016,held=1
1.268888,DELIVER,84,,,,87040,
1.269117,BUFFER,85,,,,87040,held=1
1.269125,DELIVER,85,,,,88064,
1.269346,BUFFER,86,,,,88064,held=1
1.269353,DELIVER,86,,,,89088,
1.269566,BUFFER,87,,,,89088,held=1
1.269575,DELIVER,87,,,,90112,
1.269788,BUFFER,88,,,,90112,held=1
1.269796,DELIVER,88,,,,91136,
1.304491,BUFFER,89,,,,91136,held=1
1.304499,DELIVER,89,,,,92160,
1.304595,BUFFER,90,,,,92160,held=1
1.304598,DELIVER,90,,,,93184,
1.304689,BUFFER,91,,,,93184,held=1
1.304691,DELIVER,91,,,,94208,
1.304777,BUFFER,92,,,,94208,held=1
1.304780,DELIVER,92,,,,95232,
1.304868,BUFFER,93,,,,95232,held=1
1.304870,DELIVER,93,,,,96256,
1.329246,BUFFER,95,,,,96256,held=1
1.329344,NAK,94,,,,96256,
1.331471,BUFFER,96,,,,96256,held=2
1.331592,BUFFER,97,,,,96256,held=3
1.331695,BUFFER,98,,,,96256,held=4
1.355734,BUFFER,99,,,,96256,held=5
1.355950,DUP,87,,,,96256,
1.356229,BUFFER,100,,,,96256,held=6
1.357216,BUFFER,101,,,,96256,held=7
1.390762,BUFFER,103,,,,96256,held=8
1.390776,NAK,94,,,,96256,
1.390783,NAK,102,,,,96256,
1.390927,BUFFER,104,,,,96256,held=9
1.391067,BUFFER,105,,,,96256,held=10
1.391190,BUFFER,106,,,,96256,held=11
1.412579,DUP,92,,,,96256,
1.412756,BUFFER,107,,,,96256,held=12
1.412906,BUFFER,108,,,,96256,held=13
1.413050,BUFFER,109,,,,96256,held=14
1.416192,BUFFER,110,,,,96256,held=15
1.437597,DUP,92,,,,96256,
1.438879,BUFFER,94,,,,96256,held=16
1.438897,DELIVER,94,,,,97280,
1.438903,DELIVER,95,,,,98304,
1.438916,DELIVER,96,,,,99328,
1.438922,DELIVER,97,,,,100352,
1.438927,DELIVER,98,,,,101376,
1.438932,DELIVER,99,,,,102400,
1.438937,DELIVER,100,,,,103424,
1.438942,DELIVER,101,,,,104448,
1.439196,BUFFER,102,,,,104448,held=9
1.439209,DELIVER,102,,,,105472,
1.439215,DELIVER,103,,,,106496,
1.439221,DELIVER,104,,,,107520,
1.439226,DELIVER,105,,,,108544,
1.439231,DELIVER,106,,,,109568,
1.439236,DELIVER,107,,,,110592,
1.439241,DELIVER,108,,,,111616,
1.439246,DELIVER,109,,,,112640,
1.439250,DELIVER,110,,,,113664,
1.439512,BUFFER,111,,,,113664,held=1
1.439520,DELIVER,111,,,,114688,
1.439800,BUFFER,112,,,,114688,held=1
1.439818,DELIVER,112,,,,115712,
1.440060,BUFFER,113,,,,115712,held=1
1.440070,DELIVER,113,,,,116736,
1.440286,BUFFER,114,,,,116736,held=1
1.440293,DELIVER,114,,,,117760,
1.466504,DUP,94,,,,117760,
1.466836,BUFFER,115,,,,117760,held=1
1.466851,DELIVER,115,,,,118784,
1.467174,BUFFER,116,,,,118784,held=1
1.467190,DELIVER,116,,,,119808,
1.467456,BUFFER,117,,,,119808,held=1
1.467464,DELIVER,117,,,,120832,
1.467698,BUFFER,118,,,,120832,held=1
1.467706,DELIVER,118,,,,121856,
1.467951,BUFFER,119,,,,121856,held=1
1.467958,DELIVER,119,,,,122880,
1.488799,DUP,102,,,,122880,
1.489249,BUFFER,121,,,,122880,held=1
1.489275,NAK,120,,,,122880,
1.489522,BUFFER,122,,,,122880,held=2
1.493410,BUFFER,123,,,,122880,held=3
1.493672,BUFFER,124,,,,122880,held=4
1.520769,BUFFER,126,,,,122880,held=5
1.520801,NAK,125,,,,122880,
1.521048,BUFFER,127,,,,122880,held=6
1.521268,BUFFER,128,,,,122880,held=7
1.521603,BUFFER,129,,,,122880,held=8
1.540369,BUFFER,130,,,,122880,held=9
1.540658,BUFFER,131,,,,122880,held=10
1.540676,NAK,120,,,,122880,
1.543577,BUFFER,120,,,,122880,held=11
1.543598,DELIVER,120,,,,123904,
1.543603,DELIVER,121,,,,124928,
1.543607,DELIVER,122,,,,125952,
1.543611,DELIVER,123,,,,126976,
1.543617,DELIVER,124,,,,128000,
1.543797,DUP,120,,,,128000,
1.543979,BUFFER,132,,,,128000,held=7
1.544182,BUFFER,133,,,,128000,held=8
1.544400,BUFFER,134,,,,128000,held=9
1.544599,BUFFER,135,,,,128000,held=10
1.580502,BUFFER,136,,,,128000,held=11
1.580519,NAK,125,,,,128000,
1.580666,BUFFER,137,,,,128000,held=12
1.580873,BUFFER,138,,,,128000,held=13
1.581024,BUFFER,139,,,,128000,held=14
1.605013,DUP,120,,,,128000,
1.605147,BUFFER,125,,,,128000,held=15
1.605154,DELIVER,125,,,,129024,
1.605157,DELIVER,126,,,,130048,
1.605160,DELIVER,127,,,,131072,
1.605252,DELIVER,128,,,,132096,
1.605255,DELIVER,129,,,,133120,
1.605258,DELIVER,130,,,,134144,
1.605260,DELIVER,131,,,,135168,
1.605262,DELIVER,132,,,,136192,
1.605264,DELIVER,133,,,,137216,
1.605266,DELIVER,134,,,,138240,
1.605268,DELIVER,135,,,,139264,
1.605270,DELIVER,136,,,,140288,
1.605272,DELIVER,137,,,,141312,
1.605274,DELIVER,138,,,,142336,
1.605276,DELIVER,139,,,,143360,
1.605381,BUFFER,140,,,,143360,held=1
1.605384,DELIVER,140,,,,144384,
1.605490,BUFFER,141,,,,144384,held=1
1.605493,DELIVER,141,,,,145408,
1.605662,BUFFER,142,,,,145408,held=1
1.605666,DELIVER,142,,,,146432,
1.606194,BUFFER,143,,,,146432,held=1
1.606200,DELIVER,143,,,,147456,
1.606379,BUFFER,144,,,,147456,held=1
1.606386,DELIVER,144,,,,148480,
1.606515,BUFFER,145,,,,148480,held=1
1.606521,DELIVER,145,,,,149504,
1.633345,BUFFER,146,,,,149504,held=1
1.633392,DELIVER,146,,,,150528,
1.633625,DUP,125,,,,150528,
1.636156,BUFFER,147,,,,150528,held=1
1.636174,DELIVER,147,,,,151552,
1.636497,BUFFER,148,,,,151552,held=1
1.636545,DELIVER,148,,,,152576,
1.637030,BUFFER,149,,,,152576,held=1
1.637041,DELIVER,149,,,,153600,
1.653830,BUFFER,150,,,,153600,held=1
1.653847,DELIVER,150,,,,154624,
1.657771,BUFFER,151,,,,154624,held=1
1.657795,DELIVER,151,,,,155648,
1.658037,BUFFER,152,,,,155648,held=1
1.658044,DELIVER,152,,,,156672,
1.658277,BUFFER,153,,,,156672,held=1
1.658288,DELIVER,153,,,,157696,
1.658548,BUFFER,154,,,,157696,held=1
1.658556,DELIVER,154,,,,158720,
1.658811,BUFFER,155,,,,158720,held=1
1.658822,DELIVER,155,,,,159744,
1.659038,BUFFER,156,,,,159744,held=1
1.659046,DELIVER,156,,,,160768,
1.659259,BUFFER,157,,,,160768,held=1
1.659266,DELIVER,157,,,,161792,
1.676950,BUFFER,158,,,,161792,held=1
1.676973,DELIVER,158,,,,162816,
1.680346,BUFFER,160,,,,162816,held=1
1.680377,NAK,159,,,,162816,
1.680598,BUFFER,161,,,,162816,held=2
1.702391,BUFFER,163,,,,162816,held=3
1.702477,NAK,162,,,,162816,
1.702755,BUFFER,164,,,,162816,held=4
1.703047,BUFFER,165,,,,162816,held=5
1.703334,BUFFER,166,,,,162816,held=6
1.707287,BUFFER,167,,,,162816,held=7
1.707610,BUFFER,168,,,,162816,held=8
1.707854,BUFFER,169,,,,162816,held=9
1.714162,BUFFER,170,,,,162816,held=10
1.725390,DUP,156,,,,162816,
1.727948,BUFFER,159,,,,162816,held=11
1.727967,DELIVER,159,,,,163840,
1.727974,DELIVER,160,,,,164864,
1.727979,DELIVER,161,,,,165888,
1.728217,BUFFER,171,,,,165888,held=9
1.743889,BUFFER,172,,,,165888,held=10
1.749584,BUFFER,162,,,,165888,held=11
1.749602,DELIVER,162,,,,166912,
1.749608,DELIVER,163,,,,167936,
1.749613,DELIVER,164,,,,168960,
1.749618,DELIVER,165,,,,169984,
1.749623,DELIVER,166,,,,171008,
1.749627,DELIVER,167,,,,172032,
1.749637,DELIVER,168,,,,173056,
1.749645,DELIVER,169,,,,174080,
1.749649,DELIVER,170,,,,175104,
1.749660,DELIVER,171,,,,176128,
1.749665,DELIVER,172,,,,177152,
1.749911,BUFFER,173,,,,177152,held=1
1.749922,DELIVER,173,,,,178176,
1.750152,BUFFER,174,,,,178176,held=1
1.750160,DELIVER,174,,,,179200,
1.757469,BUFFER,175,,,,179200,held=1
1.757495,DELIVER,175,,,,180224,
1.757753,BUFFER,176,,,,180224,held=1
1.757761,DELIVER,176,,,,181248,
1.757997,BUFFER,177,,,,181248,held=1
1.758008,DELIVER,177,,,,182272,
1.758240,BUFFER,178,,,,182272,held=1
1.758247,DELIVER,178,,,,183296,
1.777285,BUFFER,180,,,,183296,held=1
1.777313,NAK,179,,,,183296,
1.777526,BUFFER,181,,,,183296,held=2
1.777770,BUFFER,182,,,,183296,held=3
1.798049,BUFFER,183,,,,183296,held=4
1.798318,BUFFER,184,,,,183296,held=5
1.798564,BUFFER,185,,,,183296,held=6
1.800157,BUFFER,186,,,,183296,held=7
1.800852,BUFFER,187,,,,183296,held=8
1.808633,BUFFER,188,,,,183296,held=9
1.810145,BUFFER,189,,,,183296,held=10
1.810425,BUFFER,190,,,,183296,held=11
1.810686,BUFFER,191,,,,183296,held=12
1.829149,BUFFER,179,,,,183296,held=13
1.829171,DELIVER,179,,,,184320,
1.829177,DELIVER,180,,,,185344,
1.829183,DELIVER,181,,,,186368,
1.829188,DELIVER,182,,,,187392,
1.829193,DELIVER,183,,,,188416,
1.829197,DELIVER,184,,,,189440,
1.829202,DELIVER,185,,,,190464,
1.829206,DELIVER,186,,,,191488,
1.829211,DELIVER,187,,,,192512,
1.829216,DELIVER,188,,,,193536,
1.829246,DELIVER,189,,,,194560,
1.829254,DELIVER,190,,,,195584,
1.829260,DELIVER,191,,,,196608,
1.829602,DUP,179,,,,196608,
1.831436,BUFFER,192,,,,196608,held=1
1.831468,DELIVER,192,,,,197632,
1.831998,BUFFER,193,,,,197632,held=1
1.832013,DELIVER,193,,,,198656,
1.837256,BUFFER,194,,,,198656,held=1
1.837280,DELIVER,194,,,,199680,
1.841647,BUFFER,196,,,,199680,held=1
1.841693,NAK,195,,,,199680,
1.850079,BUFFER,197,,,,199680,held=2
1.854065,BUFFER,198,,,,199680,held=3
1.854350,BUFFER,199,,,,199680,held=4
1.854575,BUFFER,200,,,,199680,held=5
1.856125,BUFFER,201,,,,199680,held=6
1.856598,BUFFER,202,,,,199680,held=7
1.870712,BUFFER,203,,,,199680,held=8
1.873711,BUFFER,204,,,,199680,held=9
1.880617,BUFFER,205,,,,199680,held=10
1.884249,BUFFER,206,,,,199680,held=11
1.884503,BUFFER,207,,,,199680,held=12
1.890480,BUFFER,195,,,,199680,held=13
1.890598,DELIVER,195,,,,200704,
1.890605,DELIVER,196,,,,201728,
1.890610,DELIVER,197,,,,202752,
1.890616,DELIVER,198,,,,203776,
1.890620,DELIVER,199,,,,204800,
1.890625,DELIVER,200,,,,205824,
1.890630,DELIVER,201,,,,206848,
1.890635,DELIVER,202,,,,207872,
1.890639,DELIVER,203,,,,208896,
1.890644,DELIVER,204,,,,209920,
1.890658,DELIVER,205,,,,210944,
1.890663,DELIVER,206,,,,211968,
1.890668,DELIVER,207,,,,212992,
1.897673,DUP,195,,,,212992,
1.898054,BUFFER,208,,,,212992,held=1
1.898069,DELIVER,208,,,,214016,
1.898436,BUFFER,209,,,,214016,held=1
1.898448,DELIVER,209,,,,215040,
1.899660,BUFFER,210,,,,215040,held=1
1.899677,DELIVER,210,,,,216064,
1.904472,BUFFER,211,,,,216064,held=1
1.904496,DELIVER,211,,,,217088,
1.904770,BUFFER,212,,,,217088,held=1
1.904781,DELIVER,212,,,,218112,
1.924176,BUFFER,213,,,,218112,held=1
1.924204,DELIVER,213,,,,219136,
1.924486,BUFFER,214,,,,219136,held=1
1.924498,DELIVER,214,,,,220160,
1.924760,BUFFER,215,,,,220160,held=1
1.924772,DELIVER,215,,,,221184,
1.925045,BUFFER,216,,,,221184,held=1
1.925073,DELIVER,216,,,,222208,
1.927720,BUFFER,217,,,,222208,held=1
1.927744,DELIVER,217,,,,223232,
1.933868,BUFFER,218,,,,223232,held=1
1.933902,DELIVER,218,,,,224256,
1.941860,DUP,199,,,,224256,
1.942113,BUFFER,219,,,,224256,held=1
1.942129,DELIVER,219,,,,225280,
1.949526,BUFFER,220,,,,225280,held=1
1.949547,DELIVER,220,,,,226304,
1.949807,BUFFER,221,,,,226304,held=1
1.949819,DELIVER,221,,,,227328,
1.950123,BUFFER,222,,,,227328,held=1
1.950137,DELIVER,222,,,,228352,
1.950453,BUFFER,223,,,,228352,held=1
1.950463,DELIVER,223,,,,229376,
1.950750,BUFFER,224,,,,229376,held=1
1.950766,DELIVER,224,,,,230400,
1.959365,BUFFER,225,,,,230400,held=1
1.959400,DELIVER,225,,,,231424,
1.965691,BUFFER,226,,,,231424,held=1
1.965720,DELIVER,226,,,,232448,
1.967221,BUFFER,227,,,,232448,held=1
1.967241,DELIVER,227,,,,233472,
1.974694,BUFFER,228,,,,233472,held=1
1.974714,DELIVER,228,,,,234496,
1.978352,BUFFER,229,,,,234496,held=1
1.978378,DELIVER,229,,,,235520,
1.978676,BUFFER,230,,,,235520,held=1
1.978700,DELIVER,230,,,,236544,
1.984914,BUFFER,231,,,,236544,held=1
1.984935,DELIVER,231,,,,237568,
1.990465,BUFFER,232,,,,237568,held=1
1.990495,DELIVER,232,,,,238592,
1.996073,BUFFER,233,,,,238592,held=1
1.996096,DELIVER,233,,,,239616,
1.998595,BUFFER,234,,,,239616,held=1
1.998614,DELIVER,234,,,,240640,
1.998850,BUFFER,235,,,,240640,held=1
1.998858,DELIVER,235,,,,241664,
1.999090,BUFFER,236,,,,241664,held=1
1.999120,DELIVER,236,,,,242688,
2.002197,BUFFER,237,,,,242688,held=1
2.002221,DELIVER,237,,,,243712,
2.003051,BUFFER,238,,,,243712,held=1
2.003069,DELIVER,238,,,,244736,
2.003410,BUFFER,239,,,,244736,held=1
2.003420,DELIVER,239,,,,245760,
2.009547,BUFFER,240,,,,245760,held=1
2.009574,DELIVER,240,,,,246784,
2.018743,BUFFER,241,,,,246784,held=1
2.018766,DELIVER,241,,,,247808,
2.021913,BUFFER,242,,,,247808,held=1
2.021934,DELIVER,242,,,,248832,
2.028991,BUFFER,243,,,,248832,held=1
2.029042,DELIVER,243,,,,249856,
2.029327,BUFFER,245,,,,249856,held=1
2.029344,NAK,244,,,,249856,
2.033575,BUFFER,246,,,,249856,held=2
2.039718,BUFFER,247,,,,249856,held=3
2.049852,BUFFER,248,,,,249856,held=4
2.050169,BUFFER,249,,,,249856,held=5
2.050501,BUFFER,250,,,,249856,held=6
2.050949,BUFFER,251,,,,249856,held=7
2.051194,BUFFER,252,,,,249856,held=8
2.053179,BUFFER,253,,,,249856,held=9
2.053521,BUFFER,254,,,,249856,held=10
2.053793,BUFFER,255,,,,249856,held=11
2.065062,BUFFER,256,,,,249856,held=12
2.066085,BUFFER,257,,,,249856,held=13
2.074378,BUFFER,244,,,,249856,held=14
2.074389,DELIVER,244,,,,250880,
2.074392,DELIVER,245,,,,251904,
2.074395,DELIVER,246,,,,252928,
2.074397,DELIVER,247,,,,253952,
2.074400,DELIVER,248,,,,254976,
2.074402,DELIVER,249,,,,256000,
2.074404,DELIVER,250,,,,257024,
2.074406,DELIVER,251,,,,258048,
2.074409,DELIVER,252,,,,259072,
2.074411,DELIVER,253,,,,260096,
2.074413,DELIVER,254,,,,261120,
2.074415,DELIVER,255,,,,262144,
2.074468,DELIVER,256,,,,263168,
2.074472,DELIVER,257,,,,264192,
2.081969,DUP,244,,,,264192,
2.086600,BUFFER,258,,,,264192,held=1
2.086611,DELIVER,258,,,,265216,
2.087456,BUFFER,259,,,,265216,held=1
2.087463,DELIVER,259,,,,266240,
2.092897,BUFFER,260,,,,266240,held=1
2.092904,DELIVER,260,,,,267264,
2.093003,BUFFER,261,,,,267264,held=1
2.093006,DELIVER,261,,,,268288,
2.101074,BUFFER,262,,,,268288,held=1
2.101080,DELIVER,262,,,,269312,
2.101170,BUFFER,263,,,,269312,held=1
2.101173,DELIVER,263,,,,270336,
2.101256,BUFFER,264,,,,270336,held=1
2.101259,DELIVER,264,,,,271360,
2.102271,BUFFER,265,,,,271360,held=1
2.102275,DELIVER,265,,,,272384,
2.102346,BUFFER,266,,,,272384,held=1
2.102348,DELIVER,266,,,,273408,
2.102418,BUFFER,267,,,,273408,held=1
2.102420,DELIVER,267,,,,274432,
2.102487,BUFFER,268,,,,274432,held=1
2.102489,DELIVER,268,,,,275456,
2.102557,BUFFER,269,,,,275456,held=1
2.102558,DELIVER,269,,,,276480,
2.111199,BUFFER,270,,,,276480,held=1
2.111204,DELIVER,270,,,,277504,
2.119274,BUFFER,271,,,,277504,held=1
2.119278,DELIVER,271,,,,278528,
2.947507,BUFFER,274,,,,278528,held=1
2.947557,NAK,272,,,,278528,
2.947574,NAK,273,,,,278528,
2.996343,BUFFER,272,,,,278528,held=2
2.996371,DELIVER,272,,,,279552,
2.996685,BUFFER,273,,,,279552,held=2
2.996699,DELIVER,273,,,,280576,
2.996705,DELIVER,274,,,,281600,
2.996938,BUFFER,284,,,,281600,held=1
2.996956,NAK,275,,,,281600,
2.996996,NAK,276,,,,281600,
2.997014,NAK,277,,,,281600,
2.997028,NAK,278,,,,281600,
2.997040,NAK,279,,,,281600,
2.997054,NAK,280,,,,281600,
2.997067,NAK,281,,,,281600,
2.997079,NAK,282,,,,281600,
2.997114,NAK,283,,,,281600,
3.000788,BUFFER,285,,,,281600,held=2
3.034545,BUFFER,286,,,,281600,held=3
3.048035,BUFFER,275,,,,281600,held=4
3.048062,DELIVER,275,,,,282624,
3.048082,NAK,276,,,,282624,
3.048097,NAK,277,,,,282624,
3.048113,NAK,278,,,,282624,
3.048125,NAK,279,,,,282624,
3.048137,NAK,280,,,,282624,
3.048149,NAK,281,,,,282624,
3.048161,NAK,282,,,,282624,
3.048173,NAK,283,,,,282624,
3.049432,BUFFER,276,,,,282624,held=4
3.049469,DELIVER,276,,,,283648,
3.049721,BUFFER,277,,,,283648,held=4
3.049729,DELIVER,277,,,,284672,
3.050000,BUFFER,278,,,,284672,held=4
3.050012,DELIVER,278,,,,285696,
3.050252,BUFFER,279,,,,285696,held=4
3.050260,DELIVER,279,,,,286720,
3.050592,BUFFER,288,,,,286720,held=4
3.050652,NAK,287,,,,286720,
3.050905,DUP,258,,,,286720,
3.051145,BUFFER,281,,,,286720,held=5
3.051381,BUFFER,282,,,,286720,held=6
3.051640,BUFFER,283,,,,286720,held=7
3.051874,BUFFER,289,,,,286720,held=8
3.073503,BUFFER,290,,,,286720,held=9
3.101179,DUP,276,,,,286720,
3.101208,NAK,280,,,,286720,
3.101223,NAK,287,,,,286720,
3.101524,DUP,277,,,,286720,
3.101785,DUP,278,,,,286720,
3.102025,BUFFER,291,,,,286720,held=10
3.102317,DUP,279,,,,286720,
3.102566,BUFFER,280,,,,286720,held=11
3.102579,DELIVER,280,,,,287744,
3.102586,DELIVER,281,,,,288768,
3.102618,DELIVER,282,,,,289792,
3.102625,DELIVER,283,,,,290816,
3.102631,DELIVER,284,,,,291840,
3.102636,DELIVER,285,,,,292864,
3.102641,DELIVER,286,,,,293888,
3.102860,DUP,281,,,,293888,
3.103121,DUP,282,,,,293888,
3.103324,DUP,283,,,,293888,
3.103527,BUFFER,287,,,,293888,held=5
3.103537,DELIVER,287,,,,294912,
3.103542,DELIVER,288,,,,295936,
3.103548,DELIVER,289,,,,296960,
3.103553,DELIVER,290,,,,297984,
3.103557,DELIVER,291,,,,299008,
3.103829,DUP,280,,,,299008,
3.104139,BUFFER,292,,,,299008,held=1
3.104150,DELIVER,292,,,,300032,
3.104378,BUFFER,293,,,,300032,held=1
3.104385,DELIVER,293,,,,301056,
3.104614,BUFFER,294,,,,301056,held=1
3.104622,DELIVER,294,,,,302080,
3.104858,BUFFER,295,,,,302080,held=1
3.104872,DELIVER,295,,,,303104,
3.105161,BUFFER,296,,,,303104,held=1
3.105174,DELIVER,296,,,,304128,
3.105270,BUFFER,297,,,,304128,held=1
3.105273,DELIVER,297,,,,305152,
3.105377,BUFFER,298,,,,305152,held=1
3.105383,DELIVER,298,,,,306176,
3.105488,BUFFER,299,,,,306176,held=1
3.105494,DELIVER,299,,,,307200,
3.105585,BUFFER,300,,,,307200,held=1
3.105588,DELIVER,300,,,,308224,
3.127719,BUFFER,301,,,,308224,held=1
3.127735,DELIVER,301,,,,309248,
3.142961,DUP,280,,,,309248,
3.152179,DUP,287,,,,309248,
3.152651,BUFFER,302,,,,309248,held=1
3.152674,DELIVER,302,,,,310272,
3.157245,BUFFER,303,,,,310272,held=1
3.157288,DELIVER,303,,,,311296,
3.157813,BUFFER,304,,,,311296,held=1
3.157832,DELIVER,304,,,,312320,
3.158369,BUFFER,305,,,,312320,held=1
3.158388,DELIVER,305,,,,313344,
3.158739,BUFFER,306,,,,313344,held=1
3.158752,DELIVER,306,,,,314368,
3.159063,DUP,292,,,,314368,
3.159433,BUFFER,307,,,,314368,held=1
3.159447,DELIVER,307,,,,315392,
3.159791,BUFFER,308,,,,315392,held=1
3.159804,DELIVER,308,,,,316416,
3.160163,BUFFER,311,,,,316416,held=1
3.160188,NAK,309,,,,316416,
3.160208,NAK,310,,,,316416,
3.167999,BUFFER,312,,,,316416,held=2
3.198688,BUFFER,313,,,,316416,held=3
3.207309,BUFFER,314,,,,316416,held=4
3.207575,BUFFER,315,,,,316416,held=5
3.207833,BUFFER,316,,,,316416,held=6
3.208096,BUFFER,317,,,,316416,held=7
3.208332,BUFFER,318,,,,316416,held=8
3.208588,BUFFER,319,,,,316416,held=9
3.208809,DUP,306,,,,316416,
3.214529,BUFFER,309,,,,316416,held=10
3.214552,DELIVER,309,,,,317440,
3.214572,NAK,310,,,,317440,
3.214972,BUFFER,310,,,,317440,held=10
3.214986,DELIVER,310,,,,318464,
3.214992,DELIVER,311,,,,319488,
3.214998,DELIVER,312,,,,320512,
3.215003,DELIVER,313,,,,321536,
3.215007,DELIVER,314,,,,322560,
3.215014,DELIVER,315,,,,323584,
3.215019,DELIVER,316,,,,324608,
3.215023,DELIVER,317,,,,325632,
3.215028,DELIVER,318,,,,326656,
3.215033,DELIVER,319,,,,327680,
3.215325,BUFFER,321,,,,327680,held=1
3.215349,NAK,320,,,,327680,
3.215587,BUFFER,322,,,,327680,held=2
3.241168,BUFFER,323,,,,327680,held=3
3.243939,BUFFER,324,,,,327680,held=4
3.260355,BUFFER,325,,,,327680,held=5
3.260727,BUFFER,326,,,,327680,held=6
3.261014,BUFFER,327,,,,327680,held=7
3.261324,BUFFER,328,,,,327680,held=8
3.261626,BUFFER,329,,,,327680,held=9
3.261906,BUFFER,330,,,,327680,held=10
3.262183,DUP,310,,,,327680,
3.262445,BUFFER,331,,,,327680,held=11
3.265555,BUFFER,320,,,,327680,held=12
3.265578,DELIVER,320,,,,328704,
3.265586,DELIVER,321,,,,329728,
3.265592,DELIVER,322,,,,330752,
3.265597,DELIVER,323,,,,331776,
3.265602,DELIVER,324,,,,332800,
3.265607,DELIVER,325,,,,333824,
3.265612,DELIVER,326,,,,334848,
3.265616,DELIVER,327,,,,335872,
3.265621,DELIVER,328,,,,336896,
3.265625,DELIVER,329,,,,337920,
3.265630,DELIVER,330,,,,338944,
3.265634,DELIVER,331,,,,339968,
3.265961,BUFFER,332,,,,339968,held=1
3.265973,DELIVER,332,,,,340992,
3.267540,BUFFER,333,,,,340992,held=1
3.267560,DELIVER,333,,,,342016,
3.267769,BUFFER,334,,,,342016,held=1
3.267777,DELIVER,334,,,,343040,
3.280981,BUFFER,335,,,,343040,held=1
3.281006,DELIVER,335,,,,344064,
3.309088,BUFFER,337,,,,344064,held=1
3.309118,NAK,336,,,,344064,
3.312531,BUFFER,338,,,,344064,held=2
3.313659,BUFFER,339,,,,344064,held=3
3.313947,BUFFER,340,,,,344064,held=4
3.314190,BUFFER,341,,,,344064,held=5
3.314418,BUFFER,342,,,,344064,held=6
3.314663,BUFFER,343,,,,344064,held=7
3.314904,BUFFER,344,,,,344064,held=8
3.315132,BUFFER,346,,,,344064,held=9
3.315152,NAK,345,,,,344064,
3.315374,DUP,306,,,,344064,
3.315625,BUFFER,347,,,,344064,held=10
3.316837,BUFFER,348,,,,344064,held=11
3.328792,BUFFER,349,,,,344064,held=12
3.356459,BUFFER,350,,,,344064,held=13
3.356779,BUFFER,336,,,,344064,held=14
3.356794,DELIVER,336,,,,345088,
3.356801,DELIVER,337,,,,346112,
3.356807,DELIVER,338,,,,347136,
3.356813,DELIVER,339,,,,348160,
3.356819,DELIVER,340,,,,349184,
3.356825,DELIVER,341,,,,350208,
3.356831,DELIVER,342,,,,351232,
3.356836,DELIVER,343,,,,352256,
3.356844,DELIVER,344,,,,353280,
3.360134,BUFFER,351,,,,353280,held=6
3.360474,BUFFER,352,,,,353280,held=7
3.360793,BUFFER,353,,,,353280,held=8
3.362985,BUFFER,354,,,,353280,held=9
3.363485,BUFFER,345,,,,353280,held=10
3.363501,DELIVER,345,,,,354304,
3.363508,DELIVER,346,,,,355328,
3.363514,DELIVER,347,,,,356352,
3.363519,DELIVER,348,,,,357376,
3.363524,DELIVER,349,,,,358400,
3.363528,DELIVER,350,,,,359424,
3.363533,DELIVER,351,,,,360448,
3.363538,DELIVER,352,,,,361472,
3.363549,DELIVER,353,,,,362496,
3.363554,DELIVER,354,,,,363520,
3.363794,BUFFER,355,,,,363520,held=1
3.363802,DELIVER,355,,,,364544,
3.364067,BUFFER,356,,,,364544,held=1
3.364076,DELIVER,356,,,,365568,
3.364564,BUFFER,357,,,,365568,held=1
3.364579,DELIVER,357,,,,366592,
3.364813,BUFFER,358,,,,366592,held=1
3.364821,DELIVER,358,,,,367616,
3.365275,BUFFER,359,,,,367616,held=1
3.365291,DELIVER,359,,,,368640,
3.365567,BUFFER,360,,,,368640,held=1
3.365695,DELIVER,360,,,,369664,
3.365924,BUFFER,361,,,,369664,held=1
3.365931,DELIVER,361,,,,370688,
3.381791,DUP,336,,,,370688,
3.404831,BUFFER,362,,,,370688,held=1
3.404856,DELIVER,362,,,,371712,
3.405154,DUP,344,,,,371712,
3.405382,BUFFER,363,,,,371712,held=1
3.405391,DELIVER,363,,,,372736,
3.408405,BUFFER,364,,,,372736,held=1
3.408428,DELIVER,364,,,,373760,
3.408681,BUFFER,365,,,,373760,held=1
3.408694,DELIVER,365,,,,374784,
3.409613,BUFFER,366,,,,374784,held=1
3.409627,DELIVER,366,,,,375808,
3.411237,BUFFER,367,,,,375808,held=1
3.411263,DELIVER,367,,,,376832,
3.411762,BUFFER,368,,,,376832,held=1
3.411786,DELIVER,368,,,,377856,
3.412237,BUFFER,369,,,,377856,held=1
3.412253,DELIVER,369,,,,378880,
3.412666,BUFFER,370,,,,378880,held=1
3.412679,DELIVER,370,,,,379904,
3.414022,BUFFER,371,,,,379904,held=1
3.414046,DELIVER,371,,,,380928,
3.414479,BUFFER,372,,,,380928,held=1
3.414490,DELIVER,372,,,,381952,
3.419351,BUFFER,373,,,,381952,held=1
3.419379,DELIVER,373,,,,382976,
3.419711,BUFFER,374,,,,382976,held=1
3.419724,DELIVER,374,,,,384000,
3.420009,BUFFER,375,,,,384000,held=1
3.420020,DELIVER,375,,,,385024,
3.453064,BUFFER,376,,,,385024,held=1
3.453090,DELIVER,376,,,,386048,
3.455362,BUFFER,377,,,,386048,held=1
3.455383,DELIVER,377,,,,387072,
3.455664,BUFFER,378,,,,387072,held=1
3.455671,DELIVER,378,,,,388096,
3.455913,BUFFER,379,,,,388096,held=1
3.455920,DELIVER,379,,,,389120,
3.456160,BUFFER,380,,,,389120,held=1
3.456171,DELIVER,380,,,,390144,
3.465672,BUFFER,381,,,,390144,held=1
3.465698,DELIVER,381,,,,391168,
3.466094,BUFFER,382,,,,391168,held=1
3.466108,DELIVER,382,,,,392192,
3.466412,BUFFER,383,,,,392192,held=1
3.466420,DELIVER,383,,,,393216,
3.466778,BUFFER,384,,,,393216,held=1
3.466970,DELIVER,384,,,,394240,
3.467221,DUP,368,,,,394240,
3.469327,BUFFER,385,,,,394240,held=1
3.469350,DELIVER,385,,,,395264,
3.469589,BUFFER,386,,,,395264,held=1
3.469596,DELIVER,386,,,,396288,
3.469828,BUFFER,387,,,,396288,held=1
3.469839,DELIVER,387,,,,397312,
3.470050,BUFFER,388,,,,397312,held=1
3.470058,DELIVER,388,,,,398336,
3.486809,BUFFER,389,,,,398336,held=1
3.486836,DELIVER,389,,,,399360,
3.495337,BUFFER,390,,,,399360,held=1
3.495365,DELIVER,390,,,,400384,
3.504915,BUFFER,391,,,,400384,held=1
3.504943,DELIVER,391,,,,401408,
3.505198,BUFFER,392,,,,401408,held=1
3.505207,DELIVER,392,,,,402432,
3.505423,BUFFER,393,,,,402432,held=1
3.505430,DELIVER,393,,,,403456,
3.518032,BUFFER,394,,,,403456,held=1
3.518059,DELIVER,394,,,,404480,
3.518323,BUFFER,395,,,,404480,held=1
3.518331,DELIVER,395,,,,405504,
3.518573,BUFFER,396,,,,405504,held=1
3.518584,DELIVER,396,,,,406528,
3.518812,BUFFER,397,,,,406528,held=1
3.518822,DELIVER,397,,,,407552,
3.519017,BUFFER,398,,,,407552,held=1
3.519024,DELIVER,398,,,,408576,
3.519245,BUFFER,399,,,,408576,held=1
3.519253,DELIVER,399,,,,409600,
3.519499,BUFFER,400,,,,409600,held=1
3.519509,DELIVER,400,,,,410624,
3.519749,BUFFER,401,,,,410624,held=1
3.519761,DELIVER,401,,,,411648,
3.519991,BUFFER,402,,,,411648,held=1
3.520000,DELIVER,402,,,,412672,
3.520639,BUFFER,403,,,,412672,held=1
3.520654,DELIVER,403,,,,413696,
3.532007,BUFFER,404,,,,413696,held=1
3.532035,DELIVER,404,,,,414720,
3.535875,BUFFER,405,,,,414720,held=1
3.535907,DELIVER,405,,,,415744,
3.554497,BUFFER,406,,,,415744,held=1
3.554529,DELIVER,406,,,,416768,
3.555461,BUFFER,407,,,,416768,held=1
3.555487,DELIVER,407,,,,417792,
3.555904,BUFFER,408,,,,417792,held=1
3.555920,DELIVER,408,,,,418816,
3.561329,BUFFER,409,,,,418816,held=1
3.561361,DELIVER,409,,,,419840,
3.561758,BUFFER,410,,,,419840,held=1
3.561775,DELIVER,410,,,,420864,
3.566422,BUFFER,411,,,,420864,held=1
3.566462,DELIVER,411,,,,421888,
3.567078,BUFFER,412,,,,421888,held=1
3.567099,DELIVER,412,,,,422912,
3.567738,BUFFER,413,,,,422912,held=1
3.567759,DELIVER,413,,,,423936,
3.568104,BUFFER,414,,,,423936,held=1
3.568117,DELIVER,414,,,,424960,
3.569111,BUFFER,416,,,,424960,held=1
3.569191,NAK,415,,,,424960,
3.569616,BUFFER,417,,,,424960,held=2
3.575821,BUFFER,418,,,,424960,held=3
3.576139,BUFFER,420,,,,424960,held=4
3.576163,NAK,419,,,,424960,
3.576514,BUFFER,421,,,,424960,held=5
3.601263,BUFFER,422,,,,424960,held=6
3.601779,BUFFER,423,,,,424960,held=7
3.605583,BUFFER,425,,,,424960,held=8
3.605617,NAK,424,,,,424960,
3.605861,BUFFER,426,,,,424960,held=9
3.606183,BUFFER,427,,,,424960,held=10
3.611802,BUFFER,415,,,,424960,held=11
3.611830,DELIVER,415,,,,425984,
3.611838,DELIVER,416,,,,427008,
3.611845,DELIVER,417,,,,428032,
3.611853,DELIVER,418,,,,429056,
3.614388,BUFFER,428,,,,429056,held=8
3.616220,BUFFER,429,,,,429056,held=9
3.618698,BUFFER,430,,,,429056,held=10
3.619013,BUFFER,431,,,,429056,held=11
3.628368,DUP,415,,,,429056,
3.628414,NAK,419,,,,429056,
3.628811,BUFFER,419,,,,429056,held=12
3.628836,DELIVER,419,,,,430080,
3.628848,DELIVER,420,,,,431104,
3.628857,DELIVER,421,,,,432128,
3.628882,DELIVER,422,,,,433152,
3.628891,DELIVER,423,,,,434176,
3.629601,BUFFER,432,,,,434176,held=8
3.630037,BUFFER,433,,,,434176,held=9
3.643184,BUFFER,434,,,,434176,held=10
3.649284,BUFFER,435,,,,434176,held=11
3.656022,BUFFER,424,,,,434176,held=12
3.656043,DELIVER,424,,,,435200,
3.656052,DELIVER,425,,,,436224,
3.656061,DELIVER,426,,,,437248,
3.656068,DELIVER,427,,,,438272,
3.656073,DELIVER,428,,,,439296,
3.656079,DELIVER,429,,,,440320,
3.656085,DELIVER,430,,,,441344,
3.656090,DELIVER,431,,,,442368,
3.656096,DELIVER,432,,,,443392,
3.656101,DELIVER,433,,,,444416,
3.656107,DELIVER,434,,,,445440,
3.656112,DELIVER,435,,,,446464,
3.656452,BUFFER,436,,,,446464,held=1
3.656467,DELIVER,436,,,,447488,
3.656723,BUFFER,437,,,,447488,held=1
3.656732,DELIVER,437,,,,448512,
3.656980,BUFFER,438,,,,448512,held=1
3.656988,DELIVER,438,,,,449536,
3.662487,BUFFER,439,,,,449536,held=1
3.662511,DELIVER,439,,,,450560,
3.662864,BUFFER,440,,,,450560,held=1
3.662883,DELIVER,440,,,,451584,
3.663186,DUP,417,,,,451584,
3.663529,BUFFER,441,,,,451584,held=1
3.663549,DELIVER,441,,,,452608,
3.681873,DUP,419,,,,452608,
3.682530,BUFFER,442,,,,452608,held=1
3.682555,DELIVER,442,,,,453632,
3.683038,BUFFER,443,,,,453632,held=1
3.683052,DELIVER,443,,,,454656,
3.684404,BUFFER,444,,,,454656,held=1
3.684419,DELIVER,444,,,,455680,
3.684683,BUFFER,445,,,,455680,held=1
3.684691,DELIVER,445,,,,456704,
3.687097,BUFFER,446,,,,456704,held=1
3.687111,DELIVER,446,,,,457728,
3.706637,DUP,422,,,,457728,
3.707041,BUFFER,447,,,,457728,held=1
3.707058,DELIVER,447,,,,458752,
3.708767,BUFFER,448,,,,458752,held=1
3.708783,DELIVER,448,,,,459776,
3.709032,BUFFER,449,,,,459776,held=1
3.709041,DELIVER,449,,,,460800,
3.709382,BUFFER,450,,,,460800,held=1
3.709396,DELIVER,450,,,,461824,
3.715130,BUFFER,451,,,,461824,held=1
3.715159,DELIVER,451,,,,462848,
3.715493,BUFFER,452,,,,462848,held=1
3.715503,DELIVER,452,,,,463872,
3.715946,BUFFER,453,,,,463872,held=1
3.715962,DELIVER,453,,,,464896,
3.716376,DUP,430,,,,464896,
3.722466,BUFFER,454,,,,464896,held=1
3.722723,DELIVER,454,,,,465920,
3.728842,BUFFER,455,,,,465920,held=1
3.728886,DELIVER,455,,,,466944,
3.729864,BUFFER,456,,,,466944,held=1
3.729882,DELIVER,456,,,,467968,
3.732151,BUFFER,457,,,,467968,held=1
3.732171,DELIVER,457,,,,468992,
3.733984,BUFFER,458,,,,468992,held=1
3.734006,DELIVER,458,,,,470016,
3.734639,BUFFER,459,,,,470016,held=1
3.734653,DELIVER,459,,,,471040,
3.749253,BUFFER,460,,,,471040,held=1
3.749274,DELIVER,460,,,,472064,
3.749842,BUFFER,461,,,,472064,held=1
3.749865,DELIVER,461,,,,473088,
3.752449,BUFFER,462,,,,473088,held=1
3.752470,DELIVER,462,,,,474112,
3.752718,BUFFER,463,,,,474112,held=1
3.752729,DELIVER,463,,,,475136,
3.753348,DUP,437,,,,475136,
3.753588,DUP,430,,,,475136,
3.765065,BUFFER,464,,,,475136,held=1
3.765095,DELIVER,464,,,,476160,
3.766023,BUFFER,465,,,,476160,held=1
3.766042,DELIVER,465,,,,477184,
3.766299,BUFFER,466,,,,477184,held=1
3.766309,DELIVER,466,,,,478208,
3.766569,BUFFER,467,,,,478208,held=1
3.766581,DELIVER,467,,,,479232,
3.766866,BUFFER,468,,,,479232,held=1
3.766876,DELIVER,468,,,,480256,
3.767123,BUFFER,469,,,,480256,held=1
3.767136,DELIVER,469,,,,481280,
3.775021,DUP,437,,,,481280,
3.775364,BUFFER,470,,,,481280,held=1
3.775387,DELIVER,470,,,,482304,
3.780668,BUFFER,471,,,,482304,held=1
3.780691,DELIVER,471,,,,483328,
3.780969,BUFFER,472,,,,483328,held=1
3.780981,DELIVER,472,,,,484352,
3.781230,BUFFER,473,,,,484352,held=1
3.781240,DELIVER,473,,,,485376,
3.792135,BUFFER,474,,,,485376,held=1
3.792159,DELIVER,474,,,,486400,
3.795575,BUFFER,475,,,,486400,held=1
3.795598,DELIVER,475,,,,487424,
3.796903,BUFFER,476,,,,487424,held=1
3.796921,DELIVER,476,,,,488448,
3.802461,BUFFER,478,,,,488448,held=1
3.802488,NAK,477,,,,488448,
3.802721,BUFFER,479,,,,488448,held=2
3.811735,BUFFER,480,,,,488448,held=3
3.812033,BUFFER,481,,,,488448,held=4
3.816122,BUFFER,482,,,,488448,held=5
3.818002,BUFFER,484,,,,488448,held=6
3.818029,NAK,483,,,,488448,
3.818258,BUFFER,485,,,,488448,held=7
3.818598,BUFFER,486,,,,488448,held=8
3.825273,BUFFER,487,,,,488448,held=9
3.831843,BUFFER,488,,,,488448,held=10
3.835170,BUFFER,489,,,,488448,held=11
3.835920,BUFFER,490,,,,488448,held=12
3.836194,BUFFER,491,,,,488448,held=13
3.840217,BUFFER,492,,,,488448,held=14
3.844121,BUFFER,493,,,,488448,held=15
3.853197,BUFFER,494,,,,488448,held=16
3.853237,NAK,477,,,,488448,
3.853531,BUFFER,477,,,,488448,held=17
3.853548,DELIVER,477,,,,489472,
3.853554,DELIVER,478,,,,490496,
3.853560,DELIVER,479,,,,491520,
3.853565,DELIVER,480,,,,492544,
3.853570,DELIVER,481,,,,493568,
3.853574,DELIVER,482,,,,494592,
3.866125,BUFFER,483,,,,494592,held=12
3.866152,DELIVER,483,,,,495616,
3.866162,DELIVER,484,,,,496640,
3.866173,DELIVER,485,,,,497664,
3.866180,DELIVER,486,,,,498688,
3.866188,DELIVER,487,,,,499712,
3.866195,DELIVER,488,,,,500736,
3.866203,DELIVER,489,,,,501760,
3.866210,DELIVER,490,,,,502784,
3.866217,DELIVER,491,,,,503808,
3.866224,DELIVER,492,,,,504832,
3.866231,DELIVER,493,,,,505856,
3.866238,DELIVER,494,,,,506880,
3.867165,BUFFER,495,,,,506880,held=1
3.867188,DELIVER,495,,,,507904,
3.868187,BUFFER,496,,,,507904,held=1
3.868228,DELIVER,496,,,,508928,
3.868520,BUFFER,497,,,,508928,held=1
3.868531,DELIVER,497,,,,509952,
3.875007,BUFFER,498,,,,509952,held=1
3.875033,DELIVER,498,,,,510976,
3.875292,BUFFER,499,,,,510976,held=1
3.875304,DELIVER,499,,,,512000,
3.875772,BUFFER,500,,,,512000,held=1
3.875786,DELIVER,500,,,,513024,
3.879619,BUFFER,501,,,,513024,held=1
3.879662,DELIVER,501,,,,514048,
3.889405,BUFFER,502,,,,514048,held=1
3.889452,DELIVER,502,,,,515072,
3.889738,BUFFER,503,,,,515072,held=1
3.889769,DELIVER,503,,,,516096,
3.890019,BUFFER,504,,,,516096,held=1
3.890031,DELIVER,504,,,,517120,
3.906995,DUP,479,,,,517120,
3.907260,DUP,477,,,,517120,
3.907517,BUFFER,506,,,,517120,held=1
3.907537,NAK,505,,,,517120,
3.908304,BUFFER,507,,,,517120,held=2
3.915114,BUFFER,508,,,,517120,held=3
3.920489,BUFFER,509,,,,517120,held=4
3.920861,DUP,479,,,,517120,
3.921092,BUFFER,510,,,,517120,held=5
3.921468,BUFFER,511,,,,517120,held=6
3.921758,DUP,482,,,,517120,
3.922347,BUFFER,512,,,,517120,held=7
3.922594,BUFFER,513,,,,517120,held=8
3.925852,BUFFER,514,,,,517120,held=9
3.926437,BUFFER,515,,,,517120,held=10
3.931742,BUFFER,516,,,,517120,held=11
3.934505,BUFFER,517,,,,517120,held=12
3.941631,BUFFER,518,,,,517120,held=13
3.947690,BUFFER,505,,,,517120,held=14
3.947707,DELIVER,505,,,,518144,
3.947713,DELIVER,506,,,,519168,
3.947719,DELIVER,507,,,,520192,
3.947726,DELIVER,508,,,,521216,
3.947730,DELIVER,509,,,,522240,
3.947735,DELIVER,510,,,,523264,
3.947740,DELIVER,511,,,,524288,
3.947862,DELIVER,512,,,,525312,
3.947869,DELIVER,513,,,,526336,
3.947874,DELIVER,514,,,,527360,
3.947879,DELIVER,515,,,,528384,
3.947884,DELIVER,516,,,,529408,
3.947889,DELIVER,517,,,,530432,
3.947893,DELIVER,518,,,,531456,
3.948806,BUFFER,519,,,,531456,held=1
3.948825,DELIVER,519,,,,532480,
3.949828,BUFFER,520,,,,532480,held=1
3.949845,DELIVER,520,,,,533504,
3.961010,BUFFER,521,,,,533504,held=1
3.961030,DELIVER,521,,,,534528,
3.967599,BUFFER,522,,,,534528,held=1
3.967627,DELIVER,522,,,,535552,
3.968252,BUFFER,523,,,,535552,held=1
3.968268,DELIVER,523,,,,536576,
3.968598,BUFFER,524,,,,536576,held=1
3.968612,DELIVER,524,,,,537600,
3.968871,BUFFER,525,,,,537600,held=1
3.968880,DELIVER,525,,,,538624,
3.970212,BUFFER,526,,,,538624,held=1
3.970230,DELIVER,526,,,,539648,
3.970493,BUFFER,527,,,,539648,held=1
3.970504,DELIVER,527,,,,540672,
3.970797,DUP,505,,,,540672,
3.971136,BUFFER,528,,,,540672,held=1
3.971147,DELIVER,528,,,,541696,
3.979416,BUFFER,529,,,,541696,held=1
3.979444,DELIVER,529,,,,542720,
3.981263,BUFFER,530,,,,542720,held=1
3.981281,DELIVER,530,,,,543744,
3.983089,BUFFER,531,,,,543744,held=1
3.983110,DELIVER,531,,,,544768,
3.993383,BUFFER,532,,,,544768,held=1
3.993413,DELIVER,532,,,,545792,
3.993711,BUFFER,533,,,,545792,held=1
3.993720,DELIVER,533,,,,546816,
3.994893,BUFFER,534,,,,546816,held=1
3.994918,DELIVER,534,,,,547840,
3.995156,BUFFER,535,,,,547840,held=1
3.995165,DELIVER,535,,,,548864,
4.010295,BUFFER,537,,,,548864,held=1
4.010321,NAK,536,,,,548864,
4.010526,BUFFER,538,,,,548864,held=2
4.016913,BUFFER,539,,,,548864,held=3
4.017168,BUFFER,540,,,,548864,held=4
4.017422,BUFFER,542,,,,548864,held=5
4.017441,NAK,541,,,,548864,
4.017872,BUFFER,544,,,,548864,held=6
4.017897,NAK,543,,,,548864,
4.029311,BUFFER,545,,,,548864,held=7
4.029786,BUFFER,546,,,,548864,held=8
4.030103,BUFFER,547,,,,548864,held=9
4.030365,BUFFER,548,,,,548864,held=10
4.039334,BUFFER,549,,,,548864,held=11
4.039654,BUFFER,550,,,,548864,held=12
4.051800,BUFFER,551,,,,548864,held=13
4.052092,BUFFER,536,,,,548864,held=14
4.052107,DELIVER,536,,,,549888,
4.052113,DELIVER,537,,,,550912,
4.052119,DELIVER,538,,,,551936,
4.052124,DELIVER,539,,,,552960,
4.052128,DELIVER,540,,,,553984,
4.052371,DUP,534,,,,553984,
4.054367,BUFFER,552,,,,553984,held=10
4.058457,BUFFER,541,,,,553984,held=11
4.058585,DELIVER,541,,,,555008,
4.058610,DELIVER,542,,,,556032,
4.061581,BUFFER,543,,,,556032,held=10
4.061607,DELIVER,543,,,,557056,
4.061614,DELIVER,544,,,,558080,
4.061619,DELIVER,545,,,,559104,
4.061624,DELIVER,546,,,,560128,
4.061629,DELIVER,547,,,,561152,
4.061636,DELIVER,548,,,,562176,
4.061641,DELIVER,549,,,,563200,
4.061646,DELIVER,550,,,,564224,
4.061650,DELIVER,551,,,,565248,
4.061655,DELIVER,552,,,,566272,
4.067786,BUFFER,553,,,,566272,held=1
4.067809,DELIVER,553,,,,567296,
4.068068,BUFFER,554,,,,567296,held=1
4.068080,DELIVER,554,,,,568320,
4.068391,BUFFER,555,,,,568320,held=1
4.068403,DELIVER,555,,,,569344,
4.078640,BUFFER,556,,,,569344,held=1
4.078657,DELIVER,556,,,,570368,
4.085070,BUFFER,558,,,,570368,held=1
4.085111,NAK,557,,,,570368,
4.085465,BUFFER,559,,,,570368,held=2
4.086966,BUFFER,560,,,,570368,held=3
4.087240,BUFFER,561,,,,570368,held=4
4.096742,BUFFER,562,,,,570368,held=5
4.105258,BUFFER,563,,,,570368,held=6
4.105792,BUFFER,564,,,,570368,held=7
4.108902,BUFFER,565,,,,570368,held=8
4.109134,BUFFER,566,,,,570368,held=9
4.109345,BUFFER,567,,,,570368,held=10
4.109598,BUFFER,568,,,,570368,held=11
4.113950,BUFFER,569,,,,570368,held=12
4.120718,BUFFER,570,,,,570368,held=13
4.121045,BUFFER,571,,,,570368,held=14
4.121315,BUFFER,572,,,,570368,held=15
4.133159,BUFFER,557,,,,570368,held=16
4.133174,DELIVER,557,,,,571392,
4.133181,DELIVER,558,,,,572416,
4.133186,DELIVER,559,,,,573440,
4.133191,DELIVER,560,,,,574464,
4.133196,DELIVER,561,,,,575488,
4.133201,DELIVER,562,,,,576512,
4.133205,DELIVER,563,,,,577536,
4.133210,DELIVER,564,,,,578560,
4.133214,DELIVER,565,,,,579584,
4.133219,DELIVER,566,,,,580608,
4.133224,DELIVER,567,,,,581632,
4.133229,DELIVER,568,,,,582656,
4.133233,DELIVER,569,,,,583680,
4.133238,DELIVER,570,,,,584704,
4.133242,DELIVER,571,,,,585728,
4.133247,DELIVER,572,,,,586752,
4.134118,DUP,557,,,,586752,
4.135505,BUFFER,573,,,,586752,held=1
4.135526,DELIVER,573,,,,587776,
4.138677,BUFFER,575,,,,587776,held=1
4.138738,NAK,574,,,,587776,
4.157628,BUFFER,576,,,,587776,held=2
4.157902,BUFFER,577,,,,587776,held=3
4.158162,BUFFER,578,,,,587776,held=4
4.158412,BUFFER,579,,,,587776,held=5
4.158701,BUFFER,580,,,,587776,held=6
4.158935,BUFFER,581,,,,587776,held=7
4.159155,BUFFER,582,,,,587776,held=8
4.163181,BUFFER,583,,,,587776,held=9
4.176516,BUFFER,574,,,,587776,held=10
4.176542,DELIVER,574,,,,588800,
4.176550,DELIVER,575,,,,589824,
4.176557,DELIVER,576,,,,590848,
4.176563,DELIVER,577,,,,591872,
4.176569,DELIVER,578,,,,592896,
4.176574,DELIVER,579,,,,593920,
4.176580,DELIVER,580,,,,594944,
4.176585,DELIVER,581,,,,595968,
4.176591,DELIVER,582,,,,596992,
4.176598,DELIVER,583,,,,598016,
4.184965,BUFFER,584,,,,598016,held=1
4.184985,DELIVER,584,,,,599040,
4.185276,BUFFER,585,,,,599040,held=1
4.185371,DELIVER,585,,,,600064,
4.185725,BUFFER,586,,,,600064,held=1
4.185735,DELIVER,586,,,,601088,
4.207604,DUP,566,,,,601088,
4.207849,DUP,566,,,,601088,
4.210545,BUFFER,587,,,,601088,held=1
4.210563,DELIVER,587,,,,602112,
4.214996,BUFFER,588,,,,602112,held=1
4.215021,DELIVER,588,,,,603136,
4.215263,BUFFER,589,,,,603136,held=1
4.215273,DELIVER,589,,,,604160,
4.215511,BUFFER,590,,,,604160,held=1
4.215522,DELIVER,590,,,,605184,
4.215811,BUFFER,591,,,,605184,held=1
4.215822,DELIVER,591,,,,606208,
4.216105,BUFFER,592,,,,606208,held=1
4.216116,DELIVER,592,,,,607232,
4.216351,BUFFER,593,,,,607232,held=1
4.216359,DELIVER,593,,,,608256,
4.216576,DUP,567,,,,608256,
4.216852,BUFFER,594,,,,608256,held=1
4.216860,DELIVER,594,,,,609280,
4.217085,BUFFER,595,,,,609280,held=1
4.217094,DELIVER,595,,,,610304,
4.219851,BUFFER,596,,,,610304,held=1
4.219874,DELIVER,596,,,,611328,
4.220128,DUP,569,,,,611328,
4.232775,BUFFER,597,,,,611328,held=1
4.232796,DELIVER,597,,,,612352,
4.233169,BUFFER,599,,,,612352,held=1
4.233214,NAK,598,,,,612352,
4.258432,BUFFER,600,,,,612352,held=2
4.266036,BUFFER,601,,,,612352,held=3
4.266449,BUFFER,602,,,,612352,held=4
4.266714,DUP,567,,,,612352,
4.266981,BUFFER,603,,,,612352,held=5
4.267273,BUFFER,604,,,,612352,held=6
4.267619,BUFFER,605,,,,612352,held=7
4.267880,DUP,569,,,,612352,
4.268132,BUFFER,606,,,,612352,held=8
4.268365,BUFFER,607,,,,612352,held=9
4.268575,BUFFER,608,,,,612352,held=10
4.268798,BUFFER,609,,,,612352,held=11
4.269028,BUFFER,610,,,,612352,held=12
4.269263,BUFFER,611,,,,612352,held=13
4.270671,BUFFER,612,,,,612352,held=14
4.271302,BUFFER,613,,,,612352,held=15
4.284642,BUFFER,598,,,,612352,held=16
4.284692,DELIVER,598,,,,613376,
4.284736,DELIVER,599,,,,614400,
4.284745,DELIVER,600,,,,615424,
4.284751,DELIVER,601,,,,616448,
4.284757,DELIVER,602,,,,617472,
4.284761,DELIVER,603,,,,618496,
4.284766,DELIVER,604,,,,619520,
4.284771,DELIVER,605,,,,620544,
4.284775,DELIVER,606,,,,621568,
4.284780,DELIVER,607,,,,622592,
4.284784,DELIVER,608,,,,623616,
4.284831,DELIVER,609,,,,624640,
4.284840,DELIVER,610,,,,625664,
4.284846,DELIVER,611,,,,626688,
4.284851,DELIVER,612,,,,627712,
4.284855,DELIVER,613,,,,628736,
4.311289,BUFFER,614,,,,628736,held=1
4.311327,DELIVER,614,,,,629760,
4.312487,DUP,598,,,,629760,
4.313536,BUFFER,615,,,,629760,held=1
4.313561,DELIVER,615,,,,630784,
4.318066,BUFFER,616,,,,630784,held=1
4.318092,DELIVER,616,,,,631808,
4.318353,BUFFER,617,,,,631808,held=1
4.318364,DELIVER,617,,,,632832,
4.318696,BUFFER,618,,,,632832,held=1
4.318707,DELIVER,618,,,,633856,
4.318944,BUFFER,619,,,,633856,held=1
4.318951,DELIVER,619,,,,634880,
4.320002,BUFFER,620,,,,634880,held=1
4.320019,DELIVER,620,,,,635904,
4.320246,BUFFER,621,,,,635904,held=1
4.320253,DELIVER,621,,,,636928,
4.320551,BUFFER,622,,,,636928,held=1
4.320563,DELIVER,622,,,,637952,
4.321114,BUFFER,623,,,,637952,held=1
4.321139,DELIVER,623,,,,638976,
4.321714,BUFFER,624,,,,638976,held=1
4.321779,DELIVER,624,,,,640000,
4.323893,BUFFER,625,,,,640000,held=1
4.323914,DELIVER,625,,,,641024,
4.324161,BUFFER,626,,,,641024,held=1
4.324171,DELIVER,626,,,,642048,
4.324465,BUFFER,627,,,,642048,held=1
4.324478,DELIVER,627,,,,643072,
4.324752,BUFFER,628,,,,643072,held=1
4.324761,DELIVER,628,,,,644096,
4.334623,BUFFER,629,,,,644096,held=1
4.334649,DELIVER,629,,,,645120,
4.353193,BUFFER,630,,,,645120,held=1
4.353216,DELIVER,630,,,,646144,
4.360243,DUP,614,,,,646144,
4.370593,BUFFER,631,,,,646144,held=1
4.370618,DELIVER,631,,,,647168,
4.370896,BUFFER,632,,,,647168,held=1
4.370914,DELIVER,632,,,,648192,
4.371162,BUFFER,633,,,,648192,held=1
4.371174,DELIVER,633,,,,649216,
4.371399,BUFFER,634,,,,649216,held=1
4.371407,DELIVER,634,,,,650240,
4.371614,BUFFER,635,,,,650240,held=1
4.371621,DELIVER,635,,,,651264,
4.371842,BUFFER,636,,,,651264,held=1
4.371849,DELIVER,636,,,,652288,
4.372070,BUFFER,637,,,,652288,held=1
4.372077,DELIVER,637,,,,653312,
4.372285,BUFFER,638,,,,653312,held=1
4.372292,DELIVER,638,,,,654336,
4.372503,BUFFER,639,,,,654336,held=1
4.372510,DELIVER,639,,,,655360,
4.372772,BUFFER,640,,,,655360,held=1
4.372963,DELIVER,640,,,,656384,
4.375050,BUFFER,641,,,,656384,held=1
4.375082,DELIVER,641,,,,657408,
4.375621,BUFFER,642,,,,657408,held=1
4.375644,DELIVER,642,,,,658432,
4.376143,BUFFER,643,,,,658432,held=1
4.376165,DELIVER,643,,,,659456,
4.403923,BUFFER,644,,,,659456,held=1
4.403946,DELIVER,644,,,,660480,
4.404248,BUFFER,645,,,,660480,held=1
4.404257,DELIVER,645,,,,661504,
4.412213,BUFFER,646,,,,661504,held=1
4.412252,DELIVER,646,,,,662528,
4.414259,BUFFER,647,,,,662528,held=1
4.414292,DELIVER,647,,,,663552,
4.421423,BUFFER,648,,,,663552,held=1
4.421460,DELIVER,648,,,,664576,
4.424420,BUFFER,649,,,,664576,held=1
4.424474,DELIVER,649,,,,665600,
4.424840,BUFFER,651,,,,665600,held=1
4.424870,NAK,650,,,,665600,
4.425136,BUFFER,652,,,,665600,held=2
4.425408,BUFFER,654,,,,665600,held=3
4.425430,NAK,653,,,,665600,
4.425643,BUFFER,655,,,,665600,held=4
4.425907,BUFFER,656,,,,665600,held=5
4.426165,BUFFER,657,,,,665600,held=6
4.430190,BUFFER,658,,,,665600,held=7
4.430741,BUFFER,659,,,,665600,held=8
4.444014,BUFFER,660,,,,665600,held=9
4.454598,BUFFER,661,,,,665600,held=10
4.461351,BUFFER,662,,,,665600,held=11
4.461768,BUFFER,663,,,,665600,held=12
4.466770,BUFFER,664,,,,665600,held=13
4.467133,BUFFER,665,,,,665600,held=14
4.471266,BUFFER,650,,,,665600,held=15
4.471292,DELIVER,650,,,,666624,
4.471299,DELIVER,651,,,,667648,
4.471306,DELIVER,652,,,,668672,
4.471859,BUFFER,666,,,,668672,held=13
4.475859,BUFFER,653,,,,668672,held=14
4.475903,DELIVER,653,,,,669696,
4.475911,DELIVER,654,,,,670720,
4.475918,DELIVER,655,,,,671744,
4.475924,DELIVER,656,,,,672768,
4.475930,DELIVER,657,,,,673792,
4.475967,DELIVER,658,,,,674816,
4.475979,DELIVER,659,,,,675840,
4.475987,DELIVER,660,,,,676864,
4.475994,DELIVER,661,,,,677888,
4.476000,DELIVER,662,,,,678912,
4.476006,DELIVER,663,,,,679936,
4.476012,DELIVER,664,,,,680960,
4.476018,DELIVER,665,,,,681984,
4.476024,DELIVER,666,,,,683008,
4.476409,BUFFER,668,,,,683008,held=1
4.476440,NAK,667,,,,683008,
4.477861,BUFFER,669,,,,683008,held=2
4.478132,BUFFER,670,,,,683008,held=3
4.478406,BUFFER,671,,,,683008,held=4
4.480709,BUFFER,672,,,,683008,held=5
4.498779,BUFFER,674,,,,683008,held=6
4.498809,NAK,673,,,,683008,
4.499069,BUFFER,675,,,,683008,held=7
4.506974,BUFFER,676,,,,683008,held=8
4.510971,BUFFER,677,,,,683008,held=9
4.511239,BUFFER,678,,,,683008,held=10
4.519134,BUFFER,679,,,,683008,held=11
4.519424,BUFFER,680,,,,683008,held=12
4.521441,BUFFER,667,,,,683008,held=13
4.521464,DELIVER,667,,,,684032,
4.521471,DELIVER,668,,,,685056,
4.521476,DELIVER,669,,,,686080,
4.521481,DELIVER,670,,,,687104,
4.521486,DELIVER,671,,,,688128,
4.521491,DELIVER,672,,,,689152,
4.524337,BUFFER,681,,,,689152,held=8
4.524584,BUFFER,682,,,,689152,held=9
4.531478,DUP,667,,,,689152,
4.531745,BUFFER,684,,,,689152,held=10
4.531764,NAK,683,,,,689152,
4.531998,BUFFER,685,,,,689152,held=11
4.540378,BUFFER,673,,,,689152,held=12
4.540397,DELIVER,673,,,,690176,
4.540404,DELIVER,674,,,,691200,
4.540409,DELIVER,675,,,,692224,
4.540414,DELIVER,676,,,,693248,
4.540420,DELIVER,677,,,,694272,
4.540425,DELIVER,678,,,,695296,
4.540430,DELIVER,679,,,,696320,
4.540435,DELIVER,680,,,,697344,
4.540440,DELIVER,681,,,,698368,
4.540445,DELIVER,682,,,,699392,
4.550965,BUFFER,686,,,,699392,held=3
4.551278,BUFFER,687,,,,699392,held=4
4.556248,BUFFER,688,,,,699392,held=5
4.557832,BUFFER,689,,,,699392,held=6
4.560266,BUFFER,690,,,,699392,held=7
4.560681,BUFFER,691,,,,699392,held=8
4.566210,BUFFER,692,,,,699392,held=9
4.566754,BUFFER,693,,,,699392,held=10
4.567471,BUFFER,694,,,,699392,held=11
4.569960,BUFFER,695,,,,699392,held=12
4.572295,BUFFER,696,,,,699392,held=13
4.572859,DUP,673,,,,699392,
4.578374,BUFFER,683,,,,699392,held=14
4.578412,DELIVER,683,,,,700416,
4.578426,DELIVER,684,,,,701440,
4.578437,DELIVER,685,,,,702464,
4.578453,DELIVER,686,,,,703488,
4.578463,DELIVER,687,,,,704512,
4.578473,DELIVER,688,,,,705536,
4.578541,DELIVER,689,,,,706560,
4.578558,DELIVER,690,,,,707584,
4.578570,DELIVER,691,,,,708608,
4.578580,DELIVER,692,,,,709632,
4.578635,DELIVER,693,,,,710656,
4.578648,DELIVER,694,,,,711680,
4.578658,DELIVER,695,,,,712704,
4.578667,DELIVER,696,,,,713728,
4.579061,BUFFER,698,,,,713728,held=1
4.579089,NAK,697,,,,713728,
4.589214,BUFFER,699,,,,713728,held=2
4.589517,BUFFER,700,,,,713728,held=3
4.596240,BUFFER,701,,,,713728,held=4
4.606193,DUP,683,,,,713728,
4.611187,BUFFER,702,,,,713728,held=5
4.611548,BUFFER,703,,,,713728,held=6
4.615597,BUFFER,704,,,,713728,held=7
4.616156,BUFFER,706,,,,713728,held=8
4.616192,NAK,705,,,,713728,
4.616981,BUFFER,707,,,,713728,held=9
4.622824,BUFFER,708,,,,713728,held=10
4.623252,BUFFER,709,,,,713728,held=11
4.623658,BUFFER,697,,,,713728,held=12
4.623679,DELIVER,697,,,,714752,
4.623688,DELIVER,698,,,,715776,
4.623697,DELIVER,699,,,,716800,
4.623704,DELIVER,700,,,,717824,
4.623711,DELIVER,701,,,,718848,
4.623718,DELIVER,702,,,,719872,
4.623726,DELIVER,703,,,,720896,
4.623733,DELIVER,704,,,,721920,
4.630707,BUFFER,710,,,,721920,held=5
4.631073,BUFFER,711,,,,721920,held=6
4.646618,DUP,694,,,,721920,
4.647043,BUFFER,712,,,,721920,held=7
4.650615,BUFFER,713,,,,721920,held=8
4.654478,BUFFER,714,,,,721920,held=9
4.654822,BUFFER,715,,,,721920,held=10
4.667383,BUFFER,716,,,,721920,held=11
4.667474,NAK,705,,,,721920,
4.667770,BUFFER,705,,,,721920,held=12
4.667784,DELIVER,705,,,,722944,
4.667790,DELIVER,706,,,,723968,
4.667796,DELIVER,707,,,,724992,
4.667801,DELIVER,708,,,,726016,
4.667806,DELIVER,709,,,,727040,
4.667811,DELIVER,710,,,,728064,
4.667816,DELIVER,711,,,,729088,
4.667820,DELIVER,712,,,,730112,
4.667825,DELIVER,713,,,,731136,
4.667830,DELIVER,714,,,,732160,
4.667834,DELIVER,715,,,,733184,
4.667839,DELIVER,716,,,,734208,
4.668088,BUFFER,717,,,,734208,held=1
4.668097,DELIVER,717,,,,735232,
4.668313,BUFFER,718,,,,735232,held=1
4.668321,DELIVER,718,,,,736256,
4.669603,BUFFER,719,,,,736256,held=1
4.669618,DELIVER,719,,,,737280,
4.677126,BUFFER,720,,,,737280,held=1
4.677152,DELIVER,720,,,,738304,
4.677571,BUFFER,721,,,,738304,held=1
4.677589,DELIVER,721,,,,739328,
4.678022,BUFFER,722,,,,739328,held=1
4.678040,DELIVER,722,,,,740352,
4.679897,BUFFER,723,,,,740352,held=1
4.679921,DELIVER,723,,,,741376,
4.688738,BUFFER,724,,,,741376,held=1
4.688761,DELIVER,724,,,,742400,
4.693838,BUFFER,725,,,,742400,held=1
4.693863,DELIVER,725,,,,743424,
4.694150,BUFFER,726,,,,743424,held=1
4.694159,DELIVER,726,,,,744448,
4.696844,DUP,699,,,,744448,
4.697467,DUP,699,,,,744448,
4.697832,BUFFER,727,,,,744448,held=1
4.697849,DELIVER,727,,,,745472,
4.704712,BUFFER,728,,,,745472,held=1
4.704738,DELIVER,728,,,,746496,
4.705127,DUP,705,,,,746496,
4.716200,BUFFER,729,,,,746496,held=1
4.716228,DELIVER,729,,,,747520,
4.716792,BUFFER,730,,,,747520,held=1
4.716814,DELIVER,730,,,,748544,
4.717139,BUFFER,731,,,,748544,held=1
4.717161,DELIVER,731,,,,749568,
4.719361,BUFFER,732,,,,749568,held=1
4.719385,DELIVER,732,,,,750592,
4.719840,BUFFER,733,,,,750592,held=1
4.719856,DELIVER,733,,,,751616,
4.724036,BUFFER,734,,,,751616,held=1
4.724054,DELIVER,734,,,,752640,
4.724329,BUFFER,735,,,,752640,held=1
4.724338,DELIVER,735,,,,753664,
4.724874,BUFFER,736,,,,753664,held=1
4.724890,DELIVER,736,,,,754688,
4.725259,BUFFER,737,,,,754688,held=1
4.725273,DELIVER,737,,,,755712,
4.738821,BUFFER,738,,,,755712,held=1
4.738844,DELIVER,738,,,,756736,
4.739308,BUFFER,739,,,,756736,held=1
4.739320,DELIVER,739,,,,757760,
4.739568,BUFFER,740,,,,757760,held=1
4.739577,DELIVER,740,,,,758784,
4.739804,BUFFER,741,,,,758784,held=1
4.739813,DELIVER,741,,,,759808,
4.748533,BUFFER,742,,,,759808,held=1
4.748557,DELIVER,742,,,,760832,
4.751159,BUFFER,743,,,,760832,held=1
4.751184,DELIVER,743,,,,761856,
4.754318,DUP,719,,,,761856,
4.769080,BUFFER,744,,,,761856,held=1
4.769103,DELIVER,744,,,,762880,
4.769964,BUFFER,745,,,,762880,held=1
4.769980,DELIVER,745,,,,763904,
4.770324,BUFFER,746,,,,763904,held=1
4.770335,DELIVER,746,,,,764928,
4.770554,BUFFER,747,,,,764928,held=1
4.770561,DELIVER,747,,,,765952,
4.774037,BUFFER,748,,,,765952,held=1
4.774064,DELIVER,748,,,,766976,
4.774413,BUFFER,749,,,,766976,held=1
4.774438,DELIVER,749,,,,768000,
4.774782,BUFFER,750,,,,768000,held=1
4.774801,DELIVER,750,,,,769024,
4.775139,BUFFER,751,,,,769024,held=1
4.775197,DELIVER,751,,,,770048,
4.785612,BUFFER,752,,,,770048,held=1
4.785639,DELIVER,752,,,,771072,
4.786107,BUFFER,753,,,,771072,held=1
4.786139,DELIVER,753,,,,772096,
4.786767,BUFFER,754,,,,772096,held=1
4.786794,DELIVER,754,,,,773120,
4.787080,BUFFER,755,,,,773120,held=1
4.787091,DELIVER,755,,,,774144,
4.791503,BUFFER,756,,,,774144,held=1
4.791533,DELIVER,756,,,,775168,
4.793437,BUFFER,757,,,,775168,held=1
4.793461,DELIVER,757,,,,776192,
4.793814,BUFFER,758,,,,776192,held=1
4.793835,DELIVER,758,,,,777216,
4.811996,BUFFER,759,,,,777216,held=1
4.812022,DELIVER,759,,,,778240,
4.819194,BUFFER,760,,,,778240,held=1
4.819222,DELIVER,760,,,,779264,
4.819512,BUFFER,761,,,,779264,held=1
4.819527,DELIVER,761,,,,780288,
4.819879,BUFFER,762,,,,780288,held=1
4.819890,DELIVER,762,,,,781312,
4.820218,BUFFER,763,,,,781312,held=1
4.820228,DELIVER,763,,,,782336,
4.826326,BUFFER,765,,,,782336,held=1
4.826363,NAK,764,,,,782336,
4.826622,BUFFER,766,,,,782336,held=2
4.826858,BUFFER,767,,,,782336,held=3
4.830332,BUFFER,768,,,,782336,held=4
4.830806,BUFFER,769,,,,782336,held=5
4.831104,BUFFER,770,,,,782336,held=6
4.839106,BUFFER,771,,,,782336,held=7
4.839484,BUFFER,772,,,,782336,held=8
4.839908,BUFFER,773,,,,782336,held=9
4.840301,BUFFER,774,,,,782336,held=10
4.862404,BUFFER,775,,,,782336,held=11
4.865511,BUFFER,776,,,,782336,held=12
4.865882,DUP,759,,,,782336,
4.878053,BUFFER,764,,,,782336,held=13
4.878087,DELIVER,764,,,,783360,
4.878097,DELIVER,765,,,,784384,
4.878105,DELIVER,766,,,,785408,
4.878113,DELIVER,767,,,,786432,
4.878330,DELIVER,768,,,,787456,
4.878343,DELIVER,769,,,,788480,
4.878350,DELIVER,770,,,,789504,
4.878358,DELIVER,771,,,,790528,
4.878365,DELIVER,772,,,,791552,
4.878373,DELIVER,773,,,,792576,
4.878380,DELIVER,774,,,,793600,
4.878388,DELIVER,775,,,,794624,
4.878395,DELIVER,776,,,,795648,
4.881937,BUFFER,777,,,,795648,held=1
4.881969,DELIVER,777,,,,796672,
4.882755,BUFFER,778,,,,796672,held=1
4.882774,DELIVER,778,,,,797696,
4.883390,BUFFER,779,,,,797696,held=1
4.883406,DELIVER,779,,,,798720,
4.884284,BUFFER,780,,,,798720,held=1
4.884306,DELIVER,780,,,,799744,
4.885614,BUFFER,781,,,,799744,held=1
4.885669,DELIVER,781,,,,800768,
4.887339,BUFFER,782,,,,800768,held=1
4.887367,DELIVER,782,,,,801792,
4.887648,BUFFER,783,,,,801792,held=1
4.887660,DELIVER,783,,,,802816,
4.887893,BUFFER,784,,,,802816,held=1
4.887901,DELIVER,784,,,,803840,
4.903065,BUFFER,785,,,,803840,held=1
4.903094,DELIVER,785,,,,804864,
4.908430,BUFFER,786,,,,804864,held=1
4.908450,DELIVER,786,,,,805888,
4.915823,BUFFER,787,,,,805888,held=1
4.915847,DELIVER,787,,,,806912,
4.920764,BUFFER,788,,,,806912,held=1
4.920783,DELIVER,788,,,,807936,
4.921026,BUFFER,789,,,,807936,held=1
4.921033,DELIVER,789,,,,808960,
4.926421,BUFFER,790,,,,808960,held=1
4.926441,DELIVER,790,,,,809984,
4.928576,DUP,767,,,,809984,
4.928824,DUP,767,,,,809984,
4.935887,BUFFER,791,,,,809984,held=1
4.935907,DELIVER,791,,,,811008,
4.938082,BUFFER,792,,,,811008,held=1
4.938103,DELIVER,792,,,,812032,
4.938464,BUFFER,793,,,,812032,held=1
4.938474,DELIVER,793,,,,813056,
4.938886,BUFFER,794,,,,813056,held=1
4.938900,DELIVER,794,,,,814080,
4.939537,BUFFER,795,,,,814080,held=1
4.939555,DELIVER,795,,,,815104,
4.939883,DUP,768,,,,815104,
4.940196,BUFFER,796,,,,815104,held=1
4.940207,DELIVER,796,,,,816128,
4.940494,BUFFER,797,,,,816128,held=1
4.940503,DELIVER,797,,,,817152,
4.940818,DUP,772,,,,817152,
4.952546,BUFFER,798,,,,817152,held=1
4.952567,DELIVER,798,,,,818176,
4.952817,BUFFER,799,,,,818176,held=1
4.952829,DELIVER,799,,,,819200,
4.954149,BUFFER,800,,,,819200,held=1
4.954166,DELIVER,800,,,,820224,
4.972926,BUFFER,801,,,,820224,held=1
4.972949,DELIVER,801,,,,821248,
4.973198,BUFFER,802,,,,821248,held=1
4.973209,DELIVER,802,,,,822272,
4.977100,BUFFER,803,,,,822272,held=1
4.977125,DELIVER,803,,,,823296,
4.978175,BUFFER,804,,,,823296,held=1
4.978195,DELIVER,804,,,,824320,
4.978492,BUFFER,805,,,,824320,held=1
4.978503,DELIVER,805,,,,825344,
4.983931,BUFFER,806,,,,825344,held=1
4.983958,DELIVER,806,,,,826368,
4.984271,DUP,768,,,,826368,
4.991305,BUFFER,807,,,,826368,held=1
4.991333,DELIVER,807,,,,827392,
4.991615,BUFFER,808,,,,827392,held=1
4.991627,DELIVER,808,,,,828416,
4.994462,BUFFER,809,,,,828416,held=1
4.994499,DELIVER,809,,,,829440,
4.995241,BUFFER,811,,,,829440,held=1
4.995294,NAK,810,,,,829440,
4.995864,BUFFER,812,,,,829440,held=2
4.996413,BUFFER,813,,,,829440,held=3
4.997009,BUFFER,814,,,,829440,held=4
4.997522,BUFFER,815,,,,829440,held=5
5.000255,BUFFER,816,,,,829440,held=6
5.000553,BUFFER,817,,,,829440,held=7
5.025013,DUP,802,,,,829440,
5.025353,BUFFER,818,,,,829440,held=8
5.025599,BUFFER,819,,,,829440,held=9
5.025825,BUFFER,820,,,,829440,held=10
5.031200,BUFFER,821,,,,829440,held=11
5.037881,BUFFER,822,,,,829440,held=12
5.038206,BUFFER,810,,,,829440,held=13
5.038222,DELIVER,810,,,,830464,
5.038228,DELIVER,811,,,,831488,
5.038234,DELIVER,812,,,,832512,
5.038283,DELIVER,813,,,,833536,
5.038293,DELIVER,814,,,,834560,
5.038299,DELIVER,815,,,,835584,
5.038304,DELIVER,816,,,,836608,
5.038309,DELIVER,817,,,,837632,
5.038314,DELIVER,818,,,,838656,
5.038318,DELIVER,819,,,,839680,
5.038323,DELIVER,820,,,,840704,
5.038328,DELIVER,821,,,,841728,
5.038333,DELIVER,822,,,,842752,
5.038580,BUFFER,823,,,,842752,held=1
5.038786,DELIVER,823,,,,843776,
5.049743,BUFFER,825,,,,843776,held=1
5.049785,NAK,824,,,,843776,
5.050131,BUFFER,826,,,,843776,held=2
5.050402,BUFFER,827,,,,843776,held=3
5.050743,BUFFER,828,,,,843776,held=4
5.051006,BUFFER,829,,,,843776,held=5
5.051298,BUFFER,831,,,,843776,held=6
5.051319,NAK,830,,,,843776,
5.067015,BUFFER,833,,,,843776,held=7
5.067054,NAK,832,,,,843776,
5.070408,DUP,810,,,,843776,
5.079191,BUFFER,835,,,,843776,held=8
5.079232,NAK,834,,,,843776,
5.081850,BUFFER,836,,,,843776,held=9
5.089443,BUFFER,837,,,,843776,held=10
5.089830,BUFFER,838,,,,843776,held=11
5.093578,BUFFER,824,,,,843776,held=12
5.093600,DELIVER,824,,,,844800,
5.093607,DELIVER,825,,,,845824,
5.093612,DELIVER,826,,,,846848,
5.093617,DELIVER,827,,,,847872,
5.093622,DELIVER,828,,,,848896,
5.093627,DELIVER,829,,,,849920,
5.097770,DUP,820,,,,849920,
5.098073,BUFFER,830,,,,849920,held=7
5.098089,DELIVER,830,,,,850944,
5.098096,DELIVER,831,,,,851968,
5.098347,BUFFER,839,,,,851968,held=6
5.103281,BUFFER,840,,,,851968,held=7
5.103637,BUFFER,841,,,,851968,held=8
5.103890,BUFFER,842,,,,851968,held=9
5.104110,BUFFER,843,,,,851968,held=10
5.109284,BUFFER,844,,,,851968,held=11
5.109619,BUFFER,832,,,,851968,held=12
5.109634,DELIVER,832,,,,852992,
5.109640,DELIVER,833,,,,854016,
5.127472,BUFFER,845,,,,854016,held=11
5.127738,BUFFER,834,,,,854016,held=12
5.127751,DELIVER,834,,,,855040,
5.127757,DELIVER,835,,,,856064,
5.127763,DELIVER,836,,,,857088,
5.127769,DELIVER,837,,,,858112,
5.127774,DELIVER,838,,,,859136,
5.127779,DELIVER,839,,,,860160,
5.127784,DELIVER,840,,,,861184,
5.127788,DELIVER,841,,,,862208,
5.127793,DELIVER,842,,,,863232,
5.127798,DELIVER,843,,,,864256,
5.127802,DELIVER,844,,,,865280,
5.127807,DELIVER,845,,,,866304,
5.132803,BUFFER,846,,,,866304,held=1
5.132825,DELIVER,846,,,,867328,
5.133105,BUFFER,847,,,,867328,held=1
5.133115,DELIVER,847,,,,868352,
5.133345,BUFFER,848,,,,868352,held=1
5.133354,DELIVER,848,,,,869376,
5.142850,BUFFER,849,,,,869376,held=1
5.142887,DELIVER,849,,,,870400,
5.150455,BUFFER,850,,,,870400,held=1
5.150477,DELIVER,850,,,,871424,
5.150696,DUP,832,,,,871424,
5.150921,BUFFER,851,,,,871424,held=1
5.150929,DELIVER,851,,,,872448,
5.151134,BUFFER,852,,,,872448,held=1
5.151141,DELIVER,852,,,,873472,
5.151336,BUFFER,853,,,,873472,held=1
5.151343,DELIVER,853,,,,874496,
5.151601,BUFFER,854,,,,874496,held=1
5.151615,DELIVER,854,,,,875520,
5.151883,BUFFER,855,,,,875520,held=1
5.151891,DELIVER,855,,,,876544,
5.152197,BUFFER,856,,,,876544,held=1
5.152211,DELIVER,856,,,,877568,
5.152477,BUFFER,857,,,,877568,held=1
5.152488,DELIVER,857,,,,878592,
5.157889,BUFFER,858,,,,878592,held=1
5.157915,DELIVER,858,,,,879616,
5.170974,BUFFER,859,,,,879616,held=1
5.170998,DELIVER,859,,,,880640,
5.171298,DUP,843,,,,880640,
5.181419,BUFFER,860,,,,880640,held=1
5.181440,DELIVER,860,,,,881664,
5.181746,BUFFER,861,,,,881664,held=1
5.181755,DELIVER,861,,,,882688,
5.188551,BUFFER,862,,,,882688,held=1
5.188887,DELIVER,862,,,,883712,
5.202731,BUFFER,863,,,,883712,held=1
5.202753,DELIVER,863,,,,884736,
5.203061,BUFFER,864,,,,884736,held=1
5.203070,DELIVER,864,,,,885760,
5.203314,BUFFER,865,,,,885760,held=1
5.203383,DELIVER,865,,,,886784,
5.203642,BUFFER,866,,,,886784,held=1
5.203652,DELIVER,866,,,,887808,
5.206016,BUFFER,867,,,,887808,held=1
5.206040,DELIVER,867,,,,888832,
5.206712,BUFFER,868,,,,888832,held=1
5.206735,DELIVER,868,,,,889856,
5.207222,BUFFER,869,,,,889856,held=1
5.207241,DELIVER,869,,,,890880,
5.207472,BUFFER,870,,,,890880,held=1
5.207483,DELIVER,870,,,,891904,
5.211936,BUFFER,871,,,,891904,held=1
5.211962,DELIVER,871,,,,892928,
5.212214,BUFFER,872,,,,892928,held=1
5.212223,DELIVER,872,,,,893952,
5.218824,BUFFER,873,,,,893952,held=1
5.218854,DELIVER,873,,,,894976,
5.226844,BUFFER,874,,,,894976,held=1
5.226859,DELIVER,874,,,,896000,
5.227131,BUFFER,875,,,,896000,held=1
5.227142,DELIVER,875,,,,897024,
5.253153,DUP,852,,,,897024,
5.253511,DUP,852,,,,897024,
5.253736,BUFFER,876,,,,897024,held=1
5.253748,DELIVER,876,,,,898048,
5.256936,BUFFER,877,,,,898048,held=1
5.256966,DELIVER,877,,,,899072,
5.257226,BUFFER,878,,,,899072,held=1
5.257235,DELIVER,878,,,,900096,
5.257492,BUFFER,879,,,,900096,held=1
5.257503,DELIVER,879,,,,901120,
5.259140,BUFFER,880,,,,901120,held=1
5.259160,DELIVER,880,,,,902144,
5.259469,BUFFER,881,,,,902144,held=1
5.259479,DELIVER,881,,,,903168,
5.259702,BUFFER,882,,,,903168,held=1
5.259709,DELIVER,882,,,,904192,
5.259942,BUFFER,883,,,,904192,held=1
5.259953,DELIVER,883,,,,905216,
5.260205,BUFFER,884,,,,905216,held=1
5.260217,DELIVER,884,,,,906240,
5.260463,BUFFER,885,,,,906240,held=1
5.260472,DELIVER,885,,,,907264,
5.260677,BUFFER,886,,,,907264,held=1
5.260684,DELIVER,886,,,,908288,
5.282754,BUFFER,887,,,,908288,held=1
5.282785,DELIVER,887,,,,909312,
5.283110,BUFFER,888,,,,909312,held=1
5.283119,DELIVER,888,,,,910336,
5.283341,DUP,862,,,,910336,
5.299309,BUFFER,889,,,,910336,held=1
5.299335,DELIVER,889,,,,911360,
5.307078,BUFFER,890,,,,911360,held=1
5.307101,DELIVER,890,,,,912384,
5.307438,BUFFER,891,,,,912384,held=1
5.307452,DELIVER,891,,,,913408,
5.307702,DUP,866,,,,913408,
5.310030,DUP,862,,,,913408,
5.310289,BUFFER,892,,,,913408,held=1
5.310301,DELIVER,892,,,,914432,
5.310518,BUFFER,893,,,,914432,held=1
5.310526,DELIVER,893,,,,915456,
5.314816,BUFFER,895,,,,915456,held=1
5.314852,NAK,894,,,,915456,
5.315130,BUFFER,896,,,,915456,held=2
5.315352,BUFFER,897,,,,915456,held=3
5.315654,BUFFER,899,,,,915456,held=4
5.315672,NAK,898,,,,915456,
5.331331,BUFFER,900,,,,915456,held=5
5.331623,BUFFER,901,,,,915456,held=6
5.331880,BUFFER,902,,,,915456,held=7
5.350460,BUFFER,903,,,,915456,held=8
5.350735,BUFFER,904,,,,915456,held=9
5.358924,DUP,866,,,,915456,
5.359327,BUFFER,905,,,,915456,held=10
5.359665,BUFFER,906,,,,915456,held=11
5.359970,BUFFER,907,,,,915456,held=12
5.360268,BUFFER,908,,,,915456,held=13
5.360556,BUFFER,909,,,,915456,held=14
5.364205,BUFFER,894,,,,915456,held=15
5.364271,DELIVER,894,,,,916480,
5.364284,DELIVER,895,,,,917504,
5.364456,DELIVER,896,,,,918528,
5.364493,DELIVER,897,,,,919552,
5.364826,DUP,894,,,,919552,
5.365293,BUFFER,898,,,,919552,held=12
5.365311,DELIVER,898,,,,920576,
5.365318,DELIVER,899,,,,921600,
5.365325,DELIVER,900,,,,922624,
5.365331,DELIVER,901,,,,923648,
5.365339,DELIVER,902,,,,924672,
5.365344,DELIVER,903,,,,925696,
5.365350,DELIVER,904,,,,926720,
5.365356,DELIVER,905,,,,927744,
5.365363,DELIVER,906,,,,928768,
5.365368,DELIVER,907,,,,929792,
5.365374,DELIVER,908,,,,930816,
5.365384,DELIVER,909,,,,931840,
5.365702,BUFFER,910,,,,931840,held=1
5.365724,DELIVER,910,,,,932864,
5.366201,BUFFER,911,,,,932864,held=1
5.366224,DELIVER,911,,,,933888,
5.380620,BUFFER,912,,,,933888,held=1
5.380638,DELIVER,912,,,,934912,
5.380989,BUFFER,913,,,,934912,held=1
5.380998,DELIVER,913,,,,935936,
5.381330,BUFFER,914,,,,935936,held=1
5.381338,DELIVER,914,,,,936960,
5.403183,BUFFER,916,,,,936960,held=1
5.403234,NAK,915,,,,936960,
5.403743,BUFFER,917,,,,936960,held=2
5.406520,BUFFER,918,,,,936960,held=3
5.406826,BUFFER,919,,,,936960,held=4
5.409617,BUFFER,920,,,,936960,held=5
5.409930,BUFFER,921,,,,936960,held=6
5.410329,BUFFER,922,,,,936960,held=7
5.410630,BUFFER,923,,,,936960,held=8
5.411745,BUFFER,924,,,,936960,held=9
5.413954,BUFFER,925,,,,936960,held=10
5.417019,BUFFER,926,,,,936960,held=11
5.417284,BUFFER,927,,,,936960,held=12
5.425542,BUFFER,928,,,,936960,held=13
5.441331,BUFFER,915,,,,936960,held=14
5.441358,DELIVER,915,,,,937984,
5.441365,DELIVER,916,,,,939008,
5.441371,DELIVER,917,,,,940032,
5.441377,DELIVER,918,,,,941056,
5.441381,DELIVER,919,,,,942080,
5.441386,DELIVER,920,,,,943104,
5.441391,DELIVER,921,,,,944128,
5.441396,DELIVER,922,,,,945152,
5.441401,DELIVER,923,,,,946176,
5.441406,DELIVER,924,,,,947200,
5.441411,DELIVER,925,,,,948224,
5.441416,DELIVER,926,,,,949248,
5.441477,DELIVER,927,,,,950272,
5.441483,DELIVER,928,,,,951296,
5.446201,DUP,913,,,,951296,
5.454547,BUFFER,929,,,,951296,held=1
5.454573,DELIVER,929,,,,952320,
5.454826,BUFFER,930,,,,952320,held=1
5.454836,DELIVER,930,,,,953344,
5.456162,BUFFER,931,,,,953344,held=1
5.456182,DELIVER,931,,,,954368,
5.456424,BUFFER,932,,,,954368,held=1
5.456432,DELIVER,932,,,,955392,
5.456672,BUFFER,933,,,,955392,held=1
5.456683,DELIVER,933,,,,956416,
5.466836,BUFFER,934,,,,956416,held=1
5.466861,DELIVER,934,,,,957440,
5.467152,BUFFER,935,,,,957440,held=1
5.467164,DELIVER,935,,,,958464,
5.467404,BUFFER,936,,,,958464,held=1
5.467413,DELIVER,936,,,,959488,
5.467638,BUFFER,937,,,,959488,held=1
5.467646,DELIVER,937,,,,960512,
5.467895,BUFFER,938,,,,960512,held=1
5.467906,DELIVER,938,,,,961536,
5.468156,BUFFER,939,,,,961536,held=1
5.468164,DELIVER,939,,,,962560,
5.468417,BUFFER,940,,,,962560,held=1
5.468426,DELIVER,940,,,,963584,
5.476875,BUFFER,941,,,,963584,held=1
5.476905,DELIVER,941,,,,964608,
5.485178,BUFFER,942,,,,964608,held=1
5.485204,DELIVER,942,,,,965632,
5.506177,BUFFER,944,,,,965632,held=1
5.506216,NAK,943,,,,965632,
5.506590,BUFFER,945,,,,965632,held=2
5.506841,BUFFER,946,,,,965632,held=3
5.507926,BUFFER,947,,,,965632,held=4
5.508191,BUFFER,948,,,,965632,held=5
5.519903,BUFFER,949,,,,965632,held=6
5.520366,BUFFER,950,,,,965632,held=7
5.520652,BUFFER,951,,,,965632,held=8
5.522314,BUFFER,952,,,,965632,held=9
5.522651,BUFFER,953,,,,965632,held=10
5.522951,BUFFER,954,,,,965632,held=11
5.523299,BUFFER,955,,,,965632,held=12
5.523647,BUFFER,956,,,,965632,held=13
5.539137,BUFFER,957,,,,965632,held=14
5.540192,BUFFER,943,,,,965632,held=15
5.540217,DELIVER,943,,,,966656,
5.540224,DELIVER,944,,,,967680,
5.540230,DELIVER,945,,,,968704,
5.540235,DELIVER,946,,,,969728,
5.540282,DELIVER,947,,,,970752,
5.540287,DELIVER,948,,,,971776,
5.540292,DELIVER,949,,,,972800,
5.540297,DELIVER,950,,,,973824,
5.540301,DELIVER,951,,,,974848,
5.540306,DELIVER,952,,,,975872,
5.540311,DELIVER,953,,,,976896,
5.540317,DELIVER,954,,,,977920,
5.540324,DELIVER,955,,,,978944,
5.540329,DELIVER,956,,,,979968,
5.540334,DELIVER,957,,,,980992,
5.544190,DUP,943,,,,980992,
5.554082,BUFFER,958,,,,980992,held=1
5.554106,DELIVER,958,,,,982016,
5.554407,BUFFER,959,,,,982016,held=1
5.554419,DELIVER,959,,,,983040,
5.563528,BUFFER,960,,,,983040,held=1
5.563555,DELIVER,960,,,,984064,
5.563875,BUFFER,961,,,,984064,held=1
5.563888,DELIVER,961,,,,985088,
5.564223,BUFFER,962,,,,985088,held=1
5.564235,DELIVER,962,,,,986112,
5.564672,BUFFER,963,,,,986112,held=1
5.564684,DELIVER,963,,,,987136,
5.564940,BUFFER,964,,,,987136,held=1
5.564950,DELIVER,964,,,,988160,
5.565202,BUFFER,965,,,,988160,held=1
5.565213,DELIVER,965,,,,989184,
5.569967,BUFFER,966,,,,989184,held=1
5.569997,DELIVER,966,,,,990208,
5.570616,BUFFER,967,,,,990208,held=1
5.570631,DELIVER,967,,,,991232,
5.579442,BUFFER,968,,,,991232,held=1
5.579500,DELIVER,968,,,,992256,
5.586710,BUFFER,969,,,,992256,held=1
5.586728,DELIVER,969,,,,993280,
5.601880,BUFFER,970,,,,993280,held=1
5.601912,DELIVER,970,,,,994304,
5.602285,BUFFER,971,,,,994304,held=1
5.602297,DELIVER,971,,,,995328,
5.604696,DUP,951,,,,995328,
5.611147,BUFFER,972,,,,995328,held=1
5.611174,DELIVER,972,,,,996352,
5.611428,BUFFER,974,,,,996352,held=1
5.611446,NAK,973,,,,996352,
5.611657,BUFFER,975,,,,996352,held=2
5.615200,BUFFER,976,,,,996352,held=3
5.615578,BUFFER,977,,,,996352,held=4
5.615889,BUFFER,978,,,,996352,held=5
5.616619,BUFFER,980,,,,996352,held=6
5.616660,NAK,979,,,,996352,
5.617463,BUFFER,981,,,,996352,held=7
5.631264,BUFFER,982,,,,996352,held=8
5.650718,BUFFER,983,,,,996352,held=9
5.654844,BUFFER,984,,,,996352,held=10
5.655122,BUFFER,986,,,,996352,held=11
5.655142,NAK,985,,,,996352,
5.661477,BUFFER,973,,,,996352,held=12
5.661507,DELIVER,973,,,,997376,
5.661515,DELIVER,974,,,,998400,
5.661523,DELIVER,975,,,,999424,
5.661530,DELIVER,976,,,,1000448,
5.661536,DELIVER,977,,,,1001472,
5.661542,DELIVER,978,,,,1002496,
5.661835,DUP,953,,,,1002496,
5.665835,BUFFER,988,,,,1002496,held=7
5.665877,NAK,987,,,,1002496,
5.666179,BUFFER,989,,,,1002496,held=8
5.666497,BUFFER,990,,,,1002496,held=9
5.666551,NAK,979,,,,1002496,
5.666955,BUFFER,991,,,,1002496,held=10
5.667475,BUFFER,992,,,,1002496,held=11
5.667888,BUFFER,993,,,,1002496,held=12
5.672613,BUFFER,994,,,,1002496,held=13
5.701352,BUFFER,995,,,,1002496,held=14
5.701869,BUFFER,996,,,,1002496,held=15
5.702295,BUFFER,997,,,,1002496,held=16
5.702634,BUFFER,985,,,,1002496,held=17
5.715117,BUFFER,998,,,,1002496,held=18
5.715393,BUFFER,999,,,,1002496,held=19
5.715640,BUFFER,987,,,,1002496,held=20
5.715885,DUP,975,,,,1002496,
5.717543,BUFFER,979,,,,1002496,held=21
5.717569,DELIVER,979,,,,1003520,
5.717576,DELIVER,980,,,,1004544,
5.717582,DELIVER,981,,,,1005568,
5.717649,DELIVER,982,,,,1006592,
5.717660,DELIVER,983,,,,1007616,
5.717692,DELIVER,984,,,,1008640,
5.717701,DELIVER,985,,,,1009664,
5.717707,DELIVER,986,,,,1010688,
5.717713,DELIVER,987,,,,1011712,
5.717718,DELIVER,988,,,,1012736,
5.717958,DELIVER,989,,,,1013760,
5.717970,DELIVER,990,,,,1014784,
5.717975,DELIVER,991,,,,1015808,
5.717992,DELIVER,992,,,,1016832,
5.718004,DELIVER,993,,,,1017856,
5.718009,DELIVER,994,,,,1018880,
5.718014,DELIVER,995,,,,1019904,
5.718019,DELIVER,996,,,,1020928,
5.718024,DELIVER,997,,,,1021952,
5.718029,DELIVER,998,,,,1022976,
5.718034,DELIVER,999,,,,1024000,
5.718591,BUFFER,1000,,,,1024000,held=1
5.718613,DELIVER,1000,,,,1025024,
5.718971,BUFFER,1001,,,,1025024,held=1
5.718981,DELIVER,1001,,,,1026048,
5.719407,BUFFER,1002,,,,1026048,held=1
5.719419,DELIVER,1002,,,,1027072,
5.719654,BUFFER,1003,,,,1027072,held=1
5.719664,DELIVER,1003,,,,1028096,
5.719891,BUFFER,1004,,,,1028096,held=1
5.719899,DELIVER,1004,,,,1029120,
5.720121,BUFFER,1005,,,,1029120,held=1
5.720128,DELIVER,1005,,,,1030144,
5.748941,BUFFER,1006,,,,1030144,held=1
5.748964,DELIVER,1006,,,,1031168,
5.749196,BUFFER,1007,,,,1031168,held=1
5.749212,DELIVER,1007,,,,1032192,
5.749467,BUFFER,1008,,,,1032192,held=1
5.749483,DELIVER,1008,,,,1033216,
5.751030,BUFFER,1009,,,,1033216,held=1
5.751052,DELIVER,1009,,,,1034240,
5.754550,BUFFER,1010,,,,1034240,held=1
5.754579,DELIVER,1010,,,,1035264,
5.764048,BUFFER,1011,,,,1035264,held=1
5.764091,DELIVER,1011,,,,1036288,
5.764484,BUFFER,1012,,,,1036288,held=1
5.764498,DELIVER,1012,,,,1037312,
5.768586,BUFFER,1013,,,,1037312,held=1
5.768709,DELIVER,1013,,,,1038336,
5.768957,BUFFER,1014,,,,1038336,held=1
5.768968,DELIVER,1014,,,,1039360,
5.769308,BUFFER,1015,,,,1039360,held=1
5.769328,DELIVER,1015,,,,1040384,
5.769630,BUFFER,1016,,,,1040384,held=1
5.769649,DELIVER,1016,,,,1041408,
5.770025,BUFFER,1017,,,,1041408,held=1
5.770036,DELIVER,1017,,,,1042432,
5.770295,BUFFER,1018,,,,1042432,held=1
5.770306,DELIVER,1018,,,,1043456,
5.771163,BUFFER,1019,,,,1043456,held=1
5.771179,DELIVER,1019,,,,1044480,
5.771455,BUFFER,1020,,,,1044480,held=1
5.771467,DELIVER,1020,,,,1045504,
5.776175,BUFFER,1021,,,,1045504,held=1
5.776198,DELIVER,1021,,,,1046528,
5.798839,BUFFER,1022,,,,1046528,held=1
5.798870,DELIVER,1022,,,,1047552,
5.799393,BUFFER,1023,,,,1047552,held=1
5.799409,DELIVER,1023,,,,1048576,
5.801189,BUFFER,1024,,,,1048576,held=1
5.801444,DELIVER,1024,,,,1049600,
5.801847,BUFFER,1025,,,,1049600,held=1
5.801890,DELIVER,1025,,,,1050624,
5.802593,BUFFER,1026,,,,1050624,held=1
5.802613,DELIVER,1026,,,,1051648,
5.819016,BUFFER,1027,,,,1051648,held=1
5.819040,DELIVER,1027,,,,1052672,
5.819515,BUFFER,1028,,,,1052672,held=1
5.819532,DELIVER,1028,,,,1053696,
5.819864,BUFFER,1029,,,,1053696,held=1
5.819876,DELIVER,1029,,,,1054720,
5.820244,BUFFER,1030,,,,1054720,held=1
5.820259,DELIVER,1030,,,,1055744,
5.821936,BUFFER,1031,,,,1055744,held=1
5.821963,DELIVER,1031,,,,1056768,
5.822239,BUFFER,1032,,,,1056768,held=1
5.822247,DELIVER,1032,,,,1057792,
5.822489,BUFFER,1033,,,,1057792,held=1
5.822497,DELIVER,1033,,,,1058816,
5.822898,BUFFER,1034,,,,1058816,held=1
5.822913,DELIVER,1034,,,,1059840,
5.824229,BUFFER,1035,,,,1059840,held=1
5.824255,DELIVER,1035,,,,1060864,
5.824509,BUFFER,1036,,,,1060864,held=1
5.824519,DELIVER,1036,,,,1061888,
5.824767,BUFFER,1037,,,,1061888,held=1
5.824860,DELIVER,1037,,,,1062912,
5.842291,BUFFER,1038,,,,1062912,held=1
5.842320,DELIVER,1038,,,,1063936,
5.848772,DUP,1006,,,,1063936,
5.849269,BUFFER,1039,,,,1063936,held=1
5.849286,DELIVER,1039,,,,1064960,
5.853218,BUFFER,1040,,,,1064960,held=1
5.853244,DELIVER,1040,,,,1065984,
5.853543,BUFFER,1041,,,,1065984,held=1
5.853553,DELIVER,1041,,,,1067008,
5.853790,BUFFER,1042,,,,1067008,held=1
5.853797,DELIVER,1042,,,,1068032,
5.864888,DUP,953,,,,1068032,
5.865265,BUFFER,1043,,,,1068032,held=1
5.865287,DELIVER,1043,,,,1069056,
5.865737,BUFFER,1044,,,,1069056,held=1
5.865759,DELIVER,1044,,,,1070080,
5.866201,BUFFER,1046,,,,1070080,held=1
5.866224,NAK,1045,,,,1070080,
5.870500,BUFFER,1047,,,,1070080,held=2
5.870787,BUFFER,1048,,,,1070080,held=3
5.871067,BUFFER,1049,,,,1070080,held=4
5.871324,BUFFER,1050,,,,1070080,held=5
5.871602,BUFFER,1051,,,,1070080,held=6
5.871812,BUFFER,1052,,,,1070080,held=7
5.872058,BUFFER,1053,,,,1070080,held=8
5.874282,BUFFER,1054,,,,1070080,held=9
5.885342,BUFFER,1055,,,,1070080,held=10
5.892620,BUFFER,1056,,,,1070080,held=11
5.892853,BUFFER,1057,,,,1070080,held=12
5.896461,BUFFER,1058,,,,1070080,held=13
5.896656,BUFFER,1059,,,,1070080,held=14
5.898138,BUFFER,1060,,,,1070080,held=15
5.910689,BUFFER,1045,,,,1070080,held=16
5.910701,DELIVER,1045,,,,1071104,
5.910707,DELIVER,1046,,,,1072128,
5.910712,DELIVER,1047,,,,1073152,
5.910717,DELIVER,1048,,,,1074176,
5.910722,DELIVER,1049,,,,1075200,
5.910726,DELIVER,1050,,,,1076224,
5.910730,DELIVER,1051,,,,1077248,
5.910735,DELIVER,1052,,,,1078272,
5.910739,DELIVER,1053,,,,1079296,
5.910743,DELIVER,1054,,,,1080320,
5.910748,DELIVER,1055,,,,1081344,
5.910753,DELIVER,1056,,,,1082368,
5.910758,DELIVER,1057,,,,1083392,
5.910762,DELIVER,1058,,,,1084416,
5.910767,DELIVER,1059,,,,1085440,
5.910771,DELIVER,1060,,,,1086464,
5.917820,BUFFER,1061,,,,1086464,held=1
5.917835,DELIVER,1061,,,,1087488,
5.918053,BUFFER,1062,,,,1087488,held=1
5.918060,DELIVER,1062,,,,1088512,
5.918264,BUFFER,1063,,,,1088512,held=1
5.918270,DELIVER,1063,,,,1089536,
5.918470,DUP,1045,,,,1089536,
5.918672,BUFFER,1064,,,,1089536,held=1
5.918677,DELIVER,1064,,,,1090560,
5.921531,BUFFER,1065,,,,1090560,held=1
5.921540,DELIVER,1065,,,,1091584,
5.921771,BUFFER,1066,,,,1091584,held=1
5.921778,DELIVER,1066,,,,1092608,
5.922334,BUFFER,1067,,,,1092608,held=1
5.922340,DELIVER,1067,,,,1093632,
5.922601,BUFFER,1068,,,,1093632,held=1
5.922616,DELIVER,1068,,,,1094656,
5.922854,BUFFER,1069,,,,1094656,held=1
5.922860,DELIVER,1069,,,,1095680,
5.923078,BUFFER,1070,,,,1095680,held=1
5.923083,DELIVER,1070,,,,1096704,
5.923283,BUFFER,1071,,,,1096704,held=1
5.923288,DELIVER,1071,,,,1097728,
5.931893,BUFFER,1072,,,,1097728,held=1
5.931900,DELIVER,1072,,,,1098752,
5.932134,BUFFER,1073,,,,1098752,held=1
5.932142,DELIVER,1073,,,,1099776,
5.932347,BUFFER,1074,,,,1099776,held=1
5.932353,DELIVER,1074,,,,1100800,
5.932551,BUFFER,1075,,,,1100800,held=1
5.932556,DELIVER,1075,,,,1101824,
5.943328,BUFFER,1076,,,,1101824,held=1
5.943337,DELIVER,1076,,,,1102848,
5.958300,BUFFER,1077,,,,1102848,held=1
5.958310,DELIVER,1077,,,,1103872,
5.960949,BUFFER,1078,,,,1103872,held=1
5.960958,DELIVER,1078,,,,1104896,
5.961267,DUP,1060,,,,1104896,
5.961738,BUFFER,1079,,,,1104896,held=1
5.961747,DELIVER,1079,,,,1105920,
5.969881,BUFFER,1080,,,,1105920,held=1
5.969905,DELIVER,1080,,,,1106944,
5.970176,BUFFER,1081,,,,1106944,held=1
5.970186,DELIVER,1081,,,,1107968,
5.970437,BUFFER,1082,,,,1107968,held=1
5.970449,DELIVER,1082,,,,1108992,
5.973321,BUFFER,1083,,,,1108992,held=1
5.973348,DELIVER,1083,,,,1110016,
5.973596,BUFFER,1084,,,,1110016,held=1
5.973607,DELIVER,1084,,,,1111040,
5.973927,BUFFER,1085,,,,1111040,held=1
5.973943,DELIVER,1085,,,,1112064,
5.974329,BUFFER,1086,,,,1112064,held=1
5.974341,DELIVER,1086,,,,1113088,
5.974604,BUFFER,1087,,,,1113088,held=1
5.974614,DELIVER,1087,,,,1114112,
5.974849,BUFFER,1088,,,,1114112,held=1
5.974860,DELIVER,1088,,,,1115136,
5.975093,BUFFER,1089,,,,1115136,held=1
5.975107,DELIVER,1089,,,,1116160,
5.978142,BUFFER,1090,,,,1116160,held=1
5.978161,DELIVER,1090,,,,1117184,
5.979014,BUFFER,1091,,,,1117184,held=1
5.979020,DELIVER,1091,,,,1118208,
5.979246,BUFFER,1092,,,,1118208,held=1
5.979257,DELIVER,1092,,,,1119232,
5.989296,BUFFER,1093,,,,1119232,held=1
5.989322,DELIVER,1093,,,,1120256,
6.001070,BUFFER,1095,,,,1120256,held=1
6.001104,NAK,1094,,,,1120256,
6.003940,BUFFER,1096,,,,1120256,held=2
6.010804,BUFFER,1097,,,,1120256,held=3
6.012750,DUP,1064,,,,1120256,
6.016799,BUFFER,1098,,,,1120256,held=4
6.017232,BUFFER,1099,,,,1120256,held=5
6.025051,BUFFER,1100,,,,1120256,held=6
6.025391,BUFFER,1101,,,,1120256,held=7
6.025690,BUFFER,1103,,,,1120256,held=8
6.025716,NAK,1102,,,,1120256,
6.026031,BUFFER,1104,,,,1120256,held=9
6.026321,BUFFER,1105,,,,1120256,held=10
6.028436,BUFFER,1106,,,,1120256,held=11
6.028712,BUFFER,1107,,,,1120256,held=12
6.029028,BUFFER,1108,,,,1120256,held=13
6.029417,BUFFER,1109,,,,1120256,held=14
6.037356,BUFFER,1110,,,,1120256,held=15
6.045185,BUFFER,1111,,,,1120256,held=16
6.053827,BUFFER,1094,,,,1120256,held=17
6.053854,DELIVER,1094,,,,1121280,
6.053861,DELIVER,1095,,,,1122304,
6.053866,DELIVER,1096,,,,1123328,
6.053872,DELIVER,1097,,,,1124352,
6.053877,DELIVER,1098,,,,1125376,
6.053881,DELIVER,1099,,,,1126400,
6.053886,DELIVER,1100,,,,1127424,
6.053891,DELIVER,1101,,,,1128448,
6.054254,BUFFER,1112,,,,1128448,held=10
6.056182,BUFFER,1113,,,,1128448,held=11
6.056439,BUFFER,1114,,,,1128448,held=12
6.056693,BUFFER,1115,,,,1128448,held=13
6.065862,BUFFER,1116,,,,1128448,held=14
6.072184,DUP,1094,,,,1128448,
6.073936,BUFFER,1117,,,,1128448,held=15
6.074213,BUFFER,1118,,,,1128448,held=16
6.074484,BUFFER,1102,,,,1128448,held=17
6.074498,DELIVER,1102,,,,1129472,
6.074505,DELIVER,1103,,,,1130496,
6.074511,DELIVER,1104,,,,1131520,
6.074516,DELIVER,1105,,,,1132544,
6.074522,DELIVER,1106,,,,1133568,
6.074527,DELIVER,1107,,,,1134592,
6.074532,DELIVER,1108,,,,1135616,
6.074537,DELIVER,1109,,,,1136640,
6.074541,DELIVER,1110,,,,1137664,
6.074546,DELIVER,1111,,,,1138688,
6.074550,DELIVER,1112,,,,1139712,
6.074555,DELIVER,1113,,,,1140736,
6.074559,DELIVER,1114,,,,1141760,
6.074564,DELIVER,1115,,,,1142784,
6.074569,DELIVER,1116,,,,1143808,
6.074575,DELIVER,1117,,,,1144832,
6.074579,DELIVER,1118,,,,1145856,
6.074831,BUFFER,1119,,,,1145856,held=1
6.074843,DELIVER,1119,,,,1146880,
6.075564,BUFFER,1120,,,,1146880,held=1
6.075585,DELIVER,1120,,,,1147904,
6.075864,BUFFER,1121,,,,1147904,held=1
6.075878,DELIVER,1121,,,,1148928,
6.076124,BUFFER,1122,,,,1148928,held=1
6.076133,DELIVER,1122,,,,1149952,
6.076357,BUFFER,1123,,,,1149952,held=1
6.076363,DELIVER,1123,,,,1150976,
6.076568,BUFFER,1124,,,,1150976,held=1
6.076574,DELIVER,1124,,,,1152000,
6.101420,BUFFER,1125,,,,1152000,held=1
6.101437,DELIVER,1125,,,,1153024,
6.101816,BUFFER,1127,,,,1153024,held=1
6.101842,NAK,1126,,,,1153024,
6.102074,BUFFER,1128,,,,1153024,held=2
6.102333,DUP,1101,,,,1153024,
6.109560,BUFFER,1129,,,,1153024,held=3
6.128353,BUFFER,1130,,,,1153024,held=4
6.128716,BUFFER,1131,,,,1153024,held=5
6.129269,BUFFER,1132,,,,1153024,held=6
6.130151,BUFFER,1133,,,,1153024,held=7
6.130554,BUFFER,1134,,,,1153024,held=8
6.130802,BUFFER,1135,,,,1153024,held=9
6.131139,BUFFER,1136,,,,1153024,held=10
6.131425,BUFFER,1137,,,,1153024,held=11
6.131662,DUP,1106,,,,1153024,
6.147037,BUFFER,1126,,,,1153024,held=12
6.147073,DELIVER,1126,,,,1154048,
6.147082,DELIVER,1127,,,,1155072,
6.147089,DELIVER,1128,,,,1156096,
6.147095,DELIVER,1129,,,,1157120,
6.147104,DELIVER,1130,,,,1158144,
6.147109,DELIVER,1131,,,,1159168,
6.147115,DELIVER,1132,,,,1160192,
6.147122,DELIVER,1133,,,,1161216,
6.147128,DELIVER,1134,,,,1162240,
6.147134,DELIVER,1135,,,,1163264,
6.147141,DELIVER,1136,,,,1164288,
6.147146,DELIVER,1137,,,,1165312,
6.149509,BUFFER,1138,,,,1165312,held=1
6.149536,DELIVER,1138,,,,1166336,
6.149880,BUFFER,1139,,,,1166336,held=1
6.149896,DELIVER,1139,,,,1167360,
6.155160,BUFFER,1140,,,,1167360,held=1
6.155178,DELIVER,1140,,,,1168384,
6.157795,BUFFER,1141,,,,1168384,held=1
6.157830,DELIVER,1141,,,,1169408,
6.158041,BUFFER,1142,,,,1169408,held=1
6.158048,DELIVER,1142,,,,1170432,
6.158264,DUP,1113,,,,1170432,
6.181565,DUP,1106,,,,1170432,
6.181856,BUFFER,1143,,,,1170432,held=1
6.181870,DELIVER,1143,,,,1171456,
6.182152,BUFFER,1144,,,,1171456,held=1
6.182161,DELIVER,1144,,,,1172480,
6.182445,BUFFER,1146,,,,1172480,held=1
6.182470,NAK,1145,,,,1172480,
6.182777,BUFFER,1147,,,,1172480,held=2
6.183026,BUFFER,1148,,,,1172480,held=3
6.183471,BUFFER,1149,,,,1172480,held=4
6.183726,BUFFER,1150,,,,1172480,held=5
6.183948,BUFFER,1151,,,,1172480,held=6
6.184184,BUFFER,1152,,,,1172480,held=7
6.184508,DUP,1123,,,,1172480,
6.193209,DUP,1113,,,,1172480,
6.194923,BUFFER,1153,,,,1172480,held=8
6.201566,BUFFER,1154,,,,1172480,held=9
6.202428,BUFFER,1155,,,,1172480,held=10
6.202678,BUFFER,1156,,,,1172480,held=11
6.202899,BUFFER,1157,,,,1172480,held=12
6.218236,DUP,1123,,,,1172480,
6.226555,BUFFER,1158,,,,1172480,held=13
6.226846,BUFFER,1159,,,,1172480,held=14
6.227082,BUFFER,1160,,,,1172480,held=15
6.227317,BUFFER,1145,,,,1172480,held=16
6.227330,DELIVER,1145,,,,1173504,
6.227336,DELIVER,1146,,,,1174528,
6.227341,DELIVER,1147,,,,1175552,
6.227346,DELIVER,1148,,,,1176576,
6.227351,DELIVER,1149,,,,1177600,
6.227355,DELIVER,1150,,,,1178624,
6.227360,DELIVER,1151,,,,1179648,
6.227525,DELIVER,1152,,,,1180672,
6.227531,DELIVER,1153,,,,1181696,
6.227536,DELIVER,1154,,,,1182720,
6.227541,DELIVER,1155,,,,1183744,
6.227546,DELIVER,1156,,,,1184768,
6.227553,DELIVER,1157,,,,1185792,
6.227558,DELIVER,1158,,,,1186816,
6.227563,DELIVER,1159,,,,1187840,
6.227568,DELIVER,1160,,,,1188864,
6.227766,BUFFER,1161,,,,1188864,held=1
6.227773,DELIVER,1161,,,,1189888,
6.227976,BUFFER,1162,,,,1189888,held=1
6.227983,DELIVER,1162,,,,1190912,
6.228612,BUFFER,1163,,,,1190912,held=1
6.228628,DELIVER,1163,,,,1191936,
6.228872,BUFFER,1164,,,,1191936,held=1
6.228880,DELIVER,1164,,,,1192960,
6.230885,BUFFER,1165,,,,1192960,held=1
6.230910,DELIVER,1165,,,,1193984,
6.231275,BUFFER,1166,,,,1193984,held=1
6.231286,DELIVER,1166,,,,1195008,
6.234947,BUFFER,1167,,,,1195008,held=1
6.234965,DELIVER,1167,,,,1196032,
6.235282,BUFFER,1168,,,,1196032,held=1
6.235301,DELIVER,1168,,,,1197056,
6.243853,BUFFER,1170,,,,1197056,held=1
6.243890,NAK,1169,,,,1197056,
6.252580,BUFFER,1171,,,,1197056,held=2
6.252813,DUP,1141,,,,1197056,
6.254269,BUFFER,1173,,,,1197056,held=3
6.254296,NAK,1172,,,,1197056,
6.276214,DUP,1141,,,,1197056,
6.276535,BUFFER,1174,,,,1197056,held=4
6.276842,BUFFER,1175,,,,1197056,held=5
6.277143,BUFFER,1176,,,,1197056,held=6
6.277423,DUP,1142,,,,1197056,
6.277694,BUFFER,1177,,,,1197056,held=7
6.277976,BUFFER,1178,,,,1197056,held=8
6.279626,BUFFER,1179,,,,1197056,held=9
6.285638,BUFFER,1180,,,,1197056,held=10
6.285889,BUFFER,1181,,,,1197056,held=11
6.286132,BUFFER,1169,,,,1197056,held=12
6.286145,DELIVER,1169,,,,1198080,
6.286152,DELIVER,1170,,,,1199104,
6.286158,DELIVER,1171,,,,1200128,
6.293487,BUFFER,1182,,,,1200128,held=10
6.301688,BUFFER,1183,,,,1200128,held=11
6.301975,BUFFER,1172,,,,1200128,held=12
6.301994,DELIVER,1172,,,,1201152,
6.302002,DELIVER,1173,,,,1202176,
6.302043,DELIVER,1174,,,,1203200,
6.302051,DELIVER,1175,,,,1204224,
6.302058,DELIVER,1176,,,,1205248,
6.302064,DELIVER,1177,,,,1206272,
6.302071,DELIVER,1178,,,,1207296,
6.302077,DELIVER,1179,,,,1208320,
6.302083,DELIVER,1180,,,,1209344,
6.302088,DELIVER,1181,,,,1210368,
6.302094,DELIVER,1182,,,,1211392,
6.302100,DELIVER,1183,,,,1212416,
6.302622,BUFFER,1184,,,,1212416,held=1
6.302640,DELIVER,1184,,,,1213440,
6.329708,BUFFER,1185,,,,1213440,held=1
6.329738,DELIVER,1185,,,,1214464,
6.330008,BUFFER,1186,,,,1214464,held=1
6.330017,DELIVER,1186,,,,1215488,
6.331764,BUFFER,1187,,,,1215488,held=1
6.331807,DELIVER,1187,,,,1216512,
6.332468,BUFFER,1188,,,,1216512,held=1
6.332481,DELIVER,1188,,,,1217536,
6.332701,BUFFER,1189,,,,1217536,held=1
6.332708,DELIVER,1189,,,,1218560,
6.333084,DUP,1160,,,,1218560,
6.333401,DUP,1160,,,,1218560,
6.333643,BUFFER,1190,,,,1218560,held=1
6.333656,DELIVER,1190,,,,1219584,
6.333910,BUFFER,1191,,,,1219584,held=1
6.333922,DELIVER,1191,,,,1220608,
6.334218,BUFFER,1192,,,,1220608,held=1
6.334229,DELIVER,1192,,,,1221632,
6.334466,BUFFER,1193,,,,1221632,held=1
6.334476,DELIVER,1193,,,,1222656,
6.334720,BUFFER,1194,,,,1222656,held=1
6.334730,DELIVER,1194,,,,1223680,
6.334973,BUFFER,1195,,,,1223680,held=1
6.334982,DELIVER,1195,,,,1224704,
6.335883,DUP,1161,,,,1224704,
6.340324,BUFFER,1196,,,,1224704,held=1
6.340349,DELIVER,1196,,,,1225728,
6.340638,BUFFER,1197,,,,1225728,held=1
6.340649,DELIVER,1197,,,,1226752,
6.340893,DUP,1166,,,,1226752,
6.348990,BUFFER,1198,,,,1226752,held=1
6.349895,DELIVER,1198,,,,1227776,
6.368164,BUFFER,1199,,,,1227776,held=1
6.368185,DELIVER,1199,,,,1228800,
6.368794,BUFFER,1200,,,,1228800,held=1
6.368805,DELIVER,1200,,,,1229824,
6.369224,BUFFER,1201,,,,1229824,held=1
6.369234,DELIVER,1201,,,,1230848,
6.387178,DUP,1161,,,,1230848,
6.387716,BUFFER,1202,,,,1230848,held=1
6.387735,DELIVER,1202,,,,1231872,
6.388047,BUFFER,1203,,,,1231872,held=1
6.388060,DELIVER,1203,,,,1232896,
6.388349,BUFFER,1204,,,,1232896,held=1
6.388362,DELIVER,1204,,,,1233920,
6.388674,BUFFER,1205,,,,1233920,held=1
6.388685,DELIVER,1205,,,,1234944,
6.388983,BUFFER,1206,,,,1234944,held=1
6.389026,DELIVER,1206,,,,1235968,
6.389333,BUFFER,1207,,,,1235968,held=1
6.389344,DELIVER,1207,,,,1236992,
6.389584,BUFFER,1208,,,,1236992,held=1
6.389592,DELIVER,1208,,,,1238016,
6.389858,BUFFER,1209,,,,1238016,held=1
6.389867,DELIVER,1209,,,,1239040,
6.390093,BUFFER,1210,,,,1239040,held=1
6.390100,DELIVER,1210,,,,1240064,
6.390326,BUFFER,1211,,,,1240064,held=1
6.390335,DELIVER,1211,,,,1241088,
6.390557,BUFFER,1212,,,,1241088,held=1
6.390563,DELIVER,1212,,,,1242112,
6.391789,BUFFER,1213,,,,1242112,held=1
6.391808,DELIVER,1213,,,,1243136,
6.392052,BUFFER,1214,,,,1243136,held=1
6.392061,DELIVER,1214,,,,1244160,
6.392295,BUFFER,1215,,,,1244160,held=1
6.392303,DELIVER,1215,,,,1245184,
6.393398,DUP,1182,,,,1245184,
6.416001,DUP,1182,,,,1245184,
6.421549,BUFFER,1216,,,,1245184,held=1
6.421571,DELIVER,1216,,,,1246208,
6.435475,DUP,1190,,,,1246208,
6.436006,BUFFER,1217,,,,1246208,held=1
6.436027,DELIVER,1217,,,,1247232,
6.436485,BUFFER,1218,,,,1247232,held=1
6.436502,DELIVER,1218,,,,1248256,
6.436831,BUFFER,1219,,,,1248256,held=1
6.436843,DELIVER,1219,,,,1249280,
6.437415,BUFFER,1220,,,,1249280,held=1
6.437430,DELIVER,1220,,,,1250304,
6.442099,BUFFER,1221,,,,1250304,held=1
6.442126,DELIVER,1221,,,,1251328,
6.444261,BUFFER,1222,,,,1251328,held=1
6.444284,DELIVER,1222,,,,1252352,
6.444588,BUFFER,1223,,,,1252352,held=1
6.444598,DELIVER,1223,,,,1253376,
6.445043,BUFFER,1224,,,,1253376,held=1
6.445065,DELIVER,1224,,,,1254400,
6.445577,BUFFER,1225,,,,1254400,held=1
6.445605,DELIVER,1225,,,,1255424,
6.448403,BUFFER,1226,,,,1255424,held=1
6.448442,DELIVER,1226,,,,1256448,
6.448836,BUFFER,1227,,,,1256448,held=1
6.448854,DELIVER,1227,,,,1257472,
6.449121,BUFFER,1228,,,,1257472,held=1
6.449131,DELIVER,1228,,,,1258496,
6.450088,BUFFER,1229,,,,1258496,held=1
6.450103,DELIVER,1229,,,,1259520,
6.450453,BUFFER,1230,,,,1259520,held=1
6.450508,DELIVER,1230,,,,1260544,
6.451363,BUFFER,1231,,,,1260544,held=1
6.451383,DELIVER,1231,,,,1261568,
6.451649,BUFFER,1232,,,,1261568,held=1
6.451657,DELIVER,1232,,,,1262592,
6.458531,BUFFER,1233,,,,1262592,held=1
6.458544,DELIVER,1233,,,,1263616,
6.481533,BUFFER,1234,,,,1263616,held=1
6.481553,DELIVER,1234,,,,1264640,
6.481858,BUFFER,1235,,,,1264640,held=1
6.481867,DELIVER,1235,,,,1265664,
6.482199,BUFFER,1236,,,,1265664,held=1
6.482221,DELIVER,1236,,,,1266688,
6.489768,DUP,1218,,,,1266688,
6.490217,BUFFER,1237,,,,1266688,held=1
6.490241,DELIVER,1237,,,,1267712,
6.490607,BUFFER,1238,,,,1267712,held=1
6.490621,DELIVER,1238,,,,1268736,
6.490917,BUFFER,1239,,,,1268736,held=1
6.490929,DELIVER,1239,,,,1269760,
6.491201,BUFFER,1240,,,,1269760,held=1
6.491210,DELIVER,1240,,,,1270784,
6.497318,BUFFER,1241,,,,1270784,held=1
6.497399,DELIVER,1241,,,,1271808,
6.497724,BUFFER,1242,,,,1271808,held=1
6.497733,DELIVER,1242,,,,1272832,
6.497977,BUFFER,1243,,,,1272832,held=1
6.497989,DELIVER,1243,,,,1273856,
6.501433,BUFFER,1244,,,,1273856,held=1
6.501455,DELIVER,1244,,,,1274880,
6.504671,BUFFER,1245,,,,1274880,held=1
6.504695,DELIVER,1245,,,,1275904,
6.505812,BUFFER,1247,,,,1275904,held=1
6.505845,NAK,1246,,,,1275904,
6.523003,BUFFER,1249,,,,1275904,held=2
6.523039,NAK,1248,,,,1275904,
6.530215,BUFFER,1250,,,,1275904,held=3
6.541416,DUP,1220,,,,1275904,
6.541784,BUFFER,1252,,,,1275904,held=4
6.541816,NAK,1251,,,,1275904,
6.542128,BUFFER,1253,,,,1275904,held=5
6.542405,BUFFER,1254,,,,1275904,held=6
6.542719,BUFFER,1255,,,,1275904,held=7
6.543024,BUFFER,1256,,,,1275904,held=8
6.543268,BUFFER,1257,,,,1275904,held=9
6.545447,BUFFER,1258,,,,1275904,held=10
6.545725,BUFFER,1259,,,,1275904,held=11
6.546782,BUFFER,1260,,,,1275904,held=12
6.555629,BUFFER,1261,,,,1275904,held=13
6.556297,BUFFER,1246,,,,1275904,held=14
6.556324,DELIVER,1246,,,,1276928,
6.556332,DELIVER,1247,,,,1277952,
6.556662,BUFFER,1262,,,,1277952,held=13
6.556957,BUFFER,1263,,,,1277952,held=14
6.570201,BUFFER,1248,,,,1277952,held=15
6.570215,DELIVER,1248,,,,1278976,
6.570223,DELIVER,1249,,,,1280000,
6.570229,DELIVER,1250,,,,1281024,
6.570499,BUFFER,1264,,,,1281024,held=13
6.579173,BUFFER,1265,,,,1281024,held=14
6.581174,BUFFER,1251,,,,1281024,held=15
6.581224,DELIVER,1251,,,,1282048,
6.581233,DELIVER,1252,,,,1283072,
6.581238,DELIVER,1253,,,,1284096,
6.581245,DELIVER,1254,,,,1285120,
6.581250,DELIVER,1255,,,,1286144,
6.581255,DELIVER,1256,,,,1287168,
6.581260,DELIVER,1257,,,,1288192,
6.581265,DELIVER,1258,,,,1289216,
6.581270,DELIVER,1259,,,,1290240,
6.581275,DELIVER,1260,,,,1291264,
6.581280,DELIVER,1261,,,,1292288,
6.581285,DELIVER,1262,,,,1293312,
6.581289,DELIVER,1263,,,,1294336,
6.581294,DELIVER,1264,,,,1295360,
6.581299,DELIVER,1265,,,,1296384,
6.581892,DUP,1246,,,,1296384,
6.587256,BUFFER,1266,,,,1296384,held=1
6.587280,DELIVER,1266,,,,1297408,
6.587588,BUFFER,1267,,,,1297408,held=1
6.587598,DELIVER,1267,,,,1298432,
6.589399,BUFFER,1268,,,,1298432,held=1
6.589422,DELIVER,1268,,,,1299456,
6.592254,BUFFER,1269,,,,1299456,held=1
6.592463,DELIVER,1269,,,,1300480,
6.592923,BUFFER,1270,,,,1300480,held=1
6.592945,DELIVER,1270,,,,1301504,
6.593417,BUFFER,1272,,,,1301504,held=1
6.593448,NAK,1271,,,,1301504,
6.593763,BUFFER,1273,,,,1301504,held=2
6.603252,BUFFER,1274,,,,1301504,held=3
6.605922,BUFFER,1275,,,,1301504,held=4
6.606294,BUFFER,1276,,,,1301504,held=5
6.606734,BUFFER,1277,,,,1301504,held=6
6.623037,BUFFER,1278,,,,1301504,held=7
6.623440,BUFFER,1279,,,,1301504,held=8
6.623938,BUFFER,1280,,,,1301504,held=9
6.626781,BUFFER,1281,,,,1301504,held=10
6.627242,BUFFER,1282,,,,1301504,held=11
6.634635,BUFFER,1283,,,,1301504,held=12
6.639957,BUFFER,1284,,,,1301504,held=13
6.640313,BUFFER,1285,,,,1301504,held=14
6.640673,BUFFER,1286,,,,1301504,held=15
6.641216,BUFFER,1271,,,,1301504,held=16
6.641266,DELIVER,1271,,,,1302528,
6.641276,DELIVER,1272,,,,1303552,
6.641282,DELIVER,1273,,,,1304576,
6.641288,DELIVER,1274,,,,1305600,
6.641297,DELIVER,1275,,,,1306624,
6.641302,DELIVER,1276,,,,1307648,
6.641307,DELIVER,1277,,,,1308672,
6.641312,DELIVER,1278,,,,1309696,
6.641317,DELIVER,1279,,,,1310720,
6.641474,DELIVER,1280,,,,1311744,
6.641485,DELIVER,1281,,,,1312768,
6.641491,DELIVER,1282,,,,1313792,
6.641496,DELIVER,1283,,,,1314816,
6.641500,DELIVER,1284,,,,1315840,
6.641505,DELIVER,1285,,,,1316864,
6.641509,DELIVER,1286,,,,1317888,
6.644527,BUFFER,1287,,,,1317888,held=1
6.644546,DELIVER,1287,,,,1318912,
6.650078,DUP,1271,,,,1318912,
6.650615,BUFFER,1288,,,,1318912,held=1
6.650653,DELIVER,1288,,,,1319936,
6.654746,BUFFER,1289,,,,1319936,held=1
6.654774,DELIVER,1289,,,,1320960,
6.655103,BUFFER,1290,,,,1320960,held=1
6.655112,DELIVER,1290,,,,1321984,
6.660727,BUFFER,1291,,,,1321984,held=1
6.660746,DELIVER,1291,,,,1323008,
6.672547,BUFFER,1292,,,,1323008,held=1
6.672575,DELIVER,1292,,,,1324032,
6.674638,BUFFER,1293,,,,1324032,held=1
6.674670,DELIVER,1293,,,,1325056,
6.675011,BUFFER,1294,,,,1325056,held=1
6.675019,DELIVER,1294,,,,1326080,
6.675225,BUFFER,1295,,,,1326080,held=1
6.675240,DELIVER,1295,,,,1327104,
6.677033,BUFFER,1296,,,,1327104,held=1
6.677051,DELIVER,1296,,,,1328128,
6.677278,BUFFER,1297,,,,1328128,held=1
6.677286,DELIVER,1297,,,,1329152,
6.677488,BUFFER,1298,,,,1329152,held=1
6.677495,DELIVER,1298,,,,1330176,
6.680107,BUFFER,1299,,,,1330176,held=1
6.680159,DELIVER,1299,,,,1331200,
6.689228,BUFFER,1300,,,,1331200,held=1
6.689249,DELIVER,1300,,,,1332224,
6.692936,BUFFER,1301,,,,1332224,held=1
6.692968,DELIVER,1301,,,,1333248,
6.693230,BUFFER,1302,,,,1333248,held=1
6.693241,DELIVER,1302,,,,1334272,
6.695645,BUFFER,1303,,,,1334272,held=1
6.695666,DELIVER,1303,,,,1335296,
6.696076,BUFFER,1304,,,,1335296,held=1
6.696093,DELIVER,1304,,,,1336320,
6.703115,BUFFER,1305,,,,1336320,held=1
6.703140,DELIVER,1305,,,,1337344,
6.703433,BUFFER,1306,,,,1337344,held=1
6.703445,DELIVER,1306,,,,1338368,
6.714722,BUFFER,1307,,,,1338368,held=1
6.714751,DELIVER,1307,,,,1339392,
6.715273,BUFFER,1308,,,,1339392,held=1
6.715290,DELIVER,1308,,,,1340416,
6.717071,BUFFER,1309,,,,1340416,held=1
6.717089,DELIVER,1309,,,,1341440,
6.717712,BUFFER,1310,,,,1341440,held=1
6.717734,DELIVER,1310,,,,1342464,
6.721288,BUFFER,1311,,,,1342464,held=1
6.721309,DELIVER,1311,,,,1343488,
6.725368,BUFFER,1312,,,,1343488,held=1
6.725384,DELIVER,1312,,,,1344512,
6.729195,BUFFER,1314,,,,1344512,held=1
6.729218,NAK,1313,,,,1344512,
6.729415,BUFFER,1315,,,,1344512,held=2
6.737162,DUP,1297,,,,1344512,
6.739739,BUFFER,1316,,,,1344512,held=3
6.739989,BUFFER,1317,,,,1344512,held=4
6.745419,BUFFER,1318,,,,1344512,held=5
6.745722,BUFFER,1319,,,,1344512,held=6
6.764737,BUFFER,1321,,,,1344512,held=7
6.764760,NAK,1320,,,,1344512,
6.766544,BUFFER,1322,,,,1344512,held=8
6.766801,BUFFER,1323,,,,1344512,held=9
6.768782,BUFFER,1324,,,,1344512,held=10
6.769030,BUFFER,1325,,,,1344512,held=11
6.769567,BUFFER,1326,,,,1344512,held=12
6.771661,BUFFER,1313,,,,1344512,held=13
6.771677,DELIVER,1313,,,,1345536,
6.771683,DELIVER,1314,,,,1346560,
6.771689,DELIVER,1315,,,,1347584,
6.771694,DELIVER,1316,,,,1348608,
6.771699,DELIVER,1317,,,,1349632,
6.771703,DELIVER,1318,,,,1350656,
6.771707,DELIVER,1319,,,,1351680,
6.772020,BUFFER,1327,,,,1351680,held=7
6.772234,BUFFER,1328,,,,1351680,held=8
6.772461,BUFFER,1329,,,,1351680,held=9
6.781050,BUFFER,1330,,,,1351680,held=10
6.790082,BUFFER,1331,,,,1351680,held=11
6.790343,BUFFER,1332,,,,1351680,held=12
6.790565,DUP,1313,,,,1351680,
6.790810,BUFFER,1333,,,,1351680,held=13
6.791064,BUFFER,1334,,,,1351680,held=14
6.801712,BUFFER,1335,,,,1351680,held=15
6.802042,BUFFER,1320,,,,1351680,held=16
6.802056,DELIVER,1320,,,,1352704,
6.802063,DELIVER,1321,,,,1353728,
6.802068,DELIVER,1322,,,,1354752,
6.802073,DELIVER,1323,,,,1355776,
6.802078,DELIVER,1324,,,,1356800,
6.802085,DELIVER,1325,,,,1357824,
6.802090,DELIVER,1326,,,,1358848,
6.802095,DELIVER,1327,,,,1359872,
6.802100,DELIVER,1328,,,,1360896,
6.802105,DELIVER,1329,,,,1361920,
6.802109,DELIVER,1330,,,,1362944,
6.802114,DELIVER,1331,,,,1363968,
6.802119,DELIVER,1332,,,,1364992,
6.802123,DELIVER,1333,,,,1366016,
6.802128,DELIVER,1334,,,,1367040,
6.802132,DELIVER,1335,,,,1368064,
6.805600,BUFFER,1336,,,,1368064,held=1
6.805618,DELIVER,1336,,,,1369088,
6.807881,BUFFER,1337,,,,1369088,held=1
6.807912,DELIVER,1337,,,,1370112,
6.808178,BUFFER,1338,,,,1370112,held=1
6.808191,DELIVER,1338,,,,1371136,
6.808426,BUFFER,1339,,,,1371136,held=1
6.808433,DELIVER,1339,,,,1372160,
6.808738,BUFFER,1340,,,,1372160,held=1
6.808749,DELIVER,1340,,,,1373184,
6.809858,BUFFER,1341,,,,1373184,held=1
6.809878,DELIVER,1341,,,,1374208,
6.815366,BUFFER,1342,,,,1374208,held=1
6.815387,DELIVER,1342,,,,1375232,
6.815669,BUFFER,1343,,,,1375232,held=1
6.815680,DELIVER,1343,,,,1376256,
6.815935,DUP,1320,,,,1376256,
6.821104,BUFFER,1344,,,,1376256,held=1
6.821132,DELIVER,1344,,,,1377280,
6.832212,BUFFER,1345,,,,1377280,held=1
6.832347,DELIVER,1345,,,,1378304,
6.840008,BUFFER,1346,,,,1378304,held=1
6.840034,DELIVER,1346,,,,1379328,
6.841367,BUFFER,1348,,,,1379328,held=1
6.841408,NAK,1347,,,,1379328,
6.841837,BUFFER,1349,,,,1379328,held=2
6.845304,BUFFER,1350,,,,1379328,held=3
6.847942,BUFFER,1351,,,,1379328,held=4
6.848338,BUFFER,1352,,,,1379328,held=5
6.853420,BUFFER,1353,,,,1379328,held=6
6.855682,BUFFER,1354,,,,1379328,held=7
6.858687,BUFFER,1355,,,,1379328,held=8
6.858977,BUFFER,1356,,,,1379328,held=9
6.859201,BUFFER,1357,,,,1379328,held=10
6.859455,BUFFER,1358,,,,1379328,held=11
6.859699,BUFFER,1359,,,,1379328,held=12
6.872683,BUFFER,1360,,,,1379328,held=13
6.872952,BUFFER,1361,,,,1379328,held=14
6.874175,BUFFER,1362,,,,1379328,held=15
6.879109,BUFFER,1363,,,,1379328,held=16
6.880635,BUFFER,1347,,,,1379328,held=17
6.880669,DELIVER,1347,,,,1380352,
6.880676,DELIVER,1348,,,,1381376,
6.880682,DELIVER,1349,,,,1382400,
6.880867,DELIVER,1350,,,,1383424,
6.880876,DELIVER,1351,,,,1384448,
6.880882,DELIVER,1352,,,,1385472,
6.880888,DELIVER,1353,,,,1386496,
6.880893,DELIVER,1354,,,,1387520,
6.880898,DELIVER,1355,,,,1388544,
6.880916,DELIVER,1356,,,,1389568,
6.880922,DELIVER,1357,,,,1390592,
6.880927,DELIVER,1358,,,,1391616,
6.880932,DELIVER,1359,,,,1392640,
6.880937,DELIVER,1360,,,,1393664,
6.880941,DELIVER,1361,,,,1394688,
6.880946,DELIVER,1362,,,,1395712,
6.880957,DELIVER,1363,,,,1396736,
6.888698,DUP,1347,,,,1396736,
6.888986,BUFFER,1364,,,,1396736,held=1
6.889003,DELIVER,1364,,,,1397760,
6.896892,BUFFER,1365,,,,1397760,held=1
6.896909,DELIVER,1365,,,,1398784,
6.897152,BUFFER,1366,,,,1398784,held=1
6.897159,DELIVER,1366,,,,1399808,
6.897418,BUFFER,1367,,,,1399808,held=1
6.897431,DELIVER,1367,,,,1400832,
6.899920,BUFFER,1368,,,,1400832,held=1
6.899930,DELIVER,1368,,,,1401856,
6.900158,BUFFER,1369,,,,1401856,held=1
6.900168,DELIVER,1369,,,,1402880,
6.906591,BUFFER,1370,,,,1402880,held=1
6.906601,DELIVER,1370,,,,1403904,
6.909389,BUFFER,1371,,,,1403904,held=1
6.909397,DELIVER,1371,,,,1404928,
6.909616,BUFFER,1372,,,,1404928,held=1
6.909624,DELIVER,1372,,,,1405952,
6.916142,BUFFER,1373,,,,1405952,held=1
6.916150,DELIVER,1373,,,,1406976,
6.924090,BUFFER,1374,,,,1406976,held=1
6.924100,DELIVER,1374,,,,1408000,
6.924279,BUFFER,1375,,,,1408000,held=1
6.924286,DELIVER,1375,,,,1409024,
6.925487,BUFFER,1376,,,,1409024,held=1
6.925494,DELIVER,1376,,,,1410048,
6.929209,BUFFER,1377,,,,1410048,held=1
6.929218,DELIVER,1377,,,,1411072,
6.938939,BUFFER,1378,,,,1411072,held=1
6.938953,DELIVER,1378,,,,1412096,
6.939131,BUFFER,1379,,,,1412096,held=1
6.939137,DELIVER,1379,,,,1413120,
6.939302,DUP,1359,,,,1413120,
6.942052,BUFFER,1380,,,,1413120,held=1
6.942061,DELIVER,1380,,,,1414144,
6.946951,BUFFER,1381,,,,1414144,held=1
6.946958,DELIVER,1381,,,,1415168,
6.947137,BUFFER,1382,,,,1415168,held=1
6.947142,DELIVER,1382,,,,1416192,
6.947285,BUFFER,1383,,,,1416192,held=1
6.947289,DELIVER,1383,,,,1417216,
6.949395,BUFFER,1384,,,,1417216,held=1
6.949401,DELIVER,1384,,,,1418240,
6.949568,BUFFER,1385,,,,1418240,held=1
6.949575,DELIVER,1385,,,,1419264,
6.954268,BUFFER,1386,,,,1419264,held=1
6.954274,DELIVER,1386,,,,1420288,
6.954420,BUFFER,1387,,,,1420288,held=1
6.954424,DELIVER,1387,,,,1421312,
6.960920,BUFFER,1388,,,,1421312,held=1
6.960926,DELIVER,1388,,,,1422336,
6.967394,BUFFER,1389,,,,1422336,held=1
6.967403,DELIVER,1389,,,,1423360,
6.975680,BUFFER,1390,,,,1423360,held=1
6.975691,DELIVER,1390,,,,1424384,
6.975931,BUFFER,1391,,,,1424384,held=1
6.975940,DELIVER,1391,,,,1425408,
6.976165,BUFFER,1392,,,,1425408,held=1
6.976172,DELIVER,1392,,,,1426432,
6.984968,BUFFER,1393,,,,1426432,held=1
6.984975,DELIVER,1393,,,,1427456,
6.992920,BUFFER,1394,,,,1427456,held=1
6.992930,DELIVER,1394,,,,1428480,
6.993237,BUFFER,1395,,,,1428480,held=1
6.993248,DELIVER,1395,,,,1429504,
6.993524,BUFFER,1396,,,,1429504,held=1
6.993531,DELIVER,1396,,,,1430528,
6.993819,BUFFER,1397,,,,1430528,held=1
6.993828,DELIVER,1397,,,,1431552,
7.000470,BUFFER,1398,,,,1431552,held=1
7.000487,DELIVER,1398,,,,1432576,
7.000901,BUFFER,1399,,,,1432576,held=1
7.000918,DELIVER,1399,,,,1433600,
7.001396,BUFFER,1400,,,,1433600,held=1
7.001408,DELIVER,1400,,,,1434624,
7.001746,BUFFER,1401,,,,1434624,held=1
7.001756,DELIVER,1401,,,,1435648,
7.002065,BUFFER,1402,,,,1435648,held=1
7.002075,DELIVER,1402,,,,1436672,
7.009653,BUFFER,1403,,,,1436672,held=1
7.009663,DELIVER,1403,,,,1437696,
7.016490,BUFFER,1404,,,,1437696,held=1
7.016513,DELIVER,1404,,,,1438720,
7.023976,BUFFER,1406,,,,1438720,held=1
7.024012,NAK,1405,,,,1438720,
7.024357,BUFFER,1407,,,,1438720,held=2
7.024671,BUFFER,1408,,,,1438720,held=3
7.030771,BUFFER,1409,,,,1438720,held=4
7.040867,BUFFER,1410,,,,1438720,held=5
7.041237,BUFFER,1411,,,,1438720,held=6
7.041452,BUFFER,1412,,,,1438720,held=7
7.047439,BUFFER,1413,,,,1438720,held=8
7.047659,BUFFER,1414,,,,1438720,held=9
7.047892,BUFFER,1415,,,,1438720,held=10
7.048104,BUFFER,1416,,,,1438720,held=11
7.048467,DUP,1359,,,,1438720,
7.050283,BUFFER,1417,,,,1438720,held=12
7.055587,BUFFER,1418,,,,1438720,held=13
7.055806,DUP,1385,,,,1438720,
7.056009,BUFFER,1420,,,,1438720,held=14
7.056024,NAK,1419,,,,1438720,
7.064696,BUFFER,1405,,,,1438720,held=15
7.064709,DELIVER,1405,,,,1439744,
7.064714,DELIVER,1406,,,,1440768,
7.064718,DELIVER,1407,,,,1441792,
7.064892,DELIVER,1408,,,,1442816,
7.064901,DELIVER,1409,,,,1443840,
7.064905,DELIVER,1410,,,,1444864,
7.064909,DELIVER,1411,,,,1445888,
7.064912,DELIVER,1412,,,,1446912,
7.064916,DELIVER,1413,,,,1447936,
7.064920,DELIVER,1414,,,,1448960,
7.064924,DELIVER,1415,,,,1449984,
7.064927,DELIVER,1416,,,,1451008,
7.064931,DELIVER,1417,,,,1452032,
7.064935,DELIVER,1418,,,,1453056,
7.065113,BUFFER,1421,,,,1453056,held=2
7.073710,BUFFER,1422,,,,1453056,held=3
7.074503,BUFFER,1423,,,,1453056,held=4
7.086324,BUFFER,1424,,,,1453056,held=5
7.090246,BUFFER,1425,,,,1453056,held=6
7.090405,BUFFER,1426,,,,1453056,held=7
7.091989,BUFFER,1427,,,,1453056,held=8
7.095041,BUFFER,1428,,,,1453056,held=9
7.095210,BUFFER,1429,,,,1453056,held=10
7.095357,BUFFER,1430,,,,1453056,held=11
7.100254,BUFFER,1431,,,,1453056,held=12
7.100451,BUFFER,1432,,,,1453056,held=13
7.100616,DUP,1385,,,,1453056,
7.100771,BUFFER,1419,,,,1453056,held=14
7.100780,DELIVER,1419,,,,1454080,
7.100784,DELIVER,1420,,,,1455104,
7.100788,DELIVER,1421,,,,1456128,
7.100791,DELIVER,1422,,,,1457152,
7.100795,DELIVER,1423,,,,1458176,
7.100798,DELIVER,1424,,,,1459200,
7.100801,DELIVER,1425,,,,1460224,
7.100804,DELIVER,1426,,,,1461248,
7.100807,DELIVER,1427,,,,1462272,
7.100810,DELIVER,1428,,,,1463296,
7.100814,DELIVER,1429,,,,1464320,
7.100817,DELIVER,1430,,,,1465344,
7.100820,DELIVER,1431,,,,1466368,
7.100824,DELIVER,1432,,,,1467392,
7.109222,BUFFER,1433,,,,1467392,held=1
7.109232,DELIVER,1433,,,,1468416,
7.119185,BUFFER,1434,,,,1468416,held=1
7.119193,DELIVER,1434,,,,1469440,
7.119398,BUFFER,1435,,,,1469440,held=1
7.119405,DELIVER,1435,,,,1470464,
7.136443,DUP,1409,,,,1470464,
7.136683,BUFFER,1436,,,,1470464,held=1
7.136693,DELIVER,1436,,,,1471488,
7.136919,BUFFER,1437,,,,1471488,held=1
7.136925,DELIVER,1437,,,,1472512,
7.140203,BUFFER,1438,,,,1472512,held=1
7.140210,DELIVER,1438,,,,1473536,
7.140423,BUFFER,1439,,,,1473536,held=1
7.140429,DELIVER,1439,,,,1474560,
7.140629,BUFFER,1441,,,,1474560,held=1
7.140643,NAK,1440,,,,1474560,
7.140841,BUFFER,1442,,,,1474560,held=2
7.141343,BUFFER,1443,,,,1474560,held=3
7.141558,BUFFER,1444,,,,1474560,held=4
7.147724,BUFFER,1445,,,,1474560,held=5
7.147944,DUP,1413,,,,1474560,
7.151065,BUFFER,1446,,,,1474560,held=6
7.151294,BUFFER,1447,,,,1474560,held=7
7.158746,BUFFER,1448,,,,1474560,held=8
7.162372,DUP,1409,,,,1474560,
7.169574,BUFFER,1449,,,,1474560,held=9
7.175595,BUFFER,1450,,,,1474560,held=10
7.177994,DUP,1413,,,,1474560,
7.188228,BUFFER,1451,,,,1474560,held=11
7.188587,BUFFER,1452,,,,1474560,held=12
7.188853,BUFFER,1453,,,,1474560,held=13
7.189093,BUFFER,1440,,,,1474560,held=14
7.189106,DELIVER,1440,,,,1475584,
7.189112,DELIVER,1441,,,,1476608,
7.189118,DELIVER,1442,,,,1477632,
7.189123,DELIVER,1443,,,,1478656,
7.189128,DELIVER,1444,,,,1479680,
7.189135,DELIVER,1445,,,,1480704,
7.189140,DELIVER,1446,,,,1481728,
7.189144,DELIVER,1447,,,,1482752,
7.189149,DELIVER,1448,,,,1483776,
7.189154,DELIVER,1449,,,,1484800,
7.189159,DELIVER,1450,,,,1485824,
7.189170,DELIVER,1451,,,,1486848,
7.189175,DELIVER,1452,,,,1487872,
7.189180,DELIVER,1453,,,,1488896,
7.189421,BUFFER,1454,,,,1488896,held=1
7.189429,DELIVER,1454,,,,1489920,
7.189723,BUFFER,1455,,,,1489920,held=1
7.189735,DELIVER,1455,,,,1490944,
7.189984,BUFFER,1456,,,,1490944,held=1
7.189994,DELIVER,1456,,,,1491968,
7.190329,BUFFER,1457,,,,1491968,held=1
7.190343,DELIVER,1457,,,,1492992,
7.190649,BUFFER,1458,,,,1492992,held=1
7.190658,DELIVER,1458,,,,1494016,
7.194816,BUFFER,1459,,,,1494016,held=1
7.194831,DELIVER,1459,,,,1495040,
7.195109,BUFFER,1460,,,,1495040,held=1
7.195117,DELIVER,1460,,,,1496064,
7.203556,BUFFER,1461,,,,1496064,held=1
7.203656,DELIVER,1461,,,,1497088,
7.204028,DUP,1419,,,,1497088,
7.204343,BUFFER,1462,,,,1497088,held=1
7.204353,DELIVER,1462,,,,1498112,
7.204626,BUFFER,1463,,,,1498112,held=1
7.204634,DELIVER,1463,,,,1499136,
7.207677,BUFFER,1465,,,,1499136,held=1
7.207698,NAK,1464,,,,1499136,
7.213299,BUFFER,1466,,,,1499136,held=2
7.226496,BUFFER,1467,,,,1499136,held=3
7.233079,BUFFER,1468,,,,1499136,held=4
7.239793,BUFFER,1469,,,,1499136,held=5
7.245348,BUFFER,1470,,,,1499136,held=6
7.245808,BUFFER,1471,,,,1499136,held=7
7.246071,BUFFER,1472,,,,1499136,held=8
7.247076,BUFFER,1473,,,,1499136,held=9
7.248120,BUFFER,1474,,,,1499136,held=10
7.248604,BUFFER,1476,,,,1499136,held=11
7.248628,NAK,1475,,,,1499136,
7.249039,BUFFER,1477,,,,1499136,held=12
7.249339,BUFFER,1478,,,,1499136,held=13
7.256511,DUP,1456,,,,1499136,
7.257710,BUFFER,1464,,,,1499136,held=14
7.257735,DELIVER,1464,,,,1500160,
7.257743,DELIVER,1465,,,,1501184,
7.257749,DELIVER,1466,,,,1502208,
7.257755,DELIVER,1467,,,,1503232,
7.257765,DELIVER,1468,,,,1504256,
7.257868,DELIVER,1469,,,,1505280,
7.257880,DELIVER,1470,,,,1506304,
7.257886,DELIVER,1471,,,,1507328,
7.257892,DELIVER,1472,,,,1508352,
7.257897,DELIVER,1473,,,,1509376,
7.257902,DELIVER,1474,,,,1510400,
7.258273,BUFFER,1479,,,,1510400,held=4
7.258509,BUFFER,1480,,,,1510400,held=5
7.258814,BUFFER,1481,,,,1510400,held=6
7.274924,BUFFER,1482,,,,1510400,held=7
7.275254,BUFFER,1483,,,,1510400,held=8
7.287357,BUFFER,1484,,,,1510400,held=9
7.292063,BUFFER,1485,,,,1510400,held=10
7.294604,BUFFER,1475,,,,1510400,held=11
7.294616,DELIVER,1475,,,,1511424,
7.294623,DELIVER,1476,,,,1512448,
7.294630,DELIVER,1477,,,,1513472,
7.294636,DELIVER,1478,,,,1514496,
7.294642,DELIVER,1479,,,,1515520,
7.294718,DELIVER,1480,,,,1516544,
7.294726,DELIVER,1481,,,,1517568,
7.294732,DELIVER,1482,,,,1518592,
7.294738,DELIVER,1483,,,,1519616,
7.294744,DELIVER,1484,,,,1520640,
7.294749,DELIVER,1485,,,,1521664,
7.296252,BUFFER,1486,,,,1521664,held=1
7.296263,DELIVER,1486,,,,1522688,
7.296554,BUFFER,1487,,,,1522688,held=1
7.296564,DELIVER,1487,,,,1523712,
7.296854,BUFFER,1488,,,,1523712,held=1
7.296861,DELIVER,1488,,,,1524736,
7.297113,BUFFER,1489,,,,1524736,held=1
7.297120,DELIVER,1489,,,,1525760,
7.297918,BUFFER,1490,,,,1525760,held=1
7.297931,DELIVER,1490,,,,1526784,
7.298234,BUFFER,1491,,,,1526784,held=1
7.298247,DELIVER,1491,,,,1527808,
7.298538,BUFFER,1492,,,,1527808,held=1
7.298547,DELIVER,1492,,,,1528832,
7.311911,BUFFER,1493,,,,1528832,held=1
7.311924,DELIVER,1493,,,,1529856,
7.312223,BUFFER,1494,,,,1529856,held=1
7.312232,DELIVER,1494,,,,1530880,
7.312538,BUFFER,1495,,,,1530880,held=1
7.312551,DELIVER,1495,,,,1531904,
7.312839,BUFFER,1496,,,,1531904,held=1
7.312850,DELIVER,1496,,,,1532928,
7.313107,DUP,1475,,,,1532928,
7.313387,BUFFER,1497,,,,1532928,held=1
7.313395,DELIVER,1497,,,,1533952,
7.313788,BUFFER,1498,,,,1533952,held=1
7.313797,DELIVER,1498,,,,1534976,
7.314095,BUFFER,1499,,,,1534976,held=1
7.314106,DELIVER,1499,,,,1536000,
7.314384,BUFFER,1500,,,,1536000,held=1
7.314391,DELIVER,1500,,,,1537024,
7.322692,BUFFER,1501,,,,1537024,held=1
7.322703,DELIVER,1501,,,,1538048,
7.339508,BUFFER,1502,,,,1538048,held=1
7.339528,DELIVER,1502,,,,1539072,
7.339858,BUFFER,1503,,,,1539072,held=1
7.339869,DELIVER,1503,,,,1540096,
7.350016,BUFFER,1505,,,,1540096,held=1
7.350053,NAK,1504,,,,1540096,
7.350367,BUFFER,1506,,,,1540096,held=2
7.350768,BUFFER,1507,,,,1540096,held=3
7.351136,BUFFER,1508,,,,1540096,held=4
7.351406,BUFFER,1509,,,,1540096,held=5
7.351737,BUFFER,1510,,,,1540096,held=6
7.352211,DUP,1494,,,,1540096,
7.355211,BUFFER,1511,,,,1540096,held=7
7.355488,BUFFER,1512,,,,1540096,held=8
7.357682,BUFFER,1513,,,,1540096,held=9
7.357987,BUFFER,1514,,,,1540096,held=10
7.370248,BUFFER,1516,,,,1540096,held=11
7.370278,NAK,1515,,,,1540096,
7.386034,BUFFER,1517,,,,1540096,held=12
7.389937,BUFFER,1518,,,,1540096,held=13
7.390348,BUFFER,1504,,,,1540096,held=14
7.390360,DELIVER,1504,,,,1541120,
7.390367,DELIVER,1505,,,,1542144,
7.390373,DELIVER,1506,,,,1543168,
7.390378,DELIVER,1507,,,,1544192,
7.390384,DELIVER,1508,,,,1545216,
7.390391,DELIVER,1509,,,,1546240,
7.390397,DELIVER,1510,,,,1547264,
7.390403,DELIVER,1511,,,,1548288,
7.390408,DELIVER,1512,,,,1549312,
7.390414,DELIVER,1513,,,,1550336,
7.390419,DELIVER,1514,,,,1551360,
7.403465,BUFFER,1520,,,,1551360,held=4
7.403518,NAK,1519,,,,1551360,
7.403780,BUFFER,1521,,,,1551360,held=5
7.404007,BUFFER,1522,,,,1551360,held=6
7.404355,BUFFER,1523,,,,1551360,held=7
7.404564,BUFFER,1524,,,,1551360,held=8
7.404842,BUFFER,1525,,,,1551360,held=9
7.406500,BUFFER,1526,,,,1551360,held=10
7.406849,BUFFER,1527,,,,1551360,held=11
7.410342,DUP,1496,,,,1551360,
7.410590,BUFFER,1528,,,,1551360,held=12
7.410821,BUFFER,1529,,,,1551360,held=13
7.417497,BUFFER,1515,,,,1551360,held=14
7.417730,DELIVER,1515,,,,1552384,
7.417744,DELIVER,1516,,,,1553408,
7.417752,DELIVER,1517,,,,1554432,
7.417759,DELIVER,1518,,,,1555456,
7.423410,BUFFER,1530,,,,1555456,held=11
7.429151,BUFFER,1531,,,,1555456,held=12
7.441261,BUFFER,1533,,,,1555456,held=13
7.441298,NAK,1532,,,,1555456,
7.444121,BUFFER,1534,,,,1555456,held=14
7.445890,BUFFER,1519,,,,1555456,held=15
7.445914,DELIVER,1519,,,,1556480,
7.445935,DELIVER,1520,,,,1557504,
7.445971,DELIVER,1521,,,,1558528,
7.445985,DELIVER,1522,,,,1559552,
7.445992,DELIVER,1523,,,,1560576,
7.445997,DELIVER,1524,,,,1561600,
7.446002,DELIVER,1525,,,,1562624,
7.446007,DELIVER,1526,,,,1563648,
7.446012,DELIVER,1527,,,,1564672,
7.446017,DELIVER,1528,,,,1565696,
7.446022,DELIVER,1529,,,,1566720,
7.446027,DELIVER,1530,,,,1567744,
7.446031,DELIVER,1531,,,,1568768,
7.452057,BUFFER,1536,,,,1568768,held=3
7.452094,NAK,1535,,,,1568768,
7.456520,BUFFER,1537,,,,1568768,held=4
7.456982,BUFFER,1538,,,,1568768,held=5
7.457232,BUFFER,1539,,,,1568768,held=6
7.457451,BUFFER,1540,,,,1568768,held=7
7.457679,BUFFER,1542,,,,1568768,held=8
7.457699,NAK,1541,,,,1568768,
7.457941,BUFFER,1543,,,,1568768,held=9
7.460371,BUFFER,1544,,,,1568768,held=10
7.466565,BUFFER,1545,,,,1568768,held=11
7.471253,BUFFER,1546,,,,1568768,held=12
7.474932,BUFFER,1547,,,,1568768,held=13
7.489855,DUP,1519,,,,1568768,
7.490961,BUFFER,1532,,,,1568768,held=14
7.490981,DELIVER,1532,,,,1569792,
7.490988,DELIVER,1533,,,,1570816,
7.490994,DELIVER,1534,,,,1571840,
7.491247,BUFFER,1548,,,,1571840,held=12
7.501444,BUFFER,1535,,,,1571840,held=13
7.501463,DELIVER,1535,,,,1572864,
7.501641,DELIVER,1536,,,,1573888,
7.501658,DELIVER,1537,,,,1574912,
7.501664,DELIVER,1538,,,,1575936,
7.501670,DELIVER,1539,,,,1576960,
7.501675,DELIVER,1540,,,,1577984,
7.501952,BUFFER,1549,,,,1577984,held=8
7.502247,DUP,1528,,,,1577984,
7.506552,BUFFER,1550,,,,1577984,held=9
7.506799,BUFFER,1551,,,,1577984,held=10
7.509256,BUFFER,1541,,,,1577984,held=11
7.509277,DELIVER,1541,,,,1579008,
7.509284,DELIVER,1542,,,,1580032,
7.509290,DELIVER,1543,,,,1581056,
7.509295,DELIVER,1544,,,,1582080,
7.509300,DELIVER,1545,,,,1583104,
7.509306,DELIVER,1546,,,,1584128,
7.509311,DELIVER,1547,,,,1585152,
7.509316,DELIVER,1548,,,,1586176,
7.509321,DELIVER,1549,,,,1587200,
7.509326,DELIVER,1550,,,,1588224,
7.509350,DELIVER,1551,,,,1589248,
7.509723,BUFFER,1552,,,,1589248,held=1
7.509735,DELIVER,1552,,,,1590272,
7.511005,BUFFER,1553,,,,1590272,held=1
7.511027,DELIVER,1553,,,,1591296,
7.511366,BUFFER,1554,,,,1591296,held=1
7.511376,DELIVER,1554,,,,1592320,
7.516607,BUFFER,1555,,,,1592320,held=1
7.516635,DELIVER,1555,,,,1593344,
7.516909,BUFFER,1556,,,,1593344,held=1
7.516917,DELIVER,1556,,,,1594368,
7.518336,BUFFER,1557,,,,1594368,held=1
7.518347,DELIVER,1557,,,,1595392,
7.518648,BUFFER,1558,,,,1595392,held=1
7.518659,DELIVER,1558,,,,1596416,
7.520768,BUFFER,1559,,,,1596416,held=1
7.520778,DELIVER,1559,,,,1597440,
7.537537,BUFFER,1560,,,,1597440,held=1
7.537549,DELIVER,1560,,,,1598464,
7.539889,BUFFER,1561,,,,1598464,held=1
7.539911,DELIVER,1561,,,,1599488,
7.553550,BUFFER,1562,,,,1599488,held=1
7.553556,DELIVER,1562,,,,1600512,
7.558863,BUFFER,1563,,,,1600512,held=1
7.558883,DELIVER,1563,,,,1601536,
7.559158,BUFFER,1564,,,,1601536,held=1
7.559210,DELIVER,1564,,,,1602560,
7.559439,BUFFER,1565,,,,1602560,held=1
7.559449,DELIVER,1565,,,,1603584,
7.559751,BUFFER,1566,,,,1603584,held=1
7.559760,DELIVER,1566,,,,1604608,
7.559989,DUP,1539,,,,1604608,
7.560220,DUP,1539,,,,1604608,
7.560617,BUFFER,1567,,,,1604608,held=1
7.560627,DELIVER,1567,,,,1605632,
7.560926,BUFFER,1568,,,,1605632,held=1
7.560938,DELIVER,1568,,,,1606656,
7.569683,BUFFER,1570,,,,1606656,held=1
7.569720,NAK,1569,,,,1606656,
7.569953,BUFFER,1571,,,,1606656,held=2
7.570188,BUFFER,1572,,,,1606656,held=3
7.570397,BUFFER,1573,,,,1606656,held=4
7.570621,BUFFER,1574,,,,1606656,held=5
7.572367,BUFFER,1575,,,,1606656,held=6
7.587742,BUFFER,1576,,,,1606656,held=7
7.592888,BUFFER,1577,,,,1606656,held=8
7.611070,BUFFER,1578,,,,1606656,held=9
7.611343,DUP,1554,,,,1606656,
7.611561,BUFFER,1579,,,,1606656,held=10
7.620210,BUFFER,1580,,,,1606656,held=11
7.620228,NAK,1569,,,,1606656,
7.620436,BUFFER,1581,,,,1606656,held=12
7.620704,BUFFER,1582,,,,1606656,held=13
7.620945,BUFFER,1583,,,,1606656,held=14
7.621179,BUFFER,1584,,,,1606656,held=15
7.621920,BUFFER,1569,,,,1606656,held=16
7.621930,DELIVER,1569,,,,1607680,
7.621936,DELIVER,1570,,,,1608704,
7.621941,DELIVER,1571,,,,1609728,
7.621946,DELIVER,1572,,,,1610752,
7.621950,DELIVER,1573,,,,1611776,
7.621955,DELIVER,1574,,,,1612800,
7.621959,DELIVER,1575,,,,1613824,
7.621964,DELIVER,1576,,,,1614848,
7.621968,DELIVER,1577,,,,1615872,
7.621973,DELIVER,1578,,,,1616896,
7.621978,DELIVER,1579,,,,1617920,
7.621982,DELIVER,1580,,,,1618944,
7.621986,DELIVER,1581,,,,1619968,
7.621991,DELIVER,1582,,,,1620992,
7.621995,DELIVER,1583,,,,1622016,
7.622000,DELIVER,1584,,,,1623040,
7.622199,DUP,1554,,,,1623040,
7.622398,BUFFER,1585,,,,1623040,held=1
7.622403,DELIVER,1585,,,,1624064,
7.622600,BUFFER,1586,,,,1624064,held=1
7.622605,DELIVER,1586,,,,1625088,
7.622806,BUFFER,1587,,,,1625088,held=1
7.622811,DELIVER,1587,,,,1626112,
7.623010,BUFFER,1588,,,,1626112,held=1
7.623016,DELIVER,1588,,,,1627136,
7.638350,BUFFER,1589,,,,1627136,held=1
7.638365,DELIVER,1589,,,,1628160,
7.640340,BUFFER,1590,,,,1628160,held=1
7.640345,DELIVER,1590,,,,1629184,
7.640465,BUFFER,1591,,,,1629184,held=1
7.640470,DELIVER,1591,,,,1630208,
7.659952,DUP,1567,,,,1630208,
7.660112,BUFFER,1592,,,,1630208,held=1
7.660117,DELIVER,1592,,,,1631232,
7.660283,BUFFER,1593,,,,1631232,held=1
7.660289,DELIVER,1593,,,,1632256,
7.660457,BUFFER,1594,,,,1632256,held=1
7.660462,DELIVER,1594,,,,1633280,
7.664404,DUP,1569,,,,1633280,
7.671145,DUP,1567,,,,1633280,
7.671328,BUFFER,1595,,,,1633280,held=1
7.671335,DELIVER,1595,,,,1634304,
7.671505,BUFFER,1596,,,,1634304,held=1
7.671511,DELIVER,1596,,,,1635328,
7.671657,BUFFER,1597,,,,1635328,held=1
7.671662,DELIVER,1597,,,,1636352,
7.671807,BUFFER,1598,,,,1636352,held=1
7.671811,DELIVER,1598,,,,1637376,
7.671952,BUFFER,1599,,,,1637376,held=1
7.671956,DELIVER,1599,,,,1638400,
7.672097,BUFFER,1600,,,,1638400,held=1
7.672101,DELIVER,1600,,,,1639424,
7.672240,BUFFER,1601,,,,1639424,held=1
7.672244,DELIVER,1601,,,,1640448,
7.672382,BUFFER,1602,,,,1640448,held=1
7.672385,DELIVER,1602,,,,1641472,
7.677309,BUFFER,1603,,,,1641472,held=1
7.677341,DELIVER,1603,,,,1642496,
7.688717,BUFFER,1605,,,,1642496,held=1
7.688747,NAK,1604,,,,1642496,
7.688950,BUFFER,1606,,,,1642496,held=2
7.693421,BUFFER,1607,,,,1642496,held=3
7.693697,BUFFER,1608,,,,1642496,held=4
7.709958,BUFFER,1609,,,,1642496,held=5
7.710147,BUFFER,1610,,,,1642496,held=6
7.710821,BUFFER,1611,,,,1642496,held=7
7.712553,BUFFER,1612,,,,1642496,held=8
7.730778,BUFFER,1613,,,,1642496,held=9
7.730892,BUFFER,1614,,,,1642496,held=10
7.733856,BUFFER,1615,,,,1642496,held=11
7.733961,BUFFER,1616,,,,1642496,held=12
7.734049,BUFFER,1617,,,,1642496,held=13
7.734139,BUFFER,1618,,,,1642496,held=14
7.734231,BUFFER,1619,,,,1642496,held=15
7.734319,BUFFER,1620,,,,1642496,held=16
7.734406,BUFFER,1621,,,,1642496,held=17
7.734495,BUFFER,1604,,,,1642496,held=18
7.734501,DELIVER,1604,,,,1643520,
7.734504,DELIVER,1605,,,,1644544,
7.734506,DELIVER,1606,,,,1645568,
7.734508,DELIVER,1607,,,,1646592,
7.734510,DELIVER,1608,,,,1647616,
7.734512,DELIVER,1609,,,,1648640,
7.734515,DELIVER,1610,,,,1649664,
7.734516,DELIVER,1611,,,,1650688,
7.734519,DELIVER,1612,,,,1651712,
7.734521,DELIVER,1613,,,,1652736,
7.734523,DELIVER,1614,,,,1653760,
7.734525,DELIVER,1615,,,,1654784,
7.734527,DELIVER,1616,,,,1655808,
7.734529,DELIVER,1617,,,,1656832,
7.734531,DELIVER,1618,,,,1657856,
7.734533,DELIVER,1619,,,,1658880,
7.734535,DELIVER,1620,,,,1659904,
7.734537,DELIVER,1621,,,,1660928,
7.738667,DUP,1604,,,,1660928,
7.738775,BUFFER,1622,,,,1660928,held=1
7.738779,DELIVER,1622,,,,1661952,
7.738868,BUFFER,1623,,,,1661952,held=1
7.738870,DELIVER,1623,,,,1662976,
7.744380,BUFFER,1624,,,,1662976,held=1
7.744388,DELIVER,1624,,,,1664000,
7.750458,BUFFER,1625,,,,1664000,held=1
7.750469,DELIVER,1625,,,,1665024,
7.761212,BUFFER,1626,,,,1665024,held=1
7.761256,DELIVER,1626,,,,1666048,
7.761499,BUFFER,1627,,,,1666048,held=1
7.761507,DELIVER,1627,,,,1667072,
7.761771,BUFFER,1628,,,,1667072,held=1
7.761783,DELIVER,1628,,,,1668096,
7.767073,BUFFER,1629,,,,1668096,held=1
7.767082,DELIVER,1629,,,,1669120,
7.774083,BUFFER,1630,,,,1669120,held=1
7.774107,DELIVER,1630,,,,1670144,
7.785394,BUFFER,1631,,,,1670144,held=1
7.785421,DELIVER,1631,,,,1671168,
7.785732,BUFFER,1632,,,,1671168,held=1
7.785741,DELIVER,1632,,,,1672192,
7.786243,BUFFER,1634,,,,1672192,held=1
7.786269,NAK,1633,,,,1672192,
7.786518,BUFFER,1635,,,,1672192,held=2
7.789251,BUFFER,1636,,,,1672192,held=3
7.789533,BUFFER,1637,,,,1672192,held=4
7.789802,BUFFER,1638,,,,1672192,held=5
7.790144,BUFFER,1639,,,,1672192,held=6
7.790357,BUFFER,1640,,,,1672192,held=7
7.790591,BUFFER,1641,,,,1672192,held=8
7.795150,BUFFER,1642,,,,1672192,held=9
7.817656,BUFFER,1644,,,,1672192,held=10
7.817683,NAK,1643,,,,1672192,
7.818003,BUFFER,1645,,,,1672192,held=11
7.818230,BUFFER,1646,,,,1672192,held=12
7.818542,BUFFER,1647,,,,1672192,held=13
7.819100,BUFFER,1648,,,,1672192,held=14
7.824128,BUFFER,1649,,,,1672192,held=15
7.834839,BUFFER,1650,,,,1672192,held=16
7.840826,BUFFER,1633,,,,1672192,held=17
7.840903,DELIVER,1633,,,,1673216,
7.840911,DELIVER,1634,,,,1674240,
7.840917,DELIVER,1635,,,,1675264,
7.840923,DELIVER,1636,,,,1676288,
7.840928,DELIVER,1637,,,,1677312,
7.840933,DELIVER,1638,,,,1678336,
7.840938,DELIVER,1639,,,,1679360,
7.840943,DELIVER,1640,,,,1680384,
7.840950,DELIVER,1641,,,,1681408,
7.840955,DELIVER,1642,,,,1682432,
7.841222,DUP,1633,,,,1682432,
7.841511,BUFFER,1651,,,,1682432,held=8
7.845402,BUFFER,1652,,,,1682432,held=9
7.845637,BUFFER,1653,,,,1682432,held=10
7.845872,BUFFER,1654,,,,1682432,held=11
7.846441,BUFFER,1655,,,,1682432,held=12
7.846683,BUFFER,1656,,,,1682432,held=13
7.847403,BUFFER,1657,,,,1682432,held=14
7.862105,BUFFER,1658,,,,1682432,held=15
7.872116,BUFFER,1659,,,,1682432,held=16
7.872152,NAK,1643,,,,1682432,
7.872373,BUFFER,1660,,,,1682432,held=17
7.872605,BUFFER,1661,,,,1682432,held=18
7.872870,BUFFER,1662,,,,1682432,held=19
7.873078,BUFFER,1663,,,,1682432,held=20
7.888812,BUFFER,1664,,,,1682432,held=21
7.889412,BUFFER,1665,,,,1682432,held=22
7.889929,BUFFER,1643,,,,1682432,held=23
7.889943,DELIVER,1643,,,,1683456,
7.889949,DELIVER,1644,,,,1684480,
7.889955,DELIVER,1645,,,,1685504,
7.889960,DELIVER,1646,,,,1686528,
7.889966,DELIVER,1647,,,,1687552,
7.890003,DELIVER,1648,,,,1688576,
7.890013,DELIVER,1649,,,,1689600,
7.890019,DELIVER,1650,,,,1690624,
7.890024,DELIVER,1651,,,,1691648,
7.890029,DELIVER,1652,,,,1692672,
7.890034,DELIVER,1653,,,,1693696,
7.890039,DELIVER,1654,,,,1694720,
7.890044,DELIVER,1655,,,,1695744,
7.890049,DELIVER,1656,,,,1696768,
7.890054,DELIVER,1657,,,,1697792,
7.890059,DELIVER,1658,,,,1698816,
7.890064,DELIVER,1659,,,,1699840,
7.890068,DELIVER,1660,,,,1700864,
7.890073,DELIVER,1661,,,,1701888,
7.890104,DELIVER,1662,,,,1702912,
7.890111,DELIVER,1663,,,,1703936,
7.890239,DELIVER,1664,,,,1704960,
7.890246,DELIVER,1665,,,,1705984,
7.890876,BUFFER,1666,,,,1705984,held=1
7.890885,DELIVER,1666,,,,1707008,
7.891250,BUFFER,1667,,,,1707008,held=1
7.891258,DELIVER,1667,,,,1708032,
7.891503,BUFFER,1668,,,,1708032,held=1
7.891512,DELIVER,1668,,,,1709056,
7.891776,BUFFER,1669,,,,1709056,held=1
7.891784,DELIVER,1669,,,,1710080,
7.892127,BUFFER,1670,,,,1710080,held=1
7.892136,DELIVER,1670,,,,1711104,
7.892361,BUFFER,1671,,,,1711104,held=1
7.892369,DELIVER,1671,,,,1712128,
7.892727,BUFFER,1672,,,,1712128,held=1
7.892755,DELIVER,1672,,,,1713152,
7.914746,BUFFER,1673,,,,1713152,held=1
7.914754,DELIVER,1673,,,,1714176,
7.914842,DUP,1645,,,,1714176,
7.914945,DUP,1643,,,,1714176,
7.915090,BUFFER,1674,,,,1714176,held=1
7.915093,DELIVER,1674,,,,1715200,
7.915165,BUFFER,1675,,,,1715200,held=1
7.915167,DELIVER,1675,,,,1716224,
7.921970,BUFFER,1676,,,,1716224,held=1
7.921998,DELIVER,1676,,,,1717248,
7.922288,BUFFER,1677,,,,1717248,held=1
7.922298,DELIVER,1677,,,,1718272,
7.922566,BUFFER,1678,,,,1718272,held=1
7.922574,DELIVER,1678,,,,1719296,
7.934872,BUFFER,1679,,,,1719296,held=1
7.934892,DELIVER,1679,,,,1720320,
7.935162,BUFFER,1680,,,,1720320,held=1
7.935196,DELIVER,1680,,,,1721344,
7.939350,BUFFER,1682,,,,1721344,held=1
7.939378,NAK,1681,,,,1721344,
7.939643,DUP,1645,,,,1721344,
7.939919,BUFFER,1683,,,,1721344,held=2
7.940160,BUFFER,1684,,,,1721344,held=3
7.940445,BUFFER,1685,,,,1721344,held=4
7.940682,BUFFER,1686,,,,1721344,held=5
7.940917,BUFFER,1687,,,,1721344,held=6
7.941136,BUFFER,1688,,,,1721344,held=7
7.958524,BUFFER,1689,,,,1721344,held=8
7.962347,BUFFER,1690,,,,1721344,held=9
7.962622,BUFFER,1691,,,,1721344,held=10
7.963763,BUFFER,1692,,,,1721344,held=11
7.963845,DUP,1671,,,,1721344,
7.977189,BUFFER,1693,,,,1721344,held=12
7.977435,BUFFER,1694,,,,1721344,held=13
7.984258,BUFFER,1696,,,,1721344,held=14
7.984290,NAK,1695,,,,1721344,
7.984825,BUFFER,1681,,,,1721344,held=15
7.984832,DELIVER,1681,,,,1722368,
7.984835,DELIVER,1682,,,,1723392,
7.984837,DELIVER,1683,,,,1724416,
7.984839,DELIVER,1684,,,,1725440,
7.984841,DELIVER,1685,,,,1726464,
7.984843,DELIVER,1686,,,,1727488,
7.984845,DELIVER,1687,,,,1728512,
7.984847,DELIVER,1688,,,,1729536,
7.984849,DELIVER,1689,,,,1730560,
7.984851,DELIVER,1690,,,,1731584,
7.984853,DELIVER,1691,,,,1732608,
7.984855,DELIVER,1692,,,,1733632,
7.984857,DELIVER,1693,,,,1734656,
7.984859,DELIVER,1694,,,,1735680,
7.988047,BUFFER,1697,,,,1735680,held=2
7.990935,BUFFER,1698,,,,1735680,held=3
7.991221,BUFFER,1699,,,,1735680,held=4
7.991475,BUFFER,1700,,,,1735680,held=5
7.991727,BUFFER,1701,,,,1735680,held=6
7.991980,BUFFER,1702,,,,1735680,held=7
7.999994,BUFFER,1703,,,,1735680,held=8
8.002203,BUFFER,1704,,,,1735680,held=9
8.009903,BUFFER,1705,,,,1735680,held=10
8.010241,BUFFER,1706,,,,1735680,held=11
8.014718,BUFFER,1707,,,,1735680,held=12
8.016164,BUFFER,1708,,,,1735680,held=13
8.024907,BUFFER,1709,,,,1735680,held=14
8.030813,DUP,1681,,,,1735680,
8.031077,BUFFER,1695,,,,1735680,held=15
8.031090,DELIVER,1695,,,,1736704,
8.031096,DELIVER,1696,,,,1737728,
8.031101,DELIVER,1697,,,,1738752,
8.031106,DELIVER,1698,,,,1739776,
8.031111,DELIVER,1699,,,,1740800,
8.031118,DELIVER,1700,,,,1741824,
8.031122,DELIVER,1701,,,,1742848,
8.031127,DELIVER,1702,,,,1743872,
8.031132,DELIVER,1703,,,,1744896,
8.031137,DELIVER,1704,,,,1745920,
8.031141,DELIVER,1705,,,,1746944,
8.031146,DELIVER,1706,,,,1747968,
8.031151,DELIVER,1707,,,,1748992,
8.031155,DELIVER,1708,,,,1750016,
8.031160,DELIVER,1709,,,,1751040,
8.031380,DUP,1686,,,,1751040,
8.031636,BUFFER,1710,,,,1751040,held=1
8.031647,DELIVER,1710,,,,1752064,
8.031876,BUFFER,1711,,,,1752064,held=1
8.031883,DELIVER,1711,,,,1753088,
8.032163,BUFFER,1712,,,,1753088,held=1
8.032175,DELIVER,1712,,,,1754112,
8.035463,BUFFER,1713,,,,1754112,held=1
8.035485,DELIVER,1713,,,,1755136,
8.036856,BUFFER,1714,,,,1755136,held=1
8.036884,DELIVER,1714,,,,1756160,
8.037131,BUFFER,1715,,,,1756160,held=1
8.037140,DELIVER,1715,,,,1757184,
8.037362,BUFFER,1716,,,,1757184,held=1
8.037370,DELIVER,1716,,,,1758208,
8.041406,BUFFER,1718,,,,1758208,held=1
8.041434,NAK,1717,,,,1758208,
8.047536,BUFFER,1719,,,,1758208,held=2
8.052229,BUFFER,1720,,,,1758208,held=3
8.059487,BUFFER,1721,,,,1758208,held=4
8.059920,BUFFER,1722,,,,1758208,held=5
8.061199,BUFFER,1723,,,,1758208,held=6
8.061582,BUFFER,1724,,,,1758208,held=7
8.082290,BUFFER,1725,,,,1758208,held=8
8.083784,BUFFER,1726,,,,1758208,held=9
8.084494,BUFFER,1727,,,,1758208,held=10
8.084714,DUP,1701,,,,1758208,
8.084933,BUFFER,1728,,,,1758208,held=11
8.085133,BUFFER,1729,,,,1758208,held=12
8.085321,BUFFER,1717,,,,1758208,held=13
8.085329,DELIVER,1717,,,,1759232,
8.085334,DELIVER,1718,,,,1760256,
8.085338,DELIVER,1719,,,,1761280,
8.085342,DELIVER,1720,,,,1762304,
8.085346,DELIVER,1721,,,,1763328,
8.085350,DELIVER,1722,,,,1764352,
8.085353,DELIVER,1723,,,,1765376,
8.085357,DELIVER,1724,,,,1766400,
8.085361,DELIVER,1725,,,,1767424,
8.085364,DELIVER,1726,,,,1768448,
8.085368,DELIVER,1727,,,,1769472,
8.085372,DELIVER,1728,,,,1770496,
8.085376,DELIVER,1729,,,,1771520,
8.085540,BUFFER,1730,,,,1771520,held=1
8.085545,DELIVER,1730,,,,1772544,
8.088352,BUFFER,1731,,,,1772544,held=1
8.088367,DELIVER,1731,,,,1773568,
8.088669,BUFFER,1732,,,,1773568,held=1
8.088678,DELIVER,1732,,,,1774592,
8.088958,BUFFER,1733,,,,1774592,held=1
8.088967,DELIVER,1733,,,,1775616,
8.099592,BUFFER,1734,,,,1775616,held=1
8.099606,DELIVER,1734,,,,1776640,
8.099856,BUFFER,1735,,,,1776640,held=1
8.099867,DELIVER,1735,,,,1777664,
8.100101,BUFFER,1736,,,,1777664,held=1
8.100109,DELIVER,1736,,,,1778688,
8.110662,BUFFER,1737,,,,1778688,held=1
8.110676,DELIVER,1737,,,,1779712,
8.110910,BUFFER,1738,,,,1779712,held=1
8.110920,DELIVER,1738,,,,1780736,
8.122032,BUFFER,1739,,,,1780736,held=1
8.122058,DELIVER,1739,,,,1781760,
8.134375,BUFFER,1740,,,,1781760,held=1
8.134396,DELIVER,1740,,,,1782784,
8.134786,BUFFER,1741,,,,1782784,held=1
8.134797,DELIVER,1741,,,,1783808,
8.135323,BUFFER,1742,,,,1783808,held=1
8.135334,DELIVER,1742,,,,1784832,
8.135808,BUFFER,1743,,,,1784832,held=1
8.135819,DELIVER,1743,,,,1785856,
8.136015,BUFFER,1744,,,,1785856,held=1
8.136022,DELIVER,1744,,,,1786880,
8.136247,BUFFER,1745,,,,1786880,held=1
8.136257,DELIVER,1745,,,,1787904,
8.136483,BUFFER,1746,,,,1787904,held=1
8.136491,DELIVER,1746,,,,1788928,
8.137907,BUFFER,1747,,,,1788928,held=1
8.137924,DELIVER,1747,,,,1789952,
8.138189,DUP,1721,,,,1789952,
8.142171,BUFFER,1748,,,,1789952,held=1
8.142195,DELIVER,1748,,,,1790976,
8.142440,BUFFER,1750,,,,1790976,held=1
8.142465,NAK,1749,,,,1790976,
8.142749,BUFFER,1751,,,,1790976,held=2
8.147410,BUFFER,1752,,,,1790976,held=3
8.150521,BUFFER,1753,,,,1790976,held=4
8.150827,BUFFER,1754,,,,1790976,held=5
8.159019,BUFFER,1755,,,,1790976,held=6
8.168147,BUFFER,1756,,,,1790976,held=7
8.176446,BUFFER,1757,,,,1790976,held=8
8.176767,BUFFER,1758,,,,1790976,held=9
8.180074,BUFFER,1760,,,,1790976,held=10
8.180109,NAK,1759,,,,1790976,
8.184598,BUFFER,1761,,,,1790976,held=11
8.185348,BUFFER,1762,,,,1790976,held=12
8.185624,BUFFER,1763,,,,1790976,held=13
8.191876,BUFFER,1764,,,,1790976,held=14
8.192158,BUFFER,1765,,,,1790976,held=15
8.192456,BUFFER,1766,,,,1790976,held=16
8.192730,BUFFER,1749,,,,1790976,held=17
8.192743,DELIVER,1749,,,,1792000,
8.192750,DELIVER,1750,,,,1793024,
8.192755,DELIVER,1751,,,,1794048,
8.192761,DELIVER,1752,,,,1795072,
8.192766,DELIVER,1753,,,,1796096,
8.192770,DELIVER,1754,,,,1797120,
8.192776,DELIVER,1755,,,,1798144,
8.192780,DELIVER,1756,,,,1799168,
8.192785,DELIVER,1757,,,,1800192,
8.192790,DELIVER,1758,,,,1801216,
8.193037,DUP,1732,,,,1801216,
8.194723,BUFFER,1767,,,,1801216,held=8
8.195097,BUFFER,1768,,,,1801216,held=9
8.203175,BUFFER,1769,,,,1801216,held=10
8.211434,BUFFER,1770,,,,1801216,held=11
8.220644,BUFFER,1771,,,,1801216,held=12
8.220904,BUFFER,1772,,,,1801216,held=13
8.221154,BUFFER,1773,,,,1801216,held=14
8.224048,BUFFER,1774,,,,1801216,held=15
8.226053,BUFFER,1759,,,,1801216,held=16
8.226077,DELIVER,1759,,,,1802240,
8.226084,DELIVER,1760,,,,1803264,
8.226090,DELIVER,1761,,,,1804288,
8.226096,DELIVER,1762,,,,1805312,
8.226101,DELIVER,1763,,,,1806336,
8.226105,DELIVER,1764,,,,1807360,
8.226110,DELIVER,1765,,,,1808384,
8.226115,DELIVER,1766,,,,1809408,
8.226120,DELIVER,1767,,,,1810432,
8.226125,DELIVER,1768,,,,1811456,
8.226129,DELIVER,1769,,,,1812480,
8.226134,DELIVER,1770,,,,1813504,
8.226138,DELIVER,1771,,,,1814528,
8.226143,DELIVER,1772,,,,1815552,
8.226148,DELIVER,1773,,,,1816576,
8.226153,DELIVER,1774,,,,1817600,
8.230207,BUFFER,1775,,,,1817600,held=1
8.230232,DELIVER,1775,,,,1818624,
8.230577,BUFFER,1777,,,,1818624,held=1
8.230597,NAK,1776,,,,1818624,
8.231890,BUFFER,1778,,,,1818624,held=2
8.234133,BUFFER,1779,,,,1818624,held=3
8.240348,BUFFER,1780,,,,1818624,held=4
8.240630,BUFFER,1781,,,,1818624,held=5
8.240868,BUFFER,1782,,,,1818624,held=6
8.241115,BUFFER,1783,,,,1818624,held=7
8.241362,BUFFER,1784,,,,1818624,held=8
8.249752,DUP,1759,,,,1818624,
8.250014,BUFFER,1785,,,,1818624,held=9
8.251929,BUFFER,1786,,,,1818624,held=10
8.267600,BUFFER,1787,,,,1818624,held=11
8.268630,BUFFER,1776,,,,1818624,held=12
8.268650,DELIVER,1776,,,,1819648,
8.268660,DELIVER,1777,,,,1820672,
8.268667,DELIVER,1778,,,,1821696,
8.268673,DELIVER,1779,,,,1822720,
8.268679,DELIVER,1780,,,,1823744,
8.268685,DELIVER,1781,,,,1824768,
8.268690,DELIVER,1782,,,,1825792,
8.268696,DELIVER,1783,,,,1826816,
8.268702,DELIVER,1784,,,,1827840,
8.268708,DELIVER,1785,,,,1828864,
8.268714,DELIVER,1786,,,,1829888,
8.268719,DELIVER,1787,,,,1830912,
8.269012,BUFFER,1788,,,,1830912,held=1
8.269021,DELIVER,1788,,,,1831936,
8.269872,BUFFER,1789,,,,1831936,held=1
8.269892,DELIVER,1789,,,,1832960,
8.270185,BUFFER,1790,,,,1832960,held=1
8.270196,DELIVER,1790,,,,1833984,
8.270460,BUFFER,1791,,,,1833984,held=1
8.270469,DELIVER,1791,,,,1835008,
8.270806,BUFFER,1792,,,,1835008,held=1
8.271004,DELIVER,1792,,,,1836032,
8.278229,BUFFER,1793,,,,1836032,held=1
8.278258,DELIVER,1793,,,,1837056,
8.286147,DUP,1776,,,,1837056,
8.286470,BUFFER,1794,,,,1837056,held=1
8.286484,DELIVER,1794,,,,1838080,
8.291594,BUFFER,1795,,,,1838080,held=1
8.291614,DELIVER,1795,,,,1839104,
8.291905,BUFFER,1796,,,,1839104,held=1
8.291918,DELIVER,1796,,,,1840128,
8.292205,BUFFER,1797,,,,1840128,held=1
8.292214,DELIVER,1797,,,,1841152,
8.299040,BUFFER,1798,,,,1841152,held=1
8.299059,DELIVER,1798,,,,1842176,
8.299346,BUFFER,1799,,,,1842176,held=1
8.299359,DELIVER,1799,,,,1843200,
8.317970,BUFFER,1800,,,,1843200,held=1
8.317995,DELIVER,1800,,,,1844224,
8.319446,BUFFER,1801,,,,1844224,held=1
8.319462,DELIVER,1801,,,,1845248,
8.319741,BUFFER,1802,,,,1845248,held=1
8.319754,DELIVER,1802,,,,1846272,
8.320014,DUP,1780,,,,1846272,
8.324731,BUFFER,1803,,,,1846272,held=1
8.324757,DELIVER,1803,,,,1847296,
8.325084,BUFFER,1804,,,,1847296,held=1
8.325107,DELIVER,1804,,,,1848320,
8.325319,BUFFER,1805,,,,1848320,held=1
8.325327,DELIVER,1805,,,,1849344,
8.325565,BUFFER,1806,,,,1849344,held=1
8.325575,DELIVER,1806,,,,1850368,
8.325797,BUFFER,1807,,,,1850368,held=1
8.325806,DELIVER,1807,,,,1851392,
8.326799,BUFFER,1808,,,,1851392,held=1
8.326846,DELIVER,1808,,,,1852416,
8.327119,BUFFER,1809,,,,1852416,held=1
8.327128,DELIVER,1809,,,,1853440,
8.327402,BUFFER,1810,,,,1853440,held=1
8.327411,DELIVER,1810,,,,1854464,
8.339717,DUP,1781,,,,1854464,
8.340682,BUFFER,1811,,,,1854464,held=1
8.340705,DELIVER,1811,,,,1855488,
8.347789,BUFFER,1813,,,,1855488,held=1
8.347826,NAK,1812,,,,1855488,
8.352587,BUFFER,1814,,,,1855488,held=2
8.360072,BUFFER,1815,,,,1855488,held=3
8.369833,BUFFER,1816,,,,1855488,held=4
8.370165,BUFFER,1817,,,,1855488,held=5
8.372284,BUFFER,1818,,,,1855488,held=6
8.372594,DUP,1781,,,,1855488,
8.372996,BUFFER,1819,,,,1855488,held=7
8.379966,BUFFER,1821,,,,1855488,held=8
8.380004,NAK,1820,,,,1855488,
8.380299,BUFFER,1822,,,,1855488,held=9
8.380770,BUFFER,1823,,,,1855488,held=10
8.381348,BUFFER,1824,,,,1855488,held=11
8.381719,BUFFER,1825,,,,1855488,held=12
8.382014,BUFFER,1826,,,,1855488,held=13
8.382232,BUFFER,1827,,,,1855488,held=14
8.382488,BUFFER,1828,,,,1855488,held=15
8.382944,BUFFER,1829,,,,1855488,held=16
8.383862,BUFFER,1830,,,,1855488,held=17
8.394703,BUFFER,1812,,,,1855488,held=18
8.394729,DELIVER,1812,,,,1856512,
8.394736,DELIVER,1813,,,,1857536,
8.394742,DELIVER,1814,,,,1858560,
8.394747,DELIVER,1815,,,,1859584,
8.394753,DELIVER,1816,,,,1860608,
8.394759,DELIVER,1817,,,,1861632,
8.394764,DELIVER,1818,,,,1862656,
8.394769,DELIVER,1819,,,,1863680,
8.417089,BUFFER,1831,,,,1863680,held=11
8.418906,BUFFER,1833,,,,1863680,held=12
8.418946,NAK,1832,,,,1863680,
8.419195,BUFFER,1834,,,,1863680,held=13
8.419537,BUFFER,1835,,,,1863680,held=14
8.428826,BUFFER,1820,,,,1863680,held=15
8.428853,DELIVER,1820,,,,1864704,
8.428860,DELIVER,1821,,,,1865728,
8.428866,DELIVER,1822,,,,1866752,
8.428871,DELIVER,1823,,,,1867776,
8.428877,DELIVER,1824,,,,1868800,
8.428882,DELIVER,1825,,,,1869824,
8.428887,DELIVER,1826,,,,1870848,
8.428892,DELIVER,1827,,,,1871872,
8.428897,DELIVER,1828,,,,1872896,
8.428902,DELIVER,1829,,,,1873920,
8.428907,DELIVER,1830,,,,1874944,
8.428914,DELIVER,1831,,,,1875968,
8.432214,BUFFER,1836,,,,1875968,held=4
8.433453,BUFFER,1837,,,,1875968,held=5
8.433675,BUFFER,1838,,,,1875968,held=6
8.434247,BUFFER,1839,,,,1875968,held=7
8.434608,BUFFER,1840,,,,1875968,held=8
8.435042,BUFFER,1841,,,,1875968,held=9
8.435438,BUFFER,1842,,,,1875968,held=10
8.435658,BUFFER,1843,,,,1875968,held=11
8.435940,BUFFER,1844,,,,1875968,held=12
8.436854,BUFFER,1845,,,,1875968,held=13
8.466933,BUFFER,1832,,,,1875968,held=14
8.466970,DELIVER,1832,,,,1876992,
8.466979,DELIVER,1833,,,,1878016,
8.466987,DELIVER,1834,,,,1879040,
8.466994,DELIVER,1835,,,,1880064,
8.467000,DELIVER,1836,,,,1881088,
8.467006,DELIVER,1837,,,,1882112,
8.467012,DELIVER,1838,,,,1883136,
8.467018,DELIVER,1839,,,,1884160,
8.467024,DELIVER,1840,,,,1885184,
8.467029,DELIVER,1841,,,,1886208,
8.467035,DELIVER,1842,,,,1887232,
8.467041,DELIVER,1843,,,,1888256,
8.467050,DELIVER,1844,,,,1889280,
8.467101,DELIVER,1845,,,,1890304,
8.469453,DUP,1820,,,,1890304,
8.469713,BUFFER,1847,,,,1890304,held=1
8.469728,NAK,1846,,,,1890304,
8.470007,BUFFER,1848,,,,1890304,held=2
8.485668,BUFFER,1849,,,,1890304,held=3
8.485986,DUP,1825,,,,1890304,
8.486312,BUFFER,1850,,,,1890304,held=4
8.486542,DUP,1825,,,,1890304,
8.486766,BUFFER,1851,,,,1890304,held=5
8.486972,BUFFER,1852,,,,1890304,held=6
8.487217,BUFFER,1853,,,,1890304,held=7
8.487443,BUFFER,1854,,,,1890304,held=8
8.487706,BUFFER,1855,,,,1890304,held=9
8.487963,BUFFER,1856,,,,1890304,held=10
8.488222,BUFFER,1857,,,,1890304,held=11
8.488474,BUFFER,1858,,,,1890304,held=12
8.488909,BUFFER,1859,,,,1890304,held=13
8.494415,BUFFER,1860,,,,1890304,held=14
8.519328,BUFFER,1861,,,,1890304,held=15
8.520083,BUFFER,1862,,,,1890304,held=16
8.520102,NAK,1846,,,,1890304,
8.520367,BUFFER,1863,,,,1890304,held=17
8.520627,DUP,1835,,,,1890304,
8.535923,BUFFER,1864,,,,1890304,held=18
8.536230,BUFFER,1865,,,,1890304,held=19
8.536546,BUFFER,1866,,,,1890304,held=20
8.536791,DUP,1835,,,,1890304,
8.537027,BUFFER,1867,,,,1890304,held=21
8.537231,BUFFER,1868,,,,1890304,held=22
8.537453,BUFFER,1869,,,,1890304,held=23
8.537756,BUFFER,1870,,,,1890304,held=24
8.543218,BUFFER,1871,,,,1890304,held=25
8.543524,BUFFER,1872,,,,1890304,held=26
8.543768,BUFFER,1873,,,,1890304,held=27
8.543993,BUFFER,1874,,,,1890304,held=28
8.564703,BUFFER,1875,,,,1890304,held=29
8.565085,BUFFER,1876,,,,1890304,held=30
8.565646,BUFFER,1877,,,,1890304,held=31
8.568672,BUFFER,1878,,,,1890304,held=32
8.569000,BUFFER,1879,,,,1890304,held=33
8.569303,BUFFER,1846,,,,1890304,held=34
8.569316,DELIVER,1846,,,,1891328,
8.569324,DELIVER,1847,,,,1892352,
8.569331,DELIVER,1848,,,,1893376,
8.569337,DELIVER,1849,,,,1894400,
8.569343,DELIVER,1850,,,,1895424,
8.569348,DELIVER,1851,,,,1896448,
8.569354,DELIVER,1852,,,,1897472,
8.569359,DELIVER,1853,,,,1898496,
8.569365,DELIVER,1854,,,,1899520,
8.569371,DELIVER,1855,,,,1900544,
8.569377,DELIVER,1856,,,,1901568,
8.569383,DELIVER,1857,,,,1902592,
8.569389,DELIVER,1858,,,,1903616,
8.569395,DELIVER,1859,,,,1904640,
8.569400,DELIVER,1860,,,,1905664,
8.569406,DELIVER,1861,,,,1906688,
8.569412,DELIVER,1862,,,,1907712,
8.569418,DELIVER,1863,,,,1908736,
8.569424,DELIVER,1864,,,,1909760,
8.569430,DELIVER,1865,,,,1910784,
8.569436,DELIVER,1866,,,,1911808,
8.569442,DELIVER,1867,,,,1912832,
8.569447,DELIVER,1868,,,,1913856,
8.569453,DELIVER,1869,,,,1914880,
8.569458,DELIVER,1870,,,,1915904,
8.569464,DELIVER,1871,,,,1916928,
8.569470,DELIVER,1872,,,,1917952,
8.569476,DELIVER,1873,,,,1918976,
8.569481,DELIVER,1874,,,,1920000,
8.569487,DELIVER,1875,,,,1921024,
8.569493,DELIVER,1876,,,,1922048,
8.569499,DELIVER,1877,,,,1923072,
8.569504,DELIVER,1878,,,,1924096,
8.569510,DELIVER,1879,,,,1925120,
8.590152,DUP,1846,,,,1925120,
8.592861,BUFFER,1880,,,,1925120,held=1
8.592886,DELIVER,1880,,,,1926144,
8.593179,BUFFER,1881,,,,1926144,held=1
8.593190,DELIVER,1881,,,,1927168,
8.593515,BUFFER,1882,,,,1927168,held=1
8.593528,DELIVER,1882,,,,1928192,
8.593823,BUFFER,1883,,,,1928192,held=1
8.593838,DELIVER,1883,,,,1929216,
8.594107,BUFFER,1884,,,,1929216,held=1
8.594119,DELIVER,1884,,,,1930240,
8.594391,BUFFER,1885,,,,1930240,held=1
8.594403,DELIVER,1885,,,,1931264,
8.594766,BUFFER,1886,,,,1931264,held=1
8.594788,DELIVER,1886,,,,1932288,
8.595110,BUFFER,1887,,,,1932288,held=1
8.595131,DELIVER,1887,,,,1933312,
8.595492,BUFFER,1888,,,,1933312,held=1
8.595508,DELIVER,1888,,,,1934336,
8.615729,BUFFER,1889,,,,1934336,held=1
8.615748,DELIVER,1889,,,,1935360,
8.616003,BUFFER,1890,,,,1935360,held=1
8.616011,DELIVER,1890,,,,1936384,
8.616425,BUFFER,1891,,,,1936384,held=1
8.616439,DELIVER,1891,,,,1937408,
8.616726,BUFFER,1892,,,,1937408,held=1
8.616739,DELIVER,1892,,,,1938432,
8.618868,BUFFER,1893,,,,1938432,held=1
8.618887,DELIVER,1893,,,,1939456,
8.619175,BUFFER,1894,,,,1939456,held=1
8.619191,DELIVER,1894,,,,1940480,
8.641452,DUP,1869,,,,1940480,
8.641700,DUP,1869,,,,1940480,
8.641935,BUFFER,1895,,,,1940480,held=1
8.641951,DELIVER,1895,,,,1941504,
8.642207,BUFFER,1896,,,,1941504,held=1
8.642216,DELIVER,1896,,,,1942528,
8.642478,DUP,1871,,,,1942528,
8.642722,BUFFER,1897,,,,1942528,held=1
8.642734,DELIVER,1897,,,,1943552,
8.643078,BUFFER,1898,,,,1943552,held=1
8.643103,DELIVER,1898,,,,1944576,
8.645134,BUFFER,1899,,,,1944576,held=1
8.645162,DELIVER,1899,,,,1945600,
8.645521,BUFFER,1900,,,,1945600,held=1
8.645534,DELIVER,1900,,,,1946624,
8.646049,BUFFER,1901,,,,1946624,held=1
8.646066,DELIVER,1901,,,,1947648,
8.652663,BUFFER,1903,,,,1947648,held=1
8.652692,NAK,1902,,,,1947648,
8.656649,BUFFER,1904,,,,1947648,held=2
8.666892,BUFFER,1905,,,,1947648,held=3
8.667157,BUFFER,1906,,,,1947648,held=4
8.667504,BUFFER,1907,,,,1947648,held=5
8.667742,BUFFER,1908,,,,1947648,held=6
8.692945,BUFFER,1909,,,,1947648,held=7
8.693245,BUFFER,1910,,,,1947648,held=8
8.693523,BUFFER,1911,,,,1947648,held=9
8.693779,BUFFER,1912,,,,1947648,held=10
8.694025,BUFFER,1913,,,,1947648,held=11
8.694245,BUFFER,1914,,,,1947648,held=12
8.694470,BUFFER,1915,,,,1947648,held=13
8.694696,BUFFER,1916,,,,1947648,held=14
8.697164,BUFFER,1917,,,,1947648,held=15
8.698153,BUFFER,1918,,,,1947648,held=16
8.705430,BUFFER,1920,,,,1947648,held=17
8.705468,NAK,1902,,,,1947648,
8.705485,NAK,1919,,,,1947648,
8.715563,BUFFER,1902,,,,1947648,held=18
8.715592,DELIVER,1902,,,,1948672,
8.715599,DELIVER,1903,,,,1949696,
8.715666,DELIVER,1904,,,,1950720,
8.715673,DELIVER,1905,,,,1951744,
8.715678,DELIVER,1906,,,,1952768,
8.715683,DELIVER,1907,,,,1953792,
8.715688,DELIVER,1908,,,,1954816,
8.715692,DELIVER,1909,,,,1955840,
8.715697,DELIVER,1910,,,,1956864,
8.715701,DELIVER,1911,,,,1957888,
8.715708,DELIVER,1912,,,,1958912,
8.715713,DELIVER,1913,,,,1959936,
8.715719,DELIVER,1914,,,,1960960,
8.715724,DELIVER,1915,,,,1961984,
8.715728,DELIVER,1916,,,,1963008,
8.715733,DELIVER,1917,,,,1964032,
8.715737,DELIVER,1918,,,,1965056,
8.717011,BUFFER,1921,,,,1965056,held=2
8.717770,BUFFER,1922,,,,1965056,held=3
8.734602,BUFFER,1923,,,,1965056,held=4
8.735753,BUFFER,1924,,,,1965056,held=5
8.744427,BUFFER,1925,,,,1965056,held=6
8.744681,BUFFER,1926,,,,1965056,held=7
8.744893,BUFFER,1927,,,,1965056,held=8
8.745181,BUFFER,1929,,,,1965056,held=9
8.745245,NAK,1928,,,,1965056,
8.745568,BUFFER,1930,,,,1965056,held=10
8.748404,BUFFER,1931,,,,1965056,held=11
8.748630,BUFFER,1932,,,,1965056,held=12
8.749003,BUFFER,1933,,,,1965056,held=13
8.749313,DUP,1902,,,,1965056,
8.749569,BUFFER,1934,,,,1965056,held=14
8.750057,BUFFER,1919,,,,1965056,held=15
8.750070,DELIVER,1919,,,,1966080,
8.750165,DELIVER,1920,,,,1967104,
8.750172,DELIVER,1921,,,,1968128,
8.750177,DELIVER,1922,,,,1969152,
8.750181,DELIVER,1923,,,,1970176,
8.750186,DELIVER,1924,,,,1971200,
8.750191,DELIVER,1925,,,,1972224,
8.750196,DELIVER,1926,,,,1973248,
8.750200,DELIVER,1927,,,,1974272,
8.755805,BUFFER,1935,,,,1974272,held=7
8.756061,BUFFER,1936,,,,1974272,held=8
8.778136,DUP,1919,,,,1974272,
8.779487,BUFFER,1938,,,,1974272,held=9
8.779521,NAK,1937,,,,1974272,
8.783683,BUFFER,1939,,,,1974272,held=10
8.783960,BUFFER,1940,,,,1974272,held=11
8.788781,BUFFER,1941,,,,1974272,held=12
8.789046,BUFFER,1942,,,,1974272,held=13
8.789279,BUFFER,1943,,,,1974272,held=14
8.798383,BUFFER,1944,,,,1974272,held=15
8.798424,NAK,1928,,,,1974272,
8.798705,BUFFER,1928,,,,1974272,held=16
8.798720,DELIVER,1928,,,,1975296,
8.798727,DELIVER,1929,,,,1976320,
8.798733,DELIVER,1930,,,,1977344,
8.798739,DELIVER,1931,,,,1978368,
8.798743,DELIVER,1932,,,,1979392,
8.798748,DELIVER,1933,,,,1980416,
8.798753,DELIVER,1934,,,,1981440,
8.798758,DELIVER,1935,,,,1982464,
8.798763,DELIVER,1936,,,,1983488,
8.798971,BUFFER,1945,,,,1983488,held=8
8.799232,BUFFER,1946,,,,1983488,held=9
8.799473,BUFFER,1948,,,,1983488,held=10
8.799491,NAK,1947,,,,1983488,
8.799746,BUFFER,1949,,,,1983488,held=11
8.800116,BUFFER,1950,,,,1983488,held=12
8.800353,BUFFER,1951,,,,1983488,held=13
8.805029,BUFFER,1952,,,,1983488,held=14
8.823210,DUP,1928,,,,1983488,
8.824598,BUFFER,1937,,,,1983488,held=15
8.824634,DELIVER,1937,,,,1984512,
8.824642,DELIVER,1938,,,,1985536,
8.824648,DELIVER,1939,,,,1986560,
8.824653,DELIVER,1940,,,,1987584,
8.824658,DELIVER,1941,,,,1988608,
8.824663,DELIVER,1942,,,,1989632,
8.824668,DELIVER,1943,,,,1990656,
8.824781,DELIVER,1944,,,,1991680,
8.824787,DELIVER,1945,,,,1992704,
8.824793,DELIVER,1946,,,,1993728,
8.827064,BUFFER,1953,,,,1993728,held=6
8.829509,BUFFER,1954,,,,1993728,held=7
8.829990,BUFFER,1955,,,,1993728,held=8
8.843452,BUFFER,1956,,,,1993728,held=9
8.850517,DUP,1928,,,,1993728,
8.850556,NAK,1947,,,,1993728,
8.850857,BUFFER,1957,,,,1993728,held=10
8.851177,BUFFER,1958,,,,1993728,held=11
8.851868,BUFFER,1959,,,,1993728,held=12
8.852285,BUFFER,1960,,,,1993728,held=13
8.853207,BUFFER,1947,,,,1993728,held=14
8.853232,DELIVER,1947,,,,1994752,
8.853502,DELIVER,1948,,,,1995776,
8.853513,DELIVER,1949,,,,1996800,
8.853521,DELIVER,1950,,,,1997824,
8.853527,DELIVER,1951,,,,1998848,
8.853535,DELIVER,1952,,,,1999872,
8.853541,DELIVER,1953,,,,2000896,
8.853546,DELIVER,1954,,,,2001920,
8.853552,DELIVER,1955,,,,2002944,
8.853558,DELIVER,1956,,,,2003968,
8.853564,DELIVER,1957,,,,2004992,
8.853570,DELIVER,1958,,,,2006016,
8.853576,DELIVER,1959,,,,2007040,
8.853582,DELIVER,1960,,,,2008064,
8.854431,BUFFER,1961,,,,2008064,held=1
8.854464,DELIVER,1961,,,,2009088,
8.854955,BUFFER,1962,,,,2009088,held=1
8.854971,DELIVER,1962,,,,2010112,
8.855708,BUFFER,1963,,,,2010112,held=1
8.855722,DELIVER,1963,,,,2011136,
8.855999,BUFFER,1964,,,,2011136,held=1
8.856008,DELIVER,1964,,,,2012160,
8.866314,BUFFER,1965,,,,2012160,held=1
8.866341,DELIVER,1965,,,,2013184,
8.867959,BUFFER,1967,,,,2013184,held=1
8.867990,NAK,1966,,,,2013184,
8.880866,DUP,1941,,,,2013184,
8.882172,BUFFER,1968,,,,2013184,held=2
8.882426,BUFFER,1969,,,,2013184,held=3
8.892371,DUP,1947,,,,2013184,
8.892809,BUFFER,1970,,,,2013184,held=4
8.895606,BUFFER,1971,,,,2013184,held=5
8.895867,BUFFER,1972,,,,2013184,held=6
8.896182,BUFFER,1973,,,,2013184,held=7
8.904493,BUFFER,1974,,,,2013184,held=8
8.906349,BUFFER,1976,,,,2013184,held=9
8.906381,NAK,1975,,,,2013184,
8.906645,BUFFER,1977,,,,2013184,held=10
8.906952,BUFFER,1978,,,,2013184,held=11
8.907198,BUFFER,1979,,,,2013184,held=12
8.915039,BUFFER,1980,,,,2013184,held=13
8.915624,BUFFER,1966,,,,2013184,held=14
8.915644,DELIVER,1966,,,,2014208,
8.915651,DELIVER,1967,,,,2015232,
8.915656,DELIVER,1968,,,,2016256,
8.915678,DELIVER,1969,,,,2017280,
8.915683,DELIVER,1970,,,,2018304,
8.915688,DELIVER,1971,,,,2019328,
8.915693,DELIVER,1972,,,,2020352,
8.915697,DELIVER,1973,,,,2021376,
8.915702,DELIVER,1974,,,,2022400,
8.918904,BUFFER,1981,,,,2022400,held=6
8.920905,BUFFER,1982,,,,2022400,held=7
8.933599,BUFFER,1983,,,,2022400,held=8
8.939099,BUFFER,1984,,,,2022400,held=9
8.939372,DUP,1956,,,,2022400,
8.946284,BUFFER,1985,,,,2022400,held=10
8.947548,BUFFER,1986,,,,2022400,held=11
8.948049,BUFFER,1987,,,,2022400,held=12
8.948624,DUP,1964,,,,2022400,
8.955927,BUFFER,1975,,,,2022400,held=13
8.955975,DELIVER,1975,,,,2023424,
8.955986,DELIVER,1976,,,,2024448,
8.955994,DELIVER,1977,,,,2025472,
8.955999,DELIVER,1978,,,,2026496,
8.956005,DELIVER,1979,,,,2027520,
8.956010,DELIVER,1980,,,,2028544,
8.956015,DELIVER,1981,,,,2029568,
8.956020,DELIVER,1982,,,,2030592,
8.956026,DELIVER,1983,,,,2031616,
8.956030,DELIVER,1984,,,,2032640,
8.956035,DELIVER,1985,,,,2033664,
8.956039,DELIVER,1986,,,,2034688,
8.956044,DELIVER,1987,,,,2035712,
8.956333,BUFFER,1988,,,,2035712,held=1
8.956343,DELIVER,1988,,,,2036736,
8.956613,BUFFER,1989,,,,2036736,held=1
8.956625,DELIVER,1989,,,,2037760,
8.956861,BUFFER,1990,,,,2037760,held=1
8.956873,DELIVER,1990,,,,2038784,
8.962092,BUFFER,1991,,,,2038784,held=1
8.962116,DELIVER,1991,,,,2039808,
8.962478,BUFFER,1992,,,,2039808,held=1
8.962491,DELIVER,1992,,,,2040832,
8.966034,BUFFER,1993,,,,2040832,held=1
8.966056,DELIVER,1993,,,,2041856,
8.966383,BUFFER,1994,,,,2041856,held=1
8.966415,DELIVER,1994,,,,2042880,
8.967724,BUFFER,1995,,,,2042880,held=1
8.967735,DELIVER,1995,,,,2043904,
8.967822,BUFFER,1996,,,,2043904,held=1
8.967825,DELIVER,1996,,,,2044928,
8.981778,BUFFER,1997,,,,2044928,held=1
8.981798,DELIVER,1997,,,,2045952,
8.982151,BUFFER,1998,,,,2045952,held=1
8.982164,DELIVER,1998,,,,2046976,
8.982475,DUP,1941,,,,2046976,
8.991095,BUFFER,2000,,,,2046976,held=1
8.991123,NAK,1999,,,,2046976,
8.997590,BUFFER,2001,,,,2046976,held=2
8.997927,BUFFER,2002,,,,2046976,held=3
8.998234,BUFFER,2003,,,,2046976,held=4
8.998490,BUFFER,2004,,,,2046976,held=5
9.008605,BUFFER,2005,,,,2046976,held=6
9.009012,BUFFER,2006,,,,2046976,held=7
9.009251,BUFFER,2007,,,,2046976,held=8
9.009462,BUFFER,2008,,,,2046976,held=9
9.009693,BUFFER,2009,,,,2046976,held=10
9.014456,BUFFER,2010,,,,2046976,held=11
9.017562,BUFFER,2011,,,,2046976,held=12
9.017981,DUP,1979,,,,2046976,
9.023238,BUFFER,2012,,,,2046976,held=13
9.036124,BUFFER,2013,,,,2046976,held=14
9.036429,BUFFER,2014,,,,2046976,held=15
9.036678,BUFFER,2015,,,,2046976,held=16
9.036909,BUFFER,1999,,,,2046976,held=17
9.036921,DELIVER,1999,,,,2048000,
9.036928,DELIVER,2000,,,,2049024,
9.036934,DELIVER,2001,,,,2050048,
9.036938,DELIVER,2002,,,,2051072,
9.036944,DELIVER,2003,,,,2052096,
9.036949,DELIVER,2004,,,,2053120,
9.036953,DELIVER,2005,,,,2054144,
9.036958,DELIVER,2006,,,,2055168,
9.036963,DELIVER,2007,,,,2056192,
9.036968,DELIVER,2008,,,,2057216,
9.036972,DELIVER,2009,,,,2058240,
9.036978,DELIVER,2010,,,,2059264,
9.036982,DELIVER,2011,,,,2060288,
9.036987,DELIVER,2012,,,,2061312,
9.036992,DELIVER,2013,,,,2062336,
9.036997,DELIVER,2014,,,,2063360,
9.037001,DELIVER,2015,,,,2064384,
9.041028,DUP,1979,,,,2064384,
9.041435,BUFFER,2016,,,,2064384,held=1
9.041462,DELIVER,2016,,,,2065408,
9.049362,BUFFER,2017,,,,2065408,held=1
9.049395,DELIVER,2017,,,,2066432,
9.056613,DUP,1989,,,,2066432,
9.057472,BUFFER,2019,,,,2066432,held=1
9.057519,NAK,2018,,,,2066432,
9.061464,BUFFER,2020,,,,2066432,held=2
9.061971,BUFFER,2021,,,,2066432,held=3
9.062637,BUFFER,2022,,,,2066432,held=4
9.065112,BUFFER,2023,,,,2066432,held=5
9.067566,BUFFER,2024,,,,2066432,held=6
9.078581,BUFFER,2025,,,,2066432,held=7
9.079119,DUP,1989,,,,2066432,
9.079562,BUFFER,2026,,,,2066432,held=8
9.080034,BUFFER,2027,,,,2066432,held=9
9.085365,BUFFER,2028,,,,2066432,held=10
9.089970,BUFFER,2029,,,,2066432,held=11
9.096279,BUFFER,2030,,,,2066432,held=12
9.096475,BUFFER,2031,,,,2066432,held=13
9.099251,DUP,2001,,,,2066432,
9.107509,BUFFER,2018,,,,2066432,held=14
9.107528,DELIVER,2018,,,,2067456,
9.107536,DELIVER,2019,,,,2068480,
9.107544,DELIVER,2020,,,,2069504,
9.107552,DELIVER,2021,,,,2070528,
9.107559,DELIVER,2022,,,,2071552,
9.107564,DELIVER,2023,,,,2072576,
9.107570,DELIVER,2024,,,,2073600,
9.107576,DELIVER,2025,,,,2074624,
9.107582,DELIVER,2026,,,,2075648,
9.107588,DELIVER,2027,,,,2076672,
9.107594,DELIVER,2028,,,,2077696,
9.107600,DELIVER,2029,,,,2078720,
9.107606,DELIVER,2030,,,,2079744,
9.107611,DELIVER,2031,,,,2080768,
9.107874,DUP,2001,,,,2080768,
9.108134,BUFFER,2032,,,,2080768,held=1
9.108142,DELIVER,2032,,,,2081792,
9.108396,BUFFER,2033,,,,2081792,held=1
9.108403,DELIVER,2033,,,,2082816,
9.108654,BUFFER,2035,,,,2082816,held=1
9.108673,NAK,2034,,,,2082816,
9.108927,BUFFER,2036,,,,2082816,held=2
9.109182,BUFFER,2037,,,,2082816,held=3
9.117771,BUFFER,2038,,,,2082816,held=4
9.118070,DUP,2007,,,,2082816,
9.129525,BUFFER,2039,,,,2082816,held=5
9.129859,BUFFER,2040,,,,2082816,held=6
9.130115,BUFFER,2041,,,,2082816,held=7
9.130577,DUP,2011,,,,2082816,
9.130908,BUFFER,2042,,,,2082816,held=8
9.138288,BUFFER,2043,,,,2082816,held=9
9.144438,BUFFER,2044,,,,2082816,held=10
9.144760,BUFFER,2045,,,,2082816,held=11
9.145060,BUFFER,2046,,,,2082816,held=12
9.145408,BUFFER,2047,,,,2082816,held=13
9.146903,DUP,2007,,,,2082816,
9.156439,BUFFER,2034,,,,2082816,held=14
9.156461,DELIVER,2034,,,,2083840,
9.156472,DELIVER,2035,,,,2084864,
9.156480,DELIVER,2036,,,,2085888,
9.156486,DELIVER,2037,,,,2086912,
9.156492,DELIVER,2038,,,,2087936,
9.156498,DELIVER,2039,,,,2088960,
9.156504,DELIVER,2040,,,,2089984,
9.156510,DELIVER,2041,,,,2091008,
9.156516,DELIVER,2042,,,,2092032,
9.156522,DELIVER,2043,,,,2093056,
9.156528,DELIVER,2044,,,,2094080,
9.156536,DELIVER,2045,,,,2095104,
9.156542,DELIVER,2046,,,,2096128,
9.156547,DELIVER,2047,,,,2097152,
9.172398,DUP,2011,,,,2097152,
9.195354,DUP,2034,,,,2097152,
9.200992,FIN,2048,,,,2097152,"all data delivered, acking FIN"
