t,event,seq,cwnd,srtt_ms,rto_ms,bytes_acked,info
0.000850,SEND,0,4.000,,1000.000,0,
0.000937,SEND,1,4.000,,1000.000,0,
0.001017,SEND,2,4.000,,1000.000,0,
0.001091,SEND,3,4.000,,1000.000,0,
0.001099,STATS,-1,4.000,,1000.000,0,base=0 next=4 inflight=4
0.046184,ACK,0,4.250,45.315,135.945,1024,base=1
0.046424,SEND,4,4.250,45.315,135.945,1024,
0.053029,ACK,1,4.485,46.161,120.899,2048,base=2
0.053057,ACK,2,4.708,46.895,108.822,3072,base=3
0.053074,ACK,3,4.921,47.531,100.000,4096,base=4
0.054057,SEND,5,4.921,47.531,100.000,4096,
0.054141,SEND,6,4.921,47.531,100.000,4096,
0.054222,SEND,7,4.921,47.531,100.000,4096,
0.101953,STATS,-1,4.921,47.531,100.000,4096,base=4 next=8 inflight=4
0.102122,ACK,5,5.124,47.597,100.000,5120,base=4
0.102146,NAK,4,5.124,,,5120,
0.102261,RETX,4,4.555,47.597,100.000,5120,retx#1
0.102309,ACK,6,4.774,47.667,100.000,6144,base=4
0.104566,SEND,8,4.774,47.667,100.000,6144,
0.104650,SEND,9,4.774,47.667,100.000,6144,
0.105241,ACK,7,4.984,48.085,100.000,7168,base=4
0.105331,RETX,4,4.984,48.085,100.000,7168,retx#2
0.107249,SEND,10,4.984,48.085,100.000,7168,
0.148974,ACK,4,5.184,48.085,100.000,8192,base=8
0.149009,ACK,8,5.377,47.629,100.000,9216,base=9
0.149755,SEND,11,5.377,47.629,100.000,9216,
0.149870,SEND,12,5.377,47.629,100.000,9216,
0.149982,SEND,13,5.377,47.629,100.000,9216,
0.153295,ACK,9,5.563,47.756,100.000,10240,base=10
0.153316,DUPACK,4,5.563,,,10240,
0.155130,SEND,14,5.563,47.756,100.000,10240,
0.194997,ACK,11,5.743,47.438,100.000,11264,base=10
0.195148,ACK,12,5.917,47.167,100.000,12288,base=10
0.195194,ACK,13,6.086,46.922,100.000,13312,base=10
0.195498,RETX,10,5.410,46.922,100.000,13312,retx#1
0.195835,SEND,15,5.410,46.922,100.000,13312,
0.196163,SEND,16,5.410,46.922,100.000,13312,
0.196391,SEND,17,5.410,46.922,100.000,13312,
0.197322,ACK,14,5.595,46.328,100.000,14336,base=10
0.199372,SEND,18,5.595,46.328,100.000,14336,
0.202036,STATS,-1,5.595,46.328,100.000,14336,base=10 next=19 inflight=5
0.240511,ACK,10,5.773,46.328,100.000,15360,base=15
0.240588,ACK,15,5.947,46.130,100.000,16384,base=16
0.242006,SEND,19,5.947,46.130,100.000,16384,
0.242527,SEND,20,5.947,46.130,100.000,16384,
0.248342,ACK,16,6.115,46.882,100.000,17408,base=17
0.248419,ACK,17,6.278,47.525,100.000,18432,base=18
0.250490,SEND,21,6.278,47.525,100.000,18432,
0.250681,SEND,22,6.278,47.525,100.000,18432,
0.250859,SEND,23,6.278,47.525,100.000,18432,
0.285695,ACK,19,6.438,47.043,100.000,19456,base=18
0.288119,SEND,24,6.438,47.043,100.000,19456,
0.298573,ACK,20,6.593,48.167,100.000,20480,base=18
0.298607,ACK,21,6.745,48.161,100.000,21504,base=18
0.298734,RETX,18,5.995,48.161,100.000,21504,retx#1
0.298775,ACK,22,6.162,48.152,100.000,22528,base=18
0.303145,SEND,25,6.162,48.152,100.000,22528,
0.303397,SEND,26,6.162,48.152,100.000,22528,
0.303536,SEND,27,6.162,48.152,100.000,22528,
0.303550,STATS,-1,6.162,48.152,100.000,22528,base=18 next=28 inflight=6
0.304309,ACK,23,6.324,48.814,100.000,23552,base=18
0.306465,SEND,28,6.324,48.814,100.000,23552,
0.325620,ACK,24,6.482,47.398,100.000,24576,base=18
0.326666,SEND,29,6.482,47.398,100.000,24576,
0.342409,ACK,18,6.637,47.398,100.000,25600,base=25
0.342453,ACK,25,6.787,46.386,100.000,26624,base=26
0.344137,SEND,30,6.787,46.386,100.000,26624,
0.344251,SEND,31,6.787,46.386,100.000,26624,
0.347790,ACK,26,6.935,46.136,100.000,27648,base=27
0.348378,ACK,27,7.079,45.974,100.000,28672,base=28
0.349444,SEND,32,7.079,45.974,100.000,28672,
0.349594,SEND,33,7.079,45.974,100.000,28672,
0.349741,SEND,34,7.079,45.974,100.000,28672,
0.350258,ACK,28,7.220,45.700,100.000,29696,base=29
0.352419,SEND,35,7.220,45.700,100.000,29696,
0.363000,ACK,29,7.359,44.527,100.000,30720,base=30
0.365199,SEND,36,7.359,44.527,100.000,30720,
0.385583,ACK,30,7.495,44.141,100.000,31744,base=31
0.388091,SEND,37,7.495,44.141,100.000,31744,
0.388310,ACK,31,7.628,44.129,100.000,32768,base=32
0.390854,SEND,38,7.628,44.129,100.000,32768,
0.394993,ACK,32,7.759,44.304,100.000,33792,base=33
0.396832,SEND,39,7.759,44.304,100.000,33792,
0.400098,ACK,33,7.888,45.076,100.000,34816,base=34
0.400160,ACK,34,8.015,45.743,100.000,35840,base=35
0.400263,ACK,35,8.139,46.005,100.000,36864,base=36
0.401439,SEND,40,8.139,46.005,100.000,36864,
0.401659,SEND,41,8.139,46.005,100.000,36864,
0.401843,SEND,42,8.139,46.005,100.000,36864,
0.402015,SEND,43,8.139,46.005,100.000,36864,
0.403345,ACK,36,8.262,45.019,100.000,37888,base=37
0.404888,SEND,44,8.262,45.019,100.000,37888,
0.404922,STATS,-1,8.262,45.019,100.000,37888,base=37 next=45 inflight=8
0.429724,ACK,37,8.383,44.575,100.000,38912,base=38
0.431513,ACK,38,8.503,44.083,100.000,39936,base=39
0.432073,SEND,45,8.503,44.083,100.000,39936,
0.432257,SEND,46,8.503,44.083,100.000,39936,
0.434299,ACK,39,8.620,43.254,100.000,40960,base=40
0.435021,SEND,47,8.620,43.254,100.000,40960,
0.446372,ACK,40,8.736,43.461,100.000,41984,base=41
0.448180,SEND,48,8.736,43.461,100.000,41984,
0.452977,ACK,41,8.851,44.440,100.000,43008,base=42
0.453031,ACK,42,8.964,45.283,100.000,44032,base=43
0.453070,ACK,43,9.075,46.004,100.000,45056,base=44
0.453103,ACK,44,9.185,46.280,100.000,46080,base=45
0.453516,SEND,49,9.185,46.280,100.000,46080,
0.453697,SEND,50,9.185,46.280,100.000,46080,
0.453867,SEND,51,9.185,46.280,100.000,46080,
0.454040,SEND,52,9.185,46.280,100.000,46080,
0.454211,SEND,53,9.185,46.280,100.000,46080,
0.484713,ACK,45,9.294,47.072,100.000,47104,base=46
0.485729,SEND,54,9.294,47.072,100.000,47104,
0.486231,ACK,46,9.402,47.927,100.000,48128,base=47
0.486305,ACK,47,9.508,48.346,100.000,49152,base=48
0.488418,SEND,55,9.508,48.346,100.000,49152,
0.488532,SEND,56,9.508,48.346,100.000,49152,
0.504000,ACK,48,9.613,49.279,100.000,50176,base=49
0.504044,ACK,49,9.717,49.435,100.000,51200,base=50
0.504072,ACK,50,9.820,49.552,100.000,52224,base=51
0.504097,ACK,51,9.922,49.636,100.000,53248,base=52
0.506377,SEND,57,9.922,49.636,100.000,53248,
0.506585,SEND,58,9.922,49.636,100.000,53248,
0.506805,SEND,59,9.922,49.636,100.000,53248,
0.507013,SEND,60,9.922,49.636,100.000,53248,
0.507027,STATS,-1,9.922,49.636,100.000,53248,base=52 next=61 inflight=9
0.511490,ACK,52,10.023,50.611,100.000,54272,base=53
0.511541,ACK,53,10.123,51.451,100.000,55296,base=54
0.512321,SEND,61,10.123,51.451,100.000,55296,
0.512556,SEND,62,10.123,51.451,100.000,55296,
0.512784,SEND,63,10.123,51.451,100.000,55296,
0.535292,ACK,54,10.222,51.214,100.000,56320,base=55
0.535328,ACK,55,10.319,50.676,100.000,57344,base=56
0.535356,ACK,56,10.416,50.194,100.000,58368,base=57
0.535577,SEND,64,10.416,50.194,100.000,58368,
0.535765,SEND,65,10.416,50.194,100.000,58368,
0.535944,SEND,66,10.416,50.194,100.000,58368,
0.565830,ACK,57,10.512,51.348,100.000,59392,base=58
0.565895,ACK,58,10.607,52.342,100.000,60416,base=59
0.566135,ACK,59,10.702,53.215,100.000,61440,base=60
0.566170,ACK,60,10.795,53.957,100.000,62464,base=61
0.566262,ACK,61,10.888,53.948,100.000,63488,base=62
0.566298,ACK,62,10.980,53.922,100.000,64512,base=63
0.566331,ACK,63,11.071,53.874,100.000,65536,base=64
0.568094,SEND,67,11.071,53.874,100.000,65536,
0.568285,SEND,68,11.071,53.874,100.000,65536,
0.568485,SEND,69,11.071,53.874,100.000,65536,
0.568708,SEND,70,11.071,53.874,100.000,65536,
0.568936,SEND,71,11.071,53.874,100.000,65536,
0.569115,SEND,72,11.071,53.874,100.000,65536,
0.569290,SEND,73,11.071,53.874,100.000,65536,
0.569492,SEND,74,11.071,53.874,100.000,65536,
0.587590,ACK,64,11.161,53.638,100.000,66560,base=65
0.589769,SEND,75,11.161,53.638,100.000,66560,
0.590273,ACK,65,11.251,53.744,100.000,67584,base=66
0.590919,ACK,66,11.340,53.895,100.000,68608,base=67
0.593165,SEND,76,11.340,53.895,100.000,68608,
0.593399,SEND,77,11.340,53.895,100.000,68608,
0.607085,ACK,67,11.428,52.030,100.000,69632,base=68
0.609756,SEND,78,11.428,52.030,100.000,69632,
0.609805,STATS,-1,11.428,52.030,100.000,69632,base=68 next=79 inflight=11
0.611113,ACK,68,11.515,50.877,100.000,70656,base=69
0.612380,SEND,79,11.515,50.877,100.000,70656,
0.615421,ACK,69,11.602,50.381,100.000,71680,base=70
0.617774,SEND,80,11.602,50.381,100.000,71680,
0.620527,ACK,70,11.688,50.558,100.000,72704,base=71
0.620604,ACK,74,11.774,50.625,100.000,73728,base=71
0.623246,SEND,81,11.774,50.625,100.000,73728,
0.623454,SEND,82,11.774,50.625,100.000,73728,
0.639671,ACK,75,11.859,50.532,100.000,74752,base=71
0.639731,ACK,76,11.943,50.037,100.000,75776,base=71
0.639940,RETX,71,10.616,50.037,100.000,75776,retx#1
0.639985,ACK,77,10.710,49.605,100.000,76800,base=71
0.642170,SEND,83,10.710,49.605,100.000,76800,
0.642405,SEND,84,10.710,49.605,100.000,76800,
0.657708,ACK,79,10.804,49.068,100.000,77824,base=71
0.658174,SEND,85,10.804,49.068,100.000,77824,
0.662365,ACK,81,10.896,47.822,100.000,78848,base=71
0.663366,SEND,86,10.896,47.822,100.000,78848,
0.666485,ACK,82,10.988,47.221,100.000,79872,base=71
0.666843,NAK,72,10.988,,,79872,
0.667055,RETX,72,10.988,47.221,100.000,79872,retx#1
0.668727,SEND,87,10.988,47.221,100.000,79872,
0.671331,TIMEOUT,73,10.988,47.221,200.000,79872,
0.671583,RETX,73,10.988,47.221,200.000,79872,retx#1
0.684645,ACK,71,11.079,47.221,200.000,80896,base=72
0.687132,SEND,88,11.079,47.221,200.000,80896,
0.687576,SEND,89,11.079,47.221,200.000,80896,
0.688401,ACK,83,11.169,47.088,100.000,81920,base=72
0.690407,SEND,90,11.169,47.088,100.000,81920,
0.691722,ACK,84,11.259,47.364,100.000,82944,base=72
0.693609,SEND,91,11.259,47.364,100.000,82944,
0.701617,ACK,85,11.348,46.871,100.000,83968,base=72
0.701879,RETX,72,11.348,46.871,100.000,83968,retx#2
0.704108,SEND,92,11.348,46.871,100.000,83968,
0.705145,ACK,86,11.436,46.233,100.000,84992,base=72
0.706948,SEND,93,11.436,46.233,100.000,84992,
0.712116,TIMEOUT,78,11.436,46.233,200.000,84992,
0.712566,RETX,78,11.436,46.233,200.000,84992,retx#1
0.712588,STATS,-1,11.436,46.233,200.000,84992,base=72 next=94 inflight=11
0.715481,ACK,87,11.523,46.295,100.000,86016,base=72
0.715692,ACK,73,11.610,46.295,100.000,87040,base=72
0.718098,SEND,94,11.610,46.295,100.000,87040,
0.718280,SEND,95,11.610,46.295,100.000,87040,
0.718297,TIMEOUT,80,11.610,46.295,200.000,87040,
0.718471,RETX,80,11.610,46.295,200.000,87040,retx#1
0.729883,ACK,88,11.696,45.849,100.000,88064,base=72
0.731035,SEND,96,11.696,45.849,100.000,88064,
0.731484,ACK,89,11.782,45.605,100.000,89088,base=72
0.733827,SEND,97,11.782,45.605,100.000,89088,
0.735957,ACK,90,11.866,45.596,100.000,90112,base=72
0.736528,SEND,98,11.866,45.596,100.000,90112,
0.742191,ACK,91,11.951,45.967,100.000,91136,base=72
0.744581,SEND,99,11.951,45.967,100.000,91136,
0.756472,ACK,72,12.034,45.967,100.000,92160,base=78
0.756538,ACK,92,12.117,46.774,100.000,93184,base=78
0.756576,ACK,93,12.200,47.130,100.000,94208,base=78
0.757581,SEND,100,12.200,47.130,100.000,94208,
0.757768,SEND,101,12.200,47.130,100.000,94208,
0.757940,SEND,102,12.200,47.130,100.000,94208,
0.758109,SEND,103,12.200,47.130,100.000,94208,
0.767080,ACK,94,12.282,47.359,100.000,95232,base=78
0.767332,RETX,78,12.282,47.359,100.000,95232,retx#2
0.767439,ACK,95,12.363,47.583,100.000,96256,base=78
0.768950,SEND,104,12.363,47.583,100.000,96256,
0.769161,SEND,105,12.363,47.583,100.000,96256,
0.769288,ACK,80,12.444,47.583,100.000,97280,base=78
0.771966,SEND,106,12.444,47.583,100.000,97280,
0.777529,ACK,96,12.525,47.444,100.000,98304,base=78
0.777603,ACK,97,12.604,46.986,100.000,99328,base=78
0.780032,SEND,107,12.604,46.986,100.000,99328,
0.780316,SEND,108,12.604,46.986,100.000,99328,
0.780997,ACK,98,12.684,46.669,100.000,100352,base=78
0.781054,ACK,99,12.763,45.394,100.000,101376,base=78
0.782708,SEND,109,12.763,45.394,100.000,101376,
0.782895,SEND,110,12.763,45.394,100.000,101376,
0.799443,ACK,102,12.841,44.905,100.000,102400,base=78
0.801019,SEND,111,12.841,44.905,100.000,102400,
0.805848,ACK,103,12.919,45.256,100.000,103424,base=78
0.806385,SEND,112,12.919,45.256,100.000,103424,
0.808104,ACK,78,12.996,45.256,100.000,104448,base=100
0.809276,SEND,113,12.996,45.256,100.000,104448,
0.814600,STATS,-1,12.996,45.256,100.000,104448,base=100 next=114 inflight=12
0.817568,ACK,104,13.073,45.674,100.000,105472,base=100
0.819695,SEND,114,13.073,45.674,100.000,105472,
0.819888,SEND,115,13.073,45.674,100.000,105472,
0.820016,ACK,105,13.150,46.320,100.000,106496,base=100
0.822611,SEND,116,13.150,46.320,100.000,106496,
0.826858,ACK,106,13.226,47.387,100.000,107520,base=100
0.827316,RETX,100,11.756,47.387,100.000,107520,retx#1
0.831148,ACK,107,11.841,47.851,100.000,108544,base=100
0.831234,ACK,108,11.926,48.233,100.000,109568,base=100
0.832732,SEND,117,11.926,48.233,100.000,109568,
0.833136,ACK,109,12.010,48.506,100.000,110592,base=100
0.833197,ACK,110,12.093,48.730,100.000,111616,base=100
0.835541,SEND,118,12.093,48.730,100.000,111616,
0.835734,SEND,119,12.093,48.730,100.000,111616,
0.835907,SEND,120,12.093,48.730,100.000,111616,
0.848891,ACK,112,12.176,47.949,100.000,112640,base=100
0.848951,NAK,111,12.176,,,112640,
0.849166,RETX,111,12.176,47.949,100.000,112640,retx#1
0.849238,ACK,113,12.258,46.951,100.000,113664,base=100
0.850260,SEND,121,12.258,46.951,100.000,113664,
0.850446,SEND,122,12.258,46.951,100.000,113664,
0.858225,TIMEOUT,101,12.258,46.951,200.000,113664,
0.858728,RETX,101,12.258,46.951,200.000,113664,retx#1
0.866181,ACK,114,12.339,46.890,100.000,114688,base=100
0.866261,ACK,115,12.420,46.824,100.000,115712,base=100
0.866316,ACK,116,12.501,46.434,100.000,116736,base=100
0.866368,ACK,100,12.581,46.434,100.000,117760,base=101
0.867759,SEND,123,12.581,46.434,100.000,117760,
0.868037,SEND,124,12.581,46.434,100.000,117760,
0.868300,SEND,125,12.581,46.434,100.000,117760,
0.868557,SEND,126,12.581,46.434,100.000,117760,
0.880846,ACK,118,12.660,46.291,100.000,118784,base=101
0.884067,SEND,127,12.660,46.291,100.000,118784,
0.884366,ACK,119,12.739,46.581,100.000,119808,base=101
0.885814,ACK,120,12.818,46.995,100.000,120832,base=101
0.886148,RETX,101,12.818,46.995,100.000,120832,retx#2
0.887240,SEND,128,12.818,46.995,100.000,120832,
0.887451,SEND,129,12.818,46.995,100.000,120832,
0.891739,ACK,111,12.896,46.995,100.000,121856,base=101
0.893075,SEND,130,12.896,46.995,100.000,121856,
0.894710,ACK,121,12.973,46.671,100.000,122880,base=101
0.895736,SEND,131,12.973,46.671,100.000,122880,
0.902045,ACK,122,13.050,47.284,100.000,123904,base=101
0.902122,ACK,101,13.127,47.284,100.000,124928,base=117
0.902159,ACK,123,13.203,45.673,100.000,125952,base=117
0.903651,SEND,132,13.203,45.673,100.000,125952,
0.903841,SEND,133,13.203,45.673,100.000,125952,
0.904017,SEND,134,13.203,45.673,100.000,125952,
0.904235,SEND,135,13.203,45.673,100.000,125952,
0.913238,ACK,124,13.279,45.611,100.000,126976,base=117
0.913315,ACK,125,13.354,45.536,100.000,128000,base=117
0.913537,RETX,117,11.870,45.536,100.000,128000,retx#1
0.916449,STATS,-1,11.870,45.536,100.000,128000,base=117 next=136 inflight=11
0.923216,ACK,127,11.955,44.734,100.000,129024,base=117
0.924070,SEND,136,11.955,44.734,100.000,129024,
0.930534,NAK,126,11.955,,,129024,
0.930783,RETX,126,11.955,44.734,100.000,129024,retx#1
0.932759,DUPACK,101,11.955,,,129024,
0.932836,ACK,128,12.038,44.841,100.000,130048,base=117
0.934476,SEND,137,12.038,44.841,100.000,130048,
0.934664,SEND,138,12.038,44.841,100.000,130048,
0.939320,ACK,130,12.121,45.014,100.000,131072,base=117
0.940007,SEND,139,12.121,45.014,100.000,131072,
0.941879,ACK,132,12.204,44.161,100.000,132096,base=117
0.941947,ACK,133,12.286,43.404,100.000,133120,base=117
0.942501,SEND,140,12.286,43.404,100.000,133120,
0.942683,SEND,141,12.286,43.404,100.000,133120,
0.945092,ACK,134,12.367,43.110,100.000,134144,base=117
0.946917,ACK,135,12.448,43.053,100.000,135168,base=117
0.947571,SEND,142,12.448,43.053,100.000,135168,
0.947800,SEND,143,12.448,43.053,100.000,135168,
0.960640,ACK,117,12.528,43.053,100.000,136192,base=126
0.963320,SEND,144,12.528,43.053,100.000,136192,
0.974591,ACK,136,12.608,43.984,100.000,137216,base=126
0.974673,ACK,126,12.688,43.984,100.000,138240,base=129
0.976371,SEND,145,12.688,43.984,100.000,138240,
0.976765,SEND,146,12.688,43.984,100.000,138240,
0.977291,ACK,137,12.766,43.836,100.000,139264,base=129
0.977353,ACK,138,12.845,43.692,100.000,140288,base=129
0.979595,SEND,147,12.845,43.692,100.000,140288,
0.979933,SEND,148,12.845,43.692,100.000,140288,
0.981573,ACK,139,12.923,43.424,100.000,141312,base=129
0.981794,RETX,129,12.923,43.424,100.000,141312,retx#1
0.982750,SEND,149,12.923,43.424,100.000,141312,
0.990409,ACK,140,13.000,43.981,100.000,142336,base=129
0.990488,ACK,141,13.077,44.458,100.000,143360,base=129
0.990830,SEND,150,13.077,44.458,100.000,143360,
0.991114,SEND,151,13.077,44.458,100.000,143360,
0.991382,SEND,152,13.077,44.458,100.000,143360,
0.993797,ACK,142,13.153,44.676,100.000,144384,base=129
0.994143,SEND,153,13.153,44.676,100.000,144384,
0.996162,TIMEOUT,131,13.153,44.676,200.000,144384,
0.996382,RETX,131,13.153,44.676,200.000,144384,retx#1
0.998266,ACK,143,13.229,45.397,100.000,145408,base=129
0.999067,SEND,154,13.229,45.397,100.000,145408,
1.012332,ACK,144,13.305,45.847,100.000,146432,base=129
1.014590,SEND,155,13.305,45.847,100.000,146432,
1.016933,STATS,-1,13.305,45.847,100.000,146432,base=129 next=156 inflight=13
1.019184,ACK,145,13.380,45.460,100.000,147456,base=129
1.019545,SEND,156,13.380,45.460,100.000,147456,
1.029440,ACK,147,13.455,46.004,100.000,148480,base=129
1.030683,ACK,148,13.529,46.595,100.000,149504,base=129
1.031325,ACK,129,13.603,46.595,100.000,150528,base=131
1.031959,SEND,157,13.603,46.595,100.000,150528,
1.032270,SEND,158,13.603,46.595,100.000,150528,
1.032700,SEND,159,13.603,46.595,100.000,150528,
1.032822,ACK,149,13.677,47.027,100.000,151552,base=131
1.032974,ACK,150,13.750,46.416,100.000,152576,base=131
1.035529,SEND,160,13.750,46.416,100.000,152576,
1.035823,SEND,161,13.750,46.416,100.000,152576,
1.040439,ACK,151,13.822,46.776,100.000,153600,base=131
1.040727,RETX,131,13.822,46.776,100.000,153600,retx#2
1.040967,SEND,162,13.822,46.776,100.000,153600,
1.041085,ACK,152,13.895,47.141,100.000,154624,base=131
1.041141,ACK,153,13.967,47.122,100.000,155648,base=131
1.041244,ACK,131,14.038,47.122,100.000,156672,base=146
1.041295,ACK,154,14.110,46.510,100.000,157696,base=146
1.043760,SEND,163,14.110,46.510,100.000,157696,
1.043988,SEND,164,14.110,46.510,100.000,157696,
1.044268,SEND,165,14.110,46.510,100.000,157696,
1.044546,SEND,166,14.110,46.510,100.000,157696,
1.044770,SEND,167,14.110,46.510,100.000,157696,
1.054908,ACK,155,14.181,45.724,100.000,158720,base=146
1.056456,SEND,168,14.181,45.724,100.000,158720,
1.057845,ACK,156,14.251,44.794,100.000,159744,base=146
1.058167,RETX,146,12.668,44.794,100.000,159744,retx#1
1.079684,ACK,158,12.747,45.117,100.000,160768,base=146
1.079840,ACK,159,12.825,45.369,100.000,161792,base=146
1.081178,SEND,169,12.825,45.369,100.000,161792,
1.083808,ACK,160,12.903,45.731,100.000,162816,base=146
1.084402,ACK,161,12.980,46.086,100.000,163840,base=146
1.084453,DUPACK,131,12.980,,,163840,
1.084495,ACK,162,13.057,45.765,100.000,164864,base=146
1.084538,ACK,163,13.134,45.142,100.000,165888,base=146
1.085984,SEND,170,13.134,45.142,100.000,165888,
1.086352,SEND,171,13.134,45.142,100.000,165888,
1.086591,SEND,172,13.134,45.142,100.000,165888,
1.087010,SEND,173,13.134,45.142,100.000,165888,
1.087235,SEND,174,13.134,45.142,100.000,165888,
1.087406,ACK,164,13.210,44.924,100.000,166912,base=146
1.089857,SEND,175,13.210,44.924,100.000,166912,
1.090031,ACK,165,13.286,45.027,100.000,167936,base=146
1.091787,ACK,166,13.361,45.301,100.000,168960,base=146
1.092808,SEND,176,13.361,45.301,100.000,168960,
1.093141,SEND,177,13.361,45.301,100.000,168960,
1.103604,ACK,168,13.436,45.528,100.000,169984,base=146
1.103736,ACK,146,13.510,45.528,100.000,171008,base=157
1.105686,SEND,178,13.510,45.528,100.000,171008,
1.106079,SEND,179,13.510,45.528,100.000,171008,
1.118208,STATS,-1,13.510,45.528,100.000,171008,base=157 next=180 inflight=13
1.130083,ACK,169,13.584,45.947,100.000,172032,base=157
1.131114,SEND,180,13.584,45.947,100.000,172032,
1.132755,ACK,170,13.658,46.048,100.000,173056,base=157
1.133887,SEND,181,13.658,46.048,100.000,173056,
1.133920,TIMEOUT,157,13.658,46.048,200.000,173056,
1.134239,RETX,157,13.658,46.048,200.000,173056,retx#1
1.135957,ACK,171,13.731,46.490,100.000,174080,base=157
1.136277,RETX,157,13.731,46.490,100.000,174080,retx#2
1.136559,ACK,172,13.804,46.923,100.000,175104,base=157
1.136618,ACK,173,13.877,47.258,100.000,176128,base=157
1.136673,ACK,174,13.949,47.530,100.000,177152,base=157
1.136725,ACK,175,14.020,47.447,100.000,178176,base=157
1.136778,ACK,176,14.092,47.012,100.000,179200,base=157
1.137090,SEND,182,14.092,47.012,100.000,179200,
1.137371,SEND,183,14.092,47.012,100.000,179200,
1.137648,SEND,184,14.092,47.012,100.000,179200,
1.137995,SEND,185,14.092,47.012,100.000,179200,
1.138295,SEND,186,14.092,47.012,100.000,179200,
1.138697,SEND,187,14.092,47.012,100.000,179200,
1.138920,SEND,188,14.092,47.012,100.000,179200,
1.139098,ACK,177,14.163,46.877,100.000,180224,base=157
1.141294,SEND,189,14.163,46.877,100.000,180224,
1.145836,TIMEOUT,167,14.163,46.877,200.000,180224,
1.146109,RETX,167,14.163,46.877,200.000,180224,retx#1
1.151385,ACK,178,14.233,46.728,100.000,181248,base=157
1.151613,ACK,179,14.303,46.577,100.000,182272,base=157
1.154078,SEND,190,14.303,46.577,100.000,182272,
1.154272,SEND,191,14.303,46.577,100.000,182272,
1.165732,ACK,180,14.373,45.080,100.000,183296,base=157
1.167734,SEND,192,14.373,45.080,100.000,183296,
1.174278,ACK,181,14.443,44.490,100.000,184320,base=157
1.174931,SEND,193,14.443,44.490,100.000,184320,
1.183494,ACK,157,14.512,44.490,100.000,185344,base=167
1.183641,DUPACK,157,14.512,,,185344,
1.184718,SEND,194,14.512,44.490,100.000,185344,
1.186347,ACK,182,14.581,45.083,100.000,186368,base=167
1.186427,ACK,183,14.650,45.579,100.000,187392,base=167
1.186481,ACK,184,14.718,45.985,100.000,188416,base=167
1.186790,RETX,167,14.718,45.985,100.000,188416,retx#2
1.187345,SEND,195,14.718,45.985,100.000,188416,
1.187767,SEND,196,14.718,45.985,100.000,188416,
1.188110,SEND,197,14.718,45.985,100.000,188416,
1.188344,ACK,185,14.786,46.529,100.000,189440,base=167
1.188440,ACK,186,14.854,46.980,100.000,190464,base=167
1.189135,ACK,187,14.921,47.410,100.000,191488,base=167
1.189206,ACK,188,14.988,47.768,100.000,192512,base=167
1.190761,SEND,198,14.988,47.768,100.000,192512,
1.191039,SEND,199,14.988,47.768,100.000,192512,
1.191302,SEND,200,14.988,47.768,100.000,192512,
1.191658,SEND,201,14.988,47.768,100.000,192512,
1.191825,ACK,189,15.055,48.111,100.000,193536,base=167
1.191909,ACK,167,15.121,48.111,100.000,194560,base=190
1.194430,SEND,202,15.121,48.111,100.000,194560,
1.194820,SEND,203,15.121,48.111,100.000,194560,
1.195251,SEND,204,15.121,48.111,100.000,194560,
1.199126,ACK,190,15.187,47.725,100.000,195584,base=191
1.199227,ACK,191,15.253,47.377,100.000,196608,base=192
1.199894,SEND,205,15.253,47.377,100.000,196608,
1.200170,SEND,206,15.253,47.377,100.000,196608,
1.201875,ACK,192,15.319,45.720,100.000,197632,base=193
1.202656,SEND,207,15.319,45.720,100.000,197632,
1.218281,STATS,-1,15.319,45.720,100.000,197632,base=193 next=208 inflight=15
1.220944,ACK,193,15.384,45.754,100.000,198656,base=194
1.222821,SEND,208,15.384,45.754,100.000,198656,
1.229868,ACK,194,15.449,45.676,100.000,199680,base=195
1.231923,SEND,209,15.449,45.676,100.000,199680,
1.236502,DUPACK,167,15.449,,,199680,
1.236610,ACK,195,15.514,46.122,100.000,200704,base=196
1.236659,ACK,196,15.578,46.469,100.000,201728,base=197
1.236695,ACK,198,15.642,46.402,100.000,202752,base=197
1.238274,SEND,210,15.642,46.402,100.000,202752,
1.238546,SEND,211,15.642,46.402,100.000,202752,
1.238730,SEND,212,15.642,46.402,100.000,202752,
1.241344,NAK,197,15.642,,,202752,
1.241610,RETX,197,13.904,46.402,100.000,202752,retx#1
1.241821,ACK,199,13.976,46.947,100.000,203776,base=197
1.241957,ACK,200,14.048,47.403,100.000,204800,base=197
1.242286,RETX,197,14.048,47.403,100.000,204800,retx#2
1.242418,ACK,201,14.119,47.822,100.000,205824,base=197
1.242467,ACK,202,14.190,47.849,100.000,206848,base=197
1.243120,SEND,213,14.190,47.849,100.000,206848,
1.243302,SEND,214,14.190,47.849,100.000,206848,
1.243510,SEND,215,14.190,47.849,100.000,206848,
1.243899,ACK,203,14.260,48.001,100.000,207872,base=197
1.243947,ACK,205,14.330,47.507,100.000,208896,base=197
1.243984,ACK,206,14.400,47.045,100.000,209920,base=197
1.246040,SEND,216,14.400,47.045,100.000,209920,
1.246502,SEND,217,14.400,47.045,100.000,209920,
1.246757,SEND,218,14.400,47.045,100.000,209920,
1.247895,ACK,207,14.470,46.817,100.000,210944,base=197
1.249191,SEND,219,14.470,46.817,100.000,210944,
1.266307,ACK,208,14.539,46.398,100.000,211968,base=197
1.268287,SEND,220,14.539,46.398,100.000,211968,
1.274452,ACK,209,14.607,45.911,100.000,212992,base=197
1.274527,ACK,210,14.676,44.704,100.000,214016,base=197
1.275721,SEND,221,14.676,44.704,100.000,214016,
1.276052,SEND,222,14.676,44.704,100.000,214016,
1.284745,ACK,211,14.744,44.887,100.000,215040,base=197
1.284871,ACK,212,14.812,45.042,100.000,216064,base=197
1.285004,NAK,197,14.812,,,216064,
1.285494,RETX,197,14.812,45.042,100.000,216064,retx#3
1.286021,SEND,223,14.812,45.042,100.000,216064,
1.286309,SEND,224,14.812,45.042,100.000,216064,
1.290415,ACK,197,14.879,45.042,100.000,217088,base=204
1.290510,DUPACK,197,14.879,,,217088,
1.291204,SEND,225,14.879,45.042,100.000,217088,
1.293006,ACK,213,14.947,45.644,100.000,218112,base=204
1.294173,SEND,226,14.947,45.644,100.000,218112,
1.294514,ACK,214,15.013,46.338,100.000,219136,base=204
1.294599,ACK,215,15.080,46.931,100.000,220160,base=204
1.295028,RETX,204,15.080,46.931,100.000,220160,retx#1
1.297310,SEND,227,15.080,46.931,100.000,220160,
1.298149,SEND,228,15.080,46.931,100.000,220160,
1.298483,SEND,229,15.080,46.931,100.000,220160,
1.298660,ACK,216,15.146,47.640,100.000,221184,base=204
1.298765,ACK,217,15.212,48.217,100.000,222208,base=204
1.298853,ACK,219,15.278,48.397,100.000,223232,base=204
1.300521,SEND,230,15.278,48.397,100.000,223232,
1.300762,SEND,231,15.278,48.397,100.000,223232,
1.300970,SEND,232,15.278,48.397,100.000,223232,
1.307964,ACK,220,15.344,47.303,100.000,224256,base=204
1.310648,SEND,233,15.344,47.303,100.000,224256,
1.319026,STATS,-1,15.344,47.303,100.000,224256,base=204 next=234 inflight=15
1.323526,ACK,221,15.409,47.363,100.000,225280,base=204
1.323844,SEND,234,15.409,47.363,100.000,225280,
1.324094,ACK,222,15.474,47.446,100.000,226304,base=204
1.326261,SEND,235,15.474,47.446,100.000,226304,
1.332604,DUPACK,197,15.474,,,226304,
1.332689,ACK,223,15.538,47.346,100.000,227328,base=204
1.332736,ACK,224,15.603,47.231,100.000,228352,base=204
1.333094,SEND,236,15.603,47.231,100.000,228352,
1.333344,SEND,237,15.603,47.231,100.000,228352,
1.339688,ACK,225,15.667,47.384,100.000,229376,base=204
1.340154,SEND,238,15.667,47.384,100.000,229376,
1.345802,ACK,226,15.731,47.904,100.000,230400,base=204
1.346013,ACK,204,15.794,47.904,100.000,231424,base=218
1.346553,ACK,227,15.857,48.071,100.000,232448,base=218
1.348715,SEND,239,15.857,48.071,100.000,232448,
1.349023,SEND,240,15.857,48.071,100.000,232448,
1.349852,SEND,241,15.857,48.071,100.000,232448,
1.349885,TIMEOUT,218,14.096,48.071,200.000,232448,
1.350129,RETX,218,14.096,48.071,200.000,232448,retx#1
1.350279,ACK,228,14.166,48.576,100.000,233472,base=218
1.350342,ACK,229,14.237,48.986,100.000,234496,base=218
1.350591,RETX,218,14.237,48.986,100.000,234496,retx#2
1.350673,ACK,230,14.307,49.132,100.000,235520,base=218
1.350791,ACK,231,14.377,49.243,100.000,236544,base=218
1.351739,ACK,232,14.447,49.433,100.000,237568,base=218
1.352917,SEND,242,14.447,49.433,100.000,237568,
1.353155,SEND,243,14.447,49.433,100.000,237568,
1.353383,SEND,244,14.447,49.433,100.000,237568,
1.353610,SEND,245,14.447,49.433,100.000,237568,
1.354427,ACK,233,14.516,48.727,100.000,238592,base=218
1.356114,SEND,246,14.516,48.727,100.000,238592,
1.379010,ACK,235,14.585,49.228,100.000,239616,base=218
1.379082,ACK,236,14.653,48.822,100.000,240640,base=218
1.379474,ACK,237,14.722,48.484,100.000,241664,base=218
1.380041,SEND,247,14.722,48.484,100.000,241664,
1.380378,SEND,248,14.722,48.484,100.000,241664,
1.380625,SEND,249,14.722,48.484,100.000,241664,
1.383007,ACK,238,14.790,47.779,100.000,242688,base=218
1.383444,SEND,250,14.790,47.779,100.000,242688,
1.406580,ACK,239,14.857,49.038,100.000,243712,base=218
1.406862,SEND,251,14.857,49.038,100.000,243712,
1.406976,ACK,240,14.924,50.151,100.000,244736,base=218
1.407082,ACK,241,14.991,51.035,100.000,245760,base=218
1.407414,ACK,218,15.058,51.035,100.000,246784,base=234
1.407488,DUPACK,218,15.058,,,246784,
1.407550,ACK,242,15.125,51.483,100.000,247808,base=234
1.407600,ACK,243,15.191,51.853,100.000,248832,base=234
1.407643,ACK,244,15.257,52.153,100.000,249856,base=234
1.407882,RETX,234,15.257,52.153,100.000,249856,retx#1
1.407929,ACK,246,15.322,52.110,100.000,250880,base=234
1.409230,SEND,252,15.322,52.110,100.000,250880,
1.409449,SEND,253,15.322,52.110,100.000,250880,
1.409790,SEND,254,15.322,52.110,100.000,250880,
1.410134,SEND,255,15.322,52.110,100.000,250880,
1.410349,SEND,256,15.322,52.110,100.000,250880,
1.410996,SEND,257,15.322,52.110,100.000,250880,
1.411511,SEND,258,15.322,52.110,100.000,250880,
1.411838,SEND,259,15.322,52.110,100.000,250880,
1.420540,STATS,-1,15.322,52.110,100.000,250880,base=234 next=260 inflight=15
1.422864,ACK,247,15.387,50.946,100.000,251904,base=234
1.424777,SEND,260,15.387,50.946,100.000,251904,
1.431533,ACK,248,15.452,50.969,100.000,252928,base=234
1.431616,ACK,249,15.517,50.972,100.000,253952,base=234
1.431660,ACK,250,15.582,50.627,100.000,254976,base=234
1.432074,SEND,261,15.582,50.627,100.000,254976,
1.432450,SEND,262,15.582,50.627,100.000,254976,
1.432805,SEND,263,15.582,50.627,100.000,254976,
1.450319,ACK,251,15.646,49.723,100.000,256000,base=234
1.450833,SEND,264,15.646,49.723,100.000,256000,
1.454549,ACK,234,15.710,49.723,100.000,257024,base=245
1.454662,ACK,252,15.773,49.185,100.000,258048,base=245
1.455511,SEND,265,15.773,49.185,100.000,258048,
1.455823,SEND,266,15.773,49.185,100.000,258048,
1.455856,TIMEOUT,245,14.021,49.185,200.000,258048,
1.456262,RETX,245,14.021,49.185,200.000,258048,retx#1
1.459943,ACK,254,14.092,49.302,100.000,259072,base=245
1.460124,ACK,255,14.163,49.386,100.000,260096,base=245
1.460536,RETX,245,14.163,49.386,100.000,260096,retx#2
1.460847,ACK,256,14.234,49.522,100.000,261120,base=245
1.461085,ACK,257,14.304,49.592,100.000,262144,base=245
1.461767,SEND,267,14.304,49.592,100.000,262144,
1.462095,SEND,268,14.304,49.592,100.000,262144,
1.462393,SEND,269,14.304,49.592,100.000,262144,
1.462797,ACK,258,14.374,49.802,100.000,263168,base=245
1.462860,ACK,259,14.443,49.954,100.000,264192,base=245
1.464859,SEND,270,14.443,49.954,100.000,264192,
1.465250,SEND,271,14.443,49.954,100.000,264192,
1.467763,ACK,260,14.513,49.080,100.000,265216,base=245
1.470250,SEND,272,14.513,49.080,100.000,265216,
1.475203,ACK,261,14.581,48.333,100.000,266240,base=245
1.477006,SEND,273,14.581,48.333,100.000,266240,
1.483307,ACK,262,14.650,48.646,100.000,267264,base=245
1.483391,ACK,263,14.718,48.887,100.000,268288,base=245
1.483856,SEND,274,14.718,48.887,100.000,268288,
1.484210,SEND,275,14.718,48.887,100.000,268288,
1.500103,ACK,264,14.786,48.931,100.000,269312,base=245
1.500463,SEND,276,14.786,48.931,100.000,269312,
1.503258,ACK,266,14.854,48.740,100.000,270336,base=245
1.503603,NAK,265,14.854,,,270336,
1.503891,RETX,265,14.854,48.740,100.000,270336,retx#1
1.503987,ACK,245,14.921,48.740,100.000,271360,base=253
1.505393,SEND,277,14.921,48.740,100.000,271360,
1.505625,SEND,278,14.921,48.740,100.000,271360,
1.505727,DUPACK,245,14.921,,,271360,
1.505809,ACK,267,14.988,48.152,100.000,272384,base=253
1.505860,ACK,268,15.055,47.603,100.000,273408,base=253
1.506153,ACK,270,15.121,46.814,100.000,274432,base=253
1.506381,RETX,253,15.121,46.814,100.000,274432,retx#1
1.506435,NAK,269,15.121,,,274432,
1.506658,RETX,269,15.121,46.814,100.000,274432,retx#1
1.508154,SEND,279,15.121,46.814,100.000,274432,
1.508369,SEND,280,15.121,46.814,100.000,274432,
1.508573,SEND,281,15.121,46.814,100.000,274432,
1.508778,SEND,282,15.121,46.814,100.000,274432,
1.510258,ACK,271,15.187,46.585,100.000,275456,base=253
1.511295,SEND,283,15.187,46.585,100.000,275456,
1.513183,ACK,272,15.253,46.124,100.000,276480,base=253
1.514004,SEND,284,15.253,46.124,100.000,276480,
1.522355,STATS,-1,15.253,46.124,100.000,276480,base=253 next=285 inflight=15
1.523144,ACK,273,15.319,46.122,100.000,277504,base=253
1.524828,SEND,285,15.319,46.122,100.000,277504,
1.528272,ACK,274,15.384,45.902,100.000,278528,base=253
1.529659,SEND,286,15.384,45.902,100.000,278528,
1.531912,ACK,275,15.449,46.124,100.000,279552,base=253
1.535334,SEND,287,15.449,46.124,100.000,279552,
1.586934,NAK,265,15.449,,,279552,
1.587108,RETX,265,15.449,46.124,100.000,279552,retx#2
1.587165,NAK,269,15.449,,,279552,
1.587313,RETX,269,15.449,46.124,100.000,279552,retx#2
1.601863,TIMEOUT,276,15.449,46.124,200.000,279552,
1.602066,RETX,276,15.449,46.124,200.000,279552,retx#1
1.624766,STATS,-1,15.449,46.124,200.000,279552,base=253 next=288 inflight=15
1.636594,NAK,269,15.449,,,279552,
1.636891,RETX,269,15.449,46.124,200.000,279552,retx#3
1.685354,NAK,265,15.449,,,279552,
1.685670,RETX,265,15.449,46.124,200.000,279552,retx#3
1.689567,NAK,269,15.449,,,279552,
1.689888,RETX,269,15.449,46.124,200.000,279552,retx#4
1.705882,TIMEOUT,277,15.449,46.124,400.000,279552,
1.706332,RETX,277,15.449,46.124,400.000,279552,retx#1
1.726807,STATS,-1,15.449,46.124,400.000,279552,base=253 next=288 inflight=15
1.738852,NAK,265,15.449,,,279552,
1.739155,RETX,265,15.449,46.124,400.000,279552,retx#4
1.740870,NAK,269,15.449,,,279552,
1.741121,RETX,269,15.449,46.124,400.000,279552,retx#5
1.785849,NAK,265,15.449,,,279552,
1.786118,RETX,265,15.449,46.124,400.000,279552,retx#5
1.790907,NAK,269,15.449,,,279552,
1.791296,RETX,269,15.449,46.124,400.000,279552,retx#6
1.827063,STATS,-1,15.449,46.124,400.000,279552,base=253 next=288 inflight=15
1.836361,NAK,265,15.449,,,279552,
1.836681,RETX,265,15.449,46.124,400.000,279552,retx#6
1.839956,NAK,269,15.449,,,279552,
1.840406,RETX,269,15.449,46.124,400.000,279552,retx#7
1.886988,NAK,265,15.449,,,279552,
1.887255,RETX,265,15.449,46.124,400.000,279552,retx#7
1.887313,NAK,269,15.449,,,279552,
1.887523,RETX,269,15.449,46.124,400.000,279552,retx#8
1.908095,TIMEOUT,253,15.449,46.124,800.000,279552,
1.908354,RETX,253,15.449,46.124,800.000,279552,retx#2
1.929353,STATS,-1,15.449,46.124,800.000,279552,base=253 next=288 inflight=15
1.949444,NAK,265,15.449,,,279552,
1.949671,RETX,265,15.449,46.124,800.000,279552,retx#8
1.991220,NAK,265,15.449,,,279552,
1.991457,RETX,265,15.449,46.124,800.000,279552,retx#9
1.991509,NAK,269,15.449,,,279552,
1.991753,RETX,269,15.449,46.124,800.000,279552,retx#9
2.030342,STATS,-1,15.449,46.124,800.000,279552,base=253 next=288 inflight=15
2.044084,NAK,265,15.449,,,279552,
2.044642,RETX,265,15.449,46.124,800.000,279552,retx#10
2.044922,NAK,269,15.449,,,279552,
2.045505,RETX,269,15.449,46.124,800.000,279552,retx#10
2.099671,NAK,265,15.449,,,279552,
2.100310,RETX,265,15.449,46.124,800.000,279552,retx#11
2.100489,NAK,269,15.449,,,279552,
2.100887,RETX,269,15.449,46.124,800.000,279552,retx#11
2.131914,STATS,-1,15.449,46.124,800.000,279552,base=253 next=288 inflight=15
2.150755,NAK,265,15.449,,,279552,
2.151074,RETX,265,15.449,46.124,800.000,279552,retx#12
2.151149,NAK,269,15.449,,,279552,
2.151412,RETX,269,15.449,46.124,800.000,279552,retx#12
2.194880,NAK,265,15.449,,,279552,
2.195200,RETX,265,15.449,46.124,800.000,279552,retx#13
2.196256,NAK,269,15.449,,,279552,
2.197051,RETX,269,15.449,46.124,800.000,279552,retx#13
2.233529,STATS,-1,15.449,46.124,800.000,279552,base=253 next=288 inflight=15
2.256237,NAK,265,15.449,,,279552,
2.256549,RETX,265,15.449,46.124,800.000,279552,retx#14
2.256662,NAK,269,15.449,,,279552,
2.256910,RETX,269,15.449,46.124,800.000,279552,retx#14
2.301035,NAK,265,15.449,,,279552,
2.301297,RETX,265,15.449,46.124,800.000,279552,retx#15
2.304398,NAK,269,15.449,,,279552,
2.304762,RETX,269,15.449,46.124,800.000,279552,retx#15
2.306072,TIMEOUT,278,15.449,46.124,1600.000,279552,
2.306309,RETX,278,15.449,46.124,1600.000,279552,retx#1
2.334712,STATS,-1,15.449,46.124,1600.000,279552,base=253 next=288 inflight=15
2.343519,ACK,265,15.514,46.124,1600.000,280576,base=253
2.345341,SEND,288,15.514,46.124,1600.000,280576,
2.346006,ACK,269,15.578,46.124,1600.000,281600,base=253
2.348312,SEND,289,15.578,46.124,1600.000,281600,
2.348644,ACK,278,15.643,46.124,1600.000,282624,base=253
2.351256,SEND,290,15.643,46.124,1600.000,282624,
2.355810,NAK,276,15.643,,,282624,
2.356149,RETX,276,15.643,46.124,1600.000,282624,retx#2
2.356265,NAK,277,15.643,,,282624,
2.356829,RETX,277,15.643,46.124,1600.000,282624,retx#2
2.388787,NAK,279,15.643,,,282624,
2.389168,RETX,279,15.643,46.124,1600.000,282624,retx#1
2.396026,NAK,280,15.643,,,282624,
2.396470,RETX,280,15.643,46.124,1600.000,282624,retx#1
2.396597,NAK,281,15.643,,,282624,
2.396972,RETX,281,15.643,46.124,1600.000,282624,retx#1
2.397103,NAK,282,15.643,,,282624,
2.397507,RETX,282,15.643,46.124,1600.000,282624,retx#1
2.397584,NAK,283,15.643,,,282624,
2.397878,RETX,283,15.643,46.124,1600.000,282624,retx#1
2.398317,NAK,284,15.643,,,282624,
2.398685,RETX,284,15.643,46.124,1600.000,282624,retx#1
2.398800,NAK,286,15.643,,,282624,
2.399147,RETX,286,15.643,46.124,1600.000,282624,retx#1
2.399306,NAK,287,15.643,,,282624,
2.399744,RETX,287,15.643,46.124,1600.000,282624,retx#1
2.400828,ACK,289,15.706,46.921,100.000,283648,base=253
2.401076,ACK,290,15.770,47.282,100.000,284672,base=253
2.401164,ACK,277,15.834,47.282,100.000,285696,base=253
2.402050,SEND,291,15.834,47.282,100.000,285696,
2.402376,SEND,292,15.834,47.282,100.000,285696,
2.402592,SEND,293,15.834,47.282,100.000,285696,
2.402617,TIMEOUT,253,15.834,47.282,200.000,285696,
2.402829,RETX,253,15.834,47.282,200.000,285696,retx#3
2.402847,TIMEOUT,285,15.834,47.282,400.000,285696,
2.403060,RETX,285,15.834,47.282,400.000,285696,retx#1
2.433554,ACK,279,15.897,47.282,400.000,286720,base=253
2.434692,SEND,294,15.897,47.282,400.000,286720,
2.434714,STATS,-1,15.897,47.282,400.000,286720,base=253 next=295 inflight=15
2.440414,NAK,276,15.897,,,286720,
2.440640,RETX,276,15.897,47.282,400.000,286720,retx#3
2.440717,ACK,281,15.960,47.282,400.000,287744,base=253
2.442498,SEND,295,15.960,47.282,400.000,287744,
2.444887,ACK,282,16.022,47.282,400.000,288768,base=253
2.444927,ACK,283,16.085,47.282,400.000,289792,base=253
2.444950,NAK,280,16.085,,,289792,
2.445111,RETX,280,16.085,47.282,400.000,289792,retx#2
2.445324,SEND,296,16.085,47.282,400.000,289792,
2.445476,SEND,297,16.085,47.282,400.000,289792,
2.445624,SEND,298,16.085,47.282,400.000,289792,
2.445663,NAK,284,16.085,,,289792,
2.445816,RETX,284,16.085,47.282,400.000,289792,retx#2
2.445857,NAK,285,16.085,,,289792,
2.446007,RETX,285,16.085,47.282,400.000,289792,retx#2
2.446029,NAK,286,16.085,,,289792,
2.446178,RETX,286,16.085,47.282,400.000,289792,retx#2
2.446215,NAK,287,16.085,,,289792,
2.446367,RETX,287,16.085,47.282,400.000,289792,retx#2
2.446406,ACK,284,16.147,47.282,400.000,290816,base=253
2.446433,ACK,286,16.209,47.282,400.000,291840,base=253
2.446455,ACK,287,16.270,47.282,400.000,292864,base=253
2.446481,ACK,291,16.332,46.926,100.000,293888,base=253
2.446503,ACK,292,16.393,46.576,100.000,294912,base=253
2.448301,SEND,299,16.393,46.576,100.000,294912,
2.448450,SEND,300,16.393,46.576,100.000,294912,
2.448596,SEND,301,16.393,46.576,100.000,294912,
2.448749,SEND,302,16.393,46.576,100.000,294912,
2.448894,SEND,303,16.393,46.576,100.000,294912,
2.448903,TIMEOUT,288,16.393,46.576,200.000,294912,
2.449051,RETX,288,16.393,46.576,200.000,294912,retx#1
2.449581,ACK,293,16.454,46.626,100.000,295936,base=253
2.449615,ACK,253,16.515,46.626,100.000,296960,base=276
2.451729,SEND,304,16.515,46.626,100.000,296960,
2.451883,SEND,305,16.515,46.626,100.000,296960,
2.452832,ACK,285,16.575,46.626,100.000,297984,base=276
2.454049,SEND,306,16.575,46.626,100.000,297984,
2.475608,ACK,294,16.636,45.912,100.000,299008,base=276
2.475638,ACK,276,16.696,45.912,100.000,300032,base=280
2.475972,SEND,307,16.696,45.912,100.000,300032,
2.476127,SEND,308,16.696,45.912,100.000,300032,
2.483617,ACK,295,16.756,45.312,100.000,301056,base=280
2.484164,SEND,309,16.756,45.312,100.000,301056,
2.485497,ACK,280,16.816,45.312,100.000,302080,base=288
2.485523,ACK,296,16.875,44.673,100.000,303104,base=288
2.485545,ACK,297,16.934,44.097,100.000,304128,base=288
2.485568,ACK,298,16.993,43.578,100.000,305152,base=288
2.485728,RETX,288,15.105,43.578,100.000,305152,retx#2
2.486304,SEND,310,15.105,43.578,100.000,305152,
2.486537,SEND,311,15.105,43.578,100.000,305152,
2.486685,SEND,312,15.105,43.578,100.000,305152,
2.491319,DUPACK,284,15.105,,,305152,
2.491343,DUPACK,285,15.105,,,305152,
2.491362,DUPACK,287,15.105,,,305152,
2.494799,ACK,299,15.171,43.941,100.000,306176,base=288
2.494831,ACK,300,15.237,44.246,100.000,307200,base=288
2.495281,SEND,313,15.237,44.246,100.000,307200,
2.495460,SEND,314,15.237,44.246,100.000,307200,
2.496475,ACK,301,15.303,44.699,100.000,308224,base=288
2.497566,ACK,302,15.368,45.212,100.000,309248,base=288
2.497827,SEND,315,15.368,45.212,100.000,309248,
2.498136,SEND,316,15.368,45.212,100.000,309248,
2.499824,ACK,288,15.433,45.212,100.000,310272,base=303
2.499889,ACK,304,15.498,45.579,100.000,311296,base=303
2.499924,NAK,303,15.498,,,311296,
2.500148,RETX,303,15.498,45.579,100.000,311296,retx#1
2.500227,ACK,305,15.563,45.924,100.000,312320,base=303
2.500475,SEND,317,15.563,45.924,100.000,312320,
2.500655,SEND,318,15.563,45.924,100.000,312320,
2.500827,SEND,319,15.563,45.924,100.000,312320,
2.524377,ACK,307,15.627,46.231,100.000,313344,base=303
2.524618,RETX,303,15.627,46.231,100.000,313344,retx#2
2.524713,NAK,306,15.627,,,313344,
2.524908,RETX,306,15.627,46.231,100.000,313344,retx#1
2.525443,ACK,308,15.691,46.614,100.000,314368,base=303
2.526848,SEND,320,15.691,46.614,100.000,314368,
2.527481,SEND,321,15.691,46.614,100.000,314368,
2.531989,ACK,309,15.755,46.762,100.000,315392,base=303
2.533368,SEND,322,15.755,46.762,100.000,315392,
2.533859,DUPACK,288,15.755,,,315392,
2.533926,ACK,310,15.818,46.867,100.000,316416,base=303
2.535357,ACK,311,15.881,47.109,100.000,317440,base=303
2.535726,SEND,323,15.881,47.109,100.000,317440,
2.535906,SEND,324,15.881,47.109,100.000,317440,
2.535929,STATS,-1,15.881,47.109,100.000,317440,base=303 next=325 inflight=15
2.540463,ACK,313,15.944,46.862,100.000,318464,base=303
2.540606,ACK,314,16.007,46.646,100.000,319488,base=303
2.540671,ACK,315,16.069,46.169,100.000,320512,base=303
2.540962,ACK,303,16.132,46.169,100.000,321536,base=306
2.541029,ACK,317,16.194,45.466,100.000,322560,base=306
2.543317,SEND,325,16.194,45.466,100.000,322560,
2.543523,SEND,326,16.194,45.466,100.000,322560,
2.543736,SEND,327,16.194,45.466,100.000,322560,
2.543911,SEND,328,16.194,45.466,100.000,322560,
2.544086,SEND,329,16.194,45.466,100.000,322560,
2.544306,SEND,330,16.194,45.466,100.000,322560,
2.546689,ACK,318,16.255,45.530,100.000,323584,base=306
2.548354,SEND,331,16.255,45.530,100.000,323584,
2.562091,DUPACK,303,16.255,,,323584,
2.568507,ACK,306,16.317,45.530,100.000,324608,base=312
2.569071,SEND,332,16.317,45.530,100.000,324608,
2.569292,ACK,320,16.378,45.142,100.000,325632,base=312
2.571233,SEND,333,16.378,45.142,100.000,325632,
2.571349,ACK,321,16.439,44.982,100.000,326656,base=312
2.573612,SEND,334,16.439,44.982,100.000,326656,
2.579479,ACK,322,16.500,45.118,100.000,327680,base=312
2.580534,RETX,312,14.667,45.118,100.000,327680,retx#1
2.581074,ACK,323,14.735,45.134,100.000,328704,base=312
2.581301,ACK,324,14.803,45.165,100.000,329728,base=312
2.583268,SEND,335,14.803,45.165,100.000,329728,
2.588659,ACK,325,14.870,45.183,100.000,330752,base=312
2.588798,ACK,327,14.938,45.166,100.000,331776,base=312
2.589090,ACK,328,15.005,45.164,100.000,332800,base=312
2.590649,SEND,336,15.005,45.164,100.000,332800,
2.590941,SEND,337,15.005,45.164,100.000,332800,
2.591205,SEND,338,15.005,45.164,100.000,332800,
2.591474,SEND,339,15.005,45.164,100.000,332800,
2.597498,ACK,329,15.071,46.192,100.000,333824,base=312
2.597585,ACK,330,15.138,47.077,100.000,334848,base=312
2.597629,ACK,331,15.204,47.351,100.000,335872,base=312
2.599056,SEND,340,15.204,47.351,100.000,335872,
2.599274,SEND,341,15.204,47.351,100.000,335872,
2.599532,SEND,342,15.204,47.351,100.000,335872,
2.599558,TIMEOUT,316,15.204,47.351,200.000,335872,
2.599742,RETX,316,15.204,47.351,200.000,335872,retx#1
2.611149,ACK,332,15.269,46.688,100.000,336896,base=312
2.612973,SEND,343,15.269,46.688,100.000,336896,
2.613021,TIMEOUT,319,15.269,46.688,200.000,336896,
2.613273,RETX,319,15.269,46.688,200.000,336896,retx#1
2.614564,ACK,333,15.335,46.257,100.000,337920,base=312
2.614651,ACK,334,15.400,45.605,100.000,338944,base=312
2.616001,SEND,344,15.400,45.605,100.000,338944,
2.616299,SEND,345,15.400,45.605,100.000,338944,
2.623956,ACK,312,15.465,45.605,100.000,339968,base=316
2.624034,ACK,335,15.530,44.998,100.000,340992,base=316
2.625272,SEND,346,15.530,44.998,100.000,340992,
2.625799,SEND,347,15.530,44.998,100.000,340992,
2.636216,ACK,336,15.594,45.066,100.000,342016,base=316
2.636304,ACK,337,15.658,45.102,100.000,343040,base=316
2.636689,RETX,316,15.658,45.102,100.000,343040,retx#2
2.637990,SEND,348,15.658,45.102,100.000,343040,
2.638298,SEND,349,15.658,45.102,100.000,343040,
2.638341,STATS,-1,15.658,45.102,100.000,343040,base=316 next=350 inflight=15
2.638481,ACK,338,15.722,45.372,100.000,344064,base=316
2.638550,ACK,339,15.786,45.584,100.000,345088,base=316
2.640757,SEND,350,15.786,45.584,100.000,345088,
2.640990,SEND,351,15.786,45.584,100.000,345088,
2.645477,TIMEOUT,326,15.786,45.584,200.000,345088,
2.646752,RETX,326,15.786,45.584,200.000,345088,retx#1
2.647292,ACK,340,15.849,45.913,100.000,346112,base=316
2.649748,SEND,352,15.849,45.913,100.000,346112,
2.649918,ACK,341,15.912,46.503,100.000,347136,base=316
2.649978,ACK,342,15.975,46.995,100.000,348160,base=316
2.650023,ACK,316,16.038,46.995,100.000,349184,base=319
2.652260,SEND,353,16.038,46.995,100.000,349184,
2.652498,SEND,354,16.038,46.995,100.000,349184,
2.652706,SEND,355,16.038,46.995,100.000,349184,
2.652912,SEND,356,16.038,46.995,100.000,349184,
2.659413,ACK,343,16.100,46.923,100.000,350208,base=319
2.661846,SEND,357,16.100,46.923,100.000,350208,
2.663263,ACK,319,16.162,46.923,100.000,351232,base=326
2.663405,ACK,344,16.224,46.981,100.000,352256,base=326
2.664202,SEND,358,16.224,46.981,100.000,352256,
2.665029,SEND,359,16.224,46.981,100.000,352256,
2.678545,ACK,346,16.286,47.765,100.000,353280,base=326
2.678851,ACK,347,16.347,48.425,100.000,354304,base=326
2.679112,RETX,326,16.347,48.425,100.000,354304,retx#2
2.681280,SEND,360,16.347,48.425,100.000,354304,
2.681518,SEND,361,16.347,48.425,100.000,354304,
2.681697,DUPACK,316,16.347,,,354304,
2.684385,ACK,348,16.408,48.168,100.000,355328,base=326
2.684570,ACK,349,16.469,47.930,100.000,356352,base=326
2.686349,SEND,362,16.469,47.930,100.000,356352,
2.686661,SEND,363,16.469,47.930,100.000,356352,
2.688666,ACK,350,16.530,47.925,100.000,357376,base=326
2.688846,ACK,351,16.590,47.915,100.000,358400,base=326
2.689855,ACK,326,16.651,47.915,100.000,359424,base=345
2.690778,SEND,364,16.651,47.915,100.000,359424,
2.691096,SEND,365,16.651,47.915,100.000,359424,
2.691466,SEND,366,16.651,47.915,100.000,359424,
2.693204,ACK,352,16.711,47.354,100.000,360448,base=345
2.694066,SEND,367,16.711,47.354,100.000,360448,
2.694276,ACK,353,16.770,46.686,100.000,361472,base=345
2.694456,ACK,354,16.830,46.094,100.000,362496,base=345
2.694695,RETX,345,14.960,46.094,100.000,362496,retx#1
2.694798,ACK,355,15.027,45.593,100.000,363520,base=345
2.696697,SEND,368,15.027,45.593,100.000,363520,
2.696939,SEND,369,15.027,45.593,100.000,363520,
2.704339,ACK,356,15.093,46.318,100.000,364544,base=345
2.704426,ACK,357,15.160,45.851,100.000,365568,base=345
2.705919,SEND,370,15.160,45.851,100.000,365568,
2.706150,SEND,371,15.160,45.851,100.000,365568,
2.707354,ACK,358,15.226,45.511,100.000,366592,base=345
2.708300,SEND,372,15.226,45.511,100.000,366592,
2.708519,ACK,359,15.291,45.257,100.000,367616,base=345
2.711309,SEND,373,15.291,45.257,100.000,367616,
2.711521,DUPACK,326,15.291,,,367616,
2.722088,ACK,360,15.357,44.699,100.000,368640,base=345
2.722149,NAK,345,15.357,,,368640,
2.722442,RETX,345,15.357,44.699,100.000,368640,retx#2
2.724016,SEND,374,15.357,44.699,100.000,368640,
2.733244,ACK,361,15.422,45.574,100.000,369664,base=345
2.733372,ACK,362,15.487,45.755,100.000,370688,base=345
2.735385,SEND,375,15.487,45.755,100.000,370688,
2.735667,SEND,376,15.487,45.755,100.000,370688,
2.736634,ACK,364,15.551,45.765,100.000,371712,base=345
2.736706,NAK,363,15.551,,,371712,
2.737082,RETX,363,15.551,45.765,100.000,371712,retx#1
2.738111,SEND,377,15.551,45.765,100.000,371712,
2.738810,ACK,366,15.616,45.961,100.000,372736,base=345
2.740625,SEND,378,15.616,45.961,100.000,372736,
2.740674,STATS,-1,15.616,45.961,100.000,372736,base=345 next=379 inflight=15
2.745079,ACK,367,15.680,46.588,100.000,373760,base=345
2.745314,ACK,345,15.743,46.588,100.000,374784,base=363
2.745584,ACK,368,15.807,46.849,100.000,375808,base=363
2.745660,ACK,369,15.870,47.082,100.000,376832,base=363
2.746067,SEND,379,15.870,47.082,100.000,376832,
2.746638,SEND,380,15.870,47.082,100.000,376832,
2.746950,SEND,381,15.870,47.082,100.000,376832,
2.748075,SEND,382,15.870,47.082,100.000,376832,
2.751405,ACK,371,15.933,46.846,100.000,377856,base=363
2.751761,RETX,363,15.933,46.846,100.000,377856,retx#2
2.752344,SEND,383,15.933,46.846,100.000,377856,
2.757342,ACK,372,15.996,47.115,100.000,378880,base=363
2.757469,ACK,373,16.058,46.994,100.000,379904,base=363
2.762135,SEND,384,16.058,46.994,100.000,379904,
2.762657,SEND,385,16.058,46.994,100.000,379904,
2.763083,SEND,386,16.058,46.994,100.000,379904,
2.764385,DUPACK,345,16.058,,,379904,
2.770785,ACK,374,16.121,46.963,100.000,380928,base=363
2.771226,SEND,387,16.121,46.963,100.000,380928,
2.780075,ACK,375,16.183,46.677,100.000,381952,base=363
2.782011,SEND,388,16.183,46.677,100.000,381952,
2.782991,ACK,376,16.245,46.756,100.000,382976,base=363
2.784365,SEND,389,16.245,46.756,100.000,382976,
2.788007,ACK,363,16.306,46.756,100.000,384000,base=365
2.788113,ACK,377,16.367,47.160,100.000,385024,base=365
2.788773,SEND,390,16.367,47.160,100.000,385024,
2.789060,SEND,391,16.367,47.160,100.000,385024,
2.790052,ACK,378,16.429,47.441,100.000,386048,base=365
2.790359,ACK,379,16.489,47.046,100.000,387072,base=365
2.790667,RETX,365,16.489,47.046,100.000,387072,retx#1
2.790777,ACK,380,16.550,46.694,100.000,388096,base=365
2.791348,SEND,392,16.550,46.694,100.000,388096,
2.791564,SEND,393,16.550,46.694,100.000,388096,
2.791773,SEND,394,16.550,46.694,100.000,388096,
2.794916,ACK,381,16.611,46.849,100.000,389120,base=365
2.795177,ACK,382,16.671,46.880,100.000,390144,base=365
2.795237,DUPACK,363,16.671,,,390144,
2.795426,ACK,383,16.731,46.405,100.000,391168,base=365
2.796378,SEND,395,16.731,46.405,100.000,391168,
2.797095,SEND,396,16.731,46.405,100.000,391168,
2.797320,SEND,397,16.731,46.405,100.000,391168,
2.799345,ACK,384,16.790,45.250,100.000,392192,base=365
2.799619,SEND,398,16.790,45.250,100.000,392192,
2.807732,TIMEOUT,370,16.790,45.250,200.000,392192,
2.808003,RETX,370,16.790,45.250,200.000,392192,retx#1
2.815246,ACK,385,16.850,46.165,100.000,393216,base=365
2.815339,ACK,386,16.909,46.925,100.000,394240,base=365
2.816171,SEND,399,16.909,46.925,100.000,394240,
2.816506,SEND,400,16.909,46.925,100.000,394240,
2.823639,ACK,387,16.969,47.608,100.000,395264,base=365
2.823704,ACK,388,17.027,46.868,100.000,396288,base=365
2.824681,SEND,401,17.027,46.868,100.000,396288,
2.824875,SEND,402,17.027,46.868,100.000,396288,
2.825049,SEND,403,17.027,46.868,100.000,396288,
2.826155,ACK,389,17.086,46.231,100.000,397312,base=365
2.827246,SEND,404,17.086,46.231,100.000,397312,
2.835096,ACK,390,17.145,46.240,100.000,398336,base=365
2.835165,ACK,391,17.203,46.223,100.000,399360,base=365
2.835225,ACK,365,17.261,46.223,100.000,400384,base=370
2.836946,SEND,405,17.261,46.223,100.000,400384,
2.837253,SEND,406,17.261,46.223,100.000,400384,
2.837456,SEND,407,17.261,46.223,100.000,400384,
2.837642,ACK,392,17.319,46.230,100.000,401408,base=370
2.837735,ACK,393,17.377,46.221,100.000,402432,base=370
2.837799,ACK,394,17.434,46.196,100.000,403456,base=370
2.837999,RETX,370,15.497,46.196,100.000,403456,retx#2
2.838095,ACK,395,15.562,45.636,100.000,404480,base=370
2.839606,SEND,408,15.562,45.636,100.000,404480,
2.839850,SEND,409,15.562,45.636,100.000,404480,
2.839956,ACK,396,15.626,45.287,100.000,405504,base=370
2.841753,ACK,397,15.690,45.178,100.000,406528,base=370
2.842191,SEND,410,15.690,45.178,100.000,406528,
2.842374,SEND,411,15.690,45.178,100.000,406528,
2.842402,STATS,-1,15.690,45.178,100.000,406528,base=370 next=412 inflight=15
2.851597,ACK,398,15.754,46.025,100.000,407552,base=370
2.851673,ACK,370,15.817,46.025,100.000,408576,base=399
2.852799,SEND,412,15.817,46.025,100.000,408576,
2.853068,SEND,413,15.817,46.025,100.000,408576,
2.858757,ACK,399,15.880,45.593,100.000,409600,base=400
2.858833,ACK,400,15.943,45.184,100.000,410624,base=401
2.860746,SEND,414,15.943,45.184,100.000,410624,
2.860944,SEND,415,15.943,45.184,100.000,410624,
2.870530,ACK,401,16.006,45.264,100.000,411648,base=402
2.870604,ACK,403,16.069,45.300,100.000,412672,base=402
2.871939,SEND,416,16.069,45.300,100.000,412672,
2.872163,SEND,417,16.069,45.300,100.000,412672,
2.872344,SEND,418,16.069,45.300,100.000,412672,
2.879531,ACK,404,16.131,46.170,100.000,413696,base=402
2.879630,ACK,405,16.193,45.733,100.000,414720,base=402
2.879897,RETX,402,16.193,45.733,100.000,414720,retx#1
2.879946,ACK,406,16.255,45.353,100.000,415744,base=402
2.880375,DUPACK,370,16.255,,,415744,
2.880787,SEND,419,16.255,45.353,100.000,415744,
2.880970,SEND,420,16.255,45.353,100.000,415744,
2.881319,SEND,421,16.255,45.353,100.000,415744,
2.886884,ACK,409,16.316,45.560,100.000,416768,base=402
2.886959,NAK,407,16.316,,,416768,
2.887187,RETX,407,16.316,45.560,100.000,416768,retx#1
2.887266,NAK,408,16.316,,,416768,
2.887465,RETX,408,16.316,45.560,100.000,416768,retx#1
2.887705,SEND,422,16.316,45.560,100.000,416768,
2.887787,ACK,410,16.377,45.563,100.000,417792,base=402
2.887840,ACK,411,16.438,45.550,100.000,418816,base=402
2.889922,SEND,423,16.438,45.550,100.000,418816,
2.890110,SEND,424,16.438,45.550,100.000,418816,
2.901319,ACK,412,16.499,45.919,100.000,419840,base=402
2.901394,ACK,413,16.560,46.219,100.000,420864,base=402
2.902561,SEND,425,16.560,46.219,100.000,420864,
2.903290,SEND,426,16.560,46.219,100.000,420864,
2.903430,ACK,414,16.620,45.775,100.000,421888,base=402
2.905562,SEND,427,16.620,45.775,100.000,421888,
2.908717,ACK,415,16.680,46.022,100.000,422912,base=402
2.910534,SEND,428,16.680,46.022,100.000,422912,
2.912587,ACK,416,16.740,45.348,100.000,423936,base=402
2.913150,SEND,429,16.740,45.348,100.000,423936,
2.914266,ACK,417,16.800,44.940,100.000,424960,base=402
2.915765,SEND,430,16.800,44.940,100.000,424960,
2.915894,ACK,418,16.860,44.764,100.000,425984,base=402
2.915951,ACK,419,16.919,43.569,100.000,427008,base=402
2.918064,SEND,431,16.919,43.569,100.000,427008,
2.918262,SEND,432,16.919,43.569,100.000,427008,
2.930574,ACK,420,16.978,44.320,100.000,428032,base=402
2.930681,ACK,421,17.037,44.950,100.000,429056,base=402
2.930915,SEND,433,17.037,44.950,100.000,429056,
2.931091,SEND,434,17.037,44.950,100.000,429056,
2.931262,SEND,435,17.037,44.950,100.000,429056,
2.931350,ACK,407,17.096,44.950,100.000,430080,base=402
2.933553,SEND,436,17.096,44.950,100.000,430080,
2.933698,ACK,408,17.154,44.950,100.000,431104,base=402
2.933760,ACK,422,17.212,45.087,100.000,432128,base=402
2.935673,SEND,437,17.212,45.087,100.000,432128,
2.935878,SEND,438,17.212,45.087,100.000,432128,
2.939622,ACK,423,17.271,45.659,100.000,433152,base=402
2.939711,ACK,424,17.328,46.149,100.000,434176,base=402
2.939956,SEND,439,17.328,46.149,100.000,434176,
2.940137,SEND,440,17.328,46.149,100.000,434176,
2.943982,STATS,-1,17.328,46.149,100.000,434176,base=402 next=441 inflight=17
2.948685,ACK,426,17.386,46.052,100.000,435200,base=402
2.948754,NAK,425,17.386,,,435200,
2.948950,RETX,425,17.386,46.052,100.000,435200,retx#1
2.950019,SEND,441,17.386,46.052,100.000,435200,
2.952914,ACK,427,17.444,46.212,100.000,436224,base=402
2.954128,SEND,442,17.444,46.212,100.000,436224,
2.957869,ACK,428,17.501,46.350,100.000,437248,base=402
2.958162,ACK,429,17.558,46.182,100.000,438272,base=402
2.960211,SEND,443,17.558,46.182,100.000,438272,
2.960407,SEND,444,17.558,46.182,100.000,438272,
2.960822,ACK,430,17.615,46.040,100.000,439296,base=402
2.960875,ACK,432,17.672,45.611,100.000,440320,base=402
2.962229,SEND,445,17.672,45.611,100.000,440320,
2.962412,SEND,446,17.672,45.611,100.000,440320,
2.971805,ACK,433,17.728,45.018,100.000,441344,base=402
2.972387,SEND,447,17.728,45.018,100.000,441344,
2.976832,ACK,434,17.785,45.105,100.000,442368,base=402
2.976905,ACK,435,17.841,45.172,100.000,443392,base=402
2.980080,SEND,448,17.841,45.172,100.000,443392,
2.980388,SEND,449,17.841,45.172,100.000,443392,
2.980413,TIMEOUT,402,17.841,45.172,200.000,443392,
2.980986,RETX,402,17.841,45.172,200.000,443392,retx#2
2.981116,ACK,436,17.897,45.470,100.000,444416,base=402
2.981263,ACK,437,17.953,45.484,100.000,445440,base=402
2.981317,ACK,438,18.009,45.478,100.000,446464,base=402
2.983856,SEND,450,18.009,45.478,100.000,446464,
2.984064,SEND,451,18.009,45.478,100.000,446464,
2.984240,SEND,452,18.009,45.478,100.000,446464,
2.984413,SEND,453,18.009,45.478,100.000,446464,
2.986488,ACK,439,18.064,45.607,100.000,447488,base=402
2.986923,ACK,440,18.120,45.753,100.000,448512,base=402
2.986965,ACK,441,18.175,44.652,100.000,449536,base=402
2.988252,SEND,454,18.175,44.652,100.000,449536,
2.988480,SEND,455,18.175,44.652,100.000,449536,
2.988661,SEND,456,18.175,44.652,100.000,449536,
3.000263,ACK,442,18.230,44.836,100.000,450560,base=402
3.000340,ACK,443,18.285,44.247,100.000,451584,base=402
3.002118,SEND,457,18.285,44.247,100.000,451584,
3.002325,SEND,458,18.285,44.247,100.000,451584,
3.005444,ACK,444,18.339,44.343,100.000,452608,base=402
3.005500,NAK,425,18.339,,,452608,
3.005689,RETX,425,18.339,44.343,100.000,452608,retx#2
3.005728,ACK,445,18.394,44.237,100.000,453632,base=402
3.006157,SEND,459,18.394,44.237,100.000,453632,
3.006387,SEND,460,18.394,44.237,100.000,453632,
3.009046,ACK,446,18.448,44.534,100.000,454656,base=402
3.010225,SEND,461,18.448,44.534,100.000,454656,
3.019009,TIMEOUT,431,18.448,44.534,200.000,454656,
3.019267,RETX,431,18.448,44.534,200.000,454656,retx#1
3.022156,ACK,447,18.502,45.185,100.000,455680,base=402
3.022737,ACK,448,18.557,44.867,100.000,456704,base=402
3.024667,SEND,462,18.557,44.867,100.000,456704,
3.024859,SEND,463,18.557,44.867,100.000,456704,
3.026341,ACK,449,18.610,44.999,100.000,457728,base=402
3.026465,ACK,402,18.664,44.999,100.000,458752,base=425
3.026512,ACK,450,18.718,44.706,100.000,459776,base=425
3.026858,SEND,464,18.718,44.706,100.000,459776,
3.027268,SEND,465,18.718,44.706,100.000,459776,
3.027452,SEND,466,18.718,44.706,100.000,459776,
3.031174,ACK,451,18.771,45.003,100.000,460800,base=425
3.031233,ACK,452,18.824,45.251,100.000,461824,base=425
3.031452,RETX,425,16.733,45.251,100.000,461824,retx#3
3.031518,ACK,454,16.793,45.003,100.000,462848,base=425
3.031555,ACK,455,16.852,44.761,100.000,463872,base=425
3.032905,SEND,467,16.852,44.761,100.000,463872,
3.033085,SEND,468,16.852,44.761,100.000,463872,
3.047916,STATS,-1,16.852,44.761,100.000,463872,base=425 next=469 inflight=16
3.053710,ACK,457,16.911,45.612,100.000,464896,base=425
3.053772,ACK,458,16.971,46.341,100.000,465920,base=425
3.053809,ACK,459,17.030,46.505,100.000,466944,base=425
3.054167,SEND,469,17.030,46.505,100.000,466944,
3.054434,SEND,470,17.030,46.505,100.000,466944,
3.054620,SEND,471,17.030,46.505,100.000,466944,
3.054792,SEND,472,17.030,46.505,100.000,466944,
3.056458,ACK,460,17.088,46.948,100.000,467968,base=425
3.056968,SEND,473,17.088,46.948,100.000,467968,
3.057064,ACK,461,17.147,46.934,100.000,468992,base=425
3.060120,SEND,474,17.147,46.934,100.000,468992,
3.063226,ACK,431,17.205,46.934,100.000,470016,base=425
3.063295,NAK,425,17.205,,,470016,
3.063544,RETX,425,17.205,46.934,100.000,470016,retx#4
3.064502,SEND,475,17.205,46.934,100.000,470016,
3.074959,ACK,462,17.263,47.351,100.000,471040,base=425
3.075029,ACK,463,17.321,47.703,100.000,472064,base=425
3.075067,ACK,464,17.379,47.766,100.000,473088,base=425
3.077573,SEND,476,17.379,47.766,100.000,473088,
3.078009,SEND,477,17.379,47.766,100.000,473088,
3.078199,SEND,478,17.379,47.766,100.000,473088,
3.081149,ACK,465,17.436,48.527,100.000,474112,base=425
3.081222,ACK,466,17.494,49.182,100.000,475136,base=425
3.081271,ACK,425,17.551,49.182,100.000,476160,base=453
3.081307,ACK,467,17.608,49.084,100.000,477184,base=453
3.081341,ACK,468,17.665,48.980,100.000,478208,base=453
3.086061,SEND,479,17.665,48.980,100.000,478208,
3.086258,SEND,480,17.665,48.980,100.000,478208,
3.086816,SEND,481,17.665,48.980,100.000,478208,
3.087442,SEND,482,17.665,48.980,100.000,478208,
3.087631,SEND,483,17.665,48.980,100.000,478208,
3.087655,TIMEOUT,453,17.665,48.980,200.000,478208,
3.087838,RETX,453,17.665,48.980,200.000,478208,retx#1
3.107846,ACK,469,17.721,49.566,100.000,479232,base=453
3.107943,RETX,453,17.721,49.566,100.000,479232,retx#2
3.108038,SEND,484,17.721,49.566,100.000,479232,
3.108045,TIMEOUT,456,17.721,49.566,200.000,479232,
3.108126,RETX,456,17.721,49.566,200.000,479232,retx#1
3.108150,ACK,470,17.778,50.085,100.000,480256,base=453
3.108166,ACK,471,17.834,50.517,100.000,481280,base=453
3.109043,ACK,472,17.890,50.984,100.000,482304,base=453
3.110831,SEND,485,17.890,50.984,100.000,482304,
3.111014,SEND,486,17.890,50.984,100.000,482304,
3.111193,SEND,487,17.890,50.984,100.000,482304,
3.111238,ACK,473,17.946,51.395,100.000,483328,base=453
3.111270,ACK,474,18.002,51.364,100.000,484352,base=453
3.111702,DUPACK,425,18.002,,,484352,
3.111737,ACK,475,18.057,50.848,100.000,485376,base=453
3.113092,SEND,488,18.057,50.848,100.000,485376,
3.113274,SEND,489,18.057,50.848,100.000,485376,
3.113454,SEND,490,18.057,50.848,100.000,485376,
3.113635,SEND,491,18.057,50.848,100.000,485376,
3.129538,ACK,477,18.113,50.933,100.000,486400,base=453
3.129563,ACK,478,18.168,50.986,100.000,487424,base=453
3.129578,ACK,479,18.223,50.053,100.000,488448,base=453
3.129593,ACK,480,18.278,49.213,100.000,489472,base=453
3.131321,SEND,492,18.278,49.213,100.000,489472,
3.131503,SEND,493,18.278,49.213,100.000,489472,
3.131681,SEND,494,18.278,49.213,100.000,489472,
3.131859,SEND,495,18.278,49.213,100.000,489472,
3.135381,ACK,481,18.332,49.132,100.000,490496,base=453
3.135532,SEND,496,18.332,49.132,100.000,490496,
3.140157,ACK,483,18.387,49.555,100.000,491520,base=453
3.140492,NAK,482,18.387,,,491520,
3.140646,RETX,482,18.387,49.555,100.000,491520,retx#1
3.140672,ACK,453,18.441,49.555,100.000,492544,base=456
3.140952,SEND,497,18.441,49.555,100.000,492544,
3.141102,SEND,498,18.441,49.555,100.000,492544,
3.148168,STATS,-1,18.441,49.555,100.000,492544,base=456 next=499 inflight=18
3.159592,DUPACK,453,18.441,,,492544,
3.159645,ACK,484,18.496,49.811,100.000,493568,base=456
3.159691,ACK,456,18.550,49.811,100.000,494592,base=476
3.159725,ACK,485,18.604,49.695,100.000,495616,base=476
3.159758,ACK,487,18.657,49.554,100.000,496640,base=476
3.160431,SEND,499,18.657,49.554,100.000,496640,
3.160665,SEND,500,18.657,49.554,100.000,496640,
3.160893,SEND,501,18.657,49.554,100.000,496640,
3.161121,SEND,502,18.657,49.554,100.000,496640,
3.161955,ACK,488,18.711,49.467,100.000,497664,base=476
3.162154,RETX,476,16.632,49.467,100.000,497664,retx#1
3.162212,ACK,489,16.692,49.400,100.000,498688,base=476
3.162243,ACK,490,16.752,49.323,100.000,499712,base=476
3.162270,ACK,491,16.812,49.236,100.000,500736,base=476
3.163077,SEND,503,16.812,49.236,100.000,500736,
3.163258,SEND,504,16.812,49.236,100.000,500736,
3.172659,ACK,492,16.871,48.248,100.000,501760,base=476
3.173381,SEND,505,16.871,48.248,100.000,501760,
3.180550,ACK,494,16.930,48.323,100.000,502784,base=476
3.180610,ACK,495,16.989,48.376,100.000,503808,base=476
3.181519,SEND,506,16.989,48.376,100.000,503808,
3.181748,SEND,507,16.989,48.376,100.000,503808,
3.184772,ACK,497,17.048,47.803,100.000,504832,base=476
3.184856,NAK,496,17.048,,,504832,
3.185427,RETX,496,17.048,47.803,100.000,504832,retx#1
3.186512,SEND,508,17.048,47.803,100.000,504832,
3.186748,SEND,509,17.048,47.803,100.000,504832,
3.189758,ACK,498,17.107,47.908,100.000,505856,base=476
3.189788,NAK,482,17.107,,,505856,
3.189980,RETX,482,17.107,47.908,100.000,505856,retx#2
3.190661,SEND,510,17.107,47.908,100.000,505856,
3.208881,ACK,499,17.165,47.972,100.000,506880,base=476
3.209316,SEND,511,17.165,47.972,100.000,506880,
3.209416,ACK,500,17.224,48.068,100.000,507904,base=476
3.209462,ACK,501,17.282,48.130,100.000,508928,base=476
3.209497,ACK,502,17.340,48.160,100.000,509952,base=476
3.209534,ACK,476,17.397,48.160,100.000,510976,base=482
3.209565,ACK,503,17.455,47.951,100.000,512000,base=482
3.209598,ACK,504,17.512,47.749,100.000,513024,base=482
3.211430,SEND,512,17.512,47.749,100.000,513024,
3.211662,SEND,513,17.512,47.749,100.000,513024,
3.211892,SEND,514,17.512,47.749,100.000,513024,
3.212124,SEND,515,17.512,47.749,100.000,513024,
3.212350,SEND,516,17.512,47.749,100.000,513024,
3.212576,SEND,517,17.512,47.749,100.000,513024,
3.212592,TIMEOUT,486,17.512,47.749,200.000,513024,
3.212825,RETX,486,17.512,47.749,200.000,513024,retx#1
3.216841,ACK,505,17.569,47.212,100.000,514048,base=482
3.217091,RETX,482,17.569,47.212,100.000,514048,retx#3
3.218121,SEND,518,17.569,47.212,100.000,514048,
3.222015,ACK,506,17.626,46.370,100.000,515072,base=482
3.222324,SEND,519,17.626,46.370,100.000,515072,
3.222384,ACK,507,17.683,45.652,100.000,516096,base=482
3.224555,SEND,520,17.683,45.652,100.000,516096,
3.232367,TIMEOUT,493,17.683,45.652,200.000,516096,
3.232618,RETX,493,17.683,45.652,200.000,516096,retx#1
3.233424,ACK,496,17.739,45.652,200.000,517120,base=482
3.235111,SEND,521,17.739,45.652,200.000,517120,
3.237517,ACK,508,17.796,46.319,100.000,518144,base=482
3.237571,ACK,509,17.852,46.880,100.000,519168,base=482
3.237607,ACK,482,17.908,46.880,100.000,520192,base=486
3.237895,SEND,522,17.908,46.880,100.000,520192,
3.238111,SEND,523,17.908,46.880,100.000,520192,
3.238284,SEND,524,17.908,46.880,100.000,520192,
3.238359,ACK,510,17.964,46.981,100.000,521216,base=486
3.240287,SEND,525,17.964,46.981,100.000,521216,
3.249767,STATS,-1,17.964,46.981,100.000,521216,base=486 next=526 inflight=17
3.249969,ACK,511,18.019,46.188,100.000,522240,base=486
3.250946,ACK,512,18.075,45.351,100.000,523264,base=486
3.251258,RETX,486,18.075,45.351,100.000,523264,retx#2
3.251925,SEND,526,18.075,45.351,100.000,523264,
3.252114,SEND,527,18.075,45.351,100.000,523264,
3.252399,SEND,528,18.075,45.351,100.000,523264,
3.259470,ACK,513,18.130,45.657,100.000,524288,base=486
3.259508,ACK,514,18.185,45.901,100.000,525312,base=486
3.261339,SEND,529,18.185,45.901,100.000,525312,
3.261574,SEND,530,18.185,45.901,100.000,525312,
3.262675,ACK,515,18.240,46.481,100.000,526336,base=486
3.262715,ACK,516,18.295,46.966,100.000,527360,base=486
3.262750,ACK,517,18.350,47.367,100.000,528384,base=486
3.262786,ACK,486,18.404,47.367,100.000,529408,base=493
3.263578,SEND,531,18.404,47.367,100.000,529408,
3.263809,SEND,532,18.404,47.367,100.000,529408,
3.264036,SEND,533,18.404,47.367,100.000,529408,
3.264262,SEND,534,18.404,47.367,100.000,529408,
3.264830,DUPACK,482,18.404,,,529408,
3.264917,ACK,518,18.459,47.294,100.000,530432,base=493
3.264979,ACK,519,18.513,46.713,100.000,531456,base=493
3.266159,SEND,535,18.513,46.713,100.000,531456,
3.266288,SEND,536,18.513,46.713,100.000,531456,
3.273501,ACK,520,18.567,46.992,100.000,532480,base=493
3.273617,RETX,493,18.567,46.992,100.000,532480,retx#2
3.273655,ACK,493,18.621,46.992,100.000,533504,base=521
3.275359,SEND,537,18.621,46.992,100.000,533504,
3.279366,SEND,538,18.621,46.992,100.000,533504,
3.280118,ACK,521,18.675,46.743,100.000,534528,base=522
3.280207,ACK,522,18.728,46.188,100.000,535552,base=523
3.280251,ACK,523,18.781,45.682,100.000,536576,base=524
3.280287,ACK,524,18.835,45.221,100.000,537600,base=525
3.280321,ACK,525,18.888,44.573,100.000,538624,base=526
3.281313,SEND,539,18.888,44.573,100.000,538624,
3.281429,SEND,540,18.888,44.573,100.000,538624,
3.281539,SEND,541,18.888,44.573,100.000,538624,
3.281648,SEND,542,18.888,44.573,100.000,538624,
3.281757,SEND,543,18.888,44.573,100.000,538624,
3.285627,DUPACK,486,18.888,,,538624,
3.290196,ACK,526,18.941,43.783,100.000,539648,base=527
3.290362,ACK,527,18.994,43.090,100.000,540672,base=528
3.291368,SEND,544,18.994,43.090,100.000,540672,
3.291552,SEND,545,18.994,43.090,100.000,540672,
3.297751,ACK,528,19.046,43.359,100.000,541696,base=529
3.298049,SEND,546,19.046,43.359,100.000,541696,
3.298224,SEND,547,19.046,43.359,100.000,541696,
3.313136,ACK,529,19.099,44.410,100.000,542720,base=530
3.313204,ACK,530,19.151,45.312,100.000,543744,base=531
3.313241,ACK,531,19.203,45.855,100.000,544768,base=532
3.313283,ACK,532,19.255,46.307,100.000,545792,base=533
3.314211,ACK,533,19.307,46.699,100.000,546816,base=534
3.314360,ACK,534,19.359,47.122,100.000,547840,base=535
3.314761,SEND,548,19.359,47.122,100.000,547840,
3.314972,SEND,549,19.359,47.122,100.000,547840,
3.315426,SEND,550,19.359,47.122,100.000,547840,
3.315677,SEND,551,19.359,47.122,100.000,547840,
3.315905,SEND,552,19.359,47.122,100.000,547840,
3.316131,SEND,553,19.359,47.122,100.000,547840,
3.316219,ACK,535,19.411,47.487,100.000,548864,base=536
3.316268,ACK,536,19.462,47.798,100.000,549888,base=537
3.318056,SEND,554,19.462,47.798,100.000,549888,
3.318288,SEND,555,19.462,47.798,100.000,549888,
3.323802,DUPACK,493,19.462,,,549888,
3.324213,ACK,537,19.514,47.928,100.000,550912,base=538
3.324258,ACK,538,19.565,47.549,100.000,551936,base=539
3.324298,ACK,540,19.616,46.963,100.000,552960,base=539
3.325095,SEND,556,19.616,46.963,100.000,552960,
3.325346,SEND,557,19.616,46.963,100.000,552960,
3.325645,SEND,558,19.616,46.963,100.000,552960,
3.326880,NAK,539,19.616,,,552960,
3.327874,RETX,539,17.436,46.963,100.000,552960,retx#1
3.327993,ACK,541,17.494,46.898,100.000,553984,base=539
3.330961,ACK,542,17.551,47.197,100.000,555008,base=539
3.331326,RETX,539,17.551,47.197,100.000,555008,retx#2
3.331412,ACK,543,17.608,47.503,100.000,556032,base=539
3.331530,ACK,544,17.665,46.585,100.000,557056,base=539
3.332581,SEND,559,17.665,46.585,100.000,557056,
3.332809,SEND,560,17.665,46.585,100.000,557056,
3.341562,ACK,545,17.721,47.011,100.000,558080,base=539
3.344561,SEND,561,17.721,47.011,100.000,558080,
3.349939,STATS,-1,17.721,47.011,100.000,558080,base=539 next=562 inflight=17
3.350082,ACK,546,17.778,47.637,100.000,559104,base=539
3.352144,SEND,562,17.778,47.637,100.000,559104,
3.362794,ACK,548,17.834,47.686,100.000,560128,base=539
3.362841,NAK,547,17.834,,,560128,
3.363094,RETX,547,17.834,47.686,100.000,560128,retx#1
3.363175,ACK,550,17.890,47.693,100.000,561152,base=539
3.363215,ACK,551,17.946,47.674,100.000,562176,base=539
3.363249,ACK,552,18.002,47.632,100.000,563200,base=539
3.364365,SEND,563,18.002,47.632,100.000,563200,
3.364493,SEND,564,18.002,47.632,100.000,563200,
3.364618,SEND,565,18.002,47.632,100.000,563200,
3.364743,SEND,566,18.002,47.632,100.000,563200,
3.364868,SEND,567,18.002,47.632,100.000,563200,
3.368801,ACK,553,18.057,48.259,100.000,564224,base=539
3.368880,ACK,554,18.113,48.579,100.000,565248,base=539
3.368919,ACK,555,18.168,48.835,100.000,566272,base=539
3.370512,SEND,568,18.168,48.835,100.000,566272,
3.370743,SEND,569,18.168,48.835,100.000,566272,
3.370922,SEND,570,18.168,48.835,100.000,566272,
3.371040,ACK,556,18.223,48.472,100.000,567296,base=539
3.371093,ACK,557,18.278,48.131,100.000,568320,base=539
3.373003,SEND,571,18.278,48.131,100.000,568320,
3.373204,SEND,572,18.278,48.131,100.000,568320,
3.376655,NAK,539,18.278,,,568320,
3.377101,RETX,539,18.278,48.131,100.000,568320,retx#3
3.377804,ACK,558,18.332,48.632,100.000,569344,base=539
3.377864,ACK,539,18.387,48.632,100.000,570368,base=547
3.377949,DUPACK,539,18.387,,,570368,
3.378000,ACK,559,18.441,48.229,100.000,571392,base=547
3.379139,SEND,573,18.441,48.229,100.000,571392,
3.379321,SEND,574,18.441,48.229,100.000,571392,
3.379503,SEND,575,18.441,48.229,100.000,571392,
3.391581,ACK,561,18.496,48.077,100.000,572416,base=547
3.391747,NAK,560,18.496,,,572416,
3.391986,RETX,560,18.496,48.077,100.000,572416,retx#1
3.393239,SEND,576,18.496,48.077,100.000,572416,
3.394644,ACK,562,18.550,47.379,100.000,573440,base=547
3.394889,RETX,547,18.550,47.379,100.000,573440,retx#2
3.395276,SEND,577,18.550,47.379,100.000,573440,
3.404705,ACK,547,18.604,47.379,100.000,574464,base=549
3.404769,ACK,563,18.657,46.506,100.000,575488,base=549
3.404808,ACK,564,18.711,45.731,100.000,576512,base=549
3.404843,ACK,565,18.764,45.042,100.000,577536,base=549
3.405068,RETX,549,18.764,45.042,100.000,577536,retx#1
3.406209,SEND,578,18.764,45.042,100.000,577536,
3.406394,SEND,579,18.764,45.042,100.000,577536,
3.406567,SEND,580,18.764,45.042,100.000,577536,
3.406738,SEND,581,18.764,45.042,100.000,577536,
3.410877,ACK,566,18.818,45.176,100.000,578560,base=549
3.412870,SEND,582,18.818,45.176,100.000,578560,
3.413617,ACK,567,18.871,45.620,100.000,579584,base=549
3.414872,SEND,583,18.871,45.620,100.000,579584,
3.418347,ACK,568,18.924,45.895,100.000,580608,base=549
3.418626,SEND,584,18.924,45.895,100.000,580608,
3.418695,ACK,569,18.977,46.151,100.000,581632,base=549
3.418806,ACK,570,19.029,46.366,100.000,582656,base=549
3.420310,ACK,571,19.082,46.483,100.000,583680,base=549
3.420359,ACK,572,19.134,46.567,100.000,584704,base=549
3.420391,DUPACK,539,19.134,,,584704,
3.420425,ACK,573,19.187,45.906,100.000,585728,base=549
3.420637,SEND,585,19.187,45.906,100.000,585728,
3.420819,SEND,586,19.187,45.906,100.000,585728,
3.420995,SEND,587,19.187,45.906,100.000,585728,
3.421165,SEND,588,19.187,45.906,100.000,585728,
3.421349,SEND,589,19.187,45.906,100.000,585728,
3.421567,SEND,590,19.187,45.906,100.000,585728,
3.425537,ACK,574,19.239,45.942,100.000,586752,base=549
3.426910,SEND,591,19.239,45.942,100.000,586752,
3.430778,ACK,575,19.291,46.606,100.000,587776,base=549
3.432385,SEND,592,19.291,46.606,100.000,587776,
3.435998,ACK,560,19.343,46.606,100.000,588800,base=549
3.436063,ACK,576,19.394,46.133,100.000,589824,base=549
3.437745,SEND,593,19.394,46.133,100.000,589824,
3.437958,SEND,594,19.394,46.133,100.000,589824,
3.442293,DUPACK,547,19.394,,,589824,
3.442511,ACK,577,19.446,46.269,100.000,590848,base=549
3.442564,ACK,549,19.497,46.269,100.000,591872,base=578
3.443462,SEND,595,19.497,46.269,100.000,591872,
3.443642,SEND,596,19.497,46.269,100.000,591872,
3.443774,ACK,578,19.548,45.180,100.000,592896,base=579
3.445751,SEND,597,19.548,45.180,100.000,592896,
3.450971,STATS,-1,19.548,45.180,100.000,592896,base=579 next=598 inflight=19
3.452854,ACK,579,19.600,45.335,100.000,593920,base=580
3.452923,ACK,580,19.651,45.461,100.000,594944,base=581
3.452964,ACK,581,19.702,45.556,100.000,595968,base=582
3.453000,ACK,582,19.752,44.878,100.000,596992,base=583
3.454698,SEND,598,19.752,44.878,100.000,596992,
3.454894,SEND,599,19.752,44.878,100.000,596992,
3.455104,SEND,600,19.752,44.878,100.000,596992,
3.455283,SEND,601,19.752,44.878,100.000,596992,
3.464580,NAK,583,19.752,,,596992,
3.464822,RETX,583,17.558,44.878,100.000,596992,retx#1
3.470255,ACK,585,17.615,45.467,100.000,598016,base=583
3.470333,ACK,586,17.671,45.972,100.000,599040,base=583
3.470370,ACK,587,17.728,46.397,100.000,600064,base=583
3.470646,RETX,583,17.728,46.397,100.000,600064,retx#2
3.471449,SEND,602,17.728,46.397,100.000,600064,
3.473869,ACK,588,17.784,47.183,100.000,601088,base=583
3.473918,ACK,589,17.841,47.856,100.000,602112,base=583
3.473954,ACK,590,17.897,48.422,100.000,603136,base=583
3.473989,ACK,591,17.952,48.254,100.000,604160,base=583
3.474024,ACK,592,18.008,47.427,100.000,605184,base=583
3.475163,SEND,603,18.008,47.427,100.000,605184,
3.475502,SEND,604,18.008,47.427,100.000,605184,
3.475734,SEND,605,18.008,47.427,100.000,605184,
3.476000,SEND,606,18.008,47.427,100.000,605184,
3.476173,SEND,607,18.008,47.427,100.000,605184,
3.476746,SEND,608,18.008,47.427,100.000,605184,
3.482081,ACK,594,18.064,47.012,100.000,606208,base=583
3.482583,SEND,609,18.064,47.012,100.000,606208,
3.483261,NAK,593,18.064,,,606208,
3.483501,RETX,593,18.064,47.012,100.000,606208,retx#1
3.486983,ACK,595,18.119,46.573,100.000,607232,base=583
3.488033,SEND,610,18.119,46.573,100.000,607232,
3.491899,ACK,598,18.174,45.399,100.000,608256,base=583
3.491982,NAK,596,18.174,,,608256,
3.492309,RETX,596,18.174,45.399,100.000,608256,retx#1
3.492544,NAK,597,18.174,,,608256,
3.492744,RETX,597,18.174,45.399,100.000,608256,retx#1
3.493658,SEND,611,18.174,45.399,100.000,608256,
3.498405,ACK,599,18.229,45.160,100.000,609280,base=583
3.499364,SEND,612,18.229,45.160,100.000,609280,
3.507366,ACK,600,18.284,46.014,100.000,610304,base=583
3.507603,ACK,601,18.339,46.800,100.000,611328,base=583
3.509209,SEND,613,18.339,46.800,100.000,611328,
3.509437,SEND,614,18.339,46.800,100.000,611328,
3.509607,ACK,583,18.393,46.800,100.000,612352,base=584
3.511477,SEND,615,18.393,46.800,100.000,612352,
3.519062,TIMEOUT,584,18.393,46.800,200.000,612352,
3.519425,RETX,584,18.393,46.800,200.000,612352,retx#1
3.520362,ACK,602,18.448,47.063,100.000,613376,base=584
3.520688,ACK,603,18.502,46.869,100.000,614400,base=584
3.521735,ACK,604,18.556,46.771,100.000,615424,base=584
3.522238,RETX,584,18.556,46.771,100.000,615424,retx#2
3.522514,SEND,616,18.556,46.771,100.000,615424,
3.522754,SEND,617,18.556,46.771,100.000,615424,
3.522955,SEND,618,18.556,46.771,100.000,615424,
3.523093,ACK,605,18.610,46.844,100.000,616448,base=584
3.523167,ACK,606,18.664,46.884,100.000,617472,base=584
3.523205,ACK,607,18.717,46.901,100.000,618496,base=584
3.523240,ACK,608,18.771,46.892,100.000,619520,base=584
3.523274,ACK,609,18.824,46.116,100.000,620544,base=584
3.525076,SEND,619,18.824,46.116,100.000,620544,
3.525261,SEND,620,18.824,46.116,100.000,620544,
3.525484,SEND,621,18.824,46.116,100.000,620544,
3.525737,SEND,622,18.824,46.116,100.000,620544,
3.526575,SEND,623,18.824,46.116,100.000,620544,
3.531282,ACK,610,18.877,45.756,100.000,621568,base=584
3.533154,SEND,624,18.877,45.756,100.000,621568,
3.539355,ACK,596,18.930,45.756,100.000,622592,base=584
3.539411,NAK,593,18.930,,,622592,
3.539622,RETX,593,18.930,45.756,100.000,622592,retx#2
3.539663,ACK,597,18.983,45.756,100.000,623616,base=584
3.540609,SEND,625,18.983,45.756,100.000,623616,
3.540788,SEND,626,18.983,45.756,100.000,623616,
3.543764,ACK,612,19.036,45.539,100.000,624640,base=584
3.544167,NAK,611,19.036,,,624640,
3.544383,RETX,611,19.036,45.539,100.000,624640,retx#1
3.544702,SEND,627,19.036,45.539,100.000,624640,
3.544878,SEND,628,19.036,45.539,100.000,624640,
3.551678,STATS,-1,19.036,45.539,100.000,624640,base=584 next=629 inflight=19
3.553083,ACK,613,19.088,45.329,100.000,625664,base=584
3.553181,ACK,614,19.140,45.130,100.000,626688,base=584
3.553834,SEND,629,19.140,45.130,100.000,626688,
3.554048,SEND,630,19.140,45.130,100.000,626688,
3.556462,ACK,615,19.193,45.109,100.000,627712,base=584
3.556525,ACK,584,19.245,45.109,100.000,628736,base=593
3.557311,SEND,631,19.245,45.109,100.000,628736,
3.557584,SEND,632,19.245,45.109,100.000,628736,
3.559695,ACK,616,19.297,44.113,100.000,629760,base=593
3.560381,SEND,633,19.297,44.113,100.000,629760,
3.565797,ACK,617,19.349,43.977,100.000,630784,base=593
3.566115,SEND,634,19.349,43.977,100.000,630784,
3.577323,ACK,619,19.400,45.003,100.000,631808,base=593
3.577567,RETX,593,19.400,45.003,100.000,631808,retx#3
3.577715,ACK,620,19.452,45.933,100.000,632832,base=593
3.577843,ACK,621,19.503,46.726,100.000,633856,base=593
3.577888,ACK,622,19.554,47.404,100.000,634880,base=593
3.577950,ACK,624,19.606,47.078,100.000,635904,base=593
3.578317,SEND,635,19.606,47.078,100.000,635904,
3.578512,SEND,636,19.606,47.078,100.000,635904,
3.579079,SEND,637,19.606,47.078,100.000,635904,
3.579262,SEND,638,19.606,47.078,100.000,635904,
3.579546,SEND,639,19.606,47.078,100.000,635904,
3.591446,ACK,593,19.657,47.078,100.000,636928,base=611
3.591505,ACK,625,19.707,47.554,100.000,637952,base=611
3.591544,ACK,626,19.758,47.954,100.000,638976,base=611
3.591579,ACK,611,19.809,47.954,100.000,640000,base=618
3.591613,ACK,627,19.859,47.823,100.000,641024,base=618
3.591646,ACK,628,19.910,47.690,100.000,642048,base=618
3.593307,SEND,640,19.910,47.690,100.000,642048,
3.593497,SEND,641,19.910,47.690,100.000,642048,
3.593672,SEND,642,19.910,47.690,100.000,642048,
3.593839,SEND,643,19.910,47.690,100.000,642048,
3.594092,SEND,644,19.910,47.690,100.000,642048,
3.594347,SEND,645,19.910,47.690,100.000,642048,
3.604651,ACK,629,19.960,48.079,100.000,643072,base=618
3.604928,RETX,618,17.742,48.079,100.000,643072,retx#1
3.609108,ACK,630,17.799,48.950,100.000,644096,base=618
3.609325,ACK,631,17.855,49.333,100.000,645120,base=618
3.609346,ACK,632,17.911,49.637,100.000,646144,base=618
3.609363,ACK,633,17.967,49.555,100.000,647168,base=618
3.609378,ACK,634,18.022,48.769,100.000,648192,base=618
3.610232,SEND,646,18.022,48.769,100.000,648192,
3.610339,SEND,647,18.022,48.769,100.000,648192,
3.610436,SEND,648,18.022,48.769,100.000,648192,
3.610533,SEND,649,18.022,48.769,100.000,648192,
3.610628,SEND,650,18.022,48.769,100.000,648192,
3.621231,DUPACK,593,18.022,,,648192,
3.627399,TIMEOUT,623,18.022,48.769,200.000,648192,
3.627874,RETX,623,18.022,48.769,200.000,648192,retx#1
3.629190,ACK,635,18.078,49.031,100.000,649216,base=618
3.629225,ACK,636,18.133,49.241,100.000,650240,base=618
3.629628,ACK,637,18.188,49.404,100.000,651264,base=618
3.630820,SEND,651,18.188,49.404,100.000,651264,
3.631201,SEND,652,18.188,49.404,100.000,651264,
3.631526,SEND,653,18.188,49.404,100.000,651264,
3.640330,ACK,638,18.243,50.860,100.000,652288,base=618
3.640443,ACK,639,18.298,52.113,100.000,653312,base=618
3.640576,ACK,640,18.353,51.506,100.000,654336,base=618
3.642253,SEND,654,18.353,51.506,100.000,654336,
3.642430,SEND,655,18.353,51.506,100.000,654336,
3.642564,SEND,656,18.353,51.506,100.000,654336,
3.645331,ACK,641,18.407,51.546,100.000,655360,base=618
3.645371,ACK,642,18.461,51.565,100.000,656384,base=618
3.646220,SEND,657,18.461,51.565,100.000,656384,
3.646349,SEND,658,18.461,51.565,100.000,656384,
3.647499,ACK,645,18.516,51.763,100.000,657408,base=618
3.648240,SEND,659,18.516,51.763,100.000,657408,
3.649481,ACK,646,18.570,50.198,100.000,658432,base=618
3.650167,SEND,660,18.570,50.198,100.000,658432,
3.651942,STATS,-1,18.570,50.198,100.000,658432,base=618 next=661 inflight=18
3.665580,ACK,647,18.623,50.827,100.000,659456,base=618
3.665618,ACK,648,18.677,51.371,100.000,660480,base=618
3.666114,SEND,661,18.677,51.371,100.000,660480,
3.666243,SEND,662,18.677,51.371,100.000,660480,
3.666655,ACK,649,18.731,51.964,100.000,661504,base=618
3.668127,SEND,663,18.731,51.964,100.000,661504,
3.674923,ACK,651,18.784,50.982,100.000,662528,base=618
3.674945,NAK,650,18.784,,,662528,
3.675091,RETX,650,18.784,50.982,100.000,662528,retx#1
3.675263,SEND,664,18.784,50.982,100.000,662528,
3.675638,ACK,652,18.837,50.163,100.000,663552,base=618
3.675658,ACK,653,18.890,49.409,100.000,664576,base=618
3.677150,SEND,665,18.890,49.409,100.000,664576,
3.677277,SEND,666,18.890,49.409,100.000,664576,
3.679362,ACK,654,18.943,47.871,100.000,665600,base=618
3.680935,SEND,667,18.943,47.871,100.000,665600,
3.682327,ACK,656,18.996,46.857,100.000,666624,base=618
3.682840,SEND,668,18.996,46.857,100.000,666624,
3.687571,NAK,655,18.996,,,666624,
3.687740,RETX,655,18.996,46.857,100.000,666624,retx#1
3.687809,ACK,657,19.049,46.197,100.000,667648,base=618
3.688246,SEND,669,19.049,46.197,100.000,667648,
3.688395,SEND,670,19.049,46.197,100.000,667648,
3.693236,ACK,658,19.101,46.282,100.000,668672,base=618
3.693266,ACK,659,19.154,46.125,100.000,669696,base=618
3.693291,ACK,660,19.206,45.750,100.000,670720,base=618
3.693538,SEND,671,19.206,45.750,100.000,670720,
3.693687,SEND,672,19.206,45.750,100.000,670720,
3.693834,SEND,673,19.206,45.750,100.000,670720,
3.693844,TIMEOUT,643,19.206,45.750,200.000,670720,
3.693993,RETX,643,19.206,45.750,200.000,670720,retx#1
3.702437,ACK,661,19.258,44.570,100.000,671744,base=618
3.704017,SEND,674,19.258,44.570,100.000,671744,
3.704034,TIMEOUT,644,19.258,44.570,200.000,671744,
3.704192,RETX,644,19.258,44.570,200.000,671744,retx#1
3.713982,NAK,643,19.258,,,671744,
3.714184,RETX,643,19.258,44.570,200.000,671744,retx#2
3.714263,ACK,662,19.310,45.001,100.000,672768,base=618
3.714485,SEND,675,19.310,45.001,100.000,672768,
3.714506,TIMEOUT,618,19.310,45.001,200.000,672768,
3.714692,RETX,618,19.310,45.001,200.000,672768,retx#2
3.714747,ACK,663,19.362,45.202,100.000,673792,base=618
3.716348,ACK,650,19.413,45.202,100.000,674816,base=618
3.717424,SEND,676,19.413,45.202,100.000,674816,
3.717609,SEND,677,19.413,45.202,100.000,674816,
3.727850,ACK,664,19.465,46.124,100.000,675840,base=618
3.727884,ACK,665,19.516,46.700,100.000,676864,base=618
3.727911,ACK,666,19.567,47.191,100.000,677888,base=618
3.727937,ACK,667,19.618,47.167,100.000,678912,base=618
3.729477,SEND,678,19.618,47.167,100.000,678912,
3.729660,SEND,679,19.618,47.167,100.000,678912,
3.729838,SEND,680,19.618,47.167,100.000,678912,
3.730015,SEND,681,19.618,47.167,100.000,678912,
3.730025,TIMEOUT,623,19.618,47.167,200.000,678912,
3.730205,RETX,623,19.618,47.167,200.000,678912,retx#2
3.733058,ACK,668,19.669,47.547,100.000,679936,base=618
3.733099,ACK,655,19.720,47.547,100.000,680960,base=618
3.734998,ACK,669,19.771,47.446,100.000,681984,base=618
3.735043,ACK,670,19.822,47.345,100.000,683008,base=618
3.735074,ACK,671,19.872,46.619,100.000,684032,base=618
3.735321,SEND,682,19.872,46.619,100.000,684032,
3.735513,SEND,683,19.872,46.619,100.000,684032,
3.735693,SEND,684,19.872,46.619,100.000,684032,
3.735872,SEND,685,19.872,46.619,100.000,684032,
3.736046,SEND,686,19.872,46.619,100.000,684032,
3.739411,ACK,672,19.922,46.505,100.000,685056,base=618
3.739452,ACK,643,19.973,46.505,100.000,686080,base=618
3.741128,SEND,687,19.973,46.505,100.000,686080,
3.741312,SEND,688,19.973,46.505,100.000,686080,
3.747105,ACK,674,20.023,46.077,100.000,687104,base=618
3.747148,ACK,644,20.073,46.077,100.000,688128,base=618
3.748243,SEND,689,20.073,46.077,100.000,688128,
3.748405,SEND,690,20.073,46.077,100.000,688128,
3.748557,SEND,691,20.073,46.077,100.000,688128,
3.753358,STATS,-1,20.073,46.077,100.000,688128,base=618 next=692 inflight=20
3.759468,DUPACK,643,20.073,,,688128,
3.762763,ACK,675,20.122,46.349,100.000,689152,base=618
3.762822,ACK,618,20.172,46.349,100.000,690176,base=623
3.762987,ACK,676,20.222,46.250,100.000,691200,base=623
3.763044,ACK,677,20.271,46.147,100.000,692224,base=623
3.763280,SEND,692,20.271,46.147,100.000,692224,
3.763791,SEND,693,20.271,46.147,100.000,692224,
3.764042,SEND,694,20.271,46.147,100.000,692224,
3.764247,SEND,695,20.271,46.147,100.000,692224,
3.770317,ACK,678,20.320,45.482,100.000,693248,base=623
3.770460,RETX,623,20.320,45.482,100.000,693248,retx#3
3.770490,ACK,679,20.370,44.900,100.000,694272,base=623
3.770744,SEND,696,20.370,44.900,100.000,694272,
3.770862,SEND,697,20.370,44.900,100.000,694272,
3.773760,ACK,680,20.419,44.774,100.000,695296,base=623
3.773841,ACK,681,20.468,44.655,100.000,696320,base=623
3.773915,ACK,623,20.517,44.655,100.000,697344,base=673
3.774188,SEND,698,20.517,44.655,100.000,697344,
3.774397,SEND,699,20.517,44.655,100.000,697344,
3.774580,SEND,700,20.517,44.655,100.000,697344,
3.776991,ACK,682,20.565,44.281,100.000,698368,base=673
3.777052,ACK,683,20.614,43.938,100.000,699392,base=673
3.778094,SEND,701,20.614,43.938,100.000,699392,
3.778355,SEND,702,20.614,43.938,100.000,699392,
3.783530,ACK,684,20.662,44.422,100.000,700416,base=673
3.783845,RETX,673,18.367,44.422,100.000,700416,retx#1
3.783958,ACK,685,18.421,44.878,100.000,701440,base=673
3.784008,ACK,687,18.475,44.628,100.000,702464,base=673
3.784047,NAK,686,18.475,,,702464,
3.784289,RETX,686,18.475,44.628,100.000,702464,retx#1
3.784367,ACK,688,18.529,44.430,100.000,703488,base=673
3.785070,SEND,703,18.529,44.430,100.000,703488,
3.785308,SEND,704,18.529,44.430,100.000,703488,
3.785869,ACK,689,18.583,43.578,100.000,704512,base=673
3.787330,SEND,705,18.583,43.578,100.000,704512,
3.791404,ACK,690,18.637,43.502,100.000,705536,base=673
3.792651,SEND,706,18.637,43.502,100.000,705536,
3.794810,ACK,691,18.691,43.842,100.000,706560,base=673
3.796328,SEND,707,18.691,43.842,100.000,706560,
3.801138,ACK,692,18.744,43.092,100.000,707584,base=673
3.801203,ACK,693,18.798,42.381,100.000,708608,base=673
3.801240,ACK,694,18.851,41.733,100.000,709632,base=673
3.801603,SEND,708,18.851,41.733,100.000,709632,
3.801789,SEND,709,18.851,41.733,100.000,709632,
3.801963,SEND,710,18.851,41.733,100.000,709632,
3.810555,ACK,696,18.904,41.490,100.000,710656,base=673
3.811035,SEND,711,18.904,41.490,100.000,710656,
3.815641,NAK,695,18.904,,,710656,
3.815907,RETX,695,18.904,41.490,100.000,710656,retx#1
3.816018,ACK,697,18.957,41.946,100.000,711680,base=673
3.816791,SEND,712,18.957,41.946,100.000,711680,
3.819532,ACK,698,19.010,42.367,100.000,712704,base=673
3.819611,ACK,700,19.062,42.700,100.000,713728,base=673
3.819651,ACK,701,19.115,42.557,100.000,714752,base=673
3.820657,SEND,713,19.115,42.557,100.000,714752,
3.820853,SEND,714,19.115,42.557,100.000,714752,
3.821027,SEND,715,19.115,42.557,100.000,714752,
3.821201,SEND,716,19.115,42.557,100.000,714752,
3.825861,ACK,702,19.167,43.171,100.000,715776,base=673
3.826269,SEND,717,19.167,43.171,100.000,715776,
3.828330,ACK,673,19.219,43.171,100.000,716800,base=686
3.830143,SEND,718,19.219,43.171,100.000,716800,
3.836743,ACK,686,19.271,43.171,100.000,717824,base=695
3.836841,ACK,703,19.323,44.245,100.000,718848,base=695
3.836878,ACK,704,19.375,45.160,100.000,719872,base=695
3.836947,ACK,705,19.426,45.717,100.000,720896,base=695
3.837328,RETX,695,19.426,45.717,100.000,720896,retx#2
3.837559,SEND,719,19.426,45.717,100.000,720896,
3.837740,SEND,720,19.426,45.717,100.000,720896,
3.837944,SEND,721,19.426,45.717,100.000,720896,
3.838125,SEND,722,19.426,45.717,100.000,720896,
3.838224,ACK,707,19.478,45.239,100.000,721920,base=695
3.838615,NAK,706,19.478,,,721920,
3.838830,RETX,706,19.478,45.239,100.000,721920,retx#1
3.840048,SEND,723,19.478,45.239,100.000,721920,
3.850986,ACK,708,19.529,45.753,100.000,722944,base=695
3.851056,ACK,709,19.581,46.192,100.000,723968,base=695
3.851327,ACK,710,19.632,46.586,100.000,724992,base=695
3.851374,ACK,711,19.683,45.805,100.000,726016,base=695
3.852257,SEND,724,19.683,45.805,100.000,726016,
3.852446,SEND,725,19.683,45.805,100.000,726016,
3.852620,SEND,726,19.683,45.805,100.000,726016,
3.852789,SEND,727,19.683,45.805,100.000,726016,
3.854535,STATS,-1,19.683,45.805,100.000,726016,base=695 next=728 inflight=19
3.861232,ACK,695,19.733,45.805,100.000,727040,base=699
3.861311,ACK,713,19.784,45.161,100.000,728064,base=699
3.861357,ACK,714,19.835,44.578,100.000,729088,base=699
3.861394,ACK,715,19.885,44.051,100.000,730112,base=699
3.861676,RETX,699,19.885,44.051,100.000,730112,retx#1
3.861783,ACK,716,19.935,43.617,100.000,731136,base=699
3.862795,SEND,728,19.935,43.617,100.000,731136,
3.863072,SEND,729,19.935,43.617,100.000,731136,
3.863597,SEND,730,19.935,43.617,100.000,731136,
3.863789,SEND,731,19.935,43.617,100.000,731136,
3.863962,SEND,732,19.935,43.617,100.000,731136,
3.867551,ACK,718,19.985,42.838,100.000,732160,base=699
3.869392,SEND,733,19.985,42.838,100.000,732160,
3.870138,NAK,717,19.985,,,732160,
3.870377,RETX,717,19.985,42.838,100.000,732160,retx#1
3.878372,DUPACK,695,19.985,,,732160,
3.886019,ACK,720,20.035,43.515,100.000,733184,base=699
3.886078,NAK,719,20.035,,,733184,
3.886304,RETX,719,20.035,43.515,100.000,733184,retx#1
3.886386,ACK,721,20.085,44.130,100.000,734208,base=699
3.886589,SEND,734,20.085,44.130,100.000,734208,
3.886772,SEND,735,20.085,44.130,100.000,734208,
3.886997,SEND,736,20.085,44.130,100.000,734208,
3.887097,ACK,722,20.135,44.734,100.000,735232,base=699
3.887140,ACK,706,20.185,44.734,100.000,736256,base=699
3.887268,ACK,723,20.234,45.044,100.000,737280,base=699
3.888390,ACK,724,20.284,43.928,100.000,738304,base=699
3.888811,SEND,737,20.284,43.928,100.000,738304,
3.888991,SEND,738,20.284,43.928,100.000,738304,
3.889217,SEND,739,20.284,43.928,100.000,738304,
3.889399,SEND,740,20.284,43.928,100.000,738304,
3.898436,ACK,725,20.333,44.183,100.000,739328,base=699
3.899794,SEND,741,20.333,44.183,100.000,739328,
3.905537,ACK,726,20.382,45.271,100.000,740352,base=699
3.905653,ACK,727,20.431,46.219,100.000,741376,base=699
3.906136,ACK,699,20.480,46.219,100.000,742400,base=712
3.906199,ACK,728,20.529,45.866,100.000,743424,base=712
3.906245,ACK,729,20.578,45.529,100.000,744448,base=712
3.906549,SEND,742,20.578,45.529,100.000,744448,
3.906768,SEND,743,20.578,45.529,100.000,744448,
3.906975,SEND,744,20.578,45.529,100.000,744448,
3.907181,SEND,745,20.578,45.529,100.000,744448,
3.907390,SEND,746,20.578,45.529,100.000,744448,
3.907715,ACK,730,20.626,45.350,100.000,745472,base=712
3.907962,RETX,712,18.335,45.350,100.000,745472,retx#1
3.911487,ACK,731,18.389,45.641,100.000,746496,base=712
3.913269,ACK,732,18.444,46.096,100.000,747520,base=712
3.914200,SEND,747,18.444,46.096,100.000,747520,
3.917693,ACK,733,18.498,46.369,100.000,748544,base=712
3.918067,SEND,748,18.498,46.369,100.000,748544,
3.921269,ACK,717,18.552,46.369,100.000,749568,base=712
3.922339,SEND,749,18.552,46.369,100.000,749568,
3.931671,ACK,719,18.606,46.369,100.000,750592,base=712
3.931913,SEND,750,18.606,46.369,100.000,750592,
3.934090,ACK,734,18.659,46.509,100.000,751616,base=712
3.934145,ACK,735,18.713,46.616,100.000,752640,base=712
3.935755,SEND,751,18.713,46.616,100.000,752640,
3.935949,SEND,752,18.713,46.616,100.000,752640,
3.939856,ACK,737,18.766,47.166,100.000,753664,base=712
3.940986,ACK,738,18.820,47.767,100.000,754688,base=712
3.941062,ACK,739,18.873,48.276,100.000,755712,base=712
3.941113,ACK,740,18.926,48.705,100.000,756736,base=712
3.941157,ACK,741,18.979,47.787,100.000,757760,base=712
3.941510,SEND,753,18.979,47.787,100.000,757760,
3.941739,SEND,754,18.979,47.787,100.000,757760,
3.942652,SEND,755,18.979,47.787,100.000,757760,
3.943490,SEND,756,18.979,47.787,100.000,757760,
3.943665,SEND,757,18.979,47.787,100.000,757760,
3.955058,ACK,742,19.031,47.874,100.000,758784,base=712
3.955853,ACK,743,19.084,48.022,100.000,759808,base=712
3.956197,ACK,744,19.136,48.168,100.000,760832,base=712
3.956619,SEND,758,19.136,48.168,100.000,760832,
3.956814,SEND,759,19.136,48.168,100.000,760832,
3.956986,SEND,760,19.136,48.168,100.000,760832,
3.957172,SEND,761,19.136,48.168,100.000,760832,
3.957201,STATS,-1,19.136,48.168,100.000,760832,base=712 next=762 inflight=19
3.957316,ACK,745,19.189,48.412,100.000,761856,base=712
3.957378,ACK,712,19.241,48.412,100.000,762880,base=736
3.957417,ACK,747,19.293,47.763,100.000,763904,base=736
3.958338,NAK,746,19.293,,,763904,
3.958661,RETX,746,19.293,47.763,100.000,763904,retx#1
3.958788,ACK,748,19.345,46.881,100.000,764928,base=736
3.959145,SEND,762,19.345,46.881,100.000,764928,
3.959383,SEND,763,19.345,46.881,100.000,764928,
3.959614,SEND,764,19.345,46.881,100.000,764928,
3.959841,SEND,765,19.345,46.881,100.000,764928,
3.963317,ACK,749,19.396,46.142,100.000,765952,base=736
3.963712,RETX,736,19.396,46.142,100.000,765952,retx#1
3.965018,SEND,766,19.396,46.142,100.000,765952,
3.979996,ACK,751,19.448,45.902,100.000,766976,base=736
3.980415,SEND,767,19.448,45.902,100.000,766976,
3.990165,ACK,752,19.499,46.938,100.000,768000,base=736
3.990226,ACK,753,19.550,47.160,100.000,769024,base=736
3.990292,ACK,755,19.602,47.220,100.000,770048,base=736
3.990330,NAK,754,19.602,,,770048,
3.990553,RETX,754,19.602,47.220,100.000,770048,retx#1
3.990599,ACK,756,19.653,47.206,100.000,771072,base=736
3.990825,SEND,768,19.653,47.206,100.000,771072,
3.991006,SEND,769,19.653,47.206,100.000,771072,
3.991177,SEND,770,19.653,47.206,100.000,771072,
3.991349,SEND,771,19.653,47.206,100.000,771072,
3.998005,ACK,758,19.704,46.475,100.000,772096,base=736
3.998357,SEND,772,19.704,46.475,100.000,772096,
4.000616,ACK,759,19.754,46.139,100.000,773120,base=736
4.002226,SEND,773,19.754,46.139,100.000,773120,
4.003548,ACK,760,19.805,46.189,100.000,774144,base=736
4.003653,ACK,761,19.855,46.224,100.000,775168,base=736
4.004187,SEND,774,19.855,46.224,100.000,775168,
4.004398,SEND,775,19.855,46.224,100.000,775168,
4.004493,ACK,746,19.906,46.224,100.000,776192,base=736
4.006042,ACK,762,19.956,46.306,100.000,777216,base=736
4.006284,SEND,776,19.956,46.306,100.000,777216,
4.006467,SEND,777,19.956,46.306,100.000,777216,
4.006534,ACK,763,20.006,46.410,100.000,778240,base=736
4.006609,ACK,764,20.056,46.483,100.000,779264,base=736
4.008443,SEND,778,20.056,46.483,100.000,779264,
4.008688,SEND,779,20.056,46.483,100.000,779264,
4.011537,SEND,780,20.056,46.483,100.000,779264,
4.011661,ACK,765,20.106,47.148,100.000,780288,base=736
4.011717,ACK,766,20.156,47.092,100.000,781312,base=736
4.013412,SEND,781,20.156,47.092,100.000,781312,
4.013644,SEND,782,20.156,47.092,100.000,781312,
4.031375,ACK,767,20.205,47.574,100.000,782336,base=736
4.032827,SEND,783,20.205,47.574,100.000,782336,
4.032849,TIMEOUT,750,20.205,47.574,200.000,782336,
4.033052,RETX,750,20.205,47.574,200.000,782336,retx#1
4.035375,ACK,754,20.255,47.574,200.000,783360,base=736
4.035419,ACK,768,20.304,47.201,100.000,784384,base=736
4.035451,ACK,769,20.353,46.856,100.000,785408,base=736
4.035771,SEND,784,20.353,46.856,100.000,785408,
4.035956,SEND,785,20.353,46.856,100.000,785408,
4.036134,SEND,786,20.353,46.856,100.000,785408,
4.036201,ACK,770,20.403,46.626,100.000,786432,base=736
4.036234,ACK,771,20.452,46.408,100.000,787456,base=736
4.037702,ACK,772,20.500,45.526,100.000,788480,base=736
4.037735,ACK,773,20.549,44.274,100.000,789504,base=736
4.037949,SEND,787,20.549,44.274,100.000,789504,
4.038134,SEND,788,20.549,44.274,100.000,789504,
4.038312,SEND,789,20.549,44.274,100.000,789504,
4.038490,SEND,790,20.549,44.274,100.000,789504,
4.044768,TIMEOUT,757,20.549,44.274,200.000,789504,
4.045053,RETX,757,20.549,44.274,200.000,789504,retx#1
4.048490,ACK,774,20.598,44.276,100.000,790528,base=736
4.050366,SEND,791,20.598,44.276,100.000,790528,
4.056594,ACK,775,20.646,45.263,100.000,791552,base=736
4.056656,ACK,776,20.695,45.901,100.000,792576,base=736
4.056695,ACK,777,20.743,46.441,100.000,793600,base=736
4.056729,ACK,778,20.791,46.672,100.000,794624,base=736
4.057229,SEND,792,20.791,46.672,100.000,794624,
4.057411,SEND,793,20.791,46.672,100.000,794624,
4.057676,SEND,794,20.791,46.672,100.000,794624,
4.057875,SEND,795,20.791,46.672,100.000,794624,
4.057903,STATS,-1,20.791,46.672,100.000,794624,base=736 next=796 inflight=20
4.057999,ACK,779,20.840,47.001,100.000,795648,base=736
4.058053,ACK,780,20.887,46.940,100.000,796672,base=736
4.058092,ACK,782,20.935,46.628,100.000,797696,base=736
4.058138,NAK,781,20.935,,,797696,
4.058324,RETX,781,20.935,46.628,100.000,797696,retx#1
4.059755,SEND,796,20.935,46.628,100.000,797696,
4.059987,SEND,797,20.935,46.628,100.000,797696,
4.060214,SEND,798,20.935,46.628,100.000,797696,
4.064999,TIMEOUT,736,20.935,46.628,200.000,797696,
4.065251,RETX,736,20.935,46.628,200.000,797696,retx#2
4.077646,ACK,783,20.983,46.399,100.000,798720,base=736
4.077715,ACK,784,21.031,45.841,100.000,799744,base=736
4.077752,ACK,785,21.078,45.335,100.000,800768,base=736
4.078451,SEND,799,21.078,45.335,100.000,800768,
4.078817,SEND,800,21.078,45.335,100.000,800768,
4.079274,SEND,801,21.078,45.335,100.000,800768,
4.079459,SEND,802,21.078,45.335,100.000,800768,
4.082974,ACK,786,21.126,45.520,100.000,801792,base=736
4.083058,ACK,787,21.173,45.468,100.000,802816,base=736
4.083314,ACK,788,21.220,45.431,100.000,803840,base=736
4.084406,SEND,803,21.220,45.431,100.000,803840,
4.084591,SEND,804,21.220,45.431,100.000,803840,
4.084764,SEND,805,21.220,45.431,100.000,803840,
4.085765,ACK,789,21.267,45.681,100.000,804864,base=736
4.085915,ACK,790,21.314,45.898,100.000,805888,base=736
4.085958,ACK,757,21.361,45.898,100.000,806912,base=736
4.086467,SEND,806,21.361,45.898,100.000,806912,
4.086703,SEND,807,21.361,45.898,100.000,806912,
4.086955,SEND,808,21.361,45.898,100.000,806912,
4.098173,ACK,791,21.408,46.134,100.000,807936,base=736
4.099678,SEND,809,21.408,46.134,100.000,807936,
4.108696,ACK,792,21.455,46.799,100.000,808960,base=736
4.109065,SEND,810,21.455,46.799,100.000,808960,
4.109177,ACK,793,21.502,47.419,100.000,809984,base=736
4.110609,ACK,794,21.548,48.107,100.000,811008,base=736
4.110655,ACK,795,21.594,48.691,100.000,812032,base=736
4.110698,ACK,781,21.641,48.691,100.000,813056,base=736
4.110737,ACK,796,21.687,48.977,100.000,814080,base=736
4.110773,ACK,797,21.733,49.202,100.000,815104,base=736
4.110809,ACK,798,21.779,49.376,100.000,816128,base=736
4.110850,ACK,736,21.825,49.376,100.000,817152,base=750
4.111108,SEND,811,21.825,49.376,100.000,817152,
4.111341,SEND,812,21.825,49.376,100.000,817152,
4.111567,SEND,813,21.825,49.376,100.000,817152,
4.111759,SEND,814,21.825,49.376,100.000,817152,
4.111940,SEND,815,21.825,49.376,100.000,817152,
4.112117,SEND,816,21.825,49.376,100.000,817152,
4.112294,SEND,817,21.825,49.376,100.000,817152,
4.112471,SEND,818,21.825,49.376,100.000,817152,
4.128434,ACK,799,21.871,49.450,100.000,818176,base=750
4.129327,SEND,819,21.871,49.450,100.000,818176,
4.131746,ACK,800,21.917,49.899,100.000,819200,base=750
4.131795,ACK,801,21.962,50.227,100.000,820224,base=750
4.131973,RETX,750,19.522,50.227,100.000,820224,retx#2
4.132143,ACK,802,19.573,50.532,100.000,821248,base=750
4.132200,ACK,803,19.624,50.190,100.000,822272,base=750
4.132227,NAK,805,19.624,,,822272,
4.132408,RETX,805,19.624,50.190,100.000,822272,retx#1
4.132587,SEND,820,19.624,50.190,100.000,822272,
4.132738,SEND,821,19.624,50.190,100.000,822272,
4.132807,ACK,807,19.675,49.679,100.000,823296,base=750
4.132838,ACK,808,19.726,49.204,100.000,824320,base=750
4.134564,SEND,822,19.726,49.204,100.000,824320,
4.134714,SEND,823,19.726,49.204,100.000,824320,
4.137386,ACK,809,19.777,47.767,100.000,825344,base=750
4.138131,SEND,824,19.777,47.767,100.000,825344,
4.154919,ACK,810,19.827,47.527,100.000,826368,base=750
4.156588,SEND,825,19.827,47.527,100.000,826368,
4.158270,STATS,-1,19.827,47.527,100.000,826368,base=750 next=826 inflight=19
4.160098,ACK,811,19.878,47.709,100.000,827392,base=750
4.160126,ACK,812,19.928,47.843,100.000,828416,base=750
4.160150,ACK,813,19.978,47.935,100.000,829440,base=750
4.160204,ACK,814,20.028,47.999,100.000,830464,base=750
4.160228,ACK,815,20.078,48.034,100.000,831488,base=750
4.161760,SEND,826,20.078,48.034,100.000,831488,
4.161914,SEND,827,20.078,48.034,100.000,831488,
4.162061,SEND,828,20.078,48.034,100.000,831488,
4.162208,SEND,829,20.078,48.034,100.000,831488,
4.162354,SEND,830,20.078,48.034,100.000,831488,
4.162500,SEND,831,20.078,48.034,100.000,831488,
4.162926,ACK,816,20.128,48.380,100.000,832512,base=750
4.162957,ACK,817,20.178,48.665,100.000,833536,base=750
4.164240,SEND,832,20.178,48.665,100.000,833536,
4.164389,SEND,833,20.178,48.665,100.000,833536,
4.175621,ACK,819,20.227,48.368,100.000,834560,base=750
4.175667,ACK,750,20.277,48.368,100.000,835584,base=804
4.175693,ACK,805,20.326,48.368,100.000,836608,base=804
4.175994,ACK,820,20.375,47.748,100.000,837632,base=804
4.177241,SEND,834,20.375,47.748,100.000,837632,
4.177423,SEND,835,20.375,47.748,100.000,837632,
4.177600,SEND,836,20.375,47.748,100.000,837632,
4.177780,SEND,837,20.375,47.748,100.000,837632,
4.178294,ACK,821,20.424,47.473,100.000,838656,base=804
4.178494,RETX,804,20.424,47.473,100.000,838656,retx#1
4.179417,SEND,838,20.424,47.473,100.000,838656,
4.179489,ACK,822,20.473,47.154,100.000,839680,base=804
4.179522,ACK,823,20.522,46.860,100.000,840704,base=804
4.179551,ACK,824,20.571,46.179,100.000,841728,base=804
4.181199,SEND,839,20.571,46.179,100.000,841728,
4.181380,SEND,840,20.571,46.179,100.000,841728,
4.181563,SEND,841,20.571,46.179,100.000,841728,
4.187884,TIMEOUT,806,20.571,46.179,200.000,841728,
4.188079,RETX,806,20.571,46.179,200.000,841728,retx#1
4.199169,ACK,825,20.619,45.728,100.000,842752,base=804
4.199210,ACK,826,20.668,44.693,100.000,843776,base=804
4.199244,ACK,827,20.716,43.772,100.000,844800,base=804
4.200938,SEND,842,20.716,43.772,100.000,844800,
4.201172,SEND,843,20.716,43.772,100.000,844800,
4.201401,SEND,844,20.716,43.772,100.000,844800,
4.211938,ACK,828,20.765,44.534,100.000,845824,base=804
4.211983,ACK,829,20.813,45.188,100.000,846848,base=804
4.212775,SEND,845,20.813,45.188,100.000,846848,
4.213009,SEND,846,20.813,45.188,100.000,846848,
4.213024,TIMEOUT,818,20.813,45.188,200.000,846848,
4.213255,RETX,818,20.813,45.188,200.000,846848,retx#1
4.214174,ACK,831,20.861,45.998,100.000,847872,base=804
4.214213,ACK,832,20.909,46.494,100.000,848896,base=804
4.214248,ACK,833,20.957,46.914,100.000,849920,base=804
4.216675,SEND,847,20.957,46.914,100.000,849920,
4.216874,SEND,848,20.957,46.914,100.000,849920,
4.217059,SEND,849,20.957,46.914,100.000,849920,
4.217827,ACK,834,21.004,46.121,100.000,850944,base=804
4.218928,SEND,850,21.004,46.121,100.000,850944,
4.219120,SEND,851,21.004,46.121,100.000,850944,
4.226657,ACK,835,21.052,46.508,100.000,851968,base=804
4.227546,SEND,852,21.052,46.508,100.000,851968,
4.228333,ACK,836,21.099,47.035,100.000,852992,base=804
4.228372,ACK,837,21.147,47.479,100.000,854016,base=804
4.228408,ACK,804,21.194,47.479,100.000,855040,base=806
4.228437,ACK,838,21.241,47.671,100.000,856064,base=806
4.228464,ACK,839,21.288,47.620,100.000,857088,base=806
4.228490,ACK,840,21.335,47.556,100.000,858112,base=806
4.228689,RETX,806,21.335,47.556,100.000,858112,retx#2
4.228718,ACK,841,21.382,47.506,100.000,859136,base=806
4.229560,SEND,853,21.382,47.506,100.000,859136,
4.229881,SEND,854,21.382,47.506,100.000,859136,
4.230073,SEND,855,21.382,47.506,100.000,859136,
4.230303,SEND,856,21.382,47.506,100.000,859136,
4.230482,SEND,857,21.382,47.506,100.000,859136,
4.230661,SEND,858,21.382,47.506,100.000,859136,
4.230839,SEND,859,21.382,47.506,100.000,859136,
4.231272,ACK,806,21.429,47.506,100.000,860160,base=818
4.232558,SEND,860,21.429,47.506,100.000,860160,
4.233449,ACK,842,21.476,45.630,100.000,861184,base=818
4.234300,SEND,861,21.476,45.630,100.000,861184,
4.237122,ACK,843,21.522,44.418,100.000,862208,base=818
4.237891,SEND,862,21.522,44.418,100.000,862208,
4.251335,ACK,844,21.569,45.106,100.000,863232,base=818
4.251564,RETX,818,21.569,45.106,100.000,863232,retx#2
4.251799,SEND,863,21.569,45.106,100.000,863232,
4.251854,ACK,845,21.615,44.352,100.000,864256,base=818
4.253477,SEND,864,21.615,44.352,100.000,864256,
4.258253,ACK,846,21.661,44.462,100.000,865280,base=818
4.259799,SEND,865,21.661,44.462,100.000,865280,
4.259821,STATS,-1,21.661,44.462,100.000,865280,base=818 next=866 inflight=21
4.262851,TIMEOUT,830,21.661,44.462,200.000,865280,
4.263051,RETX,830,21.661,44.462,200.000,865280,retx#1
4.266146,ACK,818,21.707,44.462,200.000,866304,base=830
4.266190,ACK,847,21.753,45.093,100.000,867328,base=830
4.266217,ACK,848,21.799,45.624,100.000,868352,base=830
4.266240,ACK,849,21.845,46.068,100.000,869376,base=830
4.266412,RETX,830,19.418,46.068,100.000,869376,retx#2
4.266476,ACK,850,19.470,46.253,100.000,870400,base=830
4.266514,ACK,851,19.521,46.395,100.000,871424,base=830
4.268082,SEND,866,19.521,46.395,100.000,871424,
4.268246,SEND,867,19.521,46.395,100.000,871424,
4.268454,SEND,868,19.521,46.395,100.000,871424,
4.268705,SEND,869,19.521,46.395,100.000,871424,
4.274408,ACK,852,19.572,46.452,100.000,872448,base=830
4.274445,DUPACK,806,19.572,,,872448,
4.274471,ACK,853,19.623,46.259,100.000,873472,base=830
4.275059,ACK,854,19.674,46.123,100.000,874496,base=830
4.275285,SEND,870,19.674,46.123,100.000,874496,
4.275437,SEND,871,19.674,46.123,100.000,874496,
4.275583,SEND,872,19.674,46.123,100.000,874496,
4.278624,ACK,855,19.725,46.425,100.000,875520,base=830
4.278658,ACK,856,19.776,46.666,100.000,876544,base=830
4.279139,SEND,873,19.776,46.666,100.000,876544,
4.279334,SEND,874,19.776,46.666,100.000,876544,
4.281511,ACK,857,19.826,47.210,100.000,877568,base=830
4.281542,ACK,858,19.877,47.669,100.000,878592,base=830
4.281566,ACK,859,19.927,48.051,100.000,879616,base=830
4.281586,ACK,860,19.977,48.173,100.000,880640,base=830
4.281606,ACK,861,20.027,48.064,100.000,881664,base=830
4.281625,ACK,862,20.077,47.528,100.000,882688,base=830
4.282830,SEND,875,20.077,47.528,100.000,882688,
4.282961,SEND,876,20.077,47.528,100.000,882688,
4.283087,SEND,877,20.077,47.528,100.000,882688,
4.283212,SEND,878,20.077,47.528,100.000,882688,
4.283351,SEND,879,20.077,47.528,100.000,882688,
4.283497,SEND,880,20.077,47.528,100.000,882688,
4.283644,SEND,881,20.077,47.528,100.000,882688,
4.295039,DUPACK,818,20.077,,,882688,
4.297108,ACK,864,20.127,47.038,100.000,883712,base=830
4.297319,SEND,882,20.127,47.038,100.000,883712,
4.303798,ACK,865,20.177,46.657,100.000,884736,base=830
4.304006,SEND,883,20.177,46.657,100.000,884736,
4.312176,ACK,830,20.226,46.657,100.000,885760,base=863
4.312449,ACK,866,20.276,46.370,100.000,886784,base=863
4.312474,ACK,867,20.325,46.102,100.000,887808,base=863
4.312492,ACK,868,20.374,45.844,100.000,888832,base=863
4.312634,RETX,863,20.374,45.844,100.000,888832,retx#1
4.312655,ACK,869,20.423,45.607,100.000,889856,base=863
4.313681,SEND,884,20.423,45.607,100.000,889856,
4.313812,SEND,885,20.423,45.607,100.000,889856,
4.313925,SEND,886,20.423,45.607,100.000,889856,
4.314039,SEND,887,20.423,45.607,100.000,889856,
4.314149,SEND,888,20.423,45.607,100.000,889856,
4.322719,ACK,870,20.472,45.834,100.000,890880,base=863
4.322749,ACK,871,20.521,46.018,100.000,891904,base=863
4.322770,ACK,873,20.570,45.720,100.000,892928,base=863
4.322789,ACK,874,20.618,45.436,100.000,893952,base=863
4.323759,SEND,889,20.618,45.436,100.000,893952,
4.323870,SEND,890,20.618,45.436,100.000,893952,
4.323980,SEND,891,20.618,45.436,100.000,893952,
4.324088,SEND,892,20.618,45.436,100.000,893952,
4.325252,ACK,875,20.667,45.059,100.000,894976,base=863
4.325281,ACK,876,20.715,44.716,100.000,896000,base=863
4.325920,SEND,893,20.715,44.716,100.000,896000,
4.326084,SEND,894,20.715,44.716,100.000,896000,
4.330189,ACK,877,20.764,45.013,100.000,897024,base=863
4.330225,ACK,878,20.812,45.262,100.000,898048,base=863
4.330246,ACK,879,20.860,45.466,100.000,899072,base=863
4.331036,SEND,895,20.860,45.466,100.000,899072,
4.331162,SEND,896,20.860,45.466,100.000,899072,
4.331283,SEND,897,20.860,45.466,100.000,899072,
4.331858,ACK,880,20.908,45.827,100.000,900096,base=863
4.332990,SEND,898,20.908,45.827,100.000,900096,
4.333412,ACK,881,20.956,46.319,100.000,901120,base=863
4.334708,SEND,899,20.956,46.319,100.000,901120,
4.339501,ACK,883,21.003,44.965,100.000,902144,base=863
4.341314,SEND,900,21.003,44.965,100.000,902144,
4.341525,SEND,901,21.003,44.965,100.000,902144,
4.348852,NAK,882,21.003,,,902144,
4.349098,RETX,882,21.003,44.965,100.000,902144,retx#1
4.350723,ACK,863,21.051,44.965,100.000,903168,base=872
4.351899,SEND,902,21.051,44.965,100.000,903168,
4.361107,STATS,-1,21.051,44.965,100.000,903168,base=872 next=903 inflight=21
4.361783,ACK,884,21.098,45.355,100.000,904192,base=872
4.361871,ACK,885,21.146,45.692,100.000,905216,base=872
4.361957,ACK,887,21.193,45.969,100.000,906240,base=872
4.363260,RETX,872,18.838,45.969,100.000,906240,retx#1
4.367700,ACK,888,18.891,46.916,100.000,907264,base=872
4.367728,ACK,889,18.944,46.547,100.000,908288,base=872
4.368778,SEND,903,18.944,46.547,100.000,908288,
4.368897,SEND,904,18.944,46.547,100.000,908288,
4.371332,ACK,890,18.997,46.660,100.000,909312,base=872
4.372381,SEND,905,18.997,46.660,100.000,909312,
4.377208,ACK,891,19.050,47.479,100.000,910336,base=872
4.377275,ACK,892,19.102,48.192,100.000,911360,base=872
4.377314,ACK,893,19.155,48.591,100.000,912384,base=872
4.377350,ACK,894,19.207,48.925,100.000,913408,base=872
4.377471,ACK,895,19.259,48.613,100.000,914432,base=872
4.377768,ACK,897,19.311,48.345,100.000,915456,base=872
4.377803,NAK,896,19.311,,,915456,
4.377985,RETX,896,19.311,48.345,100.000,915456,retx#1
4.378029,ACK,898,19.363,47.931,100.000,916480,base=872
4.378534,SEND,906,19.363,47.931,100.000,916480,
4.378650,SEND,907,19.363,47.931,100.000,916480,
4.378762,SEND,908,19.363,47.931,100.000,916480,
4.378871,SEND,909,19.363,47.931,100.000,916480,
4.378981,SEND,910,19.363,47.931,100.000,916480,
4.379093,SEND,911,19.363,47.931,100.000,916480,
4.379391,SEND,912,19.363,47.931,100.000,916480,
4.379522,SEND,913,19.363,47.931,100.000,916480,
4.384795,ACK,899,19.414,48.200,100.000,917504,base=872
4.384824,ACK,900,19.466,47.614,100.000,918528,base=872
4.384843,ACK,901,19.517,47.077,100.000,919552,base=872
4.384860,ACK,882,19.568,47.077,100.000,920576,base=872
4.386312,SEND,914,19.568,47.077,100.000,920576,
4.386427,SEND,915,19.568,47.077,100.000,920576,
4.386537,SEND,916,19.568,47.077,100.000,920576,
4.386686,SEND,917,19.568,47.077,100.000,920576,
4.395656,ACK,902,19.619,46.661,100.000,921600,base=872
4.396884,SEND,918,19.619,46.661,100.000,921600,
4.401472,ACK,872,19.670,46.661,100.000,922624,base=886
4.402419,SEND,919,19.670,46.661,100.000,922624,
4.405018,ACK,904,19.721,45.342,100.000,923648,base=886
4.405952,SEND,920,19.721,45.342,100.000,923648,
4.411507,ACK,905,19.772,44.564,100.000,924672,base=886
4.412754,SEND,921,19.772,44.564,100.000,924672,
4.414437,TIMEOUT,886,19.772,44.564,200.000,924672,
4.414554,RETX,886,19.772,44.564,200.000,924672,retx#1
4.419592,ACK,896,19.823,44.564,200.000,925696,base=886
4.419846,RETX,886,19.823,44.564,200.000,925696,retx#2
4.420079,SEND,922,19.823,44.564,200.000,925696,
4.420203,ACK,906,19.873,44.201,100.000,926720,base=886
4.420258,ACK,907,19.923,43.876,100.000,927744,base=886
4.422949,SEND,923,19.923,43.876,100.000,927744,
4.423249,SEND,924,19.923,43.876,100.000,927744,
4.426862,ACK,908,19.974,44.402,100.000,928768,base=886
4.427101,SEND,925,19.974,44.402,100.000,928768,
4.427170,ACK,909,20.024,44.888,100.000,929792,base=886
4.429823,SEND,926,20.024,44.888,100.000,929792,
4.430051,SEND,927,20.024,44.888,100.000,929792,
4.430287,ACK,910,20.074,45.688,100.000,930816,base=886
4.430343,ACK,911,20.123,46.383,100.000,931840,base=886
4.430380,ACK,912,20.173,46.958,100.000,932864,base=886
4.430414,ACK,914,20.223,46.600,100.000,933888,base=886
4.430452,ACK,915,20.272,46.278,100.000,934912,base=886
4.430486,ACK,916,20.321,45.986,100.000,935936,base=886
4.431847,SEND,928,20.321,45.986,100.000,935936,
4.431955,SEND,929,20.321,45.986,100.000,935936,
4.432056,SEND,930,20.321,45.986,100.000,935936,
4.432153,SEND,931,20.321,45.986,100.000,935936,
4.432249,SEND,932,20.321,45.986,100.000,935936,
4.432346,SEND,933,20.321,45.986,100.000,935936,
4.436288,ACK,917,20.371,46.437,100.000,936960,base=886
4.437241,SEND,934,20.371,46.437,100.000,936960,
4.439650,ACK,918,20.420,45.977,100.000,937984,base=886
4.440524,SEND,935,20.420,45.977,100.000,937984,
4.451998,ACK,919,20.469,46.427,100.000,939008,base=886
4.452033,ACK,920,20.518,46.384,100.000,940032,base=886
4.453645,SEND,936,20.518,46.384,100.000,940032,
4.453760,SEND,937,20.518,46.384,100.000,940032,
4.455107,ACK,921,20.566,45.879,100.000,941056,base=886
4.455133,ACK,886,20.615,45.879,100.000,942080,base=903
4.455459,SEND,938,20.615,45.879,100.000,942080,
4.455571,SEND,939,20.615,45.879,100.000,942080,
4.462004,STATS,-1,20.615,45.879,100.000,942080,base=903 next=940 inflight=20
4.470030,TIMEOUT,903,18.324,45.879,200.000,942080,
4.470298,RETX,903,18.324,45.879,200.000,942080,retx#1
4.473584,DUPACK,886,18.324,,,942080,
4.473678,ACK,922,18.379,46.841,100.000,943104,base=903
4.473721,ACK,923,18.433,47.333,100.000,944128,base=903
4.473757,ACK,924,18.488,47.729,100.000,945152,base=903
4.473971,RETX,903,18.488,47.729,100.000,945152,retx#2
4.474014,ACK,925,18.542,47.627,100.000,946176,base=903
4.474055,ACK,926,18.596,47.202,100.000,947200,base=903
4.475263,ACK,927,18.649,46.951,100.000,948224,base=903
4.475623,SEND,940,18.649,46.951,100.000,948224,
4.475812,SEND,941,18.649,46.951,100.000,948224,
4.476021,SEND,942,18.649,46.951,100.000,948224,
4.476288,SEND,943,18.649,46.951,100.000,948224,
4.476628,ACK,928,18.703,46.678,100.000,949248,base=903
4.478346,SEND,944,18.703,46.678,100.000,949248,
4.479911,ACK,929,18.756,46.835,100.000,950272,base=903
4.479971,ACK,930,18.810,46.969,100.000,951296,base=903
4.480008,ACK,931,18.863,47.079,100.000,952320,base=903
4.480412,SEND,945,18.863,47.079,100.000,952320,
4.480595,SEND,946,18.863,47.079,100.000,952320,
4.480770,SEND,947,18.863,47.079,100.000,952320,
4.480794,TIMEOUT,913,18.863,47.079,200.000,952320,
4.480979,RETX,913,18.863,47.079,200.000,952320,retx#1
4.483358,ACK,932,18.916,47.579,100.000,953344,base=903
4.483430,ACK,933,18.969,48.016,100.000,954368,base=903
4.483739,SEND,948,18.969,48.016,100.000,954368,
4.483912,SEND,949,18.969,48.016,100.000,954368,
4.490572,ACK,935,19.022,48.267,100.000,955392,base=903
4.490645,ACK,936,19.074,46.858,100.000,956416,base=903
4.491073,SEND,950,19.074,46.858,100.000,956416,
4.491254,SEND,951,19.074,46.858,100.000,956416,
4.491431,SEND,952,19.074,46.858,100.000,956416,
4.496720,ACK,937,19.127,46.368,100.000,957440,base=903
4.498531,SEND,953,19.127,46.368,100.000,957440,
4.498625,ACK,938,19.179,45.966,100.000,958464,base=903
4.498671,ACK,939,19.231,45.607,100.000,959488,base=903
4.500475,SEND,954,19.231,45.607,100.000,959488,
4.500663,SEND,955,19.231,45.607,100.000,959488,
4.511596,ACK,903,19.283,45.607,100.000,960512,base=913
4.511660,DUPACK,903,19.283,,,960512,
4.512735,SEND,956,19.283,45.607,100.000,960512,
4.518482,ACK,940,19.335,45.261,100.000,961536,base=913
4.519996,SEND,957,19.335,45.261,100.000,961536,
4.521870,ACK,941,19.387,45.352,100.000,962560,base=913
4.522367,SEND,958,19.387,45.352,100.000,962560,
4.522554,ACK,942,19.438,45.498,100.000,963584,base=913
4.523026,RETX,913,19.438,45.498,100.000,963584,retx#2
4.523129,ACK,943,19.490,45.665,100.000,964608,base=913
4.523179,ACK,944,19.541,45.560,100.000,965632,base=913
4.523224,ACK,945,19.592,45.216,100.000,966656,base=913
4.523267,ACK,946,19.643,44.897,100.000,967680,base=913
4.524319,SEND,959,19.643,44.897,100.000,967680,
4.524533,SEND,960,19.643,44.897,100.000,967680,
4.524775,SEND,961,19.643,44.897,100.000,967680,
4.525063,SEND,962,19.643,44.897,100.000,967680,
4.525341,SEND,963,19.643,44.897,100.000,967680,
4.530508,ACK,947,19.694,45.499,100.000,968704,base=913
4.531151,SEND,964,19.694,45.499,100.000,968704,
4.531573,ACK,913,19.745,45.499,100.000,969728,base=934
4.531633,ACK,948,19.795,45.798,100.000,970752,base=934
4.533247,SEND,965,19.795,45.798,100.000,970752,
4.533566,SEND,966,19.795,45.798,100.000,970752,
4.536587,ACK,950,19.846,45.757,100.000,971776,base=934
4.536666,NAK,949,19.846,,,971776,
4.537004,RETX,949,19.846,45.757,100.000,971776,retx#1
4.537313,SEND,967,19.846,45.757,100.000,971776,
4.537340,TIMEOUT,934,19.846,45.757,200.000,971776,
4.537562,RETX,934,19.846,45.757,200.000,971776,retx#1
4.544190,ACK,951,19.896,46.648,100.000,972800,base=934
4.544835,RETX,934,19.896,46.648,100.000,972800,retx#2
4.545120,ACK,952,19.947,47.526,100.000,973824,base=934
4.546453,SEND,968,19.947,47.526,100.000,973824,
4.546808,SEND,969,19.947,47.526,100.000,973824,
4.550443,ACK,953,19.997,48.073,100.000,974848,base=934
4.550501,ACK,954,20.047,48.317,100.000,975872,base=934
4.550529,ACK,955,20.097,48.510,100.000,976896,base=934
4.550552,ACK,956,20.146,47.174,100.000,977920,base=934
4.551887,SEND,970,20.146,47.174,100.000,977920,
4.552044,SEND,971,20.146,47.174,100.000,977920,
4.552192,SEND,972,20.146,47.174,100.000,977920,
4.552342,SEND,973,20.146,47.174,100.000,977920,
4.552489,SEND,974,20.146,47.174,100.000,977920,
4.561483,ACK,957,20.196,46.462,100.000,978944,base=934
4.562017,SEND,975,20.196,46.462,100.000,978944,
4.562033,STATS,-1,20.196,46.462,100.000,978944,base=934 next=976 inflight=20
4.564679,ACK,958,20.246,45.941,100.000,979968,base=934
4.565574,SEND,976,20.246,45.941,100.000,979968,
4.567055,DUPACK,913,20.246,,,979968,
4.573465,ACK,959,20.295,46.338,100.000,980992,base=934
4.573565,ACK,960,20.344,46.672,100.000,982016,base=934
4.573815,SEND,977,20.344,46.672,100.000,982016,
4.574171,SEND,978,20.344,46.672,100.000,982016,
4.574229,ACK,961,20.393,47.019,100.000,983040,base=934
4.574311,ACK,962,20.442,47.297,100.000,984064,base=934
4.574350,ACK,963,20.491,47.511,100.000,985088,base=934
4.575965,SEND,979,20.491,47.511,100.000,985088,
4.576148,SEND,980,20.491,47.511,100.000,985088,
4.576328,SEND,981,20.491,47.511,100.000,985088,
4.581824,ACK,964,20.540,47.903,100.000,986112,base=934
4.581981,ACK,966,20.589,47.966,100.000,987136,base=934
4.582026,ACK,949,20.637,47.966,100.000,988160,base=934
4.583036,SEND,982,20.637,47.966,100.000,988160,
4.583237,SEND,983,20.637,47.966,100.000,988160,
4.583412,SEND,984,20.637,47.966,100.000,988160,
4.584631,ACK,967,20.686,47.883,100.000,989184,base=934
4.585287,SEND,985,20.686,47.883,100.000,989184,
4.588002,ACK,934,20.734,47.883,100.000,990208,base=965
4.588766,SEND,986,20.734,47.883,100.000,990208,
4.591844,ACK,968,20.782,47.568,100.000,991232,base=965
4.591919,ACK,969,20.831,47.260,100.000,992256,base=965
4.592176,SEND,987,20.831,47.260,100.000,992256,
4.592411,SEND,988,20.831,47.260,100.000,992256,
4.592515,ACK,970,20.879,46.430,100.000,993280,base=965
4.592740,RETX,965,18.559,46.430,100.000,993280,retx#1
4.592811,ACK,971,18.613,45.721,100.000,994304,base=965
4.592867,ACK,972,18.666,45.090,100.000,995328,base=965
4.594287,SEND,989,18.666,45.090,100.000,995328,
4.605206,ACK,973,18.720,46.059,100.000,996352,base=965
4.605284,ACK,974,18.773,46.900,100.000,997376,base=965
4.605340,ACK,976,18.827,46.008,100.000,998400,base=965
4.605730,ACK,977,18.880,44.245,100.000,999424,base=965
4.607096,SEND,990,18.880,44.245,100.000,999424,
4.607384,SEND,991,18.880,44.245,100.000,999424,
4.607575,SEND,992,18.880,44.245,100.000,999424,
4.607774,SEND,993,18.880,44.245,100.000,999424,
4.615828,ACK,978,18.933,43.919,100.000,1000448,base=965
4.617205,SEND,994,18.933,43.919,100.000,1000448,
4.617358,ACK,979,18.985,43.602,100.000,1001472,base=965
4.619356,SEND,995,18.985,43.602,100.000,1001472,
4.620132,ACK,980,19.038,43.647,100.000,1002496,base=965
4.621456,SEND,996,19.038,43.647,100.000,1002496,
4.621645,SEND,997,19.038,43.647,100.000,1002496,
4.625291,ACK,981,19.091,44.308,100.000,1003520,base=965
4.627626,SEND,998,19.091,44.308,100.000,1003520,
4.628239,ACK,982,19.143,44.409,100.000,1004544,base=965
4.628547,ACK,983,19.195,44.520,100.000,1005568,base=965
4.630038,SEND,999,19.195,44.520,100.000,1005568,
4.630255,SEND,1000,19.195,44.520,100.000,1005568,
4.636916,ACK,984,19.247,45.640,100.000,1006592,base=965
4.636993,ACK,985,19.299,46.398,100.000,1007616,base=965
4.637239,SEND,1001,19.299,46.398,100.000,1007616,
4.637444,SEND,1002,19.299,46.398,100.000,1007616,
4.637539,ACK,986,19.351,46.694,100.000,1008640,base=965
4.637604,ACK,987,19.403,46.535,100.000,1009664,base=965
4.637739,ACK,988,19.454,46.384,100.000,1010688,base=965
4.639496,SEND,1003,19.454,46.384,100.000,1010688,
4.639894,SEND,1004,19.454,46.384,100.000,1010688,
4.640085,SEND,1005,19.454,46.384,100.000,1010688,
4.640283,ACK,965,19.506,46.384,100.000,1011712,base=975
4.640419,ACK,989,19.557,46.351,100.000,1012736,base=975
4.640468,ACK,990,19.608,44.729,100.000,1013760,base=975
4.641767,SEND,1006,19.608,44.729,100.000,1013760,
4.641955,SEND,1007,19.608,44.729,100.000,1013760,
4.642308,SEND,1008,19.608,44.729,100.000,1013760,
4.652597,ACK,991,19.659,44.786,100.000,1014784,base=975
4.653094,RETX,975,19.659,44.786,100.000,1014784,retx#1
4.653182,ACK,992,19.710,44.888,100.000,1015808,base=975
4.653671,SEND,1009,19.710,44.888,100.000,1015808,
4.653968,SEND,1010,19.710,44.888,100.000,1015808,
4.659258,ACK,993,19.761,45.709,100.000,1016832,base=975
4.661104,SEND,1011,19.761,45.709,100.000,1016832,
4.663476,STATS,-1,19.761,45.709,100.000,1016832,base=975 next=1012 inflight=19
4.665750,ACK,995,19.811,45.793,100.000,1017856,base=975
4.665797,NAK,994,19.811,,,1017856,
4.666041,RETX,994,19.811,45.793,100.000,1017856,retx#1
4.666152,ACK,996,19.862,45.656,100.000,1018880,base=975
4.666202,ACK,997,19.912,45.518,100.000,1019904,base=975
4.666240,ACK,998,19.962,44.655,100.000,1020928,base=975
4.667092,SEND,1012,19.962,44.655,100.000,1020928,
4.667277,SEND,1013,19.962,44.655,100.000,1020928,
4.667449,SEND,1014,19.962,44.655,100.000,1020928,
4.667619,SEND,1015,19.962,44.655,100.000,1020928,
4.678690,ACK,999,20.012,45.152,100.000,1021952,base=975
4.678937,ACK,1000,20.062,45.593,100.000,1022976,base=975
4.678998,ACK,1001,20.112,45.113,100.000,1024000,base=975
4.679033,ACK,1002,20.162,44.672,100.000,1025024,base=975
4.679812,SEND,1016,20.162,44.672,100.000,1025024,
4.679991,SEND,1017,20.162,44.672,100.000,1025024,
4.680388,SEND,1018,20.162,44.672,100.000,1025024,
4.680685,SEND,1019,20.162,44.672,100.000,1025024,
4.681058,SEND,1020,20.162,44.672,100.000,1025024,
4.681214,ACK,1003,20.212,44.302,100.000,1026048,base=975
4.681293,ACK,1004,20.261,43.938,100.000,1027072,base=975
4.682951,SEND,1021,20.261,43.938,100.000,1027072,
4.683167,SEND,1022,20.261,43.938,100.000,1027072,
4.687527,ACK,1005,20.310,44.373,100.000,1028096,base=975
4.687612,ACK,1006,20.360,44.557,100.000,1029120,base=975
4.688169,SEND,1023,20.360,44.557,100.000,1029120,
4.688410,SEND,1024,20.360,44.557,100.000,1029120,
4.689278,ACK,1007,20.409,44.900,100.000,1030144,base=975
4.690391,SEND,1025,20.409,44.900,100.000,1030144,
4.691770,ACK,1008,20.458,45.468,100.000,1031168,base=975
4.692387,SEND,1026,20.458,45.468,100.000,1031168,
4.694105,ACK,975,20.507,45.468,100.000,1032192,base=994
4.695927,SEND,1027,20.507,45.468,100.000,1032192,
4.706016,ACK,1009,20.555,46.325,100.000,1033216,base=994
4.706088,ACK,1010,20.604,47.048,100.000,1034240,base=994
4.706158,ACK,1011,20.653,46.799,100.000,1035264,base=994
4.706378,RETX,994,18.358,46.799,100.000,1035264,retx#2
4.706432,ACK,994,18.412,46.799,100.000,1036288,base=1012
4.707514,SEND,1028,18.412,46.799,100.000,1036288,
4.707943,SEND,1029,18.412,46.799,100.000,1036288,
4.713859,ACK,1012,18.467,46.792,100.000,1037312,base=1013
4.713935,ACK,1013,18.521,46.775,100.000,1038336,base=1014
4.713975,ACK,1014,18.575,46.743,100.000,1039360,base=1015
4.714010,ACK,1016,18.629,45.174,100.000,1040384,base=1015
4.714041,NAK,1015,18.629,,,1040384,
4.714250,RETX,1015,18.629,45.174,100.000,1040384,retx#1
4.715361,SEND,1030,18.629,45.174,100.000,1040384,
4.715744,SEND,1031,18.629,45.174,100.000,1040384,
4.715945,SEND,1032,18.629,45.174,100.000,1040384,
4.716139,SEND,1033,18.629,45.174,100.000,1040384,
4.727712,ACK,1017,18.682,45.490,100.000,1041408,base=1015
4.727806,ACK,1018,18.736,45.730,100.000,1042432,base=1015
4.727998,RETX,1015,18.736,45.730,100.000,1042432,retx#2
4.728653,SEND,1034,18.736,45.730,100.000,1042432,
4.729075,SEND,1035,18.736,45.730,100.000,1042432,
4.729511,ACK,1019,18.789,46.115,100.000,1043456,base=1015
4.731248,SEND,1036,18.789,46.115,100.000,1043456,
4.733381,ACK,1020,18.842,46.889,100.000,1044480,base=1015
4.735646,SEND,1037,18.842,46.889,100.000,1044480,
4.735771,ACK,1021,18.896,47.629,100.000,1045504,base=1015
4.736169,ACK,1024,18.948,47.639,100.000,1046528,base=1015
4.736373,NAK,1022,18.948,,,1046528,
4.736571,RETX,1022,18.948,47.639,100.000,1046528,retx#1
4.736627,NAK,1023,18.948,,,1046528,
4.736817,RETX,1023,18.948,47.639,100.000,1046528,retx#1
4.737523,SEND,1038,18.948,47.639,100.000,1046528,
4.737712,SEND,1039,18.948,47.639,100.000,1046528,
4.741041,ACK,1025,19.001,48.013,100.000,1047552,base=1015
4.741121,ACK,1026,19.054,48.103,100.000,1048576,base=1015
4.741160,ACK,1027,19.106,47.744,100.000,1049600,base=1015
4.741488,SEND,1040,19.106,47.744,100.000,1049600,
4.741670,SEND,1041,19.106,47.744,100.000,1049600,
4.741878,SEND,1042,19.106,47.744,100.000,1049600,
4.742263,SEND,1043,19.106,47.744,100.000,1049600,
4.746182,DUPACK,994,19.106,,,1049600,
4.749471,ACK,1028,19.159,47.018,100.000,1050624,base=1015
4.751201,SEND,1044,19.159,47.018,100.000,1050624,
4.756276,ACK,1029,19.211,47.180,100.000,1051648,base=1015
4.756729,SEND,1045,19.211,47.180,100.000,1051648,
4.756900,ACK,1030,19.263,46.473,100.000,1052672,base=1015
4.756971,ACK,1031,19.315,45.817,100.000,1053696,base=1015
4.757020,ACK,1032,19.367,45.223,100.000,1054720,base=1015
4.758490,SEND,1046,19.367,45.223,100.000,1054720,
4.758735,SEND,1047,19.367,45.223,100.000,1054720,
4.758964,SEND,1048,19.367,45.223,100.000,1054720,
4.760451,ACK,1033,19.418,45.106,100.000,1055744,base=1015
4.760826,SEND,1049,19.418,45.106,100.000,1055744,
4.760933,ACK,1034,19.470,43.502,100.000,1056768,base=1015
4.762735,SEND,1050,19.470,43.502,100.000,1056768,
4.764364,STATS,-1,19.470,43.502,100.000,1056768,base=1015 next=1051 inflight=19
4.775681,ACK,1035,19.521,43.887,100.000,1057792,base=1015
4.776155,SEND,1051,19.521,43.887,100.000,1057792,
4.777618,NAK,1015,19.521,,,1057792,
4.777916,RETX,1015,19.521,43.887,100.000,1057792,retx#3
4.778058,ACK,1036,19.572,44.256,100.000,1058816,base=1015
4.780177,SEND,1052,19.572,44.256,100.000,1058816,
4.780680,ACK,1037,19.623,44.351,100.000,1059840,base=1015
4.780757,ACK,1022,19.674,44.351,100.000,1060864,base=1015
4.780807,ACK,1023,19.725,44.351,100.000,1061888,base=1015
4.781895,SEND,1053,19.725,44.351,100.000,1061888,
4.782129,SEND,1054,19.725,44.351,100.000,1061888,
4.782321,SEND,1055,19.725,44.351,100.000,1061888,
4.782433,ACK,1038,19.776,44.419,100.000,1062912,base=1015
4.782511,ACK,1039,19.826,44.466,100.000,1063936,base=1015
4.784290,SEND,1056,19.826,44.466,100.000,1063936,
4.784501,SEND,1057,19.826,44.466,100.000,1063936,
4.784627,ACK,1040,19.877,44.297,100.000,1064960,base=1015
4.784711,ACK,1041,19.927,44.139,100.000,1065984,base=1015
4.786437,SEND,1058,19.927,44.139,100.000,1065984,
4.786624,SEND,1059,19.927,44.139,100.000,1065984,
4.792152,ACK,1042,19.977,44.904,100.000,1067008,base=1015
4.792223,ACK,1043,20.027,45.535,100.000,1068032,base=1015
4.794038,SEND,1060,20.027,45.535,100.000,1068032,
4.794227,SEND,1061,20.027,45.535,100.000,1068032,
4.794736,SEND,1062,20.027,45.535,100.000,1068032,
4.796956,ACK,1044,20.077,45.560,100.000,1069056,base=1015
4.798291,SEND,1063,20.077,45.560,100.000,1069056,
4.804997,ACK,1045,20.127,45.897,100.000,1070080,base=1015
4.805941,ACK,1046,20.177,46.089,100.000,1071104,base=1015
4.805994,ACK,1047,20.226,46.235,100.000,1072128,base=1015
4.806050,ACK,1048,20.276,46.341,100.000,1073152,base=1015
4.806087,ACK,1049,20.325,46.206,100.000,1074176,base=1015
4.806120,ACK,1050,20.374,45.853,100.000,1075200,base=1015
4.806563,SEND,1064,20.374,45.853,100.000,1075200,
4.806755,SEND,1065,20.374,45.853,100.000,1075200,
4.806971,SEND,1066,20.374,45.853,100.000,1075200,
4.807190,SEND,1067,20.374,45.853,100.000,1075200,
4.807367,SEND,1068,20.374,45.853,100.000,1075200,
4.807568,SEND,1069,20.374,45.853,100.000,1075200,
4.818387,ACK,1051,20.424,45.398,100.000,1076224,base=1015
4.819801,SEND,1070,20.424,45.398,100.000,1076224,
4.827048,ACK,1015,20.472,45.398,100.000,1077248,base=1052
4.827108,ACK,1052,20.521,45.589,100.000,1078272,base=1053
4.828264,SEND,1071,20.521,45.589,100.000,1078272,
4.828583,SEND,1072,20.521,45.589,100.000,1078272,
4.828707,ACK,1053,20.570,45.741,100.000,1079296,base=1054
4.830431,SEND,1073,20.570,45.741,100.000,1079296,
4.833263,ACK,1054,20.619,46.413,100.000,1080320,base=1055
4.833474,ACK,1055,20.667,47.004,100.000,1081344,base=1056
4.833516,ACK,1057,20.716,47.257,100.000,1082368,base=1056
4.833568,NAK,1056,20.716,,,1082368,
4.833791,RETX,1056,18.414,47.257,100.000,1082368,retx#1
4.834011,SEND,1074,18.414,47.257,100.000,1082368,
4.834107,ACK,1058,18.468,47.308,100.000,1083392,base=1056
4.834160,ACK,1059,18.522,47.336,100.000,1084416,base=1056
4.834351,RETX,1056,18.522,47.336,100.000,1084416,retx#2
4.835987,SEND,1075,18.522,47.336,100.000,1084416,
4.836198,SEND,1076,18.522,47.336,100.000,1084416,
4.839602,ACK,1060,18.576,47.111,100.000,1085440,base=1056
4.839673,ACK,1061,18.630,46.902,100.000,1086464,base=1056
4.840001,SEND,1077,18.630,46.902,100.000,1086464,
4.840178,SEND,1078,18.630,46.902,100.000,1086464,
4.841976,ACK,1062,18.684,46.942,100.000,1087488,base=1056
4.843531,SEND,1079,18.684,46.942,100.000,1087488,
4.851549,ACK,1064,18.737,46.695,100.000,1088512,base=1056
4.851626,ACK,1066,18.791,46.440,100.000,1089536,base=1056
4.851662,NAK,1065,18.791,,,1089536,
4.851878,RETX,1065,18.791,46.440,100.000,1089536,retx#1
4.851954,ACK,1067,18.844,46.229,100.000,1090560,base=1056
4.853422,SEND,1080,18.844,46.229,100.000,1090560,
4.853670,SEND,1081,18.844,46.229,100.000,1090560,
4.853848,SEND,1082,18.844,46.229,100.000,1090560,
4.858242,ACK,1068,18.897,46.806,100.000,1091584,base=1056
4.858382,ACK,1069,18.950,47.301,100.000,1092608,base=1056
4.859249,SEND,1083,18.950,47.301,100.000,1092608,
4.859473,SEND,1084,18.950,47.301,100.000,1092608,
4.860956,ACK,1070,19.003,46.531,100.000,1093632,base=1056
4.861799,SEND,1085,19.003,46.531,100.000,1093632,
4.862020,SEND,1086,19.003,46.531,100.000,1093632,
4.862125,ACK,1071,19.055,44.948,100.000,1094656,base=1056
4.865968,SEND,1087,19.055,44.948,100.000,1094656,
4.866019,STATS,-1,19.055,44.948,100.000,1094656,base=1056 next=1088 inflight=19
4.875816,ACK,1072,19.108,45.231,100.000,1095680,base=1056
4.876654,SEND,1088,19.108,45.231,100.000,1095680,
4.881301,ACK,1073,19.160,45.933,100.000,1096704,base=1056
4.881378,ACK,1074,19.212,46.112,100.000,1097728,base=1056
4.881416,ACK,1056,19.264,46.112,100.000,1098752,base=1063
4.881451,ACK,1075,19.316,46.031,100.000,1099776,base=1063
4.881931,SEND,1089,19.316,46.031,100.000,1099776,
4.882115,SEND,1090,19.316,46.031,100.000,1099776,
4.882290,SEND,1091,19.316,46.031,100.000,1099776,
4.882470,SEND,1092,19.316,46.031,100.000,1099776,
4.887547,ACK,1076,19.368,46.693,100.000,1100800,base=1063
4.889173,SEND,1093,19.368,46.693,100.000,1100800,
4.889272,ACK,1079,19.420,46.573,100.000,1101824,base=1063
4.889466,RETX,1063,19.420,46.573,100.000,1101824,retx#1
4.891092,SEND,1094,19.420,46.573,100.000,1101824,
4.896303,ACK,1065,19.471,46.573,100.000,1102848,base=1063
4.896576,SEND,1095,19.471,46.573,100.000,1102848,
4.896839,ACK,1080,19.522,46.177,100.000,1103872,base=1063
4.896912,ACK,1081,19.574,45.809,100.000,1104896,base=1063
4.898741,SEND,1096,19.574,45.809,100.000,1104896,
4.898941,SEND,1097,19.574,45.809,100.000,1104896,
4.899566,ACK,1082,19.625,45.796,100.000,1105920,base=1063
4.899621,ACK,1083,19.676,45.120,100.000,1106944,base=1063
4.900815,SEND,1098,19.676,45.120,100.000,1106944,
4.901493,SEND,1099,19.676,45.120,100.000,1106944,
4.903090,ACK,1084,19.727,44.929,100.000,1107968,base=1063
4.903347,SEND,1100,19.727,44.929,100.000,1107968,
4.911076,ACK,1085,19.777,45.470,100.000,1108992,base=1063
4.911149,ACK,1086,19.828,45.926,100.000,1110016,base=1063
4.911194,ACK,1087,19.878,45.839,100.000,1111040,base=1063
4.912723,SEND,1101,19.878,45.839,100.000,1111040,
4.913053,SEND,1102,19.878,45.839,100.000,1111040,
4.914068,SEND,1103,19.878,45.839,100.000,1111040,
4.922837,ACK,1088,19.929,45.880,100.000,1112064,base=1063
4.923850,ACK,1089,19.979,45.383,100.000,1113088,base=1063
4.924691,SEND,1104,19.979,45.383,100.000,1113088,
4.924913,SEND,1105,19.979,45.383,100.000,1113088,
4.925755,ACK,1090,20.029,45.162,100.000,1114112,base=1063
4.925820,ACK,1091,20.079,44.958,100.000,1115136,base=1063
4.926868,SEND,1106,20.079,44.958,100.000,1115136,
4.927090,SEND,1107,20.079,44.958,100.000,1115136,
4.927331,SEND,1108,20.079,44.958,100.000,1115136,
4.940940,TIMEOUT,1077,20.079,44.958,200.000,1115136,
4.941314,RETX,1077,20.079,44.958,200.000,1115136,retx#1
4.943027,ACK,1093,20.129,45.987,100.000,1116160,base=1063
4.943133,ACK,1063,20.178,45.987,100.000,1117184,base=1077
4.943213,ACK,1094,20.228,46.753,100.000,1118208,base=1077
4.943249,ACK,1095,20.277,46.743,100.000,1119232,base=1077
4.943284,ACK,1096,20.327,46.468,100.000,1120256,base=1077
4.943492,RETX,1077,18.068,46.468,100.000,1120256,retx#2
4.943534,ACK,1097,18.123,46.233,100.000,1121280,base=1077
4.943567,ACK,1098,18.179,45.798,100.000,1122304,base=1077
4.944225,SEND,1109,18.179,45.798,100.000,1122304,
4.944416,SEND,1110,18.179,45.798,100.000,1122304,
4.944617,SEND,1111,18.179,45.798,100.000,1122304,
4.944799,SEND,1112,18.179,45.798,100.000,1122304,
4.944979,SEND,1113,18.179,45.798,100.000,1122304,
4.945005,TIMEOUT,1078,18.179,45.798,200.000,1122304,
4.945196,RETX,1078,18.179,45.798,200.000,1122304,retx#1
4.945519,ACK,1099,18.234,45.571,100.000,1123328,base=1077
4.945606,ACK,1100,18.288,45.157,100.000,1124352,base=1077
4.948476,SEND,1114,18.288,45.157,100.000,1124352,
4.948762,SEND,1115,18.288,45.157,100.000,1124352,
4.955046,ACK,1101,18.343,44.800,100.000,1125376,base=1077
4.956345,SEND,1116,18.343,44.800,100.000,1125376,
4.960609,ACK,1102,18.398,45.141,100.000,1126400,base=1077
4.960680,ACK,1103,18.452,45.325,100.000,1127424,base=1077
4.962767,SEND,1117,18.452,45.325,100.000,1127424,
4.962963,SEND,1118,18.452,45.325,100.000,1127424,
4.966710,STATS,-1,18.452,45.325,100.000,1127424,base=1077 next=1119 inflight=18
4.966925,ACK,1104,18.506,44.937,100.000,1128448,base=1077
4.966990,ACK,1105,18.560,44.578,100.000,1129472,base=1077
4.967045,ACK,1106,18.614,44.027,100.000,1130496,base=1077
4.967136,ACK,1107,18.668,43.524,100.000,1131520,base=1077
4.968841,SEND,1119,18.668,43.524,100.000,1131520,
4.969079,SEND,1120,18.668,43.524,100.000,1131520,
4.969290,SEND,1121,18.668,43.524,100.000,1131520,
4.969500,SEND,1122,18.668,43.524,100.000,1131520,
4.973294,ACK,1108,18.721,43.821,100.000,1132544,base=1077
4.975172,SEND,1123,18.721,43.821,100.000,1132544,
4.982547,TIMEOUT,1092,18.721,43.821,200.000,1132544,
4.982807,RETX,1092,18.721,43.821,200.000,1132544,retx#1
4.986551,ACK,1077,18.775,43.821,200.000,1133568,base=1078
4.988138,SEND,1124,18.775,43.821,200.000,1133568,
4.995524,DUPACK,1077,18.775,,,1133568,
4.995626,ACK,1109,18.828,44.767,100.000,1134592,base=1078
4.995687,ACK,1110,18.881,45.579,100.000,1135616,base=1078
4.997399,ACK,1111,18.934,46.476,100.000,1136640,base=1078
4.997779,RETX,1078,18.934,46.476,100.000,1136640,retx#2
4.997996,ACK,1112,18.987,47.314,100.000,1137664,base=1078
4.998065,ACK,1113,19.040,48.035,100.000,1138688,base=1078
4.999107,SEND,1125,19.040,48.035,100.000,1138688,
4.999409,SEND,1126,19.040,48.035,100.000,1138688,
4.999632,SEND,1127,19.040,48.035,100.000,1138688,
5.000728,SEND,1128,19.040,48.035,100.000,1138688,
5.001117,SEND,1129,19.040,48.035,100.000,1138688,
5.001377,SEND,1130,19.040,48.035,100.000,1138688,
5.001562,ACK,1078,19.092,48.035,100.000,1139712,base=1092
5.001664,ACK,1114,19.144,48.678,100.000,1140736,base=1092
5.001710,ACK,1115,19.197,49.211,100.000,1141760,base=1092
5.003328,SEND,1131,19.197,49.211,100.000,1141760,
5.003559,SEND,1132,19.197,49.211,100.000,1141760,
5.003788,SEND,1133,19.197,49.211,100.000,1141760,
5.005086,ACK,1116,19.249,49.152,100.000,1142784,base=1092
5.005336,RETX,1092,19.249,49.152,100.000,1142784,retx#2
5.005405,ACK,1117,19.301,48.338,100.000,1143808,base=1092
5.005696,SEND,1134,19.301,48.338,100.000,1143808,
5.005927,SEND,1135,19.301,48.338,100.000,1143808,
5.009251,ACK,1118,19.353,48.079,100.000,1144832,base=1092
5.009506,SEND,1136,19.353,48.079,100.000,1144832,
5.015016,ACK,1119,19.404,47.838,100.000,1145856,base=1092
5.015095,ACK,1120,19.456,47.610,100.000,1146880,base=1092
5.015134,ACK,1121,19.507,47.388,100.000,1147904,base=1092
5.015173,ACK,1122,19.558,47.173,100.000,1148928,base=1092
5.016345,SEND,1137,19.558,47.173,100.000,1148928,
5.016562,SEND,1138,19.558,47.173,100.000,1148928,
5.016745,SEND,1139,19.558,47.173,100.000,1148928,
5.016921,SEND,1140,19.558,47.173,100.000,1148928,
5.017227,ACK,1123,19.610,46.532,100.000,1149952,base=1092
5.018861,SEND,1141,19.610,46.532,100.000,1149952,
5.029734,ACK,1092,19.661,46.532,100.000,1150976,base=1124
5.029966,ACK,1124,19.711,45.942,100.000,1152000,base=1125
5.031214,SEND,1142,19.711,45.942,100.000,1152000,
5.031478,SEND,1143,19.711,45.942,100.000,1152000,
5.048404,ACK,1125,19.762,46.359,100.000,1153024,base=1126
5.048477,ACK,1126,19.813,46.697,100.000,1154048,base=1127
5.048525,ACK,1127,19.863,46.971,100.000,1155072,base=1128
5.050014,SEND,1144,19.863,46.971,100.000,1155072,
5.050245,SEND,1145,19.863,46.971,100.000,1155072,
5.050494,SEND,1146,19.863,46.971,100.000,1155072,
5.050637,ACK,1128,19.914,47.337,100.000,1156096,base=1129
5.050698,ACK,1129,19.964,47.617,100.000,1157120,base=1130
5.050749,ACK,1130,20.014,47.835,100.000,1158144,base=1131
5.050794,ACK,1131,20.064,47.788,100.000,1159168,base=1132
5.050839,ACK,1133,20.114,47.696,100.000,1160192,base=1132
5.051673,NAK,1132,20.114,,,1160192,
5.051939,RETX,1132,17.879,47.696,100.000,1160192,retx#1
5.052033,DUPACK,1092,17.879,,,1160192,
5.052293,SEND,1147,17.879,47.696,100.000,1160192,
5.052519,SEND,1148,17.879,47.696,100.000,1160192,
5.053156,SEND,1149,17.879,47.696,100.000,1160192,
5.053322,ACK,1134,17.935,47.685,100.000,1161216,base=1132
5.055301,SEND,1150,17.935,47.685,100.000,1161216,
5.055564,ACK,1135,17.991,47.927,100.000,1162240,base=1132
5.055771,RETX,1132,17.991,47.927,100.000,1162240,retx#2
5.055846,ACK,1136,18.046,47.727,100.000,1163264,base=1132
5.057504,SEND,1151,18.046,47.727,100.000,1163264,
5.057691,SEND,1152,18.046,47.727,100.000,1163264,
5.057931,SEND,1153,18.046,47.727,100.000,1163264,
5.064718,ACK,1138,18.102,47.778,100.000,1164288,base=1132
5.064791,NAK,1137,18.102,,,1164288,
5.065008,RETX,1137,18.102,47.778,100.000,1164288,retx#1
5.065103,ACK,1139,18.157,47.849,100.000,1165312,base=1132
5.065743,SEND,1154,18.157,47.849,100.000,1165312,
5.065965,SEND,1155,18.157,47.849,100.000,1165312,
5.066694,ACK,1140,18.212,48.088,100.000,1166336,base=1132
5.066755,ACK,1141,18.267,48.063,100.000,1167360,base=1132
5.068160,SEND,1156,18.267,48.063,100.000,1167360,
5.068392,SEND,1157,18.267,48.063,100.000,1167360,
5.068421,STATS,-1,18.267,48.063,100.000,1167360,base=1132 next=1158 inflight=18
5.078023,ACK,1142,18.322,47.903,100.000,1168384,base=1132
5.078346,ACK,1143,18.376,47.773,100.000,1169408,base=1132
5.079624,SEND,1158,18.376,47.773,100.000,1169408,
5.079874,SEND,1159,18.376,47.773,100.000,1169408,
5.081361,ACK,1144,18.431,45.719,100.000,1170432,base=1132
5.081846,SEND,1160,18.431,45.719,100.000,1170432,
5.091525,ACK,1145,18.485,45.163,100.000,1171456,base=1132
5.092684,SEND,1161,18.485,45.163,100.000,1171456,
5.097544,ACK,1146,18.539,45.398,100.000,1172480,base=1132
5.098222,SEND,1162,18.539,45.398,100.000,1172480,
5.104354,ACK,1132,18.593,45.398,100.000,1173504,base=1137
5.104438,ACK,1149,18.647,46.133,100.000,1174528,base=1137
5.104480,ACK,1150,18.700,46.514,100.000,1175552,base=1137
5.104513,DUPACK,1132,18.700,,,1175552,
5.105380,ACK,1151,18.754,46.681,100.000,1176576,base=1137
5.105656,RETX,1137,18.754,46.681,100.000,1176576,retx#2
5.105985,SEND,1163,18.754,46.681,100.000,1176576,
5.106206,SEND,1164,18.754,46.681,100.000,1176576,
5.106420,SEND,1165,18.754,46.681,100.000,1176576,
5.106679,SEND,1166,18.754,46.681,100.000,1176576,
5.107386,ACK,1152,18.807,47.056,100.000,1177600,base=1137
5.107445,ACK,1153,18.860,47.363,100.000,1178624,base=1137
5.107530,ACK,1137,18.913,47.363,100.000,1179648,base=1147
5.107589,ACK,1154,18.966,46.672,100.000,1180672,base=1147
5.108745,SEND,1167,18.966,46.672,100.000,1180672,
5.109028,SEND,1168,18.966,46.672,100.000,1180672,
5.109405,SEND,1169,18.966,46.672,100.000,1180672,
5.109656,SEND,1170,18.966,46.672,100.000,1180672,
5.109972,ACK,1155,19.019,46.337,100.000,1181696,base=1147
5.110029,ACK,1156,19.071,45.779,100.000,1182720,base=1147
5.110655,RETX,1147,16.952,45.779,100.000,1182720,retx#1
5.120542,ACK,1157,17.011,46.572,100.000,1183744,base=1147
5.120612,ACK,1158,17.070,45.874,100.000,1184768,base=1147
5.121264,ACK,1159,17.129,45.312,100.000,1185792,base=1147
5.121357,ACK,1160,17.187,44.586,100.000,1186816,base=1147
5.121765,SEND,1171,17.187,44.586,100.000,1186816,
5.121986,SEND,1172,17.187,44.586,100.000,1186816,
5.122194,SEND,1173,17.187,44.586,100.000,1186816,
5.122402,SEND,1174,17.187,44.586,100.000,1186816,
5.122632,SEND,1175,17.187,44.586,100.000,1186816,
5.135759,ACK,1161,17.245,44.393,100.000,1187840,base=1147
5.136355,SEND,1176,17.245,44.393,100.000,1187840,
5.146029,ACK,1162,17.303,44.816,100.000,1188864,base=1147
5.146460,SEND,1177,17.303,44.816,100.000,1188864,
5.154183,TIMEOUT,1148,17.303,44.816,200.000,1188864,
5.154458,RETX,1148,17.303,44.816,200.000,1188864,retx#1
5.155972,DUPACK,1137,17.303,,,1188864,
5.156055,ACK,1163,17.361,45.470,100.000,1189888,base=1147
5.156097,ACK,1164,17.419,46.022,100.000,1190912,base=1147
5.157456,SEND,1178,17.419,46.022,100.000,1190912,
5.157679,SEND,1179,17.419,46.022,100.000,1190912,
5.157786,ACK,1165,17.476,46.689,100.000,1191936,base=1147
5.157881,ACK,1166,17.533,47.252,100.000,1192960,base=1147
5.157927,ACK,1167,17.590,47.493,100.000,1193984,base=1147
5.157970,ACK,1168,17.647,47.674,100.000,1195008,base=1147
5.158011,ACK,1169,17.704,47.790,100.000,1196032,base=1147
5.158052,ACK,1170,17.760,47.865,100.000,1197056,base=1147
5.160244,SEND,1180,17.760,47.865,100.000,1197056,
5.160600,SEND,1181,17.760,47.865,100.000,1197056,
5.160816,SEND,1182,17.760,47.865,100.000,1197056,
5.161029,SEND,1183,17.760,47.865,100.000,1197056,
5.161270,SEND,1184,17.760,47.865,100.000,1197056,
5.161505,SEND,1185,17.760,47.865,100.000,1197056,
5.164240,ACK,1147,17.817,47.865,100.000,1198080,base=1148
5.166272,SEND,1186,17.817,47.865,100.000,1198080,
5.170015,STATS,-1,17.817,47.865,100.000,1198080,base=1148 next=1187 inflight=17
5.171557,ACK,1171,17.873,48.101,100.000,1199104,base=1148
5.171631,ACK,1172,17.929,48.293,100.000,1200128,base=1148
5.171672,ACK,1173,17.984,48.440,100.000,1201152,base=1148
5.172009,RETX,1148,17.984,48.440,100.000,1201152,retx#2
5.172288,SEND,1187,17.984,48.440,100.000,1201152,
5.172556,SEND,1188,17.984,48.440,100.000,1201152,
5.172790,SEND,1189,17.984,48.440,100.000,1201152,
5.172881,ACK,1174,18.040,48.694,100.000,1202176,base=1148
5.172925,ACK,1175,18.096,48.893,100.000,1203200,base=1148
5.174903,SEND,1190,18.096,48.893,100.000,1203200,
5.175137,SEND,1191,18.096,48.893,100.000,1203200,
5.175364,SEND,1192,18.096,48.893,100.000,1203200,
5.183598,ACK,1176,18.151,48.685,100.000,1204224,base=1148
5.184875,SEND,1193,18.151,48.685,100.000,1204224,
5.190519,ACK,1177,18.206,48.104,100.000,1205248,base=1148
5.192071,SEND,1194,18.206,48.104,100.000,1205248,
5.201357,ACK,1148,18.261,48.104,100.000,1206272,base=1178
5.201430,ACK,1178,18.316,47.587,100.000,1207296,base=1179
5.203056,SEND,1195,18.316,47.587,100.000,1207296,
5.203242,SEND,1196,18.316,47.587,100.000,1207296,
5.204783,ACK,1179,18.370,47.524,100.000,1208320,base=1180
5.205260,SEND,1197,18.370,47.524,100.000,1208320,
5.210794,ACK,1180,18.425,47.899,100.000,1209344,base=1181
5.210846,ACK,1181,18.479,48.192,100.000,1210368,base=1182
5.210885,ACK,1182,18.533,48.426,100.000,1211392,base=1183
5.211129,SEND,1198,18.533,48.426,100.000,1211392,
5.211315,SEND,1199,18.533,48.426,100.000,1211392,
5.211487,SEND,1200,18.533,48.426,100.000,1211392,
5.215641,ACK,1183,18.587,49.196,100.000,1212416,base=1184
5.215708,ACK,1184,18.641,49.851,100.000,1213440,base=1185
5.215748,ACK,1185,18.694,50.399,100.000,1214464,base=1186
5.215783,ACK,1186,18.748,50.288,100.000,1215488,base=1187
5.215817,ACK,1187,18.801,49.443,100.000,1216512,base=1188
5.215850,ACK,1188,18.854,48.674,100.000,1217536,base=1189
5.216788,SEND,1201,18.854,48.674,100.000,1217536,
5.217020,SEND,1202,18.854,48.674,100.000,1217536,
5.217244,SEND,1203,18.854,48.674,100.000,1217536,
5.217469,SEND,1204,18.854,48.674,100.000,1217536,
5.217694,SEND,1205,18.854,48.674,100.000,1217536,
5.217919,SEND,1206,18.854,48.674,100.000,1217536,
5.217999,ACK,1189,18.907,48.239,100.000,1218560,base=1190
5.218040,ACK,1190,18.960,47.601,100.000,1219584,base=1191
5.219692,ACK,1191,19.013,47.219,100.000,1220608,base=1192
5.219958,SEND,1207,19.013,47.219,100.000,1220608,
5.220193,SEND,1208,19.013,47.219,100.000,1220608,
5.220420,SEND,1209,19.013,47.219,100.000,1220608,
5.220647,SEND,1210,19.013,47.219,100.000,1220608,
5.220726,ACK,1192,19.066,46.986,100.000,1221632,base=1193
5.222568,SEND,1211,19.066,46.986,100.000,1221632,
5.233727,ACK,1193,19.118,47.217,100.000,1222656,base=1194
5.234158,ACK,1194,19.170,46.574,100.000,1223680,base=1195
5.234866,SEND,1212,19.170,46.574,100.000,1223680,
5.235054,SEND,1213,19.170,46.574,100.000,1223680,
5.247273,ACK,1195,19.223,46.277,100.000,1224704,base=1196
5.249166,SEND,1214,19.223,46.277,100.000,1224704,
5.250070,ACK,1196,19.275,46.345,100.000,1225728,base=1197
5.251099,SEND,1215,19.275,46.345,100.000,1225728,
5.254629,ACK,1197,19.326,46.722,100.000,1226752,base=1198
5.254673,ACK,1198,19.378,46.324,100.000,1227776,base=1199
5.254709,ACK,1199,19.430,45.957,100.000,1228800,base=1200
5.254743,ACK,1200,19.481,45.619,100.000,1229824,base=1201
5.256076,ACK,1201,19.533,44.826,100.000,1230848,base=1202
5.256366,SEND,1216,19.533,44.826,100.000,1230848,
5.256597,SEND,1217,19.533,44.826,100.000,1230848,
5.256826,SEND,1218,19.533,44.826,100.000,1230848,
5.257038,SEND,1219,19.533,44.826,100.000,1230848,
5.257216,SEND,1220,19.533,44.826,100.000,1230848,
5.262783,ACK,1202,19.584,44.942,100.000,1231872,base=1203
5.262826,ACK,1204,19.635,44.994,100.000,1232896,base=1203
5.262858,NAK,1203,19.635,,,1232896,
5.263105,RETX,1203,17.453,44.994,100.000,1232896,retx#1
5.263190,ACK,1205,17.511,45.056,100.000,1233920,base=1203
5.263227,ACK,1206,17.568,45.087,100.000,1234944,base=1203
5.263471,RETX,1203,17.568,45.087,100.000,1234944,retx#2
5.264125,SEND,1221,17.568,45.087,100.000,1234944,
5.264356,SEND,1222,17.568,45.087,100.000,1234944,
5.264933,ACK,1207,17.625,45.072,100.000,1235968,base=1203
5.264972,ACK,1208,17.681,45.035,100.000,1236992,base=1203
5.265005,ACK,1209,17.738,44.978,100.000,1238016,base=1203
5.266462,SEND,1223,17.738,44.978,100.000,1238016,
5.266703,SEND,1224,17.738,44.978,100.000,1238016,
5.266932,SEND,1225,17.738,44.978,100.000,1238016,
5.270708,STATS,-1,17.738,44.978,100.000,1238016,base=1203 next=1226 inflight=17
5.272332,ACK,1210,17.794,45.815,100.000,1239040,base=1203
5.272988,SEND,1226,17.794,45.815,100.000,1239040,
5.273142,ACK,1211,17.850,46.408,100.000,1240064,base=1203
5.275146,SEND,1227,17.850,46.408,100.000,1240064,
5.276009,ACK,1212,17.906,45.748,100.000,1241088,base=1203
5.276065,ACK,1213,17.962,45.155,100.000,1242112,base=1203
5.277443,SEND,1228,17.962,45.155,100.000,1242112,
5.277660,SEND,1229,17.962,45.155,100.000,1242112,
5.287589,ACK,1214,18.018,44.311,100.000,1243136,base=1203
5.289173,SEND,1230,18.018,44.311,100.000,1243136,
5.289405,SEND,1231,18.018,44.311,100.000,1243136,
5.289638,ACK,1215,18.073,43.587,100.000,1244160,base=1203
5.291453,SEND,1232,18.073,43.587,100.000,1244160,
5.293103,ACK,1216,18.129,42.728,100.000,1245184,base=1203
5.293444,SEND,1233,18.129,42.728,100.000,1245184,
5.302939,ACK,1217,18.184,43.177,100.000,1246208,base=1203
5.304765,SEND,1234,18.184,43.177,100.000,1246208,
5.307894,ACK,1218,18.239,44.157,100.000,1247232,base=1203
5.307985,ACK,1219,18.294,45.005,100.000,1248256,base=1203
5.308039,ACK,1220,18.348,45.731,100.000,1249280,base=1203
5.308092,ACK,1203,18.403,45.731,100.000,1250304,base=1221
5.308616,SEND,1235,18.403,45.731,100.000,1250304,
5.308990,SEND,1236,18.403,45.731,100.000,1250304,
5.309358,SEND,1237,18.403,45.731,100.000,1250304,
5.309702,SEND,1238,18.403,45.731,100.000,1250304,
5.314893,DUPACK,1203,18.403,,,1250304,
5.315265,ACK,1221,18.457,46.404,100.000,1251328,base=1222
5.315359,ACK,1222,18.511,46.978,100.000,1252352,base=1223
5.315413,ACK,1224,18.565,47.193,100.000,1253376,base=1223
5.315687,SEND,1239,18.565,47.193,100.000,1253376,
5.315905,SEND,1240,18.565,47.193,100.000,1253376,
5.316104,SEND,1241,18.565,47.193,100.000,1253376,
5.316208,NAK,1223,18.565,,,1253376,
5.316411,RETX,1223,16.503,47.193,100.000,1253376,retx#1
5.316514,ACK,1225,16.563,47.491,100.000,1254400,base=1223
5.318292,ACK,1226,16.624,47.215,100.000,1255424,base=1223
5.318610,RETX,1223,16.624,47.215,100.000,1255424,retx#2
5.318766,ACK,1227,16.684,46.765,100.000,1256448,base=1223
5.320409,SEND,1242,16.684,46.765,100.000,1256448,
5.323373,ACK,1228,16.744,46.659,100.000,1257472,base=1223
5.324784,SEND,1243,16.744,46.659,100.000,1257472,
5.325114,ACK,1229,16.803,46.750,100.000,1258496,base=1223
5.328061,SEND,1244,16.803,46.750,100.000,1258496,
5.335972,ACK,1230,16.863,46.753,100.000,1259520,base=1223
5.336052,ACK,1231,16.922,46.739,100.000,1260544,base=1223
5.336577,SEND,1245,16.922,46.739,100.000,1260544,
5.336799,SEND,1246,16.922,46.739,100.000,1260544,
5.344125,ACK,1233,16.981,47.229,100.000,1261568,base=1223
5.344324,NAK,1232,16.981,,,1261568,
5.344627,RETX,1232,16.981,47.229,100.000,1261568,retx#1
5.344704,ACK,1234,17.040,46.318,100.000,1262592,base=1223
5.345609,SEND,1247,17.040,46.318,100.000,1262592,
5.346094,SEND,1248,17.040,46.318,100.000,1262592,
5.346285,SEND,1249,17.040,46.318,100.000,1262592,
5.365077,ACK,1235,17.099,47.583,100.000,1263616,base=1223
5.365148,ACK,1236,17.157,48.654,100.000,1264640,base=1223
5.365355,ACK,1237,17.216,49.571,100.000,1265664,base=1223
5.365410,ACK,1238,17.274,50.337,100.000,1266688,base=1223
5.365479,ACK,1239,17.332,50.269,100.000,1267712,base=1223
5.365523,ACK,1240,17.389,50.187,100.000,1268736,base=1223
5.365564,ACK,1241,17.447,50.095,100.000,1269760,base=1223
5.365597,NAK,1223,17.447,,,1269760,
5.365864,RETX,1223,17.447,50.095,100.000,1269760,retx#3
5.365995,ACK,1223,17.504,50.095,100.000,1270784,base=1232
5.366046,DUPACK,1223,17.504,,,1270784,
5.366270,SEND,1250,17.504,50.095,100.000,1270784,
5.366383,SEND,1251,17.504,50.095,100.000,1270784,
5.366492,SEND,1252,17.504,50.095,100.000,1270784,
5.366737,SEND,1253,17.504,50.095,100.000,1270784,
5.366851,SEND,1254,17.504,50.095,100.000,1270784,
5.367098,SEND,1255,17.504,50.095,100.000,1270784,
5.367210,SEND,1256,17.504,50.095,100.000,1270784,
5.367321,SEND,1257,17.504,50.095,100.000,1270784,
5.368124,ACK,1242,17.561,49.791,100.000,1271808,base=1232
5.368954,ACK,1244,17.618,48.677,100.000,1272832,base=1232
5.369403,SEND,1258,17.618,48.677,100.000,1272832,
5.369616,SEND,1259,17.618,48.677,100.000,1272832,
5.371563,STATS,-1,17.618,48.677,100.000,1272832,base=1232 next=1260 inflight=17
5.387167,ACK,1245,17.675,48.913,100.000,1273856,base=1232
5.387479,RETX,1232,17.675,48.913,100.000,1273856,retx#2
5.388781,SEND,1260,17.675,48.913,100.000,1273856,
5.391519,ACK,1246,17.732,49.635,100.000,1274880,base=1232
5.391595,ACK,1232,17.788,49.635,100.000,1275904,base=1243
5.391639,ACK,1247,17.844,49.184,100.000,1276928,base=1243
5.391682,ACK,1248,17.900,48.734,100.000,1277952,base=1243
5.391723,ACK,1249,17.956,48.321,100.000,1278976,base=1243
5.391975,RETX,1243,15.961,48.321,100.000,1278976,retx#1
5.392892,SEND,1261,15.961,48.321,100.000,1278976,
5.393218,SEND,1262,15.961,48.321,100.000,1278976,
5.393507,SEND,1263,15.961,48.321,100.000,1278976,
5.405889,DUPACK,1223,15.961,,,1278976,
5.411278,ACK,1250,16.024,47.903,100.000,1280000,base=1243
5.413338,SEND,1264,16.024,47.903,100.000,1280000,
5.413608,SEND,1265,16.024,47.903,100.000,1280000,
5.415191,ACK,1251,16.086,48.014,100.000,1281024,base=1243
5.415987,ACK,1253,16.148,48.152,100.000,1282048,base=1243
5.416236,ACK,1254,16.210,48.305,100.000,1283072,base=1243
5.416279,ACK,1255,16.272,48.414,100.000,1284096,base=1243
5.416316,ACK,1256,16.333,48.500,100.000,1285120,base=1243
5.416738,SEND,1266,16.333,48.500,100.000,1285120,
5.416979,SEND,1267,16.333,48.500,100.000,1285120,
5.417206,SEND,1268,16.333,48.500,100.000,1285120,
5.417433,SEND,1269,16.333,48.500,100.000,1285120,
5.417661,SEND,1270,16.333,48.500,100.000,1285120,
5.417768,ACK,1257,16.395,48.742,100.000,1286144,base=1243
5.419840,SEND,1271,16.395,48.742,100.000,1286144,
5.419899,ACK,1258,16.456,48.960,100.000,1287168,base=1243
5.419939,ACK,1259,16.516,49.130,100.000,1288192,base=1243
5.422007,SEND,1272,16.516,49.130,100.000,1288192,
5.422187,SEND,1273,16.516,49.130,100.000,1288192,
5.439960,DUPACK,1232,16.516,,,1288192,
5.440075,ACK,1260,16.577,49.399,100.000,1289216,base=1243
5.440126,ACK,1243,16.637,49.399,100.000,1290240,base=1252
5.440169,ACK,1261,16.697,49.133,100.000,1291264,base=1252
5.440215,ACK,1262,16.757,48.865,100.000,1292288,base=1252
5.441901,SEND,1274,16.757,48.865,100.000,1292288,
5.442129,SEND,1275,16.757,48.865,100.000,1292288,
5.444103,SEND,1276,16.757,48.865,100.000,1292288,
5.444339,SEND,1277,16.757,48.865,100.000,1292288,
5.444458,ACK,1263,16.817,49.125,100.000,1293312,base=1252
5.444708,RETX,1252,16.817,49.125,100.000,1293312,retx#1
5.446569,SEND,1278,16.817,49.125,100.000,1293312,
5.457742,ACK,1264,16.876,48.530,100.000,1294336,base=1252
5.458251,SEND,1279,16.876,48.530,100.000,1294336,
5.464028,ACK,1265,16.936,48.763,100.000,1295360,base=1252
5.464133,ACK,1266,16.995,48.588,100.000,1296384,base=1252
5.464363,ACK,1267,17.053,48.436,100.000,1297408,base=1252
5.464795,SEND,1280,17.053,48.436,100.000,1297408,
5.465012,SEND,1281,17.053,48.436,100.000,1297408,
5.465221,SEND,1282,17.053,48.436,100.000,1297408,
5.465437,SEND,1283,17.053,48.436,100.000,1297408,
5.466230,ACK,1268,17.112,48.507,100.000,1298432,base=1252
5.467732,SEND,1284,17.112,48.507,100.000,1298432,
5.467816,ACK,1269,17.171,48.740,100.000,1299456,base=1252
5.467865,ACK,1270,17.229,48.922,100.000,1300480,base=1252
5.467902,ACK,1271,17.287,48.814,100.000,1301504,base=1252
5.467938,ACK,1272,17.345,48.453,100.000,1302528,base=1252
5.467972,ACK,1273,17.402,48.119,100.000,1303552,base=1252
5.469854,SEND,1285,17.402,48.119,100.000,1303552,
5.470084,SEND,1286,17.402,48.119,100.000,1303552,
5.470308,SEND,1287,17.402,48.119,100.000,1303552,
5.470534,SEND,1288,17.402,48.119,100.000,1303552,
5.470762,SEND,1289,17.402,48.119,100.000,1303552,
5.472653,STATS,-1,17.402,48.119,100.000,1303552,base=1252 next=1290 inflight=17
5.483854,ACK,1274,17.460,47.346,100.000,1304576,base=1252
5.484671,SEND,1290,17.460,47.346,100.000,1304576,
5.487166,ACK,1275,17.517,47.054,100.000,1305600,base=1252
5.488509,ACK,1276,17.574,46.720,100.000,1306624,base=1252
5.488598,ACK,1277,17.631,46.411,100.000,1307648,base=1252
5.488892,SEND,1291,17.631,46.411,100.000,1307648,
5.489105,SEND,1292,17.631,46.411,100.000,1307648,
5.489553,SEND,1293,17.631,46.411,100.000,1307648,
5.493417,ACK,1278,17.688,46.463,100.000,1308672,base=1252
5.493667,SEND,1294,17.688,46.463,100.000,1308672,
5.496651,ACK,1279,17.744,45.454,100.000,1309696,base=1252
5.498538,SEND,1295,17.744,45.454,100.000,1309696,
5.504648,ACK,1280,17.801,44.750,100.000,1310720,base=1252
5.506442,SEND,1296,17.801,44.750,100.000,1310720,
5.515334,ACK,1281,17.857,45.440,100.000,1311744,base=1252
5.515731,ACK,1282,17.913,46.071,100.000,1312768,base=1252
5.515963,ACK,1283,17.969,46.627,100.000,1313792,base=1252
5.516095,ACK,1285,18.024,46.578,100.000,1314816,base=1252
5.516144,NAK,1284,18.024,,,1314816,
5.516363,RETX,1284,18.024,46.578,100.000,1314816,retx#1
5.516866,SEND,1297,18.024,46.578,100.000,1314816,
5.517062,SEND,1298,18.024,46.578,100.000,1314816,
5.517239,SEND,1299,18.024,46.578,100.000,1314816,
5.517427,SEND,1300,18.024,46.578,100.000,1314816,
5.517653,SEND,1301,18.024,46.578,100.000,1314816,
5.524382,ACK,1286,18.080,47.538,100.000,1315840,base=1252
5.524475,ACK,1288,18.135,48.337,100.000,1316864,base=1252
5.524517,NAK,1287,18.135,,,1316864,
5.524799,RETX,1287,18.135,48.337,100.000,1316864,retx#1
5.525118,SEND,1302,18.135,48.337,100.000,1316864,
5.525538,SEND,1303,18.135,48.337,100.000,1316864,
5.525885,ACK,1289,18.190,49.182,100.000,1317888,base=1252
5.526393,ACK,1290,18.245,48.248,100.000,1318912,base=1252
5.527780,SEND,1304,18.245,48.248,100.000,1318912,
5.528193,SEND,1305,18.245,48.248,100.000,1318912,
5.531091,ACK,1291,18.300,47.489,100.000,1319936,base=1252
5.531182,ACK,1292,18.355,46.812,100.000,1320960,base=1252
5.531225,ACK,1294,18.409,45.655,100.000,1321984,base=1252
5.532534,SEND,1306,18.409,45.655,100.000,1321984,
5.533154,SEND,1307,18.409,45.655,100.000,1321984,
5.533380,SEND,1308,18.409,45.655,100.000,1321984,
5.533557,ACK,1295,18.463,44.324,100.000,1323008,base=1252
5.535458,SEND,1309,18.463,44.324,100.000,1323008,
5.545245,TIMEOUT,1252,18.463,44.324,200.000,1323008,
5.545586,RETX,1252,18.463,44.324,200.000,1323008,retx#2
5.566716,ACK,1284,18.518,44.324,200.000,1324032,base=1252
5.566803,ACK,1297,18.572,45.024,100.000,1325056,base=1252
5.566844,NAK,1296,18.572,,,1325056,
5.567190,RETX,1296,18.572,45.024,100.000,1325056,retx#1
5.567930,SEND,1310,18.572,45.024,100.000,1325056,
5.568149,SEND,1311,18.572,45.024,100.000,1325056,
5.569704,ACK,1298,18.625,45.973,100.000,1326080,base=1252
5.569766,ACK,1299,18.679,46.792,100.000,1327104,base=1252
5.569804,ACK,1300,18.733,47.490,100.000,1328128,base=1252
5.569839,ACK,1301,18.786,48.076,100.000,1329152,base=1252
5.570045,SEND,1312,18.786,48.076,100.000,1329152,
5.570321,SEND,1313,18.786,48.076,100.000,1329152,
5.570571,SEND,1314,18.786,48.076,100.000,1329152,
5.570799,SEND,1315,18.786,48.076,100.000,1329152,
5.570912,ACK,1287,18.839,48.076,100.000,1330176,base=1252
5.570970,ACK,1302,18.892,47.798,100.000,1331200,base=1252
5.572817,SEND,1316,18.892,47.798,100.000,1331200,
5.573051,SEND,1317,18.892,47.798,100.000,1331200,
5.573070,STATS,-1,18.892,47.798,100.000,1331200,base=1252 next=1318 inflight=18
5.580021,ACK,1303,18.945,48.630,100.000,1332224,base=1252
5.580144,ACK,1304,18.998,49.096,100.000,1333248,base=1252
5.580198,ACK,1305,19.051,49.459,100.000,1334272,base=1252
5.580242,ACK,1306,19.103,49.240,100.000,1335296,base=1252
5.580284,ACK,1307,19.156,48.976,100.000,1336320,base=1252
5.581092,SEND,1318,19.156,48.976,100.000,1336320,
5.581345,SEND,1319,19.156,48.976,100.000,1336320,
5.581716,SEND,1320,19.156,48.976,100.000,1336320,
5.582141,SEND,1321,19.156,48.976,100.000,1336320,
5.582439,SEND,1322,19.156,48.976,100.000,1336320,
5.582714,SEND,1323,19.156,48.976,100.000,1336320,
5.591048,TIMEOUT,1293,19.156,48.976,200.000,1336320,
5.591351,RETX,1293,19.156,48.976,200.000,1336320,retx#1
5.595092,ACK,1308,19.208,50.555,100.000,1337344,base=1252
5.596842,SEND,1324,19.208,50.555,100.000,1337344,
5.596964,ACK,1309,19.260,51.923,100.000,1338368,base=1252
5.597991,ACK,1252,19.312,51.923,100.000,1339392,base=1293
5.598779,SEND,1325,19.312,51.923,100.000,1339392,
5.599021,SEND,1326,19.312,51.923,100.000,1339392,
5.618239,ACK,1296,19.364,51.923,100.000,1340416,base=1293
5.618525,ACK,1310,19.415,51.754,100.000,1341440,base=1293
5.618638,ACK,1311,19.467,51.593,100.000,1342464,base=1293
5.618906,RETX,1293,17.304,51.593,100.000,1342464,retx#2
5.618982,ACK,1313,17.362,51.225,100.000,1343488,base=1293
5.619022,NAK,1312,17.362,,,1343488,
5.619259,RETX,1312,17.362,51.225,100.000,1343488,retx#1
5.619361,ACK,1314,17.419,50.919,100.000,1344512,base=1293
5.619424,ACK,1315,17.477,50.631,100.000,1345536,base=1293
5.619469,ACK,1316,17.534,50.133,100.000,1346560,base=1293
5.619514,ACK,1317,17.591,49.674,100.000,1347584,base=1293
5.620200,SEND,1327,17.591,49.674,100.000,1347584,
5.620385,SEND,1328,17.591,49.674,100.000,1347584,
5.620560,SEND,1329,17.591,49.674,100.000,1347584,
5.620728,SEND,1330,17.591,49.674,100.000,1347584,
5.620907,SEND,1331,17.591,49.674,100.000,1347584,
5.621078,SEND,1332,17.591,49.674,100.000,1347584,
5.621631,ACK,1318,17.648,48.530,100.000,1348608,base=1293
5.623339,SEND,1333,17.648,48.530,100.000,1348608,
5.629690,ACK,1320,17.704,48.457,100.000,1349632,base=1293
5.629771,NAK,1319,17.704,,,1349632,
5.630055,RETX,1319,17.704,48.457,100.000,1349632,retx#1
5.630180,ACK,1321,17.761,48.420,100.000,1350656,base=1293
5.630232,ACK,1322,17.817,48.341,100.000,1351680,base=1293
5.630271,ACK,1323,17.873,48.242,100.000,1352704,base=1293
5.631625,SEND,1334,17.873,48.242,100.000,1352704,
5.631816,SEND,1335,17.873,48.242,100.000,1352704,
5.631989,SEND,1336,17.873,48.242,100.000,1352704,
5.632160,SEND,1337,17.873,48.242,100.000,1352704,
5.635605,ACK,1293,17.929,48.242,100.000,1353728,base=1312
5.635892,SEND,1338,17.929,48.242,100.000,1353728,
5.641418,ACK,1324,17.985,47.781,100.000,1354752,base=1312
5.641846,SEND,1339,17.985,47.781,100.000,1354752,
5.649248,ACK,1326,18.041,48.084,100.000,1355776,base=1312
5.649750,SEND,1340,18.041,48.084,100.000,1355776,
5.649970,SEND,1341,18.041,48.084,100.000,1355776,
5.650094,NAK,1325,18.041,,,1355776,
5.650355,RETX,1325,18.041,48.084,100.000,1355776,retx#1
5.669079,ACK,1312,18.096,48.084,100.000,1356800,base=1319
5.669173,ACK,1327,18.151,48.194,100.000,1357824,base=1319
5.669599,ACK,1329,18.206,48.297,100.000,1358848,base=1319
5.670131,SEND,1342,18.206,48.297,100.000,1358848,
5.670504,SEND,1343,18.206,48.297,100.000,1358848,
5.670773,SEND,1344,18.206,48.297,100.000,1358848,
5.670979,ACK,1331,18.261,48.517,100.000,1359872,base=1319
5.671266,RETX,1319,18.261,48.517,100.000,1359872,retx#2
5.672396,ACK,1332,18.316,48.865,100.000,1360896,base=1319
5.672658,SEND,1345,18.316,48.865,100.000,1360896,
5.672873,SEND,1346,18.316,48.865,100.000,1360896,
5.673027,ACK,1333,18.371,48.967,100.000,1361920,base=1319
5.673108,ACK,1319,18.425,48.967,100.000,1362944,base=1325
5.673152,ACK,1334,18.479,48.037,100.000,1363968,base=1325
5.674925,SEND,1347,18.479,48.037,100.000,1363968,
5.675155,SEND,1348,18.479,48.037,100.000,1363968,
5.675402,SEND,1349,18.479,48.037,100.000,1363968,
5.675439,STATS,-1,18.479,48.037,100.000,1363968,base=1325 next=1350 inflight=18
5.679666,ACK,1335,18.533,48.009,100.000,1364992,base=1325
5.681722,SEND,1350,18.533,48.009,100.000,1364992,
5.682087,ACK,1336,18.587,48.268,100.000,1366016,base=1325
5.682524,RETX,1325,18.587,48.268,100.000,1366016,retx#2
5.682765,ACK,1337,18.641,48.558,100.000,1367040,base=1325
5.682896,ACK,1338,18.695,48.363,100.000,1368064,base=1325
5.683940,SEND,1351,18.695,48.363,100.000,1368064,
5.684292,SEND,1352,18.695,48.363,100.000,1368064,
5.684577,SEND,1353,18.695,48.363,100.000,1368064,
5.690415,ACK,1340,18.748,47.396,100.000,1369088,base=1325
5.690516,ACK,1341,18.802,46.539,100.000,1370112,base=1325
5.690580,ACK,1325,18.855,46.539,100.000,1371136,base=1328
5.694190,SEND,1354,18.855,46.539,100.000,1371136,
5.694754,SEND,1355,18.855,46.539,100.000,1371136,
5.694984,SEND,1356,18.855,46.539,100.000,1371136,
5.711418,ACK,1342,18.908,45.880,100.000,1372160,base=1328
5.713243,SEND,1357,18.908,45.880,100.000,1372160,
5.715605,ACK,1343,18.961,45.779,100.000,1373184,base=1328
5.715756,ACK,1344,19.014,45.678,100.000,1374208,base=1328
5.715995,RETX,1328,16.901,45.678,100.000,1374208,retx#1
5.720142,NAK,1330,16.901,,,1374208,
5.720425,RETX,1330,16.901,45.678,100.000,1374208,retx#1
5.724422,DUPACK,1319,16.901,,,1374208,
5.724514,ACK,1345,16.960,46.448,100.000,1375232,base=1328
5.724561,ACK,1346,17.019,47.102,100.000,1376256,base=1328
5.724695,ACK,1347,17.078,47.436,100.000,1377280,base=1328
5.724737,ACK,1348,17.136,47.703,100.000,1378304,base=1328
5.725118,SEND,1358,17.136,47.703,100.000,1378304,
5.725380,SEND,1359,17.136,47.703,100.000,1378304,
5.725631,SEND,1360,17.136,47.703,100.000,1378304,
5.725986,SEND,1361,17.136,47.703,100.000,1378304,
5.726229,SEND,1362,17.136,47.703,100.000,1378304,
5.726338,ACK,1349,17.195,48.106,100.000,1379328,base=1328
5.726391,ACK,1350,17.253,47.686,100.000,1380352,base=1328
5.726424,DUPACK,1325,17.253,,,1380352,
5.726460,ACK,1351,17.311,47.040,100.000,1381376,base=1328
5.727027,ACK,1352,17.369,46.501,100.000,1382400,base=1328
5.727634,ACK,1353,17.426,46.070,100.000,1383424,base=1328
5.728352,SEND,1363,17.426,46.070,100.000,1383424,
5.728585,SEND,1364,17.426,46.070,100.000,1383424,
5.728852,SEND,1365,17.426,46.070,100.000,1383424,
5.729083,SEND,1366,17.426,46.070,100.000,1383424,
5.729313,SEND,1367,17.426,46.070,100.000,1383424,
5.733505,ACK,1354,17.484,45.224,100.000,1384448,base=1328
5.733572,ACK,1355,17.541,44.423,100.000,1385472,base=1328
5.733610,ACK,1356,17.598,43.698,100.000,1386496,base=1328
5.735487,SEND,1368,17.598,43.698,100.000,1386496,
5.735682,SEND,1369,17.598,43.698,100.000,1386496,
5.735863,SEND,1370,17.598,43.698,100.000,1386496,
5.743481,TIMEOUT,1339,17.598,43.698,200.000,1386496,
5.743779,RETX,1339,17.598,43.698,200.000,1386496,retx#1
5.754236,ACK,1357,17.655,43.357,100.000,1387520,base=1328
5.756484,SEND,1371,17.655,43.357,100.000,1387520,
5.760802,ACK,1328,17.711,43.357,100.000,1388544,base=1330
5.762422,SEND,1372,17.711,43.357,100.000,1388544,
5.775995,STATS,-1,17.711,43.357,100.000,1388544,base=1330 next=1373 inflight=17
5.777980,ACK,1358,17.768,44.543,100.000,1389568,base=1330
5.778410,SEND,1373,17.768,44.543,100.000,1389568,
5.778607,ACK,1360,17.824,45.596,100.000,1390592,base=1330
5.778678,NAK,1359,17.824,,,1390592,
5.778954,RETX,1359,17.824,45.596,100.000,1390592,retx#1
5.779017,ACK,1361,17.880,46.524,100.000,1391616,base=1330
5.779327,RETX,1330,17.880,46.524,100.000,1391616,retx#2
5.779413,ACK,1362,17.936,47.354,100.000,1392640,base=1330
5.779611,ACK,1363,17.992,47.841,100.000,1393664,base=1330
5.779795,ACK,1364,18.047,48.254,100.000,1394688,base=1330
5.779849,ACK,1365,18.103,48.601,100.000,1395712,base=1330
5.780363,SEND,1374,18.103,48.601,100.000,1395712,
5.780641,SEND,1375,18.103,48.601,100.000,1395712,
5.780856,SEND,1376,18.103,48.601,100.000,1395712,
5.781067,SEND,1377,18.103,48.601,100.000,1395712,
5.781244,SEND,1378,18.103,48.601,100.000,1395712,
5.781476,SEND,1379,18.103,48.601,100.000,1395712,
5.781668,SEND,1380,18.103,48.601,100.000,1395712,
5.781848,ACK,1366,18.158,49.119,100.000,1396736,base=1330
5.781913,ACK,1367,18.213,49.554,100.000,1397760,base=1330
5.781952,ACK,1368,18.268,49.167,100.000,1398784,base=1330
5.783723,SEND,1381,18.268,49.167,100.000,1398784,
5.783951,SEND,1382,18.268,49.167,100.000,1398784,
5.784134,SEND,1383,18.268,49.167,100.000,1398784,
5.786591,ACK,1369,18.323,49.381,100.000,1399808,base=1330
5.786686,ACK,1370,18.377,49.560,100.000,1400832,base=1330
5.788000,SEND,1384,18.377,49.560,100.000,1400832,
5.788253,SEND,1385,18.377,49.560,100.000,1400832,
5.798903,ACK,1371,18.432,48.664,100.000,1401856,base=1330
5.799229,SEND,1386,18.432,48.664,100.000,1401856,
5.812656,ACK,1372,18.486,48.859,100.000,1402880,base=1330
5.814196,SEND,1387,18.486,48.859,100.000,1402880,
5.832398,ACK,1373,18.540,49.498,100.000,1403904,base=1330
5.832503,NAK,1330,18.540,,,1403904,
5.832762,RETX,1330,18.540,49.498,100.000,1403904,retx#3
5.832917,NAK,1359,18.540,,,1403904,
5.833181,RETX,1359,18.540,49.498,100.000,1403904,retx#2
5.833267,ACK,1359,18.594,49.498,100.000,1404928,base=1330
5.833323,ACK,1330,18.648,49.498,100.000,1405952,base=1339
5.833378,ACK,1374,18.701,49.936,100.000,1406976,base=1339
5.833420,ACK,1375,18.755,50.290,100.000,1408000,base=1339
5.833461,ACK,1376,18.808,50.579,100.000,1409024,base=1339
5.833812,RETX,1339,18.808,50.579,100.000,1409024,retx#2
5.834101,SEND,1388,18.808,50.579,100.000,1409024,
5.834332,SEND,1389,18.808,50.579,100.000,1409024,
5.834559,SEND,1390,18.808,50.579,100.000,1409024,
5.834793,SEND,1391,18.808,50.579,100.000,1409024,
5.835020,SEND,1392,18.808,50.579,100.000,1409024,
5.835248,SEND,1393,18.808,50.579,100.000,1409024,
5.835343,ACK,1377,18.861,51.040,100.000,1410048,base=1339
5.835388,ACK,1379,18.914,51.399,100.000,1411072,base=1339
5.835418,NAK,1378,18.914,,,1411072,
5.835672,RETX,1378,18.914,51.399,100.000,1411072,retx#1
5.836191,ACK,1380,18.967,51.788,100.000,1412096,base=1339
5.836233,ACK,1381,19.020,51.879,100.000,1413120,base=1339
5.836269,ACK,1383,19.073,51.911,100.000,1414144,base=1339
5.836304,ACK,1385,19.125,51.428,100.000,1415168,base=1339
5.837261,SEND,1394,19.125,51.428,100.000,1415168,
5.837493,SEND,1395,19.125,51.428,100.000,1415168,
5.837721,SEND,1396,19.125,51.428,100.000,1415168,
5.837949,SEND,1397,19.125,51.428,100.000,1415168,
5.838180,SEND,1398,19.125,51.428,100.000,1415168,
5.838406,SEND,1399,19.125,51.428,100.000,1415168,
5.838632,SEND,1400,19.125,51.428,100.000,1415168,
5.838756,NAK,1384,19.125,,,1415168,
5.839000,RETX,1384,19.125,51.428,100.000,1415168,retx#1
5.843180,ACK,1386,19.177,50.493,100.000,1416192,base=1339
5.843889,SEND,1401,19.177,50.493,100.000,1416192,
5.856067,ACK,1387,19.229,49.411,100.000,1417216,base=1339
5.856355,SEND,1402,19.229,49.411,100.000,1417216,
5.876129,DUPACK,1330,19.229,,,1417216,
5.876462,STATS,-1,19.229,49.411,100.000,1417216,base=1339 next=1403 inflight=19
5.882054,DUPACK,1359,19.229,,,1417216,
5.882164,ACK,1339,19.281,49.411,100.000,1418240,base=1378
5.882221,ACK,1388,19.333,49.248,100.000,1419264,base=1378
5.882270,ACK,1389,19.385,49.084,100.000,1420288,base=1378
5.882316,ACK,1390,19.437,48.917,100.000,1421312,base=1378
5.882615,RETX,1378,17.277,48.917,100.000,1421312,retx#2
5.882727,ACK,1391,17.335,48.793,100.000,1422336,base=1378
5.882798,ACK,1392,17.393,48.665,100.000,1423360,base=1378
5.883660,SEND,1403,17.393,48.665,100.000,1423360,
5.883974,SEND,1404,17.393,48.665,100.000,1423360,
5.884193,SEND,1405,17.393,48.665,100.000,1423360,
5.884370,SEND,1406,17.393,48.665,100.000,1423360,
5.884390,TIMEOUT,1382,17.393,48.665,200.000,1423360,
5.884566,RETX,1382,17.393,48.665,200.000,1423360,retx#1
5.884674,NAK,1378,17.393,,,1423360,
5.884738,ACK,1393,17.450,48.767,100.000,1424384,base=1378
5.884777,ACK,1378,17.507,48.767,100.000,1425408,base=1382
5.884813,ACK,1394,17.564,48.614,100.000,1426432,base=1382
5.887278,SEND,1407,17.564,48.614,100.000,1426432,
5.887520,SEND,1408,17.564,48.614,100.000,1426432,
5.887695,SEND,1409,17.564,48.614,100.000,1426432,
5.888672,ACK,1395,17.621,48.932,100.000,1427456,base=1382
5.888730,NAK,1384,17.621,,,1427456,
5.888975,RETX,1384,17.621,48.932,100.000,1427456,retx#2
5.889051,ACK,1396,17.678,49.230,100.000,1428480,base=1382
5.889236,RETX,1382,17.678,49.230,100.000,1428480,retx#2
5.889304,ACK,1397,17.735,49.495,100.000,1429504,base=1382
5.889577,SEND,1410,17.735,49.495,100.000,1429504,
5.889812,SEND,1411,17.735,49.495,100.000,1429504,
5.889990,SEND,1412,17.735,49.495,100.000,1429504,
5.890081,ACK,1398,17.791,49.794,100.000,1430528,base=1382
5.890273,ACK,1400,17.847,50.022,100.000,1431552,base=1382
5.890331,NAK,1399,17.847,,,1431552,
5.890554,RETX,1399,17.847,50.022,100.000,1431552,retx#1
5.890717,ACK,1384,17.903,50.022,100.000,1432576,base=1382
5.890790,ACK,1401,17.959,49.631,100.000,1433600,base=1382
5.892152,SEND,1413,17.959,49.631,100.000,1433600,
5.892413,SEND,1414,17.959,49.631,100.000,1433600,
5.892650,SEND,1415,17.959,49.631,100.000,1433600,
5.892877,SEND,1416,17.959,49.631,100.000,1433600,
5.899263,ACK,1402,18.015,48.788,100.000,1434624,base=1382
5.901276,SEND,1417,18.015,48.788,100.000,1434624,
5.901514,SEND,1418,18.015,48.788,100.000,1434624,
5.916734,DUPACK,1378,18.015,,,1434624,
5.920822,ACK,1403,18.070,47.333,100.000,1435648,base=1382
5.922615,SEND,1419,18.070,47.333,100.000,1435648,
5.923268,ACK,1404,18.126,46.328,100.000,1436672,base=1382
5.924589,SEND,1420,18.126,46.328,100.000,1436672,
5.933374,ACK,1405,18.181,46.682,100.000,1437696,base=1382
5.933655,SEND,1421,18.181,46.682,100.000,1437696,
5.933732,ACK,1406,18.236,47.016,100.000,1438720,base=1382
5.933813,ACK,1382,18.291,47.016,100.000,1439744,base=1399
5.933862,ACK,1407,18.345,46.962,100.000,1440768,base=1399
5.934975,ACK,1408,18.400,47.020,100.000,1441792,base=1399
5.935670,SEND,1422,18.400,47.020,100.000,1441792,
5.935880,SEND,1423,18.400,47.020,100.000,1441792,
5.936059,SEND,1424,18.400,47.020,100.000,1441792,
5.936243,SEND,1425,18.400,47.020,100.000,1441792,
5.939949,ACK,1409,18.454,47.672,100.000,1442816,base=1399
5.940335,RETX,1399,18.454,47.672,100.000,1442816,retx#2
5.940443,NAK,1399,18.454,,,1442816,
5.940486,DUPACK,1384,18.454,,,1442816,
5.940520,DUPACK,1382,18.454,,,1442816,
5.941841,SEND,1426,18.454,47.672,100.000,1442816,
5.941941,ACK,1410,18.508,48.257,100.000,1443840,base=1399
5.942268,ACK,1411,18.562,48.780,100.000,1444864,base=1399
5.942448,ACK,1412,18.616,49.224,100.000,1445888,base=1399
5.942587,ACK,1399,18.670,49.224,100.000,1446912,base=1413
5.942637,ACK,1414,18.724,49.348,100.000,1447936,base=1413
5.942671,NAK,1413,18.724,,,1447936,
5.943017,RETX,1413,16.643,49.348,100.000,1447936,retx#1
5.943100,ACK,1415,16.703,49.484,100.000,1448960,base=1413
5.943149,ACK,1416,16.763,49.582,100.000,1449984,base=1413
5.943379,RETX,1413,16.763,49.582,100.000,1449984,retx#2
5.943450,ACK,1417,16.823,48.655,100.000,1451008,base=1413
5.943495,ACK,1418,16.882,47.820,100.000,1452032,base=1413
5.943860,SEND,1427,16.882,47.820,100.000,1452032,
5.944169,SEND,1428,16.882,47.820,100.000,1452032,
5.944404,SEND,1429,16.882,47.820,100.000,1452032,
5.944632,SEND,1430,16.882,47.820,100.000,1452032,
5.944858,SEND,1431,16.882,47.820,100.000,1452032,
5.945086,SEND,1432,16.882,47.820,100.000,1452032,
5.945312,SEND,1433,16.882,47.820,100.000,1452032,
5.962622,ACK,1419,16.941,46.840,100.000,1453056,base=1413
5.963182,SEND,1434,16.941,46.840,100.000,1453056,
5.973224,ACK,1421,17.001,45.929,100.000,1454080,base=1413
5.973516,SEND,1435,17.001,45.929,100.000,1454080,
5.973822,SEND,1436,17.001,45.929,100.000,1454080,
5.977588,STATS,-1,17.001,45.929,100.000,1454080,base=1413 next=1437 inflight=17
5.983902,ACK,1422,17.059,46.214,100.000,1455104,base=1413
5.983971,ACK,1423,17.118,46.448,100.000,1456128,base=1413
5.984054,ACK,1424,17.176,46.640,100.000,1457152,base=1413
5.984095,ACK,1425,17.235,46.791,100.000,1458176,base=1413
5.985611,SEND,1437,17.235,46.791,100.000,1458176,
5.986031,SEND,1438,17.235,46.791,100.000,1458176,
5.986874,SEND,1439,17.235,46.791,100.000,1458176,
5.987063,SEND,1440,17.235,46.791,100.000,1458176,
5.987935,DUPACK,1399,17.235,,,1458176,
5.987987,ACK,1426,17.293,46.709,100.000,1459200,base=1413
5.989327,SEND,1441,17.293,46.709,100.000,1459200,
5.996072,ACK,1413,17.350,46.709,100.000,1460224,base=1420
5.996161,DUPACK,1413,17.350,,,1460224,
5.996210,ACK,1427,17.408,47.413,100.000,1461248,base=1420
5.996249,ACK,1428,17.466,47.996,100.000,1462272,base=1420
5.996286,ACK,1429,17.523,48.481,100.000,1463296,base=1420
5.996674,RETX,1420,17.523,48.481,100.000,1463296,retx#1
5.996819,ACK,1430,17.580,48.942,100.000,1464320,base=1420
5.997465,SEND,1442,17.580,48.942,100.000,1464320,
5.997695,SEND,1443,17.580,48.942,100.000,1464320,
5.997922,SEND,1444,17.580,48.942,100.000,1464320,
5.998147,SEND,1445,17.580,48.942,100.000,1464320,
5.998372,SEND,1446,17.580,48.942,100.000,1464320,
5.998448,ACK,1431,17.637,49.522,100.000,1465344,base=1420
5.998489,ACK,1432,17.693,50.007,100.000,1466368,base=1420
6.000477,SEND,1447,17.693,50.007,100.000,1466368,
6.000706,SEND,1448,17.693,50.007,100.000,1466368,
6.010019,ACK,1434,17.750,49.608,100.000,1467392,base=1420
6.010070,NAK,1433,17.750,,,1467392,
6.010352,RETX,1433,17.750,49.608,100.000,1467392,retx#1
6.010902,SEND,1449,17.750,49.608,100.000,1467392,
6.013524,ACK,1435,17.806,48.407,100.000,1468416,base=1420
6.014942,SEND,1450,17.806,48.407,100.000,1468416,
6.017217,ACK,1436,17.862,47.779,100.000,1469440,base=1420
6.018948,SEND,1451,17.862,47.779,100.000,1469440,
6.033123,ACK,1437,17.918,47.744,100.000,1470464,base=1420
6.033449,ACK,1438,17.974,47.702,100.000,1471488,base=1420
6.033505,ACK,1439,18.030,47.568,100.000,1472512,base=1420
6.033557,ACK,1440,18.085,47.433,100.000,1473536,base=1420
6.034540,SEND,1452,18.085,47.433,100.000,1473536,
6.034766,SEND,1453,18.085,47.433,100.000,1473536,
6.034979,SEND,1454,18.085,47.433,100.000,1473536,
6.035216,SEND,1455,18.085,47.433,100.000,1473536,
6.035426,SEND,1456,18.085,47.433,100.000,1473536,
6.036498,ACK,1441,18.141,47.398,100.000,1474560,base=1420
6.036553,ACK,1420,18.196,47.398,100.000,1475584,base=1433
6.037272,SEND,1457,18.196,47.398,100.000,1475584,
6.037507,SEND,1458,18.196,47.398,100.000,1475584,
6.040087,ACK,1442,18.251,46.799,100.000,1476608,base=1433
6.040156,ACK,1443,18.306,46.256,100.000,1477632,base=1433
6.040199,ACK,1444,18.360,45.758,100.000,1478656,base=1433
6.040432,RETX,1433,16.320,45.758,100.000,1478656,retx#2
6.041299,SEND,1459,16.320,45.758,100.000,1478656,
6.044621,ACK,1445,16.381,45.844,100.000,1479680,base=1433
6.045831,SEND,1460,16.381,45.844,100.000,1479680,
6.047406,ACK,1446,16.442,46.240,100.000,1480704,base=1433
6.047484,ACK,1447,16.503,46.335,100.000,1481728,base=1433
6.048159,SEND,1461,16.503,46.335,100.000,1481728,
6.048493,SEND,1462,16.503,46.335,100.000,1481728,
6.048681,ACK,1448,16.564,46.538,100.000,1482752,base=1433
6.048748,ACK,1433,16.624,46.538,100.000,1483776,base=1449
6.050858,SEND,1463,16.624,46.538,100.000,1483776,
6.051119,SEND,1464,16.624,46.538,100.000,1483776,
6.055127,ACK,1449,16.684,46.246,100.000,1484800,base=1450
6.055443,SEND,1465,16.684,46.246,100.000,1484800,
6.061863,ACK,1450,16.744,46.328,100.000,1485824,base=1451
6.062063,ACK,1451,16.804,45.925,100.000,1486848,base=1452
6.063991,SEND,1466,16.804,45.925,100.000,1486848,
6.064226,SEND,1467,16.804,45.925,100.000,1486848,
6.078590,STATS,-1,16.804,45.925,100.000,1486848,base=1452 next=1468 inflight=16
6.079555,ACK,1452,16.864,45.808,100.000,1487872,base=1453
6.079620,ACK,1453,16.923,45.688,100.000,1488896,base=1454
6.079747,ACK,1454,16.982,45.572,100.000,1489920,base=1455
6.079795,ACK,1455,17.041,45.447,100.000,1490944,base=1456
6.080964,SEND,1468,17.041,45.447,100.000,1490944,
6.081213,SEND,1469,17.041,45.447,100.000,1490944,
6.081394,SEND,1470,17.041,45.447,100.000,1490944,
6.081575,SEND,1471,17.041,45.447,100.000,1490944,
6.081751,SEND,1472,17.041,45.447,100.000,1490944,
6.083798,ACK,1456,17.100,45.807,100.000,1491968,base=1457
6.083873,ACK,1457,17.158,45.905,100.000,1492992,base=1458
6.085857,SEND,1473,17.158,45.905,100.000,1492992,
6.086080,SEND,1474,17.158,45.905,100.000,1492992,
6.088031,ACK,1458,17.216,46.479,100.000,1494016,base=1459
6.088448,SEND,1475,17.216,46.479,100.000,1494016,
6.088527,DUPACK,1433,17.216,,,1494016,
6.090800,ACK,1459,17.274,46.854,100.000,1495040,base=1460
6.090880,ACK,1460,17.332,46.628,100.000,1496064,base=1461
6.090928,ACK,1461,17.390,46.145,100.000,1497088,base=1462
6.092682,SEND,1476,17.390,46.145,100.000,1497088,
6.092940,SEND,1477,17.390,46.145,100.000,1497088,
6.093354,SEND,1478,17.390,46.145,100.000,1497088,
6.099771,ACK,1462,17.447,46.783,100.000,1498112,base=1463
6.099853,ACK,1463,17.505,47.059,100.000,1499136,base=1464
6.099900,ACK,1464,17.562,47.274,100.000,1500160,base=1465
6.099947,ACK,1465,17.619,46.927,100.000,1501184,base=1466
6.100769,SEND,1479,17.619,46.927,100.000,1501184,
6.101218,SEND,1480,17.619,46.927,100.000,1501184,
6.101654,SEND,1481,17.619,46.927,100.000,1501184,
6.101930,SEND,1482,17.619,46.927,100.000,1501184,
6.111170,ACK,1466,17.676,46.954,100.000,1502208,base=1467
6.112015,ACK,1467,17.732,47.056,100.000,1503232,base=1468
6.112544,SEND,1483,17.732,47.056,100.000,1503232,
6.112825,SEND,1484,17.732,47.056,100.000,1503232,
6.131670,ACK,1468,17.789,47.509,100.000,1504256,base=1469
6.131750,ACK,1469,17.845,47.886,100.000,1505280,base=1470
6.131798,ACK,1470,17.901,48.200,100.000,1506304,base=1471
6.131841,ACK,1471,17.957,48.458,100.000,1507328,base=1472
6.131885,ACK,1472,18.012,48.667,100.000,1508352,base=1473
6.131930,ACK,1473,18.068,48.343,100.000,1509376,base=1474
6.132533,SEND,1485,18.068,48.343,100.000,1509376,
6.132832,SEND,1486,18.068,48.343,100.000,1509376,
6.133056,SEND,1487,18.068,48.343,100.000,1509376,
6.133277,SEND,1488,18.068,48.343,100.000,1509376,
6.133495,SEND,1489,18.068,48.343,100.000,1509376,
6.133832,SEND,1490,18.068,48.343,100.000,1509376,
6.134070,SEND,1491,18.068,48.343,100.000,1509376,
6.137284,ACK,1475,18.123,48.401,100.000,1510400,base=1474
6.137591,NAK,1474,18.123,,,1510400,
6.137956,RETX,1474,16.110,48.401,100.000,1510400,retx#1
6.141151,ACK,1476,16.172,48.406,100.000,1511424,base=1474
6.141386,ACK,1477,16.233,48.409,100.000,1512448,base=1474
6.141871,RETX,1474,16.233,48.409,100.000,1512448,retx#2
6.142796,SEND,1492,16.233,48.409,100.000,1512448,
6.146159,ACK,1478,16.295,48.956,100.000,1513472,base=1474
6.146270,ACK,1479,16.356,48.523,100.000,1514496,base=1474
6.146326,ACK,1480,16.418,48.095,100.000,1515520,base=1474
6.146373,ACK,1481,16.478,47.673,100.000,1516544,base=1474
6.147246,SEND,1493,16.478,47.673,100.000,1516544,
6.147472,SEND,1494,16.478,47.673,100.000,1516544,
6.147742,SEND,1495,16.478,47.673,100.000,1516544,
6.147961,SEND,1496,16.478,47.673,100.000,1516544,
6.148362,ACK,1482,16.539,47.516,100.000,1517568,base=1474
6.150264,SEND,1497,16.539,47.516,100.000,1517568,
6.157212,ACK,1483,16.600,47.157,100.000,1518592,base=1474
6.158701,SEND,1498,16.600,47.157,100.000,1518592,
6.159044,ACK,1484,16.660,47.038,100.000,1519616,base=1474
6.161071,SEND,1499,16.660,47.038,100.000,1519616,
6.179761,STATS,-1,16.660,47.038,100.000,1519616,base=1474 next=1500 inflight=16
6.179944,ACK,1486,16.720,47.045,100.000,1520640,base=1474
6.179988,NAK,1485,16.720,,,1520640,
6.180853,RETX,1485,16.720,47.045,100.000,1520640,retx#1
6.181024,ACK,1487,16.780,47.158,100.000,1521664,base=1474
6.181100,ACK,1488,16.839,47.240,100.000,1522688,base=1474
6.181206,ACK,1489,16.899,47.297,100.000,1523712,base=1474
6.181278,ACK,1490,16.958,47.315,100.000,1524736,base=1474
6.181336,ACK,1491,17.017,47.308,100.000,1525760,base=1474
6.182458,SEND,1500,17.017,47.308,100.000,1525760,
6.182772,SEND,1501,17.017,47.308,100.000,1525760,
6.183232,SEND,1502,17.017,47.308,100.000,1525760,
6.183522,SEND,1503,17.017,47.308,100.000,1525760,
6.184126,SEND,1504,17.017,47.308,100.000,1525760,
6.184449,SEND,1505,17.017,47.308,100.000,1525760,
6.185278,SEND,1506,17.017,47.308,100.000,1525760,
6.185893,ACK,1474,17.076,47.308,100.000,1526784,base=1485
6.185996,DUPACK,1474,17.076,,,1526784,
6.186040,ACK,1492,17.134,46.799,100.000,1527808,base=1485
6.187443,SEND,1507,17.134,46.799,100.000,1527808,
6.187651,SEND,1508,17.134,46.799,100.000,1527808,
6.187769,ACK,1493,17.193,46.013,100.000,1528832,base=1485
6.187816,ACK,1494,17.251,45.304,100.000,1529856,base=1485
6.188067,RETX,1485,17.251,45.304,100.000,1529856,retx#2
6.189455,SEND,1509,17.251,45.304,100.000,1529856,
6.189694,SEND,1510,17.251,45.304,100.000,1529856,
6.194378,ACK,1495,17.309,45.468,100.000,1530880,base=1485
6.196316,SEND,1511,17.309,45.468,100.000,1530880,
6.198243,ACK,1496,17.366,46.067,100.000,1531904,base=1485
6.198544,SEND,1512,17.366,46.067,100.000,1531904,
6.198666,ACK,1497,17.424,46.358,100.000,1532928,base=1485
6.200709,SEND,1513,17.424,46.358,100.000,1532928,
6.201684,ACK,1498,17.481,45.933,100.000,1533952,base=1485
6.202880,SEND,1514,17.481,45.933,100.000,1533952,
6.213115,ACK,1499,17.539,46.690,100.000,1534976,base=1485
6.216221,SEND,1515,17.539,46.690,100.000,1534976,
6.221758,ACK,1485,17.596,46.690,100.000,1536000,base=1500
6.222394,SEND,1516,17.596,46.690,100.000,1536000,
6.223746,ACK,1500,17.652,46.022,100.000,1537024,base=1501
6.225006,SEND,1517,17.652,46.022,100.000,1537024,
6.231078,ACK,1501,17.709,46.302,100.000,1538048,base=1502
6.231225,ACK,1502,17.766,46.512,100.000,1539072,base=1503
6.233662,ACK,1503,17.822,46.960,100.000,1540096,base=1504
6.234167,SEND,1518,17.822,46.960,100.000,1540096,
6.234435,SEND,1519,17.822,46.960,100.000,1540096,
6.235303,SEND,1520,17.822,46.960,100.000,1540096,
6.235503,ACK,1504,17.878,47.509,100.000,1541120,base=1505
6.236533,ACK,1505,17.934,48.079,100.000,1542144,base=1506
6.236594,ACK,1506,17.990,48.484,100.000,1543168,base=1507
6.236633,ACK,1507,18.045,48.572,100.000,1544192,base=1508
6.239072,SEND,1521,18.045,48.572,100.000,1544192,
6.239322,SEND,1522,18.045,48.572,100.000,1544192,
6.239554,SEND,1523,18.045,48.572,100.000,1544192,
6.239783,SEND,1524,18.045,48.572,100.000,1544192,
6.240010,SEND,1525,18.045,48.572,100.000,1544192,
6.240096,ACK,1508,18.101,49.055,100.000,1545216,base=1509
6.240134,DUPACK,1485,18.101,,,1545216,
6.242024,SEND,1526,18.101,49.055,100.000,1545216,
6.242102,ACK,1509,18.156,49.503,100.000,1546240,base=1510
6.242144,ACK,1510,18.211,49.871,100.000,1547264,base=1511
6.242179,ACK,1511,18.266,49.371,100.000,1548288,base=1512
6.244031,SEND,1527,18.266,49.371,100.000,1548288,
6.244261,SEND,1528,18.266,49.371,100.000,1548288,
6.244489,SEND,1529,18.266,49.371,100.000,1548288,
6.244580,ACK,1512,18.321,48.953,100.000,1549312,base=1513
6.246489,SEND,1530,18.321,48.953,100.000,1549312,
6.249183,ACK,1513,18.375,48.892,100.000,1550336,base=1514
6.250276,SEND,1531,18.375,48.892,100.000,1550336,
6.255713,ACK,1514,18.430,49.369,100.000,1551360,base=1515
6.256295,SEND,1532,18.430,49.369,100.000,1551360,
6.260079,ACK,1515,18.484,48.677,100.000,1552384,base=1516
6.261870,SEND,1533,18.484,48.677,100.000,1552384,
6.271178,ACK,1516,18.538,48.688,100.000,1553408,base=1517
6.271488,SEND,1534,18.538,48.688,100.000,1553408,
6.272138,ACK,1517,18.592,48.491,100.000,1554432,base=1518
6.273753,SEND,1535,18.592,48.491,100.000,1554432,
6.276052,ACK,1518,18.646,47.662,100.000,1555456,base=1519
6.278406,SEND,1536,18.646,47.662,100.000,1555456,
6.280609,STATS,-1,18.646,47.662,100.000,1555456,base=1519 next=1537 inflight=18
6.281346,ACK,1519,18.699,47.549,100.000,1556480,base=1520
6.281528,ACK,1520,18.753,47.383,100.000,1557504,base=1521
6.281571,ACK,1521,18.806,46.792,100.000,1558528,base=1522
6.281608,ACK,1522,18.859,46.228,100.000,1559552,base=1523
6.281647,ACK,1523,18.912,45.710,100.000,1560576,base=1524
6.282698,SEND,1537,18.912,45.710,100.000,1560576,
6.282977,SEND,1538,18.912,45.710,100.000,1560576,
6.283155,SEND,1539,18.912,45.710,100.000,1560576,
6.283365,SEND,1540,18.912,45.710,100.000,1560576,
6.283561,SEND,1541,18.912,45.710,100.000,1560576,
6.288266,ACK,1524,18.965,46.053,100.000,1561600,base=1525
6.288377,ACK,1525,19.018,46.342,100.000,1562624,base=1526
6.289387,SEND,1542,19.018,46.342,100.000,1562624,
6.289583,SEND,1543,19.018,46.342,100.000,1562624,
6.289756,SEND,1544,19.018,46.342,100.000,1562624,
6.290732,ACK,1527,19.071,46.384,100.000,1563648,base=1526
6.290786,ACK,1528,19.123,46.401,100.000,1564672,base=1526
6.290823,ACK,1529,19.175,46.392,100.000,1565696,base=1526
6.291009,RETX,1526,17.045,46.392,100.000,1565696,retx#1
6.291046,ACK,1530,17.103,46.162,100.000,1566720,base=1526
6.291761,SEND,1545,17.103,46.162,100.000,1566720,
6.292068,SEND,1546,17.103,46.162,100.000,1566720,
6.296412,ACK,1532,17.162,45.405,100.000,1567744,base=1526
6.296477,NAK,1531,17.162,,,1567744,
6.296697,RETX,1531,17.162,45.405,100.000,1567744,retx#1
6.298434,SEND,1547,17.162,45.405,100.000,1567744,
6.305981,ACK,1533,17.220,45.242,100.000,1568768,base=1526
6.306256,SEND,1548,17.220,45.242,100.000,1568768,
6.315511,ACK,1534,17.278,45.086,100.000,1569792,base=1526
6.315643,ACK,1535,17.336,44.686,100.000,1570816,base=1526
6.316012,SEND,1549,17.336,44.686,100.000,1570816,
6.316201,SEND,1550,17.336,44.686,100.000,1570816,
6.316606,ACK,1536,17.394,43.874,100.000,1571840,base=1526
6.318184,SEND,1551,17.394,43.874,100.000,1571840,
6.330781,ACK,1537,17.451,44.397,100.000,1572864,base=1526
6.331006,ACK,1538,17.509,44.848,100.000,1573888,base=1526
6.331818,SEND,1552,17.509,44.848,100.000,1573888,
6.332024,SEND,1553,17.509,44.848,100.000,1573888,
6.336641,ACK,1539,17.566,45.924,100.000,1574912,base=1526
6.336712,ACK,1540,17.623,46.851,100.000,1575936,base=1526
6.337320,ACK,1541,17.679,47.713,100.000,1576960,base=1526
6.337700,SEND,1554,17.679,47.713,100.000,1576960,
6.337883,SEND,1555,17.679,47.713,100.000,1576960,
6.338057,SEND,1556,17.679,47.713,100.000,1576960,
6.338134,ACK,1542,17.736,47.842,100.000,1577984,base=1526
6.338280,ACK,1543,17.792,47.943,100.000,1579008,base=1526
6.338449,ACK,1544,17.848,48.036,100.000,1580032,base=1526
6.339861,SEND,1557,17.848,48.036,100.000,1580032,
6.340090,SEND,1558,17.848,48.036,100.000,1580032,
6.340269,SEND,1559,17.848,48.036,100.000,1580032,
6.340906,ACK,1546,17.904,48.143,100.000,1581056,base=1526
6.342591,SEND,1560,17.904,48.143,100.000,1581056,
6.344638,ACK,1531,17.960,48.143,100.000,1582080,base=1526
6.344703,ACK,1547,18.016,47.928,100.000,1583104,base=1526
6.345017,SEND,1561,18.016,47.928,100.000,1583104,
6.345818,SEND,1562,18.016,47.928,100.000,1583104,
6.346133,SEND,1563,18.016,47.928,100.000,1583104,
6.346282,ACK,1548,18.072,46.939,100.000,1584128,base=1526
6.348182,SEND,1564,18.072,46.939,100.000,1584128,
6.358431,ACK,1549,18.127,46.370,100.000,1585152,base=1526
6.358734,SEND,1565,18.127,46.370,100.000,1585152,
6.358823,ACK,1550,18.182,45.901,100.000,1586176,base=1526
6.361687,SEND,1566,18.182,45.901,100.000,1586176,
6.363486,ACK,1551,18.237,45.824,100.000,1587200,base=1526
6.365470,SEND,1567,18.237,45.824,100.000,1587200,
6.378513,ACK,1552,18.292,45.931,100.000,1588224,base=1526
6.380014,SEND,1568,18.292,45.931,100.000,1588224,
6.381194,ACK,1553,18.347,46.335,100.000,1589248,base=1526
6.381245,ACK,1554,18.401,45.986,100.000,1590272,base=1526
6.381283,ACK,1555,18.455,45.662,100.000,1591296,base=1526
6.381317,ACK,1556,18.510,45.361,100.000,1592320,base=1526
6.381350,ACK,1557,18.564,44.877,100.000,1593344,base=1526
6.381382,ACK,1558,18.617,44.429,100.000,1594368,base=1526
6.382024,SEND,1569,18.617,44.429,100.000,1594368,
6.382270,SEND,1570,18.617,44.429,100.000,1594368,
6.382499,SEND,1571,18.617,44.429,100.000,1594368,
6.382728,SEND,1572,18.617,44.429,100.000,1594368,
6.382956,SEND,1573,18.617,44.429,100.000,1594368,
6.383186,SEND,1574,18.617,44.429,100.000,1594368,
6.383206,STATS,-1,18.617,44.429,100.000,1594368,base=1526 next=1575 inflight=18
6.385487,ACK,1559,18.671,44.526,100.000,1595392,base=1526
6.385531,ACK,1560,18.725,44.328,100.000,1596416,base=1526
6.386978,SEND,1575,18.725,44.328,100.000,1596416,
6.387208,SEND,1576,18.725,44.328,100.000,1596416,
6.392733,TIMEOUT,1526,18.725,44.328,200.000,1596416,
6.392984,RETX,1526,18.725,44.328,200.000,1596416,retx#2
6.393885,ACK,1561,18.778,44.890,100.000,1597440,base=1526
6.393960,ACK,1562,18.831,45.296,100.000,1598464,base=1526
6.394176,ACK,1564,18.885,45.383,100.000,1599488,base=1526
6.396603,SEND,1577,18.885,45.383,100.000,1599488,
6.396796,SEND,1578,18.885,45.383,100.000,1599488,
6.398915,SEND,1579,18.885,45.383,100.000,1599488,
6.398954,TIMEOUT,1545,18.885,45.383,200.000,1599488,
6.399141,RETX,1545,18.885,45.383,200.000,1599488,retx#1
6.408509,ACK,1565,18.937,45.930,100.000,1600512,base=1526
6.408708,ACK,1566,18.990,46.066,100.000,1601536,base=1526
6.412145,SEND,1580,18.990,46.066,100.000,1601536,
6.412391,SEND,1581,18.990,46.066,100.000,1601536,
6.412515,ACK,1567,19.043,46.187,100.000,1602560,base=1526
6.414436,SEND,1582,19.043,46.187,100.000,1602560,
6.415338,SEND,1583,19.043,46.187,100.000,1602560,
6.419420,ACK,1568,19.095,45.338,100.000,1603584,base=1526
6.419468,ACK,1570,19.148,44.320,100.000,1604608,base=1526
6.420743,SEND,1584,19.148,44.320,100.000,1604608,
6.420929,SEND,1585,19.148,44.320,100.000,1604608,
6.420991,NAK,1569,19.148,,,1604608,
6.421197,RETX,1569,19.148,44.320,100.000,1604608,retx#1
6.424377,ACK,1571,19.200,44.014,100.000,1605632,base=1526
6.424414,ACK,1572,19.252,43.722,100.000,1606656,base=1526
6.424632,SEND,1586,19.252,43.722,100.000,1606656,
6.424814,SEND,1587,19.252,43.722,100.000,1606656,
6.436180,ACK,1573,19.304,44.907,100.000,1607680,base=1526
6.436250,ACK,1574,19.356,45.926,100.000,1608704,base=1526
6.436288,ACK,1575,19.408,46.348,100.000,1609728,base=1526
6.436323,ACK,1576,19.459,46.693,100.000,1610752,base=1526
6.436782,SEND,1588,19.459,46.693,100.000,1610752,
6.436975,SEND,1589,19.459,46.693,100.000,1610752,
6.437163,SEND,1590,19.459,46.693,100.000,1610752,
6.437394,SEND,1591,19.459,46.693,100.000,1610752,
6.438913,ACK,1526,19.510,46.693,100.000,1611776,base=1545
6.439150,SEND,1592,19.510,46.693,100.000,1611776,
6.443418,ACK,1577,19.562,46.708,100.000,1612800,base=1545
6.444399,SEND,1593,19.562,46.708,100.000,1612800,
6.445118,ACK,1578,19.613,46.908,100.000,1613824,base=1545
6.445154,ACK,1579,19.664,46.825,100.000,1614848,base=1545
6.445351,RETX,1545,17.479,46.825,100.000,1614848,retx#2
6.447638,ACK,1545,17.536,46.825,100.000,1615872,base=1563
6.448129,SEND,1594,17.536,46.825,100.000,1615872,
6.448144,TIMEOUT,1563,17.536,46.825,200.000,1615872,
6.448330,RETX,1563,17.536,46.825,200.000,1615872,retx#1
6.458279,ACK,1580,17.593,46.735,100.000,1616896,base=1563
6.458564,SEND,1595,17.593,46.735,100.000,1616896,
6.458678,ACK,1581,17.650,46.678,100.000,1617920,base=1563
6.458756,ACK,1582,17.707,46.382,100.000,1618944,base=1563
6.459039,RETX,1563,17.707,46.382,100.000,1618944,retx#2
6.460654,SEND,1596,17.707,46.382,100.000,1618944,
6.460837,SEND,1597,17.707,46.382,100.000,1618944,
6.461359,ACK,1583,17.763,46.336,100.000,1619968,base=1563
6.461394,ACK,1584,17.819,45.625,100.000,1620992,base=1563
6.461423,ACK,1585,17.876,44.983,100.000,1622016,base=1563
6.462890,SEND,1598,17.876,44.983,100.000,1622016,
6.463088,SEND,1599,17.876,44.983,100.000,1622016,
6.463316,SEND,1600,17.876,44.983,100.000,1622016,
6.466070,ACK,1569,17.931,44.983,100.000,1623040,base=1563
6.467144,SEND,1601,17.931,44.983,100.000,1623040,
6.472578,ACK,1586,17.987,45.349,100.000,1624064,base=1563
6.472641,ACK,1587,18.043,45.658,100.000,1625088,base=1563
6.474598,SEND,1602,18.043,45.658,100.000,1625088,
6.474805,SEND,1603,18.043,45.658,100.000,1625088,
6.474988,SEND,1604,18.043,45.658,100.000,1625088,
6.476960,ACK,1588,18.098,44.970,100.000,1626112,base=1563
6.477269,SEND,1605,18.098,44.970,100.000,1626112,
6.477374,ACK,1589,18.154,44.397,100.000,1627136,base=1563
6.477464,ACK,1590,18.209,43.884,100.000,1628160,base=1563
6.477514,ACK,1591,18.264,43.413,100.000,1629184,base=1563
6.479463,SEND,1606,18.264,43.413,100.000,1629184,
6.479719,SEND,1607,18.264,43.413,100.000,1629184,
6.479953,SEND,1608,18.264,43.413,100.000,1629184,
6.483609,STATS,-1,18.264,43.413,100.000,1629184,base=1563 next=1609 inflight=18
6.484012,ACK,1592,18.318,43.592,100.000,1630208,base=1563
6.484067,ACK,1593,18.373,43.101,100.000,1631232,base=1563
6.484571,DUPACK,1545,18.373,,,1631232,
6.485630,SEND,1609,18.373,43.101,100.000,1631232,
6.485811,SEND,1610,18.373,43.101,100.000,1631232,
6.497269,ACK,1594,18.427,43.853,100.000,1632256,base=1563
6.497427,ACK,1563,18.482,43.853,100.000,1633280,base=1595
6.498763,SEND,1611,18.482,43.853,100.000,1633280,
6.498951,SEND,1612,18.482,43.853,100.000,1633280,
6.499310,ACK,1595,18.536,43.462,100.000,1634304,base=1596
6.501208,SEND,1613,18.536,43.462,100.000,1634304,
6.505371,DUPACK,1563,18.536,,,1634304,
6.506394,ACK,1596,18.590,43.744,100.000,1635328,base=1597
6.507101,SEND,1614,18.590,43.744,100.000,1635328,
6.511176,ACK,1597,18.643,44.564,100.000,1636352,base=1598
6.512415,ACK,1598,18.697,45.182,100.000,1637376,base=1599
6.512483,ACK,1599,18.751,45.707,100.000,1638400,base=1600
6.512535,ACK,1600,18.804,46.145,100.000,1639424,base=1601
6.512932,SEND,1615,18.804,46.145,100.000,1639424,
6.513218,SEND,1616,18.804,46.145,100.000,1639424,
6.513439,SEND,1617,18.804,46.145,100.000,1639424,
6.513646,SEND,1618,18.804,46.145,100.000,1639424,
6.516624,ACK,1601,18.857,46.560,100.000,1640448,base=1602
6.518093,SEND,1619,18.857,46.560,100.000,1640448,
6.518776,ACK,1603,18.910,46.233,100.000,1641472,base=1602
6.518827,NAK,1602,18.910,,,1641472,
6.519030,RETX,1602,16.809,46.233,100.000,1641472,retx#1
6.519104,ACK,1604,16.868,45.968,100.000,1642496,base=1602
6.519148,ACK,1605,16.928,45.456,100.000,1643520,base=1602
6.519341,RETX,1602,16.928,45.456,100.000,1643520,retx#2
6.520158,SEND,1620,16.928,45.456,100.000,1643520,
6.524251,ACK,1607,16.987,45.338,100.000,1644544,base=1602
6.524387,NAK,1606,16.987,,,1644544,
6.524625,RETX,1606,16.987,45.338,100.000,1644544,retx#1
6.526485,SEND,1621,16.987,45.338,100.000,1644544,
6.528037,ACK,1608,17.046,45.677,100.000,1645568,base=1602
6.528108,ACK,1609,17.104,45.277,100.000,1646592,base=1602
6.528146,ACK,1610,17.163,44.909,100.000,1647616,base=1602
6.529063,SEND,1622,17.163,44.909,100.000,1647616,
6.529343,SEND,1623,17.163,44.909,100.000,1647616,
6.529556,SEND,1624,17.163,44.909,100.000,1647616,
6.529746,SEND,1625,17.163,44.909,100.000,1647616,
6.530595,ACK,1611,17.221,43.272,100.000,1648640,base=1602
6.531887,SEND,1626,17.221,43.272,100.000,1648640,
6.537728,ACK,1612,17.279,42.706,100.000,1649664,base=1602
6.539762,SEND,1627,17.279,42.706,100.000,1649664,
6.540118,ACK,1613,17.337,42.223,100.000,1650688,base=1602
6.541810,SEND,1628,17.337,42.223,100.000,1650688,
6.543170,ACK,1614,17.395,41.450,100.000,1651712,base=1602
6.545588,SEND,1629,17.395,41.450,100.000,1651712,
6.552550,ACK,1615,17.452,41.219,100.000,1652736,base=1602
6.555533,SEND,1630,17.452,41.219,100.000,1652736,
6.563380,ACK,1617,17.510,42.306,100.000,1653760,base=1602
6.563497,ACK,1618,17.567,43.249,100.000,1654784,base=1602
6.564834,SEND,1631,17.567,43.249,100.000,1654784,
6.565154,SEND,1632,17.567,43.249,100.000,1654784,
6.565588,ACK,1619,17.624,43.778,100.000,1655808,base=1602
6.565685,ACK,1602,17.680,43.778,100.000,1656832,base=1606
6.567423,SEND,1633,17.680,43.778,100.000,1656832,
6.567619,SEND,1634,17.680,43.778,100.000,1656832,
6.569022,ACK,1620,17.737,44.406,100.000,1657856,base=1606
6.569084,ACK,1606,17.793,44.406,100.000,1658880,base=1616
6.569120,ACK,1621,17.849,44.185,100.000,1659904,base=1616
6.569741,SEND,1635,17.849,44.185,100.000,1659904,
6.569934,SEND,1636,17.849,44.185,100.000,1659904,
6.570108,SEND,1637,17.849,44.185,100.000,1659904,
6.570689,ACK,1622,17.905,43.863,100.000,1660928,base=1616
6.570750,ACK,1623,17.961,43.555,100.000,1661952,base=1616
6.571030,RETX,1616,17.961,43.555,100.000,1661952,retx#1
6.571124,ACK,1624,18.017,43.306,100.000,1662976,base=1616
6.572166,SEND,1638,18.017,43.306,100.000,1662976,
6.572351,SEND,1639,18.017,43.306,100.000,1662976,
6.572524,SEND,1640,18.017,43.306,100.000,1662976,
6.572702,SEND,1641,18.017,43.306,100.000,1662976,
6.576473,ACK,1625,18.072,43.730,100.000,1664000,base=1616
6.576844,SEND,1642,18.072,43.730,100.000,1664000,
6.576986,ACK,1626,18.128,43.900,100.000,1665024,base=1616
6.577206,ACK,1627,18.183,43.092,100.000,1666048,base=1616
6.579097,SEND,1643,18.183,43.092,100.000,1666048,
6.579649,SEND,1644,18.183,43.092,100.000,1666048,
6.584026,ACK,1628,18.238,42.980,100.000,1667072,base=1616
6.584105,ACK,1629,18.293,42.422,100.000,1668096,base=1616
6.585540,SEND,1645,18.293,42.422,100.000,1668096,
6.585760,SEND,1646,18.293,42.422,100.000,1668096,
6.585788,STATS,-1,18.293,42.422,100.000,1668096,base=1616 next=1647 inflight=18
6.597083,ACK,1630,18.347,42.311,100.000,1669120,base=1616
6.598566,SEND,1647,18.347,42.311,100.000,1669120,
6.604085,ACK,1631,18.402,41.927,100.000,1670144,base=1616
6.606023,SEND,1648,18.402,41.927,100.000,1670144,
6.610473,ACK,1632,18.456,42.349,100.000,1671168,base=1616
6.610989,ACK,1633,18.510,42.501,100.000,1672192,base=1616
6.612013,SEND,1649,18.510,42.501,100.000,1672192,
6.612198,SEND,1650,18.510,42.501,100.000,1672192,
6.613611,ACK,1635,18.565,42.669,100.000,1673216,base=1616
6.614321,SEND,1651,18.565,42.669,100.000,1673216,
6.617817,ACK,1636,18.618,43.318,100.000,1674240,base=1616
6.618215,SEND,1652,18.618,43.318,100.000,1674240,
6.619936,ACK,1637,18.672,44.129,100.000,1675264,base=1616
6.620011,ACK,1616,18.726,44.129,100.000,1676288,base=1634
6.620299,SEND,1653,18.726,44.129,100.000,1676288,
6.620552,SEND,1654,18.726,44.129,100.000,1676288,
6.620647,ACK,1638,18.779,44.672,100.000,1677312,base=1634
6.620738,ACK,1639,18.832,45.135,100.000,1678336,base=1634
6.621989,ACK,1640,18.885,45.670,100.000,1679360,base=1634
6.622284,RETX,1634,16.787,45.670,100.000,1679360,retx#1
6.622562,SEND,1655,16.787,45.670,100.000,1679360,
6.622660,ACK,1641,16.847,46.205,100.000,1680384,base=1634
6.622750,ACK,1642,16.906,46.167,100.000,1681408,base=1634
6.622808,ACK,1643,16.965,45.859,100.000,1682432,base=1634
6.624985,SEND,1656,16.965,45.859,100.000,1682432,
6.625353,SEND,1657,16.965,45.859,100.000,1682432,
6.625754,SEND,1658,16.965,45.859,100.000,1682432,
6.633230,ACK,1644,17.024,46.822,100.000,1683456,base=1634
6.633308,ACK,1645,17.083,46.939,100.000,1684480,base=1634
6.633592,SEND,1659,17.083,46.939,100.000,1684480,
6.633810,SEND,1660,17.083,46.939,100.000,1684480,
6.634046,SEND,1661,17.083,46.939,100.000,1684480,
6.636921,NAK,1646,17.083,,,1684480,
6.637326,RETX,1646,17.083,46.939,100.000,1684480,retx#1
6.649680,ACK,1648,17.141,46.527,100.000,1685504,base=1634
6.650104,SEND,1662,17.141,46.527,100.000,1685504,
6.655248,ACK,1649,17.200,46.113,100.000,1686528,base=1634
6.655375,ACK,1651,17.258,45.477,100.000,1687552,base=1634
6.655448,NAK,1650,17.258,,,1687552,
6.655852,RETX,1650,17.258,45.477,100.000,1687552,retx#1
6.656455,SEND,1663,17.258,45.477,100.000,1687552,
6.656673,SEND,1664,17.258,45.477,100.000,1687552,
6.660406,ACK,1652,17.316,45.062,100.000,1688576,base=1634
6.660481,ACK,1653,17.374,44.451,100.000,1689600,base=1634
6.660894,SEND,1665,17.374,44.451,100.000,1689600,
6.661526,SEND,1666,17.374,44.451,100.000,1689600,
6.672134,ACK,1634,17.431,44.451,100.000,1690624,base=1646
6.672243,ACK,1655,17.488,45.103,100.000,1691648,base=1646
6.672305,ACK,1656,17.546,45.384,100.000,1692672,base=1646
6.672364,ACK,1657,17.603,45.586,100.000,1693696,base=1646
6.672714,RETX,1646,17.603,45.586,100.000,1693696,retx#2
6.672837,ACK,1658,17.659,45.772,100.000,1694720,base=1646
6.673257,SEND,1667,17.659,45.772,100.000,1694720,
6.673536,SEND,1668,17.659,45.772,100.000,1694720,
6.673808,SEND,1669,17.659,45.772,100.000,1694720,
6.674071,SEND,1670,17.659,45.772,100.000,1694720,
6.674343,SEND,1671,17.659,45.772,100.000,1694720,
6.679187,ACK,1659,17.716,45.749,100.000,1695744,base=1646
6.679277,ACK,1660,17.772,45.713,100.000,1696768,base=1646
6.679316,ACK,1661,17.829,45.657,100.000,1697792,base=1646
6.679352,ACK,1646,17.885,45.657,100.000,1698816,base=1647
6.680510,SEND,1672,17.885,45.657,100.000,1698816,
6.680742,SEND,1673,17.885,45.657,100.000,1698816,
6.680969,SEND,1674,17.885,45.657,100.000,1698816,
6.681195,SEND,1675,17.885,45.657,100.000,1698816,
6.687093,STATS,-1,17.885,45.657,100.000,1698816,base=1647 next=1676 inflight=17
6.693465,ACK,1662,17.941,45.367,100.000,1699840,base=1647
6.695119,SEND,1676,17.941,45.367,100.000,1699840,
6.698918,TIMEOUT,1647,17.941,45.367,200.000,1699840,
6.699295,RETX,1647,17.941,45.367,200.000,1699840,retx#1
6.699504,ACK,1663,17.996,45.069,100.000,1700864,base=1647
6.701106,ACK,1664,18.052,44.988,100.000,1701888,base=1647
6.701359,RETX,1647,18.052,44.988,100.000,1701888,retx#2
6.701873,SEND,1677,18.052,44.988,100.000,1701888,
6.702059,SEND,1678,18.052,44.988,100.000,1701888,
6.702235,SEND,1679,18.052,44.988,100.000,1701888,
6.710168,ACK,1665,18.107,45.520,100.000,1702912,base=1647
6.710244,ACK,1666,18.163,45.920,100.000,1703936,base=1647
6.711692,SEND,1680,18.163,45.920,100.000,1703936,
6.712177,SEND,1681,18.163,45.920,100.000,1703936,
6.717097,DUPACK,1646,18.163,,,1703936,
6.721134,TIMEOUT,1654,18.163,45.920,200.000,1703936,
6.721388,RETX,1654,18.163,45.920,200.000,1703936,retx#1
6.727345,ACK,1667,18.218,46.932,100.000,1704960,base=1647
6.727594,ACK,1668,18.273,47.821,100.000,1705984,base=1647
6.727678,ACK,1669,18.327,48.576,100.000,1707008,base=1647
6.727816,ACK,1670,18.382,49.215,100.000,1708032,base=1647
6.727873,ACK,1671,18.436,49.753,100.000,1709056,base=1647
6.727918,ACK,1672,18.491,49.459,100.000,1710080,base=1647
6.727960,ACK,1673,18.545,49.179,100.000,1711104,base=1647
6.730150,SEND,1682,18.545,49.179,100.000,1711104,
6.730394,SEND,1683,18.545,49.179,100.000,1711104,
6.730988,SEND,1684,18.545,49.179,100.000,1711104,
6.731277,SEND,1685,18.545,49.179,100.000,1711104,
6.731490,SEND,1686,18.545,49.179,100.000,1711104,
6.731715,SEND,1687,18.545,49.179,100.000,1711104,
6.732000,SEND,1688,18.545,49.179,100.000,1711104,
6.732215,ACK,1674,18.599,49.435,100.000,1712128,base=1647
6.732264,ACK,1675,18.652,49.639,100.000,1713152,base=1647
6.734240,SEND,1689,18.652,49.639,100.000,1713152,
6.734614,SEND,1690,18.652,49.639,100.000,1713152,
6.744625,ACK,1676,18.706,49.620,100.000,1714176,base=1647
6.745854,SEND,1691,18.706,49.620,100.000,1714176,
6.746747,ACK,1647,18.759,49.620,100.000,1715200,base=1650
6.746826,ACK,1677,18.813,49.035,100.000,1716224,base=1650
6.746876,ACK,1678,18.866,48.507,100.000,1717248,base=1650
6.746919,ACK,1679,18.919,48.028,100.000,1718272,base=1650
6.747478,RETX,1650,18.919,48.028,100.000,1718272,retx#2
6.748195,SEND,1692,18.919,48.028,100.000,1718272,
6.748624,SEND,1693,18.919,48.028,100.000,1718272,
6.748847,SEND,1694,18.919,48.028,100.000,1718272,
6.749057,SEND,1695,18.919,48.028,100.000,1718272,
6.762573,ACK,1680,18.972,48.385,100.000,1719296,base=1650
6.762830,ACK,1681,19.024,48.666,100.000,1720320,base=1650
6.763157,ACK,1654,19.077,48.666,100.000,1721344,base=1650
6.763581,SEND,1696,19.077,48.666,100.000,1721344,
6.763892,SEND,1697,19.077,48.666,100.000,1721344,
6.764275,SEND,1698,19.077,48.666,100.000,1721344,
6.764531,SEND,1699,19.077,48.666,100.000,1721344,
6.782084,ACK,1682,19.129,49.072,100.000,1722368,base=1650
6.782169,ACK,1683,19.182,49.408,100.000,1723392,base=1650
6.782227,ACK,1684,19.234,49.637,100.000,1724416,base=1650
6.782281,ACK,1685,19.286,49.807,100.000,1725440,base=1650
6.782333,ACK,1687,19.338,49.908,100.000,1726464,base=1650
6.782387,ACK,1689,19.389,49.687,100.000,1727488,base=1650
6.782539,NAK,1688,19.389,,,1727488,
6.782876,RETX,1688,19.389,49.687,100.000,1727488,retx#1
6.783032,ACK,1690,19.441,49.527,100.000,1728512,base=1650
6.783666,SEND,1700,19.441,49.527,100.000,1728512,
6.784000,SEND,1701,19.441,49.527,100.000,1728512,
6.784467,SEND,1702,19.441,49.527,100.000,1728512,
6.784895,SEND,1703,19.441,49.527,100.000,1728512,
6.785176,SEND,1704,19.441,49.527,100.000,1728512,
6.785509,SEND,1705,19.441,49.527,100.000,1728512,
6.785728,SEND,1706,19.441,49.527,100.000,1728512,
6.785860,ACK,1691,19.492,48.335,100.000,1729536,base=1650
6.787709,SEND,1707,19.492,48.335,100.000,1729536,
6.787742,STATS,-1,19.492,48.335,100.000,1729536,base=1650 next=1708 inflight=19
6.788037,ACK,1650,19.544,48.335,100.000,1730560,base=1686
6.788082,ACK,1692,19.595,47.279,100.000,1731584,base=1686
6.788119,ACK,1693,19.646,46.306,100.000,1732608,base=1686
6.789663,SEND,1708,19.646,46.306,100.000,1732608,
6.789900,SEND,1709,19.646,46.306,100.000,1732608,
6.790129,SEND,1710,19.646,46.306,100.000,1732608,
6.792689,ACK,1695,19.697,45.969,100.000,1733632,base=1686
6.793170,RETX,1686,17.508,45.969,100.000,1733632,retx#1
6.793360,NAK,1694,17.508,,,1733632,
6.794404,RETX,1694,17.508,45.969,100.000,1733632,retx#1
6.806419,ACK,1696,17.565,45.574,100.000,1734656,base=1686
6.806516,ACK,1698,17.622,45.157,100.000,1735680,base=1686
6.808873,SEND,1711,17.622,45.157,100.000,1735680,
6.812585,ACK,1699,17.679,45.517,100.000,1736704,base=1686
6.813126,SEND,1712,17.679,45.517,100.000,1736704,
6.824167,ACK,1688,17.736,45.517,100.000,1737728,base=1686
6.824579,SEND,1713,17.736,45.517,100.000,1737728,
6.829063,ACK,1700,17.792,45.499,100.000,1738752,base=1686
6.829834,ACK,1701,17.848,45.539,100.000,1739776,base=1686
6.829899,ACK,1702,17.904,45.525,100.000,1740800,base=1686
6.830150,SEND,1714,17.904,45.525,100.000,1740800,
6.830526,SEND,1715,17.904,45.525,100.000,1740800,
6.830762,SEND,1716,17.904,45.525,100.000,1740800,
6.830869,ACK,1703,17.960,45.580,100.000,1741824,base=1686
6.831956,ACK,1704,18.016,45.729,100.000,1742848,base=1686
6.832112,ACK,1705,18.071,45.837,100.000,1743872,base=1686
6.832157,ACK,1706,18.127,45.910,100.000,1744896,base=1686
6.832879,SEND,1717,18.127,45.910,100.000,1744896,
6.833112,SEND,1718,18.127,45.910,100.000,1744896,
6.833349,SEND,1719,18.127,45.910,100.000,1744896,
6.833582,SEND,1720,18.127,45.910,100.000,1744896,
6.833808,SEND,1721,18.127,45.910,100.000,1744896,
6.837191,ACK,1707,18.182,46.355,100.000,1745920,base=1686
6.837261,ACK,1708,18.237,46.510,100.000,1746944,base=1686
6.837302,ACK,1709,18.292,46.621,100.000,1747968,base=1686
6.837338,ACK,1710,18.346,46.694,100.000,1748992,base=1686
6.837616,SEND,1722,18.346,46.694,100.000,1748992,
6.837851,SEND,1723,18.346,46.694,100.000,1748992,
6.838079,SEND,1724,18.346,46.694,100.000,1748992,
6.838308,SEND,1725,18.346,46.694,100.000,1748992,
6.838368,ACK,1686,18.401,46.694,100.000,1750016,base=1694
6.840307,SEND,1726,18.401,46.694,100.000,1750016,
6.845860,ACK,1694,18.455,46.694,100.000,1751040,base=1697
6.847556,SEND,1727,18.455,46.694,100.000,1751040,
6.854112,ACK,1711,18.509,46.509,100.000,1752064,base=1697
6.854174,ACK,1712,18.563,45.826,100.000,1753088,base=1697
6.854944,SEND,1728,18.563,45.826,100.000,1753088,
6.855177,SEND,1729,18.563,45.826,100.000,1753088,
6.858676,ACK,1713,18.617,44.358,100.000,1754112,base=1697
6.859046,RETX,1697,18.617,44.358,100.000,1754112,retx#1
6.859284,SEND,1730,18.617,44.358,100.000,1754112,
6.875275,ACK,1714,18.671,44.452,100.000,1755136,base=1697
6.875495,ACK,1715,18.725,44.511,100.000,1756160,base=1697
6.876112,SEND,1731,18.725,44.511,100.000,1756160,
6.876318,SEND,1732,18.725,44.511,100.000,1756160,
6.879131,ACK,1716,18.778,44.991,100.000,1757184,base=1697
6.879182,ACK,1717,18.831,45.155,100.000,1758208,base=1697
6.879220,ACK,1718,18.884,45.273,100.000,1759232,base=1697
6.880146,SEND,1733,18.884,45.273,100.000,1759232,
6.880379,SEND,1734,18.884,45.273,100.000,1759232,
6.880607,SEND,1735,18.884,45.273,100.000,1759232,
6.880687,ACK,1719,18.937,45.530,100.000,1760256,base=1697
6.880727,ACK,1720,18.990,45.732,100.000,1761280,base=1697
6.880762,ACK,1721,19.043,45.884,100.000,1762304,base=1697
6.882617,SEND,1736,19.043,45.884,100.000,1762304,
6.882848,SEND,1737,19.043,45.884,100.000,1762304,
6.883076,SEND,1738,19.043,45.884,100.000,1762304,
6.883308,SEND,1739,19.043,45.884,100.000,1762304,
6.886539,ACK,1722,19.095,46.259,100.000,1763328,base=1697
6.886615,ACK,1723,19.148,46.571,100.000,1764352,base=1697
6.886655,ACK,1724,19.200,46.821,100.000,1765376,base=1697
6.886692,ACK,1725,19.252,47.016,100.000,1766400,base=1697
6.886923,SEND,1740,19.252,47.016,100.000,1766400,
6.887118,SEND,1741,19.252,47.016,100.000,1766400,
6.887338,SEND,1742,19.252,47.016,100.000,1766400,
6.887673,SEND,1743,19.252,47.016,100.000,1766400,
6.887871,ACK,1726,19.304,47.078,100.000,1767424,base=1697
6.889637,SEND,1744,19.304,47.078,100.000,1767424,
6.889681,STATS,-1,19.304,47.078,100.000,1767424,base=1697 next=1745 inflight=19
6.890572,ACK,1727,19.356,46.568,100.000,1768448,base=1697
6.891432,SEND,1745,19.356,46.568,100.000,1768448,
6.900833,NAK,1728,19.356,,,1768448,
6.901102,RETX,1728,19.356,46.568,100.000,1768448,retx#1
6.901218,ACK,1697,19.407,46.568,100.000,1769472,base=1728
6.901263,ACK,1730,19.459,45.994,100.000,1770496,base=1728
6.903119,SEND,1746,19.459,45.994,100.000,1770496,
6.903349,SEND,1747,19.459,45.994,100.000,1770496,
6.906625,ACK,1731,19.510,44.099,100.000,1771520,base=1728
6.907306,SEND,1748,19.510,44.099,100.000,1771520,
6.922954,ACK,1732,19.561,44.413,100.000,1772544,base=1728
6.923347,RETX,1728,17.388,44.413,100.000,1772544,retx#2
6.925041,ACK,1733,17.445,44.470,100.000,1773568,base=1728
6.926083,ACK,1734,17.503,44.623,100.000,1774592,base=1728
6.926145,ACK,1735,17.560,44.736,100.000,1775616,base=1728
6.926631,SEND,1749,17.560,44.736,100.000,1775616,
6.927033,SEND,1750,17.560,44.736,100.000,1775616,
6.933057,ACK,1736,17.617,45.446,100.000,1776640,base=1728
6.933124,ACK,1737,17.674,46.049,100.000,1777664,base=1728
6.933170,ACK,1738,17.730,46.554,100.000,1778688,base=1728
6.933212,ACK,1739,17.787,46.972,100.000,1779712,base=1728
6.934194,ACK,1740,17.843,47.006,100.000,1780736,base=1728
6.934281,ACK,1741,17.899,47.025,100.000,1781760,base=1728
6.934342,ACK,1743,17.955,46.980,100.000,1782784,base=1728
6.934822,SEND,1751,17.955,46.980,100.000,1782784,
6.935104,SEND,1752,17.955,46.980,100.000,1782784,
6.935427,SEND,1753,17.955,46.980,100.000,1782784,
6.935710,SEND,1754,17.955,46.980,100.000,1782784,
6.935929,SEND,1755,17.955,46.980,100.000,1782784,
6.936146,SEND,1756,17.955,46.980,100.000,1782784,
6.936407,SEND,1757,17.955,46.980,100.000,1782784,
6.938533,NAK,1742,17.955,,,1782784,
6.938985,RETX,1742,17.955,46.980,100.000,1782784,retx#1
6.939376,ACK,1744,18.010,47.322,100.000,1783808,base=1728
6.939600,ACK,1745,18.066,47.427,100.000,1784832,base=1728
6.940642,SEND,1758,18.066,47.427,100.000,1784832,
6.940928,SEND,1759,18.066,47.427,100.000,1784832,
6.941196,SEND,1760,18.066,47.427,100.000,1784832,
6.950523,ACK,1728,18.121,47.427,100.000,1785856,base=1729
6.951199,SEND,1761,18.121,47.427,100.000,1785856,
6.951590,ACK,1746,18.177,47.556,100.000,1786880,base=1729
6.951647,ACK,1747,18.232,47.648,100.000,1787904,base=1729
6.951691,ACK,1748,18.286,47.239,100.000,1788928,base=1729
6.951929,RETX,1729,18.286,47.239,100.000,1788928,retx#1
6.953333,SEND,1762,18.286,47.239,100.000,1788928,
6.953854,SEND,1763,18.286,47.239,100.000,1788928,
6.954264,SEND,1764,18.286,47.239,100.000,1788928,
6.961430,DUPACK,1728,18.286,,,1788928,
6.967991,ACK,1749,18.341,46.503,100.000,1789952,base=1729
6.968758,ACK,1750,18.396,45.904,100.000,1790976,base=1729
6.969394,SEND,1765,18.396,45.904,100.000,1790976,
6.969598,SEND,1766,18.396,45.904,100.000,1790976,
6.974203,ACK,1751,18.450,45.086,100.000,1792000,base=1729
6.975349,SEND,1767,18.450,45.086,100.000,1792000,
6.981756,ACK,1752,18.504,45.278,100.000,1793024,base=1729
6.982687,SEND,1768,18.504,45.278,100.000,1793024,
6.988408,ACK,1753,18.558,46.238,100.000,1794048,base=1729
6.988504,NAK,1742,18.558,,,1794048,
6.988744,RETX,1742,18.558,46.238,100.000,1794048,retx#2
6.988925,ACK,1754,18.612,47.109,100.000,1795072,base=1729
6.988978,ACK,1755,18.666,47.850,100.000,1796096,base=1729
6.989015,ACK,1756,18.719,48.477,100.000,1797120,base=1729
6.989805,SEND,1769,18.719,48.477,100.000,1797120,
6.990183,SEND,1770,18.719,48.477,100.000,1797120,
6.990390,SEND,1771,18.719,48.477,100.000,1797120,
6.990564,SEND,1772,18.719,48.477,100.000,1797120,
6.990591,STATS,-1,18.719,48.477,100.000,1797120,base=1729 next=1773 inflight=18
6.990932,ACK,1757,18.773,49.232,100.000,1798144,base=1729
6.990984,ACK,1742,18.826,49.232,100.000,1799168,base=1729
6.991019,ACK,1758,18.879,49.375,100.000,1800192,base=1729
6.991062,ACK,1759,18.932,49.469,100.000,1801216,base=1729
6.991100,ACK,1760,18.985,49.523,100.000,1802240,base=1729
6.996949,SEND,1773,18.985,49.523,100.000,1802240,
6.997373,SEND,1774,18.985,49.523,100.000,1802240,
6.997559,SEND,1775,18.985,49.523,100.000,1802240,
6.997735,SEND,1776,18.985,49.523,100.000,1802240,
6.997906,SEND,1777,18.985,49.523,100.000,1802240,
6.998023,ACK,1761,19.038,49.184,100.000,1803264,base=1729
6.998126,ACK,1729,19.090,49.184,100.000,1804288,base=1762
6.998189,ACK,1762,19.143,48.644,100.000,1805312,base=1763
6.998223,ACK,1763,19.195,48.109,100.000,1806336,base=1764
7.000112,SEND,1778,19.195,48.109,100.000,1806336,
7.000301,SEND,1779,19.195,48.109,100.000,1806336,
7.000531,SEND,1780,19.195,48.109,100.000,1806336,
7.000714,SEND,1781,19.195,48.109,100.000,1806336,
7.000935,SEND,1782,19.195,48.109,100.000,1806336,
7.011577,ACK,1765,19.247,47.366,100.000,1807360,base=1764
7.012989,SEND,1783,19.247,47.366,100.000,1807360,
7.014204,ACK,1766,19.299,47.018,100.000,1808384,base=1764
7.014262,ACK,1767,19.351,46.005,100.000,1809408,base=1764
7.014782,RETX,1764,17.201,46.005,100.000,1809408,retx#1
7.031185,ACK,1768,17.259,46.314,100.000,1810432,base=1764
7.032576,SEND,1784,17.259,46.314,100.000,1810432,
7.038427,DUPACK,1742,17.259,,,1810432,
7.038518,ACK,1769,17.317,46.612,100.000,1811456,base=1764
7.038566,ACK,1770,17.374,46.839,100.000,1812480,base=1764
7.038614,ACK,1771,17.432,47.011,100.000,1813504,base=1764
7.040334,SEND,1785,17.432,47.011,100.000,1813504,
7.040688,SEND,1786,17.432,47.011,100.000,1813504,
7.040922,SEND,1787,17.432,47.011,100.000,1813504,
7.041092,ACK,1772,17.489,47.449,100.000,1814528,base=1764
7.041188,ACK,1773,17.547,47.047,100.000,1815552,base=1764
7.041264,ACK,1775,17.604,46.629,100.000,1816576,base=1764
7.043399,SEND,1788,17.604,46.629,100.000,1816576,
7.043916,SEND,1789,17.604,46.629,100.000,1816576,
7.044236,SEND,1790,17.604,46.629,100.000,1816576,
7.044390,ACK,1776,17.660,46.630,100.000,1817600,base=1764
7.044568,ACK,1777,17.717,46.633,100.000,1818624,base=1764
7.044620,ACK,1778,17.773,46.367,100.000,1819648,base=1764
7.046634,SEND,1791,17.773,46.367,100.000,1819648,
7.047035,SEND,1792,17.773,46.367,100.000,1819648,
7.047529,SEND,1793,17.773,46.367,100.000,1819648,
7.048425,ACK,1779,17.830,46.584,100.000,1820672,base=1764
7.048494,ACK,1780,17.886,46.755,100.000,1821696,base=1764
7.048536,ACK,1781,17.942,46.888,100.000,1822720,base=1764
7.048573,ACK,1782,17.997,46.981,100.000,1823744,base=1764
7.049706,SEND,1794,17.997,46.981,100.000,1823744,
7.049941,SEND,1795,17.997,46.981,100.000,1823744,
7.050123,SEND,1796,17.997,46.981,100.000,1823744,
7.050307,SEND,1797,17.997,46.981,100.000,1823744,
7.054423,ACK,1783,18.053,46.285,100.000,1824768,base=1764
7.056168,SEND,1798,18.053,46.285,100.000,1824768,
7.056396,SEND,1799,18.053,46.285,100.000,1824768,
7.057421,ACK,1764,18.108,46.285,100.000,1825792,base=1774
7.058659,SEND,1800,18.108,46.285,100.000,1825792,
7.084382,ACK,1785,18.164,46.003,100.000,1826816,base=1774
7.084438,ACK,1786,18.219,45.721,100.000,1827840,base=1774
7.084479,ACK,1787,18.274,45.452,100.000,1828864,base=1774
7.084778,RETX,1774,18.274,45.452,100.000,1828864,retx#1
7.085064,SEND,1801,18.274,45.452,100.000,1828864,
7.085365,SEND,1802,18.274,45.452,100.000,1828864,
7.085652,SEND,1803,18.274,45.452,100.000,1828864,
7.086781,ACK,1788,18.328,45.195,100.000,1829888,base=1774
7.087679,SEND,1804,18.328,45.195,100.000,1829888,
7.091230,STATS,-1,18.328,45.195,100.000,1829888,base=1774 next=1805 inflight=18
7.093208,ACK,1789,18.383,45.707,100.000,1830912,base=1774
7.093257,ACK,1790,18.437,46.121,100.000,1831936,base=1774
7.093302,ACK,1791,18.491,46.190,100.000,1832960,base=1774
7.093341,ACK,1792,18.546,46.204,100.000,1833984,base=1774
7.093619,ACK,1793,18.599,46.188,100.000,1835008,base=1774
7.093669,ACK,1794,18.653,45.909,100.000,1836032,base=1774
7.093709,ACK,1795,18.707,45.641,100.000,1837056,base=1774
7.093745,ACK,1796,18.760,45.388,100.000,1838080,base=1774
7.095078,SEND,1805,18.760,45.388,100.000,1838080,
7.095603,SEND,1806,18.760,45.388,100.000,1838080,
7.096063,SEND,1807,18.760,45.388,100.000,1838080,
7.096296,SEND,1808,18.760,45.388,100.000,1838080,
7.096682,SEND,1809,18.760,45.388,100.000,1838080,
7.096861,SEND,1810,18.760,45.388,100.000,1838080,
7.097034,SEND,1811,18.760,45.388,100.000,1838080,
7.097321,SEND,1812,18.760,45.388,100.000,1838080,
7.097406,ACK,1797,18.814,45.601,100.000,1839104,base=1774
7.099345,SEND,1813,18.814,45.601,100.000,1839104,
7.106492,ACK,1798,18.867,46.189,100.000,1840128,base=1774
7.106762,SEND,1814,18.867,46.189,100.000,1840128,
7.109196,ACK,1800,18.920,46.718,100.000,1841152,base=1774
7.111458,SEND,1815,18.920,46.718,100.000,1841152,
7.129206,ACK,1801,18.973,46.393,100.000,1842176,base=1774
7.129469,SEND,1816,18.973,46.393,100.000,1842176,
7.129579,ACK,1802,19.025,46.120,100.000,1843200,base=1774
7.129697,ACK,1803,19.078,45.860,100.000,1844224,base=1774
7.129735,ACK,1804,19.130,45.384,100.000,1845248,base=1774
7.131515,SEND,1817,19.130,45.384,100.000,1845248,
7.131704,SEND,1818,19.130,45.384,100.000,1845248,
7.131880,SEND,1819,19.130,45.384,100.000,1845248,
7.132051,SEND,1820,19.130,45.384,100.000,1845248,
7.133787,TIMEOUT,1784,19.130,45.384,200.000,1845248,
7.134122,RETX,1784,19.130,45.384,200.000,1845248,retx#1
7.146441,ACK,1805,19.183,46.125,100.000,1846272,base=1774
7.146518,ACK,1806,19.235,46.724,100.000,1847296,base=1774
7.146557,ACK,1807,19.287,47.195,100.000,1848320,base=1774
7.146599,ACK,1808,19.339,47.582,100.000,1849344,base=1774
7.146641,ACK,1809,19.390,47.879,100.000,1850368,base=1774
7.146678,ACK,1810,19.442,48.121,100.000,1851392,base=1774
7.146940,SEND,1821,19.442,48.121,100.000,1851392,
7.147343,SEND,1822,19.442,48.121,100.000,1851392,
7.147709,SEND,1823,19.442,48.121,100.000,1851392,
7.147935,SEND,1824,19.442,48.121,100.000,1851392,
7.148261,SEND,1825,19.442,48.121,100.000,1851392,
7.148452,SEND,1826,19.442,48.121,100.000,1851392,
7.148590,ACK,1812,19.493,48.513,100.000,1852416,base=1774
7.148645,ACK,1813,19.545,48.611,100.000,1853440,base=1774
7.148729,ACK,1814,19.596,47.780,100.000,1854464,base=1774
7.148769,ACK,1815,19.647,46.471,100.000,1855488,base=1774
7.150428,SEND,1827,19.647,46.471,100.000,1855488,
7.150653,SEND,1828,19.647,46.471,100.000,1855488,
7.150945,SEND,1829,19.647,46.471,100.000,1855488,
7.151202,SEND,1830,19.647,46.471,100.000,1855488,
7.156498,TIMEOUT,1799,19.647,46.471,200.000,1855488,
7.156740,RETX,1799,19.647,46.471,200.000,1855488,retx#1
7.182833,ACK,1816,19.698,47.330,100.000,1856512,base=1774
7.182958,ACK,1817,19.748,47.844,100.000,1857536,base=1774
7.183049,NAK,1818,19.748,,,1857536,
7.183322,RETX,1818,19.748,47.844,100.000,1857536,retx#1
7.183406,ACK,1784,19.799,47.844,100.000,1858560,base=1774
7.185252,SEND,1831,19.799,47.844,100.000,1858560,
7.185506,SEND,1832,19.799,47.844,100.000,1858560,
7.185714,SEND,1833,19.799,47.844,100.000,1858560,
7.185738,TIMEOUT,1774,19.799,47.844,200.000,1858560,
7.185994,RETX,1774,19.799,47.844,200.000,1858560,retx#2
7.193571,STATS,-1,19.799,47.844,200.000,1858560,base=1774 next=1834 inflight=19
7.198212,ACK,1821,19.850,48.269,100.000,1859584,base=1774
7.198341,ACK,1822,19.900,48.609,100.000,1860608,base=1774
7.198405,ACK,1823,19.950,48.870,100.000,1861632,base=1774
7.198459,ACK,1824,20.000,49.076,100.000,1862656,base=1774
7.198692,ACK,1825,20.050,49.244,100.000,1863680,base=1774
7.198761,ACK,1826,20.100,49.376,100.000,1864704,base=1774
7.198810,ACK,1827,20.150,49.252,100.000,1865728,base=1774
7.198852,ACK,1828,20.200,49.120,100.000,1866752,base=1774
7.199557,ACK,1829,20.249,49.054,100.000,1867776,base=1774
7.199633,ACK,1830,20.298,48.976,100.000,1868800,base=1774
7.199677,ACK,1799,20.348,48.976,100.000,1869824,base=1774
7.200109,SEND,1834,20.348,48.976,100.000,1869824,
7.200490,SEND,1835,20.348,48.976,100.000,1869824,
7.200714,SEND,1836,20.348,48.976,100.000,1869824,
7.200924,SEND,1837,20.348,48.976,100.000,1869824,
7.201127,SEND,1838,20.348,48.976,100.000,1869824,
7.201336,SEND,1839,20.348,48.976,100.000,1869824,
7.201542,SEND,1840,20.348,48.976,100.000,1869824,
7.201750,SEND,1841,20.348,48.976,100.000,1869824,
7.201959,SEND,1842,20.348,48.976,100.000,1869824,
7.202165,SEND,1843,20.348,48.976,100.000,1869824,
7.202386,SEND,1844,20.348,48.976,100.000,1869824,
7.202689,SEND,1845,20.348,48.976,100.000,1869824,
7.202709,TIMEOUT,1811,20.348,48.976,200.000,1869824,
7.202945,RETX,1811,20.348,48.976,200.000,1869824,retx#1
7.223953,ACK,1831,20.397,47.689,100.000,1870848,base=1774
7.224416,SEND,1846,20.397,47.689,100.000,1870848,
7.224531,ACK,1832,20.446,46.604,100.000,1871872,base=1774
7.226705,SEND,1847,20.446,46.604,100.000,1871872,
7.232265,ACK,1833,20.495,46.595,100.000,1872896,base=1774
7.232489,ACK,1774,20.544,46.595,100.000,1873920,base=1811
7.233443,SEND,1848,20.544,46.595,100.000,1873920,
7.233769,SEND,1849,20.544,46.595,100.000,1873920,
7.233797,TIMEOUT,1819,18.261,46.595,200.000,1873920,
7.234015,RETX,1819,18.261,46.595,200.000,1873920,retx#1
7.241610,ACK,1834,18.316,45.955,100.000,1874944,base=1811
7.244422,TIMEOUT,1820,18.316,45.955,200.000,1874944,
7.244830,RETX,1820,18.316,45.955,200.000,1874944,retx#1
7.245603,ACK,1835,18.370,45.846,100.000,1875968,base=1811
7.245695,ACK,1836,18.425,45.737,100.000,1876992,base=1811
7.245924,RETX,1811,18.425,45.737,100.000,1876992,retx#2
7.245977,ACK,1837,18.479,45.650,100.000,1878016,base=1811
7.246098,ACK,1839,18.533,45.539,100.000,1879040,base=1811
7.246136,NAK,1838,18.533,,,1879040,
7.246444,RETX,1838,18.533,45.539,100.000,1879040,retx#1
7.247237,SEND,1850,18.533,45.539,100.000,1879040,
7.247726,SEND,1851,18.533,45.539,100.000,1879040,
7.248228,SEND,1852,18.533,45.539,100.000,1879040,
7.249985,ACK,1840,18.587,45.900,100.000,1880064,base=1811
7.250265,SEND,1853,18.587,45.900,100.000,1880064,
7.250363,ACK,1841,18.641,46.238,100.000,1881088,base=1811
7.250410,ACK,1842,18.695,46.514,100.000,1882112,base=1811
7.250445,ACK,1843,18.748,46.734,100.000,1883136,base=1811
7.250479,ACK,1844,18.801,46.904,100.000,1884160,base=1811
7.250513,ACK,1845,18.855,47.018,100.000,1885184,base=1811
7.252279,SEND,1854,18.855,47.018,100.000,1885184,
7.252510,SEND,1855,18.855,47.018,100.000,1885184,
7.252740,SEND,1856,18.855,47.018,100.000,1885184,
7.252970,SEND,1857,18.855,47.018,100.000,1885184,
7.253195,SEND,1858,18.855,47.018,100.000,1885184,
7.253276,ACK,1811,18.908,47.018,100.000,1886208,base=1818
7.255236,SEND,1859,18.908,47.018,100.000,1886208,
7.270514,ACK,1846,18.960,46.900,100.000,1887232,base=1818
7.271329,SEND,1860,18.960,46.900,100.000,1887232,
7.273452,ACK,1848,19.013,46.037,100.000,1888256,base=1818
7.274297,ACK,1819,19.066,46.037,100.000,1889280,base=1818
7.274532,RETX,1818,19.066,46.037,100.000,1889280,retx#2
7.275087,SEND,1861,19.066,46.037,100.000,1889280,
7.275335,SEND,1862,19.066,46.037,100.000,1889280,
7.275564,SEND,1863,19.066,46.037,100.000,1889280,
7.290256,ACK,1820,19.118,46.037,100.000,1890304,base=1818
7.290323,ACK,1838,19.171,46.037,100.000,1891328,base=1818
7.290370,ACK,1850,19.223,45.672,100.000,1892352,base=1818
7.290406,ACK,1851,19.275,45.298,100.000,1893376,base=1818
7.290448,ACK,1852,19.327,44.913,100.000,1894400,base=1818
7.290741,SEND,1864,19.327,44.913,100.000,1894400,
7.290955,SEND,1865,19.327,44.913,100.000,1894400,
7.291133,SEND,1866,19.327,44.913,100.000,1894400,
7.291380,SEND,1867,19.327,44.913,100.000,1894400,
7.291563,SEND,1868,19.327,44.913,100.000,1894400,
7.293686,STATS,-1,19.327,44.913,100.000,1894400,base=1818 next=1869 inflight=19
7.301024,ACK,1853,19.378,45.641,100.000,1895424,base=1818
7.301094,ACK,1854,19.430,46.037,100.000,1896448,base=1818
7.301142,ACK,1855,19.481,46.361,100.000,1897472,base=1818
7.301183,ACK,1856,19.533,46.620,100.000,1898496,base=1818
7.301228,ACK,1857,19.584,46.824,100.000,1899520,base=1818
7.301273,ACK,1858,19.635,46.980,100.000,1900544,base=1818
7.302716,SEND,1869,19.635,46.980,100.000,1900544,
7.302940,SEND,1870,19.635,46.980,100.000,1900544,
7.303151,SEND,1871,19.635,46.980,100.000,1900544,
7.303367,SEND,1872,19.635,46.980,100.000,1900544,
7.303576,SEND,1873,19.635,46.980,100.000,1900544,
7.303779,SEND,1874,19.635,46.980,100.000,1900544,
7.304663,ACK,1859,19.686,47.283,100.000,1901568,base=1818
7.305528,SEND,1875,19.686,47.283,100.000,1901568,
7.321451,ACK,1860,19.737,47.635,100.000,1902592,base=1818
7.321873,SEND,1876,19.737,47.635,100.000,1902592,
7.322182,ACK,1818,19.787,47.635,100.000,1903616,base=1847
7.322278,ACK,1861,19.838,47.579,100.000,1904640,base=1847
7.323400,ACK,1862,19.888,47.637,100.000,1905664,base=1847
7.323622,ACK,1863,19.939,47.689,100.000,1906688,base=1847
7.323872,RETX,1847,19.939,47.689,100.000,1906688,retx#1
7.324144,SEND,1877,19.939,47.689,100.000,1906688,
7.324354,SEND,1878,19.939,47.689,100.000,1906688,
7.324526,SEND,1879,19.939,47.689,100.000,1906688,
7.324699,SEND,1880,19.939,47.689,100.000,1906688,
7.326873,ACK,1864,19.989,46.242,100.000,1907712,base=1847
7.327322,SEND,1881,19.989,46.242,100.000,1907712,
7.331875,ACK,1865,20.039,45.573,100.000,1908736,base=1847
7.333267,SEND,1882,20.039,45.573,100.000,1908736,
7.333495,SEND,1883,20.039,45.573,100.000,1908736,
7.335094,TIMEOUT,1849,20.039,45.573,200.000,1908736,
7.335553,RETX,1849,20.039,45.573,200.000,1908736,retx#1
7.338874,ACK,1866,20.089,45.841,100.000,1909760,base=1847
7.341014,SEND,1884,20.089,45.841,100.000,1909760,
7.341157,ACK,1867,20.139,46.332,100.000,1910784,base=1847
7.343128,SEND,1885,20.139,46.332,100.000,1910784,
7.343497,ACK,1868,20.188,47.029,100.000,1911808,base=1847
7.345170,SEND,1886,20.188,47.029,100.000,1911808,
7.346848,ACK,1869,20.238,46.665,100.000,1912832,base=1847
7.347103,ACK,1871,20.287,46.315,100.000,1913856,base=1847
7.347332,ACK,1872,20.336,46.020,100.000,1914880,base=1847
7.348561,SEND,1887,20.336,46.020,100.000,1914880,
7.348788,SEND,1888,20.336,46.020,100.000,1914880,
7.349050,SEND,1889,20.336,46.020,100.000,1914880,
7.349516,ACK,1873,20.386,46.007,100.000,1915904,base=1847
7.349766,ACK,1875,20.435,45.786,100.000,1916928,base=1847
7.351023,SEND,1890,20.435,45.786,100.000,1916928,
7.351475,SEND,1891,20.435,45.786,100.000,1916928,
7.351669,NAK,1874,20.435,,,1916928,
7.352012,RETX,1874,20.435,45.786,100.000,1916928,retx#1
7.357822,ACK,1876,20.484,44.554,100.000,1917952,base=1847
7.358705,SEND,1892,20.484,44.554,100.000,1917952,
7.368289,ACK,1847,20.532,44.554,100.000,1918976,base=1849
7.368369,ACK,1877,20.581,44.511,100.000,1920000,base=1849
7.368408,ACK,1878,20.630,44.454,100.000,1921024,base=1849
7.368703,SEND,1893,20.630,44.454,100.000,1921024,
7.368889,SEND,1894,20.630,44.454,100.000,1921024,
7.369201,SEND,1895,20.630,44.454,100.000,1921024,
7.375305,ACK,1879,20.678,45.241,100.000,1922048,base=1849
7.378327,RETX,1849,20.678,45.241,100.000,1922048,retx#2
7.379792,SEND,1896,20.678,45.241,100.000,1922048,
7.379912,ACK,1880,20.727,46.486,100.000,1923072,base=1849
7.380009,ACK,1881,20.775,47.260,100.000,1924096,base=1849
7.380089,ACK,1882,20.823,47.205,100.000,1925120,base=1849
7.381594,SEND,1897,20.823,47.205,100.000,1925120,
7.381779,SEND,1898,20.823,47.205,100.000,1925120,
7.381958,SEND,1899,20.823,47.205,100.000,1925120,
7.382024,ACK,1883,20.871,47.369,100.000,1926144,base=1849
7.382064,ACK,1849,20.919,47.369,100.000,1927168,base=1870
7.382091,ACK,1885,20.967,46.319,100.000,1928192,base=1870
7.382118,ACK,1886,21.014,45.148,100.000,1929216,base=1870
7.383735,SEND,1900,21.014,45.148,100.000,1929216,
7.383915,SEND,1901,21.014,45.148,100.000,1929216,
7.384095,SEND,1902,21.014,45.148,100.000,1929216,
7.384274,SEND,1903,21.014,45.148,100.000,1929216,
7.384451,SEND,1904,21.014,45.148,100.000,1929216,
7.386432,ACK,1887,21.062,44.238,100.000,1930240,base=1870
7.386690,RETX,1870,18.722,44.238,100.000,1930240,retx#1
7.389968,ACK,1888,18.775,43.854,100.000,1931264,base=1870
7.394640,STATS,-1,18.775,43.854,100.000,1931264,base=1870 next=1905 inflight=19
7.400702,ACK,1889,18.828,44.828,100.000,1932288,base=1870
7.400740,NAK,1874,18.828,,,1932288,
7.400992,RETX,1874,18.828,44.828,100.000,1932288,retx#2
7.402439,ACK,1891,18.882,45.594,100.000,1933312,base=1870
7.402488,NAK,1890,18.882,,,1933312,
7.402744,RETX,1890,18.882,45.594,100.000,1933312,retx#1
7.402794,ACK,1874,18.934,45.594,100.000,1934336,base=1870
7.402841,ACK,1892,18.987,45.412,100.000,1935360,base=1870
7.403947,SEND,1905,18.987,45.412,100.000,1935360,
7.404181,SEND,1906,18.987,45.412,100.000,1935360,
7.404409,SEND,1907,18.987,45.412,100.000,1935360,
7.416194,ACK,1893,19.040,45.670,100.000,1936384,base=1870
7.416240,ACK,1894,19.092,45.880,100.000,1937408,base=1870
7.416277,ACK,1895,19.145,46.029,100.000,1938432,base=1870
7.416306,DUPACK,1849,19.145,,,1938432,
7.416340,ACK,1897,19.197,44.618,100.000,1939456,base=1870
7.417202,SEND,1908,19.197,44.618,100.000,1939456,
7.417443,SEND,1909,19.197,44.618,100.000,1939456,
7.417676,SEND,1910,19.197,44.618,100.000,1939456,
7.417905,SEND,1911,19.197,44.618,100.000,1939456,
7.418133,SEND,1912,19.197,44.618,100.000,1939456,
7.421827,ACK,1898,19.249,44.043,100.000,1940480,base=1870
7.423225,SEND,1913,19.249,44.043,100.000,1940480,
7.428471,ACK,1900,19.301,44.127,100.000,1941504,base=1870
7.429787,SEND,1914,19.301,44.127,100.000,1941504,
7.435134,ACK,1901,19.353,45.010,100.000,1942528,base=1870
7.435206,ACK,1902,19.405,45.772,100.000,1943552,base=1870
7.435254,ACK,1903,19.456,46.422,100.000,1944576,base=1870
7.435297,ACK,1904,19.508,46.974,100.000,1945600,base=1870
7.435342,ACK,1870,19.559,46.974,100.000,1946624,base=1884
7.436889,SEND,1915,19.559,46.974,100.000,1946624,
7.437154,SEND,1916,19.559,46.974,100.000,1946624,
7.437365,SEND,1917,19.559,46.974,100.000,1946624,
7.437578,SEND,1918,19.559,46.974,100.000,1946624,
7.437795,SEND,1919,19.559,46.974,100.000,1946624,
7.441247,TIMEOUT,1884,19.559,46.974,200.000,1946624,
7.441554,RETX,1884,19.559,46.974,200.000,1946624,retx#1
7.448344,DUPACK,1874,19.559,,,1946624,
7.449401,ACK,1890,19.610,46.974,200.000,1947648,base=1884
7.449475,ACK,1905,19.661,46.791,100.000,1948672,base=1884
7.450015,SEND,1920,19.661,46.791,100.000,1948672,
7.450600,SEND,1921,19.661,46.791,100.000,1948672,
7.454148,ACK,1906,19.712,47.185,100.000,1949696,base=1884
7.454481,RETX,1884,19.712,47.185,100.000,1949696,retx#2
7.454602,ACK,1907,19.763,47.560,100.000,1950720,base=1884
7.455922,SEND,1922,19.763,47.560,100.000,1950720,
7.456148,SEND,1923,19.763,47.560,100.000,1950720,
7.462891,ACK,1908,19.813,47.314,100.000,1951744,base=1884
7.463891,SEND,1924,19.813,47.314,100.000,1951744,
7.464462,ACK,1909,19.864,47.275,100.000,1952768,base=1884
7.465668,ACK,1910,19.914,47.363,100.000,1953792,base=1884
7.466064,SEND,1925,19.914,47.363,100.000,1953792,
7.466287,SEND,1926,19.914,47.363,100.000,1953792,
7.470395,ACK,1911,19.964,48.000,100.000,1954816,base=1884
7.470465,ACK,1912,20.014,48.541,100.000,1955840,base=1884
7.470501,ACK,1913,20.064,48.383,100.000,1956864,base=1884
7.470537,ACK,1914,20.114,47.429,100.000,1957888,base=1884
7.471433,SEND,1927,20.114,47.429,100.000,1957888,
7.471678,SEND,1928,20.114,47.429,100.000,1957888,
7.471893,SEND,1929,20.114,47.429,100.000,1957888,
7.472103,SEND,1930,20.114,47.429,100.000,1957888,
7.472381,SEND,1931,20.114,47.429,100.000,1957888,
7.474579,ACK,1915,20.164,46.209,100.000,1958912,base=1884
7.477494,SEND,1932,20.164,46.209,100.000,1958912,
7.480560,TIMEOUT,1896,20.164,46.209,200.000,1958912,
7.480800,RETX,1896,20.164,46.209,200.000,1958912,retx#1
7.488214,ACK,1916,20.213,46.812,100.000,1959936,base=1884
7.488770,SEND,1933,20.213,46.812,100.000,1959936,
7.488803,TIMEOUT,1899,20.213,46.812,200.000,1959936,
7.489185,RETX,1899,20.213,46.812,200.000,1959936,retx#1
7.490290,ACK,1917,20.263,47.573,100.000,1960960,base=1884
7.490405,ACK,1918,20.312,48.228,100.000,1961984,base=1884
7.490466,ACK,1919,20.361,48.783,100.000,1963008,base=1884
7.490515,ACK,1884,20.411,48.783,100.000,1964032,base=1896
7.490559,ACK,1920,20.460,47.753,100.000,1965056,base=1896
7.492040,SEND,1934,20.460,47.753,100.000,1965056,
7.492313,SEND,1935,20.460,47.753,100.000,1965056,
7.492663,SEND,1936,20.460,47.753,100.000,1965056,
7.492974,SEND,1937,20.460,47.753,100.000,1965056,
7.493337,SEND,1938,20.460,47.753,100.000,1965056,
7.493710,ACK,1921,20.508,47.171,100.000,1966080,base=1896
7.495016,SEND,1939,20.508,47.171,100.000,1966080,
7.495039,STATS,-1,20.508,47.171,100.000,1966080,base=1896 next=1940 inflight=20
7.498250,DUPACK,1884,20.508,,,1966080,
7.498301,ACK,1922,20.557,46.571,100.000,1967104,base=1896
7.498552,RETX,1896,20.557,46.571,100.000,1967104,retx#2
7.499932,SEND,1940,20.557,46.571,100.000,1967104,
7.510914,ACK,1926,20.606,46.325,100.000,1968128,base=1896
7.511560,SEND,1941,20.606,46.325,100.000,1968128,
7.513466,NAK,1925,20.606,,,1968128,
7.513691,RETX,1925,20.606,46.325,100.000,1968128,retx#1
7.515558,ACK,1927,20.654,46.042,100.000,1969152,base=1896
7.515617,ACK,1928,20.703,45.779,100.000,1970176,base=1896
7.517007,SEND,1942,20.703,45.779,100.000,1970176,
7.517197,SEND,1943,20.703,45.779,100.000,1970176,
7.522720,ACK,1929,20.751,46.406,100.000,1971200,base=1896
7.522792,ACK,1930,20.799,46.941,100.000,1972224,base=1896
7.522858,ACK,1931,20.847,47.382,100.000,1973248,base=1896
7.522900,ACK,1932,20.895,47.136,100.000,1974272,base=1896
7.523656,SEND,1944,20.895,47.136,100.000,1974272,
7.523881,SEND,1945,20.895,47.136,100.000,1974272,
7.524092,SEND,1946,20.895,47.136,100.000,1974272,
7.524381,SEND,1947,20.895,47.136,100.000,1974272,
7.532360,ACK,1933,20.943,46.691,100.000,1975296,base=1896
7.532434,ACK,1899,20.991,46.691,100.000,1976320,base=1896
7.532469,ACK,1934,21.039,45.908,100.000,1977344,base=1896
7.532565,ACK,1936,21.086,45.149,100.000,1978368,base=1896
7.533150,SEND,1948,21.086,45.149,100.000,1978368,
7.533331,SEND,1949,21.086,45.149,100.000,1978368,
7.533511,SEND,1950,21.086,45.149,100.000,1978368,
7.533688,SEND,1951,21.086,45.149,100.000,1978368,
7.533867,SEND,1952,21.086,45.149,100.000,1978368,
7.538096,NAK,1935,21.086,,,1978368,
7.538303,RETX,1935,21.086,45.149,100.000,1978368,retx#1
7.538385,ACK,1937,21.133,45.181,100.000,1979392,base=1896
7.538425,ACK,1938,21.181,45.169,100.000,1980416,base=1896
7.538459,ACK,1939,21.228,44.953,100.000,1981440,base=1896
7.538672,SEND,1953,21.228,44.953,100.000,1981440,
7.538873,SEND,1954,21.228,44.953,100.000,1981440,
7.539130,SEND,1955,21.228,44.953,100.000,1981440,
7.547031,ACK,1896,21.275,44.953,100.000,1982464,base=1923
7.548385,SEND,1956,21.275,44.953,100.000,1982464,
7.557473,TIMEOUT,1923,18.911,44.953,200.000,1982464,
7.557645,RETX,1923,18.911,44.953,200.000,1982464,retx#1
7.558093,ACK,1941,18.964,45.153,100.000,1983488,base=1923
7.558121,NAK,1940,18.964,,,1983488,
7.558291,RETX,1940,18.964,45.153,100.000,1983488,retx#1
7.563353,ACK,1925,19.017,45.153,100.000,1984512,base=1923
7.563381,ACK,1942,19.069,45.305,100.000,1985536,base=1923
7.563541,RETX,1923,19.069,45.305,100.000,1985536,retx#2
7.563818,SEND,1957,19.069,45.305,100.000,1985536,
7.563893,ACK,1943,19.122,45.478,100.000,1986560,base=1923
7.565651,SEND,1958,19.122,45.478,100.000,1986560,
7.565663,TIMEOUT,1924,19.122,45.478,200.000,1986560,
7.565812,RETX,1924,19.122,45.478,200.000,1986560,retx#1
7.568711,ACK,1944,19.174,45.425,100.000,1987584,base=1923
7.569862,ACK,1945,19.226,45.495,100.000,1988608,base=1923
7.571037,SEND,1959,19.226,45.495,100.000,1988608,
7.571217,SEND,1960,19.226,45.495,100.000,1988608,
7.572414,ACK,1946,19.278,45.848,100.000,1989632,base=1923
7.572445,ACK,1947,19.330,46.125,100.000,1990656,base=1923
7.573074,SEND,1961,19.330,46.125,100.000,1990656,
7.573255,SEND,1962,19.330,46.125,100.000,1990656,
7.579491,ACK,1948,19.382,46.151,100.000,1991680,base=1923
7.580095,SEND,1963,19.382,46.151,100.000,1991680,
7.582547,NAK,1949,19.382,,,1991680,
7.582749,RETX,1949,19.382,46.151,100.000,1991680,retx#1
7.582812,ACK,1951,19.434,46.522,100.000,1992704,base=1923
7.583612,SEND,1964,19.434,46.522,100.000,1992704,
7.585365,ACK,1952,19.485,47.143,100.000,1993728,base=1923
7.585396,ACK,1935,19.536,47.143,100.000,1994752,base=1923
7.585424,ACK,1953,19.587,47.094,100.000,1995776,base=1923
7.585855,ACK,1954,19.639,47.079,100.000,1996800,base=1923
7.587107,SEND,1965,19.639,47.079,100.000,1996800,
7.587291,SEND,1966,19.639,47.079,100.000,1996800,
7.587470,SEND,1967,19.639,47.079,100.000,1996800,
7.587650,SEND,1968,19.639,47.079,100.000,1996800,
7.590475,ACK,1955,19.689,47.611,100.000,1997824,base=1923
7.591184,SEND,1969,19.689,47.611,100.000,1997824,
7.596201,STATS,-1,19.689,47.611,100.000,1997824,base=1923 next=1970 inflight=19
7.606341,ACK,1923,19.740,47.611,100.000,1998848,base=1924
7.608049,SEND,1970,19.740,47.611,100.000,1998848,
7.608121,DUPACK,1923,19.740,,,1998848,
7.611610,ACK,1957,19.791,47.633,100.000,1999872,base=1924
7.611637,ACK,1958,19.841,47.427,100.000,2000896,base=1924
7.611664,ACK,1924,19.892,47.427,100.000,2001920,base=1940
7.613210,SEND,1971,19.892,47.427,100.000,2001920,
7.613359,SEND,1972,19.892,47.427,100.000,2001920,
7.613546,SEND,1973,19.892,47.427,100.000,2001920,
7.616207,ACK,1959,19.942,47.144,100.000,2002944,base=1940
7.616969,SEND,1974,19.942,47.144,100.000,2002944,
7.621028,ACK,1961,19.992,47.245,100.000,2003968,base=1940
7.622145,SEND,1975,19.992,47.245,100.000,2003968,
7.622208,NAK,1960,19.992,,,2003968,
7.622414,RETX,1960,19.992,47.245,100.000,2003968,retx#1
7.622475,ACK,1962,20.042,47.490,100.000,2004992,base=1940
7.622670,RETX,1940,20.042,47.490,100.000,2004992,retx#2
7.624000,SEND,1976,20.042,47.490,100.000,2004992,
7.624181,SEND,1977,20.042,47.490,100.000,2004992,
7.633188,ACK,1949,20.092,47.490,100.000,2006016,base=1940
7.633865,SEND,1978,20.092,47.490,100.000,2006016,
7.633879,TIMEOUT,1950,20.092,47.490,200.000,2006016,
7.634060,RETX,1950,20.092,47.490,200.000,2006016,retx#1
7.634250,ACK,1964,20.142,47.883,100.000,2007040,base=1940
7.634283,NAK,1963,20.142,,,2007040,
7.634475,RETX,1963,20.142,47.883,100.000,2007040,retx#1
7.634531,ACK,1965,20.192,47.825,100.000,2008064,base=1940
7.634567,ACK,1966,20.241,47.756,100.000,2009088,base=1940
7.634594,ACK,1967,20.291,47.677,100.000,2010112,base=1940
7.634620,ACK,1968,20.340,47.588,100.000,2011136,base=1940
7.634646,ACK,1969,20.389,47.072,100.000,2012160,base=1940
7.636774,SEND,1979,20.389,47.072,100.000,2012160,
7.636958,SEND,1980,20.389,47.072,100.000,2012160,
7.637136,SEND,1981,20.389,47.072,100.000,2012160,
7.637314,SEND,1982,20.389,47.072,100.000,2012160,
7.637491,SEND,1983,20.389,47.072,100.000,2012160,
7.637669,SEND,1984,20.389,47.072,100.000,2012160,
7.648780,TIMEOUT,1956,20.389,47.072,200.000,2012160,
7.648978,RETX,1956,20.389,47.072,200.000,2012160,retx#1
7.649051,ACK,1970,20.438,46.312,100.000,2013184,base=1940
7.651687,SEND,1985,20.438,46.312,100.000,2013184,
7.659182,ACK,1971,20.487,46.269,100.000,2014208,base=1940
7.659784,SEND,1986,20.487,46.269,100.000,2014208,
7.661522,ACK,1972,20.536,46.504,100.000,2015232,base=1940
7.661567,ACK,1973,20.584,46.693,100.000,2016256,base=1940
7.661603,ACK,1974,20.633,46.435,100.000,2017280,base=1940
7.661636,ACK,1975,20.681,45.567,100.000,2018304,base=1940
7.661668,ACK,1960,20.730,45.567,100.000,2019328,base=1940
7.663218,SEND,1987,20.730,45.567,100.000,2019328,
7.663451,SEND,1988,20.730,45.567,100.000,2019328,
7.663679,SEND,1989,20.730,45.567,100.000,2019328,
7.663907,SEND,1990,20.730,45.567,100.000,2019328,
7.664132,SEND,1991,20.730,45.567,100.000,2019328,
7.668861,ACK,1940,20.778,45.567,100.000,2020352,base=1950
7.669073,SEND,1992,20.778,45.567,100.000,2020352,
7.673029,ACK,1976,20.826,45.998,100.000,2021376,base=1950
7.673843,SEND,1993,20.826,45.998,100.000,2021376,
7.673954,ACK,1977,20.874,46.468,100.000,2022400,base=1950
7.676359,SEND,1994,20.874,46.468,100.000,2022400,
7.679870,ACK,1978,20.922,46.407,100.000,2023424,base=1950
7.680539,RETX,1950,20.922,46.407,100.000,2023424,retx#2
7.680762,ACK,1950,20.970,46.407,100.000,2024448,base=1956
7.680988,SEND,1995,20.970,46.407,100.000,2024448,
7.681287,SEND,1996,20.970,46.407,100.000,2024448,
7.681380,ACK,1963,21.018,46.407,100.000,2025472,base=1956
7.682212,ACK,1979,21.065,46.283,100.000,2026496,base=1956
7.683490,SEND,1997,21.065,46.283,100.000,2026496,
7.683690,SEND,1998,21.065,46.283,100.000,2026496,
7.684022,SEND,1999,21.065,46.283,100.000,2026496,
7.684660,ACK,1980,21.113,46.459,100.000,2027520,base=1956
7.684924,RETX,1956,21.113,46.459,100.000,2027520,retx#2
7.685720,SEND,2000,21.113,46.459,100.000,2027520,
7.685819,ACK,1981,21.160,46.736,100.000,2028544,base=1956
7.685863,ACK,1982,21.207,46.962,100.000,2029568,base=1956
7.685898,ACK,1983,21.254,47.142,100.000,2030592,base=1956
7.685931,ACK,1984,21.301,47.282,100.000,2031616,base=1956
7.687485,SEND,2001,21.301,47.282,100.000,2031616,
7.687719,SEND,2002,21.301,47.282,100.000,2031616,
7.687950,SEND,2003,21.301,47.282,100.000,2031616,
7.688185,SEND,2004,21.301,47.282,100.000,2031616,
7.690354,ACK,1956,21.348,47.282,100.000,2032640,base=1985
7.691455,SEND,2005,21.348,47.282,100.000,2032640,
7.697634,STATS,-1,21.348,47.282,100.000,2032640,base=1985 next=2006 inflight=21
7.698407,ACK,1986,21.395,46.198,100.000,2033664,base=1985
7.698443,NAK,1985,21.395,,,2033664,
7.698695,RETX,1985,19.018,46.198,100.000,2033664,retx#1
7.700708,ACK,1987,19.071,45.109,100.000,2034688,base=1985
7.703154,ACK,1988,19.123,44.432,100.000,2035712,base=1985
7.703401,RETX,1985,19.123,44.432,100.000,2035712,retx#2
7.704088,SEND,2006,19.123,44.432,100.000,2035712,
7.705840,ACK,1989,19.175,44.147,100.000,2036736,base=1985
7.706733,ACK,1990,19.227,43.981,100.000,2037760,base=1985
7.707652,SEND,2007,19.227,43.981,100.000,2037760,
7.707839,SEND,2008,19.227,43.981,100.000,2037760,
7.711025,ACK,1991,19.279,44.342,100.000,2038784,base=1985
7.711500,SEND,2009,19.279,44.342,100.000,2038784,
7.721123,ACK,1992,19.331,45.304,100.000,2039808,base=1985
7.721159,ACK,1993,19.383,45.555,100.000,2040832,base=1985
7.721185,ACK,1994,19.435,45.464,100.000,2041856,base=1985
7.721750,SEND,2010,19.435,45.464,100.000,2041856,
7.721905,SEND,2011,19.435,45.464,100.000,2041856,
7.722055,SEND,2012,19.435,45.464,100.000,2041856,
7.722747,DUPACK,1950,19.435,,,2041856,
7.724870,ACK,1995,19.486,45.266,100.000,2042880,base=1985
7.724896,ACK,1996,19.537,45.059,100.000,2043904,base=1985
7.724919,ACK,1997,19.589,44.605,100.000,2044928,base=1985
7.724940,ACK,1998,19.640,44.186,100.000,2045952,base=1985
7.725678,SEND,2013,19.640,44.186,100.000,2045952,
7.725871,SEND,2014,19.640,44.186,100.000,2045952,
7.726043,SEND,2015,19.640,44.186,100.000,2045952,
7.726463,SEND,2016,19.640,44.186,100.000,2045952,
7.727988,ACK,1999,19.691,44.156,100.000,2046976,base=1985
7.728142,DUPACK,1956,19.691,,,2046976,
7.728578,SEND,2017,19.691,44.156,100.000,2046976,
7.737944,ACK,2000,19.741,45.161,100.000,2048000,base=1985
7.738019,ACK,2001,19.792,45.832,100.000,2049024,base=1985
7.738057,ACK,2002,19.843,46.395,100.000,2050048,base=1985
7.738095,ACK,2003,19.893,46.863,100.000,2051072,base=1985
7.738138,ACK,2004,19.943,47.249,100.000,2052096,base=1985
7.739025,SEND,2018,19.943,47.249,100.000,2052096,
7.739304,SEND,2019,19.943,47.249,100.000,2052096,
7.739661,SEND,2020,19.943,47.249,100.000,2052096,
7.740008,SEND,2021,19.943,47.249,100.000,2052096,
7.740273,SEND,2022,19.943,47.249,100.000,2052096,
7.740409,ACK,2005,19.993,47.460,100.000,2053120,base=1985
7.740515,ACK,1985,20.043,47.460,100.000,2054144,base=2006
7.742192,SEND,2023,20.043,47.460,100.000,2054144,
7.742485,SEND,2024,20.043,47.460,100.000,2054144,
7.742770,SEND,2025,20.043,47.460,100.000,2054144,
7.745804,DUPACK,1985,20.043,,,2054144,
7.754547,ACK,2006,20.093,47.833,100.000,2055168,base=2007
7.755916,SEND,2026,20.093,47.833,100.000,2055168,
7.763068,ACK,2007,20.143,48.778,100.000,2056192,base=2008
7.763186,ACK,2008,20.193,49.597,100.000,2057216,base=2009
7.763239,ACK,2009,20.242,49.863,100.000,2058240,base=2010
7.764409,SEND,2027,20.242,49.863,100.000,2058240,
7.764574,SEND,2028,20.242,49.863,100.000,2058240,
7.764728,SEND,2029,20.242,49.863,100.000,2058240,
7.765876,ACK,2010,20.292,49.145,100.000,2059264,base=2011
7.766475,SEND,2030,20.292,49.145,100.000,2059264,
7.769203,ACK,2011,20.341,48.912,100.000,2060288,base=2012
7.769236,ACK,2012,20.390,48.695,100.000,2061312,base=2013
7.769259,ACK,2013,20.439,48.056,100.000,2062336,base=2014
7.769278,ACK,2014,20.488,47.475,100.000,2063360,base=2015
7.769297,ACK,2015,20.537,46.947,100.000,2064384,base=2016
7.769790,SEND,2031,20.537,46.947,100.000,2064384,
7.769921,SEND,2032,20.537,46.947,100.000,2064384,
7.770048,SEND,2033,20.537,46.947,100.000,2064384,
7.770174,SEND,2034,20.537,46.947,100.000,2064384,
7.770300,SEND,2035,20.537,46.947,100.000,2064384,
7.770379,ACK,2016,20.586,46.568,100.000,2065408,base=2017
7.772028,SEND,2036,20.586,46.568,100.000,2065408,
7.775038,ACK,2017,20.634,46.554,100.000,2066432,base=2018
7.776636,SEND,2037,20.634,46.554,100.000,2066432,
7.787511,ACK,2018,20.683,46.794,100.000,2067456,base=2019
7.787641,ACK,2020,20.731,46.943,100.000,2068480,base=2019
7.787658,NAK,2019,20.731,,,2068480,
7.787772,RETX,2019,18.427,46.943,100.000,2068480,retx#1
7.787824,ACK,2021,18.482,47.052,100.000,2069504,base=2019
7.789262,ACK,2022,18.536,47.294,100.000,2070528,base=2019
7.789372,RETX,2019,18.536,47.294,100.000,2070528,retx#2
7.789403,ACK,2023,18.590,47.284,100.000,2071552,base=2019
7.789423,ACK,2024,18.644,47.240,100.000,2072576,base=2019
7.789438,ACK,2025,18.697,47.169,100.000,2073600,base=2019
7.789646,SEND,2038,18.697,47.169,100.000,2073600,
7.789750,SEND,2039,18.697,47.169,100.000,2073600,
7.789847,SEND,2040,18.697,47.169,100.000,2073600,
7.789942,SEND,2041,18.697,47.169,100.000,2073600,
7.790029,SEND,2042,18.697,47.169,100.000,2073600,
7.798025,ACK,2026,18.751,46.535,100.000,2074624,base=2019
7.798870,SEND,2043,18.751,46.535,100.000,2074624,
7.798879,STATS,-1,18.751,46.535,100.000,2074624,base=2019 next=2044 inflight=18
7.802168,ACK,2027,18.804,45.437,100.000,2075648,base=2019
7.802455,SEND,2044,18.804,45.437,100.000,2075648,
7.808287,ACK,2028,18.857,45.221,100.000,2076672,base=2019
7.809522,SEND,2045,18.857,45.221,100.000,2076672,
7.811920,ACK,2029,18.910,45.467,100.000,2077696,base=2019
7.811938,ACK,2031,18.963,45.052,100.000,2078720,base=2019
7.811950,NAK,2030,18.963,,,2078720,
7.812037,RETX,2030,18.963,45.052,100.000,2078720,retx#1
7.813103,SEND,2046,18.963,45.052,100.000,2078720,
7.813181,SEND,2047,18.963,45.052,100.000,2078720,
7.813815,ACK,2032,19.016,44.907,100.000,2079744,base=2019
7.813831,ACK,2033,19.068,44.766,100.000,2080768,base=2019
7.813843,ACK,2034,19.121,44.629,100.000,2081792,base=2019
7.813854,ACK,2035,19.173,44.494,100.000,2082816,base=2019
7.813864,ACK,2036,19.225,44.162,100.000,2083840,base=2019
7.815851,ACK,2037,19.277,43.543,100.000,2084864,base=2019
7.828859,ACK,2019,19.329,43.543,100.000,2085888,base=2030
7.830419,DUPACK,2019,19.329,,,2085888,
7.834993,ACK,2039,19.381,43.750,100.000,2086912,base=2030
7.835087,NAK,2038,19.381,,,2086912,
7.835331,RETX,2038,19.381,43.750,100.000,2086912,retx#1
7.835400,ACK,2040,19.433,43.975,100.000,2087936,base=2030
7.835440,ACK,2041,19.484,44.164,100.000,2088960,base=2030
7.835643,RETX,2030,19.484,44.164,100.000,2088960,retx#2
7.835703,ACK,2042,19.535,44.352,100.000,2089984,base=2030
7.837717,ACK,2043,19.587,43.662,100.000,2091008,base=2030
7.854339,ACK,2044,19.638,44.686,100.000,2092032,base=2030
7.854439,ACK,2045,19.689,44.714,100.000,2093056,base=2030
7.854502,ACK,2030,19.739,44.714,100.000,2094080,base=2038
7.854556,ACK,2046,19.790,44.305,100.000,2095104,base=2038
7.854609,ACK,2047,19.841,43.945,100.000,2096128,base=2038
7.885955,ACK,2038,19.891,43.945,100.000,2097152,base=2048
7.887303,FIN,2048,,,,2097152,attempt 1
7.891245,DUPACK,2030,19.891,,,2097152,
7.925321,ACK,-1,19.891,,,2097152,FIN acked
