t,event,seq,cwnd,srtt_ms,rto_ms,bytes_acked,info
0.628867,BUFFER,0,,,,0,held=1
0.628892,DELIVER,0,,,,1024,
0.637821,BUFFER,1,,,,1024,held=1
0.637829,DELIVER,1,,,,2048,
0.637930,BUFFER,2,,,,2048,held=1
0.637934,DELIVER,2,,,,3072,
0.638026,BUFFER,3,,,,3072,held=1
0.638028,DELIVER,3,,,,4096,
0.684952,BUFFER,4,,,,4096,held=1
0.684966,DELIVER,4,,,,5120,
0.685100,BUFFER,5,,,,5120,held=1
0.685104,DELIVER,5,,,,6144,
0.685228,BUFFER,6,,,,6144,held=1
0.685231,DELIVER,6,,,,7168,
0.691248,BUFFER,7,,,,7168,held=1
0.691252,DELIVER,7,,,,8192,
0.738618,BUFFER,8,,,,8192,held=1
0.738631,DELIVER,8,,,,9216,
0.738767,BUFFER,9,,,,9216,held=1
0.738771,DELIVER,9,,,,10240,
0.738900,BUFFER,10,,,,10240,held=1
0.738905,DELIVER,10,,,,11264,
0.739030,BUFFER,11,,,,11264,held=1
0.739034,DELIVER,11,,,,12288,
0.739158,BUFFER,12,,,,12288,held=1
0.739162,DELIVER,12,,,,13312,
0.781204,BUFFER,13,,,,13312,held=1
0.781218,DELIVER,13,,,,14336,
0.781370,BUFFER,14,,,,14336,held=1
0.781375,DELIVER,14,,,,15360,
0.781521,BUFFER,15,,,,15360,held=1
0.781525,DELIVER,15,,,,16384,
0.786195,BUFFER,16,,,,16384,held=1
0.786206,DELIVER,16,,,,17408,
0.786571,BUFFER,18,,,,17408,held=1
0.786590,NAK,17,,,,17408,
0.816050,BUFFER,19,,,,17408,held=2
0.821858,BUFFER,20,,,,17408,held=3
0.830087,DUP,14,,,,17408,
0.830337,BUFFER,21,,,,17408,held=4
0.837355,BUFFER,22,,,,17408,held=5
0.837373,NAK,17,,,,17408,
0.856491,BUFFER,23,,,,17408,held=6
0.860070,BUFFER,24,,,,17408,held=7
0.875692,BUFFER,25,,,,17408,held=8
0.877554,BUFFER,26,,,,17408,held=9
0.881728,BUFFER,17,,,,17408,held=10
0.881759,DELIVER,17,,,,18432,
0.881765,DELIVER,18,,,,19456,
0.881771,DELIVER,19,,,,20480,
0.881776,DELIVER,20,,,,21504,
0.881780,DELIVER,21,,,,22528,
0.881789,DELIVER,22,,,,23552,
0.881794,DELIVER,23,,,,24576,
0.881798,DELIVER,24,,,,25600,
0.881802,DELIVER,25,,,,26624,
0.881807,DELIVER,26,,,,27648,
0.882073,BUFFER,28,,,,27648,held=1
0.882097,NAK,27,,,,27648,
0.907265,DUP,17,,,,27648,
0.908168,BUFFER,29,,,,27648,held=2
0.908555,BUFFER,30,,,,27648,held=3
0.919114,BUFFER,31,,,,27648,held=4
0.920415,BUFFER,27,,,,27648,held=5
0.920442,DELIVER,27,,,,28672,
0.920448,DELIVER,28,,,,29696,
0.920453,DELIVER,29,,,,30720,
0.920458,DELIVER,30,,,,31744,
0.920463,DELIVER,31,,,,32768,
0.929956,BUFFER,32,,,,32768,held=1
0.930210,DELIVER,32,,,,33792,
0.930718,BUFFER,33,,,,33792,held=1
0.930734,DELIVER,33,,,,34816,
0.931001,BUFFER,34,,,,34816,held=1
0.931026,DELIVER,34,,,,35840,
0.959654,BUFFER,35,,,,35840,held=1
0.959687,DELIVER,35,,,,36864,
0.959998,DUP,27,,,,36864,
0.960204,BUFFER,36,,,,36864,held=1
0.960213,DELIVER,36,,,,37888,
0.967202,BUFFER,37,,,,37888,held=1
0.967228,DELIVER,37,,,,38912,
0.967593,BUFFER,38,,,,38912,held=1
0.967605,DELIVER,38,,,,39936,
0.969648,BUFFER,39,,,,39936,held=1
0.969671,DELIVER,39,,,,40960,
0.973316,BUFFER,40,,,,40960,held=1
0.973379,DELIVER,40,,,,41984,
0.973954,BUFFER,41,,,,41984,held=1
0.973969,DELIVER,41,,,,43008,
1.018088,BUFFER,42,,,,43008,held=1
1.018096,DELIVER,42,,,,44032,
1.018291,BUFFER,43,,,,44032,held=1
1.018296,DELIVER,43,,,,45056,
1.018479,BUFFER,44,,,,45056,held=1
1.018486,DELIVER,44,,,,46080,
1.023512,BUFFER,46,,,,46080,held=1
1.023524,NAK,45,,,,46080,
1.023707,DUP,38,,,,46080,
1.023882,BUFFER,47,,,,46080,held=2
1.074929,NAK,45,,,,46080,
1.081975,BUFFER,45,,,,46080,held=3
1.081984,DELIVER,45,,,,47104,
1.081987,DELIVER,46,,,,48128,
1.081991,DELIVER,47,,,,49152,
1.082134,BUFFER,48,,,,49152,held=1
1.082142,DELIVER,48,,,,50176,
1.084787,BUFFER,49,,,,50176,held=1
1.084795,DELIVER,49,,,,51200,
1.084957,BUFFER,50,,,,51200,held=1
1.084962,DELIVER,50,,,,52224,
1.085103,BUFFER,51,,,,52224,held=1
1.085107,DELIVER,51,,,,53248,
1.085246,BUFFER,52,,,,53248,held=1
1.085249,DELIVER,52,,,,54272,
1.085390,BUFFER,53,,,,54272,held=1
1.085394,DELIVER,53,,,,55296,
1.131821,DUP,47,,,,55296,
1.133097,DUP,45,,,,55296,
1.136599,DUP,47,,,,55296,
1.136745,BUFFER,54,,,,55296,held=1
1.136753,DELIVER,54,,,,56320,
1.136934,BUFFER,55,,,,56320,held=1
1.136944,DELIVER,55,,,,57344,
1.137096,BUFFER,56,,,,57344,held=1
1.137101,DELIVER,56,,,,58368,
1.138838,BUFFER,57,,,,58368,held=1
1.138843,DELIVER,57,,,,59392,
1.138995,BUFFER,58,,,,59392,held=1
1.139000,DELIVER,58,,,,60416,
1.139138,BUFFER,59,,,,60416,held=1
1.139142,DELIVER,59,,,,61440,
1.139281,BUFFER,60,,,,61440,held=1
1.139285,DELIVER,60,,,,62464,
1.190090,BUFFER,62,,,,62464,held=1
1.190128,NAK,61,,,,62464,
1.190376,BUFFER,63,,,,62464,held=2
1.190655,BUFFER,64,,,,62464,held=3
1.191066,BUFFER,65,,,,62464,held=4
1.198040,BUFFER,66,,,,62464,held=5
1.198262,BUFFER,67,,,,62464,held=6
1.198609,BUFFER,68,,,,62464,held=7
1.198836,BUFFER,69,,,,62464,held=8
1.239413,BUFFER,61,,,,62464,held=9
1.239442,DELIVER,61,,,,63488,
1.239449,DELIVER,62,,,,64512,
1.239454,DELIVER,63,,,,65536,
1.239471,DELIVER,64,,,,66560,
1.239480,DELIVER,65,,,,67584,
1.239485,DELIVER,66,,,,68608,
1.239489,DELIVER,67,,,,69632,
1.239494,DELIVER,68,,,,70656,
1.239499,DELIVER,69,,,,71680,
1.239710,DUP,61,,,,71680,
1.239967,BUFFER,70,,,,71680,held=1
1.239980,DELIVER,70,,,,72704,
1.240194,BUFFER,71,,,,72704,held=1
1.240201,DELIVER,71,,,,73728,
1.243087,BUFFER,72,,,,73728,held=1
1.243119,DELIVER,72,,,,74752,
1.244906,BUFFER,73,,,,74752,held=1
1.245064,DELIVER,73,,,,75776,
1.245878,BUFFER,74,,,,75776,held=1
1.245919,DELIVER,74,,,,76800,
1.246360,BUFFER,75,,,,76800,held=1
1.246378,DELIVER,75,,,,77824,
1.283174,BUFFER,76,,,,77824,held=1
1.283260,DELIVER,76,,,,78848,
1.283513,BUFFER,77,,,,78848,held=1
1.283521,DELIVER,77,,,,79872,
1.283860,BUFFER,78,,,,79872,held=1
1.283876,DELIVER,78,,,,80896,
1.288951,BUFFER,79,,,,80896,held=1
1.288961,DELIVER,79,,,,81920,
1.289291,DUP,68,,,,81920,
1.289575,BUFFER,80,,,,81920,held=1
1.289595,DELIVER,80,,,,82944,
1.298570,BUFFER,82,,,,82944,held=1
1.298613,NAK,81,,,,82944,
1.344649,BUFFER,83,,,,82944,held=2
1.345059,BUFFER,84,,,,82944,held=3
1.345676,BUFFER,85,,,,82944,held=4
1.346142,BUFFER,86,,,,82944,held=5
1.346968,BUFFER,87,,,,82944,held=6
1.347301,BUFFER,88,,,,82944,held=7
1.347754,BUFFER,81,,,,82944,held=8
1.347772,DELIVER,81,,,,83968,
1.347779,DELIVER,82,,,,84992,
1.347784,DELIVER,83,,,,86016,
1.347789,DELIVER,84,,,,87040,
1.347793,DELIVER,85,,,,88064,
1.347798,DELIVER,86,,,,89088,
1.347802,DELIVER,87,,,,90112,
1.347807,DELIVER,88,,,,91136,
1.348086,DUP,75,,,,91136,
1.396647,DUP,75,,,,91136,
1.397328,BUFFER,89,,,,91136,held=1
1.397352,DELIVER,89,,,,92160,
1.397706,DUP,77,,,,92160,
1.397981,BUFFER,90,,,,92160,held=1
1.398310,DELIVER,90,,,,93184,
1.399170,BUFFER,91,,,,93184,held=1
1.399186,DELIVER,91,,,,94208,
1.400462,BUFFER,92,,,,94208,held=1
1.400575,DELIVER,92,,,,95232,
1.400907,BUFFER,93,,,,95232,held=1
1.400921,DELIVER,93,,,,96256,
1.402109,BUFFER,94,,,,96256,held=1
1.402131,DELIVER,94,,,,97280,
1.402361,BUFFER,95,,,,97280,held=1
1.402370,DELIVER,95,,,,98304,
1.402615,BUFFER,96,,,,98304,held=1
1.402643,DELIVER,96,,,,99328,
1.454483,BUFFER,98,,,,99328,held=1
1.454525,NAK,97,,,,99328,
1.454786,BUFFER,99,,,,99328,held=2
1.455024,BUFFER,100,,,,99328,held=3
1.456466,BUFFER,101,,,,99328,held=4
1.456761,BUFFER,102,,,,99328,held=5
1.457214,BUFFER,103,,,,99328,held=6
1.457529,BUFFER,104,,,,99328,held=7
1.457878,BUFFER,105,,,,99328,held=8
1.458193,BUFFER,106,,,,99328,held=9
1.509419,BUFFER,107,,,,99328,held=10
1.509458,NAK,97,,,,99328,
1.509750,BUFFER,97,,,,99328,held=11
1.509763,DELIVER,97,,,,100352,
1.509769,DELIVER,98,,,,101376,
1.509774,DELIVER,99,,,,102400,
1.509779,DELIVER,100,,,,103424,
1.509783,DELIVER,101,,,,104448,
1.509788,DELIVER,102,,,,105472,
1.509792,DELIVER,103,,,,106496,
1.509797,DELIVER,104,,,,107520,
1.509802,DELIVER,105,,,,108544,
1.509806,DELIVER,106,,,,109568,
1.509811,DELIVER,107,,,,110592,
1.510326,DUP,97,,,,110592,
1.510657,BUFFER,108,,,,110592,held=1
1.510679,DELIVER,108,,,,111616,
1.510993,BUFFER,109,,,,111616,held=1
1.511008,DELIVER,109,,,,112640,
1.511318,BUFFER,110,,,,112640,held=1
1.511330,DELIVER,110,,,,113664,
1.511605,BUFFER,111,,,,113664,held=1
1.511615,DELIVER,111,,,,114688,
1.511865,BUFFER,112,,,,114688,held=1
1.511908,DELIVER,112,,,,115712,
1.512201,BUFFER,114,,,,115712,held=1
1.512223,NAK,113,,,,115712,
1.512457,BUFFER,115,,,,115712,held=2
1.560960,BUFFER,116,,,,115712,held=3
1.561468,DUP,97,,,,115712,
1.561813,BUFFER,113,,,,115712,held=4
1.561830,DELIVER,113,,,,116736,
1.561839,DELIVER,114,,,,117760,
1.561845,DELIVER,115,,,,118784,
1.561851,DELIVER,116,,,,119808,
1.562264,BUFFER,117,,,,119808,held=1
1.562283,DELIVER,117,,,,120832,
1.563690,BUFFER,118,,,,120832,held=1
1.563854,DELIVER,118,,,,121856,
1.564314,BUFFER,119,,,,121856,held=1
1.564327,DELIVER,119,,,,122880,
1.564551,BUFFER,120,,,,122880,held=1
1.564586,DELIVER,120,,,,123904,
1.564917,BUFFER,121,,,,123904,held=1
1.564929,DELIVER,121,,,,124928,
1.565315,BUFFER,122,,,,124928,held=1
1.565418,DELIVER,122,,,,125952,
1.566483,BUFFER,123,,,,125952,held=1
1.566499,DELIVER,123,,,,126976,
1.610948,DUP,113,,,,126976,
1.611204,BUFFER,126,,,,126976,held=1
1.611223,NAK,124,,,,126976,
1.611238,NAK,125,,,,126976,
1.611719,BUFFER,127,,,,126976,held=2
1.616905,BUFFER,128,,,,126976,held=3
1.617227,BUFFER,129,,,,126976,held=4
1.617461,BUFFER,130,,,,126976,held=5
1.617700,BUFFER,131,,,,126976,held=6
1.618214,BUFFER,132,,,,126976,held=7
1.618420,BUFFER,133,,,,126976,held=8
1.660329,BUFFER,134,,,,126976,held=9
1.660616,BUFFER,135,,,,126976,held=10
1.660852,BUFFER,124,,,,126976,held=11
1.660865,DELIVER,124,,,,128000,
1.661149,BUFFER,125,,,,128000,held=11
1.661167,DELIVER,125,,,,129024,
1.661174,DELIVER,126,,,,130048,
1.661179,DELIVER,127,,,,131072,
1.661393,DELIVER,128,,,,132096,
1.661400,DELIVER,129,,,,133120,
1.661407,DELIVER,130,,,,134144,
1.661412,DELIVER,131,,,,135168,
1.661416,DELIVER,132,,,,136192,
1.661421,DELIVER,133,,,,137216,
1.661425,DELIVER,134,,,,138240,
1.661429,DELIVER,135,,,,139264,
1.668182,DUP,124,,,,139264,
1.668589,BUFFER,136,,,,139264,held=1
1.668609,DELIVER,136,,,,140288,
1.668865,BUFFER,137,,,,140288,held=1
1.668874,DELIVER,137,,,,141312,
1.669105,BUFFER,138,,,,141312,held=1
1.669115,DELIVER,138,,,,142336,
1.669337,BUFFER,140,,,,142336,held=1
1.669355,NAK,139,,,,142336,
1.669602,BUFFER,141,,,,142336,held=2
1.698226,BUFFER,142,,,,142336,held=3
1.717853,BUFFER,143,,,,142336,held=4
1.718092,BUFFER,144,,,,142336,held=5
1.718295,BUFFER,145,,,,142336,held=6
1.718519,BUFFER,146,,,,142336,held=7
1.718726,DUP,125,,,,142336,
1.719029,BUFFER,139,,,,142336,held=8
1.719047,DELIVER,139,,,,143360,
1.719054,DELIVER,140,,,,144384,
1.719059,DELIVER,141,,,,145408,
1.719064,DELIVER,142,,,,146432,
1.719069,DELIVER,143,,,,147456,
1.719073,DELIVER,144,,,,148480,
1.719078,DELIVER,145,,,,149504,
1.719082,DELIVER,146,,,,150528,
1.719324,BUFFER,147,,,,150528,held=1
1.719332,DELIVER,147,,,,151552,
1.724304,BUFFER,148,,,,151552,held=1
1.724333,DELIVER,148,,,,152576,
1.724599,BUFFER,149,,,,152576,held=1
1.724609,DELIVER,149,,,,153600,
1.724819,BUFFER,150,,,,153600,held=1
1.724827,DELIVER,150,,,,154624,
1.733116,BUFFER,151,,,,154624,held=1
1.733148,DELIVER,151,,,,155648,
1.764630,BUFFER,152,,,,155648,held=1
1.764657,DELIVER,152,,,,156672,
1.773754,BUFFER,153,,,,156672,held=1
1.773784,DELIVER,153,,,,157696,
1.774087,BUFFER,154,,,,157696,held=1
1.774100,DELIVER,154,,,,158720,
1.774361,BUFFER,155,,,,158720,held=1
1.774371,DELIVER,155,,,,159744,
1.774602,BUFFER,156,,,,159744,held=1
1.774610,DELIVER,156,,,,160768,
1.774839,BUFFER,157,,,,160768,held=1
1.774851,DELIVER,157,,,,161792,
1.775123,BUFFER,158,,,,161792,held=1
1.775135,DELIVER,158,,,,162816,
1.775483,BUFFER,159,,,,162816,held=1
1.775496,DELIVER,159,,,,163840,
1.775804,BUFFER,160,,,,163840,held=1
1.775814,DELIVER,160,,,,164864,
1.777989,BUFFER,161,,,,164864,held=1
1.778021,DELIVER,161,,,,165888,
1.778354,BUFFER,162,,,,165888,held=1
1.778367,DELIVER,162,,,,166912,
1.784255,BUFFER,163,,,,166912,held=1
1.784279,DELIVER,163,,,,167936,
1.818964,BUFFER,165,,,,167936,held=1
1.819000,NAK,164,,,,167936,
1.824511,BUFFER,166,,,,167936,held=2
1.824846,BUFFER,167,,,,167936,held=3
1.825115,BUFFER,168,,,,167936,held=4
1.825536,BUFFER,169,,,,167936,held=5
1.831184,BUFFER,170,,,,167936,held=6
1.831455,BUFFER,171,,,,167936,held=7
1.831836,BUFFER,172,,,,167936,held=8
1.832302,BUFFER,173,,,,167936,held=9
1.832547,BUFFER,174,,,,167936,held=10
1.832849,BUFFER,175,,,,167936,held=11
1.836110,BUFFER,176,,,,167936,held=12
1.871625,BUFFER,164,,,,167936,held=13
1.871647,DELIVER,164,,,,168960,
1.871655,DELIVER,165,,,,169984,
1.871660,DELIVER,166,,,,171008,
1.871665,DELIVER,167,,,,172032,
1.871669,DELIVER,168,,,,173056,
1.871673,DELIVER,169,,,,174080,
1.871677,DELIVER,170,,,,175104,
1.871682,DELIVER,171,,,,176128,
1.871686,DELIVER,172,,,,177152,
1.871690,DELIVER,173,,,,178176,
1.871695,DELIVER,174,,,,179200,
1.871699,DELIVER,175,,,,180224,
1.871704,DELIVER,176,,,,181248,
1.871970,DUP,164,,,,181248,
1.872226,BUFFER,177,,,,181248,held=1
1.872236,DELIVER,177,,,,182272,
1.872483,BUFFER,178,,,,182272,held=1
1.872491,DELIVER,178,,,,183296,
1.874175,BUFFER,179,,,,183296,held=1
1.874183,DELIVER,179,,,,184320,
1.874389,BUFFER,180,,,,184320,held=1
1.874396,DELIVER,180,,,,185344,
1.879055,BUFFER,181,,,,185344,held=1
1.879072,DELIVER,181,,,,186368,
1.879298,BUFFER,182,,,,186368,held=1
1.879305,DELIVER,182,,,,187392,
1.880053,BUFFER,183,,,,187392,held=1
1.880062,DELIVER,183,,,,188416,
1.883651,BUFFER,184,,,,188416,held=1
1.883675,DELIVER,184,,,,189440,
1.883896,BUFFER,185,,,,189440,held=1
1.883906,DELIVER,185,,,,190464,
1.885741,BUFFER,186,,,,190464,held=1
1.885748,DELIVER,186,,,,191488,
1.918772,BUFFER,188,,,,191488,held=1
1.918807,NAK,187,,,,191488,
1.919068,BUFFER,189,,,,191488,held=2
1.924186,DUP,173,,,,191488,
1.924540,BUFFER,190,,,,191488,held=3
1.924819,BUFFER,191,,,,191488,held=4
1.925158,BUFFER,192,,,,191488,held=5
1.925677,BUFFER,193,,,,191488,held=6
1.925931,BUFFER,194,,,,191488,held=7
1.932654,BUFFER,195,,,,191488,held=8
1.932927,BUFFER,196,,,,191488,held=9
1.933171,BUFFER,197,,,,191488,held=10
1.965850,BUFFER,198,,,,191488,held=11
1.966207,BUFFER,199,,,,191488,held=12
1.974181,BUFFER,200,,,,191488,held=13
1.974221,NAK,187,,,,191488,
1.974501,BUFFER,201,,,,191488,held=14
1.974784,BUFFER,202,,,,191488,held=15
1.975077,DUP,181,,,,191488,
1.979759,BUFFER,203,,,,191488,held=16
1.980038,BUFFER,204,,,,191488,held=17
1.989141,BUFFER,205,,,,191488,held=18
1.989331,BUFFER,206,,,,191488,held=19
2.003380,BUFFER,207,,,,191488,held=20
2.023059,DUP,191,,,,191488,already buffered
2.023287,BUFFER,187,,,,191488,held=21
2.023301,DELIVER,187,,,,192512,
2.023307,DELIVER,188,,,,193536,
2.023311,DELIVER,189,,,,194560,
2.023315,DELIVER,190,,,,195584,
2.023318,DELIVER,191,,,,196608,
2.023322,DELIVER,192,,,,197632,
2.023325,DELIVER,193,,,,198656,
2.023329,DELIVER,194,,,,199680,
2.023332,DELIVER,195,,,,200704,
2.023336,DELIVER,196,,,,201728,
2.023340,DELIVER,197,,,,202752,
2.023344,DELIVER,198,,,,203776,
2.023347,DELIVER,199,,,,204800,
2.023351,DELIVER,200,,,,205824,
2.023354,DELIVER,201,,,,206848,
2.023358,DELIVER,202,,,,207872,
2.023361,DELIVER,203,,,,208896,
2.023365,DELIVER,204,,,,209920,
2.023369,DELIVER,205,,,,210944,
2.023372,DELIVER,206,,,,211968,
2.023376,DELIVER,207,,,,212992,
2.023552,BUFFER,209,,,,212992,held=1
2.023564,NAK,208,,,,212992,
2.023732,BUFFER,210,,,,212992,held=2
2.023897,BUFFER,211,,,,212992,held=3
2.024060,BUFFER,212,,,,212992,held=4
2.024225,BUFFER,213,,,,212992,held=5
2.024387,BUFFER,214,,,,212992,held=6
2.024547,BUFFER,215,,,,212992,held=7
2.032305,DUP,187,,,,212992,
2.033565,BUFFER,216,,,,212992,held=8
2.034186,BUFFER,217,,,,212992,held=9
2.048881,BUFFER,218,,,,212992,held=10
2.070824,BUFFER,208,,,,212992,held=11
2.070868,DELIVER,208,,,,214016,
2.070876,DELIVER,209,,,,215040,
2.070883,DELIVER,210,,,,216064,
2.070889,DELIVER,211,,,,217088,
2.070895,DELIVER,212,,,,218112,
2.070904,DELIVER,213,,,,219136,
2.070910,DELIVER,214,,,,220160,
2.070915,DELIVER,215,,,,221184,
2.070921,DELIVER,216,,,,222208,
2.070927,DELIVER,217,,,,223232,
2.070935,DELIVER,218,,,,224256,
2.071303,BUFFER,219,,,,224256,held=1
2.071319,DELIVER,219,,,,225280,
2.071612,BUFFER,220,,,,225280,held=1
2.071626,DELIVER,220,,,,226304,
2.071907,BUFFER,221,,,,226304,held=1
2.071916,DELIVER,221,,,,227328,
2.072196,DUP,208,,,,227328,
2.072467,BUFFER,222,,,,227328,held=1
2.072480,DELIVER,222,,,,228352,
2.074893,BUFFER,223,,,,228352,held=1
2.074916,DELIVER,223,,,,229376,
2.076942,BUFFER,224,,,,229376,held=1
2.076995,DELIVER,224,,,,230400,
2.077311,BUFFER,225,,,,230400,held=1
2.077322,DELIVER,225,,,,231424,
2.077608,BUFFER,226,,,,231424,held=1
2.077624,DELIVER,226,,,,232448,
2.078039,BUFFER,227,,,,232448,held=1
2.078054,DELIVER,227,,,,233472,
2.080806,BUFFER,228,,,,233472,held=1
2.080830,DELIVER,228,,,,234496,
2.101746,BUFFER,229,,,,234496,held=1
2.101779,DELIVER,229,,,,235520,
2.119618,BUFFER,230,,,,235520,held=1
2.119651,DELIVER,230,,,,236544,
2.119953,BUFFER,231,,,,236544,held=1
2.119962,DELIVER,231,,,,237568,
2.121970,BUFFER,232,,,,237568,held=1
2.121998,DELIVER,232,,,,238592,
2.128633,BUFFER,233,,,,238592,held=1
2.128665,DELIVER,233,,,,239616,
2.129091,BUFFER,234,,,,239616,held=1
2.129111,DELIVER,234,,,,240640,
2.129727,BUFFER,235,,,,240640,held=1
2.129744,DELIVER,235,,,,241664,
2.130021,BUFFER,236,,,,241664,held=1
2.130030,DELIVER,236,,,,242688,
2.130376,BUFFER,237,,,,242688,held=1
2.130389,DELIVER,237,,,,243712,
2.131616,BUFFER,238,,,,243712,held=1
2.131636,DELIVER,238,,,,244736,
2.132460,BUFFER,239,,,,244736,held=1
2.132488,DELIVER,239,,,,245760,
2.132908,BUFFER,240,,,,245760,held=1
2.132933,DELIVER,240,,,,246784,
2.133178,BUFFER,241,,,,246784,held=1
2.133186,DELIVER,241,,,,247808,
2.972445,BUFFER,245,,,,247808,held=1
2.972491,NAK,242,,,,247808,
2.972519,NAK,243,,,,247808,
2.972538,NAK,244,,,,247808,
3.013311,BUFFER,242,,,,247808,held=2
3.013344,DELIVER,242,,,,248832,
3.022718,BUFFER,243,,,,248832,held=2
3.022771,DELIVER,243,,,,249856,
3.022811,NAK,244,,,,249856,
3.023382,BUFFER,244,,,,249856,held=2
3.023405,DELIVER,244,,,,250880,
3.023417,DELIVER,245,,,,251904,
3.057046,BUFFER,256,,,,251904,held=1
3.057110,NAK,246,,,,251904,
3.057141,NAK,247,,,,251904,
3.057168,NAK,248,,,,251904,
3.057195,NAK,249,,,,251904,
3.057220,NAK,250,,,,251904,
3.057249,NAK,251,,,,251904,
3.057274,NAK,252,,,,251904,
3.057300,NAK,253,,,,251904,
3.057326,NAK,254,,,,251904,
3.057351,NAK,255,,,,251904,
3.065378,BUFFER,257,,,,251904,held=2
3.072091,DUP,244,,,,251904,
3.072388,BUFFER,258,,,,251904,held=3
3.096959,BUFFER,246,,,,251904,held=4
3.096979,DELIVER,246,,,,252928,
3.107021,BUFFER,247,,,,252928,held=4
3.107044,DELIVER,247,,,,253952,
3.107062,NAK,248,,,,253952,
3.107076,NAK,249,,,,253952,
3.107089,NAK,250,,,,253952,
3.107102,NAK,251,,,,253952,
3.107114,NAK,252,,,,253952,
3.107126,NAK,253,,,,253952,
3.107138,NAK,254,,,,253952,
3.107150,NAK,255,,,,253952,
3.107400,BUFFER,248,,,,253952,held=4
3.107408,DELIVER,248,,,,254976,
3.107639,BUFFER,259,,,,254976,held=4
3.108092,BUFFER,249,,,,254976,held=5
3.108124,DELIVER,249,,,,256000,
3.108581,BUFFER,250,,,,256000,held=5
3.108596,DELIVER,250,,,,257024,
3.109054,BUFFER,251,,,,257024,held=5
3.109067,DELIVER,251,,,,258048,
3.109677,BUFFER,252,,,,258048,held=5
3.109742,DELIVER,252,,,,259072,
3.110134,BUFFER,253,,,,259072,held=5
3.110148,DELIVER,253,,,,260096,
3.110602,BUFFER,254,,,,260096,held=5
3.110615,DELIVER,254,,,,261120,
3.111009,BUFFER,255,,,,261120,held=5
3.111021,DELIVER,255,,,,262144,
3.111336,DELIVER,256,,,,263168,
3.111354,DELIVER,257,,,,264192,
3.111362,DELIVER,258,,,,265216,
3.111370,DELIVER,259,,,,266240,
3.111937,BUFFER,260,,,,266240,held=1
3.111948,DELIVER,260,,,,267264,
3.118503,DUP,246,,,,267264,
3.119767,BUFFER,261,,,,267264,held=1
3.119803,DELIVER,261,,,,268288,
3.133022,BUFFER,262,,,,268288,held=1
3.133040,DELIVER,262,,,,269312,
3.150658,DUP,248,,,,269312,
3.158373,DUP,249,,,,269312,
3.158878,DUP,250,,,,269312,
3.159146,BUFFER,263,,,,269312,held=1
3.159158,DELIVER,263,,,,270336,
3.159880,DUP,251,,,,270336,
3.160409,DUP,252,,,,270336,
3.160958,DUP,253,,,,270336,
3.161325,DUP,254,,,,270336,
3.161566,DUP,255,,,,270336,
3.162478,DUP,253,,,,270336,
3.162763,BUFFER,264,,,,270336,held=1
3.162776,DELIVER,264,,,,271360,
3.163085,BUFFER,265,,,,271360,held=1
3.163096,DELIVER,265,,,,272384,
3.163417,BUFFER,266,,,,272384,held=1
3.163436,DELIVER,266,,,,273408,
3.163792,BUFFER,267,,,,273408,held=1
3.163808,DELIVER,267,,,,274432,
3.164051,BUFFER,268,,,,274432,held=1
3.164058,DELIVER,268,,,,275456,
3.164288,BUFFER,269,,,,275456,held=1
3.164294,DELIVER,269,,,,276480,
3.164510,BUFFER,270,,,,276480,held=1
3.164516,DELIVER,270,,,,277504,
3.164761,BUFFER,271,,,,277504,held=1
3.164768,DELIVER,271,,,,278528,
3.164986,BUFFER,272,,,,278528,held=1
3.164991,DELIVER,272,,,,279552,
3.165252,BUFFER,273,,,,279552,held=1
3.165268,DELIVER,273,,,,280576,
3.172562,BUFFER,274,,,,280576,held=1
3.172582,DELIVER,274,,,,281600,
3.185631,BUFFER,275,,,,281600,held=1
3.185652,DELIVER,275,,,,282624,
3.211233,BUFFER,276,,,,282624,held=1
3.211279,DELIVER,276,,,,283648,
3.212503,BUFFER,278,,,,283648,held=1
3.212551,NAK,277,,,,283648,
3.213054,BUFFER,279,,,,283648,held=2
3.213642,BUFFER,280,,,,283648,held=3
3.214153,BUFFER,281,,,,283648,held=4
3.214466,BUFFER,283,,,,283648,held=5
3.214513,NAK,282,,,,283648,
3.214771,BUFFER,284,,,,283648,held=6
3.215332,BUFFER,285,,,,283648,held=7
3.215732,BUFFER,286,,,,283648,held=8
3.215968,BUFFER,287,,,,283648,held=9
3.216218,BUFFER,288,,,,283648,held=10
3.216461,BUFFER,289,,,,283648,held=11
3.226437,BUFFER,290,,,,283648,held=12
3.255976,BUFFER,277,,,,283648,held=13
3.256001,DELIVER,277,,,,284672,
3.256007,DELIVER,278,,,,285696,
3.256013,DELIVER,279,,,,286720,
3.256018,DELIVER,280,,,,287744,
3.256022,DELIVER,281,,,,288768,
3.264393,DUP,277,,,,288768,
3.264689,BUFFER,282,,,,288768,held=9
3.264726,DELIVER,282,,,,289792,
3.264733,DELIVER,283,,,,290816,
3.264744,DELIVER,284,,,,291840,
3.264750,DELIVER,285,,,,292864,
3.264756,DELIVER,286,,,,293888,
3.264762,DELIVER,287,,,,294912,
3.264767,DELIVER,288,,,,295936,
3.264773,DELIVER,289,,,,296960,
3.264779,DELIVER,290,,,,297984,
3.265086,BUFFER,292,,,,297984,held=1
3.265115,NAK,291,,,,297984,
3.265433,BUFFER,293,,,,297984,held=2
3.265709,BUFFER,294,,,,297984,held=3
3.265943,BUFFER,295,,,,297984,held=4
3.266197,BUFFER,296,,,,297984,held=5
3.267273,BUFFER,297,,,,297984,held=6
3.267519,BUFFER,298,,,,297984,held=7
3.267751,BUFFER,299,,,,297984,held=8
3.268928,BUFFER,300,,,,297984,held=9
3.269182,BUFFER,301,,,,297984,held=10
3.269434,BUFFER,302,,,,297984,held=11
3.309765,BUFFER,303,,,,297984,held=12
3.318091,BUFFER,291,,,,297984,held=13
3.318125,DELIVER,291,,,,299008,
3.318132,DELIVER,292,,,,300032,
3.318138,DELIVER,293,,,,301056,
3.318143,DELIVER,294,,,,302080,
3.318148,DELIVER,295,,,,303104,
3.318155,DELIVER,296,,,,304128,
3.318159,DELIVER,297,,,,305152,
3.318164,DELIVER,298,,,,306176,
3.318169,DELIVER,299,,,,307200,
3.318173,DELIVER,300,,,,308224,
3.318178,DELIVER,301,,,,309248,
3.318183,DELIVER,302,,,,310272,
3.318188,DELIVER,303,,,,311296,
3.318498,BUFFER,304,,,,311296,held=1
3.318509,DELIVER,304,,,,312320,
3.318736,DUP,291,,,,312320,
3.318955,BUFFER,305,,,,312320,held=1
3.318964,DELIVER,305,,,,313344,
3.319161,BUFFER,306,,,,313344,held=1
3.319168,DELIVER,306,,,,314368,
3.319413,BUFFER,307,,,,314368,held=1
3.319427,DELIVER,307,,,,315392,
3.319655,BUFFER,308,,,,315392,held=1
3.319664,DELIVER,308,,,,316416,
3.319891,BUFFER,309,,,,316416,held=1
3.319899,DELIVER,309,,,,317440,
3.321647,BUFFER,310,,,,317440,held=1
3.321675,DELIVER,310,,,,318464,
3.322110,BUFFER,311,,,,318464,held=1
3.322119,DELIVER,311,,,,319488,
3.322404,BUFFER,312,,,,319488,held=1
3.322411,DELIVER,312,,,,320512,
3.322625,BUFFER,313,,,,320512,held=1
3.322632,DELIVER,313,,,,321536,
3.322848,BUFFER,314,,,,321536,held=1
3.322856,DELIVER,314,,,,322560,
3.323098,BUFFER,315,,,,322560,held=1
3.323110,DELIVER,315,,,,323584,
3.355463,BUFFER,316,,,,323584,held=1
3.355486,DELIVER,316,,,,324608,
3.358067,BUFFER,317,,,,324608,held=1
3.358093,DELIVER,317,,,,325632,
3.367418,DUP,292,,,,325632,
3.367694,DUP,292,,,,325632,
3.368456,BUFFER,318,,,,325632,held=1
3.368477,DELIVER,318,,,,326656,
3.368680,BUFFER,319,,,,326656,held=1
3.368690,DELIVER,319,,,,327680,
3.368964,BUFFER,320,,,,327680,held=1
3.368975,DELIVER,320,,,,328704,
3.369238,BUFFER,321,,,,328704,held=1
3.369250,DELIVER,321,,,,329728,
3.369798,BUFFER,322,,,,329728,held=1
3.369815,DELIVER,322,,,,330752,
3.372445,BUFFER,323,,,,330752,held=1
3.372473,DELIVER,323,,,,331776,
3.372803,BUFFER,324,,,,331776,held=1
3.372818,DELIVER,324,,,,332800,
3.373894,BUFFER,325,,,,332800,held=1
3.373910,DELIVER,325,,,,333824,
3.374218,BUFFER,326,,,,333824,held=1
3.374227,DELIVER,326,,,,334848,
3.374677,BUFFER,327,,,,334848,held=1
3.374693,DELIVER,327,,,,335872,
3.396250,BUFFER,328,,,,335872,held=1
3.396266,DELIVER,328,,,,336896,
3.396558,BUFFER,329,,,,336896,held=1
3.396565,DELIVER,329,,,,337920,
3.426544,BUFFER,330,,,,337920,held=1
3.426560,DELIVER,330,,,,338944,
3.426767,DUP,309,,,,338944,
3.427059,DUP,309,,,,338944,
3.427296,BUFFER,331,,,,338944,held=1
3.427306,DELIVER,331,,,,339968,
3.427515,BUFFER,332,,,,339968,held=1
3.427522,DELIVER,332,,,,340992,
3.427723,BUFFER,333,,,,340992,held=1
3.427730,DELIVER,333,,,,342016,
3.427970,BUFFER,334,,,,342016,held=1
3.427977,DELIVER,334,,,,343040,
3.428237,BUFFER,335,,,,343040,held=1
3.428252,DELIVER,335,,,,344064,
3.428483,BUFFER,336,,,,344064,held=1
3.428491,DELIVER,336,,,,345088,
3.428740,BUFFER,338,,,,345088,held=1
3.428756,NAK,337,,,,345088,
3.428956,BUFFER,339,,,,345088,held=2
3.449731,BUFFER,340,,,,345088,held=3
3.452779,BUFFER,341,,,,345088,held=4
3.471492,BUFFER,342,,,,345088,held=5
3.472220,DUP,318,,,,345088,
3.474417,DUP,318,,,,345088,
3.474714,BUFFER,337,,,,345088,held=6
3.474725,DELIVER,337,,,,346112,
3.474732,DELIVER,338,,,,347136,
3.474737,DELIVER,339,,,,348160,
3.474742,DELIVER,340,,,,349184,
3.474747,DELIVER,341,,,,350208,
3.474751,DELIVER,342,,,,351232,
3.474969,BUFFER,343,,,,351232,held=1
3.474976,DELIVER,343,,,,352256,
3.475194,BUFFER,344,,,,352256,held=1
3.475201,DELIVER,344,,,,353280,
3.477754,BUFFER,345,,,,353280,held=1
3.477780,DELIVER,345,,,,354304,
3.477992,BUFFER,346,,,,354304,held=1
3.478000,DELIVER,346,,,,355328,
3.478250,BUFFER,347,,,,355328,held=1
3.478278,DELIVER,347,,,,356352,
3.478538,BUFFER,348,,,,356352,held=1
3.478549,DELIVER,348,,,,357376,
3.478750,BUFFER,349,,,,357376,held=1
3.478758,DELIVER,349,,,,358400,
3.479085,DUP,319,,,,358400,
3.497920,BUFFER,350,,,,358400,held=1
3.497942,DELIVER,350,,,,359424,
3.525763,DUP,319,,,,359424,
3.526042,BUFFER,352,,,,359424,held=1
3.526064,NAK,351,,,,359424,
3.526454,BUFFER,353,,,,359424,held=2
3.526772,BUFFER,355,,,,359424,held=3
3.526834,NAK,354,,,,359424,
3.527490,BUFFER,356,,,,359424,held=4
3.527745,BUFFER,357,,,,359424,held=5
3.528355,BUFFER,358,,,,359424,held=6
3.528762,DUP,335,,,,359424,
3.529252,BUFFER,359,,,,359424,held=7
3.529655,BUFFER,360,,,,359424,held=8
3.530067,BUFFER,361,,,,359424,held=9
3.530361,BUFFER,362,,,,359424,held=10
3.530655,BUFFER,363,,,,359424,held=11
3.542943,BUFFER,364,,,,359424,held=12
3.573017,BUFFER,351,,,,359424,held=13
3.573045,DELIVER,351,,,,360448,
3.573051,DELIVER,352,,,,361472,
3.573057,DELIVER,353,,,,362496,
3.573300,DUP,335,,,,362496,
3.579298,BUFFER,354,,,,362496,held=11
3.579322,DELIVER,354,,,,363520,
3.579329,DELIVER,355,,,,364544,
3.579334,DELIVER,356,,,,365568,
3.579339,DELIVER,357,,,,366592,
3.579343,DELIVER,358,,,,367616,
3.579348,DELIVER,359,,,,368640,
3.579352,DELIVER,360,,,,369664,
3.579358,DELIVER,361,,,,370688,
3.579363,DELIVER,362,,,,371712,
3.579367,DELIVER,363,,,,372736,
3.579372,DELIVER,364,,,,373760,
3.579686,BUFFER,365,,,,373760,held=1
3.579699,DELIVER,365,,,,374784,
3.579942,BUFFER,366,,,,374784,held=1
3.579950,DELIVER,366,,,,375808,
3.580172,BUFFER,367,,,,375808,held=1
3.580179,DELIVER,367,,,,376832,
3.580402,DUP,351,,,,376832,
3.580642,BUFFER,368,,,,376832,held=1
3.580649,DELIVER,368,,,,377856,
3.580867,BUFFER,369,,,,377856,held=1
3.580874,DELIVER,369,,,,378880,
3.581094,BUFFER,370,,,,378880,held=1
3.581101,DELIVER,370,,,,379904,
3.582033,BUFFER,371,,,,379904,held=1
3.582045,DELIVER,371,,,,380928,
3.582275,BUFFER,372,,,,380928,held=1
3.582282,DELIVER,372,,,,381952,
3.582498,BUFFER,373,,,,381952,held=1
3.582505,DELIVER,373,,,,382976,
3.582706,BUFFER,374,,,,382976,held=1
3.582714,DELIVER,374,,,,384000,
3.582928,BUFFER,375,,,,384000,held=1
3.582935,DELIVER,375,,,,385024,
3.583173,BUFFER,376,,,,385024,held=1
3.583184,DELIVER,376,,,,386048,
3.622108,BUFFER,377,,,,386048,held=1
3.622147,DELIVER,377,,,,387072,
3.631324,BUFFER,378,,,,387072,held=1
3.631430,DELIVER,378,,,,388096,
3.631831,BUFFER,379,,,,388096,held=1
3.631842,DELIVER,379,,,,389120,
3.632112,BUFFER,380,,,,389120,held=1
3.632122,DELIVER,380,,,,390144,
3.632385,BUFFER,382,,,,390144,held=1
3.632404,NAK,381,,,,390144,
3.632638,BUFFER,383,,,,390144,held=2
3.632854,BUFFER,384,,,,390144,held=3
3.633107,BUFFER,385,,,,390144,held=4
3.633355,BUFFER,386,,,,390144,held=5
3.634305,BUFFER,387,,,,390144,held=6
3.634588,BUFFER,388,,,,390144,held=7
3.634822,BUFFER,389,,,,390144,held=8
3.635031,BUFFER,390,,,,390144,held=9
3.635259,BUFFER,391,,,,390144,held=10
3.670320,BUFFER,392,,,,390144,held=11
3.670864,DUP,378,,,,390144,
3.675700,BUFFER,381,,,,390144,held=12
3.675740,DELIVER,381,,,,391168,
3.675754,DELIVER,382,,,,392192,
3.675765,DELIVER,383,,,,393216,
3.675947,DELIVER,384,,,,394240,
3.675962,DELIVER,385,,,,395264,
3.675972,DELIVER,386,,,,396288,
3.675982,DELIVER,387,,,,397312,
3.675992,DELIVER,388,,,,398336,
3.676002,DELIVER,389,,,,399360,
3.676016,DELIVER,390,,,,400384,
3.676027,DELIVER,391,,,,401408,
3.676036,DELIVER,392,,,,402432,
3.679984,BUFFER,393,,,,402432,held=1
3.680026,DELIVER,393,,,,403456,
3.681241,BUFFER,394,,,,403456,held=1
3.681267,DELIVER,394,,,,404480,
3.681668,BUFFER,395,,,,404480,held=1
3.681681,DELIVER,395,,,,405504,
3.691473,BUFFER,396,,,,405504,held=1
3.691505,DELIVER,396,,,,406528,
3.692269,BUFFER,397,,,,406528,held=1
3.692289,DELIVER,397,,,,407552,
3.692591,BUFFER,398,,,,407552,held=1
3.692601,DELIVER,398,,,,408576,
3.692996,BUFFER,399,,,,408576,held=1
3.693013,DELIVER,399,,,,409600,
3.693275,BUFFER,400,,,,409600,held=1
3.693284,DELIVER,400,,,,410624,
3.693487,BUFFER,401,,,,410624,held=1
3.693494,DELIVER,401,,,,411648,
3.713290,BUFFER,403,,,,411648,held=1
3.713325,NAK,402,,,,411648,
3.713581,BUFFER,404,,,,411648,held=2
3.716423,BUFFER,405,,,,411648,held=3
3.724417,DUP,389,,,,411648,
3.725988,BUFFER,406,,,,411648,held=4
3.726375,BUFFER,407,,,,411648,held=5
3.726613,BUFFER,408,,,,411648,held=6
3.741671,BUFFER,409,,,,411648,held=7
3.742289,BUFFER,410,,,,411648,held=8
3.742764,BUFFER,411,,,,411648,held=9
3.742989,BUFFER,412,,,,411648,held=10
3.743232,BUFFER,413,,,,411648,held=11
3.743501,BUFFER,414,,,,411648,held=12
3.751650,BUFFER,402,,,,411648,held=13
3.751671,DELIVER,402,,,,412672,
3.751678,DELIVER,403,,,,413696,
3.751683,DELIVER,404,,,,414720,
3.751689,DELIVER,405,,,,415744,
3.751694,DELIVER,406,,,,416768,
3.751699,DELIVER,407,,,,417792,
3.751703,DELIVER,408,,,,418816,
3.751708,DELIVER,409,,,,419840,
3.751712,DELIVER,410,,,,420864,
3.751717,DELIVER,411,,,,421888,
3.751722,DELIVER,412,,,,422912,
3.751728,DELIVER,413,,,,423936,
3.751732,DELIVER,414,,,,424960,
3.751986,BUFFER,415,,,,424960,held=1
3.751995,DELIVER,415,,,,425984,
3.756239,BUFFER,416,,,,425984,held=1
3.756269,DELIVER,416,,,,427008,
3.758923,BUFFER,417,,,,427008,held=1
3.758952,DELIVER,417,,,,428032,
3.766938,BUFFER,418,,,,428032,held=1
3.766961,DELIVER,418,,,,429056,
3.768510,DUP,398,,,,429056,
3.779649,BUFFER,419,,,,429056,held=1
3.779690,DELIVER,419,,,,430080,
3.785160,BUFFER,420,,,,430080,held=1
3.785184,DELIVER,420,,,,431104,
3.790925,BUFFER,421,,,,431104,held=1
3.790947,DELIVER,421,,,,432128,
3.791204,BUFFER,422,,,,432128,held=1
3.791216,DELIVER,422,,,,433152,
3.791449,BUFFER,423,,,,433152,held=1
3.791459,DELIVER,423,,,,434176,
3.791750,BUFFER,424,,,,434176,held=1
3.791773,DELIVER,424,,,,435200,
3.792112,BUFFER,425,,,,435200,held=1
3.792124,DELIVER,425,,,,436224,
3.794765,BUFFER,426,,,,436224,held=1
3.795340,DELIVER,426,,,,437248,
3.795815,BUFFER,427,,,,437248,held=1
3.795828,DELIVER,427,,,,438272,
3.796150,BUFFER,428,,,,438272,held=1
3.796159,DELIVER,428,,,,439296,
3.799449,BUFFER,429,,,,439296,held=1
3.799480,DELIVER,429,,,,440320,
3.814586,BUFFER,430,,,,440320,held=1
3.814628,DELIVER,430,,,,441344,
3.818659,BUFFER,431,,,,441344,held=1
3.818681,DELIVER,431,,,,442368,
3.824867,BUFFER,432,,,,442368,held=1
3.824891,DELIVER,432,,,,443392,
3.835524,DUP,417,,,,443392,
3.835789,BUFFER,433,,,,443392,held=1
3.835803,DELIVER,433,,,,444416,
3.837366,BUFFER,434,,,,444416,held=1
3.837396,DELIVER,434,,,,445440,
3.837630,BUFFER,435,,,,445440,held=1
3.837638,DELIVER,435,,,,446464,
3.839997,BUFFER,436,,,,446464,held=1
3.840023,DELIVER,436,,,,447488,
3.840340,BUFFER,437,,,,447488,held=1
3.840356,DELIVER,437,,,,448512,
3.840947,BUFFER,438,,,,448512,held=1
3.840990,DELIVER,438,,,,449536,
3.841304,BUFFER,439,,,,449536,held=1
3.841354,DELIVER,439,,,,450560,
3.841611,BUFFER,440,,,,450560,held=1
3.841624,DELIVER,440,,,,451584,
3.842988,BUFFER,441,,,,451584,held=1
3.843009,DELIVER,441,,,,452608,
3.847892,BUFFER,442,,,,452608,held=1
3.847922,DELIVER,442,,,,453632,
3.848302,BUFFER,443,,,,453632,held=1
3.848315,DELIVER,443,,,,454656,
3.868356,BUFFER,444,,,,454656,held=1
3.868375,DELIVER,444,,,,455680,
3.868623,BUFFER,445,,,,455680,held=1
3.868632,DELIVER,445,,,,456704,
3.875932,BUFFER,446,,,,456704,held=1
3.875966,DELIVER,446,,,,457728,
3.876354,BUFFER,447,,,,457728,held=1
3.876366,DELIVER,447,,,,458752,
3.877270,BUFFER,448,,,,458752,held=1
3.877289,DELIVER,448,,,,459776,
3.881046,BUFFER,449,,,,459776,held=1
3.881081,DELIVER,449,,,,460800,
3.888766,BUFFER,450,,,,460800,held=1
3.888788,DELIVER,450,,,,461824,
3.889122,BUFFER,451,,,,461824,held=1
3.889130,DELIVER,451,,,,462848,
3.889362,BUFFER,452,,,,462848,held=1
3.889373,DELIVER,452,,,,463872,
3.892087,BUFFER,453,,,,463872,held=1
3.892116,DELIVER,453,,,,464896,
3.892530,BUFFER,454,,,,464896,held=1
3.892546,DELIVER,454,,,,465920,
3.892987,BUFFER,455,,,,465920,held=1
3.893005,DELIVER,455,,,,466944,
3.893654,BUFFER,456,,,,466944,held=1
3.893677,DELIVER,456,,,,467968,
3.894162,BUFFER,457,,,,467968,held=1
3.894174,DELIVER,457,,,,468992,
3.921309,BUFFER,459,,,,468992,held=1
3.921339,NAK,458,,,,468992,
3.921600,BUFFER,460,,,,468992,held=2
3.921984,BUFFER,461,,,,468992,held=3
3.922208,BUFFER,462,,,,468992,held=4
3.931197,BUFFER,464,,,,468992,held=5
3.931227,NAK,463,,,,468992,
3.935265,DUP,417,,,,468992,
3.942152,BUFFER,465,,,,468992,held=6
3.942498,BUFFER,466,,,,468992,held=7
3.942750,BUFFER,467,,,,468992,held=8
3.943107,BUFFER,468,,,,468992,held=9
3.943374,BUFFER,469,,,,468992,held=10
3.943612,BUFFER,470,,,,468992,held=11
3.943886,BUFFER,472,,,,468992,held=12
3.943905,NAK,471,,,,468992,
3.944141,BUFFER,473,,,,468992,held=13
3.965528,BUFFER,474,,,,468992,held=14
3.967232,BUFFER,458,,,,468992,held=15
3.967258,DELIVER,458,,,,470016,
3.967267,DELIVER,459,,,,471040,
3.967273,DELIVER,460,,,,472064,
3.967279,DELIVER,461,,,,473088,
3.967285,DELIVER,462,,,,474112,
3.969520,BUFFER,475,,,,474112,held=11
3.969880,BUFFER,476,,,,474112,held=12
3.970288,BUFFER,477,,,,474112,held=13
3.975474,BUFFER,463,,,,474112,held=14
3.975504,DELIVER,463,,,,475136,
3.975512,DELIVER,464,,,,476160,
3.975520,DELIVER,465,,,,477184,
3.975527,DELIVER,466,,,,478208,
3.975533,DELIVER,467,,,,479232,
3.975679,DELIVER,468,,,,480256,
3.975699,DELIVER,469,,,,481280,
3.975711,DELIVER,470,,,,482304,
3.976086,BUFFER,478,,,,482304,held=7
3.978025,BUFFER,479,,,,482304,held=8
3.983889,BUFFER,480,,,,482304,held=9
3.984119,DUP,458,,,,482304,
3.985555,BUFFER,481,,,,482304,held=10
3.987450,BUFFER,482,,,,482304,held=11
3.996857,BUFFER,483,,,,482304,held=12
3.996885,NAK,471,,,,482304,
3.997159,BUFFER,471,,,,482304,held=13
3.997176,DELIVER,471,,,,483328,
3.997183,DELIVER,472,,,,484352,
3.997188,DELIVER,473,,,,485376,
3.997194,DELIVER,474,,,,486400,
3.997198,DELIVER,475,,,,487424,
3.997203,DELIVER,476,,,,488448,
3.997209,DELIVER,477,,,,489472,
3.997214,DELIVER,478,,,,490496,
3.997218,DELIVER,479,,,,491520,
3.997223,DELIVER,480,,,,492544,
3.997228,DELIVER,481,,,,493568,
3.997232,DELIVER,482,,,,494592,
3.997236,DELIVER,483,,,,495616,
3.997475,BUFFER,484,,,,495616,held=1
3.997484,DELIVER,484,,,,496640,
3.998024,BUFFER,485,,,,496640,held=1
3.998041,DELIVER,485,,,,497664,
4.010660,BUFFER,486,,,,497664,held=1
4.010689,DELIVER,486,,,,498688,
4.011728,BUFFER,487,,,,498688,held=1
4.011747,DELIVER,487,,,,499712,
4.017399,BUFFER,488,,,,499712,held=1
4.017438,DELIVER,488,,,,500736,
4.017696,BUFFER,489,,,,500736,held=1
4.017714,DELIVER,489,,,,501760,
4.019944,BUFFER,490,,,,501760,held=1
4.019969,DELIVER,490,,,,502784,
4.020331,DUP,463,,,,502784,
4.023617,BUFFER,491,,,,502784,held=1
4.023725,DELIVER,491,,,,503808,
4.024007,BUFFER,492,,,,503808,held=1
4.024020,DELIVER,492,,,,504832,
4.027905,BUFFER,493,,,,504832,held=1
4.027934,DELIVER,493,,,,505856,
4.028360,BUFFER,494,,,,505856,held=1
4.028375,DELIVER,494,,,,506880,
4.029605,BUFFER,495,,,,506880,held=1
4.029624,DELIVER,495,,,,507904,
4.029907,BUFFER,496,,,,507904,held=1
4.029915,DELIVER,496,,,,508928,
4.040940,BUFFER,497,,,,508928,held=1
4.040962,DELIVER,497,,,,509952,
4.041293,BUFFER,498,,,,509952,held=1
4.041307,DELIVER,498,,,,510976,
4.047252,BUFFER,499,,,,510976,held=1
4.047514,DELIVER,499,,,,512000,
4.048316,BUFFER,500,,,,512000,held=1
4.048332,DELIVER,500,,,,513024,
4.061309,DUP,480,,,,513024,
4.061743,BUFFER,501,,,,513024,held=1
4.061766,DELIVER,501,,,,514048,
4.062165,BUFFER,502,,,,514048,held=1
4.062178,DELIVER,502,,,,515072,
4.063774,BUFFER,503,,,,515072,held=1
4.063792,DELIVER,503,,,,516096,
4.065058,BUFFER,504,,,,516096,held=1
4.065079,DELIVER,504,,,,517120,
4.067662,BUFFER,505,,,,517120,held=1
4.067685,DELIVER,505,,,,518144,
4.067985,BUFFER,506,,,,518144,held=1
4.067998,DELIVER,506,,,,519168,
4.070093,BUFFER,508,,,,519168,held=1
4.070148,NAK,507,,,,519168,
4.079634,BUFFER,509,,,,519168,held=2
4.080023,BUFFER,510,,,,519168,held=3
4.080262,BUFFER,511,,,,519168,held=4
4.080499,BUFFER,512,,,,519168,held=5
4.088991,BUFFER,513,,,,519168,held=6
4.089219,BUFFER,514,,,,519168,held=7
4.089458,BUFFER,515,,,,519168,held=8
4.096558,BUFFER,516,,,,519168,held=9
4.111348,BUFFER,517,,,,519168,held=10
4.116389,BUFFER,518,,,,519168,held=11
4.116920,BUFFER,519,,,,519168,held=12
4.118218,BUFFER,520,,,,519168,held=13
4.118595,BUFFER,521,,,,519168,held=14
4.118979,BUFFER,522,,,,519168,held=15
4.119281,BUFFER,523,,,,519168,held=16
4.119517,BUFFER,524,,,,519168,held=17
4.119756,BUFFER,507,,,,519168,held=18
4.119773,DELIVER,507,,,,520192,
4.119780,DELIVER,508,,,,521216,
4.119786,DELIVER,509,,,,522240,
4.119792,DELIVER,510,,,,523264,
4.119797,DELIVER,511,,,,524288,
4.119961,DELIVER,512,,,,525312,
4.119968,DELIVER,513,,,,526336,
4.119973,DELIVER,514,,,,527360,
4.119978,DELIVER,515,,,,528384,
4.119983,DELIVER,516,,,,529408,
4.119991,DELIVER,517,,,,530432,
4.119995,DELIVER,518,,,,531456,
4.120000,DELIVER,519,,,,532480,
4.120006,DELIVER,520,,,,533504,
4.120010,DELIVER,521,,,,534528,
4.120015,DELIVER,522,,,,535552,
4.120019,DELIVER,523,,,,536576,
4.120024,DELIVER,524,,,,537600,
4.124771,DUP,507,,,,537600,
4.125079,BUFFER,525,,,,537600,held=1
4.125112,DELIVER,525,,,,538624,
4.126411,BUFFER,526,,,,538624,held=1
4.126431,DELIVER,526,,,,539648,
4.126642,BUFFER,527,,,,539648,held=1
4.126649,DELIVER,527,,,,540672,
4.139210,BUFFER,528,,,,540672,held=1
4.139232,DELIVER,528,,,,541696,
4.139469,BUFFER,529,,,,541696,held=1
4.139477,DELIVER,529,,,,542720,
4.139755,BUFFER,530,,,,542720,held=1
4.139763,DELIVER,530,,,,543744,
4.140035,BUFFER,531,,,,543744,held=1
4.140046,DELIVER,531,,,,544768,
4.152698,BUFFER,532,,,,544768,held=1
4.152721,DELIVER,532,,,,545792,
4.152980,BUFFER,534,,,,545792,held=1
4.153002,NAK,533,,,,545792,
4.165258,BUFFER,535,,,,545792,held=2
4.168445,BUFFER,536,,,,545792,held=3
4.168704,BUFFER,537,,,,545792,held=4
4.172148,BUFFER,538,,,,545792,held=5
4.172424,BUFFER,539,,,,545792,held=6
4.172662,BUFFER,540,,,,545792,held=7
4.172861,BUFFER,541,,,,545792,held=8
4.173245,BUFFER,542,,,,545792,held=9
4.173768,BUFFER,543,,,,545792,held=10
4.174371,BUFFER,544,,,,545792,held=11
4.174855,BUFFER,545,,,,545792,held=12
4.178131,BUFFER,546,,,,545792,held=13
4.181929,BUFFER,547,,,,545792,held=14
4.204146,BUFFER,533,,,,545792,held=15
4.204181,DELIVER,533,,,,546816,
4.204192,DELIVER,534,,,,547840,
4.204198,DELIVER,535,,,,548864,
4.204204,DELIVER,536,,,,549888,
4.204209,DELIVER,537,,,,550912,
4.204214,DELIVER,538,,,,551936,
4.204218,DELIVER,539,,,,552960,
4.204223,DELIVER,540,,,,553984,
4.204227,DELIVER,541,,,,555008,
4.204250,DELIVER,542,,,,556032,
4.204382,DELIVER,543,,,,557056,
4.204390,DELIVER,544,,,,558080,
4.204396,DELIVER,545,,,,559104,
4.204401,DELIVER,546,,,,560128,
4.204406,DELIVER,547,,,,561152,
4.205970,BUFFER,549,,,,561152,held=1
4.205997,NAK,548,,,,561152,
4.210838,DUP,533,,,,561152,
4.220772,BUFFER,550,,,,561152,held=2
4.221083,BUFFER,551,,,,561152,held=3
4.221345,BUFFER,552,,,,561152,held=4
4.221704,BUFFER,553,,,,561152,held=5
4.222021,BUFFER,554,,,,561152,held=6
4.222324,BUFFER,555,,,,561152,held=7
4.225852,BUFFER,557,,,,561152,held=8
4.225893,NAK,556,,,,561152,
4.226447,BUFFER,558,,,,561152,held=9
4.226837,BUFFER,559,,,,561152,held=10
4.227096,BUFFER,560,,,,561152,held=11
4.228405,BUFFER,561,,,,561152,held=12
4.232199,BUFFER,562,,,,561152,held=13
4.253325,BUFFER,548,,,,561152,held=14
4.253348,DELIVER,548,,,,562176,
4.253356,DELIVER,549,,,,563200,
4.253362,DELIVER,550,,,,564224,
4.253369,DELIVER,551,,,,565248,
4.253374,DELIVER,552,,,,566272,
4.253379,DELIVER,553,,,,567296,
4.253384,DELIVER,554,,,,568320,
4.253389,DELIVER,555,,,,569344,
4.253693,BUFFER,563,,,,569344,held=7
4.253970,BUFFER,564,,,,569344,held=8
4.264848,BUFFER,565,,,,569344,held=9
4.268734,DUP,548,,,,569344,
4.269001,BUFFER,556,,,,569344,held=10
4.269014,DELIVER,556,,,,570368,
4.269020,DELIVER,557,,,,571392,
4.269026,DELIVER,558,,,,572416,
4.269034,DELIVER,559,,,,573440,
4.269039,DELIVER,560,,,,574464,
4.269044,DELIVER,561,,,,575488,
4.269049,DELIVER,562,,,,576512,
4.269054,DELIVER,563,,,,577536,
4.269059,DELIVER,564,,,,578560,
4.269063,DELIVER,565,,,,579584,
4.269292,BUFFER,566,,,,579584,held=1
4.269303,DELIVER,566,,,,580608,
4.269559,BUFFER,567,,,,580608,held=1
4.269570,DELIVER,567,,,,581632,
4.271269,BUFFER,568,,,,581632,held=1
4.271287,DELIVER,568,,,,582656,
4.271533,BUFFER,569,,,,582656,held=1
4.271543,DELIVER,569,,,,583680,
4.271782,BUFFER,570,,,,583680,held=1
4.271790,DELIVER,570,,,,584704,
4.278690,BUFFER,571,,,,584704,held=1
4.278711,DELIVER,571,,,,585728,
4.278964,BUFFER,572,,,,585728,held=1
4.278973,DELIVER,572,,,,586752,
4.279321,BUFFER,573,,,,586752,held=1
4.279342,DELIVER,573,,,,587776,
4.280917,BUFFER,574,,,,587776,held=1
4.280940,DELIVER,574,,,,588800,
4.281182,BUFFER,575,,,,588800,held=1
4.281190,DELIVER,575,,,,589824,
4.281430,BUFFER,576,,,,589824,held=1
4.281462,DELIVER,576,,,,590848,
4.282102,BUFFER,577,,,,590848,held=1
4.282117,DELIVER,577,,,,591872,
4.296419,BUFFER,578,,,,591872,held=1
4.296470,DELIVER,578,,,,592896,
4.296825,BUFFER,579,,,,592896,held=1
4.296836,DELIVER,579,,,,593920,
4.304996,BUFFER,580,,,,593920,held=1
4.305022,DELIVER,580,,,,594944,
4.315822,DUP,556,,,,594944,
4.323403,BUFFER,581,,,,594944,held=1
4.323423,DELIVER,581,,,,595968,
4.323675,BUFFER,582,,,,595968,held=1
4.323685,DELIVER,582,,,,596992,
4.323906,BUFFER,583,,,,596992,held=1
4.323913,DELIVER,583,,,,598016,
4.324185,BUFFER,584,,,,598016,held=1
4.324194,DELIVER,584,,,,599040,
4.324447,BUFFER,585,,,,599040,held=1
4.324458,DELIVER,585,,,,600064,
4.324704,BUFFER,586,,,,600064,held=1
4.324712,DELIVER,586,,,,601088,
4.325059,BUFFER,587,,,,601088,held=1
4.325071,DELIVER,587,,,,602112,
4.330471,BUFFER,588,,,,602112,held=1
4.330499,DELIVER,588,,,,603136,
4.330851,BUFFER,589,,,,603136,held=1
4.330864,DELIVER,589,,,,604160,
4.331370,BUFFER,590,,,,604160,held=1
4.331449,DELIVER,590,,,,605184,
4.332097,BUFFER,592,,,,605184,held=1
4.332120,NAK,591,,,,605184,
4.333096,BUFFER,593,,,,605184,held=2
4.346915,BUFFER,594,,,,605184,held=3
4.347274,BUFFER,595,,,,605184,held=4
4.358921,BUFFER,596,,,,605184,held=5
4.366014,BUFFER,597,,,,605184,held=6
4.371353,BUFFER,598,,,,605184,held=7
4.373301,BUFFER,599,,,,605184,held=8
4.373973,BUFFER,600,,,,605184,held=9
4.376028,BUFFER,601,,,,605184,held=10
4.376459,BUFFER,602,,,,605184,held=11
4.376705,BUFFER,603,,,,605184,held=12
4.376930,BUFFER,604,,,,605184,held=13
4.378018,BUFFER,605,,,,605184,held=14
4.378677,BUFFER,591,,,,605184,held=15
4.378720,DELIVER,591,,,,606208,
4.378734,DELIVER,592,,,,607232,
4.378745,DELIVER,593,,,,608256,
4.378755,DELIVER,594,,,,609280,
4.378766,DELIVER,595,,,,610304,
4.378775,DELIVER,596,,,,611328,
4.378785,DELIVER,597,,,,612352,
4.378795,DELIVER,598,,,,613376,
4.378804,DELIVER,599,,,,614400,
4.378813,DELIVER,600,,,,615424,
4.378823,DELIVER,601,,,,616448,
4.378834,DELIVER,602,,,,617472,
4.378843,DELIVER,603,,,,618496,
4.378859,DELIVER,604,,,,619520,
4.378868,DELIVER,605,,,,620544,
4.380170,BUFFER,607,,,,620544,held=1
4.380211,NAK,606,,,,620544,
4.390947,DUP,591,,,,620544,
4.398245,BUFFER,608,,,,620544,held=2
4.398688,BUFFER,609,,,,620544,held=3
4.405590,BUFFER,610,,,,620544,held=4
4.413625,BUFFER,611,,,,620544,held=5
4.426670,BUFFER,612,,,,620544,held=6
4.426943,BUFFER,613,,,,620544,held=7
4.427199,BUFFER,614,,,,620544,held=8
4.427412,BUFFER,615,,,,620544,held=9
4.427616,BUFFER,616,,,,620544,held=10
4.427848,BUFFER,617,,,,620544,held=11
4.428195,BUFFER,618,,,,620544,held=12
4.428529,BUFFER,606,,,,620544,held=13
4.428591,DELIVER,606,,,,621568,
4.428604,DELIVER,607,,,,622592,
4.428610,DELIVER,608,,,,623616,
4.428615,DELIVER,609,,,,624640,
4.428620,DELIVER,610,,,,625664,
4.428624,DELIVER,611,,,,626688,
4.428628,DELIVER,612,,,,627712,
4.428635,DELIVER,613,,,,628736,
4.428640,DELIVER,614,,,,629760,
4.428644,DELIVER,615,,,,630784,
4.428649,DELIVER,616,,,,631808,
4.428653,DELIVER,617,,,,632832,
4.428658,DELIVER,618,,,,633856,
4.428900,BUFFER,619,,,,633856,held=1
4.428909,DELIVER,619,,,,634880,
4.429158,BUFFER,620,,,,634880,held=1
4.429174,DELIVER,620,,,,635904,
4.440505,BUFFER,621,,,,635904,held=1
4.440520,DELIVER,621,,,,636928,
4.444506,DUP,598,,,,636928,
4.444850,BUFFER,622,,,,636928,held=1
4.444865,DELIVER,622,,,,637952,
4.459498,BUFFER,623,,,,637952,held=1
4.459544,DELIVER,623,,,,638976,
4.469921,BUFFER,624,,,,638976,held=1
4.469953,DELIVER,624,,,,640000,
4.470220,BUFFER,626,,,,640000,held=1
4.470242,NAK,625,,,,640000,
4.477581,BUFFER,627,,,,640000,held=2
4.477845,BUFFER,628,,,,640000,held=3
4.479617,DUP,601,,,,640000,
4.479882,BUFFER,629,,,,640000,held=4
4.480148,BUFFER,630,,,,640000,held=5
4.482756,BUFFER,631,,,,640000,held=6
4.483017,BUFFER,632,,,,640000,held=7
4.483261,BUFFER,633,,,,640000,held=8
4.483509,BUFFER,634,,,,640000,held=9
4.487126,BUFFER,635,,,,640000,held=10
4.496054,BUFFER,636,,,,640000,held=11
4.496351,BUFFER,637,,,,640000,held=12
4.499109,DUP,609,,,,640000,
4.517941,DUP,601,,,,640000,
4.518236,BUFFER,625,,,,640000,held=13
4.518251,DELIVER,625,,,,641024,
4.518258,DELIVER,626,,,,642048,
4.518263,DELIVER,627,,,,643072,
4.518268,DELIVER,628,,,,644096,
4.518273,DELIVER,629,,,,645120,
4.518278,DELIVER,630,,,,646144,
4.518283,DELIVER,631,,,,647168,
4.518287,DELIVER,632,,,,648192,
4.518292,DELIVER,633,,,,649216,
4.518296,DELIVER,634,,,,650240,
4.518301,DELIVER,635,,,,651264,
4.518306,DELIVER,636,,,,652288,
4.518311,DELIVER,637,,,,653312,
4.523202,BUFFER,639,,,,653312,held=1
4.523260,NAK,638,,,,653312,
4.523903,BUFFER,640,,,,653312,held=2
4.526202,BUFFER,641,,,,653312,held=3
4.531088,BUFFER,642,,,,653312,held=4
4.531343,BUFFER,643,,,,653312,held=5
4.531578,BUFFER,644,,,,653312,held=6
4.531827,BUFFER,645,,,,653312,held=7
4.532054,DUP,609,,,,653312,
4.532282,BUFFER,646,,,,653312,held=8
4.532530,BUFFER,648,,,,653312,held=9
4.532549,NAK,647,,,,653312,
4.539365,BUFFER,649,,,,653312,held=10
4.539635,BUFFER,650,,,,653312,held=11
4.539901,BUFFER,651,,,,653312,held=12
4.567892,BUFFER,652,,,,653312,held=13
4.568252,BUFFER,638,,,,653312,held=14
4.568268,DELIVER,638,,,,654336,
4.568274,DELIVER,639,,,,655360,
4.568434,DELIVER,640,,,,656384,
4.568444,DELIVER,641,,,,657408,
4.568450,DELIVER,642,,,,658432,
4.568455,DELIVER,643,,,,659456,
4.568460,DELIVER,644,,,,660480,
4.568485,DELIVER,645,,,,661504,
4.568502,DELIVER,646,,,,662528,
4.576322,BUFFER,653,,,,662528,held=6
4.576826,BUFFER,654,,,,662528,held=7
4.577842,BUFFER,655,,,,662528,held=8
4.578379,BUFFER,656,,,,662528,held=9
4.578640,BUFFER,657,,,,662528,held=10
4.579032,BUFFER,647,,,,662528,held=11
4.579048,DELIVER,647,,,,663552,
4.579054,DELIVER,648,,,,664576,
4.579060,DELIVER,649,,,,665600,
4.579066,DELIVER,650,,,,666624,
4.579071,DELIVER,651,,,,667648,
4.579076,DELIVER,652,,,,668672,
4.579081,DELIVER,653,,,,669696,
4.579153,DELIVER,654,,,,670720,
4.579162,DELIVER,655,,,,671744,
4.579167,DELIVER,656,,,,672768,
4.579171,DELIVER,657,,,,673792,
4.579483,DUP,638,,,,673792,
4.585796,BUFFER,658,,,,673792,held=1
4.585820,DELIVER,658,,,,674816,
4.586030,BUFFER,659,,,,674816,held=1
4.586038,DELIVER,659,,,,675840,
4.586254,BUFFER,660,,,,675840,held=1
4.586261,DELIVER,660,,,,676864,
4.586507,BUFFER,661,,,,676864,held=1
4.586519,DELIVER,661,,,,677888,
4.586728,BUFFER,662,,,,677888,held=1
4.586736,DELIVER,662,,,,678912,
4.589372,BUFFER,664,,,,678912,held=1
4.589461,NAK,663,,,,678912,
4.607782,BUFFER,665,,,,678912,held=2
4.613321,BUFFER,666,,,,678912,held=3
4.629588,DUP,645,,,,678912,
4.629841,BUFFER,667,,,,678912,held=4
4.630122,BUFFER,668,,,,678912,held=5
4.630501,BUFFER,669,,,,678912,held=6
4.630758,BUFFER,670,,,,678912,held=7
4.631004,BUFFER,671,,,,678912,held=8
4.631383,BUFFER,672,,,,678912,held=9
4.632626,BUFFER,674,,,,678912,held=10
4.632653,NAK,673,,,,678912,
4.638395,BUFFER,675,,,,678912,held=11
4.638699,BUFFER,676,,,,678912,held=12
4.638962,BUFFER,677,,,,678912,held=13
4.639200,BUFFER,663,,,,678912,held=14
4.639216,DELIVER,663,,,,679936,
4.639223,DELIVER,664,,,,680960,
4.639229,DELIVER,665,,,,681984,
4.639234,DELIVER,666,,,,683008,
4.639239,DELIVER,667,,,,684032,
4.639244,DELIVER,668,,,,685056,
4.639249,DELIVER,669,,,,686080,
4.639254,DELIVER,670,,,,687104,
4.639261,DELIVER,671,,,,688128,
4.639266,DELIVER,672,,,,689152,
4.645065,BUFFER,678,,,,689152,held=5
4.648998,BUFFER,679,,,,689152,held=6
4.666883,BUFFER,680,,,,689152,held=7
4.678560,DUP,658,,,,689152,
4.681995,BUFFER,673,,,,689152,held=8
4.682025,DELIVER,673,,,,690176,
4.682068,DELIVER,674,,,,691200,
4.682075,DELIVER,675,,,,692224,
4.682081,DELIVER,676,,,,693248,
4.682086,DELIVER,677,,,,694272,
4.682091,DELIVER,678,,,,695296,
4.682096,DELIVER,679,,,,696320,
4.682100,DELIVER,680,,,,697344,
4.682598,BUFFER,681,,,,697344,held=1
4.682616,DELIVER,681,,,,698368,
4.682975,BUFFER,682,,,,698368,held=1
4.682988,DELIVER,682,,,,699392,
4.683226,BUFFER,683,,,,699392,held=1
4.683235,DELIVER,683,,,,700416,
4.683798,BUFFER,684,,,,700416,held=1
4.683812,DELIVER,684,,,,701440,
4.684027,BUFFER,686,,,,701440,held=1
4.684046,NAK,685,,,,701440,
4.684473,BUFFER,687,,,,701440,held=2
4.687918,DUP,659,,,,701440,
4.689985,BUFFER,688,,,,701440,held=3
4.690259,BUFFER,689,,,,701440,held=4
4.690521,BUFFER,690,,,,701440,held=5
4.691057,BUFFER,691,,,,701440,held=6
4.691319,BUFFER,692,,,,701440,held=7
4.702573,BUFFER,693,,,,701440,held=8
4.727072,BUFFER,694,,,,701440,held=9
4.731393,BUFFER,695,,,,701440,held=10
4.731712,DUP,659,,,,701440,
4.732006,BUFFER,685,,,,701440,held=11
4.732018,DELIVER,685,,,,702464,
4.732026,DELIVER,686,,,,703488,
4.732032,DELIVER,687,,,,704512,
4.732038,DELIVER,688,,,,705536,
4.732044,DELIVER,689,,,,706560,
4.732050,DELIVER,690,,,,707584,
4.732056,DELIVER,691,,,,708608,
4.732062,DELIVER,692,,,,709632,
4.732068,DELIVER,693,,,,710656,
4.732073,DELIVER,694,,,,711680,
4.732080,DELIVER,695,,,,712704,
4.735007,BUFFER,696,,,,712704,held=1
4.735017,DELIVER,696,,,,713728,
4.735327,BUFFER,698,,,,713728,held=1
4.735341,NAK,697,,,,713728,
4.737724,BUFFER,699,,,,713728,held=2
4.737960,BUFFER,700,,,,713728,held=3
4.738165,BUFFER,701,,,,713728,held=4
4.738365,BUFFER,702,,,,713728,held=5
4.738782,DUP,685,,,,713728,
4.739024,BUFFER,704,,,,713728,held=6
4.739041,NAK,703,,,,713728,
4.739246,BUFFER,705,,,,713728,held=7
4.739450,BUFFER,706,,,,713728,held=8
4.750658,BUFFER,707,,,,713728,held=9
4.779622,BUFFER,708,,,,713728,held=10
4.781220,BUFFER,709,,,,713728,held=11
4.782234,BUFFER,710,,,,713728,held=12
4.782504,BUFFER,711,,,,713728,held=13
4.782953,BUFFER,712,,,,713728,held=14
4.784540,BUFFER,697,,,,713728,held=15
4.784562,DELIVER,697,,,,714752,
4.784569,DELIVER,698,,,,715776,
4.784574,DELIVER,699,,,,716800,
4.784579,DELIVER,700,,,,717824,
4.784586,DELIVER,701,,,,718848,
4.784590,DELIVER,702,,,,719872,
4.784919,BUFFER,713,,,,719872,held=10
4.790030,BUFFER,714,,,,719872,held=11
4.790061,NAK,703,,,,719872,
4.790969,BUFFER,715,,,,719872,held=12
4.791231,BUFFER,716,,,,719872,held=13
4.791491,BUFFER,717,,,,719872,held=14
4.793681,BUFFER,719,,,,719872,held=15
4.793711,NAK,718,,,,719872,
4.793976,BUFFER,720,,,,719872,held=16
4.809183,BUFFER,721,,,,719872,held=17
4.821357,BUFFER,722,,,,719872,held=18
4.823225,BUFFER,723,,,,719872,held=19
4.829075,BUFFER,724,,,,719872,held=20
4.835826,BUFFER,725,,,,719872,held=21
4.836200,BUFFER,726,,,,719872,held=22
4.836797,BUFFER,727,,,,719872,held=23
4.837301,BUFFER,728,,,,719872,held=24
4.837645,BUFFER,703,,,,719872,held=25
4.837661,DELIVER,703,,,,720896,
4.837669,DELIVER,704,,,,721920,
4.837675,DELIVER,705,,,,722944,
4.837681,DELIVER,706,,,,723968,
4.837688,DELIVER,707,,,,724992,
4.837694,DELIVER,708,,,,726016,
4.837699,DELIVER,709,,,,727040,
4.837704,DELIVER,710,,,,728064,
4.837709,DELIVER,711,,,,729088,
4.837714,DELIVER,712,,,,730112,
4.837718,DELIVER,713,,,,731136,
4.837723,DELIVER,714,,,,732160,
4.837727,DELIVER,715,,,,733184,
4.837732,DELIVER,716,,,,734208,
4.837737,DELIVER,717,,,,735232,
4.842187,DUP,703,,,,735232,
4.847380,BUFFER,729,,,,735232,held=11
4.847406,NAK,718,,,,735232,
4.847640,BUFFER,730,,,,735232,held=12
4.847861,BUFFER,731,,,,735232,held=13
4.848078,BUFFER,732,,,,735232,held=14
4.856978,BUFFER,733,,,,735232,held=15
4.857236,BUFFER,734,,,,735232,held=16
4.865862,BUFFER,735,,,,735232,held=17
4.871119,BUFFER,736,,,,735232,held=18
4.871457,BUFFER,737,,,,735232,held=19
4.886825,BUFFER,738,,,,735232,held=20
4.887120,BUFFER,739,,,,735232,held=21
4.888811,BUFFER,740,,,,735232,held=22
4.889082,BUFFER,741,,,,735232,held=23
4.889337,BUFFER,718,,,,735232,held=24
4.889426,DELIVER,718,,,,736256,
4.889434,DELIVER,719,,,,737280,
4.889439,DELIVER,720,,,,738304,
4.889444,DELIVER,721,,,,739328,
4.889449,DELIVER,722,,,,740352,
4.889454,DELIVER,723,,,,741376,
4.889458,DELIVER,724,,,,742400,
4.889463,DELIVER,725,,,,743424,
4.889467,DELIVER,726,,,,744448,
4.889472,DELIVER,727,,,,745472,
4.889477,DELIVER,728,,,,746496,
4.889481,DELIVER,729,,,,747520,
4.889486,DELIVER,730,,,,748544,
4.889490,DELIVER,731,,,,749568,
4.889495,DELIVER,732,,,,750592,
4.889499,DELIVER,733,,,,751616,
4.889503,DELIVER,734,,,,752640,
4.889508,DELIVER,735,,,,753664,
4.889512,DELIVER,736,,,,754688,
4.889517,DELIVER,737,,,,755712,
4.889522,DELIVER,738,,,,756736,
4.889526,DELIVER,739,,,,757760,
4.889530,DELIVER,740,,,,758784,
4.889535,DELIVER,741,,,,759808,
4.889762,BUFFER,742,,,,759808,held=1
4.889771,DELIVER,742,,,,760832,
4.890144,BUFFER,743,,,,760832,held=1
4.890153,DELIVER,743,,,,761856,
4.890421,DUP,713,,,,761856,
4.890661,DUP,713,,,,761856,
4.890902,BUFFER,744,,,,761856,held=1
4.890914,DELIVER,744,,,,762880,
4.891154,BUFFER,745,,,,762880,held=1
4.891164,DELIVER,745,,,,763904,
4.895536,BUFFER,746,,,,763904,held=1
4.895568,DELIVER,746,,,,764928,
4.895859,BUFFER,747,,,,764928,held=1
4.895869,DELIVER,747,,,,765952,
4.901466,BUFFER,748,,,,765952,held=1
4.901489,DELIVER,748,,,,766976,
4.905376,BUFFER,749,,,,766976,held=1
4.905393,DELIVER,749,,,,768000,
4.920658,BUFFER,750,,,,768000,held=1
4.920691,DELIVER,750,,,,769024,
4.928641,BUFFER,751,,,,769024,held=1
4.928660,DELIVER,751,,,,770048,
4.932626,BUFFER,752,,,,770048,held=1
4.932666,DELIVER,752,,,,771072,
4.932920,BUFFER,753,,,,771072,held=1
4.932929,DELIVER,753,,,,772096,
4.938321,BUFFER,754,,,,772096,held=1
4.938347,DELIVER,754,,,,773120,
4.938658,BUFFER,755,,,,773120,held=1
4.938672,DELIVER,755,,,,774144,
4.943166,BUFFER,756,,,,774144,held=1
4.943187,DELIVER,756,,,,775168,
4.943960,BUFFER,757,,,,775168,held=1
4.943985,DELIVER,757,,,,776192,
4.944304,BUFFER,758,,,,776192,held=1
4.944315,DELIVER,758,,,,777216,
4.944579,BUFFER,759,,,,777216,held=1
4.944588,DELIVER,759,,,,778240,
4.945561,BUFFER,760,,,,778240,held=1
4.945578,DELIVER,760,,,,779264,
4.945822,DUP,736,,,,779264,
4.946045,BUFFER,761,,,,779264,held=1
4.946054,DELIVER,761,,,,780288,
4.946281,BUFFER,762,,,,780288,held=1
4.946291,DELIVER,762,,,,781312,
4.952857,BUFFER,763,,,,781312,held=1
4.952884,DELIVER,763,,,,782336,
4.956249,BUFFER,764,,,,782336,held=1
4.956270,DELIVER,764,,,,783360,
4.979117,BUFFER,765,,,,783360,held=1
4.979141,DELIVER,765,,,,784384,
4.979406,BUFFER,766,,,,784384,held=1
4.979418,DELIVER,766,,,,785408,
4.979660,BUFFER,767,,,,785408,held=1
4.979669,DELIVER,767,,,,786432,
4.987546,BUFFER,768,,,,786432,held=1
4.987794,DELIVER,768,,,,787456,
4.991228,BUFFER,769,,,,787456,held=1
4.991257,DELIVER,769,,,,788480,
4.991632,BUFFER,770,,,,788480,held=1
4.991645,DELIVER,770,,,,789504,
4.995066,BUFFER,771,,,,789504,held=1
4.995139,DELIVER,771,,,,790528,
4.995405,BUFFER,772,,,,790528,held=1
4.995416,DELIVER,772,,,,791552,
4.995636,BUFFER,773,,,,791552,held=1
4.995644,DELIVER,773,,,,792576,
4.995889,BUFFER,774,,,,792576,held=1
4.995902,DELIVER,774,,,,793600,
4.996137,BUFFER,775,,,,793600,held=1
4.996145,DELIVER,775,,,,794624,
4.997967,BUFFER,776,,,,794624,held=1
4.997992,DELIVER,776,,,,795648,
4.998241,BUFFER,777,,,,795648,held=1
4.998249,DELIVER,777,,,,796672,
4.998451,BUFFER,778,,,,796672,held=1
4.998461,DELIVER,778,,,,797696,
4.998701,BUFFER,779,,,,797696,held=1
4.998711,DELIVER,779,,,,798720,
4.999041,BUFFER,780,,,,798720,held=1
4.999054,DELIVER,780,,,,799744,
5.022844,BUFFER,781,,,,799744,held=1
5.022861,DELIVER,781,,,,800768,
5.027408,BUFFER,782,,,,800768,held=1
5.027453,DELIVER,782,,,,801792,
5.027731,BUFFER,783,,,,801792,held=1
5.027741,DELIVER,783,,,,802816,
5.043192,BUFFER,784,,,,802816,held=1
5.043217,DELIVER,784,,,,803840,
5.043509,BUFFER,785,,,,803840,held=1
5.043520,DELIVER,785,,,,804864,
5.043873,BUFFER,787,,,,804864,held=1
5.043890,NAK,786,,,,804864,
5.044930,BUFFER,788,,,,804864,held=2
5.045256,BUFFER,789,,,,804864,held=3
5.045522,BUFFER,790,,,,804864,held=4
5.045802,BUFFER,792,,,,804864,held=5
5.045821,NAK,791,,,,804864,
5.046094,BUFFER,793,,,,804864,held=6
5.047604,BUFFER,794,,,,804864,held=7
5.050523,BUFFER,795,,,,804864,held=8
5.050809,BUFFER,796,,,,804864,held=9
5.053202,BUFFER,797,,,,804864,held=10
5.061131,BUFFER,798,,,,804864,held=11
5.070990,BUFFER,799,,,,804864,held=12
5.071729,BUFFER,800,,,,804864,held=13
5.087159,BUFFER,786,,,,804864,held=14
5.087193,DELIVER,786,,,,805888,
5.087200,DELIVER,787,,,,806912,
5.087206,DELIVER,788,,,,807936,
5.087212,DELIVER,789,,,,808960,
5.087217,DELIVER,790,,,,809984,
5.091572,DUP,786,,,,809984,
5.095199,BUFFER,791,,,,809984,held=10
5.095230,DELIVER,791,,,,811008,
5.095237,DELIVER,792,,,,812032,
5.095243,DELIVER,793,,,,813056,
5.095249,DELIVER,794,,,,814080,
5.095254,DELIVER,795,,,,815104,
5.095260,DELIVER,796,,,,816128,
5.095266,DELIVER,797,,,,817152,
5.095272,DELIVER,798,,,,818176,
5.095276,DELIVER,799,,,,819200,
5.095281,DELIVER,800,,,,820224,
5.096526,BUFFER,801,,,,820224,held=1
5.096543,DELIVER,801,,,,821248,
5.096785,BUFFER,802,,,,821248,held=1
5.096793,DELIVER,802,,,,822272,
5.097020,BUFFER,803,,,,822272,held=1
5.097031,DELIVER,803,,,,823296,
5.097281,BUFFER,804,,,,823296,held=1
5.097288,DELIVER,804,,,,824320,
5.097509,BUFFER,805,,,,824320,held=1
5.097516,DELIVER,805,,,,825344,
5.097750,BUFFER,806,,,,825344,held=1
5.097761,DELIVER,806,,,,826368,
5.098001,BUFFER,807,,,,826368,held=1
5.098010,DELIVER,807,,,,827392,
5.102282,BUFFER,808,,,,827392,held=1
5.102308,DELIVER,808,,,,828416,
5.102544,BUFFER,809,,,,828416,held=1
5.102556,DELIVER,809,,,,829440,
5.102765,BUFFER,810,,,,829440,held=1
5.102772,DELIVER,810,,,,830464,
5.102998,BUFFER,811,,,,830464,held=1
5.103005,DELIVER,811,,,,831488,
5.104472,BUFFER,812,,,,831488,held=1
5.104499,DELIVER,812,,,,832512,
5.109896,BUFFER,813,,,,832512,held=1
5.109982,DELIVER,813,,,,833536,
5.117819,BUFFER,814,,,,833536,held=1
5.117839,DELIVER,814,,,,834560,
5.135902,BUFFER,815,,,,834560,held=1
5.135928,DELIVER,815,,,,835584,
5.136604,BUFFER,817,,,,835584,held=1
5.136623,NAK,816,,,,835584,
5.136869,BUFFER,818,,,,835584,held=2
5.137096,BUFFER,819,,,,835584,held=3
5.137331,BUFFER,820,,,,835584,held=4
5.142508,BUFFER,822,,,,835584,held=5
5.142541,NAK,821,,,,835584,
5.150653,BUFFER,823,,,,835584,held=6
5.150926,BUFFER,824,,,,835584,held=7
5.151171,BUFFER,825,,,,835584,held=8
5.151487,BUFFER,826,,,,835584,held=9
5.151850,DUP,809,,,,835584,
5.159763,BUFFER,827,,,,835584,held=10
5.160190,BUFFER,828,,,,835584,held=11
5.181955,BUFFER,829,,,,835584,held=12
5.186846,BUFFER,830,,,,835584,held=13
5.186889,NAK,816,,,,835584,
5.189210,BUFFER,831,,,,835584,held=14
5.189484,BUFFER,832,,,,835584,held=15
5.189713,BUFFER,833,,,,835584,held=16
5.189956,BUFFER,834,,,,835584,held=17
5.190234,BUFFER,821,,,,835584,held=18
5.198182,BUFFER,836,,,,835584,held=19
5.198226,NAK,835,,,,835584,
5.198541,BUFFER,838,,,,835584,held=20
5.198564,NAK,837,,,,835584,
5.202066,BUFFER,839,,,,835584,held=21
5.202289,BUFFER,840,,,,835584,held=22
5.207950,BUFFER,841,,,,835584,held=23
5.208240,BUFFER,842,,,,835584,held=24
5.217664,BUFFER,816,,,,835584,held=25
5.217680,DELIVER,816,,,,836608,
5.217686,DELIVER,817,,,,837632,
5.217690,DELIVER,818,,,,838656,
5.217694,DELIVER,819,,,,839680,
5.217698,DELIVER,820,,,,840704,
5.217703,DELIVER,821,,,,841728,
5.217708,DELIVER,822,,,,842752,
5.217711,DELIVER,823,,,,843776,
5.217715,DELIVER,824,,,,844800,
5.217719,DELIVER,825,,,,845824,
5.217723,DELIVER,826,,,,846848,
5.217728,DELIVER,827,,,,847872,
5.217731,DELIVER,828,,,,848896,
5.217736,DELIVER,829,,,,849920,
5.217740,DELIVER,830,,,,850944,
5.217744,DELIVER,831,,,,851968,
5.217750,DELIVER,832,,,,852992,
5.217754,DELIVER,833,,,,854016,
5.217758,DELIVER,834,,,,855040,
5.223818,BUFFER,843,,,,855040,held=7
5.236094,BUFFER,844,,,,855040,held=8
5.243709,BUFFER,845,,,,855040,held=9
5.243891,BUFFER,846,,,,855040,held=10
5.244086,BUFFER,847,,,,855040,held=11
5.244294,BUFFER,848,,,,855040,held=12
5.244494,BUFFER,849,,,,855040,held=13
5.244663,BUFFER,850,,,,855040,held=14
5.244827,BUFFER,835,,,,855040,held=15
5.244835,DELIVER,835,,,,856064,
5.244839,DELIVER,836,,,,857088,
5.246179,BUFFER,837,,,,857088,held=14
5.246192,DELIVER,837,,,,858112,
5.246198,DELIVER,838,,,,859136,
5.246202,DELIVER,839,,,,860160,
5.246206,DELIVER,840,,,,861184,
5.246210,DELIVER,841,,,,862208,
5.246214,DELIVER,842,,,,863232,
5.246218,DELIVER,843,,,,864256,
5.246222,DELIVER,844,,,,865280,
5.246225,DELIVER,845,,,,866304,
5.246229,DELIVER,846,,,,867328,
5.246232,DELIVER,847,,,,868352,
5.246236,DELIVER,848,,,,869376,
5.246240,DELIVER,849,,,,870400,
5.246244,DELIVER,850,,,,871424,
5.248438,BUFFER,851,,,,871424,held=1
5.248445,DELIVER,851,,,,872448,
5.248642,BUFFER,852,,,,872448,held=1
5.248650,DELIVER,852,,,,873472,
5.251923,BUFFER,853,,,,873472,held=1
5.251931,DELIVER,853,,,,874496,
5.261862,BUFFER,854,,,,874496,held=1
5.261872,DELIVER,854,,,,875520,
5.262063,BUFFER,855,,,,875520,held=1
5.262068,DELIVER,855,,,,876544,
5.262234,BUFFER,856,,,,876544,held=1
5.262240,DELIVER,856,,,,877568,
5.271004,BUFFER,858,,,,877568,held=1
5.271034,NAK,857,,,,877568,
5.287948,BUFFER,859,,,,877568,held=2
5.288176,DUP,835,,,,877568,
5.291564,BUFFER,860,,,,877568,held=3
5.291772,BUFFER,861,,,,877568,held=4
5.291990,BUFFER,862,,,,877568,held=5
5.292211,BUFFER,863,,,,877568,held=6
5.297075,BUFFER,864,,,,877568,held=7
5.297309,BUFFER,865,,,,877568,held=8
5.297536,BUFFER,866,,,,877568,held=9
5.297759,DUP,845,,,,877568,
5.297985,BUFFER,867,,,,877568,held=10
5.309038,BUFFER,868,,,,877568,held=11
5.309338,BUFFER,869,,,,877568,held=12
5.309597,BUFFER,870,,,,877568,held=13
5.309848,BUFFER,871,,,,877568,held=14
5.310099,BUFFER,857,,,,877568,held=15
5.310110,DELIVER,857,,,,878592,
5.310117,DELIVER,858,,,,879616,
5.310123,DELIVER,859,,,,880640,
5.310128,DELIVER,860,,,,881664,
5.310134,DELIVER,861,,,,882688,
5.310140,DELIVER,862,,,,883712,
5.310145,DELIVER,863,,,,884736,
5.310151,DELIVER,864,,,,885760,
5.310156,DELIVER,865,,,,886784,
5.310163,DELIVER,866,,,,887808,
5.310169,DELIVER,867,,,,888832,
5.310174,DELIVER,868,,,,889856,
5.310179,DELIVER,869,,,,890880,
5.310185,DELIVER,870,,,,891904,
5.310190,DELIVER,871,,,,892928,
5.329441,BUFFER,872,,,,892928,held=1
5.329468,DELIVER,872,,,,893952,
5.339022,BUFFER,874,,,,893952,held=1
5.339061,NAK,873,,,,893952,
5.341476,BUFFER,875,,,,893952,held=2
5.347033,BUFFER,876,,,,893952,held=3
5.347450,BUFFER,878,,,,893952,held=4
5.347482,NAK,877,,,,893952,
5.347974,BUFFER,879,,,,893952,held=5
5.353116,BUFFER,880,,,,893952,held=6
5.354050,DUP,857,,,,893952,
5.354405,BUFFER,881,,,,893952,held=7
5.363661,BUFFER,882,,,,893952,held=8
5.364098,BUFFER,883,,,,893952,held=9
5.364901,BUFFER,884,,,,893952,held=10
5.369983,BUFFER,885,,,,893952,held=11
5.372137,DUP,858,,,,893952,
5.380891,BUFFER,886,,,,893952,held=12
5.390991,BUFFER,887,,,,893952,held=13
5.391034,NAK,873,,,,893952,
5.391453,BUFFER,873,,,,893952,held=14
5.391473,DELIVER,873,,,,894976,
5.391481,DELIVER,874,,,,896000,
5.391487,DELIVER,875,,,,897024,
5.391494,DELIVER,876,,,,898048,
5.391766,DUP,858,,,,898048,
5.394224,BUFFER,888,,,,898048,held=11
5.394533,BUFFER,889,,,,898048,held=12
5.394774,DUP,860,,,,898048,
5.395058,BUFFER,877,,,,898048,held=13
5.395405,DELIVER,877,,,,899072,
5.395415,DELIVER,878,,,,900096,
5.395422,DELIVER,879,,,,901120,
5.395428,DELIVER,880,,,,902144,
5.395434,DELIVER,881,,,,903168,
5.395440,DELIVER,882,,,,904192,
5.395446,DELIVER,883,,,,905216,
5.395452,DELIVER,884,,,,906240,
5.395458,DELIVER,885,,,,907264,
5.395465,DELIVER,886,,,,908288,
5.395471,DELIVER,887,,,,909312,
5.395476,DELIVER,888,,,,910336,
5.395482,DELIVER,889,,,,911360,
5.395945,BUFFER,890,,,,911360,held=1
5.395963,DELIVER,890,,,,912384,
5.400262,BUFFER,892,,,,912384,held=1
5.400304,NAK,891,,,,912384,
5.400603,DUP,863,,,,912384,
5.402713,BUFFER,893,,,,912384,held=2
5.403054,BUFFER,895,,,,912384,held=3
5.403084,NAK,894,,,,912384,
5.403446,BUFFER,896,,,,912384,held=4
5.410308,BUFFER,897,,,,912384,held=5
5.410871,BUFFER,898,,,,912384,held=6
5.420647,BUFFER,899,,,,912384,held=7
5.429964,DUP,873,,,,912384,
5.436667,BUFFER,900,,,,912384,held=8
5.449096,BUFFER,901,,,,912384,held=9
5.449534,BUFFER,902,,,,912384,held=10
5.449847,BUFFER,903,,,,912384,held=11
5.450227,BUFFER,904,,,,912384,held=12
5.450261,NAK,891,,,,912384,
5.450600,DUP,863,,,,912384,
5.450873,BUFFER,891,,,,912384,held=13
5.450889,DELIVER,891,,,,913408,
5.450896,DELIVER,892,,,,914432,
5.450903,DELIVER,893,,,,915456,
5.454262,BUFFER,905,,,,915456,held=11
5.454297,NAK,894,,,,915456,
5.454588,BUFFER,906,,,,915456,held=12
5.454835,BUFFER,894,,,,915456,held=13
5.454848,DELIVER,894,,,,916480,
5.454855,DELIVER,895,,,,917504,
5.455068,DELIVER,896,,,,918528,
5.455082,DELIVER,897,,,,919552,
5.455088,DELIVER,898,,,,920576,
5.455094,DELIVER,899,,,,921600,
5.455099,DELIVER,900,,,,922624,
5.455109,DELIVER,901,,,,923648,
5.455115,DELIVER,902,,,,924672,
5.455121,DELIVER,903,,,,925696,
5.455126,DELIVER,904,,,,926720,
5.455132,DELIVER,905,,,,927744,
5.455137,DELIVER,906,,,,928768,
5.455413,DUP,873,,,,928768,
5.455830,BUFFER,907,,,,928768,held=1
5.455850,DELIVER,907,,,,929792,
5.456309,BUFFER,908,,,,929792,held=1
5.456365,DELIVER,908,,,,930816,
5.456827,BUFFER,909,,,,930816,held=1
5.456840,DELIVER,909,,,,931840,
5.457169,BUFFER,910,,,,931840,held=1
5.457183,DELIVER,910,,,,932864,
5.462907,BUFFER,911,,,,932864,held=1
5.462932,DELIVER,911,,,,933888,
5.466641,BUFFER,912,,,,933888,held=1
5.466667,DELIVER,912,,,,934912,
5.467117,BUFFER,913,,,,934912,held=1
5.467134,DELIVER,913,,,,935936,
5.480111,BUFFER,914,,,,935936,held=1
5.480132,DELIVER,914,,,,936960,
5.501313,DUP,891,,,,936960,
5.501630,BUFFER,915,,,,936960,held=1
5.501647,DELIVER,915,,,,937984,
5.501951,BUFFER,916,,,,937984,held=1
5.501965,DELIVER,916,,,,939008,
5.502273,BUFFER,917,,,,939008,held=1
5.502286,DELIVER,917,,,,940032,
5.502637,BUFFER,918,,,,940032,held=1
5.502650,DELIVER,918,,,,941056,
5.502954,BUFFER,919,,,,941056,held=1
5.502969,DELIVER,919,,,,942080,
5.503238,BUFFER,920,,,,942080,held=1
5.503246,DELIVER,920,,,,943104,
5.503501,DUP,894,,,,943104,
5.503759,BUFFER,921,,,,943104,held=1
5.503766,DELIVER,921,,,,944128,
5.504016,BUFFER,922,,,,944128,held=1
5.504024,DELIVER,922,,,,945152,
5.504273,BUFFER,923,,,,945152,held=1
5.504279,DELIVER,923,,,,946176,
5.506754,BUFFER,924,,,,946176,held=1
5.506765,DELIVER,924,,,,947200,
5.507053,BUFFER,925,,,,947200,held=1
5.507060,DELIVER,925,,,,948224,
5.507350,BUFFER,927,,,,948224,held=1
5.507370,NAK,926,,,,948224,
5.515312,BUFFER,928,,,,948224,held=2
5.515598,BUFFER,929,,,,948224,held=3
5.518612,BUFFER,930,,,,948224,held=4
5.529392,BUFFER,931,,,,948224,held=5
5.549878,DUP,919,,,,948224,
5.550431,BUFFER,932,,,,948224,held=6
5.550782,BUFFER,933,,,,948224,held=7
5.551070,BUFFER,934,,,,948224,held=8
5.551338,BUFFER,935,,,,948224,held=9
5.551696,BUFFER,936,,,,948224,held=10
5.552017,BUFFER,937,,,,948224,held=11
5.552305,BUFFER,938,,,,948224,held=12
5.555814,BUFFER,939,,,,948224,held=13
5.556132,BUFFER,926,,,,948224,held=14
5.556152,DELIVER,926,,,,949248,
5.556160,DELIVER,927,,,,950272,
5.556167,DELIVER,928,,,,951296,
5.556173,DELIVER,929,,,,952320,
5.556179,DELIVER,930,,,,953344,
5.556184,DELIVER,931,,,,954368,
5.556189,DELIVER,932,,,,955392,
5.556195,DELIVER,933,,,,956416,
5.556200,DELIVER,934,,,,957440,
5.556206,DELIVER,935,,,,958464,
5.556211,DELIVER,936,,,,959488,
5.556217,DELIVER,937,,,,960512,
5.556223,DELIVER,938,,,,961536,
5.556229,DELIVER,939,,,,962560,
5.556525,BUFFER,940,,,,962560,held=1
5.556538,DELIVER,940,,,,963584,
5.561707,BUFFER,941,,,,963584,held=1
5.561737,DELIVER,941,,,,964608,
5.562373,BUFFER,942,,,,964608,held=1
5.562391,DELIVER,942,,,,965632,
5.565515,BUFFER,943,,,,965632,held=1
5.565539,DELIVER,943,,,,966656,
5.565807,BUFFER,944,,,,966656,held=1
5.565819,DELIVER,944,,,,967680,
5.572276,BUFFER,945,,,,967680,held=1
5.572348,DELIVER,945,,,,968704,
5.597459,BUFFER,946,,,,968704,held=1
5.597487,DELIVER,946,,,,969728,
5.599090,BUFFER,947,,,,969728,held=1
5.599112,DELIVER,947,,,,970752,
5.599630,BUFFER,948,,,,970752,held=1
5.599699,DELIVER,948,,,,971776,
5.600141,DUP,926,,,,971776,
5.600477,BUFFER,949,,,,971776,held=1
5.600491,DELIVER,949,,,,972800,
5.600748,BUFFER,950,,,,972800,held=1
5.600760,DELIVER,950,,,,973824,
5.601106,BUFFER,951,,,,973824,held=1
5.601127,DELIVER,951,,,,974848,
5.606175,BUFFER,952,,,,974848,held=1
5.606211,DELIVER,952,,,,975872,
5.606539,BUFFER,953,,,,975872,held=1
5.606549,DELIVER,953,,,,976896,
5.606884,BUFFER,954,,,,976896,held=1
5.606900,DELIVER,954,,,,977920,
5.607199,BUFFER,955,,,,977920,held=1
5.607209,DELIVER,955,,,,978944,
5.611364,BUFFER,956,,,,978944,held=1
5.611410,DELIVER,956,,,,979968,
5.611786,DUP,934,,,,979968,
5.620896,BUFFER,957,,,,979968,held=1
5.620921,DELIVER,957,,,,980992,
5.621202,BUFFER,958,,,,980992,held=1
5.621214,DELIVER,958,,,,982016,
5.621563,BUFFER,959,,,,982016,held=1
5.621581,DELIVER,959,,,,983040,
5.647448,BUFFER,960,,,,983040,held=1
5.647477,DELIVER,960,,,,984064,
5.648049,BUFFER,961,,,,984064,held=1
5.648070,DELIVER,961,,,,985088,
5.648684,BUFFER,962,,,,985088,held=1
5.648710,DELIVER,962,,,,986112,
5.649029,BUFFER,963,,,,986112,held=1
5.649045,DELIVER,963,,,,987136,
5.649358,BUFFER,964,,,,987136,held=1
5.649381,DELIVER,964,,,,988160,
5.649695,BUFFER,965,,,,988160,held=1
5.649709,DELIVER,965,,,,989184,
5.656736,BUFFER,966,,,,989184,held=1
5.656764,DELIVER,966,,,,990208,
5.657023,BUFFER,967,,,,990208,held=1
5.657034,DELIVER,967,,,,991232,
5.657270,BUFFER,968,,,,991232,held=1
5.657278,DELIVER,968,,,,992256,
5.657497,BUFFER,969,,,,992256,held=1
5.657505,DELIVER,969,,,,993280,
5.657742,BUFFER,970,,,,993280,held=1
5.657752,DELIVER,970,,,,994304,
5.658034,BUFFER,971,,,,994304,held=1
5.658046,DELIVER,971,,,,995328,
5.662214,BUFFER,972,,,,995328,held=1
5.662246,DELIVER,972,,,,996352,
5.671213,BUFFER,973,,,,996352,held=1
5.671239,DELIVER,973,,,,997376,
5.671547,BUFFER,974,,,,997376,held=1
5.671558,DELIVER,974,,,,998400,
5.678051,BUFFER,975,,,,998400,held=1
5.678080,DELIVER,975,,,,999424,
5.694849,BUFFER,976,,,,999424,held=1
5.694878,DELIVER,976,,,,1000448,
5.699814,BUFFER,978,,,,1000448,held=1
5.699905,NAK,977,,,,1000448,
5.700297,BUFFER,979,,,,1000448,held=2
5.700703,BUFFER,980,,,,1000448,held=3
5.701070,BUFFER,981,,,,1000448,held=4
5.701419,BUFFER,982,,,,1000448,held=5
5.701702,BUFFER,983,,,,1000448,held=6
5.709185,BUFFER,984,,,,1000448,held=7
5.709652,BUFFER,985,,,,1000448,held=8
5.710025,BUFFER,986,,,,1000448,held=9
5.710396,BUFFER,987,,,,1000448,held=10
5.710751,BUFFER,988,,,,1000448,held=11
5.711112,BUFFER,989,,,,1000448,held=12
5.721115,BUFFER,990,,,,1000448,held=13
5.721720,BUFFER,991,,,,1000448,held=14
5.722151,BUFFER,992,,,,1000448,held=15
5.738774,BUFFER,993,,,,1000448,held=16
5.743166,BUFFER,994,,,,1000448,held=17
5.744964,BUFFER,977,,,,1000448,held=18
5.744987,DELIVER,977,,,,1001472,
5.745195,DELIVER,978,,,,1002496,
5.745203,DELIVER,979,,,,1003520,
5.745210,DELIVER,980,,,,1004544,
5.745216,DELIVER,981,,,,1005568,
5.745221,DELIVER,982,,,,1006592,
5.745227,DELIVER,983,,,,1007616,
5.745233,DELIVER,984,,,,1008640,
5.745239,DELIVER,985,,,,1009664,
5.745244,DELIVER,986,,,,1010688,
5.745250,DELIVER,987,,,,1011712,
5.745256,DELIVER,988,,,,1012736,
5.745261,DELIVER,989,,,,1013760,
5.745266,DELIVER,990,,,,1014784,
5.745272,DELIVER,991,,,,1015808,
5.745277,DELIVER,992,,,,1016832,
5.745282,DELIVER,993,,,,1017856,
5.745288,DELIVER,994,,,,1018880,
5.748425,DUP,977,,,,1018880,
5.754690,BUFFER,995,,,,1018880,held=1
5.754720,DELIVER,995,,,,1019904,
5.755161,BUFFER,996,,,,1019904,held=1
5.755177,DELIVER,996,,,,1020928,
5.755470,BUFFER,997,,,,1020928,held=1
5.755485,DELIVER,997,,,,1021952,
5.760851,BUFFER,998,,,,1021952,held=1
5.760883,DELIVER,998,,,,1022976,
5.761239,BUFFER,999,,,,1022976,held=1
5.761309,DELIVER,999,,,,1024000,
5.761876,BUFFER,1000,,,,1024000,held=1
5.761893,DELIVER,1000,,,,1025024,
5.762446,BUFFER,1001,,,,1025024,held=1
5.762461,DELIVER,1001,,,,1026048,
5.762764,BUFFER,1002,,,,1026048,held=1
5.762775,DELIVER,1002,,,,1027072,
5.763305,BUFFER,1003,,,,1027072,held=1
5.763323,DELIVER,1003,,,,1028096,
5.772776,BUFFER,1004,,,,1028096,held=1
5.772805,DELIVER,1004,,,,1029120,
5.773214,BUFFER,1005,,,,1029120,held=1
5.773242,DELIVER,1005,,,,1030144,
5.773503,BUFFER,1006,,,,1030144,held=1
5.773514,DELIVER,1006,,,,1031168,
5.785040,BUFFER,1007,,,,1031168,held=1
5.785056,DELIVER,1007,,,,1032192,
5.788139,BUFFER,1008,,,,1032192,held=1
5.788150,DELIVER,1008,,,,1033216,
5.790783,BUFFER,1009,,,,1033216,held=1
5.790793,DELIVER,1009,,,,1034240,
5.791101,BUFFER,1010,,,,1034240,held=1
5.791115,DELIVER,1010,,,,1035264,
5.791471,BUFFER,1011,,,,1035264,held=1
5.791479,DELIVER,1011,,,,1036288,
5.797991,DUP,979,,,,1036288,
5.801410,DUP,979,,,,1036288,
5.807888,BUFFER,1012,,,,1036288,held=1
5.807904,DELIVER,1012,,,,1037312,
5.808273,BUFFER,1013,,,,1037312,held=1
5.808289,DELIVER,1013,,,,1038336,
5.808514,BUFFER,1014,,,,1038336,held=1
5.808522,DELIVER,1014,,,,1039360,
5.811901,BUFFER,1015,,,,1039360,held=1
5.811918,DELIVER,1015,,,,1040384,
5.812182,BUFFER,1016,,,,1040384,held=1
5.812190,DELIVER,1016,,,,1041408,
5.812398,BUFFER,1017,,,,1041408,held=1
5.812404,DELIVER,1017,,,,1042432,
5.812603,BUFFER,1018,,,,1042432,held=1
5.812608,DELIVER,1018,,,,1043456,
5.812804,BUFFER,1019,,,,1043456,held=1
5.812810,DELIVER,1019,,,,1044480,
5.813005,BUFFER,1020,,,,1044480,held=1
5.813010,DELIVER,1020,,,,1045504,
5.816347,BUFFER,1021,,,,1045504,held=1
5.816361,DELIVER,1021,,,,1046528,
5.816572,BUFFER,1022,,,,1046528,held=1
5.816579,DELIVER,1022,,,,1047552,
5.832044,BUFFER,1023,,,,1047552,held=1
5.832061,DELIVER,1023,,,,1048576,
5.832340,BUFFER,1024,,,,1048576,held=1
5.832428,DELIVER,1024,,,,1049600,
5.837210,BUFFER,1025,,,,1049600,held=1
5.837227,DELIVER,1025,,,,1050624,
5.837484,BUFFER,1027,,,,1050624,held=1
5.837503,NAK,1026,,,,1050624,
5.837789,BUFFER,1028,,,,1050624,held=2
5.857496,BUFFER,1029,,,,1050624,held=3
5.859773,BUFFER,1030,,,,1050624,held=4
5.860081,DUP,1013,,,,1050624,
5.860353,BUFFER,1031,,,,1050624,held=5
5.862568,BUFFER,1032,,,,1050624,held=6
5.862822,BUFFER,1033,,,,1050624,held=7
5.863142,BUFFER,1034,,,,1050624,held=8
5.863334,BUFFER,1035,,,,1050624,held=9
5.863690,BUFFER,1036,,,,1050624,held=10
5.869382,BUFFER,1037,,,,1050624,held=11
5.877846,BUFFER,1038,,,,1050624,held=12
5.878029,BUFFER,1040,,,,1050624,held=13
5.878044,NAK,1039,,,,1050624,
5.879027,BUFFER,1041,,,,1050624,held=14
5.880071,BUFFER,1026,,,,1050624,held=15
5.880081,DELIVER,1026,,,,1051648,
5.880085,DELIVER,1027,,,,1052672,
5.880089,DELIVER,1028,,,,1053696,
5.880093,DELIVER,1029,,,,1054720,
5.880096,DELIVER,1030,,,,1055744,
5.880099,DELIVER,1031,,,,1056768,
5.880103,DELIVER,1032,,,,1057792,
5.880106,DELIVER,1033,,,,1058816,
5.880109,DELIVER,1034,,,,1059840,
5.880112,DELIVER,1035,,,,1060864,
5.880116,DELIVER,1036,,,,1061888,
5.880119,DELIVER,1037,,,,1062912,
5.880123,DELIVER,1038,,,,1063936,
5.888569,BUFFER,1042,,,,1063936,held=3
5.898948,BUFFER,1043,,,,1063936,held=4
5.899145,BUFFER,1044,,,,1063936,held=5
5.900749,DUP,1026,,,,1063936,
5.910104,BUFFER,1045,,,,1063936,held=6
5.910305,BUFFER,1046,,,,1063936,held=7
5.912418,BUFFER,1047,,,,1063936,held=8
5.913552,BUFFER,1048,,,,1063936,held=9
5.913724,BUFFER,1049,,,,1063936,held=10
5.913901,BUFFER,1050,,,,1063936,held=11
5.914087,BUFFER,1051,,,,1063936,held=12
5.918401,BUFFER,1052,,,,1063936,held=13
5.919394,BUFFER,1039,,,,1063936,held=14
5.919405,DELIVER,1039,,,,1064960,
5.919411,DELIVER,1040,,,,1065984,
5.919415,DELIVER,1041,,,,1067008,
5.919418,DELIVER,1042,,,,1068032,
5.919422,DELIVER,1043,,,,1069056,
5.919425,DELIVER,1044,,,,1070080,
5.919429,DELIVER,1045,,,,1071104,
5.919432,DELIVER,1046,,,,1072128,
5.919435,DELIVER,1047,,,,1073152,
5.919439,DELIVER,1048,,,,1074176,
5.919442,DELIVER,1049,,,,1075200,
5.919446,DELIVER,1050,,,,1076224,
5.919449,DELIVER,1051,,,,1077248,
5.919452,DELIVER,1052,,,,1078272,
5.923022,BUFFER,1053,,,,1078272,held=1
5.923030,DELIVER,1053,,,,1079296,
5.923202,BUFFER,1054,,,,1079296,held=1
5.923210,DELIVER,1054,,,,1080320,
5.927135,BUFFER,1055,,,,1080320,held=1
5.927147,DELIVER,1055,,,,1081344,
5.934382,BUFFER,1056,,,,1081344,held=1
5.934394,DELIVER,1056,,,,1082368,
5.949270,BUFFER,1057,,,,1082368,held=1
5.949295,DELIVER,1057,,,,1083392,
5.949485,BUFFER,1058,,,,1083392,held=1
5.949493,DELIVER,1058,,,,1084416,
5.949643,BUFFER,1059,,,,1084416,held=1
5.949648,DELIVER,1059,,,,1085440,
5.951026,BUFFER,1060,,,,1085440,held=1
5.951034,DELIVER,1060,,,,1086464,
5.952804,DUP,1030,,,,1086464,
5.958195,BUFFER,1061,,,,1086464,held=1
5.958203,DELIVER,1061,,,,1087488,
5.958390,BUFFER,1062,,,,1087488,held=1
5.958398,DELIVER,1062,,,,1088512,
5.958560,BUFFER,1063,,,,1088512,held=1
5.958565,DELIVER,1063,,,,1089536,
5.960025,BUFFER,1064,,,,1089536,held=1
5.960046,DELIVER,1064,,,,1090560,
5.960386,BUFFER,1065,,,,1090560,held=1
5.960401,DELIVER,1065,,,,1091584,
5.960735,BUFFER,1066,,,,1091584,held=1
5.960745,DELIVER,1066,,,,1092608,
5.960922,BUFFER,1067,,,,1092608,held=1
5.960928,DELIVER,1067,,,,1093632,
5.963322,BUFFER,1068,,,,1093632,held=1
5.963335,DELIVER,1068,,,,1094656,
5.963487,BUFFER,1069,,,,1094656,held=1
5.963492,DELIVER,1069,,,,1095680,
5.963654,BUFFER,1070,,,,1095680,held=1
5.963660,DELIVER,1070,,,,1096704,
5.963805,BUFFER,1071,,,,1096704,held=1
5.963809,DELIVER,1071,,,,1097728,
5.967448,BUFFER,1072,,,,1097728,held=1
5.967453,DELIVER,1072,,,,1098752,
5.980686,BUFFER,1073,,,,1098752,held=1
5.980711,DELIVER,1073,,,,1099776,
5.988679,BUFFER,1074,,,,1099776,held=1
5.988712,DELIVER,1074,,,,1100800,
5.990734,BUFFER,1075,,,,1100800,held=1
5.990755,DELIVER,1075,,,,1101824,
5.996569,BUFFER,1077,,,,1101824,held=1
5.996604,NAK,1076,,,,1101824,
5.996903,BUFFER,1078,,,,1101824,held=2
6.004390,BUFFER,1080,,,,1101824,held=3
6.004430,NAK,1079,,,,1101824,
6.004700,BUFFER,1081,,,,1101824,held=4
6.004977,BUFFER,1082,,,,1101824,held=5
6.005272,BUFFER,1083,,,,1101824,held=6
6.005564,BUFFER,1084,,,,1101824,held=7
6.005847,BUFFER,1085,,,,1101824,held=8
6.006058,BUFFER,1086,,,,1101824,held=9
6.014727,BUFFER,1087,,,,1101824,held=10
6.015014,BUFFER,1088,,,,1101824,held=11
6.015269,BUFFER,1089,,,,1101824,held=12
6.015516,BUFFER,1090,,,,1101824,held=13
6.016124,BUFFER,1091,,,,1101824,held=14
6.024399,BUFFER,1092,,,,1101824,held=15
6.035625,BUFFER,1093,,,,1101824,held=16
6.035950,BUFFER,1094,,,,1101824,held=17
6.040019,BUFFER,1095,,,,1101824,held=18
6.040627,BUFFER,1076,,,,1101824,held=19
6.040647,DELIVER,1076,,,,1102848,
6.040656,DELIVER,1077,,,,1103872,
6.040663,DELIVER,1078,,,,1104896,
6.042641,DUP,1076,,,,1104896,
6.053689,BUFFER,1079,,,,1104896,held=17
6.053716,DELIVER,1079,,,,1105920,
6.053725,DELIVER,1080,,,,1106944,
6.053732,DELIVER,1081,,,,1107968,
6.053737,DELIVER,1082,,,,1108992,
6.053765,DELIVER,1083,,,,1110016,
6.053775,DELIVER,1084,,,,1111040,
6.053782,DELIVER,1085,,,,1112064,
6.053788,DELIVER,1086,,,,1113088,
6.053794,DELIVER,1087,,,,1114112,
6.053801,DELIVER,1088,,,,1115136,
6.053811,DELIVER,1089,,,,1116160,
6.053817,DELIVER,1090,,,,1117184,
6.053823,DELIVER,1091,,,,1118208,
6.053829,DELIVER,1092,,,,1119232,
6.053835,DELIVER,1093,,,,1120256,
6.053841,DELIVER,1094,,,,1121280,
6.053846,DELIVER,1095,,,,1122304,
6.054452,BUFFER,1096,,,,1122304,held=1
6.054478,DELIVER,1096,,,,1123328,
6.056692,BUFFER,1097,,,,1123328,held=1
6.056708,DELIVER,1097,,,,1124352,
6.057066,BUFFER,1098,,,,1124352,held=1
6.057073,DELIVER,1098,,,,1125376,
6.057302,BUFFER,1099,,,,1125376,held=1
6.057309,DELIVER,1099,,,,1126400,
6.057547,BUFFER,1100,,,,1126400,held=1
6.057557,DELIVER,1100,,,,1127424,
6.057811,BUFFER,1101,,,,1127424,held=1
6.057821,DELIVER,1101,,,,1128448,
6.058041,BUFFER,1102,,,,1128448,held=1
6.058048,DELIVER,1102,,,,1129472,
6.058268,BUFFER,1103,,,,1129472,held=1
6.058276,DELIVER,1103,,,,1130496,
6.063452,BUFFER,1104,,,,1130496,held=1
6.063470,DELIVER,1104,,,,1131520,
6.063733,BUFFER,1105,,,,1131520,held=1
6.063741,DELIVER,1105,,,,1132544,
6.066610,BUFFER,1106,,,,1132544,held=1
6.066619,DELIVER,1106,,,,1133568,
6.068360,BUFFER,1107,,,,1133568,held=1
6.068370,DELIVER,1107,,,,1134592,
6.074088,BUFFER,1108,,,,1134592,held=1
6.074111,DELIVER,1108,,,,1135616,
6.077018,BUFFER,1109,,,,1135616,held=1
6.077047,DELIVER,1109,,,,1136640,
6.077293,BUFFER,1110,,,,1136640,held=1
6.077302,DELIVER,1110,,,,1137664,
6.080078,BUFFER,1111,,,,1137664,held=1
6.080103,DELIVER,1111,,,,1138688,
6.080398,BUFFER,1112,,,,1138688,held=1
6.080408,DELIVER,1112,,,,1139712,
6.097053,BUFFER,1113,,,,1139712,held=1
6.097080,DELIVER,1113,,,,1140736,
6.100344,BUFFER,1114,,,,1140736,held=1
6.100375,DELIVER,1114,,,,1141760,
6.105347,BUFFER,1115,,,,1141760,held=1
6.105368,DELIVER,1115,,,,1142784,
6.105657,BUFFER,1116,,,,1142784,held=1
6.105667,DELIVER,1116,,,,1143808,
6.105927,BUFFER,1117,,,,1143808,held=1
6.105936,DELIVER,1117,,,,1144832,
6.106220,BUFFER,1118,,,,1144832,held=1
6.106235,DELIVER,1118,,,,1145856,
6.106487,BUFFER,1120,,,,1145856,held=1
6.106506,NAK,1119,,,,1145856,
6.111340,BUFFER,1121,,,,1145856,held=2
6.111647,BUFFER,1122,,,,1145856,held=3
6.111946,BUFFER,1123,,,,1145856,held=4
6.112742,BUFFER,1124,,,,1145856,held=5
6.113132,BUFFER,1125,,,,1145856,held=6
6.117858,BUFFER,1126,,,,1145856,held=7
6.118148,BUFFER,1127,,,,1145856,held=8
6.119017,BUFFER,1128,,,,1145856,held=9
6.130579,BUFFER,1131,,,,1145856,held=10
6.130634,NAK,1129,,,,1145856,
6.130722,NAK,1130,,,,1145856,
6.144285,BUFFER,1132,,,,1145856,held=11
6.145022,BUFFER,1133,,,,1145856,held=12
6.149449,BUFFER,1134,,,,1145856,held=13
6.156481,BUFFER,1135,,,,1145856,held=14
6.157013,BUFFER,1136,,,,1145856,held=15
6.157041,NAK,1119,,,,1145856,
6.157400,BUFFER,1137,,,,1145856,held=16
6.157709,BUFFER,1138,,,,1145856,held=17
6.158067,BUFFER,1139,,,,1145856,held=18
6.158400,BUFFER,1119,,,,1145856,held=19
6.158419,DELIVER,1119,,,,1146880,
6.158427,DELIVER,1120,,,,1147904,
6.158434,DELIVER,1121,,,,1148928,
6.158440,DELIVER,1122,,,,1149952,
6.158447,DELIVER,1123,,,,1150976,
6.158454,DELIVER,1124,,,,1152000,
6.158460,DELIVER,1125,,,,1153024,
6.158467,DELIVER,1126,,,,1154048,
6.158472,DELIVER,1127,,,,1155072,
6.158478,DELIVER,1128,,,,1156096,
6.158879,BUFFER,1140,,,,1156096,held=10
6.159178,BUFFER,1141,,,,1156096,held=11
6.162085,BUFFER,1142,,,,1156096,held=12
6.163023,BUFFER,1143,,,,1156096,held=13
6.166373,BUFFER,1144,,,,1156096,held=14
6.172074,BUFFER,1129,,,,1156096,held=15
6.172106,DELIVER,1129,,,,1157120,
6.181003,BUFFER,1145,,,,1157120,held=15
6.181047,NAK,1130,,,,1157120,
6.181515,BUFFER,1130,,,,1157120,held=16
6.181534,DELIVER,1130,,,,1158144,
6.181543,DELIVER,1131,,,,1159168,
6.181551,DELIVER,1132,,,,1160192,
6.181559,DELIVER,1133,,,,1161216,
6.181574,DELIVER,1134,,,,1162240,
6.181582,DELIVER,1135,,,,1163264,
6.181589,DELIVER,1136,,,,1164288,
6.181596,DELIVER,1137,,,,1165312,
6.181680,DELIVER,1138,,,,1166336,
6.181708,DELIVER,1139,,,,1167360,
6.181716,DELIVER,1140,,,,1168384,
6.181722,DELIVER,1141,,,,1169408,
6.181728,DELIVER,1142,,,,1170432,
6.181734,DELIVER,1143,,,,1171456,
6.181744,DELIVER,1144,,,,1172480,
6.181749,DELIVER,1145,,,,1173504,
6.182047,BUFFER,1146,,,,1173504,held=1
6.182056,DELIVER,1146,,,,1174528,
6.182369,BUFFER,1147,,,,1174528,held=1
6.182382,DELIVER,1147,,,,1175552,
6.190603,BUFFER,1148,,,,1175552,held=1
6.190630,DELIVER,1148,,,,1176576,
6.192449,BUFFER,1149,,,,1176576,held=1
6.192472,DELIVER,1149,,,,1177600,
6.197999,BUFFER,1150,,,,1177600,held=1
6.198030,DELIVER,1150,,,,1178624,
6.210243,DUP,1119,,,,1178624,
6.210985,BUFFER,1151,,,,1178624,held=1
6.211013,DELIVER,1151,,,,1179648,
6.211848,BUFFER,1152,,,,1179648,held=1
6.212126,DELIVER,1152,,,,1180672,
6.213430,BUFFER,1153,,,,1180672,held=1
6.213451,DELIVER,1153,,,,1181696,
6.213981,BUFFER,1154,,,,1181696,held=1
6.213993,DELIVER,1154,,,,1182720,
6.214275,BUFFER,1155,,,,1182720,held=1
6.214284,DELIVER,1155,,,,1183744,
6.214844,BUFFER,1156,,,,1183744,held=1
6.214863,DELIVER,1156,,,,1184768,
6.215148,DUP,1129,,,,1184768,
6.215358,BUFFER,1157,,,,1184768,held=1
6.215366,DELIVER,1157,,,,1185792,
6.215688,BUFFER,1158,,,,1185792,held=1
6.215701,DELIVER,1158,,,,1186816,
6.216004,BUFFER,1159,,,,1186816,held=1
6.216012,DELIVER,1159,,,,1187840,
6.216318,BUFFER,1160,,,,1187840,held=1
6.216327,DELIVER,1160,,,,1188864,
6.216625,BUFFER,1161,,,,1188864,held=1
6.216634,DELIVER,1161,,,,1189888,
6.216939,BUFFER,1162,,,,1189888,held=1
6.216950,DELIVER,1162,,,,1190912,
6.227315,BUFFER,1163,,,,1190912,held=1
6.227338,DELIVER,1163,,,,1191936,
6.229585,BUFFER,1164,,,,1191936,held=1
6.229597,DELIVER,1164,,,,1192960,
6.229887,BUFFER,1165,,,,1192960,held=1
6.229895,DELIVER,1165,,,,1193984,
6.236382,BUFFER,1166,,,,1193984,held=1
6.236393,DELIVER,1166,,,,1195008,
6.241231,BUFFER,1167,,,,1195008,held=1
6.241258,DELIVER,1167,,,,1196032,
6.241487,BUFFER,1168,,,,1196032,held=1
6.241495,DELIVER,1168,,,,1197056,
6.241771,BUFFER,1169,,,,1197056,held=1
6.241782,DELIVER,1169,,,,1198080,
6.248525,BUFFER,1170,,,,1198080,held=1
6.248595,DELIVER,1170,,,,1199104,
6.256899,BUFFER,1171,,,,1199104,held=1
6.256936,DELIVER,1171,,,,1200128,
6.260535,BUFFER,1172,,,,1200128,held=1
6.260555,DELIVER,1172,,,,1201152,
6.260991,BUFFER,1173,,,,1201152,held=1
6.261004,DELIVER,1173,,,,1202176,
6.263188,BUFFER,1174,,,,1202176,held=1
6.263212,DELIVER,1174,,,,1203200,
6.263497,BUFFER,1175,,,,1203200,held=1
6.263511,DELIVER,1175,,,,1204224,
6.264103,BUFFER,1176,,,,1204224,held=1
6.264119,DELIVER,1176,,,,1205248,
6.264366,BUFFER,1177,,,,1205248,held=1
6.264378,DELIVER,1177,,,,1206272,
6.267562,BUFFER,1178,,,,1206272,held=1
6.267587,DELIVER,1178,,,,1207296,
6.269750,BUFFER,1179,,,,1207296,held=1
6.269774,DELIVER,1179,,,,1208320,
6.270050,BUFFER,1181,,,,1208320,held=1
6.270074,NAK,1180,,,,1208320,
6.270356,BUFFER,1182,,,,1208320,held=2
6.270691,BUFFER,1183,,,,1208320,held=3
6.276081,BUFFER,1184,,,,1208320,held=4
6.281382,BUFFER,1185,,,,1208320,held=5
6.281962,BUFFER,1186,,,,1208320,held=6
6.290296,BUFFER,1187,,,,1208320,held=7
6.290711,DUP,1167,,,,1208320,
6.295695,BUFFER,1188,,,,1208320,held=8
6.301090,BUFFER,1189,,,,1208320,held=9
6.311321,BUFFER,1190,,,,1208320,held=10
6.312114,BUFFER,1191,,,,1208320,held=11
6.312465,BUFFER,1192,,,,1208320,held=12
6.312894,BUFFER,1193,,,,1208320,held=13
6.316483,BUFFER,1194,,,,1208320,held=14
6.316790,BUFFER,1180,,,,1208320,held=15
6.316806,DELIVER,1180,,,,1209344,
6.316819,DELIVER,1181,,,,1210368,
6.316826,DELIVER,1182,,,,1211392,
6.316832,DELIVER,1183,,,,1212416,
6.316839,DELIVER,1184,,,,1213440,
6.316844,DELIVER,1185,,,,1214464,
6.316850,DELIVER,1186,,,,1215488,
6.316856,DELIVER,1187,,,,1216512,
6.316862,DELIVER,1188,,,,1217536,
6.316867,DELIVER,1189,,,,1218560,
6.316873,DELIVER,1190,,,,1219584,
6.316879,DELIVER,1191,,,,1220608,
6.316886,DELIVER,1192,,,,1221632,
6.316892,DELIVER,1193,,,,1222656,
6.316898,DELIVER,1194,,,,1223680,
6.317534,BUFFER,1195,,,,1223680,held=1
6.317552,DELIVER,1195,,,,1224704,
6.320233,BUFFER,1196,,,,1224704,held=1
6.320262,DELIVER,1196,,,,1225728,
6.321578,BUFFER,1197,,,,1225728,held=1
6.321598,DELIVER,1197,,,,1226752,
6.321886,BUFFER,1198,,,,1226752,held=1
6.321895,DELIVER,1198,,,,1227776,
6.322215,BUFFER,1199,,,,1227776,held=1
6.322228,DELIVER,1199,,,,1228800,
6.328716,BUFFER,1200,,,,1228800,held=1
6.328889,DELIVER,1200,,,,1229824,
6.334881,BUFFER,1201,,,,1229824,held=1
6.335026,DELIVER,1201,,,,1230848,
6.344314,BUFFER,1202,,,,1230848,held=1
6.344349,DELIVER,1202,,,,1231872,
6.349528,BUFFER,1203,,,,1231872,held=1
6.349555,DELIVER,1203,,,,1232896,
6.349947,BUFFER,1204,,,,1232896,held=1
6.349959,DELIVER,1204,,,,1233920,
6.358000,BUFFER,1205,,,,1233920,held=1
6.358031,DELIVER,1205,,,,1234944,
6.360292,BUFFER,1206,,,,1234944,held=1
6.360326,DELIVER,1206,,,,1235968,
6.360943,BUFFER,1207,,,,1235968,held=1
6.360965,DELIVER,1207,,,,1236992,
6.361521,BUFFER,1208,,,,1236992,held=1
6.361544,DELIVER,1208,,,,1238016,
6.365391,BUFFER,1209,,,,1238016,held=1
6.365421,DELIVER,1209,,,,1239040,
6.365904,BUFFER,1210,,,,1239040,held=1
6.365921,DELIVER,1210,,,,1240064,
6.366270,BUFFER,1211,,,,1240064,held=1
6.366282,DELIVER,1211,,,,1241088,
6.366620,DUP,1179,,,,1241088,
6.369084,BUFFER,1212,,,,1241088,held=1
6.369110,DELIVER,1212,,,,1242112,
6.369365,BUFFER,1213,,,,1242112,held=1
6.369377,DELIVER,1213,,,,1243136,
6.373787,BUFFER,1215,,,,1243136,held=1
6.373831,NAK,1214,,,,1243136,
6.383200,BUFFER,1216,,,,1243136,held=2
6.392207,DUP,1186,,,,1243136,
6.392592,BUFFER,1217,,,,1243136,held=3
6.392943,BUFFER,1218,,,,1243136,held=4
6.393254,DUP,1167,,,,1243136,
6.402466,BUFFER,1219,,,,1243136,held=5
6.410978,BUFFER,1220,,,,1243136,held=6
6.411513,BUFFER,1221,,,,1243136,held=7
6.411874,DUP,1188,,,,1243136,
6.412248,BUFFER,1222,,,,1243136,held=8
6.413604,BUFFER,1223,,,,1243136,held=9
6.414495,BUFFER,1224,,,,1243136,held=10
6.414769,BUFFER,1225,,,,1243136,held=11
6.415027,BUFFER,1226,,,,1243136,held=12
6.415278,BUFFER,1214,,,,1243136,held=13
6.415289,DELIVER,1214,,,,1244160,
6.415296,DELIVER,1215,,,,1245184,
6.415302,DELIVER,1216,,,,1246208,
6.415308,DELIVER,1217,,,,1247232,
6.415314,DELIVER,1218,,,,1248256,
6.415319,DELIVER,1219,,,,1249280,
6.415325,DELIVER,1220,,,,1250304,
6.415330,DELIVER,1221,,,,1251328,
6.415336,DELIVER,1222,,,,1252352,
6.415342,DELIVER,1223,,,,1253376,
6.415348,DELIVER,1224,,,,1254400,
6.415353,DELIVER,1225,,,,1255424,
6.415359,DELIVER,1226,,,,1256448,
6.424373,BUFFER,1227,,,,1256448,held=1
6.424400,DELIVER,1227,,,,1257472,
6.424663,BUFFER,1228,,,,1257472,held=1
6.424674,DELIVER,1228,,,,1258496,
6.424952,BUFFER,1229,,,,1258496,held=1
6.424964,DELIVER,1229,,,,1259520,
6.434851,BUFFER,1230,,,,1259520,held=1
6.434877,DELIVER,1230,,,,1260544,
6.435190,BUFFER,1231,,,,1260544,held=1
6.435206,DELIVER,1231,,,,1261568,
6.435531,BUFFER,1232,,,,1261568,held=1
6.435546,DELIVER,1232,,,,1262592,
6.435869,BUFFER,1233,,,,1262592,held=1
6.435883,DELIVER,1233,,,,1263616,
6.442911,DUP,1202,,,,1263616,
6.450290,DUP,1188,,,,1263616,
6.450562,BUFFER,1235,,,,1263616,held=1
6.450582,NAK,1234,,,,1263616,
6.464980,DUP,1206,,,,1263616,
6.465401,DUP,1202,,,,1263616,
6.466090,BUFFER,1236,,,,1263616,held=2
6.466536,BUFFER,1237,,,,1263616,held=3
6.467219,BUFFER,1238,,,,1263616,held=4
6.467825,BUFFER,1239,,,,1263616,held=5
6.468100,BUFFER,1240,,,,1263616,held=6
6.468328,BUFFER,1241,,,,1263616,held=7
6.468589,BUFFER,1242,,,,1263616,held=8
6.469457,BUFFER,1243,,,,1263616,held=9
6.469898,BUFFER,1244,,,,1263616,held=10
6.492872,BUFFER,1246,,,,1263616,held=11
6.492929,NAK,1245,,,,1263616,
6.493237,BUFFER,1247,,,,1263616,held=12
6.493487,BUFFER,1248,,,,1263616,held=13
6.493958,BUFFER,1249,,,,1263616,held=14
6.494267,BUFFER,1250,,,,1263616,held=15
6.504248,BUFFER,1234,,,,1263616,held=16
6.504285,DELIVER,1234,,,,1264640,
6.504299,DELIVER,1235,,,,1265664,
6.504308,DELIVER,1236,,,,1266688,
6.504316,DELIVER,1237,,,,1267712,
6.504324,DELIVER,1238,,,,1268736,
6.504331,DELIVER,1239,,,,1269760,
6.504338,DELIVER,1240,,,,1270784,
6.504345,DELIVER,1241,,,,1271808,
6.504352,DELIVER,1242,,,,1272832,
6.504360,DELIVER,1243,,,,1273856,
6.504374,DELIVER,1244,,,,1274880,
6.504768,BUFFER,1251,,,,1274880,held=6
6.505114,BUFFER,1252,,,,1274880,held=7
6.505474,BUFFER,1253,,,,1274880,held=8
6.510030,BUFFER,1254,,,,1274880,held=9
6.513170,BUFFER,1255,,,,1274880,held=10
6.517165,DUP,1234,,,,1274880,
6.517599,BUFFER,1256,,,,1274880,held=11
6.518092,BUFFER,1257,,,,1274880,held=12
6.518558,BUFFER,1258,,,,1274880,held=13
6.518909,BUFFER,1259,,,,1274880,held=14
6.521248,BUFFER,1260,,,,1274880,held=15
6.521592,BUFFER,1261,,,,1274880,held=16
6.521923,BUFFER,1262,,,,1274880,held=17
6.536980,BUFFER,1245,,,,1274880,held=18
6.537008,DELIVER,1245,,,,1275904,
6.537017,DELIVER,1246,,,,1276928,
6.537025,DELIVER,1247,,,,1277952,
6.537032,DELIVER,1248,,,,1278976,
6.537039,DELIVER,1249,,,,1280000,
6.537045,DELIVER,1250,,,,1281024,
6.537052,DELIVER,1251,,,,1282048,
6.537057,DELIVER,1252,,,,1283072,
6.537063,DELIVER,1253,,,,1284096,
6.537069,DELIVER,1254,,,,1285120,
6.537075,DELIVER,1255,,,,1286144,
6.537081,DELIVER,1256,,,,1287168,
6.537090,DELIVER,1257,,,,1288192,
6.537096,DELIVER,1258,,,,1289216,
6.537102,DELIVER,1259,,,,1290240,
6.537108,DELIVER,1260,,,,1291264,
6.537114,DELIVER,1261,,,,1292288,
6.537120,DELIVER,1262,,,,1293312,
6.540590,BUFFER,1263,,,,1293312,held=1
6.540612,DELIVER,1263,,,,1294336,
6.540904,BUFFER,1264,,,,1294336,held=1
6.540914,DELIVER,1264,,,,1295360,
6.541195,BUFFER,1265,,,,1295360,held=1
6.541209,DELIVER,1265,,,,1296384,
6.541484,BUFFER,1266,,,,1296384,held=1
6.541494,DELIVER,1266,,,,1297408,
6.554557,DUP,1245,,,,1297408,
6.554896,BUFFER,1267,,,,1297408,held=1
6.554910,DELIVER,1267,,,,1298432,
6.555182,BUFFER,1268,,,,1298432,held=1
6.555193,DELIVER,1268,,,,1299456,
6.555484,BUFFER,1269,,,,1299456,held=1
6.555501,DELIVER,1269,,,,1300480,
6.556873,BUFFER,1270,,,,1300480,held=1
6.556891,DELIVER,1270,,,,1301504,
6.558433,BUFFER,1271,,,,1301504,held=1
6.558451,DELIVER,1271,,,,1302528,
6.560957,BUFFER,1272,,,,1302528,held=1
6.560981,DELIVER,1272,,,,1303552,
6.566884,BUFFER,1273,,,,1303552,held=1
6.566908,DELIVER,1273,,,,1304576,
6.567194,BUFFER,1274,,,,1304576,held=1
6.567203,DELIVER,1274,,,,1305600,
6.567486,BUFFER,1276,,,,1305600,held=1
6.567506,NAK,1275,,,,1305600,
6.567776,BUFFER,1277,,,,1305600,held=2
6.568015,BUFFER,1278,,,,1305600,held=3
6.582260,BUFFER,1279,,,,1305600,held=4
6.582777,BUFFER,1280,,,,1305600,held=5
6.584199,BUFFER,1281,,,,1305600,held=6
6.584444,DUP,1246,,,,1305600,
6.584681,BUFFER,1282,,,,1305600,held=7
6.592469,BUFFER,1283,,,,1305600,held=8
6.607465,BUFFER,1284,,,,1305600,held=9
6.607889,BUFFER,1285,,,,1305600,held=10
6.609208,BUFFER,1286,,,,1305600,held=11
6.610409,BUFFER,1288,,,,1305600,held=12
6.610462,NAK,1287,,,,1305600,
6.611362,BUFFER,1289,,,,1305600,held=13
6.611707,BUFFER,1275,,,,1305600,held=14
6.611724,DELIVER,1275,,,,1306624,
6.611735,DELIVER,1276,,,,1307648,
6.611743,DELIVER,1277,,,,1308672,
6.611749,DELIVER,1278,,,,1309696,
6.611754,DELIVER,1279,,,,1310720,
6.611964,DELIVER,1280,,,,1311744,
6.611973,DELIVER,1281,,,,1312768,
6.611978,DELIVER,1282,,,,1313792,
6.611984,DELIVER,1283,,,,1314816,
6.611990,DELIVER,1284,,,,1315840,
6.611996,DELIVER,1285,,,,1316864,
6.612002,DELIVER,1286,,,,1317888,
6.612285,BUFFER,1290,,,,1317888,held=3
6.612633,BUFFER,1291,,,,1317888,held=4
6.613006,BUFFER,1292,,,,1317888,held=5
6.613322,BUFFER,1293,,,,1317888,held=6
6.613642,BUFFER,1295,,,,1317888,held=7
6.613669,NAK,1294,,,,1317888,
6.623604,BUFFER,1296,,,,1317888,held=8
6.624263,BUFFER,1297,,,,1317888,held=9
6.624722,BUFFER,1298,,,,1317888,held=10
6.625213,BUFFER,1299,,,,1317888,held=11
6.628806,BUFFER,1300,,,,1317888,held=12
6.653785,BUFFER,1302,,,,1317888,held=13
6.653829,NAK,1301,,,,1317888,
6.655282,BUFFER,1303,,,,1317888,held=14
6.655613,BUFFER,1304,,,,1317888,held=15
6.655905,BUFFER,1305,,,,1317888,held=16
6.656198,BUFFER,1306,,,,1317888,held=17
6.663453,BUFFER,1287,,,,1317888,held=18
6.663486,DELIVER,1287,,,,1318912,
6.663499,DELIVER,1288,,,,1319936,
6.663508,DELIVER,1289,,,,1320960,
6.663516,DELIVER,1290,,,,1321984,
6.663524,DELIVER,1291,,,,1323008,
6.663531,DELIVER,1292,,,,1324032,
6.663541,DELIVER,1293,,,,1325056,
6.663979,BUFFER,1307,,,,1325056,held=12
6.664015,NAK,1294,,,,1325056,
6.665427,BUFFER,1308,,,,1325056,held=13
6.665917,BUFFER,1309,,,,1325056,held=14
6.666264,BUFFER,1294,,,,1325056,held=15
6.666279,DELIVER,1294,,,,1326080,
6.666292,DELIVER,1295,,,,1327104,
6.666299,DELIVER,1296,,,,1328128,
6.666306,DELIVER,1297,,,,1329152,
6.666312,DELIVER,1298,,,,1330176,
6.666317,DELIVER,1299,,,,1331200,
6.666324,DELIVER,1300,,,,1332224,
6.666944,BUFFER,1310,,,,1332224,held=9
6.667253,BUFFER,1311,,,,1332224,held=10
6.671452,BUFFER,1312,,,,1332224,held=11
6.671855,BUFFER,1313,,,,1332224,held=12
6.672539,BUFFER,1314,,,,1332224,held=13
6.673144,BUFFER,1315,,,,1332224,held=14
6.697588,BUFFER,1317,,,,1332224,held=15
6.697608,NAK,1316,,,,1332224,
6.697780,BUFFER,1301,,,,1332224,held=16
6.697788,DELIVER,1301,,,,1333248,
6.697793,DELIVER,1302,,,,1334272,
6.697797,DELIVER,1303,,,,1335296,
6.697801,DELIVER,1304,,,,1336320,
6.697804,DELIVER,1305,,,,1337344,
6.697808,DELIVER,1306,,,,1338368,
6.697812,DELIVER,1307,,,,1339392,
6.697816,DELIVER,1308,,,,1340416,
6.697820,DELIVER,1309,,,,1341440,
6.697824,DELIVER,1310,,,,1342464,
6.697828,DELIVER,1311,,,,1343488,
6.697831,DELIVER,1312,,,,1344512,
6.697835,DELIVER,1313,,,,1345536,
6.697838,DELIVER,1314,,,,1346560,
6.697842,DELIVER,1315,,,,1347584,
6.702706,BUFFER,1318,,,,1347584,held=2
6.702907,BUFFER,1319,,,,1347584,held=3
6.708000,BUFFER,1320,,,,1347584,held=4
6.708183,BUFFER,1321,,,,1347584,held=5
6.708368,BUFFER,1322,,,,1347584,held=6
6.708536,BUFFER,1323,,,,1347584,held=7
6.711217,DUP,1294,,,,1347584,
6.711396,BUFFER,1324,,,,1347584,held=8
6.711565,BUFFER,1325,,,,1347584,held=9
6.712675,BUFFER,1326,,,,1347584,held=10
6.712883,BUFFER,1327,,,,1347584,held=11
6.716249,BUFFER,1328,,,,1347584,held=12
6.717312,BUFFER,1329,,,,1347584,held=13
6.719240,BUFFER,1330,,,,1347584,held=14
6.719474,BUFFER,1331,,,,1347584,held=15
6.741829,BUFFER,1333,,,,1347584,held=16
6.741851,NAK,1332,,,,1347584,
6.745459,BUFFER,1334,,,,1347584,held=17
6.749378,BUFFER,1335,,,,1347584,held=18
6.749397,NAK,1316,,,,1347584,
6.752900,BUFFER,1336,,,,1347584,held=19
6.754188,DUP,1309,,,,1347584,
6.754501,BUFFER,1337,,,,1347584,held=20
6.765638,BUFFER,1339,,,,1347584,held=21
6.765711,NAK,1338,,,,1347584,
6.766245,BUFFER,1340,,,,1347584,held=22
6.766543,BUFFER,1341,,,,1347584,held=23
6.766930,BUFFER,1342,,,,1347584,held=24
6.767236,BUFFER,1343,,,,1347584,held=25
6.767495,BUFFER,1344,,,,1347584,held=26
6.773819,BUFFER,1316,,,,1347584,held=27
6.773856,DELIVER,1316,,,,1348608,
6.773863,DELIVER,1317,,,,1349632,
6.773872,DELIVER,1318,,,,1350656,
6.773878,DELIVER,1319,,,,1351680,
6.773882,DELIVER,1320,,,,1352704,
6.773887,DELIVER,1321,,,,1353728,
6.773892,DELIVER,1322,,,,1354752,
6.773897,DELIVER,1323,,,,1355776,
6.773902,DELIVER,1324,,,,1356800,
6.773907,DELIVER,1325,,,,1357824,
6.773913,DELIVER,1326,,,,1358848,
6.773918,DELIVER,1327,,,,1359872,
6.773925,DELIVER,1328,,,,1360896,
6.773930,DELIVER,1329,,,,1361920,
6.773935,DELIVER,1330,,,,1362944,
6.773940,DELIVER,1331,,,,1363968,
6.783298,BUFFER,1332,,,,1363968,held=12
6.783312,DELIVER,1332,,,,1364992,
6.783320,DELIVER,1333,,,,1366016,
6.783326,DELIVER,1334,,,,1367040,
6.783332,DELIVER,1335,,,,1368064,
6.783338,DELIVER,1336,,,,1369088,
6.783344,DELIVER,1337,,,,1370112,
6.783603,BUFFER,1345,,,,1370112,held=7
6.793632,BUFFER,1346,,,,1370112,held=8
6.793859,BUFFER,1347,,,,1370112,held=9
6.796637,BUFFER,1348,,,,1370112,held=10
6.796952,BUFFER,1349,,,,1370112,held=11
6.807857,BUFFER,1350,,,,1370112,held=12
6.808112,BUFFER,1351,,,,1370112,held=13
6.810821,DUP,1322,,,,1370112,
6.811141,BUFFER,1338,,,,1370112,held=14
6.811157,DELIVER,1338,,,,1371136,
6.811163,DELIVER,1339,,,,1372160,
6.811170,DELIVER,1340,,,,1373184,
6.811176,DELIVER,1341,,,,1374208,
6.811181,DELIVER,1342,,,,1375232,
6.811186,DELIVER,1343,,,,1376256,
6.811190,DELIVER,1344,,,,1377280,
6.811195,DELIVER,1345,,,,1378304,
6.811200,DELIVER,1346,,,,1379328,
6.811208,DELIVER,1347,,,,1380352,
6.811212,DELIVER,1348,,,,1381376,
6.811217,DELIVER,1349,,,,1382400,
6.811222,DELIVER,1350,,,,1383424,
6.811227,DELIVER,1351,,,,1384448,
6.814000,DUP,1316,,,,1384448,
6.820155,BUFFER,1352,,,,1384448,held=1
6.820195,DELIVER,1352,,,,1385472,
6.820558,BUFFER,1353,,,,1385472,held=1
6.820572,DELIVER,1353,,,,1386496,
6.821005,DUP,1325,,,,1386496,
6.821356,BUFFER,1354,,,,1386496,held=1
6.821376,DELIVER,1354,,,,1387520,
6.824055,BUFFER,1355,,,,1387520,held=1
6.824077,DELIVER,1355,,,,1388544,
6.824323,BUFFER,1356,,,,1388544,held=1
6.824331,DELIVER,1356,,,,1389568,
6.824565,BUFFER,1357,,,,1389568,held=1
6.824576,DELIVER,1357,,,,1390592,
6.824850,BUFFER,1358,,,,1390592,held=1
6.824891,DELIVER,1358,,,,1391616,
6.836849,BUFFER,1359,,,,1391616,held=1
6.836872,DELIVER,1359,,,,1392640,
6.837138,BUFFER,1360,,,,1392640,held=1
6.837151,DELIVER,1360,,,,1393664,
6.847652,DUP,1322,,,,1393664,
6.847937,BUFFER,1361,,,,1393664,held=1
6.847952,DELIVER,1361,,,,1394688,
6.848156,BUFFER,1362,,,,1394688,held=1
6.848163,DELIVER,1362,,,,1395712,
6.848471,BUFFER,1363,,,,1395712,held=1
6.848482,DELIVER,1363,,,,1396736,
6.855286,BUFFER,1364,,,,1396736,held=1
6.855310,DELIVER,1364,,,,1397760,
6.855563,BUFFER,1365,,,,1397760,held=1
6.855571,DELIVER,1365,,,,1398784,
6.855823,BUFFER,1366,,,,1398784,held=1
6.855836,DELIVER,1366,,,,1399808,
6.863153,BUFFER,1367,,,,1399808,held=1
6.863178,DELIVER,1367,,,,1400832,
6.867714,BUFFER,1368,,,,1400832,held=1
6.867731,DELIVER,1368,,,,1401856,
6.867952,DUP,1325,,,,1401856,
6.870969,DUP,1347,,,,1401856,
6.871220,BUFFER,1369,,,,1401856,held=1
6.871238,DELIVER,1369,,,,1402880,
6.874471,BUFFER,1370,,,,1402880,held=1
6.874495,DELIVER,1370,,,,1403904,
6.874740,BUFFER,1371,,,,1403904,held=1
6.874749,DELIVER,1371,,,,1404928,
6.876905,BUFFER,1372,,,,1404928,held=1
6.876928,DELIVER,1372,,,,1405952,
6.877307,BUFFER,1373,,,,1405952,held=1
6.877320,DELIVER,1373,,,,1406976,
6.878367,BUFFER,1374,,,,1406976,held=1
6.878385,DELIVER,1374,,,,1408000,
6.884355,BUFFER,1375,,,,1408000,held=1
6.884386,DELIVER,1375,,,,1409024,
6.887789,BUFFER,1376,,,,1409024,held=1
6.887825,DELIVER,1376,,,,1410048,
6.895630,BUFFER,1377,,,,1410048,held=1
6.895651,DELIVER,1377,,,,1411072,
6.897881,BUFFER,1378,,,,1411072,held=1
6.897912,DELIVER,1378,,,,1412096,
6.898219,BUFFER,1379,,,,1412096,held=1
6.898235,DELIVER,1379,,,,1413120,
6.906328,BUFFER,1381,,,,1413120,held=1
6.906364,NAK,1380,,,,1413120,
6.906684,BUFFER,1382,,,,1413120,held=2
6.915338,BUFFER,1383,,,,1413120,held=3
6.915722,BUFFER,1384,,,,1413120,held=4
6.916185,BUFFER,1385,,,,1413120,held=5
6.916735,BUFFER,1386,,,,1413120,held=6
6.921885,BUFFER,1387,,,,1413120,held=7
6.922183,BUFFER,1388,,,,1413120,held=8
6.922548,BUFFER,1389,,,,1413120,held=9
6.922842,BUFFER,1390,,,,1413120,held=10
6.923136,BUFFER,1391,,,,1413120,held=11
6.923449,BUFFER,1392,,,,1413120,held=12
6.927557,BUFFER,1393,,,,1413120,held=13
6.929420,BUFFER,1394,,,,1413120,held=14
6.944551,BUFFER,1396,,,,1413120,held=15
6.944597,NAK,1395,,,,1413120,
6.944837,BUFFER,1397,,,,1413120,held=16
6.949962,BUFFER,1380,,,,1413120,held=17
6.949985,DELIVER,1380,,,,1414144,
6.949995,DELIVER,1381,,,,1415168,
6.950001,DELIVER,1382,,,,1416192,
6.950010,DELIVER,1383,,,,1417216,
6.950016,DELIVER,1384,,,,1418240,
6.950025,DELIVER,1385,,,,1419264,
6.950029,DELIVER,1386,,,,1420288,
6.950034,DELIVER,1387,,,,1421312,
6.950040,DELIVER,1388,,,,1422336,
6.950045,DELIVER,1389,,,,1423360,
6.950051,DELIVER,1390,,,,1424384,
6.950057,DELIVER,1391,,,,1425408,
6.950063,DELIVER,1392,,,,1426432,
6.950068,DELIVER,1393,,,,1427456,
6.950072,DELIVER,1394,,,,1428480,
6.966235,DUP,1380,,,,1428480,
6.967598,BUFFER,1398,,,,1428480,held=3
6.967923,BUFFER,1399,,,,1428480,held=4
6.968172,BUFFER,1400,,,,1428480,held=5
6.968415,BUFFER,1401,,,,1428480,held=6
6.968703,BUFFER,1403,,,,1428480,held=7
6.968764,NAK,1402,,,,1428480,
6.971483,BUFFER,1404,,,,1428480,held=8
6.971856,BUFFER,1405,,,,1428480,held=9
6.972176,BUFFER,1406,,,,1428480,held=10
6.972475,BUFFER,1407,,,,1428480,held=11
6.976500,BUFFER,1408,,,,1428480,held=12
6.990909,BUFFER,1395,,,,1428480,held=13
6.990935,DELIVER,1395,,,,1429504,
6.990944,DELIVER,1396,,,,1430528,
6.990950,DELIVER,1397,,,,1431552,
6.990958,DELIVER,1398,,,,1432576,
6.990963,DELIVER,1399,,,,1433600,
6.990968,DELIVER,1400,,,,1434624,
6.990975,DELIVER,1401,,,,1435648,
6.991265,BUFFER,1409,,,,1435648,held=7
6.993258,BUFFER,1410,,,,1435648,held=8
6.993690,BUFFER,1411,,,,1435648,held=9
7.013449,BUFFER,1412,,,,1435648,held=10
7.020079,DUP,1392,,,,1435648,
7.020107,NAK,1402,,,,1435648,
7.020382,BUFFER,1402,,,,1435648,held=11
7.020397,DELIVER,1402,,,,1436672,
7.020403,DELIVER,1403,,,,1437696,
7.020408,DELIVER,1404,,,,1438720,
7.020414,DELIVER,1405,,,,1439744,
7.020420,DELIVER,1406,,,,1440768,
7.020428,DELIVER,1407,,,,1441792,
7.020562,DELIVER,1408,,,,1442816,
7.020569,DELIVER,1409,,,,1443840,
7.020574,DELIVER,1410,,,,1444864,
7.020582,DELIVER,1411,,,,1445888,
7.020587,DELIVER,1412,,,,1446912,
7.020882,BUFFER,1414,,,,1446912,held=1
7.020900,NAK,1413,,,,1446912,
7.023750,BUFFER,1415,,,,1446912,held=2
7.024033,BUFFER,1416,,,,1446912,held=3
7.024296,BUFFER,1417,,,,1446912,held=4
7.024514,BUFFER,1418,,,,1446912,held=5
7.024768,BUFFER,1419,,,,1446912,held=6
7.024993,BUFFER,1420,,,,1446912,held=7
7.034797,DUP,1394,,,,1446912,
7.048683,BUFFER,1421,,,,1446912,held=8
7.049147,BUFFER,1422,,,,1446912,held=9
7.049352,BUFFER,1423,,,,1446912,held=10
7.049594,BUFFER,1424,,,,1446912,held=11
7.062692,BUFFER,1425,,,,1446912,held=12
7.062984,BUFFER,1427,,,,1446912,held=13
7.063003,NAK,1426,,,,1446912,
7.081417,DUP,1402,,,,1446912,
7.081451,NAK,1413,,,,1446912,
7.081687,BUFFER,1413,,,,1446912,held=14
7.081707,DELIVER,1413,,,,1447936,
7.081714,DELIVER,1414,,,,1448960,
7.081720,DELIVER,1415,,,,1449984,
7.081725,DELIVER,1416,,,,1451008,
7.081730,DELIVER,1417,,,,1452032,
7.081735,DELIVER,1418,,,,1453056,
7.081740,DELIVER,1419,,,,1454080,
7.081744,DELIVER,1420,,,,1455104,
7.081748,DELIVER,1421,,,,1456128,
7.081753,DELIVER,1422,,,,1457152,
7.081758,DELIVER,1423,,,,1458176,
7.081763,DELIVER,1424,,,,1459200,
7.081768,DELIVER,1425,,,,1460224,
7.082024,DUP,1394,,,,1460224,
7.082222,BUFFER,1428,,,,1460224,held=2
7.082440,BUFFER,1429,,,,1460224,held=3
7.082658,BUFFER,1430,,,,1460224,held=4
7.082923,BUFFER,1431,,,,1460224,held=5
7.083151,BUFFER,1432,,,,1460224,held=6
7.083446,BUFFER,1433,,,,1460224,held=7
7.083569,BUFFER,1434,,,,1460224,held=8
7.083672,BUFFER,1435,,,,1460224,held=9
7.083763,DUP,1408,,,,1460224,
7.097640,BUFFER,1436,,,,1460224,held=10
7.100538,DUP,1408,,,,1460224,
7.112391,BUFFER,1437,,,,1460224,held=11
7.112704,BUFFER,1438,,,,1460224,held=12
7.113006,BUFFER,1439,,,,1460224,held=13
7.113028,NAK,1426,,,,1460224,
7.113240,BUFFER,1426,,,,1460224,held=14
7.113252,DELIVER,1426,,,,1461248,
7.113257,DELIVER,1427,,,,1462272,
7.113262,DELIVER,1428,,,,1463296,
7.113267,DELIVER,1429,,,,1464320,
7.113272,DELIVER,1430,,,,1465344,
7.113277,DELIVER,1431,,,,1466368,
7.113281,DELIVER,1432,,,,1467392,
7.113286,DELIVER,1433,,,,1468416,
7.113291,DELIVER,1434,,,,1469440,
7.113296,DELIVER,1435,,,,1470464,
7.113301,DELIVER,1436,,,,1471488,
7.113305,DELIVER,1437,,,,1472512,
7.113310,DELIVER,1438,,,,1473536,
7.113314,DELIVER,1439,,,,1474560,
7.113510,BUFFER,1440,,,,1474560,held=1
7.113516,DELIVER,1440,,,,1475584,
7.116574,DUP,1413,,,,1475584,
7.131451,BUFFER,1441,,,,1475584,held=1
7.131479,DELIVER,1441,,,,1476608,
7.134398,BUFFER,1442,,,,1476608,held=1
7.134412,DELIVER,1442,,,,1477632,
7.134684,BUFFER,1443,,,,1477632,held=1
7.134692,DELIVER,1443,,,,1478656,
7.135016,BUFFER,1444,,,,1478656,held=1
7.135030,DELIVER,1444,,,,1479680,
7.138131,BUFFER,1445,,,,1479680,held=1
7.138144,DELIVER,1445,,,,1480704,
7.138456,BUFFER,1446,,,,1480704,held=1
7.138464,DELIVER,1446,,,,1481728,
7.138758,BUFFER,1447,,,,1481728,held=1
7.138765,DELIVER,1447,,,,1482752,
7.139035,BUFFER,1448,,,,1482752,held=1
7.139042,DELIVER,1448,,,,1483776,
7.139300,BUFFER,1450,,,,1483776,held=1
7.139318,NAK,1449,,,,1483776,
7.147099,BUFFER,1451,,,,1483776,held=2
7.158527,BUFFER,1452,,,,1483776,held=3
7.158808,DUP,1426,,,,1483776,
7.159114,BUFFER,1453,,,,1483776,held=4
7.160941,BUFFER,1454,,,,1483776,held=5
7.161212,BUFFER,1455,,,,1483776,held=6
7.171560,DUP,1435,,,,1483776,
7.177437,DUP,1435,,,,1483776,
7.177735,BUFFER,1456,,,,1483776,held=7
7.183562,BUFFER,1457,,,,1483776,held=8
7.184710,BUFFER,1458,,,,1483776,held=9
7.185088,BUFFER,1459,,,,1483776,held=10
7.185679,BUFFER,1449,,,,1483776,held=11
7.185696,DELIVER,1449,,,,1484800,
7.185703,DELIVER,1450,,,,1485824,
7.185708,DELIVER,1451,,,,1486848,
7.185740,DELIVER,1452,,,,1487872,
7.185959,DELIVER,1453,,,,1488896,
7.185967,DELIVER,1454,,,,1489920,
7.185973,DELIVER,1455,,,,1490944,
7.185978,DELIVER,1456,,,,1491968,
7.185983,DELIVER,1457,,,,1492992,
7.185987,DELIVER,1458,,,,1494016,
7.185992,DELIVER,1459,,,,1495040,
7.186361,BUFFER,1460,,,,1495040,held=1
7.186377,DELIVER,1460,,,,1496064,
7.186690,BUFFER,1461,,,,1496064,held=1
7.186701,DELIVER,1461,,,,1497088,
7.186988,BUFFER,1462,,,,1497088,held=1
7.186997,DELIVER,1462,,,,1498112,
7.187338,BUFFER,1463,,,,1498112,held=1
7.187352,DELIVER,1463,,,,1499136,
7.187627,BUFFER,1464,,,,1499136,held=1
7.187635,DELIVER,1464,,,,1500160,
7.195248,BUFFER,1465,,,,1500160,held=1
7.195259,DELIVER,1465,,,,1501184,
7.201132,BUFFER,1466,,,,1501184,held=1
7.201161,DELIVER,1466,,,,1502208,
7.210895,BUFFER,1467,,,,1502208,held=1
7.210907,DELIVER,1467,,,,1503232,
7.211216,BUFFER,1468,,,,1503232,held=1
7.211225,DELIVER,1468,,,,1504256,
7.211482,BUFFER,1469,,,,1504256,held=1
7.211489,DELIVER,1469,,,,1505280,
7.216513,DUP,1440,,,,1505280,
7.216849,BUFFER,1470,,,,1505280,held=1
7.216862,DELIVER,1470,,,,1506304,
7.221492,BUFFER,1471,,,,1506304,held=1
7.221502,DELIVER,1471,,,,1507328,
7.230122,DUP,1441,,,,1507328,
7.251979,DUP,1440,,,,1507328,
7.252722,BUFFER,1472,,,,1507328,held=1
7.252743,DELIVER,1472,,,,1508352,
7.252976,BUFFER,1473,,,,1508352,held=1
7.252983,DELIVER,1473,,,,1509376,
7.253184,BUFFER,1474,,,,1509376,held=1
7.253231,DELIVER,1474,,,,1510400,
7.253331,BUFFER,1475,,,,1510400,held=1
7.253334,DELIVER,1475,,,,1511424,
7.253439,BUFFER,1476,,,,1511424,held=1
7.253443,DELIVER,1476,,,,1512448,
7.253536,BUFFER,1477,,,,1512448,held=1
7.253539,DELIVER,1477,,,,1513472,
7.253635,BUFFER,1478,,,,1513472,held=1
7.253638,DELIVER,1478,,,,1514496,
7.253733,BUFFER,1479,,,,1514496,held=1
7.253735,DELIVER,1479,,,,1515520,
7.253830,BUFFER,1480,,,,1515520,held=1
7.253833,DELIVER,1480,,,,1516544,
7.253930,BUFFER,1481,,,,1516544,held=1
7.253933,DELIVER,1481,,,,1517568,
7.276512,BUFFER,1482,,,,1517568,held=1
7.276517,DELIVER,1482,,,,1518592,
7.276621,BUFFER,1483,,,,1518592,held=1
7.276625,DELIVER,1483,,,,1519616,
7.276715,BUFFER,1484,,,,1519616,held=1
7.276717,DELIVER,1484,,,,1520640,
7.276806,BUFFER,1485,,,,1520640,held=1
7.276809,DELIVER,1485,,,,1521664,
7.276897,BUFFER,1486,,,,1521664,held=1
7.276900,DELIVER,1486,,,,1522688,
7.276988,BUFFER,1487,,,,1522688,held=1
7.276990,DELIVER,1487,,,,1523712,
7.277077,BUFFER,1488,,,,1523712,held=1
7.277080,DELIVER,1488,,,,1524736,
7.303744,DUP,1476,,,,1524736,
7.304064,BUFFER,1489,,,,1524736,held=1
7.304076,DELIVER,1489,,,,1525760,
7.304561,BUFFER,1490,,,,1525760,held=1
7.304623,DELIVER,1490,,,,1526784,
7.304884,BUFFER,1491,,,,1526784,held=1
7.304893,DELIVER,1491,,,,1527808,
7.305201,BUFFER,1492,,,,1527808,held=1
7.305215,DELIVER,1492,,,,1528832,
7.305454,BUFFER,1493,,,,1528832,held=1
7.305464,DELIVER,1493,,,,1529856,
7.305725,BUFFER,1494,,,,1529856,held=1
7.305780,DELIVER,1494,,,,1530880,
7.306005,BUFFER,1495,,,,1530880,held=1
7.306014,DELIVER,1495,,,,1531904,
7.326838,BUFFER,1496,,,,1531904,held=1
7.326866,DELIVER,1496,,,,1532928,
7.332098,BUFFER,1497,,,,1532928,held=1
7.332118,DELIVER,1497,,,,1533952,
7.332425,BUFFER,1498,,,,1533952,held=1
7.332441,DELIVER,1498,,,,1534976,
7.332651,BUFFER,1499,,,,1534976,held=1
7.332659,DELIVER,1499,,,,1536000,
7.332952,BUFFER,1500,,,,1536000,held=1
7.332967,DELIVER,1500,,,,1537024,
7.333219,BUFFER,1501,,,,1537024,held=1
7.333230,DELIVER,1501,,,,1538048,
7.347997,BUFFER,1502,,,,1538048,held=1
7.348020,DELIVER,1502,,,,1539072,
7.349401,BUFFER,1503,,,,1539072,held=1
7.349422,DELIVER,1503,,,,1540096,
7.349882,BUFFER,1505,,,,1540096,held=1
7.349906,NAK,1504,,,,1540096,
7.350253,BUFFER,1506,,,,1540096,held=2
7.353045,BUFFER,1507,,,,1540096,held=3
7.356275,BUFFER,1508,,,,1540096,held=4
7.371617,BUFFER,1510,,,,1540096,held=5
7.371712,NAK,1509,,,,1540096,
7.372428,BUFFER,1511,,,,1540096,held=6
7.372655,BUFFER,1513,,,,1540096,held=7
7.372673,NAK,1512,,,,1540096,
7.372931,BUFFER,1514,,,,1540096,held=8
7.376394,DUP,1488,,,,1540096,
7.385068,BUFFER,1515,,,,1540096,held=9
7.387059,BUFFER,1516,,,,1540096,held=10
7.397913,BUFFER,1517,,,,1540096,held=11
7.398395,BUFFER,1518,,,,1540096,held=12
7.398833,BUFFER,1519,,,,1540096,held=13
7.399346,BUFFER,1504,,,,1540096,held=14
7.399362,DELIVER,1504,,,,1541120,
7.399369,DELIVER,1505,,,,1542144,
7.399375,DELIVER,1506,,,,1543168,
7.399380,DELIVER,1507,,,,1544192,
7.399385,DELIVER,1508,,,,1545216,
7.399644,BUFFER,1520,,,,1545216,held=10
7.399848,BUFFER,1521,,,,1545216,held=11
7.400152,BUFFER,1522,,,,1545216,held=12
7.413100,BUFFER,1509,,,,1545216,held=13
7.413128,DELIVER,1509,,,,1546240,
7.413138,DELIVER,1510,,,,1547264,
7.413144,DELIVER,1511,,,,1548288,
7.415094,BUFFER,1512,,,,1548288,held=11
7.415118,DELIVER,1512,,,,1549312,
7.415124,DELIVER,1513,,,,1550336,
7.415131,DELIVER,1514,,,,1551360,
7.415137,DELIVER,1515,,,,1552384,
7.415142,DELIVER,1516,,,,1553408,
7.415148,DELIVER,1517,,,,1554432,
7.415152,DELIVER,1518,,,,1555456,
7.415157,DELIVER,1519,,,,1556480,
7.415162,DELIVER,1520,,,,1557504,
7.415166,DELIVER,1521,,,,1558528,
7.415171,DELIVER,1522,,,,1559552,
7.419451,BUFFER,1523,,,,1559552,held=1
7.419474,DELIVER,1523,,,,1560576,
7.419726,BUFFER,1524,,,,1560576,held=1
7.419734,DELIVER,1524,,,,1561600,
7.427691,BUFFER,1525,,,,1561600,held=1
7.427717,DELIVER,1525,,,,1562624,
7.428202,BUFFER,1526,,,,1562624,held=1
7.428220,DELIVER,1526,,,,1563648,
7.429131,BUFFER,1527,,,,1563648,held=1
7.429144,DELIVER,1527,,,,1564672,
7.431039,BUFFER,1528,,,,1564672,held=1
7.431058,DELIVER,1528,,,,1565696,
7.435393,BUFFER,1529,,,,1565696,held=1
7.435429,DELIVER,1529,,,,1566720,
7.439413,BUFFER,1530,,,,1566720,held=1
7.439443,DELIVER,1530,,,,1567744,
7.439921,BUFFER,1531,,,,1567744,held=1
7.439986,DELIVER,1531,,,,1568768,
7.440282,BUFFER,1532,,,,1568768,held=1
7.440292,DELIVER,1532,,,,1569792,
7.446429,BUFFER,1533,,,,1569792,held=1
7.446453,DELIVER,1533,,,,1570816,
7.449107,BUFFER,1534,,,,1570816,held=1
7.449128,DELIVER,1534,,,,1571840,
7.452269,BUFFER,1536,,,,1571840,held=1
7.452300,NAK,1535,,,,1571840,
7.456126,DUP,1486,,,,1571840,
7.456494,BUFFER,1537,,,,1571840,held=2
7.459998,BUFFER,1538,,,,1571840,held=3
7.471110,BUFFER,1539,,,,1571840,held=4
7.471365,BUFFER,1540,,,,1571840,held=5
7.473625,BUFFER,1541,,,,1571840,held=6
7.473859,BUFFER,1542,,,,1571840,held=7
7.476323,DUP,1510,,,,1571840,
7.483846,BUFFER,1543,,,,1571840,held=8
7.484110,BUFFER,1544,,,,1571840,held=9
7.485004,BUFFER,1545,,,,1571840,held=10
7.485854,BUFFER,1547,,,,1571840,held=11
7.485880,NAK,1546,,,,1571840,
7.486469,BUFFER,1548,,,,1571840,held=12
7.496688,BUFFER,1549,,,,1571840,held=13
7.500348,BUFFER,1535,,,,1571840,held=14
7.500376,DELIVER,1535,,,,1572864,
7.500477,DELIVER,1536,,,,1573888,
7.500488,DELIVER,1537,,,,1574912,
7.500523,DELIVER,1538,,,,1575936,
7.500528,DELIVER,1539,,,,1576960,
7.500539,DELIVER,1540,,,,1577984,
7.500544,DELIVER,1541,,,,1579008,
7.500549,DELIVER,1542,,,,1580032,
7.500553,DELIVER,1543,,,,1581056,
7.500558,DELIVER,1544,,,,1582080,
7.500565,DELIVER,1545,,,,1583104,
7.500805,BUFFER,1551,,,,1583104,held=4
7.500824,NAK,1550,,,,1583104,
7.501132,BUFFER,1552,,,,1583104,held=5
7.502825,BUFFER,1553,,,,1583104,held=6
7.511357,BUFFER,1554,,,,1583104,held=7
7.511624,BUFFER,1555,,,,1583104,held=8
7.514967,DUP,1510,,,,1583104,
7.518393,BUFFER,1556,,,,1583104,held=9
7.518666,BUFFER,1557,,,,1583104,held=10
7.524635,BUFFER,1558,,,,1583104,held=11
7.527700,BUFFER,1559,,,,1583104,held=12
7.528007,BUFFER,1560,,,,1583104,held=13
7.542513,DUP,1535,,,,1583104,
7.542532,NAK,1546,,,,1583104,
7.542842,BUFFER,1546,,,,1583104,held=14
7.542856,DELIVER,1546,,,,1584128,
7.542864,DELIVER,1547,,,,1585152,
7.542870,DELIVER,1548,,,,1586176,
7.542878,DELIVER,1549,,,,1587200,
7.543177,BUFFER,1561,,,,1587200,held=11
7.543453,BUFFER,1562,,,,1587200,held=12
7.543715,BUFFER,1563,,,,1587200,held=13
7.544012,BUFFER,1550,,,,1587200,held=14
7.544026,DELIVER,1550,,,,1588224,
7.544034,DELIVER,1551,,,,1589248,
7.544040,DELIVER,1552,,,,1590272,
7.544046,DELIVER,1553,,,,1591296,
7.544052,DELIVER,1554,,,,1592320,
7.544058,DELIVER,1555,,,,1593344,
7.544063,DELIVER,1556,,,,1594368,
7.544069,DELIVER,1557,,,,1595392,
7.544075,DELIVER,1558,,,,1596416,
7.544081,DELIVER,1559,,,,1597440,
7.544086,DELIVER,1560,,,,1598464,
7.544092,DELIVER,1561,,,,1599488,
7.544098,DELIVER,1562,,,,1600512,
7.544103,DELIVER,1563,,,,1601536,
7.544388,BUFFER,1564,,,,1601536,held=1
7.544399,DELIVER,1564,,,,1602560,
7.544642,BUFFER,1565,,,,1602560,held=1
7.544652,DELIVER,1565,,,,1603584,
7.544854,BUFFER,1566,,,,1603584,held=1
7.544860,DELIVER,1566,,,,1604608,
7.545475,BUFFER,1567,,,,1604608,held=1
7.545482,DELIVER,1567,,,,1605632,
7.553278,DUP,1546,,,,1605632,
7.553538,BUFFER,1568,,,,1605632,held=1
7.553547,DELIVER,1568,,,,1606656,
7.557295,BUFFER,1569,,,,1606656,held=1
7.557305,DELIVER,1569,,,,1607680,
7.566650,BUFFER,1570,,,,1607680,held=1
7.566661,DELIVER,1570,,,,1608704,
7.566941,BUFFER,1571,,,,1608704,held=1
7.566949,DELIVER,1571,,,,1609728,
7.567224,BUFFER,1572,,,,1609728,held=1
7.567231,DELIVER,1572,,,,1610752,
7.577297,BUFFER,1573,,,,1610752,held=1
7.577325,DELIVER,1573,,,,1611776,
7.580069,BUFFER,1574,,,,1611776,held=1
7.580094,DELIVER,1574,,,,1612800,
7.580610,BUFFER,1575,,,,1612800,held=1
7.580626,DELIVER,1575,,,,1613824,
7.602756,BUFFER,1576,,,,1613824,held=1
7.602763,DELIVER,1576,,,,1614848,
7.602916,BUFFER,1577,,,,1614848,held=1
7.602920,DELIVER,1577,,,,1615872,
7.603063,BUFFER,1578,,,,1615872,held=1
7.603067,DELIVER,1578,,,,1616896,
7.603209,BUFFER,1579,,,,1616896,held=1
7.603213,DELIVER,1579,,,,1617920,
7.603357,BUFFER,1580,,,,1617920,held=1
7.603361,DELIVER,1580,,,,1618944,
7.603502,BUFFER,1581,,,,1618944,held=1
7.603506,DELIVER,1581,,,,1619968,
7.603651,DUP,1556,,,,1619968,
7.603796,BUFFER,1582,,,,1619968,held=1
7.603800,DELIVER,1582,,,,1620992,
7.604655,BUFFER,1583,,,,1620992,held=1
7.604663,DELIVER,1583,,,,1622016,
7.634148,BUFFER,1584,,,,1622016,held=1
7.634158,DELIVER,1584,,,,1623040,
7.634354,BUFFER,1585,,,,1623040,held=1
7.634361,DELIVER,1585,,,,1624064,
7.634549,BUFFER,1586,,,,1624064,held=1
7.634556,DELIVER,1586,,,,1625088,
7.634745,BUFFER,1587,,,,1625088,held=1
7.634751,DELIVER,1587,,,,1626112,
7.637650,DUP,1562,,,,1626112,
7.655220,BUFFER,1588,,,,1626112,held=1
7.655245,DELIVER,1588,,,,1627136,
7.655526,BUFFER,1589,,,,1627136,held=1
7.655534,DELIVER,1589,,,,1628160,
7.655755,DUP,1565,,,,1628160,
7.656052,BUFFER,1590,,,,1628160,held=1
7.656070,DELIVER,1590,,,,1629184,
7.656634,BUFFER,1591,,,,1629184,held=1
7.656647,DELIVER,1591,,,,1630208,
7.656882,BUFFER,1592,,,,1630208,held=1
7.656894,DELIVER,1592,,,,1631232,
7.657160,BUFFER,1593,,,,1631232,held=1
7.657172,DELIVER,1593,,,,1632256,
7.659092,BUFFER,1594,,,,1632256,held=1
7.659108,DELIVER,1594,,,,1633280,
7.659347,BUFFER,1595,,,,1633280,held=1
7.659353,DELIVER,1595,,,,1634304,
7.659552,BUFFER,1596,,,,1634304,held=1
7.659559,DELIVER,1596,,,,1635328,
7.679786,DUP,1573,,,,1635328,
7.683964,BUFFER,1597,,,,1635328,held=1
7.683990,DELIVER,1597,,,,1636352,
7.684302,DUP,1562,,,,1636352,
7.684574,BUFFER,1598,,,,1636352,held=1
7.684586,DELIVER,1598,,,,1637376,
7.684847,BUFFER,1599,,,,1637376,held=1
7.684863,DELIVER,1599,,,,1638400,
7.685167,BUFFER,1600,,,,1638400,held=1
7.685183,DELIVER,1600,,,,1639424,
7.685531,BUFFER,1601,,,,1639424,held=1
7.685553,DELIVER,1601,,,,1640448,
7.700588,DUP,1573,,,,1640448,
7.702483,BUFFER,1602,,,,1640448,held=1
7.702507,DELIVER,1602,,,,1641472,
7.702784,BUFFER,1603,,,,1641472,held=1
7.702796,DELIVER,1603,,,,1642496,
7.703090,BUFFER,1604,,,,1642496,held=1
7.703099,DELIVER,1604,,,,1643520,
7.703341,BUFFER,1605,,,,1643520,held=1
7.703352,DELIVER,1605,,,,1644544,
7.703589,BUFFER,1606,,,,1644544,held=1
7.703598,DELIVER,1606,,,,1645568,
7.703805,BUFFER,1607,,,,1645568,held=1
7.703812,DELIVER,1607,,,,1646592,
7.704018,BUFFER,1608,,,,1646592,held=1
7.704025,DELIVER,1608,,,,1647616,
7.704330,BUFFER,1609,,,,1647616,held=1
7.704339,DELIVER,1609,,,,1648640,
7.704599,BUFFER,1610,,,,1648640,held=1
7.704611,DELIVER,1610,,,,1649664,
7.704839,BUFFER,1612,,,,1649664,held=1
7.704858,NAK,1611,,,,1649664,
7.718745,BUFFER,1613,,,,1649664,held=2
7.725104,BUFFER,1614,,,,1649664,held=3
7.736580,DUP,1583,,,,1649664,
7.737579,BUFFER,1615,,,,1649664,held=4
7.737873,BUFFER,1616,,,,1649664,held=5
7.742178,BUFFER,1617,,,,1649664,held=6
7.755716,BUFFER,1611,,,,1649664,held=7
7.755745,DELIVER,1611,,,,1650688,
7.755757,DELIVER,1612,,,,1651712,
7.755763,DELIVER,1613,,,,1652736,
7.755770,DELIVER,1614,,,,1653760,
7.755776,DELIVER,1615,,,,1654784,
7.755782,DELIVER,1616,,,,1655808,
7.755787,DELIVER,1617,,,,1656832,
7.756797,BUFFER,1618,,,,1656832,held=1
7.756817,DELIVER,1618,,,,1657856,
7.757042,BUFFER,1619,,,,1657856,held=1
7.757065,DELIVER,1619,,,,1658880,
7.757306,BUFFER,1620,,,,1658880,held=1
7.757315,DELIVER,1620,,,,1659904,
7.757556,BUFFER,1621,,,,1659904,held=1
7.757565,DELIVER,1621,,,,1660928,
7.757803,BUFFER,1622,,,,1660928,held=1
7.757815,DELIVER,1622,,,,1661952,
7.758054,BUFFER,1623,,,,1661952,held=1
7.758065,DELIVER,1623,,,,1662976,
7.758269,BUFFER,1624,,,,1662976,held=1
7.758277,DELIVER,1624,,,,1664000,
7.758520,BUFFER,1625,,,,1664000,held=1
7.758531,DELIVER,1625,,,,1665024,
7.758973,BUFFER,1626,,,,1665024,held=1
7.758986,DELIVER,1626,,,,1666048,
7.759337,BUFFER,1627,,,,1666048,held=1
7.759349,DELIVER,1627,,,,1667072,
7.766551,BUFFER,1628,,,,1667072,held=1
7.766577,DELIVER,1628,,,,1668096,
7.781650,BUFFER,1629,,,,1668096,held=1
7.781676,DELIVER,1629,,,,1669120,
7.781979,DUP,1609,,,,1669120,
7.786182,BUFFER,1630,,,,1669120,held=1
7.786204,DELIVER,1630,,,,1670144,
7.787692,BUFFER,1631,,,,1670144,held=1
7.787719,DELIVER,1631,,,,1671168,
7.788040,BUFFER,1632,,,,1671168,held=1
7.788051,DELIVER,1632,,,,1672192,
7.802446,BUFFER,1633,,,,1672192,held=1
7.802471,DELIVER,1633,,,,1673216,
7.803593,BUFFER,1634,,,,1673216,held=1
7.803612,DELIVER,1634,,,,1674240,
7.807359,BUFFER,1635,,,,1674240,held=1
7.807380,DELIVER,1635,,,,1675264,
7.809868,BUFFER,1636,,,,1675264,held=1
7.809895,DELIVER,1636,,,,1676288,
7.810205,BUFFER,1637,,,,1676288,held=1
7.810221,DELIVER,1637,,,,1677312,
7.810492,BUFFER,1638,,,,1677312,held=1
7.810503,DELIVER,1638,,,,1678336,
7.810740,BUFFER,1639,,,,1678336,held=1
7.810748,DELIVER,1639,,,,1679360,
7.811049,BUFFER,1640,,,,1679360,held=1
7.811060,DELIVER,1640,,,,1680384,
7.811285,BUFFER,1641,,,,1680384,held=1
7.811293,DELIVER,1641,,,,1681408,
7.811527,BUFFER,1643,,,,1681408,held=1
7.811545,NAK,1642,,,,1681408,
7.815208,BUFFER,1644,,,,1681408,held=2
7.826763,BUFFER,1645,,,,1681408,held=3
7.827642,BUFFER,1646,,,,1681408,held=4
7.836352,DUP,1621,,,,1681408,
7.836621,BUFFER,1647,,,,1681408,held=5
7.844237,BUFFER,1648,,,,1681408,held=6
7.844545,BUFFER,1649,,,,1681408,held=7
7.850688,BUFFER,1650,,,,1681408,held=8
7.860840,BUFFER,1651,,,,1681408,held=9
7.861119,BUFFER,1652,,,,1681408,held=10
7.861376,BUFFER,1655,,,,1681408,held=11
7.861398,NAK,1653,,,,1681408,
7.861412,NAK,1654,,,,1681408,
7.862902,BUFFER,1642,,,,1681408,held=12
7.862923,DELIVER,1642,,,,1682432,
7.862930,DELIVER,1643,,,,1683456,
7.862936,DELIVER,1644,,,,1684480,
7.862941,DELIVER,1645,,,,1685504,
7.862960,DELIVER,1646,,,,1686528,
7.862972,DELIVER,1647,,,,1687552,
7.862979,DELIVER,1648,,,,1688576,
7.863024,DELIVER,1649,,,,1689600,
7.863031,DELIVER,1650,,,,1690624,
7.863035,DELIVER,1651,,,,1691648,
7.863040,DELIVER,1652,,,,1692672,
7.863498,BUFFER,1656,,,,1692672,held=2
7.863778,BUFFER,1657,,,,1692672,held=3
7.880290,BUFFER,1658,,,,1692672,held=4
7.880561,BUFFER,1659,,,,1692672,held=5
7.881083,BUFFER,1660,,,,1692672,held=6
7.884876,BUFFER,1661,,,,1692672,held=7
7.885270,BUFFER,1662,,,,1692672,held=8
7.889388,DUP,1642,,,,1692672,
7.889663,BUFFER,1663,,,,1692672,held=9
7.889913,BUFFER,1664,,,,1692672,held=10
7.897866,BUFFER,1665,,,,1692672,held=11
7.910407,BUFFER,1666,,,,1692672,held=12
7.910908,BUFFER,1667,,,,1692672,held=13
7.911242,BUFFER,1653,,,,1692672,held=14
7.911263,DELIVER,1653,,,,1693696,
7.913211,BUFFER,1668,,,,1693696,held=14
7.913241,NAK,1654,,,,1693696,
7.913627,BUFFER,1669,,,,1693696,held=15
7.914003,BUFFER,1670,,,,1693696,held=16
7.915181,DUP,1644,,,,1693696,
7.918075,BUFFER,1671,,,,1693696,held=17
7.930821,DUP,1644,,,,1693696,
7.931342,BUFFER,1672,,,,1693696,held=18
7.931707,BUFFER,1673,,,,1693696,held=19
7.937201,BUFFER,1674,,,,1693696,held=20
7.938951,BUFFER,1675,,,,1693696,held=21
7.939343,BUFFER,1676,,,,1693696,held=22
7.939750,BUFFER,1677,,,,1693696,held=23
7.945314,BUFFER,1678,,,,1693696,held=24
7.955002,BUFFER,1680,,,,1693696,held=25
7.955056,NAK,1679,,,,1693696,
7.958162,DUP,1657,,,,1693696,already buffered
7.962910,BUFFER,1681,,,,1693696,held=26
7.963502,BUFFER,1682,,,,1693696,held=27
7.963543,NAK,1654,,,,1693696,
7.964476,BUFFER,1683,,,,1693696,held=28
7.964855,BUFFER,1684,,,,1693696,held=29
7.978967,BUFFER,1654,,,,1693696,held=30
7.979006,DELIVER,1654,,,,1694720,
7.979016,DELIVER,1655,,,,1695744,
7.979027,DELIVER,1656,,,,1696768,
7.979035,DELIVER,1657,,,,1697792,
7.979043,DELIVER,1658,,,,1698816,
7.979050,DELIVER,1659,,,,1699840,
7.979057,DELIVER,1660,,,,1700864,
7.979065,DELIVER,1661,,,,1701888,
7.979072,DELIVER,1662,,,,1702912,
7.979079,DELIVER,1663,,,,1703936,
7.979273,DELIVER,1664,,,,1704960,
7.979287,DELIVER,1665,,,,1705984,
7.979295,DELIVER,1666,,,,1707008,
7.979302,DELIVER,1667,,,,1708032,
7.979309,DELIVER,1668,,,,1709056,
7.979316,DELIVER,1669,,,,1710080,
7.979324,DELIVER,1670,,,,1711104,
7.979331,DELIVER,1671,,,,1712128,
7.979338,DELIVER,1672,,,,1713152,
7.979345,DELIVER,1673,,,,1714176,
7.979352,DELIVER,1674,,,,1715200,
7.979359,DELIVER,1675,,,,1716224,
7.979367,DELIVER,1676,,,,1717248,
7.979374,DELIVER,1677,,,,1718272,
7.979381,DELIVER,1678,,,,1719296,
7.981811,BUFFER,1685,,,,1719296,held=6
7.982140,BUFFER,1687,,,,1719296,held=7
7.982294,NAK,1686,,,,1719296,
7.983114,DUP,1663,,,,1719296,
7.997520,BUFFER,1688,,,,1719296,held=8
8.007005,BUFFER,1689,,,,1719296,held=9
8.007058,NAK,1679,,,,1719296,
8.007396,BUFFER,1679,,,,1719296,held=10
8.007419,DELIVER,1679,,,,1720320,
8.007428,DELIVER,1680,,,,1721344,
8.007436,DELIVER,1681,,,,1722368,
8.007444,DELIVER,1682,,,,1723392,
8.007452,DELIVER,1683,,,,1724416,
8.007467,DELIVER,1684,,,,1725440,
8.007475,DELIVER,1685,,,,1726464,
8.007859,BUFFER,1690,,,,1726464,held=4
8.010281,BUFFER,1691,,,,1726464,held=5
8.010565,DUP,1667,,,,1726464,
8.011121,DUP,1654,,,,1726464,
8.012384,BUFFER,1692,,,,1726464,held=6
8.012752,BUFFER,1693,,,,1726464,held=7
8.013224,DUP,1670,,,,1726464,
8.028579,BUFFER,1694,,,,1726464,held=8
8.032523,BUFFER,1695,,,,1726464,held=9
8.032563,NAK,1686,,,,1726464,
8.032945,BUFFER,1696,,,,1726464,held=10
8.033491,BUFFER,1686,,,,1726464,held=11
8.033514,DELIVER,1686,,,,1727488,
8.033528,DELIVER,1687,,,,1728512,
8.033540,DELIVER,1688,,,,1729536,
8.033549,DELIVER,1689,,,,1730560,
8.033556,DELIVER,1690,,,,1731584,
8.033564,DELIVER,1691,,,,1732608,
8.033571,DELIVER,1692,,,,1733632,
8.033578,DELIVER,1693,,,,1734656,
8.033585,DELIVER,1694,,,,1735680,
8.033592,DELIVER,1695,,,,1736704,
8.033599,DELIVER,1696,,,,1737728,
8.034036,BUFFER,1697,,,,1737728,held=1
8.034060,DELIVER,1697,,,,1738752,
8.039676,DUP,1677,,,,1738752,
8.048472,BUFFER,1698,,,,1738752,held=1
8.048605,DELIVER,1698,,,,1739776,
8.052115,BUFFER,1699,,,,1739776,held=1
8.052152,DELIVER,1699,,,,1740800,
8.055871,DUP,1679,,,,1740800,
8.056381,BUFFER,1700,,,,1740800,held=1
8.056414,DELIVER,1700,,,,1741824,
8.056791,BUFFER,1701,,,,1741824,held=1
8.056804,DELIVER,1701,,,,1742848,
8.057221,BUFFER,1702,,,,1742848,held=1
8.057239,DELIVER,1702,,,,1743872,
8.057604,BUFFER,1703,,,,1743872,held=1
8.057616,DELIVER,1703,,,,1744896,
8.057957,BUFFER,1705,,,,1744896,held=1
8.057983,NAK,1704,,,,1744896,
8.058384,BUFFER,1706,,,,1744896,held=2
8.062636,BUFFER,1707,,,,1744896,held=3
8.063172,DUP,1684,,,,1744896,
8.068451,BUFFER,1708,,,,1744896,held=4
8.069669,DUP,1686,,,,1744896,
8.080573,BUFFER,1709,,,,1744896,held=5
8.080988,BUFFER,1710,,,,1744896,held=6
8.084382,BUFFER,1711,,,,1744896,held=7
8.084790,BUFFER,1712,,,,1744896,held=8
8.085079,BUFFER,1713,,,,1744896,held=9
8.085281,BUFFER,1714,,,,1744896,held=10
8.089653,BUFFER,1715,,,,1744896,held=11
8.098724,BUFFER,1716,,,,1744896,held=12
8.099076,DUP,1684,,,,1744896,
8.101368,BUFFER,1717,,,,1744896,held=13
8.101677,BUFFER,1718,,,,1744896,held=14
8.101990,BUFFER,1704,,,,1744896,held=15
8.102014,DELIVER,1704,,,,1745920,
8.102022,DELIVER,1705,,,,1746944,
8.102030,DELIVER,1706,,,,1747968,
8.102036,DELIVER,1707,,,,1748992,
8.102042,DELIVER,1708,,,,1750016,
8.102048,DELIVER,1709,,,,1751040,
8.102054,DELIVER,1710,,,,1752064,
8.102060,DELIVER,1711,,,,1753088,
8.102068,DELIVER,1712,,,,1754112,
8.102074,DELIVER,1713,,,,1755136,
8.102081,DELIVER,1714,,,,1756160,
8.102086,DELIVER,1715,,,,1757184,
8.102092,DELIVER,1716,,,,1758208,
8.102097,DELIVER,1717,,,,1759232,
8.102103,DELIVER,1718,,,,1760256,
8.103585,BUFFER,1719,,,,1760256,held=1
8.103604,DELIVER,1719,,,,1761280,
8.114653,BUFFER,1720,,,,1761280,held=1
8.114678,DELIVER,1720,,,,1762304,
8.115158,BUFFER,1721,,,,1762304,held=1
8.115171,DELIVER,1721,,,,1763328,
8.115821,BUFFER,1722,,,,1763328,held=1
8.115832,DELIVER,1722,,,,1764352,
8.123829,BUFFER,1723,,,,1764352,held=1
8.123850,DELIVER,1723,,,,1765376,
8.131534,DUP,1702,,,,1765376,
8.131895,BUFFER,1724,,,,1765376,held=1
8.131903,DELIVER,1724,,,,1766400,
8.134573,BUFFER,1725,,,,1766400,held=1
8.134599,DELIVER,1725,,,,1767424,
8.134988,BUFFER,1726,,,,1767424,held=1
8.135013,DELIVER,1726,,,,1768448,
8.135380,BUFFER,1727,,,,1768448,held=1
8.135404,DELIVER,1727,,,,1769472,
8.145041,BUFFER,1728,,,,1769472,held=1
8.145059,DELIVER,1728,,,,1770496,
8.145450,BUFFER,1729,,,,1770496,held=1
8.145459,DELIVER,1729,,,,1771520,
8.145758,BUFFER,1730,,,,1771520,held=1
8.145765,DELIVER,1730,,,,1772544,
8.151276,BUFFER,1731,,,,1772544,held=1
8.151298,DELIVER,1731,,,,1773568,
8.151578,BUFFER,1732,,,,1773568,held=1
8.151589,DELIVER,1732,,,,1774592,
8.157005,BUFFER,1733,,,,1774592,held=1
8.157033,DELIVER,1733,,,,1775616,
8.157490,DUP,1703,,,,1775616,
8.164150,BUFFER,1734,,,,1775616,held=1
8.164179,DELIVER,1734,,,,1776640,
8.164635,BUFFER,1735,,,,1776640,held=1
8.164661,DELIVER,1735,,,,1777664,
8.165042,DUP,1706,,,,1777664,
8.172457,BUFFER,1736,,,,1777664,held=1
8.172466,DELIVER,1736,,,,1778688,
8.172709,BUFFER,1737,,,,1778688,held=1
8.172719,DELIVER,1737,,,,1779712,
8.173873,BUFFER,1738,,,,1779712,held=1
8.173882,DELIVER,1738,,,,1780736,
8.184454,BUFFER,1739,,,,1780736,held=1
8.184468,DELIVER,1739,,,,1781760,
8.184680,BUFFER,1740,,,,1781760,held=1
8.184687,DELIVER,1740,,,,1782784,
8.185187,BUFFER,1741,,,,1782784,held=1
8.185197,DELIVER,1741,,,,1783808,
8.194052,BUFFER,1742,,,,1783808,held=1
8.194061,DELIVER,1742,,,,1784832,
8.196434,BUFFER,1743,,,,1784832,held=1
8.196443,DELIVER,1743,,,,1785856,
8.196677,BUFFER,1744,,,,1785856,held=1
8.196686,DELIVER,1744,,,,1786880,
8.196909,BUFFER,1745,,,,1786880,held=1
8.196916,DELIVER,1745,,,,1787904,
8.197134,BUFFER,1746,,,,1787904,held=1
8.197139,DELIVER,1746,,,,1788928,
8.200969,BUFFER,1747,,,,1788928,held=1
8.200978,DELIVER,1747,,,,1789952,
8.201209,DUP,1719,,,,1789952,
8.210564,BUFFER,1748,,,,1789952,held=1
8.210572,DELIVER,1748,,,,1790976,
8.210839,BUFFER,1749,,,,1790976,held=1
8.210846,DELIVER,1749,,,,1792000,
8.213074,BUFFER,1750,,,,1792000,held=1
8.213082,DELIVER,1750,,,,1793024,
8.213319,BUFFER,1752,,,,1793024,held=1
8.213335,NAK,1751,,,,1793024,
8.218667,BUFFER,1753,,,,1793024,held=2
8.218935,BUFFER,1754,,,,1793024,held=3
8.219210,DUP,1719,,,,1793024,
8.224653,BUFFER,1755,,,,1793024,held=4
8.229709,BUFFER,1756,,,,1793024,held=5
8.233670,BUFFER,1757,,,,1793024,held=6
8.233921,BUFFER,1758,,,,1793024,held=7
8.238740,BUFFER,1759,,,,1793024,held=8
8.240220,BUFFER,1760,,,,1793024,held=9
8.250794,BUFFER,1761,,,,1793024,held=10
8.251115,BUFFER,1762,,,,1793024,held=11
8.251385,BUFFER,1763,,,,1793024,held=12
8.251754,BUFFER,1764,,,,1793024,held=13
8.252000,BUFFER,1765,,,,1793024,held=14
8.252361,BUFFER,1766,,,,1793024,held=15
8.260753,BUFFER,1751,,,,1793024,held=16
8.260817,DELIVER,1751,,,,1794048,
8.260859,DELIVER,1752,,,,1795072,
8.260870,DELIVER,1753,,,,1796096,
8.260883,DELIVER,1754,,,,1797120,
8.260890,DELIVER,1755,,,,1798144,
8.260898,DELIVER,1756,,,,1799168,
8.260906,DELIVER,1757,,,,1800192,
8.260913,DELIVER,1758,,,,1801216,
8.260920,DELIVER,1759,,,,1802240,
8.260928,DELIVER,1760,,,,1803264,
8.260935,DELIVER,1761,,,,1804288,
8.260945,DELIVER,1762,,,,1805312,
8.260953,DELIVER,1763,,,,1806336,
8.260961,DELIVER,1764,,,,1807360,
8.260967,DELIVER,1765,,,,1808384,
8.260974,DELIVER,1766,,,,1809408,
8.265710,BUFFER,1767,,,,1809408,held=1
8.265737,DELIVER,1767,,,,1810432,
8.267966,BUFFER,1768,,,,1810432,held=1
8.267990,DELIVER,1768,,,,1811456,
8.270629,DUP,1751,,,,1811456,
8.271001,BUFFER,1769,,,,1811456,held=1
8.271017,DELIVER,1769,,,,1812480,
8.272437,BUFFER,1770,,,,1812480,held=1
8.272460,DELIVER,1770,,,,1813504,
8.272797,BUFFER,1771,,,,1813504,held=1
8.272812,DELIVER,1771,,,,1814528,
8.283287,BUFFER,1772,,,,1814528,held=1
8.283310,DELIVER,1772,,,,1815552,
8.283647,BUFFER,1773,,,,1815552,held=1
8.283705,DELIVER,1773,,,,1816576,
8.284009,BUFFER,1774,,,,1816576,held=1
8.284017,DELIVER,1774,,,,1817600,
8.284229,BUFFER,1775,,,,1817600,held=1
8.284237,DELIVER,1775,,,,1818624,
8.301993,BUFFER,1776,,,,1818624,held=1
8.302021,DELIVER,1776,,,,1819648,
8.302403,BUFFER,1777,,,,1819648,held=1
8.302441,DELIVER,1777,,,,1820672,
8.302824,BUFFER,1778,,,,1820672,held=1
8.302841,DELIVER,1778,,,,1821696,
8.306156,BUFFER,1779,,,,1821696,held=1
8.306185,DELIVER,1779,,,,1822720,
8.306553,BUFFER,1780,,,,1822720,held=1
8.306565,DELIVER,1780,,,,1823744,
8.306880,BUFFER,1781,,,,1823744,held=1
8.306891,DELIVER,1781,,,,1824768,
8.307249,BUFFER,1782,,,,1824768,held=1
8.307261,DELIVER,1782,,,,1825792,
8.320289,BUFFER,1783,,,,1825792,held=1
8.320319,DELIVER,1783,,,,1826816,
8.320645,BUFFER,1784,,,,1826816,held=1
8.320663,DELIVER,1784,,,,1827840,
8.321068,DUP,1753,,,,1827840,
8.321534,DUP,1753,,,,1827840,
8.322057,BUFFER,1786,,,,1827840,held=1
8.322102,NAK,1785,,,,1827840,
8.322373,BUFFER,1787,,,,1827840,held=2
8.324661,BUFFER,1788,,,,1827840,held=3
8.324947,BUFFER,1789,,,,1827840,held=4
8.334534,BUFFER,1790,,,,1827840,held=5
8.335111,BUFFER,1791,,,,1827840,held=6
8.337486,BUFFER,1792,,,,1827840,held=7
8.340304,BUFFER,1793,,,,1827840,held=8
8.351966,BUFFER,1794,,,,1827840,held=9
8.352317,BUFFER,1795,,,,1827840,held=10
8.352597,BUFFER,1796,,,,1827840,held=11
8.352893,BUFFER,1797,,,,1827840,held=12
8.365043,BUFFER,1799,,,,1827840,held=13
8.365081,NAK,1798,,,,1827840,
8.368587,BUFFER,1800,,,,1827840,held=14
8.369682,BUFFER,1801,,,,1827840,held=15
8.371106,BUFFER,1785,,,,1827840,held=16
8.371137,DELIVER,1785,,,,1828864,
8.371145,DELIVER,1786,,,,1829888,
8.371151,DELIVER,1787,,,,1830912,
8.371158,DELIVER,1788,,,,1831936,
8.371164,DELIVER,1789,,,,1832960,
8.371170,DELIVER,1790,,,,1833984,
8.371176,DELIVER,1791,,,,1835008,
8.371394,DELIVER,1792,,,,1836032,
8.371407,DELIVER,1793,,,,1837056,
8.371413,DELIVER,1794,,,,1838080,
8.371420,DELIVER,1795,,,,1839104,
8.371426,DELIVER,1796,,,,1840128,
8.371431,DELIVER,1797,,,,1841152,
8.372119,BUFFER,1802,,,,1841152,held=4
8.372465,BUFFER,1803,,,,1841152,held=5
8.376548,BUFFER,1804,,,,1841152,held=6
8.381636,BUFFER,1805,,,,1841152,held=7
8.388848,BUFFER,1806,,,,1841152,held=8
8.389366,BUFFER,1807,,,,1841152,held=9
8.389967,BUFFER,1808,,,,1841152,held=10
8.394717,BUFFER,1809,,,,1841152,held=11
8.395112,BUFFER,1810,,,,1841152,held=12
8.395508,BUFFER,1811,,,,1841152,held=13
8.417666,BUFFER,1812,,,,1841152,held=14
8.417711,NAK,1798,,,,1841152,
8.418170,BUFFER,1813,,,,1841152,held=15
8.418544,BUFFER,1814,,,,1841152,held=16
8.419711,BUFFER,1815,,,,1841152,held=17
8.419991,BUFFER,1817,,,,1841152,held=18
8.420019,NAK,1816,,,,1841152,
8.420262,BUFFER,1818,,,,1841152,held=19
8.428441,BUFFER,1819,,,,1841152,held=20
8.432958,BUFFER,1820,,,,1841152,held=21
8.433296,BUFFER,1821,,,,1841152,held=22
8.434398,BUFFER,1822,,,,1841152,held=23
8.438808,BUFFER,1823,,,,1841152,held=24
8.439053,BUFFER,1825,,,,1841152,held=25
8.439070,NAK,1824,,,,1841152,
8.439616,BUFFER,1826,,,,1841152,held=26
8.457503,DUP,1796,,,,1841152,
8.457774,BUFFER,1827,,,,1841152,held=27
8.457989,BUFFER,1798,,,,1841152,held=28
8.458003,DELIVER,1798,,,,1842176,
8.458009,DELIVER,1799,,,,1843200,
8.458015,DELIVER,1800,,,,1844224,
8.458020,DELIVER,1801,,,,1845248,
8.458026,DELIVER,1802,,,,1846272,
8.458030,DELIVER,1803,,,,1847296,
8.458035,DELIVER,1804,,,,1848320,
8.458043,DELIVER,1805,,,,1849344,
8.458048,DELIVER,1806,,,,1850368,
8.458053,DELIVER,1807,,,,1851392,
8.458058,DELIVER,1808,,,,1852416,
8.458064,DELIVER,1809,,,,1853440,
8.458072,DELIVER,1810,,,,1854464,
8.458079,DELIVER,1811,,,,1855488,
8.458084,DELIVER,1812,,,,1856512,
8.458089,DELIVER,1813,,,,1857536,
8.458094,DELIVER,1814,,,,1858560,
8.458098,DELIVER,1815,,,,1859584,
8.462985,BUFFER,1828,,,,1859584,held=11
8.463255,BUFFER,1816,,,,1859584,held=12
8.463265,DELIVER,1816,,,,1860608,
8.463273,DELIVER,1817,,,,1861632,
8.463279,DELIVER,1818,,,,1862656,
8.463285,DELIVER,1819,,,,1863680,
8.463291,DELIVER,1820,,,,1864704,
8.463297,DELIVER,1821,,,,1865728,
8.463303,DELIVER,1822,,,,1866752,
8.463308,DELIVER,1823,,,,1867776,
8.463564,BUFFER,1829,,,,1867776,held=5
8.463817,BUFFER,1830,,,,1867776,held=6
8.467803,BUFFER,1831,,,,1867776,held=7
8.468024,BUFFER,1832,,,,1867776,held=8
8.468244,DUP,1780,,,,1867776,
8.484035,BUFFER,1833,,,,1867776,held=9
8.485758,BUFFER,1834,,,,1867776,held=10
8.486070,BUFFER,1824,,,,1867776,held=11
8.486088,DELIVER,1824,,,,1868800,
8.486096,DELIVER,1825,,,,1869824,
8.486102,DELIVER,1826,,,,1870848,
8.486109,DELIVER,1827,,,,1871872,
8.486115,DELIVER,1828,,,,1872896,
8.486120,DELIVER,1829,,,,1873920,
8.486126,DELIVER,1830,,,,1874944,
8.486131,DELIVER,1831,,,,1875968,
8.486137,DELIVER,1832,,,,1876992,
8.486143,DELIVER,1833,,,,1878016,
8.486148,DELIVER,1834,,,,1879040,
8.486494,BUFFER,1835,,,,1879040,held=1
8.486504,DELIVER,1835,,,,1880064,
8.490573,BUFFER,1836,,,,1880064,held=1
8.490584,DELIVER,1836,,,,1881088,
8.490882,BUFFER,1837,,,,1881088,held=1
8.490894,DELIVER,1837,,,,1882112,
8.491170,BUFFER,1838,,,,1882112,held=1
8.491178,DELIVER,1838,,,,1883136,
8.502644,BUFFER,1839,,,,1883136,held=1
8.502674,DELIVER,1839,,,,1884160,
8.508760,BUFFER,1840,,,,1884160,held=1
8.508771,DELIVER,1840,,,,1885184,
8.508976,BUFFER,1841,,,,1885184,held=1
8.508982,DELIVER,1841,,,,1886208,
8.512466,BUFFER,1842,,,,1886208,held=1
8.512473,DELIVER,1842,,,,1887232,
8.512756,BUFFER,1843,,,,1887232,held=1
8.512762,DELIVER,1843,,,,1888256,
8.513013,BUFFER,1845,,,,1888256,held=1
8.513034,NAK,1844,,,,1888256,
8.513241,BUFFER,1846,,,,1888256,held=2
8.513479,BUFFER,1847,,,,1888256,held=3
8.520204,BUFFER,1848,,,,1888256,held=4
8.520494,DUP,1815,,,,1888256,
8.537952,DUP,1815,,,,1888256,
8.538287,BUFFER,1849,,,,1888256,held=5
8.538567,BUFFER,1850,,,,1888256,held=6
8.539916,BUFFER,1851,,,,1888256,held=7
8.540248,BUFFER,1852,,,,1888256,held=8
8.540591,BUFFER,1853,,,,1888256,held=9
8.551825,BUFFER,1854,,,,1888256,held=10
8.552146,BUFFER,1855,,,,1888256,held=11
8.552437,BUFFER,1856,,,,1888256,held=12
8.552723,BUFFER,1857,,,,1888256,held=13
8.552996,BUFFER,1858,,,,1888256,held=14
8.553753,BUFFER,1844,,,,1888256,held=15
8.553779,DELIVER,1844,,,,1889280,
8.553787,DELIVER,1845,,,,1890304,
8.553845,DELIVER,1846,,,,1891328,
8.553852,DELIVER,1847,,,,1892352,
8.553859,DELIVER,1848,,,,1893376,
8.553866,DELIVER,1849,,,,1894400,
8.553872,DELIVER,1850,,,,1895424,
8.553878,DELIVER,1851,,,,1896448,
8.553884,DELIVER,1852,,,,1897472,
8.553890,DELIVER,1853,,,,1898496,
8.553896,DELIVER,1854,,,,1899520,
8.553901,DELIVER,1855,,,,1900544,
8.553907,DELIVER,1856,,,,1901568,
8.553913,DELIVER,1857,,,,1902592,
8.553919,DELIVER,1858,,,,1903616,
8.554383,BUFFER,1860,,,,1903616,held=1
8.554424,NAK,1859,,,,1903616,
8.554715,BUFFER,1861,,,,1903616,held=2
8.560307,DUP,1828,,,,1903616,
8.566265,BUFFER,1862,,,,1903616,held=3
8.575751,BUFFER,1863,,,,1903616,held=4
8.576394,BUFFER,1864,,,,1903616,held=5
8.586922,DUP,1828,,,,1903616,
8.588597,BUFFER,1865,,,,1903616,held=6
8.592654,BUFFER,1866,,,,1903616,held=7
8.593598,BUFFER,1867,,,,1903616,held=8
8.594267,BUFFER,1868,,,,1903616,held=9
8.594546,BUFFER,1869,,,,1903616,held=10
8.594824,BUFFER,1870,,,,1903616,held=11
8.595101,BUFFER,1871,,,,1903616,held=12
8.600013,BUFFER,1872,,,,1903616,held=13
8.600487,BUFFER,1873,,,,1903616,held=14
8.601067,BUFFER,1874,,,,1903616,held=15
8.603354,BUFFER,1875,,,,1903616,held=16
8.603674,BUFFER,1859,,,,1903616,held=17
8.603690,DELIVER,1859,,,,1904640,
8.603698,DELIVER,1860,,,,1905664,
8.603705,DELIVER,1861,,,,1906688,
8.603711,DELIVER,1862,,,,1907712,
8.603717,DELIVER,1863,,,,1908736,
8.603722,DELIVER,1864,,,,1909760,
8.603728,DELIVER,1865,,,,1910784,
8.603734,DELIVER,1866,,,,1911808,
8.603739,DELIVER,1867,,,,1912832,
8.603744,DELIVER,1868,,,,1913856,
8.603751,DELIVER,1869,,,,1914880,
8.603757,DELIVER,1870,,,,1915904,
8.603763,DELIVER,1871,,,,1916928,
8.603769,DELIVER,1872,,,,1917952,
8.603774,DELIVER,1873,,,,1918976,
8.603779,DELIVER,1874,,,,1920000,
8.603785,DELIVER,1875,,,,1921024,
8.604104,BUFFER,1876,,,,1921024,held=1
8.604119,DELIVER,1876,,,,1922048,
8.604415,BUFFER,1877,,,,1922048,held=1
8.604426,DELIVER,1877,,,,1923072,
8.616642,BUFFER,1878,,,,1923072,held=1
8.616679,DELIVER,1878,,,,1924096,
8.619349,BUFFER,1879,,,,1924096,held=1
8.619369,DELIVER,1879,,,,1925120,
8.619730,DUP,1854,,,,1925120,
8.642533,BUFFER,1880,,,,1925120,held=1
8.642567,DELIVER,1880,,,,1926144,
8.643072,BUFFER,1881,,,,1926144,held=1
8.643092,DELIVER,1881,,,,1927168,
8.648517,BUFFER,1882,,,,1927168,held=1
8.648552,DELIVER,1882,,,,1928192,
8.648936,BUFFER,1883,,,,1928192,held=1
8.648950,DELIVER,1883,,,,1929216,
8.649382,BUFFER,1884,,,,1929216,held=1
8.649401,DELIVER,1884,,,,1930240,
8.649764,BUFFER,1885,,,,1930240,held=1
8.649777,DELIVER,1885,,,,1931264,
8.650172,BUFFER,1886,,,,1931264,held=1
8.650186,DELIVER,1886,,,,1932288,
8.650474,BUFFER,1887,,,,1932288,held=1
8.650484,DELIVER,1887,,,,1933312,
8.650820,BUFFER,1888,,,,1933312,held=1
8.650834,DELIVER,1888,,,,1934336,
8.653223,BUFFER,1889,,,,1934336,held=1
8.653249,DELIVER,1889,,,,1935360,
8.653566,BUFFER,1890,,,,1935360,held=1
8.653577,DELIVER,1890,,,,1936384,
8.653881,BUFFER,1891,,,,1936384,held=1
8.653902,DELIVER,1891,,,,1937408,
8.654199,BUFFER,1892,,,,1937408,held=1
8.654209,DELIVER,1892,,,,1938432,
8.654485,BUFFER,1893,,,,1938432,held=1
8.654498,DELIVER,1893,,,,1939456,
8.664832,BUFFER,1894,,,,1939456,held=1
8.664861,DELIVER,1894,,,,1940480,
8.667332,BUFFER,1895,,,,1940480,held=1
8.667452,DELIVER,1895,,,,1941504,
8.667894,BUFFER,1896,,,,1941504,held=1
8.667912,DELIVER,1896,,,,1942528,
8.689372,BUFFER,1897,,,,1942528,held=1
8.689411,DELIVER,1897,,,,1943552,
8.692473,BUFFER,1898,,,,1943552,held=1
8.692496,DELIVER,1898,,,,1944576,
8.695976,BUFFER,1899,,,,1944576,held=1
8.696006,DELIVER,1899,,,,1945600,
8.696465,BUFFER,1900,,,,1945600,held=1
8.696478,DELIVER,1900,,,,1946624,
8.701883,BUFFER,1901,,,,1946624,held=1
8.701938,DELIVER,1901,,,,1947648,
8.702496,BUFFER,1902,,,,1947648,held=1
8.702512,DELIVER,1902,,,,1948672,
8.703010,BUFFER,1903,,,,1948672,held=1
8.703033,DELIVER,1903,,,,1949696,
8.703400,BUFFER,1904,,,,1949696,held=1
8.703413,DELIVER,1904,,,,1950720,
8.703765,BUFFER,1905,,,,1950720,held=1
8.703775,DELIVER,1905,,,,1951744,
8.704136,BUFFER,1906,,,,1951744,held=1
8.704150,DELIVER,1906,,,,1952768,
8.704634,BUFFER,1907,,,,1952768,held=1
8.704648,DELIVER,1907,,,,1953792,
8.704985,BUFFER,1909,,,,1953792,held=1
8.705012,NAK,1908,,,,1953792,
8.705297,BUFFER,1910,,,,1953792,held=2
8.705616,BUFFER,1911,,,,1953792,held=3
8.711520,BUFFER,1912,,,,1953792,held=4
8.713946,BUFFER,1913,,,,1953792,held=5
8.726828,BUFFER,1915,,,,1953792,held=6
8.726868,NAK,1914,,,,1953792,
8.731414,BUFFER,1916,,,,1953792,held=7
8.731717,BUFFER,1917,,,,1953792,held=8
8.750156,BUFFER,1918,,,,1953792,held=9
8.750438,BUFFER,1919,,,,1953792,held=10
8.750717,BUFFER,1920,,,,1953792,held=11
8.750989,BUFFER,1921,,,,1953792,held=12
8.751325,BUFFER,1922,,,,1953792,held=13
8.751665,BUFFER,1923,,,,1953792,held=14
8.752933,BUFFER,1908,,,,1953792,held=15
8.752954,DELIVER,1908,,,,1954816,
8.752966,DELIVER,1909,,,,1955840,
8.752972,DELIVER,1910,,,,1956864,
8.752978,DELIVER,1911,,,,1957888,
8.752985,DELIVER,1912,,,,1958912,
8.752990,DELIVER,1913,,,,1959936,
8.756029,DUP,1908,,,,1959936,
8.756422,BUFFER,1924,,,,1959936,held=10
8.756743,BUFFER,1925,,,,1959936,held=11
8.757004,BUFFER,1926,,,,1959936,held=12
8.757312,BUFFER,1927,,,,1959936,held=13
8.757615,BUFFER,1928,,,,1959936,held=14
8.759908,BUFFER,1929,,,,1959936,held=15
8.776443,BUFFER,1930,,,,1959936,held=16
8.776856,BUFFER,1914,,,,1959936,held=17
8.776882,DELIVER,1914,,,,1960960,
8.776890,DELIVER,1915,,,,1961984,
8.776896,DELIVER,1916,,,,1963008,
8.776907,DELIVER,1917,,,,1964032,
8.776916,DELIVER,1918,,,,1965056,
8.776923,DELIVER,1919,,,,1966080,
8.777202,DELIVER,1920,,,,1967104,
8.777223,DELIVER,1921,,,,1968128,
8.777229,DELIVER,1922,,,,1969152,
8.777234,DELIVER,1923,,,,1970176,
8.777240,DELIVER,1924,,,,1971200,
8.777246,DELIVER,1925,,,,1972224,
8.777251,DELIVER,1926,,,,1973248,
8.777257,DELIVER,1927,,,,1974272,
8.777262,DELIVER,1928,,,,1975296,
8.777268,DELIVER,1929,,,,1976320,
8.777274,DELIVER,1930,,,,1977344,
8.781554,BUFFER,1931,,,,1977344,held=1
8.781592,DELIVER,1931,,,,1978368,
8.781912,BUFFER,1932,,,,1978368,held=1
8.781924,DELIVER,1932,,,,1979392,
8.791948,BUFFER,1933,,,,1979392,held=1
8.791971,DELIVER,1933,,,,1980416,
8.792257,BUFFER,1934,,,,1980416,held=1
8.792303,DELIVER,1934,,,,1981440,
8.796553,BUFFER,1935,,,,1981440,held=1
8.796577,DELIVER,1935,,,,1982464,
8.800749,BUFFER,1936,,,,1982464,held=1
8.800775,DELIVER,1936,,,,1983488,
8.801074,BUFFER,1937,,,,1983488,held=1
8.801089,DELIVER,1937,,,,1984512,
8.803741,BUFFER,1938,,,,1984512,held=1
8.803767,DELIVER,1938,,,,1985536,
8.804117,BUFFER,1939,,,,1985536,held=1
8.804152,DELIVER,1939,,,,1986560,
8.804429,DUP,1914,,,,1986560,
8.804868,BUFFER,1940,,,,1986560,held=1
8.804895,DELIVER,1940,,,,1987584,
8.807781,BUFFER,1941,,,,1987584,held=1
8.807812,DELIVER,1941,,,,1988608,
8.808267,BUFFER,1942,,,,1988608,held=1
8.808282,DELIVER,1942,,,,1989632,
8.808574,BUFFER,1943,,,,1989632,held=1
8.808588,DELIVER,1943,,,,1990656,
8.810945,BUFFER,1944,,,,1990656,held=1
8.810967,DELIVER,1944,,,,1991680,
8.811258,BUFFER,1945,,,,1991680,held=1
8.811267,DELIVER,1945,,,,1992704,
8.811557,BUFFER,1946,,,,1992704,held=1
8.811569,DELIVER,1946,,,,1993728,
8.820362,BUFFER,1947,,,,1993728,held=1
8.820398,DELIVER,1947,,,,1994752,
8.821047,BUFFER,1948,,,,1994752,held=1
8.821071,DELIVER,1948,,,,1995776,
8.827050,BUFFER,1949,,,,1995776,held=1
8.827201,DELIVER,1949,,,,1996800,
8.827543,BUFFER,1950,,,,1996800,held=1
8.827555,DELIVER,1950,,,,1997824,
8.835646,BUFFER,1951,,,,1997824,held=1
8.835728,DELIVER,1951,,,,1998848,
8.836410,BUFFER,1952,,,,1998848,held=1
8.836450,DELIVER,1952,,,,1999872,
8.836776,BUFFER,1953,,,,1999872,held=1
8.836786,DELIVER,1953,,,,2000896,
8.854870,BUFFER,1954,,,,2000896,held=1
8.854928,DELIVER,1954,,,,2001920,
8.856508,BUFFER,1955,,,,2001920,held=1
8.856533,DELIVER,1955,,,,2002944,
8.856993,BUFFER,1956,,,,2002944,held=1
8.857002,DELIVER,1956,,,,2003968,
8.857222,BUFFER,1957,,,,2003968,held=1
8.857229,DELIVER,1957,,,,2004992,
8.857714,BUFFER,1958,,,,2004992,held=1
8.857730,DELIVER,1958,,,,2006016,
8.858025,BUFFER,1959,,,,2006016,held=1
8.858036,DELIVER,1959,,,,2007040,
8.858267,BUFFER,1960,,,,2007040,held=1
8.858275,DELIVER,1960,,,,2008064,
8.858476,BUFFER,1961,,,,2008064,held=1
8.858483,DELIVER,1961,,,,2009088,
8.858843,DUP,1943,,,,2009088,
8.859592,BUFFER,1962,,,,2009088,held=1
8.859604,DELIVER,1962,,,,2010112,
8.866264,BUFFER,1963,,,,2010112,held=1
8.866274,DELIVER,1963,,,,2011136,
8.872171,BUFFER,1964,,,,2011136,held=1
8.872222,DELIVER,1964,,,,2012160,
8.872486,BUFFER,1965,,,,2012160,held=1
8.872496,DELIVER,1965,,,,2013184,
8.882840,BUFFER,1966,,,,2013184,held=1
8.882858,DELIVER,1966,,,,2014208,
8.883094,BUFFER,1967,,,,2014208,held=1
8.883102,DELIVER,1967,,,,2015232,
8.883332,BUFFER,1968,,,,2015232,held=1
8.883344,DELIVER,1968,,,,2016256,
8.900722,BUFFER,1969,,,,2016256,held=1
8.900753,DELIVER,1969,,,,2017280,
8.901108,BUFFER,1970,,,,2017280,held=1
8.901125,DELIVER,1970,,,,2018304,
8.901679,BUFFER,1971,,,,2018304,held=1
8.901715,DELIVER,1971,,,,2019328,
8.902035,BUFFER,1972,,,,2019328,held=1
8.902047,DELIVER,1972,,,,2020352,
8.907285,BUFFER,1973,,,,2020352,held=1
8.907312,DELIVER,1973,,,,2021376,
8.907597,BUFFER,1974,,,,2021376,held=1
8.907609,DELIVER,1974,,,,2022400,
8.907847,BUFFER,1975,,,,2022400,held=1
8.907859,DELIVER,1975,,,,2023424,
8.908145,BUFFER,1976,,,,2023424,held=1
8.908155,DELIVER,1976,,,,2024448,
8.908410,BUFFER,1977,,,,2024448,held=1
8.908420,DELIVER,1977,,,,2025472,
8.908742,BUFFER,1978,,,,2025472,held=1
8.908751,DELIVER,1978,,,,2026496,
8.909342,BUFFER,1979,,,,2026496,held=1
8.909355,DELIVER,1979,,,,2027520,
8.913157,BUFFER,1980,,,,2027520,held=1
8.913194,DELIVER,1980,,,,2028544,
8.913499,DUP,1949,,,,2028544,
8.914804,BUFFER,1981,,,,2028544,held=1
8.914813,DELIVER,1981,,,,2029568,
8.915094,BUFFER,1982,,,,2029568,held=1
8.915101,DELIVER,1982,,,,2030592,
8.919979,BUFFER,1983,,,,2030592,held=1
8.920001,DELIVER,1983,,,,2031616,
8.922471,BUFFER,1984,,,,2031616,held=1
8.922494,DELIVER,1984,,,,2032640,
8.925237,BUFFER,1985,,,,2032640,held=1
8.925284,DELIVER,1985,,,,2033664,
8.939968,BUFFER,1986,,,,2033664,held=1
8.939997,DELIVER,1986,,,,2034688,
8.947911,BUFFER,1987,,,,2034688,held=1
8.947937,DELIVER,1987,,,,2035712,
8.952282,BUFFER,1988,,,,2035712,held=1
8.952314,DELIVER,1988,,,,2036736,
8.955481,BUFFER,1989,,,,2036736,held=1
8.955542,DELIVER,1989,,,,2037760,
8.955952,BUFFER,1990,,,,2037760,held=1
8.955967,DELIVER,1990,,,,2038784,
8.956452,BUFFER,1991,,,,2038784,held=1
8.956467,DELIVER,1991,,,,2039808,
8.960555,BUFFER,1993,,,,2039808,held=1
8.960587,NAK,1992,,,,2039808,
8.960889,BUFFER,1994,,,,2039808,held=2
8.961173,BUFFER,1995,,,,2039808,held=3
8.961416,BUFFER,1996,,,,2039808,held=4
8.961760,BUFFER,1997,,,,2039808,held=5
8.965014,BUFFER,1998,,,,2039808,held=6
8.965393,BUFFER,1999,,,,2039808,held=7
8.966028,BUFFER,2001,,,,2039808,held=8
8.966068,NAK,2000,,,,2039808,
8.966390,BUFFER,2002,,,,2039808,held=9
8.970118,BUFFER,2003,,,,2039808,held=10
8.976623,BUFFER,2005,,,,2039808,held=11
8.976796,NAK,2004,,,,2039808,
9.000724,BUFFER,2007,,,,2039808,held=12
9.000768,NAK,2006,,,,2039808,
9.001017,BUFFER,2008,,,,2039808,held=13
9.001237,BUFFER,2009,,,,2039808,held=14
9.007447,BUFFER,1992,,,,2039808,held=15
9.007480,DELIVER,1992,,,,2040832,
9.007487,DELIVER,1993,,,,2041856,
9.007492,DELIVER,1994,,,,2042880,
9.007498,DELIVER,1995,,,,2043904,
9.007503,DELIVER,1996,,,,2044928,
9.007507,DELIVER,1997,,,,2045952,
9.007512,DELIVER,1998,,,,2046976,
9.007517,DELIVER,1999,,,,2048000,
9.007735,BUFFER,2010,,,,2048000,held=8
9.011458,BUFFER,2011,,,,2048000,held=9
9.011733,BUFFER,2012,,,,2048000,held=10
9.011984,BUFFER,2013,,,,2048000,held=11
9.012245,BUFFER,2014,,,,2048000,held=12
9.016060,BUFFER,2015,,,,2048000,held=13
9.016124,NAK,2000,,,,2048000,
9.016407,BUFFER,2017,,,,2048000,held=14
9.016431,NAK,2016,,,,2048000,
9.020266,BUFFER,2004,,,,2048000,held=15
9.020587,BUFFER,2018,,,,2048000,held=16
9.022336,BUFFER,2019,,,,2048000,held=17
9.022851,BUFFER,2020,,,,2048000,held=18
9.048243,BUFFER,2006,,,,2048000,held=19
9.048514,BUFFER,2021,,,,2048000,held=20
9.048945,BUFFER,2022,,,,2048000,held=21
9.049331,BUFFER,2023,,,,2048000,held=22
9.062389,BUFFER,2000,,,,2048000,held=23
9.062418,DELIVER,2000,,,,2049024,
9.062425,DELIVER,2001,,,,2050048,
9.062431,DELIVER,2002,,,,2051072,
9.062436,DELIVER,2003,,,,2052096,
9.062441,DELIVER,2004,,,,2053120,
9.062446,DELIVER,2005,,,,2054144,
9.062451,DELIVER,2006,,,,2055168,
9.062456,DELIVER,2007,,,,2056192,
9.062461,DELIVER,2008,,,,2057216,
9.062466,DELIVER,2009,,,,2058240,
9.062470,DELIVER,2010,,,,2059264,
9.062475,DELIVER,2011,,,,2060288,
9.062480,DELIVER,2012,,,,2061312,
9.062484,DELIVER,2013,,,,2062336,
9.062506,DELIVER,2014,,,,2063360,
9.062511,DELIVER,2015,,,,2064384,
9.062788,BUFFER,2024,,,,2064384,held=8
9.063034,BUFFER,2025,,,,2064384,held=9
9.063673,BUFFER,2027,,,,2064384,held=10
9.063697,NAK,2026,,,,2064384,
9.063954,BUFFER,2028,,,,2064384,held=11
9.064196,BUFFER,2029,,,,2064384,held=12
9.064458,BUFFER,2030,,,,2064384,held=13
9.064695,BUFFER,2016,,,,2064384,held=14
9.064708,DELIVER,2016,,,,2065408,
9.064714,DELIVER,2017,,,,2066432,
9.064719,DELIVER,2018,,,,2067456,
9.064724,DELIVER,2019,,,,2068480,
9.064729,DELIVER,2020,,,,2069504,
9.064733,DELIVER,2021,,,,2070528,
9.064738,DELIVER,2022,,,,2071552,
9.064743,DELIVER,2023,,,,2072576,
9.064748,DELIVER,2024,,,,2073600,
9.064752,DELIVER,2025,,,,2074624,
9.066639,BUFFER,2031,,,,2074624,held=5
9.069760,BUFFER,2032,,,,2074624,held=6
9.071394,BUFFER,2033,,,,2074624,held=7
9.071626,BUFFER,2034,,,,2074624,held=8
9.076274,BUFFER,2035,,,,2074624,held=9
9.096322,BUFFER,2036,,,,2074624,held=10
9.096624,BUFFER,2037,,,,2074624,held=11
9.101831,BUFFER,2038,,,,2074624,held=12
9.102224,BUFFER,2039,,,,2074624,held=13
9.102583,BUFFER,2041,,,,2074624,held=14
9.102693,NAK,2040,,,,2074624,
9.102963,BUFFER,2043,,,,2074624,held=15
9.102987,NAK,2042,,,,2074624,
9.114771,BUFFER,2026,,,,2074624,held=16
9.114799,DELIVER,2026,,,,2075648,
9.114806,DELIVER,2027,,,,2076672,
9.114812,DELIVER,2028,,,,2077696,
9.114817,DELIVER,2029,,,,2078720,
9.114822,DELIVER,2030,,,,2079744,
9.114828,DELIVER,2031,,,,2080768,
9.114832,DELIVER,2032,,,,2081792,
9.114837,DELIVER,2033,,,,2082816,
9.114842,DELIVER,2034,,,,2083840,
9.114847,DELIVER,2035,,,,2084864,
9.114852,DELIVER,2036,,,,2085888,
9.114858,DELIVER,2037,,,,2086912,
9.114864,DELIVER,2038,,,,2087936,
9.114869,DELIVER,2039,,,,2088960,
9.115187,BUFFER,2044,,,,2088960,held=3
9.115516,BUFFER,2045,,,,2088960,held=4
9.115895,BUFFER,2046,,,,2088960,held=5
9.116327,BUFFER,2047,,,,2088960,held=6
9.116586,DUP,2026,,,,2088960,
9.145882,BUFFER,2040,,,,2088960,held=7
9.145906,DELIVER,2040,,,,2089984,
9.145915,DELIVER,2041,,,,2091008,
9.150814,BUFFER,2042,,,,2091008,held=6
9.150839,DELIVER,2042,,,,2092032,
9.150846,DELIVER,2043,,,,2093056,
9.150852,DELIVER,2044,,,,2094080,
9.150857,DELIVER,2045,,,,2095104,
9.150862,DELIVER,2046,,,,2096128,
9.150867,DELIVER,2047,,,,2097152,
9.164302,DUP,2032,,,,2097152,
9.164691,DUP,2032,,,,2097152,
9.204478,DUP,2039,,,,2097152,
9.255647,FIN,2048,,,,2097152,"all data delivered, acking FIN"
