t,event,seq,cwnd,srtt_ms,rto_ms,bytes_acked,info
0.627992,BUFFER,0,,,,0,held=1
0.628028,DELIVER,0,,,,1024,
0.628176,BUFFER,1,,,,1024,held=1
0.628184,DELIVER,1,,,,2048,
0.628316,BUFFER,2,,,,2048,held=1
0.628323,DELIVER,2,,,,3072,
0.628446,BUFFER,3,,,,3072,held=1
0.628450,DELIVER,3,,,,4096,
0.680871,BUFFER,5,,,,4096,held=1
0.680889,NAK,4,,,,4096,
0.680979,BUFFER,6,,,,4096,held=2
0.681064,BUFFER,7,,,,4096,held=3
0.722091,BUFFER,4,,,,4096,held=4
0.722107,DELIVER,4,,,,5120,
0.722113,DELIVER,5,,,,6144,
0.722117,DELIVER,6,,,,7168,
0.722124,DELIVER,7,,,,8192,
0.729951,BUFFER,8,,,,8192,held=1
0.729958,DELIVER,8,,,,9216,
0.730103,BUFFER,9,,,,9216,held=1
0.730109,DELIVER,9,,,,10240,
0.730236,DUP,4,,,,10240,
0.730358,BUFFER,10,,,,10240,held=1
0.730363,DELIVER,10,,,,11264,
0.774514,BUFFER,11,,,,11264,held=1
0.774532,DELIVER,11,,,,12288,
0.774840,BUFFER,12,,,,12288,held=1
0.774852,DELIVER,12,,,,13312,
0.775158,BUFFER,13,,,,13312,held=1
0.775168,DELIVER,13,,,,14336,
0.776971,BUFFER,14,,,,14336,held=1
0.776976,DELIVER,14,,,,15360,
0.819683,DUP,10,,,,15360,
0.823459,BUFFER,15,,,,15360,held=1
0.823492,DELIVER,15,,,,16384,
0.823765,BUFFER,16,,,,16384,held=1
0.823780,DELIVER,16,,,,17408,
0.824034,BUFFER,17,,,,17408,held=1
0.824045,DELIVER,17,,,,18432,
0.824271,BUFFER,18,,,,18432,held=1
0.824279,DELIVER,18,,,,19456,
0.868612,BUFFER,19,,,,19456,held=1
0.868639,DELIVER,19,,,,20480,
0.868899,BUFFER,20,,,,20480,held=1
0.868907,DELIVER,20,,,,21504,
0.872925,BUFFER,21,,,,21504,held=1
0.872951,DELIVER,21,,,,22528,
0.873195,BUFFER,22,,,,22528,held=1
0.873203,DELIVER,22,,,,23552,
0.879485,BUFFER,23,,,,23552,held=1
0.879504,DELIVER,23,,,,24576,
0.908671,BUFFER,24,,,,24576,held=1
0.908685,DELIVER,24,,,,25600,
0.923039,DUP,18,,,,25600,
0.926795,BUFFER,25,,,,25600,held=1
0.926802,DELIVER,25,,,,26624,
0.930967,BUFFER,26,,,,26624,held=1
0.930973,DELIVER,26,,,,27648,
0.931084,BUFFER,27,,,,27648,held=1
0.931089,DELIVER,27,,,,28672,
0.933756,BUFFER,28,,,,28672,held=1
0.933760,DELIVER,28,,,,29696,
0.944253,BUFFER,29,,,,29696,held=1
0.944268,DELIVER,29,,,,30720,
0.971243,BUFFER,30,,,,30720,held=1
0.971260,DELIVER,30,,,,31744,
0.971475,BUFFER,31,,,,31744,held=1
0.971482,DELIVER,31,,,,32768,
0.976968,BUFFER,32,,,,32768,held=1
0.976983,DELIVER,32,,,,33792,
0.977186,BUFFER,33,,,,33792,held=1
0.977192,DELIVER,33,,,,34816,
0.977392,BUFFER,34,,,,34816,held=1
0.977397,DELIVER,34,,,,35840,
0.977596,BUFFER,35,,,,35840,held=1
0.977601,DELIVER,35,,,,36864,
0.983974,BUFFER,36,,,,36864,held=1
0.983981,DELIVER,36,,,,37888,
1.008937,BUFFER,37,,,,37888,held=1
1.008962,DELIVER,37,,,,38912,
1.009351,BUFFER,38,,,,38912,held=1
1.009368,DELIVER,38,,,,39936,
1.019734,BUFFER,39,,,,39936,held=1
1.019756,DELIVER,39,,,,40960,
1.027757,BUFFER,40,,,,40960,held=1
1.027782,DELIVER,40,,,,41984,
1.028207,BUFFER,41,,,,41984,held=1
1.028220,DELIVER,41,,,,43008,
1.028478,BUFFER,42,,,,43008,held=1
1.028485,DELIVER,42,,,,44032,
1.028691,BUFFER,43,,,,44032,held=1
1.028698,DELIVER,43,,,,45056,
1.031276,BUFFER,44,,,,45056,held=1
1.031296,DELIVER,44,,,,46080,
1.054005,BUFFER,45,,,,46080,held=1
1.054036,DELIVER,45,,,,47104,
1.055893,BUFFER,46,,,,47104,held=1
1.055926,DELIVER,46,,,,48128,
1.056172,BUFFER,47,,,,48128,held=1
1.056181,DELIVER,47,,,,49152,
1.086140,BUFFER,48,,,,49152,held=1
1.086166,DELIVER,48,,,,50176,
1.086382,BUFFER,49,,,,50176,held=1
1.086391,DELIVER,49,,,,51200,
1.086594,BUFFER,50,,,,51200,held=1
1.086601,DELIVER,50,,,,52224,
1.086806,BUFFER,51,,,,52224,held=1
1.086814,DELIVER,51,,,,53248,
1.087016,BUFFER,52,,,,53248,held=1
1.087023,DELIVER,52,,,,54272,
1.087221,BUFFER,53,,,,54272,held=1
1.087228,DELIVER,53,,,,55296,
1.110181,BUFFER,54,,,,55296,held=1
1.110201,DELIVER,54,,,,56320,
1.112146,BUFFER,55,,,,56320,held=1
1.112156,DELIVER,55,,,,57344,
1.114482,BUFFER,56,,,,57344,held=1
1.114493,DELIVER,56,,,,58368,
1.135595,BUFFER,57,,,,58368,held=1
1.135609,DELIVER,57,,,,59392,
1.135822,BUFFER,58,,,,59392,held=1
1.135828,DELIVER,58,,,,60416,
1.136033,BUFFER,59,,,,60416,held=1
1.136039,DELIVER,59,,,,61440,
1.136238,BUFFER,60,,,,61440,held=1
1.136243,DELIVER,60,,,,62464,
1.136441,BUFFER,61,,,,62464,held=1
1.136446,DELIVER,61,,,,63488,
1.139026,BUFFER,62,,,,63488,held=1
1.139036,DELIVER,62,,,,64512,
1.139292,BUFFER,63,,,,64512,held=1
1.139299,DELIVER,63,,,,65536,
1.167387,BUFFER,64,,,,65536,held=1
1.167411,DELIVER,64,,,,66560,
1.167627,BUFFER,65,,,,66560,held=1
1.167639,DELIVER,65,,,,67584,
1.167882,BUFFER,66,,,,67584,held=1
1.167889,DELIVER,66,,,,68608,
1.191287,BUFFER,67,,,,68608,held=1
1.191320,DELIVER,67,,,,69632,
1.195549,BUFFER,68,,,,69632,held=1
1.195637,DELIVER,68,,,,70656,
1.196295,BUFFER,69,,,,70656,held=1
1.196312,DELIVER,69,,,,71680,
1.196560,BUFFER,70,,,,71680,held=1
1.196570,DELIVER,70,,,,72704,
1.196813,BUFFER,71,,,,72704,held=1
1.196823,DELIVER,71,,,,73728,
1.197109,BUFFER,73,,,,73728,held=1
1.197141,NAK,72,,,,73728,
1.197461,BUFFER,74,,,,73728,held=2
1.216942,BUFFER,75,,,,73728,held=3
1.217293,BUFFER,76,,,,73728,held=4
1.217537,BUFFER,77,,,,73728,held=5
1.233992,BUFFER,78,,,,73728,held=6
1.238150,BUFFER,79,,,,73728,held=7
1.238563,BUFFER,80,,,,73728,held=8
1.240340,BUFFER,81,,,,73728,held=9
1.251950,BUFFER,82,,,,73728,held=10
1.251988,NAK,72,,,,73728,
1.266613,DUP,71,,,,73728,
1.267067,BUFFER,83,,,,73728,held=11
1.267528,BUFFER,84,,,,73728,held=12
1.277425,BUFFER,85,,,,73728,held=13
1.283304,BUFFER,86,,,,73728,held=14
1.291319,BUFFER,72,,,,73728,held=15
1.291350,DELIVER,72,,,,74752,
1.291357,DELIVER,73,,,,75776,
1.291362,DELIVER,74,,,,76800,
1.291367,DELIVER,75,,,,77824,
1.291371,DELIVER,76,,,,78848,
1.291376,DELIVER,77,,,,79872,
1.291386,DELIVER,78,,,,80896,
1.291391,DELIVER,79,,,,81920,
1.291401,DELIVER,80,,,,82944,
1.291407,DELIVER,81,,,,83968,
1.291411,DELIVER,82,,,,84992,
1.291416,DELIVER,83,,,,86016,
1.291421,DELIVER,84,,,,87040,
1.291425,DELIVER,85,,,,88064,
1.291430,DELIVER,86,,,,89088,
1.291702,BUFFER,87,,,,89088,held=1
1.291717,DELIVER,87,,,,90112,
1.291954,DUP,73,,,,90112,
1.312857,BUFFER,88,,,,90112,held=1
1.312959,DELIVER,88,,,,91136,
1.313271,BUFFER,89,,,,91136,held=1
1.313280,DELIVER,89,,,,92160,
1.319051,BUFFER,90,,,,92160,held=1
1.319072,DELIVER,90,,,,93184,
1.321411,BUFFER,91,,,,93184,held=1
1.321430,DELIVER,91,,,,94208,
1.331338,DUP,72,,,,94208,
1.331573,BUFFER,92,,,,94208,held=1
1.331587,DELIVER,92,,,,95232,
1.331918,BUFFER,93,,,,95232,held=1
1.331931,DELIVER,93,,,,96256,
1.333857,DUP,78,,,,96256,
1.344242,BUFFER,94,,,,96256,held=1
1.344295,DELIVER,94,,,,97280,
1.344793,BUFFER,95,,,,97280,held=1
1.344804,DELIVER,95,,,,98304,
1.345019,DUP,80,,,,98304,
1.357934,BUFFER,96,,,,98304,held=1
1.357967,DELIVER,96,,,,99328,
1.360820,BUFFER,97,,,,99328,held=1
1.360845,DELIVER,97,,,,100352,
1.361106,BUFFER,98,,,,100352,held=1
1.361113,DELIVER,98,,,,101376,
1.361516,BUFFER,99,,,,101376,held=1
1.361530,DELIVER,99,,,,102400,
1.384025,BUFFER,100,,,,102400,held=1
1.384045,DELIVER,100,,,,103424,
1.384253,BUFFER,101,,,,103424,held=1
1.384260,DELIVER,101,,,,104448,
1.384906,BUFFER,102,,,,104448,held=1
1.384931,DELIVER,102,,,,105472,
1.385193,BUFFER,103,,,,105472,held=1
1.385205,DELIVER,103,,,,106496,
1.385788,DUP,78,,,,106496,
1.395536,BUFFER,104,,,,106496,held=1
1.395562,DELIVER,104,,,,107520,
1.396016,BUFFER,105,,,,107520,held=1
1.396030,DELIVER,105,,,,108544,
1.400465,BUFFER,106,,,,108544,held=1
1.400494,DELIVER,106,,,,109568,
1.408195,BUFFER,107,,,,109568,held=1
1.408215,DELIVER,107,,,,110592,
1.408482,BUFFER,108,,,,110592,held=1
1.408494,DELIVER,108,,,,111616,
1.408719,BUFFER,109,,,,111616,held=1
1.408727,DELIVER,109,,,,112640,
1.408952,BUFFER,110,,,,112640,held=1
1.408959,DELIVER,110,,,,113664,
1.428519,BUFFER,112,,,,113664,held=1
1.428571,NAK,111,,,,113664,
1.428908,BUFFER,113,,,,113664,held=2
1.439952,BUFFER,114,,,,113664,held=3
1.440487,BUFFER,115,,,,113664,held=4
1.440739,BUFFER,116,,,,113664,held=5
1.449113,DUP,100,,,,113664,
1.453070,BUFFER,117,,,,113664,held=6
1.463514,BUFFER,118,,,,113664,held=7
1.466049,BUFFER,119,,,,113664,held=8
1.466673,BUFFER,120,,,,113664,held=9
1.473222,BUFFER,111,,,,113664,held=10
1.473256,DELIVER,111,,,,114688,
1.473275,DELIVER,112,,,,115712,
1.473282,DELIVER,113,,,,116736,
1.473287,DELIVER,114,,,,117760,
1.473292,DELIVER,115,,,,118784,
1.473297,DELIVER,116,,,,119808,
1.473302,DELIVER,117,,,,120832,
1.473307,DELIVER,118,,,,121856,
1.473311,DELIVER,119,,,,122880,
1.473316,DELIVER,120,,,,123904,
1.473590,BUFFER,121,,,,123904,held=1
1.473599,DELIVER,121,,,,124928,
1.480102,BUFFER,122,,,,124928,held=1
1.480139,DELIVER,122,,,,125952,
1.485892,DUP,101,,,,125952,
1.486307,BUFFER,123,,,,125952,held=1
1.486323,DELIVER,123,,,,126976,
1.487315,BUFFER,124,,,,126976,held=1
1.487327,DELIVER,124,,,,128000,
1.494463,BUFFER,125,,,,128000,held=1
1.494481,DELIVER,125,,,,129024,
1.506198,BUFFER,127,,,,129024,held=1
1.506234,NAK,126,,,,129024,
1.513684,DUP,101,,,,129024,
1.513941,BUFFER,128,,,,129024,held=2
1.514234,BUFFER,129,,,,129024,held=3
1.514496,BUFFER,130,,,,129024,held=4
1.519524,BUFFER,131,,,,129024,held=5
1.523154,BUFFER,132,,,,129024,held=6
1.523438,BUFFER,133,,,,129024,held=7
1.524664,BUFFER,134,,,,129024,held=8
1.528288,BUFFER,135,,,,129024,held=9
1.539697,DUP,117,,,,129024,
1.549562,BUFFER,136,,,,129024,held=10
1.549850,BUFFER,126,,,,129024,held=11
1.549865,DELIVER,126,,,,130048,
1.549871,DELIVER,127,,,,131072,
1.550045,DELIVER,128,,,,132096,
1.550053,DELIVER,129,,,,133120,
1.550058,DELIVER,130,,,,134144,
1.550063,DELIVER,131,,,,135168,
1.550068,DELIVER,132,,,,136192,
1.550072,DELIVER,133,,,,137216,
1.550076,DELIVER,134,,,,138240,
1.550081,DELIVER,135,,,,139264,
1.550086,DELIVER,136,,,,140288,
1.562674,BUFFER,137,,,,140288,held=1
1.562697,DELIVER,137,,,,141312,
1.562975,BUFFER,138,,,,141312,held=1
1.562986,DELIVER,138,,,,142336,
1.565938,BUFFER,139,,,,142336,held=1
1.565961,DELIVER,139,,,,143360,
1.569540,BUFFER,140,,,,143360,held=1
1.569565,DELIVER,140,,,,144384,
1.569829,BUFFER,141,,,,144384,held=1
1.569838,DELIVER,141,,,,145408,
1.575527,BUFFER,142,,,,145408,held=1
1.575560,DELIVER,142,,,,146432,
1.575832,BUFFER,143,,,,146432,held=1
1.575841,DELIVER,143,,,,147456,
1.591385,BUFFER,144,,,,147456,held=1
1.591417,DELIVER,144,,,,148480,
1.595867,BUFFER,145,,,,148480,held=1
1.595887,DELIVER,145,,,,149504,
1.597678,BUFFER,146,,,,149504,held=1
1.597693,DELIVER,146,,,,150528,
1.606980,BUFFER,147,,,,150528,held=1
1.607031,DELIVER,147,,,,151552,
1.607750,BUFFER,148,,,,151552,held=1
1.607838,DELIVER,148,,,,152576,
1.608479,DUP,129,,,,152576,
1.609145,BUFFER,149,,,,152576,held=1
1.609171,DELIVER,149,,,,153600,
1.617675,BUFFER,150,,,,153600,held=1
1.617703,DELIVER,150,,,,154624,
1.618286,BUFFER,151,,,,154624,held=1
1.618303,DELIVER,151,,,,155648,
1.618706,BUFFER,152,,,,155648,held=1
1.618723,DELIVER,152,,,,156672,
1.621457,BUFFER,153,,,,156672,held=1
1.621481,DELIVER,153,,,,157696,
1.621940,DUP,131,,,,157696,
1.622364,BUFFER,154,,,,157696,held=1
1.622386,DELIVER,154,,,,158720,
1.639782,BUFFER,155,,,,158720,held=1
1.639812,DELIVER,155,,,,159744,
1.640122,BUFFER,156,,,,159744,held=1
1.640132,DELIVER,156,,,,160768,
1.658475,BUFFER,157,,,,160768,held=1
1.658505,DELIVER,157,,,,161792,
1.658856,BUFFER,158,,,,161792,held=1
1.658867,DELIVER,158,,,,162816,
1.659219,BUFFER,159,,,,162816,held=1
1.659229,DELIVER,159,,,,163840,
1.659559,BUFFER,160,,,,163840,held=1
1.659569,DELIVER,160,,,,164864,
1.659896,BUFFER,161,,,,164864,held=1
1.659906,DELIVER,161,,,,165888,
1.660548,DUP,131,,,,165888,
1.660937,BUFFER,162,,,,165888,held=1
1.660947,DELIVER,162,,,,166912,
1.662690,BUFFER,163,,,,166912,held=1
1.662710,DELIVER,163,,,,167936,
1.668928,BUFFER,164,,,,167936,held=1
1.668959,DELIVER,164,,,,168960,
1.669272,BUFFER,165,,,,168960,held=1
1.669284,DELIVER,165,,,,169984,
1.669715,BUFFER,166,,,,169984,held=1
1.669731,DELIVER,166,,,,171008,
1.670082,BUFFER,167,,,,171008,held=1
1.670094,DELIVER,167,,,,172032,
1.683013,BUFFER,168,,,,172032,held=1
1.683034,DELIVER,168,,,,173056,
1.684382,DUP,146,,,,173056,
1.708445,BUFFER,169,,,,173056,held=1
1.708482,DELIVER,169,,,,174080,
1.711053,BUFFER,170,,,,174080,held=1
1.711077,DELIVER,170,,,,175104,
1.711386,BUFFER,171,,,,175104,held=1
1.711399,DELIVER,171,,,,176128,
1.714134,BUFFER,172,,,,176128,held=1
1.714159,DELIVER,172,,,,177152,
1.714508,BUFFER,173,,,,177152,held=1
1.714521,DELIVER,173,,,,178176,
1.714792,BUFFER,174,,,,178176,held=1
1.714801,DELIVER,174,,,,179200,
1.715078,BUFFER,175,,,,179200,held=1
1.715092,DELIVER,175,,,,180224,
1.720833,BUFFER,176,,,,180224,held=1
1.720861,DELIVER,176,,,,181248,
1.721265,BUFFER,177,,,,181248,held=1
1.721282,DELIVER,177,,,,182272,
1.733233,BUFFER,178,,,,182272,held=1
1.733257,DELIVER,178,,,,183296,
1.733641,BUFFER,179,,,,183296,held=1
1.733653,DELIVER,179,,,,184320,
1.752331,BUFFER,180,,,,184320,held=1
1.752356,DELIVER,180,,,,185344,
1.759546,BUFFER,181,,,,185344,held=1
1.759581,DELIVER,181,,,,186368,
1.761841,DUP,157,,,,186368,
1.762179,DUP,157,,,,186368,
1.764245,BUFFER,182,,,,186368,held=1
1.764272,DELIVER,182,,,,187392,
1.764659,BUFFER,183,,,,187392,held=1
1.764673,DELIVER,183,,,,188416,
1.765322,BUFFER,184,,,,188416,held=1
1.765339,DELIVER,184,,,,189440,
1.765666,BUFFER,185,,,,189440,held=1
1.765706,DELIVER,185,,,,190464,
1.766019,BUFFER,186,,,,190464,held=1
1.766029,DELIVER,186,,,,191488,
1.766330,BUFFER,187,,,,191488,held=1
1.766344,DELIVER,187,,,,192512,
1.766753,BUFFER,188,,,,192512,held=1
1.766764,DELIVER,188,,,,193536,
1.768723,BUFFER,189,,,,193536,held=1
1.768748,DELIVER,189,,,,194560,
1.769060,DUP,167,,,,194560,
1.777761,BUFFER,190,,,,194560,held=1
1.777789,DELIVER,190,,,,195584,
1.778261,BUFFER,191,,,,195584,held=1
1.778276,DELIVER,191,,,,196608,
1.785154,BUFFER,192,,,,196608,held=1
1.785178,DELIVER,192,,,,197632,
1.798052,BUFFER,193,,,,197632,held=1
1.798081,DELIVER,193,,,,198656,
1.812937,BUFFER,194,,,,198656,held=1
1.812978,DELIVER,194,,,,199680,
1.815059,DUP,167,,,,199680,
1.815845,BUFFER,195,,,,199680,held=1
1.815927,DELIVER,195,,,,200704,
1.816322,BUFFER,196,,,,200704,held=1
1.816339,DELIVER,196,,,,201728,
1.816689,BUFFER,198,,,,201728,held=1
1.816714,NAK,197,,,,201728,
1.817430,BUFFER,199,,,,201728,held=2
1.817729,BUFFER,200,,,,201728,held=3
1.817977,BUFFER,201,,,,201728,held=4
1.818300,BUFFER,202,,,,201728,held=5
1.821153,BUFFER,203,,,,201728,held=6
1.821554,BUFFER,204,,,,201728,held=7
1.821894,BUFFER,205,,,,201728,held=8
1.822338,BUFFER,206,,,,201728,held=9
1.824679,BUFFER,207,,,,201728,held=10
1.850218,BUFFER,208,,,,201728,held=11
1.850664,BUFFER,209,,,,201728,held=12
1.857992,BUFFER,210,,,,201728,held=13
1.867210,BUFFER,211,,,,201728,held=14
1.867811,BUFFER,212,,,,201728,held=15
1.867843,NAK,197,,,,201728,
1.870218,BUFFER,197,,,,201728,held=16
1.870242,DELIVER,197,,,,202752,
1.870251,DELIVER,198,,,,203776,
1.870259,DELIVER,199,,,,204800,
1.870268,DELIVER,200,,,,205824,
1.870275,DELIVER,201,,,,206848,
1.870282,DELIVER,202,,,,207872,
1.870289,DELIVER,203,,,,208896,
1.870295,DELIVER,204,,,,209920,
1.870302,DELIVER,205,,,,210944,
1.870309,DELIVER,206,,,,211968,
1.870316,DELIVER,207,,,,212992,
1.870323,DELIVER,208,,,,214016,
1.870330,DELIVER,209,,,,215040,
1.870337,DELIVER,210,,,,216064,
1.870344,DELIVER,211,,,,217088,
1.870352,DELIVER,212,,,,218112,
1.870746,DUP,197,,,,218112,
1.871224,BUFFER,213,,,,218112,held=1
1.871305,DELIVER,213,,,,219136,
1.871841,BUFFER,214,,,,219136,held=1
1.872012,DELIVER,214,,,,220160,
1.872445,BUFFER,215,,,,220160,held=1
1.872460,DELIVER,215,,,,221184,
1.872783,BUFFER,216,,,,221184,held=1
1.872792,DELIVER,216,,,,222208,
1.873045,BUFFER,217,,,,222208,held=1
1.873054,DELIVER,217,,,,223232,
1.873766,BUFFER,218,,,,223232,held=1
1.873785,DELIVER,218,,,,224256,
1.874189,BUFFER,219,,,,224256,held=1
1.874201,DELIVER,219,,,,225280,
1.893210,BUFFER,220,,,,225280,held=1
1.893239,DELIVER,220,,,,226304,
1.900519,BUFFER,221,,,,226304,held=1
1.900573,DELIVER,221,,,,227328,
1.902802,BUFFER,222,,,,227328,held=1
1.902826,DELIVER,222,,,,228352,
1.912384,DUP,197,,,,228352,
1.912777,BUFFER,223,,,,228352,held=1
1.912800,DELIVER,223,,,,229376,
1.913380,BUFFER,224,,,,229376,held=1
1.913409,DELIVER,224,,,,230400,
1.913915,BUFFER,225,,,,230400,held=1
1.913947,DELIVER,225,,,,231424,
1.919593,BUFFER,226,,,,231424,held=1
1.919615,DELIVER,226,,,,232448,
1.919926,DUP,204,,,,232448,
1.924283,BUFFER,227,,,,232448,held=1
1.924311,DELIVER,227,,,,233472,
1.925038,BUFFER,228,,,,233472,held=1
1.925081,DELIVER,228,,,,234496,
1.925764,BUFFER,229,,,,234496,held=1
1.925782,DELIVER,229,,,,235520,
1.926127,BUFFER,230,,,,235520,held=1
1.926140,DELIVER,230,,,,236544,
1.926453,BUFFER,231,,,,236544,held=1
1.926464,DELIVER,231,,,,237568,
1.926761,BUFFER,232,,,,237568,held=1
1.926770,DELIVER,232,,,,238592,
1.932389,BUFFER,233,,,,238592,held=1
1.932410,DELIVER,233,,,,239616,
1.948097,BUFFER,234,,,,239616,held=1
1.948123,DELIVER,234,,,,240640,
1.951858,BUFFER,235,,,,240640,held=1
1.951871,DELIVER,235,,,,241664,
1.958139,BUFFER,236,,,,241664,held=1
1.958152,DELIVER,236,,,,242688,
1.958450,BUFFER,237,,,,242688,held=1
1.958458,DELIVER,237,,,,243712,
1.959265,BUFFER,238,,,,243712,held=1
1.959274,DELIVER,238,,,,244736,
1.980906,BUFFER,239,,,,244736,held=1
1.980926,DELIVER,239,,,,245760,
1.981525,BUFFER,240,,,,245760,held=1
1.981539,DELIVER,240,,,,246784,
1.981822,BUFFER,241,,,,246784,held=1
1.981835,DELIVER,241,,,,247808,
1.982379,DUP,218,,,,247808,
1.982738,DUP,218,,,,247808,
1.983021,BUFFER,242,,,,247808,held=1
1.983029,DELIVER,242,,,,248832,
1.983304,BUFFER,243,,,,248832,held=1
1.983311,DELIVER,243,,,,249856,
1.983601,BUFFER,244,,,,249856,held=1
1.983608,DELIVER,244,,,,250880,
1.983856,BUFFER,245,,,,250880,held=1
1.983863,DELIVER,245,,,,251904,
1.984116,BUFFER,246,,,,251904,held=1
1.984123,DELIVER,246,,,,252928,
2.007622,BUFFER,247,,,,252928,held=1
2.007647,DELIVER,247,,,,253952,
2.007957,BUFFER,248,,,,253952,held=1
2.007967,DELIVER,248,,,,254976,
2.008243,BUFFER,249,,,,254976,held=1
2.008252,DELIVER,249,,,,256000,
2.008555,BUFFER,250,,,,256000,held=1
2.008573,DELIVER,250,,,,257024,
2.029478,BUFFER,251,,,,257024,held=1
2.029504,DELIVER,251,,,,258048,
2.029918,DUP,234,,,,258048,
2.030256,BUFFER,252,,,,258048,held=1
2.030312,DELIVER,252,,,,259072,
2.031546,BUFFER,253,,,,259072,held=1
2.031567,DELIVER,253,,,,260096,
2.037028,BUFFER,254,,,,260096,held=1
2.037058,DELIVER,254,,,,261120,
2.037367,BUFFER,255,,,,261120,held=1
2.037377,DELIVER,255,,,,262144,
2.037745,BUFFER,256,,,,262144,held=1
2.037972,DELIVER,256,,,,263168,
2.038276,BUFFER,257,,,,263168,held=1
2.038288,DELIVER,257,,,,264192,
2.038575,BUFFER,258,,,,264192,held=1
2.038589,DELIVER,258,,,,265216,
2.038883,BUFFER,259,,,,265216,held=1
2.038893,DELIVER,259,,,,266240,
2.052817,BUFFER,260,,,,266240,held=1
2.052848,DELIVER,260,,,,267264,
2.058370,BUFFER,261,,,,267264,held=1
2.058426,DELIVER,261,,,,268288,
2.059458,BUFFER,262,,,,268288,held=1
2.059484,DELIVER,262,,,,269312,
2.059893,BUFFER,263,,,,269312,held=1
2.059907,DELIVER,263,,,,270336,
2.076016,BUFFER,264,,,,270336,held=1
2.076042,DELIVER,264,,,,271360,
2.079474,BUFFER,266,,,,271360,held=1
2.079624,NAK,265,,,,271360,
2.082441,DUP,245,,,,271360,
2.082874,DUP,245,,,,271360,
2.083435,BUFFER,267,,,,271360,held=2
2.083939,BUFFER,268,,,,271360,held=3
2.090088,BUFFER,270,,,,271360,held=4
2.090131,NAK,269,,,,271360,
2.093354,BUFFER,271,,,,271360,held=5
2.097049,BUFFER,272,,,,271360,held=6
2.104713,BUFFER,273,,,,271360,held=7
2.111137,BUFFER,274,,,,271360,held=8
2.111596,BUFFER,275,,,,271360,held=9
2.162774,NAK,265,,,,271360,
2.162840,NAK,269,,,,271360,
2.213961,NAK,265,,,,271360,
2.213992,NAK,269,,,,271360,
2.265239,NAK,265,,,,271360,
2.265595,NAK,269,,,,271360,
2.316832,NAK,265,,,,271360,
2.316878,NAK,269,,,,271360,
2.367506,NAK,265,,,,271360,
2.367565,NAK,269,,,,271360,
2.418902,NAK,265,,,,271360,
2.418967,NAK,269,,,,271360,
2.470189,NAK,265,,,,271360,
2.470234,NAK,269,,,,271360,
2.521173,NAK,265,,,,271360,
2.521207,NAK,269,,,,271360,
2.572384,NAK,265,,,,271360,
2.572421,NAK,269,,,,271360,
2.623685,NAK,265,,,,271360,
2.623731,NAK,269,,,,271360,
2.674296,NAK,265,,,,271360,
2.674353,NAK,269,,,,271360,
2.725290,NAK,265,,,,271360,
2.725530,NAK,269,,,,271360,
2.776800,NAK,265,,,,271360,
2.776872,NAK,269,,,,271360,
2.828096,NAK,265,,,,271360,
2.828143,NAK,269,,,,271360,
2.879346,NAK,265,,,,271360,
2.879389,NAK,269,,,,271360,
2.919955,BUFFER,265,,,,271360,held=10
2.919987,DELIVER,265,,,,272384,
2.919994,DELIVER,266,,,,273408,
2.919999,DELIVER,267,,,,274432,
2.920005,DELIVER,268,,,,275456,
2.922827,BUFFER,269,,,,275456,held=7
2.922860,DELIVER,269,,,,276480,
2.922867,DELIVER,270,,,,277504,
2.922872,DELIVER,271,,,,278528,
2.922877,DELIVER,272,,,,279552,
2.922884,DELIVER,273,,,,280576,
2.922888,DELIVER,274,,,,281600,
2.922894,DELIVER,275,,,,282624,
2.931619,BUFFER,278,,,,282624,held=1
2.931787,NAK,276,,,,282624,
2.931805,NAK,277,,,,282624,
2.970063,BUFFER,288,,,,282624,held=2
2.970154,NAK,279,,,,282624,
2.970179,NAK,280,,,,282624,
2.970196,NAK,281,,,,282624,
2.970211,NAK,282,,,,282624,
2.970226,NAK,283,,,,282624,
2.970242,NAK,284,,,,282624,
2.970253,NAK,285,,,,282624,
2.970267,NAK,286,,,,282624,
2.970282,NAK,287,,,,282624,
2.970732,BUFFER,289,,,,282624,held=3
2.971334,BUFFER,290,,,,282624,held=4
2.978690,BUFFER,277,,,,282624,held=5
3.015439,BUFFER,279,,,,282624,held=6
3.015984,NAK,276,,,,282624,
3.016585,BUFFER,281,,,,282624,held=7
3.019884,BUFFER,282,,,,282624,held=8
3.020415,BUFFER,283,,,,282624,held=9
3.020459,NAK,280,,,,282624,
3.020482,NAK,284,,,,282624,
3.020502,NAK,285,,,,282624,
3.020589,NAK,286,,,,282624,
3.020616,NAK,287,,,,282624,
3.021118,BUFFER,284,,,,282624,held=10
3.021423,BUFFER,286,,,,282624,held=11
3.025693,BUFFER,287,,,,282624,held=12
3.031176,BUFFER,291,,,,282624,held=13
3.031563,BUFFER,292,,,,282624,held=14
3.031909,BUFFER,293,,,,282624,held=15
3.032266,DUP,253,,,,282624,
3.032570,BUFFER,285,,,,282624,held=16
3.052297,BUFFER,294,,,,282624,held=17
3.058722,BUFFER,276,,,,282624,held=18
3.058736,DELIVER,276,,,,283648,
3.058742,DELIVER,277,,,,284672,
3.058747,DELIVER,278,,,,285696,
3.058752,DELIVER,279,,,,286720,
3.065647,BUFFER,295,,,,286720,held=15
3.065900,BUFFER,280,,,,286720,held=16
3.065911,DELIVER,280,,,,287744,
3.065917,DELIVER,281,,,,288768,
3.065922,DELIVER,282,,,,289792,
3.065928,DELIVER,283,,,,290816,
3.065932,DELIVER,284,,,,291840,
3.065938,DELIVER,285,,,,292864,
3.065942,DELIVER,286,,,,293888,
3.065947,DELIVER,287,,,,294912,
3.065952,DELIVER,288,,,,295936,
3.065956,DELIVER,289,,,,296960,
3.065961,DELIVER,290,,,,297984,
3.065965,DELIVER,291,,,,299008,
3.065970,DELIVER,292,,,,300032,
3.065974,DELIVER,293,,,,301056,
3.065979,DELIVER,294,,,,302080,
3.065985,DELIVER,295,,,,303104,
3.066159,BUFFER,296,,,,303104,held=1
3.066164,DELIVER,296,,,,304128,
3.067485,BUFFER,297,,,,304128,held=1
3.067492,DELIVER,297,,,,305152,
3.067678,BUFFER,298,,,,305152,held=1
3.067683,DELIVER,298,,,,306176,
3.068254,DUP,284,,,,306176,
3.068464,DUP,285,,,,306176,
3.068660,DUP,287,,,,306176,
3.073445,BUFFER,299,,,,306176,held=1
3.073457,DELIVER,299,,,,307200,
3.073630,BUFFER,300,,,,307200,held=1
3.073635,DELIVER,300,,,,308224,
3.073800,BUFFER,301,,,,308224,held=1
3.073805,DELIVER,301,,,,309248,
3.074937,BUFFER,302,,,,309248,held=1
3.074943,DELIVER,302,,,,310272,
3.075129,DUP,288,,,,310272,
3.075311,BUFFER,304,,,,310272,held=1
3.075324,NAK,303,,,,310272,
3.075517,BUFFER,305,,,,310272,held=2
3.100832,BUFFER,307,,,,310272,held=3
3.100872,NAK,306,,,,310272,
3.102572,BUFFER,308,,,,310272,held=4
3.106033,BUFFER,309,,,,310272,held=5
3.114464,DUP,288,,,,310272,
3.114750,BUFFER,310,,,,310272,held=6
3.115071,BUFFER,311,,,,310272,held=7
3.115367,BUFFER,312,,,,310272,held=8
3.119511,BUFFER,313,,,,310272,held=9
3.119879,BUFFER,314,,,,310272,held=10
3.120305,BUFFER,315,,,,310272,held=11
3.120924,BUFFER,316,,,,310272,held=12
3.121158,BUFFER,303,,,,310272,held=13
3.121170,DELIVER,303,,,,311296,
3.121176,DELIVER,304,,,,312320,
3.121181,DELIVER,305,,,,313344,
3.123307,BUFFER,317,,,,313344,held=11
3.123575,BUFFER,318,,,,313344,held=12
3.123800,BUFFER,319,,,,313344,held=13
3.142060,DUP,303,,,,313344,
3.152131,BUFFER,306,,,,313344,held=14
3.152160,DELIVER,306,,,,314368,
3.152169,DELIVER,307,,,,315392,
3.152175,DELIVER,308,,,,316416,
3.152180,DELIVER,309,,,,317440,
3.152224,DELIVER,310,,,,318464,
3.152231,DELIVER,311,,,,319488,
3.152236,DELIVER,312,,,,320512,
3.152241,DELIVER,313,,,,321536,
3.152247,DELIVER,314,,,,322560,
3.152260,DELIVER,315,,,,323584,
3.152265,DELIVER,316,,,,324608,
3.152270,DELIVER,317,,,,325632,
3.152275,DELIVER,318,,,,326656,
3.152281,DELIVER,319,,,,327680,
3.153639,BUFFER,320,,,,327680,held=1
3.153668,DELIVER,320,,,,328704,
3.154067,BUFFER,321,,,,328704,held=1
3.154085,DELIVER,321,,,,329728,
3.158321,BUFFER,322,,,,329728,held=1
3.158356,DELIVER,322,,,,330752,
3.158802,BUFFER,323,,,,330752,held=1
3.158831,DELIVER,323,,,,331776,
3.159369,BUFFER,324,,,,331776,held=1
3.159397,DELIVER,324,,,,332800,
3.163899,BUFFER,325,,,,332800,held=1
3.163938,DELIVER,325,,,,333824,
3.168905,BUFFER,326,,,,333824,held=1
3.168939,DELIVER,326,,,,334848,
3.170861,BUFFER,327,,,,334848,held=1
3.170882,DELIVER,327,,,,335872,
3.171630,BUFFER,328,,,,335872,held=1
3.171648,DELIVER,328,,,,336896,
3.171953,BUFFER,329,,,,336896,held=1
3.171962,DELIVER,329,,,,337920,
3.172349,BUFFER,330,,,,337920,held=1
3.172362,DELIVER,330,,,,338944,
3.172820,BUFFER,331,,,,338944,held=1
3.172833,DELIVER,331,,,,339968,
3.193530,BUFFER,332,,,,339968,held=1
3.193609,DELIVER,332,,,,340992,
3.193967,BUFFER,333,,,,340992,held=1
3.193979,DELIVER,333,,,,342016,
3.194372,BUFFER,334,,,,342016,held=1
3.194384,DELIVER,334,,,,343040,
3.201582,DUP,312,,,,343040,
3.204183,BUFFER,335,,,,343040,held=1
3.204211,DELIVER,335,,,,344064,
3.218441,BUFFER,336,,,,344064,held=1
3.218471,DELIVER,336,,,,345088,
3.218790,BUFFER,337,,,,345088,held=1
3.218803,DELIVER,337,,,,346112,
3.219088,BUFFER,338,,,,346112,held=1
3.219097,DELIVER,338,,,,347136,
3.219370,BUFFER,339,,,,347136,held=1
3.219380,DELIVER,339,,,,348160,
3.224036,BUFFER,340,,,,348160,held=1
3.224062,DELIVER,340,,,,349184,
3.224383,BUFFER,341,,,,349184,held=1
3.224396,DELIVER,341,,,,350208,
3.224645,BUFFER,342,,,,350208,held=1
3.224654,DELIVER,342,,,,351232,
3.224937,DUP,316,,,,351232,
3.239202,BUFFER,343,,,,351232,held=1
3.239233,DELIVER,343,,,,352256,
3.239596,DUP,319,,,,352256,
3.239941,BUFFER,344,,,,352256,held=1
3.239953,DELIVER,344,,,,353280,
3.252015,BUFFER,346,,,,353280,held=1
3.252050,NAK,345,,,,353280,
3.252361,BUFFER,347,,,,353280,held=2
3.259977,DUP,316,,,,353280,
3.260829,BUFFER,348,,,,353280,held=3
3.261205,BUFFER,349,,,,353280,held=4
3.267083,BUFFER,350,,,,353280,held=5
3.267494,BUFFER,351,,,,353280,held=6
3.269579,DUP,326,,,,353280,
3.271441,BUFFER,352,,,,353280,held=7
3.271824,BUFFER,353,,,,353280,held=8
3.272192,BUFFER,354,,,,353280,held=9
3.278136,BUFFER,355,,,,353280,held=10
3.278996,BUFFER,356,,,,353280,held=11
3.280941,BUFFER,357,,,,353280,held=12
3.289629,BUFFER,358,,,,353280,held=13
3.293550,BUFFER,359,,,,353280,held=14
3.295855,DUP,326,,,,353280,
3.308022,BUFFER,360,,,,353280,held=15
3.308057,NAK,345,,,,353280,
3.308404,BUFFER,361,,,,353280,held=16
3.309424,BUFFER,362,,,,353280,held=17
3.317508,BUFFER,364,,,,353280,held=18
3.317560,NAK,363,,,,353280,
3.317882,BUFFER,365,,,,353280,held=19
3.318699,BUFFER,366,,,,353280,held=20
3.319120,BUFFER,367,,,,353280,held=21
3.319592,BUFFER,345,,,,353280,held=22
3.319635,DELIVER,345,,,,354304,
3.319648,DELIVER,346,,,,355328,
3.319656,DELIVER,347,,,,356352,
3.319663,DELIVER,348,,,,357376,
3.319669,DELIVER,349,,,,358400,
3.319675,DELIVER,350,,,,359424,
3.319680,DELIVER,351,,,,360448,
3.319686,DELIVER,352,,,,361472,
3.319692,DELIVER,353,,,,362496,
3.319698,DELIVER,354,,,,363520,
3.319705,DELIVER,355,,,,364544,
3.319710,DELIVER,356,,,,365568,
3.319716,DELIVER,357,,,,366592,
3.319722,DELIVER,358,,,,367616,
3.319727,DELIVER,359,,,,368640,
3.319733,DELIVER,360,,,,369664,
3.319739,DELIVER,361,,,,370688,
3.319745,DELIVER,362,,,,371712,
3.320580,BUFFER,368,,,,371712,held=5
3.322126,BUFFER,369,,,,371712,held=6
3.322423,BUFFER,370,,,,371712,held=7
3.329200,BUFFER,371,,,,371712,held=8
3.332447,BUFFER,372,,,,371712,held=9
3.332780,BUFFER,373,,,,371712,held=10
3.338918,DUP,345,,,,371712,
3.346813,BUFFER,374,,,,371712,held=11
3.365361,BUFFER,375,,,,371712,held=12
3.365852,BUFFER,376,,,,371712,held=13
3.366416,BUFFER,363,,,,371712,held=14
3.366438,DELIVER,363,,,,372736,
3.366458,DELIVER,364,,,,373760,
3.366466,DELIVER,365,,,,374784,
3.366474,DELIVER,366,,,,375808,
3.366481,DELIVER,367,,,,376832,
3.366494,DELIVER,368,,,,377856,
3.366515,DELIVER,369,,,,378880,
3.366523,DELIVER,370,,,,379904,
3.366530,DELIVER,371,,,,380928,
3.366539,DELIVER,372,,,,381952,
3.366546,DELIVER,373,,,,382976,
3.366553,DELIVER,374,,,,384000,
3.366561,DELIVER,375,,,,385024,
3.366567,DELIVER,376,,,,386048,
3.366916,BUFFER,377,,,,386048,held=1
3.366930,DELIVER,377,,,,387072,
3.368338,BUFFER,378,,,,387072,held=1
3.368361,DELIVER,378,,,,388096,
3.369811,BUFFER,379,,,,388096,held=1
3.369831,DELIVER,379,,,,389120,
3.370128,BUFFER,380,,,,389120,held=1
3.370139,DELIVER,380,,,,390144,
3.373151,BUFFER,381,,,,390144,held=1
3.373172,DELIVER,381,,,,391168,
3.373490,BUFFER,382,,,,391168,held=1
3.373504,DELIVER,382,,,,392192,
3.377119,DUP,363,,,,392192,
3.377435,BUFFER,383,,,,392192,held=1
3.377450,DELIVER,383,,,,393216,
3.384077,BUFFER,384,,,,393216,held=1
3.384284,DELIVER,384,,,,394240,
3.391059,BUFFER,385,,,,394240,held=1
3.391091,DELIVER,385,,,,395264,
3.391480,BUFFER,386,,,,395264,held=1
3.391492,DELIVER,386,,,,396288,
3.399298,BUFFER,387,,,,396288,held=1
3.399330,DELIVER,387,,,,397312,
3.401420,BUFFER,388,,,,397312,held=1
3.401441,DELIVER,388,,,,398336,
3.402619,BUFFER,389,,,,398336,held=1
3.402639,DELIVER,389,,,,399360,
3.409878,BUFFER,390,,,,399360,held=1
3.409903,DELIVER,390,,,,400384,
3.415242,BUFFER,391,,,,400384,held=1
3.415267,DELIVER,391,,,,401408,
3.415610,DUP,365,,,,401408,
3.416237,BUFFER,392,,,,401408,held=1
3.416255,DELIVER,392,,,,402432,
3.419405,BUFFER,393,,,,402432,held=1
3.419432,DELIVER,393,,,,403456,
3.420093,BUFFER,394,,,,403456,held=1
3.420107,DELIVER,394,,,,404480,
3.420358,BUFFER,395,,,,404480,held=1
3.420369,DELIVER,395,,,,405504,
3.420579,BUFFER,396,,,,405504,held=1
3.420587,DELIVER,396,,,,406528,
3.420839,BUFFER,397,,,,406528,held=1
3.420851,DELIVER,397,,,,407552,
3.426927,BUFFER,398,,,,407552,held=1
3.426948,DELIVER,398,,,,408576,
3.427185,DUP,370,,,,408576,
3.439260,BUFFER,399,,,,408576,held=1
3.439281,DELIVER,399,,,,409600,
3.439517,BUFFER,400,,,,409600,held=1
3.439527,DELIVER,400,,,,410624,
3.444230,BUFFER,401,,,,410624,held=1
3.444254,DELIVER,401,,,,411648,
3.444759,BUFFER,402,,,,411648,held=1
3.444774,DELIVER,402,,,,412672,
3.450477,BUFFER,403,,,,412672,held=1
3.450500,DELIVER,403,,,,413696,
3.453972,BUFFER,404,,,,413696,held=1
3.453998,DELIVER,404,,,,414720,
3.458255,BUFFER,405,,,,414720,held=1
3.458278,DELIVER,405,,,,415744,
3.458701,BUFFER,406,,,,415744,held=1
3.458721,DELIVER,406,,,,416768,
3.459763,DUP,370,,,,416768,
3.462169,BUFFER,409,,,,416768,held=1
3.462198,NAK,407,,,,416768,
3.462213,NAK,408,,,,416768,
3.462433,BUFFER,410,,,,416768,held=2
3.463306,BUFFER,411,,,,416768,held=3
3.476584,BUFFER,412,,,,416768,held=4
3.481119,BUFFER,413,,,,416768,held=5
3.481702,BUFFER,414,,,,416768,held=6
3.484646,BUFFER,415,,,,416768,held=7
3.490865,BUFFER,416,,,,416768,held=8
3.495673,BUFFER,417,,,,416768,held=9
3.496006,BUFFER,418,,,,416768,held=10
3.498681,BUFFER,419,,,,416768,held=11
3.509797,BUFFER,420,,,,416768,held=12
3.510072,BUFFER,421,,,,416768,held=13
3.510547,BUFFER,407,,,,416768,held=14
3.510572,DELIVER,407,,,,417792,
3.514183,BUFFER,408,,,,417792,held=14
3.514204,DELIVER,408,,,,418816,
3.514211,DELIVER,409,,,,419840,
3.514216,DELIVER,410,,,,420864,
3.514221,DELIVER,411,,,,421888,
3.514226,DELIVER,412,,,,422912,
3.514234,DELIVER,413,,,,423936,
3.514239,DELIVER,414,,,,424960,
3.514244,DELIVER,415,,,,425984,
3.514249,DELIVER,416,,,,427008,
3.514256,DELIVER,417,,,,428032,
3.514261,DELIVER,418,,,,429056,
3.514268,DELIVER,419,,,,430080,
3.514273,DELIVER,420,,,,431104,
3.514278,DELIVER,421,,,,432128,
3.514517,BUFFER,422,,,,432128,held=1
3.514525,DELIVER,422,,,,433152,
3.515277,BUFFER,423,,,,433152,held=1
3.515297,DELIVER,423,,,,434176,
3.515591,BUFFER,424,,,,434176,held=1
3.515599,DELIVER,424,,,,435200,
3.532082,BUFFER,426,,,,435200,held=1
3.532111,NAK,425,,,,435200,
3.532342,BUFFER,427,,,,435200,held=2
3.536328,BUFFER,428,,,,435200,held=3
3.541094,BUFFER,429,,,,435200,held=4
3.543543,BUFFER,430,,,,435200,held=5
3.544870,BUFFER,431,,,,435200,held=6
3.545168,BUFFER,432,,,,435200,held=7
3.556526,BUFFER,433,,,,435200,held=8
3.556792,BUFFER,434,,,,435200,held=9
3.557043,BUFFER,435,,,,435200,held=10
3.558940,BUFFER,436,,,,435200,held=11
3.559336,BUFFER,437,,,,435200,held=12
3.559566,BUFFER,438,,,,435200,held=13
3.560785,BUFFER,439,,,,435200,held=14
3.564503,BUFFER,440,,,,435200,held=15
3.568508,BUFFER,441,,,,435200,held=16
3.580376,BUFFER,442,,,,435200,held=17
3.581173,BUFFER,443,,,,435200,held=18
3.587554,BUFFER,444,,,,435200,held=19
3.587593,NAK,425,,,,435200,
3.587847,BUFFER,445,,,,435200,held=20
3.588079,BUFFER,446,,,,435200,held=21
3.597975,BUFFER,447,,,,435200,held=22
3.598909,BUFFER,448,,,,435200,held=23
3.601248,BUFFER,449,,,,435200,held=24
3.602139,DUP,402,,,,435200,
3.604079,BUFFER,450,,,,435200,held=25
3.608311,BUFFER,451,,,,435200,held=26
3.608643,BUFFER,452,,,,435200,held=27
3.608873,BUFFER,453,,,,435200,held=28
3.613516,BUFFER,454,,,,435200,held=29
3.613822,BUFFER,455,,,,435200,held=30
3.614062,BUFFER,456,,,,435200,held=31
3.630197,BUFFER,457,,,,435200,held=32
3.630493,BUFFER,458,,,,435200,held=33
3.630773,BUFFER,459,,,,435200,held=34
3.633746,BUFFER,460,,,,435200,held=35
3.634000,BUFFER,461,,,,435200,held=36
3.638140,DUP,431,,,,435200,already buffered
3.638331,NAK,425,,,,435200,
3.650798,BUFFER,462,,,,435200,held=37
3.652828,BUFFER,463,,,,435200,held=38
3.653103,BUFFER,464,,,,435200,held=39
3.653381,BUFFER,465,,,,435200,held=40
3.655175,BUFFER,466,,,,435200,held=41
3.656582,BUFFER,425,,,,435200,held=42
3.656603,DELIVER,425,,,,436224,
3.656610,DELIVER,426,,,,437248,
3.656616,DELIVER,427,,,,438272,
3.656621,DELIVER,428,,,,439296,
3.656626,DELIVER,429,,,,440320,
3.656631,DELIVER,430,,,,441344,
3.656635,DELIVER,431,,,,442368,
3.656640,DELIVER,432,,,,443392,
3.656645,DELIVER,433,,,,444416,
3.656650,DELIVER,434,,,,445440,
3.656659,DELIVER,435,,,,446464,
3.656663,DELIVER,436,,,,447488,
3.656668,DELIVER,437,,,,448512,
3.656673,DELIVER,438,,,,449536,
3.656678,DELIVER,439,,,,450560,
3.656683,DELIVER,440,,,,451584,
3.656687,DELIVER,441,,,,452608,
3.656692,DELIVER,442,,,,453632,
3.656697,DELIVER,443,,,,454656,
3.656702,DELIVER,444,,,,455680,
3.656956,DELIVER,445,,,,456704,
3.656972,DELIVER,446,,,,457728,
3.656979,DELIVER,447,,,,458752,
3.656984,DELIVER,448,,,,459776,
3.656989,DELIVER,449,,,,460800,
3.656994,DELIVER,450,,,,461824,
3.656999,DELIVER,451,,,,462848,
3.657004,DELIVER,452,,,,463872,
3.657009,DELIVER,453,,,,464896,
3.657014,DELIVER,454,,,,465920,
3.657018,DELIVER,455,,,,466944,
3.657023,DELIVER,456,,,,467968,
3.657028,DELIVER,457,,,,468992,
3.657033,DELIVER,458,,,,470016,
3.657038,DELIVER,459,,,,471040,
3.657043,DELIVER,460,,,,472064,
3.657048,DELIVER,461,,,,473088,
3.657052,DELIVER,462,,,,474112,
3.657057,DELIVER,463,,,,475136,
3.657061,DELIVER,464,,,,476160,
3.657066,DELIVER,465,,,,477184,
3.657071,DELIVER,466,,,,478208,
3.657503,BUFFER,467,,,,478208,held=1
3.657515,DELIVER,467,,,,479232,
3.657753,BUFFER,468,,,,479232,held=1
3.657761,DELIVER,468,,,,480256,
3.686613,BUFFER,469,,,,480256,held=1
3.686638,DELIVER,469,,,,481280,
3.687000,BUFFER,470,,,,481280,held=1
3.687010,DELIVER,470,,,,482304,
3.687226,BUFFER,471,,,,482304,held=1
3.687233,DELIVER,471,,,,483328,
3.688105,BUFFER,472,,,,483328,held=1
3.688122,DELIVER,472,,,,484352,
3.688828,BUFFER,473,,,,484352,held=1
3.688841,DELIVER,473,,,,485376,
3.689066,BUFFER,474,,,,485376,held=1
3.689073,DELIVER,474,,,,486400,
3.689694,DUP,425,,,,486400,
3.690776,BUFFER,475,,,,486400,held=1
3.690791,DELIVER,475,,,,487424,
3.707564,BUFFER,476,,,,487424,held=1
3.707576,DELIVER,476,,,,488448,
3.707677,BUFFER,477,,,,488448,held=1
3.707680,DELIVER,477,,,,489472,
3.707778,BUFFER,478,,,,489472,held=1
3.707781,DELIVER,478,,,,490496,
3.707876,BUFFER,479,,,,490496,held=1
3.707879,DELIVER,479,,,,491520,
3.707973,BUFFER,480,,,,491520,held=1
3.707977,DELIVER,480,,,,492544,
3.714495,BUFFER,481,,,,492544,held=1
3.714505,DELIVER,481,,,,493568,
3.715244,BUFFER,483,,,,493568,held=1
3.715261,NAK,482,,,,493568,
3.715463,DUP,453,,,,493568,
3.733506,DUP,453,,,,493568,
3.733750,BUFFER,484,,,,493568,held=2
3.733988,DUP,456,,,,493568,
3.734210,BUFFER,485,,,,493568,held=3
3.734425,BUFFER,486,,,,493568,held=4
3.734626,BUFFER,487,,,,493568,held=5
3.737061,BUFFER,488,,,,493568,held=6
3.741315,BUFFER,489,,,,493568,held=7
3.741513,BUFFER,490,,,,493568,held=8
3.741682,BUFFER,491,,,,493568,held=9
3.752060,BUFFER,492,,,,493568,held=10
3.761111,BUFFER,493,,,,493568,held=11
3.761375,BUFFER,494,,,,493568,held=12
3.761663,BUFFER,495,,,,493568,held=13
3.765030,BUFFER,497,,,,493568,held=14
3.765047,NAK,496,,,,493568,
3.765751,BUFFER,498,,,,493568,held=15
3.765764,NAK,482,,,,493568,
3.781053,BUFFER,499,,,,493568,held=16
3.787163,BUFFER,500,,,,493568,held=17
3.787482,BUFFER,501,,,,493568,held=18
3.788602,BUFFER,502,,,,493568,held=19
3.788827,DUP,476,,,,493568,
3.789052,BUFFER,503,,,,493568,held=20
3.789270,BUFFER,504,,,,493568,held=21
3.792317,BUFFER,505,,,,493568,held=22
3.804288,BUFFER,506,,,,493568,held=23
3.804663,BUFFER,507,,,,493568,held=24
3.811912,BUFFER,496,,,,493568,held=25
3.812202,BUFFER,508,,,,493568,held=26
3.814516,BUFFER,509,,,,493568,held=27
3.814804,BUFFER,482,,,,493568,held=28
3.814816,DELIVER,482,,,,494592,
3.814823,DELIVER,483,,,,495616,
3.814829,DELIVER,484,,,,496640,
3.814835,DELIVER,485,,,,497664,
3.814841,DELIVER,486,,,,498688,
3.814846,DELIVER,487,,,,499712,
3.814852,DELIVER,488,,,,500736,
3.814857,DELIVER,489,,,,501760,
3.814862,DELIVER,490,,,,502784,
3.814868,DELIVER,491,,,,503808,
3.814874,DELIVER,492,,,,504832,
3.814879,DELIVER,493,,,,505856,
3.814885,DELIVER,494,,,,506880,
3.814891,DELIVER,495,,,,507904,
3.814897,DELIVER,496,,,,508928,
3.814903,DELIVER,497,,,,509952,
3.814909,DELIVER,498,,,,510976,
3.814914,DELIVER,499,,,,512000,
3.814920,DELIVER,500,,,,513024,
3.814926,DELIVER,501,,,,514048,
3.814931,DELIVER,502,,,,515072,
3.814937,DELIVER,503,,,,516096,
3.814943,DELIVER,504,,,,517120,
3.814948,DELIVER,505,,,,518144,
3.814954,DELIVER,506,,,,519168,
3.814960,DELIVER,507,,,,520192,
3.814965,DELIVER,508,,,,521216,
3.814971,DELIVER,509,,,,522240,
3.815227,BUFFER,510,,,,522240,held=1
3.815234,DELIVER,510,,,,523264,
3.834504,BUFFER,511,,,,523264,held=1
3.834527,DELIVER,511,,,,524288,
3.837605,BUFFER,512,,,,524288,held=1
3.838701,DELIVER,512,,,,525312,
3.838987,BUFFER,513,,,,525312,held=1
3.838997,DELIVER,513,,,,526336,
3.839396,BUFFER,514,,,,526336,held=1
3.839407,DELIVER,514,,,,527360,
3.839615,BUFFER,515,,,,527360,held=1
3.839622,DELIVER,515,,,,528384,
3.839886,BUFFER,516,,,,528384,held=1
3.839896,DELIVER,516,,,,529408,
3.840228,BUFFER,517,,,,529408,held=1
3.840240,DELIVER,517,,,,530432,
3.840554,DUP,486,,,,530432,
3.840860,DUP,482,,,,530432,
3.841145,BUFFER,518,,,,530432,held=1
3.841156,DELIVER,518,,,,531456,
3.843879,BUFFER,519,,,,531456,held=1
3.843889,DELIVER,519,,,,532480,
3.851513,BUFFER,520,,,,532480,held=1
3.851532,DELIVER,520,,,,533504,
3.853059,DUP,493,,,,533504,
3.853321,BUFFER,521,,,,533504,held=1
3.853335,DELIVER,521,,,,534528,
3.854748,BUFFER,522,,,,534528,held=1
3.854759,DELIVER,522,,,,535552,
3.857638,BUFFER,523,,,,535552,held=1
3.857648,DELIVER,523,,,,536576,
3.860145,BUFFER,524,,,,536576,held=1
3.860152,DELIVER,524,,,,537600,
3.863666,BUFFER,525,,,,537600,held=1
3.863676,DELIVER,525,,,,538624,
3.868070,DUP,486,,,,538624,
3.868239,BUFFER,526,,,,538624,held=1
3.868246,DELIVER,526,,,,539648,
3.869044,BUFFER,527,,,,539648,held=1
3.869049,DELIVER,527,,,,540672,
3.881712,BUFFER,528,,,,540672,held=1
3.881725,DELIVER,528,,,,541696,
3.890079,BUFFER,529,,,,541696,held=1
3.890103,DELIVER,529,,,,542720,
3.890601,BUFFER,530,,,,542720,held=1
3.890616,DELIVER,530,,,,543744,
3.890920,BUFFER,531,,,,543744,held=1
3.890929,DELIVER,531,,,,544768,
3.891275,BUFFER,532,,,,544768,held=1
3.891287,DELIVER,532,,,,545792,
3.891538,BUFFER,533,,,,545792,held=1
3.891546,DELIVER,533,,,,546816,
3.891767,BUFFER,534,,,,546816,held=1
3.891774,DELIVER,534,,,,547840,
3.892140,BUFFER,535,,,,547840,held=1
3.892150,DELIVER,535,,,,548864,
3.892396,BUFFER,536,,,,548864,held=1
3.892480,DELIVER,536,,,,549888,
3.901396,DUP,493,,,,549888,
3.901670,BUFFER,537,,,,549888,held=1
3.901685,DELIVER,537,,,,550912,
3.901906,BUFFER,538,,,,550912,held=1
3.901913,DELIVER,538,,,,551936,
3.902161,BUFFER,540,,,,551936,held=1
3.902179,NAK,539,,,,551936,
3.902469,BUFFER,541,,,,551936,held=2
3.906923,BUFFER,542,,,,551936,held=3
3.908886,BUFFER,543,,,,551936,held=4
3.918478,BUFFER,544,,,,551936,held=5
3.918791,BUFFER,545,,,,551936,held=6
3.925271,BUFFER,546,,,,551936,held=7
3.936372,BUFFER,548,,,,551936,held=8
3.936393,NAK,547,,,,551936,
3.936653,BUFFER,549,,,,551936,held=9
3.936913,BUFFER,550,,,,551936,held=10
3.937844,BUFFER,551,,,,551936,held=11
3.943079,BUFFER,552,,,,551936,held=12
3.943380,BUFFER,553,,,,551936,held=13
3.945375,BUFFER,554,,,,551936,held=14
3.945966,BUFFER,555,,,,551936,held=15
3.946229,BUFFER,556,,,,551936,held=16
3.954273,BUFFER,557,,,,551936,held=17
3.954318,NAK,539,,,,551936,
3.954633,BUFFER,558,,,,551936,held=18
3.954896,BUFFER,539,,,,551936,held=19
3.954910,DELIVER,539,,,,552960,
3.954916,DELIVER,540,,,,553984,
3.954921,DELIVER,541,,,,555008,
3.954927,DELIVER,542,,,,556032,
3.954932,DELIVER,543,,,,557056,
3.955029,DELIVER,544,,,,558080,
3.955041,DELIVER,545,,,,559104,
3.955046,DELIVER,546,,,,560128,
3.955427,DUP,539,,,,560128,
3.955653,BUFFER,559,,,,560128,held=12
3.970732,BUFFER,561,,,,560128,held=13
3.970772,NAK,560,,,,560128,
3.979841,BUFFER,562,,,,560128,held=14
3.988337,BUFFER,547,,,,560128,held=15
3.988365,DELIVER,547,,,,561152,
3.988375,DELIVER,548,,,,562176,
3.988380,DELIVER,549,,,,563200,
3.988390,DELIVER,550,,,,564224,
3.988396,DELIVER,551,,,,565248,
3.988401,DELIVER,552,,,,566272,
3.988406,DELIVER,553,,,,567296,
3.988410,DELIVER,554,,,,568320,
3.988415,DELIVER,555,,,,569344,
3.988420,DELIVER,556,,,,570368,
3.988425,DELIVER,557,,,,571392,
3.988430,DELIVER,558,,,,572416,
3.988435,DELIVER,559,,,,573440,
3.988747,BUFFER,563,,,,573440,held=3
3.988998,BUFFER,564,,,,573440,held=4
3.991386,BUFFER,565,,,,573440,held=5
3.991676,BUFFER,566,,,,573440,held=6
3.992682,BUFFER,567,,,,573440,held=7
3.992940,BUFFER,568,,,,573440,held=8
3.995330,BUFFER,569,,,,573440,held=9
3.995752,BUFFER,570,,,,573440,held=10
3.996089,BUFFER,571,,,,573440,held=11
3.996353,BUFFER,572,,,,573440,held=12
3.996609,DUP,539,,,,573440,
3.996863,BUFFER,573,,,,573440,held=13
4.006753,BUFFER,574,,,,573440,held=14
4.006977,BUFFER,575,,,,573440,held=15
4.012847,BUFFER,560,,,,573440,held=16
4.012869,DELIVER,560,,,,574464,
4.012875,DELIVER,561,,,,575488,
4.012880,DELIVER,562,,,,576512,
4.012886,DELIVER,563,,,,577536,
4.012891,DELIVER,564,,,,578560,
4.012896,DELIVER,565,,,,579584,
4.013020,DELIVER,566,,,,580608,
4.013031,DELIVER,567,,,,581632,
4.013036,DELIVER,568,,,,582656,
4.013598,DELIVER,569,,,,583680,
4.013608,DELIVER,570,,,,584704,
4.013759,DELIVER,571,,,,585728,
4.013770,DELIVER,572,,,,586752,
4.013777,DELIVER,573,,,,587776,
4.013784,DELIVER,574,,,,588800,
4.013790,DELIVER,575,,,,589824,
4.014120,BUFFER,576,,,,589824,held=1
4.014128,DELIVER,576,,,,590848,
4.020415,DUP,547,,,,590848,
4.021384,BUFFER,577,,,,590848,held=1
4.021403,DELIVER,577,,,,591872,
4.026279,DUP,549,,,,591872,
4.026546,BUFFER,578,,,,591872,held=1
4.026560,DELIVER,578,,,,592896,
4.030728,BUFFER,579,,,,592896,held=1
4.030763,DELIVER,579,,,,593920,
4.031114,BUFFER,580,,,,593920,held=1
4.031127,DELIVER,580,,,,594944,
4.031390,BUFFER,581,,,,594944,held=1
4.031531,DELIVER,581,,,,595968,
4.034604,BUFFER,582,,,,595968,held=1
4.034627,DELIVER,582,,,,596992,
4.044009,BUFFER,584,,,,596992,held=1
4.044070,NAK,583,,,,596992,
4.045759,BUFFER,585,,,,596992,held=2
4.046119,BUFFER,586,,,,596992,held=3
4.048675,BUFFER,587,,,,596992,held=4
4.049069,BUFFER,588,,,,596992,held=5
4.049318,BUFFER,589,,,,596992,held=6
4.049606,BUFFER,590,,,,596992,held=7
4.049843,BUFFER,591,,,,596992,held=8
4.052145,BUFFER,592,,,,596992,held=9
4.061586,BUFFER,594,,,,596992,held=10
4.061621,NAK,593,,,,596992,
4.062880,BUFFER,595,,,,596992,held=11
4.074854,BUFFER,598,,,,596992,held=12
4.074890,NAK,596,,,,596992,
4.074904,NAK,597,,,,596992,
4.082690,BUFFER,599,,,,596992,held=13
4.082965,BUFFER,600,,,,596992,held=14
4.083232,BUFFER,601,,,,596992,held=15
4.083439,BUFFER,583,,,,596992,held=16
4.083451,DELIVER,583,,,,598016,
4.083457,DELIVER,584,,,,599040,
4.083462,DELIVER,585,,,,600064,
4.083467,DELIVER,586,,,,601088,
4.083472,DELIVER,587,,,,602112,
4.083476,DELIVER,588,,,,603136,
4.083482,DELIVER,589,,,,604160,
4.083488,DELIVER,590,,,,605184,
4.083493,DELIVER,591,,,,606208,
4.083498,DELIVER,592,,,,607232,
4.090535,DUP,583,,,,607232,
4.098708,BUFFER,602,,,,607232,held=7
4.099110,BUFFER,603,,,,607232,held=8
4.099425,BUFFER,604,,,,607232,held=9
4.100844,BUFFER,605,,,,607232,held=10
4.101798,BUFFER,606,,,,607232,held=11
4.104124,BUFFER,607,,,,607232,held=12
4.104451,BUFFER,608,,,,607232,held=13
4.104728,BUFFER,609,,,,607232,held=14
4.110521,BUFFER,610,,,,607232,held=15
4.121332,BUFFER,596,,,,607232,held=16
4.121392,NAK,593,,,,607232,
4.121765,BUFFER,597,,,,607232,held=17
4.122345,BUFFER,612,,,,607232,held=18
4.122381,NAK,611,,,,607232,
4.130783,BUFFER,613,,,,607232,held=19
4.131126,BUFFER,614,,,,607232,held=20
4.132958,BUFFER,615,,,,607232,held=21
4.138773,DUP,584,,,,607232,
4.141297,BUFFER,616,,,,607232,held=22
4.147277,BUFFER,617,,,,607232,held=23
4.147643,BUFFER,618,,,,607232,held=24
4.152043,BUFFER,619,,,,607232,held=25
4.152977,BUFFER,620,,,,607232,held=26
4.153269,BUFFER,621,,,,607232,held=27
4.153486,BUFFER,622,,,,607232,held=28
4.153705,BUFFER,623,,,,607232,held=29
4.154910,BUFFER,624,,,,607232,held=30
4.167263,BUFFER,593,,,,607232,held=31
4.167279,DELIVER,593,,,,608256,
4.167285,DELIVER,594,,,,609280,
4.167291,DELIVER,595,,,,610304,
4.167296,DELIVER,596,,,,611328,
4.167301,DELIVER,597,,,,612352,
4.167306,DELIVER,598,,,,613376,
4.167310,DELIVER,599,,,,614400,
4.167315,DELIVER,600,,,,615424,
4.167320,DELIVER,601,,,,616448,
4.167324,DELIVER,602,,,,617472,
4.167329,DELIVER,603,,,,618496,
4.167334,DELIVER,604,,,,619520,
4.167340,DELIVER,605,,,,620544,
4.167345,DELIVER,606,,,,621568,
4.167349,DELIVER,607,,,,622592,
4.167354,DELIVER,608,,,,623616,
4.167362,DELIVER,609,,,,624640,
4.167367,DELIVER,610,,,,625664,
4.167616,BUFFER,625,,,,625664,held=14
4.168093,BUFFER,626,,,,625664,held=15
4.168596,BUFFER,611,,,,625664,held=16
4.168616,DELIVER,611,,,,626688,
4.168622,DELIVER,612,,,,627712,
4.168627,DELIVER,613,,,,628736,
4.168632,DELIVER,614,,,,629760,
4.168637,DELIVER,615,,,,630784,
4.168642,DELIVER,616,,,,631808,
4.168646,DELIVER,617,,,,632832,
4.168651,DELIVER,618,,,,633856,
4.168656,DELIVER,619,,,,634880,
4.168660,DELIVER,620,,,,635904,
4.168665,DELIVER,621,,,,636928,
4.168670,DELIVER,622,,,,637952,
4.168674,DELIVER,623,,,,638976,
4.168679,DELIVER,624,,,,640000,
4.168684,DELIVER,625,,,,641024,
4.168689,DELIVER,626,,,,642048,
4.169590,BUFFER,627,,,,642048,held=1
4.169612,DELIVER,627,,,,643072,
4.169947,BUFFER,628,,,,643072,held=1
4.169958,DELIVER,628,,,,644096,
4.179599,BUFFER,629,,,,644096,held=1
4.179615,DELIVER,629,,,,645120,
4.179849,BUFFER,630,,,,645120,held=1
4.179856,DELIVER,630,,,,646144,
4.180393,BUFFER,631,,,,646144,held=1
4.180405,DELIVER,631,,,,647168,
4.181358,BUFFER,632,,,,647168,held=1
4.181374,DELIVER,632,,,,648192,
4.181623,BUFFER,633,,,,648192,held=1
4.181630,DELIVER,633,,,,649216,
4.194472,BUFFER,634,,,,649216,held=1
4.194492,DELIVER,634,,,,650240,
4.206501,DUP,593,,,,650240,
4.206721,BUFFER,635,,,,650240,held=1
4.206732,DELIVER,635,,,,651264,
4.209603,BUFFER,636,,,,651264,held=1
4.209628,DELIVER,636,,,,652288,
4.210122,BUFFER,637,,,,652288,held=1
4.210148,DELIVER,637,,,,653312,
4.210400,BUFFER,638,,,,653312,held=1
4.210403,DELIVER,638,,,,654336,
4.210515,BUFFER,639,,,,654336,held=1
4.210518,DELIVER,639,,,,655360,
4.217414,BUFFER,640,,,,655360,held=1
4.217493,DELIVER,640,,,,656384,
4.221164,BUFFER,641,,,,656384,held=1
4.221192,DELIVER,641,,,,657408,
4.221732,BUFFER,642,,,,657408,held=1
4.221754,DELIVER,642,,,,658432,
4.222023,BUFFER,644,,,,658432,held=1
4.222040,NAK,643,,,,658432,
4.222264,BUFFER,645,,,,658432,held=2
4.229731,BUFFER,646,,,,658432,held=3
4.241940,BUFFER,647,,,,658432,held=4
4.242256,BUFFER,648,,,,658432,held=5
4.242555,BUFFER,649,,,,658432,held=6
4.258042,BUFFER,651,,,,658432,held=7
4.258064,NAK,650,,,,658432,
4.258268,BUFFER,652,,,,658432,held=8
4.258481,BUFFER,653,,,,658432,held=9
4.260609,BUFFER,654,,,,658432,held=10
4.267817,BUFFER,656,,,,658432,held=11
4.267833,NAK,655,,,,658432,
4.268011,BUFFER,657,,,,658432,held=12
4.268194,BUFFER,658,,,,658432,held=13
4.269669,BUFFER,659,,,,658432,held=14
4.269854,BUFFER,660,,,,658432,held=15
4.288736,BUFFER,661,,,,658432,held=16
4.288753,NAK,643,,,,658432,
4.292873,BUFFER,662,,,,658432,held=17
4.293062,BUFFER,663,,,,658432,held=18
4.302872,BUFFER,650,,,,658432,held=19
4.303067,BUFFER,664,,,,658432,held=20
4.303238,BUFFER,665,,,,658432,held=21
4.303407,BUFFER,666,,,,658432,held=22
4.303572,BUFFER,667,,,,658432,held=23
4.309275,BUFFER,668,,,,658432,held=24
4.311699,BUFFER,655,,,,658432,held=25
4.311939,BUFFER,669,,,,658432,held=26
4.312163,BUFFER,670,,,,658432,held=27
4.315792,BUFFER,671,,,,658432,held=28
4.316579,BUFFER,672,,,,658432,held=29
4.320040,BUFFER,673,,,,658432,held=30
4.320514,BUFFER,643,,,,658432,held=31
4.320526,DELIVER,643,,,,659456,
4.320532,DELIVER,644,,,,660480,
4.320542,DELIVER,645,,,,661504,
4.320547,DELIVER,646,,,,662528,
4.320551,DELIVER,647,,,,663552,
4.320556,DELIVER,648,,,,664576,
4.320560,DELIVER,649,,,,665600,
4.320565,DELIVER,650,,,,666624,
4.320572,DELIVER,651,,,,667648,
4.320576,DELIVER,652,,,,668672,
4.320581,DELIVER,653,,,,669696,
4.320587,DELIVER,654,,,,670720,
4.320592,DELIVER,655,,,,671744,
4.320596,DELIVER,656,,,,672768,
4.320601,DELIVER,657,,,,673792,
4.320606,DELIVER,658,,,,674816,
4.320610,DELIVER,659,,,,675840,
4.320614,DELIVER,660,,,,676864,
4.320619,DELIVER,661,,,,677888,
4.320623,DELIVER,662,,,,678912,
4.320627,DELIVER,663,,,,679936,
4.320631,DELIVER,664,,,,680960,
4.320636,DELIVER,665,,,,681984,
4.320641,DELIVER,666,,,,683008,
4.320645,DELIVER,667,,,,684032,
4.320649,DELIVER,668,,,,685056,
4.320653,DELIVER,669,,,,686080,
4.320658,DELIVER,670,,,,687104,
4.320662,DELIVER,671,,,,688128,
4.320667,DELIVER,672,,,,689152,
4.320671,DELIVER,673,,,,690176,
4.321581,BUFFER,674,,,,690176,held=1
4.321588,DELIVER,674,,,,691200,
4.323163,DUP,644,,,,691200,
4.335332,DUP,643,,,,691200,
4.340859,BUFFER,675,,,,691200,held=1
4.340872,DELIVER,675,,,,692224,
4.341081,DUP,618,,,,692224,
4.341690,BUFFER,676,,,,692224,held=1
4.341698,DELIVER,676,,,,693248,
4.341947,BUFFER,677,,,,693248,held=1
4.341954,DELIVER,677,,,,694272,
4.350226,BUFFER,678,,,,694272,held=1
4.350243,DELIVER,678,,,,695296,
4.350556,BUFFER,679,,,,695296,held=1
4.350569,DELIVER,679,,,,696320,
4.352874,BUFFER,680,,,,696320,held=1
4.352884,DELIVER,680,,,,697344,
4.353055,BUFFER,681,,,,697344,held=1
4.353060,DELIVER,681,,,,698368,
4.356637,DUP,623,,,,698368,
4.356826,BUFFER,682,,,,698368,held=1
4.356835,DELIVER,682,,,,699392,
4.357058,BUFFER,683,,,,699392,held=1
4.357070,DELIVER,683,,,,700416,
4.358214,BUFFER,684,,,,700416,held=1
4.358221,DELIVER,684,,,,701440,
4.360524,BUFFER,685,,,,701440,held=1
4.360548,DELIVER,685,,,,702464,
4.363478,BUFFER,687,,,,702464,held=1
4.363511,NAK,686,,,,702464,
4.363813,BUFFER,688,,,,702464,held=2
4.371720,BUFFER,689,,,,702464,held=3
4.371899,BUFFER,690,,,,702464,held=4
4.372444,BUFFER,691,,,,702464,held=5
4.380536,BUFFER,692,,,,702464,held=6
4.386238,BUFFER,693,,,,702464,held=7
4.386645,BUFFER,694,,,,702464,held=8
4.396279,DUP,623,,,,702464,
4.396516,BUFFER,696,,,,702464,held=9
4.396536,NAK,695,,,,702464,
4.396800,BUFFER,697,,,,702464,held=10
4.397222,BUFFER,698,,,,702464,held=11
4.398879,BUFFER,699,,,,702464,held=12
4.399228,BUFFER,700,,,,702464,held=13
4.400847,BUFFER,701,,,,702464,held=14
4.401174,BUFFER,702,,,,702464,held=15
4.411298,DUP,673,,,,702464,
4.411584,BUFFER,686,,,,702464,held=16
4.411600,DELIVER,686,,,,703488,
4.411606,DELIVER,687,,,,704512,
4.411612,DELIVER,688,,,,705536,
4.411617,DELIVER,689,,,,706560,
4.411624,DELIVER,690,,,,707584,
4.411629,DELIVER,691,,,,708608,
4.411634,DELIVER,692,,,,709632,
4.411638,DELIVER,693,,,,710656,
4.411643,DELIVER,694,,,,711680,
4.411923,BUFFER,703,,,,711680,held=8
4.412295,BUFFER,704,,,,711680,held=9
4.412510,BUFFER,705,,,,711680,held=10
4.414860,BUFFER,707,,,,711680,held=11
4.414914,NAK,706,,,,711680,
4.428870,BUFFER,708,,,,711680,held=12
4.429250,BUFFER,709,,,,711680,held=13
4.429583,BUFFER,710,,,,711680,held=14
4.431400,BUFFER,711,,,,711680,held=15
4.441880,BUFFER,695,,,,711680,held=16
4.441908,DELIVER,695,,,,712704,
4.441915,DELIVER,696,,,,713728,
4.441921,DELIVER,697,,,,714752,
4.441926,DELIVER,698,,,,715776,
4.441931,DELIVER,699,,,,716800,
4.441935,DELIVER,700,,,,717824,
4.441940,DELIVER,701,,,,718848,
4.441945,DELIVER,702,,,,719872,
4.441950,DELIVER,703,,,,720896,
4.441957,DELIVER,704,,,,721920,
4.441962,DELIVER,705,,,,722944,
4.442796,BUFFER,712,,,,722944,held=6
4.443026,BUFFER,713,,,,722944,held=7
4.443272,BUFFER,714,,,,722944,held=8
4.443600,BUFFER,715,,,,722944,held=9
4.443847,BUFFER,716,,,,722944,held=10
4.452439,BUFFER,718,,,,722944,held=11
4.452471,NAK,717,,,,722944,
4.458296,DUP,695,,,,722944,
4.464060,BUFFER,720,,,,722944,held=12
4.464098,NAK,719,,,,722944,
4.464336,BUFFER,721,,,,722944,held=13
4.464632,BUFFER,722,,,,722944,held=14
4.464932,BUFFER,706,,,,722944,held=15
4.464944,DELIVER,706,,,,723968,
4.464950,DELIVER,707,,,,724992,
4.464955,DELIVER,708,,,,726016,
4.464960,DELIVER,709,,,,727040,
4.464965,DELIVER,710,,,,728064,
4.464970,DELIVER,711,,,,729088,
4.464974,DELIVER,712,,,,730112,
4.464979,DELIVER,713,,,,731136,
4.464983,DELIVER,714,,,,732160,
4.464988,DELIVER,715,,,,733184,
4.464993,DELIVER,716,,,,734208,
4.465243,BUFFER,723,,,,734208,held=5
4.473958,BUFFER,724,,,,734208,held=6
4.480129,BUFFER,725,,,,734208,held=7
4.480482,BUFFER,726,,,,734208,held=8
4.481219,BUFFER,727,,,,734208,held=9
4.481877,DUP,699,,,,734208,
4.482596,BUFFER,728,,,,734208,held=10
4.482982,BUFFER,729,,,,734208,held=11
4.488021,BUFFER,730,,,,734208,held=12
4.491288,BUFFER,731,,,,734208,held=13
4.491550,BUFFER,732,,,,734208,held=14
4.496055,BUFFER,733,,,,734208,held=15
4.496536,BUFFER,717,,,,734208,held=16
4.496557,DELIVER,717,,,,735232,
4.496584,DELIVER,718,,,,736256,
4.509256,BUFFER,719,,,,736256,held=15
4.509284,DELIVER,719,,,,737280,
4.509292,DELIVER,720,,,,738304,
4.509301,DELIVER,721,,,,739328,
4.509307,DELIVER,722,,,,740352,
4.509313,DELIVER,723,,,,741376,
4.509320,DELIVER,724,,,,742400,
4.509326,DELIVER,725,,,,743424,
4.509332,DELIVER,726,,,,744448,
4.509338,DELIVER,727,,,,745472,
4.509344,DELIVER,728,,,,746496,
4.509352,DELIVER,729,,,,747520,
4.509357,DELIVER,730,,,,748544,
4.509363,DELIVER,731,,,,749568,
4.509368,DELIVER,732,,,,750592,
4.509374,DELIVER,733,,,,751616,
4.514339,BUFFER,734,,,,751616,held=1
4.514365,DELIVER,734,,,,752640,
4.514748,BUFFER,735,,,,752640,held=1
4.514761,DELIVER,735,,,,753664,
4.515003,BUFFER,736,,,,753664,held=1
4.515012,DELIVER,736,,,,754688,
4.515223,BUFFER,737,,,,754688,held=1
4.515230,DELIVER,737,,,,755712,
4.516566,BUFFER,738,,,,755712,held=1
4.516586,DELIVER,738,,,,756736,
4.516842,BUFFER,739,,,,756736,held=1
4.516850,DELIVER,739,,,,757760,
4.517190,BUFFER,740,,,,757760,held=1
4.517211,DELIVER,740,,,,758784,
4.522974,BUFFER,741,,,,758784,held=1
4.522995,DELIVER,741,,,,759808,
4.532997,BUFFER,742,,,,759808,held=1
4.533014,DELIVER,742,,,,760832,
4.533227,BUFFER,743,,,,760832,held=1
4.533235,DELIVER,743,,,,761856,
4.533483,BUFFER,744,,,,761856,held=1
4.533495,DELIVER,744,,,,762880,
4.533731,BUFFER,745,,,,762880,held=1
4.533739,DELIVER,745,,,,763904,
4.533963,DUP,712,,,,763904,
4.534198,BUFFER,747,,,,763904,held=1
4.534217,NAK,746,,,,763904,
4.534723,BUFFER,748,,,,763904,held=2
4.548289,BUFFER,749,,,,763904,held=3
4.558988,BUFFER,750,,,,763904,held=4
4.559239,BUFFER,751,,,,763904,held=5
4.564406,BUFFER,752,,,,763904,held=6
4.564852,BUFFER,753,,,,763904,held=7
4.565129,BUFFER,755,,,,763904,held=8
4.565148,NAK,754,,,,763904,
4.566389,BUFFER,756,,,,763904,held=9
4.566711,BUFFER,757,,,,763904,held=10
4.579740,BUFFER,758,,,,763904,held=11
4.580303,BUFFER,759,,,,763904,held=12
4.580695,BUFFER,760,,,,763904,held=13
4.580984,BUFFER,761,,,,763904,held=14
4.584997,BUFFER,746,,,,763904,held=15
4.585011,DELIVER,746,,,,764928,
4.585019,DELIVER,747,,,,765952,
4.585025,DELIVER,748,,,,766976,
4.585031,DELIVER,749,,,,768000,
4.585037,DELIVER,750,,,,769024,
4.585044,DELIVER,751,,,,770048,
4.585050,DELIVER,752,,,,771072,
4.585056,DELIVER,753,,,,772096,
4.585329,BUFFER,762,,,,772096,held=8
4.585596,BUFFER,763,,,,772096,held=9
4.585857,BUFFER,764,,,,772096,held=10
4.586115,BUFFER,765,,,,772096,held=11
4.591162,DUP,736,,,,772096,
4.593153,BUFFER,766,,,,772096,held=12
4.605226,BUFFER,767,,,,772096,held=13
4.614849,BUFFER,754,,,,772096,held=14
4.614861,DELIVER,754,,,,773120,
4.614867,DELIVER,755,,,,774144,
4.614873,DELIVER,756,,,,775168,
4.614879,DELIVER,757,,,,776192,
4.614885,DELIVER,758,,,,777216,
4.614892,DELIVER,759,,,,778240,
4.614898,DELIVER,760,,,,779264,
4.614903,DELIVER,761,,,,780288,
4.614909,DELIVER,762,,,,781312,
4.614914,DELIVER,763,,,,782336,
4.614920,DELIVER,764,,,,783360,
4.614926,DELIVER,765,,,,784384,
4.614931,DELIVER,766,,,,785408,
4.614937,DELIVER,767,,,,786432,
4.615413,BUFFER,768,,,,786432,held=1
4.615521,DELIVER,768,,,,787456,
4.615796,BUFFER,769,,,,787456,held=1
4.615805,DELIVER,769,,,,788480,
4.616083,BUFFER,770,,,,788480,held=1
4.616090,DELIVER,770,,,,789504,
4.616347,BUFFER,771,,,,789504,held=1
4.616355,DELIVER,771,,,,790528,
4.619154,BUFFER,772,,,,790528,held=1
4.619163,DELIVER,772,,,,791552,
4.619436,BUFFER,773,,,,791552,held=1
4.619443,DELIVER,773,,,,792576,
4.632496,BUFFER,774,,,,792576,held=1
4.632504,DELIVER,774,,,,793600,
4.632807,BUFFER,775,,,,793600,held=1
4.632815,DELIVER,775,,,,794624,
4.633068,BUFFER,776,,,,794624,held=1
4.633075,DELIVER,776,,,,795648,
4.633326,BUFFER,777,,,,795648,held=1
4.633332,DELIVER,777,,,,796672,
4.633581,BUFFER,778,,,,796672,held=1
4.633588,DELIVER,778,,,,797696,
4.633837,BUFFER,779,,,,797696,held=1
4.633844,DELIVER,779,,,,798720,
4.634092,BUFFER,780,,,,798720,held=1
4.634099,DELIVER,780,,,,799744,
4.637940,BUFFER,782,,,,799744,held=1
4.637958,NAK,781,,,,799744,
4.655185,BUFFER,783,,,,799744,held=2
4.659689,BUFFER,784,,,,799744,held=3
4.660054,BUFFER,785,,,,799744,held=4
4.660361,BUFFER,786,,,,799744,held=5
4.660643,BUFFER,787,,,,799744,held=6
4.661906,BUFFER,788,,,,799744,held=7
4.662150,BUFFER,789,,,,799744,held=8
4.662369,BUFFER,790,,,,799744,held=9
4.663429,DUP,757,,,,799744,
4.679137,BUFFER,791,,,,799744,held=10
4.684444,BUFFER,792,,,,799744,held=11
4.684686,BUFFER,793,,,,799744,held=12
4.684976,BUFFER,794,,,,799744,held=13
4.685229,BUFFER,795,,,,799744,held=14
4.686507,BUFFER,781,,,,799744,held=15
4.686526,DELIVER,781,,,,800768,
4.686532,DELIVER,782,,,,801792,
4.686554,DELIVER,783,,,,802816,
4.686565,DELIVER,784,,,,803840,
4.686573,DELIVER,785,,,,804864,
4.686578,DELIVER,786,,,,805888,
4.686583,DELIVER,787,,,,806912,
4.686589,DELIVER,788,,,,807936,
4.686594,DELIVER,789,,,,808960,
4.686599,DELIVER,790,,,,809984,
4.686604,DELIVER,791,,,,811008,
4.686613,DELIVER,792,,,,812032,
4.686618,DELIVER,793,,,,813056,
4.686623,DELIVER,794,,,,814080,
4.686627,DELIVER,795,,,,815104,
4.686884,BUFFER,796,,,,815104,held=1
4.686892,DELIVER,796,,,,816128,
4.687093,BUFFER,797,,,,816128,held=1
4.687101,DELIVER,797,,,,817152,
4.687634,BUFFER,798,,,,817152,held=1
4.687646,DELIVER,798,,,,818176,
4.690306,DUP,736,,,,818176,
4.706148,BUFFER,799,,,,818176,held=1
4.706162,DELIVER,799,,,,819200,
4.706467,BUFFER,800,,,,819200,held=1
4.706477,DELIVER,800,,,,820224,
4.706761,BUFFER,801,,,,820224,held=1
4.706769,DELIVER,801,,,,821248,
4.707071,BUFFER,802,,,,821248,held=1
4.707080,DELIVER,802,,,,822272,
4.707364,BUFFER,803,,,,822272,held=1
4.707371,DELIVER,803,,,,823296,
4.710941,BUFFER,804,,,,823296,held=1
4.710952,DELIVER,804,,,,824320,
4.711206,BUFFER,806,,,,824320,held=1
4.711228,NAK,805,,,,824320,
4.711483,BUFFER,807,,,,824320,held=2
4.711734,BUFFER,808,,,,824320,held=3
4.715624,BUFFER,809,,,,824320,held=4
4.729519,BUFFER,810,,,,824320,held=5
4.737938,BUFFER,811,,,,824320,held=6
4.738125,BUFFER,812,,,,824320,held=7
4.738345,BUFFER,813,,,,824320,held=8
4.738549,BUFFER,814,,,,824320,held=9
4.738748,BUFFER,815,,,,824320,held=10
4.738916,BUFFER,816,,,,824320,held=11
4.739083,BUFFER,817,,,,824320,held=12
4.739244,BUFFER,818,,,,824320,held=13
4.757157,BUFFER,819,,,,824320,held=14
4.757352,DUP,750,,,,824320,
4.757547,BUFFER,805,,,,824320,held=15
4.757559,DELIVER,805,,,,825344,
4.757564,DELIVER,806,,,,826368,
4.757568,DELIVER,807,,,,827392,
4.757572,DELIVER,808,,,,828416,
4.757638,DELIVER,809,,,,829440,
4.757644,DELIVER,810,,,,830464,
4.757648,DELIVER,811,,,,831488,
4.757651,DELIVER,812,,,,832512,
4.757655,DELIVER,813,,,,833536,
4.757659,DELIVER,814,,,,834560,
4.757662,DELIVER,815,,,,835584,
4.757666,DELIVER,816,,,,836608,
4.757670,DELIVER,817,,,,837632,
4.757673,DELIVER,818,,,,838656,
4.757677,DELIVER,819,,,,839680,
4.757923,BUFFER,820,,,,839680,held=1
4.757930,DELIVER,820,,,,840704,
4.758110,BUFFER,821,,,,840704,held=1
4.758115,DELIVER,821,,,,841728,
4.758313,BUFFER,822,,,,841728,held=1
4.758318,DELIVER,822,,,,842752,
4.758494,BUFFER,823,,,,842752,held=1
4.758498,DELIVER,823,,,,843776,
4.762553,BUFFER,824,,,,843776,held=1
4.762559,DELIVER,824,,,,844800,
4.777108,BUFFER,825,,,,844800,held=1
4.777118,DELIVER,825,,,,845824,
4.779441,BUFFER,826,,,,845824,held=1
4.779449,DELIVER,826,,,,846848,
4.785478,BUFFER,827,,,,846848,held=1
4.785487,DELIVER,827,,,,847872,
4.789445,BUFFER,828,,,,847872,held=1
4.789453,DELIVER,828,,,,848896,
4.789698,BUFFER,829,,,,848896,held=1
4.789704,DELIVER,829,,,,849920,
4.789933,BUFFER,830,,,,849920,held=1
4.789942,DELIVER,830,,,,850944,
4.790149,BUFFER,831,,,,850944,held=1
4.790156,DELIVER,831,,,,851968,
4.790377,BUFFER,832,,,,851968,held=1
4.790383,DELIVER,832,,,,852992,
4.790596,BUFFER,833,,,,852992,held=1
4.790602,DELIVER,833,,,,854016,
4.803100,BUFFER,834,,,,854016,held=1
4.803109,DELIVER,834,,,,855040,
4.803412,BUFFER,835,,,,855040,held=1
4.803420,DELIVER,835,,,,856064,
4.803703,BUFFER,836,,,,856064,held=1
4.803710,DELIVER,836,,,,857088,
4.804007,BUFFER,837,,,,857088,held=1
4.804018,DELIVER,837,,,,858112,
4.804302,DUP,804,,,,858112,
4.804608,BUFFER,838,,,,858112,held=1
4.804624,DELIVER,838,,,,859136,
4.804912,BUFFER,839,,,,859136,held=1
4.804920,DELIVER,839,,,,860160,
4.805201,BUFFER,840,,,,860160,held=1
4.805210,DELIVER,840,,,,861184,
4.805511,BUFFER,841,,,,861184,held=1
4.805520,DELIVER,841,,,,862208,
4.807169,DUP,806,,,,862208,
4.818854,BUFFER,842,,,,862208,held=1
4.818918,DELIVER,842,,,,863232,
4.821701,BUFFER,843,,,,863232,held=1
4.821728,DELIVER,843,,,,864256,
4.829201,BUFFER,844,,,,864256,held=1
4.829212,DELIVER,844,,,,865280,
4.829437,BUFFER,845,,,,865280,held=1
4.829443,DELIVER,845,,,,866304,
4.836307,BUFFER,846,,,,866304,held=1
4.836325,DELIVER,846,,,,867328,
4.840929,DUP,818,,,,867328,
4.841159,BUFFER,847,,,,867328,held=1
4.841171,DELIVER,847,,,,868352,
4.841347,BUFFER,848,,,,868352,held=1
4.841353,DELIVER,848,,,,869376,
4.842406,BUFFER,849,,,,869376,held=1
4.842414,DELIVER,849,,,,870400,
4.842630,BUFFER,850,,,,870400,held=1
4.842639,DELIVER,850,,,,871424,
4.842831,BUFFER,851,,,,871424,held=1
4.842838,DELIVER,851,,,,872448,
4.852035,BUFFER,852,,,,872448,held=1
4.852051,DELIVER,852,,,,873472,
4.852227,DUP,806,,,,873472,
4.852395,BUFFER,853,,,,873472,held=1
4.852400,DELIVER,853,,,,874496,
4.852696,BUFFER,854,,,,874496,held=1
4.852709,DELIVER,854,,,,875520,
4.856664,BUFFER,855,,,,875520,held=1
4.856674,DELIVER,855,,,,876544,
4.856887,BUFFER,856,,,,876544,held=1
4.856894,DELIVER,856,,,,877568,
4.857301,BUFFER,857,,,,877568,held=1
4.857307,DELIVER,857,,,,878592,
4.857563,BUFFER,858,,,,878592,held=1
4.857585,DELIVER,858,,,,879616,
4.857804,BUFFER,859,,,,879616,held=1
4.857810,DELIVER,859,,,,880640,
4.858004,BUFFER,860,,,,880640,held=1
4.858009,DELIVER,860,,,,881664,
4.858230,BUFFER,861,,,,881664,held=1
4.858240,DELIVER,861,,,,882688,
4.861062,BUFFER,862,,,,882688,held=1
4.861077,DELIVER,862,,,,883712,
4.871873,DUP,818,,,,883712,
4.872167,BUFFER,863,,,,883712,held=1
4.872181,DELIVER,863,,,,884736,
4.879720,BUFFER,864,,,,884736,held=1
4.879735,DELIVER,864,,,,885760,
4.882651,BUFFER,865,,,,885760,held=1
4.882662,DELIVER,865,,,,886784,
4.891254,DUP,830,,,,886784,
4.891536,DUP,830,,,,886784,
4.891756,BUFFER,866,,,,886784,held=1
4.891773,DELIVER,866,,,,887808,
4.891977,BUFFER,867,,,,887808,held=1
4.891984,DELIVER,867,,,,888832,
4.892228,BUFFER,868,,,,888832,held=1
4.892241,DELIVER,868,,,,889856,
4.892517,BUFFER,869,,,,889856,held=1
4.892525,DELIVER,869,,,,890880,
4.896635,BUFFER,870,,,,890880,held=1
4.896657,DELIVER,870,,,,891904,
4.896926,BUFFER,871,,,,891904,held=1
4.896938,DELIVER,871,,,,892928,
4.897339,BUFFER,872,,,,892928,held=1
4.897352,DELIVER,872,,,,893952,
4.898080,BUFFER,873,,,,893952,held=1
4.898097,DELIVER,873,,,,894976,
4.898437,BUFFER,874,,,,894976,held=1
4.898449,DELIVER,874,,,,896000,
4.907141,BUFFER,875,,,,896000,held=1
4.907165,DELIVER,875,,,,897024,
4.907407,BUFFER,876,,,,897024,held=1
4.907416,DELIVER,876,,,,898048,
4.908760,BUFFER,877,,,,898048,held=1
4.908779,DELIVER,877,,,,899072,
4.909028,BUFFER,878,,,,899072,held=1
4.909039,DELIVER,878,,,,900096,
4.909283,BUFFER,879,,,,900096,held=1
4.909292,DELIVER,879,,,,901120,
4.909526,BUFFER,880,,,,901120,held=1
4.909538,DELIVER,880,,,,902144,
4.909786,BUFFER,881,,,,902144,held=1
4.909795,DELIVER,881,,,,903168,
4.923854,BUFFER,883,,,,903168,held=1
4.923875,NAK,882,,,,903168,
4.930506,DUP,863,,,,903168,
4.938467,BUFFER,884,,,,903168,held=2
4.938611,BUFFER,885,,,,903168,held=3
4.942400,BUFFER,886,,,,903168,held=4
4.942790,BUFFER,887,,,,903168,held=5
4.943083,BUFFER,888,,,,903168,held=6
4.943370,BUFFER,889,,,,903168,held=7
4.951863,BUFFER,890,,,,903168,held=8
4.952346,BUFFER,891,,,,903168,held=9
4.952587,BUFFER,892,,,,903168,held=10
4.952851,BUFFER,893,,,,903168,held=11
4.953097,BUFFER,894,,,,903168,held=12
4.953397,BUFFER,895,,,,903168,held=13
4.959294,BUFFER,897,,,,903168,held=14
4.959315,NAK,896,,,,903168,
4.959485,BUFFER,898,,,,903168,held=15
4.959658,BUFFER,899,,,,903168,held=16
4.960913,BUFFER,900,,,,903168,held=17
4.962163,BUFFER,901,,,,903168,held=18
4.965106,BUFFER,882,,,,903168,held=19
4.965126,DELIVER,882,,,,904192,
4.965133,DELIVER,883,,,,905216,
4.965139,DELIVER,884,,,,906240,
4.965144,DELIVER,885,,,,907264,
4.965149,DELIVER,886,,,,908288,
4.965154,DELIVER,887,,,,909312,
4.965159,DELIVER,888,,,,910336,
4.965163,DELIVER,889,,,,911360,
4.965168,DELIVER,890,,,,912384,
4.965175,DELIVER,891,,,,913408,
4.965179,DELIVER,892,,,,914432,
4.965228,DELIVER,893,,,,915456,
4.965236,DELIVER,894,,,,916480,
4.965240,DELIVER,895,,,,917504,
4.972475,BUFFER,902,,,,917504,held=6
4.979215,DUP,872,,,,917504,
4.988269,BUFFER,903,,,,917504,held=7
4.989903,BUFFER,904,,,,917504,held=8
4.990055,BUFFER,905,,,,917504,held=9
4.996206,BUFFER,896,,,,917504,held=10
4.996299,DELIVER,896,,,,918528,
4.996304,DELIVER,897,,,,919552,
4.996307,DELIVER,898,,,,920576,
4.996310,DELIVER,899,,,,921600,
4.996313,DELIVER,900,,,,922624,
4.996315,DELIVER,901,,,,923648,
4.996318,DELIVER,902,,,,924672,
4.996321,DELIVER,903,,,,925696,
4.996323,DELIVER,904,,,,926720,
4.996326,DELIVER,905,,,,927744,
4.998006,BUFFER,906,,,,927744,held=1
4.998018,DELIVER,906,,,,928768,
4.998185,BUFFER,907,,,,928768,held=1
4.998193,DELIVER,907,,,,929792,
5.000208,BUFFER,908,,,,929792,held=1
5.000216,DELIVER,908,,,,930816,
5.004233,BUFFER,909,,,,930816,held=1
5.004260,DELIVER,909,,,,931840,
5.006418,BUFFER,910,,,,931840,held=1
5.006426,DELIVER,910,,,,932864,
5.006568,BUFFER,911,,,,932864,held=1
5.006572,DELIVER,911,,,,933888,
5.006841,BUFFER,912,,,,933888,held=1
5.006847,DELIVER,912,,,,934912,
5.007003,BUFFER,913,,,,934912,held=1
5.007010,DELIVER,913,,,,935936,
5.007145,BUFFER,914,,,,935936,held=1
5.007149,DELIVER,914,,,,936960,
5.007323,BUFFER,915,,,,936960,held=1
5.007328,DELIVER,915,,,,937984,
5.011068,BUFFER,916,,,,937984,held=1
5.011079,DELIVER,916,,,,939008,
5.011254,BUFFER,917,,,,939008,held=1
5.011259,DELIVER,917,,,,940032,
5.021954,BUFFER,918,,,,940032,held=1
5.021979,DELIVER,918,,,,941056,
5.026853,BUFFER,919,,,,941056,held=1
5.026883,DELIVER,919,,,,942080,
5.028201,BUFFER,920,,,,942080,held=1
5.028212,DELIVER,920,,,,943104,
5.039980,BUFFER,921,,,,943104,held=1
5.039992,DELIVER,921,,,,944128,
5.040123,DUP,886,,,,944128,
5.048880,DUP,886,,,,944128,
5.049124,BUFFER,922,,,,944128,held=1
5.049144,DELIVER,922,,,,945152,
5.049854,BUFFER,923,,,,945152,held=1
5.049871,DELIVER,923,,,,946176,
5.050107,BUFFER,924,,,,946176,held=1
5.050116,DELIVER,924,,,,947200,
5.050312,BUFFER,925,,,,947200,held=1
5.050319,DELIVER,925,,,,948224,
5.055993,BUFFER,926,,,,948224,held=1
5.056003,DELIVER,926,,,,949248,
5.056134,BUFFER,927,,,,949248,held=1
5.056138,DELIVER,927,,,,950272,
5.056265,BUFFER,928,,,,950272,held=1
5.056269,DELIVER,928,,,,951296,
5.057546,BUFFER,929,,,,951296,held=1
5.057551,DELIVER,929,,,,952320,
5.057709,BUFFER,930,,,,952320,held=1
5.057716,DELIVER,930,,,,953344,
5.057859,BUFFER,931,,,,953344,held=1
5.057863,DELIVER,931,,,,954368,
5.058019,BUFFER,932,,,,954368,held=1
5.058026,DELIVER,932,,,,955392,
5.058167,BUFFER,933,,,,955392,held=1
5.058171,DELIVER,933,,,,956416,
5.062112,BUFFER,934,,,,956416,held=1
5.062136,DELIVER,934,,,,957440,
5.067489,BUFFER,935,,,,957440,held=1
5.067522,DELIVER,935,,,,958464,
5.072511,BUFFER,936,,,,958464,held=1
5.072541,DELIVER,936,,,,959488,
5.072796,BUFFER,937,,,,959488,held=1
5.072803,DELIVER,937,,,,960512,
5.078195,BUFFER,938,,,,960512,held=1
5.078221,DELIVER,938,,,,961536,
5.080278,BUFFER,939,,,,961536,held=1
5.080296,DELIVER,939,,,,962560,
5.097088,DUP,903,,,,962560,
5.097744,DUP,903,,,,962560,
5.098195,BUFFER,940,,,,962560,held=1
5.098208,DELIVER,940,,,,963584,
5.098458,BUFFER,941,,,,963584,held=1
5.098469,DELIVER,941,,,,964608,
5.098714,BUFFER,942,,,,964608,held=1
5.098726,DELIVER,942,,,,965632,
5.098980,BUFFER,943,,,,965632,held=1
5.098989,DELIVER,943,,,,966656,
5.099207,BUFFER,944,,,,966656,held=1
5.099214,DELIVER,944,,,,967680,
5.099443,BUFFER,945,,,,967680,held=1
5.099454,DELIVER,945,,,,968704,
5.107892,BUFFER,946,,,,968704,held=1
5.107921,DELIVER,946,,,,969728,
5.108152,BUFFER,947,,,,969728,held=1
5.108159,DELIVER,947,,,,970752,
5.108438,DUP,913,,,,970752,
5.108701,BUFFER,948,,,,970752,held=1
5.108712,DELIVER,948,,,,971776,
5.119516,BUFFER,950,,,,971776,held=1
5.119552,NAK,949,,,,971776,
5.119802,BUFFER,951,,,,971776,held=2
5.120028,BUFFER,952,,,,971776,held=3
5.125326,BUFFER,953,,,,971776,held=4
5.125659,BUFFER,954,,,,971776,held=5
5.125978,BUFFER,955,,,,971776,held=6
5.133123,BUFFER,956,,,,971776,held=7
5.141315,BUFFER,957,,,,971776,held=8
5.147316,BUFFER,958,,,,971776,held=9
5.148765,DUP,913,,,,971776,
5.149461,BUFFER,959,,,,971776,held=10
5.150414,BUFFER,960,,,,971776,held=11
5.150820,BUFFER,961,,,,971776,held=12
5.151232,BUFFER,962,,,,971776,held=13
5.151458,BUFFER,963,,,,971776,held=14
5.159132,BUFFER,964,,,,971776,held=15
5.159361,BUFFER,965,,,,971776,held=16
5.159553,BUFFER,966,,,,971776,held=17
5.159744,BUFFER,949,,,,971776,held=18
5.159752,DELIVER,949,,,,972800,
5.159757,DELIVER,950,,,,973824,
5.159761,DELIVER,951,,,,974848,
5.159764,DELIVER,952,,,,975872,
5.159770,DELIVER,953,,,,976896,
5.159774,DELIVER,954,,,,977920,
5.159778,DELIVER,955,,,,978944,
5.159782,DELIVER,956,,,,979968,
5.159785,DELIVER,957,,,,980992,
5.159790,DELIVER,958,,,,982016,
5.159793,DELIVER,959,,,,983040,
5.159797,DELIVER,960,,,,984064,
5.159801,DELIVER,961,,,,985088,
5.159805,DELIVER,962,,,,986112,
5.159808,DELIVER,963,,,,987136,
5.159812,DELIVER,964,,,,988160,
5.159816,DELIVER,965,,,,989184,
5.159819,DELIVER,966,,,,990208,
5.159985,BUFFER,967,,,,990208,held=1
5.159989,DELIVER,967,,,,991232,
5.160149,DUP,934,,,,991232,
5.168781,DUP,934,,,,991232,
5.169229,BUFFER,968,,,,991232,held=1
5.169249,DELIVER,968,,,,992256,
5.169517,BUFFER,969,,,,992256,held=1
5.169527,DELIVER,969,,,,993280,
5.171916,BUFFER,970,,,,993280,held=1
5.171943,DELIVER,970,,,,994304,
5.175876,BUFFER,971,,,,994304,held=1
5.175887,DELIVER,971,,,,995328,
5.176098,BUFFER,972,,,,995328,held=1
5.176104,DELIVER,972,,,,996352,
5.180009,BUFFER,973,,,,996352,held=1
5.180020,DELIVER,973,,,,997376,
5.180245,BUFFER,974,,,,997376,held=1
5.180251,DELIVER,974,,,,998400,
5.185279,BUFFER,975,,,,998400,held=1
5.185308,DELIVER,975,,,,999424,
5.185563,BUFFER,976,,,,999424,held=1
5.185572,DELIVER,976,,,,1000448,
5.190643,BUFFER,977,,,,1000448,held=1
5.190667,DELIVER,977,,,,1001472,
5.201733,BUFFER,978,,,,1001472,held=1
5.201759,DELIVER,978,,,,1002496,
5.202028,BUFFER,979,,,,1002496,held=1
5.202040,DELIVER,979,,,,1003520,
5.202248,BUFFER,980,,,,1003520,held=1
5.202255,DELIVER,980,,,,1004544,
5.202481,BUFFER,981,,,,1004544,held=1
5.202489,DELIVER,981,,,,1005568,
5.210396,BUFFER,982,,,,1005568,held=1
5.210441,DELIVER,982,,,,1006592,
5.210880,BUFFER,983,,,,1006592,held=1
5.210891,DELIVER,983,,,,1007616,
5.211425,BUFFER,984,,,,1007616,held=1
5.211439,DELIVER,984,,,,1008640,
5.211967,BUFFER,985,,,,1008640,held=1
5.211980,DELIVER,985,,,,1009664,
5.212732,BUFFER,986,,,,1009664,held=1
5.212748,DELIVER,986,,,,1010688,
5.216240,BUFFER,987,,,,1010688,held=1
5.216267,DELIVER,987,,,,1011712,
5.216547,BUFFER,988,,,,1011712,held=1
5.216560,DELIVER,988,,,,1012736,
5.221167,DUP,965,,,,1012736,
5.221458,BUFFER,989,,,,1012736,held=1
5.221471,DELIVER,989,,,,1013760,
5.224102,BUFFER,990,,,,1013760,held=1
5.224124,DELIVER,990,,,,1014784,
5.232917,BUFFER,991,,,,1014784,held=1
5.232940,DELIVER,991,,,,1015808,
5.233963,BUFFER,992,,,,1015808,held=1
5.233980,DELIVER,992,,,,1016832,
5.234400,BUFFER,993,,,,1016832,held=1
5.234415,DELIVER,993,,,,1017856,
5.242484,BUFFER,995,,,,1017856,held=1
5.242515,NAK,994,,,,1017856,
5.244317,BUFFER,996,,,,1017856,held=2
5.246526,BUFFER,997,,,,1017856,held=3
5.248799,BUFFER,998,,,,1017856,held=4
5.251772,BUFFER,999,,,,1017856,held=5
5.252352,BUFFER,1000,,,,1017856,held=6
5.258819,BUFFER,1001,,,,1017856,held=7
5.263032,BUFFER,1002,,,,1017856,held=8
5.263522,BUFFER,1003,,,,1017856,held=9
5.263787,BUFFER,1004,,,,1017856,held=10
5.264083,BUFFER,1005,,,,1017856,held=11
5.266316,BUFFER,1006,,,,1017856,held=12
5.266635,BUFFER,1007,,,,1017856,held=13
5.266850,BUFFER,1008,,,,1017856,held=14
5.280162,DUP,975,,,,1017856,
5.280599,BUFFER,1009,,,,1017856,held=15
5.280922,BUFFER,1010,,,,1017856,held=16
5.281164,BUFFER,1011,,,,1017856,held=17
5.282760,BUFFER,994,,,,1017856,held=18
5.282932,DELIVER,994,,,,1018880,
5.282941,DELIVER,995,,,,1019904,
5.282948,DELIVER,996,,,,1020928,
5.282955,DELIVER,997,,,,1021952,
5.282960,DELIVER,998,,,,1022976,
5.282966,DELIVER,999,,,,1024000,
5.282972,DELIVER,1000,,,,1025024,
5.282978,DELIVER,1001,,,,1026048,
5.282983,DELIVER,1002,,,,1027072,
5.282989,DELIVER,1003,,,,1028096,
5.282995,DELIVER,1004,,,,1029120,
5.283001,DELIVER,1005,,,,1030144,
5.283007,DELIVER,1006,,,,1031168,
5.283013,DELIVER,1007,,,,1032192,
5.283019,DELIVER,1008,,,,1033216,
5.283024,DELIVER,1009,,,,1034240,
5.283030,DELIVER,1010,,,,1035264,
5.283035,DELIVER,1011,,,,1036288,
5.290293,BUFFER,1012,,,,1036288,held=1
5.290317,DELIVER,1012,,,,1037312,
5.292584,BUFFER,1013,,,,1037312,held=1
5.292609,DELIVER,1013,,,,1038336,
5.293082,BUFFER,1014,,,,1038336,held=1
5.293098,DELIVER,1014,,,,1039360,
5.298026,BUFFER,1016,,,,1039360,held=1
5.298062,NAK,1015,,,,1039360,
5.308333,BUFFER,1017,,,,1039360,held=2
5.308789,BUFFER,1018,,,,1039360,held=3
5.309296,BUFFER,1019,,,,1039360,held=4
5.309500,BUFFER,1020,,,,1039360,held=5
5.309785,BUFFER,1021,,,,1039360,held=6
5.316594,BUFFER,1024,,,,1039360,held=7
5.316626,NAK,1022,,,,1039360,
5.316642,NAK,1023,,,,1039360,
5.317201,BUFFER,1025,,,,1039360,held=8
5.317563,BUFFER,1026,,,,1039360,held=9
5.322756,BUFFER,1027,,,,1039360,held=10
5.331003,DUP,994,,,,1039360,
5.331574,BUFFER,1028,,,,1039360,held=11
5.333103,BUFFER,1029,,,,1039360,held=12
5.333358,BUFFER,1030,,,,1039360,held=13
5.336995,BUFFER,1031,,,,1039360,held=14
5.337285,BUFFER,1032,,,,1039360,held=15
5.337543,BUFFER,1033,,,,1039360,held=16
5.346429,BUFFER,1034,,,,1039360,held=17
5.355285,BUFFER,1035,,,,1039360,held=18
5.355318,NAK,1015,,,,1039360,
5.357132,BUFFER,1036,,,,1039360,held=19
5.357391,BUFFER,1037,,,,1039360,held=20
5.357605,BUFFER,1022,,,,1039360,held=21
5.359479,BUFFER,1023,,,,1039360,held=22
5.359746,BUFFER,1038,,,,1039360,held=23
5.359948,BUFFER,1039,,,,1039360,held=24
5.360676,BUFFER,1040,,,,1039360,held=25
5.361407,BUFFER,1041,,,,1039360,held=26
5.368191,BUFFER,1042,,,,1039360,held=27
5.368485,BUFFER,1043,,,,1039360,held=28
5.371084,BUFFER,1044,,,,1039360,held=29
5.382945,BUFFER,1045,,,,1039360,held=30
5.383241,BUFFER,1046,,,,1039360,held=31
5.383487,BUFFER,1047,,,,1039360,held=32
5.384041,BUFFER,1048,,,,1039360,held=33
5.384283,BUFFER,1049,,,,1039360,held=34
5.384556,BUFFER,1050,,,,1039360,held=35
5.393676,BUFFER,1051,,,,1039360,held=36
5.404767,BUFFER,1015,,,,1039360,held=37
5.404792,DELIVER,1015,,,,1040384,
5.404800,DELIVER,1016,,,,1041408,
5.404805,DELIVER,1017,,,,1042432,
5.404811,DELIVER,1018,,,,1043456,
5.404816,DELIVER,1019,,,,1044480,
5.404821,DELIVER,1020,,,,1045504,
5.404826,DELIVER,1021,,,,1046528,
5.404831,DELIVER,1022,,,,1047552,
5.404836,DELIVER,1023,,,,1048576,
5.405011,DELIVER,1024,,,,1049600,
5.405020,DELIVER,1025,,,,1050624,
5.405027,DELIVER,1026,,,,1051648,
5.405032,DELIVER,1027,,,,1052672,
5.405037,DELIVER,1028,,,,1053696,
5.405042,DELIVER,1029,,,,1054720,
5.405047,DELIVER,1030,,,,1055744,
5.405051,DELIVER,1031,,,,1056768,
5.405056,DELIVER,1032,,,,1057792,
5.405061,DELIVER,1033,,,,1058816,
5.405065,DELIVER,1034,,,,1059840,
5.405070,DELIVER,1035,,,,1060864,
5.405074,DELIVER,1036,,,,1061888,
5.405079,DELIVER,1037,,,,1062912,
5.405084,DELIVER,1038,,,,1063936,
5.405088,DELIVER,1039,,,,1064960,
5.405093,DELIVER,1040,,,,1065984,
5.405098,DELIVER,1041,,,,1067008,
5.405103,DELIVER,1042,,,,1068032,
5.405108,DELIVER,1043,,,,1069056,
5.405113,DELIVER,1044,,,,1070080,
5.405117,DELIVER,1045,,,,1071104,
5.405122,DELIVER,1046,,,,1072128,
5.405126,DELIVER,1047,,,,1073152,
5.405131,DELIVER,1048,,,,1074176,
5.405136,DELIVER,1049,,,,1075200,
5.405140,DELIVER,1050,,,,1076224,
5.405145,DELIVER,1051,,,,1077248,
5.405432,BUFFER,1052,,,,1077248,held=1
5.405447,DELIVER,1052,,,,1078272,
5.409379,BUFFER,1053,,,,1078272,held=1
5.409400,DELIVER,1053,,,,1079296,
5.409699,BUFFER,1054,,,,1079296,held=1
5.409710,DELIVER,1054,,,,1080320,
5.409968,BUFFER,1055,,,,1080320,held=1
5.409981,DELIVER,1055,,,,1081344,
5.410604,BUFFER,1057,,,,1081344,held=1
5.410632,NAK,1056,,,,1081344,
5.412183,BUFFER,1058,,,,1081344,held=2
5.412608,BUFFER,1059,,,,1081344,held=3
5.417197,BUFFER,1060,,,,1081344,held=4
5.417651,BUFFER,1061,,,,1081344,held=5
5.418099,BUFFER,1062,,,,1081344,held=6
5.418827,BUFFER,1063,,,,1081344,held=7
5.426570,BUFFER,1064,,,,1081344,held=8
5.426940,BUFFER,1066,,,,1081344,held=9
5.426974,NAK,1065,,,,1081344,
5.428101,BUFFER,1067,,,,1081344,held=10
5.434349,BUFFER,1068,,,,1081344,held=11
5.434612,BUFFER,1069,,,,1081344,held=12
5.445341,BUFFER,1070,,,,1081344,held=13
5.447670,BUFFER,1071,,,,1081344,held=14
5.453621,BUFFER,1072,,,,1081344,held=15
5.458703,BUFFER,1073,,,,1081344,held=16
5.459184,BUFFER,1074,,,,1081344,held=17
5.462386,BUFFER,1056,,,,1081344,held=18
5.462403,DELIVER,1056,,,,1082368,
5.462410,DELIVER,1057,,,,1083392,
5.462415,DELIVER,1058,,,,1084416,
5.462420,DELIVER,1059,,,,1085440,
5.462425,DELIVER,1060,,,,1086464,
5.462430,DELIVER,1061,,,,1087488,
5.462435,DELIVER,1062,,,,1088512,
5.462440,DELIVER,1063,,,,1089536,
5.462445,DELIVER,1064,,,,1090560,
5.462786,BUFFER,1075,,,,1090560,held=10
5.463069,BUFFER,1076,,,,1090560,held=11
5.467910,BUFFER,1077,,,,1090560,held=12
5.468948,BUFFER,1078,,,,1090560,held=13
5.469390,BUFFER,1079,,,,1090560,held=14
5.476457,BUFFER,1065,,,,1090560,held=15
5.476492,DELIVER,1065,,,,1091584,
5.476499,DELIVER,1066,,,,1092608,
5.476505,DELIVER,1067,,,,1093632,
5.476514,DELIVER,1068,,,,1094656,
5.476520,DELIVER,1069,,,,1095680,
5.476526,DELIVER,1070,,,,1096704,
5.476531,DELIVER,1071,,,,1097728,
5.476536,DELIVER,1072,,,,1098752,
5.476541,DELIVER,1073,,,,1099776,
5.476546,DELIVER,1074,,,,1100800,
5.476551,DELIVER,1075,,,,1101824,
5.476557,DELIVER,1076,,,,1102848,
5.476562,DELIVER,1077,,,,1103872,
5.476567,DELIVER,1078,,,,1104896,
5.476572,DELIVER,1079,,,,1105920,
5.476860,BUFFER,1080,,,,1105920,held=1
5.476869,DELIVER,1080,,,,1106944,
5.477157,BUFFER,1081,,,,1106944,held=1
5.477164,DELIVER,1081,,,,1107968,
5.477363,BUFFER,1082,,,,1107968,held=1
5.477370,DELIVER,1082,,,,1108992,
5.477657,BUFFER,1083,,,,1108992,held=1
5.477668,DELIVER,1083,,,,1110016,
5.486145,BUFFER,1084,,,,1110016,held=1
5.486172,DELIVER,1084,,,,1111040,
5.486650,BUFFER,1085,,,,1111040,held=1
5.486672,DELIVER,1085,,,,1112064,
5.490071,BUFFER,1086,,,,1112064,held=1
5.490094,DELIVER,1086,,,,1113088,
5.490378,BUFFER,1087,,,,1113088,held=1
5.490388,DELIVER,1087,,,,1114112,
5.498421,BUFFER,1088,,,,1114112,held=1
5.498439,DELIVER,1088,,,,1115136,
5.503444,BUFFER,1089,,,,1115136,held=1
5.503463,DELIVER,1089,,,,1116160,
5.503698,BUFFER,1090,,,,1116160,held=1
5.503707,DELIVER,1090,,,,1117184,
5.505039,BUFFER,1091,,,,1117184,held=1
5.505055,DELIVER,1091,,,,1118208,
5.505330,BUFFER,1092,,,,1118208,held=1
5.505357,DELIVER,1092,,,,1119232,
5.517003,BUFFER,1093,,,,1119232,held=1
5.517030,DELIVER,1093,,,,1120256,
5.517409,DUP,1063,,,,1120256,
5.517653,BUFFER,1094,,,,1120256,held=1
5.517663,DELIVER,1094,,,,1121280,
5.519800,BUFFER,1095,,,,1121280,held=1
5.519826,DELIVER,1095,,,,1122304,
5.520160,BUFFER,1096,,,,1122304,held=1
5.520175,DELIVER,1096,,,,1123328,
5.520514,BUFFER,1097,,,,1123328,held=1
5.520530,DELIVER,1097,,,,1124352,
5.521754,BUFFER,1098,,,,1124352,held=1
5.521774,DELIVER,1098,,,,1125376,
5.522216,BUFFER,1099,,,,1125376,held=1
5.522228,DELIVER,1099,,,,1126400,
5.522510,BUFFER,1100,,,,1126400,held=1
5.522522,DELIVER,1100,,,,1127424,
5.533102,BUFFER,1101,,,,1127424,held=1
5.533131,DELIVER,1101,,,,1128448,
5.535839,BUFFER,1102,,,,1128448,held=1
5.535860,DELIVER,1102,,,,1129472,
5.536155,BUFFER,1103,,,,1129472,held=1
5.536168,DELIVER,1103,,,,1130496,
5.543347,BUFFER,1104,,,,1130496,held=1
5.543369,DELIVER,1104,,,,1131520,
5.547421,BUFFER,1105,,,,1131520,held=1
5.547440,DELIVER,1105,,,,1132544,
5.548563,BUFFER,1106,,,,1132544,held=1
5.548583,DELIVER,1106,,,,1133568,
5.548834,BUFFER,1107,,,,1133568,held=1
5.548842,DELIVER,1107,,,,1134592,
5.552305,BUFFER,1108,,,,1134592,held=1
5.552332,DELIVER,1108,,,,1135616,
5.567878,DUP,1077,,,,1135616,
5.571418,DUP,1077,,,,1135616,
5.571801,BUFFER,1109,,,,1135616,held=1
5.571820,DELIVER,1109,,,,1136640,
5.572128,BUFFER,1110,,,,1136640,held=1
5.572140,DELIVER,1110,,,,1137664,
5.572446,BUFFER,1111,,,,1137664,held=1
5.572459,DELIVER,1111,,,,1138688,
5.572767,BUFFER,1112,,,,1138688,held=1
5.572778,DELIVER,1112,,,,1139712,
5.573117,BUFFER,1113,,,,1139712,held=1
5.573130,DELIVER,1113,,,,1140736,
5.573419,DUP,1078,,,,1140736,
5.573728,BUFFER,1114,,,,1140736,held=1
5.573744,DELIVER,1114,,,,1141760,
5.576009,BUFFER,1115,,,,1141760,held=1
5.576036,DELIVER,1115,,,,1142784,
5.584728,BUFFER,1116,,,,1142784,held=1
5.584749,DELIVER,1116,,,,1143808,
5.585784,BUFFER,1117,,,,1143808,held=1
5.585801,DELIVER,1117,,,,1144832,
5.588618,BUFFER,1118,,,,1144832,held=1
5.588646,DELIVER,1118,,,,1145856,
5.589123,BUFFER,1119,,,,1145856,held=1
5.589145,DELIVER,1119,,,,1146880,
5.589461,BUFFER,1120,,,,1146880,held=1
5.589469,DELIVER,1120,,,,1147904,
5.589696,BUFFER,1121,,,,1147904,held=1
5.589704,DELIVER,1121,,,,1148928,
5.589945,BUFFER,1122,,,,1148928,held=1
5.589956,DELIVER,1122,,,,1149952,
5.603253,BUFFER,1123,,,,1149952,held=1
5.603275,DELIVER,1123,,,,1150976,
5.607658,DUP,1092,,,,1150976,
5.611326,BUFFER,1124,,,,1150976,held=1
5.611395,DELIVER,1124,,,,1152000,
5.624936,BUFFER,1125,,,,1152000,held=1
5.624964,DELIVER,1125,,,,1153024,
5.625332,BUFFER,1126,,,,1153024,held=1
5.625347,DELIVER,1126,,,,1154048,
5.625633,BUFFER,1127,,,,1154048,held=1
5.625649,DELIVER,1127,,,,1155072,
5.625971,BUFFER,1128,,,,1155072,held=1
5.625993,DELIVER,1128,,,,1156096,
5.626394,BUFFER,1129,,,,1156096,held=1
5.626425,DELIVER,1129,,,,1157120,
5.628718,BUFFER,1130,,,,1157120,held=1
5.628743,DELIVER,1130,,,,1158144,
5.628995,BUFFER,1131,,,,1158144,held=1
5.629005,DELIVER,1131,,,,1159168,
5.629283,BUFFER,1133,,,,1159168,held=1
5.629304,NAK,1132,,,,1159168,
5.629748,DUP,1092,,,,1159168,
5.630076,BUFFER,1134,,,,1159168,held=2
5.630720,BUFFER,1135,,,,1159168,held=3
5.631070,BUFFER,1136,,,,1159168,held=4
5.641768,BUFFER,1138,,,,1159168,held=5
5.641807,NAK,1137,,,,1159168,
5.642113,BUFFER,1139,,,,1159168,held=6
5.642468,BUFFER,1140,,,,1159168,held=7
5.642822,BUFFER,1141,,,,1159168,held=8
5.655111,BUFFER,1142,,,,1159168,held=9
5.655457,BUFFER,1143,,,,1159168,held=10
5.667769,BUFFER,1144,,,,1159168,held=11
5.678462,BUFFER,1145,,,,1159168,held=12
5.679101,BUFFER,1146,,,,1159168,held=13
5.679426,BUFFER,1132,,,,1159168,held=14
5.679443,DELIVER,1132,,,,1160192,
5.679450,DELIVER,1133,,,,1161216,
5.679457,DELIVER,1134,,,,1162240,
5.679463,DELIVER,1135,,,,1163264,
5.679470,DELIVER,1136,,,,1164288,
5.679784,BUFFER,1147,,,,1164288,held=10
5.680448,BUFFER,1148,,,,1164288,held=11
5.680926,BUFFER,1149,,,,1164288,held=12
5.681250,BUFFER,1150,,,,1164288,held=13
5.681537,DUP,1132,,,,1164288,
5.681822,BUFFER,1151,,,,1164288,held=14
5.682103,BUFFER,1152,,,,1164288,held=15
5.682440,BUFFER,1153,,,,1164288,held=16
5.692421,BUFFER,1137,,,,1164288,held=17
5.692435,DELIVER,1137,,,,1165312,
5.692443,DELIVER,1138,,,,1166336,
5.692450,DELIVER,1139,,,,1167360,
5.692456,DELIVER,1140,,,,1168384,
5.692462,DELIVER,1141,,,,1169408,
5.692467,DELIVER,1142,,,,1170432,
5.692473,DELIVER,1143,,,,1171456,
5.692479,DELIVER,1144,,,,1172480,
5.692487,DELIVER,1145,,,,1173504,
5.692494,DELIVER,1146,,,,1174528,
5.692500,DELIVER,1147,,,,1175552,
5.692506,DELIVER,1148,,,,1176576,
5.692512,DELIVER,1149,,,,1177600,
5.692517,DELIVER,1150,,,,1178624,
5.692523,DELIVER,1151,,,,1179648,
5.692634,DELIVER,1152,,,,1180672,
5.692643,DELIVER,1153,,,,1181696,
5.692956,BUFFER,1154,,,,1181696,held=1
5.692966,DELIVER,1154,,,,1182720,
5.693226,BUFFER,1155,,,,1182720,held=1
5.693234,DELIVER,1155,,,,1183744,
5.694711,BUFFER,1156,,,,1183744,held=1
5.694724,DELIVER,1156,,,,1184768,
5.695011,BUFFER,1157,,,,1184768,held=1
5.695019,DELIVER,1157,,,,1185792,
5.695403,BUFFER,1158,,,,1185792,held=1
5.695412,DELIVER,1158,,,,1186816,
5.698375,BUFFER,1159,,,,1186816,held=1
5.698385,DELIVER,1159,,,,1187840,
5.698658,BUFFER,1160,,,,1187840,held=1
5.698666,DELIVER,1160,,,,1188864,
5.714730,BUFFER,1161,,,,1188864,held=1
5.714755,DELIVER,1161,,,,1189888,
5.722225,BUFFER,1162,,,,1189888,held=1
5.722347,DELIVER,1162,,,,1190912,
5.732300,DUP,1137,,,,1190912,
5.732645,BUFFER,1163,,,,1190912,held=1
5.732663,DELIVER,1163,,,,1191936,
5.732932,BUFFER,1164,,,,1191936,held=1
5.732941,DELIVER,1164,,,,1192960,
5.733252,BUFFER,1165,,,,1192960,held=1
5.733266,DELIVER,1165,,,,1193984,
5.733590,BUFFER,1166,,,,1193984,held=1
5.733614,DELIVER,1166,,,,1195008,
5.736777,BUFFER,1167,,,,1195008,held=1
5.736801,DELIVER,1167,,,,1196032,
5.737139,BUFFER,1168,,,,1196032,held=1
5.737152,DELIVER,1168,,,,1197056,
5.737445,BUFFER,1169,,,,1197056,held=1
5.737458,DELIVER,1169,,,,1198080,
5.737739,BUFFER,1170,,,,1198080,held=1
5.737748,DELIVER,1170,,,,1199104,
5.738035,DUP,1147,,,,1199104,
5.748930,BUFFER,1171,,,,1199104,held=1
5.748968,DELIVER,1171,,,,1200128,
5.750012,BUFFER,1172,,,,1200128,held=1
5.750034,DELIVER,1172,,,,1201152,
5.750638,BUFFER,1173,,,,1201152,held=1
5.750654,DELIVER,1173,,,,1202176,
5.751034,BUFFER,1174,,,,1202176,held=1
5.751047,DELIVER,1174,,,,1203200,
5.751625,BUFFER,1175,,,,1203200,held=1
5.751643,DELIVER,1175,,,,1204224,
5.764460,BUFFER,1176,,,,1204224,held=1
5.764491,DELIVER,1176,,,,1205248,
5.768405,BUFFER,1177,,,,1205248,held=1
5.768432,DELIVER,1177,,,,1206272,
5.777067,DUP,1148,,,,1206272,
5.778312,BUFFER,1178,,,,1206272,held=1
5.778323,DELIVER,1178,,,,1207296,
5.786663,BUFFER,1179,,,,1207296,held=1
5.786686,DELIVER,1179,,,,1208320,
5.786951,BUFFER,1180,,,,1208320,held=1
5.786959,DELIVER,1180,,,,1209344,
5.787198,BUFFER,1181,,,,1209344,held=1
5.787209,DELIVER,1181,,,,1210368,
5.788404,BUFFER,1182,,,,1210368,held=1
5.788425,DELIVER,1182,,,,1211392,
5.788665,BUFFER,1183,,,,1211392,held=1
5.788677,DELIVER,1183,,,,1212416,
5.788903,BUFFER,1184,,,,1212416,held=1
5.788910,DELIVER,1184,,,,1213440,
5.789328,BUFFER,1185,,,,1213440,held=1
5.789343,DELIVER,1185,,,,1214464,
5.791946,BUFFER,1186,,,,1214464,held=1
5.791966,DELIVER,1186,,,,1215488,
5.792268,BUFFER,1187,,,,1215488,held=1
5.792288,DELIVER,1187,,,,1216512,
5.792626,BUFFER,1188,,,,1216512,held=1
5.792646,DELIVER,1188,,,,1217536,
5.792983,BUFFER,1189,,,,1217536,held=1
5.793005,DELIVER,1189,,,,1218560,
5.793757,BUFFER,1190,,,,1218560,held=1
5.793767,DELIVER,1190,,,,1219584,
5.799314,BUFFER,1191,,,,1219584,held=1
5.799336,DELIVER,1191,,,,1220608,
5.803688,BUFFER,1192,,,,1220608,held=1
5.803712,DELIVER,1192,,,,1221632,
5.811957,BUFFER,1193,,,,1221632,held=1
5.812078,DELIVER,1193,,,,1222656,
5.812312,BUFFER,1194,,,,1222656,held=1
5.812320,DELIVER,1194,,,,1223680,
5.819728,BUFFER,1195,,,,1223680,held=1
5.819740,DELIVER,1195,,,,1224704,
5.831112,BUFFER,1196,,,,1224704,held=1
5.831133,DELIVER,1196,,,,1225728,
5.831825,BUFFER,1197,,,,1225728,held=1
5.831842,DELIVER,1197,,,,1226752,
5.832118,BUFFER,1198,,,,1226752,held=1
5.832127,DELIVER,1198,,,,1227776,
5.834756,BUFFER,1199,,,,1227776,held=1
5.834780,DELIVER,1199,,,,1228800,
5.835065,BUFFER,1200,,,,1228800,held=1
5.835076,DELIVER,1200,,,,1229824,
5.837006,BUFFER,1201,,,,1229824,held=1
5.837023,DELIVER,1201,,,,1230848,
5.838648,BUFFER,1202,,,,1230848,held=1
5.838667,DELIVER,1202,,,,1231872,
5.839050,BUFFER,1204,,,,1231872,held=1
5.839081,NAK,1203,,,,1231872,
5.840431,BUFFER,1205,,,,1231872,held=2
5.840715,BUFFER,1206,,,,1231872,held=3
5.848834,BUFFER,1207,,,,1231872,held=4
5.849422,BUFFER,1208,,,,1231872,held=5
5.849704,BUFFER,1209,,,,1231872,held=6
5.849940,BUFFER,1210,,,,1231872,held=7
5.850170,BUFFER,1211,,,,1231872,held=8
5.856797,BUFFER,1212,,,,1231872,held=9
5.857098,BUFFER,1213,,,,1231872,held=10
5.866069,BUFFER,1214,,,,1231872,held=11
5.875646,BUFFER,1215,,,,1231872,held=12
5.879494,BUFFER,1216,,,,1231872,held=13
5.879825,BUFFER,1217,,,,1231872,held=14
5.882541,BUFFER,1218,,,,1231872,held=15
5.882951,BUFFER,1219,,,,1231872,held=16
5.883282,BUFFER,1220,,,,1231872,held=17
5.888462,BUFFER,1203,,,,1231872,held=18
5.888491,DELIVER,1203,,,,1232896,
5.888500,DELIVER,1204,,,,1233920,
5.888507,DELIVER,1205,,,,1234944,
5.888516,DELIVER,1206,,,,1235968,
5.888522,DELIVER,1207,,,,1236992,
5.888531,DELIVER,1208,,,,1238016,
5.888543,DELIVER,1209,,,,1239040,
5.888552,DELIVER,1210,,,,1240064,
5.888557,DELIVER,1211,,,,1241088,
5.888567,DELIVER,1212,,,,1242112,
5.888573,DELIVER,1213,,,,1243136,
5.888583,DELIVER,1214,,,,1244160,
5.888589,DELIVER,1215,,,,1245184,
5.888595,DELIVER,1216,,,,1246208,
5.888601,DELIVER,1217,,,,1247232,
5.888608,DELIVER,1218,,,,1248256,
5.888614,DELIVER,1219,,,,1249280,
5.888620,DELIVER,1220,,,,1250304,
5.890260,DUP,1203,,,,1250304,
5.891314,BUFFER,1221,,,,1250304,held=1
5.891331,DELIVER,1221,,,,1251328,
5.891611,BUFFER,1222,,,,1251328,held=1
5.891620,DELIVER,1222,,,,1252352,
5.891960,BUFFER,1224,,,,1252352,held=1
5.891981,NAK,1223,,,,1252352,
5.892276,BUFFER,1225,,,,1252352,held=2
5.893931,BUFFER,1226,,,,1252352,held=3
5.894491,BUFFER,1227,,,,1252352,held=4
5.899405,BUFFER,1228,,,,1252352,held=5
5.899709,BUFFER,1229,,,,1252352,held=6
5.915815,BUFFER,1230,,,,1252352,held=7
5.916293,BUFFER,1231,,,,1252352,held=8
5.918768,BUFFER,1233,,,,1252352,held=9
5.918994,NAK,1232,,,,1252352,
5.922261,BUFFER,1234,,,,1252352,held=10
5.935352,BUFFER,1235,,,,1252352,held=11
5.935666,BUFFER,1236,,,,1252352,held=12
5.935931,BUFFER,1237,,,,1252352,held=13
5.936237,BUFFER,1238,,,,1252352,held=14
5.936605,BUFFER,1239,,,,1252352,held=15
5.938758,BUFFER,1240,,,,1252352,held=16
5.944611,BUFFER,1241,,,,1252352,held=17
5.944657,NAK,1223,,,,1252352,
5.945025,BUFFER,1223,,,,1252352,held=18
5.945041,DELIVER,1223,,,,1253376,
5.945048,DELIVER,1224,,,,1254400,
5.945079,DELIVER,1225,,,,1255424,
5.945086,DELIVER,1226,,,,1256448,
5.945092,DELIVER,1227,,,,1257472,
5.945097,DELIVER,1228,,,,1258496,
5.945102,DELIVER,1229,,,,1259520,
5.945106,DELIVER,1230,,,,1260544,
5.945111,DELIVER,1231,,,,1261568,
5.945474,DUP,1223,,,,1261568,
5.946552,BUFFER,1242,,,,1261568,held=10
5.948360,BUFFER,1243,,,,1261568,held=11
5.948631,BUFFER,1244,,,,1261568,held=12
5.966913,BUFFER,1245,,,,1261568,held=13
5.967276,BUFFER,1246,,,,1261568,held=14
5.967438,BUFFER,1232,,,,1261568,held=15
5.967445,DELIVER,1232,,,,1262592,
5.967448,DELIVER,1233,,,,1263616,
5.967452,DELIVER,1234,,,,1264640,
5.967455,DELIVER,1235,,,,1265664,
5.967457,DELIVER,1236,,,,1266688,
5.967460,DELIVER,1237,,,,1267712,
5.967463,DELIVER,1238,,,,1268736,
5.967466,DELIVER,1239,,,,1269760,
5.967469,DELIVER,1240,,,,1270784,
5.967471,DELIVER,1241,,,,1271808,
5.967475,DELIVER,1242,,,,1272832,
5.967479,DELIVER,1243,,,,1273856,
5.967481,DELIVER,1244,,,,1274880,
5.967484,DELIVER,1245,,,,1275904,
5.967487,DELIVER,1246,,,,1276928,
5.967613,BUFFER,1247,,,,1276928,held=1
5.967617,DELIVER,1247,,,,1277952,
5.967740,BUFFER,1248,,,,1277952,held=1
5.967744,DELIVER,1248,,,,1278976,
5.967866,BUFFER,1249,,,,1278976,held=1
5.967869,DELIVER,1249,,,,1280000,
5.989497,DUP,1223,,,,1280000,
5.990013,BUFFER,1250,,,,1280000,held=1
5.990035,DELIVER,1250,,,,1281024,
5.990343,BUFFER,1251,,,,1281024,held=1
5.990356,DELIVER,1251,,,,1282048,
5.990663,BUFFER,1252,,,,1282048,held=1
5.990673,DELIVER,1252,,,,1283072,
5.991073,BUFFER,1253,,,,1283072,held=1
5.991086,DELIVER,1253,,,,1284096,
5.991790,BUFFER,1254,,,,1284096,held=1
5.991809,DELIVER,1254,,,,1285120,
5.993924,BUFFER,1255,,,,1285120,held=1
5.993945,DELIVER,1255,,,,1286144,
5.994339,BUFFER,1256,,,,1286144,held=1
5.994352,DELIVER,1256,,,,1287168,
5.994811,BUFFER,1257,,,,1287168,held=1
5.994830,DELIVER,1257,,,,1288192,
5.995174,BUFFER,1258,,,,1288192,held=1
5.995190,DELIVER,1258,,,,1289216,
5.995493,BUFFER,1259,,,,1289216,held=1
5.995503,DELIVER,1259,,,,1290240,
6.016290,DUP,1232,,,,1290240,
6.016562,BUFFER,1260,,,,1290240,held=1
6.016577,DELIVER,1260,,,,1291264,
6.017711,DUP,1243,,,,1291264,
6.018051,BUFFER,1261,,,,1291264,held=1
6.018062,DELIVER,1261,,,,1292288,
6.019604,BUFFER,1262,,,,1292288,held=1
6.019615,DELIVER,1262,,,,1293312,
6.019875,BUFFER,1263,,,,1293312,held=1
6.019882,DELIVER,1263,,,,1294336,
6.034086,BUFFER,1264,,,,1294336,held=1
6.034113,DELIVER,1264,,,,1295360,
6.040974,BUFFER,1265,,,,1295360,held=1
6.040996,DELIVER,1265,,,,1296384,
6.043078,BUFFER,1266,,,,1296384,held=1
6.043158,DELIVER,1266,,,,1297408,
6.043413,BUFFER,1267,,,,1297408,held=1
6.043421,DELIVER,1267,,,,1298432,
6.044107,BUFFER,1268,,,,1298432,held=1
6.044123,DELIVER,1268,,,,1299456,
6.045422,BUFFER,1269,,,,1299456,held=1
6.045435,DELIVER,1269,,,,1300480,
6.045736,BUFFER,1270,,,,1300480,held=1
6.045744,DELIVER,1270,,,,1301504,
6.045999,BUFFER,1271,,,,1301504,held=1
6.046006,DELIVER,1271,,,,1302528,
6.046261,BUFFER,1272,,,,1302528,held=1
6.046268,DELIVER,1272,,,,1303552,
6.046519,BUFFER,1273,,,,1303552,held=1
6.046526,DELIVER,1273,,,,1304576,
6.065904,BUFFER,1274,,,,1304576,held=1
6.065923,DELIVER,1274,,,,1305600,
6.067770,BUFFER,1275,,,,1305600,held=1
6.067793,DELIVER,1275,,,,1306624,
6.068038,BUFFER,1276,,,,1306624,held=1
6.068049,DELIVER,1276,,,,1307648,
6.068339,BUFFER,1277,,,,1307648,held=1
6.068361,DELIVER,1277,,,,1308672,
6.072451,DUP,1252,,,,1308672,
6.074329,BUFFER,1278,,,,1308672,held=1
6.074340,DELIVER,1278,,,,1309696,
6.083086,BUFFER,1279,,,,1309696,held=1
6.083117,DELIVER,1279,,,,1310720,
6.084248,BUFFER,1280,,,,1310720,held=1
6.084473,DELIVER,1280,,,,1311744,
6.090068,BUFFER,1281,,,,1311744,held=1
6.090089,DELIVER,1281,,,,1312768,
6.090348,BUFFER,1282,,,,1312768,held=1
6.090357,DELIVER,1282,,,,1313792,
6.090778,BUFFER,1283,,,,1313792,held=1
6.090792,DELIVER,1283,,,,1314816,
6.097509,BUFFER,1285,,,,1314816,held=1
6.097586,NAK,1284,,,,1314816,
6.098032,BUFFER,1286,,,,1314816,held=2
6.098276,BUFFER,1288,,,,1314816,held=3
6.098295,NAK,1287,,,,1314816,
6.098707,BUFFER,1289,,,,1314816,held=4
6.111886,BUFFER,1290,,,,1314816,held=5
6.112767,BUFFER,1291,,,,1314816,held=6
6.114559,BUFFER,1292,,,,1314816,held=7
6.116348,BUFFER,1293,,,,1314816,held=8
6.116799,BUFFER,1294,,,,1314816,held=9
6.118109,BUFFER,1295,,,,1314816,held=10
6.134080,BUFFER,1284,,,,1314816,held=11
6.134102,DELIVER,1284,,,,1315840,
6.134110,DELIVER,1285,,,,1316864,
6.134117,DELIVER,1286,,,,1317888,
6.139988,BUFFER,1297,,,,1317888,held=9
6.140037,NAK,1296,,,,1317888,
6.144697,BUFFER,1298,,,,1317888,held=10
6.145295,BUFFER,1299,,,,1317888,held=11
6.145867,BUFFER,1300,,,,1317888,held=12
6.146202,BUFFER,1301,,,,1317888,held=13
6.146628,BUFFER,1287,,,,1317888,held=14
6.146678,DELIVER,1287,,,,1318912,
6.146688,DELIVER,1288,,,,1319936,
6.146695,DELIVER,1289,,,,1320960,
6.146702,DELIVER,1290,,,,1321984,
6.146708,DELIVER,1291,,,,1323008,
6.146714,DELIVER,1292,,,,1324032,
6.146720,DELIVER,1293,,,,1325056,
6.146726,DELIVER,1294,,,,1326080,
6.146732,DELIVER,1295,,,,1327104,
6.147016,BUFFER,1302,,,,1327104,held=6
6.153417,BUFFER,1303,,,,1327104,held=7
6.153721,BUFFER,1304,,,,1327104,held=8
6.154011,BUFFER,1305,,,,1327104,held=9
6.154278,BUFFER,1306,,,,1327104,held=10
6.155224,BUFFER,1307,,,,1327104,held=11
6.168412,BUFFER,1308,,,,1327104,held=12
6.168721,BUFFER,1309,,,,1327104,held=13
6.169199,DUP,1252,,,,1327104,
6.195268,BUFFER,1296,,,,1327104,held=14
6.195300,DELIVER,1296,,,,1328128,
6.195311,DELIVER,1297,,,,1329152,
6.195319,DELIVER,1298,,,,1330176,
6.195327,DELIVER,1299,,,,1331200,
6.195334,DELIVER,1300,,,,1332224,
6.195341,DELIVER,1301,,,,1333248,
6.195349,DELIVER,1302,,,,1334272,
6.195356,DELIVER,1303,,,,1335296,
6.195364,DELIVER,1304,,,,1336320,
6.195371,DELIVER,1305,,,,1337344,
6.195378,DELIVER,1306,,,,1338368,
6.195386,DELIVER,1307,,,,1339392,
6.195393,DELIVER,1308,,,,1340416,
6.195401,DELIVER,1309,,,,1341440,
6.195968,BUFFER,1310,,,,1341440,held=1
6.196001,DELIVER,1310,,,,1342464,
6.196406,BUFFER,1311,,,,1342464,held=1
6.196418,DELIVER,1311,,,,1343488,
6.196882,BUFFER,1313,,,,1343488,held=1
6.196917,NAK,1312,,,,1343488,
6.197576,BUFFER,1314,,,,1343488,held=2
6.197997,BUFFER,1315,,,,1343488,held=3
6.198473,BUFFER,1316,,,,1343488,held=4
6.199002,BUFFER,1317,,,,1343488,held=5
6.206294,BUFFER,1318,,,,1343488,held=6
6.206775,BUFFER,1320,,,,1343488,held=7
6.206820,NAK,1319,,,,1343488,
6.207182,BUFFER,1321,,,,1343488,held=8
6.207428,BUFFER,1322,,,,1343488,held=9
6.207683,BUFFER,1323,,,,1343488,held=10
6.219121,DUP,1293,,,,1343488,
6.219519,BUFFER,1324,,,,1343488,held=11
6.224961,BUFFER,1326,,,,1343488,held=12
6.224990,NAK,1325,,,,1343488,
6.246061,BUFFER,1312,,,,1343488,held=13
6.246088,DELIVER,1312,,,,1344512,
6.246095,DELIVER,1313,,,,1345536,
6.246100,DELIVER,1314,,,,1346560,
6.246106,DELIVER,1315,,,,1347584,
6.246111,DELIVER,1316,,,,1348608,
6.246116,DELIVER,1317,,,,1349632,
6.246120,DELIVER,1318,,,,1350656,
6.246367,BUFFER,1327,,,,1350656,held=7
6.247162,BUFFER,1328,,,,1350656,held=8
6.247571,BUFFER,1329,,,,1350656,held=9
6.247852,BUFFER,1331,,,,1350656,held=10
6.247893,NAK,1330,,,,1350656,
6.248193,BUFFER,1332,,,,1350656,held=11
6.248720,BUFFER,1333,,,,1350656,held=12
6.252877,BUFFER,1319,,,,1350656,held=13
6.252902,DELIVER,1319,,,,1351680,
6.252910,DELIVER,1320,,,,1352704,
6.252917,DELIVER,1321,,,,1353728,
6.252923,DELIVER,1322,,,,1354752,
6.252930,DELIVER,1323,,,,1355776,
6.252936,DELIVER,1324,,,,1356800,
6.255632,BUFFER,1334,,,,1356800,held=8
6.255930,BUFFER,1335,,,,1356800,held=9
6.256678,BUFFER,1336,,,,1356800,held=10
6.257029,BUFFER,1337,,,,1356800,held=11
6.257298,BUFFER,1338,,,,1356800,held=12
6.260590,BUFFER,1339,,,,1356800,held=13
6.270684,BUFFER,1340,,,,1356800,held=14
6.271036,BUFFER,1341,,,,1356800,held=15
6.271581,BUFFER,1325,,,,1356800,held=16
6.271600,DELIVER,1325,,,,1357824,
6.271610,DELIVER,1326,,,,1358848,
6.271618,DELIVER,1327,,,,1359872,
6.271694,DELIVER,1328,,,,1360896,
6.271716,DELIVER,1329,,,,1361920,
6.296998,BUFFER,1342,,,,1361920,held=12
6.297836,BUFFER,1343,,,,1361920,held=13
6.298380,BUFFER,1344,,,,1361920,held=14
6.298401,NAK,1330,,,,1361920,
6.298688,DUP,1319,,,,1361920,
6.300063,BUFFER,1345,,,,1361920,held=15
6.300452,BUFFER,1346,,,,1361920,held=16
6.300930,BUFFER,1347,,,,1361920,held=17
6.301264,BUFFER,1348,,,,1361920,held=18
6.301509,BUFFER,1349,,,,1361920,held=19
6.301869,BUFFER,1350,,,,1361920,held=20
6.308860,DUP,1325,,,,1361920,
6.309198,BUFFER,1351,,,,1361920,held=21
6.309486,BUFFER,1352,,,,1361920,held=22
6.313090,BUFFER,1353,,,,1361920,held=23
6.317989,BUFFER,1354,,,,1361920,held=24
6.318680,BUFFER,1355,,,,1361920,held=25
6.318920,BUFFER,1356,,,,1361920,held=26
6.337797,BUFFER,1357,,,,1361920,held=27
6.338257,DUP,1328,,,,1361920,
6.353048,BUFFER,1358,,,,1361920,held=28
6.353088,NAK,1330,,,,1361920,
6.353502,BUFFER,1360,,,,1361920,held=29
6.353549,NAK,1359,,,,1361920,
6.353933,BUFFER,1361,,,,1361920,held=30
6.354329,BUFFER,1362,,,,1361920,held=31
6.354745,BUFFER,1363,,,,1361920,held=32
6.355774,BUFFER,1364,,,,1361920,held=33
6.356073,BUFFER,1365,,,,1361920,held=34
6.356464,BUFFER,1366,,,,1361920,held=35
6.356779,BUFFER,1367,,,,1361920,held=36
6.359589,BUFFER,1368,,,,1361920,held=37
6.361473,BUFFER,1369,,,,1361920,held=38
6.361731,BUFFER,1370,,,,1361920,held=39
6.378858,BUFFER,1371,,,,1361920,held=40
6.387484,BUFFER,1372,,,,1361920,held=41
6.406710,BUFFER,1373,,,,1361920,held=42
6.406758,NAK,1330,,,,1361920,
6.406790,NAK,1359,,,,1361920,
6.407198,BUFFER,1359,,,,1361920,held=43
6.407684,BUFFER,1330,,,,1361920,held=44
6.407708,DELIVER,1330,,,,1362944,
6.407718,DELIVER,1331,,,,1363968,
6.407726,DELIVER,1332,,,,1364992,
6.407734,DELIVER,1333,,,,1366016,
6.407741,DELIVER,1334,,,,1367040,
6.407752,DELIVER,1335,,,,1368064,
6.407760,DELIVER,1336,,,,1369088,
6.407767,DELIVER,1337,,,,1370112,
6.407775,DELIVER,1338,,,,1371136,
6.407783,DELIVER,1339,,,,1372160,
6.407790,DELIVER,1340,,,,1373184,
6.407798,DELIVER,1341,,,,1374208,
6.407806,DELIVER,1342,,,,1375232,
6.407812,DELIVER,1343,,,,1376256,
6.407820,DELIVER,1344,,,,1377280,
6.407827,DELIVER,1345,,,,1378304,
6.407835,DELIVER,1346,,,,1379328,
6.407842,DELIVER,1347,,,,1380352,
6.407850,DELIVER,1348,,,,1381376,
6.407857,DELIVER,1349,,,,1382400,
6.407868,DELIVER,1350,,,,1383424,
6.407875,DELIVER,1351,,,,1384448,
6.407882,DELIVER,1352,,,,1385472,
6.407890,DELIVER,1353,,,,1386496,
6.407897,DELIVER,1354,,,,1387520,
6.407906,DELIVER,1355,,,,1388544,
6.407913,DELIVER,1356,,,,1389568,
6.407920,DELIVER,1357,,,,1390592,
6.407928,DELIVER,1358,,,,1391616,
6.407937,DELIVER,1359,,,,1392640,
6.407944,DELIVER,1360,,,,1393664,
6.407951,DELIVER,1361,,,,1394688,
6.407958,DELIVER,1362,,,,1395712,
6.407965,DELIVER,1363,,,,1396736,
6.407973,DELIVER,1364,,,,1397760,
6.407980,DELIVER,1365,,,,1398784,
6.407988,DELIVER,1366,,,,1399808,
6.407994,DELIVER,1367,,,,1400832,
6.408002,DELIVER,1368,,,,1401856,
6.408009,DELIVER,1369,,,,1402880,
6.408016,DELIVER,1370,,,,1403904,
6.408024,DELIVER,1371,,,,1404928,
6.408030,DELIVER,1372,,,,1405952,
6.408037,DELIVER,1373,,,,1406976,
6.408519,BUFFER,1374,,,,1406976,held=1
6.408543,DELIVER,1374,,,,1408000,
6.408896,BUFFER,1375,,,,1408000,held=1
6.408909,DELIVER,1375,,,,1409024,
6.409325,BUFFER,1376,,,,1409024,held=1
6.409343,DELIVER,1376,,,,1410048,
6.409871,BUFFER,1377,,,,1410048,held=1
6.409885,DELIVER,1377,,,,1411072,
6.410549,BUFFER,1379,,,,1411072,held=1
6.410577,NAK,1378,,,,1411072,
6.411219,BUFFER,1380,,,,1411072,held=2
6.412001,BUFFER,1381,,,,1411072,held=3
6.412716,BUFFER,1382,,,,1411072,held=4
6.413460,BUFFER,1383,,,,1411072,held=5
6.413760,BUFFER,1385,,,,1411072,held=6
6.413780,NAK,1384,,,,1411072,
6.422948,BUFFER,1386,,,,1411072,held=7
6.433928,BUFFER,1387,,,,1411072,held=8
6.458208,DUP,1330,,,,1411072,
6.458527,DUP,1359,,,,1411072,
6.458862,DUP,1339,,,,1411072,
6.459190,BUFFER,1388,,,,1411072,held=9
6.459481,BUFFER,1389,,,,1411072,held=10
6.459757,BUFFER,1390,,,,1411072,held=11
6.460052,BUFFER,1391,,,,1411072,held=12
6.460348,BUFFER,1392,,,,1411072,held=13
6.460368,NAK,1378,,,,1411072,
6.460623,BUFFER,1393,,,,1411072,held=14
6.460843,BUFFER,1378,,,,1411072,held=15
6.460854,DELIVER,1378,,,,1412096,
6.460860,DELIVER,1379,,,,1413120,
6.460865,DELIVER,1380,,,,1414144,
6.460871,DELIVER,1381,,,,1415168,
6.460875,DELIVER,1382,,,,1416192,
6.460880,DELIVER,1383,,,,1417216,
6.461078,BUFFER,1394,,,,1417216,held=10
6.465104,BUFFER,1395,,,,1417216,held=11
6.465118,NAK,1384,,,,1417216,
6.465320,BUFFER,1396,,,,1417216,held=12
6.465584,BUFFER,1397,,,,1417216,held=13
6.465834,BUFFER,1398,,,,1417216,held=14
6.466058,BUFFER,1400,,,,1417216,held=15
6.466074,NAK,1399,,,,1417216,
6.466272,BUFFER,1384,,,,1417216,held=16
6.466278,DELIVER,1384,,,,1418240,
6.466283,DELIVER,1385,,,,1419264,
6.466288,DELIVER,1386,,,,1420288,
6.466293,DELIVER,1387,,,,1421312,
6.466297,DELIVER,1388,,,,1422336,
6.466302,DELIVER,1389,,,,1423360,
6.466306,DELIVER,1390,,,,1424384,
6.466311,DELIVER,1391,,,,1425408,
6.466315,DELIVER,1392,,,,1426432,
6.466320,DELIVER,1393,,,,1427456,
6.466325,DELIVER,1394,,,,1428480,
6.466329,DELIVER,1395,,,,1429504,
6.466334,DELIVER,1396,,,,1430528,
6.466338,DELIVER,1397,,,,1431552,
6.466342,DELIVER,1398,,,,1432576,
6.466539,BUFFER,1401,,,,1432576,held=2
6.484368,BUFFER,1402,,,,1432576,held=3
6.501295,DUP,1378,,,,1432576,
6.507456,BUFFER,1403,,,,1432576,held=4
6.507783,BUFFER,1404,,,,1432576,held=5
6.511286,BUFFER,1405,,,,1432576,held=6
6.511580,BUFFER,1406,,,,1432576,held=7
6.511820,DUP,1382,,,,1432576,
6.512575,BUFFER,1407,,,,1432576,held=8
6.515713,BUFFER,1408,,,,1432576,held=9
6.516198,BUFFER,1409,,,,1432576,held=10
6.516222,NAK,1399,,,,1432576,
6.516485,DUP,1384,,,,1432576,
6.516741,DUP,1382,,,,1432576,
6.516997,BUFFER,1410,,,,1432576,held=11
6.517249,BUFFER,1411,,,,1432576,held=12
6.517501,BUFFER,1412,,,,1432576,held=13
6.517754,BUFFER,1399,,,,1432576,held=14
6.517766,DELIVER,1399,,,,1433600,
6.517773,DELIVER,1400,,,,1434624,
6.517780,DELIVER,1401,,,,1435648,
6.517786,DELIVER,1402,,,,1436672,
6.517792,DELIVER,1403,,,,1437696,
6.517797,DELIVER,1404,,,,1438720,
6.517803,DELIVER,1405,,,,1439744,
6.517808,DELIVER,1406,,,,1440768,
6.517814,DELIVER,1407,,,,1441792,
6.517898,DELIVER,1408,,,,1442816,
6.517907,DELIVER,1409,,,,1443840,
6.517913,DELIVER,1410,,,,1444864,
6.517920,DELIVER,1411,,,,1445888,
6.517926,DELIVER,1412,,,,1446912,
6.519250,BUFFER,1414,,,,1446912,held=1
6.519269,NAK,1413,,,,1446912,
6.519472,BUFFER,1415,,,,1446912,held=2
6.519674,BUFFER,1416,,,,1446912,held=3
6.519876,BUFFER,1417,,,,1446912,held=4
6.522747,BUFFER,1418,,,,1446912,held=5
6.543012,BUFFER,1419,,,,1446912,held=6
6.543370,BUFFER,1420,,,,1446912,held=7
6.557089,BUFFER,1421,,,,1446912,held=8
6.557565,BUFFER,1422,,,,1446912,held=9
6.559923,BUFFER,1423,,,,1446912,held=10
6.564301,BUFFER,1424,,,,1446912,held=11
6.564653,BUFFER,1425,,,,1446912,held=12
6.565709,DUP,1399,,,,1446912,
6.566126,BUFFER,1426,,,,1446912,held=13
6.570062,BUFFER,1413,,,,1446912,held=14
6.570092,DELIVER,1413,,,,1447936,
6.570100,DELIVER,1414,,,,1448960,
6.570107,DELIVER,1415,,,,1449984,
6.570114,DELIVER,1416,,,,1451008,
6.570123,DELIVER,1417,,,,1452032,
6.570167,DELIVER,1418,,,,1453056,
6.570178,DELIVER,1419,,,,1454080,
6.570187,DELIVER,1420,,,,1455104,
6.570193,DELIVER,1421,,,,1456128,
6.570199,DELIVER,1422,,,,1457152,
6.570205,DELIVER,1423,,,,1458176,
6.570211,DELIVER,1424,,,,1459200,
6.570218,DELIVER,1425,,,,1460224,
6.570227,DELIVER,1426,,,,1461248,
6.570586,DUP,1413,,,,1461248,
6.570875,BUFFER,1427,,,,1461248,held=1
6.570943,DELIVER,1427,,,,1462272,
6.571353,BUFFER,1428,,,,1462272,held=1
6.571367,DELIVER,1428,,,,1463296,
6.571639,BUFFER,1429,,,,1463296,held=1
6.571649,DELIVER,1429,,,,1464320,
6.571941,BUFFER,1430,,,,1464320,held=1
6.571954,DELIVER,1430,,,,1465344,
6.572262,BUFFER,1431,,,,1465344,held=1
6.572326,DELIVER,1431,,,,1466368,
6.572654,BUFFER,1432,,,,1466368,held=1
6.572665,DELIVER,1432,,,,1467392,
6.588993,BUFFER,1434,,,,1467392,held=1
6.589015,NAK,1433,,,,1467392,
6.598469,BUFFER,1435,,,,1467392,held=2
6.598744,BUFFER,1436,,,,1467392,held=3
6.610962,BUFFER,1437,,,,1467392,held=4
6.613148,BUFFER,1438,,,,1467392,held=5
6.613776,BUFFER,1439,,,,1467392,held=6
6.614110,BUFFER,1440,,,,1467392,held=7
6.614330,BUFFER,1441,,,,1467392,held=8
6.614534,DUP,1420,,,,1467392,
6.618054,BUFFER,1442,,,,1467392,held=9
6.618331,BUFFER,1443,,,,1467392,held=10
6.620832,BUFFER,1444,,,,1467392,held=11
6.621125,BUFFER,1445,,,,1467392,held=12
6.626968,BUFFER,1446,,,,1467392,held=13
6.627319,BUFFER,1447,,,,1467392,held=14
6.627779,BUFFER,1448,,,,1467392,held=15
6.634039,BUFFER,1433,,,,1467392,held=16
6.634079,DELIVER,1433,,,,1468416,
6.634088,DELIVER,1434,,,,1469440,
6.634098,DELIVER,1435,,,,1470464,
6.634104,DELIVER,1436,,,,1471488,
6.634111,DELIVER,1437,,,,1472512,
6.634116,DELIVER,1438,,,,1473536,
6.634122,DELIVER,1439,,,,1474560,
6.634128,DELIVER,1440,,,,1475584,
6.634134,DELIVER,1441,,,,1476608,
6.634143,DELIVER,1442,,,,1477632,
6.634149,DELIVER,1443,,,,1478656,
6.634155,DELIVER,1444,,,,1479680,
6.634161,DELIVER,1445,,,,1480704,
6.634167,DELIVER,1446,,,,1481728,
6.634173,DELIVER,1447,,,,1482752,
6.634178,DELIVER,1448,,,,1483776,
6.634544,BUFFER,1449,,,,1483776,held=1
6.634558,DELIVER,1449,,,,1484800,
6.637219,BUFFER,1450,,,,1484800,held=1
6.637239,DELIVER,1450,,,,1485824,
6.637598,BUFFER,1451,,,,1485824,held=1
6.637610,DELIVER,1451,,,,1486848,
6.654890,BUFFER,1452,,,,1486848,held=1
6.654915,DELIVER,1452,,,,1487872,
6.656069,BUFFER,1453,,,,1487872,held=1
6.656086,DELIVER,1453,,,,1488896,
6.656440,BUFFER,1454,,,,1488896,held=1
6.656450,DELIVER,1454,,,,1489920,
6.660831,BUFFER,1455,,,,1489920,held=1
6.661998,DELIVER,1455,,,,1490944,
6.664421,BUFFER,1456,,,,1490944,held=1
6.664445,DELIVER,1456,,,,1491968,
6.664673,BUFFER,1457,,,,1491968,held=1
6.664683,DELIVER,1457,,,,1492992,
6.664971,BUFFER,1458,,,,1492992,held=1
6.664981,DELIVER,1458,,,,1494016,
6.665327,DUP,1433,,,,1494016,
6.666367,BUFFER,1459,,,,1494016,held=1
6.666377,DELIVER,1459,,,,1495040,
6.667917,BUFFER,1460,,,,1495040,held=1
6.667926,DELIVER,1460,,,,1496064,
6.671158,BUFFER,1461,,,,1496064,held=1
6.671167,DELIVER,1461,,,,1497088,
6.674047,BUFFER,1462,,,,1497088,held=1
6.674069,DELIVER,1462,,,,1498112,
6.674344,BUFFER,1463,,,,1498112,held=1
6.674355,DELIVER,1463,,,,1499136,
6.679634,BUFFER,1464,,,,1499136,held=1
6.679811,DELIVER,1464,,,,1500160,
6.680232,BUFFER,1465,,,,1500160,held=1
6.680248,DELIVER,1465,,,,1501184,
6.687330,BUFFER,1466,,,,1501184,held=1
6.687349,DELIVER,1466,,,,1502208,
6.687773,BUFFER,1467,,,,1502208,held=1
6.687788,DELIVER,1467,,,,1503232,
6.707618,BUFFER,1468,,,,1503232,held=1
6.707650,DELIVER,1468,,,,1504256,
6.708032,BUFFER,1469,,,,1504256,held=1
6.708044,DELIVER,1469,,,,1505280,
6.708535,BUFFER,1470,,,,1505280,held=1
6.708717,DELIVER,1470,,,,1506304,
6.709270,BUFFER,1471,,,,1506304,held=1
6.709286,DELIVER,1471,,,,1507328,
6.709699,BUFFER,1472,,,,1507328,held=1
6.709716,DELIVER,1472,,,,1508352,
6.710069,BUFFER,1473,,,,1508352,held=1
6.710082,DELIVER,1473,,,,1509376,
6.715394,BUFFER,1475,,,,1509376,held=1
6.715431,NAK,1474,,,,1509376,
6.715796,BUFFER,1476,,,,1509376,held=2
6.716570,BUFFER,1477,,,,1509376,held=3
6.721840,BUFFER,1478,,,,1509376,held=4
6.722212,BUFFER,1479,,,,1509376,held=5
6.722518,BUFFER,1480,,,,1509376,held=6
6.722796,BUFFER,1481,,,,1509376,held=7
6.723142,BUFFER,1482,,,,1509376,held=8
6.738263,BUFFER,1483,,,,1509376,held=9
6.738675,BUFFER,1484,,,,1509376,held=10
6.757779,BUFFER,1486,,,,1509376,held=11
6.757830,NAK,1485,,,,1509376,
6.758185,BUFFER,1487,,,,1509376,held=12
6.758683,BUFFER,1488,,,,1509376,held=13
6.759095,BUFFER,1489,,,,1509376,held=14
6.759597,BUFFER,1490,,,,1509376,held=15
6.760046,BUFFER,1491,,,,1509376,held=16
6.763285,BUFFER,1474,,,,1509376,held=17
6.763318,DELIVER,1474,,,,1510400,
6.763329,DELIVER,1475,,,,1511424,
6.763337,DELIVER,1476,,,,1512448,
6.763346,DELIVER,1477,,,,1513472,
6.763354,DELIVER,1478,,,,1514496,
6.763362,DELIVER,1479,,,,1515520,
6.763370,DELIVER,1480,,,,1516544,
6.763379,DELIVER,1481,,,,1517568,
6.763386,DELIVER,1482,,,,1518592,
6.763394,DELIVER,1483,,,,1519616,
6.763401,DELIVER,1484,,,,1520640,
6.763821,DUP,1474,,,,1520640,
6.766078,BUFFER,1492,,,,1520640,held=7
6.769479,BUFFER,1493,,,,1520640,held=8
6.769757,BUFFER,1494,,,,1520640,held=9
6.771271,BUFFER,1495,,,,1520640,held=10
6.774867,BUFFER,1496,,,,1520640,held=11
6.775115,BUFFER,1497,,,,1520640,held=12
6.787599,BUFFER,1498,,,,1520640,held=13
6.787867,BUFFER,1499,,,,1520640,held=14
6.804676,BUFFER,1485,,,,1520640,held=15
6.804701,DELIVER,1485,,,,1521664,
6.804708,DELIVER,1486,,,,1522688,
6.804717,DELIVER,1487,,,,1523712,
6.804723,DELIVER,1488,,,,1524736,
6.804728,DELIVER,1489,,,,1525760,
6.804733,DELIVER,1490,,,,1526784,
6.804739,DELIVER,1491,,,,1527808,
6.804743,DELIVER,1492,,,,1528832,
6.804777,DELIVER,1493,,,,1529856,
6.804789,DELIVER,1494,,,,1530880,
6.804794,DELIVER,1495,,,,1531904,
6.804799,DELIVER,1496,,,,1532928,
6.804804,DELIVER,1497,,,,1533952,
6.804809,DELIVER,1498,,,,1534976,
6.804814,DELIVER,1499,,,,1536000,
6.805097,BUFFER,1500,,,,1536000,held=1
6.805106,DELIVER,1500,,,,1537024,
6.805322,BUFFER,1501,,,,1537024,held=1
6.805330,DELIVER,1501,,,,1538048,
6.805634,BUFFER,1502,,,,1538048,held=1
6.805647,DELIVER,1502,,,,1539072,
6.805943,BUFFER,1503,,,,1539072,held=1
6.805955,DELIVER,1503,,,,1540096,
6.806257,BUFFER,1504,,,,1540096,held=1
6.806268,DELIVER,1504,,,,1541120,
6.812075,BUFFER,1505,,,,1541120,held=1
6.812100,DELIVER,1505,,,,1542144,
6.812346,BUFFER,1506,,,,1542144,held=1
6.812354,DELIVER,1506,,,,1543168,
6.812609,BUFFER,1507,,,,1543168,held=1
6.812619,DELIVER,1507,,,,1544192,
6.814703,BUFFER,1508,,,,1544192,held=1
6.814865,DELIVER,1508,,,,1545216,
6.816191,DUP,1485,,,,1545216,
6.817318,BUFFER,1509,,,,1545216,held=1
6.817340,DELIVER,1509,,,,1546240,
6.817598,BUFFER,1510,,,,1546240,held=1
6.817605,DELIVER,1510,,,,1547264,
6.817914,BUFFER,1511,,,,1547264,held=1
6.817922,DELIVER,1511,,,,1548288,
6.826330,BUFFER,1512,,,,1548288,held=1
6.826359,DELIVER,1512,,,,1549312,
6.826613,BUFFER,1513,,,,1549312,held=1
6.826633,DELIVER,1513,,,,1550336,
6.831220,BUFFER,1514,,,,1550336,held=1
6.831249,DELIVER,1514,,,,1551360,
6.842292,BUFFER,1515,,,,1551360,held=1
6.842303,DELIVER,1515,,,,1552384,
6.849514,BUFFER,1516,,,,1552384,held=1
6.849527,DELIVER,1516,,,,1553408,
6.849802,BUFFER,1517,,,,1553408,held=1
6.849809,DELIVER,1517,,,,1554432,
6.858799,BUFFER,1518,,,,1554432,held=1
6.858830,DELIVER,1518,,,,1555456,
6.859212,BUFFER,1519,,,,1555456,held=1
6.859222,DELIVER,1519,,,,1556480,
6.859463,BUFFER,1520,,,,1556480,held=1
6.859471,DELIVER,1520,,,,1557504,
6.860659,BUFFER,1521,,,,1557504,held=1
6.860683,DELIVER,1521,,,,1558528,
6.860894,BUFFER,1522,,,,1558528,held=1
6.860901,DELIVER,1522,,,,1559552,
6.861970,BUFFER,1523,,,,1559552,held=1
6.861988,DELIVER,1523,,,,1560576,
6.862226,BUFFER,1524,,,,1560576,held=1
6.862234,DELIVER,1524,,,,1561600,
6.862725,BUFFER,1525,,,,1561600,held=1
6.862743,DELIVER,1525,,,,1562624,
6.867818,BUFFER,1526,,,,1562624,held=1
6.867849,DELIVER,1526,,,,1563648,
6.868599,BUFFER,1527,,,,1563648,held=1
6.868614,DELIVER,1527,,,,1564672,
6.868867,BUFFER,1528,,,,1564672,held=1
6.868875,DELIVER,1528,,,,1565696,
6.871448,BUFFER,1529,,,,1565696,held=1
6.871477,DELIVER,1529,,,,1566720,
6.871777,BUFFER,1530,,,,1566720,held=1
6.871790,DELIVER,1530,,,,1567744,
6.873970,BUFFER,1532,,,,1567744,held=1
6.874007,NAK,1531,,,,1567744,
6.880703,BUFFER,1533,,,,1567744,held=2
6.891519,BUFFER,1534,,,,1567744,held=3
6.891812,BUFFER,1535,,,,1567744,held=4
6.897891,BUFFER,1536,,,,1567744,held=5
6.907051,BUFFER,1537,,,,1567744,held=6
6.911490,BUFFER,1538,,,,1567744,held=7
6.911757,BUFFER,1539,,,,1567744,held=8
6.911988,BUFFER,1540,,,,1567744,held=9
6.912310,BUFFER,1541,,,,1567744,held=10
6.912535,BUFFER,1542,,,,1567744,held=11
6.918064,BUFFER,1543,,,,1567744,held=12
6.918470,BUFFER,1544,,,,1567744,held=13
6.918798,BUFFER,1545,,,,1567744,held=14
6.919029,BUFFER,1546,,,,1567744,held=15
6.920195,BUFFER,1531,,,,1567744,held=16
6.920214,DELIVER,1531,,,,1568768,
6.920220,DELIVER,1532,,,,1569792,
6.920225,DELIVER,1533,,,,1570816,
6.920231,DELIVER,1534,,,,1571840,
6.920236,DELIVER,1535,,,,1572864,
6.920390,DELIVER,1536,,,,1573888,
6.920398,DELIVER,1537,,,,1574912,
6.920405,DELIVER,1538,,,,1575936,
6.920410,DELIVER,1539,,,,1576960,
6.920415,DELIVER,1540,,,,1577984,
6.920420,DELIVER,1541,,,,1579008,
6.920425,DELIVER,1542,,,,1580032,
6.920430,DELIVER,1543,,,,1581056,
6.920434,DELIVER,1544,,,,1582080,
6.920439,DELIVER,1545,,,,1583104,
6.920444,DELIVER,1546,,,,1584128,
6.923724,BUFFER,1547,,,,1584128,held=1
6.923750,DELIVER,1547,,,,1585152,
6.931748,BUFFER,1548,,,,1585152,held=1
6.931780,DELIVER,1548,,,,1586176,
6.938143,BUFFER,1549,,,,1586176,held=1
6.938164,DELIVER,1549,,,,1587200,
6.938416,BUFFER,1550,,,,1587200,held=1
6.938426,DELIVER,1550,,,,1588224,
6.945589,BUFFER,1551,,,,1588224,held=1
6.945615,DELIVER,1551,,,,1589248,
6.959147,BUFFER,1552,,,,1589248,held=1
6.959175,DELIVER,1552,,,,1590272,
6.959463,BUFFER,1553,,,,1590272,held=1
6.959474,DELIVER,1553,,,,1591296,
6.959749,BUFFER,1554,,,,1591296,held=1
6.959762,DELIVER,1554,,,,1592320,
6.960429,BUFFER,1555,,,,1592320,held=1
6.960441,DELIVER,1555,,,,1593344,
6.963749,BUFFER,1556,,,,1593344,held=1
6.963779,DELIVER,1556,,,,1594368,
6.964154,BUFFER,1557,,,,1594368,held=1
6.964168,DELIVER,1557,,,,1595392,
6.964417,BUFFER,1558,,,,1595392,held=1
6.964425,DELIVER,1558,,,,1596416,
6.967596,BUFFER,1559,,,,1596416,held=1
6.967616,DELIVER,1559,,,,1597440,
6.967884,BUFFER,1560,,,,1597440,held=1
6.967891,DELIVER,1560,,,,1598464,
6.973037,BUFFER,1561,,,,1598464,held=1
6.973060,DELIVER,1561,,,,1599488,
6.973529,BUFFER,1562,,,,1599488,held=1
6.973563,DELIVER,1562,,,,1600512,
6.974204,BUFFER,1563,,,,1600512,held=1
6.974219,DELIVER,1563,,,,1601536,
6.974942,BUFFER,1564,,,,1601536,held=1
6.975040,DELIVER,1564,,,,1602560,
6.982271,BUFFER,1565,,,,1602560,held=1
6.982287,DELIVER,1565,,,,1603584,
6.988926,BUFFER,1566,,,,1603584,held=1
6.988941,DELIVER,1566,,,,1604608,
6.989234,BUFFER,1567,,,,1604608,held=1
6.989243,DELIVER,1567,,,,1605632,
7.000969,BUFFER,1568,,,,1605632,held=1
7.000992,DELIVER,1568,,,,1606656,
7.001294,BUFFER,1570,,,,1606656,held=1
7.001316,NAK,1569,,,,1606656,
7.001711,BUFFER,1571,,,,1606656,held=2
7.009549,BUFFER,1572,,,,1606656,held=3
7.009838,BUFFER,1573,,,,1606656,held=4
7.010120,BUFFER,1574,,,,1606656,held=5
7.014139,BUFFER,1575,,,,1606656,held=6
7.014451,BUFFER,1576,,,,1606656,held=7
7.014751,DUP,1526,,,,1606656,
7.023361,BUFFER,1577,,,,1606656,held=8
7.023932,BUFFER,1578,,,,1606656,held=9
7.024300,BUFFER,1579,,,,1606656,held=10
7.025043,DUP,1545,,,,1606656,
7.039151,BUFFER,1580,,,,1606656,held=11
7.039478,BUFFER,1581,,,,1606656,held=12
7.039738,BUFFER,1582,,,,1606656,held=13
7.039977,BUFFER,1583,,,,1606656,held=14
7.042787,BUFFER,1584,,,,1606656,held=15
7.043011,BUFFER,1585,,,,1606656,held=16
7.046182,BUFFER,1569,,,,1606656,held=17
7.046195,DELIVER,1569,,,,1607680,
7.046201,DELIVER,1570,,,,1608704,
7.046206,DELIVER,1571,,,,1609728,
7.046212,DELIVER,1572,,,,1610752,
7.046216,DELIVER,1573,,,,1611776,
7.046221,DELIVER,1574,,,,1612800,
7.046226,DELIVER,1575,,,,1613824,
7.046230,DELIVER,1576,,,,1614848,
7.046235,DELIVER,1577,,,,1615872,
7.046240,DELIVER,1578,,,,1616896,
7.046244,DELIVER,1579,,,,1617920,
7.046249,DELIVER,1580,,,,1618944,
7.046253,DELIVER,1581,,,,1619968,
7.046258,DELIVER,1582,,,,1620992,
7.046262,DELIVER,1583,,,,1622016,
7.046266,DELIVER,1584,,,,1623040,
7.046271,DELIVER,1585,,,,1624064,
7.048763,BUFFER,1586,,,,1624064,held=1
7.048772,DELIVER,1586,,,,1625088,
7.049021,BUFFER,1587,,,,1625088,held=1
7.049028,DELIVER,1587,,,,1626112,
7.058670,BUFFER,1588,,,,1626112,held=1
7.058708,DELIVER,1588,,,,1627136,
7.059028,BUFFER,1589,,,,1627136,held=1
7.059040,DELIVER,1589,,,,1628160,
7.059306,BUFFER,1590,,,,1628160,held=1
7.059316,DELIVER,1590,,,,1629184,
7.059562,BUFFER,1591,,,,1629184,held=1
7.059571,DELIVER,1591,,,,1630208,
7.061274,BUFFER,1592,,,,1630208,held=1
7.061285,DELIVER,1592,,,,1631232,
7.067118,BUFFER,1593,,,,1631232,held=1
7.067140,DELIVER,1593,,,,1632256,
7.071255,DUP,1545,,,,1632256,
7.072516,BUFFER,1594,,,,1632256,held=1
7.072535,DELIVER,1594,,,,1633280,
7.072812,DUP,1563,,,,1633280,
7.075365,BUFFER,1595,,,,1633280,held=1
7.075393,DELIVER,1595,,,,1634304,
7.086826,DUP,1563,,,,1634304,
7.087082,BUFFER,1596,,,,1634304,held=1
7.087096,DELIVER,1596,,,,1635328,
7.087298,BUFFER,1597,,,,1635328,held=1
7.087310,DELIVER,1597,,,,1636352,
7.087533,BUFFER,1598,,,,1636352,held=1
7.087540,DELIVER,1598,,,,1637376,
7.087750,BUFFER,1599,,,,1637376,held=1
7.087758,DELIVER,1599,,,,1638400,
7.091456,BUFFER,1600,,,,1638400,held=1
7.091484,DELIVER,1600,,,,1639424,
7.092148,BUFFER,1601,,,,1639424,held=1
7.092163,DELIVER,1601,,,,1640448,
7.095186,BUFFER,1603,,,,1640448,held=1
7.095225,NAK,1602,,,,1640448,
7.095880,BUFFER,1604,,,,1640448,held=2
7.096184,BUFFER,1605,,,,1640448,held=3
7.100817,BUFFER,1607,,,,1640448,held=4
7.100856,NAK,1606,,,,1640448,
7.102344,BUFFER,1608,,,,1640448,held=5
7.102629,BUFFER,1609,,,,1640448,held=6
7.106415,BUFFER,1610,,,,1640448,held=7
7.116653,BUFFER,1611,,,,1640448,held=8
7.117687,BUFFER,1612,,,,1640448,held=9
7.122309,BUFFER,1613,,,,1640448,held=10
7.125789,BUFFER,1614,,,,1640448,held=11
7.132200,BUFFER,1615,,,,1640448,held=12
7.139771,BUFFER,1616,,,,1640448,held=13
7.140082,BUFFER,1617,,,,1640448,held=14
7.140365,BUFFER,1618,,,,1640448,held=15
7.140855,BUFFER,1619,,,,1640448,held=16
7.141114,BUFFER,1602,,,,1640448,held=17
7.141128,DELIVER,1602,,,,1641472,
7.141134,DELIVER,1603,,,,1642496,
7.141140,DELIVER,1604,,,,1643520,
7.141145,DELIVER,1605,,,,1644544,
7.145702,DUP,1602,,,,1644544,
7.146014,BUFFER,1620,,,,1644544,held=14
7.146260,BUFFER,1606,,,,1644544,held=15
7.146279,DELIVER,1606,,,,1645568,
7.146287,DELIVER,1607,,,,1646592,
7.146293,DELIVER,1608,,,,1647616,
7.146300,DELIVER,1609,,,,1648640,
7.146306,DELIVER,1610,,,,1649664,
7.146312,DELIVER,1611,,,,1650688,
7.146318,DELIVER,1612,,,,1651712,
7.146324,DELIVER,1613,,,,1652736,
7.146333,DELIVER,1614,,,,1653760,
7.146343,DELIVER,1615,,,,1654784,
7.146349,DELIVER,1616,,,,1655808,
7.146355,DELIVER,1617,,,,1656832,
7.146360,DELIVER,1618,,,,1657856,
7.146366,DELIVER,1619,,,,1658880,
7.146372,DELIVER,1620,,,,1659904,
7.153048,BUFFER,1621,,,,1659904,held=1
7.153076,DELIVER,1621,,,,1660928,
7.153302,BUFFER,1622,,,,1660928,held=1
7.153309,DELIVER,1622,,,,1661952,
7.153521,BUFFER,1623,,,,1661952,held=1
7.153575,DELIVER,1623,,,,1662976,
7.154003,BUFFER,1624,,,,1662976,held=1
7.154012,DELIVER,1624,,,,1664000,
7.154207,BUFFER,1625,,,,1664000,held=1
7.154214,DELIVER,1625,,,,1665024,
7.154461,BUFFER,1626,,,,1665024,held=1
7.154470,DELIVER,1626,,,,1666048,
7.157438,BUFFER,1627,,,,1666048,held=1
7.157461,DELIVER,1627,,,,1667072,
7.168175,BUFFER,1628,,,,1667072,held=1
7.168206,DELIVER,1628,,,,1668096,
7.168703,BUFFER,1629,,,,1668096,held=1
7.168746,DELIVER,1629,,,,1669120,
7.181991,BUFFER,1630,,,,1669120,held=1
7.182019,DELIVER,1630,,,,1670144,
7.188694,BUFFER,1631,,,,1670144,held=1
7.188733,DELIVER,1631,,,,1671168,
7.189366,BUFFER,1632,,,,1671168,held=1
7.189383,DELIVER,1632,,,,1672192,
7.196135,BUFFER,1633,,,,1672192,held=1
7.196166,DELIVER,1633,,,,1673216,
7.196579,BUFFER,1634,,,,1673216,held=1
7.196598,DELIVER,1634,,,,1674240,
7.197684,BUFFER,1635,,,,1674240,held=1
7.197736,DELIVER,1635,,,,1675264,
7.198093,BUFFER,1636,,,,1675264,held=1
7.198138,DELIVER,1636,,,,1676288,
7.198587,BUFFER,1637,,,,1676288,held=1
7.198835,DELIVER,1637,,,,1677312,
7.199348,DUP,1616,,,,1677312,
7.199623,BUFFER,1638,,,,1677312,held=1
7.199634,DELIVER,1638,,,,1678336,
7.199998,BUFFER,1639,,,,1678336,held=1
7.200017,DELIVER,1639,,,,1679360,
7.200335,BUFFER,1640,,,,1679360,held=1
7.200344,DELIVER,1640,,,,1680384,
7.200677,BUFFER,1641,,,,1680384,held=1
7.200690,DELIVER,1641,,,,1681408,
7.200986,BUFFER,1642,,,,1681408,held=1
7.200996,DELIVER,1642,,,,1682432,
7.207408,BUFFER,1643,,,,1682432,held=1
7.207425,DELIVER,1643,,,,1683456,
7.207772,BUFFER,1644,,,,1683456,held=1
7.207787,DELIVER,1644,,,,1684480,
7.208087,BUFFER,1645,,,,1684480,held=1
7.208099,DELIVER,1645,,,,1685504,
7.223469,BUFFER,1647,,,,1685504,held=1
7.223522,NAK,1646,,,,1685504,
7.225080,BUFFER,1648,,,,1685504,held=2
7.234737,BUFFER,1649,,,,1685504,held=3
7.235036,BUFFER,1651,,,,1685504,held=4
7.235060,NAK,1650,,,,1685504,
7.237767,BUFFER,1652,,,,1685504,held=5
7.239117,BUFFER,1653,,,,1685504,held=6
7.239397,BUFFER,1654,,,,1685504,held=7
7.249767,DUP,1634,,,,1685504,
7.250144,BUFFER,1655,,,,1685504,held=8
7.250468,BUFFER,1656,,,,1685504,held=9
7.251031,BUFFER,1657,,,,1685504,held=10
7.251278,BUFFER,1658,,,,1685504,held=11
7.257213,BUFFER,1659,,,,1685504,held=12
7.257767,BUFFER,1660,,,,1685504,held=13
7.258047,BUFFER,1661,,,,1685504,held=14
7.259661,BUFFER,1646,,,,1685504,held=15
7.259687,DELIVER,1646,,,,1686528,
7.259695,DELIVER,1647,,,,1687552,
7.259703,DELIVER,1648,,,,1688576,
7.259709,DELIVER,1649,,,,1689600,
7.276509,BUFFER,1662,,,,1689600,held=12
7.277137,BUFFER,1663,,,,1689600,held=13
7.279175,BUFFER,1664,,,,1689600,held=14
7.285814,BUFFER,1665,,,,1689600,held=15
7.285841,NAK,1650,,,,1689600,
7.286176,BUFFER,1666,,,,1689600,held=16
7.292891,DUP,1646,,,,1689600,
7.301162,BUFFER,1667,,,,1689600,held=17
7.301431,BUFFER,1668,,,,1689600,held=18
7.301848,BUFFER,1669,,,,1689600,held=19
7.302111,BUFFER,1670,,,,1689600,held=20
7.302391,BUFFER,1671,,,,1689600,held=21
7.302699,BUFFER,1672,,,,1689600,held=22
7.302979,BUFFER,1673,,,,1689600,held=23
7.308290,BUFFER,1674,,,,1689600,held=24
7.308672,BUFFER,1675,,,,1689600,held=25
7.322438,BUFFER,1676,,,,1689600,held=26
7.323092,DUP,1647,,,,1689600,
7.323344,BUFFER,1677,,,,1689600,held=27
7.323633,BUFFER,1678,,,,1689600,held=28
7.323887,BUFFER,1679,,,,1689600,held=29
7.337521,BUFFER,1680,,,,1689600,held=30
7.337550,NAK,1650,,,,1689600,
7.337809,BUFFER,1681,,,,1689600,held=31
7.341671,DUP,1654,,,,1689600,already buffered
7.357202,BUFFER,1682,,,,1689600,held=32
7.357672,BUFFER,1683,,,,1689600,held=33
7.358044,BUFFER,1684,,,,1689600,held=34
7.358335,BUFFER,1685,,,,1689600,held=35
7.358585,BUFFER,1686,,,,1689600,held=36
7.358835,BUFFER,1687,,,,1689600,held=37
7.359233,BUFFER,1689,,,,1689600,held=38
7.359260,NAK,1688,,,,1689600,
7.359497,BUFFER,1690,,,,1689600,held=39
7.367148,BUFFER,1691,,,,1689600,held=40
7.367621,BUFFER,1650,,,,1689600,held=41
7.367673,DELIVER,1650,,,,1690624,
7.367688,DELIVER,1651,,,,1691648,
7.367696,DELIVER,1652,,,,1692672,
7.367703,DELIVER,1653,,,,1693696,
7.367709,DELIVER,1654,,,,1694720,
7.367715,DELIVER,1655,,,,1695744,
7.367722,DELIVER,1656,,,,1696768,
7.367728,DELIVER,1657,,,,1697792,
7.367734,DELIVER,1658,,,,1698816,
7.367740,DELIVER,1659,,,,1699840,
7.367746,DELIVER,1660,,,,1700864,
7.367752,DELIVER,1661,,,,1701888,
7.367758,DELIVER,1662,,,,1702912,
7.367764,DELIVER,1663,,,,1703936,
7.367983,DELIVER,1664,,,,1704960,
7.367993,DELIVER,1665,,,,1705984,
7.367999,DELIVER,1666,,,,1707008,
7.368005,DELIVER,1667,,,,1708032,
7.368011,DELIVER,1668,,,,1709056,
7.368017,DELIVER,1669,,,,1710080,
7.368023,DELIVER,1670,,,,1711104,
7.368028,DELIVER,1671,,,,1712128,
7.368034,DELIVER,1672,,,,1713152,
7.368039,DELIVER,1673,,,,1714176,
7.368045,DELIVER,1674,,,,1715200,
7.368050,DELIVER,1675,,,,1716224,
7.368056,DELIVER,1676,,,,1717248,
7.368061,DELIVER,1677,,,,1718272,
7.368067,DELIVER,1678,,,,1719296,
7.368073,DELIVER,1679,,,,1720320,
7.368079,DELIVER,1680,,,,1721344,
7.368084,DELIVER,1681,,,,1722368,
7.368089,DELIVER,1682,,,,1723392,
7.368095,DELIVER,1683,,,,1724416,
7.368101,DELIVER,1684,,,,1725440,
7.368106,DELIVER,1685,,,,1726464,
7.368112,DELIVER,1686,,,,1727488,
7.368117,DELIVER,1687,,,,1728512,
7.372048,BUFFER,1692,,,,1728512,held=4
7.372380,BUFFER,1693,,,,1728512,held=5
7.376579,BUFFER,1695,,,,1728512,held=6
7.376623,NAK,1694,,,,1728512,
7.383051,BUFFER,1696,,,,1728512,held=7
7.388018,BUFFER,1697,,,,1728512,held=8
7.388404,BUFFER,1698,,,,1728512,held=9
7.388910,BUFFER,1699,,,,1728512,held=10
7.404922,BUFFER,1688,,,,1728512,held=11
7.405008,DELIVER,1688,,,,1729536,
7.405022,DELIVER,1689,,,,1730560,
7.405029,DELIVER,1690,,,,1731584,
7.405036,DELIVER,1691,,,,1732608,
7.405042,DELIVER,1692,,,,1733632,
7.405048,DELIVER,1693,,,,1734656,
7.406482,BUFFER,1700,,,,1734656,held=6
7.406799,BUFFER,1701,,,,1734656,held=7
7.407101,BUFFER,1702,,,,1734656,held=8
7.407419,BUFFER,1703,,,,1734656,held=9
7.411138,BUFFER,1704,,,,1734656,held=10
7.411430,BUFFER,1705,,,,1734656,held=11
7.412539,BUFFER,1706,,,,1734656,held=12
7.412833,BUFFER,1707,,,,1734656,held=13
7.413174,BUFFER,1708,,,,1734656,held=14
7.413445,BUFFER,1709,,,,1734656,held=15
7.413665,BUFFER,1710,,,,1734656,held=16
7.420486,DUP,1686,,,,1734656,
7.420779,BUFFER,1694,,,,1734656,held=17
7.420791,DELIVER,1694,,,,1735680,
7.420798,DELIVER,1695,,,,1736704,
7.420805,DELIVER,1696,,,,1737728,
7.420814,DELIVER,1697,,,,1738752,
7.420819,DELIVER,1698,,,,1739776,
7.420826,DELIVER,1699,,,,1740800,
7.420832,DELIVER,1700,,,,1741824,
7.420838,DELIVER,1701,,,,1742848,
7.420844,DELIVER,1702,,,,1743872,
7.420850,DELIVER,1703,,,,1744896,
7.420856,DELIVER,1704,,,,1745920,
7.420862,DELIVER,1705,,,,1746944,
7.420868,DELIVER,1706,,,,1747968,
7.420873,DELIVER,1707,,,,1748992,
7.420879,DELIVER,1708,,,,1750016,
7.420885,DELIVER,1709,,,,1751040,
7.420891,DELIVER,1710,,,,1752064,
7.429934,BUFFER,1711,,,,1752064,held=1
7.429961,DELIVER,1711,,,,1753088,
7.435504,BUFFER,1712,,,,1753088,held=1
7.435517,DELIVER,1712,,,,1754112,
7.440553,BUFFER,1713,,,,1754112,held=1
7.440568,DELIVER,1713,,,,1755136,
7.450590,BUFFER,1714,,,,1755136,held=1
7.450604,DELIVER,1714,,,,1756160,
7.451531,BUFFER,1715,,,,1756160,held=1
7.451540,DELIVER,1715,,,,1757184,
7.458928,BUFFER,1716,,,,1757184,held=1
7.458953,DELIVER,1716,,,,1758208,
7.460137,BUFFER,1717,,,,1758208,held=1
7.460321,DELIVER,1717,,,,1759232,
7.460611,BUFFER,1718,,,,1759232,held=1
7.460624,DELIVER,1718,,,,1760256,
7.461053,BUFFER,1719,,,,1760256,held=1
7.461065,DELIVER,1719,,,,1761280,
7.461526,BUFFER,1720,,,,1761280,held=1
7.461541,DELIVER,1720,,,,1762304,
7.461890,BUFFER,1721,,,,1762304,held=1
7.461903,DELIVER,1721,,,,1763328,
7.462987,BUFFER,1722,,,,1763328,held=1
7.463007,DELIVER,1722,,,,1764352,
7.463617,BUFFER,1723,,,,1764352,held=1
7.463632,DELIVER,1723,,,,1765376,
7.464727,BUFFER,1724,,,,1765376,held=1
7.464746,DELIVER,1724,,,,1766400,
7.465120,BUFFER,1725,,,,1766400,held=1
7.465131,DELIVER,1725,,,,1767424,
7.465452,BUFFER,1726,,,,1767424,held=1
7.465467,DELIVER,1726,,,,1768448,
7.467444,BUFFER,1727,,,,1768448,held=1
7.467454,DELIVER,1727,,,,1769472,
7.479363,BUFFER,1729,,,,1769472,held=1
7.479412,NAK,1728,,,,1769472,
7.479791,DUP,1697,,,,1769472,
7.481294,BUFFER,1730,,,,1769472,held=2
7.491660,BUFFER,1731,,,,1769472,held=3
7.502281,BUFFER,1732,,,,1769472,held=4
7.502568,BUFFER,1733,,,,1769472,held=5
7.507216,BUFFER,1734,,,,1769472,held=6
7.507554,BUFFER,1735,,,,1769472,held=7
7.508051,BUFFER,1736,,,,1769472,held=8
7.508595,BUFFER,1737,,,,1769472,held=9
7.508937,BUFFER,1738,,,,1769472,held=10
7.510978,BUFFER,1739,,,,1769472,held=11
7.513472,BUFFER,1740,,,,1769472,held=12
7.514319,BUFFER,1741,,,,1769472,held=13
7.514869,BUFFER,1743,,,,1769472,held=14
7.514914,NAK,1742,,,,1769472,
7.515247,BUFFER,1744,,,,1769472,held=15
7.516217,BUFFER,1745,,,,1769472,held=16
7.525956,BUFFER,1728,,,,1769472,held=17
7.525984,DELIVER,1728,,,,1770496,
7.525994,DELIVER,1729,,,,1771520,
7.526002,DELIVER,1730,,,,1772544,
7.526010,DELIVER,1731,,,,1773568,
7.526017,DELIVER,1732,,,,1774592,
7.526025,DELIVER,1733,,,,1775616,
7.526032,DELIVER,1734,,,,1776640,
7.526039,DELIVER,1735,,,,1777664,
7.526046,DELIVER,1736,,,,1778688,
7.526053,DELIVER,1737,,,,1779712,
7.526061,DELIVER,1738,,,,1780736,
7.526069,DELIVER,1739,,,,1781760,
7.526078,DELIVER,1740,,,,1782784,
7.526086,DELIVER,1741,,,,1783808,
7.526489,BUFFER,1746,,,,1783808,held=4
7.526921,BUFFER,1747,,,,1783808,held=5
7.533801,BUFFER,1748,,,,1783808,held=6
7.546422,DUP,1728,,,,1783808,
7.552128,BUFFER,1749,,,,1783808,held=7
7.552534,BUFFER,1750,,,,1783808,held=8
7.556826,BUFFER,1751,,,,1783808,held=9
7.565236,BUFFER,1752,,,,1783808,held=10
7.565640,BUFFER,1753,,,,1783808,held=11
7.565661,NAK,1742,,,,1783808,
7.566039,BUFFER,1754,,,,1783808,held=12
7.566703,BUFFER,1755,,,,1783808,held=13
7.567180,BUFFER,1756,,,,1783808,held=14
7.567438,BUFFER,1757,,,,1783808,held=15
7.567647,BUFFER,1742,,,,1783808,held=16
7.567659,DELIVER,1742,,,,1784832,
7.567665,DELIVER,1743,,,,1785856,
7.567671,DELIVER,1744,,,,1786880,
7.567676,DELIVER,1745,,,,1787904,
7.567681,DELIVER,1746,,,,1788928,
7.567686,DELIVER,1747,,,,1789952,
7.567690,DELIVER,1748,,,,1790976,
7.567695,DELIVER,1749,,,,1792000,
7.567700,DELIVER,1750,,,,1793024,
7.567705,DELIVER,1751,,,,1794048,
7.568002,DELIVER,1752,,,,1795072,
7.568011,DELIVER,1753,,,,1796096,
7.568016,DELIVER,1754,,,,1797120,
7.568021,DELIVER,1755,,,,1798144,
7.568026,DELIVER,1756,,,,1799168,
7.568030,DELIVER,1757,,,,1800192,
7.568472,BUFFER,1758,,,,1800192,held=1
7.568488,DELIVER,1758,,,,1801216,
7.568829,BUFFER,1759,,,,1801216,held=1
7.568840,DELIVER,1759,,,,1802240,
7.569039,BUFFER,1760,,,,1802240,held=1
7.569047,DELIVER,1760,,,,1803264,
7.571652,BUFFER,1761,,,,1803264,held=1
7.571671,DELIVER,1761,,,,1804288,
7.571918,DUP,1729,,,,1804288,
7.572246,BUFFER,1762,,,,1804288,held=1
7.572259,DELIVER,1762,,,,1805312,
7.573653,BUFFER,1763,,,,1805312,held=1
7.573666,DELIVER,1763,,,,1806336,
7.582772,BUFFER,1764,,,,1806336,held=1
7.582800,DELIVER,1764,,,,1807360,
7.585793,BUFFER,1765,,,,1807360,held=1
7.585849,DELIVER,1765,,,,1808384,
7.596412,BUFFER,1766,,,,1808384,held=1
7.596446,DELIVER,1766,,,,1809408,
7.597040,BUFFER,1767,,,,1809408,held=1
7.597059,DELIVER,1767,,,,1810432,
7.607531,BUFFER,1768,,,,1810432,held=1
7.607560,DELIVER,1768,,,,1811456,
7.614249,DUP,1742,,,,1811456,
7.614567,BUFFER,1769,,,,1811456,held=1
7.614598,DELIVER,1769,,,,1812480,
7.614888,BUFFER,1770,,,,1812480,held=1
7.614903,DELIVER,1770,,,,1813504,
7.615916,BUFFER,1771,,,,1813504,held=1
7.615931,DELIVER,1771,,,,1814528,
7.616908,BUFFER,1772,,,,1814528,held=1
7.617048,DELIVER,1772,,,,1815552,
7.617344,BUFFER,1773,,,,1815552,held=1
7.617353,DELIVER,1773,,,,1816576,
7.617584,BUFFER,1774,,,,1816576,held=1
7.617594,DELIVER,1774,,,,1817600,
7.617878,BUFFER,1775,,,,1817600,held=1
7.617894,DELIVER,1775,,,,1818624,
7.624333,BUFFER,1776,,,,1818624,held=1
7.624356,DELIVER,1776,,,,1819648,
7.624615,BUFFER,1777,,,,1819648,held=1
7.624624,DELIVER,1777,,,,1820672,
7.624848,BUFFER,1778,,,,1820672,held=1
7.624856,DELIVER,1778,,,,1821696,
7.625155,BUFFER,1779,,,,1821696,held=1
7.625164,DELIVER,1779,,,,1822720,
7.625613,BUFFER,1780,,,,1822720,held=1
7.625654,DELIVER,1780,,,,1823744,
7.625897,BUFFER,1781,,,,1823744,held=1
7.625908,DELIVER,1781,,,,1824768,
7.626226,BUFFER,1782,,,,1824768,held=1
7.626240,DELIVER,1782,,,,1825792,
7.632217,BUFFER,1783,,,,1825792,held=1
7.632245,DELIVER,1783,,,,1826816,
7.642680,DUP,1764,,,,1826816,
7.652603,BUFFER,1784,,,,1826816,held=1
7.652635,DELIVER,1784,,,,1827840,
7.662225,BUFFER,1785,,,,1827840,held=1
7.662250,DELIVER,1785,,,,1828864,
7.662762,BUFFER,1786,,,,1828864,held=1
7.662779,DELIVER,1786,,,,1829888,
7.663168,BUFFER,1787,,,,1829888,held=1
7.663185,DELIVER,1787,,,,1830912,
7.669639,BUFFER,1788,,,,1830912,held=1
7.669671,DELIVER,1788,,,,1831936,
7.669964,BUFFER,1789,,,,1831936,held=1
7.669973,DELIVER,1789,,,,1832960,
7.670272,BUFFER,1790,,,,1832960,held=1
7.670285,DELIVER,1790,,,,1833984,
7.670567,BUFFER,1791,,,,1833984,held=1
7.670577,DELIVER,1791,,,,1835008,
7.670881,BUFFER,1792,,,,1835008,held=1
7.671071,DELIVER,1792,,,,1836032,
7.671378,BUFFER,1793,,,,1836032,held=1
7.671388,DELIVER,1793,,,,1837056,
7.671719,BUFFER,1794,,,,1837056,held=1
7.671732,DELIVER,1794,,,,1838080,
7.672016,BUFFER,1795,,,,1838080,held=1
7.672026,DELIVER,1795,,,,1839104,
7.674494,BUFFER,1796,,,,1839104,held=1
7.674516,DELIVER,1796,,,,1840128,
7.674908,BUFFER,1797,,,,1840128,held=1
7.674918,DELIVER,1797,,,,1841152,
7.681371,BUFFER,1798,,,,1841152,held=1
7.681402,DELIVER,1798,,,,1842176,
7.682457,BUFFER,1799,,,,1842176,held=1
7.682484,DELIVER,1799,,,,1843200,
7.685416,BUFFER,1800,,,,1843200,held=1
7.685442,DELIVER,1800,,,,1844224,
7.708221,DUP,1774,,,,1844224,
7.708469,BUFFER,1801,,,,1844224,held=1
7.708481,DELIVER,1801,,,,1845248,
7.708686,BUFFER,1802,,,,1845248,held=1
7.708693,DELIVER,1802,,,,1846272,
7.708910,BUFFER,1803,,,,1846272,held=1
7.708918,DELIVER,1803,,,,1847296,
7.713324,BUFFER,1804,,,,1847296,held=1
7.713343,DELIVER,1804,,,,1848320,
7.719072,BUFFER,1805,,,,1848320,held=1
7.719095,DELIVER,1805,,,,1849344,
7.719345,BUFFER,1806,,,,1849344,held=1
7.719354,DELIVER,1806,,,,1850368,
7.722243,BUFFER,1807,,,,1850368,held=1
7.722287,DELIVER,1807,,,,1851392,
7.722581,BUFFER,1808,,,,1851392,held=1
7.722595,DELIVER,1808,,,,1852416,
7.722868,BUFFER,1809,,,,1852416,held=1
7.722881,DELIVER,1809,,,,1853440,
7.723166,BUFFER,1810,,,,1853440,held=1
7.723177,DELIVER,1810,,,,1854464,
7.724341,BUFFER,1811,,,,1854464,held=1
7.724360,DELIVER,1811,,,,1855488,
7.724587,BUFFER,1812,,,,1855488,held=1
7.724596,DELIVER,1812,,,,1856512,
7.724892,BUFFER,1813,,,,1856512,held=1
7.724901,DELIVER,1813,,,,1857536,
7.729297,BUFFER,1814,,,,1857536,held=1
7.729321,DELIVER,1814,,,,1858560,
7.730318,BUFFER,1815,,,,1858560,held=1
7.730341,DELIVER,1815,,,,1859584,
7.757229,BUFFER,1816,,,,1859584,held=1
7.757254,DELIVER,1816,,,,1860608,
7.759067,BUFFER,1817,,,,1860608,held=1
7.759097,DELIVER,1817,,,,1861632,
7.759397,BUFFER,1819,,,,1861632,held=1
7.759432,NAK,1818,,,,1861632,
7.759706,BUFFER,1820,,,,1861632,held=2
7.759953,DUP,1784,,,,1861632,
7.771229,BUFFER,1821,,,,1861632,held=3
7.771537,BUFFER,1822,,,,1861632,held=4
7.771820,BUFFER,1823,,,,1861632,held=5
7.772813,BUFFER,1824,,,,1861632,held=6
7.773128,BUFFER,1825,,,,1861632,held=7
7.773607,BUFFER,1826,,,,1861632,held=8
7.773882,BUFFER,1827,,,,1861632,held=9
7.774168,BUFFER,1828,,,,1861632,held=10
7.776802,BUFFER,1829,,,,1861632,held=11
7.777802,BUFFER,1830,,,,1861632,held=12
7.778395,DUP,1799,,,,1861632,
7.807378,BUFFER,1818,,,,1861632,held=13
7.807409,DELIVER,1818,,,,1862656,
7.807416,DELIVER,1819,,,,1863680,
7.807423,DELIVER,1820,,,,1864704,
7.807431,DELIVER,1821,,,,1865728,
7.807437,DELIVER,1822,,,,1866752,
7.807443,DELIVER,1823,,,,1867776,
7.807447,DELIVER,1824,,,,1868800,
7.807452,DELIVER,1825,,,,1869824,
7.807457,DELIVER,1826,,,,1870848,
7.807462,DELIVER,1827,,,,1871872,
7.807468,DELIVER,1828,,,,1872896,
7.807473,DELIVER,1829,,,,1873920,
7.807479,DELIVER,1830,,,,1874944,
7.807728,BUFFER,1831,,,,1874944,held=1
7.807735,DELIVER,1831,,,,1875968,
7.808002,BUFFER,1832,,,,1875968,held=1
7.808013,DELIVER,1832,,,,1876992,
7.808262,BUFFER,1833,,,,1876992,held=1
7.808273,DELIVER,1833,,,,1878016,
7.808512,DUP,1774,,,,1878016,
7.818281,BUFFER,1834,,,,1878016,held=1
7.818307,DELIVER,1834,,,,1879040,
7.820119,BUFFER,1835,,,,1879040,held=1
7.820150,DELIVER,1835,,,,1880064,
7.820462,BUFFER,1836,,,,1880064,held=1
7.820475,DELIVER,1836,,,,1881088,
7.820803,BUFFER,1837,,,,1881088,held=1
7.820816,DELIVER,1837,,,,1882112,
7.824950,BUFFER,1839,,,,1882112,held=1
7.824990,NAK,1838,,,,1882112,
7.825335,BUFFER,1840,,,,1882112,held=2
7.825652,BUFFER,1841,,,,1882112,held=3
7.826107,BUFFER,1842,,,,1882112,held=4
7.826485,BUFFER,1843,,,,1882112,held=5
7.827907,BUFFER,1844,,,,1882112,held=6
7.828172,BUFFER,1845,,,,1882112,held=7
7.828407,DUP,1811,,,,1882112,
7.851062,BUFFER,1846,,,,1882112,held=8
7.851387,BUFFER,1847,,,,1882112,held=9
7.857981,BUFFER,1848,,,,1882112,held=10
7.860807,BUFFER,1849,,,,1882112,held=11
7.861068,DUP,1819,,,,1882112,
7.867544,DUP,1820,,,,1882112,
7.870111,BUFFER,1838,,,,1882112,held=12
7.870135,DELIVER,1838,,,,1883136,
7.870142,DELIVER,1839,,,,1884160,
7.870147,DELIVER,1840,,,,1885184,
7.870153,DELIVER,1841,,,,1886208,
7.870157,DELIVER,1842,,,,1887232,
7.870162,DELIVER,1843,,,,1888256,
7.870167,DELIVER,1844,,,,1889280,
7.870171,DELIVER,1845,,,,1890304,
7.870176,DELIVER,1846,,,,1891328,
7.870181,DELIVER,1847,,,,1892352,
7.870376,DELIVER,1848,,,,1893376,
7.870396,DELIVER,1849,,,,1894400,
7.871547,BUFFER,1850,,,,1894400,held=1
7.871564,DELIVER,1850,,,,1895424,
7.871852,BUFFER,1851,,,,1895424,held=1
7.871863,DELIVER,1851,,,,1896448,
7.872066,BUFFER,1852,,,,1896448,held=1
7.872074,DELIVER,1852,,,,1897472,
7.877264,BUFFER,1853,,,,1897472,held=1
7.877278,DELIVER,1853,,,,1898496,
7.878946,BUFFER,1854,,,,1898496,held=1
7.878960,DELIVER,1854,,,,1899520,
7.879224,BUFFER,1855,,,,1899520,held=1
7.879232,DELIVER,1855,,,,1900544,
7.879487,BUFFER,1856,,,,1900544,held=1
7.879494,DELIVER,1856,,,,1901568,
7.880614,BUFFER,1857,,,,1901568,held=1
7.880624,DELIVER,1857,,,,1902592,
7.880905,BUFFER,1858,,,,1902592,held=1
7.880913,DELIVER,1858,,,,1903616,
7.882159,BUFFER,1859,,,,1903616,held=1
7.882167,DELIVER,1859,,,,1904640,
7.899389,BUFFER,1860,,,,1904640,held=1
7.899415,DELIVER,1860,,,,1905664,
7.899748,DUP,1818,,,,1905664,
7.900073,BUFFER,1861,,,,1905664,held=1
7.900089,DELIVER,1861,,,,1906688,
7.900550,BUFFER,1862,,,,1906688,held=1
7.900573,DELIVER,1862,,,,1907712,
7.901071,BUFFER,1863,,,,1907712,held=1
7.901123,DELIVER,1863,,,,1908736,
7.907007,BUFFER,1864,,,,1908736,held=1
7.907032,DELIVER,1864,,,,1909760,
7.915287,BUFFER,1865,,,,1909760,held=1
7.915355,DELIVER,1865,,,,1910784,
7.916425,BUFFER,1866,,,,1910784,held=1
7.916481,DELIVER,1866,,,,1911808,
7.919779,BUFFER,1867,,,,1911808,held=1
7.919811,DELIVER,1867,,,,1912832,
7.920118,BUFFER,1868,,,,1912832,held=1
7.920128,DELIVER,1868,,,,1913856,
7.924178,BUFFER,1869,,,,1913856,held=1
7.924202,DELIVER,1869,,,,1914880,
7.924502,BUFFER,1870,,,,1914880,held=1
7.924515,DELIVER,1870,,,,1915904,
7.924775,BUFFER,1871,,,,1915904,held=1
7.924784,DELIVER,1871,,,,1916928,
7.928379,BUFFER,1872,,,,1916928,held=1
7.928399,DELIVER,1872,,,,1917952,
7.928671,BUFFER,1873,,,,1917952,held=1
7.928679,DELIVER,1873,,,,1918976,
7.929009,BUFFER,1875,,,,1918976,held=1
7.929035,NAK,1874,,,,1918976,
7.942813,BUFFER,1876,,,,1918976,held=2
7.947219,DUP,1847,,,,1918976,
7.947574,BUFFER,1877,,,,1918976,held=3
7.948138,BUFFER,1878,,,,1918976,held=4
7.949856,BUFFER,1879,,,,1918976,held=5
7.951623,BUFFER,1880,,,,1918976,held=6
7.952009,BUFFER,1881,,,,1918976,held=7
7.960860,BUFFER,1882,,,,1918976,held=8
7.961160,BUFFER,1883,,,,1918976,held=9
7.961467,DUP,1849,,,,1918976,
7.961741,BUFFER,1884,,,,1918976,held=10
7.961999,BUFFER,1885,,,,1918976,held=11
7.964775,BUFFER,1886,,,,1918976,held=12
7.966440,BUFFER,1887,,,,1918976,held=13
7.971432,BUFFER,1888,,,,1918976,held=14
7.981215,BUFFER,1889,,,,1918976,held=15
7.981234,NAK,1874,,,,1918976,
7.981552,BUFFER,1891,,,,1918976,held=16
7.981581,NAK,1890,,,,1918976,
7.981844,BUFFER,1874,,,,1918976,held=17
7.981855,DELIVER,1874,,,,1920000,
7.981863,DELIVER,1875,,,,1921024,
7.981869,DELIVER,1876,,,,1922048,
7.981875,DELIVER,1877,,,,1923072,
7.981883,DELIVER,1878,,,,1924096,
7.981889,DELIVER,1879,,,,1925120,
7.981895,DELIVER,1880,,,,1926144,
7.981900,DELIVER,1881,,,,1927168,
7.981906,DELIVER,1882,,,,1928192,
7.981912,DELIVER,1883,,,,1929216,
7.981918,DELIVER,1884,,,,1930240,
7.981924,DELIVER,1885,,,,1931264,
7.981931,DELIVER,1886,,,,1932288,
7.981936,DELIVER,1887,,,,1933312,
7.981942,DELIVER,1888,,,,1934336,
7.981949,DELIVER,1889,,,,1935360,
7.982464,BUFFER,1892,,,,1935360,held=2
7.998504,BUFFER,1893,,,,1935360,held=3
7.998760,BUFFER,1894,,,,1935360,held=4
7.999183,BUFFER,1895,,,,1935360,held=5
7.999543,DUP,1849,,,,1935360,
8.000355,BUFFER,1896,,,,1935360,held=6
8.000633,BUFFER,1897,,,,1935360,held=7
8.003973,BUFFER,1898,,,,1935360,held=8
8.004295,BUFFER,1899,,,,1935360,held=9
8.004568,BUFFER,1900,,,,1935360,held=10
8.009597,BUFFER,1901,,,,1935360,held=11
8.009822,BUFFER,1902,,,,1935360,held=12
8.010206,BUFFER,1903,,,,1935360,held=13
8.011322,BUFFER,1904,,,,1935360,held=14
8.011711,DUP,1870,,,,1935360,
8.028814,DUP,1874,,,,1935360,
8.029141,BUFFER,1890,,,,1935360,held=15
8.029161,DELIVER,1890,,,,1936384,
8.029171,DELIVER,1891,,,,1937408,
8.029177,DELIVER,1892,,,,1938432,
8.029185,DELIVER,1893,,,,1939456,
8.029190,DELIVER,1894,,,,1940480,
8.029195,DELIVER,1895,,,,1941504,
8.029200,DELIVER,1896,,,,1942528,
8.029204,DELIVER,1897,,,,1943552,
8.029213,DELIVER,1898,,,,1944576,
8.029218,DELIVER,1899,,,,1945600,
8.029230,DELIVER,1900,,,,1946624,
8.029234,DELIVER,1901,,,,1947648,
8.029286,DELIVER,1902,,,,1948672,
8.029436,DELIVER,1903,,,,1949696,
8.029444,DELIVER,1904,,,,1950720,
8.029968,BUFFER,1905,,,,1950720,held=1
8.029980,DELIVER,1905,,,,1951744,
8.030854,BUFFER,1906,,,,1951744,held=1
8.030874,DELIVER,1906,,,,1952768,
8.031201,BUFFER,1907,,,,1952768,held=1
8.031211,DELIVER,1907,,,,1953792,
8.039802,BUFFER,1908,,,,1953792,held=1
8.039830,DELIVER,1908,,,,1954816,
8.045599,BUFFER,1909,,,,1954816,held=1
8.045633,DELIVER,1909,,,,1955840,
8.046036,BUFFER,1910,,,,1955840,held=1
8.046050,DELIVER,1910,,,,1956864,
8.046354,BUFFER,1911,,,,1956864,held=1
8.046364,DELIVER,1911,,,,1957888,
8.046676,BUFFER,1912,,,,1957888,held=1
8.046704,DELIVER,1912,,,,1958912,
8.047118,BUFFER,1913,,,,1958912,held=1
8.047140,DELIVER,1913,,,,1959936,
8.049006,BUFFER,1914,,,,1959936,held=1
8.049027,DELIVER,1914,,,,1960960,
8.053853,BUFFER,1915,,,,1960960,held=1
8.053994,DELIVER,1915,,,,1961984,
8.065135,BUFFER,1916,,,,1961984,held=1
8.065549,DELIVER,1916,,,,1963008,
8.065914,BUFFER,1917,,,,1963008,held=1
8.065924,DELIVER,1917,,,,1964032,
8.066210,BUFFER,1918,,,,1964032,held=1
8.066223,DELIVER,1918,,,,1965056,
8.066520,BUFFER,1919,,,,1965056,held=1
8.066530,DELIVER,1919,,,,1966080,
8.066763,DUP,1884,,,,1966080,
8.067001,BUFFER,1920,,,,1966080,held=1
8.067205,DELIVER,1920,,,,1967104,
8.079613,BUFFER,1921,,,,1967104,held=1
8.079640,DELIVER,1921,,,,1968128,
8.079961,DUP,1884,,,,1968128,
8.080343,BUFFER,1922,,,,1968128,held=1
8.080357,DELIVER,1922,,,,1969152,
8.080672,BUFFER,1923,,,,1969152,held=1
8.080685,DELIVER,1923,,,,1970176,
8.084069,BUFFER,1924,,,,1970176,held=1
8.084184,DELIVER,1924,,,,1971200,
8.091241,BUFFER,1926,,,,1971200,held=1
8.091281,NAK,1925,,,,1971200,
8.095373,BUFFER,1927,,,,1971200,held=2
8.095927,BUFFER,1928,,,,1971200,held=3
8.098327,BUFFER,1929,,,,1971200,held=4
8.098665,BUFFER,1930,,,,1971200,held=5
8.098975,BUFFER,1931,,,,1971200,held=6
8.099257,BUFFER,1932,,,,1971200,held=7
8.111555,BUFFER,1933,,,,1971200,held=8
8.111953,DUP,1899,,,,1971200,
8.114965,BUFFER,1934,,,,1971200,held=9
8.115283,BUFFER,1936,,,,1971200,held=10
8.115306,NAK,1935,,,,1971200,
8.115631,BUFFER,1937,,,,1971200,held=11
8.115918,BUFFER,1938,,,,1971200,held=12
8.116533,BUFFER,1939,,,,1971200,held=13
8.123668,DUP,1896,,,,1971200,
8.135875,BUFFER,1941,,,,1971200,held=14
8.135899,NAK,1940,,,,1971200,
8.140886,BUFFER,1925,,,,1971200,held=15
8.140901,DELIVER,1925,,,,1972224,
8.140907,DELIVER,1926,,,,1973248,
8.140912,DELIVER,1927,,,,1974272,
8.140916,DELIVER,1928,,,,1975296,
8.140920,DELIVER,1929,,,,1976320,
8.140925,DELIVER,1930,,,,1977344,
8.140930,DELIVER,1931,,,,1978368,
8.140934,DELIVER,1932,,,,1979392,
8.140938,DELIVER,1933,,,,1980416,
8.140943,DELIVER,1934,,,,1981440,
8.141796,BUFFER,1942,,,,1981440,held=6
8.142023,BUFFER,1943,,,,1981440,held=7
8.150024,BUFFER,1944,,,,1981440,held=8
8.150258,BUFFER,1945,,,,1981440,held=9
8.151561,BUFFER,1946,,,,1981440,held=10
8.151905,BUFFER,1947,,,,1981440,held=11
8.159234,BUFFER,1948,,,,1981440,held=12
8.159480,BUFFER,1950,,,,1981440,held=13
8.159494,NAK,1949,,,,1981440,
8.159662,BUFFER,1951,,,,1981440,held=14
8.160439,BUFFER,1952,,,,1981440,held=15
8.164780,BUFFER,1935,,,,1981440,held=16
8.164789,DELIVER,1935,,,,1982464,
8.164794,DELIVER,1936,,,,1983488,
8.164798,DELIVER,1937,,,,1984512,
8.164802,DELIVER,1938,,,,1985536,
8.164806,DELIVER,1939,,,,1986560,
8.164980,BUFFER,1953,,,,1986560,held=12
8.165384,BUFFER,1954,,,,1986560,held=13
8.165587,BUFFER,1955,,,,1986560,held=14
8.167982,BUFFER,1956,,,,1986560,held=15
8.184421,DUP,1923,,,,1986560,
8.185234,BUFFER,1940,,,,1986560,held=16
8.185244,DELIVER,1940,,,,1987584,
8.185250,DELIVER,1941,,,,1988608,
8.185255,DELIVER,1942,,,,1989632,
8.185260,DELIVER,1943,,,,1990656,
8.185264,DELIVER,1944,,,,1991680,
8.185269,DELIVER,1945,,,,1992704,
8.185274,DELIVER,1946,,,,1993728,
8.185278,DELIVER,1947,,,,1994752,
8.185282,DELIVER,1948,,,,1995776,
8.185486,DUP,1923,,,,1995776,
8.190057,BUFFER,1957,,,,1995776,held=8
8.192828,BUFFER,1958,,,,1995776,held=9
8.193059,DUP,1924,,,,1995776,
8.193282,BUFFER,1959,,,,1995776,held=10
8.199499,BUFFER,1961,,,,1995776,held=11
8.199515,NAK,1960,,,,1995776,
8.199746,BUFFER,1962,,,,1995776,held=12
8.210010,BUFFER,1949,,,,1995776,held=13
8.210020,DELIVER,1949,,,,1996800,
8.210025,DELIVER,1950,,,,1997824,
8.210030,DELIVER,1951,,,,1998848,
8.210034,DELIVER,1952,,,,1999872,
8.210039,DELIVER,1953,,,,2000896,
8.210043,DELIVER,1954,,,,2001920,
8.210048,DELIVER,1955,,,,2002944,
8.210053,DELIVER,1956,,,,2003968,
8.210058,DELIVER,1957,,,,2004992,
8.210062,DELIVER,1958,,,,2006016,
8.210067,DELIVER,1959,,,,2007040,
8.211154,BUFFER,1964,,,,2007040,held=3
8.211167,NAK,1963,,,,2007040,
8.211365,BUFFER,1965,,,,2007040,held=4
8.211552,BUFFER,1966,,,,2007040,held=5
8.211737,BUFFER,1967,,,,2007040,held=6
8.214927,BUFFER,1968,,,,2007040,held=7
8.216689,BUFFER,1969,,,,2007040,held=8
8.234677,BUFFER,1970,,,,2007040,held=9
8.237652,BUFFER,1971,,,,2007040,held=10
8.239302,BUFFER,1972,,,,2007040,held=11
8.239532,BUFFER,1973,,,,2007040,held=12
8.239757,BUFFER,1974,,,,2007040,held=13
8.239984,BUFFER,1975,,,,2007040,held=14
8.244059,BUFFER,1960,,,,2007040,held=15
8.244068,DELIVER,1960,,,,2008064,
8.244075,DELIVER,1961,,,,2009088,
8.244080,DELIVER,1962,,,,2010112,
8.244281,DUP,1940,,,,2010112,
8.250861,BUFFER,1976,,,,2010112,held=13
8.251081,BUFFER,1977,,,,2010112,held=14
8.260337,BUFFER,1978,,,,2010112,held=15
8.260595,DUP,1950,,,,2010112,
8.260816,BUFFER,1963,,,,2010112,held=16
8.260824,DELIVER,1963,,,,2011136,
8.260829,DELIVER,1964,,,,2012160,
8.260834,DELIVER,1965,,,,2013184,
8.260839,DELIVER,1966,,,,2014208,
8.260843,DELIVER,1967,,,,2015232,
8.260848,DELIVER,1968,,,,2016256,
8.260852,DELIVER,1969,,,,2017280,
8.260856,DELIVER,1970,,,,2018304,
8.260861,DELIVER,1971,,,,2019328,
8.260867,DELIVER,1972,,,,2020352,
8.260872,DELIVER,1973,,,,2021376,
8.260876,DELIVER,1974,,,,2022400,
8.260881,DELIVER,1975,,,,2023424,
8.260885,DELIVER,1976,,,,2024448,
8.260889,DELIVER,1977,,,,2025472,
8.260894,DELIVER,1978,,,,2026496,
8.261094,BUFFER,1979,,,,2026496,held=1
8.261100,DELIVER,1979,,,,2027520,
8.261416,BUFFER,1980,,,,2027520,held=1
8.261423,DELIVER,1980,,,,2028544,
8.261641,BUFFER,1981,,,,2028544,held=1
8.261647,DELIVER,1981,,,,2029568,
8.261877,BUFFER,1982,,,,2029568,held=1
8.261884,DELIVER,1982,,,,2030592,
8.262154,BUFFER,1983,,,,2030592,held=1
8.262163,DELIVER,1983,,,,2031616,
8.262450,BUFFER,1984,,,,2031616,held=1
8.262457,DELIVER,1984,,,,2032640,
8.270695,DUP,1956,,,,2032640,
8.280662,BUFFER,1986,,,,2032640,held=1
8.280696,NAK,1985,,,,2032640,
8.283918,BUFFER,1987,,,,2032640,held=2
8.284393,BUFFER,1988,,,,2032640,held=3
8.286908,BUFFER,1989,,,,2032640,held=4
8.291871,BUFFER,1990,,,,2032640,held=5
8.292190,BUFFER,1991,,,,2032640,held=6
8.297467,BUFFER,1992,,,,2032640,held=7
8.298214,BUFFER,1993,,,,2032640,held=8
8.298506,BUFFER,1994,,,,2032640,held=9
8.305733,DUP,1950,,,,2032640,
8.305983,BUFFER,1995,,,,2032640,held=10
8.306227,BUFFER,1996,,,,2032640,held=11
8.306456,BUFFER,1997,,,,2032640,held=12
8.306951,BUFFER,1998,,,,2032640,held=13
8.311610,BUFFER,1999,,,,2032640,held=14
8.312383,DUP,1956,,,,2032640,
8.312666,BUFFER,2000,,,,2032640,held=15
8.314058,BUFFER,2001,,,,2032640,held=16
8.314352,BUFFER,2002,,,,2032640,held=17
8.314624,BUFFER,2003,,,,2032640,held=18
8.314843,BUFFER,2004,,,,2032640,held=19
8.316576,BUFFER,2005,,,,2032640,held=20
8.319598,BUFFER,1985,,,,2032640,held=21
8.319610,DELIVER,1985,,,,2033664,
8.319616,DELIVER,1986,,,,2034688,
8.319620,DELIVER,1987,,,,2035712,
8.319625,DELIVER,1988,,,,2036736,
8.319629,DELIVER,1989,,,,2037760,
8.319633,DELIVER,1990,,,,2038784,
8.319637,DELIVER,1991,,,,2039808,
8.319641,DELIVER,1992,,,,2040832,
8.319647,DELIVER,1993,,,,2041856,
8.319651,DELIVER,1994,,,,2042880,
8.319655,DELIVER,1995,,,,2043904,
8.319659,DELIVER,1996,,,,2044928,
8.319663,DELIVER,1997,,,,2045952,
8.319668,DELIVER,1998,,,,2046976,
8.319671,DELIVER,1999,,,,2048000,
8.319675,DELIVER,2000,,,,2049024,
8.319679,DELIVER,2001,,,,2050048,
8.319683,DELIVER,2002,,,,2051072,
8.319687,DELIVER,2003,,,,2052096,
8.319691,DELIVER,2004,,,,2053120,
8.319695,DELIVER,2005,,,,2054144,
8.322253,DUP,1985,,,,2054144,
8.328941,BUFFER,2006,,,,2054144,held=1
8.329000,DELIVER,2006,,,,2055168,
8.334198,BUFFER,2007,,,,2055168,held=1
8.334221,DELIVER,2007,,,,2056192,
8.334505,BUFFER,2008,,,,2056192,held=1
8.334517,DELIVER,2008,,,,2057216,
8.334750,BUFFER,2009,,,,2057216,held=1
8.334762,DELIVER,2009,,,,2058240,
8.349454,BUFFER,2010,,,,2058240,held=1
8.349476,DELIVER,2010,,,,2059264,
8.349730,BUFFER,2011,,,,2059264,held=1
8.349742,DELIVER,2011,,,,2060288,
8.349968,BUFFER,2012,,,,2060288,held=1
8.349976,DELIVER,2012,,,,2061312,
8.350482,BUFFER,2013,,,,2061312,held=1
8.350499,DELIVER,2013,,,,2062336,
8.350816,BUFFER,2014,,,,2062336,held=1
8.350825,DELIVER,2014,,,,2063360,
8.351053,BUFFER,2015,,,,2063360,held=1
8.351061,DELIVER,2015,,,,2064384,
8.351283,BUFFER,2016,,,,2064384,held=1
8.351291,DELIVER,2016,,,,2065408,
8.351561,BUFFER,2017,,,,2065408,held=1
8.351573,DELIVER,2017,,,,2066432,
8.364620,BUFFER,2018,,,,2066432,held=1
8.364638,DELIVER,2018,,,,2067456,
8.365184,BUFFER,2020,,,,2067456,held=1
8.365210,NAK,2019,,,,2067456,
8.365465,BUFFER,2021,,,,2067456,held=2
8.366431,BUFFER,2022,,,,2067456,held=3
8.366652,BUFFER,2023,,,,2067456,held=4
8.366834,BUFFER,2024,,,,2067456,held=5
8.367004,BUFFER,2025,,,,2067456,held=6
8.373622,BUFFER,2026,,,,2067456,held=7
8.381825,BUFFER,2027,,,,2067456,held=8
8.384902,BUFFER,2028,,,,2067456,held=9
8.388695,BUFFER,2029,,,,2067456,held=10
8.388829,BUFFER,2031,,,,2067456,held=11
8.388837,NAK,2030,,,,2067456,
8.391520,BUFFER,2032,,,,2067456,held=12
8.391635,BUFFER,2033,,,,2067456,held=13
8.393254,BUFFER,2034,,,,2067456,held=14
8.396942,BUFFER,2035,,,,2067456,held=15
8.397070,BUFFER,2036,,,,2067456,held=16
8.398848,BUFFER,2037,,,,2067456,held=17
8.404141,BUFFER,2019,,,,2067456,held=18
8.404152,DELIVER,2019,,,,2068480,
8.404155,DELIVER,2020,,,,2069504,
8.404157,DELIVER,2021,,,,2070528,
8.404159,DELIVER,2022,,,,2071552,
8.404162,DELIVER,2023,,,,2072576,
8.404164,DELIVER,2024,,,,2073600,
8.404165,DELIVER,2025,,,,2074624,
8.404167,DELIVER,2026,,,,2075648,
8.404170,DELIVER,2027,,,,2076672,
8.404172,DELIVER,2028,,,,2077696,
8.404174,DELIVER,2029,,,,2078720,
8.410797,DUP,2019,,,,2078720,
8.410896,BUFFER,2039,,,,2078720,held=8
8.410903,NAK,2038,,,,2078720,
8.410997,BUFFER,2040,,,,2078720,held=9
8.411088,BUFFER,2041,,,,2078720,held=10
8.412405,BUFFER,2042,,,,2078720,held=11
8.414662,BUFFER,2043,,,,2078720,held=12
8.430231,BUFFER,2044,,,,2078720,held=13
8.430329,BUFFER,2045,,,,2078720,held=14
8.430414,BUFFER,2030,,,,2078720,held=15
8.430419,DELIVER,2030,,,,2079744,
8.430422,DELIVER,2031,,,,2080768,
8.430424,DELIVER,2032,,,,2081792,
8.430426,DELIVER,2033,,,,2082816,
8.430428,DELIVER,2034,,,,2083840,
8.430430,DELIVER,2035,,,,2084864,
8.430432,DELIVER,2036,,,,2085888,
8.430434,DELIVER,2037,,,,2086912,
8.435027,BUFFER,2046,,,,2086912,held=8
8.438812,BUFFER,2047,,,,2086912,held=9
8.465569,BUFFER,2038,,,,2086912,held=10
8.465601,DELIVER,2038,,,,2087936,
8.465611,DELIVER,2039,,,,2088960,
8.465617,DELIVER,2040,,,,2089984,
8.465626,DELIVER,2041,,,,2091008,
8.465633,DELIVER,2042,,,,2092032,
8.465638,DELIVER,2043,,,,2093056,
8.465644,DELIVER,2044,,,,2094080,
8.465649,DELIVER,2045,,,,2095104,
8.465654,DELIVER,2046,,,,2096128,
8.465660,DELIVER,2047,,,,2097152,
8.466153,DUP,2030,,,,2097152,
8.506024,FIN,2048,,,,2097152,"all data delivered, acking FIN"
