t,event,seq,cwnd,srtt_ms,rto_ms,bytes_acked,info
0.636680,BUFFER,0,,,,0,held=1
0.636697,DELIVER,0,,,,1024,
0.639323,BUFFER,1,,,,1024,held=1
0.639330,DELIVER,1,,,,2048,
0.639428,BUFFER,2,,,,2048,held=1
0.639432,DELIVER,2,,,,3072,
0.639525,BUFFER,3,,,,3072,held=1
0.639527,DELIVER,3,,,,4096,
0.684437,BUFFER,4,,,,4096,held=1
0.684446,DELIVER,4,,,,5120,
0.690781,BUFFER,6,,,,5120,held=1
0.690796,NAK,5,,,,5120,
0.690923,BUFFER,7,,,,5120,held=2
0.729473,BUFFER,8,,,,5120,held=3
0.729627,BUFFER,9,,,,5120,held=4
0.739626,BUFFER,5,,,,5120,held=5
0.739638,DELIVER,5,,,,6144,
0.739642,DELIVER,6,,,,7168,
0.739646,DELIVER,7,,,,8192,
0.739650,DELIVER,8,,,,9216,
0.739653,DELIVER,9,,,,10240,
0.739820,BUFFER,10,,,,10240,held=1
0.739824,DELIVER,10,,,,11264,
0.770160,DUP,5,,,,11264,
0.774308,BUFFER,11,,,,11264,held=1
0.774314,DELIVER,11,,,,12288,
0.774432,BUFFER,12,,,,12288,held=1
0.774439,DELIVER,12,,,,13312,
0.784346,BUFFER,13,,,,13312,held=1
0.784349,DELIVER,13,,,,14336,
0.796548,BUFFER,14,,,,14336,held=1
0.796555,DELIVER,14,,,,15360,
0.823082,DUP,8,,,,15360,
0.824275,BUFFER,15,,,,15360,held=1
0.824284,DELIVER,15,,,,16384,
0.824533,BUFFER,16,,,,16384,held=1
0.824551,DELIVER,16,,,,17408,
0.831729,BUFFER,17,,,,17408,held=1
0.831738,DELIVER,17,,,,18432,
0.834138,BUFFER,18,,,,18432,held=1
0.834167,DELIVER,18,,,,19456,
0.874024,BUFFER,19,,,,19456,held=1
0.874061,DELIVER,19,,,,20480,
0.878195,BUFFER,20,,,,20480,held=1
0.878219,DELIVER,20,,,,21504,
0.878589,BUFFER,21,,,,21504,held=1
0.878600,DELIVER,21,,,,22528,
0.878851,DUP,14,,,,22528,
0.882363,BUFFER,22,,,,22528,held=1
0.882388,DELIVER,22,,,,23552,
0.882774,BUFFER,23,,,,23552,held=1
0.882787,DELIVER,23,,,,24576,
0.935107,BUFFER,24,,,,24576,held=1
0.935134,DELIVER,24,,,,25600,
0.935495,BUFFER,25,,,,25600,held=1
0.935510,DELIVER,25,,,,26624,
0.935845,BUFFER,26,,,,26624,held=1
0.935855,DELIVER,26,,,,27648,
0.936144,BUFFER,27,,,,27648,held=1
0.936155,DELIVER,27,,,,28672,
0.936386,BUFFER,28,,,,28672,held=1
0.936395,DELIVER,28,,,,29696,
0.936631,BUFFER,29,,,,29696,held=1
0.936649,DELIVER,29,,,,30720,
0.936945,BUFFER,30,,,,30720,held=1
0.936952,DELIVER,30,,,,31744,
0.974038,BUFFER,31,,,,31744,held=1
0.974067,DELIVER,31,,,,32768,
0.983709,BUFFER,32,,,,32768,held=1
0.983768,DELIVER,32,,,,33792,
0.984398,BUFFER,33,,,,33792,held=1
0.984633,DELIVER,33,,,,34816,
0.985982,BUFFER,34,,,,34816,held=1
0.986026,DELIVER,34,,,,35840,
0.986557,BUFFER,35,,,,35840,held=1
0.986570,DELIVER,35,,,,36864,
0.989473,BUFFER,36,,,,36864,held=1
0.989500,DELIVER,36,,,,37888,
0.989752,BUFFER,37,,,,37888,held=1
0.989760,DELIVER,37,,,,38912,
1.013397,BUFFER,39,,,,38912,held=1
1.013441,NAK,38,,,,38912,
1.026740,BUFFER,40,,,,38912,held=2
1.027087,BUFFER,41,,,,38912,held=3
1.029433,BUFFER,42,,,,38912,held=4
1.032689,BUFFER,43,,,,38912,held=5
1.033014,BUFFER,44,,,,38912,held=6
1.033677,BUFFER,45,,,,38912,held=7
1.061336,BUFFER,38,,,,38912,held=8
1.061370,DELIVER,38,,,,39936,
1.061377,DELIVER,39,,,,40960,
1.061383,DELIVER,40,,,,41984,
1.061393,DELIVER,41,,,,43008,
1.061398,DELIVER,42,,,,44032,
1.061402,DELIVER,43,,,,45056,
1.061407,DELIVER,44,,,,46080,
1.061411,DELIVER,45,,,,47104,
1.065393,DUP,38,,,,47104,
1.069279,BUFFER,46,,,,47104,held=1
1.069317,DELIVER,46,,,,48128,
1.069780,BUFFER,47,,,,48128,held=1
1.069802,DELIVER,47,,,,49152,
1.070522,BUFFER,48,,,,49152,held=1
1.070557,DELIVER,48,,,,50176,
1.079313,BUFFER,49,,,,50176,held=1
1.079360,DELIVER,49,,,,51200,
1.080119,BUFFER,50,,,,51200,held=1
1.080142,DELIVER,50,,,,52224,
1.101437,BUFFER,51,,,,52224,held=1
1.101467,DELIVER,51,,,,53248,
1.110516,BUFFER,52,,,,53248,held=1
1.110548,DELIVER,52,,,,54272,
1.113218,DUP,42,,,,54272,
1.113833,BUFFER,53,,,,54272,held=1
1.113851,DELIVER,53,,,,55296,
1.124879,BUFFER,54,,,,55296,held=1
1.124898,DELIVER,54,,,,56320,
1.125116,BUFFER,55,,,,56320,held=1
1.125123,DELIVER,55,,,,57344,
1.125394,BUFFER,56,,,,57344,held=1
1.125408,DELIVER,56,,,,58368,
1.125690,BUFFER,57,,,,58368,held=1
1.125722,DELIVER,57,,,,59392,
1.130663,DUP,43,,,,59392,
1.146420,BUFFER,58,,,,59392,held=1
1.146454,DELIVER,58,,,,60416,
1.154001,BUFFER,59,,,,60416,held=1
1.154028,DELIVER,59,,,,61440,
1.161544,BUFFER,60,,,,61440,held=1
1.161605,DELIVER,60,,,,62464,
1.161872,BUFFER,61,,,,62464,held=1
1.161883,DELIVER,61,,,,63488,
1.171158,DUP,43,,,,63488,
1.175278,BUFFER,62,,,,63488,held=1
1.175306,DELIVER,62,,,,64512,
1.177487,BUFFER,63,,,,64512,held=1
1.177508,DELIVER,63,,,,65536,
1.177777,BUFFER,64,,,,65536,held=1
1.177808,DELIVER,64,,,,66560,
1.178026,BUFFER,65,,,,66560,held=1
1.178037,DELIVER,65,,,,67584,
1.188685,BUFFER,66,,,,67584,held=1
1.188704,DELIVER,66,,,,68608,
1.189808,BUFFER,68,,,,68608,held=1
1.189835,NAK,67,,,,68608,
1.195439,BUFFER,69,,,,68608,held=2
1.204268,BUFFER,70,,,,68608,held=3
1.212496,BUFFER,71,,,,68608,held=4
1.221040,BUFFER,72,,,,68608,held=5
1.223600,BUFFER,73,,,,68608,held=6
1.224239,BUFFER,74,,,,68608,held=7
1.228414,BUFFER,75,,,,68608,held=8
1.239833,BUFFER,67,,,,68608,held=9
1.239858,DELIVER,67,,,,69632,
1.239864,DELIVER,68,,,,70656,
1.239870,DELIVER,69,,,,71680,
1.239875,DELIVER,70,,,,72704,
1.239880,DELIVER,71,,,,73728,
1.239884,DELIVER,72,,,,74752,
1.239889,DELIVER,73,,,,75776,
1.239893,DELIVER,74,,,,76800,
1.239898,DELIVER,75,,,,77824,
1.240132,DUP,65,,,,77824,
1.244202,BUFFER,76,,,,77824,held=1
1.244226,DELIVER,76,,,,78848,
1.247880,BUFFER,77,,,,78848,held=1
1.247903,DELIVER,77,,,,79872,
1.263001,BUFFER,78,,,,79872,held=1
1.263030,DELIVER,78,,,,80896,
1.263331,BUFFER,79,,,,80896,held=1
1.263341,DELIVER,79,,,,81920,
1.269347,BUFFER,80,,,,81920,held=1
1.269397,DELIVER,80,,,,82944,
1.269725,BUFFER,81,,,,82944,held=1
1.269737,DELIVER,81,,,,83968,
1.281328,BUFFER,83,,,,83968,held=1
1.281361,NAK,82,,,,83968,
1.284353,BUFFER,84,,,,83968,held=2
1.291749,BUFFER,85,,,,83968,held=3
1.295901,BUFFER,86,,,,83968,held=4
1.302062,DUP,70,,,,83968,
1.308229,BUFFER,87,,,,83968,held=5
1.317162,BUFFER,88,,,,83968,held=6
1.317508,BUFFER,89,,,,83968,held=7
1.317860,BUFFER,90,,,,83968,held=8
1.319765,BUFFER,91,,,,83968,held=9
1.334738,BUFFER,92,,,,83968,held=10
1.334777,NAK,82,,,,83968,
1.335884,BUFFER,82,,,,83968,held=11
1.335910,DELIVER,82,,,,84992,
1.335916,DELIVER,83,,,,86016,
1.335921,DELIVER,84,,,,87040,
1.335925,DELIVER,85,,,,88064,
1.335930,DELIVER,86,,,,89088,
1.335934,DELIVER,87,,,,90112,
1.335939,DELIVER,88,,,,91136,
1.335944,DELIVER,89,,,,92160,
1.335948,DELIVER,90,,,,93184,
1.335953,DELIVER,91,,,,94208,
1.335957,DELIVER,92,,,,95232,
1.336415,BUFFER,93,,,,95232,held=1
1.336423,DELIVER,93,,,,96256,
1.339560,BUFFER,94,,,,96256,held=1
1.339590,DELIVER,94,,,,97280,
1.366309,DUP,82,,,,97280,
1.369242,BUFFER,97,,,,97280,held=1
1.369278,NAK,95,,,,97280,
1.369295,NAK,96,,,,97280,
1.369771,BUFFER,98,,,,97280,held=2
1.370148,BUFFER,99,,,,97280,held=3
1.385716,BUFFER,101,,,,97280,held=4
1.385787,NAK,100,,,,97280,
1.385942,BUFFER,102,,,,97280,held=5
1.389433,BUFFER,103,,,,97280,held=6
1.393108,DUP,85,,,,97280,
1.411519,BUFFER,95,,,,97280,held=7
1.411528,DELIVER,95,,,,98304,
1.411618,BUFFER,104,,,,98304,held=7
1.419645,BUFFER,105,,,,98304,held=8
1.419657,NAK,96,,,,98304,
1.419769,BUFFER,96,,,,98304,held=9
1.419780,DELIVER,96,,,,99328,
1.419783,DELIVER,97,,,,100352,
1.419785,DELIVER,98,,,,101376,
1.419786,DELIVER,99,,,,102400,
1.421657,BUFFER,106,,,,102400,held=6
1.422038,BUFFER,107,,,,102400,held=7
1.426670,BUFFER,100,,,,102400,held=8
1.426675,DELIVER,100,,,,103424,
1.426677,DELIVER,101,,,,104448,
1.426679,DELIVER,102,,,,105472,
1.426680,DELIVER,103,,,,106496,
1.426682,DELIVER,104,,,,107520,
1.426684,DELIVER,105,,,,108544,
1.426686,DELIVER,106,,,,109568,
1.426687,DELIVER,107,,,,110592,
1.436684,BUFFER,108,,,,110592,held=1
1.436690,DELIVER,108,,,,111616,
1.437400,BUFFER,109,,,,111616,held=1
1.437404,DELIVER,109,,,,112640,
1.437479,BUFFER,110,,,,112640,held=1
1.437481,DELIVER,110,,,,113664,
1.437555,BUFFER,111,,,,113664,held=1
1.437557,DELIVER,111,,,,114688,
1.452233,BUFFER,112,,,,114688,held=1
1.452281,DELIVER,112,,,,115712,
1.460257,BUFFER,113,,,,115712,held=1
1.460274,DELIVER,113,,,,116736,
1.460600,DUP,96,,,,116736,
1.464113,BUFFER,115,,,,116736,held=1
1.464175,NAK,114,,,,116736,
1.475600,BUFFER,117,,,,116736,held=2
1.475626,NAK,116,,,,116736,
1.475884,BUFFER,119,,,,116736,held=3
1.475905,NAK,118,,,,116736,
1.476629,BUFFER,120,,,,116736,held=4
1.483628,BUFFER,121,,,,116736,held=5
1.483908,BUFFER,122,,,,116736,held=6
1.491765,BUFFER,123,,,,116736,held=7
1.492086,BUFFER,124,,,,116736,held=8
1.507840,BUFFER,125,,,,116736,held=9
1.509235,BUFFER,114,,,,116736,held=10
1.509255,DELIVER,114,,,,117760,
1.509261,DELIVER,115,,,,118784,
1.522628,BUFFER,116,,,,118784,held=9
1.522638,DELIVER,116,,,,119808,
1.522641,DELIVER,117,,,,120832,
1.525955,BUFFER,118,,,,120832,held=8
1.525962,DELIVER,118,,,,121856,
1.525966,DELIVER,119,,,,122880,
1.525969,DELIVER,120,,,,123904,
1.525972,DELIVER,121,,,,124928,
1.525975,DELIVER,122,,,,125952,
1.525978,DELIVER,123,,,,126976,
1.525981,DELIVER,124,,,,128000,
1.525984,DELIVER,125,,,,129024,
1.527762,DUP,114,,,,129024,
1.527948,BUFFER,126,,,,129024,held=1
1.527957,DELIVER,126,,,,130048,
1.528109,BUFFER,128,,,,130048,held=1
1.528120,NAK,127,,,,130048,
1.535887,BUFFER,129,,,,130048,held=2
1.541761,BUFFER,130,,,,130048,held=3
1.542003,BUFFER,131,,,,130048,held=4
1.548616,BUFFER,132,,,,130048,held=5
1.550839,BUFFER,133,,,,130048,held=6
1.553851,BUFFER,134,,,,130048,held=7
1.567765,BUFFER,135,,,,130048,held=8
1.568076,DUP,115,,,,130048,
1.568263,DUP,115,,,,130048,
1.568415,BUFFER,127,,,,130048,held=9
1.568421,DELIVER,127,,,,131072,
1.568503,DELIVER,128,,,,132096,
1.568509,DELIVER,129,,,,133120,
1.568513,DELIVER,130,,,,134144,
1.568516,DELIVER,131,,,,135168,
1.568519,DELIVER,132,,,,136192,
1.568522,DELIVER,133,,,,137216,
1.568525,DELIVER,134,,,,138240,
1.568528,DELIVER,135,,,,139264,
1.568672,BUFFER,136,,,,139264,held=1
1.568676,DELIVER,136,,,,140288,
1.572407,BUFFER,137,,,,140288,held=1
1.572428,DELIVER,137,,,,141312,
1.575736,BUFFER,138,,,,141312,held=1
1.575768,DELIVER,138,,,,142336,
1.607626,BUFFER,139,,,,142336,held=1
1.607633,DELIVER,139,,,,143360,
1.607743,BUFFER,140,,,,143360,held=1
1.607747,DELIVER,140,,,,144384,
1.607845,BUFFER,141,,,,144384,held=1
1.607848,DELIVER,141,,,,145408,
1.607943,BUFFER,142,,,,145408,held=1
1.607945,DELIVER,142,,,,146432,
1.608042,BUFFER,143,,,,146432,held=1
1.608044,DELIVER,143,,,,147456,
1.608138,BUFFER,144,,,,147456,held=1
1.608141,DELIVER,144,,,,148480,
1.611296,BUFFER,145,,,,148480,held=1
1.611300,DELIVER,145,,,,149504,
1.611390,BUFFER,146,,,,149504,held=1
1.611393,DELIVER,146,,,,150528,
1.634650,BUFFER,147,,,,150528,held=1
1.634656,DELIVER,147,,,,151552,
1.634764,BUFFER,148,,,,151552,held=1
1.634767,DELIVER,148,,,,152576,
1.634865,BUFFER,149,,,,152576,held=1
1.634868,DELIVER,149,,,,153600,
1.634963,BUFFER,150,,,,153600,held=1
1.634966,DELIVER,150,,,,154624,
1.635060,BUFFER,151,,,,154624,held=1
1.635063,DELIVER,151,,,,155648,
1.654213,BUFFER,152,,,,155648,held=1
1.654223,DELIVER,152,,,,156672,
1.656239,BUFFER,153,,,,156672,held=1
1.656249,DELIVER,153,,,,157696,
1.661629,BUFFER,155,,,,157696,held=1
1.661661,NAK,154,,,,157696,
1.661903,BUFFER,156,,,,157696,held=2
1.662340,BUFFER,157,,,,157696,held=3
1.663271,BUFFER,158,,,,157696,held=4
1.678832,DUP,145,,,,157696,
1.679195,BUFFER,159,,,,157696,held=5
1.681882,BUFFER,160,,,,157696,held=6
1.686393,BUFFER,161,,,,157696,held=7
1.687354,BUFFER,162,,,,157696,held=8
1.704776,BUFFER,163,,,,157696,held=9
1.714306,BUFFER,164,,,,157696,held=10
1.714342,NAK,154,,,,157696,
1.714615,BUFFER,165,,,,157696,held=11
1.714816,BUFFER,166,,,,157696,held=12
1.715047,BUFFER,167,,,,157696,held=13
1.715287,BUFFER,168,,,,157696,held=14
1.719603,BUFFER,169,,,,157696,held=15
1.724757,BUFFER,170,,,,157696,held=16
1.725029,BUFFER,171,,,,157696,held=17
1.725273,BUFFER,154,,,,157696,held=18
1.725285,DELIVER,154,,,,158720,
1.725291,DELIVER,155,,,,159744,
1.725296,DELIVER,156,,,,160768,
1.725301,DELIVER,157,,,,161792,
1.725305,DELIVER,158,,,,162816,
1.725310,DELIVER,159,,,,163840,
1.725315,DELIVER,160,,,,164864,
1.725319,DELIVER,161,,,,165888,
1.725324,DELIVER,162,,,,166912,
1.725328,DELIVER,163,,,,167936,
1.725333,DELIVER,164,,,,168960,
1.725339,DELIVER,165,,,,169984,
1.725343,DELIVER,166,,,,171008,
1.725348,DELIVER,167,,,,172032,
1.725352,DELIVER,168,,,,173056,
1.725356,DELIVER,169,,,,174080,
1.725363,DELIVER,170,,,,175104,
1.725367,DELIVER,171,,,,176128,
1.737504,BUFFER,172,,,,176128,held=1
1.737526,DELIVER,172,,,,177152,
1.740848,BUFFER,173,,,,177152,held=1
1.740866,DELIVER,173,,,,178176,
1.755528,BUFFER,174,,,,178176,held=1
1.755547,DELIVER,174,,,,179200,
1.755753,DUP,156,,,,179200,
1.756023,DUP,154,,,,179200,
1.760381,BUFFER,175,,,,179200,held=1
1.760409,DELIVER,175,,,,180224,
1.760645,BUFFER,176,,,,180224,held=1
1.760653,DELIVER,176,,,,181248,
1.768009,BUFFER,177,,,,181248,held=1
1.768044,DELIVER,177,,,,182272,
1.769544,BUFFER,178,,,,182272,held=1
1.769581,DELIVER,178,,,,183296,
1.769836,BUFFER,179,,,,183296,held=1
1.769843,DELIVER,179,,,,184320,
1.770211,BUFFER,180,,,,184320,held=1
1.770223,DELIVER,180,,,,185344,
1.777051,BUFFER,181,,,,185344,held=1
1.777128,DELIVER,181,,,,186368,
1.781328,BUFFER,183,,,,186368,held=1
1.781356,NAK,182,,,,186368,
1.781564,BUFFER,184,,,,186368,held=2
1.784959,BUFFER,185,,,,186368,held=3
1.798986,DUP,156,,,,186368,
1.802726,BUFFER,186,,,,186368,held=4
1.803015,BUFFER,187,,,,186368,held=5
1.813706,DUP,170,,,,186368,
1.814028,BUFFER,188,,,,186368,held=6
1.824366,BUFFER,189,,,,186368,held=7
1.824649,BUFFER,190,,,,186368,held=8
1.824870,BUFFER,191,,,,186368,held=9
1.825070,BUFFER,192,,,,186368,held=10
1.825268,BUFFER,193,,,,186368,held=11
1.825467,BUFFER,182,,,,186368,held=12
1.825476,DELIVER,182,,,,187392,
1.825482,DELIVER,183,,,,188416,
1.825487,DELIVER,184,,,,189440,
1.825491,DELIVER,185,,,,190464,
1.825495,DELIVER,186,,,,191488,
1.825500,DELIVER,187,,,,192512,
1.825504,DELIVER,188,,,,193536,
1.825508,DELIVER,189,,,,194560,
1.825513,DELIVER,190,,,,195584,
1.825517,DELIVER,191,,,,196608,
1.825521,DELIVER,192,,,,197632,
1.825525,DELIVER,193,,,,198656,
1.825723,BUFFER,194,,,,198656,held=1
1.825728,DELIVER,194,,,,199680,
1.827702,BUFFER,195,,,,199680,held=1
1.827710,DELIVER,195,,,,200704,
1.841997,BUFFER,196,,,,200704,held=1
1.842003,DELIVER,196,,,,201728,
1.848987,BUFFER,197,,,,201728,held=1
1.848992,DELIVER,197,,,,202752,
1.857520,BUFFER,198,,,,202752,held=1
1.857531,DELIVER,198,,,,203776,
1.861083,BUFFER,199,,,,203776,held=1
1.861104,DELIVER,199,,,,204800,
1.875023,DUP,182,,,,204800,
1.877248,BUFFER,200,,,,204800,held=1
1.877268,DELIVER,200,,,,205824,
1.878418,BUFFER,201,,,,205824,held=1
1.878439,DELIVER,201,,,,206848,
1.878678,BUFFER,202,,,,206848,held=1
1.878688,DELIVER,202,,,,207872,
1.878886,BUFFER,203,,,,207872,held=1
1.878895,DELIVER,203,,,,208896,
1.879090,BUFFER,204,,,,208896,held=1
1.879097,DELIVER,204,,,,209920,
1.879295,BUFFER,205,,,,209920,held=1
1.879302,DELIVER,205,,,,210944,
1.879491,BUFFER,206,,,,210944,held=1
1.879497,DELIVER,206,,,,211968,
1.879688,BUFFER,207,,,,211968,held=1
1.879694,DELIVER,207,,,,212992,
1.879886,BUFFER,208,,,,212992,held=1
1.879896,DELIVER,208,,,,214016,
1.880085,DUP,184,,,,214016,
1.880286,BUFFER,209,,,,214016,held=1
1.880295,DELIVER,209,,,,215040,
1.891875,BUFFER,210,,,,215040,held=1
1.891898,DELIVER,210,,,,216064,
1.892146,BUFFER,211,,,,216064,held=1
1.892153,DELIVER,211,,,,217088,
1.913134,BUFFER,212,,,,217088,held=1
1.913146,DELIVER,212,,,,218112,
1.936819,BUFFER,213,,,,218112,held=1
1.936829,DELIVER,213,,,,219136,
1.937106,BUFFER,214,,,,219136,held=1
1.937113,DELIVER,214,,,,220160,
1.937434,BUFFER,215,,,,220160,held=1
1.937452,DELIVER,215,,,,221184,
1.937720,BUFFER,216,,,,221184,held=1
1.937728,DELIVER,216,,,,222208,
1.937985,BUFFER,217,,,,222208,held=1
1.937992,DELIVER,217,,,,223232,
1.938244,BUFFER,218,,,,223232,held=1
1.938251,DELIVER,218,,,,224256,
1.938451,BUFFER,219,,,,224256,held=1
1.938457,DELIVER,219,,,,225280,
1.938652,BUFFER,220,,,,225280,held=1
1.938658,DELIVER,220,,,,226304,
1.938853,BUFFER,221,,,,226304,held=1
1.938858,DELIVER,221,,,,227328,
1.939052,BUFFER,222,,,,227328,held=1
1.939057,DELIVER,222,,,,228352,
1.939253,BUFFER,223,,,,228352,held=1
1.939258,DELIVER,223,,,,229376,
1.939452,BUFFER,224,,,,229376,held=1
1.939457,DELIVER,224,,,,230400,
1.944900,BUFFER,225,,,,230400,held=1
1.944910,DELIVER,225,,,,231424,
1.945189,BUFFER,226,,,,231424,held=1
1.945196,DELIVER,226,,,,232448,
1.955764,BUFFER,227,,,,232448,held=1
1.955782,DELIVER,227,,,,233472,
1.981704,BUFFER,228,,,,233472,held=1
1.981729,DELIVER,228,,,,234496,
1.981973,BUFFER,229,,,,234496,held=1
1.981981,DELIVER,229,,,,235520,
1.982255,BUFFER,230,,,,235520,held=1
1.982263,DELIVER,230,,,,236544,
1.983315,BUFFER,231,,,,236544,held=1
1.983336,DELIVER,231,,,,237568,
1.987782,BUFFER,232,,,,237568,held=1
1.987807,DELIVER,232,,,,238592,
1.988175,BUFFER,233,,,,238592,held=1
1.988187,DELIVER,233,,,,239616,
1.988436,BUFFER,234,,,,239616,held=1
1.988447,DELIVER,234,,,,240640,
1.993947,BUFFER,235,,,,240640,held=1
1.993985,DELIVER,235,,,,241664,
1.994306,BUFFER,236,,,,241664,held=1
1.994318,DELIVER,236,,,,242688,
1.994554,BUFFER,237,,,,242688,held=1
1.994562,DELIVER,237,,,,243712,
1.994799,BUFFER,240,,,,243712,held=1
1.994819,NAK,238,,,,243712,
1.994834,NAK,239,,,,243712,
1.997156,BUFFER,241,,,,243712,held=2
1.998236,BUFFER,242,,,,243712,held=3
1.998541,BUFFER,243,,,,243712,held=4
2.030467,BUFFER,244,,,,243712,held=5
2.030785,BUFFER,245,,,,243712,held=6
2.031034,BUFFER,246,,,,243712,held=7
2.036199,BUFFER,247,,,,243712,held=8
2.036548,BUFFER,248,,,,243712,held=9
2.037107,BUFFER,249,,,,243712,held=10
2.037358,BUFFER,250,,,,243712,held=11
2.037612,BUFFER,251,,,,243712,held=12
2.043506,BUFFER,252,,,,243712,held=13
2.043792,BUFFER,238,,,,243712,held=14
2.043807,DELIVER,238,,,,244736,
2.044062,BUFFER,239,,,,244736,held=14
2.044074,DELIVER,239,,,,245760,
2.044084,DELIVER,240,,,,246784,
2.044090,DELIVER,241,,,,247808,
2.044095,DELIVER,242,,,,248832,
2.044100,DELIVER,243,,,,249856,
2.044104,DELIVER,244,,,,250880,
2.044109,DELIVER,245,,,,251904,
2.044113,DELIVER,246,,,,252928,
2.044118,DELIVER,247,,,,253952,
2.044122,DELIVER,248,,,,254976,
2.044127,DELIVER,249,,,,256000,
2.044132,DELIVER,250,,,,257024,
2.044137,DELIVER,251,,,,258048,
2.044142,DELIVER,252,,,,259072,
2.044375,DUP,238,,,,259072,
2.044605,BUFFER,253,,,,259072,held=1
2.044615,DELIVER,253,,,,260096,
2.044875,BUFFER,254,,,,260096,held=1
2.044903,DELIVER,254,,,,261120,
2.045130,BUFFER,255,,,,261120,held=1
2.045138,DELIVER,255,,,,262144,
2.045361,BUFFER,256,,,,262144,held=1
2.045527,DELIVER,256,,,,263168,
2.073238,BUFFER,257,,,,263168,held=1
2.073261,DELIVER,257,,,,264192,
2.073549,BUFFER,258,,,,264192,held=1
2.073558,DELIVER,258,,,,265216,
2.073809,BUFFER,259,,,,265216,held=1
2.073821,DELIVER,259,,,,266240,
2.085411,BUFFER,260,,,,266240,held=1
2.085436,DELIVER,260,,,,267264,
2.085694,BUFFER,261,,,,267264,held=1
2.085702,DELIVER,261,,,,268288,
2.088582,BUFFER,262,,,,268288,held=1
2.088607,DELIVER,262,,,,269312,
2.091563,BUFFER,263,,,,269312,held=1
2.091587,DELIVER,263,,,,270336,
2.091899,BUFFER,264,,,,270336,held=1
2.091913,DELIVER,264,,,,271360,
2.092161,BUFFER,265,,,,271360,held=1
2.092170,DELIVER,265,,,,272384,
2.092421,BUFFER,266,,,,272384,held=1
2.092431,DELIVER,266,,,,273408,
2.092658,BUFFER,267,,,,273408,held=1
2.092665,DELIVER,267,,,,274432,
2.092911,BUFFER,268,,,,274432,held=1
2.092919,DELIVER,268,,,,275456,
2.098251,BUFFER,269,,,,275456,held=1
2.098277,DELIVER,269,,,,276480,
2.098636,BUFFER,270,,,,276480,held=1
2.098647,DELIVER,270,,,,277504,
2.098876,BUFFER,271,,,,277504,held=1
2.098885,DELIVER,271,,,,278528,
2.099095,BUFFER,272,,,,278528,held=1
2.099102,DELIVER,272,,,,279552,
2.113011,BUFFER,273,,,,279552,held=1
2.113035,DELIVER,273,,,,280576,
2.116114,BUFFER,274,,,,280576,held=1
2.116132,DELIVER,274,,,,281600,
2.128155,BUFFER,276,,,,281600,held=1
2.128197,NAK,275,,,,281600,
2.138364,BUFFER,277,,,,281600,held=2
2.139479,BUFFER,278,,,,281600,held=3
2.190615,NAK,275,,,,281600,
2.241814,NAK,275,,,,281600,
2.292304,NAK,275,,,,281600,
2.343538,NAK,275,,,,281600,
2.394012,NAK,275,,,,281600,
2.445448,NAK,275,,,,281600,
2.496630,NAK,275,,,,281600,
2.547870,NAK,275,,,,281600,
2.599074,NAK,275,,,,281600,
2.650280,NAK,275,,,,281600,
2.701757,NAK,275,,,,281600,
2.753330,NAK,275,,,,281600,
2.804663,NAK,275,,,,281600,
2.855458,NAK,275,,,,281600,
2.906411,NAK,275,,,,281600,
2.950862,BUFFER,281,,,,281600,held=4
2.950910,NAK,279,,,,281600,
2.950933,NAK,280,,,,281600,
2.951293,BUFFER,275,,,,281600,held=5
2.951309,DELIVER,275,,,,282624,
2.951318,DELIVER,276,,,,283648,
2.951326,DELIVER,277,,,,284672,
2.951334,DELIVER,278,,,,285696,
2.990048,DUP,275,,,,285696,
2.995878,BUFFER,279,,,,285696,held=2
2.995912,DELIVER,279,,,,286720,
3.001038,BUFFER,280,,,,286720,held=2
3.001064,DELIVER,280,,,,287744,
3.001070,DELIVER,281,,,,288768,
3.001370,BUFFER,292,,,,288768,held=1
3.001399,NAK,282,,,,288768,
3.001414,NAK,283,,,,288768,
3.001427,NAK,284,,,,288768,
3.001443,NAK,285,,,,288768,
3.001455,NAK,286,,,,288768,
3.001464,NAK,287,,,,288768,
3.001476,NAK,288,,,,288768,
3.001488,NAK,289,,,,288768,
3.001500,NAK,290,,,,288768,
3.001512,NAK,291,,,,288768,
3.001919,BUFFER,293,,,,288768,held=2
3.040833,BUFFER,294,,,,288768,held=3
3.041266,BUFFER,295,,,,288768,held=4
3.056350,DUP,277,,,,288768,
3.056407,NAK,282,,,,288768,
3.056434,NAK,283,,,,288768,
3.056455,NAK,284,,,,288768,
3.056475,NAK,285,,,,288768,
3.056493,NAK,286,,,,288768,
3.056512,NAK,287,,,,288768,
3.056537,NAK,288,,,,288768,
3.056556,NAK,289,,,,288768,
3.056614,NAK,290,,,,288768,
3.056648,NAK,291,,,,288768,
3.057224,BUFFER,296,,,,288768,held=5
3.057937,BUFFER,283,,,,288768,held=6
3.058329,BUFFER,284,,,,288768,held=7
3.058684,BUFFER,285,,,,288768,held=8
3.058988,BUFFER,286,,,,288768,held=9
3.059330,BUFFER,288,,,,288768,held=10
3.059661,BUFFER,289,,,,288768,held=11
3.060064,BUFFER,290,,,,288768,held=12
3.060482,BUFFER,291,,,,288768,held=13
3.060822,BUFFER,297,,,,288768,held=14
3.061139,BUFFER,287,,,,288768,held=15
3.091913,BUFFER,298,,,,288768,held=16
3.092163,BUFFER,299,,,,288768,held=17
3.092425,BUFFER,300,,,,288768,held=18
3.105537,BUFFER,282,,,,288768,held=19
3.105565,DELIVER,282,,,,289792,
3.105576,DELIVER,283,,,,290816,
3.105582,DELIVER,284,,,,291840,
3.105591,DELIVER,285,,,,292864,
3.105596,DELIVER,286,,,,293888,
3.105601,DELIVER,287,,,,294912,
3.105607,DELIVER,288,,,,295936,
3.105611,DELIVER,289,,,,296960,
3.105616,DELIVER,290,,,,297984,
3.105622,DELIVER,291,,,,299008,
3.105626,DELIVER,292,,,,300032,
3.105631,DELIVER,293,,,,301056,
3.105636,DELIVER,294,,,,302080,
3.105642,DELIVER,295,,,,303104,
3.105647,DELIVER,296,,,,304128,
3.105651,DELIVER,297,,,,305152,
3.105656,DELIVER,298,,,,306176,
3.105660,DELIVER,299,,,,307200,
3.105667,DELIVER,300,,,,308224,
3.105960,DUP,283,,,,308224,
3.106473,DUP,284,,,,308224,
3.106748,DUP,285,,,,308224,
3.107093,DUP,286,,,,308224,
3.108508,DUP,287,,,,308224,
3.108825,DUP,288,,,,308224,
3.109103,DUP,289,,,,308224,
3.109947,DUP,290,,,,308224,
3.110225,DUP,291,,,,308224,
3.110496,DUP,282,,,,308224,
3.110785,BUFFER,303,,,,308224,held=1
3.110806,NAK,301,,,,308224,
3.110822,NAK,302,,,,308224,
3.111499,BUFFER,304,,,,308224,held=2
3.111758,BUFFER,305,,,,308224,held=3
3.112014,BUFFER,306,,,,308224,held=4
3.113945,BUFFER,307,,,,308224,held=5
3.114231,BUFFER,309,,,,308224,held=6
3.114250,NAK,308,,,,308224,
3.114507,BUFFER,310,,,,308224,held=7
3.114765,BUFFER,311,,,,308224,held=8
3.127998,BUFFER,312,,,,308224,held=9
3.135278,BUFFER,313,,,,308224,held=10
3.135584,BUFFER,314,,,,308224,held=11
3.155101,BUFFER,315,,,,308224,held=12
3.156279,BUFFER,301,,,,308224,held=13
3.156306,DELIVER,301,,,,309248,
3.156604,BUFFER,316,,,,309248,held=13
3.156883,BUFFER,302,,,,309248,held=14
3.156893,DELIVER,302,,,,310272,
3.156900,DELIVER,303,,,,311296,
3.156906,DELIVER,304,,,,312320,
3.156912,DELIVER,305,,,,313344,
3.156921,DELIVER,306,,,,314368,
3.156927,DELIVER,307,,,,315392,
3.157208,BUFFER,317,,,,315392,held=9
3.163861,DUP,301,,,,315392,
3.164188,BUFFER,318,,,,315392,held=10
3.164514,BUFFER,319,,,,315392,held=11
3.164538,NAK,308,,,,315392,
3.164838,BUFFER,320,,,,315392,held=12
3.165077,BUFFER,308,,,,315392,held=13
3.165094,DELIVER,308,,,,316416,
3.165104,DELIVER,309,,,,317440,
3.165110,DELIVER,310,,,,318464,
3.165117,DELIVER,311,,,,319488,
3.165127,DELIVER,312,,,,320512,
3.165132,DELIVER,313,,,,321536,
3.165141,DELIVER,314,,,,322560,
3.165147,DELIVER,315,,,,323584,
3.165153,DELIVER,316,,,,324608,
3.165159,DELIVER,317,,,,325632,
3.165164,DELIVER,318,,,,326656,
3.165169,DELIVER,319,,,,327680,
3.165175,DELIVER,320,,,,328704,
3.165449,BUFFER,321,,,,328704,held=1
3.165458,DELIVER,321,,,,329728,
3.165729,BUFFER,322,,,,329728,held=1
3.165737,DELIVER,322,,,,330752,
3.165997,BUFFER,323,,,,330752,held=1
3.166005,DELIVER,323,,,,331776,
3.170884,BUFFER,324,,,,331776,held=1
3.170910,DELIVER,324,,,,332800,
3.184282,BUFFER,325,,,,332800,held=1
3.184308,DELIVER,325,,,,333824,
3.184619,BUFFER,326,,,,333824,held=1
3.184634,DELIVER,326,,,,334848,
3.205104,BUFFER,327,,,,334848,held=1
3.205135,DELIVER,327,,,,335872,
3.205684,BUFFER,328,,,,335872,held=1
3.205698,DELIVER,328,,,,336896,
3.205994,BUFFER,329,,,,336896,held=1
3.206007,DELIVER,329,,,,337920,
3.206359,BUFFER,330,,,,337920,held=1
3.206373,DELIVER,330,,,,338944,
3.206689,BUFFER,331,,,,338944,held=1
3.206704,DELIVER,331,,,,339968,
3.213655,BUFFER,332,,,,339968,held=1
3.213773,DELIVER,332,,,,340992,
3.214154,BUFFER,333,,,,340992,held=1
3.214164,DELIVER,333,,,,342016,
3.214486,DUP,308,,,,342016,
3.218862,BUFFER,334,,,,342016,held=1
3.218888,DELIVER,334,,,,343040,
3.219431,BUFFER,335,,,,343040,held=1
3.219455,DELIVER,335,,,,344064,
3.219816,BUFFER,336,,,,344064,held=1
3.219835,DELIVER,336,,,,345088,
3.220567,BUFFER,337,,,,345088,held=1
3.220582,DELIVER,337,,,,346112,
3.221540,BUFFER,338,,,,346112,held=1
3.221556,DELIVER,338,,,,347136,
3.221822,BUFFER,339,,,,347136,held=1
3.221829,DELIVER,339,,,,348160,
3.222121,BUFFER,340,,,,348160,held=1
3.222134,DELIVER,340,,,,349184,
3.227455,BUFFER,341,,,,349184,held=1
3.227501,DELIVER,341,,,,350208,
3.227892,BUFFER,342,,,,350208,held=1
3.227906,DELIVER,342,,,,351232,
3.247574,BUFFER,343,,,,351232,held=1
3.247605,DELIVER,343,,,,352256,
3.249614,BUFFER,344,,,,352256,held=1
3.249633,DELIVER,344,,,,353280,
3.249928,BUFFER,345,,,,353280,held=1
3.249937,DELIVER,345,,,,354304,
3.254378,BUFFER,346,,,,354304,held=1
3.254398,DELIVER,346,,,,355328,
3.254830,BUFFER,347,,,,355328,held=1
3.254845,DELIVER,347,,,,356352,
3.255104,BUFFER,348,,,,356352,held=1
3.255112,DELIVER,348,,,,357376,
3.255432,BUFFER,349,,,,357376,held=1
3.255440,DELIVER,349,,,,358400,
3.259999,BUFFER,350,,,,358400,held=1
3.260024,DELIVER,350,,,,359424,
3.264631,BUFFER,351,,,,359424,held=1
3.264846,DELIVER,351,,,,360448,
3.265173,BUFFER,352,,,,360448,held=1
3.265194,DELIVER,352,,,,361472,
3.271069,BUFFER,353,,,,361472,held=1
3.271100,DELIVER,353,,,,362496,
3.271376,BUFFER,354,,,,362496,held=1
3.271389,DELIVER,354,,,,363520,
3.271597,BUFFER,355,,,,363520,held=1
3.271604,DELIVER,355,,,,364544,
3.271975,BUFFER,356,,,,364544,held=1
3.271987,DELIVER,356,,,,365568,
3.272319,BUFFER,357,,,,365568,held=1
3.272329,DELIVER,357,,,,366592,
3.272559,BUFFER,358,,,,366592,held=1
3.272566,DELIVER,358,,,,367616,
3.276912,BUFFER,359,,,,367616,held=1
3.276938,DELIVER,359,,,,368640,
3.296196,BUFFER,360,,,,368640,held=1
3.296232,DELIVER,360,,,,369664,
3.296487,BUFFER,361,,,,369664,held=1
3.296496,DELIVER,361,,,,370688,
3.296749,BUFFER,362,,,,370688,held=1
3.296761,DELIVER,362,,,,371712,
3.302201,BUFFER,363,,,,371712,held=1
3.302224,DELIVER,363,,,,372736,
3.303507,BUFFER,365,,,,372736,held=1
3.303540,NAK,364,,,,372736,
3.303862,BUFFER,366,,,,372736,held=2
3.307514,BUFFER,367,,,,372736,held=3
3.312985,DUP,349,,,,372736,
3.313290,BUFFER,368,,,,372736,held=4
3.314113,BUFFER,369,,,,372736,held=5
3.314348,BUFFER,370,,,,372736,held=6
3.314588,BUFFER,371,,,,372736,held=7
3.327179,BUFFER,372,,,,372736,held=8
3.327484,BUFFER,373,,,,372736,held=9
3.327752,BUFFER,374,,,,372736,held=10
3.350453,BUFFER,375,,,,372736,held=11
3.350910,BUFFER,376,,,,372736,held=12
3.351975,BUFFER,377,,,,372736,held=13
3.352623,BUFFER,378,,,,372736,held=14
3.353128,BUFFER,379,,,,372736,held=15
3.353156,NAK,364,,,,372736,
3.353592,BUFFER,364,,,,372736,held=16
3.353606,DELIVER,364,,,,373760,
3.353613,DELIVER,365,,,,374784,
3.353620,DELIVER,366,,,,375808,
3.353626,DELIVER,367,,,,376832,
3.353632,DELIVER,368,,,,377856,
3.353637,DELIVER,369,,,,378880,
3.353642,DELIVER,370,,,,379904,
3.353648,DELIVER,371,,,,380928,
3.353654,DELIVER,372,,,,381952,
3.353661,DELIVER,373,,,,382976,
3.353666,DELIVER,374,,,,384000,
3.353672,DELIVER,375,,,,385024,
3.353677,DELIVER,376,,,,386048,
3.353683,DELIVER,377,,,,387072,
3.353689,DELIVER,378,,,,388096,
3.353694,DELIVER,379,,,,389120,
3.354006,BUFFER,380,,,,389120,held=1
3.354018,DELIVER,380,,,,390144,
3.354418,BUFFER,381,,,,390144,held=1
3.354440,DELIVER,381,,,,391168,
3.354887,BUFFER,382,,,,391168,held=1
3.354902,DELIVER,382,,,,392192,
3.369094,DUP,364,,,,392192,
3.369488,BUFFER,383,,,,392192,held=1
3.369507,DELIVER,383,,,,393216,
3.369876,BUFFER,384,,,,393216,held=1
3.370188,DELIVER,384,,,,394240,
3.370480,BUFFER,385,,,,394240,held=1
3.370490,DELIVER,385,,,,395264,
3.370769,BUFFER,386,,,,395264,held=1
3.370780,DELIVER,386,,,,396288,
3.376385,BUFFER,387,,,,396288,held=1
3.376407,DELIVER,387,,,,397312,
3.376702,BUFFER,388,,,,397312,held=1
3.376714,DELIVER,388,,,,398336,
3.378772,BUFFER,389,,,,398336,held=1
3.378783,DELIVER,389,,,,399360,
3.396531,BUFFER,390,,,,399360,held=1
3.396552,DELIVER,390,,,,400384,
3.396799,BUFFER,391,,,,400384,held=1
3.396807,DELIVER,391,,,,401408,
3.402275,DUP,364,,,,401408,
3.403279,BUFFER,392,,,,401408,held=1
3.403330,DELIVER,392,,,,402432,
3.404271,BUFFER,393,,,,402432,held=1
3.404307,DELIVER,393,,,,403456,
3.404583,BUFFER,394,,,,403456,held=1
3.404595,DELIVER,394,,,,404480,
3.404828,DUP,369,,,,404480,
3.405098,BUFFER,395,,,,404480,held=1
3.405120,DELIVER,395,,,,405504,
3.405406,BUFFER,396,,,,405504,held=1
3.405419,DELIVER,396,,,,406528,
3.416656,BUFFER,397,,,,406528,held=1
3.416681,DELIVER,397,,,,407552,
3.417032,BUFFER,399,,,,407552,held=1
3.417055,NAK,398,,,,407552,
3.417848,BUFFER,400,,,,407552,held=2
3.418255,BUFFER,401,,,,407552,held=3
3.423957,BUFFER,402,,,,407552,held=4
3.424270,BUFFER,403,,,,407552,held=5
3.441768,BUFFER,404,,,,407552,held=6
3.450980,BUFFER,405,,,,407552,held=7
3.451519,BUFFER,406,,,,407552,held=8
3.451917,BUFFER,407,,,,407552,held=9
3.452282,BUFFER,408,,,,407552,held=10
3.452891,BUFFER,409,,,,407552,held=11
3.453452,BUFFER,410,,,,407552,held=12
3.455144,DUP,386,,,,407552,
3.462750,BUFFER,411,,,,407552,held=13
3.463063,BUFFER,398,,,,407552,held=14
3.463077,DELIVER,398,,,,408576,
3.463084,DELIVER,399,,,,409600,
3.463091,DELIVER,400,,,,410624,
3.463096,DELIVER,401,,,,411648,
3.463102,DELIVER,402,,,,412672,
3.463108,DELIVER,403,,,,413696,
3.463114,DELIVER,404,,,,414720,
3.463119,DELIVER,405,,,,415744,
3.463125,DELIVER,406,,,,416768,
3.463131,DELIVER,407,,,,417792,
3.463136,DELIVER,408,,,,418816,
3.463142,DELIVER,409,,,,419840,
3.463149,DELIVER,410,,,,420864,
3.463154,DELIVER,411,,,,421888,
3.465281,BUFFER,412,,,,421888,held=1
3.465302,DELIVER,412,,,,422912,
3.469242,BUFFER,413,,,,422912,held=1
3.469275,DELIVER,413,,,,423936,
3.470246,BUFFER,414,,,,423936,held=1
3.470274,DELIVER,414,,,,424960,
3.470772,BUFFER,415,,,,424960,held=1
3.470788,DELIVER,415,,,,425984,
3.471570,BUFFER,416,,,,425984,held=1
3.471592,DELIVER,416,,,,427008,
3.473129,BUFFER,417,,,,427008,held=1
3.473151,DELIVER,417,,,,428032,
3.483115,BUFFER,418,,,,428032,held=1
3.483145,DELIVER,418,,,,429056,
3.499506,BUFFER,419,,,,429056,held=1
3.499535,DELIVER,419,,,,430080,
3.499934,BUFFER,420,,,,430080,held=1
3.499947,DELIVER,420,,,,431104,
3.500262,BUFFER,421,,,,431104,held=1
3.500277,DELIVER,421,,,,432128,
3.500607,BUFFER,422,,,,432128,held=1
3.500618,DELIVER,422,,,,433152,
3.501075,BUFFER,423,,,,433152,held=1
3.501088,DELIVER,423,,,,434176,
3.505230,BUFFER,424,,,,434176,held=1
3.505258,DELIVER,424,,,,435200,
3.506065,BUFFER,425,,,,435200,held=1
3.506085,DELIVER,425,,,,436224,
3.506342,DUP,391,,,,436224,
3.508719,BUFFER,426,,,,436224,held=1
3.508754,DELIVER,426,,,,437248,
3.509048,DUP,391,,,,437248,
3.509304,BUFFER,427,,,,437248,held=1
3.509314,DELIVER,427,,,,438272,
3.510465,BUFFER,428,,,,438272,held=1
3.510480,DELIVER,428,,,,439296,
3.510776,BUFFER,429,,,,439296,held=1
3.510788,DELIVER,429,,,,440320,
3.511080,BUFFER,430,,,,440320,held=1
3.511088,DELIVER,430,,,,441344,
3.515420,BUFFER,431,,,,441344,held=1
3.515537,DELIVER,431,,,,442368,
3.521563,BUFFER,432,,,,442368,held=1
3.521590,DELIVER,432,,,,443392,
3.521937,BUFFER,433,,,,443392,held=1
3.521958,DELIVER,433,,,,444416,
3.522353,BUFFER,434,,,,444416,held=1
3.522369,DELIVER,434,,,,445440,
3.526668,BUFFER,435,,,,445440,held=1
3.526688,DELIVER,435,,,,446464,
3.539567,BUFFER,436,,,,446464,held=1
3.539579,DELIVER,436,,,,447488,
3.547839,BUFFER,437,,,,447488,held=1
3.547867,DELIVER,437,,,,448512,
3.554685,BUFFER,438,,,,448512,held=1
3.554709,DELIVER,438,,,,449536,
3.555160,BUFFER,439,,,,449536,held=1
3.555170,DELIVER,439,,,,450560,
3.555608,BUFFER,440,,,,450560,held=1
3.555623,DELIVER,440,,,,451584,
3.555849,BUFFER,441,,,,451584,held=1
3.555857,DELIVER,441,,,,452608,
3.556087,BUFFER,442,,,,452608,held=1
3.556094,DELIVER,442,,,,453632,
3.556291,BUFFER,443,,,,453632,held=1
3.556298,DELIVER,443,,,,454656,
3.563059,DUP,419,,,,454656,
3.563337,BUFFER,444,,,,454656,held=1
3.563354,DELIVER,444,,,,455680,
3.563735,BUFFER,445,,,,455680,held=1
3.563759,DELIVER,445,,,,456704,
3.564384,BUFFER,446,,,,456704,held=1
3.564408,DELIVER,446,,,,457728,
3.564721,BUFFER,447,,,,457728,held=1
3.564731,DELIVER,447,,,,458752,
3.569938,BUFFER,448,,,,458752,held=1
3.569967,DELIVER,448,,,,459776,
3.571001,BUFFER,449,,,,459776,held=1
3.571013,DELIVER,449,,,,460800,
3.571303,BUFFER,450,,,,460800,held=1
3.571311,DELIVER,450,,,,461824,
3.575945,BUFFER,451,,,,461824,held=1
3.575955,DELIVER,451,,,,462848,
3.576214,BUFFER,452,,,,462848,held=1
3.576221,DELIVER,452,,,,463872,
3.589431,BUFFER,453,,,,463872,held=1
3.589455,DELIVER,453,,,,464896,
3.602389,BUFFER,454,,,,464896,held=1
3.602413,DELIVER,454,,,,465920,
3.605145,BUFFER,455,,,,465920,held=1
3.605169,DELIVER,455,,,,466944,
3.605421,BUFFER,456,,,,466944,held=1
3.605428,DELIVER,456,,,,467968,
3.606465,BUFFER,457,,,,467968,held=1
3.606484,DELIVER,457,,,,468992,
3.606698,BUFFER,458,,,,468992,held=1
3.606707,DELIVER,458,,,,470016,
3.612089,BUFFER,459,,,,470016,held=1
3.612118,DELIVER,459,,,,471040,
3.612358,BUFFER,460,,,,471040,held=1
3.612365,DELIVER,460,,,,472064,
3.612730,BUFFER,461,,,,472064,held=1
3.612742,DELIVER,461,,,,473088,
3.618238,BUFFER,462,,,,473088,held=1
3.618264,DELIVER,462,,,,474112,
3.618508,BUFFER,463,,,,474112,held=1
3.618520,DELIVER,463,,,,475136,
3.618919,BUFFER,464,,,,475136,held=1
3.618933,DELIVER,464,,,,476160,
3.619260,BUFFER,465,,,,476160,held=1
3.619270,DELIVER,465,,,,477184,
3.622007,BUFFER,466,,,,477184,held=1
3.622035,DELIVER,466,,,,478208,
3.623005,BUFFER,467,,,,478208,held=1
3.623031,DELIVER,467,,,,479232,
3.623329,BUFFER,468,,,,479232,held=1
3.623339,DELIVER,468,,,,480256,
3.641302,BUFFER,470,,,,480256,held=1
3.641336,NAK,469,,,,480256,
3.641562,BUFFER,471,,,,480256,held=2
3.644440,BUFFER,472,,,,480256,held=3
3.653309,BUFFER,473,,,,480256,held=4
3.654376,BUFFER,474,,,,480256,held=5
3.656782,BUFFER,475,,,,480256,held=6
3.660588,BUFFER,476,,,,480256,held=7
3.660961,BUFFER,477,,,,480256,held=8
3.662386,BUFFER,478,,,,480256,held=9
3.662797,BUFFER,479,,,,480256,held=10
3.664447,BUFFER,480,,,,480256,held=11
3.664881,BUFFER,481,,,,480256,held=12
3.668132,BUFFER,482,,,,480256,held=13
3.668807,BUFFER,484,,,,480256,held=14
3.668863,NAK,483,,,,480256,
3.669528,BUFFER,485,,,,480256,held=15
3.670012,BUFFER,486,,,,480256,held=16
3.683475,BUFFER,469,,,,480256,held=17
3.683519,DELIVER,469,,,,481280,
3.683529,DELIVER,470,,,,482304,
3.683538,DELIVER,471,,,,483328,
3.683546,DELIVER,472,,,,484352,
3.683554,DELIVER,473,,,,485376,
3.683561,DELIVER,474,,,,486400,
3.683568,DELIVER,475,,,,487424,
3.683575,DELIVER,476,,,,488448,
3.683583,DELIVER,477,,,,489472,
3.683590,DELIVER,478,,,,490496,
3.683598,DELIVER,479,,,,491520,
3.683605,DELIVER,480,,,,492544,
3.683704,DELIVER,481,,,,493568,
3.683717,DELIVER,482,,,,494592,
3.696974,BUFFER,487,,,,494592,held=4
3.697424,BUFFER,488,,,,494592,held=5
3.703665,BUFFER,489,,,,494592,held=6
3.705417,BUFFER,490,,,,494592,held=7
3.705980,BUFFER,491,,,,494592,held=8
3.712683,BUFFER,492,,,,494592,held=9
3.713091,BUFFER,493,,,,494592,held=10
3.714092,BUFFER,494,,,,494592,held=11
3.714471,BUFFER,495,,,,494592,held=12
3.714926,BUFFER,496,,,,494592,held=13
3.715415,BUFFER,483,,,,494592,held=14
3.715459,DELIVER,483,,,,495616,
3.715470,DELIVER,484,,,,496640,
3.715477,DELIVER,485,,,,497664,
3.715487,DELIVER,486,,,,498688,
3.715495,DELIVER,487,,,,499712,
3.715502,DELIVER,488,,,,500736,
3.715510,DELIVER,489,,,,501760,
3.715517,DELIVER,490,,,,502784,
3.715524,DELIVER,491,,,,503808,
3.715531,DELIVER,492,,,,504832,
3.715538,DELIVER,493,,,,505856,
3.715545,DELIVER,494,,,,506880,
3.715553,DELIVER,495,,,,507904,
3.715559,DELIVER,496,,,,508928,
3.716034,BUFFER,497,,,,508928,held=1
3.716054,DELIVER,497,,,,509952,
3.716607,BUFFER,498,,,,509952,held=1
3.716626,DELIVER,498,,,,510976,
3.717231,BUFFER,499,,,,510976,held=1
3.717260,DELIVER,499,,,,512000,
3.726783,BUFFER,500,,,,512000,held=1
3.726815,DELIVER,500,,,,513024,
3.746279,DUP,476,,,,513024,
3.747403,BUFFER,501,,,,513024,held=1
3.747426,DELIVER,501,,,,514048,
3.747767,BUFFER,502,,,,514048,held=1
3.747778,DELIVER,502,,,,515072,
3.748103,BUFFER,503,,,,515072,held=1
3.748115,DELIVER,503,,,,516096,
3.750650,BUFFER,504,,,,516096,held=1
3.750682,DELIVER,504,,,,517120,
3.751252,BUFFER,505,,,,517120,held=1
3.751280,DELIVER,505,,,,518144,
3.751783,BUFFER,506,,,,518144,held=1
3.751800,DELIVER,506,,,,519168,
3.752357,BUFFER,508,,,,519168,held=1
3.752383,NAK,507,,,,519168,
3.762624,BUFFER,509,,,,519168,held=2
3.769187,BUFFER,510,,,,519168,held=3
3.769520,BUFFER,511,,,,519168,held=4
3.769846,BUFFER,512,,,,519168,held=5
3.770642,BUFFER,513,,,,519168,held=6
3.771017,BUFFER,514,,,,519168,held=7
3.771309,BUFFER,515,,,,519168,held=8
3.771668,DUP,484,,,,519168,
3.772059,BUFFER,516,,,,519168,held=9
3.793182,BUFFER,517,,,,519168,held=10
3.797360,BUFFER,518,,,,519168,held=11
3.797677,DUP,484,,,,519168,
3.797982,BUFFER,507,,,,519168,held=12
3.798004,DELIVER,507,,,,520192,
3.798013,DELIVER,508,,,,521216,
3.798020,DELIVER,509,,,,522240,
3.798027,DELIVER,510,,,,523264,
3.798033,DELIVER,511,,,,524288,
3.798217,DELIVER,512,,,,525312,
3.798227,DELIVER,513,,,,526336,
3.798233,DELIVER,514,,,,527360,
3.798241,DELIVER,515,,,,528384,
3.798249,DELIVER,516,,,,529408,
3.798257,DELIVER,517,,,,530432,
3.798262,DELIVER,518,,,,531456,
3.798562,BUFFER,519,,,,531456,held=1
3.798571,DELIVER,519,,,,532480,
3.801309,BUFFER,520,,,,532480,held=1
3.801331,DELIVER,520,,,,533504,
3.801584,BUFFER,521,,,,533504,held=1
3.801591,DELIVER,521,,,,534528,
3.801813,BUFFER,522,,,,534528,held=1
3.801821,DELIVER,522,,,,535552,
3.809492,BUFFER,524,,,,535552,held=1
3.809528,NAK,523,,,,535552,
3.809790,BUFFER,525,,,,535552,held=2
3.811556,BUFFER,526,,,,535552,held=3
3.816691,BUFFER,528,,,,535552,held=4
3.816726,NAK,527,,,,535552,
3.816963,BUFFER,529,,,,535552,held=5
3.819731,BUFFER,530,,,,535552,held=6
3.820463,BUFFER,531,,,,535552,held=7
3.838485,BUFFER,532,,,,535552,held=8
3.843103,DUP,501,,,,535552,
3.843582,BUFFER,533,,,,535552,held=9
3.843916,DUP,503,,,,535552,
3.854609,BUFFER,534,,,,535552,held=10
3.854860,BUFFER,535,,,,535552,held=11
3.855062,BUFFER,536,,,,535552,held=12
3.855268,BUFFER,537,,,,535552,held=13
3.855468,BUFFER,523,,,,535552,held=14
3.855479,DELIVER,523,,,,536576,
3.855484,DELIVER,524,,,,537600,
3.855489,DELIVER,525,,,,538624,
3.855626,DELIVER,526,,,,539648,
3.855830,BUFFER,538,,,,539648,held=11
3.856281,BUFFER,539,,,,539648,held=12
3.858333,DUP,511,,,,539648,
3.869976,BUFFER,527,,,,539648,held=13
3.870005,DELIVER,527,,,,540672,
3.870012,DELIVER,528,,,,541696,
3.870017,DELIVER,529,,,,542720,
3.870022,DELIVER,530,,,,543744,
3.870027,DELIVER,531,,,,544768,
3.870031,DELIVER,532,,,,545792,
3.870036,DELIVER,533,,,,546816,
3.870041,DELIVER,534,,,,547840,
3.870046,DELIVER,535,,,,548864,
3.870051,DELIVER,536,,,,549888,
3.870056,DELIVER,537,,,,550912,
3.870060,DELIVER,538,,,,551936,
3.870065,DELIVER,539,,,,552960,
3.870330,BUFFER,540,,,,552960,held=1
3.870448,DELIVER,540,,,,553984,
3.871057,BUFFER,541,,,,553984,held=1
3.871071,DELIVER,541,,,,555008,
3.882010,BUFFER,542,,,,555008,held=1
3.882033,DELIVER,542,,,,556032,
3.886642,BUFFER,543,,,,556032,held=1
3.886664,DELIVER,543,,,,557056,
3.895384,BUFFER,544,,,,557056,held=1
3.895412,DELIVER,544,,,,558080,
3.895704,BUFFER,545,,,,558080,held=1
3.895716,DELIVER,545,,,,559104,
3.905289,BUFFER,546,,,,559104,held=1
3.905302,DELIVER,546,,,,560128,
3.905649,BUFFER,547,,,,560128,held=1
3.905668,DELIVER,547,,,,561152,
3.907833,DUP,511,,,,561152,
3.909560,BUFFER,548,,,,561152,held=1
3.909573,DELIVER,548,,,,562176,
3.909870,BUFFER,549,,,,562176,held=1
3.909880,DELIVER,549,,,,563200,
3.910174,BUFFER,550,,,,563200,held=1
3.910181,DELIVER,550,,,,564224,
3.910491,BUFFER,551,,,,564224,held=1
3.910500,DELIVER,551,,,,565248,
3.910806,BUFFER,552,,,,565248,held=1
3.910815,DELIVER,552,,,,566272,
3.911118,BUFFER,553,,,,566272,held=1
3.911126,DELIVER,553,,,,567296,
3.911408,BUFFER,554,,,,567296,held=1
3.911415,DELIVER,554,,,,568320,
3.912867,BUFFER,555,,,,568320,held=1
3.912897,DELIVER,555,,,,569344,
3.913953,BUFFER,556,,,,569344,held=1
3.913973,DELIVER,556,,,,570368,
3.914452,BUFFER,557,,,,570368,held=1
3.914463,DELIVER,557,,,,571392,
3.926160,DUP,529,,,,571392,
3.927634,BUFFER,558,,,,571392,held=1
3.927657,DELIVER,558,,,,572416,
3.927912,DUP,530,,,,572416,
3.942937,BUFFER,560,,,,572416,held=1
3.942960,NAK,559,,,,572416,
3.943219,BUFFER,561,,,,572416,held=2
3.949628,BUFFER,562,,,,572416,held=3
3.949913,BUFFER,563,,,,572416,held=4
3.968180,BUFFER,564,,,,572416,held=5
3.968552,BUFFER,565,,,,572416,held=6
3.971837,BUFFER,566,,,,572416,held=7
3.972156,BUFFER,567,,,,572416,held=8
3.972421,BUFFER,568,,,,572416,held=9
3.972678,BUFFER,569,,,,572416,held=10
3.972934,BUFFER,570,,,,572416,held=11
3.973187,BUFFER,571,,,,572416,held=12
3.973438,BUFFER,572,,,,572416,held=13
3.973690,BUFFER,573,,,,572416,held=14
3.973916,BUFFER,574,,,,572416,held=15
3.974112,BUFFER,576,,,,572416,held=16
3.974126,NAK,575,,,,572416,
3.974324,BUFFER,577,,,,572416,held=17
3.995571,BUFFER,578,,,,572416,held=18
3.995600,NAK,559,,,,572416,
3.999555,BUFFER,559,,,,572416,held=19
3.999574,DELIVER,559,,,,573440,
3.999583,DELIVER,560,,,,574464,
3.999589,DELIVER,561,,,,575488,
3.999598,DELIVER,562,,,,576512,
3.999604,DELIVER,563,,,,577536,
3.999610,DELIVER,564,,,,578560,
3.999617,DELIVER,565,,,,579584,
3.999623,DELIVER,566,,,,580608,
3.999630,DELIVER,567,,,,581632,
3.999637,DELIVER,568,,,,582656,
3.999643,DELIVER,569,,,,583680,
3.999650,DELIVER,570,,,,584704,
3.999656,DELIVER,571,,,,585728,
3.999662,DELIVER,572,,,,586752,
3.999669,DELIVER,573,,,,587776,
3.999676,DELIVER,574,,,,588800,
4.000193,DUP,559,,,,588800,
4.002743,BUFFER,579,,,,588800,held=4
4.022490,BUFFER,575,,,,588800,held=5
4.022508,DELIVER,575,,,,589824,
4.022514,DELIVER,576,,,,590848,
4.022527,DELIVER,577,,,,591872,
4.022532,DELIVER,578,,,,592896,
4.022537,DELIVER,579,,,,593920,
4.022885,BUFFER,580,,,,593920,held=1
4.022897,DELIVER,580,,,,594944,
4.023130,BUFFER,581,,,,594944,held=1
4.023138,DELIVER,581,,,,595968,
4.023387,BUFFER,582,,,,595968,held=1
4.023398,DELIVER,582,,,,596992,
4.023620,BUFFER,585,,,,596992,held=1
4.023639,NAK,583,,,,596992,
4.023653,NAK,584,,,,596992,
4.023871,BUFFER,586,,,,596992,held=2
4.024124,BUFFER,587,,,,596992,held=3
4.024360,BUFFER,588,,,,596992,held=4
4.024587,BUFFER,589,,,,596992,held=5
4.024821,BUFFER,590,,,,596992,held=6
4.025052,BUFFER,591,,,,596992,held=7
4.025325,BUFFER,592,,,,596992,held=8
4.036379,BUFFER,593,,,,596992,held=9
4.038514,DUP,559,,,,596992,
4.045006,BUFFER,594,,,,596992,held=10
4.045738,BUFFER,595,,,,596992,held=11
4.057828,DUP,572,,,,596992,
4.062184,BUFFER,596,,,,596992,held=12
4.074506,BUFFER,583,,,,596992,held=13
4.074536,DELIVER,583,,,,598016,
4.074555,NAK,584,,,,598016,
4.075167,BUFFER,584,,,,598016,held=13
4.075182,DELIVER,584,,,,599040,
4.075188,DELIVER,585,,,,600064,
4.075193,DELIVER,586,,,,601088,
4.075198,DELIVER,587,,,,602112,
4.075203,DELIVER,588,,,,603136,
4.075208,DELIVER,589,,,,604160,
4.075213,DELIVER,590,,,,605184,
4.075218,DELIVER,591,,,,606208,
4.075222,DELIVER,592,,,,607232,
4.075227,DELIVER,593,,,,608256,
4.075232,DELIVER,594,,,,609280,
4.075240,DELIVER,595,,,,610304,
4.075245,DELIVER,596,,,,611328,
4.075518,BUFFER,598,,,,611328,held=1
4.075544,NAK,597,,,,611328,
4.075778,BUFFER,599,,,,611328,held=2
4.075988,BUFFER,600,,,,611328,held=3
4.088352,BUFFER,601,,,,611328,held=4
4.088604,BUFFER,602,,,,611328,held=5
4.088856,BUFFER,603,,,,611328,held=6
4.089083,BUFFER,604,,,,611328,held=7
4.089347,BUFFER,605,,,,611328,held=8
4.089602,BUFFER,606,,,,611328,held=9
4.089855,BUFFER,607,,,,611328,held=10
4.090179,BUFFER,608,,,,611328,held=11
4.090446,BUFFER,609,,,,611328,held=12
4.090730,BUFFER,610,,,,611328,held=13
4.112701,BUFFER,612,,,,611328,held=14
4.112731,NAK,611,,,,611328,
4.112977,DUP,584,,,,611328,
4.118818,BUFFER,613,,,,611328,held=15
4.119196,BUFFER,614,,,,611328,held=16
4.122713,BUFFER,597,,,,611328,held=17
4.122746,DELIVER,597,,,,612352,
4.122753,DELIVER,598,,,,613376,
4.122758,DELIVER,599,,,,614400,
4.122764,DELIVER,600,,,,615424,
4.122770,DELIVER,601,,,,616448,
4.122775,DELIVER,602,,,,617472,
4.122779,DELIVER,603,,,,618496,
4.122784,DELIVER,604,,,,619520,
4.122789,DELIVER,605,,,,620544,
4.122794,DELIVER,606,,,,621568,
4.122799,DELIVER,607,,,,622592,
4.122803,DELIVER,608,,,,623616,
4.122808,DELIVER,609,,,,624640,
4.122812,DELIVER,610,,,,625664,
4.123081,BUFFER,615,,,,625664,held=4
4.123322,BUFFER,616,,,,625664,held=5
4.123626,DUP,592,,,,625664,
4.131703,BUFFER,617,,,,625664,held=6
4.131953,BUFFER,618,,,,625664,held=7
4.132245,BUFFER,619,,,,625664,held=8
4.133488,BUFFER,620,,,,625664,held=9
4.133891,BUFFER,621,,,,625664,held=10
4.141728,BUFFER,622,,,,625664,held=11
4.142076,BUFFER,623,,,,625664,held=12
4.154879,BUFFER,611,,,,625664,held=13
4.154904,DELIVER,611,,,,626688,
4.154911,DELIVER,612,,,,627712,
4.154916,DELIVER,613,,,,628736,
4.154923,DELIVER,614,,,,629760,
4.154928,DELIVER,615,,,,630784,
4.154933,DELIVER,616,,,,631808,
4.154938,DELIVER,617,,,,632832,
4.154942,DELIVER,618,,,,633856,
4.154947,DELIVER,619,,,,634880,
4.154952,DELIVER,620,,,,635904,
4.154956,DELIVER,621,,,,636928,
4.154961,DELIVER,622,,,,637952,
4.154967,DELIVER,623,,,,638976,
4.156934,BUFFER,624,,,,638976,held=1
4.156952,DELIVER,624,,,,640000,
4.157196,BUFFER,625,,,,640000,held=1
4.157207,DELIVER,625,,,,641024,
4.169361,BUFFER,627,,,,641024,held=1
4.169388,NAK,626,,,,641024,
4.171355,BUFFER,628,,,,641024,held=2
4.171605,BUFFER,629,,,,641024,held=3
4.176340,BUFFER,630,,,,641024,held=4
4.176788,BUFFER,631,,,,641024,held=5
4.177043,BUFFER,632,,,,641024,held=6
4.179410,DUP,601,,,,641024,
4.179666,BUFFER,633,,,,641024,held=7
4.179915,BUFFER,634,,,,641024,held=8
4.181904,BUFFER,635,,,,641024,held=9
4.182242,BUFFER,636,,,,641024,held=10
4.182480,DUP,604,,,,641024,
4.186588,BUFFER,637,,,,641024,held=11
4.194351,BUFFER,638,,,,641024,held=12
4.204939,BUFFER,639,,,,641024,held=13
4.206746,BUFFER,640,,,,641024,held=14
4.207031,BUFFER,641,,,,641024,held=15
4.210266,BUFFER,626,,,,641024,held=16
4.210290,DELIVER,626,,,,642048,
4.210297,DELIVER,627,,,,643072,
4.210302,DELIVER,628,,,,644096,
4.210308,DELIVER,629,,,,645120,
4.210313,DELIVER,630,,,,646144,
4.210318,DELIVER,631,,,,647168,
4.210323,DELIVER,632,,,,648192,
4.210327,DELIVER,633,,,,649216,
4.210332,DELIVER,634,,,,650240,
4.210337,DELIVER,635,,,,651264,
4.210342,DELIVER,636,,,,652288,
4.210351,DELIVER,637,,,,653312,
4.210356,DELIVER,638,,,,654336,
4.210360,DELIVER,639,,,,655360,
4.210455,DELIVER,640,,,,656384,
4.210462,DELIVER,641,,,,657408,
4.220497,BUFFER,642,,,,657408,held=1
4.220554,DELIVER,642,,,,658432,
4.220908,BUFFER,643,,,,658432,held=1
4.220925,DELIVER,643,,,,659456,
4.221181,BUFFER,644,,,,659456,held=1
4.221192,DELIVER,644,,,,660480,
4.221448,BUFFER,645,,,,660480,held=1
4.221456,DELIVER,645,,,,661504,
4.226383,BUFFER,646,,,,661504,held=1
4.226400,DELIVER,646,,,,662528,
4.226975,BUFFER,647,,,,662528,held=1
4.226990,DELIVER,647,,,,663552,
4.228269,BUFFER,649,,,,663552,held=1
4.228294,NAK,648,,,,663552,
4.228566,BUFFER,650,,,,663552,held=2
4.228845,BUFFER,651,,,,663552,held=3
4.229094,BUFFER,652,,,,663552,held=4
4.229342,BUFFER,653,,,,663552,held=5
4.235874,BUFFER,654,,,,663552,held=6
4.236183,BUFFER,655,,,,663552,held=7
4.239022,BUFFER,656,,,,663552,held=8
4.241437,BUFFER,657,,,,663552,held=9
4.251389,BUFFER,658,,,,663552,held=10
4.253291,BUFFER,659,,,,663552,held=11
4.253599,BUFFER,660,,,,663552,held=12
4.264666,BUFFER,661,,,,663552,held=13
4.265902,BUFFER,662,,,,663552,held=14
4.271370,DUP,572,,,,663552,
4.271806,BUFFER,663,,,,663552,held=15
4.272238,BUFFER,664,,,,663552,held=16
4.274623,BUFFER,665,,,,663552,held=17
4.275008,BUFFER,666,,,,663552,held=18
4.275882,BUFFER,648,,,,663552,held=19
4.275900,DELIVER,648,,,,664576,
4.275909,DELIVER,649,,,,665600,
4.275917,DELIVER,650,,,,666624,
4.275925,DELIVER,651,,,,667648,
4.275932,DELIVER,652,,,,668672,
4.275939,DELIVER,653,,,,669696,
4.275946,DELIVER,654,,,,670720,
4.275954,DELIVER,655,,,,671744,
4.275961,DELIVER,656,,,,672768,
4.275968,DELIVER,657,,,,673792,
4.275977,DELIVER,658,,,,674816,
4.275984,DELIVER,659,,,,675840,
4.275992,DELIVER,660,,,,676864,
4.275999,DELIVER,661,,,,677888,
4.276006,DELIVER,662,,,,678912,
4.276013,DELIVER,663,,,,679936,
4.276020,DELIVER,664,,,,680960,
4.276027,DELIVER,665,,,,681984,
4.276033,DELIVER,666,,,,683008,
4.276441,BUFFER,667,,,,683008,held=1
4.276453,DELIVER,667,,,,684032,
4.276891,BUFFER,668,,,,684032,held=1
4.276908,DELIVER,668,,,,685056,
4.277264,BUFFER,669,,,,685056,held=1
4.277280,DELIVER,669,,,,686080,
4.283368,BUFFER,672,,,,686080,held=1
4.283395,NAK,670,,,,686080,
4.283406,NAK,671,,,,686080,
4.283626,BUFFER,673,,,,686080,held=2
4.283942,DUP,602,,,,686080,
4.284291,BUFFER,674,,,,686080,held=3
4.287902,BUFFER,675,,,,686080,held=4
4.300932,BUFFER,676,,,,686080,held=5
4.302352,BUFFER,677,,,,686080,held=6
4.302638,BUFFER,678,,,,686080,held=7
4.302944,BUFFER,679,,,,686080,held=8
4.312882,DUP,643,,,,686080,
4.322442,BUFFER,680,,,,686080,held=9
4.322906,BUFFER,681,,,,686080,held=10
4.323291,BUFFER,682,,,,686080,held=11
4.326179,BUFFER,683,,,,686080,held=12
4.326705,BUFFER,684,,,,686080,held=13
4.330576,BUFFER,685,,,,686080,held=14
4.331248,BUFFER,686,,,,686080,held=15
4.331739,BUFFER,687,,,,686080,held=16
4.332235,BUFFER,670,,,,686080,held=17
4.332256,DELIVER,670,,,,687104,
4.338037,BUFFER,689,,,,687104,held=17
4.338079,NAK,671,,,,687104,
4.338104,NAK,688,,,,687104,
4.338537,BUFFER,690,,,,687104,held=18
4.338907,BUFFER,691,,,,687104,held=19
4.341009,DUP,643,,,,687104,
4.344886,BUFFER,692,,,,687104,held=20
4.345167,BUFFER,693,,,,687104,held=21
4.350352,BUFFER,694,,,,687104,held=22
4.350656,BUFFER,695,,,,687104,held=23
4.355335,BUFFER,696,,,,687104,held=24
4.365729,DUP,662,,,,687104,
4.366456,DUP,662,,,,687104,
4.371323,BUFFER,697,,,,687104,held=25
4.371713,BUFFER,698,,,,687104,held=26
4.372137,BUFFER,699,,,,687104,held=27
4.382017,BUFFER,700,,,,687104,held=28
4.382677,BUFFER,701,,,,687104,held=29
4.383286,BUFFER,702,,,,687104,held=30
4.383615,BUFFER,703,,,,687104,held=31
4.383916,BUFFER,704,,,,687104,held=32
4.384154,BUFFER,705,,,,687104,held=33
4.384389,BUFFER,706,,,,687104,held=34
4.384711,BUFFER,671,,,,687104,held=35
4.384723,DELIVER,671,,,,688128,
4.384730,DELIVER,672,,,,689152,
4.384735,DELIVER,673,,,,690176,
4.384742,DELIVER,674,,,,691200,
4.384746,DELIVER,675,,,,692224,
4.384751,DELIVER,676,,,,693248,
4.384756,DELIVER,677,,,,694272,
4.384760,DELIVER,678,,,,695296,
4.384765,DELIVER,679,,,,696320,
4.384769,DELIVER,680,,,,697344,
4.384774,DELIVER,681,,,,698368,
4.384779,DELIVER,682,,,,699392,
4.384783,DELIVER,683,,,,700416,
4.384788,DELIVER,684,,,,701440,
4.384792,DELIVER,685,,,,702464,
4.384796,DELIVER,686,,,,703488,
4.384801,DELIVER,687,,,,704512,
4.385072,BUFFER,688,,,,704512,held=19
4.385081,DELIVER,688,,,,705536,
4.385086,DELIVER,689,,,,706560,
4.385091,DELIVER,690,,,,707584,
4.385095,DELIVER,691,,,,708608,
4.385100,DELIVER,692,,,,709632,
4.385106,DELIVER,693,,,,710656,
4.385111,DELIVER,694,,,,711680,
4.385116,DELIVER,695,,,,712704,
4.385139,DELIVER,696,,,,713728,
4.385144,DELIVER,697,,,,714752,
4.385148,DELIVER,698,,,,715776,
4.385153,DELIVER,699,,,,716800,
4.385157,DELIVER,700,,,,717824,
4.385162,DELIVER,701,,,,718848,
4.385166,DELIVER,702,,,,719872,
4.385171,DELIVER,703,,,,720896,
4.385175,DELIVER,704,,,,721920,
4.385180,DELIVER,705,,,,722944,
4.385184,DELIVER,706,,,,723968,
4.388594,BUFFER,707,,,,723968,held=1
4.388620,DELIVER,707,,,,724992,
4.388913,BUFFER,709,,,,724992,held=1
4.388934,NAK,708,,,,724992,
4.389193,BUFFER,710,,,,724992,held=2
4.398474,BUFFER,711,,,,724992,held=3
4.398800,BUFFER,712,,,,724992,held=4
4.399451,BUFFER,713,,,,724992,held=5
4.402752,BUFFER,714,,,,724992,held=6
4.409613,BUFFER,715,,,,724992,held=7
4.415555,DUP,671,,,,724992,
4.416547,BUFFER,716,,,,724992,held=8
4.416827,BUFFER,717,,,,724992,held=9
4.418093,BUFFER,718,,,,724992,held=10
4.431112,BUFFER,719,,,,724992,held=11
4.431393,BUFFER,720,,,,724992,held=12
4.438102,BUFFER,721,,,,724992,held=13
4.438420,BUFFER,722,,,,724992,held=14
4.438798,BUFFER,723,,,,724992,held=15
4.439128,BUFFER,724,,,,724992,held=16
4.439152,NAK,708,,,,724992,
4.439463,BUFFER,726,,,,724992,held=17
4.439486,NAK,725,,,,724992,
4.439815,BUFFER,708,,,,724992,held=18
4.439830,DELIVER,708,,,,726016,
4.439838,DELIVER,709,,,,727040,
4.439844,DELIVER,710,,,,728064,
4.439850,DELIVER,711,,,,729088,
4.439856,DELIVER,712,,,,730112,
4.439862,DELIVER,713,,,,731136,
4.439868,DELIVER,714,,,,732160,
4.439873,DELIVER,715,,,,733184,
4.439879,DELIVER,716,,,,734208,
4.439885,DELIVER,717,,,,735232,
4.439890,DELIVER,718,,,,736256,
4.439897,DELIVER,719,,,,737280,
4.439903,DELIVER,720,,,,738304,
4.440018,DELIVER,721,,,,739328,
4.440026,DELIVER,722,,,,740352,
4.440032,DELIVER,723,,,,741376,
4.440038,DELIVER,724,,,,742400,
4.440941,DUP,701,,,,742400,
4.441210,BUFFER,727,,,,742400,held=2
4.441466,BUFFER,728,,,,742400,held=3
4.441719,BUFFER,729,,,,742400,held=4
4.441972,BUFFER,730,,,,742400,held=5
4.450777,BUFFER,731,,,,742400,held=6
4.451042,BUFFER,732,,,,742400,held=7
4.451259,BUFFER,733,,,,742400,held=8
4.457375,BUFFER,734,,,,742400,held=9
4.462424,BUFFER,735,,,,742400,held=10
4.466367,BUFFER,736,,,,742400,held=11
4.478303,BUFFER,737,,,,742400,held=12
4.478550,BUFFER,738,,,,742400,held=13
4.481095,BUFFER,739,,,,742400,held=14
4.483798,DUP,708,,,,742400,
4.488647,BUFFER,725,,,,742400,held=15
4.488693,DELIVER,725,,,,743424,
4.488707,DELIVER,726,,,,744448,
4.488718,DELIVER,727,,,,745472,
4.488730,DELIVER,728,,,,746496,
4.488741,DELIVER,729,,,,747520,
4.488753,DELIVER,730,,,,748544,
4.488763,DELIVER,731,,,,749568,
4.488774,DELIVER,732,,,,750592,
4.488784,DELIVER,733,,,,751616,
4.488796,DELIVER,734,,,,752640,
4.488806,DELIVER,735,,,,753664,
4.488817,DELIVER,736,,,,754688,
4.488826,DELIVER,737,,,,755712,
4.488838,DELIVER,738,,,,756736,
4.488848,DELIVER,739,,,,757760,
4.489434,BUFFER,740,,,,757760,held=1
4.489459,DELIVER,740,,,,758784,
4.490002,BUFFER,741,,,,758784,held=1
4.490020,DELIVER,741,,,,759808,
4.492213,BUFFER,742,,,,759808,held=1
4.492236,DELIVER,742,,,,760832,
4.492483,BUFFER,743,,,,760832,held=1
4.492491,DELIVER,743,,,,761856,
4.492711,DUP,717,,,,761856,
4.492936,BUFFER,744,,,,761856,held=1
4.492953,DELIVER,744,,,,762880,
4.493162,BUFFER,745,,,,762880,held=1
4.493169,DELIVER,745,,,,763904,
4.493394,BUFFER,746,,,,763904,held=1
4.493402,DELIVER,746,,,,764928,
4.493634,BUFFER,747,,,,764928,held=1
4.493642,DELIVER,747,,,,765952,
4.493838,BUFFER,748,,,,765952,held=1
4.493845,DELIVER,748,,,,766976,
4.504568,BUFFER,749,,,,766976,held=1
4.504597,DELIVER,749,,,,768000,
4.504889,BUFFER,750,,,,768000,held=1
4.504899,DELIVER,750,,,,769024,
4.505179,BUFFER,751,,,,769024,held=1
4.505192,DELIVER,751,,,,770048,
4.505505,BUFFER,752,,,,770048,held=1
4.505523,DELIVER,752,,,,771072,
4.505945,BUFFER,753,,,,771072,held=1
4.505958,DELIVER,753,,,,772096,
4.506197,BUFFER,754,,,,772096,held=1
4.506208,DELIVER,754,,,,773120,
4.507284,BUFFER,755,,,,773120,held=1
4.507302,DELIVER,755,,,,774144,
4.512890,BUFFER,756,,,,774144,held=1
4.512927,DELIVER,756,,,,775168,
4.521248,BUFFER,757,,,,775168,held=1
4.521279,DELIVER,757,,,,776192,
4.525531,BUFFER,758,,,,776192,held=1
4.525567,DELIVER,758,,,,777216,
4.531307,BUFFER,759,,,,777216,held=1
4.531337,DELIVER,759,,,,778240,
4.535539,BUFFER,760,,,,778240,held=1
4.535562,DELIVER,760,,,,779264,
4.537004,BUFFER,762,,,,779264,held=1
4.537032,NAK,761,,,,779264,
4.543184,BUFFER,763,,,,779264,held=2
4.543497,BUFFER,764,,,,779264,held=3
4.543730,BUFFER,765,,,,779264,held=4
4.544016,BUFFER,767,,,,779264,held=5
4.544039,NAK,766,,,,779264,
4.544415,BUFFER,768,,,,779264,held=6
4.550856,BUFFER,769,,,,779264,held=7
4.554585,BUFFER,770,,,,779264,held=8
4.554867,BUFFER,771,,,,779264,held=9
4.555148,BUFFER,772,,,,779264,held=10
4.555378,BUFFER,773,,,,779264,held=11
4.555602,BUFFER,774,,,,779264,held=12
4.558681,BUFFER,775,,,,779264,held=13
4.558990,BUFFER,776,,,,779264,held=14
4.559239,BUFFER,777,,,,779264,held=15
4.559504,BUFFER,778,,,,779264,held=16
4.579079,BUFFER,779,,,,779264,held=17
4.579382,BUFFER,780,,,,779264,held=18
4.579904,BUFFER,781,,,,779264,held=19
4.582176,BUFFER,761,,,,779264,held=20
4.582205,DELIVER,761,,,,780288,
4.584794,DELIVER,762,,,,781312,
4.584813,DELIVER,763,,,,782336,
4.584823,DELIVER,764,,,,783360,
4.584831,DELIVER,765,,,,784384,
4.585267,BUFFER,782,,,,784384,held=16
4.589395,BUFFER,783,,,,784384,held=17
4.589779,DUP,717,,,,784384,
4.590008,BUFFER,766,,,,784384,held=18
4.590025,DELIVER,766,,,,785408,
4.590032,DELIVER,767,,,,786432,
4.590199,DELIVER,768,,,,787456,
4.590208,DELIVER,769,,,,788480,
4.590213,DELIVER,770,,,,789504,
4.590217,DELIVER,771,,,,790528,
4.590222,DELIVER,772,,,,791552,
4.590227,DELIVER,773,,,,792576,
4.590233,DELIVER,774,,,,793600,
4.590238,DELIVER,775,,,,794624,
4.590243,DELIVER,776,,,,795648,
4.590247,DELIVER,777,,,,796672,
4.590252,DELIVER,778,,,,797696,
4.590256,DELIVER,779,,,,798720,
4.590261,DELIVER,780,,,,799744,
4.590265,DELIVER,781,,,,800768,
4.590270,DELIVER,782,,,,801792,
4.590275,DELIVER,783,,,,802816,
4.597939,BUFFER,784,,,,802816,held=1
4.597973,DELIVER,784,,,,803840,
4.598301,BUFFER,785,,,,803840,held=1
4.598315,DELIVER,785,,,,804864,
4.598643,BUFFER,786,,,,804864,held=1
4.598653,DELIVER,786,,,,805888,
4.599085,BUFFER,787,,,,805888,held=1
4.599101,DELIVER,787,,,,806912,
4.599492,BUFFER,788,,,,806912,held=1
4.599509,DELIVER,788,,,,807936,
4.602424,BUFFER,789,,,,807936,held=1
4.602446,DELIVER,789,,,,808960,
4.604466,BUFFER,790,,,,808960,held=1
4.604487,DELIVER,790,,,,809984,
4.604773,BUFFER,791,,,,809984,held=1
4.604788,DELIVER,791,,,,811008,
4.604998,BUFFER,794,,,,811008,held=1
4.605011,NAK,792,,,,811008,
4.605025,NAK,793,,,,811008,
4.611797,BUFFER,795,,,,811008,held=2
4.612077,BUFFER,796,,,,811008,held=3
4.617548,BUFFER,798,,,,811008,held=4
4.617731,NAK,797,,,,811008,
4.620593,BUFFER,799,,,,811008,held=5
4.621311,BUFFER,800,,,,811008,held=6
4.621812,BUFFER,801,,,,811008,held=7
4.637678,BUFFER,802,,,,811008,held=8
4.637929,BUFFER,803,,,,811008,held=9
4.638371,BUFFER,804,,,,811008,held=10
4.640472,BUFFER,805,,,,811008,held=11
4.640751,BUFFER,806,,,,811008,held=12
4.641077,BUFFER,807,,,,811008,held=13
4.644368,BUFFER,809,,,,811008,held=14
4.644405,NAK,808,,,,811008,
4.654075,DUP,786,,,,811008,
4.654522,BUFFER,793,,,,811008,held=15
4.654928,BUFFER,810,,,,811008,held=16
4.655468,BUFFER,811,,,,811008,held=17
4.655493,NAK,792,,,,811008,
4.655738,BUFFER,812,,,,811008,held=18
4.657412,BUFFER,813,,,,811008,held=19
4.660452,BUFFER,814,,,,811008,held=20
4.663596,BUFFER,797,,,,811008,held=21
4.667066,BUFFER,815,,,,811008,held=22
4.667620,BUFFER,816,,,,811008,held=23
4.668150,BUFFER,817,,,,811008,held=24
4.670797,BUFFER,818,,,,811008,held=25
4.679901,BUFFER,819,,,,811008,held=26
4.684973,BUFFER,820,,,,811008,held=27
4.685447,BUFFER,821,,,,811008,held=28
4.687044,BUFFER,822,,,,811008,held=29
4.696676,BUFFER,808,,,,811008,held=30
4.697056,BUFFER,823,,,,811008,held=31
4.697423,BUFFER,824,,,,811008,held=32
4.697727,BUFFER,825,,,,811008,held=33
4.697973,BUFFER,826,,,,811008,held=34
4.698217,BUFFER,792,,,,811008,held=35
4.698229,DELIVER,792,,,,812032,
4.698235,DELIVER,793,,,,813056,
4.698240,DELIVER,794,,,,814080,
4.698245,DELIVER,795,,,,815104,
4.698250,DELIVER,796,,,,816128,
4.698255,DELIVER,797,,,,817152,
4.698259,DELIVER,798,,,,818176,
4.698263,DELIVER,799,,,,819200,
4.698267,DELIVER,800,,,,820224,
4.698272,DELIVER,801,,,,821248,
4.698276,DELIVER,802,,,,822272,
4.698280,DELIVER,803,,,,823296,
4.698285,DELIVER,804,,,,824320,
4.698290,DELIVER,805,,,,825344,
4.698294,DELIVER,806,,,,826368,
4.698298,DELIVER,807,,,,827392,
4.698370,DELIVER,808,,,,828416,
4.698377,DELIVER,809,,,,829440,
4.698381,DELIVER,810,,,,830464,
4.698386,DELIVER,811,,,,831488,
4.698390,DELIVER,812,,,,832512,
4.698395,DELIVER,813,,,,833536,
4.698399,DELIVER,814,,,,834560,
4.698404,DELIVER,815,,,,835584,
4.698408,DELIVER,816,,,,836608,
4.698413,DELIVER,817,,,,837632,
4.698417,DELIVER,818,,,,838656,
4.698421,DELIVER,819,,,,839680,
4.698426,DELIVER,820,,,,840704,
4.698430,DELIVER,821,,,,841728,
4.698434,DELIVER,822,,,,842752,
4.698438,DELIVER,823,,,,843776,
4.698442,DELIVER,824,,,,844800,
4.698447,DELIVER,825,,,,845824,
4.698452,DELIVER,826,,,,846848,
4.698661,DUP,792,,,,846848,
4.706214,BUFFER,827,,,,846848,held=1
4.706236,DELIVER,827,,,,847872,
4.706554,BUFFER,828,,,,847872,held=1
4.706569,DELIVER,828,,,,848896,
4.706885,BUFFER,829,,,,848896,held=1
4.706894,DELIVER,829,,,,849920,
4.716130,BUFFER,830,,,,849920,held=1
4.716144,DELIVER,830,,,,850944,
4.716640,BUFFER,831,,,,850944,held=1
4.716647,DELIVER,831,,,,851968,
4.716854,BUFFER,833,,,,851968,held=1
4.716871,NAK,832,,,,851968,
4.717040,BUFFER,834,,,,851968,held=2
4.721685,BUFFER,835,,,,851968,held=3
4.729461,BUFFER,837,,,,851968,held=4
4.729476,NAK,836,,,,851968,
4.735258,BUFFER,838,,,,851968,held=5
4.735458,DUP,803,,,,851968,
4.741371,BUFFER,839,,,,851968,held=6
4.748298,BUFFER,840,,,,851968,held=7
4.748520,BUFFER,841,,,,851968,held=8
4.750281,BUFFER,842,,,,851968,held=9
4.750513,BUFFER,843,,,,851968,held=10
4.750736,BUFFER,844,,,,851968,held=11
4.750943,DUP,806,,,,851968,
4.755776,DUP,793,,,,851968,
4.755995,BUFFER,845,,,,851968,held=12
4.756199,BUFFER,846,,,,851968,held=13
4.756411,BUFFER,847,,,,851968,held=14
4.756635,BUFFER,848,,,,851968,held=15
4.756865,BUFFER,849,,,,851968,held=16
4.759851,BUFFER,850,,,,851968,held=17
4.760282,BUFFER,832,,,,851968,held=18
4.760291,DELIVER,832,,,,852992,
4.760297,DELIVER,833,,,,854016,
4.760301,DELIVER,834,,,,855040,
4.760306,DELIVER,835,,,,856064,
4.762231,BUFFER,851,,,,856064,held=15
4.762450,DUP,797,,,,856064,
4.772133,BUFFER,852,,,,856064,held=16
4.779157,BUFFER,836,,,,856064,held=17
4.779167,DELIVER,836,,,,857088,
4.779173,DELIVER,837,,,,858112,
4.779177,DELIVER,838,,,,859136,
4.779182,DELIVER,839,,,,860160,
4.779188,DELIVER,840,,,,861184,
4.779193,DELIVER,841,,,,862208,
4.779197,DELIVER,842,,,,863232,
4.779201,DELIVER,843,,,,864256,
4.779206,DELIVER,844,,,,865280,
4.779211,DELIVER,845,,,,866304,
4.779215,DELIVER,846,,,,867328,
4.779220,DELIVER,847,,,,868352,
4.779225,DELIVER,848,,,,869376,
4.779229,DELIVER,849,,,,870400,
4.779233,DELIVER,850,,,,871424,
4.779238,DELIVER,851,,,,872448,
4.779243,DELIVER,852,,,,873472,
4.779451,BUFFER,853,,,,873472,held=1
4.779456,DELIVER,853,,,,874496,
4.779703,BUFFER,854,,,,874496,held=1
4.779712,DELIVER,854,,,,875520,
4.781101,BUFFER,855,,,,875520,held=1
4.781110,DELIVER,855,,,,876544,
4.781379,BUFFER,856,,,,876544,held=1
4.781387,DELIVER,856,,,,877568,
4.783059,BUFFER,857,,,,877568,held=1
4.783070,DELIVER,857,,,,878592,
4.784477,BUFFER,858,,,,878592,held=1
4.784486,DELIVER,858,,,,879616,
4.793022,BUFFER,859,,,,879616,held=1
4.793032,DELIVER,859,,,,880640,
4.793323,BUFFER,860,,,,880640,held=1
4.793333,DELIVER,860,,,,881664,
4.795792,BUFFER,861,,,,881664,held=1
4.795801,DELIVER,861,,,,882688,
4.796324,DUP,797,,,,882688,
4.797611,BUFFER,862,,,,882688,held=1
4.797633,DELIVER,862,,,,883712,
4.806775,BUFFER,863,,,,883712,held=1
4.806804,DELIVER,863,,,,884736,
4.807105,BUFFER,864,,,,884736,held=1
4.807115,DELIVER,864,,,,885760,
4.807400,BUFFER,865,,,,885760,held=1
4.807412,DELIVER,865,,,,886784,
4.807807,BUFFER,866,,,,886784,held=1
4.807817,DELIVER,866,,,,887808,
4.808084,BUFFER,867,,,,887808,held=1
4.808091,DELIVER,867,,,,888832,
4.808386,BUFFER,868,,,,888832,held=1
4.808396,DELIVER,868,,,,889856,
4.809751,BUFFER,869,,,,889856,held=1
4.809759,DELIVER,869,,,,890880,
4.810098,BUFFER,870,,,,890880,held=1
4.810115,DELIVER,870,,,,891904,
4.810413,BUFFER,871,,,,891904,held=1
4.810421,DELIVER,871,,,,892928,
4.810696,BUFFER,872,,,,892928,held=1
4.810702,DELIVER,872,,,,893952,
4.821990,BUFFER,873,,,,893952,held=1
4.822012,DELIVER,873,,,,894976,
4.825305,DUP,806,,,,894976,
4.830055,BUFFER,874,,,,894976,held=1
4.830093,DELIVER,874,,,,896000,
4.830398,BUFFER,875,,,,896000,held=1
4.830413,DELIVER,875,,,,897024,
4.830668,BUFFER,876,,,,897024,held=1
4.830678,DELIVER,876,,,,898048,
4.831006,BUFFER,877,,,,898048,held=1
4.831019,DELIVER,877,,,,899072,
4.831324,BUFFER,878,,,,899072,held=1
4.831338,DELIVER,878,,,,900096,
4.837039,BUFFER,879,,,,900096,held=1
4.837077,DELIVER,879,,,,901120,
4.841650,BUFFER,880,,,,901120,held=1
4.841676,DELIVER,880,,,,902144,
4.841941,BUFFER,881,,,,902144,held=1
4.841950,DELIVER,881,,,,903168,
4.842216,BUFFER,882,,,,903168,held=1
4.842234,DELIVER,882,,,,904192,
4.846816,BUFFER,883,,,,904192,held=1
4.846859,DELIVER,883,,,,905216,
4.849734,DUP,845,,,,905216,
4.858544,BUFFER,884,,,,905216,held=1
4.858577,DELIVER,884,,,,906240,
4.860874,BUFFER,885,,,,906240,held=1
4.860898,DELIVER,885,,,,907264,
4.861142,BUFFER,886,,,,907264,held=1
4.861151,DELIVER,886,,,,908288,
4.861394,BUFFER,887,,,,908288,held=1
4.861406,DELIVER,887,,,,909312,
4.861677,BUFFER,888,,,,909312,held=1
4.861690,DELIVER,888,,,,910336,
4.861938,BUFFER,889,,,,910336,held=1
4.861948,DELIVER,889,,,,911360,
4.862175,BUFFER,890,,,,911360,held=1
4.862183,DELIVER,890,,,,912384,
4.862505,BUFFER,892,,,,912384,held=1
4.862524,NAK,891,,,,912384,
4.867950,BUFFER,893,,,,912384,held=2
4.873855,BUFFER,894,,,,912384,held=3
4.874111,BUFFER,895,,,,912384,held=4
4.874407,DUP,836,,,,912384,
4.885324,BUFFER,896,,,,912384,held=5
4.890652,BUFFER,897,,,,912384,held=6
4.891034,BUFFER,898,,,,912384,held=7
4.891291,BUFFER,899,,,,912384,held=8
4.892948,DUP,858,,,,912384,
4.897301,BUFFER,900,,,,912384,held=9
4.898508,BUFFER,901,,,,912384,held=10
4.899333,DUP,866,,,,912384,
4.911359,BUFFER,902,,,,912384,held=11
4.911741,BUFFER,903,,,,912384,held=12
4.914225,BUFFER,891,,,,912384,held=13
4.914247,DELIVER,891,,,,913408,
4.914255,DELIVER,892,,,,914432,
4.914261,DELIVER,893,,,,915456,
4.914267,DELIVER,894,,,,916480,
4.914271,DELIVER,895,,,,917504,
4.914456,DELIVER,896,,,,918528,
4.914470,DELIVER,897,,,,919552,
4.914477,DELIVER,898,,,,920576,
4.914483,DELIVER,899,,,,921600,
4.914488,DELIVER,900,,,,922624,
4.914493,DELIVER,901,,,,923648,
4.914498,DELIVER,902,,,,924672,
4.914503,DELIVER,903,,,,925696,
4.914759,BUFFER,904,,,,925696,held=1
4.914767,DELIVER,904,,,,926720,
4.916235,BUFFER,905,,,,926720,held=1
4.916273,DELIVER,905,,,,927744,
4.916563,BUFFER,906,,,,927744,held=1
4.916572,DELIVER,906,,,,928768,
4.916841,BUFFER,907,,,,928768,held=1
4.916852,DELIVER,907,,,,929792,
4.917086,BUFFER,908,,,,929792,held=1
4.917094,DELIVER,908,,,,930816,
4.918360,BUFFER,909,,,,930816,held=1
4.918383,DELIVER,909,,,,931840,
4.920201,BUFFER,910,,,,931840,held=1
4.920360,DELIVER,910,,,,932864,
4.921854,BUFFER,911,,,,932864,held=1
4.921874,DELIVER,911,,,,933888,
4.928868,BUFFER,912,,,,933888,held=1
4.928906,DELIVER,912,,,,934912,
4.929979,BUFFER,913,,,,934912,held=1
4.929998,DELIVER,913,,,,935936,
4.930277,DUP,875,,,,935936,
4.931686,DUP,858,,,,935936,
4.932014,BUFFER,914,,,,935936,held=1
4.932028,DELIVER,914,,,,936960,
4.933411,BUFFER,915,,,,936960,held=1
4.933433,DELIVER,915,,,,937984,
4.938965,BUFFER,916,,,,937984,held=1
4.938990,DELIVER,916,,,,939008,
4.943009,BUFFER,917,,,,939008,held=1
4.943033,DELIVER,917,,,,940032,
4.945684,BUFFER,918,,,,940032,held=1
4.945710,DELIVER,918,,,,941056,
4.946093,BUFFER,919,,,,941056,held=1
4.946113,DELIVER,919,,,,942080,
4.946530,BUFFER,920,,,,942080,held=1
4.946556,DELIVER,920,,,,943104,
4.946940,BUFFER,921,,,,943104,held=1
4.946949,DELIVER,921,,,,944128,
4.959257,DUP,883,,,,944128,
4.959517,DUP,875,,,,944128,
4.960432,BUFFER,922,,,,944128,held=1
4.960453,DELIVER,922,,,,945152,
4.960743,BUFFER,923,,,,945152,held=1
4.960754,DELIVER,923,,,,946176,
4.961029,BUFFER,924,,,,946176,held=1
4.961039,DELIVER,924,,,,947200,
4.962642,BUFFER,925,,,,947200,held=1
4.962662,DELIVER,925,,,,948224,
4.972354,BUFFER,926,,,,948224,held=1
4.972403,DELIVER,926,,,,949248,
4.972863,BUFFER,927,,,,949248,held=1
4.972880,DELIVER,927,,,,950272,
4.973243,BUFFER,928,,,,950272,held=1
4.973260,DELIVER,928,,,,951296,
4.973608,BUFFER,929,,,,951296,held=1
4.973621,DELIVER,929,,,,952320,
4.974001,BUFFER,930,,,,952320,held=1
4.974013,DELIVER,930,,,,953344,
4.974350,BUFFER,931,,,,953344,held=1
4.974364,DELIVER,931,,,,954368,
4.974714,BUFFER,932,,,,954368,held=1
4.974723,DELIVER,932,,,,955392,
4.974993,BUFFER,933,,,,955392,held=1
4.975004,DELIVER,933,,,,956416,
4.975258,BUFFER,934,,,,956416,held=1
4.975266,DELIVER,934,,,,957440,
4.975500,BUFFER,935,,,,957440,held=1
4.975508,DELIVER,935,,,,958464,
4.982815,DUP,883,,,,958464,
4.983236,BUFFER,936,,,,958464,held=1
4.983258,DELIVER,936,,,,959488,
4.983545,BUFFER,938,,,,959488,held=1
4.983568,NAK,937,,,,959488,
4.983843,BUFFER,939,,,,959488,held=2
5.001434,BUFFER,940,,,,959488,held=3
5.002085,BUFFER,941,,,,959488,held=4
5.002664,BUFFER,942,,,,959488,held=5
5.002936,BUFFER,943,,,,959488,held=6
5.012353,DUP,921,,,,959488,
5.012766,BUFFER,944,,,,959488,held=7
5.013182,BUFFER,945,,,,959488,held=8
5.022051,BUFFER,946,,,,959488,held=9
5.022522,BUFFER,947,,,,959488,held=10
5.029748,BUFFER,948,,,,959488,held=11
5.030288,BUFFER,949,,,,959488,held=12
5.030786,BUFFER,950,,,,959488,held=13
5.031245,BUFFER,951,,,,959488,held=14
5.031722,BUFFER,937,,,,959488,held=15
5.031747,DELIVER,937,,,,960512,
5.031760,DELIVER,938,,,,961536,
5.031776,DELIVER,939,,,,962560,
5.031787,DELIVER,940,,,,963584,
5.031797,DELIVER,941,,,,964608,
5.031806,DELIVER,942,,,,965632,
5.031818,DELIVER,943,,,,966656,
5.031828,DELIVER,944,,,,967680,
5.031840,DELIVER,945,,,,968704,
5.031850,DELIVER,946,,,,969728,
5.031860,DELIVER,947,,,,970752,
5.031870,DELIVER,948,,,,971776,
5.031879,DELIVER,949,,,,972800,
5.031901,DELIVER,950,,,,973824,
5.031911,DELIVER,951,,,,974848,
5.032378,BUFFER,953,,,,974848,held=1
5.032410,NAK,952,,,,974848,
5.032713,BUFFER,954,,,,974848,held=2
5.033028,BUFFER,956,,,,974848,held=3
5.033062,NAK,955,,,,974848,
5.040422,BUFFER,957,,,,974848,held=4
5.047665,BUFFER,958,,,,974848,held=5
5.048107,BUFFER,959,,,,974848,held=6
5.048478,BUFFER,960,,,,974848,held=7
5.048827,BUFFER,961,,,,974848,held=8
5.058553,BUFFER,962,,,,974848,held=9
5.058899,BUFFER,963,,,,974848,held=10
5.059251,DUP,934,,,,974848,
5.059628,BUFFER,964,,,,974848,held=11
5.064599,BUFFER,965,,,,974848,held=12
5.067447,BUFFER,966,,,,974848,held=13
5.073083,DUP,935,,,,974848,
5.076182,BUFFER,967,,,,974848,held=14
5.076442,BUFFER,968,,,,974848,held=15
5.083533,BUFFER,969,,,,974848,held=16
5.083594,NAK,952,,,,974848,
5.083610,NAK,955,,,,974848,
5.083889,BUFFER,952,,,,974848,held=17
5.083905,DELIVER,952,,,,975872,
5.083911,DELIVER,953,,,,976896,
5.083916,DELIVER,954,,,,977920,
5.084381,BUFFER,955,,,,977920,held=15
5.084392,DELIVER,955,,,,978944,
5.084398,DELIVER,956,,,,979968,
5.084403,DELIVER,957,,,,980992,
5.084408,DELIVER,958,,,,982016,
5.084413,DELIVER,959,,,,983040,
5.084418,DELIVER,960,,,,984064,
5.084422,DELIVER,961,,,,985088,
5.084427,DELIVER,962,,,,986112,
5.084431,DELIVER,963,,,,987136,
5.084559,DELIVER,964,,,,988160,
5.084567,DELIVER,965,,,,989184,
5.084573,DELIVER,966,,,,990208,
5.084580,DELIVER,967,,,,991232,
5.084585,DELIVER,968,,,,992256,
5.084591,DELIVER,969,,,,993280,
5.086577,BUFFER,970,,,,993280,held=1
5.086599,DELIVER,970,,,,994304,
5.086844,BUFFER,971,,,,994304,held=1
5.086856,DELIVER,971,,,,995328,
5.087116,BUFFER,972,,,,995328,held=1
5.087126,DELIVER,972,,,,996352,
5.087484,BUFFER,973,,,,996352,held=1
5.087496,DELIVER,973,,,,997376,
5.087718,BUFFER,974,,,,997376,held=1
5.087725,DELIVER,974,,,,998400,
5.087958,BUFFER,975,,,,998400,held=1
5.087967,DELIVER,975,,,,999424,
5.088680,BUFFER,976,,,,999424,held=1
5.088704,DELIVER,976,,,,1000448,
5.092222,BUFFER,977,,,,1000448,held=1
5.092235,DELIVER,977,,,,1001472,
5.097250,BUFFER,978,,,,1001472,held=1
5.097277,DELIVER,978,,,,1002496,
5.108280,BUFFER,979,,,,1002496,held=1
5.108306,DELIVER,979,,,,1003520,
5.108579,BUFFER,980,,,,1003520,held=1
5.108593,DELIVER,980,,,,1004544,
5.110322,BUFFER,981,,,,1004544,held=1
5.110339,DELIVER,981,,,,1005568,
5.110602,BUFFER,982,,,,1005568,held=1
5.110615,DELIVER,982,,,,1006592,
5.110906,BUFFER,983,,,,1006592,held=1
5.110930,DELIVER,983,,,,1007616,
5.111229,BUFFER,984,,,,1007616,held=1
5.111240,DELIVER,984,,,,1008640,
5.111507,DUP,935,,,,1008640,
5.111779,BUFFER,985,,,,1008640,held=1
5.111788,DELIVER,985,,,,1009664,
5.112112,BUFFER,986,,,,1009664,held=1
5.112122,DELIVER,986,,,,1010688,
5.117054,BUFFER,987,,,,1010688,held=1
5.117084,DELIVER,987,,,,1011712,
5.117454,DUP,952,,,,1011712,
5.134530,DUP,956,,,,1011712,
5.135073,DUP,955,,,,1011712,
5.135568,DUP,956,,,,1011712,
5.136967,BUFFER,988,,,,1011712,held=1
5.136997,DELIVER,988,,,,1012736,
5.137489,BUFFER,989,,,,1012736,held=1
5.137507,DELIVER,989,,,,1013760,
5.137893,BUFFER,990,,,,1013760,held=1
5.137903,DELIVER,990,,,,1014784,
5.138166,BUFFER,991,,,,1014784,held=1
5.138173,DELIVER,991,,,,1015808,
5.138425,BUFFER,992,,,,1015808,held=1
5.138432,DELIVER,992,,,,1016832,
5.138684,BUFFER,993,,,,1016832,held=1
5.138691,DELIVER,993,,,,1017856,
5.138942,BUFFER,994,,,,1017856,held=1
5.138949,DELIVER,994,,,,1018880,
5.139258,BUFFER,996,,,,1018880,held=1
5.139278,NAK,995,,,,1018880,
5.142522,BUFFER,997,,,,1018880,held=2
5.142778,BUFFER,999,,,,1018880,held=3
5.142799,NAK,998,,,,1018880,
5.145868,BUFFER,1000,,,,1018880,held=4
5.150915,BUFFER,1001,,,,1018880,held=5
5.160989,BUFFER,1002,,,,1018880,held=6
5.161264,BUFFER,1003,,,,1018880,held=7
5.166065,BUFFER,1004,,,,1018880,held=8
5.168730,BUFFER,1005,,,,1018880,held=9
5.169192,BUFFER,1006,,,,1018880,held=10
5.190661,BUFFER,1007,,,,1018880,held=11
5.190770,NAK,995,,,,1018880,
5.190999,BUFFER,1008,,,,1018880,held=12
5.191207,BUFFER,1009,,,,1018880,held=13
5.191489,BUFFER,1010,,,,1018880,held=14
5.191773,BUFFER,1011,,,,1018880,held=15
5.192039,BUFFER,1012,,,,1018880,held=16
5.192287,BUFFER,995,,,,1018880,held=17
5.192300,DELIVER,995,,,,1019904,
5.192307,DELIVER,996,,,,1020928,
5.192313,DELIVER,997,,,,1021952,
5.192592,BUFFER,1013,,,,1021952,held=15
5.192851,BUFFER,1014,,,,1021952,held=16
5.192867,NAK,998,,,,1021952,
5.193102,BUFFER,1015,,,,1021952,held=17
5.193368,BUFFER,998,,,,1021952,held=18
5.193378,DELIVER,998,,,,1022976,
5.193385,DELIVER,999,,,,1024000,
5.193392,DELIVER,1000,,,,1025024,
5.193397,DELIVER,1001,,,,1026048,
5.193403,DELIVER,1002,,,,1027072,
5.193407,DELIVER,1003,,,,1028096,
5.193412,DELIVER,1004,,,,1029120,
5.193418,DELIVER,1005,,,,1030144,
5.193423,DELIVER,1006,,,,1031168,
5.193427,DELIVER,1007,,,,1032192,
5.193433,DELIVER,1008,,,,1033216,
5.193437,DELIVER,1009,,,,1034240,
5.193443,DELIVER,1010,,,,1035264,
5.193447,DELIVER,1011,,,,1036288,
5.193451,DELIVER,1012,,,,1037312,
5.193456,DELIVER,1013,,,,1038336,
5.193461,DELIVER,1014,,,,1039360,
5.193465,DELIVER,1015,,,,1040384,
5.193748,BUFFER,1016,,,,1040384,held=1
5.193761,DELIVER,1016,,,,1041408,
5.194092,BUFFER,1017,,,,1041408,held=1
5.194110,DELIVER,1017,,,,1042432,
5.207452,BUFFER,1018,,,,1042432,held=1
5.207471,DELIVER,1018,,,,1043456,
5.207713,BUFFER,1019,,,,1043456,held=1
5.207721,DELIVER,1019,,,,1044480,
5.207954,BUFFER,1020,,,,1044480,held=1
5.207965,DELIVER,1020,,,,1045504,
5.208248,DUP,982,,,,1045504,
5.216659,BUFFER,1021,,,,1045504,held=1
5.216707,DELIVER,1021,,,,1046528,
5.222724,BUFFER,1022,,,,1046528,held=1
5.222776,DELIVER,1022,,,,1047552,
5.223356,BUFFER,1023,,,,1047552,held=1
5.223370,DELIVER,1023,,,,1048576,
5.224148,BUFFER,1024,,,,1048576,held=1
5.224263,DELIVER,1024,,,,1049600,
5.226066,BUFFER,1025,,,,1049600,held=1
5.226104,DELIVER,1025,,,,1050624,
5.234353,BUFFER,1026,,,,1050624,held=1
5.234378,DELIVER,1026,,,,1051648,
5.234690,BUFFER,1027,,,,1051648,held=1
5.234701,DELIVER,1027,,,,1052672,
5.239159,DUP,992,,,,1052672,
5.240253,BUFFER,1028,,,,1052672,held=1
5.240272,DELIVER,1028,,,,1053696,
5.240499,BUFFER,1029,,,,1053696,held=1
5.240507,DELIVER,1029,,,,1054720,
5.240725,BUFFER,1030,,,,1054720,held=1
5.240732,DELIVER,1030,,,,1055744,
5.244608,BUFFER,1031,,,,1055744,held=1
5.244643,DELIVER,1031,,,,1056768,
5.245025,DUP,998,,,,1056768,
5.245515,BUFFER,1032,,,,1056768,held=1
5.245533,DELIVER,1032,,,,1057792,
5.247684,BUFFER,1033,,,,1057792,held=1
5.247716,DELIVER,1033,,,,1058816,
5.248091,BUFFER,1034,,,,1058816,held=1
5.248103,DELIVER,1034,,,,1059840,
5.248413,BUFFER,1035,,,,1059840,held=1
5.248425,DELIVER,1035,,,,1060864,
5.248770,BUFFER,1036,,,,1060864,held=1
5.248788,DELIVER,1036,,,,1061888,
5.249543,BUFFER,1037,,,,1061888,held=1
5.249568,DELIVER,1037,,,,1062912,
5.251140,BUFFER,1038,,,,1062912,held=1
5.251159,DELIVER,1038,,,,1063936,
5.251394,BUFFER,1039,,,,1063936,held=1
5.251402,DELIVER,1039,,,,1064960,
5.251650,BUFFER,1040,,,,1064960,held=1
5.251662,DELIVER,1040,,,,1065984,
5.257585,BUFFER,1041,,,,1065984,held=1
5.257615,DELIVER,1041,,,,1067008,
5.260057,BUFFER,1042,,,,1067008,held=1
5.260087,DELIVER,1042,,,,1068032,
5.264254,BUFFER,1043,,,,1068032,held=1
5.264279,DELIVER,1043,,,,1069056,
5.266995,BUFFER,1044,,,,1069056,held=1
5.267013,DELIVER,1044,,,,1070080,
5.272600,BUFFER,1045,,,,1070080,held=1
5.272683,DELIVER,1045,,,,1071104,
5.273725,BUFFER,1048,,,,1071104,held=1
5.273759,NAK,1046,,,,1071104,
5.273778,NAK,1047,,,,1071104,
5.283971,BUFFER,1049,,,,1071104,held=2
5.284430,BUFFER,1050,,,,1071104,held=3
5.291779,DUP,980,,,,1071104,
5.294293,BUFFER,1051,,,,1071104,held=4
5.294641,BUFFER,1052,,,,1071104,held=5
5.294910,BUFFER,1053,,,,1071104,held=6
5.295169,BUFFER,1054,,,,1071104,held=7
5.295555,BUFFER,1055,,,,1071104,held=8
5.296087,BUFFER,1056,,,,1071104,held=9
5.296382,BUFFER,1057,,,,1071104,held=10
5.296684,BUFFER,1059,,,,1071104,held=11
5.296710,NAK,1058,,,,1071104,
5.296990,BUFFER,1060,,,,1071104,held=12
5.299587,BUFFER,1061,,,,1071104,held=13
5.300114,BUFFER,1062,,,,1071104,held=14
5.304036,BUFFER,1063,,,,1071104,held=15
5.304332,BUFFER,1064,,,,1071104,held=16
5.308026,BUFFER,1065,,,,1071104,held=17
5.316146,BUFFER,1066,,,,1071104,held=18
5.316462,BUFFER,1067,,,,1071104,held=19
5.320900,BUFFER,1046,,,,1071104,held=20
5.320928,DELIVER,1046,,,,1072128,
5.321207,BUFFER,1068,,,,1072128,held=20
5.321476,BUFFER,1047,,,,1072128,held=21
5.321486,DELIVER,1047,,,,1073152,
5.321495,DELIVER,1048,,,,1074176,
5.321501,DELIVER,1049,,,,1075200,
5.321511,DELIVER,1050,,,,1076224,
5.321516,DELIVER,1051,,,,1077248,
5.321522,DELIVER,1052,,,,1078272,
5.321529,DELIVER,1053,,,,1079296,
5.321535,DELIVER,1054,,,,1080320,
5.321543,DELIVER,1055,,,,1081344,
5.321549,DELIVER,1056,,,,1082368,
5.321555,DELIVER,1057,,,,1083392,
5.334593,BUFFER,1069,,,,1083392,held=11
5.334848,BUFFER,1070,,,,1083392,held=12
5.335082,BUFFER,1071,,,,1083392,held=13
5.335347,DUP,1027,,,,1083392,
5.338866,DUP,1027,,,,1083392,
5.344028,BUFFER,1058,,,,1083392,held=14
5.344059,DELIVER,1058,,,,1084416,
5.344069,DELIVER,1059,,,,1085440,
5.344081,DELIVER,1060,,,,1086464,
5.344091,DELIVER,1061,,,,1087488,
5.344098,DELIVER,1062,,,,1088512,
5.344106,DELIVER,1063,,,,1089536,
5.344113,DELIVER,1064,,,,1090560,
5.344121,DELIVER,1065,,,,1091584,
5.344128,DELIVER,1066,,,,1092608,
5.344141,DELIVER,1067,,,,1093632,
5.344149,DELIVER,1068,,,,1094656,
5.344157,DELIVER,1069,,,,1095680,
5.344164,DELIVER,1070,,,,1096704,
5.344171,DELIVER,1071,,,,1097728,
5.347208,BUFFER,1072,,,,1097728,held=1
5.347243,DELIVER,1072,,,,1098752,
5.347725,BUFFER,1073,,,,1098752,held=1
5.347739,DELIVER,1073,,,,1099776,
5.348083,BUFFER,1075,,,,1099776,held=1
5.348101,NAK,1074,,,,1099776,
5.348483,BUFFER,1076,,,,1099776,held=2
5.350386,BUFFER,1077,,,,1099776,held=3
5.350706,BUFFER,1078,,,,1099776,held=4
5.351052,BUFFER,1079,,,,1099776,held=5
5.351284,BUFFER,1080,,,,1099776,held=6
5.351489,BUFFER,1081,,,,1099776,held=7
5.351919,BUFFER,1082,,,,1099776,held=8
5.352697,BUFFER,1083,,,,1099776,held=9
5.357443,BUFFER,1084,,,,1099776,held=10
5.363820,BUFFER,1086,,,,1099776,held=11
5.363855,NAK,1085,,,,1099776,
5.369454,BUFFER,1087,,,,1099776,held=12
5.370044,BUFFER,1088,,,,1099776,held=13
5.381486,BUFFER,1089,,,,1099776,held=14
5.381760,BUFFER,1090,,,,1099776,held=15
5.382141,BUFFER,1091,,,,1099776,held=16
5.382527,BUFFER,1092,,,,1099776,held=17
5.391978,BUFFER,1093,,,,1099776,held=18
5.393111,DUP,1058,,,,1099776,
5.393419,BUFFER,1094,,,,1099776,held=19
5.393678,BUFFER,1095,,,,1099776,held=20
5.403911,BUFFER,1096,,,,1099776,held=21
5.404156,NAK,1074,,,,1099776,
5.404693,BUFFER,1098,,,,1099776,held=22
5.404712,NAK,1097,,,,1099776,
5.405097,BUFFER,1099,,,,1099776,held=23
5.405424,BUFFER,1100,,,,1099776,held=24
5.405668,BUFFER,1101,,,,1099776,held=25
5.405977,BUFFER,1102,,,,1099776,held=26
5.406627,BUFFER,1103,,,,1099776,held=27
5.406873,BUFFER,1104,,,,1099776,held=28
5.407155,BUFFER,1105,,,,1099776,held=29
5.416100,BUFFER,1085,,,,1099776,held=30
5.416381,BUFFER,1106,,,,1099776,held=31
5.416658,BUFFER,1107,,,,1099776,held=32
5.419786,BUFFER,1108,,,,1099776,held=33
5.424331,BUFFER,1109,,,,1099776,held=34
5.427518,BUFFER,1110,,,,1099776,held=35
5.428743,BUFFER,1111,,,,1099776,held=36
5.433419,BUFFER,1112,,,,1099776,held=37
5.441317,BUFFER,1113,,,,1099776,held=38
5.441602,BUFFER,1114,,,,1099776,held=39
5.441924,BUFFER,1115,,,,1099776,held=40
5.442685,BUFFER,1074,,,,1099776,held=41
5.442704,DELIVER,1074,,,,1100800,
5.442714,DELIVER,1075,,,,1101824,
5.442720,DELIVER,1076,,,,1102848,
5.442725,DELIVER,1077,,,,1103872,
5.442730,DELIVER,1078,,,,1104896,
5.442736,DELIVER,1079,,,,1105920,
5.442740,DELIVER,1080,,,,1106944,
5.442746,DELIVER,1081,,,,1107968,
5.442751,DELIVER,1082,,,,1108992,
5.442755,DELIVER,1083,,,,1110016,
5.442760,DELIVER,1084,,,,1111040,
5.442765,DELIVER,1085,,,,1112064,
5.442773,DELIVER,1086,,,,1113088,
5.442779,DELIVER,1087,,,,1114112,
5.442784,DELIVER,1088,,,,1115136,
5.442789,DELIVER,1089,,,,1116160,
5.442793,DELIVER,1090,,,,1117184,
5.442798,DELIVER,1091,,,,1118208,
5.442805,DELIVER,1092,,,,1119232,
5.442810,DELIVER,1093,,,,1120256,
5.442814,DELIVER,1094,,,,1121280,
5.442821,DELIVER,1095,,,,1122304,
5.442826,DELIVER,1096,,,,1123328,
5.443095,DUP,1074,,,,1123328,
5.454641,BUFFER,1116,,,,1123328,held=19
5.458758,BUFFER,1117,,,,1123328,held=20
5.458802,NAK,1097,,,,1123328,
5.459123,BUFFER,1118,,,,1123328,held=21
5.459476,BUFFER,1119,,,,1123328,held=22
5.459770,BUFFER,1120,,,,1123328,held=23
5.460070,BUFFER,1121,,,,1123328,held=24
5.460362,BUFFER,1122,,,,1123328,held=25
5.460703,BUFFER,1123,,,,1123328,held=26
5.461054,BUFFER,1124,,,,1123328,held=27
5.465714,BUFFER,1125,,,,1123328,held=28
5.466146,BUFFER,1126,,,,1123328,held=29
5.473911,BUFFER,1127,,,,1123328,held=30
5.474210,BUFFER,1129,,,,1123328,held=31
5.474236,NAK,1128,,,,1123328,
5.490460,BUFFER,1130,,,,1123328,held=32
5.490812,BUFFER,1131,,,,1123328,held=33
5.491164,BUFFER,1132,,,,1123328,held=34
5.491485,DUP,1092,,,,1123328,
5.491814,BUFFER,1133,,,,1123328,held=35
5.498618,BUFFER,1134,,,,1123328,held=36
5.498917,BUFFER,1097,,,,1123328,held=37
5.498935,DELIVER,1097,,,,1124352,
5.498942,DELIVER,1098,,,,1125376,
5.498950,DELIVER,1099,,,,1126400,
5.498956,DELIVER,1100,,,,1127424,
5.498960,DELIVER,1101,,,,1128448,
5.498965,DELIVER,1102,,,,1129472,
5.498970,DELIVER,1103,,,,1130496,
5.498974,DELIVER,1104,,,,1131520,
5.498980,DELIVER,1105,,,,1132544,
5.498984,DELIVER,1106,,,,1133568,
5.498989,DELIVER,1107,,,,1134592,
5.498996,DELIVER,1108,,,,1135616,
5.499001,DELIVER,1109,,,,1136640,
5.499006,DELIVER,1110,,,,1137664,
5.499010,DELIVER,1111,,,,1138688,
5.499016,DELIVER,1112,,,,1139712,
5.499020,DELIVER,1113,,,,1140736,
5.499028,DELIVER,1114,,,,1141760,
5.499033,DELIVER,1115,,,,1142784,
5.499037,DELIVER,1116,,,,1143808,
5.499044,DELIVER,1117,,,,1144832,
5.499048,DELIVER,1118,,,,1145856,
5.499053,DELIVER,1119,,,,1146880,
5.499060,DELIVER,1120,,,,1147904,
5.499065,DELIVER,1121,,,,1148928,
5.499070,DELIVER,1122,,,,1149952,
5.499074,DELIVER,1123,,,,1150976,
5.499080,DELIVER,1124,,,,1152000,
5.499087,DELIVER,1125,,,,1153024,
5.499097,DELIVER,1126,,,,1154048,
5.499102,DELIVER,1127,,,,1155072,
5.500849,BUFFER,1135,,,,1155072,held=7
5.509258,BUFFER,1136,,,,1155072,held=8
5.509578,DUP,1092,,,,1155072,
5.510744,BUFFER,1137,,,,1155072,held=9
5.511092,BUFFER,1138,,,,1155072,held=10
5.511421,BUFFER,1139,,,,1155072,held=11
5.511731,BUFFER,1140,,,,1155072,held=12
5.512087,BUFFER,1141,,,,1155072,held=13
5.514426,BUFFER,1142,,,,1155072,held=14
5.514675,BUFFER,1143,,,,1155072,held=15
5.514914,BUFFER,1144,,,,1155072,held=16
5.515152,BUFFER,1145,,,,1155072,held=17
5.515387,BUFFER,1146,,,,1155072,held=18
5.524056,BUFFER,1128,,,,1155072,held=19
5.524080,DELIVER,1128,,,,1156096,
5.524088,DELIVER,1129,,,,1157120,
5.524095,DELIVER,1130,,,,1158144,
5.524102,DELIVER,1131,,,,1159168,
5.524109,DELIVER,1132,,,,1160192,
5.524114,DELIVER,1133,,,,1161216,
5.524120,DELIVER,1134,,,,1162240,
5.524126,DELIVER,1135,,,,1163264,
5.524131,DELIVER,1136,,,,1164288,
5.524137,DELIVER,1137,,,,1165312,
5.524143,DELIVER,1138,,,,1166336,
5.524148,DELIVER,1139,,,,1167360,
5.524154,DELIVER,1140,,,,1168384,
5.524159,DELIVER,1141,,,,1169408,
5.524167,DELIVER,1142,,,,1170432,
5.524172,DELIVER,1143,,,,1171456,
5.524178,DELIVER,1144,,,,1172480,
5.524184,DELIVER,1145,,,,1173504,
5.524190,DELIVER,1146,,,,1174528,
5.524461,BUFFER,1147,,,,1174528,held=1
5.524470,DELIVER,1147,,,,1175552,
5.530985,DUP,1110,,,,1175552,
5.539135,BUFFER,1148,,,,1175552,held=1
5.539155,DELIVER,1148,,,,1176576,
5.539398,BUFFER,1149,,,,1176576,held=1
5.539406,DELIVER,1149,,,,1177600,
5.539642,BUFFER,1152,,,,1177600,held=1
5.539668,NAK,1150,,,,1177600,
5.539682,NAK,1151,,,,1177600,
5.540026,BUFFER,1153,,,,1177600,held=2
5.548481,BUFFER,1154,,,,1177600,held=3
5.551058,BUFFER,1155,,,,1177600,held=4
5.555005,DUP,1110,,,,1177600,
5.555275,BUFFER,1156,,,,1177600,held=5
5.555504,BUFFER,1157,,,,1177600,held=6
5.555745,BUFFER,1158,,,,1177600,held=7
5.555969,BUFFER,1159,,,,1177600,held=8
5.556192,BUFFER,1160,,,,1177600,held=9
5.556474,BUFFER,1161,,,,1177600,held=10
5.563884,BUFFER,1162,,,,1177600,held=11
5.564713,BUFFER,1163,,,,1177600,held=12
5.565009,BUFFER,1164,,,,1177600,held=13
5.565361,BUFFER,1165,,,,1177600,held=14
5.565678,BUFFER,1166,,,,1177600,held=15
5.565980,BUFFER,1167,,,,1177600,held=16
5.579441,BUFFER,1168,,,,1177600,held=17
5.579799,BUFFER,1169,,,,1177600,held=18
5.580086,BUFFER,1170,,,,1177600,held=19
5.584097,DUP,1141,,,,1177600,
5.589564,BUFFER,1150,,,,1177600,held=20
5.589582,DELIVER,1150,,,,1178624,
5.602349,BUFFER,1171,,,,1178624,held=20
5.602390,NAK,1151,,,,1178624,
5.603316,BUFFER,1172,,,,1178624,held=21
5.603851,BUFFER,1173,,,,1178624,held=22
5.604640,BUFFER,1174,,,,1178624,held=23
5.604953,BUFFER,1175,,,,1178624,held=24
5.607669,BUFFER,1176,,,,1178624,held=25
5.607928,BUFFER,1177,,,,1178624,held=26
5.608167,BUFFER,1178,,,,1178624,held=27
5.610243,BUFFER,1179,,,,1178624,held=28
5.610512,BUFFER,1180,,,,1178624,held=29
5.610750,BUFFER,1181,,,,1178624,held=30
5.610967,BUFFER,1182,,,,1178624,held=31
5.612152,BUFFER,1183,,,,1178624,held=32
5.612388,BUFFER,1184,,,,1178624,held=33
5.628056,DUP,1147,,,,1178624,
5.629260,BUFFER,1185,,,,1178624,held=34
5.629547,BUFFER,1186,,,,1178624,held=35
5.632793,BUFFER,1187,,,,1178624,held=36
5.633811,BUFFER,1188,,,,1178624,held=37
5.640656,BUFFER,1189,,,,1178624,held=38
5.650189,BUFFER,1151,,,,1178624,held=39
5.650227,DELIVER,1151,,,,1179648,
5.650627,DELIVER,1152,,,,1180672,
5.650646,DELIVER,1153,,,,1181696,
5.650653,DELIVER,1154,,,,1182720,
5.650659,DELIVER,1155,,,,1183744,
5.650668,DELIVER,1156,,,,1184768,
5.650678,DELIVER,1157,,,,1185792,
5.650684,DELIVER,1158,,,,1186816,
5.650690,DELIVER,1159,,,,1187840,
5.650696,DELIVER,1160,,,,1188864,
5.650703,DELIVER,1161,,,,1189888,
5.650711,DELIVER,1162,,,,1190912,
5.650717,DELIVER,1163,,,,1191936,
5.650726,DELIVER,1164,,,,1192960,
5.650732,DELIVER,1165,,,,1193984,
5.650741,DELIVER,1166,,,,1195008,
5.650747,DELIVER,1167,,,,1196032,
5.650757,DELIVER,1168,,,,1197056,
5.650763,DELIVER,1169,,,,1198080,
5.650769,DELIVER,1170,,,,1199104,
5.650775,DELIVER,1171,,,,1200128,
5.650781,DELIVER,1172,,,,1201152,
5.650787,DELIVER,1173,,,,1202176,
5.650793,DELIVER,1174,,,,1203200,
5.650799,DELIVER,1175,,,,1204224,
5.650804,DELIVER,1176,,,,1205248,
5.650811,DELIVER,1177,,,,1206272,
5.650854,DELIVER,1178,,,,1207296,
5.650870,DELIVER,1179,,,,1208320,
5.650879,DELIVER,1180,,,,1209344,
5.650886,DELIVER,1181,,,,1210368,
5.650892,DELIVER,1182,,,,1211392,
5.650992,DELIVER,1183,,,,1212416,
5.651001,DELIVER,1184,,,,1213440,
5.651007,DELIVER,1185,,,,1214464,
5.651014,DELIVER,1186,,,,1215488,
5.651019,DELIVER,1187,,,,1216512,
5.651025,DELIVER,1188,,,,1217536,
5.651030,DELIVER,1189,,,,1218560,
5.651310,DUP,1147,,,,1218560,
5.651559,BUFFER,1190,,,,1218560,held=1
5.651605,DELIVER,1190,,,,1219584,
5.651970,BUFFER,1191,,,,1219584,held=1
5.651987,DELIVER,1191,,,,1220608,
5.652746,BUFFER,1192,,,,1220608,held=1
5.652766,DELIVER,1192,,,,1221632,
5.653332,BUFFER,1193,,,,1221632,held=1
5.653344,DELIVER,1193,,,,1222656,
5.653673,BUFFER,1194,,,,1222656,held=1
5.653682,DELIVER,1194,,,,1223680,
5.654028,BUFFER,1195,,,,1223680,held=1
5.654042,DELIVER,1195,,,,1224704,
5.654353,BUFFER,1196,,,,1224704,held=1
5.654365,DELIVER,1196,,,,1225728,
5.654663,BUFFER,1197,,,,1225728,held=1
5.654676,DELIVER,1197,,,,1226752,
5.660780,BUFFER,1198,,,,1226752,held=1
5.660792,DELIVER,1198,,,,1227776,
5.661079,BUFFER,1199,,,,1227776,held=1
5.661087,DELIVER,1199,,,,1228800,
5.664936,BUFFER,1200,,,,1228800,held=1
5.664970,DELIVER,1200,,,,1229824,
5.665232,BUFFER,1201,,,,1229824,held=1
5.665241,DELIVER,1201,,,,1230848,
5.665584,BUFFER,1202,,,,1230848,held=1
5.665598,DELIVER,1202,,,,1231872,
5.665925,BUFFER,1203,,,,1231872,held=1
5.665938,DELIVER,1203,,,,1232896,
5.675590,BUFFER,1204,,,,1232896,held=1
5.675614,DELIVER,1204,,,,1233920,
5.675953,BUFFER,1205,,,,1233920,held=1
5.675985,DELIVER,1205,,,,1234944,
5.676318,BUFFER,1206,,,,1234944,held=1
5.676331,DELIVER,1206,,,,1235968,
5.676613,DUP,1151,,,,1235968,
5.677991,BUFFER,1207,,,,1235968,held=1
5.678014,DELIVER,1207,,,,1236992,
5.681966,BUFFER,1208,,,,1236992,held=1
5.681991,DELIVER,1208,,,,1238016,
5.687219,BUFFER,1209,,,,1238016,held=1
5.687241,DELIVER,1209,,,,1239040,
5.698528,BUFFER,1210,,,,1239040,held=1
5.698565,DELIVER,1210,,,,1240064,
5.705125,BUFFER,1211,,,,1240064,held=1
5.705156,DELIVER,1211,,,,1241088,
5.705455,DUP,1177,,,,1241088,
5.705659,BUFFER,1212,,,,1241088,held=1
5.705666,DELIVER,1212,,,,1242112,
5.707280,BUFFER,1213,,,,1242112,held=1
5.707299,DELIVER,1213,,,,1243136,
5.707601,BUFFER,1214,,,,1243136,held=1
5.707610,DELIVER,1214,,,,1244160,
5.708272,BUFFER,1215,,,,1244160,held=1
5.708281,DELIVER,1215,,,,1245184,
5.708585,BUFFER,1216,,,,1245184,held=1
5.708594,DELIVER,1216,,,,1246208,
5.711775,BUFFER,1217,,,,1246208,held=1
5.711785,DELIVER,1217,,,,1247232,
5.712003,BUFFER,1218,,,,1247232,held=1
5.712010,DELIVER,1218,,,,1248256,
5.714297,BUFFER,1219,,,,1248256,held=1
5.714304,DELIVER,1219,,,,1249280,
5.714537,BUFFER,1220,,,,1249280,held=1
5.714545,DELIVER,1220,,,,1250304,
5.714759,BUFFER,1221,,,,1250304,held=1
5.714766,DELIVER,1221,,,,1251328,
5.717191,BUFFER,1222,,,,1251328,held=1
5.717202,DELIVER,1222,,,,1252352,
5.725453,DUP,1186,,,,1252352,
5.726919,BUFFER,1223,,,,1252352,held=1
5.726929,DELIVER,1223,,,,1253376,
5.727209,BUFFER,1224,,,,1253376,held=1
5.727217,DELIVER,1224,,,,1254400,
5.729192,BUFFER,1225,,,,1254400,held=1
5.729203,DELIVER,1225,,,,1255424,
5.729490,BUFFER,1226,,,,1255424,held=1
5.729501,DELIVER,1226,,,,1256448,
5.729791,BUFFER,1227,,,,1256448,held=1
5.729800,DELIVER,1227,,,,1257472,
5.738584,BUFFER,1228,,,,1257472,held=1
5.738593,DELIVER,1228,,,,1258496,
5.754151,BUFFER,1229,,,,1258496,held=1
5.754167,DELIVER,1229,,,,1259520,
5.754488,BUFFER,1231,,,,1259520,held=1
5.754508,NAK,1230,,,,1259520,
5.754768,BUFFER,1232,,,,1259520,held=2
5.755021,DUP,1186,,,,1259520,
5.760241,BUFFER,1233,,,,1259520,held=3
5.760523,BUFFER,1234,,,,1259520,held=4
5.760782,BUFFER,1235,,,,1259520,held=5
5.762502,BUFFER,1236,,,,1259520,held=6
5.762802,BUFFER,1237,,,,1259520,held=7
5.763089,BUFFER,1238,,,,1259520,held=8
5.763378,DUP,1200,,,,1259520,
5.776306,DUP,1200,,,,1259520,
5.778464,BUFFER,1240,,,,1259520,held=9
5.778503,NAK,1239,,,,1259520,
5.778852,BUFFER,1241,,,,1259520,held=10
5.782220,BUFFER,1242,,,,1259520,held=11
5.782733,BUFFER,1243,,,,1259520,held=12
5.783143,BUFFER,1244,,,,1259520,held=13
5.784147,BUFFER,1245,,,,1259520,held=14
5.801371,BUFFER,1246,,,,1259520,held=15
5.801627,BUFFER,1230,,,,1259520,held=16
5.801643,DELIVER,1230,,,,1260544,
5.801650,DELIVER,1231,,,,1261568,
5.801655,DELIVER,1232,,,,1262592,
5.801660,DELIVER,1233,,,,1263616,
5.801664,DELIVER,1234,,,,1264640,
5.801669,DELIVER,1235,,,,1265664,
5.801673,DELIVER,1236,,,,1266688,
5.801678,DELIVER,1237,,,,1267712,
5.801682,DELIVER,1238,,,,1268736,
5.802003,BUFFER,1247,,,,1268736,held=8
5.802236,BUFFER,1248,,,,1268736,held=9
5.808287,BUFFER,1249,,,,1268736,held=10
5.810961,BUFFER,1250,,,,1268736,held=11
5.811258,BUFFER,1251,,,,1268736,held=12
5.811501,BUFFER,1253,,,,1268736,held=13
5.811522,NAK,1252,,,,1268736,
5.811807,BUFFER,1254,,,,1268736,held=14
5.813810,BUFFER,1255,,,,1268736,held=15
5.814340,BUFFER,1256,,,,1268736,held=16
5.814775,DUP,1218,,,,1268736,
5.827077,BUFFER,1239,,,,1268736,held=17
5.827116,DELIVER,1239,,,,1269760,
5.827124,DELIVER,1240,,,,1270784,
5.827134,DELIVER,1241,,,,1271808,
5.827142,DELIVER,1242,,,,1272832,
5.827148,DELIVER,1243,,,,1273856,
5.827154,DELIVER,1244,,,,1274880,
5.827164,DELIVER,1245,,,,1275904,
5.827170,DELIVER,1246,,,,1276928,
5.827180,DELIVER,1247,,,,1277952,
5.827186,DELIVER,1248,,,,1278976,
5.827192,DELIVER,1249,,,,1280000,
5.827198,DELIVER,1250,,,,1281024,
5.827204,DELIVER,1251,,,,1282048,
5.827570,DUP,1218,,,,1282048,
5.829464,BUFFER,1257,,,,1282048,held=5
5.829824,DUP,1222,,,,1282048,
5.830465,BUFFER,1258,,,,1282048,held=6
5.830775,BUFFER,1259,,,,1282048,held=7
5.832890,BUFFER,1260,,,,1282048,held=8
5.840549,BUFFER,1261,,,,1282048,held=9
5.840872,BUFFER,1262,,,,1282048,held=10
5.845190,BUFFER,1263,,,,1282048,held=11
5.845458,BUFFER,1264,,,,1282048,held=12
5.855565,BUFFER,1265,,,,1282048,held=13
5.855836,BUFFER,1252,,,,1282048,held=14
5.855848,DELIVER,1252,,,,1283072,
5.855858,DELIVER,1253,,,,1284096,
5.855864,DELIVER,1254,,,,1285120,
5.855869,DELIVER,1255,,,,1286144,
5.855874,DELIVER,1256,,,,1287168,
5.855879,DELIVER,1257,,,,1288192,
5.855885,DELIVER,1258,,,,1289216,
5.855890,DELIVER,1259,,,,1290240,
5.855894,DELIVER,1260,,,,1291264,
5.855900,DELIVER,1261,,,,1292288,
5.855905,DELIVER,1262,,,,1293312,
5.855911,DELIVER,1263,,,,1294336,
5.855916,DELIVER,1264,,,,1295360,
5.855920,DELIVER,1265,,,,1296384,
5.858630,BUFFER,1266,,,,1296384,held=1
5.858654,DELIVER,1266,,,,1297408,
5.861424,BUFFER,1267,,,,1297408,held=1
5.861454,DELIVER,1267,,,,1298432,
5.865457,BUFFER,1268,,,,1298432,held=1
5.865485,DELIVER,1268,,,,1299456,
5.865842,BUFFER,1270,,,,1299456,held=1
5.865867,NAK,1269,,,,1299456,
5.866180,BUFFER,1271,,,,1299456,held=2
5.872953,BUFFER,1272,,,,1299456,held=3
5.874383,DUP,1221,,,,1299456,
5.874699,BUFFER,1273,,,,1299456,held=4
5.874964,BUFFER,1274,,,,1299456,held=5
5.875276,BUFFER,1275,,,,1299456,held=6
5.878974,BUFFER,1276,,,,1299456,held=7
5.888518,BUFFER,1277,,,,1299456,held=8
5.888871,BUFFER,1278,,,,1299456,held=9
5.889159,BUFFER,1279,,,,1299456,held=10
5.895470,BUFFER,1280,,,,1299456,held=11
5.907425,BUFFER,1281,,,,1299456,held=12
5.907764,BUFFER,1282,,,,1299456,held=13
5.908073,DUP,1230,,,,1299456,
5.908377,BUFFER,1283,,,,1299456,held=14
5.909104,BUFFER,1284,,,,1299456,held=15
5.912044,BUFFER,1285,,,,1299456,held=16
5.912357,BUFFER,1269,,,,1299456,held=17
5.912375,DELIVER,1269,,,,1300480,
5.912382,DELIVER,1270,,,,1301504,
5.912475,DELIVER,1271,,,,1302528,
5.912483,DELIVER,1272,,,,1303552,
5.912488,DELIVER,1273,,,,1304576,
5.912494,DELIVER,1274,,,,1305600,
5.912500,DELIVER,1275,,,,1306624,
5.912505,DELIVER,1276,,,,1307648,
5.912511,DELIVER,1277,,,,1308672,
5.912516,DELIVER,1278,,,,1309696,
5.912523,DELIVER,1279,,,,1310720,
5.912655,DELIVER,1280,,,,1311744,
5.912663,DELIVER,1281,,,,1312768,
5.912668,DELIVER,1282,,,,1313792,
5.912674,DELIVER,1283,,,,1314816,
5.912680,DELIVER,1284,,,,1315840,
5.912685,DELIVER,1285,,,,1316864,
5.912998,BUFFER,1286,,,,1316864,held=1
5.913012,DELIVER,1286,,,,1317888,
5.915863,BUFFER,1287,,,,1317888,held=1
5.915904,DELIVER,1287,,,,1318912,
5.920028,BUFFER,1288,,,,1318912,held=1
5.920055,DELIVER,1288,,,,1319936,
5.923585,BUFFER,1289,,,,1319936,held=1
5.923619,DELIVER,1289,,,,1320960,
5.923912,BUFFER,1290,,,,1320960,held=1
5.923925,DELIVER,1290,,,,1321984,
5.924176,BUFFER,1291,,,,1321984,held=1
5.924189,DELIVER,1291,,,,1323008,
5.928412,DUP,1230,,,,1323008,
5.928755,BUFFER,1293,,,,1323008,held=1
5.928779,NAK,1292,,,,1323008,
5.934364,BUFFER,1294,,,,1323008,held=2
5.934674,DUP,1259,,,,1323008,
5.934950,BUFFER,1296,,,,1323008,held=3
5.935022,NAK,1295,,,,1323008,
5.935310,BUFFER,1297,,,,1323008,held=4
5.954501,BUFFER,1298,,,,1323008,held=5
5.954831,DUP,1259,,,,1323008,
5.955795,BUFFER,1299,,,,1323008,held=6
5.956590,BUFFER,1300,,,,1323008,held=7
5.956883,BUFFER,1301,,,,1323008,held=8
5.958173,BUFFER,1302,,,,1323008,held=9
5.961311,BUFFER,1303,,,,1323008,held=10
5.975095,BUFFER,1304,,,,1323008,held=11
5.975473,BUFFER,1305,,,,1323008,held=12
5.975822,BUFFER,1306,,,,1323008,held=13
5.976159,BUFFER,1307,,,,1323008,held=14
5.978726,BUFFER,1292,,,,1323008,held=15
5.978754,DELIVER,1292,,,,1324032,
5.978762,DELIVER,1293,,,,1325056,
5.978769,DELIVER,1294,,,,1326080,
5.979145,BUFFER,1309,,,,1326080,held=13
5.979179,NAK,1308,,,,1326080,
5.979576,BUFFER,1310,,,,1326080,held=14
5.979862,BUFFER,1311,,,,1326080,held=15
5.980246,BUFFER,1295,,,,1326080,held=16
5.980266,DELIVER,1295,,,,1327104,
5.980274,DELIVER,1296,,,,1328128,
5.980280,DELIVER,1297,,,,1329152,
5.980287,DELIVER,1298,,,,1330176,
5.980293,DELIVER,1299,,,,1331200,
5.980299,DELIVER,1300,,,,1332224,
5.980305,DELIVER,1301,,,,1333248,
5.980311,DELIVER,1302,,,,1334272,
5.980317,DELIVER,1303,,,,1335296,
5.980324,DELIVER,1304,,,,1336320,
5.980343,DELIVER,1305,,,,1337344,
5.980349,DELIVER,1306,,,,1338368,
5.980439,DELIVER,1307,,,,1339392,
5.982188,BUFFER,1312,,,,1339392,held=4
5.986973,BUFFER,1313,,,,1339392,held=5
6.000500,DUP,1263,,,,1339392,
6.000809,BUFFER,1314,,,,1339392,held=6
6.001073,BUFFER,1315,,,,1339392,held=7
6.004128,BUFFER,1316,,,,1339392,held=8
6.004335,BUFFER,1317,,,,1339392,held=9
6.006294,BUFFER,1318,,,,1339392,held=10
6.006532,BUFFER,1319,,,,1339392,held=11
6.006761,DUP,1284,,,,1339392,
6.007556,BUFFER,1320,,,,1339392,held=12
6.023883,BUFFER,1321,,,,1339392,held=13
6.024210,BUFFER,1322,,,,1339392,held=14
6.024564,BUFFER,1308,,,,1339392,held=15
6.024585,DELIVER,1308,,,,1340416,
6.024591,DELIVER,1309,,,,1341440,
6.024600,DELIVER,1310,,,,1342464,
6.024605,DELIVER,1311,,,,1343488,
6.024609,DELIVER,1312,,,,1344512,
6.024650,DELIVER,1313,,,,1345536,
6.024659,DELIVER,1314,,,,1346560,
6.024665,DELIVER,1315,,,,1347584,
6.024670,DELIVER,1316,,,,1348608,
6.024676,DELIVER,1317,,,,1349632,
6.024681,DELIVER,1318,,,,1350656,
6.024690,DELIVER,1319,,,,1351680,
6.024695,DELIVER,1320,,,,1352704,
6.024700,DELIVER,1321,,,,1353728,
6.024705,DELIVER,1322,,,,1354752,
6.028404,BUFFER,1323,,,,1354752,held=1
6.028427,DELIVER,1323,,,,1355776,
6.028792,BUFFER,1324,,,,1355776,held=1
6.028805,DELIVER,1324,,,,1356800,
6.029031,BUFFER,1325,,,,1356800,held=1
6.029039,DELIVER,1325,,,,1357824,
6.029287,BUFFER,1326,,,,1357824,held=1
6.029299,DELIVER,1326,,,,1358848,
6.030725,BUFFER,1327,,,,1358848,held=1
6.030741,DELIVER,1327,,,,1359872,
6.031033,BUFFER,1328,,,,1359872,held=1
6.031042,DELIVER,1328,,,,1360896,
6.031255,BUFFER,1329,,,,1360896,held=1
6.031263,DELIVER,1329,,,,1361920,
6.031615,BUFFER,1330,,,,1361920,held=1
6.031627,DELIVER,1330,,,,1362944,
6.042453,BUFFER,1331,,,,1362944,held=1
6.042480,DELIVER,1331,,,,1363968,
6.042809,BUFFER,1332,,,,1363968,held=1
6.042822,DELIVER,1332,,,,1364992,
6.047736,BUFFER,1333,,,,1364992,held=1
6.047757,DELIVER,1333,,,,1366016,
6.054294,BUFFER,1334,,,,1366016,held=1
6.054323,DELIVER,1334,,,,1367040,
6.054829,DUP,1284,,,,1367040,
6.055068,BUFFER,1335,,,,1367040,held=1
6.055078,DELIVER,1335,,,,1368064,
6.055332,BUFFER,1336,,,,1368064,held=1
6.055343,DELIVER,1336,,,,1369088,
6.055590,BUFFER,1338,,,,1369088,held=1
6.055616,NAK,1337,,,,1369088,
6.055838,BUFFER,1339,,,,1369088,held=2
6.057833,BUFFER,1340,,,,1369088,held=3
6.072987,DUP,1308,,,,1369088,
6.073248,BUFFER,1341,,,,1369088,held=4
6.073466,BUFFER,1342,,,,1369088,held=5
6.073696,BUFFER,1343,,,,1369088,held=6
6.078655,BUFFER,1344,,,,1369088,held=7
6.078981,BUFFER,1345,,,,1369088,held=8
6.079248,BUFFER,1346,,,,1369088,held=9
6.079502,BUFFER,1347,,,,1369088,held=10
6.084140,BUFFER,1348,,,,1369088,held=11
6.087922,BUFFER,1350,,,,1369088,held=12
6.087945,NAK,1349,,,,1369088,
6.093543,BUFFER,1351,,,,1369088,held=13
6.093836,BUFFER,1352,,,,1369088,held=14
6.094112,BUFFER,1353,,,,1369088,held=15
6.103817,BUFFER,1337,,,,1369088,held=16
6.103845,DELIVER,1337,,,,1370112,
6.103852,DELIVER,1338,,,,1371136,
6.103857,DELIVER,1339,,,,1372160,
6.103863,DELIVER,1340,,,,1373184,
6.103869,DELIVER,1341,,,,1374208,
6.103874,DELIVER,1342,,,,1375232,
6.103879,DELIVER,1343,,,,1376256,
6.103884,DELIVER,1344,,,,1377280,
6.103889,DELIVER,1345,,,,1378304,
6.103896,DELIVER,1346,,,,1379328,
6.103902,DELIVER,1347,,,,1380352,
6.103907,DELIVER,1348,,,,1381376,
6.104174,DUP,1337,,,,1381376,
6.104461,BUFFER,1354,,,,1381376,held=5
6.104723,BUFFER,1355,,,,1381376,held=6
6.104928,BUFFER,1356,,,,1381376,held=7
6.105711,BUFFER,1357,,,,1381376,held=8
6.105967,BUFFER,1358,,,,1381376,held=9
6.107767,BUFFER,1359,,,,1381376,held=10
6.123134,BUFFER,1360,,,,1381376,held=11
6.128069,BUFFER,1361,,,,1381376,held=12
6.128433,BUFFER,1363,,,,1381376,held=13
6.128458,NAK,1362,,,,1381376,
6.128758,BUFFER,1364,,,,1381376,held=14
6.132665,BUFFER,1365,,,,1381376,held=15
6.133147,BUFFER,1366,,,,1381376,held=16
6.133774,BUFFER,1367,,,,1381376,held=17
6.138650,BUFFER,1349,,,,1381376,held=18
6.138686,DELIVER,1349,,,,1382400,
6.138695,DELIVER,1350,,,,1383424,
6.138701,DELIVER,1351,,,,1384448,
6.138708,DELIVER,1352,,,,1385472,
6.138714,DELIVER,1353,,,,1386496,
6.138720,DELIVER,1354,,,,1387520,
6.138725,DELIVER,1355,,,,1388544,
6.138731,DELIVER,1356,,,,1389568,
6.138737,DELIVER,1357,,,,1390592,
6.138742,DELIVER,1358,,,,1391616,
6.138748,DELIVER,1359,,,,1392640,
6.138754,DELIVER,1360,,,,1393664,
6.138759,DELIVER,1361,,,,1394688,
6.139072,BUFFER,1368,,,,1394688,held=6
6.139449,BUFFER,1369,,,,1394688,held=7
6.140591,BUFFER,1370,,,,1394688,held=8
6.147239,BUFFER,1371,,,,1394688,held=9
6.156020,DUP,1346,,,,1394688,
6.156613,BUFFER,1372,,,,1394688,held=10
6.156912,BUFFER,1373,,,,1394688,held=11
6.159986,BUFFER,1374,,,,1394688,held=12
6.160340,BUFFER,1375,,,,1394688,held=13
6.179384,BUFFER,1362,,,,1394688,held=14
6.179418,DELIVER,1362,,,,1395712,
6.179427,DELIVER,1363,,,,1396736,
6.179434,DELIVER,1364,,,,1397760,
6.179441,DELIVER,1365,,,,1398784,
6.179576,DELIVER,1366,,,,1399808,
6.179590,DELIVER,1367,,,,1400832,
6.179597,DELIVER,1368,,,,1401856,
6.179603,DELIVER,1369,,,,1402880,
6.179609,DELIVER,1370,,,,1403904,
6.179615,DELIVER,1371,,,,1404928,
6.179622,DELIVER,1372,,,,1405952,
6.179628,DELIVER,1373,,,,1406976,
6.179635,DELIVER,1374,,,,1408000,
6.179642,DELIVER,1375,,,,1409024,
6.180487,BUFFER,1376,,,,1409024,held=1
6.180515,DELIVER,1376,,,,1410048,
6.182313,BUFFER,1377,,,,1410048,held=1
6.182333,DELIVER,1377,,,,1411072,
6.182687,BUFFER,1378,,,,1411072,held=1
6.182700,DELIVER,1378,,,,1412096,
6.182939,BUFFER,1379,,,,1412096,held=1
6.182948,DELIVER,1379,,,,1413120,
6.183210,BUFFER,1380,,,,1413120,held=1
6.183304,DELIVER,1380,,,,1414144,
6.183577,BUFFER,1381,,,,1414144,held=1
6.183589,DELIVER,1381,,,,1415168,
6.183916,BUFFER,1382,,,,1415168,held=1
6.183927,DELIVER,1382,,,,1416192,
6.185024,BUFFER,1383,,,,1416192,held=1
6.185034,DELIVER,1383,,,,1417216,
6.191168,BUFFER,1384,,,,1417216,held=1
6.191189,DELIVER,1384,,,,1418240,
6.191516,BUFFER,1385,,,,1418240,held=1
6.191531,DELIVER,1385,,,,1419264,
6.205499,DUP,1356,,,,1419264,
6.205761,BUFFER,1386,,,,1419264,held=1
6.205778,DELIVER,1386,,,,1420288,
6.205985,BUFFER,1387,,,,1420288,held=1
6.205993,DELIVER,1387,,,,1421312,
6.206255,BUFFER,1388,,,,1421312,held=1
6.206263,DELIVER,1388,,,,1422336,
6.206481,BUFFER,1389,,,,1422336,held=1
6.206488,DELIVER,1389,,,,1423360,
6.206718,BUFFER,1390,,,,1423360,held=1
6.206729,DELIVER,1390,,,,1424384,
6.224077,DUP,1361,,,,1424384,
6.233767,BUFFER,1391,,,,1424384,held=1
6.233793,DELIVER,1391,,,,1425408,
6.234248,BUFFER,1392,,,,1425408,held=1
6.234272,DELIVER,1392,,,,1426432,
6.235018,BUFFER,1393,,,,1426432,held=1
6.235036,DELIVER,1393,,,,1427456,
6.235436,BUFFER,1394,,,,1427456,held=1
6.235451,DELIVER,1394,,,,1428480,
6.235704,BUFFER,1395,,,,1428480,held=1
6.235717,DELIVER,1395,,,,1429504,
6.236432,BUFFER,1396,,,,1429504,held=1
6.236449,DELIVER,1396,,,,1430528,
6.236678,BUFFER,1397,,,,1430528,held=1
6.236686,DELIVER,1397,,,,1431552,
6.237001,BUFFER,1398,,,,1431552,held=1
6.237016,DELIVER,1398,,,,1432576,
6.238232,BUFFER,1399,,,,1432576,held=1
6.238258,DELIVER,1399,,,,1433600,
6.238642,BUFFER,1400,,,,1433600,held=1
6.238654,DELIVER,1400,,,,1434624,
6.239241,DUP,1370,,,,1434624,
6.249570,BUFFER,1401,,,,1434624,held=1
6.249594,DELIVER,1401,,,,1435648,
6.250050,BUFFER,1402,,,,1435648,held=1
6.250062,DELIVER,1402,,,,1436672,
6.250362,BUFFER,1403,,,,1436672,held=1
6.250370,DELIVER,1403,,,,1437696,
6.250641,BUFFER,1404,,,,1437696,held=1
6.250653,DELIVER,1404,,,,1438720,
6.254502,DUP,1361,,,,1438720,
6.254770,BUFFER,1405,,,,1438720,held=1
6.254782,DELIVER,1405,,,,1439744,
6.255030,BUFFER,1406,,,,1439744,held=1
6.255041,DELIVER,1406,,,,1440768,
6.255274,BUFFER,1407,,,,1440768,held=1
6.255285,DELIVER,1407,,,,1441792,
6.264144,BUFFER,1408,,,,1441792,held=1
6.264324,DELIVER,1408,,,,1442816,
6.271260,BUFFER,1409,,,,1442816,held=1
6.271286,DELIVER,1409,,,,1443840,
6.280057,BUFFER,1410,,,,1443840,held=1
6.280081,DELIVER,1410,,,,1444864,
6.280312,DUP,1370,,,,1444864,
6.280617,BUFFER,1411,,,,1444864,held=1
6.280631,DELIVER,1411,,,,1445888,
6.285683,BUFFER,1412,,,,1445888,held=1
6.285732,DELIVER,1412,,,,1446912,
6.286108,BUFFER,1413,,,,1446912,held=1
6.286123,DELIVER,1413,,,,1447936,
6.286419,DUP,1379,,,,1447936,
6.286696,BUFFER,1414,,,,1447936,held=1
6.286711,DELIVER,1414,,,,1448960,
6.287035,BUFFER,1415,,,,1448960,held=1
6.287048,DELIVER,1415,,,,1449984,
6.287560,BUFFER,1416,,,,1449984,held=1
6.287576,DELIVER,1416,,,,1451008,
6.287851,BUFFER,1417,,,,1451008,held=1
6.287859,DELIVER,1417,,,,1452032,
6.289712,BUFFER,1418,,,,1452032,held=1
6.289723,DELIVER,1418,,,,1453056,
6.289959,DUP,1379,,,,1453056,
6.291381,BUFFER,1419,,,,1453056,held=1
6.291390,DELIVER,1419,,,,1454080,
6.294625,BUFFER,1420,,,,1454080,held=1
6.294633,DELIVER,1420,,,,1455104,
6.301704,BUFFER,1421,,,,1455104,held=1
6.301712,DELIVER,1421,,,,1456128,
6.301900,BUFFER,1422,,,,1456128,held=1
6.301905,DELIVER,1422,,,,1457152,
6.306427,BUFFER,1423,,,,1457152,held=1
6.306433,DELIVER,1423,,,,1458176,
6.315577,BUFFER,1424,,,,1458176,held=1
6.315584,DELIVER,1424,,,,1459200,
6.321844,BUFFER,1425,,,,1459200,held=1
6.321852,DELIVER,1425,,,,1460224,
6.329700,DUP,1392,,,,1460224,
6.329946,BUFFER,1426,,,,1460224,held=1
6.329955,DELIVER,1426,,,,1461248,
6.337031,BUFFER,1427,,,,1461248,held=1
6.337044,DELIVER,1427,,,,1462272,
6.337220,BUFFER,1428,,,,1462272,held=1
6.337225,DELIVER,1428,,,,1463296,
6.337395,BUFFER,1429,,,,1463296,held=1
6.337399,DELIVER,1429,,,,1464320,
6.337564,DUP,1396,,,,1464320,
6.337735,BUFFER,1430,,,,1464320,held=1
6.337740,DELIVER,1430,,,,1465344,
6.341376,BUFFER,1431,,,,1465344,held=1
6.341385,DELIVER,1431,,,,1466368,
6.341575,BUFFER,1432,,,,1466368,held=1
6.341581,DELIVER,1432,,,,1467392,
6.341769,BUFFER,1433,,,,1467392,held=1
6.341775,DELIVER,1433,,,,1468416,
6.341964,BUFFER,1434,,,,1468416,held=1
6.341970,DELIVER,1434,,,,1469440,
6.355805,BUFFER,1435,,,,1469440,held=1
6.355813,DELIVER,1435,,,,1470464,
6.355984,BUFFER,1436,,,,1470464,held=1
6.355989,DELIVER,1436,,,,1471488,
6.356131,BUFFER,1437,,,,1471488,held=1
6.356135,DELIVER,1437,,,,1472512,
6.364990,BUFFER,1438,,,,1472512,held=1
6.364996,DELIVER,1438,,,,1473536,
6.365159,BUFFER,1439,,,,1473536,held=1
6.365166,DELIVER,1439,,,,1474560,
6.368154,BUFFER,1440,,,,1474560,held=1
6.368161,DELIVER,1440,,,,1475584,
6.374359,BUFFER,1441,,,,1475584,held=1
6.374365,DELIVER,1441,,,,1476608,
6.382377,DUP,1411,,,,1476608,
6.384016,DUP,1396,,,,1476608,
6.388244,BUFFER,1442,,,,1476608,held=1
6.388251,DELIVER,1442,,,,1477632,
6.391872,BUFFER,1443,,,,1477632,held=1
6.391878,DELIVER,1443,,,,1478656,
6.392071,BUFFER,1444,,,,1478656,held=1
6.392079,DELIVER,1444,,,,1479680,
6.392254,BUFFER,1445,,,,1479680,held=1
6.392259,DELIVER,1445,,,,1480704,
6.392418,BUFFER,1447,,,,1480704,held=1
6.392430,NAK,1446,,,,1480704,
6.392591,BUFFER,1448,,,,1480704,held=2
6.392754,BUFFER,1449,,,,1480704,held=3
6.392917,BUFFER,1450,,,,1480704,held=4
6.393077,DUP,1414,,,,1480704,
6.399828,BUFFER,1451,,,,1480704,held=5
6.401897,BUFFER,1452,,,,1480704,held=6
6.406720,DUP,1416,,,,1480704,
6.406957,BUFFER,1453,,,,1480704,held=7
6.417157,BUFFER,1454,,,,1480704,held=8
6.417397,BUFFER,1455,,,,1480704,held=9
6.417643,BUFFER,1456,,,,1480704,held=10
6.421507,BUFFER,1457,,,,1480704,held=11
6.422492,BUFFER,1458,,,,1480704,held=12
6.435431,DUP,1414,,,,1480704,
6.435634,BUFFER,1446,,,,1480704,held=13
6.435644,DELIVER,1446,,,,1481728,
6.435649,DELIVER,1447,,,,1482752,
6.435653,DELIVER,1448,,,,1483776,
6.435658,DELIVER,1449,,,,1484800,
6.435662,DELIVER,1450,,,,1485824,
6.435665,DELIVER,1451,,,,1486848,
6.435669,DELIVER,1452,,,,1487872,
6.435673,DELIVER,1453,,,,1488896,
6.435677,DELIVER,1454,,,,1489920,
6.435680,DELIVER,1455,,,,1490944,
6.435684,DELIVER,1456,,,,1491968,
6.435688,DELIVER,1457,,,,1492992,
6.435691,DELIVER,1458,,,,1494016,
6.435906,BUFFER,1460,,,,1494016,held=1
6.435926,NAK,1459,,,,1494016,
6.436244,BUFFER,1463,,,,1494016,held=2
6.436256,NAK,1461,,,,1494016,
6.436266,NAK,1462,,,,1494016,
6.439891,BUFFER,1464,,,,1494016,held=3
6.444874,BUFFER,1465,,,,1494016,held=4
6.445064,BUFFER,1466,,,,1494016,held=5
6.445259,BUFFER,1467,,,,1494016,held=6
6.445489,BUFFER,1468,,,,1494016,held=7
6.445674,BUFFER,1469,,,,1494016,held=8
6.445859,BUFFER,1470,,,,1494016,held=9
6.454832,BUFFER,1471,,,,1494016,held=10
6.455036,BUFFER,1472,,,,1494016,held=11
6.469146,DUP,1446,,,,1494016,
6.469399,BUFFER,1473,,,,1494016,held=12
6.469607,BUFFER,1474,,,,1494016,held=13
6.470408,BUFFER,1475,,,,1494016,held=14
6.480304,BUFFER,1459,,,,1494016,held=15
6.480314,DELIVER,1459,,,,1495040,
6.480319,DELIVER,1460,,,,1496064,
6.488600,BUFFER,1461,,,,1496064,held=14
6.488610,DELIVER,1461,,,,1497088,
6.488631,NAK,1462,,,,1497088,
6.488866,BUFFER,1462,,,,1497088,held=14
6.488873,DELIVER,1462,,,,1498112,
6.488879,DELIVER,1463,,,,1499136,
6.488883,DELIVER,1464,,,,1500160,
6.488888,DELIVER,1465,,,,1501184,
6.488893,DELIVER,1466,,,,1502208,
6.488897,DELIVER,1467,,,,1503232,
6.488902,DELIVER,1468,,,,1504256,
6.488906,DELIVER,1469,,,,1505280,
6.488910,DELIVER,1470,,,,1506304,
6.488915,DELIVER,1471,,,,1507328,
6.488920,DELIVER,1472,,,,1508352,
6.488925,DELIVER,1473,,,,1509376,
6.488929,DELIVER,1474,,,,1510400,
6.488934,DELIVER,1475,,,,1511424,
6.489132,DUP,1447,,,,1511424,
6.489331,BUFFER,1476,,,,1511424,held=1
6.489337,DELIVER,1476,,,,1512448,
6.489535,BUFFER,1477,,,,1512448,held=1
6.489541,DELIVER,1477,,,,1513472,
6.489736,BUFFER,1478,,,,1513472,held=1
6.489742,DELIVER,1478,,,,1514496,
6.489940,BUFFER,1479,,,,1514496,held=1
6.489945,DELIVER,1479,,,,1515520,
6.490143,BUFFER,1480,,,,1515520,held=1
6.490148,DELIVER,1480,,,,1516544,
6.490344,BUFFER,1481,,,,1516544,held=1
6.490349,DELIVER,1481,,,,1517568,
6.494186,BUFFER,1482,,,,1517568,held=1
6.494194,DELIVER,1482,,,,1518592,
6.494488,BUFFER,1483,,,,1518592,held=1
6.494499,DELIVER,1483,,,,1519616,
6.494777,BUFFER,1484,,,,1519616,held=1
6.494786,DELIVER,1484,,,,1520640,
6.495061,BUFFER,1485,,,,1520640,held=1
6.495068,DELIVER,1485,,,,1521664,
6.495334,BUFFER,1486,,,,1521664,held=1
6.495341,DELIVER,1486,,,,1522688,
6.495589,BUFFER,1487,,,,1522688,held=1
6.495595,DELIVER,1487,,,,1523712,
6.509724,BUFFER,1488,,,,1523712,held=1
6.509792,DELIVER,1488,,,,1524736,
6.518394,BUFFER,1489,,,,1524736,held=1
6.518423,DELIVER,1489,,,,1525760,
6.518839,BUFFER,1490,,,,1525760,held=1
6.518850,DELIVER,1490,,,,1526784,
6.530214,DUP,1462,,,,1526784,
6.530560,DUP,1461,,,,1526784,
6.530954,BUFFER,1492,,,,1526784,held=1
6.530989,NAK,1491,,,,1526784,
6.533425,BUFFER,1493,,,,1526784,held=2
6.540890,BUFFER,1494,,,,1526784,held=3
6.541321,BUFFER,1495,,,,1526784,held=4
6.541834,BUFFER,1496,,,,1526784,held=5
6.542246,BUFFER,1497,,,,1526784,held=6
6.542547,BUFFER,1498,,,,1526784,held=7
6.542884,BUFFER,1499,,,,1526784,held=8
6.543229,BUFFER,1500,,,,1526784,held=9
6.543525,BUFFER,1501,,,,1526784,held=10
6.543838,BUFFER,1502,,,,1526784,held=11
6.545392,BUFFER,1503,,,,1526784,held=12
6.545678,BUFFER,1504,,,,1526784,held=13
6.545961,BUFFER,1505,,,,1526784,held=14
6.546235,BUFFER,1506,,,,1526784,held=15
6.559518,BUFFER,1508,,,,1526784,held=16
6.559545,NAK,1507,,,,1526784,
6.566865,BUFFER,1509,,,,1526784,held=17
6.575230,BUFFER,1491,,,,1526784,held=18
6.575241,DELIVER,1491,,,,1527808,
6.575246,DELIVER,1492,,,,1528832,
6.575251,DELIVER,1493,,,,1529856,
6.575256,DELIVER,1494,,,,1530880,
6.575261,DELIVER,1495,,,,1531904,
6.575266,DELIVER,1496,,,,1532928,
6.575270,DELIVER,1497,,,,1533952,
6.575275,DELIVER,1498,,,,1534976,
6.575280,DELIVER,1499,,,,1536000,
6.575284,DELIVER,1500,,,,1537024,
6.575290,DELIVER,1501,,,,1538048,
6.575295,DELIVER,1502,,,,1539072,
6.575300,DELIVER,1503,,,,1540096,
6.575304,DELIVER,1504,,,,1541120,
6.575308,DELIVER,1505,,,,1542144,
6.575313,DELIVER,1506,,,,1543168,
6.575514,DUP,1488,,,,1543168,
6.583066,BUFFER,1510,,,,1543168,held=3
6.583357,BUFFER,1511,,,,1543168,held=4
6.583636,BUFFER,1512,,,,1543168,held=5
6.583918,BUFFER,1513,,,,1543168,held=6
6.594114,BUFFER,1514,,,,1543168,held=7
6.594582,BUFFER,1515,,,,1543168,held=8
6.594972,BUFFER,1516,,,,1543168,held=9
6.595222,BUFFER,1517,,,,1543168,held=10
6.595456,BUFFER,1518,,,,1543168,held=11
6.595697,BUFFER,1519,,,,1543168,held=12
6.596605,BUFFER,1520,,,,1543168,held=13
6.596865,BUFFER,1521,,,,1543168,held=14
6.597124,BUFFER,1522,,,,1543168,held=15
6.599306,BUFFER,1523,,,,1543168,held=16
6.604211,BUFFER,1507,,,,1543168,held=17
6.604222,DELIVER,1507,,,,1544192,
6.604229,DELIVER,1508,,,,1545216,
6.604235,DELIVER,1509,,,,1546240,
6.604241,DELIVER,1510,,,,1547264,
6.604247,DELIVER,1511,,,,1548288,
6.604252,DELIVER,1512,,,,1549312,
6.604258,DELIVER,1513,,,,1550336,
6.604263,DELIVER,1514,,,,1551360,
6.604269,DELIVER,1515,,,,1552384,
6.604275,DELIVER,1516,,,,1553408,
6.604280,DELIVER,1517,,,,1554432,
6.604287,DELIVER,1518,,,,1555456,
6.604293,DELIVER,1519,,,,1556480,
6.604299,DELIVER,1520,,,,1557504,
6.604306,DELIVER,1521,,,,1558528,
6.604312,DELIVER,1522,,,,1559552,
6.604317,DELIVER,1523,,,,1560576,
6.609611,BUFFER,1524,,,,1560576,held=1
6.609623,DELIVER,1524,,,,1561600,
6.612958,BUFFER,1525,,,,1561600,held=1
6.612984,DELIVER,1525,,,,1562624,
6.623793,BUFFER,1526,,,,1562624,held=1
6.623804,DELIVER,1526,,,,1563648,
6.624088,BUFFER,1527,,,,1563648,held=1
6.624096,DELIVER,1527,,,,1564672,
6.624367,BUFFER,1528,,,,1564672,held=1
6.624374,DELIVER,1528,,,,1565696,
6.624623,DUP,1507,,,,1565696,
6.624878,BUFFER,1529,,,,1565696,held=1
6.624885,DELIVER,1529,,,,1566720,
6.631574,BUFFER,1530,,,,1566720,held=1
6.631598,DELIVER,1530,,,,1567744,
6.632196,BUFFER,1531,,,,1567744,held=1
6.632221,DELIVER,1531,,,,1568768,
6.643768,BUFFER,1532,,,,1568768,held=1
6.643797,DELIVER,1532,,,,1569792,
6.644244,BUFFER,1533,,,,1569792,held=1
6.644262,DELIVER,1533,,,,1570816,
6.644549,BUFFER,1534,,,,1570816,held=1
6.644559,DELIVER,1534,,,,1571840,
6.644836,BUFFER,1535,,,,1571840,held=1
6.644846,DELIVER,1535,,,,1572864,
6.645149,BUFFER,1536,,,,1572864,held=1
6.645354,DELIVER,1536,,,,1573888,
6.645602,BUFFER,1537,,,,1573888,held=1
6.645611,DELIVER,1537,,,,1574912,
6.645847,BUFFER,1538,,,,1574912,held=1
6.645858,DELIVER,1538,,,,1575936,
6.646097,BUFFER,1539,,,,1575936,held=1
6.646104,DELIVER,1539,,,,1576960,
6.646390,BUFFER,1540,,,,1576960,held=1
6.646410,DELIVER,1540,,,,1577984,
6.646815,BUFFER,1541,,,,1577984,held=1
6.646835,DELIVER,1541,,,,1579008,
6.647287,BUFFER,1542,,,,1579008,held=1
6.647297,DELIVER,1542,,,,1580032,
6.647564,BUFFER,1543,,,,1580032,held=1
6.647571,DELIVER,1543,,,,1581056,
6.661196,BUFFER,1544,,,,1581056,held=1
6.661220,DELIVER,1544,,,,1582080,
6.661671,BUFFER,1545,,,,1582080,held=1
6.661690,DELIVER,1545,,,,1583104,
6.668540,BUFFER,1546,,,,1583104,held=1
6.668566,DELIVER,1546,,,,1584128,
6.669069,BUFFER,1547,,,,1584128,held=1
6.669087,DELIVER,1547,,,,1585152,
6.669588,BUFFER,1548,,,,1585152,held=1
6.669602,DELIVER,1548,,,,1586176,
6.670345,BUFFER,1549,,,,1586176,held=1
6.670365,DELIVER,1549,,,,1587200,
6.670766,BUFFER,1550,,,,1587200,held=1
6.670777,DELIVER,1550,,,,1588224,
6.671082,BUFFER,1551,,,,1588224,held=1
6.671093,DELIVER,1551,,,,1589248,
6.686581,BUFFER,1552,,,,1589248,held=1
6.686609,DELIVER,1552,,,,1590272,
6.693349,BUFFER,1554,,,,1590272,held=1
6.693395,NAK,1553,,,,1590272,
6.693714,BUFFER,1555,,,,1590272,held=2
6.694047,BUFFER,1556,,,,1590272,held=3
6.694361,BUFFER,1557,,,,1590272,held=4
6.694615,BUFFER,1558,,,,1590272,held=5
6.695213,BUFFER,1559,,,,1590272,held=6
6.695470,BUFFER,1560,,,,1590272,held=7
6.699745,BUFFER,1562,,,,1590272,held=8
6.699920,NAK,1561,,,,1590272,
6.700252,BUFFER,1563,,,,1590272,held=9
6.700587,BUFFER,1564,,,,1590272,held=10
6.700841,BUFFER,1565,,,,1590272,held=11
6.706672,BUFFER,1566,,,,1590272,held=12
6.714939,BUFFER,1567,,,,1590272,held=13
6.715260,BUFFER,1568,,,,1590272,held=14
6.715656,BUFFER,1569,,,,1590272,held=15
6.715941,BUFFER,1570,,,,1590272,held=16
6.716369,BUFFER,1571,,,,1590272,held=17
6.716667,BUFFER,1572,,,,1590272,held=18
6.739514,BUFFER,1573,,,,1590272,held=19
6.742077,BUFFER,1553,,,,1590272,held=20
6.742113,DELIVER,1553,,,,1591296,
6.742123,DELIVER,1554,,,,1592320,
6.742131,DELIVER,1555,,,,1593344,
6.742140,DELIVER,1556,,,,1594368,
6.742149,DELIVER,1557,,,,1595392,
6.742157,DELIVER,1558,,,,1596416,
6.742164,DELIVER,1559,,,,1597440,
6.742171,DELIVER,1560,,,,1598464,
6.742838,DUP,1553,,,,1598464,
6.746432,BUFFER,1574,,,,1598464,held=13
6.746754,BUFFER,1575,,,,1598464,held=14
6.747263,BUFFER,1576,,,,1598464,held=15
6.747561,BUFFER,1577,,,,1598464,held=16
6.748012,BUFFER,1578,,,,1598464,held=17
6.748683,BUFFER,1561,,,,1598464,held=18
6.748713,DELIVER,1561,,,,1599488,
6.748722,DELIVER,1562,,,,1600512,
6.748727,DELIVER,1563,,,,1601536,
6.748749,DELIVER,1564,,,,1602560,
6.748761,DELIVER,1565,,,,1603584,
6.748768,DELIVER,1566,,,,1604608,
6.748774,DELIVER,1567,,,,1605632,
6.748779,DELIVER,1568,,,,1606656,
6.748820,DELIVER,1569,,,,1607680,
6.748828,DELIVER,1570,,,,1608704,
6.748834,DELIVER,1571,,,,1609728,
6.748839,DELIVER,1572,,,,1610752,
6.748843,DELIVER,1573,,,,1611776,
6.748849,DELIVER,1574,,,,1612800,
6.748854,DELIVER,1575,,,,1613824,
6.748858,DELIVER,1576,,,,1614848,
6.748863,DELIVER,1577,,,,1615872,
6.748868,DELIVER,1578,,,,1616896,
6.749318,BUFFER,1579,,,,1616896,held=1
6.749329,DELIVER,1579,,,,1617920,
6.749619,BUFFER,1580,,,,1617920,held=1
6.749628,DELIVER,1580,,,,1618944,
6.749948,BUFFER,1581,,,,1618944,held=1
6.749960,DELIVER,1581,,,,1619968,
6.750251,BUFFER,1582,,,,1619968,held=1
6.750261,DELIVER,1582,,,,1620992,
6.750551,BUFFER,1583,,,,1620992,held=1
6.750558,DELIVER,1583,,,,1622016,
6.755773,BUFFER,1584,,,,1622016,held=1
6.755783,DELIVER,1584,,,,1623040,
6.763693,BUFFER,1585,,,,1623040,held=1
6.763710,DELIVER,1585,,,,1624064,
6.770895,BUFFER,1586,,,,1624064,held=1
6.770919,DELIVER,1586,,,,1625088,
6.771537,BUFFER,1587,,,,1625088,held=1
6.771561,DELIVER,1587,,,,1626112,
6.772036,BUFFER,1588,,,,1626112,held=1
6.772051,DELIVER,1588,,,,1627136,
6.772323,BUFFER,1589,,,,1627136,held=1
6.772332,DELIVER,1589,,,,1628160,
6.772672,BUFFER,1590,,,,1628160,held=1
6.772686,DELIVER,1590,,,,1629184,
6.773086,BUFFER,1591,,,,1629184,held=1
6.773095,DELIVER,1591,,,,1630208,
6.780095,BUFFER,1592,,,,1630208,held=1
6.780116,DELIVER,1592,,,,1631232,
6.793227,BUFFER,1593,,,,1631232,held=1
6.793256,DELIVER,1593,,,,1632256,
6.798745,DUP,1561,,,,1632256,
6.799714,BUFFER,1594,,,,1632256,held=1
6.799741,DELIVER,1594,,,,1633280,
6.800199,BUFFER,1595,,,,1633280,held=1
6.800211,DELIVER,1595,,,,1634304,
6.800847,BUFFER,1596,,,,1634304,held=1
6.800865,DELIVER,1596,,,,1635328,
6.801241,BUFFER,1597,,,,1635328,held=1
6.801252,DELIVER,1597,,,,1636352,
6.801587,BUFFER,1598,,,,1636352,held=1
6.801603,DELIVER,1598,,,,1637376,
6.801859,BUFFER,1599,,,,1637376,held=1
6.801868,DELIVER,1599,,,,1638400,
6.802103,BUFFER,1600,,,,1638400,held=1
6.802112,DELIVER,1600,,,,1639424,
6.802489,BUFFER,1601,,,,1639424,held=1
6.802499,DELIVER,1601,,,,1640448,
6.802791,BUFFER,1602,,,,1640448,held=1
6.802802,DELIVER,1602,,,,1641472,
6.803097,BUFFER,1603,,,,1641472,held=1
6.803105,DELIVER,1603,,,,1642496,
6.803406,BUFFER,1604,,,,1642496,held=1
6.803415,DELIVER,1604,,,,1643520,
6.803721,BUFFER,1605,,,,1643520,held=1
6.803730,DELIVER,1605,,,,1644544,
6.810022,BUFFER,1607,,,,1644544,held=1
6.810052,NAK,1606,,,,1644544,
6.810309,BUFFER,1608,,,,1644544,held=2
6.815309,BUFFER,1609,,,,1644544,held=3
6.815697,BUFFER,1610,,,,1644544,held=4
6.815968,BUFFER,1611,,,,1644544,held=5
6.821129,BUFFER,1612,,,,1644544,held=6
6.827658,BUFFER,1613,,,,1644544,held=7
6.837290,BUFFER,1614,,,,1644544,held=8
6.844182,BUFFER,1615,,,,1644544,held=9
6.846875,BUFFER,1616,,,,1644544,held=10
6.848118,DUP,1600,,,,1644544,
6.853656,BUFFER,1617,,,,1644544,held=11
6.854126,BUFFER,1618,,,,1644544,held=12
6.854697,BUFFER,1619,,,,1644544,held=13
6.855250,BUFFER,1620,,,,1644544,held=14
6.856039,BUFFER,1621,,,,1644544,held=15
6.856476,BUFFER,1622,,,,1644544,held=16
6.856808,BUFFER,1623,,,,1644544,held=17
6.857222,BUFFER,1625,,,,1644544,held=18
6.857244,NAK,1624,,,,1644544,
6.860056,BUFFER,1626,,,,1644544,held=19
6.860074,NAK,1606,,,,1644544,
6.872440,BUFFER,1627,,,,1644544,held=20
6.872936,BUFFER,1628,,,,1644544,held=21
6.873262,BUFFER,1629,,,,1644544,held=22
6.878292,BUFFER,1630,,,,1644544,held=23
6.878628,BUFFER,1631,,,,1644544,held=24
6.889182,BUFFER,1632,,,,1644544,held=25
6.902344,BUFFER,1633,,,,1644544,held=26
6.902623,BUFFER,1634,,,,1644544,held=27
6.903101,BUFFER,1635,,,,1644544,held=28
6.903604,BUFFER,1636,,,,1644544,held=29
6.904462,BUFFER,1637,,,,1644544,held=30
6.904997,BUFFER,1638,,,,1644544,held=31
6.905303,BUFFER,1624,,,,1644544,held=32
6.905592,BUFFER,1639,,,,1644544,held=33
6.906384,BUFFER,1640,,,,1644544,held=34
6.906693,BUFFER,1641,,,,1644544,held=35
6.906994,BUFFER,1642,,,,1644544,held=36
6.907270,BUFFER,1606,,,,1644544,held=37
6.907278,DELIVER,1606,,,,1645568,
6.907285,DELIVER,1607,,,,1646592,
6.907291,DELIVER,1608,,,,1647616,
6.907297,DELIVER,1609,,,,1648640,
6.907303,DELIVER,1610,,,,1649664,
6.907309,DELIVER,1611,,,,1650688,
6.907315,DELIVER,1612,,,,1651712,
6.907322,DELIVER,1613,,,,1652736,
6.907328,DELIVER,1614,,,,1653760,
6.907334,DELIVER,1615,,,,1654784,
6.907340,DELIVER,1616,,,,1655808,
6.907346,DELIVER,1617,,,,1656832,
6.907351,DELIVER,1618,,,,1657856,
6.907357,DELIVER,1619,,,,1658880,
6.907363,DELIVER,1620,,,,1659904,
6.907369,DELIVER,1621,,,,1660928,
6.907374,DELIVER,1622,,,,1661952,
6.907380,DELIVER,1623,,,,1662976,
6.907386,DELIVER,1624,,,,1664000,
6.907391,DELIVER,1625,,,,1665024,
6.907397,DELIVER,1626,,,,1666048,
6.907404,DELIVER,1627,,,,1667072,
6.907410,DELIVER,1628,,,,1668096,
6.907416,DELIVER,1629,,,,1669120,
6.907421,DELIVER,1630,,,,1670144,
6.907428,DELIVER,1631,,,,1671168,
6.907434,DELIVER,1632,,,,1672192,
6.907440,DELIVER,1633,,,,1673216,
6.907446,DELIVER,1634,,,,1674240,
6.907451,DELIVER,1635,,,,1675264,
6.907457,DELIVER,1636,,,,1676288,
6.907463,DELIVER,1637,,,,1677312,
6.907469,DELIVER,1638,,,,1678336,
6.907474,DELIVER,1639,,,,1679360,
6.907480,DELIVER,1640,,,,1680384,
6.907486,DELIVER,1641,,,,1681408,
6.907491,DELIVER,1642,,,,1682432,
6.907742,BUFFER,1643,,,,1682432,held=1
6.907749,DELIVER,1643,,,,1683456,
6.910894,BUFFER,1644,,,,1683456,held=1
6.910904,DELIVER,1644,,,,1684480,
6.926456,BUFFER,1645,,,,1684480,held=1
6.926467,DELIVER,1645,,,,1685504,
6.926753,BUFFER,1646,,,,1685504,held=1
6.926761,DELIVER,1646,,,,1686528,
6.927062,BUFFER,1647,,,,1686528,held=1
6.927072,DELIVER,1647,,,,1687552,
6.927370,BUFFER,1648,,,,1687552,held=1
6.927381,DELIVER,1648,,,,1688576,
6.934683,BUFFER,1649,,,,1688576,held=1
6.934694,DELIVER,1649,,,,1689600,
6.943555,DUP,1600,,,,1689600,
6.946588,BUFFER,1650,,,,1689600,held=1
6.946595,DELIVER,1650,,,,1690624,
6.947743,BUFFER,1651,,,,1690624,held=1
6.947753,DELIVER,1651,,,,1691648,
6.947982,BUFFER,1652,,,,1691648,held=1
6.947989,DELIVER,1652,,,,1692672,
6.948251,BUFFER,1653,,,,1692672,held=1
6.948257,DELIVER,1653,,,,1693696,
6.954786,BUFFER,1654,,,,1693696,held=1
6.954795,DELIVER,1654,,,,1694720,
6.956571,BUFFER,1655,,,,1694720,held=1
6.956581,DELIVER,1655,,,,1695744,
6.956794,BUFFER,1656,,,,1695744,held=1
6.956800,DELIVER,1656,,,,1696768,
6.957033,BUFFER,1657,,,,1696768,held=1
6.957041,DELIVER,1657,,,,1697792,
6.957291,BUFFER,1658,,,,1697792,held=1
6.957301,DELIVER,1658,,,,1698816,
6.957704,BUFFER,1659,,,,1698816,held=1
6.957712,DELIVER,1659,,,,1699840,
6.958007,BUFFER,1660,,,,1699840,held=1
6.958015,DELIVER,1660,,,,1700864,
6.958269,BUFFER,1661,,,,1700864,held=1
6.958276,DELIVER,1661,,,,1701888,
6.958525,BUFFER,1662,,,,1701888,held=1
6.958532,DELIVER,1662,,,,1702912,
6.962147,BUFFER,1663,,,,1702912,held=1
6.962158,DELIVER,1663,,,,1703936,
6.962442,BUFFER,1664,,,,1703936,held=1
6.962523,DELIVER,1664,,,,1704960,
6.977083,BUFFER,1665,,,,1704960,held=1
6.977103,DELIVER,1665,,,,1705984,
6.977370,BUFFER,1666,,,,1705984,held=1
6.977379,DELIVER,1666,,,,1707008,
6.978295,BUFFER,1668,,,,1707008,held=1
6.978341,NAK,1667,,,,1707008,
6.986540,BUFFER,1669,,,,1707008,held=2
6.991413,BUFFER,1670,,,,1707008,held=3
7.002074,BUFFER,1671,,,,1707008,held=4
7.002440,BUFFER,1672,,,,1707008,held=5
7.006842,BUFFER,1673,,,,1707008,held=6
7.007246,BUFFER,1674,,,,1707008,held=7
7.013168,BUFFER,1675,,,,1707008,held=8
7.013491,BUFFER,1676,,,,1707008,held=9
7.013836,BUFFER,1677,,,,1707008,held=10
7.014220,BUFFER,1678,,,,1707008,held=11
7.014707,BUFFER,1679,,,,1707008,held=12
7.015145,BUFFER,1680,,,,1707008,held=13
7.015536,BUFFER,1681,,,,1707008,held=14
7.015851,DUP,1644,,,,1707008,
7.019880,BUFFER,1682,,,,1707008,held=15
7.021702,BUFFER,1683,,,,1707008,held=16
7.027323,BUFFER,1667,,,,1707008,held=17
7.027350,DELIVER,1667,,,,1708032,
7.027358,DELIVER,1668,,,,1709056,
7.027365,DELIVER,1669,,,,1710080,
7.027372,DELIVER,1670,,,,1711104,
7.027378,DELIVER,1671,,,,1712128,
7.027384,DELIVER,1672,,,,1713152,
7.027390,DELIVER,1673,,,,1714176,
7.027396,DELIVER,1674,,,,1715200,
7.027402,DELIVER,1675,,,,1716224,
7.027408,DELIVER,1676,,,,1717248,
7.027420,DELIVER,1677,,,,1718272,
7.027426,DELIVER,1678,,,,1719296,
7.027433,DELIVER,1679,,,,1720320,
7.027439,DELIVER,1680,,,,1721344,
7.027444,DELIVER,1681,,,,1722368,
7.027450,DELIVER,1682,,,,1723392,
7.027456,DELIVER,1683,,,,1724416,
7.028059,BUFFER,1684,,,,1724416,held=1
7.028081,DELIVER,1684,,,,1725440,
7.040356,BUFFER,1685,,,,1725440,held=1
7.040386,DELIVER,1685,,,,1726464,
7.043736,BUFFER,1686,,,,1726464,held=1
7.043747,DELIVER,1686,,,,1727488,
7.044041,BUFFER,1687,,,,1727488,held=1
7.044050,DELIVER,1687,,,,1728512,
7.044320,BUFFER,1688,,,,1728512,held=1
7.044327,DELIVER,1688,,,,1729536,
7.045463,BUFFER,1689,,,,1729536,held=1
7.045474,DELIVER,1689,,,,1730560,
7.056801,BUFFER,1690,,,,1730560,held=1
7.056827,DELIVER,1690,,,,1731584,
7.060875,BUFFER,1691,,,,1731584,held=1
7.060905,DELIVER,1691,,,,1732608,
7.061206,BUFFER,1692,,,,1732608,held=1
7.061216,DELIVER,1692,,,,1733632,
7.061552,BUFFER,1693,,,,1733632,held=1
7.061566,DELIVER,1693,,,,1734656,
7.066308,BUFFER,1694,,,,1734656,held=1
7.066337,DELIVER,1694,,,,1735680,
7.066698,BUFFER,1695,,,,1735680,held=1
7.066710,DELIVER,1695,,,,1736704,
7.071121,BUFFER,1696,,,,1736704,held=1
7.071144,DELIVER,1696,,,,1737728,
7.071387,BUFFER,1697,,,,1737728,held=1
7.071395,DELIVER,1697,,,,1738752,
7.071611,BUFFER,1698,,,,1738752,held=1
7.071624,DELIVER,1698,,,,1739776,
7.071843,BUFFER,1699,,,,1739776,held=1
7.071849,DELIVER,1699,,,,1740800,
7.072057,BUFFER,1700,,,,1740800,held=1
7.072064,DELIVER,1700,,,,1741824,
7.072282,BUFFER,1701,,,,1741824,held=1
7.072289,DELIVER,1701,,,,1742848,
7.072479,BUFFER,1702,,,,1742848,held=1
7.072486,DELIVER,1702,,,,1743872,
7.084264,DUP,1668,,,,1743872,
7.089393,BUFFER,1704,,,,1743872,held=1
7.089418,NAK,1703,,,,1743872,
7.094552,BUFFER,1705,,,,1743872,held=2
7.095051,BUFFER,1706,,,,1743872,held=3
7.095372,DUP,1637,,,,1743872,
7.095656,BUFFER,1708,,,,1743872,held=4
7.095678,NAK,1707,,,,1743872,
7.101227,BUFFER,1709,,,,1743872,held=5
7.113709,BUFFER,1710,,,,1743872,held=6
7.113884,BUFFER,1711,,,,1743872,held=7
7.114078,BUFFER,1712,,,,1743872,held=8
7.114257,BUFFER,1713,,,,1743872,held=9
7.115127,BUFFER,1714,,,,1743872,held=10
7.115326,BUFFER,1715,,,,1743872,held=11
7.116033,BUFFER,1716,,,,1743872,held=12
7.119679,BUFFER,1717,,,,1743872,held=13
7.119837,BUFFER,1718,,,,1743872,held=14
7.119981,BUFFER,1719,,,,1743872,held=15
7.120124,BUFFER,1720,,,,1743872,held=16
7.129636,BUFFER,1721,,,,1743872,held=17
7.129778,BUFFER,1722,,,,1743872,held=18
7.134190,BUFFER,1723,,,,1743872,held=19
7.134324,BUFFER,1724,,,,1743872,held=20
7.134458,BUFFER,1725,,,,1743872,held=21
7.134593,BUFFER,1726,,,,1743872,held=22
7.136711,BUFFER,1707,,,,1743872,held=23
7.152900,DUP,1702,,,,1743872,
7.152918,NAK,1703,,,,1743872,
7.156951,BUFFER,1727,,,,1743872,held=24
7.161330,BUFFER,1728,,,,1743872,held=25
7.161440,BUFFER,1729,,,,1743872,held=26
7.161539,BUFFER,1730,,,,1743872,held=27
7.163599,BUFFER,1731,,,,1743872,held=28
7.163710,BUFFER,1732,,,,1743872,held=29
7.166126,BUFFER,1733,,,,1743872,held=30
7.166233,BUFFER,1734,,,,1743872,held=31
7.166338,BUFFER,1735,,,,1743872,held=32
7.166436,BUFFER,1737,,,,1743872,held=33
7.166444,NAK,1736,,,,1743872,
7.178820,BUFFER,1738,,,,1743872,held=34
7.178930,BUFFER,1739,,,,1743872,held=35
7.179040,BUFFER,1740,,,,1743872,held=36
7.179149,BUFFER,1741,,,,1743872,held=37
7.179261,BUFFER,1742,,,,1743872,held=38
7.179369,BUFFER,1743,,,,1743872,held=39
7.179464,BUFFER,1744,,,,1743872,held=40
7.189237,BUFFER,1703,,,,1743872,held=41
7.189244,DELIVER,1703,,,,1744896,
7.189247,DELIVER,1704,,,,1745920,
7.189250,DELIVER,1705,,,,1746944,
7.189253,DELIVER,1706,,,,1747968,
7.189255,DELIVER,1707,,,,1748992,
7.189258,DELIVER,1708,,,,1750016,
7.189260,DELIVER,1709,,,,1751040,
7.189263,DELIVER,1710,,,,1752064,
7.189265,DELIVER,1711,,,,1753088,
7.189268,DELIVER,1712,,,,1754112,
7.189271,DELIVER,1713,,,,1755136,
7.189273,DELIVER,1714,,,,1756160,
7.189276,DELIVER,1715,,,,1757184,
7.189279,DELIVER,1716,,,,1758208,
7.189281,DELIVER,1717,,,,1759232,
7.189284,DELIVER,1718,,,,1760256,
7.189286,DELIVER,1719,,,,1761280,
7.189289,DELIVER,1720,,,,1762304,
7.189291,DELIVER,1721,,,,1763328,
7.189293,DELIVER,1722,,,,1764352,
7.189296,DELIVER,1723,,,,1765376,
7.189298,DELIVER,1724,,,,1766400,
7.189301,DELIVER,1725,,,,1767424,
7.189304,DELIVER,1726,,,,1768448,
7.189307,DELIVER,1727,,,,1769472,
7.189309,DELIVER,1728,,,,1770496,
7.189311,DELIVER,1729,,,,1771520,
7.189314,DELIVER,1730,,,,1772544,
7.189316,DELIVER,1731,,,,1773568,
7.189318,DELIVER,1732,,,,1774592,
7.189321,DELIVER,1733,,,,1775616,
7.189323,DELIVER,1734,,,,1776640,
7.189326,DELIVER,1735,,,,1777664,
7.195521,BUFFER,1745,,,,1777664,held=9
7.195641,BUFFER,1746,,,,1777664,held=10
7.206595,DUP,1703,,,,1777664,
7.206714,BUFFER,1736,,,,1777664,held=11
7.206718,DELIVER,1736,,,,1778688,
7.206721,DELIVER,1737,,,,1779712,
7.206723,DELIVER,1738,,,,1780736,
7.206726,DELIVER,1739,,,,1781760,
7.206728,DELIVER,1740,,,,1782784,
7.206731,DELIVER,1741,,,,1783808,
7.206733,DELIVER,1742,,,,1784832,
7.206736,DELIVER,1743,,,,1785856,
7.206738,DELIVER,1744,,,,1786880,
7.206740,DELIVER,1745,,,,1787904,
7.206743,DELIVER,1746,,,,1788928,
7.212327,BUFFER,1747,,,,1788928,held=1
7.212331,DELIVER,1747,,,,1789952,
7.212488,BUFFER,1748,,,,1789952,held=1
7.212492,DELIVER,1748,,,,1790976,
7.212606,BUFFER,1749,,,,1790976,held=1
7.212609,DELIVER,1749,,,,1792000,
7.217186,BUFFER,1750,,,,1792000,held=1
7.217190,DELIVER,1750,,,,1793024,
7.217316,BUFFER,1751,,,,1793024,held=1
7.217320,DELIVER,1751,,,,1794048,
7.217442,BUFFER,1752,,,,1794048,held=1
7.217445,DELIVER,1752,,,,1795072,
7.217564,BUFFER,1753,,,,1795072,held=1
7.217568,DELIVER,1753,,,,1796096,
7.217686,BUFFER,1754,,,,1796096,held=1
7.217689,DELIVER,1754,,,,1797120,
7.228874,BUFFER,1755,,,,1797120,held=1
7.228880,DELIVER,1755,,,,1798144,
7.229023,BUFFER,1756,,,,1798144,held=1
7.229029,DELIVER,1756,,,,1799168,
7.229152,BUFFER,1757,,,,1799168,held=1
7.229155,DELIVER,1757,,,,1800192,
7.229275,BUFFER,1758,,,,1800192,held=1
7.229279,DELIVER,1758,,,,1801216,
7.229398,BUFFER,1759,,,,1801216,held=1
7.229401,DELIVER,1759,,,,1802240,
7.229521,BUFFER,1760,,,,1802240,held=1
7.229525,DELIVER,1760,,,,1803264,
7.229646,BUFFER,1761,,,,1803264,held=1
7.229649,DELIVER,1761,,,,1804288,
7.229769,BUFFER,1762,,,,1804288,held=1
7.229772,DELIVER,1762,,,,1805312,
7.233502,BUFFER,1763,,,,1805312,held=1
7.233508,DELIVER,1763,,,,1806336,
7.243485,BUFFER,1764,,,,1806336,held=1
7.243491,DELIVER,1764,,,,1807360,
7.243642,BUFFER,1765,,,,1807360,held=1
7.243646,DELIVER,1765,,,,1808384,
7.252575,DUP,1735,,,,1808384,
7.256741,BUFFER,1766,,,,1808384,held=1
7.256747,DELIVER,1766,,,,1809408,
7.266168,BUFFER,1767,,,,1809408,held=1
7.266174,DELIVER,1767,,,,1810432,
7.266326,BUFFER,1768,,,,1810432,held=1
7.266331,DELIVER,1768,,,,1811456,
7.271440,BUFFER,1769,,,,1811456,held=1
7.271447,DELIVER,1769,,,,1812480,
7.271628,BUFFER,1770,,,,1812480,held=1
7.271633,DELIVER,1770,,,,1813504,
7.271821,BUFFER,1771,,,,1813504,held=1
7.271827,DELIVER,1771,,,,1814528,
7.272007,BUFFER,1772,,,,1814528,held=1
7.272012,DELIVER,1772,,,,1815552,
7.274671,BUFFER,1773,,,,1815552,held=1
7.274677,DELIVER,1773,,,,1816576,
7.278205,BUFFER,1774,,,,1816576,held=1
7.278211,DELIVER,1774,,,,1817600,
7.281532,BUFFER,1775,,,,1817600,held=1
7.281537,DELIVER,1775,,,,1818624,
7.281710,BUFFER,1776,,,,1818624,held=1
7.281715,DELIVER,1776,,,,1819648,
7.281878,BUFFER,1777,,,,1819648,held=1
7.281882,DELIVER,1777,,,,1820672,
7.282043,BUFFER,1778,,,,1820672,held=1
7.282047,DELIVER,1778,,,,1821696,
7.282206,BUFFER,1779,,,,1821696,held=1
7.282210,DELIVER,1779,,,,1822720,
7.282370,BUFFER,1780,,,,1822720,held=1
7.282374,DELIVER,1780,,,,1823744,
7.290943,BUFFER,1782,,,,1823744,held=1
7.290957,NAK,1781,,,,1823744,
7.292498,BUFFER,1783,,,,1823744,held=2
7.305487,BUFFER,1784,,,,1823744,held=3
7.305703,BUFFER,1785,,,,1823744,held=4
7.313193,DUP,1747,,,,1823744,
7.313417,BUFFER,1786,,,,1823744,held=5
7.316367,BUFFER,1787,,,,1823744,held=6
7.321136,BUFFER,1788,,,,1823744,held=7
7.321345,BUFFER,1789,,,,1823744,held=8
7.322745,BUFFER,1790,,,,1823744,held=9
7.322958,BUFFER,1791,,,,1823744,held=10
7.323170,BUFFER,1792,,,,1823744,held=11
7.323378,BUFFER,1793,,,,1823744,held=12
7.323588,BUFFER,1794,,,,1823744,held=13
7.327091,BUFFER,1795,,,,1823744,held=14
7.327295,BUFFER,1796,,,,1823744,held=15
7.327513,BUFFER,1781,,,,1823744,held=16
7.327520,DELIVER,1781,,,,1824768,
7.327525,DELIVER,1782,,,,1825792,
7.327530,DELIVER,1783,,,,1826816,
7.327534,DELIVER,1784,,,,1827840,
7.327539,DELIVER,1785,,,,1828864,
7.327543,DELIVER,1786,,,,1829888,
7.327548,DELIVER,1787,,,,1830912,
7.327553,DELIVER,1788,,,,1831936,
7.327558,DELIVER,1789,,,,1832960,
7.327563,DELIVER,1790,,,,1833984,
7.327567,DELIVER,1791,,,,1835008,
7.327625,DELIVER,1792,,,,1836032,
7.327631,DELIVER,1793,,,,1837056,
7.327635,DELIVER,1794,,,,1838080,
7.327640,DELIVER,1795,,,,1839104,
7.327645,DELIVER,1796,,,,1840128,
7.332611,BUFFER,1797,,,,1840128,held=1
7.332618,DELIVER,1797,,,,1841152,
7.359331,BUFFER,1801,,,,1841152,held=1
7.359375,NAK,1798,,,,1841152,
7.359393,NAK,1799,,,,1841152,
7.359410,NAK,1800,,,,1841152,
7.359942,BUFFER,1802,,,,1841152,held=2
7.365386,BUFFER,1803,,,,1841152,held=3
7.371638,DUP,1774,,,,1841152,
7.372801,BUFFER,1804,,,,1841152,held=4
7.373096,BUFFER,1805,,,,1841152,held=5
7.373484,BUFFER,1806,,,,1841152,held=6
7.374251,BUFFER,1807,,,,1841152,held=7
7.374524,BUFFER,1808,,,,1841152,held=8
7.378536,BUFFER,1809,,,,1841152,held=9
7.380875,BUFFER,1810,,,,1841152,held=10
7.381259,BUFFER,1811,,,,1841152,held=11
7.381611,DUP,1776,,,,1841152,
7.402341,BUFFER,1798,,,,1841152,held=12
7.402373,DELIVER,1798,,,,1842176,
7.402763,BUFFER,1812,,,,1842176,held=12
7.403232,DUP,1779,,,,1842176,
7.403740,BUFFER,1799,,,,1842176,held=13
7.403873,DELIVER,1799,,,,1843200,
7.410432,BUFFER,1800,,,,1843200,held=13
7.410451,DELIVER,1800,,,,1844224,
7.410457,DELIVER,1801,,,,1845248,
7.410463,DELIVER,1802,,,,1846272,
7.410469,DELIVER,1803,,,,1847296,
7.410474,DELIVER,1804,,,,1848320,
7.410479,DELIVER,1805,,,,1849344,
7.410483,DELIVER,1806,,,,1850368,
7.410488,DELIVER,1807,,,,1851392,
7.410493,DELIVER,1808,,,,1852416,
7.410497,DELIVER,1809,,,,1853440,
7.410502,DELIVER,1810,,,,1854464,
7.410507,DELIVER,1811,,,,1855488,
7.410512,DELIVER,1812,,,,1856512,
7.410876,BUFFER,1813,,,,1856512,held=1
7.410891,DELIVER,1813,,,,1857536,
7.411156,BUFFER,1814,,,,1857536,held=1
7.411183,DELIVER,1814,,,,1858560,
7.420393,DUP,1776,,,,1858560,
7.421144,BUFFER,1815,,,,1858560,held=1
7.421193,DELIVER,1815,,,,1859584,
7.421591,BUFFER,1816,,,,1859584,held=1
7.421604,DELIVER,1816,,,,1860608,
7.421956,BUFFER,1817,,,,1860608,held=1
7.422022,DELIVER,1817,,,,1861632,
7.422413,BUFFER,1818,,,,1861632,held=1
7.422431,DELIVER,1818,,,,1862656,
7.422785,BUFFER,1819,,,,1862656,held=1
7.422794,DELIVER,1819,,,,1863680,
7.423009,BUFFER,1820,,,,1863680,held=1
7.423016,DELIVER,1820,,,,1864704,
7.423223,DUP,1789,,,,1864704,
7.423483,BUFFER,1821,,,,1864704,held=1
7.423495,DELIVER,1821,,,,1865728,
7.428037,DUP,1795,,,,1865728,
7.428274,BUFFER,1822,,,,1865728,held=1
7.428291,DELIVER,1822,,,,1866752,
7.428525,BUFFER,1823,,,,1866752,held=1
7.428534,DELIVER,1823,,,,1867776,
7.431314,BUFFER,1824,,,,1867776,held=1
7.431331,DELIVER,1824,,,,1868800,
7.439305,BUFFER,1825,,,,1868800,held=1
7.439334,DELIVER,1825,,,,1869824,
7.453952,BUFFER,1826,,,,1869824,held=1
7.454015,DELIVER,1826,,,,1870848,
7.454367,BUFFER,1827,,,,1870848,held=1
7.454378,DELIVER,1827,,,,1871872,
7.454649,BUFFER,1828,,,,1871872,held=1
7.454664,DELIVER,1828,,,,1872896,
7.455813,DUP,1789,,,,1872896,
7.456179,BUFFER,1829,,,,1872896,held=1
7.456191,DELIVER,1829,,,,1873920,
7.456452,BUFFER,1830,,,,1873920,held=1
7.456459,DELIVER,1830,,,,1874944,
7.456712,BUFFER,1831,,,,1874944,held=1
7.456719,DELIVER,1831,,,,1875968,
7.474275,BUFFER,1832,,,,1875968,held=1
7.474300,DELIVER,1832,,,,1876992,
7.474609,BUFFER,1833,,,,1876992,held=1
7.474625,DELIVER,1833,,,,1878016,
7.474912,BUFFER,1834,,,,1878016,held=1
7.474926,DELIVER,1834,,,,1879040,
7.475198,BUFFER,1835,,,,1879040,held=1
7.475208,DELIVER,1835,,,,1880064,
7.475515,BUFFER,1836,,,,1880064,held=1
7.475530,DELIVER,1836,,,,1881088,
7.475854,BUFFER,1837,,,,1881088,held=1
7.475868,DELIVER,1837,,,,1882112,
7.476287,BUFFER,1838,,,,1882112,held=1
7.476307,DELIVER,1838,,,,1883136,
7.476761,BUFFER,1839,,,,1883136,held=1
7.476783,DELIVER,1839,,,,1884160,
7.479721,BUFFER,1840,,,,1884160,held=1
7.479747,DELIVER,1840,,,,1885184,
7.480089,DUP,1799,,,,1885184,
7.480565,BUFFER,1842,,,,1885184,held=1
7.480628,NAK,1841,,,,1885184,
7.481316,BUFFER,1843,,,,1885184,held=2
7.481552,BUFFER,1844,,,,1885184,held=3
7.493820,BUFFER,1846,,,,1885184,held=4
7.493882,NAK,1845,,,,1885184,
7.499634,BUFFER,1847,,,,1885184,held=5
7.500240,BUFFER,1848,,,,1885184,held=6
7.500498,BUFFER,1849,,,,1885184,held=7
7.500855,BUFFER,1850,,,,1885184,held=8
7.509443,BUFFER,1851,,,,1885184,held=9
7.513171,BUFFER,1852,,,,1885184,held=10
7.513581,BUFFER,1853,,,,1885184,held=11
7.525113,BUFFER,1854,,,,1885184,held=12
7.525459,BUFFER,1855,,,,1885184,held=13
7.525767,BUFFER,1856,,,,1885184,held=14
7.529995,BUFFER,1857,,,,1885184,held=15
7.530592,BUFFER,1858,,,,1885184,held=16
7.530901,BUFFER,1859,,,,1885184,held=17
7.530927,NAK,1841,,,,1885184,
7.531210,BUFFER,1841,,,,1885184,held=18
7.531224,DELIVER,1841,,,,1886208,
7.531232,DELIVER,1842,,,,1887232,
7.531239,DELIVER,1843,,,,1888256,
7.531244,DELIVER,1844,,,,1889280,
7.531552,BUFFER,1860,,,,1889280,held=15
7.531850,DUP,1841,,,,1889280,
7.535680,BUFFER,1861,,,,1889280,held=16
7.537485,BUFFER,1862,,,,1889280,held=17
7.537812,BUFFER,1845,,,,1889280,held=18
7.537825,DELIVER,1845,,,,1890304,
7.537832,DELIVER,1846,,,,1891328,
7.537839,DELIVER,1847,,,,1892352,
7.537846,DELIVER,1848,,,,1893376,
7.537852,DELIVER,1849,,,,1894400,
7.537858,DELIVER,1850,,,,1895424,
7.537864,DELIVER,1851,,,,1896448,
7.537869,DELIVER,1852,,,,1897472,
7.537875,DELIVER,1853,,,,1898496,
7.537881,DELIVER,1854,,,,1899520,
7.537886,DELIVER,1855,,,,1900544,
7.537892,DELIVER,1856,,,,1901568,
7.537898,DELIVER,1857,,,,1902592,
7.537904,DELIVER,1858,,,,1903616,
7.537909,DELIVER,1859,,,,1904640,
7.537915,DELIVER,1860,,,,1905664,
7.537920,DELIVER,1861,,,,1906688,
7.537926,DELIVER,1862,,,,1907712,
7.539774,BUFFER,1863,,,,1907712,held=1
7.539788,DELIVER,1863,,,,1908736,
7.548256,BUFFER,1864,,,,1908736,held=1
7.548280,DELIVER,1864,,,,1909760,
7.553558,BUFFER,1865,,,,1909760,held=1
7.553625,DELIVER,1865,,,,1910784,
7.553957,BUFFER,1866,,,,1910784,held=1
7.553971,DELIVER,1866,,,,1911808,
7.554799,BUFFER,1867,,,,1911808,held=1
7.554819,DELIVER,1867,,,,1912832,
7.555269,BUFFER,1868,,,,1912832,held=1
7.555310,DELIVER,1868,,,,1913856,
7.562866,BUFFER,1869,,,,1913856,held=1
7.562890,DELIVER,1869,,,,1914880,
7.563139,BUFFER,1870,,,,1914880,held=1
7.563147,DELIVER,1870,,,,1915904,
7.564115,BUFFER,1871,,,,1915904,held=1
7.564132,DELIVER,1871,,,,1916928,
7.568545,BUFFER,1872,,,,1916928,held=1
7.568631,DELIVER,1872,,,,1917952,
7.570817,BUFFER,1873,,,,1917952,held=1
7.570844,DELIVER,1873,,,,1918976,
7.580836,DUP,1841,,,,1918976,
7.581271,BUFFER,1874,,,,1918976,held=1
7.581339,DELIVER,1874,,,,1920000,
7.582995,BUFFER,1876,,,,1920000,held=1
7.583028,NAK,1875,,,,1920000,
7.583353,BUFFER,1877,,,,1920000,held=2
7.583608,BUFFER,1878,,,,1920000,held=3
7.583968,DUP,1845,,,,1920000,
7.584197,BUFFER,1880,,,,1920000,held=4
7.584215,NAK,1879,,,,1920000,
7.584572,BUFFER,1881,,,,1920000,held=5
7.584874,BUFFER,1882,,,,1920000,held=6
7.586198,BUFFER,1883,,,,1920000,held=7
7.598612,DUP,1846,,,,1920000,
7.605790,DUP,1846,,,,1920000,
7.606014,BUFFER,1884,,,,1920000,held=8
7.606189,BUFFER,1885,,,,1920000,held=9
7.606356,BUFFER,1886,,,,1920000,held=10
7.606525,BUFFER,1887,,,,1920000,held=11
7.606691,BUFFER,1888,,,,1920000,held=12
7.606856,BUFFER,1889,,,,1920000,held=13
7.610068,BUFFER,1890,,,,1920000,held=14
7.615960,BUFFER,1891,,,,1920000,held=15
7.616152,BUFFER,1892,,,,1920000,held=16
7.632878,BUFFER,1875,,,,1920000,held=17
7.632888,DELIVER,1875,,,,1921024,
7.632892,DELIVER,1876,,,,1922048,
7.632897,DELIVER,1877,,,,1923072,
7.632900,DELIVER,1878,,,,1924096,
7.634280,BUFFER,1893,,,,1924096,held=14
7.634296,NAK,1879,,,,1924096,
7.634497,BUFFER,1895,,,,1924096,held=15
7.634511,NAK,1894,,,,1924096,
7.634708,BUFFER,1879,,,,1924096,held=16
7.634714,DELIVER,1879,,,,1925120,
7.634719,DELIVER,1880,,,,1926144,
7.634723,DELIVER,1881,,,,1927168,
7.634728,DELIVER,1882,,,,1928192,
7.634732,DELIVER,1883,,,,1929216,
7.634738,DELIVER,1884,,,,1930240,
7.634742,DELIVER,1885,,,,1931264,
7.634747,DELIVER,1886,,,,1932288,
7.634751,DELIVER,1887,,,,1933312,
7.634756,DELIVER,1888,,,,1934336,
7.634760,DELIVER,1889,,,,1935360,
7.634765,DELIVER,1890,,,,1936384,
7.634769,DELIVER,1891,,,,1937408,
7.634774,DELIVER,1892,,,,1938432,
7.634779,DELIVER,1893,,,,1939456,
7.634974,BUFFER,1896,,,,1939456,held=2
7.635170,BUFFER,1897,,,,1939456,held=3
7.635368,BUFFER,1899,,,,1939456,held=4
7.635380,NAK,1898,,,,1939456,
7.635573,BUFFER,1900,,,,1939456,held=5
7.638120,BUFFER,1901,,,,1939456,held=6
7.638337,BUFFER,1902,,,,1939456,held=7
7.646664,BUFFER,1903,,,,1939456,held=8
7.646882,BUFFER,1904,,,,1939456,held=9
7.656686,DUP,1875,,,,1939456,
7.656924,BUFFER,1905,,,,1939456,held=10
7.657141,BUFFER,1906,,,,1939456,held=11
7.667794,BUFFER,1908,,,,1939456,held=12
7.667812,NAK,1907,,,,1939456,
7.675156,BUFFER,1909,,,,1939456,held=13
7.685614,DUP,1879,,,,1939456,
7.685660,NAK,1894,,,,1939456,
7.685683,NAK,1898,,,,1939456,
7.686064,BUFFER,1894,,,,1939456,held=14
7.686079,DELIVER,1894,,,,1940480,
7.686087,DELIVER,1895,,,,1941504,
7.686094,DELIVER,1896,,,,1942528,
7.686100,DELIVER,1897,,,,1943552,
7.686536,DUP,1892,,,,1943552,
7.686841,BUFFER,1910,,,,1943552,held=11
7.687126,BUFFER,1911,,,,1943552,held=12
7.687382,BUFFER,1912,,,,1943552,held=13
7.687636,BUFFER,1913,,,,1943552,held=14
7.687887,BUFFER,1914,,,,1943552,held=15
7.688141,BUFFER,1915,,,,1943552,held=16
7.688388,BUFFER,1916,,,,1943552,held=17
7.688584,BUFFER,1917,,,,1943552,held=18
7.688783,BUFFER,1918,,,,1943552,held=19
7.688984,BUFFER,1919,,,,1943552,held=20
7.691129,BUFFER,1920,,,,1943552,held=21
7.703474,BUFFER,1921,,,,1943552,held=22
7.711733,BUFFER,1922,,,,1943552,held=23
7.712003,BUFFER,1923,,,,1943552,held=24
7.712464,BUFFER,1907,,,,1943552,held=25
7.719521,BUFFER,1924,,,,1943552,held=26
7.734003,DUP,1894,,,,1943552,
7.734431,BUFFER,1898,,,,1943552,held=27
7.734448,DELIVER,1898,,,,1944576,
7.734459,DELIVER,1899,,,,1945600,
7.734487,DELIVER,1900,,,,1946624,
7.734495,DELIVER,1901,,,,1947648,
7.734501,DELIVER,1902,,,,1948672,
7.734506,DELIVER,1903,,,,1949696,
7.734511,DELIVER,1904,,,,1950720,
7.734516,DELIVER,1905,,,,1951744,
7.734524,DELIVER,1906,,,,1952768,
7.734529,DELIVER,1907,,,,1953792,
7.734534,DELIVER,1908,,,,1954816,
7.734542,DELIVER,1909,,,,1955840,
7.734549,DELIVER,1910,,,,1956864,
7.734556,DELIVER,1911,,,,1957888,
7.734561,DELIVER,1912,,,,1958912,
7.734566,DELIVER,1913,,,,1959936,
7.734573,DELIVER,1914,,,,1960960,
7.734578,DELIVER,1915,,,,1961984,
7.734583,DELIVER,1916,,,,1963008,
7.734588,DELIVER,1917,,,,1964032,
7.734593,DELIVER,1918,,,,1965056,
7.734598,DELIVER,1919,,,,1966080,
7.734746,DELIVER,1920,,,,1967104,
7.734760,DELIVER,1921,,,,1968128,
7.734765,DELIVER,1922,,,,1969152,
7.734769,DELIVER,1923,,,,1970176,
7.734774,DELIVER,1924,,,,1971200,
7.736245,DUP,1898,,,,1971200,
7.737883,BUFFER,1925,,,,1971200,held=1
7.737895,DELIVER,1925,,,,1972224,
7.738190,BUFFER,1926,,,,1972224,held=1
7.738201,DELIVER,1926,,,,1973248,
7.738492,BUFFER,1927,,,,1973248,held=1
7.738500,DELIVER,1927,,,,1974272,
7.738783,BUFFER,1928,,,,1974272,held=1
7.738792,DELIVER,1928,,,,1975296,
7.739097,BUFFER,1929,,,,1975296,held=1
7.739105,DELIVER,1929,,,,1976320,
7.739382,BUFFER,1930,,,,1976320,held=1
7.739463,DELIVER,1930,,,,1977344,
7.742793,BUFFER,1931,,,,1977344,held=1
7.742799,DELIVER,1931,,,,1978368,
7.742996,BUFFER,1932,,,,1978368,held=1
7.743002,DELIVER,1932,,,,1979392,
7.743201,BUFFER,1933,,,,1979392,held=1
7.743206,DELIVER,1933,,,,1980416,
7.743415,BUFFER,1934,,,,1980416,held=1
7.743422,DELIVER,1934,,,,1981440,
7.743670,BUFFER,1935,,,,1981440,held=1
7.743677,DELIVER,1935,,,,1982464,
7.743925,BUFFER,1936,,,,1982464,held=1
7.743932,DELIVER,1936,,,,1983488,
7.744182,BUFFER,1937,,,,1983488,held=1
7.744188,DELIVER,1937,,,,1984512,
7.744437,BUFFER,1938,,,,1984512,held=1
7.744443,DELIVER,1938,,,,1985536,
7.744692,BUFFER,1939,,,,1985536,held=1
7.744698,DELIVER,1939,,,,1986560,
7.755397,BUFFER,1940,,,,1986560,held=1
7.755590,DELIVER,1940,,,,1987584,
7.758267,BUFFER,1941,,,,1987584,held=1
7.758292,DELIVER,1941,,,,1988608,
7.767504,BUFFER,1942,,,,1988608,held=1
7.767532,DELIVER,1942,,,,1989632,
7.774869,BUFFER,1943,,,,1989632,held=1
7.774893,DELIVER,1943,,,,1990656,
7.777661,BUFFER,1944,,,,1990656,held=1
7.777697,DELIVER,1944,,,,1991680,
7.789388,DUP,1907,,,,1991680,
7.789674,BUFFER,1945,,,,1991680,held=1
7.789690,DELIVER,1945,,,,1992704,
7.791428,BUFFER,1946,,,,1992704,held=1
7.791448,DELIVER,1946,,,,1993728,
7.791808,BUFFER,1947,,,,1993728,held=1
7.791827,DELIVER,1947,,,,1994752,
7.792771,BUFFER,1949,,,,1994752,held=1
7.792804,NAK,1948,,,,1994752,
7.793076,BUFFER,1950,,,,1994752,held=2
7.793340,BUFFER,1951,,,,1994752,held=3
7.796516,BUFFER,1952,,,,1994752,held=4
7.796788,BUFFER,1953,,,,1994752,held=5
7.798435,BUFFER,1955,,,,1994752,held=6
7.798469,NAK,1954,,,,1994752,
7.798705,BUFFER,1956,,,,1994752,held=7
7.798971,BUFFER,1957,,,,1994752,held=8
7.799243,BUFFER,1958,,,,1994752,held=9
7.802174,BUFFER,1959,,,,1994752,held=10
7.826779,BUFFER,1960,,,,1994752,held=11
7.827078,BUFFER,1961,,,,1994752,held=12
7.827328,BUFFER,1962,,,,1994752,held=13
7.843837,DUP,1932,,,,1994752,
7.843868,NAK,1948,,,,1994752,
7.844114,BUFFER,1948,,,,1994752,held=14
7.844129,DELIVER,1948,,,,1995776,
7.844135,DELIVER,1949,,,,1996800,
7.844141,DELIVER,1950,,,,1997824,
7.844149,DELIVER,1951,,,,1998848,
7.844154,DELIVER,1952,,,,1999872,
7.844159,DELIVER,1953,,,,2000896,
7.844397,BUFFER,1954,,,,2000896,held=9
7.844409,DELIVER,1954,,,,2001920,
7.844418,DELIVER,1955,,,,2002944,
7.844424,DELIVER,1956,,,,2003968,
7.844429,DELIVER,1957,,,,2004992,
7.844434,DELIVER,1958,,,,2006016,
7.844439,DELIVER,1959,,,,2007040,
7.844444,DELIVER,1960,,,,2008064,
7.844450,DELIVER,1961,,,,2009088,
7.844455,DELIVER,1962,,,,2010112,
7.844690,BUFFER,1963,,,,2010112,held=1
7.844699,DELIVER,1963,,,,2011136,
7.845160,BUFFER,1964,,,,2011136,held=1
7.845169,DELIVER,1964,,,,2012160,
7.845398,BUFFER,1965,,,,2012160,held=1
7.845407,DELIVER,1965,,,,2013184,
7.845633,BUFFER,1966,,,,2013184,held=1
7.845642,DELIVER,1966,,,,2014208,
7.845866,BUFFER,1967,,,,2014208,held=1
7.845874,DELIVER,1967,,,,2015232,
7.846112,BUFFER,1968,,,,2015232,held=1
7.846160,DELIVER,1968,,,,2016256,
7.846400,BUFFER,1969,,,,2016256,held=1
7.846408,DELIVER,1969,,,,2017280,
7.846714,BUFFER,1970,,,,2017280,held=1
7.846724,DELIVER,1970,,,,2018304,
7.849274,BUFFER,1971,,,,2018304,held=1
7.849298,DELIVER,1971,,,,2019328,
7.849633,BUFFER,1972,,,,2019328,held=1
7.849645,DELIVER,1972,,,,2020352,
7.849981,BUFFER,1973,,,,2020352,held=1
7.849989,DELIVER,1973,,,,2021376,
7.850419,BUFFER,1974,,,,2021376,held=1
7.850430,DELIVER,1974,,,,2022400,
7.867395,BUFFER,1975,,,,2022400,held=1
7.867416,DELIVER,1975,,,,2023424,
7.867707,BUFFER,1976,,,,2023424,held=1
7.867731,DELIVER,1976,,,,2024448,
7.867995,BUFFER,1977,,,,2024448,held=1
7.868005,DELIVER,1977,,,,2025472,
7.886464,BUFFER,1978,,,,2025472,held=1
7.886489,DELIVER,1978,,,,2026496,
7.895042,DUP,1951,,,,2026496,
7.895289,BUFFER,1979,,,,2026496,held=1
7.895300,DELIVER,1979,,,,2027520,
7.895564,BUFFER,1980,,,,2027520,held=1
7.895575,DELIVER,1980,,,,2028544,
7.895796,BUFFER,1981,,,,2028544,held=1
7.895804,DELIVER,1981,,,,2029568,
7.896049,BUFFER,1982,,,,2029568,held=1
7.896062,DELIVER,1982,,,,2030592,
7.896283,BUFFER,1983,,,,2030592,held=1
7.896291,DELIVER,1983,,,,2031616,
7.896522,BUFFER,1984,,,,2031616,held=1
7.896534,DELIVER,1984,,,,2032640,
7.896758,BUFFER,1985,,,,2032640,held=1
7.896769,DELIVER,1985,,,,2033664,
7.896996,BUFFER,1986,,,,2033664,held=1
7.897004,DELIVER,1986,,,,2034688,
7.897226,BUFFER,1987,,,,2034688,held=1
7.897234,DELIVER,1987,,,,2035712,
7.897564,BUFFER,1988,,,,2035712,held=1
7.897576,DELIVER,1988,,,,2036736,
7.898625,BUFFER,1989,,,,2036736,held=1
7.898635,DELIVER,1989,,,,2037760,
7.914430,BUFFER,1990,,,,2037760,held=1
7.914458,DELIVER,1990,,,,2038784,
7.914732,BUFFER,1992,,,,2038784,held=1
7.914756,NAK,1991,,,,2038784,
7.926668,BUFFER,1993,,,,2038784,held=2
7.941959,BUFFER,1994,,,,2038784,held=3
7.942348,BUFFER,1995,,,,2038784,held=4
7.946365,BUFFER,1996,,,,2038784,held=5
7.946809,BUFFER,1997,,,,2038784,held=6
7.947187,BUFFER,1998,,,,2038784,held=7
7.947545,DUP,1973,,,,2038784,
7.947909,BUFFER,1999,,,,2038784,held=8
7.948797,BUFFER,2000,,,,2038784,held=9
7.953130,BUFFER,2001,,,,2038784,held=10
7.953695,BUFFER,2002,,,,2038784,held=11
7.954343,BUFFER,2003,,,,2038784,held=12
7.954835,BUFFER,2004,,,,2038784,held=13
7.959134,BUFFER,1991,,,,2038784,held=14
7.959172,DELIVER,1991,,,,2039808,
7.959182,DELIVER,1992,,,,2040832,
7.959191,DELIVER,1993,,,,2041856,
7.959200,DELIVER,1994,,,,2042880,
7.959211,DELIVER,1995,,,,2043904,
7.959218,DELIVER,1996,,,,2044928,
7.959229,DELIVER,1997,,,,2045952,
7.959237,DELIVER,1998,,,,2046976,
7.959244,DELIVER,1999,,,,2048000,
7.959252,DELIVER,2000,,,,2049024,
7.959259,DELIVER,2001,,,,2050048,
7.959270,DELIVER,2002,,,,2051072,
7.959277,DELIVER,2003,,,,2052096,
7.959284,DELIVER,2004,,,,2053120,
7.959691,BUFFER,2006,,,,2053120,held=1
7.959726,NAK,2005,,,,2053120,
7.963828,BUFFER,2007,,,,2053120,held=2
7.985058,BUFFER,2008,,,,2053120,held=3
7.985609,BUFFER,2009,,,,2053120,held=4
7.997431,BUFFER,2010,,,,2053120,held=5
7.998052,BUFFER,2011,,,,2053120,held=6
7.998577,BUFFER,2012,,,,2053120,held=7
8.000509,BUFFER,2013,,,,2053120,held=8
8.001129,BUFFER,2014,,,,2053120,held=9
8.001566,BUFFER,2015,,,,2053120,held=10
8.001939,BUFFER,2016,,,,2053120,held=11
8.002439,BUFFER,2017,,,,2053120,held=12
8.002919,BUFFER,2018,,,,2053120,held=13
8.003436,BUFFER,2019,,,,2053120,held=14
8.004051,BUFFER,2020,,,,2053120,held=15
8.004507,DUP,1958,,,,2053120,
8.007872,BUFFER,2005,,,,2053120,held=16
8.007881,DELIVER,2005,,,,2054144,
8.007888,DELIVER,2006,,,,2055168,
8.007894,DELIVER,2007,,,,2056192,
8.007900,DELIVER,2008,,,,2057216,
8.007906,DELIVER,2009,,,,2058240,
8.007911,DELIVER,2010,,,,2059264,
8.007917,DELIVER,2011,,,,2060288,
8.007922,DELIVER,2012,,,,2061312,
8.007928,DELIVER,2013,,,,2062336,
8.007934,DELIVER,2014,,,,2063360,
8.007940,DELIVER,2015,,,,2064384,
8.007946,DELIVER,2016,,,,2065408,
8.007953,DELIVER,2017,,,,2066432,
8.007959,DELIVER,2018,,,,2067456,
8.007964,DELIVER,2019,,,,2068480,
8.007970,DELIVER,2020,,,,2069504,
8.011778,BUFFER,2021,,,,2069504,held=1
8.011802,DELIVER,2021,,,,2070528,
8.012167,BUFFER,2022,,,,2070528,held=1
8.012187,DELIVER,2022,,,,2071552,
8.013429,BUFFER,2023,,,,2071552,held=1
8.013452,DELIVER,2023,,,,2072576,
8.013710,DUP,1990,,,,2072576,
8.027032,BUFFER,2024,,,,2072576,held=1
8.027052,DELIVER,2024,,,,2073600,
8.027368,BUFFER,2025,,,,2073600,held=1
8.027377,DELIVER,2025,,,,2074624,
8.046134,BUFFER,2027,,,,2074624,held=1
8.046169,NAK,2026,,,,2074624,
8.046498,BUFFER,2028,,,,2074624,held=2
8.049982,BUFFER,2029,,,,2074624,held=3
8.053579,BUFFER,2030,,,,2074624,held=4
8.054149,BUFFER,2032,,,,2074624,held=5
8.054189,NAK,2031,,,,2074624,
8.054592,BUFFER,2033,,,,2074624,held=6
8.054875,BUFFER,2034,,,,2074624,held=7
8.055276,BUFFER,2035,,,,2074624,held=8
8.055851,BUFFER,2036,,,,2074624,held=9
8.056473,BUFFER,2037,,,,2074624,held=10
8.056756,BUFFER,2038,,,,2074624,held=11
8.058327,BUFFER,2039,,,,2074624,held=12
8.058661,BUFFER,2040,,,,2074624,held=13
8.062135,BUFFER,2041,,,,2074624,held=14
8.062611,BUFFER,2042,,,,2074624,held=15
8.072013,BUFFER,2043,,,,2074624,held=16
8.072275,BUFFER,2044,,,,2074624,held=17
8.087641,DUP,1951,,,,2074624,
8.102683,BUFFER,2026,,,,2074624,held=18
8.102714,DELIVER,2026,,,,2075648,
8.102724,DELIVER,2027,,,,2076672,
8.102733,DELIVER,2028,,,,2077696,
8.102742,DELIVER,2029,,,,2078720,
8.102749,DELIVER,2030,,,,2079744,
8.103276,BUFFER,2046,,,,2079744,held=14
8.103319,NAK,2045,,,,2079744,
8.103625,BUFFER,2047,,,,2079744,held=15
8.104112,DUP,2020,,,,2079744,
8.104142,NAK,2031,,,,2079744,
8.104520,BUFFER,2031,,,,2079744,held=16
8.104535,DELIVER,2031,,,,2080768,
8.104543,DELIVER,2032,,,,2081792,
8.104549,DELIVER,2033,,,,2082816,
8.104555,DELIVER,2034,,,,2083840,
8.104561,DELIVER,2035,,,,2084864,
8.104570,DELIVER,2036,,,,2085888,
8.104577,DELIVER,2037,,,,2086912,
8.104583,DELIVER,2038,,,,2087936,
8.104588,DELIVER,2039,,,,2088960,
8.104594,DELIVER,2040,,,,2089984,
8.104600,DELIVER,2041,,,,2091008,
8.104605,DELIVER,2042,,,,2092032,
8.104622,DELIVER,2043,,,,2093056,
8.104628,DELIVER,2044,,,,2094080,
8.150872,BUFFER,2045,,,,2094080,held=3
8.150924,DELIVER,2045,,,,2095104,
8.150949,DELIVER,2046,,,,2096128,
8.150957,DELIVER,2047,,,,2097152,
8.197600,DUP,2026,,,,2097152,
8.241168,FIN,2048,,,,2097152,"all data delivered, acking FIN"
